<?xml version="1.0" encoding="UTF-8"?>
<COLLADA xmlns="http://www.collada.org/2005/11/COLLADASchema" version="1.4.1">
    <asset>
        <contributor>
            <author>VCGLab</author>
            <authoring_tool>VCGLib | MeshLab</authoring_tool>
        </contributor>
        <created>Wed Jun 24 09:23:17 2026 GMT</created>
        <modified>Wed Jun 24 09:23:17 2026 GMT</modified>
        <up_axis>Y_UP</up_axis>
    </asset>
    <library_geometries>
        <geometry id="shape0-lib" name="shape0">
            <mesh>
                <source id="shape0-lib-positions" name="position">
                    <float_array id="shape0-lib-positions-array" count="3201">0.00675141 0.0174772 -0.213144 0.0114751 0.0163104 -0.216134 0.00476038 0.0184143 -0.212554 -0.00290897 0.019372 -0.214281 0.00185499 0.019149 -0.217697 -0.00124194 0.019297 -0.222447 0.00661395 0.017954 -0.220836 0.011074 0.015185 -0.223261 0.00351796 0.01779 -0.225773 0.00916097 0.0149659 -0.22653 0.00953764 0.0174808 -0.215655 0.0139829 0.0151386 -0.218284 0.0177761 0.00802346 -0.220084 0.0188373 0.00322668 -0.221047 0.0187969 -0.00150183 -0.220714 -0.00803912 -0.0175681 -0.203841 -0.0173019 -0.00801804 -0.19802 -0.0134216 -0.015184 -0.200569 -0.0140767 -0.0155893 -0.201179 -0.0170584 -0.0111966 -0.198941 -0.0182703 -0.00766375 -0.198266 -0.02215 -0.00397693 -0.203166 -0.019735 -0.0112009 -0.203204 -0.0179609 -0.0156114 -0.206849 -0.0200642 -0.012186 -0.204454 -0.018752 -0.012697 -0.205259 -0.021465 -0.00884293 -0.204156 -0.0226493 -0.00850937 -0.208576 -0.020646 -0.00852095 -0.204631 -0.020651 -0.00852248 -0.204629 -0.020646 -0.00851994 -0.204631 -0.0238368 -0.00876239 -0.208791 -0.0230122 -0.00791358 -0.208976 -0.0226048 -0.010022 -0.210278 -0.0238884 -0.00412257 -0.206346 -0.0239115 -0.00391947 -0.20882 -0.0230019 -0.00390491 -0.206734 -0.023103 -0.000201662 -0.204302 -0.0222878 -0.000166562 -0.204785 -0.02215 0.00357402 -0.203167 -0.0214587 0.00849481 -0.204171 -0.019734 0.010799 -0.203203 -0.0238892 0.00371602 -0.206345 -0.0182723 0.00727188 -0.198274 -0.0190159 0.00339171 -0.198066 -0.0183182 0.00128918 -0.1974 -0.0189078 -0.00396736 -0.197932 -0.00801458 0.0169059 -0.203861 -0.0166975 0.00970906 -0.198425 -0.0170951 0.0107958 -0.198994 -0.0134235 0.0147827 -0.200574 -0.0140766 0.015189 -0.201183 -0.017064 0.015186 -0.205567 -0.00964337 0.0175185 -0.203875 -0.0129439 0.017955 -0.208536 -0.00805094 0.019149 -0.211465 -0.016051 0.017791 -0.213467 -0.010989 0.019298 -0.216315 -0.0181164 0.0150747 -0.20705 -0.0202506 0.0102882 -0.205787 -0.020132 0.00947602 -0.204795 -0.0210933 0.0108924 -0.205425 -0.02122 0.0099798 -0.20565 -0.0226035 0.00962463 -0.210281 -0.022677 0.00952299 -0.216766 -0.0227603 0.0101593 -0.212623 -0.0230276 0.00967337 -0.213092 -0.0229825 0.00799186 -0.209193 -0.023635 0.00796242 -0.211253 -0.024831 0.00414099 -0.208759 -0.0244402 0.0084316 -0.211233 -0.025694 0.00272502 -0.21151 -0.025612 0.00387801 -0.214476 -0.025972 -0.000151535 -0.21219 -0.025694 -0.00312893 -0.211509 -0.0233607 -0.000182063 -0.206867 -0.0242807 -0.000202286 -0.206426 -0.0248299 -0.00454591 -0.208759 -0.0244392 -0.00883627 -0.211231 -0.022673 -0.00992892 -0.216765 -0.0235938 -0.00840585 -0.211283 -0.023968 -0.00491493 -0.216944 -0.0233382 -0.00846421 -0.216459 -0.0229702 -0.0101353 -0.212504 -0.0214544 -0.0104319 -0.219573 -0.023668 -0.00580196 -0.217393 -0.0243486 -0.00870426 -0.216779 -0.0246707 -0.00386587 -0.214233 -0.0259666 -0.000114379 -0.214598 -0.025271 -0.00392996 -0.216634 -0.022917 -0.00392996 -0.221788 -0.024613 -0.00598995 -0.217715 -0.0219527 -0.0113453 -0.220291 -0.019206 -0.0132089 -0.223065 -0.0184069 -0.016741 -0.218571 -0.0181414 -0.0158596 -0.221621 -0.013503 -0.0187489 -0.221429 -0.015851 -0.015107 -0.225438 -0.0146619 -0.0163653 -0.225335 -0.0171139 -0.0124329 -0.224517 -0.018696 -0.0100229 -0.223838 -0.0178784 -0.0125523 -0.225107 -0.0203009 -0.00884496 -0.223989 -0.019007 -0.0112029 -0.22454 -0.019552 -0.00862394 -0.223373 -0.019512 -0.00410803 -0.225958 -0.0165368 -0.00849492 -0.226535 -0.0171336 -0.00874143 -0.227334 -0.00963499 -0.010053 -0.230737 -0.0168718 -0.010404 -0.225577 -0.0166375 -0.00499552 -0.227166 -0.0142724 -0.0102051 -0.227884 -0.0145359 -0.00864538 -0.228104 -0.0151731 -0.00881838 -0.228855 -0.013372 -0.00309996 -0.230936 -0.0178297 -0.00401169 -0.227581 -0.0195437 -0.000203416 -0.226187 -0.0204628 -0.000156666 -0.22379 -0.0211837 -0.000202929 -0.224402 -0.0188697 -0.00389133 -0.225216 -0.0229179 0.00352402 -0.221789 -0.020302 0.00843801 -0.22399 -0.019007 0.010797 -0.224544 -0.0219538 0.0109392 -0.220293 -0.024613 0.00558401 -0.217716 -0.0214629 0.01001 -0.219568 -0.0182105 0.0154067 -0.221622 -0.019206 0.012805 -0.223068 -0.013501 0.018345 -0.221432 -0.015851 0.014702 -0.225441 -0.018406 0.016338 -0.218573 -0.0220771 0.0135006 -0.214359 -0.020336 0.015183 -0.215247 -0.0204663 0.0150397 -0.213308 -0.0190408 0.0153932 -0.219869 -0.023326 0.0101837 -0.217914 -0.024046 0.0101763 -0.212491 -0.0224331 0.00968837 -0.217461 -0.0191818 0.0149659 -0.20871 -0.0235208 0.0101478 -0.210019 -0.0171139 0.012026 -0.224518 -0.014725 0.015896 -0.225352 -0.01466 0.015958 -0.225341 -0.0133174 0.0159055 -0.226777 -0.00872197 0.018983 -0.223525 -0.00476398 0.018343 -0.226927 -0.00909621 0.0185174 -0.225188 -0.00972224 0.0159689 -0.228834 -0.0167782 0.0102211 -0.225604 -0.0136594 0.0107194 -0.229314 -0.0110933 0.0100574 -0.231055 -0.00902798 0.014138 -0.230467 -0.0075393 0.0106121 -0.232625 -0.00411596 0.00843801 -0.234163 -0.00803465 0.008089 -0.231879 -0.0039487 0.00830151 -0.233237 -0.00710117 0.0102395 -0.23168 -0.00943705 0.00972965 -0.230823 -0.0102718 0.00815524 -0.230997 -0.013372 0.00269301 -0.230936 -0.00841716 0.00360895 -0.233495 -0.0151526 0.00843515 -0.228906 -0.00641593 -0.000204495 -0.234435 -0.0178291 0.00360654 -0.227581 -0.0107156 0.00841146 -0.231657 -0.0145882 0.00823333 -0.228084 -0.0188923 -6.82324e-05 -0.225579 -0.0195099 0.00370802 -0.225961 -0.0171346 0.00833464 -0.227336 -0.0165045 0.00805139 -0.226604 -0.01954 0.00830075 -0.223437 -0.0178795 0.0121462 -0.225109 -0.0144947 0.0097887 -0.227728 -0.017591 0.0101645 -0.226368 -0.00582875 0.00347477 -0.23341 -0.00622746 0.00370972 -0.234306 -0.00100597 0.00352402 -0.235564 -0.00100597 -0.00392996 -0.235563 0.00678016 -0.000114563 -0.2352 0.00338999 0.005583 -0.235328 -0.00517996 0.010797 -0.233235 0.00647724 -0.000203036 -0.23421 0.00850906 -0.000203782 -0.233357 0.00673697 0.00387903 -0.234828 0.00638596 0.00373502 -0.233873 0.00382499 0.00447501 -0.234416 0.00411567 0.00829917 -0.234686 0.00342498 0.00952204 -0.233169 0.00396585 0.00805822 -0.233638 0.00915128 0.00843117 -0.232371 0.00945595 0.00272502 -0.233614 0.011548 0.00413401 -0.231657 0.00945595 -0.00312893 -0.233613 0.012215 0.00272502 -0.231231 0.0125966 0.00349933 -0.229115 0.0140488 -0.0002347 -0.227622 0.015436 -0.00397591 -0.22681 0.0148421 -0.000212598 -0.228156 0.0110861 -0.00875092 -0.23088 0.0103922 -0.00832978 -0.230174 0.00870896 -0.00847774 -0.231662 0.013476 -0.00852094 -0.226072 0.013477 -0.00851993 -0.226072 0.01426 -0.00884293 -0.226603 0.0121884 -0.0135386 -0.224755 0.0135562 -0.0114087 -0.225713 0.011077 -0.0155889 -0.223254 0.0181718 -0.00767236 -0.221184 0.0138822 -0.015566 -0.218443 0.0138804 -0.0150618 -0.21767 0.00967973 -0.0178408 -0.215488 0.00349777 -0.0184166 -0.211094 0.0176973 -0.00879936 -0.220032 0.0171097 -0.0111856 -0.22024 0.015436 0.00357403 -0.226811 0.018637 0.00357498 -0.221794 0.0186757 -0.00384561 -0.221754 0.0189991 -0.0020089 -0.221423 0.018172 0.00726871 -0.221185 0.0171239 0.0107894 -0.220197 0.014035 0.0109067 -0.225039 0.0128324 0.0125248 -0.225147 0.012084 0.012298 -0.224635 0.0102022 0.0150723 -0.224843 0.0134742 0.0101437 -0.22681 0.00990443 0.0102125 -0.231031 0.0121439 0.00966401 -0.226906 0.0124089 0.0100396 -0.226259 0.00907097 0.00947102 -0.230501 0.00922266 0.00966652 -0.230289 0.00556259 0.0150407 -0.229684 0.00531863 0.0134982 -0.231591 0.00375799 0.015183 -0.230407 -6.19999e-05 0.016336 -0.230107 -0.000965976 0.015392 -0.231235 0.00265366 0.0101827 -0.234253 0.0026715 0.0096921 -0.233252 0.00785365 0.0101769 -0.232554 0.0068439 0.00966715 -0.231919 0.00717278 0.0101347 -0.231477 0.000358122 0.0100155 -0.233289 -0.00292618 0.0154521 -0.231191 0.00327096 0.00539602 -0.234338 -0.00376495 0.012803 -0.232774 -8.40048e-05 0.0109435 -0.234044 -0.00616814 0.0121499 -0.232465 -0.00786644 0.0159378 -0.229679 0.00858416 0.00809097 -0.231603 0.00961999 0.006355 -0.231428 0.0103681 0.0080144 -0.230142 0.0111034 0.00830611 -0.23078 0.014259 0.00844003 -0.226605 0.0134794 0.00830251 -0.226057 0.0133332 0.00371488 -0.229746 0.0110997 0.00350105 -0.23085 0.00185595 -0.0195519 -0.217687 0.00661597 -0.0183579 -0.220828 0.0102043 -0.0154763 -0.22484 -0.00123998 -0.0197019 -0.222438 0.00351999 -0.018195 -0.225765 0.00916192 -0.0153696 -0.226527 -6.1e-05 -0.0167429 -0.230102 -0.00476297 -0.0187499 -0.22692 0.00455097 -0.013437 -0.232128 -0.000953995 -0.0158009 -0.231229 0.00375996 -0.0155879 -0.230403 0.00787501 -0.0106464 -0.232554 0.00737911 -0.0101384 -0.231586 0.0027886 -0.0100619 -0.233264 0.000348838 -0.0104384 -0.233283 0.00355943 -0.00533259 -0.234399 0.00404261 -0.0080514 -0.23374 0.00265219 -0.0105921 -0.23425 0.00388869 -0.00519822 -0.235484 -7.88688e-05 -0.0113448 -0.234045 -0.00292297 -0.0158577 -0.231189 -0.00376495 -0.0132109 -0.232771 -0.00518199 -0.0112029 -0.233232 -0.00411495 -0.00884495 -0.234161 -0.00388398 -0.00862394 -0.23322 -0.00622879 -0.00411863 -0.234305 -0.00597896 -0.00417195 -0.233316 -0.00409976 -0.000204265 -0.235137 -0.00779995 -0.00350891 -0.232678 -0.00386082 -0.000248336 -0.234222 -0.00607047 -0.000201763 -0.233489 -0.00793495 -0.00309996 -0.23374 -0.00867798 -0.00455193 -0.233298 -0.00827899 -0.00445591 -0.232385 -0.0107684 -0.00884215 -0.231658 -0.0102732 -0.00864183 -0.230793 -0.00803186 -0.00849674 -0.231878 -0.00849466 -0.00874142 -0.232762 -0.00483579 -0.0102384 -0.232574 -0.00703904 -0.0104047 -0.231781 -0.0128611 -0.0105485 -0.230122 -0.00902798 -0.0145479 -0.230462 -0.00742173 -0.0105715 -0.232754 -0.0098601 -0.0166715 -0.228628 -0.007768 -0.0163649 -0.229664 -0.00733998 -0.0150999 -0.230788 -0.00775399 -0.016315 -0.229714 -0.00871994 -0.0193879 -0.223521 -0.0109919 -0.0197009 -0.216312 -0.00576048 -0.020013 -0.218814 -0.00290998 -0.019775 -0.214275 -0.00805398 -0.0195519 -0.211463 -0.012946 -0.018357 -0.208535 -0.00467801 -0.0188149 -0.206613 -0.000187271 -0.0191309 -0.209764 0.00477651 -0.0188153 -0.212579 -0.0095422 -0.0178829 -0.203655 -0.016053 -0.0181939 -0.213465 -0.019136 -0.015404 -0.208726 -0.0203078 -0.00994202 -0.205158 -0.0215615 -0.0106262 -0.205415 -0.0204639 -0.0154448 -0.213305 -0.0210875 -0.0149435 -0.215047 -0.0240548 -0.0106463 -0.212468 -0.019033 -0.0157999 -0.219866 -0.0233237 -0.0105922 -0.217912 -0.022429 -0.0100956 -0.217465 -0.0235194 -0.0105526 -0.210018 -0.0100599 -0.0189224 -0.224579 -0.00616919 -0.0125601 -0.232462 -0.0135815 -0.0161142 -0.226809 -0.0175914 -0.0105715 -0.226364 0.00673697 -0.00428395 -0.234827 0.00897319 -0.000202404 -0.234175 0.00411663 -0.00870435 -0.234684 0.00915174 -0.00883633 -0.23237 0.0118053 -0.00406274 -0.231564 0.0126331 -0.000220102 -0.229496 0.0134046 -0.000202354 -0.230107 0.00984282 -0.010551 -0.231024 0.00556631 -0.015444 -0.229681 0.00921674 -0.0100263 -0.230301 0.0134108 -0.0106637 -0.226941 0.0127706 -0.0100476 -0.226028 -0.00849575 0.00833438 -0.232763 -0.00576296 0.019609 -0.218818 -0.023668 0.00539703 -0.217394 -0.023968 0.00451101 -0.216945 -0.023401 0.00773397 -0.216414 -0.0249441 -0.00020351 -0.214443 -0.0246713 0.00345532 -0.214231 -0.0243494 0.00829887 -0.216782 -0.023407 0.00813199 -0.215772 -0.0249421 -0.00019619 -0.212231 -0.0257162 -0.00386351 -0.214243 -0.023846 0.00830727 -0.20878 -0.020648 0.00811703 -0.204633 -0.0189018 0.0131373 -0.205227 -2.95999e-05 0.0187293 -0.209864 -0.00470749 0.0184148 -0.206623 -0.00169274 0.0181775 -0.207931 -0.00933869 0.0171783 -0.203306 -0.000894713 -0.00300906 0.0284752 -0.0100629 -0.00300899 0.018938 -0.00536151 -0.00586054 0.023525 -0.0107001 -0.00661019 0.0163438 -0.00504895 -0.00679597 0.022446 0.000226819 -0.00605312 0.0286922 0.00398886 -0.00586601 0.0308008 0.00852465 -0.00583882 0.0306982 0.00423242 -0.00695234 0.0295565 0.011436 -0.00700272 0.0276355 0.00813123 -0.00687502 0.0296718 0.00169698 -0.00700677 0.0280317 0.0136001 -0.00697116 0.0242449 0.0130156 -0.0061396 0.0135731 0.0110431 -0.00700546 0.00985062 0.00963343 -0.00700899 -0.00434442 -0.013315 -0.00700686 0.0106206 -0.0160808 -0.00801934 -0.00586125 -0.01137 -0.00803794 -0.012724 -0.00724896 -0.00803794 -0.019008 0.0106083 -0.00700899 -0.0181438 0.0107002 -0.0066774 -0.00433323 0.0117842 -0.0066791 -0.0187157 0.0128063 -0.0056437 -0.0198666 0.012165 -0.00565637 -0.014157 0.0125069 -0.00300031 -0.00733862 0.011546 -0.005784 -0.00564788 0.0124671 0.00304669 -0.00720255 0.01089 -0.00300898 -0.00216895 0.00751296 -0.00300898 0.00465798 0.01089 0.00304399 -0.00216895 0.012615 -0.00300898 0.002958 -0.00416996 -0.00300899 0.014359 0.00193999 -0.00300898 0.00978696 0.00193999 0.00304399 0.00978696 0.00751296 0.00304399 0.00465798 0.0127222 0.00304397 0.00545541 0.0142526 0.00304652 0.0164858 -0.00416996 0.00304398 0.014359 -0.00110684 0.00304401 0.0282938 0.015029 0.00304398 0.019889 -0.0100772 0.0030403 0.0189479 -0.00563725 0.00538538 0.023398 -0.010293 0.00531796 0.018051 -0.014351 0.00535295 0.011949 -0.00899037 0.00873406 0.0180824 -0.0128874 0.00882249 0.0117629 -0.015416 0.00896556 0.00502832 -0.013129 0.00949121 0.00789484 -0.00816754 0.0094731 0.0170525 -0.00999999 0.00948975 0.0110241 -0.0128775 0.00948436 -0.000142028 -0.0116443 0.0091223 0.00424069 -0.0132965 0.00948019 -0.00663917 -0.0156104 0.00948508 -0.00868115 -0.0166551 0.00901353 -0.00225385 -0.0129247 0.00913311 -0.00528906 -0.0125622 0.00913521 -0.000311183 -0.0122533 0.00725376 0.001565 -0.0104553 0.00731677 0.00775745 -0.0108625 0.00699148 0.00590368 -0.00847729 0.00699426 0.0116326 -0.00609099 0.00737035 0.0155973 -0.0039155 0.0093823 0.0184505 -0.0049238 0.00897203 0.0227513 -0.00294208 0.00947499 0.0225521 -0.00209837 0.00930374 0.0209037 -0.0021203 0.00712952 0.0212776 -0.00274116 0.00715895 0.0196846 -0.00179147 0.00699096 0.0202745 -0.00304861 0.00706548 0.0228672 -0.00482449 0.00654042 0.0234211 -0.00294998 0.00615594 0.025602 0.000489682 0.00676582 0.0278897 0.00399098 0.00612399 0.030579 0.00393857 0.00698778 0.0294029 0.011817 0.00674394 0.02783 0.00843499 0.00610498 0.030514 0.00832137 0.00698419 0.0294073 0.0137688 0.00695066 0.0214068 0.0115456 0.00698799 0.01337 0.011738 0.0062493 0.00613588 0.010746 0.00667099 -0.00138497 0.00988941 0.00699009 0.00269605 0.010896 0.00666998 -0.00869095 0.0115587 0.0056948 0.000456483 0.0117027 0.00568231 -0.00829305 0.0117701 0.00666208 -0.0186991 0.0121764 0.00561664 -0.014448 0.0129176 0.00556367 -0.0207646 0.0138412 0.00556497 -0.0270695 0.0140409 -9.03398e-06 -0.0203547 0.0135669 0.00664799 -0.030441 0.0149046 0.00671512 -0.0380701 0.0160345 -9.7888e-06 -0.0337599 0.0155238 0.00563366 -0.0370125 0.0191657 -9.12888e-06 -0.0515205 0.0178713 -0.00598592 -0.0498191 0.0146467 -0.00669692 -0.0368329 0.0138771 -0.00565117 -0.0273379 0.01591 -0.00691577 -0.0455842 0.0124795 -0.00700887 -0.0306774 -0.0117964 -0.00700899 -0.00401671 0.00897552 -0.0108942 -0.0501161 0.014538 -0.0109119 -0.058638 0.0133525 -0.00803797 -0.0504317 0.0172905 -0.00705661 -0.0515454 0.0185813 -0.00780435 -0.0578534 0.0148346 -0.014785 -0.0627924 0.0117001 -0.0159629 -0.0587263 0.00706651 -0.0159497 -0.0514548 0.000861227 -0.0151558 -0.0417757 -4.20947e-05 -0.0109209 -0.0364176 -0.00729898 -0.0109469 -0.0254025 -0.00566906 -0.013567 -0.0310249 -0.00829598 -0.012804 -0.02662 -0.0106015 -0.010847 -0.0202234 -0.0128841 -0.0113684 -0.0201648 -0.0130486 -0.0106281 -0.0168476 -0.0101292 -0.0128104 -0.0264296 -0.00349244 -0.0149466 -0.0368492 -0.00683508 -0.0139967 -0.0336384 -0.00568854 -0.0116767 -0.0473685 -0.000965874 -0.0156564 -0.0426498 -0.00181488 -0.0141928 -0.0507192 0.00326063 -0.0163668 -0.0477226 0.00303968 -0.0159484 -0.0559404 0.00652265 -0.0166599 -0.0527869 0.00720296 -0.0167019 -0.056165 0.0120681 -0.0160255 -0.0603325 0.01385 -0.0161099 -0.067952 0.016121 -0.0160357 -0.0778834 0.0109516 -0.0168675 -0.0697301 0.00634964 -0.0161616 -0.0663029 0.00961252 -0.0160633 -0.0778966 0.00208512 -0.0120498 -0.0700778 0.0069082 -0.0117898 -0.0858577 0.0100078 -0.011285 -0.0980755 0.00752884 -0.00591015 -0.097452 0.00573435 -9.00912e-06 -0.0938105 0.00753317 0.00589045 -0.0974091 0.00445569 0.00609529 -0.0859877 0.00687674 0.0117798 -0.0857455 0.0100037 0.011278 -0.0980516 0.0171683 0.0158206 -0.098823 0.0139906 0.0153174 -0.0963254 0.0123384 0.010604 -0.110128 0.019999 0.0151635 -0.099461 0.0195485 0.0143702 -0.117667 0.016489 0.01409 -0.112802 0.0175743 0.013124 -0.123905 0.013403 0.010095 -0.118286 0.0108 0.00543946 -0.114913 0.0141085 0.00942514 -0.128146 0.011524 0.00518399 -0.123472 0.00993924 9.27304e-05 -0.115542 0.011663 0.005005 -0.129446 0.0105239 -8.97993e-06 -0.123088 0.011503 -0.00520498 -0.123501 0.0107804 -0.00546308 -0.114919 0.0123435 -0.0106068 -0.110169 0.0134059 -0.010098 -0.118329 0.00929997 0.00569599 -0.105657 0.00928799 -0.00571597 -0.105689 0.0140098 -0.0153203 -0.0964029 0.0143603 -0.0165767 -0.0840255 0.0171775 -0.0158387 -0.0988313 0.017995 -0.015749 -0.08733 0.0229956 -0.0115164 -0.0905269 0.0246549 -0.00605864 -0.0845963 0.0273682 0.00589606 -0.101548 0.0248729 -0.0110553 -0.103976 0.0273497 -0.00590748 -0.101548 0.0290233 -6.74777e-06 -0.105473 0.028957 0.00567901 -0.114757 0.025971 0.010596 -0.114071 0.0268269 0.0100917 -0.124343 0.0219219 0.0140001 -0.116221 0.022649 0.013144 -0.126553 0.0204599 0.0120874 -0.142361 0.0177712 0.0114491 -0.142361 0.017927 0.012408 -0.131654 0.0229927 0.0123315 -0.135804 0.01366 0.00865698 -0.142579 0.017152 0.011022 -0.150534 0.012881 0.00849802 -0.148591 0.00939467 0.00466488 -0.149951 0.011694 0.008528 -0.154624 0.00675098 0.00486201 -0.159017 0.0162289 0.010907 -0.156813 0.010083 0.00879097 -0.160635 0.00456498 0.00515497 -0.164758 0.014922 0.011072 -0.163053 0.00807098 0.00930203 -0.16651 0.00833396 0.011475 -0.173653 0.00567595 0.010048 -0.172234 0.00356398 0.00807101 -0.171131 0.0132399 0.011538 -0.16919 0.011207 0.012291 -0.175201 0.0193759 0.011661 -0.172383 0.0164438 0.0124491 -0.176553 0.020845 0.011631 -0.180344 0.018601 0.0129334 -0.188551 0.0115909 0.0138251 -0.184353 0.0153222 0.0136167 -0.186532 0.0236913 0.00994515 -0.192196 0.0259707 0.00833362 -0.18426 0.027983 0.003231 -0.191348 0.0263789 0.00522688 -0.196112 0.0258599 0.00564843 -0.195067 0.0260348 0.00534208 -0.196119 -0.00400895 0.00155998 -0.178251 -0.00187 0.00312198 -0.175257 -0.000934981 0.006091 -0.175734 0.00199798 0.00557203 -0.170337 0.0007295 -8.97236e-06 -0.169731 0.001063 0.00286401 -0.169872 -0.00275246 0.00513379 -0.17781 -0.0014029 0.00662967 -0.176848 -0.000127397 0.00871646 -0.177527 0.000681 0.008842 -0.17658 0.00292495 0.010989 -0.177791 0.00207421 0.0109512 -0.178647 0.0080905 0.0134482 -0.18208 0.00542322 0.0125929 -0.18004 0.00427713 0.0122615 -0.179949 0.00757543 0.013102 -0.182215 -0.00050695 0.00818552 -0.177612 0.016427 0.0131541 -0.187761 0.0205188 0.0120668 -0.190377 0.0260601 0.00666804 -0.194051 0.0255421 0.00625007 -0.194349 -0.000915761 0.00697483 -0.17752 -0.00139649 0.00624878 -0.177453 -0.00194556 0.00564892 -0.177626 0.025327 0.00728348 -0.193908 0.00329197 -9.33322e-06 -0.164174 0.00413343 -0.005234 -0.165946 -0.00111078 -0.0027737 -0.173859 0.00359098 -0.00808596 -0.171196 0.010081 -0.00882792 -0.16068 0.00675199 -0.00487595 -0.159066 0.00806895 -0.00934993 -0.166556 0.00832096 -0.01156 -0.173693 0.0149179 -0.0111059 -0.163097 0.013234 -0.0115839 -0.169234 0.00567499 -0.0101079 -0.172281 0.00506703 -0.0127194 -0.180368 0.00811784 -0.0135828 -0.182462 0.0126501 -0.012576 -0.175814 0.0118581 -0.0138196 -0.184376 0.0153509 -0.0136082 -0.186777 0.017727 -0.0123849 -0.178748 0.0208479 -0.0116229 -0.180394 0.018764 -0.0128619 -0.188746 0.0201663 -0.0118921 -0.190231 0.0111437 -0.013522 -0.184415 -0.00041991 -0.00820801 -0.177668 3.20522e-05 -0.00885062 -0.177586 -0.000831474 -0.00699224 -0.177574 -0.00220317 -0.0056579 -0.17747 -0.00132456 -0.00626827 -0.177497 0.02592 -0.00566674 -0.195104 0.0259078 -0.00535263 -0.196812 0.0259991 -0.0053953 -0.195972 0.0264329 -0.00524757 -0.196091 0.02658 -0.00353794 -0.198112 0.0232478 -0.00494594 -0.210042 0.0244478 -0.00503209 -0.205884 0.0230772 -0.00442706 -0.211195 0.0232977 0.00117438 -0.211733 0.024941 0.00379003 -0.204716 0.025352 -8.9666e-06 -0.204961 0.0269929 -8.96771e-06 -0.198324 0.027003 -8.96771e-06 -0.198277 0.026578 0.00350202 -0.198058 0.0284075 -8.96881e-06 -0.191584 0.0291481 -0.00280872 -0.185483 0.029607 -8.96992e-06 -0.184853 0.029615 -8.96992e-06 -0.184807 0.029051 -0.00540995 -0.17731 0.026197 -0.00833594 -0.183164 0.0261802 -0.00674019 -0.194014 0.0306679 -4.98946e-05 -0.177596 0.029186 0.002993 -0.184598 0.0289198 0.00543715 -0.178189 0.025011 0.00952602 -0.175256 0.0318846 1.22784e-05 -0.165634 0.0305749 -0.00490426 -0.162706 0.0270359 -0.00870966 -0.159738 0.0302497 0.00497668 -0.166338 0.0309197 0.00494429 -0.152607 0.0270435 0.00868801 -0.159679 0.0309322 -0.00504406 -0.145976 0.030601 -0.00524694 -0.13572 0.0275171 -0.00911905 -0.144125 0.0324558 -9.46016e-06 -0.147507 0.031248 -8.18112e-06 -0.12442 0.0307858 0.00516428 -0.139169 0.027349 0.00955498 -0.134527 0.0275286 0.00910721 -0.144065 0.0299543 -0.00547024 -0.12544 0.029975 0.00546319 -0.125421 0.02894 -0.00568593 -0.114796 0.025958 -0.0106069 -0.114112 0.0219245 -0.0140288 -0.116254 0.022651 -0.0131709 -0.1266 0.019565 -0.014381 -0.117761 0.0175824 -0.013121 -0.123969 0.017932 -0.012409 -0.1317 0.0229945 -0.0123537 -0.135883 0.0204617 -0.0120996 -0.14244 0.0177741 -0.0114568 -0.142388 0.012879 -0.00851696 -0.148633 0.017152 -0.0110379 -0.150578 0.013658 -0.00866997 -0.142621 0.00937917 -0.00467836 -0.150006 0.0108559 -0.00473392 -0.141385 0.014072 -0.00895393 -0.136565 0.0105991 -1.04513e-05 -0.131334 0.00972796 -8.97708e-06 -0.14085 0.0116304 -0.00495602 -0.132523 0.0141096 -0.00943014 -0.128175 0.01145 0.00484097 -0.135422 0.010873 0.00471497 -0.141352 0.014073 0.008946 -0.136523 0.00810778 -1.24668e-05 -0.149795 0.011691 -0.00855594 -0.154668 0.016227 -0.0109309 -0.156857 0.019733 -0.0115079 -0.151744 0.022444 -0.0112119 -0.152973 0.0228499 -0.011557 -0.146367 0.0211757 -0.0111106 -0.163723 0.0193709 -0.0116649 -0.172429 0.016498 -0.0140889 -0.112849 0.0200074 -0.0151898 -0.0995087 0.027335 -0.00956595 -0.134566 0.0268144 -0.0101013 -0.124401 0.022851 0.011536 -0.146321 0.0224459 0.011193 -0.152928 0.019731 0.011491 -0.151698 0.0211854 0.0110971 -0.163644 0.0218533 0.0113895 -0.190795 0.0219127 -0.0114607 -0.190927 0.0250396 -0.00953748 -0.175383 0.0243634 -0.00942928 -0.192642 0.0245052 -0.00857976 -0.193261 0.0255419 -0.00636437 -0.194285 0.0247655 0.0051326 -0.20383 0.022994 0.00386372 -0.211367 0.0231853 0.00524806 -0.208589 -0.0106449 0.00503202 -0.188915 -0.0103149 0.00521763 -0.18793 -0.00878751 0.00399111 -0.185522 -0.0117763 0.000567453 -0.188531 -0.0115333 0.00445874 -0.189473 -0.0118898 0.00350747 -0.189873 -0.0121373 0.00233168 -0.189934 -0.012462 0.000483184 -0.189387 -0.0119509 -0.00375072 -0.189464 -0.0112539 -0.00480172 -0.189002 -0.00574437 -0.00509482 -0.182183 -0.00640202 -0.00350984 -0.182337 -0.00983081 -0.00526502 -0.187903 -0.0106197 -0.00504368 -0.188939 -0.0112873 -0.00447553 -0.189626 -0.0117364 -0.00352365 -0.189969 0.0232357 -0.00526241 -0.208716 0.0224468 -0.00352123 -0.211409 0.017206 -0.00447797 -0.207495 0.00441664 -0.00231618 -0.200328 -0.0121632 -0.00230463 -0.189929 0.022741 0.00230067 -0.211822 0.0226544 -0.0023656 -0.211762 0.0224354 0.0035041 -0.211404 0.0224841 0.00446201 -0.210804 0.0230898 0.00502487 -0.21007 0.022742 -0.00504328 -0.209862 -0.00613437 -9.16037e-05 -0.181295 -0.00157471 -0.00625576 -0.177047 -0.00287166 -0.005352 -0.178827 -0.00269098 -0.00538723 -0.177999 0.00234355 -0.0111889 -0.178785 -0.00252073 0.00533916 -0.178268 0.0248837 0.0110421 -0.103939 0.0230034 0.011501 -0.0905035 0.0246541 0.00604655 -0.0845304 0.0206847 0.0117589 -0.0772738 0.017983 0.015726 -0.087282 0.0161041 0.0160143 -0.0778242 0.0143526 0.0165585 -0.0840262 0.0115173 0.016825 -0.0719932 0.00959051 0.0160512 -0.0778246 0.00247232 -7.14723e-06 -0.0824295 0.00445449 -0.0061146 -0.0860158 0.000198093 -0.00622905 -0.0725739 0.000210762 0.00621193 -0.0726025 -0.00871839 -0.00587017 -0.0474532 -0.00197794 -0.011907 -0.058167 -0.0108801 0.00575304 -0.0413274 -0.00992065 0.0112903 -0.0343467 -0.00593498 0.013827 -0.037714 -0.00623337 0.0141751 -0.0347084 -0.00177501 0.014195 -0.050747 -0.00147626 0.0154447 -0.0400795 -0.00525291 0.0137904 -0.0319419 -0.00167912 0.0132642 -0.0362284 -0.000114239 0.0109166 -0.0363294 -0.00897084 0.0131654 -0.0277202 -0.0127631 0.010806 -0.017662 -0.0103256 0.0110736 -0.0211085 -0.0117645 0.00802173 -0.0121313 -0.012125 0.0096332 -0.0157328 -0.00813648 0.00699095 -0.00959838 -0.0127354 0.00703018 -0.00308684 -0.0128703 0.00720357 -0.0060587 -0.0126293 0.00928574 -0.0120533 -0.0127315 0.0076329 -0.00912905 -0.0146063 0.00979106 -0.0126378 -0.0135604 0.0109267 -0.0186281 -0.0171313 0.00555742 -0.0197711 -0.0125185 0.0114999 -0.0235113 -0.014207 0.00567798 -0.03082 -0.012136 -7.32788e-06 -0.0405438 -0.0135088 -0.00569085 -0.0332281 -0.016136 -0.00561495 -0.023782 -0.0099114 -0.0113153 -0.0343631 -0.0129495 -0.0112425 -0.0225136 -0.0151925 -0.00979046 -0.0169995 -0.017681 -0.00554897 -0.016604 -0.0168383 -8.88446e-06 -0.0254887 -0.0185157 -0.00598424 -0.00874785 -0.0188705 -8.99733e-06 -0.01642 -0.0167135 -0.00874847 -0.011353 -0.0175419 -0.00724694 -0.00310442 -0.018577 -0.00544896 -0.00198895 -0.0171443 -0.00591764 0.00511855 -0.016208 -0.00698903 0.00274256 -0.0157587 -0.00618293 0.00843907 -0.014355 -0.00537195 0.0119359 -0.0197342 -1.10225e-05 -0.0017683 -0.01819 0.000111832 0.00545077 -0.013959 -0.00607986 0.0122592 -0.0103277 -0.00542124 0.0179878 -0.017205 0.00538997 0.00522596 -0.015079 -9.00199e-06 0.012272 -0.018579 0.00542996 -0.00196397 -0.018611 0.00547598 -0.00929296 -0.0167079 0.00893023 -0.00938368 -0.0158241 0.00934089 -0.0154009 -0.019803 -8.99856e-06 -0.00908595 -0.0108054 -9.00298e-06 0.0183105 0.00991552 0.00699095 -0.0111314 0.0120045 0.00699093 -0.0281957 0.0150947 0.00699096 -0.0450321 0.00422572 0.0156778 -0.047024 0.00541004 0.0165669 -0.0509378 -0.000289632 0.0157892 -0.0438488 0.00305559 0.0159299 -0.0559766 0.0073992 0.016725 -0.0565768 0.0091526 0.0164586 -0.0559776 0.0116764 0.016065 -0.0594219 0.00633623 0.0161428 -0.066269 0.00206149 0.0120305 -0.0700132 -0.00199797 0.011884 -0.058118 -0.00470098 0.00605796 -0.058672 -0.0056905 0.0116538 -0.0473715 -0.00184148 -7.59456e-06 -0.0693304 0.013834 0.016091 -0.067904 0.0140481 0.0151993 -0.0621739 0.0189117 0.0109068 -0.065476 0.0170767 0.0132568 -0.0651702 0.0099801 0.0158319 -0.0557764 0.0144106 0.0108927 -0.058437 0.0174139 0.00802098 -0.056633 0.0132361 0.00802096 -0.0502601 0.0185949 0.011763 -0.066867 0.0212276 0.00608986 -0.0666201 0.0192181 0.00838531 -0.060989 0.019365 -0.00757546 -0.0600505 0.0190083 -0.0083274 -0.0603698 0.0192063 -0.0098106 -0.0640052 0.018415 -0.0117781 -0.0656945 0.0211286 -0.00612157 -0.0661698 0.0206801 -0.0117768 -0.0772819 0.0257442 -6.68566e-06 -0.0850948 0.017844 0.00569576 -0.0494193 0.016896 0.00650914 -0.0471813 0.01866 0.00738762 -0.0569314 0.0160375 0.00710216 -0.0490199 0.0078848 -9.59024e-06 -0.102799 0.0155791 -0.00576558 -0.0374323 0.0133565 -9.7132e-06 -0.0142091 0.012985 0.00112781 -0.00920055 0.0124676 0.00574229 0.0285096 0.00852296 0.00519297 0.030831 0.00862762 0.00309523 0.0310191 0.00390998 0.00522694 0.030907 -0.0001455 0.00525645 0.0287165 8.4e-05 0.00614098 0.028463 0.00379399 0.00304398 0.031086 0.003911 0.00522694 0.030907 8.6e-05 0.00614599 0.028461 0.012572 0.00304398 0.028684 0.014994 0.00304398 0.024628 0.0145482 0.00620889 0.0248276 0.0147294 0.00577226 0.0202299 0.014819 0.00526295 0.020012 0.015029 0.00304398 0.019888 0.0150145 0.00304495 0.019823 0.0130078 0.0061233 0.0135651 -0.00858532 0.0092699 0.0119103 0.014819 -0.00528195 0.020012 0.0136783 -0.00301136 0.0136083 0.0150083 -0.00301048 0.0197793 0.015033 -0.00300899 0.019887 0.014995 -0.00300899 0.024628 0.012572 -0.00300899 0.028686 0.015033 -0.00300899 0.0198859 0.0148085 -0.00572962 0.0246349 0.00849096 -0.00300899 0.03103 0.00379196 -0.00300899 0.0310889 0.0123408 -0.00585501 0.028559 0.0142382 -0.00656604 0.0200649 0.0118203 -0.00585195 0.00536819 -0.000839972 -0.00150996 -0.182575 -0.00176295 -0.00150996 -0.182743 -0.00176295 -0.00533294 -0.182743 -0.000839972 -0.00533693 -0.182575 -0.000173351 -0.00533294 -0.183774 0.0255981 -0.00535304 -0.196617 0.0258081 -0.00565994 -0.195037 0.0262873 -0.00605429 -0.195545 0.0225618 -0.0110428 -0.191845 0.019183 -0.0128148 -0.189879 0.01557 -0.0143499 -0.194545 0.00917167 -0.0152229 -0.19166 0.0124327 -0.0160769 -0.203339 0.000541 -0.0175899 -0.20095 0.00604782 -0.0174336 -0.20391 0.00407359 -0.01842 -0.210766 0.00257737 -0.0183074 -0.210511 -0.00672116 -0.0184624 -0.204102 -9.83766e-05 -0.0166912 -0.196063 -0.0033723 -0.015437 -0.192952 -0.010583 -0.0173846 -0.201805 -0.00738974 -0.013918 -0.192723 -0.00182995 -0.012046 -0.184617 0.00362298 -0.0146519 -0.187732 0.0102108 -0.0138684 -0.18381 0.00519055 -0.013037 -0.18107 0.00183485 -0.0110316 -0.17886 0.024922 -0.00867265 -0.193519 0.0259452 -0.00645549 -0.194493 -0.00115471 -0.0065544 -0.177414 -0.00112038 -0.00753055 -0.17749 -0.0021076 -0.00573255 -0.177525 -0.00951515 -0.00527735 -0.187937 -0.00214613 -0.00537229 -0.178395 -0.00649775 -0.0052466 -0.190845 -0.0075673 -0.00406262 -0.192453 -0.0111951 -0.00471553 -0.189451 -0.00950692 -0.00623445 -0.187391 -0.013193 -0.00790494 -0.192641 -0.0172042 -0.00885021 -0.197514 -0.014139 -0.00402795 -0.192081 -0.00843555 -0.0107936 -0.189737 -0.0149923 -0.0134668 -0.199033 -0.0132537 -0.0155843 -0.200302 -0.00741979 -0.0182235 -0.204238 -0.016662 -0.0108196 -0.198435 -0.0183241 -0.00490214 -0.197109 -0.0181156 0.00576022 -0.19753 -0.0019765 0.0183479 -0.207656 -0.00282141 0.0186431 -0.206669 -0.00713253 0.0180906 -0.204282 -0.00998021 0.0174384 -0.202279 -0.00680487 0.0182044 -0.203854 0.00229739 0.0168289 -0.197651 0.00553215 0.0174195 -0.203085 0.00951997 0.01509 -0.191107 0.0143673 0.0149707 -0.197349 0.0199372 0.0123641 -0.201924 0.0166365 0.0135997 -0.188232 0.0208141 0.0120554 -0.190853 0.0258685 0.00662183 -0.194339 0.000205079 0.00929892 -0.177944 0.00355921 0.0145464 -0.187816 0.00457375 0.0126555 -0.180755 -0.00187596 0.011971 -0.184575 -0.00548597 0.00663698 -0.182574 -0.000502908 0.0088272 -0.178135 -0.00723279 0.013715 -0.192309 -0.00290724 0.0150976 -0.192247 -0.00775596 0.010531 -0.188523 0.00220635 0.0113527 -0.179315 -0.0017261 0.0063524 -0.177181 -0.00167848 0.0056514 -0.177796 -0.00176295 0.005314 -0.182743 -0.0022101 0.00534408 -0.178378 -0.000839972 0.00531901 -0.182575 -0.00176295 0.00149103 -0.182743 -0.00749838 0.0052907 -0.18521 -0.00683297 0.00518439 -0.191404 -0.0105559 0.00530896 -0.18833 -0.00800948 0.00613072 -0.185395 -0.013318 0.00790603 -0.192558 -0.011726 0.011469 -0.193508 -0.0122193 0.00362658 -0.18967 -0.0185699 0.00394215 -0.197 -0.018142 0.000259961 -0.196212 -0.0122134 -0.00370986 -0.189717 -0.0127882 -0.000693892 -0.189874 -0.0117265 0.00453963 -0.189331 -0.00766188 0.00335475 -0.192599 -0.0121991 0.00217061 -0.18992 -0.00767711 -0.00150999 -0.192747 0.00506472 -0.00150995 -0.200745 0.018551 -0.00150995 -0.209204 0.0232645 -4.98372e-05 -0.212179 0.0229893 -0.00364652 -0.211917 0.0190974 0.0041853 -0.22054 0.0210369 0.00774099 -0.213254 0.0178654 0.00869097 -0.220084 0.0163602 0.0120751 -0.218819 0.00921916 0.0176071 -0.214418 0.0139169 0.015819 -0.209019 0.016869 0.013917 -0.210786 0.0138908 0.0150482 -0.217085 0.019297 0.011127 -0.212229 0.0232269 0.00717903 -0.206558 0.0262036 0.00601325 -0.195581 0.0249947 0.00576311 -0.201735 0.0259154 0.00538316 -0.195901 0.0235669 0.00527474 -0.206382 0.0208879 0.00149103 -0.203879 0.022616 0.00149103 -0.198325 0.0207956 0.00527113 -0.204167 0.0194308 0.00510546 -0.207454 0.0232307 0.00559742 -0.209038 0.0228999 0.00471568 -0.210917 0.0230338 0.00344987 -0.211886 0.018551 0.00149103 -0.209204 0.0187085 0.00404123 -0.208935 0.0226255 0.0053143 -0.19799 0.0213156 0.00149103 -0.197193 0.0220943 0.00213545 -0.197275 0.0208266 0.005314 -0.196957 0.00529726 0.00149103 -0.200891 0.0199678 0.00149103 -0.19642 -8.73317e-05 0.00149103 -0.183826 -0.00767968 0.00149106 -0.192751 -0.000839972 0.00149103 -0.182575 -0.000219851 0.00531388 -0.183709 0.0255008 0.00533423 -0.196541 0.0258162 0.00565024 -0.195038 0.0246261 0.0088492 -0.193611 0.0226061 0.0108302 -0.191921 0.0149697 0.0137637 -0.218252 0.0117996 0.0165246 -0.216031 0.010661 0.016883 -0.207064 0.00720856 0.0181162 -0.212798 0.00072706 0.0186861 -0.208929 0.00578301 0.0179709 -0.212526 0.0189309 -0.00273978 -0.220773 0.0193656 -0.0018662 -0.220615 0.0187315 -0.00652674 -0.220187 0.021152 -0.00782095 -0.213329 0.019495 -0.0112669 -0.212357 0.023322 -0.00724696 -0.206626 0.0181186 -0.00901739 -0.219618 0.0208879 -0.00528996 -0.203879 0.0230997 -0.00511101 -0.210102 0.023112 -0.00527077 -0.208399 0.023523 -0.00581245 -0.208064 0.0194882 -0.00520255 -0.207323 0.0208879 -0.00150995 -0.203879 0.022616 -0.00150995 -0.198325 0.021569 -0.00150995 -0.197243 0.022095 -0.00150995 -0.19724 0.020989 -0.00150995 -0.197026 0.021569 -0.00533395 -0.197243 0.022095 -0.00533592 -0.19724 0.022616 -0.00533091 -0.198325 0.0208353 -0.00533293 -0.19696 -1.77662e-05 -0.00150996 -0.183888 0.0259693 -0.00540227 -0.195918 0.0253668 -0.005644 -0.200463 0.018709 -0.00406014 -0.208936 0.0170075 -0.0117114 -0.218823 0.0169136 -0.010909 -0.219497 0.0154188 -0.0138454 -0.218055 0.0139149 -0.015339 -0.217045 0.0170239 -0.0140179 -0.210886 0.014002 -0.0157859 -0.209075 0.0110627 -0.016945 -0.215291 0.0138932 -0.0148065 -0.217605 0.00820109 -0.0178097 -0.213781 0.019998 -0.0124822 -0.202137 -0.0175708 0.00820671 -0.19734 -0.0148665 0.0140994 -0.199546 -0.0132522 0.0154405 -0.199948 -0.0166052 0.0114416 -0.198448 -0.00220621 0.00587421 -0.177518 0.00808621 0.0136493 -0.182783 0.00722469 0.0132739 -0.181984 0.0136205 0.0138869 -0.185942 -0.00553765 -0.00628338 -0.182452 0.0153254 -0.0136845 -0.187194 -0.00272536 -0.0187402 -0.206678</float_array>
                    <technique_common>
                        <accessor count="1067" source="#shape0-lib-positions-array" stride="3">
                            <param name="X" type="float"/>
                            <param name="Y" type="float"/>
                            <param name="Z" type="float"/>
                        </accessor>
                    </technique_common>
                </source>
                <source id="shape0-lib-normals" name="normal">
                    <float_array id="shape0-lib-normals-array" count="6360">0.514403 0.601275 0.611439 0.467165 0.563833 0.681065 0.485936 0.728038 0.483558 0.342594 0.783504 0.518412 0.206237 0.978226 0.0232351 0.105262 0.991049 0.0821072 0.107026 0.991461 0.0745026 0.0579646 0.998195 0.0156799 0.221131 0.974588 -0.0357719 0.0615957 0.99806 -0.00906207 0.185858 0.978382 -0.0906928 0.449567 0.876202 -0.173664 0.392605 0.876456 -0.278722 0.197438 0.96783 -0.155959 0.399443 0.873116 -0.279489 0.380784 0.877898 -0.290344 0.360305 0.910679 -0.2021 0.688573 0.189311 0.70002 0.689432 0.191187 0.698664 0.955019 0.232711 0.183806 0.958727 0.165726 0.231037 0.762245 0.0389512 0.646116 0.533503 0.00122872 0.845797 0.535728 0.00486648 0.844376 0.532236 9.47362e-05 0.846596 0.528362 0.0793001 0.845308 0.532237 0.000106307 0.846596 0.532211 0.000109593 0.846612 0.532189 9.47858e-05 0.846625 0.435938 -0.495297 0.751424 0.233675 -0.748829 0.620202 0.218863 -0.581363 0.783656 0.509429 -0.0301249 0.859985 0.135368 -0.266249 0.954352 -0.332872 -0.285944 0.898572 -0.0715349 -0.793613 0.604203 -0.320194 -0.593556 0.738354 -0.78828 -0.365079 0.49531 -0.834374 -0.190624 0.517187 -0.84419 -0.284604 0.45425 -0.646314 -0.645809 0.406459 -0.847099 -0.285545 0.448205 -0.643036 -0.624753 0.442932 -0.379619 -0.675328 0.632315 -0.381747 0.360747 -0.850959 -0.464301 -0.116346 -0.878002 -0.9684 -0.164105 -0.187805 -0.581131 -0.300552 -0.756277 0.227328 -0.966607 -0.118288 -0.833396 -0.358421 0.420696 0.279928 -0.946644 -0.159702 0.38816 0 0.921592 -0.38816 0 -0.921592 -0.865696 -0.240839 0.438825 -0.891553 -0.34985 0.287643 0.248611 -0.431172 -0.867343 -0.885416 -0.355755 0.299128 -0.950735 -0.149485 0.271582 -0.448283 0.437307 -0.779619 -0.558688 0.381738 -0.736304 -0.880836 -0.274238 0.385905 -0.913992 -0.0738152 0.39896 -0.886546 -0.0690754 0.457455 -0.463512 0.477541 -0.746399 -0.447679 0.482294 -0.752978 -0.87347 -0.075808 0.48094 -0.431135 -0.48383 -0.761598 -0.873307 0.0757982 0.481237 -0.765895 8.62809e-05 0.642965 -0.850119 7.06644e-05 0.526591 -0.696032 0.236129 0.678073 -0.844307 0.284596 0.454037 -0.852084 -0.00299147 0.523397 -0.852273 0.216856 0.476029 -0.833895 0.187673 0.519036 -0.445022 0.132828 0.885614 -0.685402 0.00318492 0.728158 -0.153908 -0.0823885 0.984644 0.529845 0.00127739 0.848093 0.529758 0.00135763 0.848148 -0.129339 0.144351 0.981037 -0.39448 0.308527 0.865561 -0.0883501 0.436205 0.8955 -0.065258 0.796631 0.600933 -0.322941 0.590474 0.739628 -0.339238 0.912011 0.23055 -0.101727 0.829021 0.549887 -0.350768 0.876225 0.330443 -0.426812 0.878076 0.216364 -0.425056 0.873104 0.238783 -0.128675 0.974767 0.182406 -0.162012 0.978425 0.128205 -0.421162 0.876534 0.233047 -0.226102 0.967842 0.110271 -0.76063 0.460068 0.458018 -0.755106 0.460009 0.467125 -0.150722 0.755861 0.637148 0.215691 -0.261455 0.940807 -0.442055 -0.874601 0.199148 -0.884657 0.00816367 0.466171 -0.549868 -0.804109 0.225952 -0.230201 -0.972979 0.0178567 -0.850043 0.526711 0.00137143 -0.813767 0.44098 0.378577 -0.880775 0.38656 0.273507 -0.919364 0.3657 0.145028 0.288775 0.458298 0.840578 -0.959448 0.201203 0.197425 -0.995522 0.0940983 0.00905308 -0.975769 0.211698 0.0553144 -0.963459 4.56823e-05 0.267856 -0.925601 6.45525e-05 0.378501 -0.958182 0.0313846 0.284434 0.371706 0.475391 0.797395 -0.876634 0.168806 0.450575 0.27731 0.462797 0.841973 -0.945924 0.128539 0.297834 0.389636 -0.471031 0.7914 0.376944 -0.474796 0.795288 -0.9581 -0.0317444 0.28467 -0.959371 -0.201294 0.197707 0.349935 -0.431662 0.831393 0.285443 -0.458865 0.841407 -0.975285 -0.211265 0.0646946 -0.853381 -0.521285 0.00148626 -0.3909 0.92027 0.0173113 -0.95728 -0.252293 -0.141289 -0.761545 -0.218476 -0.610179 -0.912904 -0.40616 -0.0405002 -0.714278 -0.694866 -0.083476 -0.900171 -0.269132 -0.342433 -0.528799 0.765491 -0.3666 0.163937 0.467927 -0.868429 0.0098881 0.466195 -0.884627 -0.965104 -0.195108 -0.174661 -0.972002 -0.0851147 -0.219013 -0.165866 -0.488943 0.856401 -0.172324 -0.487957 0.855688 -0.908203 0.0557433 -0.414801 -0.907234 -0.0723428 -0.414358 -0.177294 -0.50111 0.847028 -0.191644 -0.491607 0.849468 -0.190786 -0.493935 0.84831 -0.862199 -0.205567 -0.462986 -0.240993 -0.515369 0.822385 -0.291263 -0.488192 0.8227 -0.755333 -0.520356 -0.398374 -0.499121 -0.81992 -0.280373 -0.667364 -0.544683 -0.507883 -0.464137 -0.773772 -0.431107 0.487208 0.481101 -0.728814 -0.67128 -0.457134 -0.583448 0.581048 0.496513 -0.644871 -0.702606 -0.680811 -0.206982 -0.693542 -0.266724 -0.669222 -0.67354 -0.277413 -0.685117 0.472991 0.512427 -0.716727 0.445104 0.512307 -0.734455 -0.541257 -0.102014 -0.834646 -0.725127 -0.359783 -0.587152 -0.772044 -0.325008 -0.546184 -0.798767 -0.217118 -0.561098 -0.86804 -0.491969 0.066875 -0.770648 -0.130896 -0.623673 -0.713704 -0.164181 -0.680934 0.447828 0.51662 -0.729763 0.17568 -0.974982 0.136185 0.199033 -0.968407 0.150248 -0.508105 -0.203514 -0.836906 -0.661731 0.166999 -0.730906 -0.68269 -0.213584 -0.698797 -0.591392 -0.1595 -0.790453 -0.648537 -0.31047 -0.694988 0.0903073 -0.984517 0.150237 -0.532442 -0.136383 -0.835407 -0.597563 -0.504224 0.623439 -0.623219 -0.503132 0.598713 -0.583448 -0.109169 -0.80478 -0.614857 -0.482393 0.623898 -0.537353 -0.492376 0.684703 -0.603855 0.0197984 -0.796848 -0.748129 -0.0670354 -0.660158 0.545147 0.491793 -0.678936 -0.773731 -0.0809137 -0.628326 0.575229 0.503164 -0.644932 -0.676519 -0.0734976 -0.732749 0.619078 0.489686 -0.613963 -0.691092 -0.147427 -0.707571 0.582397 0.49127 -0.647663 0.577948 -0.503322 -0.642373 -0.833345 -0.000180238 -0.552754 -0.773645 0.0806854 -0.628461 -0.921938 0.00710694 -0.387272 -0.920643 -0.000169619 -0.390405 -0.770591 0.130846 -0.623754 -0.867813 0.492269 0.0676163 -0.798825 0.217034 -0.561047 -0.862326 0.205472 -0.46279 -0.240425 0.515294 0.822598 -0.291056 0.488527 0.822574 -0.756785 0.513993 -0.403842 -0.844943 0.357941 -0.397428 -0.584701 0.764631 -0.271044 -0.499597 0.819005 -0.282195 -0.465283 0.773583 -0.43021 -0.667736 0.540147 -0.512221 -0.373406 0.927608 0.0105449 -0.731469 0.652541 -0.197849 -0.709016 0.688092 -0.154356 -0.469942 0.882057 0.0336126 -0.52879 0.84875 0.00236886 -0.339581 0.934214 -0.10922 -0.864099 0.369685 -0.341563 0.17729 -0.470279 -0.864526 -0.791878 0.559778 -0.244084 -0.881881 0.456862 -0.116458 -0.567638 -0.733692 -0.373474 -0.734106 0.671987 -0.0975815 -0.473574 -0.878167 -0.0674522 -0.459861 -0.885806 -0.062253 0.0624401 -0.711134 0.700278 0.0973621 0.443066 0.891186 0.0092306 0.459497 0.888131 -0.906211 0.42178 -0.0297235 -0.884655 0.438203 0.159257 -0.518092 0.840563 0.158222 -0.753825 0.618968 0.220514 -0.420408 -0.310699 -0.852481 -0.748032 0.592352 0.299279 0.565783 0.340185 0.751108 0.487265 -0.48129 -0.728652 -0.671223 0.456979 -0.583635 0.577663 -0.496189 -0.648153 -0.704476 0.679599 -0.204594 0.596068 -0.516286 -0.61494 -0.692599 0.294425 -0.658498 -0.377221 0.842931 -0.38363 -0.404491 0.269323 0.873986 -0.408938 0.898509 -0.159537 -0.033772 0.982589 -0.182696 -0.00162285 0.963067 -0.269257 -0.184364 0.820154 -0.541625 -0.305853 0.804205 -0.509616 -0.611552 0.498974 0.614027 -0.58742 0.386653 -0.710941 -0.457428 0.415031 -0.786453 -0.580586 -0.142936 -0.801554 -0.25782 -0.905626 -0.336705 -0.418575 0.450676 -0.788471 -0.445925 0.322663 -0.834889 -0.27795 0.284827 -0.917397 -0.856533 -0.509927 0.0795355 -0.831045 -0.519247 0.199364 -0.314418 0.308698 -0.89769 -0.367735 0.140296 -0.919287 -0.0639671 -0.771143 -0.63344 -0.507242 0.221013 -0.832982 -0.344577 0.281539 -0.895546 -0.517465 0.360033 -0.776277 0.123039 0.980061 0.156015 0.165278 0.951794 0.258402 -0.521485 0.13602 -0.842349 -0.471955 0.108911 -0.874869 -0.584581 0.103164 -0.80475 -0.45588 -0.0198171 -0.889821 -0.449393 0 -0.893334 -0.603846 -0.0198283 -0.796854 -0.609827 0 -0.792534 0.793007 0.50813 -0.336071 -0.628404 0.504478 0.592124 -0.644088 0.512802 0.567614 -0.747658 0.137872 -0.649614 0.588849 -0.501304 -0.633996 0.559994 -0.486733 -0.670446 -0.713807 0.164138 -0.680837 0.244783 0.956393 0.159355 0.118831 0.989529 0.0819265 0.442268 -0.511338 -0.736839 0.47193 -0.514927 -0.715635 -0.665441 0.339634 -0.664709 -0.66357 0.121363 -0.738205 -0.702758 0.266292 -0.659711 -0.0598255 -0.988764 0.136994 -0.725017 0.359852 -0.587245 -0.537691 0.0985101 -0.837367 -0.609947 0.211353 -0.763738 -0.614067 0.0814899 -0.785036 0.812947 0.500165 -0.298248 0.810871 0.498875 -0.305961 -0.437193 0.0479939 -0.898086 -0.359862 0.134388 -0.923277 -0.821376 -0.489723 0.292424 -0.836283 -0.491362 0.243299 -0.303861 0.164118 -0.938474 -0.831193 -0.502403 0.238138 -0.230709 0.0804357 -0.969693 -0.227753 0.13093 -0.964876 0.444802 0.49441 -0.7468 -0.13652 -0.000120803 -0.990637 0.0466746 -0.000121812 -0.99891 0.0501543 0.00734381 -0.998714 -0.0439135 0.205763 -0.977616 -0.159082 0.2171 -0.963099 -0.760104 -0.48553 -0.43186 -0.798456 -0.478311 -0.365632 0.38575 0.0875418 -0.918441 0.230953 0.0882765 -0.968952 0.257101 0.195284 -0.946448 -0.805432 -0.465923 -0.366328 -0.854584 -0.46595 -0.229296 -0.240021 0.214879 -0.946687 -0.120203 0.971123 0.206087 0.397209 0.263699 -0.879026 -0.143405 0.939768 0.310275 0.471915 0.211586 -0.855878 0.593383 0.201398 -0.779317 0.440242 0.0984782 -0.892462 0.651535 0.0803777 -0.754349 0.664001 -0.000127524 -0.747731 0.758366 -0.000111168 -0.651829 0.653446 -0.0249439 -0.756562 0.562607 0.477525 0.674866 0.56036 0.471218 0.681139 0.536766 0.483593 0.69139 0.755233 0.0741369 -0.65125 0.796237 0.069391 -0.600991 -0.480691 -0.48028 -0.733667 0.744306 -0.117667 -0.657391 -0.505115 0.458659 -0.731088 -0.486378 0.45246 -0.747473 0.782268 -0.213899 -0.585067 0.629934 -0.385956 -0.673959 0.691039 -0.435573 -0.576837 0.738315 -0.357793 -0.571729 -0.33963 -0.91621 0.21263 0.189226 -0.11582 -0.975079 -0.589153 -0.115662 -0.799701 0.397475 -0.396744 0.82741 -0.397475 0.396744 -0.82741 -0.267957 -0.946757 0.178467 -0.167961 -0.312711 -0.93488 0.967764 -0.229417 0.103927 0.77822 -0.279761 -0.562235 0.752015 -0.602843 -0.266559 0.673253 -0.628484 -0.389536 0.6531 -0.64441 -0.397739 0.785847 -0.370588 -0.495085 0.352947 -0.913704 -0.201428 0.642298 -0.641243 0.419834 0.477919 -0.653714 0.58673 0.575297 -0.260923 0.775211 0.533336 -0.00128211 0.845903 0.537182 -0.00927305 0.843415 0.764608 -0.240473 0.597953 0.821419 -0.476782 0.312969 0.956764 -0.248762 0.150729 0.954881 -0.128194 0.267896 0.980052 -0.148716 -0.13184 0.843024 0.00152948 -0.537874 0.841959 -7.2412e-05 -0.539542 0.829186 -0.187683 -0.526522 0.963534 0.0105886 0.267378 0.464103 0.077688 -0.882368 0.966331 0.003674 -0.257275 0.932774 -0.108416 0.34377 0.970037 0.153181 -0.188586 0.827464 0.191148 -0.527982 0.786469 0.372414 -0.492722 0.775348 0.284394 -0.563876 0.650726 0.645718 -0.399504 0.674341 0.628094 -0.388281 0.802393 0.590698 -0.0850928 0.61742 0.683801 -0.388856 -0.447806 -0.365027 -0.816226 0.71276 0.442605 -0.544127 0.811491 0.457927 -0.363021 0.741416 0.461987 -0.486693 0.411217 0.318202 0.854194 0.622794 0.587079 -0.517171 0.287428 -0.874811 0.389989 0.342714 -0.891391 -0.296595 0.358073 -0.878169 -0.317181 0.745279 0.397079 -0.535619 0.751452 0.119956 -0.648791 0.526044 0.40321 -0.748799 -0.576994 -0.307729 -0.756559 0.523484 0.4388 -0.730355 0.754308 0.432512 0.493915 0.794921 0.451891 0.40484 0.365641 0.423071 -0.829046 0.233888 0.88153 -0.410123 0.138239 0.651904 -0.745594 0.276855 0.456523 -0.84554 0.166743 0.686277 -0.707969 0.122328 0.559839 -0.819522 -0.855983 -0.470097 -0.215179 0.0663378 0.370275 -0.92655 -0.0926927 -0.738319 -0.668052 0.142073 -0.887807 -0.437738 0.144749 -0.871194 -0.469115 0.585916 -0.734812 0.341694 0.523207 0.361074 -0.771933 0.193265 -0.883901 -0.425873 0.229467 0.670758 -0.705287 -0.0100599 0.354665 -0.934939 0.867655 0.488507 0.0923871 0.00893945 0.763308 -0.645972 0.08076 0.268912 -0.959773 0.849028 0.491111 0.194835 0.845918 0.515176 0.137904 0.287391 0.251148 -0.9243 0.847654 0.493376 0.195098 -0.0317047 0.520053 -0.853545 -0.214413 0.359907 -0.908016 -0.157328 0.325255 -0.932447 -0.242972 0.501752 -0.830186 -0.19513 0.547865 -0.813492 -0.211977 0.841678 -0.496633 0.861208 0.478748 -0.170648 -0.396928 0.256197 -0.881369 -0.100974 0.80273 -0.587731 -0.0366498 0.819751 -0.571547 0.0486721 0.934133 -0.353592 0.231254 0.848648 -0.475729 0.171258 0.927545 -0.332162 0.367011 0.840341 -0.39891 0.51979 0.628822 -0.578274 0.714491 0.309669 -0.627381 0.573046 0.324824 -0.752401 0.651696 0.319493 -0.687907 0.375115 0.494069 -0.784337 0.684565 0.472847 -0.554785 0.770431 0.241302 -0.590092 -0.245393 0.956986 0.154787 -0.582823 0.084889 -0.808153 0.655211 0.446363 -0.609474 0.798425 0.216919 -0.561661 0.941182 0.237826 -0.240031 -0.145499 0.988504 0.0411033 -0.497503 -0.413353 -0.762647 -0.514695 -0.423622 -0.745408 0.73294 0.252125 -0.631848 0.713323 0.19921 -0.671927 0.59008 0.44261 0.675205 -0.484602 -0.481733 -0.730133 0.812174 0.0779888 -0.57818 0.620847 0.436138 0.651408 0.588346 0.440828 0.677879 -0.580128 0.085701 -0.810004 0.914852 -5.41928e-05 -0.40379 0.207611 -0.977956 0.0223351 0.222459 -0.974374 -0.0332681 0.449718 -0.876226 -0.173151 0.399512 -0.873129 -0.279348 0.380392 -0.878029 -0.290459 0.392665 -0.87653 -0.278404 0.185885 -0.978419 -0.0902342 0.197513 -0.96784 -0.155804 0.367051 -0.840473 -0.398596 0.23147 -0.848825 -0.475308 0.048922 -0.934272 -0.353189 0.234126 -0.881425 -0.410214 0.171429 -0.927648 -0.331786 -0.0366821 -0.819893 -0.571341 0.137603 -0.649983 -0.747387 0.17682 -0.681728 -0.709917 0.0087655 -0.763818 -0.645372 0.736376 -0.365388 0.569423 0.36514 -0.422641 -0.829486 0.470118 -0.650914 -0.59607 0.271151 -0.452572 -0.849503 0.0985145 0.969278 -0.225378 0.159019 0.905302 -0.39388 0.352033 -0.550237 -0.757174 0.00680965 -0.234375 -0.972122 0.33897 -0.411683 -0.845941 0.0444755 -0.239949 -0.969766 -0.851687 0.50156 -0.151878 0.0642853 -0.370465 -0.926619 0.10109 -0.550537 -0.828667 0.848808 -0.490735 0.196736 0.846559 -0.514452 0.136668 -0.0373221 -0.204884 -0.978075 -0.0315883 -0.520287 -0.853407 -0.159486 -0.21708 -0.963037 -0.157611 -0.325287 -0.932388 0.448946 -0.495994 -0.743262 -0.214277 -0.359706 -0.908128 -0.532085 -0.0908726 -0.8418 -0.86531 0.499187 0.0452912 -0.843722 0.5304 0.0825148 0.0464664 -0.974936 0.217578 -0.303717 -0.164332 -0.938483 -0.22775 -0.131157 -0.964846 -0.830927 0.503312 0.237145 -0.830174 0.502771 0.240899 -0.230731 -0.0807506 -0.969661 -0.315293 -0.0672861 -0.946606 -0.341109 -0.0327116 -0.939454 0.814764 -0.498524 -0.296028 -0.458191 0.0270484 -0.888442 0.814866 -0.498629 -0.295571 0.810147 -0.505141 -0.297479 -0.458062 -0.0359686 -0.888192 0.811067 -0.501122 -0.301739 0.810148 -0.502963 -0.301144 -0.472594 -0.104259 -0.875091 0.790693 -0.513002 -0.334117 -0.413003 -0.222147 -0.883221 -0.424131 -0.138218 -0.894991 -0.514353 -0.265274 -0.815519 0.105886 -0.980336 0.16652 -0.821439 0.488028 0.295072 -0.356975 -0.137738 -0.923903 -0.35195 -0.289985 -0.889966 -0.307432 -0.191439 -0.932114 0.0488089 -0.968872 0.242702 -0.362218 -0.103296 -0.926352 -0.848179 -0.491421 0.197734 -0.313687 0.0409575 -0.948643 -0.838276 0.490412 0.238306 -0.34534 0.18306 -0.920451 -0.052748 0.987503 -0.148509 -0.335082 -0.739221 -0.584185 -0.0980958 0.972512 -0.211179 -0.235659 0.927242 -0.291012 -0.413267 -0.32366 -0.851149 0.84026 -0.482245 -0.247797 -0.518057 -0.433792 -0.737184 0.874152 -0.464629 -0.141348 -0.300024 -0.31756 -0.899523 -0.405479 -0.226635 -0.885564 -0.809952 0.518169 0.274733 -0.725921 0.577513 0.373519 0.970327 -0.239609 0.0324515 0.0330439 -0.898773 -0.437168 -0.114385 -0.865847 -0.487057 -0.0940006 -0.992912 -0.0727342 -0.241485 -0.963212 -0.117927 -0.0248568 -0.992914 -0.116204 -0.259592 -0.848346 -0.461434 -0.0124155 -0.980041 -0.198407 -0.0347855 -0.998054 0.051746 0.0580751 -0.998186 0.0158697 -0.010917 -0.998186 0.0592017 0.0616999 -0.998057 -0.00869087 -0.127966 -0.974573 0.183934 -0.0681834 -0.978209 0.196106 0.028505 -0.991006 0.130747 -0.162178 -0.978381 0.128328 0.0207926 -0.991424 0.12902 0.350403 -0.740441 0.573555 0.33573 -0.796608 0.502693 0.108766 -0.990786 0.0807065 0.103174 -0.991497 0.0793023 -0.226048 -0.967833 0.110457 -0.362378 -0.868907 0.337169 -0.428557 -0.887325 0.170274 -0.424139 -0.873651 0.238413 -0.77759 -0.452202 0.436885 0.11477 -0.525889 0.842774 -0.447127 0.870874 0.204098 -0.501153 0.839055 0.211735 -0.745312 -0.591536 0.307563 -0.752071 -0.619992 0.223603 -0.518197 -0.840586 0.157753 -0.881607 -0.441388 0.167171 -0.877207 -0.442276 0.186814 -0.580467 -0.813855 -0.0264188 -0.528874 -0.848697 0.002312 0.213521 -0.390112 0.895668 -0.849016 -0.514757 -0.119151 -0.694511 -0.698635 -0.171939 -0.791562 -0.563087 -0.237407 0.17321 0.467908 -0.866637 -0.86399 -0.371163 -0.340233 -0.464015 0.884208 -0.0535297 -0.4269 0.903443 -0.0393342 -0.838145 -0.355497 -0.413684 -0.585852 -0.76354 -0.271632 -0.422148 0.309085 -0.852207 -0.33963 -0.934191 -0.109262 -0.334717 -0.913098 0.232846 -0.373537 -0.927553 0.0107347 -0.149618 -0.982673 -0.109402 -0.451085 -0.770382 -0.450593 -0.103594 -0.802103 -0.588131 -0.196197 -0.548411 -0.812866 -0.0812562 -0.644407 -0.760354 -0.852848 0.497536 0.158454 -0.234233 -0.457301 -0.857911 -0.328465 -0.850137 -0.411557 -0.449066 -0.413383 -0.79212 -0.593739 -0.481263 0.644872 -0.579137 -0.360331 -0.731274 -0.358839 -0.840326 -0.406309 -0.74417 -0.300021 -0.596823 -0.144504 0.986445 -0.0777435 0.867882 -0.487949 0.0932062 0.843835 -0.491946 0.214316 0.849074 -0.490215 0.196881 0.026653 0.0407275 -0.998815 0.381337 -0.172706 -0.90816 0.345546 -0.162565 -0.924214 -0.760777 0.485589 -0.430606 -0.806943 0.476317 -0.349235 0.440386 -0.0987694 -0.892359 0.472 -0.211584 -0.855832 -0.800287 0.462057 -0.382156 0.397146 -0.263808 -0.879022 -0.184897 -0.918371 0.349867 -0.30626 -0.794097 0.52499 0.597262 -0.200971 -0.776459 0.631305 -0.45672 0.626786 0.644358 -0.465429 0.606777 0.786011 -0.167424 -0.59511 0.663518 -0.121608 -0.738211 0.550102 -0.484599 0.680111 0.659578 0.0104323 -0.751564 -0.0089594 -0.355709 -0.934554 0.166352 0.858667 -0.484786 0.532274 -0.441307 -0.722449 -0.592485 0.314342 -0.741721 0.378291 0.87347 -0.306505 0.384588 0.867498 -0.315498 0.562591 -0.446763 0.695625 0.743057 -0.458046 -0.487914 0.648215 -0.646258 -0.402702 0.398854 -0.371984 -0.838179 0.600138 -0.589414 -0.540764 0.525067 -0.619111 -0.583957 0.366481 0.404146 -0.838068 0.825383 0.480974 0.295647 0.837769 0.503263 0.211823 -0.529537 0.0928586 -0.843189 0.0219409 0.989639 0.141894 0.0331663 0.967376 0.251163 -0.643917 0.501274 0.578009 -0.0140049 -0.932371 -0.361232 -0.156497 -0.958721 -0.23741 0.851009 0.48401 -0.20376 -0.515463 0.453146 -0.727294 -0.684807 0.277999 -0.673614 -0.173477 0.980013 -0.0973623 -0.303622 0.847782 -0.434833 -0.0940065 0.992896 -0.0729378 -0.0249086 0.992893 -0.116371 -0.772101 0.324963 -0.546131 -0.192068 0.491987 0.849151 -0.900039 0.268433 -0.343328 -0.191194 0.494364 0.847967 -0.957182 0.251673 -0.143048 -0.964791 0.198232 -0.172866 -0.090282 0.48136 0.871861 -0.972063 0.0851802 -0.218719 -0.172947 0.50405 0.846182 -0.822332 0.230418 -0.520266 0.57913 0.695271 -0.425684 -0.919504 0.330128 -0.213372 0.503753 0.861914 0.0577677 -0.893268 0.448636 -0.0282437 0.195325 0.980529 -0.020259 -0.964305 0.263873 -0.0220784 0.0627472 -0.468337 -0.881319 0.0207649 -0.466974 -0.884027 -0.0560905 -0.47633 -0.877476 -0.997235 0.0743161 0.000621722 0.00491426 -0.49384 -0.869539 0.009847 0.479443 -0.877518 -0.99723 -0.074369 0.00111371 -0.0143934 0.483348 -0.87531 -0.995818 -0.0858786 0.0311789 -0.704228 -0.2049 -0.679763 0.236876 -0.971349 -0.0192411 -0.96505 -0.261143 -0.0219865 0.455037 -0.889879 0.0325033 -0.344244 -0.468825 -0.813449 0.262869 0.94887 -0.174771 -0.865801 0.240733 0.438675 -0.51051 -0.399071 -0.761657 -0.832516 0.36574 0.416115 0.323163 0.926896 -0.190863 -0.467952 0.0726154 -0.880765 -0.947699 0.309019 -0.0798383 -0.453717 0.0475739 -0.889875 -0.644522 0.646109 0.40882 -0.822568 0.510164 0.251228 -0.614176 0.629945 0.47535 -0.0346517 0.998064 0.0516558 0.026544 0.991549 0.126984 0.0253603 0.990828 0.132727 -0.0109548 0.998196 0.0590382 -0.0686647 0.978248 0.195744 0.271124 0.838521 0.472624 0.102109 0.877028 0.469464 0.360073 0.590037 0.722637 0.422595 0.438405 0.79323 0.419043 0.273068 0.865931 0.508617 0.0360615 0.860238 -0.643495 0.6277 0.438071 -0.646339 0.646262 0.405698 -0.788831 0.364565 0.494812 -0.290257 -0.135635 0.947288 -0.815233 -0.443288 0.37268 -0.852375 -0.216814 0.475866 -0.772672 -0.452617 0.445101 -0.369615 -0.234938 0.898993 0.541155 0.820547 0.183994 -0.739851 -0.17473 0.649685 -0.718961 -0.0735979 0.691143 -0.647186 -0.540542 0.537555 -0.525697 -0.712227 0.465161 -0.479447 -0.72707 0.491426 -0.334056 -0.741464 0.581926 -0.00448359 -0.753744 0.657153 0.0202294 -0.707462 0.706462 -0.267774 -0.792419 0.548059 -0.362117 -0.839231 0.405664 0.00174821 -0.999461 0.0327692 0.0170814 -0.99578 0.0901706 0.00042128 -1 0.00014487 0.014328 -0.999897 -0.000162367 0.28758 -0.956512 -0.0488068 0.648103 -0.742152 -0.170802 6.21352e-05 -1 0.000151861 3.84472e-06 -1 0.000247865 0.296968 -0.954439 -0.0292542 5.59779e-05 -1 -4.29171e-05 -0.108125 -0.989756 0.0932314 -0.205251 -0.965428 0.16069 -0.00511586 -0.999987 -0.000385321 -0.29552 -0.949066 0.109282 0.178816 -0.976587 0.119592 0.176853 -0.976389 0.124044 0.469584 -0.821066 0.324563 0.526146 -0.77725 0.345042 0.4163 -0.836624 0.356026 0.189667 -0.973938 0.124382 5.31473e-08 -1 -7.86521e-08 0.29655 -0.954788 0.0209492 0.757961 -0.650719 0.0453825 0.814358 -0.577101 0.0614431 0.279583 -0.959888 0.0211847 0.7539 -0.651697 0.0832285 0.972847 -0.204277 0.108813 0.978035 -0.206088 0.0312416 0.954795 -0.290046 0.0651122 0.968183 0.000733444 0.25024 0.954408 -0.000443224 0.298506 1.33901e-08 1 1.77147e-07 0.896333 -8.52744e-08 0.443381 0.954256 -5.75043e-08 0.298991 -0.00258323 0.999996 0.000869339 0.935492 -0.340759 -0.0934763 0.956921 -0.289216 -0.025612 0.943292 -0.331809 -0.0101847 7.18803e-05 1 0.000215866 0.967833 -0.203359 -0.148134 0.000140915 1 0.000188468 0.000149373 1 0.000162485 0.599124 -1.23191e-07 0.800656 0.677188 -1.13213e-07 0.73581 0.677188 -1.13213e-07 0.73581 0.896333 -6.82195e-08 0.443381 -2.90622e-06 -1 -1.60812e-06 -3.93281e-05 -1 0.000236318 0.000129252 -1 0.000140259 0.958503 0.236069 -0.159823 0.939676 0.316215 -0.130448 0.000119071 -1 0.000158972 0.0045128 -0.999867 -0.0156676 0.000196707 -1 -0.000513505 -7.07697e-07 -1 2.28855e-06 0.613471 -1.21508e-07 0.789718 0.599124 -1.23191e-07 0.800656 0.000534879 -1 -0.000115443 -0.72049 0.0518637 0.691523 -0.684574 0.161655 0.710793 -0.742534 0.183357 0.644223 -0.827663 0.10647 0.551033 -0.869962 0.107144 0.481337 -0.777272 0.355721 0.518951 -0.727516 0.271622 0.630033 -0.809017 0.303865 0.503148 -0.271077 0.945502 0.180396 -0.428893 0.885273 0.179842 -0.00329857 0.999987 0.00376451 -0.456082 0.854455 0.248787 0.00127771 0.999999 -0.000811464 0.933429 0.266057 -0.240673 0.700495 0.699934 -0.139285 0.772886 0.632552 -0.0502537 0.728197 0.683291 -0.0533066 -0.2297 0.972667 0.0340254 0.00266217 0.999996 -0.000768133 0.002843 0.999996 -0.000826003 0.591629 0.805009 0.0440018 0.992729 0.0576574 -0.105664 0.997266 0.0137058 -0.0726142 0.9796 -0.036239 -0.197661 0.956441 0.0872064 -0.278597 0.92437 -0.10541 -0.366644 0.640597 0.719942 -0.267057 0.515925 0.766141 -0.383209 0.847777 0.103718 -0.520112 0.281086 0.934881 -0.216766 0.107748 0.993018 -0.048014 0.0635223 0.997271 -0.0376141 -0.220728 0.952592 0.209398 -0.398451 0.865723 0.30292 0.0291499 0.266571 0.963374 0.859519 0.0781797 0.50509 0.890835 0.0199691 0.453888 0.801354 0.0955013 -0.590517 0.928879 -0.0718457 -0.363348 0.773591 0.0583731 -0.630991 0.000299881 1 0.000149831 0.312443 0.91876 -0.241372 0.000308252 1 0.000155393 0.212774 0.974943 -0.0649155 0.142849 0.985705 -0.0893246 -0.216588 0.953525 0.209474 -0.128473 0.980455 0.149005 -0.478939 0.696417 0.534434 -0.300565 0.762261 0.573253 7.2333e-05 0.80597 0.591957 0.310137 0.759641 0.57163 0.0124343 0.78356 0.621192 0.00922649 0.999955 0.00209189 0.095854 0.993518 0.0611028 0.000818665 1 0.000401522 0.000292533 1 0.00015189 0.365616 0.930757 0.0039606 0.489107 0.868931 -0.0757201 0.352125 0.935953 0.000722822 0.834706 0.544919 -0.0795492 0.297636 0.954661 0.00597978 0.753939 0.656764 0.0153913 0.958588 0.284382 0.0153658 0.927976 0.372174 -0.018619 0.763111 0.644183 0.0518548 0.772102 0.635389 0.0117965 0.801355 0.594136 0.0695172 0.764017 0.639667 0.0842829 0.967497 0.207966 0.143873 0.96829 0.205618 0.141901 0.809687 0.574723 0.118741 0.794906 0.590691 0.138594 0.765088 0.628595 0.139675 0.969134 0.182942 0.16526 0.782701 0.60215 0.157459 0.830872 0.533546 0.158053 0.970516 0.157706 0.182286 0.967646 0.185888 0.170605 0.970409 -0.158234 0.182395 0.605214 -0.788826 0.107094 0.745218 -0.649854 0.149467 0.741829 -0.657363 0.13253 0.341444 -0.937084 0.0727245 -6.47975e-06 -1 -1.04394e-05 0.289266 -0.956275 0.0431771 0.257011 -0.965514 0.041557 0.529907 -0.773669 0.347325 0.190594 -0.973697 0.124855 0.529883 -0.773616 0.347481 0.283254 -0.943885 0.16985 0.263169 -0.961116 0.0836517 0.712269 -0.678176 0.18097 0.663165 -0.71526 0.22049 0.528039 -0.774808 0.347632 0.55662 -0.789506 0.258561 0.565745 -0.752249 0.33772 0.645188 -0.630269 0.431849 0.759083 -0.448252 0.472084 0.75458 -0.432586 0.493435 0.768378 -0.439839 0.464905 0.765591 -0.41848 0.488615 0.758918 -0.41865 0.498774 0.719979 -0.480267 0.500973 0.529833 -0.77376 0.347236 0.742368 -0.459074 0.487997 0.62433 -0.622969 0.471299 0.448265 -0.796724 0.405327 0.701503 -0.546128 0.457863 0.502373 -0.759414 0.413415 0.00115618 -0.975976 0.217874 -0.518563 -0.854464 -0.0313656 0.0278701 -0.971392 0.235842 -0.218867 -0.973892 0.0602585 0.0258842 -0.975924 0.216569 0.261019 -0.912911 0.313787 -0.621716 -0.762115 -0.180692 -0.640417 -0.74672 -0.179652 -0.432099 -0.894239 -0.116732 -0.275405 -0.961325 -0.00231958 -0.44436 -0.888513 -0.114403 -0.216537 -0.97529 -0.0438352 -0.159882 -0.986068 -0.0459073 0.435087 -0.856136 0.278801 0.392234 -0.868558 0.302918 -0.179934 -0.982973 -0.0372498 -0.179308 -0.983503 -0.0238729 -0.178655 -0.983202 -0.0373696 0.189861 -0.980515 0.0504366 0.208992 -0.97414 0.0858668 0.191793 -0.979284 0.0649538 0.51279 -0.84523 0.150443 0.670767 -0.73909 0.0617918 0.496828 -0.858698 0.1257 0.216906 -0.974252 0.0615195 0.643664 -0.752101 0.141568 0.226918 -0.972891 0.0446196 -0.197657 -0.978185 -0.0639187 -0.61492 -0.762671 -0.200516 -0.59864 -0.781645 -0.175104 -0.64124 -0.745374 -0.182291 -0.223863 -0.970255 -0.0921466 -0.190189 -0.979575 -0.0652802 -0.887279 -0.390464 -0.245506 -0.654364 -0.730289 -0.196179 -0.891457 -0.383078 -0.241983 -0.956829 -0.130793 -0.25956 -0.961489 -0.150446 -0.23001 -0.961134 0.152797 -0.229945 -0.956388 0.132966 -0.260081 -0.887884 0.388642 -0.246209 -0.892522 0.380388 -0.242302 -0.654696 0.730006 -0.196126 -0.225338 0.969998 -0.0912475 -0.664388 0.728012 -0.169074 0.215638 0.975301 -0.0478321 -0.257173 0.960489 -0.106414 -0.237729 0.965314 -0.107956 -0.692629 0.703897 -0.157459 -0.686586 0.714559 -0.134178 -0.26112 0.959135 -0.108974 -0.690851 0.711319 -0.129418 -0.667732 0.737935 -0.0979081 -0.904392 0.401992 -0.143099 -0.895401 0.436323 -0.0887673 -0.892767 0.440643 -0.0938125 -0.981774 0.168409 -0.0880768 -0.979996 0.182926 -0.0784008 -0.975524 0.21794 -0.0292278 -0.982041 0.188453 -0.00897902 -0.870083 0.491663 -0.0349757 -0.982799 -0.184464 -0.00891938 -0.980156 -0.177692 -0.0878635 -0.984742 -0.157415 -0.0741812 -0.893194 -0.440885 -0.088458 -0.90256 -0.40618 -0.142843 -0.8973 0.412617 -0.156846 -0.972273 0.174787 -0.155354 -0.973654 0.16025 -0.162225 -0.968252 0.134688 -0.210588 -0.899183 0.388276 -0.201771 -0.903613 0.380903 -0.195949 -0.968765 -0.131877 -0.210005 -0.902208 -0.384294 -0.195804 -0.89564 -0.416439 -0.156229 -0.974425 -0.159408 -0.158384 -0.898195 -0.390934 -0.20104 -0.972851 -0.165441 -0.161836 -0.663872 -0.728484 -0.169073 -0.22903 -0.969073 -0.0918804 0.215373 -0.976502 -0.0076894 0.221627 -0.975097 -0.00814488 0.672466 -0.736077 0.0773275 0.895529 -0.422873 0.138589 0.875579 -0.471285 0.10607 0.682661 -0.727339 0.070362 0.974651 -0.162778 0.153487 0.974827 0.161186 0.154051 0.972629 -0.171752 0.156507 0.973145 0.168725 0.156589 0.973709 0.197292 0.113874 0.856698 0.507048 0.0947101 0.884028 0.46145 0.0745483 0.856666 0.513803 0.0461547 0.632571 0.773764 0.0338132 0.638627 0.769362 0.0154414 0.193698 0.978738 -0.067473 0.598093 0.801059 -0.0242922 0.605447 0.79448 -0.0472829 0.143919 0.985861 -0.0858245 0.11825 0.989549 -0.0825165 -0.297274 0.949671 -0.098761 -0.230167 0.969564 -0.0834821 -0.562955 0.824904 0.051137 -0.230837 0.972421 -0.033336 -0.510842 0.859652 -0.00622858 -0.751385 0.654991 0.0800466 -0.757449 0.634911 0.152179 -0.473108 0.8756 0.0974327 -0.699179 0.680679 0.218688 -0.698576 0.68182 0.217056 -0.445305 0.894032 0.0490913 -0.402722 0.903367 0.147457 -0.667977 0.685633 0.289333 -0.6677 0.686312 0.288363 -0.381031 0.918684 0.104096 -0.336576 0.921161 0.195394 -0.344402 0.901636 0.261611 -0.259604 0.926529 0.272306 -0.547813 0.769007 0.329439 -0.604996 0.683805 0.407909 -0.321386 0.933509 0.158969 0.00197249 0.992324 0.123652 -0.177173 0.967371 0.181116 0.0121863 0.99801 0.0618733 0.00306307 0.997188 0.0748784 0.0566062 0.98754 0.146832 0.00481389 0.985289 0.170827 0.0117051 0.986932 0.160709 0.11514 0.988029 0.102667 0.251963 0.964042 0.0844803 0.212075 0.97661 0.035456 0.25257 0.963934 0.083904 -0.0483154 0.919724 -0.38958 -0.0984091 0.854971 -0.509254 0.779316 0.618894 -0.0981672 -0.55403 0.639527 -0.532969 -0.00421342 0.999969 -0.00657632 -0.844735 0.23786 0.479422 -0.814738 0.332857 0.474772 -0.801479 0.332286 0.497209 -0.842977 0.189024 0.503646 -0.812193 0.359339 0.459584 -0.868855 0.124375 0.47919 -0.767989 0.346594 0.538578 -0.520162 0.76162 0.38648 -0.517316 0.76578 0.382055 -0.702779 0.551153 0.449813 -0.646562 0.544205 0.534601 -0.55774 0.738941 0.378011 -0.663083 0.565061 0.490945 -0.481838 0.75471 0.445246 -0.309968 0.902444 0.299189 -0.228136 0.894523 0.384424 -0.346937 0.886763 0.305429 -0.316725 0.896886 0.308675 -0.274245 0.960644 0.0441916 -0.590754 0.254333 -0.765718 -0.609736 0.293504 -0.736259 -0.454176 0.815526 -0.358667 -0.397715 0.78 -0.483138 -0.52952 0.0814086 -0.844382 -0.52977 0.0805042 -0.844312 -0.48465 0.415671 -0.769631 -0.273509 0.793044 -0.54431 -0.514251 0.110898 -0.850439 -0.515847 0.243029 -0.821486 -0.527182 0.114043 -0.842065 0.435451 0.660862 -0.611264 0.176029 0.417043 -0.891678 -0.184366 0.711477 -0.678093 -0.190239 0.933705 -0.30332 -0.429194 0.589544 -0.684274 -0.429181 0.589582 -0.684249 -0.512508 0.263872 -0.817133 -0.515458 0.236619 0.823599 -0.38304 0.169756 -0.908 -0.856819 0.432217 -0.281159 -0.600767 0.673654 -0.430428 -0.181636 0.939508 -0.290401 -0.286615 0.68754 -0.667189 -0.550783 0.829428 0.0932001 -0.212702 0.432879 -0.875999 0.257255 0.821244 -0.509292 -0.750386 0.585535 -0.306709 -0.137582 0.96469 0.224599 -0.14638 0.960939 0.234879 -0.847 0.261173 0.463011 -0.900988 0.124977 0.415452 -0.837113 0.359783 0.412065 -0.872574 -0.277039 0.402324 -0.844637 -0.18689 0.501657 -0.623193 -0.658391 0.42208 -0.670054 -0.683084 0.290558 -0.669867 -0.683469 0.290084 -0.896566 -0.264847 0.355 -0.335559 -0.921246 0.196738 -0.256488 -0.925817 0.277629 -0.350984 -0.897909 0.26565 -0.32048 -0.933534 0.160644 -0.56061 -0.757421 0.334707 -0.530963 -0.754382 0.385987 -0.540916 -0.739863 0.400015 -0.322669 -0.893022 0.313683 -0.321229 -0.894162 0.311909 -0.117925 -0.966775 0.226805 0.0104082 -0.989699 0.142785 0.135216 -0.98469 0.110005 0.256205 -0.96339 0.0789902 0.26965 -0.960655 0.066562 -0.0174972 -0.829567 -0.558133 -0.215422 -0.490332 -0.844493 -0.529565 -0.0789236 -0.84459 -0.529704 -0.0805098 -0.844353 -0.466055 -0.337823 -0.817721 -0.305372 -0.801191 -0.514627 -0.308543 -0.807281 -0.50309 -0.590542 -0.261158 -0.763582 -0.595694 -0.27214 -0.755704 -0.750317 -0.570106 -0.33467 -0.475019 -0.226391 0.850356 -0.745138 -0.342427 -0.572288 -0.552912 -0.782922 -0.285168 -0.0236623 -0.999023 -0.0373233 -0.19005 -0.93397 -0.302622 -0.193816 -0.931115 -0.308967 -0.429949 -0.587701 -0.685385 0.301261 -0.950096 -0.0809875 -0.498194 -0.67427 -0.545126 0.243119 -0.931845 -0.269368 0.93012 -0.310967 -0.195389 0.58077 -0.792993 -0.184034 0.953109 -0.120599 -0.277559 0.958273 -0.179447 -0.222512 0.588045 -0.100268 -0.802589 0.128177 -0.0151473 -0.991636 0.484734 0.171694 -0.857644 0.9537 0.14371 -0.264202 0.935582 0.225902 -0.271394 0.953023 0.121036 -0.277662 0.962912 -0.126992 -0.238061 0.963797 0.119657 -0.23828 0.962333 -0.12931 -0.239152 0.962929 0.17569 -0.204699 0.970353 -0.125953 -0.206277 0.963997 0.131109 -0.231343 0.970356 0.130152 -0.203643 0.970893 -0.1259 -0.203756 0.969967 -0.153906 -0.188356 0.977258 -0.120999 -0.174141 0.918426 -0.365634 -0.151012 0.941622 -0.287698 -0.174867 0.932697 -0.32224 -0.161983 0.974233 0.149141 -0.169197 0.974743 0.140383 -0.173693 0.987451 -0.153498 -0.0371238 0.704726 -0.707784 -0.0490306 0.952242 -0.292007 -0.0892559 0.716886 -0.69719 -0.00102778 0.796334 -0.598241 -0.0892179 0.901128 -0.416112 -0.121732 0.945907 -0.292786 -0.139771 0.952523 0.295548 -0.0731502 0.94945 0.299223 -0.0949212 0.703228 0.709107 -0.0513637 0.717043 0.696848 -0.0158571 0.951227 0.292418 -0.0982814 0.946494 -0.308522 -0.0946763 0.961164 -0.274275 -0.0306165 0.963028 0.267722 -0.0300253 0.950733 0.306628 -0.0456649 0.725513 0.687379 -0.0337778 0.954928 -0.295954 -0.0228632 0.953775 0.300485 0.00458691 0.769105 -0.639006 0.0121936 0.958932 -0.2825 0.025375 0.971921 -0.229747 0.05086 0.971458 0.231706 0.0508102 0.970511 0.235355 0.0521198 0.804384 0.593104 0.0345442 0.779767 0.625897 -0.0146965 0.969178 -0.239969 0.0557559 0.965614 -0.244972 0.0870539 0.966606 0.240904 0.0873953 0.972743 -0.201797 0.114236 0.973519 0.197981 0.114297 0.857148 -0.512999 0.0461357 0.832805 -0.549345 0.0682302 0.973097 -0.200522 0.113456 0.857171 -0.506301 0.0944271 0.635992 -0.770948 0.0339753 0.641958 -0.766578 0.015762 0.884494 -0.460597 0.0743047 0.601436 -0.798561 -0.0239781 0.189586 -0.979513 -0.0679028 -0.289443 -0.951878 -0.100757 -0.302814 -0.947932 -0.0986321 0.140185 -0.986376 -0.0860892 -0.233314 -0.968864 -0.0828646 0.115267 -0.989871 -0.0828817 -0.561902 -0.825581 0.051794 -0.509905 -0.860215 -0.00526635 -0.233061 -0.971935 -0.0320089 -0.787724 -0.601925 0.13106 -0.750741 -0.655663 0.0805862 -0.810174 -0.585523 0.0279322 -0.560625 -0.828069 -0.000500518 -0.864069 -0.502769 -0.0246582 -0.637334 -0.769506 -0.0408152 -0.824845 -0.562378 0.0579846 -0.622444 -0.780337 -0.0603209 -0.967617 -0.239891 0.0785426 -0.970593 -0.223746 0.0888136 -0.863421 -0.503809 -0.0260991 -0.979677 -0.199646 -0.0193477 -0.980005 0.196771 0.0295337 -0.877112 0.479945 0.0180932 -0.965756 0.243912 0.0884433 -0.832105 0.550276 0.0692699 -0.965818 0.243537 0.0887979 -0.845616 0.533113 -0.0269131 -0.623473 0.779482 -0.0607367 -0.561792 0.827278 -0.00116932 -0.812161 0.582781 0.0275736 -0.638342 0.768646 -0.0412626 -0.667266 0.738267 -0.0985787 -0.282944 0.953804 -0.101002 -0.950077 0.2668 0.161777 -0.789498 0.599338 0.132235 -0.952936 0.249308 0.172507 -0.950352 -0.266239 0.161083 -0.953439 -0.247178 0.172792 -0.898545 0.319385 0.301014 -0.897524 -0.322694 0.300532 -0.924713 -0.264353 0.273904 -0.924516 0.263561 0.275328 -0.7569 -0.635343 0.153106 -0.700443 -0.679623 0.217929 -0.471994 -0.876073 0.0985745 -0.444151 -0.894545 0.0501883 -0.401555 -0.903728 0.14842 -0.700598 -0.679326 0.218352 -0.175191 -0.984493 0.00903326 -0.0423951 -0.999091 -0.00441654 0.0020189 -0.999617 0.0276103 0.0437815 -0.988952 -0.14162 -0.380058 -0.918926 0.1055 0.411512 -0.909612 -0.0571261 0.0827681 -0.994934 -0.0570557 0.435581 -0.899388 -0.0370081 0.489923 -0.868492 -0.0754731 0.107735 -0.991605 -0.0714983 0.0991953 -0.992103 -0.0767607 0.489022 -0.869229 -0.0727962 0.756696 -0.652516 -0.0404329 0.723797 -0.689687 -0.0212182 -0.199308 -0.978827 -0.0466355 0.00683723 -0.997101 0.0757813 0.0179702 -0.998047 0.05982 0.39223 -0.919586 -0.0227569 0.0892373 -0.991953 0.0898137 0.258212 -0.96514 0.042798 0.0616483 -0.987735 0.143455 0.380429 -0.922474 0.0656866 0.353376 -0.935471 0.00440919 -0.890358 -0.445483 -0.0938513 -0.666792 -0.738803 -0.097769 -0.690038 -0.712134 -0.129278 -0.26629 -0.957673 -0.109327 0.177308 -0.982991 -0.0478587 0.212205 -0.976026 -0.048396 -0.262638 -0.958946 -0.106971 -0.24115 -0.964382 -0.108691 -0.692032 -0.704487 -0.157448 0.659781 -0.751092 0.0234545 -0.685891 -0.715278 -0.133908 -0.666495 -0.739014 -0.0981993 0.546339 -0.837071 -0.0287237 0.828974 -0.559136 0.0130047 0.801852 -0.596345 0.0374887 0.795859 -0.605339 -0.0131339 0.54384 -0.83903 -0.0163381 0.608799 -0.791919 -0.0471928 0.832262 0.550157 0.0683124 0.486892 0.870456 -0.0724022 0.543308 0.839027 -0.0291565 0.0834878 0.99489 -0.0567715 0.487794 0.869726 -0.0750571 0.109574 0.991376 -0.0718788 0.102193 0.991827 -0.0763993 0.043805 0.98877 -0.142881 -0.175528 0.984444 0.00777784 -0.199215 0.97883 -0.0469703 0.412274 0.909298 -0.0566296 -0.0435741 0.999043 -0.0038111 0.434889 0.899696 -0.0376662 -0.00148895 0.999641 0.0267417 0.772604 0.634883 -0.00269338 0.73182 0.680264 -0.0410008 0.828195 0.56029 0.0129323 0.540853 0.840953 -0.0165907 0.705593 0.706553 -0.054056 0.356 0.934478 0.00382149 0.392977 0.919284 -0.0220519 0.710089 -0.70208 -0.0534573 0.631169 0.77484 -0.0353378 0.43063 0.902291 0.020699 0.383303 0.92117 0.067261 0.440973 0.897255 0.0218132 0.610864 0.791599 -0.0147066 0.470232 0.879208 0.0766472 0.893009 0.4316 -0.127504 0.790736 0.604641 -0.0956383 0.974117 0.150918 -0.168288 0.978477 0.149712 -0.142015 0.908131 0.391639 -0.14804 0.804071 -0.588025 -0.0877272 0.624959 -0.780045 -0.0309241 0.422096 -0.906143 0.0272034 0.622013 -0.782495 -0.028312 0.414912 -0.909321 0.0313675 -0.528143 -0.113884 -0.841484 -0.527548 -0.14043 -0.837838 -0.512012 -0.262448 -0.817903 0.318077 -0.592541 -0.740083 0.105587 -0.457523 -0.882907 -0.090081 -0.576751 -0.811938 -0.434399 -0.576696 -0.691896 -0.136988 -0.721926 -0.678275 0.970056 0.1415 -0.197404 0.923549 0.328971 -0.197067 0.938371 0.267266 -0.219153 0.931904 0.313465 -0.18247 0.906698 0.398432 -0.138384 0.540507 0.826098 -0.15942 0.292832 0.953288 -0.0740995 0.317999 0.944876 -0.0780135 -0.0958369 0.983543 -0.153163 -0.0890063 0.98573 -0.142876 -0.271964 0.858888 -0.433989 -0.00578651 0.999952 -0.00790992 -0.755255 0.249399 0.606127 -0.412383 0.890824 0.190717 -0.775412 0.134763 0.616908 -0.829082 0.0386808 0.557787 -0.789817 0.172134 0.588693 -0.554903 0.8314 0.0292689 -0.928543 0.223372 0.2965 -0.974902 0.200133 0.0975295 -0.866494 0.00431206 -0.499168 -0.771055 -0.104524 0.628132 -0.989756 -0.120868 0.0759846 -0.557326 -0.716507 0.41953 -0.757282 -0.255813 0.600902 -0.761842 -0.240853 0.601321 -0.547416 -0.727969 0.412791 -0.362054 -0.928957 0.0771796 -0.283895 -0.856103 -0.431847 -0.855232 -0.476745 -0.203206 -0.089536 -0.985756 -0.142368 -0.0040639 -0.999971 -0.00646787 -0.00411084 -0.999969 -0.00665617 0.0282273 -0.910001 -0.413644 0.104509 -0.967553 -0.230041 -0.460248 -0.494785 -0.73713 -0.464419 -0.48576 -0.740508 -0.524726 -0.157242 -0.836623 -0.464367 -0.485956 -0.740412 -0.524856 -0.156307 -0.836717 -0.531308 -0.000517591 -0.847178 -0.531552 0.00207191 -0.847023 -0.525114 0.154026 -0.836978 -0.464482 0.485464 -0.740663 -0.275647 0.854923 -0.439461 -0.531212 -0.00105026 -0.847238 -0.126567 0.2966 -0.946578 -0.524757 0.157288 -0.836595 -0.463987 0.487299 -0.739767 0.126059 0.734405 -0.666902 -0.279908 0.52006 -0.806963 -0.0751097 -0.278886 -0.957382 -0.524587 -0.161071 -0.835981 -0.833861 -0.276296 -0.477846 -0.275454 -0.855108 -0.439221 -0.274628 -0.8561 -0.437804 -0.0929502 -0.984576 -0.148226 -0.282727 -0.841588 -0.460211 0.290282 -0.954199 -0.0723884 0.414737 -0.903983 -0.103964 -0.760482 -0.377249 0.528536 -0.84057 -0.0966313 0.533014 -0.770086 -0.364048 0.523867 -0.741481 -0.396598 0.541217 -0.834415 -0.307486 0.457388 -0.802713 -0.281993 0.525482 -0.824996 0.0205622 0.564764 -0.0533629 -0.9981 -0.0308076 -0.709431 -0.534729 0.459099 -0.67621 -0.615785 0.404412 -0.584142 -0.618504 -0.525577 -0.788053 -0.122183 0.60336 -0.783356 -0.100831 0.61334 -0.774775 0.194101 0.601705 -0.813501 0.184377 0.551563 -0.785407 0.204056 0.584377 0.923692 0.287698 -0.25303 0.951553 -0.0663048 -0.30025 -0.0296939 -0.998431 -0.047482 -0.771751 -0.481857 -0.414987 -0.53763 -0.108079 -0.836225 -0.240159 -0.693347 -0.679407 0.113633 -0.984648 0.132503 -0.15036 -0.975528 0.160428 -0.116814 -0.967338 0.224972 -0.877017 -0.11341 0.466883 -0.897534 0.26142 0.355094 -0.69545 0.573405 0.433077 -0.72617 0.57487 0.377097 0.3141 0.924302 -0.21681 0.181945 0.98217 -0.0472977 0.656962 0.75357 0.0230681 0.68011 0.729736 0.0702559 0.87518 0.471961 0.10636 0.895296 0.423215 0.139049 0.890175 0.431043 0.147613 0.670406 0.738 0.0768896 0.678857 0.726752 0.104812 0.669287 0.734732 0.110558 0.238618 0.97095 0.0177984 0.224453 0.974453 -0.00785058 0.21726 0.976086 -0.00732941 0.207417 0.977874 0.0272168 -0.191236 0.979272 -0.0667489 -0.222421 0.970657 -0.0913998 -0.641439 0.745245 -0.182116 -0.61515 0.762508 -0.200431 -0.880128 0.386588 -0.275544 -0.871827 0.401901 -0.279989 -0.944584 0.131663 -0.300709 -0.944897 -0.130318 -0.300311 -0.871742 -0.40245 -0.279464 -0.939543 -0.146698 -0.309416 -0.939471 0.147229 -0.309383 -0.854279 -0.426523 -0.297129 -0.934447 -0.134422 -0.329757 -0.866572 -0.405612 -0.290744 -0.544221 -0.805287 -0.235235 -0.565977 -0.803756 -0.18343 -0.848849 -0.447042 -0.282151 -0.653386 -0.727602 -0.209002 -0.93353 -0.176299 -0.312153 -0.834189 -0.478081 -0.274895 -0.853375 -0.449148 -0.264609 -0.841442 0.473649 -0.260062 -0.634131 0.750769 -0.185 -0.618285 0.771366 -0.150728 -0.182422 0.980708 0.070242 -0.463672 0.873688 -0.147229 -0.246109 0.969178 0.0111089 -0.433715 0.893912 -0.113194 0.400978 0.843431 0.357549 0.670929 0.555519 0.491175 0.735548 0.469274 0.488621 0.636733 0.622984 0.454382 0.127117 0.958838 0.253911 0.162385 0.945284 0.282964 0.52934 0.730713 0.431112 0.530377 0.773115 0.347842 0.357261 0.865358 0.351454 0.423695 0.829422 0.364061 0.576656 0.765701 0.284904 0.15377 0.972402 0.175467 6.30684e-05 1 -2.29614e-05 5.22808e-06 1 6.18431e-05 0.0112945 0.999934 0.00195207 0.151298 0.978003 0.143595 0.0851943 0.99489 0.0541761 -8.04405e-06 1 -0.000483025 0.887467 0.37947 -0.261543 0.445638 0.890778 -0.0890018 0.998534 0.0240277 0.048504 0.965906 0.209454 0.152168 0.212191 0.96975 0.120662 0.209844 0.969293 0.128207 -0.063511 0.982487 0.175174 -0.430555 0.901698 -0.0395272 -0.155116 0.975212 0.157801 -0.607858 0.793202 -0.0365921 -0.606246 0.794514 -0.0348172 -0.831021 0.518814 -0.200589 -0.404276 0.914394 0.0210699 -0.0890519 0.976648 0.195521 -0.485478 0.871889 -0.0641959 -0.617823 0.769235 -0.16301 -0.836206 0.506496 -0.210288 -0.832357 0.510953 -0.214728 -0.839315 0.476158 -0.262345 -0.940668 0.164732 -0.29666 -0.942215 0.160095 -0.294278 -0.946684 0.205244 -0.248323 -0.943509 -0.151442 -0.294715 -0.944792 -0.197883 -0.261171 -0.825162 -0.518011 -0.225328 -0.842049 -0.495629 -0.212849 -0.626694 -0.762475 -0.160891 -0.639367 -0.752218 -0.159306 -0.831933 -0.516665 -0.202348 -0.588998 -0.807687 -0.0268973 -0.855689 -0.48528 -0.179721 -0.961455 -0.182951 -0.205266 -0.972045 -0.204907 -0.114635 -0.956433 -0.198243 -0.214325 -0.879306 -0.461155 -0.118978 -0.859584 -0.491183 -0.140908 -0.829578 -0.558091 0.0182792 -0.220096 -0.963363 0.153262 -0.822566 -0.553777 0.129291 -0.857199 -0.513931 0.0329262 -0.540467 -0.826105 0.159521 -0.96067 -0.211721 0.179686 -0.905619 -0.178269 0.384805 -0.92319 -0.0468683 0.381476 -0.96159 -0.178275 0.208717 -0.861854 -0.293019 0.41394 -0.814922 -0.208928 0.540602 -0.715403 -0.479109 0.50858 -0.48435 -0.829272 0.27877 -0.510476 -0.818818 0.262586 -0.960008 0.210469 0.184629 -0.961094 0.187992 0.202378 -0.893041 0.184158 0.410564 -0.910215 0.146908 0.387203 -0.86289 0.476809 0.167551 -0.828403 0.434045 0.354054 -0.880408 0.448938 0.152762 -0.862609 0.381692 0.33199 -0.880807 0.473426 0.00681943 -0.875856 0.482572 0.000847411 -0.872916 0.47842 -0.0955555 -0.886325 0.446787 -0.12169 -0.96599 0.220726 -0.134697 -0.961479 0.1707 -0.215451 -0.447523 0.894244 -0.0071338 -0.970677 0.206287 -0.123414 -0.978139 0.207879 0.00557725 -0.977077 0.212684 0.00923973 -0.977638 -0.210098 0.00912806 -0.968672 -0.215652 -0.123159 -0.978008 -0.20843 0.00763588 -0.807653 -0.144854 0.571589 -0.900908 -0.147211 0.408282 -0.807742 0.144106 0.571652 -0.828225 -0.105925 0.550293 -0.440462 -0.883444 0.159748 -0.540207 -0.826243 0.159685 -0.563836 -0.825886 0.000524662 -0.185079 -0.961039 0.205305 -0.255327 -0.95417 0.156101 0.473295 0.813492 0.337969 0.998981 0.0106289 0.0438681 0.998069 0.0451252 -0.0426805 -1.31203e-07 1 -1.26444e-06 0.26107 0.965068 0.0220393 0.333696 0.941795 0.0408483 0.26865 0.962409 0.0399567 0.295831 0.953338 0.0602572 0.245554 0.968334 0.0450721 3.1123e-06 1 2.24827e-06 0.189816 0.973901 0.124448 0.189771 0.973914 0.124411 0.530722 0.772819 0.347973 0.530509 0.773081 0.347715 0.756427 0.425777 0.49652 0.729154 0.464408 0.502652 0.333276 0.892607 0.303612 -0.0372556 0.996152 0.0793241 -0.182466 0.982441 -0.0389306 -0.440268 0.890966 -0.111102 -0.184962 0.982022 -0.0377112 0.125682 0.989449 0.0720777 0.150977 0.988534 -0.0023474 -0.185085 0.981961 -0.0386853 -0.598849 0.781572 -0.174715 -0.866782 0.405113 -0.290814 -0.565927 0.803836 -0.183232 -0.652617 0.728396 -0.208639 -0.544476 0.80492 -0.235903 -0.855155 0.424979 -0.296821 -0.858592 0.425535 -0.2859 -0.846662 0.443654 -0.293828 -0.934822 0.135845 -0.328106 -0.931014 0.158242 -0.328896 -0.931481 0.146216 -0.333112 -0.930904 -0.150315 -0.332902 -0.17379 0.983968 -0.0400446 -0.199326 0.977848 -0.0638868 -0.59878 0.7816 -0.174825 0.189097 0.98031 0.0568677 0.209791 0.976121 0.0563526 0.460058 0.879781 0.119717 0.605529 0.789487 0.100229 0.743887 0.518413 0.421758 0.744007 0.527626 0.409957 0.648138 0.678888 0.345005 0.52953 0.794522 0.297209 0.50641 0.783905 0.359224 0.480023 0.812861 0.329902 0.75941 0.408391 0.506472 0.489406 0.769534 0.410244 0.530412 0.773144 0.347723 0.763606 0.4215 0.489125 0.554019 0.787559 0.269842 0.576438 0.728547 0.370053 0.904873 0.422261 0.0538572 0.889536 0.420568 0.178462 0.676986 0.734843 -0.0411818 0.648589 0.747652 0.142646 0.786179 0.589942 0.184096 0.665884 0.734027 0.133428 0.903878 0.396334 0.161007 0.968709 -0.154487 0.194261 0.968975 0.152992 0.194116 0.75961 -0.61666 0.206696 0.923754 -0.334344 0.186798 0.831698 -0.498384 0.244729 0.829901 -0.499307 0.248911 0.901554 -0.426262 0.074169 0.893414 -0.413919 0.174593 0.971278 0.142819 0.190321 0.971094 -0.144141 0.190264 0.969735 -0.159295 0.185036 0.970012 0.157416 0.185195 0.667569 -0.733038 0.13041 0.897803 -0.406083 0.170428 0.890424 -0.430672 0.147195 0.670598 -0.733505 0.110764 0.680669 -0.725066 0.104737 0.237147 -0.971315 0.0175592 0.911443 -0.372766 0.174121 0.864247 0.462452 0.198029 0.334186 0.931383 0.144379 0.448363 0.890454 0.0778661 0.055975 0.997588 0.0410536 0.243212 0.956779 0.159445 0.27358 0.957498 0.0913823 0.480674 0.85602 0.190218 0.900819 0.392247 0.18619 0.92805 0.311473 0.204226 0.897446 0.406755 0.170709 0.228891 0.972418 0.044867 -0.641717 0.744591 -0.183802 -0.598624 -0.781651 -0.17513 -0.87961 -0.387978 -0.275244 -0.950635 -0.148543 -0.272447 -0.950405 0.150044 -0.27243 0.202114 -0.978954 0.0282749 -0.0441579 -0.993765 0.102374 0.427944 -0.836212 0.342947 0.302899 -0.902559 0.306006 0.335714 -0.880731 0.334079 0.524174 -0.77671 0.349233 0.530248 -0.773297 0.347633 0.189762 -0.973916 0.124409 -0.00917121 -0.999923 -0.00835541 0.810552 -0.571367 0.128629 0.967851 -0.20626 0.143949 0.969772 -0.200423 0.139188 0.765934 -0.633368 0.110407 0.969223 -0.182268 0.165485 0.967736 -0.185418 0.170607 0.790901 0.6 0.120313 0.973 -0.203803 0.108326 0.972937 0.204088 0.108364 0.971549 0.20855 0.11225 0.978159 0.206262 0.0257116 0.963741 0.257103 0.0714244 0.993127 -0.0741955 0.0905186 0.000967295 -1 -0.000234757 0.961796 0.273442 -0.0133241 0.950617 0.304563 -0.0597411 0.51489 0.854098 -0.0735198 0.517758 0.844109 -0.139306 0.599887 0.677947 0.424881 0.325336 0.936757 0.12901 0.443613 0.332101 0.832416 0.493931 0.10208 0.863488 0.376183 0.67501 0.634703 0.0170696 0.0901531 0.995782 -0.472456 0.0969314 0.876008 -0.44297 0.351298 0.824844 0.0129277 0.0810312 0.996628 0 0.936637 0.3503 0 -0.912935 0.408105 0.0179834 0.329783 0.943885 0.0151996 0.34217 0.939515 -0.44651 0.342123 0.826789 -0.389956 0.475601 0.788503 -0.314309 0.745894 0.587241 -0.594963 0.494647 0.633516 -0.455794 0.745297 0.486605 -2.1169e-06 -1 -7.92997e-06 -0.494437 0.0490328 0.867829 0.0111565 -0.999106 0.0407707 4.20845e-08 -1 -1.47082e-07 0.855218 0.0882694 0.510696 -2.3201e-06 -1 -8.06996e-07 0.865164 0.0655906 0.497181 0.508723 0.075088 0.85765 0.990115 0.13784 0.0259309 0.986808 0.157319 0.0382135 0.956747 0.151054 -0.248631 0.937476 0.262697 -0.228318 0.995564 0.0938027 0.00734849 0.995552 0.0942088 0 0.971025 0.103912 -0.215206 0.969608 0.104307 -0.221313 -0.0666261 -0.997778 0 0.758905 0.650421 -0.03186 0.693179 0.706673 -0.14183 -0.644539 0.36045 0.674274 -0.655144 0.29322 0.696282 -0.641693 0.438945 0.628934 -0.358633 0.234268 0.903604 -0.73481 0.259185 0.626799 -0.0171678 0.999395 0.0302355 0.265086 0.113495 0.957522 -0.00480675 0.99998 0.00422292 0.812967 -0.0572402 -0.57949 0.216672 0.970571 -0.105096 0.889747 0.0966784 -0.446098 0.0304635 0.999019 -0.0321261 -0.289228 0.95565 0.0555087 -0.85556 -0.105744 0.506789 -0.652014 -0.0027785 0.758201 0.613571 0.000157469 0.789639 0.890649 -0.410889 -0.194717 0.950313 -0.198618 -0.239701 0.972407 -0.102515 -0.209561 0.000125831 1 -0.000170154 0.00426609 0.999881 -0.0148193 -1.66679e-06 1 5.95852e-06 -5.64544e-06 1 -1.42022e-06 -4.20959e-08 1 1.46992e-07 0.995607 -0.0932886 0.00798617 -0.0603554 0.998177 0 0.995598 -0.0937269 0 0.969384 -0.103601 -0.222626 -5.36399e-06 1 -1.94053e-05 0.857176 -0.057444 0.511811 0.844254 -0.0921217 0.527966 2.54793e-09 1 2.03096e-07 0.496509 -0.0788977 0.864439 0.486402 -0.0960435 0.86844 0.609267 -0.706246 0.360571 0.709703 -0.703356 0.0401635 0.909886 -0.413121 -0.0379399 0.99765 -0.0683799 -0.00435691 0.571456 -0.738487 0.357875 0.328811 -0.735695 0.592146 0.0231702 -0.116161 0.99296 0.0124822 -0.0994792 0.994961 -0.483752 -0.116408 0.867429 -0.480784 -0.12072 0.868489 -0.669415 -0.195556 0.716687 0.568068 -0.815414 -0.11135 0.763972 -0.644386 -0.0333717 0.709674 -0.704186 -0.022015 3.5677e-06 1 4.74402e-06 0.341541 -0.72369 0.599685 -0.179073 0 0.983836 -4.85962e-08 1 2.6699e-07 0.847471 -0.0185435 0.530517 -0.179073 0 0.983836 0.873916 0 0.486077 0.00337686 0.999981 0.00521115 0.00611566 0.999928 0.0103679 0.441279 0.557215 0.703409 0.799157 0.427093 0.423013 0.921122 -0.352462 0.165241 0.107582 -0.642849 -0.7584 0.760386 -0.641781 -0.0996533 0.589897 -0.287854 0.754428 0.467673 -0.883873 0.00711699 0.390009 -0.92081 0.000950832 0.281894 -0.954651 0.0957962 0.176318 -0.979781 0.0945581 0.425682 -0.904506 0.0257687 0.188806 -0.97416 0.123953 0.108367 -0.982771 0.149723 0.0655507 -0.979835 0.188752 0.195431 -0.97263 0.125691 0.102764 -0.98492 0.139183 0.112466 -0.987582 0.109697 -0.118351 -0.955099 -0.271621 -0.400334 -0.666243 -0.629168 -0.256243 -0.919426 -0.298322 0.0431325 -0.983977 0.172997 0.0374753 -0.981936 0.185465 -0.0929498 -0.953517 0.286645 -0.31655 -0.83909 0.442408 -0.299797 -0.856462 0.420232 -0.0952135 -0.953121 0.287217 -0.302658 -0.861978 0.406683 -0.100919 -0.955014 0.27886 -0.198595 -0.894454 0.40064 -0.274592 -0.917712 0.287062 -0.0286043 -0.969896 0.241832 0.0173511 -0.98567 0.167789 0.0521449 -0.975131 0.215409 0.437389 -0.227013 0.870147 0.360668 -0.0597728 0.930777 0.526778 0.0783997 0.846379 0.528513 0.0823718 0.84492 0.528673 0.124977 0.839575 -0.185812 -0.0827554 0.979094 0.428223 0.589332 0.685064 -0.813877 -0.0796616 0.575551 -0.000348056 0.999948 0.0102168 0.00239052 0.999954 0.00925968 0.00263771 0.999953 0.00928145 -0.453435 0.81611 0.358276 -0.86337 0 0.504572 -0.860754 -0.0126251 0.508865 -0.822033 0.030029 0.568648 0.162886 0.970216 0.179303 -0.527302 0.417426 0.740073 0.235532 0.85086 0.469641 0.434497 0.614348 0.658627 0.709696 0.701564 -0.0643363 -0.753993 -0.247895 0.608312 -0.717659 -0.267955 0.642779 -0.649345 -0.463025 0.60329 -0.728742 -0.268789 0.629831 -0.647569 -0.444063 0.619244 -0.64343 -0.462545 0.609958 -0.618598 -0.522664 0.58665 -0.490529 -0.682206 0.542195 -0.30944 -0.947921 -0.0754451 -0.627616 -0.350518 -0.695151 -0.589053 -0.10754 -0.800907 -0.809617 -0.417454 -0.412617 -0.961217 -0.274915 0.0219861 -0.75841 -0.0855078 0.646144 -0.931018 -0.030348 0.36371 -0.659383 -0.0167763 -0.75162 -0.737955 -0.0122059 -0.67474 -0.534518 0.0054493 -0.845139 -0.531568 0.000156968 -0.847016 -0.531479 -8.45148e-05 -0.847071 -0.532012 -0.000415519 -0.846737 -0.531466 -9.14228e-05 -0.84708 -0.403512 0.72245 -0.561465 -0.548678 0.0753177 -0.832634 -0.594634 0.242934 -0.766416 -0.0887703 0.954329 0.285265 -0.12089 0.948017 0.294362 -0.00748186 0.973873 0.22697 0.0839264 0.985036 0.150531 0.0224935 0.982501 0.184893 0.0751027 0.985547 0.151844 0.187505 0.974018 0.127005 0.0908185 0.982783 0.1609 0.418569 0.908151 -0.00783221 0.162128 0.980933 0.107164 0.372057 0.927029 0.0468019 0.587275 0.351217 0.729215 0.584103 0.16071 0.795611 0.536862 -0.0669639 0.841008 0.530621 -0.080667 0.843762 0.524731 -0.125832 0.841917 0.449041 -0.537549 0.713724 0.393711 0.21349 0.8941 0.309368 0.394032 0.865465 -0.0281657 0.916027 0.400126 -0.113244 0.955567 0.272152 -0.266439 0.920798 0.284852 -0.291805 0.897033 0.331936 -0.192207 0.899487 0.392402 -0.65923 0.610724 0.43867 -0.544268 0.591518 0.594878 -0.468368 0.758733 0.452721 -0.575532 0.679813 0.454551 -0.284928 0.873674 0.394347 -0.511884 0.691026 0.51035 -0.527547 0.519811 0.671931 -0.773263 0.521347 0.360918 -0.687146 0.505297 0.52202 -0.0828927 -0.848163 0.52321 -0.557852 -0.705364 0.437336 0.0117343 -0.999898 0.00809395 0.0040936 -0.999965 0.00731162 -0.010605 -0.999815 0.0160214 -0.863003 0 0.5052 -0.860762 0.0116928 0.508874 -0.0211605 -0.999665 0.0148848 -0.721916 0.269608 0.637298 -0.767448 0.183654 0.614244 -0.653604 0.453578 0.605862 -0.651714 0.453325 0.608083 -0.653164 0.46338 0.598878 -0.779517 0.200364 0.59347 -0.727377 0.245662 0.640759 -0.721758 0.221371 0.65579 -0.972397 0.222106 -0.071505 -0.753627 0.0526477 0.655191 -0.764687 -0.10067 0.636489 -0.767344 -0.113408 0.631128 -0.756962 0.0689768 0.649808 0.442493 -0.512152 0.736138 0.52977 -0.136483 0.837088 0.645433 -0.120642 0.754229 0.521296 -0.0745472 0.850114 -0.0903656 0.0345667 0.995309 0.510516 0.119875 0.851471 0.545888 0.0275647 0.837405 0.531638 0.00271421 0.846967 0.531373 8.55495e-05 0.847138 0.529924 -0.00837659 0.848004 0.531326 0.0109669 0.847097 0.532331 -0.00612536 0.846514 0.531349 8.81632e-05 0.847153 0.528905 0.0214583 0.84841 0.909214 0.0939767 -0.405584 0.911221 -0.0989338 -0.399861 0.903045 0.0453395 -0.427147 0.29682 0.0250379 -0.954605 0.882688 0.279589 -0.377745 0.882124 0.292856 -0.368908 -0.526963 0.00604645 -0.849867 -0.529294 0.00184626 -0.848437 -0.459766 0.17972 -0.869664 0.547133 0.83308 -0.0813841 0.503796 0.859749 -0.0837924 0.211846 0.748605 -0.628261 0.092626 0.384502 -0.918465 0.825409 0.478878 -0.298959 0.80673 0.506628 -0.304161 0.835101 0.499133 -0.23124 0.785335 0.607 -0.121658 0.683808 0.700578 -0.203953 0.714788 0.687719 -0.126965 0.772447 0.61859 -0.143775 0.527005 0.849195 -0.0336567 0.454866 0.889314 0.0470895 0.874975 0.445338 -0.189978 0.925931 -0.338203 -0.16814 0.741841 -0.651334 -0.159483 0.00530071 -0.999973 0.00500301 0.954848 0.000675692 -0.297095 0.958529 0.0225266 -0.284103 0.00400292 -0.999975 0.0058037 0.0311852 -0.998814 0.0373896 0.923666 -0.00664735 -0.383141 0.909608 -0.0421718 -0.413323 0.0740391 -0.988812 -0.129497 0.269302 -0.88919 0.36989 0.905734 0.358002 -0.226894 0.880177 0.400816 -0.254233 0.897844 0.316137 -0.306485 0.524787 -0.0367814 0.850439 0.547985 -0.121014 0.827689 0.915606 -0.0142447 -0.401824 0.432243 -0.518624 0.737696 0.339505 -0.834462 0.434062 0.898276 0.323005 -0.297939 0.77018 -0.61417 -0.172096 0.883971 -0.0429933 0.465562 0.538352 -0.572255 0.618628 0.495018 0.111122 0.861747 0.139519 -0.0434276 0.989267 0.00376946 -0.999973 0.00626685 0.497787 0.00995415 0.867242 -2.58291e-08 -1 -7.46728e-08 -3.74639e-09 -1 -1.70334e-07 4.01638e-09 -1 -1.72597e-07 -3.0356e-06 -1 -1.13172e-06 0.856871 0.0138892 0.515344 5.79242e-09 -1 -3.18239e-08 -1.53229e-06 -1 -2.4106e-06 0.00379186 -0.999975 0.00601521 0.0348873 -0.997944 0.0537711 0.00452977 -0.999962 0.00745401 0.00418865 -0.999968 0.00681059 0.194448 -0.930593 0.310141 0.433641 -0.577681 0.691549 0.531784 -0.000541635 0.84688 0.532681 -0.00750425 0.846283 0.154098 -0.987756 -0.0243097 0.971566 -0.170486 0.164297 0.555779 0.831069 -0.020849 0.757679 0.644393 -0.103348 -0.291782 0.430903 -0.853924 0.736452 0.199571 0.646383 0.872825 0.48802 -0.00362027 0.696934 -0.551636 0.458237 0.195663 -0.929722 0.311981 0.877403 0 0.479754 -0.179073 0 0.983836 -0.179073 0 0.983836 3.0323e-08 -1 -1.77123e-07 2.39888e-08 -1 -1.76718e-07 0.723175 0.661808 -0.197557 0.664064 0.724729 -0.183811 0.375954 0.926416 -0.0203031 0.317506 0.94817 0.0127551 0.291793 0.954456 0.0622199 0.3399 0.938844 0.0551266 0.181002 0.978241 0.101409 0.193386 0.974008 0.117943 -0.015654 0.976236 -0.216144 -0.289001 0.750235 -0.594664 0.143573 0.985027 0.0954364 -0.397722 0.614518 -0.681312 -0.34564 0.775808 -0.527877 -0.480488 0.144138 -0.865076 -0.221229 0.0381638 -0.974475 -0.531484 -8.91744e-05 -0.847068 0.595135 -0.153403 -0.788849 0.899215 -0.159734 -0.407304 0.880191 -0.300514 -0.367362 0.891279 -0.268698 -0.365271 0.84873 -0.474162 -0.234153 0.821888 -0.481202 -0.304868 0.888893 -0.380465 -0.255178 0.907067 -0.29894 -0.296421 0.906859 -0.303136 -0.292772 0.837302 0.503011 -0.214254 0.29503 0.951269 -0.0896947 0.00389172 0.999973 0.00616129 0.478162 0.873141 -0.0947983 0.0235103 0.999599 0.015813 0.779542 0.624111 0.0529073 0.910314 0.0392983 -0.412048 0.559408 0.120851 0.820035 0.915603 0.0145022 -0.401822 0.954848 0 -0.297095 -3.71436e-08 1 1.79245e-07 -1.27099e-07 1 1.88477e-07 0.92643 0 -0.376467 -0.00589227 0 0.999983 -1.26078e-09 1 2.13968e-07 0.350412 0.00200744 0.936594 4.10292e-08 1 1.09664e-07 3.28711e-08 1 1.48113e-07 0.359537 0 0.933131 -0.00589227 0 0.999983 0.0037039 0.999975 0.00600658 0.901472 0 0.432838 0.00376763 0.999973 0.00629371 0.00374656 0.999972 0.00641209 0.53023 -0.00674785 0.847827 2.34416e-08 1 1.84974e-07 0.00378645 0.999975 0.00603304 0.531629 0.00382225 0.846969 0.192912 0.931648 0.307925 0.0337297 0.998056 0.0524103 0.77616 0.552551 0.303749 0.919229 0.367464 -0.14138 0.91457 -0.343016 -0.214248 0.902859 -0.380227 -0.200683 0.901472 0 0.432838 0.954848 0 -0.297095 0.00388938 0.999973 0.00616281 0.0463142 0.994592 0.0929629 0.31799 0.83931 0.440955 0.332075 0.743824 0.580045 0.641051 -0.448336 -0.622935 0.848859 -0.437646 -0.296487 0.0184729 -0.44822 -0.893732 0.403343 -0.560473 -0.723315 0.241117 -0.698529 -0.673735 0.73557 -0.633729 -0.239424 0.653393 -0.745785 -0.129932 0.677808 -0.710318 -0.189803 0.468013 -0.882472 -0.0469681 0.47624 -0.877152 -0.0616376 -0.271126 -0.518551 -0.810923 -0.0154256 -0.724818 -0.688768 -0.483158 -0.176148 -0.857631 0.202635 -0.975994 0.0798409 -0.132119 -0.920672 -0.367297 0.303888 -0.95207 0.0348381 0.200033 -0.976279 0.0828591 0.305104 -0.95174 0.0331975 -0.531246 0.00038734 -0.847217 -0.530578 -0.00141417 -0.847635 -0.00752255 -0.152544 -0.988268 0.497373 -0.867374 -0.0168273 0.419217 -0.905278 0.0687656 0.77627 -0.614288 -0.141616 0.793603 -0.59837 -0.110218 0.70665 -0.697697 -0.11775 0.370295 -0.292482 -0.881667 -3.48746e-06 1 -8.73619e-07 0.373889 -0.619904 0.689874 0.272216 -0.889984 0.365825 -0.789158 -0.0426026 0.61271 -0.958463 0.226861 -0.172865 -0.650797 0.685875 -0.325637 -0.261149 0.882943 0.390144 -0.282106 0.863804 0.417444 -0.487223 0.686979 0.539141 -0.452369 0.7072 0.543351 -0.569176 0.60316 0.558781 -0.649232 0.41268 0.6389 -0.488777 0.699808 0.520928 -0.708273 0.435684 0.555453 -0.68467 0.509624 0.521066 -0.761658 -0.342542 0.550038 -0.688348 -0.27094 0.672881 0.119946 -0.650379 0.75008 0.0336019 0.974503 0.221846 0.00473297 0.985203 0.171324 0.366468 0.625233 0.689046 0.529995 -0.0776593 0.844437 0.166587 0.981311 0.0963197 0.0608204 0.981715 0.18038 -0.188653 0.975291 -0.114968 -0.260662 0.963759 -0.0567822 -0.532151 -0.00157727 -0.846648 -0.716676 -0.269219 0.643347 -0.476884 -0.705635 0.52408 -0.529036 -0.672079 0.518103 -0.564016 -0.58272 0.585084 -0.69813 -0.450429 0.556532 -0.66794 -0.596807 0.444609 -0.733863 -0.39202 0.554767 -0.568888 -0.66794 0.479815 -0.73376 0.331745 0.59291 -1.77119e-06 1 -2.35757e-06 0.226195 0.903387 0.364318 0.135165 -0.979237 0.151083 0.552369 -0.0481331 0.832209 0.533842 0.0639948 0.843159 -0.301226 -0.887723 0.348153</float_array>
                    <technique_common>
                        <accessor count="2120" source="#shape0-lib-normals-array" stride="3">
                            <param name="X" type="float"/>
                            <param name="Y" type="float"/>
                            <param name="Z" type="float"/>
                        </accessor>
                    </technique_common>
                </source>
                <source id="shape0-lib-map" name="map">
                    <float_array id="shape0-lib-map-array" count="12720">0 0 0 0 0 0 0 0 0 0 0 0 0 0 0 0 0 0 0 0 0 0 0 0 0 0 0 0 0 0 0 0 0 0 0 0 0 0 0 0 0 0 0 0 0 0 0 0 0 0 0 0 0 0 0 0 0 0 0 0 0 0 0 0 0 0 0 0 0 0 0 0 0 0 0 0 0 0 0 0 0 0 0 0 0 0 0 0 0 0 0 0 0 0 0 0 0 0 0 0 0 0 0 0 0 0 0 0 0 0 0 0 0 0 0 0 0 0 0 0 0 0 0 0 0 0 0 0 0 0 0 0 0 0 0 0 0 0 0 0 0 0 0 0 0 0 0 0 0 0 0 0 0 0 0 0 0 0 0 0 0 0 0 0 0 0 0 0 0 0 0 0 0 0 0 0 0 0 0 0 0 0 0 0 0 0 0 0 0 0 0 0 0 0 0 0 0 0 0 0 0 0 0 0 0 0 0 0 0 0 0 0 0 0 0 0 0 0 0 0 0 0 0 0 0 0 0 0 0 0 0 0 0 0 0 0 0 0 0 0 0 0 0 0 0 0 0 0 0 0 0 0 0 0 0 0 0 0 0 0 0 0 0 0 0 0 0 0 0 0 0 0 0 0 0 0 0 0 0 0 0 0 0 0 0 0 0 0 0 0 0 0 0 0 0 0 0 0 0 0 0 0 0 0 0 0 0 0 0 0 0 0 0 0 0 0 0 0 0 0 0 0 0 0 0 0 0 0 0 0 0 0 0 0 0 0 0 0 0 0 0 0 0 0 0 0 0 0 0 0 0 0 0 0 0 0 0 0 0 0 0 0 0 0 0 0 0 0 0 0 0 0 0 0 0 0 0 0 0 0 0 0 0 0 0 0 0 0 0 0 0 0 0 0 0 0 0 0 0 0 0 0 0 0 0 0 0 0 0 0 0 0 0 0 0 0 0 0 0 0 0 0 0 0 0 0 0 0 0 0 0 0 0 0 0 0 0 0 0 0 0 0 0 0 0 0 0 0 0 0 0 0 0 0 0 0 0 0 0 0 0 0 0 0 0 0 0 0 0 0 0 0 0 0 0 0 0 0 0 0 0 0 0 0 0 0 0 0 0 0 0 0 0 0 0 0 0 0 0 0 0 0 0 0 0 0 0 0 0 0 0 0 0 0 0 0 0 0 0 0 0 0 0 0 0 0 0 0 0 0 0 0 0 0 0 0 0 0 0 0 0 0 0 0 0 0 0 0 0 0 0 0 0 0 0 0 0 0 0 0 0 0 0 0 0 0 0 0 0 0 0 0 0 0 0 0 0 0 0 0 0 0 0 0 0 0 0 0 0 0 0 0 0 0 0 0 0 0 0 0 0 0 0 0 0 0 0 0 0 0 0 0 0 0 0 0 0 0 0 0 0 0 0 0 0 0 0 0 0 0 0 0 0 0 0 0 0 0 0 0 0 0 0 0 0 0 0 0 0 0 0 0 0 0 0 0 0 0 0 0 0 0 0 0 0 0 0 0 0 0 0 0 0 0 0 0 0 0 0 0 0 0 0 0 0 0 0 0 0 0 0 0 0 0 0 0 0 0 0 0 0 0 0 0 0 0 0 0 0 0 0 0 0 0 0 0 0 0 0 0 0 0 0 0 0 0 0 0 0 0 0 0 0 0 0 0 0 0 0 0 0 0 0 0 0 0 0 0 0 0 0 0 0 0 0 0 0 0 0 0 0 0 0 0 0 0 0 0 0 0 0 0 0 0 0 0 0 0 0 0 0 0 0 0 0 0 0 0 0 0 0 0 0 0 0 0 0 0 0 0 0 0 0 0 0 0 0 0 0 0 0 0 0 0 0 0 0 0 0 0 0 0 0 0 0 0 0 0 0 0 0 0 0 0 0 0 0 0 0 0 0 0 0 0 0 0 0 0 0 0 0 0 0 0 0 0 0 0 0 0 0 0 0 0 0 0 0 0 0 0 0 0 0 0 0 0 0 0 0 0 0 0 0 0 0 0 0 0 0 0 0 0 0 0 0 0 0 0 0 0 0 0 0 0 0 0 0 0 0 0 0 0 0 0 0 0 0 0 0 0 0 0 0 0 0 0 0 0 0 0 0 0 0 0 0 0 0 0 0 0 0 0 0 0 0 0 0 0 0 0 0 0 0 0 0 0 0 0 0 0 0 0 0 0 0 0 0 0 0 0 0 0 0 0 0 0 0 0 0 0 0 0 0 0 0 0 0 0 0 0 0 0 0 0 0 0 0 0 0 0 0 0 0 0 0 0 0 0 0 0 0 0 0 0 0 0 0 0 0 0 0 0 0 0 0 0 0 0 0 0 0 0 0 0 0 0 0 0 0 0 0 0 0 0 0 0 0 0 0 0 0 0 0 0 0 0 0 0 0 0 0 0 0 0 0 0 0 0 0 0 0 0 0 0 0 0 0 0 0 0 0 0 0 0 0 0 0 0 0 0 0 0 0 0 0 0 0 0 0 0 0 0 0 0 0 0 0 0 0 0 0 0 0 0 0 0 0 0 0 0 0 0 0 0 0 0 0 0 0 0 0 0 0 0 0 0 0 0 0 0 0 0 0 0 0 0 0 0 0 0 0 0 0 0 0 0 0 0 0 0 0 0 0 0 0 0 0 0 0 0 0 0 0 0 0 0 0 0 0 0 0 0 0 0 0 0 0 0 0 0 0 0 0 0 0 0 0 0 0 0 0 0 0 0 0 0 0 0 0 0 0 0 0 0 0 0 0 0 0 0 0 0 0 0 0 0 0 0 0 0 0 0 0 0 0 0 0 0 0 0 0 0 0 0 0 0 0 0 0 0 0 0 0 0 0 0 0 0 0 0 0 0 0 0 0 0 0 0 0 0 0 0 0 0 0 0 0 0 0 0 0 0 0 0 0 0 0 0 0 0 0 0 0 0 0 0 0 0 0 0 0 0 0 0 0 0 0 0 0 0 0 0 0 0 0 0 0 0 0 0 0 0 0 0 0 0 0 0 0 0 0 0 0 0 0 0 0 0 0 0 0 0 0 0 0 0 0 0 0 0 0 0 0 0 0 0 0 0 0 0 0 0 0 0 0 0 0 0 0 0 0 0 0 0 0 0 0 0 0 0 0 0 0 0 0 0 0 0 0 0 0 0 0 0 0 0 0 0 0 0 0 0 0 0 0 0 0 0 0 0 0 0 0 0 0 0 0 0 0 0 0 0 0 0 0 0 0 0 0 0 0 0 0 0 0 0 0 0 0 0 0 0 0 0 0 0 0 0 0 0 0 0 0 0 0 0 0 0 0 0 0 0 0 0 0 0 0 0 0 0 0 0 0 0 0 0 0 0 0 0 0 0 0 0 0 0 0 0 0 0 0 0 0 0 0 0 0 0 0 0 0 0 0 0 0 0 0 0 0 0 0 0 0 0 0 0 0 0 0 0 0 0 0 0 0 0 0 0 0 0 0 0 0 0 0 0 0 0 0 0 0 0 0 0 0 0 0 0 0 0 0 0 0 0 0 0 0 0 0 0 0 0 0 0 0 0 0 0 0 0 0 0 0 0 0 0 0 0 0 0 0 0 0 0 0 0 0 0 0 0 0 0 0 0 0 0 0 0 0 0 0 0 0 0 0 0 0 0 0 0 0 0 0 0 0 0 0 0 0 0 0 0 0 0 0 0 0 0 0 0 0 0 0 0 0 0 0 0 0 0 0 0 0 0 0 0 0 0 0 0 0 0 0 0 0 0 0 0 0 0 0 0 0 0 0 0 0 0 0 0 0 0 0 0 0 0 0 0 0 0 0 0 0 0 0 0 0 0 0 0 0 0 0 0 0 0 0 0 0 0 0 0 0 0 0 0 0 0 0 0 0 0 0 0 0 0 0 0 0 0 0 0 0 0 0 0 0 0 0 0 0 0 0 0 0 0 0 0 0 0 0 0 0 0 0 0 0 0 0 0 0 0 0 0 0 0 0 0 0 0 0 0 0 0 0 0 0 0 0 0 0 0 0 0 0 0 0 0 0 0 0 0 0 0 0 0 0 0 0 0 0 0 0 0 0 0 0 0 0 0 0 0 0 0 0 0 0 0 0 0 0 0 0 0 0 0 0 0 0 0 0 0 0 0 0 0 0 0 0 0 0 0 0 0 0 0 0 0 0 0 0 0 0 0 0 0 0 0 0 0 0 0 0 0 0 0 0 0 0 0 0 0 0 0 0 0 0 0 0 0 0 0 0 0 0 0 0 0 0 0 0 0 0 0 0 0 0 0 0 0 0 0 0 0 0 0 0 0 0 0 0 0 0 0 0 0 0 0 0 0 0 0 0 0 0 0 0 0 0 0 0 0 0 0 0 0 0 0 0 0 0 0 0 0 0 0 0 0 0 0 0 0 0 0 0 0 0 0 0 0 0 0 0 0 0 0 0 0 0 0 0 0 0 0 0 0 0 0 0 0 0 0 0 0 0 0 0 0 0 0 0 0 0 0 0 0 0 0 0 0 0 0 0 0 0 0 0 0 0 0 0 0 0 0 0 0 0 0 0 0 0 0 0 0 0 0 0 0 0 0 0 0 0 0 0 0 0 0 0 0 0 0 0 0 0 0 0 0 0 0 0 0 0 0 0 0 0 0 0 0 0 0 0 0 0 0 0 0 0 0 0 0 0 0 0 0 0 0 0 0 0 0 0 0 0 0 0 0 0 0 0 0 0 0 0 0 0 0 0 0 0 0 0 0 0 0 0 0 0 0 0 0 0 0 0 0 0 0 0 0 0 0 0 0 0 0 0 0 0 0 0 0 0 0 0 0 0 0 0 0 0 0 0 0 0 0 0 0 0 0 0 0 0 0 0 0 0 0 0 0 0 0 0 0 0 0 0 0 0 0 0 0 0 0 0 0 0 0 0 0 0 0 0 0 0 0 0 0 0 0 0 0 0 0 0 0 0 0 0 0 0 0 0 0 0 0 0 0 0 0 0 0 0 0 0 0 0 0 0 0 0 0 0 0 0 0 0 0 0 0 0 0 0 0 0 0 0 0 0 0 0 0 0 0 0 0 0 0 0 0 0 0 0 0 0 0 0 0 0 0 0 0 0 0 0 0 0 0 0 0 0 0 0 0 0 0 0 0 0 0 0 0 0 0 0 0 0 0 0 0 0 0 0 0 0 0 0 0 0 0 0 0 0 0 0 0 0 0 0 0 0 0 0 0 0 0 0 0 0 0 0 0 0 0 0 0 0 0 0 0 0 0 0 0 0 0 0 0 0 0 0 0 0 0 0 0 0 0 0 0 0 0 0 0 0 0 0 0 0 0 0 0 0 0 0 0 0 0 0 0 0 0 0 0 0 0 0 0 0 0 0 0 0 0 0 0 0 0 0 0 0 0 0 0 0 0 0 0 0 0 0 0 0 0 0 0 0 0 0 0 0 0 0 0 0 0 0 0 0 0 0 0 0 0 0 0 0 0 0 0 0 0 0 0 0 0 0 0 0 0 0 0 0 0 0 0 0 0 0 0 0 0 0 0 0 0 0 0 0 0 0 0 0 0 0 0 0 0 0 0 0 0 0 0 0 0 0 0 0 0 0 0 0 0 0 0 0 0 0 0 0 0 0 0 0 0 0 0 0 0 0 0 0 0 0 0 0 0 0 0 0 0 0 0 0 0 0 0 0 0 0 0 0 0 0 0 0 0 0 0 0 0 0 0 0 0 0 0 0 0 0 0 0 0 0 0 0 0 0 0 0 0 0 0 0 0 0 0 0 0 0 0 0 0 0 0 0 0 0 0 0 0 0 0 0 0 0 0 0 0 0 0 0 0 0 0 0 0 0 0 0 0 0 0 0 0 0 0 0 0 0 0 0 0 0 0 0 0 0 0 0 0 0 0 0 0 0 0 0 0 0 0 0 0 0 0 0 0 0 0 0 0 0 0 0 0 0 0 0 0 0 0 0 0 0 0 0 0 0 0 0 0 0 0 0 0 0 0 0 0 0 0 0 0 0 0 0 0 0 0 0 0 0 0 0 0 0 0 0 0 0 0 0 0 0 0 0 0 0 0 0 0 0 0 0 0 0 0 0 0 0 0 0 0 0 0 0 0 0 0 0 0 0 0 0 0 0 0 0 0 0 0 0 0 0 0 0 0 0 0 0 0 0 0 0 0 0 0 0 0 0 0 0 0 0 0 0 0 0 0 0 0 0 0 0 0 0 0 0 0 0 0 0 0 0 0 0 0 0 0 0 0 0 0 0 0 0 0 0 0 0 0 0 0 0 0 0 0 0 0 0 0 0 0 0 0 0 0 0 0 0 0 0 0 0 0 0 0 0 0 0 0 0 0 0 0 0 0 0 0 0 0 0 0 0 0 0 0 0 0 0 0 0 0 0 0 0 0 0 0 0 0 0 0 0 0 0 0 0 0 0 0 0 0 0 0 0 0 0 0 0 0 0 0 0 0 0 0 0 0 0 0 0 0 0 0 0 0 0 0 0 0 0 0 0 0 0 0 0 0 0 0 0 0 0 0 0 0 0 0 0 0 0 0 0 0 0 0 0 0 0 0 0 0 0 0 0 0 0 0 0 0 0 0 0 0 0 0 0 0 0 0 0 0 0 0 0 0 0 0 0 0 0 0 0 0 0 0 0 0 0 0 0 0 0 0 0 0 0 0 0 0 0 0 0 0 0 0 0 0 0 0 0 0 0 0 0 0 0 0 0 0 0 0 0 0 0 0 0 0 0 0 0 0 0 0 0 0 0 0 0 0 0 0 0 0 0 0 0 0 0 0 0 0 0 0 0 0 0 0 0 0 0 0 0 0 0 0 0 0 0 0 0 0 0 0 0 0 0 0 0 0 0 0 0 0 0 0 0 0 0 0 0 0 0 0 0 0 0 0 0 0 0 0 0 0 0 0 0 0 0 0 0 0 0 0 0 0 0 0 0 0 0 0 0 0 0 0 0 0 0 0 0 0 0 0 0 0 0 0 0 0 0 0 0 0 0 0 0 0 0 0 0 0 0 0 0 0 0 0 0 0 0 0 0 0 0 0 0 0 0 0 0 0 0 0 0 0 0 0 0 0 0 0 0 0 0 0 0 0 0 0 0 0 0 0 0 0 0 0 0 0 0 0 0 0 0 0 0 0 0 0 0 0 0 0 0 0 0 0 0 0 0 0 0 0 0 0 0 0 0 0 0 0 0 0 0 0 0 0 0 0 0 0 0 0 0 0 0 0 0 0 0 0 0 0 0 0 0 0 0 0 0 0 0 0 0 0 0 0 0 0 0 0 0 0 0 0 0 0 0 0 0 0 0 0 0 0 0 0 0 0 0 0 0 0 0 0 0 0 0 0 0 0 0 0 0 0 0 0 0 0 0 0 0 0 0 0 0 0 0 0 0 0 0 0 0 0 0 0 0 0 0 0 0 0 0 0 0 0 0 0 0 0 0 0 0 0 0 0 0 0 0 0 0 0 0 0 0 0 0 0 0 0 0 0 0 0 0 0 0 0 0 0 0 0 0 0 0 0 0 0 0 0 0 0 0 0 0 0 0 0 0 0 0 0 0 0 0 0 0 0 0 0 0 0 0 0 0 0 0 0 0 0 0 0 0 0 0 0 0 0 0 0 0 0 0 0 0 0 0 0 0 0 0 0 0 0 0 0 0 0 0 0 0 0 0 0 0 0 0 0 0 0 0 0 0 0 0 0 0 0 0 0 0 0 0 0 0 0 0 0 0 0 0 0 0 0 0 0 0 0 0 0 0 0 0 0 0 0 0 0 0 0 0 0 0 0 0 0 0 0 0 0 0 0 0 0 0 0 0 0 0 0 0 0 0 0 0 0 0 0 0 0 0 0 0 0 0 0 0 0 0 0 0 0 0 0 0 0 0 0 0 0 0 0 0 0 0 0 0 0 0 0 0 0 0 0 0 0 0 0 0 0 0 0 0 0 0 0 0 0 0 0 0 0 0 0 0 0 0 0 0 0 0 0 0 0 0 0 0 0 0 0 0 0 0 0 0 0 0 0 0 0 0 0 0 0 0 0 0 0 0 0 0 0 0 0 0 0 0 0 0 0 0 0 0 0 0 0 0 0 0 0 0 0 0 0 0 0 0 0 0 0 0 0 0 0 0 0 0 0 0 0 0 0 0 0 0 0 0 0 0 0 0 0 0 0 0 0 0 0 0 0 0 0 0 0 0 0 0 0 0 0 0 0 0 0 0 0 0 0 0 0 0 0 0 0 0 0 0 0 0 0 0 0 0 0 0 0 0 0 0 0 0 0 0 0 0 0 0 0 0 0 0 0 0 0 0 0 0 0 0 0 0 0 0 0 0 0 0 0 0 0 0 0 0 0 0 0 0 0 0 0 0 0 0 0 0 0 0 0 0 0 0 0 0 0 0 0 0 0 0 0 0 0 0 0 0 0 0 0 0 0 0 0 0 0 0 0 0 0 0 0 0 0 0 0 0 0 0 0 0 0 0 0 0 0 0 0 0 0 0 0 0 0 0 0 0 0 0 0 0 0 0 0 0 0 0 0 0 0 0 0 0 0 0 0 0 0 0 0 0 0 0 0 0 0 0 0 0 0 0 0 0 0 0 0 0 0 0 0 0 0 0 0 0 0 0 0 0 0 0 0 0 0 0 0 0 0 0 0 0 0 0 0 0 0 0 0 0 0 0 0 0 0 0 0 0 0 0 0 0 0 0 0 0 0 0 0 0 0 0 0 0 0 0 0 0 0 0 0 0 0 0 0 0 0 0 0 0 0 0 0 0 0 0 0 0 0 0 0 0 0 0 0 0 0 0 0 0 0 0 0 0 0 0 0 0 0 0 0 0 0 0 0 0 0 0 0 0 0 0 0 0 0 0 0 0 0 0 0 0 0 0 0 0 0 0 0 0 0 0 0 0 0 0 0 0 0 0 0 0 0 0 0 0 0 0 0 0 0 0 0 0 0 0 0 0 0 0 0 0 0 0 0 0 0 0 0 0 0 0 0 0 0 0 0 0 0 0 0 0 0 0 0 0 0 0 0 0 0 0 0 0 0 0 0 0 0 0 0 0 0 0 0 0 0 0 0 0 0 0 0 0 0 0 0 0 0 0 0 0 0 0 0 0 0 0 0 0 0 0 0 0 0 0 0 0 0 0 0 0 0 0 0 0 0 0 0 0 0 0 0 0 0 0 0 0 0 0 0 0 0 0 0 0 0 0 0 0 0 0 0 0 0 0 0 0 0 0 0 0 0 0 0 0 0 0 0 0 0 0 0 0 0 0 0 0 0 0 0 0 0 0 0 0 0 0 0 0 0 0 0 0 0 0 0 0 0 0 0 0 0 0 0 0 0 0 0 0 0 0 0 0 0 0 0 0 0 0 0 0 0 0 0 0 0 0 0 0 0 0 0 0 0 0 0 0 0 0 0 0 0 0 0 0 0 0 0 0 0 0 0 0 0 0 0 0 0 0 0 0 0 0 0 0 0 0 0 0 0 0 0 0 0 0 0 0 0 0 0 0 0 0 0 0 0 0 0 0 0 0 0 0 0 0 0 0 0 0 0 0 0 0 0 0 0 0 0 0 0 0 0 0 0 0 0 0 0 0 0 0 0 0 0 0 0 0 0 0 0 0 0 0 0 0 0 0 0 0 0 0 0 0 0 0 0 0 0 0 0 0 0 0 0 0 0 0 0 0 0 0 0 0 0 0 0 0 0 0 0 0 0 0 0 0 0 0 0 0 0 0 0 0 0 0 0 0 0 0 0 0 0 0 0 0 0 0 0 0 0 0 0 0 0 0 0 0 0 0 0 0 0 0 0 0 0 0 0 0 0 0 0 0 0 0 0 0 0 0 0 0 0 0 0 0 0 0 0 0 0 0 0 0 0 0 0 0 0 0 0 0 0 0 0 0 0 0 0 0 0 0 0 0 0 0 0 0 0 0 0 0 0 0 0 0 0 0 0 0 0 0 0 0 0 0 0 0 0 0 0 0 0 0 0 0 0 0 0 0 0 0 0 0 0 0 0 0 0 0 0 0 0 0 0 0 0 0 0 0 0 0 0 0 0 0 0 0 0 0 0 0 0 0 0 0 0 0 0 0 0 0 0 0 0 0 0 0 0 0 0 0 0 0 0 0 0 0 0 0 0 0 0 0 0 0 0 0 0 0 0 0 0 0 0 0 0 0 0 0 0 0 0 0 0 0 0 0 0 0 0 0 0 0 0 0 0 0 0 0 0 0 0 0 0 0 0 0 0 0 0 0 0 0 0 0 0 0 0 0 0 0 0 0 0 0 0 0 0 0 0 0 0 0 0 0 0 0 0 0 0 0 0 0 0 0 0 0 0 0 0 0 0 0 0 0 0 0 0 0 0 0 0 0 0 0 0 0 0 0 0 0 0 0 0 0 0 0 0 0 0 0 0 0 0 0 0 0 0 0 0 0 0 0 0 0 0 0 0 0 0 0 0 0 0 0 0 0 0 0 0 0 0 0 0 0 0 0 0 0 0 0 0 0 0 0 0 0 0 0 0 0 0 0 0 0 0 0 0 0 0 0 0 0 0 0 0 0 0 0 0 0 0 0 0 0 0 0 0 0 0 0 0 0 0 0 0 0 0 0 0 0 0 0 0 0 0 0 0 0 0 0 0 0 0 0 0 0 0 0 0 0 0 0 0 0 0 0 0 0 0 0 0 0 0 0 0 0 0 0 0 0 0 0 0 0 0 0 0 0 0 0 0 0 0 0 0 0 0 0 0 0 0 0 0 0 0 0 0 0 0 0 0 0 0 0 0 0 0 0 0 0 0 0 0 0 0 0 0 0 0 0 0 0 0 0 0 0 0 0 0 0 0 0 0 0 0 0 0 0 0 0 0 0 0 0 0 0 0 0 0 0 0 0 0 0 0 0 0 0 0 0 0 0 0 0 0 0 0 0 0 0 0 0 0 0 0 0 0 0 0 0 0 0 0 0 0 0 0 0 0 0 0 0 0 0 0 0 0 0 0 0 0 0 0 0 0 0 0 0 0 0 0 0 0 0 0 0 0 0 0 0 0 0 0 0 0 0 0 0 0 0 0 0 0 0 0 0 0 0 0 0 0 0 0 0 0 0 0 0 0 0 0 0 0 0 0 0 0 0 0 0 0 0 0 0 0 0 0 0 0 0 0 0 0 0 0 0 0 0 0 0 0 0 0 0 0 0 0 0 0 0 0 0 0 0 0 0 0 0 0 0 0 0 0 0 0 0 0 0 0 0 0 0 0 0 0 0 0 0 0 0 0 0 0 0 0 0 0 0 0 0 0 0 0 0 0 0 0 0 0 0 0 0 0 0 0 0 0 0 0 0 0 0 0 0 0 0 0 0 0 0 0 0 0 0 0 0 0 0 0 0 0 0 0 0 0 0 0 0 0 0 0 0 0 0 0 0 0 0 0 0 0 0 0 0 0 0 0 0 0 0 0 0 0 0 0 0 0 0 0 0 0 0 0 0 0 0 0 0 0 0 0 0 0 0 0 0 0 0 0 0 0 0 0 0 0 0 0 0 0 0 0 0 0 0 0 0 0 0 0 0 0 0 0 0 0 0 0 0 0 0 0 0 0 0 0 0 0 0 0 0 0 0 0 0 0 0 0 0 0 0 0 0 0 0 0 0 0 0 0 0 0 0 0 0 0 0 0 0 0 0 0 0 0 0 0 0 0 0 0 0 0 0 0 0 0 0 0 0 0 0 0 0 0 0 0 0 0 0 0 0 0 0 0 0 0 0 0 0 0 0 0 0 0 0 0 0 0 0 0 0 0 0 0 0 0 0 0 0 0 0 0 0 0 0 0 0 0 0 0 0 0 0 0 0 0 0 0 0 0 0 0 0 0 0 0 0 0 0 0 0 0 0 0 0 0 0 0 0 0 0 0 0 0 0 0 0 0 0 0 0 0 0 0 0 0 0 0 0 0 0 0 0 0 0 0 0 0 0 0 0 0 0 0 0 0 0 0 0 0 0 0 0 0 0 0 0 0 0 0 0 0 0 0 0 0 0 0 0 0 0 0 0 0 0 0 0 0 0 0 0 0 0 0 0 0 0 0 0 0 0 0 0 0 0 0 0 0 0 0 0 0 0 0 0 0 0 0 0 0 0 0 0 0 0 0 0 0 0 0 0 0 0 0 0 0 0 0 0 0 0 0 0 0 0 0 0 0 0 0 0 0 0 0 0 0 0 0 0 0 0 0 0 0 0 0 0 0 0 0 0 0 0 0 0 0 0 0 0 0 0 0 0 0 0 0 0 0 0 0 0 0 0 0 0 0 0 0 0 0 0 0 0 0 0 0 0 0 0 0 0 0 0 0 0 0 0 0 0 0 0 0 0 0 0 0 0 0 0 0 0 0 0 0 0 0 0 0 0 0 0 0 0 0 0 0 0 0 0 0 0 0 0 0 0 0 0 0 0 0 0 0 0 0 0 0 0 0 0 0 0 0 0 0 0 0 0 0 0 0 0 0 0 0 0 0 0 0 0 0 0 0 0 0 0 0 0 0 0 0 0 0 0 0 0 0 0 0 0 0 0 0 0 0 0 0 0 0 0 0 0 0 0 0 0 0 0 0 0 0 0 0 0 0 0 0 0 0 0 0 0 0 0 0 0 0 0 0 0 0 0 0 0 0 0 0 0 0 0 0 0 0 0 0 0 0 0 0 0 0 0 0 0 0 0 0 0 0 0 0 0 0 0 0 0 0 0 0 0 0 0 0 0 0 0 0 0 0 0 0 0 0 0 0 0 0 0 0 0 0 0 0 0 0 0 0 0 0 0 0 0 0 0 0 0 0 0 0 0 0 0 0 0 0 0 0 0 0 0 0 0 0 0 0 0 0 0 0 0 0 0 0 0 0 0 0 0 0 0 0 0 0 0 0 0 0 0 0 0 0 0 0 0 0 0 0 0 0 0 0 0 0 0 0 0 0 0 0 0 0 0 0 0 0 0 0 0 0 0 0 0 0 0 0 0 0 0 0 0 0 0 0 0 0 0 0 0 0 0 0 0 0 0 0 0 0 0 0 0 0 0 0 0 0 0 0 0 0 0 0 0 0 0 0 0 0 0 0 0 0 0 0 0 0 0 0 0 0 0 0 0 0 0 0 0 0 0 0 0 0 0 0 0 0 0 0 0 0 0 0 0 0 0 0 0 0 0 0 0 0 0 0 0 0 0 0 0 0 0 0 0 0 0 0 0 0 0 0 0 0 0 0 0 0 0 0 0 0 0 0 0 0 0 0 0 0 0 0 0 0 0 0 0 0 0 0 0 0 0 0 0 0 0 0 0 0 0 0 0 0 0 0 0 0 0 0 0 0 0 0 0 0 0 0 0 0 0 0 0 0 0 0 0 0 0 0 0 0 0 0 0 0 0 0 0 0 0 0 0 0 0 0 0 0 0 0 0 0 0 0 0 0 0 0 0 0 0 0 0 0 0 0 0 0 0 0 0 0 0 0 0 0 0 0 0 0 0 0 0 0 0 0 0 0 0 0 0 0 0 0 0 0 0 0 0 0 0 0 0 0 0 0 0 0 0 0 0 0 0 0 0 0 0 0 0 0 0 0 0 0 0 0 0 0 0 0 0 0 0 0 0 0 0 0 0 0 0 0 0 0 0 0 0 0 0 0 0 0 0 0 0 0 0 0 0 0 0 0 0 0 0 0 0 0 0 0 0 0 0 0 0 0 0 0 0 0 0 0 0 0 0 0 0 0 0 0 0 0 0 0 0 0 0 0 0 0 0 0 0 0 0 0 0 0 0 0 0 0 0 0 0 0 0 0 0 0 0 0 0 0 0 0 0 0 0 0 0 0 0 0 0 0 0 0 0 0 0 0 0 0 0 0 0 0 0 0 0 0 0 0 0 0 0 0 0 0 0 0 0 0 0 0 0 0 0 0 0 0 0 0 0 0 0 0 0 0 0 0 0 0 0 0 0 0 0 0 0 0 0 0 0 0 0 0 0 0 0 0 0 0 0 0 0 0 0 0 0 0 0 0 0 0 0 0 0 0 0 0 0 0 0 0 0 0 0 0 0 0 0 0 0 0 0 0 0 0 0 0 0 0 0 0 0 0 0 0 0 0 0 0 0 0 0 0 0 0 0 0 0 0 0 0 0 0 0 0 0 0 0 0 0 0 0 0 0 0 0 0 0 0 0 0 0 0 0 0 0 0 0 0 0 0 0 0 0 0 0 0 0 0 0 0 0 0 0 0 0 0 0 0 0 0 0 0 0 0 0 0 0 0 0 0 0 0 0 0 0 0 0 0 0 0 0 0 0 0 0 0 0 0 0 0 0 0 0 0 0 0 0 0 0 0 0 0 0 0 0 0 0 0 0 0 0 0 0 0 0 0 0 0 0 0 0 0 0 0 0 0 0 0 0 0 0 0 0 0 0 0 0 0 0 0 0 0 0 0 0 0 0 0 0 0 0 0 0 0 0 0 0 0 0 0 0 0 0 0 0 0 0 0 0 0 0 0 0 0 0 0 0 0 0 0 0 0 0 0 0 0 0 0 0 0 0 0 0 0 0 0 0 0 0 0 0 0 0 0 0 0 0 0 0 0 0 0 0 0 0 0 0 0 0 0 0 0 0 0 0 0 0 0 0 0 0 0 0 0 0 0 0 0 0 0 0 0 0 0 0 0 0 0 0 0 0 0 0 0 0 0 0 0 0 0 0 0 0 0 0 0 0 0 0 0 0 0 0 0 0 0 0 0 0 0 0 0 0 0 0 0 0 0 0 0 0 0 0 0 0 0 0 0 0 0 0 0 0 0 0 0 0 0 0 0 0 0 0 0 0 0 0 0 0 0 0 0 0 0 0 0 0 0 0 0 0 0 0 0 0 0 0 0 0 0 0 0 0 0 0 0 0 0 0 0 0 0 0 0 0 0 0 0 0 0 0 0 0 0 0 0 0 0 0 0 0 0 0 0 0 0 0 0 0 0 0 0 0 0 0 0 0 0 0 0 0 0 0 0 0 0 0 0 0 0 0 0 0 0 0 0 0 0 0 0 0 0 0 0 0 0 0 0 0 0 0 0 0 0 0 0 0 0 0 0 0 0 0 0 0 0 0 0 0 0 0 0 0 0 0 0 0 0 0 0 0 0 0 0 0 0 0 0 0 0 0 0 0 0 0 0 0 0 0 0 0 0 0 0 0 0 0 0 0 0 0 0 0 0 0 0 0 0 0 0 0 0 0 0 0 0 0 0 0 0 0 0 0 0 0 0 0 0 0 0 0 0 0 0 0 0 0 0 0 0 0 0 0 0 0 0 0 0 0 0 0 0 0 0 0 0 0 0 0 0 0 0 0 0 0 0 0 0 0 0 0 0 0 0 0 0 0 0 0 0 0 0 0 0 0 0 0 0 0 0 0 0 0 0 0 0 0 0 0 0 0 0 0 0 0 0 0 0 0 0 0 0 0 0 0 0 0 0 0 0 0 0 0 0 0 0 0 0 0 0 0 0 0 0 0 0 0 0 0 0 0 0 0 0 0 0 0 0 0 0 0 0 0 0 0 0 0 0 0 0 0 0 0 0 0 0 0 0 0 0 0 0 0 0 0 0 0 0 0 0 0 0 0 0 0 0 0 0 0 0 0 0 0 0 0 0 0 0 0 0 0 0 0 0 0 0 0 0 0 0 0 0 0 0 0 0 0 0 0 0 0 0 0 0 0 0 0 0 0 0 0 0 0 0 0 0 0 0 0 0 0 0 0 0 0 0 0 0 0 0 0 0 0 0 0 0 0 0 0 0 0 0 0 0 0 0 0 0 0 0 0 0 0 0 0 0 0 0 0 0 0 0 0 0 0 0 0 0 0 0 0 0 0 0 0 0 0 0 0 0 0 0 0 0 0 0 0 0 0 0 0 0 0 0 0 0 0 0 0 0 0 0 0 0 0 0 0 0 0 0 0 0 0 0 0 0 0 0 0 0 0 0 0 0 0 0 0 0 0 0 0 0 0 0 0 0 0 0 0 0 0 0 0 0 0 0 0 0 0 0 0 0 0 0 0 0 0 0 0 0 0 0 0 0 0 0 0 0 0 0 0 0 0 0 0 0 0 0 0 0 0 0 0 0 0 0 0 0 0 0 0 0 0 0 0 0 0 0 0 0 0 0 0 0 0 0 0 0 0 0 0 0 0 0 0 0 0 0 0 0 0 0 0 0 0 0 0 0 0 0 0 0 0 0 0 0 0 0 0 0 0 0 0 0 0 0 0 0 0 0 0 0 0 0 0 0 0 0 0 0 0 0 0 0 0 0 0 0 0 0 0 0 0 0 0 0 0 0 0 0 0 0 0 0 0 0 0 0 0 0 0 0 0 0 0 0 0 0 0 0 0 0 0 0 0 0 0 0 0 0 0 0 0 0 0 0 0 0 0 0 0 0 0 0 0 0 0 0 0 0 0 0 0 0 0 0 0 0 0 0 0 0 0 0 0 0 0 0 0 0 0 0 0 0 0 0 0 0 0 0 0 0 0 0 0 0 0 0 0 0 0 0 0 0 0 0 0 0 0 0 0 0 0 0 0 0 0 0 0 0 0 0 0 0 0 0 0 0 0 0 0 0 0 0 0 0 0 0 0 0 0 0 0 0 0 0 0 0 0 0 0 0 0 0 0 0 0 0 0 0 0 0 0 0 0 0 0 0 0 0 0 0 0 0 0 0 0 0 0 0 0 0 0 0 0 0 0 0 0 0 0 0 0 0 0 0 0 0 0 0 0 0 0 0 0 0 0 0 0 0 0 0 0 0 0 0 0 0 0 0 0 0 0 0 0 0 0 0 0 0 0 0 0 0 0 0 0 0 0 0 0 0 0 0 0 0 0 0 0 0 0 0 0 0 0 0 0 0 0 0 0 0 0 0 0 0 0 0 0 0 0 0 0 0 0 0 0 0 0 0 0 0 0 0 0 0 0 0 0 0 0 0 0 0 0 0 0 0 0 0 0 0 0 0 0 0 0 0 0 0 0 0 0 0 0 0 0 0 0 0 0 0 0 0 0 0 0 0 0 0 0 0 0 0 0 0 0 0 0 0 0 0 0 0 0 0 0 0 0 0 0 0 0 0 0 0 0 0 0 0 0 0 0 0 0 0 0 0 0 0 0 0 0 0 0 0 0 0 0 0 0 0 0 0 0 0 0 0 0 0 0 0 0 0 0 0 0 0 0 0 0 0 0 0 0 0 0 0 0 0 0 0 0 0 0 0 0 0 0 0 0 0 0 0 0 0 0 0 0 0 0 0 0 0 0 0 0 0 0 0 0 0 0 0 0 0 0 0 0 0 0 0 0 0 0 0 0 0 0 0 0 0 0 0 0 0 0 0 0 0 0 0 0 0 0 0 0 0 0 0 0 0 0 0 0 0 0 0 0 0 0 0 0 0 0 0 0 0 0 0 0 0 0 0 0 0 0 0 0 0 0 0 0 0 0 0 0 0 0 0 0 0 0 0 0 0 0 0 0 0 0 0 0 0 0 0 0 0 0 0 0 0 0 0 0 0 0 0 0 0 0 0 0 0 0 0 0 0 0 0 0 0 0 0 0 0 0 0 0 0 0 0 0 0 0 0 0 0 0 0 0 0 0 0 0 0 0 0 0 0 0 0 0 0 0 0 0 0 0 0 0 0 0 0 0 0 0 0 0 0 0 0 0 0 0 0 0 0 0 0 0 0 0 0 0 0 0 0 0 0 0 0 0 0 0 0 0 0 0 0 0 0 0 0 0 0 0 0 0 0 0 0 0 0 0 0 0 0 0 0 0 0 0 0 0 0 0 0 0 0 0 0 0 0 0 0 0 0 0 0 0 0 0 0 0 0 0 0 0 0 0 0 0 0 0 0 0 0 0 0 0 0 0 0 0 0 0 0 0 0 0 0 0 0 0 0 0 0 0 0 0 0 0 0 0 0 0 0 0 0 0 0 0 0 0 0 0 0 0 0 0 0 0 0 0 0 0 0 0 0 0 0 0 0 0 0 0 0 0 0 0 0 0 0 0 0 0 0 0 0 0 0 0 0 0 0 0 0 0 0 0 0 0 0 0 0 0 0 0 0 0 0 0 0 0 0 0 0 0 0 0 0 0 0 0 0 0 0 0 0 0 0 0 0 0 0 0 0 0 0 0 0 0 0 0 0 0 0 0 0 0 0 0 0 0 0 0 0 0 0 0 0 0 0 0 0 0 0 0 0 0 0 0 0 0 0 0 0 0 0 0 0 0 0 0 0 0 0 0 0 0 0 0 0 0 0 0 0 0 0 0 0 0 0 0 0 0 0 0 0 0 0 0 0 0 0 0 0 0 0 0 0 0 0 0 0 0 0 0 0 0 0 0 0 0 0 0 0 0 0 0 0 0 0 0 0 0 0 0 0 0 0 0 0 0 0 0 0 0 0 0 0 0 0 0 0 0 0 0 0 0 0 0 0 0 0 0 0 0 0 0 0 0 0 0 0 0 0 0 0 0 0 0 0 0 0 0 0 0 0 0 0 0 0 0 0 0 0 0 0 0 0 0 0 0 0 0 0 0 0 0 0 0 0 0 0 0 0 0 0 0 0 0 0 0 0 0 0 0 0 0 0 0 0 0 0 0 0 0 0 0 0 0 0 0 0 0 0 0 0 0 0 0 0 0 0 0 0 0 0 0 0 0 0 0 0 0 0 0 0 0 0 0 0 0 0 0 0 0 0 0 0 0 0 0 0 0 0 0 0 0 0 0 0 0 0 0 0 0 0 0 0 0 0 0 0 0 0 0 0 0 0 0 0 0 0 0 0 0 0 0 0 0 0 0 0 0 0 0 0 0 0 0 0 0 0 0 0 0 0 0 0 0 0 0 0 0 0 0 0 0 0 0 0 0 0 0 0 0 0 0 0 0 0 0 0 0 0 0 0 0 0 0 0 0 0 0 0 0 0 0 0 0 0 0 0 0 0 0 0 0 0 0 0 0 0 0 0 0 0 0 0 0 0 0 0 0 0 0 0 0 0 0 0 0 0 0 0 0 0 0 0 0 0 0 0 0 0 0 0 0 0 0 0 0 0 0 0 0 0 0 0 0 0 0 0 0 0 0 0 0 0 0 0 0 0 0 0 0 0 0 0 0 0 0 0 0 0 0 0 0 0 0 0 0 0 0 0 0 0 0 0 0 0 0 0 0 0 0 0 0 0 0 0 0 0 0 0 0 0 0 0 0 0 0 0 0 0 0 0 0 0 0 0 0 0 0 0 0 0 0 0 0 0 0 0 0 0 0 0 0 0 0 0 0 0 0 0 0 0 0 0 0 0 0 0 0 0 0 0 0 0 0 0 0 0 0 0 0 0 0 0 0 0 0 0 0 0 0 0 0 0 0 0 0 0 0 0 0 0 0 0 0 0 0 0 0 0 0 0 0 0 0 0 0 0 0 0 0 0 0 0 0 0 0 0 0 0 0 0 0 0 0 0 0 0 0 0 0 0 0 0 0 0 0 0 0 0 0 0 0 0 0 0 0 0 0 0 0 0 0 0 0 0 0 0 0 0 0 0 0 0 0 0 0 0 0 0 0 0 0 0 0 0 0 0 0 0 0 0 0 0 0 0 0 0 0 0 0 0 0 0 0 0 0 0 0 0 0 0 0 0 0 0 0 0 0 0 0 0 0 0 0 0 0 0 0 0 0 0 0 0 0 0 0 0 0 0 0 0 0 0 0 0 0 0 0 0 0 0 0 0 0 0 0 0 0 0 0 0 0 0 0 0 0 0 0 0 0 0 0 0 0 0 0 0 0 0 0 0 0 0 0 0 0 0 0 0 0 0 0 0 0 0 0 0 0 0 0 0 0 0 0 0 0 0 0 0 0 0 0 0 0 0 0 0 0 0 0 0 0 0 0 0 0 0 0 0 0 0 0 0 0 0 0 0 0 0 0 0 0 0 0 0 0 0 0 0 0 0 0 0 0 0 0 0 0 0 0 0 0 0 0 0 0 0 0 0 0 0 0 0 0 0 0 0 0 0 0 0 0 0 0 0 0 0 0 0 0 0 0 0 0 0 0 0 0 0 0 0 0 0 0 0 0 0 0 0 0 0 0 0 0 0 0 0 0 0 0 0 0 0 0 0 0 0 0 0 0 0 0 0 0 0 0 0 0 0 0 0 0 0 0 0 0 0 0 0 0 0 0 0 0 0 0 0 0 0 0 0 0 0 0 0 0 0 0 0 0 0 0 0 0 0 0 0 0 0 0 0 0 0 0 0 0 0 0 0 0 0 0 0 0 0 0 0 0 0 0 0 0 0 0 0 0 0 0 0 0 0 0 0 0 0 0 0 0 0 0 0 0 0 0 0 0 0 0 0 0 0 0 0 0 0 0 0 0 0 0 0 0 0 0 0 0 0 0 0 0 0 0 0 0 0 0 0 0 0 0 0 0 0 0 0 0 0 0 0 0 0 0 0 0 0 0 0 0 0 0 0 0 0 0 0 0 0 0 0 0 0 0 0 0 0 0 0 0 0 0 0 0 0 0 0 0 0 0 0 0 0 0 0 0 0 0 0 0 0 0 0 0 0 0 0 0 0 0 0 0 0 0 0 0 0 0 0 0 0 0 0 0 0 0 0 0 0 0 0 0 0 0 0 0 0 0 0 0 0 0 0 0 0 0 0 0 0 0 0 0 0 0 0 0 0 0 0 0 0 0 0 0 0 0 0 0 0 0 0 0 0 0 0 0 0 0 0 0 0 0 0 0 0 0 0 0 0 0 0 0 0 0 0 0 0 0 0 0 0 0 0 0 0 0 0 0 0 0 0 0 0 0 0 0 0 0 0 0 0 0 0 0 0 0 0 0 0 0 0 0 0 0 0 0 0 0 0 0 0 0 0 0 0 0 0 0 0 0 0 0 0 0 0 0 0 0 0 0 0 0 0 0 0 0 0 0 0 0 0 0 0 0 0 0 0 0 0 0 0 0 0 0 0 0 0 0 0 0 0 0 0 0 0 0 0 0 0 0 0 0 0 0 0 0 0 0 0 0 0 0 0 0 0 0 0 0 0 0 0 0 0 0 0 0 0 0 0 0 0 0 0 0 0 0 0 0 0 0 0 0 0 0 0 0 0 0 0 0 0 0 0 0 0 0 0 0 0 0 0 0 0 0 0 0 0 0 0 0 0 0 0 0 0 0 0 0 0 0 0 0 0 0 0 0 0 0 0 0 0 0 0 0 0 0 0 0 0 0 0 0 0 0 0 0 0 0 0 0 0 0 0 0 0 0 0 0 0 0 0 0 0 0 0 0 0 0 0 0 0 0 0 0 0 0 0 0 0 0 0 0 0 0 0 0 0 0 0 0 0 0 0 0 0 0 0 0 0 0 0 0 0 0 0 0 0 0 0 0 0 0 0 0 0 0 0 0 0 0 0 0 0 0 0 0 0 0 0 0 0 0 0 0 0 0 0 0 0 0 0 0 0 0 0 0 0 0 0 0 0 0 0 0 0 0 0 0 0 0 0 0 0 0 0 0 0 0 0 0 0 0 0 0 0 0 0 0 0 0 0 0 0 0 0 0 0 0 0 0 0 0 0 0 0 0 0 0 0 0 0 0 0 0 0 0 0 0 0 0 0 0 0 0 0 0 0 0 0 0 0 0 0 0 0 0 0 0 0 0 0 0 0 0 0 0 0 0 0 0 0 0 0 0 0 0 0 0 0 0 0 0 0 0 0 0 0 0 0 0 0 0 0 0 0 0 0 0 0 0 0 0 0 0 0 0 0 0 0 0 0 0 0 0 0 0 0 0 0 0 0 0 0 0 0 0 0 0 0 0 0 0 0 0 0 0 0 0 0 0 0 0 0 0 0 0 0 0 0 0 0 0 0 0 0 0 0 0 0 0 0 0 0 0 0 0 0 0 0 0 0 0 0 0 0 0 0 0 0 0 0 0 0 0 0 0 0 0 0 0 0 0 0 0 0 0 0 0 0 0 0 0 0 0 0 0 0 0 0 0 0 0 0 0 0 0 0 0 0 0 0 0 0 0 0 0 0 0 0 0 0 0 0 0 0 0 0 0 0 0 0 0 0 0 0 0 0 0 0 0 0 0 0 0 0 0 0 0 0 0 0 0 0 0 0 0 0 0 0 0 0 0 0 0 0 0 0 0 0 0 0 0 0 0 0 0 0 0 0 0 0 0 0 0 0 0 0 0 0 0 0 0 0 0 0 0 0 0 0 0 0 0 0 0 0 0 0 0 0 0 0 0 0 0 0 0 0 0 0 0 0 0 0 0 0 0 0 0 0 0 0 0 0 0 0 0 0 0 0 0 0 0 0 0 0 0 0 0 0 0 0 0 0 0 0 0 0 0 0 0 0 0 0 0 0 0 0 0 0 0 0 0 0 0 0 0 0 0 0 0 0 0 0 0 0 0 0 0 0 0 0 0 0 0 0 0 0 0 0 0 0 0 0 0 0 0 0 0 0 0 0 0 0 0 0 0 0 0 0 0 0 0 0 0 0 0 0 0 0 0 0 0 0 0 0 0 0 0 0 0 0 0 0 0 0 0 0 0 0 0 0 0 0 0 0 0 0 0 0 0 0 0 0 0 0 0 0 0 0 0 0 0 0 0 0 0 0 0 0 0 0 0 0 0 0 0 0 0 0 0 0 0 0 0 0 0 0 0 0 0 0 0 0 0 0 0 0 0 0 0 0 0 0 0 0 0 0 0 0 0 0 0 0 0 0 0 0 0 0 0 0 0 0 0 0 0 0 0 0 0 0 0 0 0 0 0 0 0 0 0 0 0 0 0 0 0 0 0 0 0 0 0 0 0 0 0 0 0 0 0 0 0 0 0 0 0 0 0 0 0 0 0 0 0 0 0 0 0 0 0 0 0 0 0 0 0 0 0 0 0 0 0 0 0 0 0 0 0 0 0 0 0 0 0 0 0 0 0 0 0 0 0 0 0 0 0 0 0 0 0 0 0 0 0 0 0 0 0 0 0 0 0 0 0 0 0 0 0 0 0 0 0 0 0 0 0 0 0 0 0 0 0 0 0 0 0 0 0 0 0 0 0 0 0 0 0 0 0 0 0 0 0 0 0 0 0 0 0 0 0 0 0 0 0 0 0 0 0 0 0 0 0 0 0 0 0 0 0 0 0 0 0 0 0 0 0 0 0 0 0 0 0 0 0 0 0 0 0 0 0 0 0 0 0 0 0 0 0 0 0 0 0 0 0 0 0 0 0 0 0 0 0 0 0 0 0 0 0 0 0 0 0 0 0 0 0 0 0 0 0 0 0 0 0 0 0 0 0 0 0 0 0 0 0 0 0 0 0 0 0 0 0 0 0 0 0 0 0 0 0 0 0 0 0 0 0 0 0 0 0 0 0 0 0 0 0 0 0 0 0 0 0 0 0 0 0 0 0 0 0 0 0 0 0 0 0 0 0 0 0 0 0 0 0 0 0 0 0 0 0 0 0 0 0 0 0 0 0 0 0 0 0 0 0 0 0 0 0 0 0 0 0 0 0 0 0 0 0 0 0 0 0 0 0 0 0 0 0 0 0 0 0 0 0 0 0 0 0 0 0 0 0 0 0 0 0 0 0 0 0 0 0 0 0 0 0 0 0 0 0 0 0 0 0 0 0 0 0 0 0 0 0 0 0 0 0 0 0 0 0 0 0 0 0 0 0 0 0 0 0 0 0 0 0 0 0 0 0 0 0 0 0 0 0 0 0 0 0 0 0 0 0 0 0 0 0 0 0 0 0 0 0 0 0 0 0 0 0 0 0 0 0 0 0 0 0 0 0 0 0 0 0 0 0 0 0 0 0 0 0 0 0 0 0 0 0 0 0 0 0 0 0 0 0 0 0 0 0 0 0 0 0 0 0 0 0 0 0 0 0 0 0 0 0 0 0 0 0 0 0 0 0 0 0 0 0 0 0 0 0 0 0 0 0 0 0 0 0 0 0 0 0 0 0 0 0 0 0 0 0 0 0 0 0 0 0 0 0 0 0 0 0 0 0 0 0 0 0 0 0 0 0 0 0 0 0 0 0 0 0 0 0 0 0 0 0 0 0 0 0 0 0 0 0 0 0 0 0 0 0 0 0 0 0 0 0 0 0 0 0 0 0 0 0 0 0 0 0 0 0 0 0 0 0 0 0 0 0 0 0 0 0 0 0 0 0 0 0 0 0 0 0 0 0 0 0 0 0 0 0 0 0 0 0 0 0 0 0 0 0 0 0 0 0 0 0 0 0 0 0 0 0 0 0 0 0 0 0 0 0 0 0 0 0 0 0 0 0 0 0 0 0 0 0 0 0 0 0 0 0 0 0 0 0 0 0 0 0 0 0 0 0 0 0 0 0 0 0 0 0 0 0 0 0 0 0 0 0 0 0 0 0 0 0 0 0 0 0 0 0 0 0 0 0 0 0 0 0 0 0 0 0 0 0 0 0 0 0 0 0 0 0 0 0 0 0 0 0 0 0 0 0 0 0 0 0 0 0 0 0 0 0 0 0 0 0 0 0 0 0 0 0 0 0 0 0 0 0 0 0 0 0 0 0 0 0 0 0 0 0 0 0 0 0 0 0 0 0 0 0 0 0 0 0 0 0 0 0 0 0 0 0 0 0 0 0 0 0 0 0 0 0 0 0 0 0 0 0 0 0 0 0 0 0 0 0 0 0 0 0 0 0 0 0 0 0 0 0 0 0 0 0 0 0 0 0 0 0 0 0 0 0 0 0 0 0 0 0 0 0 0 0 0 0 0 0 0 0 0 0 0 0 0 0 0 0 0 0 0 0 0 0 0 0 0 0 0 0 0 0 0 0 0 0 0 0 0 0 0 0 0 0 0 0 0 0 0 0 0 0 0 0 0 0 0 0 0 0 0 0 0 0 0 0 0 0 0 0 0 0 0 0 0 0 0 0 0 0 0 0 0 0 0 0 0 0 0 0 0 0 0 0 0 0 0 0 0 0 0 0 0 0 0 0 0 0 0 0 0 0 0 0 0 0 0 0 0 0 0 0 0 0 0 0 0 0 0 0 0 0 0 0 0 0 0 0 0 0 0 0 0 0 0 0 0 0 0 0 0 0 0 0 0 0 0 0 0 0 0 0 0 0 0 0 0 0 0 0 0 0 0 0 0 0 0 0 0 0 0 0 0 0 0 0 0 0 0 0 0 0 0 0 0 0 0 0 0 0 0 0 0 0 0 0 0 0 0 0 0 0 0 0 0 0 0 0 0 0 0 0 0 0 0 0 0 0 0 0 0 0 0 0 0 0 0 0 0 0 0 0 0 0 0 0 0 0 0 0 0 0 0 0 0 0 0 0 0 0 0 0 0 0 0 0 0 0 0 0 0 0 0 0 0 0 0 0 0 0 0 0 0 0 0 0 0 0 0 0 0 0 0 0 0 0 0 0 0 0 0 0 0 0 0 0 0 0 0 0 0 0 0 0 0 0 0 0 0 0 0 0 0 0 0 0 0 0 0 0 0 0 0 0 0 0 0 0 0 0 0 0 0 0 0 0 0 0 0 0 0 0 0 0 0 0 0 0 0 0 0 0 0 0 0 0 0 0 0 0 0 0 0 0 0 0 0 0 0 0 0 0 0 0 0 0 0 0 0 0 0 0 0 0 0 0 0 0 0 0 0 0 0 0 0 0 0 0 0 0 0 0 0 0 0 0 0 0 0 0 0 0 0 0 0 0 0 0 0 0 0 0 0 0 0 0 0 0 0 0 0 0 0 0 0 0 0 0 0 0 0 0 0 0 0 0 0 0 0 0 0 0 0 0 0 0 0 0 0 0 0 0 0 0 0 0 0 0 0 0 0 0 0 0 0 0 0 0 0 0 0 0 0 0 0 0 0 0 0 0 0 0 0 0 0 0 0 0 0 0 0 0 0 0 0 0 0 0 0 0 0 0 0 0 0 0 0 0 0 0 0 0 0 0 0 0 0 0 0 0 0 0 0 0 0 0 0 0 0 0 0 0 0 0 0 0 0 0 0 0 0 0 0 0 0 0 0 0 0 0 0 0 0 0 0 0 0 0 0 0 0 0 0 0 0 0 0 0 0 0 0 0 0 0 0 0 0 0 0 0 0 0 0 0 0 0 0 0 0 0 0 0 0 0 0 0 0 0 0 0 0 0 0 0 0 0 0 0 0 0 0 0 0 0 0 0 0 0 0 0 0 0 0 0 0 0 0 0 0 0 0 0 0 0 0 0 0 0 0 0 0 0 0 0 0 0 0 0 0 0 0 0 0 0 0 0 0 0 0 0 0 0 0 0 0 0 0 0 0 0 0 0 0 0 0 0 0 0 0 0 0 0 0 0 0 0 0 0 0 0 0 0 0 0 0 0 0 0 0 0 0 0 0 0 0 0 0 0 0 0 0 0 0 0 0 0 0 0 0 0 0 0 0 0 0 0 0 0 0 0 0 0 0 0 0 0 0 0 0 0 0 0 0 0 0 0 0 0 0 0 0 0 0 0 0 0 0 0 0 0 0 0 0 0 0 0 0 0 0 0 0 0 0 0 0 0 0 0 0 0 0 0 0 0 0 0 0 0 0 0 0 0 0 0 0 0 0 0 0 0 0 0 0 0 0 0 0 0 0 0 0 0 0 0 0 0 0 0 0 0 0 0 0 0 0 0 0 0 0 0 0 0 0 0 0 0 0 0 0 0 0 0 0 0 0 0 0 0 0 0 0 0 0 0 0 0 0 0 0 0 0 0 0 0 0 0 0 0 0 0 0 0 0 0 0 0 0 0 0 0 0 0 0 0 0 0 0 0 0 0 0 0 0 0 0 0 0 0 0 0 0 0 0 0 0 0 0 0 0 0 0 0 0 0 0 0 0 0 0 0 0 0 0 0 0 0 0 0 0 0 0 0 0 0 0 0 0 0 0 0 0 0 0 0 0 0 0 0 0 0 0 0 0 0 0 0 0 0 0 0 0 0 0 0 0 0 0 0 0 0 0 0 0 0 0 0 0 0 0 0 0 0 0 0 0 0 0 0 0 0 0 0 0 0 0 0 0 0 0 0 0 0 0 0 0 0 0 0 0 0 0 0 0 0 0 0 0 0 0 0 0 0 0 0 0 0 0 0 0 0 0 0 0 0 0 0 0 0 0 0 0 0 0 0 0 0 0 0 0 0 0 0 0 0 0 0 0 0 0 0 0 0 0 0 0 0 0 0 0 0 0 0 0 0 0 0 0 0 0 0 0 0 0 0 0 0 0 0 0 0 0 0 0 0 0 0 0 0 0 0 0 0 0 0 0 0 0 0 0 0 0 0 0 0 0 0 0 0 0 0 0 0 0 0 0 0 0 0 0 0 0 0 0 0 0 0 0 0 0 0 0 0 0 0 0 0 0 0 0 0 0 0 0 0 0 0 0 0 0 0 0 0 0 0 0 0 0 0 0 0 0 0 0 0 0 0 0 0 0 0 0 0 0 0 0 0 0 0 0 0 0 0 0 0 0 0 0 0 0 0 0 0 0 0 0 0 0 0 0 0 0 0 0 0 0 0 0 0 0 0 0 0 0 0 0 0 0 0 0 0 0 0 0 0 0 0 0 0 0 0 0 0 0 0 0 0 0 0 0 0 0 0 0 0 0 0 0 0 0 0 0 0 0 0 0 0 0 0 0 0 0 0 0 0 0 0 0 0 0 0 0 0 0 0 0 0 0 0 0 0 0 0 0 0 0 0 0 0 0 0 0 0 0 0 0 0 0 0 0 0 0 0 0 0 0 0 0 0 0 0 0 0 0 0 0 0 0 0 0 0 0 0 0 0 0 0 0 0 0 0 0 0 0 0 0 0 0 0 0 0 0 0 0 0 0 0 0 0 0 0 0 0 0 0 0 0 0 0 0 0 0 0 0 0 0 0 0 0 0 0 0 0 0 0 0 0 0 0 0 0 0 0 0 0 0 0 0 0 0 0 0 0 0 0 0 0 0 0 0 0 0 0 0 0 0 0 0 0 0 0 0 0 0 0 0 0 0 0 0 0 0 0 0 0 0 0 0 0 0 0 0 0 0 0 0 0 0 0 0 0 0 0 0 0 0 0 0 0 0 0 0 0 0 0 0 0 0 0 0 0 0 0 0 0 0 0 0 0 0 0 0 0 0 0 0 0 0 0 0 0 0 0 0 0 0 0 0 0 0 0 0 0 0 0 0 0 0 0 0 0 0 0 0 0 0 0 0 0 0 0 0 0 0 0 0 0 0 0 0 0 0 0 0 0 0 0 0 0 0 0 0 0 0 0 0 0 0 0 0 0 0 0 0 0 0 0 0 0 0 0 0 0 0 0 0 0 0 0 0 0 0 0 0 0 0 0 0 0 0 0 0 0 0 0 0 0 0 0 0 0 0 0 0 0 0 0 0 0 0 0 0 0 0 0 0 0 0 0 0 0 0 0 0 0 0 0 0 0 0 0 0 0 0 0 0 0 0 0 0 0 0 0 0 0 0 0 0 0 0 0 0 0 0 0 0 0 0 0 0 0 0 0 0 0 0 0 0 0 0 0 0 0 0 0 0 0 0 0 0 0 0 0 0 0 0 0 0 0 0 0 0 0 0 0 0 0 0 0 0 0 0 0 0 0 0 0 0 0 0 0 0 0 0 0 0 0 0 0 0 0 0 0 0 0 0 0 0 0 0 0 0 0 0 0 0 0 0 0 0 0 0</float_array>
                    <technique_common>
                        <accessor count="6360" source="#shape0-lib-map-array" stride="2">
                            <param name="U" type="float"/>
                            <param name="V" type="float"/>
                        </accessor>
                    </technique_common>
                </source>
                <vertices id="shape0-lib-vertices">
                    <input semantic="POSITION" source="#shape0-lib-positions"/>
                </vertices>
                <triangles count="2120">
                    <input offset="0" semantic="VERTEX" source="#shape0-lib-vertices"/>
                    <input offset="1" semantic="NORMAL" source="#shape0-lib-normals"/>
                    <input offset="2" semantic="TEXCOORD" source="#shape0-lib-map"/>
                    <p>1 0 0 10 0 1 2 0 2 355 1 3 0 1 4 2 1 5 0 2 6 1 2 7 2 2 8 353 3 9 355 3 10 2 3 11 4 4 12 2 4 13 10 4 14 2 5 15 4 5 16 3 5 17 3 6 18 353 6 19 2 6 20 340 7 21 3 7 22 4 7 23 6 8 24 4 8 25 10 8 26 340 9 27 4 9 28 5 9 29 6 10 30 5 10 31 4 10 32 10 11 33 7 11 34 6 11 35 6 12 36 7 12 37 223 12 38 6 13 39 8 13 40 5 13 41 8 14 42 6 14 43 9 14 44 6 15 45 223 15 46 9 15 47 10 16 48 11 16 49 7 16 50 11 17 51 1 17 52 219 17 53 1 18 54 12 18 55 219 18 56 12 19 57 218 19 58 219 19 59 12 20 60 13 20 61 218 20 62 13 21 63 12 21 64 14 21 65 14 22 66 12 22 67 0 22 68 12 23 69 1 23 70 0 23 71 47 24 72 15 24 73 0 24 74 0 25 75 355 25 76 47 25 77 211 26 78 14 26 79 0 26 80 15 27 81 211 27 82 0 27 83 47 28 84 16 28 85 15 28 86 211 29 87 15 29 88 308 29 89 15 30 90 311 30 91 308 30 92 15 31 93 17 31 94 311 31 95 16 32 96 17 32 97 15 32 98 17 33 99 16 33 100 19 33 101 16 34 102 20 34 103 19 34 104 311 35 105 17 35 106 18 35 107 17 36 108 19 36 109 18 36 110 22 37 111 19 37 112 20 37 113 20 38 114 46 38 115 21 38 116 22 39 117 20 39 118 21 39 119 18 40 120 19 40 121 22 40 122 21 41 123 24 41 124 22 41 125 18 42 126 22 42 127 23 42 128 23 43 129 22 43 130 24 43 131 25 44 132 23 44 133 24 44 134 29 45 135 24 45 136 26 45 137 29 46 138 314 46 139 24 46 140 314 47 141 25 47 142 24 47 143 31 48 144 27 48 145 29 48 146 314 49 147 29 49 148 27 49 149 26 50 150 31 50 151 29 50 152 28 51 153 30 51 154 29 51 155 29 52 156 30 52 157 28 52 158 34 53 159 31 53 160 26 53 161 33 54 162 27 54 163 32 54 164 32 55 165 27 55 166 31 55 167 32 56 168 80 56 169 33 56 170 32 57 171 36 57 172 80 57 173 34 58 174 36 58 175 32 58 176 32 59 177 31 59 178 34 59 179 36 60 180 35 60 181 80 60 182 75 61 183 35 61 184 36 61 185 75 62 186 36 62 187 38 62 188 37 63 189 38 63 190 36 63 191 34 64 192 37 64 193 36 64 194 37 65 195 34 65 196 21 65 197 38 66 198 37 66 199 42 66 200 39 67 201 42 67 202 37 67 203 21 68 204 39 68 205 37 68 206 39 69 207 21 69 208 46 69 209 39 70 210 41 70 211 40 70 212 39 71 213 43 71 214 41 71 215 44 72 216 39 72 217 46 72 218 40 73 219 42 73 220 39 73 221 39 74 222 44 74 223 43 74 224 44 75 225 45 75 226 43 75 227 45 76 228 44 76 229 46 76 230 16 77 231 45 77 232 46 77 233 47 78 234 48 78 235 45 78 236 47 79 237 45 79 238 16 79 239 48 80 240 43 80 241 45 80 242 43 81 243 48 81 244 49 81 245 50 82 246 49 82 247 48 82 248 50 83 249 356 83 250 51 83 251 50 84 252 51 84 253 49 84 254 52 85 255 51 85 256 53 85 257 356 86 258 53 86 259 51 86 260 54 87 261 52 87 262 53 87 263 138 88 264 58 88 265 54 88 266 138 89 267 54 89 268 56 89 269 55 90 270 54 90 271 53 90 272 57 91 273 54 91 274 55 91 275 58 92 276 52 92 277 54 92 278 57 93 279 56 93 280 54 93 281 58 94 282 138 94 283 59 94 284 60 95 285 58 95 286 59 95 287 59 96 288 62 96 289 60 96 290 61 97 291 62 97 292 59 97 293 62 98 294 139 98 295 63 98 296 61 99 297 139 99 298 62 99 299 62 100 300 63 100 301 60 100 302 64 101 303 63 101 304 66 101 305 68 102 306 63 102 307 64 102 308 67 103 309 60 103 310 63 103 311 63 104 312 68 104 313 67 104 314 63 105 315 65 105 316 66 105 317 68 106 318 70 106 319 69 106 320 71 107 321 69 107 322 70 107 323 72 108 324 73 108 325 71 108 326 72 109 327 71 109 328 70 109 329 76 110 330 71 110 331 74 110 332 73 111 333 74 111 334 71 111 335 71 112 336 76 112 337 69 112 338 75 113 339 69 113 340 76 113 341 75 114 342 38 114 343 67 114 344 75 115 345 68 115 346 69 115 347 68 116 348 75 116 349 67 116 350 35 117 351 75 117 352 76 117 353 76 118 354 77 118 355 35 118 356 77 119 357 76 119 358 74 119 359 78 120 360 77 120 361 74 120 362 80 121 363 35 121 364 77 121 365 77 122 366 78 122 367 80 122 368 78 123 369 74 123 370 349 123 371 79 124 372 33 124 373 80 124 374 33 125 375 79 125 376 83 125 377 79 126 378 81 126 379 85 126 380 82 127 381 81 127 382 79 127 383 80 128 384 82 128 385 79 128 386 79 129 387 321 129 388 83 129 389 85 130 390 84 130 391 79 130 392 321 131 393 79 131 394 84 131 395 87 132 396 82 132 397 86 132 398 87 133 399 86 133 400 349 133 401 82 134 402 87 134 403 81 134 404 87 135 405 344 135 406 81 135 407 89 136 408 81 136 409 344 136 410 344 137 411 88 137 412 89 137 413 90 138 414 89 138 415 88 138 416 91 139 417 89 139 418 90 139 419 89 140 420 91 140 421 81 140 422 84 141 423 85 141 424 91 141 425 91 142 426 85 142 427 81 142 428 92 143 429 91 143 430 90 143 431 91 144 432 92 144 433 84 144 434 84 145 435 92 145 436 95 145 437 92 146 438 93 146 439 95 146 440 96 147 441 94 147 442 95 147 443 95 148 444 93 148 445 97 148 446 97 149 447 96 149 448 95 149 449 97 150 450 101 150 451 99 150 452 101 151 453 97 151 454 93 151 455 99 152 456 98 152 457 97 152 458 97 153 459 98 153 460 96 153 461 109 154 462 99 154 463 100 154 464 109 155 465 98 155 466 99 155 467 101 156 468 100 156 469 99 156 470 101 157 471 102 157 472 100 157 473 102 158 474 101 158 475 103 158 476 93 159 477 103 159 478 101 159 479 92 160 480 103 160 481 93 160 482 103 161 483 92 161 484 90 161 485 90 162 486 102 162 487 103 162 488 90 163 489 105 163 490 102 163 491 105 164 492 107 164 493 102 164 494 102 165 495 104 165 496 100 165 497 104 166 498 102 166 499 107 166 500 107 167 501 106 167 502 104 167 503 112 168 504 108 168 505 111 168 506 100 169 507 111 169 508 109 169 509 111 170 510 110 170 511 112 170 512 106 171 513 110 171 514 111 171 515 111 172 516 100 172 517 106 172 518 112 173 519 113 173 520 289 173 521 114 174 522 289 174 523 113 174 524 113 175 525 112 175 526 110 175 527 115 176 528 113 176 529 110 176 530 113 177 531 115 177 532 114 177 533 110 178 534 166 178 535 115 178 536 166 179 537 116 179 538 115 179 539 114 180 540 115 180 541 116 180 542 166 181 543 119 181 544 117 181 545 118 182 546 117 182 547 119 182 548 118 183 549 105 183 550 90 183 551 105 184 552 118 184 553 119 184 554 166 185 555 110 185 556 119 185 557 119 186 558 106 186 559 107 186 560 106 187 561 119 187 562 110 187 563 119 188 564 107 188 565 105 188 566 117 189 567 118 189 568 167 189 569 90 190 570 120 190 571 118 190 572 120 191 573 167 191 574 118 191 575 120 192 576 88 192 577 124 192 578 88 193 579 120 193 580 90 193 581 121 194 582 167 194 583 120 194 584 120 195 585 122 195 586 121 195 587 120 196 588 123 196 589 122 196 590 120 197 591 124 197 592 123 197 593 123 198 594 124 198 595 125 198 596 126 199 597 123 199 598 125 199 599 126 200 600 127 200 601 123 200 602 134 201 603 126 201 604 125 201 605 126 202 606 134 202 607 130 202 608 126 203 609 130 203 610 128 203 611 126 204 612 128 204 613 129 204 614 129 205 615 127 205 616 126 205 617 128 206 618 130 206 619 57 206 620 130 207 621 131 207 622 132 207 623 134 208 624 131 208 625 130 208 626 130 209 627 132 209 628 133 209 629 56 210 630 130 210 631 133 210 632 130 211 633 56 211 634 57 211 635 125 212 636 137 212 637 134 212 638 135 213 639 134 213 640 137 213 641 134 214 642 135 214 643 131 214 644 135 215 645 136 215 646 131 215 647 125 216 648 64 216 649 137 216 650 66 217 651 137 217 652 64 217 653 137 218 654 66 218 655 136 218 656 136 219 657 135 219 658 137 219 659 136 220 660 66 220 661 65 220 662 131 221 663 136 221 664 65 221 665 132 222 666 131 222 667 65 222 668 133 223 669 132 223 670 65 223 671 63 224 672 133 224 673 65 224 674 133 225 675 138 225 676 56 225 677 138 226 678 133 226 679 139 226 680 63 227 681 139 227 682 133 227 683 138 228 684 139 228 685 61 228 686 138 229 687 61 229 688 59 229 689 140 230 690 171 230 691 129 230 692 127 231 693 129 231 694 171 231 695 129 232 696 142 232 697 140 232 698 128 233 699 141 233 700 129 233 701 129 234 702 141 234 703 142 234 704 140 235 705 142 235 706 143 235 707 146 236 708 143 236 709 142 236 710 144 237 711 142 237 712 141 237 713 144 238 714 146 238 715 142 238 716 5 239 717 145 239 718 146 239 719 5 240 720 146 240 721 144 240 722 147 241 723 146 241 724 145 241 725 146 242 726 147 242 727 143 242 728 143 243 729 173 243 730 148 243 731 173 244 732 143 244 733 149 244 734 147 245 735 149 245 736 143 245 737 149 246 738 150 246 739 173 246 740 172 247 741 173 247 742 150 247 743 150 248 744 149 248 745 152 248 746 151 249 747 152 249 748 149 249 749 156 250 750 246 250 751 155 250 752 245 251 753 153 251 754 155 251 755 245 252 756 155 252 757 246 252 758 157 253 759 155 253 760 154 253 761 157 254 762 156 254 763 155 254 764 156 255 765 157 255 766 150 255 767 172 256 768 157 256 769 165 256 770 154 257 771 158 257 772 157 257 773 157 258 774 158 258 775 165 258 776 158 259 777 161 259 778 165 259 779 158 260 780 164 260 781 161 260 782 159 261 783 161 261 784 164 261 785 164 262 786 160 262 787 159 262 788 159 263 789 163 263 790 161 263 791 159 264 792 160 264 793 162 264 794 114 265 795 159 265 796 162 265 797 116 266 798 163 266 799 159 266 800 116 267 801 159 267 802 114 267 803 160 268 804 164 268 805 158 268 806 163 269 807 166 269 808 165 269 809 165 270 810 161 270 811 163 270 812 166 271 813 117 271 814 169 271 815 167 272 816 169 272 817 117 272 818 167 273 819 168 273 820 169 273 821 121 274 822 168 274 823 167 274 824 170 275 825 169 275 826 168 275 827 168 276 828 121 276 829 170 276 830 170 277 831 121 277 832 171 277 833 140 278 834 170 278 835 171 278 836 169 279 837 170 279 838 172 279 839 170 280 840 148 280 841 172 280 842 170 281 843 140 281 844 148 281 845 173 282 846 172 282 847 148 282 848 127 283 849 171 283 850 122 283 851 122 284 852 171 284 853 121 284 854 172 285 855 165 285 856 169 285 857 165 286 858 166 286 859 169 286 860 285 287 861 162 287 862 160 287 863 158 288 864 285 288 865 160 288 866 285 289 867 158 289 868 174 289 869 154 290 870 174 290 871 158 290 872 174 291 873 154 291 874 339 291 875 174 292 876 339 292 877 175 292 878 175 293 879 339 293 880 153 293 881 175 294 882 282 294 883 174 294 884 282 295 885 175 295 886 176 295 887 176 296 888 175 296 889 153 296 890 176 297 891 153 297 892 180 297 893 282 298 894 176 298 895 177 298 896 177 299 897 176 299 898 178 299 899 179 300 900 178 300 901 176 300 902 244 301 903 179 301 904 176 301 905 180 302 906 244 302 907 176 302 908 182 303 909 183 303 910 328 303 911 182 304 912 184 304 913 183 304 914 184 305 915 182 305 916 181 305 917 184 306 918 181 306 919 185 306 920 188 307 921 184 307 922 185 307 923 184 308 924 186 308 925 183 308 926 184 309 927 188 309 928 186 309 929 188 310 930 185 310 931 187 310 932 189 311 933 186 311 934 188 311 935 183 312 936 186 312 937 189 312 938 188 313 939 247 313 940 189 313 941 189 314 942 190 314 943 183 314 944 189 315 945 191 315 946 190 315 947 190 316 948 328 316 949 183 316 950 191 317 951 193 317 952 190 317 953 192 318 954 190 318 955 333 318 956 190 319 957 192 319 958 328 319 959 190 320 960 193 320 961 333 320 962 254 321 963 332 321 964 193 321 965 193 322 966 191 322 967 254 322 968 332 323 969 333 323 970 193 323 971 332 324 972 254 324 973 194 324 974 332 325 975 194 325 976 195 325 977 197 326 978 195 326 979 194 326 980 198 327 981 197 327 982 196 327 983 197 328 984 199 328 985 195 328 986 197 329 987 198 329 988 199 329 989 203 330 990 198 330 991 196 330 992 336 331 993 200 331 994 199 331 995 199 332 996 338 332 997 336 332 998 199 333 999 201 333 1000 338 333 1001 201 334 1002 199 334 1003 198 334 1004 205 335 1005 338 335 1006 201 335 1007 203 336 1008 205 336 1009 201 336 1010 203 337 1011 202 337 1012 201 337 1013 201 338 1014 202 338 1015 203 338 1016 201 339 1017 198 339 1018 203 339 1019 205 340 1020 204 340 1021 338 340 1022 196 341 1023 205 341 1024 203 341 1025 196 342 1026 207 342 1027 205 342 1028 204 343 1029 205 343 1030 206 343 1031 206 344 1032 205 344 1033 208 344 1034 205 345 1035 213 345 1036 208 345 1037 207 346 1038 213 346 1039 205 346 1040 206 347 1041 208 347 1042 210 347 1043 209 348 1044 210 348 1045 208 348 1046 210 349 1047 211 349 1048 310 349 1049 210 350 1050 209 350 1051 211 350 1052 211 351 1053 212 351 1054 14 351 1055 211 352 1056 209 352 1057 212 352 1058 209 353 1059 213 353 1060 212 353 1061 213 354 1062 209 354 1063 208 354 1064 207 355 1065 212 355 1066 213 355 1067 212 356 1068 207 356 1069 217 356 1070 216 357 1071 217 357 1072 207 357 1073 216 358 1074 214 358 1075 215 358 1076 216 359 1077 196 359 1078 214 359 1079 196 360 1080 216 360 1081 207 360 1082 14 361 1083 217 361 1084 13 361 1085 217 362 1086 216 362 1087 13 362 1088 215 363 1089 13 363 1090 216 363 1091 14 364 1092 212 364 1093 217 364 1094 218 365 1095 13 365 1096 215 365 1097 218 366 1098 215 366 1099 214 366 1100 220 367 1101 219 367 1102 218 367 1103 220 368 1104 218 368 1105 214 368 1106 11 369 1107 219 369 1108 220 369 1109 11 370 1110 220 370 1111 7 370 1112 7 371 1113 220 371 1114 221 371 1115 7 372 1116 221 372 1117 223 372 1118 222 373 1119 223 373 1120 221 373 1121 223 374 1122 222 374 1123 252 374 1124 227 375 1125 223 375 1126 252 375 1127 227 376 1128 9 376 1129 223 376 1130 227 377 1131 224 377 1132 9 377 1133 225 378 1134 9 378 1135 224 378 1136 226 379 1137 224 379 1138 227 379 1139 224 380 1140 226 380 1141 229 380 1142 229 381 1143 225 381 1144 224 381 1145 252 382 1146 226 382 1147 227 382 1148 228 383 1149 229 383 1150 226 383 1151 239 384 1152 229 384 1153 228 384 1154 230 385 1155 225 385 1156 229 385 1157 239 386 1158 230 386 1159 229 386 1160 239 387 1161 237 387 1162 231 387 1163 239 388 1164 231 388 1165 232 388 1166 239 389 1167 232 389 1168 230 389 1169 230 390 1170 232 390 1171 233 390 1172 232 391 1173 231 391 1174 233 391 1175 231 392 1176 237 392 1177 235 392 1178 233 393 1179 231 393 1180 234 393 1181 231 394 1182 235 394 1183 234 394 1184 236 395 1185 234 395 1186 235 395 1187 234 396 1188 236 396 1189 240 396 1190 236 397 1191 187 397 1192 240 397 1193 235 398 1194 237 398 1195 236 398 1196 237 399 1197 238 399 1198 236 399 1199 237 400 1200 239 400 1201 238 400 1202 238 401 1203 239 401 1204 228 401 1205 228 402 1206 187 402 1207 238 402 1208 187 403 1209 236 403 1210 238 403 1211 240 404 1212 241 404 1213 234 404 1214 240 405 1215 244 405 1216 241 405 1217 233 406 1218 234 406 1219 241 406 1220 242 407 1221 240 407 1222 187 407 1223 240 408 1224 242 408 1225 179 408 1226 179 409 1227 244 409 1228 240 409 1229 187 410 1230 185 410 1231 242 410 1232 179 411 1233 242 411 1234 185 411 1235 244 412 1236 243 412 1237 241 412 1238 243 413 1239 180 413 1240 245 413 1241 244 414 1242 180 414 1243 243 414 1244 245 415 1245 246 415 1246 243 415 1247 241 416 1248 243 416 1249 246 416 1250 246 417 1251 147 417 1252 145 417 1253 156 418 1254 151 418 1255 147 418 1256 156 419 1257 147 419 1258 246 419 1259 246 420 1260 145 420 1261 241 420 1262 145 421 1263 233 421 1264 241 421 1265 8 422 1266 233 422 1267 5 422 1268 233 423 1269 8 423 1270 230 423 1271 233 424 1272 145 424 1273 5 424 1274 8 425 1275 9 425 1276 230 425 1277 225 426 1278 230 426 1279 9 426 1280 252 427 1281 228 427 1282 226 427 1283 249 428 1284 248 428 1285 228 428 1286 228 429 1287 248 429 1288 247 429 1289 187 430 1290 228 430 1291 247 430 1292 228 431 1293 252 431 1294 249 431 1295 253 432 1296 250 432 1297 251 432 1298 251 433 1299 250 433 1300 249 433 1301 221 434 1302 251 434 1303 252 434 1304 251 435 1305 221 435 1306 220 435 1307 214 436 1308 253 436 1309 251 436 1310 214 437 1311 251 437 1312 220 437 1313 249 438 1314 252 438 1315 251 438 1316 249 439 1317 250 439 1318 253 439 1319 253 440 1320 194 440 1321 249 440 1322 194 441 1323 254 441 1324 248 441 1325 249 442 1326 194 442 1327 248 442 1328 248 443 1329 254 443 1330 191 443 1331 253 444 1332 197 444 1333 194 444 1334 197 445 1335 253 445 1336 214 445 1337 189 446 1338 247 446 1339 248 446 1340 191 447 1341 189 447 1342 248 447 1343 222 448 1344 221 448 1345 252 448 1346 197 449 1347 214 449 1348 196 449 1349 255 450 1350 210 450 1351 310 450 1352 255 451 1353 256 451 1354 210 451 1355 256 452 1356 206 452 1357 210 452 1358 260 453 1359 256 453 1360 259 453 1361 260 454 1362 257 454 1363 256 454 1364 257 455 1365 206 455 1366 256 455 1367 258 456 1368 256 456 1369 255 456 1370 258 457 1371 259 457 1372 256 457 1373 335 458 1374 260 458 1375 259 458 1376 259 459 1377 261 459 1378 335 459 1379 261 460 1380 259 460 1381 258 460 1382 261 461 1383 265 461 1384 335 461 1385 262 462 1386 261 462 1387 258 462 1388 275 463 1389 261 463 1390 262 463 1391 261 464 1392 263 464 1393 265 464 1394 264 465 1395 263 465 1396 261 465 1397 261 466 1398 275 466 1399 264 466 1400 265 467 1401 266 467 1402 267 467 1403 335 468 1404 265 468 1405 267 468 1406 263 469 1407 266 469 1408 265 469 1409 272 470 1410 266 470 1411 263 470 1412 268 471 1413 336 471 1414 267 471 1415 268 472 1416 267 472 1417 266 472 1418 200 473 1419 336 473 1420 268 473 1421 268 474 1422 270 474 1423 271 474 1424 268 475 1425 271 475 1426 200 475 1427 268 476 1428 269 476 1429 270 476 1430 272 477 1431 264 477 1432 268 477 1433 269 478 1434 268 478 1435 264 478 1436 264 479 1437 272 479 1438 263 479 1439 273 480 1440 270 480 1441 269 480 1442 274 481 1443 273 481 1444 269 481 1445 177 482 1446 273 482 1447 274 482 1448 275 483 1449 276 483 1450 274 483 1451 177 484 1452 274 484 1453 277 484 1454 276 485 1455 277 485 1456 274 485 1457 177 486 1458 277 486 1459 278 486 1460 276 487 1461 324 487 1462 277 487 1463 277 488 1464 324 488 1465 278 488 1466 293 489 1467 278 489 1468 324 489 1469 293 490 1470 279 490 1471 278 490 1472 292 491 1473 278 491 1474 279 491 1475 278 492 1476 292 492 1477 280 492 1478 278 493 1479 280 493 1480 177 493 1481 280 494 1482 281 494 1483 284 494 1484 284 495 1485 282 495 1486 280 495 1487 177 496 1488 280 496 1489 282 496 1490 284 497 1491 283 497 1492 285 497 1493 283 498 1494 284 498 1495 281 498 1496 286 499 1497 162 499 1498 285 499 1499 162 500 1500 286 500 1501 114 500 1502 286 501 1503 285 501 1504 283 501 1505 283 502 1506 287 502 1507 286 502 1508 114 503 1509 286 503 1510 287 503 1511 287 504 1512 288 504 1513 290 504 1514 283 505 1515 288 505 1516 287 505 1517 114 506 1518 287 506 1519 289 506 1520 290 507 1521 289 507 1522 287 507 1523 108 508 1524 290 508 1525 291 508 1526 290 509 1527 288 509 1528 291 509 1529 112 510 1530 290 510 1531 108 510 1532 112 511 1533 289 511 1534 290 511 1535 292 512 1536 291 512 1537 281 512 1538 288 513 1539 281 513 1540 291 513 1541 291 514 1542 293 514 1543 108 514 1544 291 515 1545 279 515 1546 293 515 1547 279 516 1548 291 516 1549 292 516 1550 288 517 1551 283 517 1552 281 517 1553 282 518 1554 284 518 1555 174 518 1556 285 519 1557 174 519 1558 284 519 1559 280 520 1560 292 520 1561 281 520 1562 294 521 1563 108 521 1564 293 521 1565 111 522 1566 294 522 1567 297 522 1568 294 523 1569 111 523 1570 108 523 1571 111 524 1572 297 524 1573 295 524 1574 295 525 1575 326 525 1576 111 525 1577 297 526 1578 296 526 1579 295 526 1580 296 527 1581 297 527 1582 294 527 1583 295 528 1584 296 528 1585 298 528 1586 296 529 1587 294 529 1588 298 529 1589 293 530 1590 298 530 1591 294 530 1592 293 531 1593 299 531 1594 298 531 1595 300 532 1596 299 532 1597 293 532 1598 300 533 1599 301 533 1600 299 533 1601 302 534 1602 299 534 1603 301 534 1604 302 535 1605 323 535 1606 299 535 1607 323 536 1608 298 536 1609 299 536 1610 302 537 1611 304 537 1612 303 537 1613 303 538 1614 323 538 1615 302 538 1616 304 539 1617 302 539 1618 258 539 1619 301 540 1620 262 540 1621 302 540 1622 302 541 1623 262 541 1624 258 541 1625 304 542 1626 306 542 1627 303 542 1628 305 543 1629 304 543 1630 255 543 1631 304 544 1632 305 544 1633 306 544 1634 304 545 1635 258 545 1636 255 545 1637 307 546 1638 306 546 1639 311 546 1640 306 547 1641 308 547 1642 311 547 1643 308 548 1644 306 548 1645 305 548 1646 307 549 1647 303 549 1648 306 549 1649 305 550 1650 309 550 1651 308 550 1652 309 551 1653 211 551 1654 308 551 1655 211 552 1656 309 552 1657 310 552 1658 310 553 1659 309 553 1660 255 553 1661 255 554 1662 309 554 1663 305 554 1664 307 555 1665 312 555 1666 303 555 1667 311 556 1668 23 556 1669 307 556 1670 307 557 1671 23 557 1672 313 557 1673 312 558 1674 307 558 1675 313 558 1676 314 559 1677 313 559 1678 23 559 1679 315 560 1680 313 560 1681 314 560 1682 33 561 1683 322 561 1684 315 561 1685 315 562 1686 314 562 1687 33 562 1688 313 563 1689 315 563 1690 322 563 1691 322 564 1692 316 564 1693 313 564 1694 312 565 1695 313 565 1696 316 565 1697 83 566 1698 316 566 1699 33 566 1700 83 567 1701 317 567 1702 316 567 1703 316 568 1704 317 568 1705 94 568 1706 94 569 1707 312 569 1708 316 569 1709 83 570 1710 318 570 1711 317 570 1712 317 571 1713 318 571 1714 320 571 1715 94 572 1716 317 572 1717 319 572 1718 317 573 1719 320 573 1720 319 573 1721 321 574 1722 319 574 1723 320 574 1724 319 575 1725 321 575 1726 84 575 1727 320 576 1728 318 576 1729 321 576 1730 318 577 1731 83 577 1732 321 577 1733 84 578 1734 95 578 1735 319 578 1736 94 579 1737 319 579 1738 95 579 1739 316 580 1740 322 580 1741 33 580 1742 312 581 1743 94 581 1744 303 581 1745 311 582 1746 18 582 1747 23 582 1748 94 583 1749 96 583 1750 303 583 1751 303 584 1752 96 584 1753 323 584 1754 298 585 1755 323 585 1756 96 585 1757 275 586 1758 262 586 1759 301 586 1760 301 587 1761 276 587 1762 275 587 1763 301 588 1764 300 588 1765 276 588 1766 293 589 1767 324 589 1768 300 589 1769 276 590 1770 300 590 1771 324 590 1772 325 591 1773 298 591 1774 96 591 1775 295 592 1776 298 592 1777 325 592 1778 109 593 1779 326 593 1780 325 593 1781 295 594 1782 325 594 1783 326 594 1784 98 595 1785 325 595 1786 96 595 1787 109 596 1788 325 596 1789 98 596 1790 326 597 1791 109 597 1792 111 597 1793 275 598 1794 274 598 1795 269 598 1796 273 599 1797 178 599 1798 181 599 1799 181 600 1800 270 600 1801 273 600 1802 178 601 1803 273 601 1804 177 601 1805 181 602 1806 182 602 1807 271 602 1808 270 603 1809 181 603 1810 271 603 1811 328 604 1812 327 604 1813 182 604 1814 327 605 1815 271 605 1816 182 605 1817 327 606 1818 328 606 1819 192 606 1820 327 607 1821 192 607 1822 330 607 1823 327 608 1824 329 608 1825 271 608 1826 330 609 1827 329 609 1828 327 609 1829 200 610 1830 329 610 1831 330 610 1832 329 611 1833 200 611 1834 271 611 1835 192 612 1836 331 612 1837 330 612 1838 200 613 1839 330 613 1840 331 613 1841 332 614 1842 200 614 1843 331 614 1844 332 615 1845 195 615 1846 199 615 1847 200 616 1848 332 616 1849 199 616 1850 331 617 1851 333 617 1852 332 617 1853 333 618 1854 331 618 1855 192 618 1856 264 619 1857 275 619 1858 269 619 1859 266 620 1860 272 620 1861 268 620 1862 336 621 1863 335 621 1864 267 621 1865 336 622 1866 334 622 1867 335 622 1868 337 623 1869 334 623 1870 336 623 1871 336 624 1872 338 624 1873 337 624 1874 260 625 1875 337 625 1876 338 625 1877 257 626 1878 260 626 1879 338 626 1880 257 627 1881 204 627 1882 206 627 1883 338 628 1884 204 628 1885 257 628 1886 260 629 1887 334 629 1888 337 629 1889 260 630 1890 335 630 1891 334 630 1892 247 631 1893 188 631 1894 187 631 1895 178 632 1896 185 632 1897 181 632 1898 178 633 1899 179 633 1900 185 633 1901 153 634 1902 245 634 1903 180 634 1904 155 635 1905 153 635 1906 339 635 1907 339 636 1908 154 636 1909 155 636 1910 163 637 1911 116 637 1912 166 637 1913 150 638 1914 152 638 1915 156 638 1916 150 639 1917 157 639 1918 172 639 1919 156 640 1920 152 640 1921 151 640 1922 147 641 1923 151 641 1924 149 641 1925 140 642 1926 143 642 1927 148 642 1928 144 643 1929 128 643 1930 57 643 1931 141 644 1932 128 644 1933 144 644 1934 340 645 1935 144 645 1936 57 645 1937 144 646 1938 340 646 1939 5 646 1940 127 647 1941 122 647 1942 123 647 1943 124 648 1944 341 648 1945 125 648 1946 64 649 1947 125 649 1948 341 649 1949 342 650 1950 341 650 1951 124 650 1952 64 651 1953 341 651 1954 342 651 1955 342 652 1956 345 652 1957 343 652 1958 344 653 1959 342 653 1960 88 653 1961 342 654 1962 344 654 1963 345 654 1964 342 655 1965 124 655 1966 88 655 1967 64 656 1968 342 656 1969 343 656 1970 346 657 1971 347 657 1972 343 657 1973 64 658 1974 343 658 1975 347 658 1976 70 659 1977 68 659 1978 347 659 1979 64 660 1980 347 660 1981 68 660 1982 347 661 1983 346 661 1984 70 661 1985 70 662 1986 346 662 1987 72 662 1988 346 663 1989 343 663 1990 345 663 1991 72 664 1992 346 664 1993 345 664 1994 345 665 1995 348 665 1996 73 665 1997 348 666 1998 345 666 1999 344 666 2000 73 667 2001 72 667 2002 345 667 2003 349 668 2004 348 668 2005 87 668 2006 344 669 2007 87 669 2008 348 669 2009 349 670 2010 73 670 2011 348 670 2012 73 671 2013 349 671 2014 74 671 2015 100 672 2016 104 672 2017 106 672 2018 78 673 2019 86 673 2020 82 673 2021 349 674 2022 86 674 2023 78 674 2024 82 675 2025 80 675 2026 78 675 2027 42 676 2028 67 676 2029 38 676 2030 67 677 2031 350 677 2032 40 677 2033 40 678 2034 350 678 2035 42 678 2036 42 679 2037 350 679 2038 67 679 2039 67 680 2040 351 680 2041 60 680 2042 40 681 2043 351 681 2044 67 681 2045 60 682 2046 351 682 2047 40 682 2048 60 683 2049 352 683 2050 58 683 2051 352 684 2052 60 684 2053 40 684 2054 58 685 2055 352 685 2056 52 685 2057 352 686 2058 40 686 2059 41 686 2060 352 687 2061 41 687 2062 52 687 2063 340 688 2064 57 688 2065 55 688 2066 55 689 2067 353 689 2068 3 689 2069 354 690 2070 353 690 2071 55 690 2072 3 691 2073 340 691 2074 55 691 2075 55 692 2076 53 692 2077 354 692 2078 355 693 2079 353 693 2080 354 693 2081 356 694 2082 354 694 2083 53 694 2084 356 695 2085 355 695 2086 354 695 2087 355 696 2088 356 696 2089 47 696 2090 356 697 2091 50 697 2092 47 697 2093 47 698 2094 50 698 2095 48 698 2096 52 699 2097 41 699 2098 51 699 2099 41 700 2100 49 700 2101 51 700 2102 43 701 2103 49 701 2104 41 701 2105 16 702 2106 46 702 2107 20 702 2108 33 703 2109 314 703 2110 27 703 2111 21 704 2112 34 704 2113 26 704 2114 23 705 2115 25 705 2116 314 705 2117 21 706 2118 26 706 2119 24 706 2120 1 707 2121 11 707 2122 10 707 2123 800 708 2124 359 708 2125 358 708 2126 359 709 2127 357 709 2128 358 709 2129 800 710 2130 360 710 2131 359 710 2132 360 711 2133 361 711 2134 359 711 2135 359 712 2136 361 712 2137 362 712 2138 368 713 2139 365 713 2140 363 713 2141 363 714 2142 365 714 2143 367 714 2144 363 715 2145 367 715 2146 364 715 2147 362 716 2148 368 716 2149 363 716 2150 368 717 2151 362 717 2152 361 717 2153 366 718 2154 365 718 2155 368 718 2156 366 719 2157 367 719 2158 365 719 2159 371 720 2160 366 720 2161 368 720 2162 371 721 2163 369 721 2164 366 721 2165 880 722 2166 369 722 2167 371 722 2168 880 723 2169 371 723 2170 370 723 2171 373 724 2172 459 724 2173 371 724 2174 459 725 2175 372 725 2176 371 725 2177 371 726 2178 372 726 2179 378 726 2180 371 727 2181 368 727 2182 373 727 2183 373 728 2184 368 728 2185 361 728 2186 373 729 2187 361 729 2188 360 729 2189 373 730 2190 794 730 2191 459 730 2192 791 731 2193 374 731 2194 794 731 2195 459 732 2196 794 732 2197 374 732 2198 374 733 2199 375 733 2200 459 733 2201 374 734 2202 475 734 2203 375 734 2204 376 735 2205 375 735 2206 473 735 2207 375 736 2208 475 736 2209 473 736 2210 375 737 2211 376 737 2212 459 737 2213 459 738 2214 377 738 2215 372 738 2216 372 739 2217 377 739 2218 378 739 2219 381 740 2220 383 740 2221 378 740 2222 381 741 2223 378 741 2224 379 741 2225 377 742 2226 379 742 2227 378 742 2228 379 743 2229 380 743 2230 381 743 2231 849 744 2232 381 744 2233 380 744 2234 382 745 2235 381 745 2236 849 745 2237 382 746 2238 383 746 2239 381 746 2240 382 747 2241 850 747 2242 384 747 2243 385 748 2244 382 748 2245 384 748 2246 388 749 2247 385 749 2248 386 749 2249 387 750 2250 386 750 2251 385 750 2252 384 751 2253 387 751 2254 385 751 2255 388 752 2256 382 752 2257 385 752 2258 388 753 2259 870 753 2260 881 753 2261 388 754 2262 881 754 2263 383 754 2264 382 755 2265 388 755 2266 383 755 2267 870 756 2268 388 756 2269 386 756 2270 870 757 2271 370 757 2272 881 757 2273 870 758 2274 390 758 2275 389 758 2276 870 759 2277 386 759 2278 390 759 2279 391 760 2280 389 760 2281 390 760 2282 392 761 2283 391 761 2284 390 761 2285 392 762 2286 390 762 2287 386 762 2288 387 763 2289 392 763 2290 386 763 2291 392 764 2292 387 764 2293 393 764 2294 392 765 2295 393 765 2296 394 765 2297 391 766 2298 392 766 2299 394 766 2300 394 767 2301 438 767 2302 867 767 2303 394 768 2304 393 768 2305 438 768 2306 395 769 2307 391 769 2308 394 769 2309 866 770 2310 397 770 2311 395 770 2312 395 771 2313 394 771 2314 866 771 2315 397 772 2316 396 772 2317 395 772 2318 395 773 2319 398 773 2320 389 773 2321 391 774 2322 395 774 2323 389 774 2324 396 775 2325 398 775 2326 395 775 2327 398 776 2328 396 776 2329 399 776 2330 396 777 2331 855 777 2332 399 777 2333 398 778 2334 399 778 2335 400 778 2336 808 779 2337 400 779 2338 401 779 2339 400 780 2340 808 780 2341 398 780 2342 401 781 2343 400 781 2344 403 781 2345 399 782 2346 402 782 2347 400 782 2348 400 783 2349 402 783 2350 403 783 2351 405 784 2352 403 784 2353 402 784 2354 405 785 2355 404 785 2356 403 785 2357 405 786 2358 406 786 2359 407 786 2360 402 787 2361 406 787 2362 405 787 2363 405 788 2364 407 788 2365 408 788 2366 408 789 2367 407 789 2368 409 789 2369 414 790 2370 408 790 2371 409 790 2372 410 791 2373 408 791 2374 413 791 2375 413 792 2376 408 792 2377 414 792 2378 405 793 2379 411 793 2380 412 793 2381 411 794 2382 405 794 2383 408 794 2384 411 795 2385 408 795 2386 410 795 2387 773 796 2388 410 796 2389 413 796 2390 415 797 2391 771 797 2392 414 797 2393 771 798 2394 413 798 2395 414 798 2396 415 799 2397 414 799 2398 409 799 2399 416 800 2400 415 800 2401 409 800 2402 409 801 2403 868 801 2404 416 801 2405 417 802 2406 416 802 2407 418 802 2408 418 803 2409 419 803 2410 425 803 2411 868 804 2412 419 804 2413 418 804 2414 868 805 2415 407 805 2416 420 805 2417 422 806 2418 423 806 2419 420 806 2420 422 807 2421 420 807 2422 407 807 2423 421 808 2424 422 808 2425 406 808 2426 406 809 2427 402 809 2428 421 809 2429 428 810 2430 422 810 2431 421 810 2432 423 811 2433 427 811 2434 424 811 2435 423 812 2436 422 812 2437 427 812 2438 420 813 2439 423 813 2440 425 813 2441 424 814 2442 425 814 2443 423 814 2444 420 815 2445 425 815 2446 419 815 2447 440 816 2448 418 816 2449 426 816 2450 425 817 2451 426 817 2452 418 817 2453 440 818 2454 426 818 2455 432 818 2456 426 819 2457 425 819 2458 424 819 2459 426 820 2460 424 820 2461 432 820 2462 430 821 2463 427 821 2464 428 821 2465 430 822 2466 432 822 2467 427 822 2468 429 823 2469 430 823 2470 428 823 2471 431 824 2472 432 824 2473 430 824 2474 435 825 2475 432 825 2476 431 825 2477 433 826 2478 435 826 2479 434 826 2480 434 827 2481 435 827 2482 431 827 2483 435 828 2484 436 828 2485 437 828 2486 436 829 2487 435 829 2488 433 829 2489 432 830 2490 435 830 2491 437 830 2492 432 831 2493 437 831 2494 440 831 2495 440 832 2496 438 832 2497 439 832 2498 437 833 2499 438 833 2500 440 833 2501 809 834 2502 440 834 2503 439 834 2504 442 835 2505 439 835 2506 438 835 2507 809 836 2508 439 836 2509 441 836 2510 442 837 2511 441 837 2512 439 837 2513 384 838 2514 443 838 2515 442 838 2516 393 839 2517 384 839 2518 442 839 2519 443 840 2520 445 840 2521 441 840 2522 442 841 2523 443 841 2524 441 841 2525 445 842 2526 444 842 2527 441 842 2528 445 843 2529 446 843 2530 444 843 2531 448 844 2532 451 844 2533 447 844 2534 448 845 2535 447 845 2536 446 845 2537 449 846 2538 446 846 2539 447 846 2540 447 847 2541 452 847 2542 450 847 2543 447 848 2544 450 848 2545 449 848 2546 451 849 2547 452 849 2548 447 849 2549 452 850 2550 844 850 2551 450 850 2552 452 851 2553 843 851 2554 844 851 2555 453 852 2556 843 852 2557 452 852 2558 451 853 2559 453 853 2560 452 853 2561 848 854 2562 454 854 2563 453 854 2564 455 855 2565 457 855 2566 454 855 2567 454 856 2568 848 856 2569 455 856 2570 455 857 2571 848 857 2572 456 857 2573 458 858 2574 457 858 2575 455 858 2576 459 859 2577 458 859 2578 377 859 2579 377 860 2580 458 860 2581 379 860 2582 458 861 2583 455 861 2584 379 861 2585 460 862 2586 462 862 2587 469 862 2588 457 863 2589 459 863 2590 462 863 2591 461 864 2592 462 864 2593 460 864 2594 464 865 2595 463 865 2596 462 865 2597 462 866 2598 463 866 2599 457 866 2600 454 867 2601 457 867 2602 463 867 2603 463 868 2604 464 868 2605 454 868 2606 464 869 2607 462 869 2608 461 869 2609 837 870 2610 464 870 2611 461 870 2612 838 871 2613 837 871 2614 461 871 2615 461 872 2616 839 872 2617 838 872 2618 461 873 2619 465 873 2620 839 873 2621 466 874 2622 461 874 2623 460 874 2624 461 875 2625 466 875 2626 465 875 2627 460 876 2628 467 876 2629 466 876 2630 460 877 2631 469 877 2632 467 877 2633 469 878 2634 468 878 2635 467 878 2636 469 879 2637 462 879 2638 470 879 2639 470 880 2640 468 880 2641 469 880 2642 468 881 2643 470 881 2644 471 881 2645 472 882 2646 471 882 2647 473 882 2648 473 883 2649 471 883 2650 470 883 2651 473 884 2652 475 884 2653 472 884 2654 472 885 2655 475 885 2656 474 885 2657 784 886 2658 476 886 2659 474 886 2660 474 887 2661 476 887 2662 472 887 2663 477 888 2664 476 888 2665 478 888 2666 477 889 2667 472 889 2668 476 889 2669 477 890 2670 471 890 2671 472 890 2672 783 891 2673 479 891 2674 478 891 2675 479 892 2676 481 892 2677 478 892 2678 480 893 2679 478 893 2680 481 893 2681 478 894 2682 480 894 2683 477 894 2684 481 895 2685 483 895 2686 480 895 2687 483 896 2688 482 896 2689 480 896 2690 483 897 2691 484 897 2692 482 897 2693 467 898 2694 484 898 2695 466 898 2696 484 899 2697 467 899 2698 482 899 2699 483 900 2700 490 900 2701 485 900 2702 483 901 2703 485 901 2704 484 901 2705 490 902 2706 489 902 2707 485 902 2708 466 903 2709 484 903 2710 485 903 2711 486 904 2712 466 904 2713 485 904 2714 486 905 2715 485 905 2716 489 905 2717 466 906 2718 486 906 2719 465 906 2720 839 907 2721 465 907 2722 487 907 2723 465 908 2724 486 908 2725 487 908 2726 489 909 2727 487 909 2728 486 909 2729 487 910 2730 488 910 2731 839 910 2732 489 911 2733 488 911 2734 487 911 2735 490 912 2736 491 912 2737 489 912 2738 492 913 2739 493 913 2740 491 913 2741 492 914 2742 491 914 2743 490 914 2744 493 915 2745 521 915 2746 491 915 2747 491 916 2748 521 916 2749 522 916 2750 491 917 2751 522 917 2752 489 917 2753 751 918 2754 495 918 2755 493 918 2756 493 919 2757 494 919 2758 521 919 2759 495 920 2760 494 920 2761 493 920 2762 495 921 2763 751 921 2764 496 921 2765 495 922 2766 496 922 2767 847 922 2768 497 923 2769 847 923 2770 496 923 2771 498 924 2772 497 924 2773 496 924 2774 499 925 2775 497 925 2776 498 925 2777 499 926 2778 500 926 2779 497 926 2780 502 927 2781 500 927 2782 499 927 2783 747 928 2784 501 928 2785 502 928 2786 502 929 2787 503 929 2788 500 929 2789 504 930 2790 505 930 2791 501 930 2792 501 931 2793 505 931 2794 506 931 2795 501 932 2796 506 932 2797 502 932 2798 502 933 2799 506 933 2800 503 933 2801 506 934 2802 508 934 2803 503 934 2804 505 935 2805 507 935 2806 506 935 2807 506 936 2808 507 936 2809 508 936 2810 507 937 2811 510 937 2812 508 937 2813 503 938 2814 508 938 2815 509 938 2816 508 939 2817 511 939 2818 509 939 2819 508 940 2820 510 940 2821 511 940 2822 509 941 2823 511 941 2824 512 941 2825 514 942 2826 512 942 2827 511 942 2828 511 943 2829 513 943 2830 676 943 2831 511 944 2832 676 944 2833 514 944 2834 510 945 2835 513 945 2836 511 945 2837 515 946 2838 514 946 2839 676 946 2840 514 947 2841 515 947 2842 516 947 2843 512 948 2844 514 948 2845 516 948 2846 516 949 2847 515 949 2848 518 949 2849 516 950 2850 518 950 2851 517 950 2852 503 951 2853 509 951 2854 519 951 2855 512 952 2856 847 952 2857 509 952 2858 519 953 2859 509 953 2860 847 953 2861 497 954 2862 519 954 2863 847 954 2864 500 955 2865 519 955 2866 497 955 2867 500 956 2868 503 956 2869 519 956 2870 847 957 2871 520 957 2872 495 957 2873 520 958 2874 517 958 2875 494 958 2876 520 959 2877 516 959 2878 517 959 2879 847 960 2880 512 960 2881 520 960 2882 495 961 2883 520 961 2884 494 961 2885 512 962 2886 516 962 2887 520 962 2888 494 963 2889 517 963 2890 521 963 2891 521 964 2892 523 964 2893 522 964 2894 522 965 2895 523 965 2896 524 965 2897 523 966 2898 692 966 2899 524 966 2900 524 967 2901 692 967 2902 525 967 2903 525 968 2904 529 968 2905 526 968 2906 525 969 2907 528 969 2908 529 969 2909 692 970 2910 528 970 2911 525 970 2912 842 971 2913 526 971 2914 529 971 2915 842 972 2916 527 972 2917 743 972 2918 530 973 2919 842 973 2920 529 973 2921 842 974 2922 530 974 2923 527 974 2924 530 975 2925 531 975 2926 527 975 2927 527 976 2928 531 976 2929 532 976 2930 527 977 2931 532 977 2932 741 977 2933 531 978 2934 533 978 2935 532 978 2936 741 979 2937 532 979 2938 534 979 2939 532 980 2940 533 980 2941 534 980 2942 534 981 2943 535 981 2944 505 981 2945 533 982 2946 535 982 2947 534 982 2948 533 983 2949 539 983 2950 535 983 2951 535 984 2952 536 984 2953 505 984 2954 535 985 2955 539 985 2956 536 985 2957 505 986 2958 536 986 2959 538 986 2960 536 987 2961 537 987 2962 538 987 2963 537 988 2964 542 988 2965 540 988 2966 536 989 2967 541 989 2968 537 989 2969 537 990 2970 541 990 2971 542 990 2972 540 991 2973 542 991 2974 543 991 2975 542 992 2976 544 992 2977 543 992 2978 541 993 2979 544 993 2980 542 993 2981 544 994 2982 545 994 2983 543 994 2984 544 995 2985 547 995 2986 545 995 2987 541 996 2988 546 996 2989 544 996 2990 546 997 2991 547 997 2992 544 997 2993 547 998 2994 548 998 2995 545 998 2996 547 999 2997 550 999 2998 548 999 2999 546 1000 3000 549 1000 3001 547 1000 3002 549 1001 3003 550 1001 3004 547 1001 3005 551 1002 3006 552 1002 3007 550 1002 3008 554 1003 3009 551 1003 3010 550 1003 3011 550 1004 3012 552 1004 3013 553 1004 3014 550 1005 3015 553 1005 3016 548 1005 3017 549 1006 3018 554 1006 3019 550 1006 3020 557 1007 3021 555 1007 3022 554 1007 3023 554 1008 3024 555 1008 3025 551 1008 3026 698 1009 3027 556 1009 3028 554 1009 3029 698 1010 3030 554 1010 3031 549 1010 3032 556 1011 3033 557 1011 3034 554 1011 3035 557 1012 3036 560 1012 3037 580 1012 3038 557 1013 3039 580 1013 3040 555 1013 3041 557 1014 3042 561 1014 3043 560 1014 3044 558 1015 3045 561 1015 3046 557 1015 3047 558 1016 3048 557 1016 3049 556 1016 3050 558 1017 3051 559 1017 3052 561 1017 3053 561 1018 3054 559 1018 3055 585 1018 3056 585 1019 3057 559 1019 3058 586 1019 3059 587 1020 3060 562 1020 3061 563 1020 3062 566 1021 3063 587 1021 3064 565 1021 3065 567 1022 3066 707 1022 3067 740 1022 3068 574 1023 3069 568 1023 3070 569 1023 3071 571 1024 3072 570 1024 3073 569 1024 3074 569 1025 3075 570 1025 3076 575 1025 3077 569 1026 3078 568 1026 3079 572 1026 3080 571 1027 3081 569 1027 3082 573 1027 3083 572 1028 3084 573 1028 3085 569 1028 3086 569 1029 3087 575 1029 3088 574 1029 3089 552 1030 3090 578 1030 3091 577 1030 3092 552 1031 3093 577 1031 3094 553 1031 3095 553 1032 3096 577 1032 3097 570 1032 3098 575 1033 3099 570 1033 3100 577 1033 3101 579 1034 3102 576 1034 3103 577 1034 3104 577 1035 3105 576 1035 3106 575 1035 3107 579 1036 3108 577 1036 3109 578 1036 3110 551 1037 3111 581 1037 3112 578 1037 3113 582 1038 3114 578 1038 3115 581 1038 3116 582 1039 3117 579 1039 3118 578 1039 3119 551 1040 3120 578 1040 3121 552 1040 3122 581 1041 3123 580 1041 3124 582 1041 3125 583 1042 3126 584 1042 3127 582 1042 3128 584 1043 3129 579 1043 3130 582 1043 3131 582 1044 3132 580 1044 3133 583 1044 3134 583 1045 3135 580 1045 3136 560 1045 3137 583 1046 3138 585 1046 3139 592 1046 3140 592 1047 3141 584 1047 3142 583 1047 3143 585 1048 3144 583 1048 3145 560 1048 3146 560 1049 3147 561 1049 3148 585 1049 3149 585 1050 3150 586 1050 3151 592 1050 3152 588 1051 3153 589 1051 3154 592 1051 3155 592 1052 3156 589 1052 3157 584 1052 3158 592 1053 3159 562 1053 3160 587 1053 3161 592 1054 3162 587 1054 3163 588 1054 3164 587 1055 3165 566 1055 3166 588 1055 3167 567 1056 3168 591 1056 3169 566 1056 3170 566 1057 3171 591 1057 3172 588 1057 3173 591 1058 3174 590 1058 3175 588 1058 3176 588 1059 3177 590 1059 3178 589 1059 3179 589 1060 3180 576 1060 3181 584 1060 3182 590 1061 3183 576 1061 3184 589 1061 3185 590 1062 3186 575 1062 3187 576 1062 3188 575 1063 3189 590 1063 3190 591 1063 3191 740 1064 3192 591 1064 3193 567 1064 3194 591 1065 3195 574 1065 3196 575 1065 3197 574 1066 3198 591 1066 3199 740 1066 3200 586 1067 3201 562 1067 3202 592 1067 3203 586 1068 3204 699 1068 3205 562 1068 3206 584 1069 3207 576 1069 3208 579 1069 3209 555 1070 3210 580 1070 3211 581 1070 3212 555 1071 3213 581 1071 3214 551 1071 3215 548 1072 3216 573 1072 3217 593 1072 3218 573 1073 3219 572 1073 3220 593 1073 3221 548 1074 3222 571 1074 3223 573 1074 3224 594 1075 3225 593 1075 3226 572 1075 3227 572 1076 3228 595 1076 3229 594 1076 3230 594 1077 3231 596 1077 3232 599 1077 3233 598 1078 3234 594 1078 3235 597 1078 3236 594 1079 3237 599 1079 3238 597 1079 3239 594 1080 3240 598 1080 3241 593 1080 3242 597 1081 3243 599 1081 3244 601 1081 3245 599 1082 3246 600 1082 3247 602 1082 3248 599 1083 3249 603 1083 3250 600 1083 3251 599 1084 3252 602 1084 3253 601 1084 3254 596 1085 3255 603 1085 3256 599 1085 3257 596 1086 3258 615 1086 3259 603 1086 3260 615 1087 3261 739 1087 3262 603 1087 3263 603 1088 3264 739 1088 3265 600 1088 3266 739 1089 3267 604 1089 3268 600 1089 3269 604 1090 3270 605 1090 3271 606 1090 3272 605 1091 3273 607 1091 3274 606 1091 3275 607 1092 3276 608 1092 3277 609 1092 3278 608 1093 3279 611 1093 3280 610 1093 3281 609 1094 3282 608 1094 3283 610 1094 3284 612 1095 3285 700 1095 3286 611 1095 3287 703 1096 3288 700 1096 3289 612 1096 3290 614 1097 3291 703 1097 3292 612 1097 3293 614 1098 3294 612 1098 3295 613 1098 3296 613 1099 3297 612 1099 3298 608 1099 3299 608 1100 3300 607 1100 3301 613 1100 3302 613 1101 3303 607 1101 3304 605 1101 3305 614 1102 3306 604 1102 3307 739 1102 3308 614 1103 3309 605 1103 3310 604 1103 3311 615 1104 3312 614 1104 3313 739 1104 3314 615 1105 3315 616 1105 3316 614 1105 3317 616 1106 3318 615 1106 3319 736 1106 3320 617 1107 3321 618 1107 3322 736 1107 3323 737 1108 3324 621 1108 3325 738 1108 3326 619 1109 3327 617 1109 3328 738 1109 3329 619 1110 3330 738 1110 3331 621 1110 3332 618 1111 3333 617 1111 3334 619 1111 3335 621 1112 3336 620 1112 3337 622 1112 3338 619 1113 3339 622 1113 3340 639 1113 3341 619 1114 3342 621 1114 3343 622 1114 3344 623 1115 3345 622 1115 3346 625 1115 3347 724 1116 3348 624 1116 3349 625 1116 3350 629 1117 3351 625 1117 3352 624 1117 3353 626 1118 3354 629 1118 3355 624 1118 3356 730 1119 3357 627 1119 3358 626 1119 3359 627 1120 3360 730 1120 3361 729 1120 3362 627 1121 3363 729 1121 3364 706 1121 3365 627 1122 3366 706 1122 3367 629 1122 3368 733 1123 3369 628 1123 3370 706 1123 3371 706 1124 3372 628 1124 3373 629 1124 3374 629 1125 3375 630 1125 3376 623 1125 3377 630 1126 3378 629 1126 3379 628 1126 3380 629 1127 3381 623 1127 3382 625 1127 3383 631 1128 3384 630 1128 3385 628 1128 3386 630 1129 3387 631 1129 3388 623 1129 3389 628 1130 3390 632 1130 3391 631 1130 3392 633 1131 3393 631 1131 3394 632 1131 3395 631 1132 3396 633 1132 3397 623 1132 3398 633 1133 3399 634 1133 3400 623 1133 3401 633 1134 3402 635 1134 3403 634 1134 3404 639 1135 3405 622 1135 3406 634 1135 3407 622 1136 3408 623 1136 3409 634 1136 3410 635 1137 3411 636 1137 3412 637 1137 3413 636 1138 3414 635 1138 3415 564 1138 3416 635 1139 3417 633 1139 3418 564 1139 3419 637 1140 3420 634 1140 3421 635 1140 3422 701 1141 3423 637 1141 3424 645 1141 3425 640 1142 3426 645 1142 3427 637 1142 3428 701 1143 3429 638 1143 3430 637 1143 3431 638 1144 3432 639 1144 3433 637 1144 3434 637 1145 3435 639 1145 3436 634 1145 3437 636 1146 3438 640 1146 3439 637 1146 3440 640 1147 3441 641 1147 3442 642 1147 3443 642 1148 3444 647 1148 3445 644 1148 3446 647 1149 3447 642 1149 3448 643 1149 3449 642 1150 3450 563 1150 3451 643 1150 3452 644 1151 3453 640 1151 3454 642 1151 3455 640 1152 3456 644 1152 3457 645 1152 3458 644 1153 3459 653 1153 3460 645 1153 3461 653 1154 3462 644 1154 3463 648 1154 3464 644 1155 3465 647 1155 3466 648 1155 3467 648 1156 3468 647 1156 3469 649 1156 3470 653 1157 3471 650 1157 3472 645 1157 3473 653 1158 3474 648 1158 3475 655 1158 3476 652 1159 3477 650 1159 3478 651 1159 3479 653 1160 3480 651 1160 3481 650 1160 3482 653 1161 3483 654 1161 3484 651 1161 3485 654 1162 3486 653 1162 3487 655 1162 3488 654 1163 3489 655 1163 3490 659 1163 3491 659 1164 3492 655 1164 3493 656 1164 3494 655 1165 3495 657 1165 3496 656 1165 3497 654 1166 3498 658 1166 3499 651 1166 3500 654 1167 3501 660 1167 3502 658 1167 3503 654 1168 3504 659 1168 3505 531 1168 3506 654 1169 3507 530 1169 3508 660 1169 3509 530 1170 3510 654 1170 3511 531 1170 3512 661 1171 3513 694 1171 3514 660 1171 3515 694 1172 3516 658 1172 3517 660 1172 3518 530 1173 3519 529 1173 3520 660 1173 3521 661 1174 3522 660 1174 3523 529 1174 3524 662 1175 3525 661 1175 3526 528 1175 3527 662 1176 3528 694 1176 3529 661 1176 3530 528 1177 3531 661 1177 3532 529 1177 3533 662 1178 3534 663 1178 3535 694 1178 3536 664 1179 3537 663 1179 3538 662 1179 3539 665 1180 3540 666 1180 3541 664 1180 3542 666 1181 3543 668 1181 3544 664 1181 3545 664 1182 3546 668 1182 3547 663 1182 3548 666 1183 3549 669 1183 3550 668 1183 3551 668 1184 3552 667 1184 3553 663 1184 3554 672 1185 3555 670 1185 3556 669 1185 3557 670 1186 3558 671 1186 3559 669 1186 3560 669 1187 3561 671 1187 3562 668 1187 3563 674 1188 3564 673 1188 3565 672 1188 3566 673 1189 3567 670 1189 3568 672 1189 3569 674 1190 3570 672 1190 3571 675 1190 3572 675 1191 3573 672 1191 3574 669 1191 3575 678 1192 3576 675 1192 3577 679 1192 3578 679 1193 3579 675 1193 3580 666 1193 3581 678 1194 3582 674 1194 3583 675 1194 3584 675 1195 3585 669 1195 3586 666 1195 3587 677 1196 3588 674 1196 3589 678 1196 3590 678 1197 3591 676 1197 3592 677 1197 3593 515 1198 3594 678 1198 3595 679 1198 3596 676 1199 3597 678 1199 3598 515 1199 3599 513 1200 3600 680 1200 3601 676 1200 3602 510 1201 3603 680 1201 3604 513 1201 3605 680 1202 3606 677 1202 3607 676 1202 3608 682 1203 3609 681 1203 3610 680 1203 3611 680 1204 3612 681 1204 3613 677 1204 3614 510 1205 3615 682 1205 3616 680 1205 3617 538 1206 3618 537 1206 3619 682 1206 3620 537 1207 3621 540 1207 3622 682 1207 3623 682 1208 3624 540 1208 3625 681 1208 3626 538 1209 3627 682 1209 3628 510 1209 3629 507 1210 3630 538 1210 3631 510 1210 3632 505 1211 3633 538 1211 3634 507 1211 3635 681 1212 3636 543 1212 3637 683 1212 3638 540 1213 3639 543 1213 3640 681 1213 3641 681 1214 3642 683 1214 3643 677 1214 3644 673 1215 3645 674 1215 3646 683 1215 3647 674 1216 3648 677 1216 3649 683 1216 3650 593 1217 3651 683 1217 3652 545 1217 3653 683 1218 3654 593 1218 3655 598 1218 3656 598 1219 3657 673 1219 3658 683 1219 3659 543 1220 3660 545 1220 3661 683 1220 3662 673 1221 3663 684 1221 3664 670 1221 3665 673 1222 3666 598 1222 3667 684 1222 3668 670 1223 3669 684 1223 3670 671 1223 3671 684 1224 3672 685 1224 3673 671 1224 3674 684 1225 3675 597 1225 3676 685 1225 3677 598 1226 3678 597 1226 3679 684 1226 3680 686 1227 3681 671 1227 3682 685 1227 3683 685 1228 3684 689 1228 3685 687 1228 3686 685 1229 3687 601 1229 3688 689 1229 3689 687 1230 3690 686 1230 3691 685 1230 3692 597 1231 3693 601 1231 3694 685 1231 3695 687 1232 3696 689 1232 3697 646 1232 3698 686 1233 3699 687 1233 3700 688 1233 3701 687 1234 3702 646 1234 3703 652 1234 3704 688 1235 3705 687 1235 3706 652 1235 3707 668 1236 3708 686 1236 3709 688 1236 3710 668 1237 3711 688 1237 3712 667 1237 3713 667 1238 3714 688 1238 3715 652 1238 3716 652 1239 3717 646 1239 3718 650 1239 3719 646 1240 3720 645 1240 3721 650 1240 3722 671 1241 3723 686 1241 3724 668 1241 3725 601 1242 3726 602 1242 3727 689 1242 3728 602 1243 3729 690 1243 3730 689 1243 3731 689 1244 3732 690 1244 3733 646 1244 3734 606 1245 3735 609 1245 3736 690 1245 3737 690 1246 3738 609 1246 3739 610 1246 3740 602 1247 3741 606 1247 3742 690 1247 3743 690 1248 3744 610 1248 3745 701 1248 3746 690 1249 3747 701 1249 3748 646 1249 3749 515 1250 3750 679 1250 3751 518 1250 3752 518 1251 3753 679 1251 3754 665 1251 3755 518 1252 3756 665 1252 3757 691 1252 3758 691 1253 3759 665 1253 3760 664 1253 3761 664 1254 3762 662 1254 3763 692 1254 3764 523 1255 3765 664 1255 3766 692 1255 3767 691 1256 3768 664 1256 3769 523 1256 3770 521 1257 3771 691 1257 3772 523 1257 3773 517 1258 3774 691 1258 3775 521 1258 3776 692 1259 3777 662 1259 3778 528 1259 3779 517 1260 3780 518 1260 3781 691 1260 3782 679 1261 3783 666 1261 3784 665 1261 3785 667 1262 3786 652 1262 3787 693 1262 3788 694 1263 3789 693 1263 3790 658 1263 3791 693 1264 3792 651 1264 3793 658 1264 3794 693 1265 3795 652 1265 3796 651 1265 3797 667 1266 3798 693 1266 3799 694 1266 3800 663 1267 3801 667 1267 3802 694 1267 3803 531 1268 3804 659 1268 3805 533 1268 3806 657 1269 3807 695 1269 3808 539 1269 3809 656 1270 3810 657 1270 3811 539 1270 3812 695 1271 3813 696 1271 3814 697 1271 3815 657 1272 3816 696 1272 3817 695 1272 3818 695 1273 3819 697 1273 3820 536 1273 3821 539 1274 3822 695 1274 3823 536 1274 3824 546 1275 3825 697 1275 3826 696 1275 3827 546 1276 3828 541 1276 3829 697 1276 3830 536 1277 3831 697 1277 3832 541 1277 3833 649 1278 3834 698 1278 3835 696 1278 3836 696 1279 3837 698 1279 3838 546 1279 3839 657 1280 3840 649 1280 3841 696 1280 3842 698 1281 3843 549 1281 3844 546 1281 3845 655 1282 3846 648 1282 3847 657 1282 3848 648 1283 3849 649 1283 3850 657 1283 3851 659 1284 3852 656 1284 3853 533 1284 3854 533 1285 3855 656 1285 3856 539 1285 3857 647 1286 3858 643 1286 3859 649 1286 3860 649 1287 3861 643 1287 3862 556 1287 3863 649 1288 3864 556 1288 3865 698 1288 3866 646 1289 3867 701 1289 3868 645 1289 3869 563 1290 3870 699 1290 3871 643 1290 3872 643 1291 3873 699 1291 3874 558 1291 3875 643 1292 3876 558 1292 3877 556 1292 3878 699 1293 3879 559 1293 3880 558 1293 3881 562 1294 3882 699 1294 3883 563 1294 3884 699 1295 3885 586 1295 3886 559 1295 3887 641 1296 3888 587 1296 3889 642 1296 3890 642 1297 3891 587 1297 3892 563 1297 3893 564 1298 3894 641 1298 3895 636 1298 3896 640 1299 3897 636 1299 3898 641 1299 3899 641 1300 3900 564 1300 3901 587 1300 3902 638 1301 3903 702 1301 3904 639 1301 3905 700 1302 3906 702 1302 3907 638 1302 3908 611 1303 3909 700 1303 3910 701 1303 3911 701 1304 3912 700 1304 3913 638 1304 3914 610 1305 3915 611 1305 3916 701 1305 3917 703 1306 3918 614 1306 3919 616 1306 3920 703 1307 3921 616 1307 3922 704 1307 3923 704 1308 3924 616 1308 3925 618 1308 3926 703 1309 3927 639 1309 3928 702 1309 3929 639 1310 3930 703 1310 3931 704 1310 3932 703 1311 3933 702 1311 3934 700 1311 3935 704 1312 3936 618 1312 3937 619 1312 3938 704 1313 3939 619 1313 3940 639 1313 3941 632 1314 3942 564 1314 3943 633 1314 3944 705 1315 3945 565 1315 3946 632 1315 3947 632 1316 3948 628 1316 3949 705 1316 3950 564 1317 3951 632 1317 3952 565 1317 3953 564 1318 3954 565 1318 3955 587 1318 3956 707 1319 3957 705 1319 3958 733 1319 3959 707 1320 3960 567 1320 3961 705 1320 3962 567 1321 3963 565 1321 3964 705 1321 3965 733 1322 3966 708 1322 3967 709 1322 3968 733 1323 3969 709 1323 3970 707 1323 3971 732 1324 3972 708 1324 3973 733 1324 3974 707 1325 3975 709 1325 3976 740 1325 3977 709 1326 3978 710 1326 3979 740 1326 3980 710 1327 3981 574 1327 3982 740 1327 3983 735 1328 3984 710 1328 3985 711 1328 3986 735 1329 3987 568 1329 3988 710 1329 3989 711 1330 3990 710 1330 3991 709 1330 3992 709 1331 3993 708 1331 3994 712 1331 3995 713 1332 3996 715 1332 3997 712 1332 3998 714 1333 3999 715 1333 4000 713 1333 4001 714 1334 4002 728 1334 4003 715 1334 4004 716 1335 4005 711 1335 4006 715 1335 4007 716 1336 4008 715 1336 4009 728 1336 4010 720 1337 4011 718 1337 4012 717 1337 4013 717 1338 4014 718 1338 4015 719 1338 4016 716 1339 4017 717 1339 4018 719 1339 4019 720 1340 4020 737 1340 4021 718 1340 4022 717 1341 4023 721 1341 4024 720 1341 4025 717 1342 4026 722 1342 4027 721 1342 4028 723 1343 4029 722 1343 4030 717 1343 4031 724 1344 4032 720 1344 4033 721 1344 4034 720 1345 4035 620 1345 4036 737 1345 4037 720 1346 4038 724 1346 4039 620 1346 4040 626 1347 4041 624 1347 4042 734 1347 4043 724 1348 4044 734 1348 4045 624 1348 4046 626 1349 4047 726 1349 4048 725 1349 4049 726 1350 4050 723 1350 4051 725 1350 4052 725 1351 4053 723 1351 4054 727 1351 4055 726 1352 4056 722 1352 4057 723 1352 4058 723 1353 4059 728 1353 4060 727 1353 4061 727 1354 4062 728 1354 4063 729 1354 4064 728 1355 4065 714 1355 4066 729 1355 4067 714 1356 4068 713 1356 4069 729 1356 4070 713 1357 4071 712 1357 4072 732 1357 4073 732 1358 4074 712 1358 4075 708 1358 4076 729 1359 4077 730 1359 4078 727 1359 4079 731 1360 4080 706 1360 4081 729 1360 4082 729 1361 4083 713 1361 4084 731 1361 4085 731 1362 4086 713 1362 4087 732 1362 4088 706 1363 4089 732 1363 4090 733 1363 4091 731 1364 4092 732 1364 4093 706 1364 4094 730 1365 4095 626 1365 4096 725 1365 4097 730 1366 4098 725 1366 4099 727 1366 4100 723 1367 4101 716 1367 4102 728 1367 4103 734 1368 4104 721 1368 4105 722 1368 4106 734 1369 4107 722 1369 4108 726 1369 4109 724 1370 4110 721 1370 4111 734 1370 4112 626 1371 4113 734 1371 4114 726 1371 4115 620 1372 4116 724 1372 4117 622 1372 4118 724 1373 4119 625 1373 4120 622 1373 4121 718 1374 4122 738 1374 4123 595 1374 4124 719 1375 4125 595 1375 4126 735 1375 4127 738 1376 4128 617 1376 4129 595 1376 4130 617 1377 4131 736 1377 4132 595 1377 4133 595 1378 4134 736 1378 4135 594 1378 4136 595 1379 4137 719 1379 4138 718 1379 4139 568 1380 4140 735 1380 4141 595 1380 4142 738 1381 4143 718 1381 4144 737 1381 4145 736 1382 4146 615 1382 4147 596 1382 4148 594 1383 4149 736 1383 4150 596 1383 4151 723 1384 4152 717 1384 4153 716 1384 4154 735 1385 4155 711 1385 4156 719 1385 4157 716 1386 4158 719 1386 4159 711 1386 4160 711 1387 4161 712 1387 4162 715 1387 4163 711 1388 4164 709 1388 4165 712 1388 4166 574 1389 4167 710 1389 4168 568 1389 4169 733 1390 4170 705 1390 4171 628 1390 4172 626 1391 4173 627 1391 4174 629 1391 4175 737 1392 4176 620 1392 4177 621 1392 4178 616 1393 4179 736 1393 4180 618 1393 4181 613 1394 4182 605 1394 4183 614 1394 4184 608 1395 4185 612 1395 4186 611 1395 4187 606 1396 4188 607 1396 4189 609 1396 4190 600 1397 4191 606 1397 4192 602 1397 4193 600 1398 4194 604 1398 4195 606 1398 4196 595 1399 4197 572 1399 4198 568 1399 4199 545 1400 4200 548 1400 4201 593 1400 4202 553 1401 4203 570 1401 4204 571 1401 4205 553 1402 4206 571 1402 4207 548 1402 4208 566 1403 4209 565 1403 4210 567 1403 4211 504 1404 4212 534 1404 4213 505 1404 4214 741 1405 4215 534 1405 4216 504 1405 4217 742 1406 4218 741 1406 4219 504 1406 4220 527 1407 4221 741 1407 4222 742 1407 4223 743 1408 4224 527 1408 4225 742 1408 4226 743 1409 4227 742 1409 4228 744 1409 4229 742 1410 4230 504 1410 4231 745 1410 4232 744 1411 4233 742 1411 4234 745 1411 4235 744 1412 4236 745 1412 4237 746 1412 4238 746 1413 4239 745 1413 4240 747 1413 4241 745 1414 4242 504 1414 4243 501 1414 4244 745 1415 4245 501 1415 4246 747 1415 4247 746 1416 4248 747 1416 4249 748 1416 4250 748 1417 4251 747 1417 4252 749 1417 4253 747 1418 4254 502 1418 4255 749 1418 4256 749 1419 4257 502 1419 4258 499 1419 4259 749 1420 4260 499 1420 4261 820 1420 4262 820 1421 4263 499 1421 4264 498 1421 4265 820 1422 4266 498 1422 4267 753 1422 4268 753 1423 4269 498 1423 4270 750 1423 4271 751 1424 4272 752 1424 4273 750 1424 4274 752 1425 4275 751 1425 4276 492 1425 4277 824 1426 4278 750 1426 4279 752 1426 4280 750 1427 4281 824 1427 4282 753 1427 4283 754 1428 4284 752 1428 4285 755 1428 4286 752 1429 4287 754 1429 4288 824 1429 4289 752 1430 4290 492 1430 4291 755 1430 4292 755 1431 4293 483 1431 4294 481 1431 4295 755 1432 4296 492 1432 4297 483 1432 4298 754 1433 4299 755 1433 4300 479 1433 4301 481 1434 4302 479 1434 4303 755 1434 4304 754 1435 4305 781 1435 4306 780 1435 4307 781 1436 4308 754 1436 4309 783 1436 4310 754 1437 4311 479 1437 4312 783 1437 4313 757 1438 4314 823 1438 4315 756 1438 4316 758 1439 4317 823 1439 4318 757 1439 4319 759 1440 4320 758 1440 4321 757 1440 4322 765 1441 4323 761 1441 4324 759 1441 4325 758 1442 4326 759 1442 4327 814 1442 4328 814 1443 4329 759 1443 4330 761 1443 4331 760 1444 4332 758 1444 4333 814 1444 4334 812 1445 4335 761 1445 4336 762 1445 4337 763 1446 4338 812 1446 4339 762 1446 4340 763 1447 4341 767 1447 4342 764 1447 4343 767 1448 4344 763 1448 4345 762 1448 4346 761 1449 4347 765 1449 4348 762 1449 4349 762 1450 4350 765 1450 4351 766 1450 4352 767 1451 4353 762 1451 4354 766 1451 4355 768 1452 4356 764 1452 4357 767 1452 4358 768 1453 4359 767 1453 4360 769 1453 4361 766 1454 4362 769 1454 4363 767 1454 4364 769 1455 4365 774 1455 4366 768 1455 4367 770 1456 4368 768 1456 4369 774 1456 4370 440 1457 4371 770 1457 4372 417 1457 4373 440 1458 4374 809 1458 4375 770 1458 4376 770 1459 4377 771 1459 4378 417 1459 4379 770 1460 4380 774 1460 4381 772 1460 4382 772 1461 4383 771 1461 4384 770 1461 4385 440 1462 4386 417 1462 4387 418 1462 4388 417 1463 4389 415 1463 4390 416 1463 4391 417 1464 4392 771 1464 4393 415 1464 4394 773 1465 4395 772 1465 4396 774 1465 4397 773 1466 4398 774 1466 4399 769 1466 4400 775 1467 4401 773 1467 4402 769 1467 4403 775 1468 4404 411 1468 4405 773 1468 4406 766 1469 4407 776 1469 4408 775 1469 4409 411 1470 4410 775 1470 4411 805 1470 4412 776 1471 4413 805 1471 4414 775 1471 4415 778 1472 4416 806 1472 4417 776 1472 4418 776 1473 4419 806 1473 4420 805 1473 4421 806 1474 4422 778 1474 4423 777 1474 4424 778 1475 4425 776 1475 4426 765 1475 4427 765 1476 4428 776 1476 4429 766 1476 4430 759 1477 4431 778 1477 4432 765 1477 4433 778 1478 4434 759 1478 4435 757 1478 4436 778 1479 4437 757 1479 4438 779 1479 4439 778 1480 4440 779 1480 4441 777 1480 4442 757 1481 4443 756 1481 4444 779 1481 4445 779 1482 4446 756 1482 4447 780 1482 4448 779 1483 4449 780 1483 4450 787 1483 4451 777 1484 4452 779 1484 4453 787 1484 4454 781 1485 4455 787 1485 4456 780 1485 4457 781 1486 4458 782 1486 4459 787 1486 4460 782 1487 4461 781 1487 4462 784 1487 4463 781 1488 4464 783 1488 4465 784 1488 4466 783 1489 4467 478 1489 4468 476 1489 4469 783 1490 4470 476 1490 4471 784 1490 4472 782 1491 4473 784 1491 4474 785 1491 4475 785 1492 4476 784 1492 4477 474 1492 4478 786 1493 4479 782 1493 4480 785 1493 4481 782 1494 4482 786 1494 4483 787 1494 4484 786 1495 4485 788 1495 4486 789 1495 4487 786 1496 4488 789 1496 4489 787 1496 4490 790 1497 4491 788 1497 4492 786 1497 4493 786 1498 4494 785 1498 4495 790 1498 4496 788 1499 4497 790 1499 4498 791 1499 4499 790 1500 4500 374 1500 4501 791 1500 4502 792 1501 4503 791 1501 4504 793 1501 4505 788 1502 4506 791 1502 4507 792 1502 4508 794 1503 4509 795 1503 4510 793 1503 4511 792 1504 4512 793 1504 4513 797 1504 4514 793 1505 4515 796 1505 4516 798 1505 4517 795 1506 4518 796 1506 4519 793 1506 4520 793 1507 4521 798 1507 4522 797 1507 4523 796 1508 4524 795 1508 4525 799 1508 4526 799 1509 4527 800 1509 4528 796 1509 4529 800 1510 4530 799 1510 4531 360 1510 4532 373 1511 4533 360 1511 4534 799 1511 4535 373 1512 4536 799 1512 4537 795 1512 4538 801 1513 4539 803 1513 4540 797 1513 4541 801 1514 4542 797 1514 4543 798 1514 4544 798 1515 4545 802 1515 4546 801 1515 4547 802 1516 4548 401 1516 4549 801 1516 4550 803 1517 4551 801 1517 4552 412 1517 4553 801 1518 4554 401 1518 4555 404 1518 4556 801 1519 4557 404 1519 4558 412 1519 4559 401 1520 4560 403 1520 4561 404 1520 4562 804 1521 4563 803 1521 4564 412 1521 4565 804 1522 4566 412 1522 4567 805 1522 4568 805 1523 4569 806 1523 4570 804 1523 4571 806 1524 4572 777 1524 4573 804 1524 4574 804 1525 4575 777 1525 4576 789 1525 4577 777 1526 4578 787 1526 4579 789 1526 4580 411 1527 4581 805 1527 4582 412 1527 4583 804 1528 4584 789 1528 4585 807 1528 4586 803 1529 4587 804 1529 4588 797 1529 4589 807 1530 4590 797 1530 4591 804 1530 4592 797 1531 4593 807 1531 4594 788 1531 4595 788 1532 4596 807 1532 4597 789 1532 4598 788 1533 4599 792 1533 4600 797 1533 4601 796 1534 4602 808 1534 4603 802 1534 4604 802 1535 4605 798 1535 4606 796 1535 4607 401 1536 4608 802 1536 4609 808 1536 4610 796 1537 4611 800 1537 4612 808 1537 4613 794 1538 4614 373 1538 4615 795 1538 4616 794 1539 4617 793 1539 4618 791 1539 4619 474 1540 4620 790 1540 4621 785 1540 4622 475 1541 4623 790 1541 4624 474 1541 4625 790 1542 4626 475 1542 4627 374 1542 4628 775 1543 4629 769 1543 4630 766 1543 4631 773 1544 4632 413 1544 4633 772 1544 4634 771 1545 4635 772 1545 4636 413 1545 4637 809 1546 4638 810 1546 4639 770 1546 4640 809 1547 4641 441 1547 4642 444 1547 4643 810 1548 4644 809 1548 4645 444 1548 4646 810 1549 4647 444 1549 4648 449 1549 4649 810 1550 4650 449 1550 4651 450 1550 4652 811 1551 4653 810 1551 4654 450 1551 4655 810 1552 4656 811 1552 4657 770 1552 4658 768 1553 4659 770 1553 4660 811 1553 4661 832 1554 4662 768 1554 4663 811 1554 4664 768 1555 4665 832 1555 4666 764 1555 4667 764 1556 4668 832 1556 4669 830 1556 4670 764 1557 4671 830 1557 4672 812 1557 4673 764 1558 4674 812 1558 4675 763 1558 4676 813 1559 4677 761 1559 4678 812 1559 4679 813 1560 4680 814 1560 4681 761 1560 4682 814 1561 4683 813 1561 4684 815 1561 4685 814 1562 4686 815 1562 4687 760 1562 4688 813 1563 4689 816 1563 4690 815 1563 4691 817 1564 4692 816 1564 4693 813 1564 4694 816 1565 4695 817 1565 4696 818 1565 4697 816 1566 4698 819 1566 4699 815 1566 4700 815 1567 4701 819 1567 4702 820 1567 4703 821 1568 4704 820 1568 4705 753 1568 4706 815 1569 4707 820 1569 4708 821 1569 4709 821 1570 4710 823 1570 4711 760 1570 4712 815 1571 4713 821 1571 4714 760 1571 4715 821 1572 4716 753 1572 4717 822 1572 4718 823 1573 4719 821 1573 4720 822 1573 4721 823 1574 4722 822 1574 4723 756 1574 4724 822 1575 4725 753 1575 4726 824 1575 4727 756 1576 4728 822 1576 4729 780 1576 4730 824 1577 4731 780 1577 4732 822 1577 4733 780 1578 4734 824 1578 4735 754 1578 4736 816 1579 4737 748 1579 4738 819 1579 4739 748 1580 4740 749 1580 4741 819 1580 4742 819 1581 4743 749 1581 4744 820 1581 4745 818 1582 4746 748 1582 4747 816 1582 4748 818 1583 4749 825 1583 4750 748 1583 4751 825 1584 4752 818 1584 4753 826 1584 4754 825 1585 4755 826 1585 4756 828 1585 4757 827 1586 4758 826 1586 4759 829 1586 4760 828 1587 4761 826 1587 4762 827 1587 4763 826 1588 4764 818 1588 4765 829 1588 4766 818 1589 4767 817 1589 4768 829 1589 4769 817 1590 4770 813 1590 4771 829 1590 4772 829 1591 4773 813 1591 4774 812 1591 4775 830 1592 4776 829 1592 4777 812 1592 4778 830 1593 4779 831 1593 4780 845 1593 4781 832 1594 4782 831 1594 4783 830 1594 4784 827 1595 4785 829 1595 4786 830 1595 4787 830 1596 4788 845 1596 4789 835 1596 4790 830 1597 4791 835 1597 4792 827 1597 4793 834 1598 4794 833 1598 4795 827 1598 4796 834 1599 4797 744 1599 4798 833 1599 4799 833 1600 4800 825 1600 4801 828 1600 4802 833 1601 4803 746 1601 4804 825 1601 4805 833 1602 4806 828 1602 4807 827 1602 4808 833 1603 4809 744 1603 4810 746 1603 4811 834 1604 4812 827 1604 4813 835 1604 4814 453 1605 4815 454 1605 4816 840 1605 4817 453 1606 4818 834 1606 4819 843 1606 4820 836 1607 4821 454 1607 4822 464 1607 4823 454 1608 4824 836 1608 4825 840 1608 4826 836 1609 4827 464 1609 4828 837 1609 4829 838 1610 4830 836 1610 4831 837 1610 4832 838 1611 4833 839 1611 4834 840 1611 4835 839 1612 4836 841 1612 4837 840 1612 4838 453 1613 4839 842 1613 4840 834 1613 4841 842 1614 4842 453 1614 4843 840 1614 4844 842 1615 4845 840 1615 4846 526 1615 4847 842 1616 4848 743 1616 4849 834 1616 4850 488 1617 4851 841 1617 4852 839 1617 4853 841 1618 4854 526 1618 4855 840 1618 4856 841 1619 4857 525 1619 4858 526 1619 4859 488 1620 4860 524 1620 4861 841 1620 4862 524 1621 4863 525 1621 4864 841 1621 4865 522 1622 4866 524 1622 4867 488 1622 4868 840 1623 4869 836 1623 4870 838 1623 4871 843 1624 4872 845 1624 4873 844 1624 4874 846 1625 4875 844 1625 4876 845 1625 4877 450 1626 4878 844 1626 4879 846 1626 4880 846 1627 4881 811 1627 4882 450 1627 4883 831 1628 4884 832 1628 4885 846 1628 4886 811 1629 4887 846 1629 4888 832 1629 4889 846 1630 4890 845 1630 4891 831 1630 4892 834 1631 4893 845 1631 4894 843 1631 4895 835 1632 4896 845 1632 4897 834 1632 4898 834 1633 4899 743 1633 4900 744 1633 4901 825 1634 4902 746 1634 4903 748 1634 4904 758 1635 4905 760 1635 4906 823 1635 4907 492 1636 4908 490 1636 4909 483 1636 4910 751 1637 4911 493 1637 4912 492 1637 4913 750 1638 4914 496 1638 4915 751 1638 4916 496 1639 4917 750 1639 4918 498 1639 4919 489 1640 4920 522 1640 4921 488 1640 4922 480 1641 4923 482 1641 4924 477 1641 4925 482 1642 4926 467 1642 4927 468 1642 4928 482 1643 4929 468 1643 4930 477 1643 4931 477 1644 4932 468 1644 4933 471 1644 4934 470 1645 4935 376 1645 4936 473 1645 4937 470 1646 4938 462 1646 4939 376 1646 4940 376 1647 4941 462 1647 4942 459 1647 4943 459 1648 4944 457 1648 4945 458 1648 4946 456 1649 4947 379 1649 4948 455 1649 4949 451 1650 4950 448 1650 4951 456 1650 4952 448 1651 4953 380 1651 4954 456 1651 4955 456 1652 4956 380 1652 4957 379 1652 4958 451 1653 4959 456 1653 4960 848 1653 4961 453 1654 4962 451 1654 4963 848 1654 4964 446 1655 4965 449 1655 4966 444 1655 4967 448 1656 4968 849 1656 4969 380 1656 4970 849 1657 4971 448 1657 4972 446 1657 4973 849 1658 4974 446 1658 4975 445 1658 4976 850 1659 4977 849 1659 4978 445 1659 4979 445 1660 4980 443 1660 4981 850 1660 4982 849 1661 4983 850 1661 4984 382 1661 4985 387 1662 4986 384 1662 4987 393 1662 4988 384 1663 4989 850 1663 4990 443 1663 4991 393 1664 4992 442 1664 4993 438 1664 4994 437 1665 4995 867 1665 4996 438 1665 4997 436 1666 4998 867 1666 4999 437 1666 5000 862 1667 5001 433 1667 5002 851 1667 5003 436 1668 5004 433 1668 5005 862 1668 5006 851 1669 5007 434 1669 5008 852 1669 5009 852 1670 5010 853 1670 5011 851 1670 5012 851 1671 5013 433 1671 5014 434 1671 5015 853 1672 5016 852 1672 5017 854 1672 5018 857 1673 5019 854 1673 5020 855 1673 5021 856 1674 5022 855 1674 5023 854 1674 5024 854 1675 5025 857 1675 5026 853 1675 5027 856 1676 5028 854 1676 5029 858 1676 5030 852 1677 5031 858 1677 5032 854 1677 5033 858 1678 5034 852 1678 5035 434 1678 5036 858 1679 5037 434 1679 5038 431 1679 5039 858 1680 5040 431 1680 5041 859 1680 5042 859 1681 5043 856 1681 5044 858 1681 5045 430 1682 5046 859 1682 5047 431 1682 5048 856 1683 5049 859 1683 5050 429 1683 5051 859 1684 5052 430 1684 5053 429 1684 5054 860 1685 5055 857 1685 5056 396 1685 5057 855 1686 5058 396 1686 5059 857 1686 5060 860 1687 5061 853 1687 5062 857 1687 5063 397 1688 5064 861 1688 5065 860 1688 5066 862 1689 5067 860 1689 5068 861 1689 5069 397 1690 5070 860 1690 5071 396 1690 5072 862 1691 5073 851 1691 5074 860 1691 5075 851 1692 5076 853 1692 5077 860 1692 5078 863 1693 5079 862 1693 5080 861 1693 5081 864 1694 5082 863 1694 5083 861 1694 5084 394 1695 5085 867 1695 5086 864 1695 5087 863 1696 5088 864 1696 5089 867 1696 5090 861 1697 5091 397 1697 5092 864 1697 5093 864 1698 5094 397 1698 5095 865 1698 5096 864 1699 5097 865 1699 5098 866 1699 5099 866 1700 5100 394 1700 5101 864 1700 5102 866 1701 5103 865 1701 5104 397 1701 5105 863 1702 5106 436 1702 5107 862 1702 5108 436 1703 5109 863 1703 5110 867 1703 5111 399 1704 5112 855 1704 5113 856 1704 5114 856 1705 5115 429 1705 5116 399 1705 5117 399 1706 5118 429 1706 5119 428 1706 5120 421 1707 5121 399 1707 5122 428 1707 5123 399 1708 5124 421 1708 5125 402 1708 5126 424 1709 5127 427 1709 5128 432 1709 5129 422 1710 5130 428 1710 5131 427 1710 5132 406 1711 5133 422 1711 5134 407 1711 5135 868 1712 5136 420 1712 5137 419 1712 5138 409 1713 5139 407 1713 5140 868 1713 5141 868 1714 5142 418 1714 5143 416 1714 5144 410 1715 5145 773 1715 5146 411 1715 5147 405 1716 5148 412 1716 5149 404 1716 5150 800 1717 5151 358 1717 5152 808 1717 5153 358 1718 5154 398 1718 5155 808 1718 5156 398 1719 5157 358 1719 5158 389 1719 5159 370 1720 5160 869 1720 5161 880 1720 5162 869 1721 5163 370 1721 5164 870 1721 5165 869 1722 5166 870 1722 5167 871 1722 5168 871 1723 5169 870 1723 5170 389 1723 5171 389 1724 5172 872 1724 5173 871 1724 5174 389 1725 5175 357 1725 5176 872 1725 5177 357 1726 5178 874 1726 5179 872 1726 5180 874 1727 5181 873 1727 5182 872 1727 5183 869 1728 5184 872 1728 5185 873 1728 5186 872 1729 5187 875 1729 5188 871 1729 5189 875 1730 5190 872 1730 5191 869 1730 5192 871 1731 5193 875 1731 5194 869 1731 5195 357 1732 5196 878 1732 5197 874 1732 5198 873 1733 5199 874 1733 5200 876 1733 5201 879 1734 5202 876 1734 5203 874 1734 5204 878 1735 5205 877 1735 5206 874 1735 5207 874 1736 5208 877 1736 5209 879 1736 5210 877 1737 5211 364 1737 5212 879 1737 5213 879 1738 5214 369 1738 5215 876 1738 5216 876 1739 5217 369 1739 5218 880 1739 5219 880 1740 5220 869 1740 5221 876 1740 5222 873 1741 5223 876 1741 5224 869 1741 5225 879 1742 5226 366 1742 5227 369 1742 5228 364 1743 5229 366 1743 5230 879 1743 5231 877 1744 5232 363 1744 5233 364 1744 5234 877 1745 5235 878 1745 5236 363 1745 5237 878 1746 5238 357 1746 5239 362 1746 5240 362 1747 5241 363 1747 5242 878 1747 5243 359 1748 5244 362 1748 5245 357 1748 5246 370 1749 5247 371 1749 5248 881 1749 5249 881 1750 5250 371 1750 5251 378 1750 5252 383 1751 5253 881 1751 5254 378 1751 5255 389 1752 5256 358 1752 5257 357 1752 5258 364 1753 5259 367 1753 5260 366 1753 5261 882 1754 5262 883 1754 5263 884 1754 5264 883 1755 5265 882 1755 5266 1042 1755 5267 1042 1756 5268 882 1756 5269 886 1756 5270 884 1757 5271 885 1757 5272 882 1757 5273 882 1758 5274 885 1758 5275 886 1758 5276 886 1759 5277 885 1759 5278 887 1759 5279 885 1760 5280 915 1760 5281 887 1760 5282 910 1761 5283 888 1761 5284 911 1761 5285 888 1762 5286 910 1762 5287 889 1762 5288 889 1763 5289 910 1763 5290 909 1763 5291 889 1764 5292 909 1764 5293 890 1764 5294 890 1765 5295 1055 1765 5296 889 1765 5297 890 1766 5298 1065 1766 5299 891 1766 5300 1055 1767 5301 890 1767 5302 891 1767 5303 892 1768 5304 1055 1768 5305 891 1768 5306 892 1769 5307 891 1769 5308 1065 1769 5309 893 1770 5310 892 1770 5311 1065 1770 5312 892 1771 5313 894 1771 5314 1055 1771 5315 893 1772 5316 894 1772 5317 892 1772 5318 895 1773 5319 896 1773 5320 893 1773 5321 900 1774 5322 895 1774 5323 893 1774 5324 893 1775 5325 896 1775 5326 894 1775 5327 896 1776 5328 895 1776 5329 1066 1776 5330 896 1777 5331 1066 1777 5332 897 1777 5333 898 1778 5334 897 1778 5335 1066 1778 5336 926 1779 5337 898 1779 5338 1066 1779 5339 926 1780 5340 1066 1780 5341 899 1780 5342 899 1781 5343 1066 1781 5344 895 1781 5345 899 1782 5346 895 1782 5347 900 1782 5348 901 1783 5349 899 1783 5350 900 1783 5351 925 1784 5352 902 1784 5353 901 1784 5354 901 1785 5355 903 1785 5356 925 1785 5357 901 1786 5358 902 1786 5359 899 1786 5360 904 1787 5361 903 1787 5362 901 1787 5363 901 1788 5364 900 1788 5365 905 1788 5366 904 1789 5367 901 1789 5368 905 1789 5369 904 1790 5370 905 1790 5371 907 1790 5372 905 1791 5373 906 1791 5374 907 1791 5375 905 1792 5376 893 1792 5377 906 1792 5378 905 1793 5379 900 1793 5380 893 1793 5381 908 1794 5382 907 1794 5383 906 1794 5384 908 1795 5385 911 1795 5386 912 1795 5387 911 1796 5388 908 1796 5389 906 1796 5390 909 1797 5391 911 1797 5392 906 1797 5393 911 1798 5394 909 1798 5395 910 1798 5396 913 1799 5397 912 1799 5398 911 1799 5399 913 1800 5400 911 1800 5401 888 1800 5402 913 1801 5403 914 1801 5404 1064 1801 5405 916 1802 5406 914 1802 5407 915 1802 5408 884 1803 5409 916 1803 5410 915 1803 5411 885 1804 5412 884 1804 5413 915 1804 5414 914 1805 5415 913 1805 5416 915 1805 5417 916 1806 5418 884 1806 5419 883 1806 5420 916 1807 5421 883 1807 5422 973 1807 5423 917 1808 5424 916 1808 5425 973 1808 5426 916 1809 5427 918 1809 5428 914 1809 5429 918 1810 5430 919 1810 5431 914 1810 5432 918 1811 5433 916 1811 5434 917 1811 5435 918 1812 5436 917 1812 5437 968 1812 5438 919 1813 5439 918 1813 5440 968 1813 5441 919 1814 5442 968 1814 5443 920 1814 5444 920 1815 5445 922 1815 5446 921 1815 5447 919 1816 5448 920 1816 5449 923 1816 5450 968 1817 5451 922 1817 5452 920 1817 5453 921 1818 5454 923 1818 5455 920 1818 5456 921 1819 5457 927 1819 5458 923 1819 5459 927 1820 5460 924 1820 5461 923 1820 5462 924 1821 5463 903 1821 5464 923 1821 5465 926 1822 5466 899 1822 5467 902 1822 5468 925 1823 5469 926 1823 5470 902 1823 5471 926 1824 5472 925 1824 5473 927 1824 5474 927 1825 5475 925 1825 5476 924 1825 5477 927 1826 5478 921 1826 5479 928 1826 5480 928 1827 5481 922 1827 5482 967 1827 5483 967 1828 5484 966 1828 5485 928 1828 5486 927 1829 5487 928 1829 5488 929 1829 5489 966 1830 5490 929 1830 5491 928 1830 5492 929 1831 5493 1059 1831 5494 930 1831 5495 929 1832 5496 930 1832 5497 1020 1832 5498 926 1833 5499 929 1833 5500 1020 1833 5501 926 1834 5502 927 1834 5503 929 1834 5504 1020 1835 5505 898 1835 5506 926 1835 5507 930 1836 5508 932 1836 5509 931 1836 5510 1057 1837 5511 932 1837 5512 930 1837 5513 1057 1838 5514 933 1838 5515 932 1838 5516 950 1839 5517 934 1839 5518 933 1839 5519 944 1840 5520 934 1840 5521 950 1840 5522 935 1841 5523 934 1841 5524 944 1841 5525 1019 1842 5526 931 1842 5527 935 1842 5528 934 1843 5529 935 1843 5530 931 1843 5531 1019 1844 5532 935 1844 5533 936 1844 5534 938 1845 5535 936 1845 5536 937 1845 5537 937 1846 5538 936 1846 5539 935 1846 5540 941 1847 5541 939 1847 5542 938 1847 5543 940 1848 5544 938 1848 5545 937 1848 5546 940 1849 5547 941 1849 5548 938 1849 5549 1063 1850 5550 941 1850 5551 940 1850 5552 1063 1851 5553 1014 1851 5554 941 1851 5555 942 1852 5556 1014 1852 5557 1063 1852 5558 1063 1853 5559 943 1853 5560 942 1853 5561 942 1854 5562 943 1854 5563 953 1854 5564 1012 1855 5565 942 1855 5566 953 1855 5567 943 1856 5568 1062 1856 5569 952 1856 5570 952 1857 5571 1062 1857 5572 945 1857 5573 1062 1858 5574 1061 1858 5575 945 1858 5576 945 1859 5577 1061 1859 5578 944 1859 5579 945 1860 5580 944 1860 5581 946 1860 5582 952 1861 5583 945 1861 5584 946 1861 5585 944 1862 5586 950 1862 5587 946 1862 5588 948 1863 5589 946 1863 5590 947 1863 5591 946 1864 5592 951 1864 5593 947 1864 5594 943 1865 5595 952 1865 5596 946 1865 5597 948 1866 5598 943 1866 5599 946 1866 5600 950 1867 5601 949 1867 5602 946 1867 5603 946 1868 5604 949 1868 5605 951 1868 5606 943 1869 5607 948 1869 5608 953 1869 5609 948 1870 5610 1060 1870 5611 953 1870 5612 948 1871 5613 947 1871 5614 1060 1871 5615 1060 1872 5616 956 1872 5617 954 1872 5618 956 1873 5619 1060 1873 5620 959 1873 5621 956 1874 5622 960 1874 5623 955 1874 5624 956 1875 5625 955 1875 5626 957 1875 5627 956 1876 5628 959 1876 5629 960 1876 5630 958 1877 5631 955 1877 5632 960 1877 5633 1008 1878 5634 958 1878 5635 960 1878 5636 960 1879 5637 959 1879 5638 961 1879 5639 963 1880 5640 970 1880 5641 961 1880 5642 961 1881 5643 962 1881 5644 963 1881 5645 951 1882 5646 964 1882 5647 963 1882 5648 1056 1883 5649 963 1883 5650 964 1883 5651 951 1884 5652 963 1884 5653 962 1884 5654 963 1885 5655 965 1885 5656 970 1885 5657 965 1886 5658 963 1886 5659 966 1886 5660 963 1887 5661 1056 1887 5662 966 1887 5663 929 1888 5664 966 1888 5665 1056 1888 5666 965 1889 5667 966 1889 5668 967 1889 5669 967 1890 5670 922 1890 5671 968 1890 5672 968 1891 5673 969 1891 5674 967 1891 5675 967 1892 5676 969 1892 5677 965 1892 5678 965 1893 5679 971 1893 5680 970 1893 5681 971 1894 5682 965 1894 5683 972 1894 5684 969 1895 5685 972 1895 5686 965 1895 5687 1008 1896 5688 971 1896 5689 972 1896 5690 968 1897 5691 972 1897 5692 969 1897 5693 968 1898 5694 917 1898 5695 973 1898 5696 972 1899 5697 968 1899 5698 973 1899 5699 974 1900 5700 972 1900 5701 973 1900 5702 1005 1901 5703 1008 1901 5704 974 1901 5705 1008 1902 5706 972 1902 5707 974 1902 5708 975 1903 5709 976 1903 5710 974 1903 5711 999 1904 5712 974 1904 5713 976 1904 5714 1005 1905 5715 974 1905 5716 999 1905 5717 975 1906 5718 977 1906 5719 976 1906 5720 978 1907 5721 998 1907 5722 976 1907 5723 1022 1908 5724 976 1908 5725 977 1908 5726 976 1909 5727 1022 1909 5728 978 1909 5729 1022 1910 5730 1021 1910 5731 978 1910 5732 998 1911 5733 978 1911 5734 980 1911 5735 979 1912 5736 998 1912 5737 980 1912 5738 1020 1913 5739 1015 1913 5740 980 1913 5741 1020 1914 5742 980 1914 5743 1021 1914 5744 1020 1915 5745 982 1915 5746 1015 1915 5747 985 1916 5748 1016 1916 5749 983 1916 5750 985 1917 5751 983 1917 5752 984 1917 5753 1015 1918 5754 1016 1918 5755 985 1918 5756 1015 1919 5757 981 1919 5758 980 1919 5759 980 1920 5760 981 1920 5761 986 1920 5762 980 1921 5763 986 1921 5764 979 1921 5765 987 1922 5766 979 1922 5767 986 1922 5768 987 1923 5769 986 1923 5770 939 1923 5771 981 1924 5772 984 1924 5773 986 1924 5774 986 1925 5775 984 1925 5776 939 1925 5777 988 1926 5778 987 1926 5779 939 1926 5780 939 1927 5781 984 1927 5782 983 1927 5783 939 1928 5784 983 1928 5785 938 1928 5786 989 1929 5787 987 1929 5788 988 1929 5789 989 1930 5790 988 1930 5791 990 1930 5792 991 1931 5793 989 1931 5794 990 1931 5795 994 1932 5796 991 1932 5797 1011 1932 5798 994 1933 5799 993 1933 5800 992 1933 5801 994 1934 5802 1001 1934 5803 993 1934 5804 1001 1935 5805 994 1935 5806 1011 1935 5807 991 1936 5808 994 1936 5809 995 1936 5810 995 1937 5811 994 1937 5812 992 1937 5813 1000 1938 5814 995 1938 5815 992 1938 5816 996 1939 5817 991 1939 5818 995 1939 5819 995 1940 5820 997 1940 5821 996 1940 5822 989 1941 5823 996 1941 5824 987 1941 5825 996 1942 5826 979 1942 5827 987 1942 5828 996 1943 5829 997 1943 5830 979 1943 5831 976 1944 5832 998 1944 5833 999 1944 5834 998 1945 5835 1000 1945 5836 999 1945 5837 992 1946 5838 999 1946 5839 1000 1946 5840 997 1947 5841 1000 1947 5842 998 1947 5843 997 1948 5844 995 1948 5845 1000 1948 5846 997 1949 5847 998 1949 5848 979 1949 5849 996 1950 5850 989 1950 5851 991 1950 5852 1001 1951 5853 1003 1951 5854 993 1951 5855 993 1952 5856 1003 1952 5857 1002 1952 5858 1004 1953 5859 1003 1953 5860 1001 1953 5861 1002 1954 5862 1003 1954 5863 1004 1954 5864 1001 1955 5865 1011 1955 5866 1004 1955 5867 1006 1956 5868 1002 1956 5869 1004 1956 5870 1005 1957 5871 1002 1957 5872 1006 1957 5873 1005 1958 5874 999 1958 5875 1002 1958 5876 1005 1959 5877 1006 1959 5878 1007 1959 5879 1007 1960 5880 1008 1960 5881 1005 1960 5882 1010 1961 5883 1009 1961 5884 1007 1961 5885 1007 1962 5886 1009 1962 5887 958 1962 5888 1007 1963 5889 958 1963 5890 1008 1963 5891 1011 1964 5892 1010 1964 5893 1004 1964 5894 1011 1965 5895 990 1965 5896 956 1965 5897 1011 1966 5898 956 1966 5899 957 1966 5900 1011 1967 5901 957 1967 5902 1010 1967 5903 990 1968 5904 1012 1968 5905 954 1968 5906 1012 1969 5907 953 1969 5908 954 1969 5909 1007 1970 5910 1006 1970 5911 1004 1970 5912 1007 1971 5913 1004 1971 5914 1010 1971 5915 991 1972 5916 990 1972 5917 1011 1972 5918 1012 1973 5919 990 1973 5920 942 1973 5921 941 1974 5922 1014 1974 5923 939 1974 5924 988 1975 5925 939 1975 5926 1014 1975 5927 1014 1976 5928 1013 1976 5929 988 1976 5930 1014 1977 5931 942 1977 5932 1013 1977 5933 1013 1978 5934 942 1978 5935 988 1978 5936 942 1979 5937 990 1979 5938 988 1979 5939 954 1980 5940 956 1980 5941 990 1980 5942 1010 1981 5943 957 1981 5944 1009 1981 5945 955 1982 5946 958 1982 5947 1009 1982 5948 957 1983 5949 955 1983 5950 1009 1983 5951 992 1984 5952 993 1984 5953 1002 1984 5954 999 1985 5955 992 1985 5956 1002 1985 5957 981 1986 5958 1015 1986 5959 984 1986 5960 1015 1987 5961 985 1987 5962 984 1987 5963 1016 1988 5964 982 1988 5965 983 1988 5966 1018 1989 5967 1017 1989 5968 983 1989 5969 982 1990 5970 1018 1990 5971 983 1990 5972 983 1991 5973 1017 1991 5974 938 1991 5975 936 1992 5976 1017 1992 5977 1018 1992 5978 938 1993 5979 1017 1993 5980 936 1993 5981 1020 1994 5982 1019 1994 5983 982 1994 5984 1018 1995 5985 982 1995 5986 1019 1995 5987 936 1996 5988 1018 1996 5989 1019 1996 5990 1020 1997 5991 930 1997 5992 1019 1997 5993 930 1998 5994 931 1998 5995 1019 1998 5996 1015 1999 5997 982 1999 5998 1016 1999 5999 1021 2000 6000 980 2000 6001 978 2000 6002 1020 2001 6003 1021 2001 6004 898 2001 6005 1021 2002 6006 1022 2002 6007 1023 2002 6008 1023 2003 6009 1022 2003 6010 977 2003 6011 1027 2004 6012 1023 2004 6013 1024 2004 6014 1023 2005 6015 977 2005 6016 1024 2005 6017 1025 2006 6018 1024 2006 6019 1026 2006 6020 1024 2007 6021 1025 2007 6022 1027 2007 6023 1026 2008 6024 1024 2008 6025 1031 2008 6026 1024 2009 6027 977 2009 6028 1029 2009 6029 1024 2010 6030 1029 2010 6031 1031 2010 6032 1031 2011 6033 1030 2011 6034 1044 2011 6035 887 2012 6036 1043 2012 6037 1044 2012 6038 887 2013 6039 1030 2013 6040 1028 2013 6041 1030 2014 6042 887 2014 6043 1044 2014 6044 1030 2015 6045 1032 2015 6046 1028 2015 6047 1030 2016 6048 1031 2016 6049 1029 2016 6050 1033 2017 6051 1032 2017 6052 1045 2017 6053 975 2018 6054 1045 2018 6055 977 2018 6056 1045 2019 6057 975 2019 6058 1033 2019 6059 1033 2020 6060 1034 2020 6061 1028 2020 6062 1035 2021 6063 1034 2021 6064 1033 2021 6065 1035 2022 6066 1033 2022 6067 975 2022 6068 1033 2023 6069 1028 2023 6070 1032 2023 6071 1038 2024 6072 1036 2024 6073 1035 2024 6074 1035 2025 6075 1036 2025 6076 1034 2025 6077 1035 2026 6078 1037 2026 6079 1041 2026 6080 1037 2027 6081 1035 2027 6082 974 2027 6083 1035 2028 6084 975 2028 6085 974 2028 6086 1035 2029 6087 1041 2029 6088 1038 2029 6089 1038 2030 6090 1039 2030 6091 1036 2030 6092 1039 2031 6093 1038 2031 6094 1041 2031 6095 1036 2032 6096 1039 2032 6097 1040 2032 6098 1041 2033 6099 887 2033 6100 1039 2033 6101 887 2034 6102 1040 2034 6103 1039 2034 6104 1037 2035 6105 1042 2035 6106 1041 2035 6107 1042 2036 6108 1037 2036 6109 974 2036 6110 1041 2037 6111 886 2037 6112 887 2037 6113 1042 2038 6114 886 2038 6115 1041 2038 6116 888 2039 6117 1043 2039 6118 915 2039 6119 887 2040 6120 915 2040 6121 1043 2040 6122 1043 2041 6123 888 2041 6124 889 2041 6125 1044 2042 6126 1043 2042 6127 889 2042 6128 1026 2043 6129 1031 2043 6130 1044 2043 6131 1044 2044 6132 889 2044 6133 1026 2044 6134 1036 2045 6135 1040 2045 6136 1034 2045 6137 1034 2046 6138 1040 2046 6139 1028 2046 6140 887 2047 6141 1028 2047 6142 1040 2047 6143 1030 2048 6144 1029 2048 6145 1032 2048 6146 1045 2049 6147 1032 2049 6148 1029 2049 6149 977 2050 6150 1045 2050 6151 1029 2050 6152 1027 2051 6153 1046 2051 6154 1047 2051 6155 1025 2052 6156 1046 2052 6157 1027 2052 6158 1053 2053 6159 1047 2053 6160 1048 2053 6161 1046 2054 6162 1048 2054 6163 1047 2054 6164 1053 2055 6165 1048 2055 6166 1049 2055 6167 1048 2056 6168 1046 2056 6169 1025 2056 6170 1049 2057 6171 1048 2057 6172 1025 2057 6173 1025 2058 6174 1050 2058 6175 1049 2058 6176 1052 2059 6177 1049 2059 6178 1050 2059 6179 1052 2060 6180 1050 2060 6181 1051 2060 6182 1054 2061 6183 1053 2061 6184 1052 2061 6185 1053 2062 6186 1049 2062 6187 1052 2062 6188 1053 2063 6189 1054 2063 6190 898 2063 6191 1054 2064 6192 894 2064 6193 897 2064 6194 897 2065 6195 898 2065 6196 1054 2065 6197 1054 2066 6198 1051 2066 6199 894 2066 6200 894 2067 6201 896 2067 6202 897 2067 6203 1054 2068 6204 1052 2068 6205 1051 2068 6206 1047 2069 6207 1053 2069 6208 898 2069 6209 1021 2070 6210 1047 2070 6211 898 2070 6212 1047 2071 6213 1021 2071 6214 1023 2071 6215 1051 2072 6216 1050 2072 6217 1055 2072 6218 894 2073 6219 1051 2073 6220 1055 2073 6221 1055 2074 6222 1026 2074 6223 889 2074 6224 1055 2075 6225 1025 2075 6226 1026 2075 6227 1055 2076 6228 1050 2076 6229 1025 2076 6230 1027 2077 6231 1047 2077 6232 1023 2077 6233 974 2078 6234 973 2078 6235 1042 2078 6236 971 2079 6237 960 2079 6238 970 2079 6239 961 2080 6240 970 2080 6241 960 2080 6242 1008 2081 6243 960 2081 6244 971 2081 6245 1059 2082 6246 929 2082 6247 1056 2082 6248 1057 2083 6249 1058 2083 6250 933 2083 6251 950 2084 6252 933 2084 6253 1058 2084 6254 949 2085 6255 950 2085 6256 1058 2085 6257 1058 2086 6258 964 2086 6259 949 2086 6260 1058 2087 6261 1057 2087 6262 964 2087 6263 1057 2088 6264 1059 2088 6265 964 2088 6266 964 2089 6267 1059 2089 6268 1056 2089 6269 949 2090 6270 964 2090 6271 951 2090 6272 951 2091 6273 962 2091 6274 947 2091 6275 947 2092 6276 962 2092 6277 1060 2092 6278 959 2093 6279 1060 2093 6280 962 2093 6281 961 2094 6282 959 2094 6283 962 2094 6284 953 2095 6285 1060 2095 6286 954 2095 6287 937 2096 6288 935 2096 6289 944 2096 6290 1061 2097 6291 937 2097 6292 944 2097 6293 1062 2098 6294 1063 2098 6295 1061 2098 6296 1063 2099 6297 1062 2099 6298 943 2099 6299 1063 2100 6300 940 2100 6301 937 2100 6302 1061 2101 6303 1063 2101 6304 937 2101 6305 934 2102 6306 931 2102 6307 932 2102 6308 934 2103 6309 932 2103 6310 933 2103 6311 1059 2104 6312 1057 2104 6313 930 2104 6314 922 2105 6315 928 2105 6316 921 2105 6317 924 2106 6318 925 2106 6319 903 2106 6320 923 2107 6321 903 2107 6322 904 2107 6323 1064 2108 6324 923 2108 6325 904 2108 6326 1064 2109 6327 919 2109 6328 923 2109 6329 1064 2110 6330 904 2110 6331 912 2110 6332 912 2111 6333 913 2111 6334 1064 2111 6335 904 2112 6336 908 2112 6337 912 2112 6338 1064 2113 6339 914 2113 6340 919 2113 6341 973 2114 6342 883 2114 6343 1042 2114 6344 913 2115 6345 888 2115 6346 915 2115 6347 893 2116 6348 1065 2116 6349 906 2116 6350 890 2117 6351 906 2117 6352 1065 2117 6353 906 2118 6354 890 2118 6355 909 2118 6356 904 2119 6357 907 2119 6358 908 2119 6359</p>
                </triangles>
            </mesh>
        </geometry>
    </library_geometries>
    <library_visual_scenes>
        <visual_scene id="VisualSceneNode" name="VisualScene">
            <node id="node" name="node">
                <instance_geometry url="#shape0-lib"/>
            </node>
        </visual_scene>
    </library_visual_scenes>
    <scene>
        <instance_visual_scene url="#VisualSceneNode"/>
    </scene>
</COLLADA>
