{
  "unit": {
    "mass": "kg",
    "length": "m"
  },
  "mass": 3.0,
  "com": [
    -0.125,
    0.0,
    0.090106019
  ],
  "inertia": {
    "ixx": 0.01223240688,
    "iyy": 0.02393378256,
    "izz": 0.01954862436,
    "ixy": 0.0,
    "ixz": 0.0,
    "iyz": 0.0
  }
}