<?xml version="1.0" encoding="UTF-8"?>
<COLLADA xmlns="http://www.collada.org/2005/11/COLLADASchema" version="1.4.1">
    <asset>
        <contributor>
            <author>VCGLab</author>
            <authoring_tool>VCGLib | MeshLab</authoring_tool>
        </contributor>
        <created>Wed Jun 24 09:23:18 2026 GMT</created>
        <modified>Wed Jun 24 09:23:18 2026 GMT</modified>
        <up_axis>Y_UP</up_axis>
    </asset>
    <library_geometries>
        <geometry id="shape0-lib" name="shape0">
            <mesh>
                <source id="shape0-lib-positions" name="position">
                    <float_array id="shape0-lib-positions-array" count="13785">0.010472 0.010317 0.046996 0.010472 0.016166 0.046996 0.010472 0.010317 0.0153428 0.013376 0.010317 0.046269 0.020773 0.010317 0.0434999 0.026706 0.010317 0.031576 0.026994 0.0107239 0.031288 0.0327576 0.0110658 0.036733 0.0287681 0.010318 0.0336077 0.0321451 0.0103439 0.0368984 0.010472 0.012049 0.0139991 0.037091 0.011866 0.0325798 0.0371358 0.0109931 0.0323882 0.0427059 0.010317 0.022655 0.038457 0.010317 0.029314 0.038457 0.017117 0.029314 0.03732 0.010317 0.031729 0.037043 0.017117 0.032769 0.038457 0.0375169 0.029314 0.0372167 0.0106386 0.0320777 0.0345784 0.0121247 0.0360338 0.034605 0.0375169 0.03601 0.037043 0.0375169 0.032769 0.036151 0.0375169 0.0346 0.03084 0.0375169 0.037424 0.027619 0.0375169 0.039561 0.020773 0.0375169 0.0434999 -0.031864 0.037517 -0.036222 0.013376 0.0375169 0.046269 0.038311 0.037517 -0.0298459 0.048462 0.037517 -0.000149994 0.047673 0.017117 0.00771195 0.047662 0.017117 -0.00807994 0.048462 0.017117 -0.000149997 0.047673 0.037517 0.00771195 0.0457899 0.0375169 0.015384 0.045746 0.037517 -0.015814 0.047662 0.037517 -0.00807994 0.04261 0.037517 -0.023137 0.038311 0.017117 -0.0298459 0.04261 0.010317 -0.023137 0.0369 0.017117 -0.033515 0.038311 0.010317 -0.0298459 0.0369559 0.012117 -0.0333559 0.0369 0.012117 -0.033515 0.036012 0.012117 -0.035079 0.0328416 0.0117092 -0.0370059 0.0328283 0.0114306 -0.0370096 0.0370908 0.0118659 -0.0328812 0.0371075 0.0116217 -0.032803 0.0371283 0.0110229 -0.0327044 0.0104722 0.0107241 -0.00575289 0.0370382 0.0120489 -0.0330853 0.020338 0.010317 -0.044002 0.0128479 0.010317 -0.046716 0.010472 0.010317 -0.047297 0.010472 0.016166 -0.047297 0.0102061 0.0171638 -0.047354 0.00947195 0.017898 -0.047503 0.00847197 0.018166 0.047387 0.010472 0.016166 -0.00126445 -0.02548 0.018166 -0.04099 -0.01841 0.018166 -0.044661 -0.024722 0.018166 0.0411569 -0.0367227 0.018166 0.0325266 -0.043081 0.018166 0.029489 -0.036797 0.0375169 0.03249 -0.043081 0.0375169 0.029489 -0.031127 0.0375169 0.036536 -0.017649 0.0375169 0.044672 -0.00226897 0.0375169 0.048036 -0.010097 0.0375169 0.046985 -0.0247213 0.0375169 0.0411573 -0.017649 0.018166 0.044672 -0.010097 0.018166 0.046985 -0.00226897 0.018166 0.048036 0.010472 0.016166 0.0228757 0.00562596 0.018166 0.047795 0.00947195 0.017898 0.047203 0.0102053 0.0171645 0.0470543 0.0133795 0.0239139 0.0462676 0.00562596 0.0239169 0.047795 0.027619 0.010317 0.039561 0.03084 0.017117 0.037424 0.03084 0.010317 0.037424 0.0328391 0.0116821 0.0367074 0.0331136 0.0120489 0.0366411 0.0329046 0.0118655 0.0366912 0.0361605 0.012117 0.0346033 0.00562597 0.0375169 0.047795 0.010472 0.012117 0.0136472 0.0369561 0.012117 0.0330557 0.0370373 0.0120488 0.0327834 0.0104721 0.0109949 0.00572464 0.010472 0.010317 0.00488131 0.010472 0.010317 0.00354999 0.0482489 0.010638 -0.003528 0.010472 0.010317 -0.00383432 0.048273 0.010993 -0.00325095 0.010472 0.0109933 -0.00325088 0.010472 0.010317 -0.00517657 0.010472 0.011431 -0.003151 0.010472 0.0118345 -0.00310602 0.048281 0.011617 -0.003151 0.010472 0.012049 -0.00290096 0.010472 0.0110479 0.00292599 0.010472 0.011431 0.00285 0.010472 0.0107239 0.00314295 0.010472 0.010638 0.005332 0.010472 0.012049 0.00260097 0.010472 0.0116676 0.00587594 0.010472 0.0120489 0.00621897 0.010472 0.012117 -0.00265199 0.010472 0.0120489 -0.00651932 0.010472 0.012117 -0.00687238 0.010472 0.012117 -0.0139475 0.010472 0.0120489 -0.0143001 0.010472 0.0109927 -0.0147961 0.010472 0.0103171 -0.0156011 0.010472 0.011866 -0.0062624 0.0104723 0.0110483 -0.00605969 0.010472 0.0114314 -0.00616706 0.0104721 0.0116169 -0.00616702 0.0371087 0.0114317 -0.0328035 0.045746 0.010317 -0.015814 0.047662 0.010317 -0.00807994 0.048219 0.010317 -0.00384694 0.048287 0.011866 -0.00308394 0.0483209 0.012117 -0.00265199 0.048462 0.012117 -0.000149998 0.0483209 0.012117 0.00235099 0.048302 0.012049 0.00260097 0.0482822 0.0117877 0.00282448 0.048281 0.011431 0.00285 0.048302 0.012049 -0.00290096 0.048281 0.011431 -0.003151 0.010472 0.011866 0.002783 0.048275 0.0110479 0.00292599 0.010472 0.012117 0.00235099 0.010472 0.011617 0.00285 0.048219 0.010317 0.00354999 0.047673 0.010317 0.00771195 0.048256 0.0107239 0.00314295 0.0427059 0.0375169 0.022655 0.0457899 0.010317 0.015384 0.037321 0.010317 -0.032026 0.010472 0.0118602 -0.0145628 0.010472 0.012117 0.00657197 0.0104723 0.01143 0.00586595 0.0333879 0.012117 0.036563 0.0371032 0.0115606 0.0325024 0.010472 0.0118639 0.0142607 0.0104723 0.0114321 0.0143523 0.0104723 0.0110483 0.0144605 0.010472 0.0107239 0.0147672 0.0104727 0.01162 0.0143528 -0.049049 0.0375169 0.025985 -0.052988 0.018166 0.020298 -0.049049 0.018166 0.025985 -0.0563591 0.018166 0.0068011 -0.0550983 0.018166 0.0136561 -0.052988 0.0375169 0.020298 -0.055099 0.0375169 0.013656 -0.056359 0.037517 0.00680197 -0.056227 0.037517 -0.00809597 -0.056858 0.037517 -0.000149994 -0.056227 0.018166 -0.00809598 -0.056858 0.018166 -0.000149997 -0.054582 0.018166 -0.015894 -0.03851 0.018166 -0.031836 -0.0457989 0.018166 -0.028615 -0.0457989 0.037517 -0.028615 -0.031864 0.018166 -0.036222 -0.03851 0.037517 -0.031836 -0.049028 0.037517 -0.026305 -0.054582 0.037517 -0.015894 -0.051597 0.037517 -0.023259 -0.051597 0.018166 -0.023259 -0.049028 0.018166 -0.026305 -0.02548 0.037517 -0.04099 -0.0108319 0.037517 -0.047119 -0.01841 0.037517 -0.044661 -0.010832 0.018166 -0.047119 -0.00295198 0.037517 -0.048296 0.00501299 0.037517 -0.048161 0.020338 0.037517 -0.044002 0.012848 0.037517 -0.046716 0.0128493 0.0239087 -0.0467154 0.030575 0.017117 -0.037857 0.030575 0.010317 -0.037857 0.0320973 0.0103232 -0.0372159 0.0331138 0.0120489 -0.036942 0.0327148 0.0109926 -0.0370388 0.027279 0.010317 -0.040093 0.0340587 0.0121297 -0.036613 0.0352009 0.012117 -0.03589 0.0359468 0.010317 -0.0351543 0.035887 0.017117 -0.0352279 0.0343079 0.017117 -0.0364799 0.030575 0.037517 -0.037857 0.034308 0.037517 -0.0364799 0.035887 0.037517 -0.0352279 0.0369 0.037517 -0.033515 0.027279 0.037517 -0.040093 0.00501299 0.023917 -0.048161 0.00847197 0.018166 -0.0476879 0.00501299 0.018166 -0.048161 -0.00295198 0.018166 -0.048296 -0.033934 -0.014183 0.0339709 -0.032873 -0.014183 0.03291 -0.031083 -0.014183 0.034609 -0.0309765 -0.014183 0.0353773 -0.038827 -0.014183 0.028247 -0.0283064 -0.0141826 0.038794 -0.033934 0.00509199 0.0339709 -0.038827 -0.00775797 0.028247 -0.038827 0.00509196 0.028247 -0.04277 0.00509197 0.02183 -0.04277 -0.00775796 0.02183 -0.045667 0.00509196 0.014877 -0.047447 0.00509196 0.00755799 -0.04672 0.00981694 0.011168 -0.044393 0.00981694 0.018318 -0.045667 0.00981694 0.014877 -0.0439309 0.010317 0.018126 -0.0462339 0.010317 0.011051 -0.0474052 0.010317 0.00372928 -0.047447 0.00981694 0.00755799 -0.0479441 0.00984513 0.00336395 -0.0480649 0.00509197 5.20009e-05 -0.0480629 0.0115287 -0.00189756 -0.0479833 0.00996703 -0.0031529 -0.04741 0.010317 -0.00399697 -0.047508 0.00981694 -0.00746 -0.0462339 0.010317 -0.0113439 -0.04672 0.00981695 -0.011462 -0.045789 0.00981695 -0.014793 -0.044393 0.00981695 -0.0186109 -0.0439309 0.010317 -0.01842 -0.038697 0.010317 -0.00399697 -0.04295 0.00981695 -0.021769 -0.040556 0.010317 -0.0250519 -0.0326043 0.0103177 -0.0137625 -0.0362105 0.010317 -0.0310538 -0.027405 0.0107311 -0.0233312 -0.0273445 0.0103346 -0.0226571 -0.0306342 0.0103194 -0.0178607 -0.024848 0.011231 -0.0206348 -0.0257688 0.0118699 -0.0152709 -0.0275431 0.0118802 -0.0115897 -0.0251812 0.0125054 -0.015329 -0.0270679 0.0125016 -0.0114835 -0.025364 0.016817 -0.014897 -0.0223755 0.0125432 -0.0191877 -0.0223145 0.0122936 -0.0196193 -0.022849 0.012017 -0.02014 -0.0230679 0.0118111 -0.019529 -0.035577 0.0115918 -0.0318266 -0.0198079 0.012017 -0.0231808 -0.0194595 0.0121113 -0.0228403 -0.0191539 0.0118901 -0.0231673 -0.0205052 0.0110033 -0.0259729 -0.0165019 0.0119003 -0.0250447 -0.0128266 0.011891 -0.0272016 -0.00870514 0.0118832 -0.0287926 -0.020647 0.010317 -0.043113 -0.00344482 0.0103186 -0.0459008 -0.022142 0.00981695 -0.0429209 -0.0170185 0.0103177 -0.0312864 -0.015214 0.00981695 -0.045874 -0.015054 0.010317 -0.0454 -0.0220856 0.0103171 -0.0278321 -0.020865 0.00981695 -0.0435629 -0.025906 0.010317 -0.0401389 -0.028527 0.00981695 -0.038925 -0.030748 0.010317 -0.036524 -0.026179 0.00981695 -0.040558 -0.022142 0.00509197 -0.04292 -0.028527 0.00509197 -0.038925 -0.034212 0.00509193 -0.033984 -0.039059 -0.00775796 -0.028219 -0.039059 0.00509196 -0.028219 -0.04295 -0.00775796 -0.021769 -0.045789 0.00509197 -0.014793 -0.04295 0.00509196 -0.021769 -0.045789 -0.00775796 -0.014793 -0.047508 -0.00775796 -0.00746 -0.04577 -0.010683 -0.014852 -0.045789 -0.014045 -0.014793 -0.045831 -0.014183 -0.014661 -0.04577 -0.0139829 -0.014852 -0.045492 -0.010983 -0.014737 -0.044653 -0.010983 -0.01439 -0.044116 -0.010983 -0.018497 -0.0435242 -0.0109685 -0.015525 -0.0401484 -0.01093 -0.0185167 -0.032873 -0.010183 -0.0332039 -0.037503 -0.010183 -0.02781 -0.0180315 -0.010183 -0.040404 -0.027479 -0.010183 -0.037834 -0.019485 -0.010183 -0.04156 -0.0213646 -0.0101879 -0.0416383 -0.0206324 -0.0103651 -0.0417498 -0.0213516 -0.0141722 -0.0416536 -0.02209 -0.014183 -0.0429479 -0.021912 -0.0139829 -0.04304 -0.027479 -0.014183 -0.037834 -0.022142 -0.014183 -0.04292 -0.021912 -0.010683 -0.04304 -0.028527 -0.014183 -0.038925 -0.022142 -0.00775795 -0.04292 -0.015214 -0.00818293 -0.045874 -0.015214 0.00509197 -0.045874 -0.012022 -0.00818293 -0.046397 -0.012022 0.00981695 -0.046397 -0.012022 0.010317 -0.0458969 -0.00324815 0.00982493 -0.0463969 0.00361614 0.00982491 -0.046397 -0.00292999 0.0107419 -0.0458969 0.00247139 0.0115171 -0.0463987 -0.001966 0.012017 -0.0458969 0.002334 0.012017 -0.0458969 0.00275898 0.011903 -0.0458969 0.00306998 0.011592 -0.0458969 0.00307749 0.011578 -0.0336945 0.00233668 0.0120169 -0.0305716 -0.001966 0.012017 -0.030571 -0.00180661 0.0126527 -0.0296073 0.000184 0.013017 -0.029647 -0.00267806 0.0124636 -0.029538 -0.00558718 0.0124834 -0.0290942 -0.00811957 0.0125006 -0.0284806 -0.00570399 0.012013 -0.02941 -0.00577796 0.011811 -0.02978 -0.00330212 0.0110745 -0.0328149 -0.00332543 0.0103763 -0.0354121 -0.00887576 0.010318 -0.0345307 -0.00276666 0.0115132 -0.0329315 -0.00270198 0.011592 -0.0458969 -0.00294173 0.0107023 -0.0356993 -0.00239098 0.011903 -0.0458969 -0.00224797 0.0112545 -0.0463978 -0.00244298 0.0118785 -0.030463 -0.00266421 0.0118613 -0.0301066 -0.00195761 0.0121514 -0.0300702 -0.0111196 0.0125021 -0.0274125 -0.007451 0.016817 -0.028642 -0.014566 0.016817 -0.025695 0.000184 0.016817 -0.029647 -0.014316 0.017317 -0.025262 -0.00732195 0.017317 -0.028159 0.000184 0.017317 -0.029147 0.029184 0.017317 -0.000146997 0.014684 0.017317 0.024968 -0.014316 0.017317 0.024968 -0.028816 0.017317 -0.000146997 0.014684 0.017317 -0.025262 -0.020322 0.017317 0.020359 -0.027828 0.017317 -0.00765198 0.028196 0.017317 0.00735897 0.00768995 0.017317 0.027865 -0.024931 0.017317 -0.0146469 0.02069 0.017317 -0.0206529 -0.020322 0.017317 -0.0206529 0.0252989 0.017317 -0.0146469 0.000184 0.017317 0.028853 0.028196 0.017317 -0.00765299 0.02069 0.017317 0.020359 -0.007321 0.017317 0.027865 -0.02493 0.017317 0.014353 -0.027828 0.017317 0.00735897 0.00768995 0.017317 -0.028159 0.007819 0.016817 -0.028642 0.014934 0.016817 -0.025695 0.021044 0.016817 -0.021007 0.0115215 0.0125018 -0.0273985 0.0143518 0.0124982 -0.0260517 0.016505 0.0120828 -0.0248213 0.0193675 0.0124723 -0.0226131 0.019522 0.0118483 -0.0233132 0.0202275 0.0120172 -0.0232104 0.0228634 0.0121507 -0.019785 0.0232186 0.012017 -0.0201388 0.0234713 0.0119033 -0.0197921 0.0233813 0.0118403 -0.0194614 0.0248594 0.0120825 -0.016467 0.0226048 0.0125997 -0.0193624 0.025732 0.016817 -0.014897 0.0261067 0.0124884 -0.0142823 0.0274496 0.0125039 -0.0114502 0.0266784 0.0118833 -0.0142012 0.027852 0.0105931 -0.0233217 0.0360989 0.0107418 -0.0316575 0.0362959 0.010431 -0.031415 0.0363836 0.00993322 -0.0320668 0.0356186 0.0119965 -0.0321812 0.0324122 0.012017 -0.0354113 0.0358069 0.0115042 -0.0327571 0.034302 0.00509194 -0.034265 0.032624 0.0114738 -0.0358611 0.0319559 0.009996 -0.03646 0.0318645 0.0115921 -0.035908 0.0320884 0.0119031 -0.0356918 0.035945 0.011592 -0.031826 0.021452 0.011592 -0.0254965 0.031693 0.0107409 -0.03606 0.0314515 0.0104311 -0.036258 0.0233043 0.0105733 -0.0277747 0.0225791 0.0103178 -0.0277658 0.021015 0.010317 -0.043113 0.0310946 0.010317 -0.036539 0.026275 0.010317 -0.0401389 0.0301159 0.00978685 -0.0380122 0.028684 0.00509197 -0.03908 0.022394 0.00509197 -0.042981 0.026548 0.00981695 -0.040558 0.0217535 0.00981734 -0.0433422 0.0157098 0.00978918 -0.0458519 0.012391 0.00981695 -0.046397 0.012391 -0.00818293 -0.046397 0.015582 -0.00818293 -0.045874 0.022394 -0.00775795 -0.042981 -0.012022 -0.014183 -0.046397 0.012391 -0.014183 -0.046397 0.0148661 -0.0141543 -0.0460984 0.014284 -0.0139829 -0.044639 0.014093 -0.014183 -0.0447 0.013942 -0.014183 -0.044734 0.012142 -0.014183 -0.044897 0.013942 -0.010183 -0.044734 0.012142 -0.010183 -0.044897 0.0148493 -0.0101825 -0.0443456 0.0143096 -0.0109129 -0.0446796 0.0147791 -0.010983 -0.0458353 0.0154255 -0.010245 -0.0430735 0.0157156 -0.010183 -0.0415264 0.0155703 -0.0109673 -0.0437507 0.0159322 -0.0109682 -0.0415811 -0.011774 -0.010183 0.044603 0.0414546 -0.010183 0.0155903 0.012142 -0.010183 0.044603 0.0157454 -0.010183 0.0412382 0.0183982 -0.010183 0.0401102 -0.015459 -0.010183 0.041232 -0.011774 -0.014183 0.044603 -0.013574 -0.010183 0.04444 -0.0144618 -0.0102405 0.0440212 -0.0139845 -0.0108969 0.0444198 -0.0176027 -0.010983 0.0443982 -0.0145111 -0.0108619 0.0457865 -0.0144981 -0.0141543 0.0458044 -0.0139192 -0.0141662 0.0443951 -0.012022 -0.014183 0.046103 0.012391 -0.014183 0.046103 -0.012022 -0.00818295 0.046103 0.012142 -0.014183 0.044603 0.0141718 -0.0102195 0.0443959 0.0142853 -0.0141662 0.0443866 0.0144739 -0.0109761 0.0447647 0.0147791 -0.010983 0.0455412 0.0154823 -0.0101831 0.0431183 0.0157282 -0.0106856 0.041231 0.0153333 -0.0105057 0.0435461 0.0159837 -0.0109842 0.0415705 0.0185468 -0.0109331 0.0402409 0.0202153 -0.010183 0.0415209 0.027848 -0.010183 0.03754 0.027848 -0.014183 0.0375399 0.033241 -0.010183 0.03291 0.037871 -0.010183 0.0275159 0.037871 -0.014183 0.027517 0.033241 -0.014183 0.03291 0.028896 -0.014183 0.038631 0.034581 -0.014183 0.03369 0.039428 -0.00775797 0.0279249 0.039428 -0.014183 0.0279249 0.0430744 -0.0141724 0.0219724 0.041594 -0.014183 0.021552 0.0416753 -0.0101879 0.0214016 0.041694 -0.0139841 0.0213768 0.04196 -0.010983 0.021487 0.0430719 -0.0109315 0.0219508 0.0420975 -0.0109826 0.0197607 0.0444839 -0.010983 0.018203 0.0446511 -0.0106813 0.0185929 0.046139 -0.010683 0.014559 0.0458609 -0.010983 0.014443 0.045022 -0.010983 0.014096 0.046199 -0.014183 0.014367 0.046139 -0.013983 0.014559 0.0461579 -0.014045 0.0144989 0.0461579 -0.00775796 0.0144989 0.047877 -0.00775796 0.00716597 0.047877 -0.014183 0.00716597 0.0484339 0.00509197 -0.000344999 0.0461579 0.00509196 0.0144989 0.043318 0.00509197 0.021476 0.043318 -0.00775796 0.021476 0.039428 0.00509197 0.0279249 0.034581 0.005092 0.03369 0.028896 0.00509196 0.038631 0.0328143 0.0115163 0.035454 0.0367004 0.0098435 0.0314019 0.036296 0.010431 0.031121 0.040925 0.010317 0.024758 0.039428 0.00981694 0.027925 0.041352 0.00981694 0.025019 0.043318 0.00981694 0.021476 0.0442989 0.010317 0.018126 0.044761 0.00981694 0.018318 0.0461579 0.00981694 0.0144989 0.046603 0.010317 0.011051 0.047089 0.00981694 0.011168 0.047877 0.00981694 0.00716597 0.047877 0.00509196 0.00716597 0.047815 0.00509197 -0.00785196 0.047815 -0.00775796 -0.00785196 0.046036 -0.00775796 -0.015171 0.047815 -0.014183 -0.00785196 0.0461268 -0.0106973 -0.0148736 0.044761 -0.010683 -0.018611 0.0458609 -0.010983 -0.014737 0.0444839 -0.010983 -0.018497 0.0425078 -0.0110474 -0.0220158 0.0416055 -0.0106829 -0.0198721 0.0407162 -0.0109835 -0.0184471 0.0421145 -0.0109804 -0.0201002 0.0404397 -0.010183 -0.018385 0.037871 -0.010183 -0.02781 0.033241 -0.010183 -0.0332039 0.0185869 -0.010183 -0.0403849 0.04042 -0.0106825 -0.0183458 0.0414599 -0.010183 -0.0158835 0.0418554 -0.010967 -0.0156743 0.042009 -0.010183 0.015238 0.0419829 -0.010183 -0.015539 0.0417122 -0.0109024 0.0153832 0.0438931 -0.0109685 0.0152315 0.0447618 -0.0101888 0.0139467 0.046394 -0.010183 0.00694096 0.0438662 -0.010183 0.0151038 0.0447621 -0.0141722 0.0139746 0.0469339 -0.010183 -0.000147002 0.0469339 -0.014183 -0.000147002 0.046394 -0.014183 0.00694096 0.0484339 -0.014183 -0.000345002 0.046394 -0.014183 -0.00723499 0.046394 -0.010183 -0.00723499 0.044808 -0.014183 -0.014085 0.044756 -0.0139838 -0.014279 0.044785 -0.010183 -0.014158 0.0434498 -0.010183 -0.0154751 0.0439679 -0.0109424 -0.0154217 0.0447906 -0.0108864 -0.0142954 0.0461547 -0.0141722 -0.0148451 0.0405747 -0.0109536 0.0180075 0.0404491 -0.010183 0.0182373 0.0405779 -0.0106999 0.0184613 0.0418147 -0.0103798 0.0202374 0.0185644 -0.0106945 -0.0403665 0.018516 -0.0109845 -0.0408089 0.027848 -0.010183 -0.037834 0.020448 -0.0101829 -0.0418203 0.0220445 -0.0110484 -0.0424517 0.020868 -0.0109555 -0.041965 0.018879 -0.010983 -0.044302 0.022281 -0.010683 -0.04304 0.022459 -0.014183 -0.0429479 0.022281 -0.0139829 -0.04304 0.0217391 -0.0101887 -0.0416338 0.0217079 -0.0139839 -0.0416571 0.0218829 -0.014183 -0.041556 0.027848 -0.014183 -0.037834 0.033241 -0.014183 -0.033204 0.028684 -0.014183 -0.03908 0.028684 -0.00775795 -0.03908 0.034302 -0.014183 -0.034265 0.039195 -0.00775796 -0.028541 0.039195 -0.014183 -0.028541 0.039195 0.00509196 -0.028541 0.043139 0.00509196 -0.022123 0.046036 0.00509197 -0.015171 0.043139 -0.00775796 -0.022123 0.046036 0.00981695 -0.015171 0.047089 0.00981695 -0.011462 0.044761 0.00981695 -0.0186109 0.043139 0.00981695 -0.022123 0.0442989 0.010317 -0.01842 0.0304 0.010317 -0.024918 0.040925 0.010317 -0.0250519 0.0477742 0.010317 -0.00402325 0.046603 0.010317 -0.0113439 0.047815 0.00981694 -0.00785196 0.0361401 0.0105528 -0.00335265 0.0356339 0.0103269 -0.00368765 0.0349748 0.0103198 -0.00720766 0.0284409 0.0118858 -0.0102924 0.0336268 0.0103185 -0.0121806 0.0310018 0.0103194 -0.0178625 0.0295993 0.0118785 -0.00609245 0.028849 0.0125057 -0.00737731 0.03011 0.012151 -0.00226199 0.0301851 0.0118462 -0.0030193 0.030501 0.0118993 -0.00273176 0.0328516 0.0110749 -0.00363274 0.0333044 0.011567 -0.0030435 0.0478606 0.0107419 -0.00326098 0.047828 0.010431 -0.00357199 0.0483755 0.0114334 -0.00248331 0.0478709 0.0115917 -0.00303247 0.0478876 0.0120039 -0.00258149 0.04835 0.00993959 0.0028732 0.0484339 0.011517 -0.000344998 0.0483819 0.0114976 0.00222686 0.0477799 0.0103169 0.00370405 0.047829 0.010431 0.00327796 0.039065 0.010317 0.003703 0.0358575 0.0104323 0.00323985 0.0365762 0.010317 0.030763 0.0349751 0.0103198 0.00691252 0.0293033 0.0118809 0.00719077 0.0304832 0.0119004 0.00243567 0.0301216 0.0118552 0.00286516 0.0331359 0.0112173 0.00300655 0.0332689 0.0115758 0.00274721 0.0361453 0.0107348 0.002968 0.0478606 0.0107417 0.00296751 0.0306079 0.012017 0.00200403 0.030608 0.012017 -0.00229698 0.0355274 0.0103197 0.00360978 0.03011 0.012151 0.00196797 0.0295773 0.0124632 0.00270729 0.0286789 0.016817 0.00748795 0.0296454 0.0126783 0.00182891 0.0296864 0.0126141 -0.0019304 0.0296839 0.016817 -0.000146997 0.0286789 0.016817 -0.00778198 0.0288504 0.0125019 0.0070791 0.0274355 0.0125037 0.0111904 0.025732 0.016817 0.014603 0.0252989 0.017317 0.014353 0.0255546 0.0125064 0.0150269 0.0210435 0.016817 0.020713 0.0272139 0.011893 0.0129011 0.0233888 0.011862 0.0191756 0.0260101 0.0110034 0.0205416 0.0251658 0.0114621 0.0206084 0.0276925 0.0103391 0.0223631 0.0278164 0.0107327 0.0230804 0.0359435 0.0115921 0.0315311 0.0360989 0.0107416 0.0313634 0.0359001 0.0114109 0.0322916 0.0234688 0.0119028 0.0194954 0.0356148 0.0120115 0.0318823 0.0323947 0.0120169 0.0351033 0.0316944 0.0107423 0.0357668 0.0321104 0.00994665 0.0360419 0.026275 0.010317 0.039845 0.028896 0.00981694 0.038631 0.026548 0.00981694 0.040264 0.022511 0.00981694 0.042627 0.022511 0.00509196 0.042627 0.021234 0.00981694 0.04327 0.021015 0.010317 0.04282 0.015582 0.00981694 0.04558 0.012391 0.00981694 0.046103 0.0141831 0.010317 0.0454862 0.00405849 0.010317 0.0456024 0.0117661 0.0118807 0.0275216 0.00748477 0.0118824 0.0289763 0.0142397 0.011883 0.0263476 0.0165067 0.0120826 0.0245266 0.0114879 0.0125041 0.0271184 0.0143197 0.0124879 0.0257756 0.0149335 0.016817 0.025401 0.022375 0.0126069 0.0193846 0.0199589 0.0120197 0.0226656 0.0194335 0.0125861 0.0222659 0.0208935 0.0110407 0.0255152 0.0173827 0.0103176 0.0309952 0.0212448 0.0115814 0.0250045 0.0227078 0.0103197 0.0274207 0.0234091 0.0107354 0.0274824 0.0313242 0.0103262 0.0360663 0.0195404 0.0118866 0.0228995 0.0230177 0.0120191 0.0196557 0.00781895 0.016817 0.028348 0.00849091 0.0125012 0.0281855 0.00539535 0.0124804 0.0289133 0.00228627 0.0124163 0.0293583 0.000183 0.016817 0.029353 -0.007451 0.016817 0.028348 -0.00745195 0.016817 0.028348 -0.00173082 0.0124964 0.029364 -0.00568798 0.0123064 0.0288056 -0.0033003 0.0110753 0.0325195 -0.0024501 0.0118743 0.0302562 -0.00268661 0.0118464 0.0298539 -0.00277836 0.0114844 0.0326935 -0.00293843 0.0106998 0.0356213 -0.00369121 0.010317 0.0456024 -0.00324584 0.0104354 0.045596 -0.015054 0.010317 0.045106 -0.012022 0.010317 0.045603 -0.0034666 0.0103335 0.0352035 -0.020647 0.010317 0.04282 -0.0088814 0.0103179 0.0342354 -0.00729347 0.01187 0.0289687 -0.0128622 0.0118931 0.0268834 -0.0111539 0.0125039 0.0271043 -0.00815605 0.012489 0.0281761 -0.0149956 0.0125076 0.0252196 -0.0189878 0.011869 0.0231252 -0.0220915 0.010318 0.027536 -0.0229354 0.0105733 0.0274787 -0.0205357 0.0115213 0.0247276 -0.0310833 0.0104309 0.0359648 -0.031587 0.00999599 0.0361659 -0.0319649 0.0104917 0.0358322 -0.0313264 0.0107419 0.0357675 -0.0314941 0.0115918 0.035613 -0.0352454 0.012005 0.0318792 -0.0198504 0.012017 0.0229269 -0.0194097 0.0119 0.0231001 -0.0190197 0.0124715 0.0223023 -0.022849 0.0120169 0.019846 -0.0217545 0.0124903 0.0196838 -0.020675 0.016817 0.020713 -0.025363 0.016817 0.014603 -0.0236733 0.0123728 0.0172477 -0.028311 0.016817 0.00748897 -0.0257384 0.012488 0.0139867 -0.0270815 0.0125019 0.0111567 -0.0281503 0.0125011 0.00815463 -0.0293382 0.0124297 0.00147864 -0.0288585 0.0124553 0.00513463 -0.0289355 0.0118826 0.00716551 -0.0274847 0.0118802 0.0114366 -0.0313983 0.0103192 0.0162964 -0.0342826 0.0103194 0.00849853 -0.0228546 0.0118876 0.0192047 -0.0257661 0.0118697 0.0149821 -0.0256413 0.0110034 0.0205429 -0.0245898 0.0115689 0.0205265 -0.0273324 0.0103361 0.0223696 -0.0274432 0.0107408 0.0230778 -0.040556 0.010317 0.024758 -0.0358276 0.0104973 0.0312037 -0.0355771 0.0115921 0.0315335 -0.035598 0.0114913 0.0322308 -0.0361032 0.00990675 0.0316707 -0.0318815 0.0120123 0.0352816 -0.0324372 0.0115149 0.0354652 -0.0362085 0.010317 0.0307635 -0.038827 0.00981694 0.028247 -0.040983 0.00981694 0.025019 -0.04277 0.00981694 0.02183 -0.0352648 0.0103268 0.00339453 -0.0324811 0.0110754 0.00333847 -0.0357778 0.0105527 0.00305875 -0.0327795 0.011592 0.00273895 -0.0302399 0.012017 -0.00229805 -0.0475163 0.012011 -0.00252739 -0.0475168 0.0120074 0.00226745 -0.0480074 0.0114337 0.00218942 -0.0475029 0.0115917 0.00273847 -0.0474914 0.0107418 0.00296708 -0.0338037 0.0113054 0.00281842 -0.0474599 0.010431 0.00327796 -0.0474599 0.010431 -0.00357199 -0.0474916 0.0107419 -0.00326097 -0.047503 0.011592 -0.00303298 -0.0357781 0.0107369 -0.00326001 -0.032484 0.0110745 -0.00363322 -0.0301145 0.0119004 -0.00272965 -0.0334809 0.0111616 -0.00322572 -0.03278 0.011592 -0.00303298 -0.03024 0.012017 0.00200296 -0.0289311 0.0124032 -0.00501762 -0.0281389 0.0124893 -0.00848769 -0.0293092 0.0124871 -0.00199698 -0.0293159 0.016817 -0.000146997 -0.028311 0.016817 -0.00778198 -0.0289328 0.0118809 -0.00749304 -0.0341117 0.0103194 -0.00946946 -0.035165 0.01032 -0.00388471 -0.0361035 0.0104215 -0.00355641 -0.0297735 0.0118615 -0.00300577 -0.0297544 0.011868 0.0027066 -0.0301355 0.0118993 0.00243792 -0.0283149 0.00509196 0.0387869 -0.0297422 0.00978671 0.037723 -0.025906 0.010317 0.039845 -0.026179 0.00981694 0.040264 -0.022025 0.00981694 0.0426879 -0.020865 0.00981694 0.04327 -0.015214 0.00981694 0.04558 -0.012022 0.00981694 0.046103 -0.00283193 0.00984833 0.0461029 0.012391 -0.00818295 0.046103 -0.0029265 0.0107549 0.0456001 0.00334904 0.00985725 0.0461028 0.00340812 0.0105614 0.0455944 0.00256456 0.0115085 0.0461038 0.00275898 0.011903 0.045603 0.002334 0.0120169 0.045603 -0.002125 0.0115089 0.0461037 -0.002702 0.011592 0.045603 -0.001966 0.0120169 0.045603 -0.00239098 0.011903 0.045603 -0.001966 0.0120169 0.030277 0.002334 0.0120169 0.030277 0.00299931 0.0119541 0.0295672 0.00278117 0.0118953 0.0301318 0.00366915 0.0110751 0.0325202 0.00925242 0.0103179 0.0342347 0.00383003 0.0103347 0.035197 0.0033118 0.0106915 0.0354602 0.00313486 0.0115131 0.0326371 0.00306998 0.011592 0.045603 0.015582 0.00509196 0.04558 0.022511 -0.00775797 0.042627 0.015582 -0.00818295 0.04558 0.022281 -0.010683 0.0427459 0.022511 -0.014183 0.042627 0.022281 -0.013983 0.0427459 0.022459 -0.014183 0.042654 0.0217281 -0.0141727 0.0413551 0.0217116 -0.010188 0.0413569 0.0203101 -0.010972 0.0416711 0.018879 -0.010983 0.0440079 0.0220532 -0.0110476 0.0421831 0.018996 -0.010683 0.044285 0.0148985 -0.010708 0.0458018 0.0148661 -0.0141543 0.0458044 -0.015214 0.00509196 0.04558 -0.0219737 -0.0106829 0.0427167 -0.022026 0.00509196 0.0426879 -0.015214 -0.00818295 0.04558 -0.0177931 -0.0106646 0.0446385 -0.021797 -0.010983 0.042468 -0.0202311 -0.0109583 0.0419469 -0.0215209 -0.0109307 0.0418036 -0.0201256 -0.0101819 0.0418764 -0.021844 -0.010183 0.041654 -0.026421 -0.014183 0.038899 -0.026421 -0.010183 0.038899 -0.031083 -0.010183 0.034609 -0.0309716 -0.010183 0.0353925 -0.032873 -0.010183 0.03291 -0.0169608 -0.010183 0.0404998 -0.0184184 -0.010183 0.0402015 -0.0182343 -0.0109533 0.0401829 -0.0154506 -0.0109154 0.0413228 -0.0152407 -0.0109689 0.0431888 -0.0151531 -0.010183 0.0425882 -0.0410846 -0.010183 -0.0158865 -0.0410908 -0.010183 0.0155894 -0.0413115 -0.0109561 0.0154088 -0.0401264 -0.010183 0.0179073 -0.0401562 -0.0108969 0.0182505 -0.0413141 -0.0109784 0.0192463 -0.0402681 -0.010183 0.0185459 -0.037502 -0.010183 0.027517 -0.0412249 -0.014183 0.021552 -0.037502 -0.014183 0.027517 -0.042709 -0.010683 0.02195 -0.0427113 -0.014173 0.0219746 -0.0413261 -0.0139839 0.0213768 -0.0413028 -0.0101888 0.0214081 -0.042431 -0.010983 0.0218339 -0.04277 -0.010683 0.02183 -0.044116 -0.010983 0.018203 -0.04167 -0.0109679 0.0214762 -0.0414892 -0.0101828 0.0201169 -0.044393 -0.010683 0.018318 -0.0431296 -0.0109665 0.0153407 -0.0440993 -0.010963 0.0147018 -0.044421 -0.0108865 0.0140024 -0.0457887 -0.0141726 0.014543 -0.0457583 -0.0108855 0.0145523 -0.047447 -0.00775796 0.00755799 -0.045667 -0.00775796 0.014877 -0.047447 -0.014183 0.00755799 -0.0480649 -0.014183 5.19977e-05 -0.0443941 -0.0141775 0.0139746 -0.046025 -0.014183 0.00694096 -0.0465659 -0.014183 -0.000147002 -0.046025 -0.010183 0.00694096 -0.044417 -0.010183 0.013865 -0.0465659 -0.010183 -0.000147002 -0.0430817 -0.010183 0.0151812 -0.0416149 -0.010183 0.015245 -0.04164 -0.010183 -0.015532 -0.043923 -0.010183 0.0146789 -0.046025 -0.010183 -0.00723499 -0.0413437 -0.0109025 -0.0156771 -0.0443935 -0.0101888 -0.0142408 -0.0443939 -0.0141722 -0.0142688 -0.046025 -0.014183 -0.00723499 -0.047508 -0.014183 -0.00746 -0.0434984 -0.010183 -0.0153974 -0.047508 0.00509197 -0.00746 -0.021928 -0.0141765 0.0427513 -0.021558 -0.0141707 0.0418178 -0.0307256 0.010317 0.036246 -0.0170154 0.0103176 0.0309945 -0.0145665 0.016817 0.0254005 0.0320876 0.0119018 0.035399 0.0318627 0.0115921 0.0356139 0.0310325 0.0103186 0.0175255 0.0336297 0.0103205 0.0118537 0.0478862 0.0120169 0.00200527 0.0478481 0.011749 0.00265294 0.0483121 0.00984514 -0.00365797 0.039195 0.00981695 -0.028541 0.041352 0.00981695 -0.025313 0.0365624 0.0103169 -0.0310788 0.0278032 0.0103215 -0.0224942 0.0430848 -0.0141724 -0.0222597 0.0416855 -0.0141778 -0.0216915 0.037871 -0.014183 -0.02781 0.041683 -0.010683 -0.021666 0.0416289 -0.010183 -0.021777 0.0416086 -0.010183 -0.0198824 0.0418342 -0.0102284 -0.0209314 0.0430801 -0.0106896 -0.0222328 0.022394 -0.014111 -0.042981 0.018996 -0.010683 -0.0445779 0.0148986 -0.010708 -0.0460958 -0.011774 -0.010183 -0.044897 -0.0153779 -0.010183 -0.0415311 -0.0151139 -0.010183 -0.043413 -0.013574 -0.010183 -0.044734 -0.0153641 -0.0108891 -0.0416164 -0.0151088 -0.0109538 -0.0439029 -0.0139351 -0.0109302 -0.0446713 -0.0144111 -0.010983 -0.0458352 -0.013916 -0.0139829 -0.044639 -0.0145306 -0.010708 -0.0460958 -0.018511 -0.010983 -0.044302 -0.019813 -0.0109827 -0.0420764 -0.021797 -0.010983 -0.042762 -0.018628 -0.010683 -0.0445779 -0.02145 -0.010983 -0.041923 -0.0181785 -0.0109332 -0.0405346 -0.0144981 -0.0141543 -0.0460984 -0.013724 -0.014183 -0.0447 -0.013574 -0.014183 -0.044734 -0.011774 -0.014183 -0.044897 0.015422 0.010317 -0.0454 0.012391 0.010317 -0.0458969 0.00378104 0.0103187 -0.0359319 0.00388118 0.0103269 -0.0356052 0.00225916 0.0123257 -0.0298115 0.00336641 0.0105413 -0.0363025 0.00337747 0.0112937 -0.0321222 0.00329444 0.0107549 -0.0458914 0.00376686 0.0103239 -0.0458993 0.00280821 0.0118821 -0.0301147 0.00602176 0.0118841 -0.029564 0.00268485 0.0125461 -0.029561 0.00598001 0.0124924 -0.029089 0.00852413 0.0124899 -0.0284701 0.00888398 0.0118828 -0.0288495 0.0116271 0.0118802 -0.027874 0.0108111 0.0103176 -0.0340336 0.0173858 0.0103177 -0.0312871 0.0141301 0.0118839 -0.0267012 0.0206701 0.011232 -0.0251766 0.025644 0.0115555 -0.021499 0.0256047 0.0111027 -0.0208498 0.0210759 0.0125033 -0.0210418 -0.0206759 0.016817 -0.021006 -0.0195792 0.0126895 -0.0221109 -0.0169778 0.0124016 -0.0241672 -0.0139554 0.0124869 -0.0260672 -0.032873 -0.014183 -0.033204 -0.034212 -0.014183 -0.033984 -0.037503 -0.014183 -0.02781 -0.039059 -0.014183 -0.028219 -0.0412249 -0.014183 -0.021845 -0.0427066 -0.0141724 -0.0222655 -0.0413261 -0.0139836 -0.0216709 -0.0413073 -0.0101879 -0.0216956 -0.0400804 -0.010183 -0.0185305 -0.0415109 -0.0101829 -0.0206062 -0.0416238 -0.0109688 -0.0202735 -0.0427038 -0.0109316 -0.022244 -0.041592 -0.010983 -0.021781 -0.0442834 -0.0106813 -0.0188852 -0.040983 0.00981695 -0.025313 -0.039059 0.00981695 -0.028219 -0.035928 0.0104305 -0.0314135 -0.0360234 0.00992099 -0.032063 -0.035452 0.0115132 -0.0327418 -0.0357286 0.0107422 -0.031656 -0.0350663 0.012017 -0.0323566 -0.0353608 0.0119031 -0.0320504 -0.0315901 0.011808 -0.0357985 -0.0320246 0.0120169 -0.0353987 -0.0322204 0.0114989 -0.0359047 -0.0310827 0.0104305 -0.0362585 -0.0313257 0.0107414 -0.0360611 -0.0317408 0.00994604 -0.0363366 -0.022622 0.0104276 -0.0277534 -0.0230281 0.0107367 -0.0277634 -0.0205537 0.0115601 -0.0249934 -0.0163943 -0.014183 -0.0230106 -0.016029 -0.020683 -0.022359 -0.017309 -0.014548 -0.0213682 -0.016038 -0.0143641 -0.0223709 -0.0190009 -0.0141873 -0.0205376 -0.0189433 -0.014183 -0.021041 -0.0184453 -0.0142923 -0.0206519 -0.0189002 -0.0136793 -0.0208258 -0.020297 -0.013841 -0.019301 -0.020354 -0.013788 -0.019281 -0.020499 -0.013674 -0.019262 -0.020354 -0.014183 -0.019281 -0.0197406 -0.0141787 -0.0197135 -0.0208592 -0.0145298 -0.0178555 -0.0191364 -0.0145585 -0.0197267 -0.0212753 -0.0206822 -0.0174495 -0.02121 -0.0216828 -0.0171649 -0.0173917 -0.0207553 -0.0213093 -0.0166211 -0.021807 -0.0212257 -0.02078 -0.0224168 -0.016559 -0.0220791 -0.0226829 -0.0149029 -0.0166936 -0.0224249 -0.0205841 -0.0159959 -0.0226838 -0.0197769 -0.0137686 -0.0226598 -0.0201327 -0.0142396 -0.0220348 -0.0206972 -0.0152439 -0.0221311 -0.0206364 -0.0149152 -0.0206854 -0.0206302 -0.0151633 -0.020683 -0.0216719 -0.0157061 -0.0237081 -0.0219853 -0.020144 -0.0236829 -0.017917 -0.016302 -0.023415 -0.022779 -0.0168469 -0.021683 -0.023619 -0.016701 -0.022683 -0.023394 -0.0220314 -0.0226733 -0.0185535 -0.0216682 -0.0234138 -0.0179141 -0.0221171 -0.0217146 -0.0188051 -0.0233307 -0.0222276 -0.0185069 -0.0234237 -0.0234163 -0.0175262 -0.0251698 -0.0226329 -0.0188859 -0.0253509 -0.0218065 -0.0191764 -0.0253436 -0.0166766 -0.019204 -0.026173 -0.021683 -0.01828 -0.0264912 -0.0224184 -0.0176147 -0.0268492 -0.022683 -0.0166861 -0.0263354 -0.0231831 -0.0175532 -0.0307499 -0.022683 -0.00742999 -0.0306109 -0.0231754 -0.00745509 -0.0251776 -0.0226824 0.00829776 -0.019989 -0.022683 0.010979 -0.0188186 -0.022683 0.012731 -0.0224136 -0.0226677 0.0109735 -0.0209153 -0.0222118 0.0114696 0.008507 -0.0226828 -0.021743 -0.00744765 -0.0226827 -0.0217186 -0.0081609 -0.0222761 -0.022602 -0.00901997 -0.022549 -0.021576 -0.00902949 -0.0220321 -0.0220417 -0.00840545 -0.0198325 -0.0224244 -0.00785179 -0.019833 -0.0237834 -0.0118366 -0.019833 -0.024412 -0.00784176 -0.0220861 -0.0238219 -0.00764443 -0.0224077 -0.0255134 -0.00738214 -0.0226694 -0.0247829 0.000183 -0.022683 -0.025647 0.000183 -0.022415 -0.026647 0.00797985 -0.0224582 -0.0254465 0.00716855 -0.0226843 -0.0233766 0.00812957 -0.0222595 -0.0233857 0.00872353 -0.0217107 -0.0253914 0.00830148 -0.0213999 -0.02631 0.00878797 -0.0198346 -0.0262952 0.007907 -0.0145307 -0.0265677 0.00412995 -0.020683 -0.027362 0.00409198 -0.021683 -0.027097 0.000672669 -0.0206766 -0.0276738 0.000183 -0.021683 -0.027379 -0.00383896 -0.021683 -0.02708 -0.00424073 -0.0206916 -0.0273149 -0.0035884 -0.0147148 -0.0274076 -0.000522794 -0.0145224 -0.0276464 0.00141495 -0.0146829 -0.0276195 0.00142204 -0.0141822 -0.0280834 -0.00105803 -0.0141865 -0.027985 -0.0081 -0.0145008 -0.02639 -0.0062472 -0.01455 -0.0268909 -0.007698 -0.019833 -0.026493 -0.012875 -0.019833 -0.024348 -0.0120134 -0.020683 -0.0245278 -0.013513 -0.020683 -0.023993 -0.010048 -0.0146829 -0.025672 -0.011771 -0.01453 -0.0249181 -0.013527 -0.014337 -0.0240163 -0.0139833 -0.0141828 -0.0246165 -0.0116724 -0.0141793 -0.0255274 -0.0117309 -0.0136239 -0.0256931 -0.016625 -0.014183 -0.037462 -0.0192369 -0.014183 -0.0380989 -0.0267123 -0.014183 -0.0308177 -0.0168369 -0.012683 -0.0379203 -0.0139805 -0.019683 -0.0246684 -0.0143437 -0.0196835 -0.0252561 -0.014474 -0.019683 -0.024588 -0.016182 -0.019683 -0.023479 -0.0168469 -0.019683 -0.023619 -0.0164309 -0.019683 -0.0229998 -0.0190253 -0.0163572 -0.0218904 -0.0162102 -0.0163755 -0.0240846 -0.016439 -0.015817 -0.024517 -0.012979 -0.0163764 -0.0260009 -0.013155 -0.015817 -0.026459 -0.014331 -0.021683 -0.025253 -0.00961798 -0.021683 -0.02744 -0.00785899 -0.021683 -0.028009 -0.00617538 -0.016377 -0.0284521 -0.00967482 -0.0163777 -0.0274312 -0.00250331 -0.0163772 -0.0290333 -0.00245094 -0.021683 -0.029027 -0.000913 -0.021683 -0.029126 -0.00778395 -0.022683 -0.027752 -0.000903 -0.022683 -0.028858 0.00604296 -0.022683 -0.028275 -0.000875 -0.023415 -0.028127 0.00589395 -0.023415 -0.027559 0.00488496 -0.021683 -0.028763 0.00609797 -0.021683 -0.028538 0.00845282 -0.0163748 -0.0279558 0.0118886 -0.0163751 -0.0266936 0.012123 -0.015817 -0.027123 0.0151961 -0.0163751 -0.0249735 0.015457 -0.015817 -0.025386 0.0189152 -0.0156841 -0.0232183 0.0140586 -0.015683 -0.0267859 0.00860095 -0.015817 -0.028421 0.00691718 -0.015683 -0.0294617 0.00120097 -0.015817 -0.029629 0.00496697 -0.015817 -0.029257 0.0011723 -0.0163765 -0.0291417 0.00484132 -0.0163762 -0.028782 -0.00249594 -0.015817 -0.029525 -0.000678943 -0.015683 -0.0301727 -0.0164853 -0.0154359 -0.0403 -0.0154148 -0.0154383 -0.0411095 -0.0172864 -0.015683 -0.0394409 0.012391 -0.015616 -0.046147 -0.0149065 -0.0154167 -0.042338 -0.0142296 -0.0156804 -0.042348 -0.0154733 -0.0156605 -0.045387 -0.0117254 -0.0156778 -0.0460535 -0.0151048 -0.0151982 -0.0436116 -0.0154128 -0.0155446 -0.0457622 -0.0136274 -0.0153208 -0.0462605 -0.0145189 -0.014183 -0.0460954 -0.0145465 -0.0109859 -0.0460994 -0.0155028 -0.0124181 -0.0457391 -0.0177805 -0.012469 -0.044929 -0.0151099 -0.012483 -0.043602 -0.0157218 -0.012483 -0.0451086 -0.0157348 -0.0150748 -0.0451771 -0.0150039 -0.0124832 -0.0417738 -0.016463 -0.012483 -0.040336 -0.0180131 -0.0154054 -0.040109 -0.017746 -0.012483 -0.040167 -0.0189808 -0.0150204 -0.0406499 -0.018941 -0.012483 -0.040662 -0.0197607 -0.0148997 -0.0416873 -0.0203365 -0.0148874 -0.0429608 -0.0203658 -0.012483 -0.0429422 -0.0216668 -0.0123457 -0.043174 -0.021886 -0.015183 -0.043053 -0.0217779 -0.010983 -0.043109 -0.021912 -0.0111329 -0.04304 -0.021912 -0.014183 -0.04304 -0.021259 -0.012683 -0.041464 -0.0242905 -0.0151751 -0.0417385 -0.026597 -0.015183 -0.040282 -0.021259 -0.014183 -0.041464 -0.026093 -0.014183 -0.038571 -0.028649 -0.014183 -0.038835 -0.034624 -0.014183 -0.03356 -0.0289393 -0.0151732 -0.0386336 -0.030684 -0.014183 -0.035257 -0.030542 -0.014183 -0.035116 -0.030542 -0.012683 -0.035116 -0.026093 -0.012683 -0.038571 -0.024982 -0.012683 -0.036908 -0.024982 -0.014183 -0.036908 -0.020491 -0.014183 -0.039609 -0.029125 -0.012683 -0.033698 -0.029125 -0.014183 -0.033698 -0.020491 -0.012683 -0.039609 -0.0199772 -0.0109948 -0.0384416 -0.0167433 -0.0111292 -0.0391374 -0.0191072 -0.010983 -0.0382645 -0.0191524 -0.011107 -0.0380738 -0.0199288 -0.014183 -0.0383734 -0.0268588 -0.014183 -0.0314257 -0.0270167 -0.0112373 -0.031581 -0.0266802 -0.0112543 -0.0309459 -0.0268685 -0.0126828 -0.0303064 -0.0271643 -0.0111887 -0.0300834 -0.0301046 -0.0112024 -0.0271287 -0.0348808 -0.0111849 -0.0310611 -0.0306968 -0.0111871 -0.0352459 -0.034926 -0.014183 -0.031015 -0.034785 -0.012683 -0.030873 -0.033367 -0.012683 -0.029456 -0.036577 -0.012683 -0.025313 -0.031248 -0.014183 -0.027336 -0.033367 -0.014183 -0.029456 -0.036577 -0.014183 -0.025313 -0.0379681 -0.014183 -0.0202228 -0.039278 -0.014183 -0.020822 -0.039278 -0.012683 -0.020822 -0.041133 -0.012683 -0.02159 -0.0427176 -0.0109913 -0.0222308 -0.043589 -0.010983 -0.020444 -0.0378786 -0.0109829 -0.0197256 -0.0380175 -0.0109988 -0.0202532 -0.042709 -0.014183 -0.022243 -0.042827 -0.0153566 -0.0219803 -0.0429346 -0.0124127 -0.0217344 -0.0457712 -0.0109854 -0.0148652 -0.0442023 -0.0124735 -0.0190303 -0.04565 -0.0123588 -0.0151729 -0.0445935 -0.0124837 -0.0159194 -0.0446271 -0.0150349 -0.0159035 -0.0423665 -0.012483 -0.0152392 -0.0424547 -0.0148907 -0.0151972 -0.0405492 -0.0124825 -0.0158939 -0.0400392 -0.0154495 -0.0166234 -0.0412506 -0.0152684 -0.0153729 -0.0397705 -0.0124832 -0.0181187 -0.0399323 -0.0147965 -0.0186121 -0.0409136 -0.0148919 -0.0198571 -0.0404094 -0.0153867 -0.0199691 -0.0397301 -0.0154333 -0.0180588 -0.0426769 -0.0124832 -0.0206741 -0.0427884 -0.0151334 -0.0208735 -0.0427141 -0.0156513 -0.0216115 -0.0395234 -0.0156829 -0.0203842 -0.0196624 -0.0156825 -0.0401793 -0.00816327 -0.015683 -0.0290417 -0.015106 -0.015683 -0.0259966 -0.01968 -0.015683 -0.0226279 -0.019349 -0.015817 -0.022254 -0.0254667 -0.015941 -0.0194289 -0.0233107 -0.0163992 -0.0185491 -0.0228541 -0.0156822 -0.0194915 -0.0227301 -0.0158073 -0.0189519 -0.0220995 -0.0163775 -0.0188385 -0.026068 -0.020683 -0.018527 -0.0231709 -0.020683 -0.017297 -0.0227855 -0.0224233 -0.0160928 -0.0227512 -0.0216994 -0.0168561 -0.022344 -0.020683 -0.017139 -0.0231715 -0.0145266 -0.0173008 -0.0223559 -0.0142713 -0.0171586 -0.0215544 -0.0142364 -0.0173414 -0.0206169 -0.014183 -0.019278 -0.0262001 -0.01425 -0.0188548 -0.0263329 -0.014183 -0.0191828 -0.0260741 -0.0145212 -0.0185368 -0.0282917 -0.0145263 -0.0132953 -0.0307498 -0.015683 -0.00747342 -0.028289 -0.012683 -0.013294 -0.029266 -0.012683 -0.010993 -0.0292714 -0.0145264 -0.0109948 -0.0311352 -0.0141834 -0.00742093 -0.0307518 -0.0144384 -0.00741899 -0.0306878 -0.0141854 -0.00139696 -0.0303415 -0.0145202 -0.00139698 -0.0303431 -0.0126941 -0.00139726 -0.0308216 -0.0126833 0.00110298 -0.030157 -0.012894 0.00110298 -0.0305192 -0.014184 0.00110298 -0.0396062 -0.014183 0.00112481 -0.0395589 -0.012683 0.00113761 -0.0402549 -0.0126833 -0.00215409 -0.0391974 -0.012683 -0.00140502 -0.0396138 -0.014183 -0.00141906 -0.0410175 -0.0111893 -0.00313002 -0.0403296 -0.0111872 0.00221818 -0.0403237 -0.0112088 -0.0025626 -0.0402706 -0.012683 0.00204699 -0.0407535 -0.0111836 0.00270085 -0.0408425 -0.014183 0.00282973 -0.041268 -0.011333 0.00285297 -0.044265 -0.012683 0.00285297 -0.046269 -0.012683 0.00285297 -0.0464696 -0.0111899 0.00283129 -0.046469 -0.014183 0.00285297 -0.046469 -0.014183 -0.00314695 -0.0464703 -0.0111865 -0.00312476 -0.046269 -0.012683 -0.00314695 -0.0407992 -0.014183 -0.00312488 -0.044265 -0.012683 -0.00314695 -0.044265 -0.014183 -0.00314695 -0.043605 -0.012683 -0.00834596 -0.043605 -0.014183 -0.00834596 -0.042339 -0.014183 -0.013431 -0.042339 -0.012683 -0.013431 -0.045567 -0.012683 -0.00873596 -0.044194 -0.012683 -0.014199 -0.044194 -0.014183 -0.014199 -0.04577 -0.014183 -0.014852 -0.046333 -0.014183 -0.012961 -0.0464996 -0.0153366 -0.0123506 -0.0425088 -0.0156822 -0.0143543 -0.0465583 -0.0156784 -0.010633 -0.0474325 -0.0156821 0.00551673 -0.0453872 -0.0156725 0.0147509 -0.0457264 -0.0153225 0.0147637 -0.046824 -0.014183 0.010728 -0.04577 -0.014183 0.014559 -0.044194 -0.012683 0.013906 -0.044194 -0.014183 0.013906 -0.045567 -0.012683 0.00844198 -0.045567 -0.014183 0.00844198 -0.046269 -0.014183 0.00285297 -0.043605 -0.012683 0.00805199 -0.042339 -0.012683 0.013137 -0.043605 -0.014183 0.00805199 -0.044265 -0.014183 0.00285297 -0.0423471 -0.014183 0.013083 -0.0405754 -0.014183 0.012746 -0.041075 -0.0109905 0.0126705 -0.044393 -0.010983 0.018318 -0.040267 -0.010989 0.0130432 -0.040083 -0.012683 0.013447 -0.039083 -0.0109918 0.0162105 -0.039081 -0.012683 0.016117 -0.037901 -0.012683 0.0187139 -0.037943 -0.012683 0.018623 -0.0377558 -0.0109854 0.0192533 -0.0371309 -0.014183 0.0166629 -0.0283239 -0.014183 0.026594 -0.0306519 -0.014183 0.0267526 -0.0380561 -0.014183 0.0199781 -0.038086 -0.0109909 0.0199802 -0.0427174 -0.0110002 0.0219447 -0.042709 -0.014183 0.02195 -0.0429898 -0.0124301 0.0213217 -0.0443964 -0.0124602 0.0183176 -0.0424485 -0.012483 0.0203057 -0.0422439 -0.012483 0.0149452 -0.0445003 -0.0124831 0.0156055 -0.0425624 -0.0149067 0.014931 -0.0419914 -0.0146676 0.014972 -0.040792 -0.012483 0.0154729 -0.040005 -0.012483 0.0165 -0.0403309 -0.012483 0.018978 -0.0408397 -0.0152409 0.0153979 -0.0397789 -0.0154013 0.0180213 -0.0391151 -0.015683 0.0173494 -0.0404537 -0.0156814 0.0151242 -0.0295894 -0.0156843 0.0092633 -0.0293005 -0.016736 0.0109829 -0.0295491 -0.0206486 0.0104345 -0.0295431 -0.0160726 0.0104224 -0.026736 -0.020683 0.01023 -0.026736 -0.0134 0.01023 -0.0293899 -0.0225076 0.0108191 -0.0295861 -0.0222107 0.00980238 -0.029645 -0.022683 0.00842797 -0.029441 -0.023183 0.00941615 -0.029076 -0.023549 0.00939094 -0.0297414 -0.023683 -0.00730905 -0.0284486 -0.0236848 0.00915203 -0.013527 -0.0236829 -0.022337 -0.0140729 -0.0236829 -0.021848 -0.0248981 -0.023683 0.0104459 -0.021471 -0.0236829 -0.016921 0.021907 -0.0236829 -0.016182 -0.023089 -0.0236829 -0.01655 -0.0258723 -0.0236458 -0.0173452 -0.0259077 -0.0231614 -0.0184689 -0.0302421 -0.0235484 -0.00739345 -0.000837 -0.0236829 -0.027128 0.011893 -0.0236829 -0.024476 0.017407 -0.0236829 -0.020941 0.022711 -0.023415 -0.016776 -0.020329 -0.023683 0.017409 0.0256039 -0.0236829 -0.00959612 0.018044 -0.023415 -0.021711 0.018511 -0.022683 -0.022275 0.012326 -0.023415 -0.025377 0.012644 -0.022683 -0.026037 0.0123653 -0.0217298 -0.0265059 0.0184455 -0.0217497 -0.0227003 0.0234269 -0.0217219 -0.0175075 0.0233 -0.022683 -0.017211 0.0254092 -0.0163739 -0.0144808 0.0274843 -0.0227165 -0.00981357 0.0267333 -0.0234245 -0.00964346 0.0283334 -0.0216419 -0.00975369 0.0274166 -0.0218776 -0.0103842 0.0282171 -0.0163366 -0.00981081 0.0274216 -0.0163794 -0.010378 0.027847 -0.0158398 -0.0104699 0.0282914 -0.0156821 -0.0107934 0.0307995 -0.015683 -0.0101147 0.0294808 -0.0164832 -0.00960475 0.0299503 -0.0217249 -0.00943865 0.0301407 -0.0167691 -0.00914544 0.0302629 -0.020683 -0.00864995 0.0272361 -0.0207071 -0.00867865 0.0303169 -0.0160652 -0.00864669 0.0301936 -0.0159204 -0.00972209 0.039526 -0.015683 -0.018219 0.0401472 -0.0154016 -0.018313 0.0400682 -0.015683 -0.0202934 0.0404313 -0.015539 -0.0198627 0.0239658 -0.015683 -0.0186855 0.0224609 -0.0158215 -0.0195653 0.0209891 -0.0163744 -0.0203681 0.0181959 -0.0163718 -0.0228934 0.0233312 -0.0163701 -0.0176425 0.025831 -0.015817 -0.014724 0.041724 -0.0149001 -0.0200915 0.043057 -0.0154784 -0.0211813 0.0406916 -0.0150164 -0.0193123 0.040204 -0.012483 -0.018077 0.040699 -0.012483 -0.019272 0.040373 -0.012483 -0.016794 0.041161 -0.012483 -0.015767 0.0426113 -0.012483 -0.0152392 0.0425122 -0.0156799 -0.0144267 0.0426642 -0.0149487 -0.0151722 0.0448695 -0.0124831 -0.0158995 0.0460955 -0.0153227 -0.0150556 0.0457065 -0.012483 -0.015595 0.046059 -0.012335 -0.015093 0.0461404 -0.0109936 -0.0148644 0.046139 -0.014183 -0.014852 0.044761 -0.010983 -0.018611 0.0430854 -0.0110002 -0.0222378 0.0447824 -0.0123236 -0.0186272 0.0395398 -0.0109969 -0.0162769 0.0407368 -0.014183 -0.0132361 0.0400954 -0.014183 -0.0143176 0.0388923 -0.014183 -0.0148186 0.040416 -0.012683 -0.013835 0.040452 -0.012683 -0.013741 0.039449 -0.012683 -0.016411 0.03827 -0.012683 -0.019008 0.0381076 -0.0109878 -0.0194553 0.038311 -0.012683 -0.018916 0.039943 -0.012683 -0.014451 0.038413 -0.012683 -0.018146 0.038361 -0.014183 -0.0178008 0.0375 -0.014183 -0.016956 0.0379393 -0.012683 -0.0171574 0.038311 -0.014183 -0.018916 0.0381119 -0.014183 -0.0195066 0.0384249 -0.014183 -0.0202707 0.0384504 -0.0109902 -0.020272 0.039646 -0.014183 -0.020822 0.0312996 -0.014183 -0.0270525 0.036945 -0.014183 -0.025313 0.039646 -0.012683 -0.020822 0.041501 -0.012683 -0.02159 0.036945 -0.012683 -0.025313 0.038608 -0.012683 -0.026424 0.033736 -0.014183 -0.029456 0.033736 -0.012683 -0.029456 0.035153 -0.012683 -0.030873 0.035295 -0.014183 -0.031015 0.035153 -0.014183 -0.030873 0.0352501 -0.0111849 -0.0310614 0.0313779 -0.011263 -0.0271163 0.0310643 -0.0111871 -0.0352457 0.031052 -0.014183 -0.035257 0.0309099 -0.012683 -0.035116 0.029493 -0.012683 -0.033698 0.02535 -0.012683 -0.036908 0.029493 -0.014183 -0.033698 0.02535 -0.014183 -0.036908 0.020859 -0.014183 -0.039609 0.020487 -0.014183 -0.038709 0.020859 -0.012683 -0.039609 0.0202897 -0.0109901 -0.0383782 0.0272086 -0.014183 -0.0314056 0.0271212 -0.0113212 -0.0312979 0.0198151 -0.014183 -0.0380832 0.016994 -0.014183 -0.037462 0.0270994 -0.014183 -0.030762 0.0272587 -0.0126829 -0.0302843 0.0273467 -0.012683 -0.0291159 0.0272965 -0.014183 -0.0290412 0.0302549 -0.0126834 -0.0272705 0.0289766 -0.012683 -0.0271544 0.0212056 -0.0126831 -0.0229366 0.0229866 -0.0126833 -0.0211816 0.0192261 -0.0136279 -0.0209165 0.0191395 -0.0141821 -0.020862 0.0208914 -0.0141824 -0.019095 0.0292165 -0.014183 -0.0273834 0.0209664 -0.0136222 -0.0191973 0.0223022 -0.0141836 -0.0172104 0.0216159 -0.0145547 -0.0173821 0.022848 -0.0144208 -0.01574 0.0255213 -0.0141816 -0.0119871 0.0239069 -0.0145312 -0.0140659 0.022558 -0.020683 -0.016136 0.02234 -0.021683 -0.01598 0.021637 -0.020683 -0.017352 0.018193 -0.021683 -0.020574 0.01837 -0.020683 -0.020775 0.015974 -0.020683 -0.022662 0.0185569 -0.0145839 -0.0206135 0.020255 -0.0145706 -0.0189561 0.0159705 -0.0146829 -0.0226645 0.014342 -0.0146829 -0.023722 0.0129828 -0.0145322 -0.0245054 0.0174919 -0.0142847 -0.0218107 0.0149494 -0.0141836 -0.0238562 0.0132015 -0.0126831 -0.0283067 0.014881 -0.012683 -0.0389468 0.0108844 -0.0126833 -0.0292455 0.014684 -0.014183 -0.0384189 0.00984944 -0.0135959 -0.0267057 0.00983591 -0.014183 -0.026711 0.00754178 -0.0141833 -0.0270173 0.00987336 -0.0142213 -0.0262116 0.0120698 -0.0141818 -0.0255876 0.0101345 -0.0141647 -0.0262878 0.0120845 -0.0136293 -0.0256839 0.0109045 -0.014527 -0.025478 0.00425755 -0.0145563 -0.0273667 0.00366363 -0.0141909 -0.0276994 -0.00103751 -0.0136282 -0.0282969 -0.00107841 -0.014183 -0.0397368 0.00143397 -0.0126833 -0.0311256 0.00140927 -0.0136228 -0.0283112 -0.00106595 -0.0126832 -0.0311449 0.00143397 -0.014183 -0.0391639 -0.00107472 -0.012683 -0.0394977 0.00144398 -0.012683 -0.0395016 0.00193798 -0.012683 -0.040285 0.00156599 -0.014183 -0.039778 0.00196118 -0.014183 -0.0403073 0.00237809 -0.012683 -0.0405516 0.0031245 -0.014183 -0.0410837 0.00253129 -0.0111971 -0.0405929 -0.0016925 -0.0111879 -0.0406035 -0.00183699 -0.0126833 -0.0405354 -0.00263466 -0.014183 -0.0409139 -0.00274184 -0.0112275 -0.0410007 -0.00281596 -0.012683 -0.042697 -0.0027957 -0.011188 -0.0447967 -0.00281596 -0.012683 -0.044697 0.00315837 -0.0111853 -0.0447973 0.00315016 -0.0111989 -0.0411897 0.00318396 -0.012683 -0.044697 0.00318396 -0.012683 -0.042697 0.00318396 -0.014183 -0.042697 0.0134708 -0.012683 -0.0426832 0.0142651 -0.012683 -0.0446166 0.012391 -0.014183 -0.042697 0.0132493 -0.014183 -0.0424258 0.0130165 -0.0110068 -0.0415409 0.0132837 -0.0111009 -0.040658 0.0149154 -0.0109862 -0.0460995 0.0186487 -0.0123462 -0.0447324 0.0148874 -0.014183 -0.0460953 0.0157761 -0.012343 -0.0457961 0.016083 -0.0156267 -0.0454763 0.0140406 -0.0154797 -0.0462391 0.012391 -0.0154329 -0.04633 0.012391 -0.014183 -0.046397 0.00318396 -0.014183 -0.044796 0.00318396 -0.014183 -0.044697 -0.00281596 -0.014183 -0.044796 -0.00281596 -0.014183 -0.044697 -0.012022 -0.014183 -0.046397 0.012391 -0.015183 -0.046397 -0.0138547 -0.014183 -0.0446184 -0.0139074 -0.012683 -0.044647 -0.0126179 -0.0110077 -0.0414442 -0.0130981 -0.012683 -0.0426732 -0.0130307 -0.014183 -0.0426813 -0.0127157 -0.014183 -0.0408928 -0.0133111 -0.0111406 -0.0404633 -0.012894 -0.0109874 -0.0407548 -0.013918 -0.0126839 -0.0401899 -0.0182111 -0.0126845 -0.0384126 -0.014318 -0.014183 -0.0396236 -0.0144668 -0.012683 -0.0388294 -0.014316 -0.014183 -0.0384189 -0.0105164 -0.0126833 -0.0292455 -0.0128327 -0.0126831 -0.028307 -0.0094586 -0.0136295 -0.0266189 -0.00546386 -0.0141835 -0.0274414 -0.00932506 -0.0141829 -0.0263472 -0.0174769 -0.014183 -0.0383165 -0.0028472 -0.014183 -0.0426939 -0.012022 -0.015183 -0.046397 0.0148637 -0.015683 -0.0458761 0.0150855 -0.0156686 -0.0417298 0.0154412 -0.0153708 -0.0435719 0.0151919 -0.0124829 -0.0423807 0.0166956 -0.0124828 -0.0403164 0.0192388 -0.0124832 -0.0404945 0.0189067 -0.0152275 -0.040288 0.0206948 -0.0124833 -0.0429636 0.0207232 -0.0150312 -0.0429704 0.0216295 -0.0155258 -0.0432677 0.0252385 -0.0156768 -0.0410134 0.0255461 -0.0153216 -0.0412112 0.022281 -0.014183 -0.04304 0.027395 -0.014183 -0.039992 0.030157 -0.0154592 -0.0379712 0.032041 -0.0155019 -0.0363354 0.0346749 -0.0156806 -0.0334662 0.0197459 -0.0156785 -0.0400707 0.0201786 -0.015172 -0.0416536 0.0218501 -0.0156831 -0.0423882 0.0396308 -0.0156818 -0.027397 0.0353072 -0.0153508 -0.0332422 0.037637 -0.014183 -0.030567 0.0378223 -0.0153519 -0.0303475 0.041633 -0.014183 -0.024847 0.0403762 -0.0153195 -0.0268786 0.0428999 -0.0156751 -0.0218784 0.043077 -0.014183 -0.022243 0.042816 -0.012483 -0.0205994 0.0429764 -0.0148823 -0.0206527 0.0433136 -0.0153617 -0.0216698 0.0433587 -0.0124803 -0.0216135 0.042241 -0.0153419 -0.0237801 0.041501 -0.014183 -0.02159 0.038608 -0.014183 -0.026424 0.032858 -0.014183 -0.03565 0.0170548 -0.0156819 -0.0401686 0.0152728 -0.015021 -0.0422559 0.0159326 -0.0153657 -0.0409208 0.0309099 -0.014183 -0.035116 0.026461 -0.014183 -0.038571 0.021628 -0.014183 -0.041464 0.026461 -0.012683 -0.038571 0.021628 -0.012683 -0.041464 0.0222921 -0.0109857 -0.043093 0.0220047 -0.0124519 -0.0431633 0.0195361 -0.0109855 -0.038099 0.0185247 -0.0126845 -0.0384337 0.0141825 -0.0126837 -0.0402427 0.0145761 -0.0109933 -0.0402115 0.0171781 -0.012683 -0.0378602 0.0178444 -0.014183 -0.0383163 0.0147799 -0.014183 -0.0393589 0.0132763 -0.014183 -0.0407336 0.0161625 -0.0124875 -0.0453708 -0.012022 -0.0154329 -0.04633 0.0142226 -0.014183 -0.0446484 0.0132419 -0.020683 -0.024349 0.0123994 -0.0212218 -0.0243855 0.0130499 -0.0198384 -0.0244533 0.0120451 -0.019833 -0.024179 0.00993005 -0.0198331 -0.0219529 0.0116363 -0.0219805 -0.0232637 0.01124 -0.0198329 -0.0225756 0.0107382 -0.0223212 -0.0220562 0.00921924 -0.0221552 -0.0220331 0.0105317 -0.0226829 -0.020981 0.0121635 -0.0226719 -0.0227381 0.017708 -0.022415 -0.020025 0.019202 -0.0226834 -0.0172672 0.0125872 -0.0224669 -0.0235213 0.0131291 -0.021653 -0.024137 0.021745 -0.022415 -0.015555 0.0249704 -0.0224009 -0.00976561 0.0256079 -0.0224148 -0.00854774 0.0260861 -0.0217041 -0.00913487 0.0262936 -0.0206847 -0.00928264 0.0255911 -0.020683 -0.0106708 0.026324 -0.014468 -0.00925261 0.0264859 -0.0141798 -0.00969364 0.0272862 -0.0143088 -0.00869423 0.0306031 -0.0141841 -0.00895718 0.041295 -0.014183 -0.012991 0.0306109 -0.0141854 -0.00139696 0.0302733 -0.0145199 -0.00865591 0.030329 -0.014433 -0.00139696 0.030262 -0.012982 -0.00139696 0.0311699 -0.0126831 -0.00139696 0.031186 -0.0126833 0.00110297 0.0395652 -0.012683 0.00111103 0.030262 -0.012982 0.00110298 0.0305216 -0.0141858 0.00110298 0.030262 -0.0146829 0.00110298 0.0304604 -0.0141874 0.00805356 0.0264722 -0.0141797 0.00939476 0.0292861 -0.0126831 0.0105544 0.038456 -0.014183 0.014353 0.0266565 -0.0136292 0.009496 0.0239058 -0.014183 0.0148209 0.0226455 -0.0144307 0.0157671 0.0239909 -0.0144709 0.0136344 0.0263232 -0.0207118 0.00863823 0.0229342 -0.0207136 0.0153446 0.0210674 -0.0145312 0.017754 0.018694 -0.020683 0.020192 0.017907 -0.020683 0.02088 0.0194944 -0.0145379 0.0194518 0.0159875 -0.0141854 0.0227377 0.0176008 -0.0147005 0.0211323 0.0131806 -0.0203474 0.0240947 0.0126784 -0.019833 0.0244031 0.0140068 -0.0147067 0.0236396 0.0204754 -0.0141804 0.0190559 0.0191427 -0.0141822 0.0205723 0.0209671 -0.0136218 0.0189039 0.0208122 -0.0141831 0.0187216 0.029215 -0.014183 0.027089 0.0312992 -0.014183 0.0267589 0.0289394 -0.012683 0.0268264 0.0273216 -0.014183 0.0287762 0.0271544 -0.012683 0.0286037 0.0273499 -0.0126833 0.0298762 0.0270455 -0.0111823 0.0306495 0.02708 -0.014183 0.0305272 0.016994 -0.014183 0.037169 0.0272083 -0.0113324 0.0311147 0.0202983 -0.014183 0.0380804 0.027226 -0.014183 0.0311297 0.0203076 -0.0109944 0.0380669 0.020859 -0.014183 0.039315 0.02535 -0.014183 0.036614 0.020859 -0.012683 0.039315 0.021628 -0.012683 0.04117 0.02535 -0.012683 0.036614 0.026461 -0.012683 0.038277 0.029493 -0.012683 0.0334049 0.0309099 -0.012683 0.034822 0.029493 -0.014183 0.0334049 0.031052 -0.014183 0.034964 0.0309099 -0.014183 0.034822 0.026461 -0.014183 0.038277 0.029017 -0.014183 0.0385409 0.034993 -0.014183 0.0332659 0.022281 -0.014183 0.0427459 0.021628 -0.014183 0.04117 0.0220404 -0.0153415 0.0428588 0.0213813 -0.0154848 0.0429522 0.0188201 -0.0123532 0.0443736 0.0216361 -0.012445 0.0430015 0.0206589 -0.012483 0.0425193 0.020704 -0.0148864 0.0426659 0.0201288 -0.0148984 0.0413933 0.01931 -0.012483 0.040368 0.0193516 -0.0150206 0.0403572 0.018114 -0.012483 0.039873 0.0182301 -0.0152483 0.0398507 0.016831 -0.012483 0.040042 0.015298 -0.0152369 0.0420328 0.0157829 -0.0154385 0.0408164 0.0168512 -0.0154359 0.0400069 0.0153716 -0.0124832 0.0414811 0.0154081 -0.0156266 0.0432967 0.0156116 -0.012483 0.0436336 0.0161322 -0.0155146 0.0452583 0.0160415 -0.0124868 0.0452926 0.0156773 -0.0123432 0.0455405 0.0148899 -0.011133 0.045808 0.0150329 -0.010983 0.045762 0.0222624 -0.010986 0.0427648 0.013096 -0.011133 0.0414775 0.01311 -0.0110561 0.0406227 0.0130828 -0.014183 0.0406004 0.012941 -0.0109827 0.0406627 0.013702 -0.011133 0.040146 0.0142871 -0.012684 0.0398954 0.014684 -0.014183 0.038125 0.0148357 -0.012683 0.0385377 0.014687 -0.014183 0.0393293 0.00316929 -0.014183 0.0410186 0.00144641 -0.014183 0.0394428 0.012391 -0.014183 0.042403 0.00316273 -0.0112002 0.040998 0.00318396 -0.012683 0.042403 -0.00186362 -0.011187 0.0403053 0.00315837 -0.0111853 0.0445033 0.00318396 -0.014183 0.044502 0.00318396 -0.012683 0.0444029 0.0134669 -0.012683 0.0423795 0.0142754 -0.012683 0.044353 0.00318396 -0.014183 0.0444029 0.0142227 -0.014183 0.0443245 0.012391 -0.015183 0.046103 0.012391 -0.014183 0.046103 0.0148875 -0.0141831 0.045802 0.0139179 -0.0154887 0.045955 0.012391 -0.015683 0.045603 0.0148736 -0.0156794 0.0418691 0.0158028 -0.015683 0.0399319 0.00919497 -0.015683 0.0284679 0.00324008 -0.015683 0.0297941 -0.00775982 -0.0156828 0.0352038 -0.00911599 -0.015683 0.035495 -0.00920531 -0.014726 0.0345209 -0.0081886 -0.014183 0.0344165 -0.0123596 -0.014184 0.0390649 -0.00964725 -0.0141642 0.0342038 -0.0127818 -0.0146722 0.0389357 -0.0139898 -0.0146739 0.0399266 -0.015677 -0.011133 0.039282 -0.0177298 -0.0146829 0.0384219 -0.0130634 -0.0111279 0.0402607 -0.0132216 -0.0141484 0.0401804 -0.0125983 -0.014183 0.0410232 -0.012022 -0.014183 0.042403 -0.013074 -0.014183 0.0423149 -0.0131016 -0.012683 0.0423894 -0.00281596 -0.014183 0.042403 -0.012604 -0.0109968 0.0410986 -0.0145347 -0.0109852 0.0458109 -0.0143685 -0.010983 0.0399502 -0.0217617 -0.0109825 0.0428723 -0.013673 -0.0154798 0.0459449 -0.0145181 -0.0141832 0.0457982 -0.0138547 -0.014183 0.0443544 -0.0138971 -0.012683 0.0443226 -0.012022 -0.014183 0.046103 -0.0121602 -0.0153837 0.0460697 -0.00281596 -0.014183 0.044502 -0.00281596 -0.014183 0.0444029 0.012391 -0.015433 0.046036 -0.012022 -0.015616 0.0458529 -0.0120219 -0.015683 0.045603 -0.0157632 -0.0154142 0.0451853 -0.0153048 -0.0156649 0.045204 -0.0144741 -0.0156817 0.0419333 -0.010001 -0.015683 0.035128 -0.0154348 -0.0156829 0.0399309 -0.0107686 -0.015683 0.0338548 -0.00980106 -0.0146848 0.0336054 -0.0181834 -0.015683 0.0236437 -0.0398385 -0.0156825 0.0196869 -0.017939 -0.015683 0.039193 -0.0359116 -0.0156826 0.0313453 -0.0333305 -0.0155646 0.0343716 -0.0345922 -0.0152129 0.0333099 -0.032489 -0.014183 0.035357 -0.037269 -0.014183 0.030273 -0.036849 -0.0153703 0.0307841 -0.0391325 -0.015354 0.0278355 -0.041264 -0.014183 0.024553 -0.0412995 -0.0153704 0.0244992 -0.041133 -0.014183 0.021297 -0.0382399 -0.014183 0.02613 -0.034785 -0.014183 0.030579 -0.0382399 -0.012683 0.02613 -0.034785 -0.012683 0.030579 -0.036577 -0.012683 0.025019 -0.041133 -0.012683 0.021297 -0.039278 -0.012683 0.0205279 -0.039278 -0.014183 0.0205279 -0.036577 -0.014183 0.025019 -0.031248 -0.014183 0.027043 -0.033367 -0.014183 0.029162 -0.033367 -0.012683 0.029162 -0.0312478 -0.0113331 0.0270429 -0.0349105 -0.0111865 0.0307368 -0.034926 -0.014183 0.0307209 -0.0306986 -0.0141867 0.0349778 -0.0303718 -0.0146827 0.0346522 -0.030486 -0.0142513 0.0354428 -0.0297938 -0.0146829 0.035769 -0.0268437 -0.014183 0.0311196 -0.0251357 -0.0146813 0.0391239 -0.019058 -0.0146829 0.0388499 -0.0225186 -0.0146829 0.0267873 -0.0225044 -0.014183 0.0267481 -0.018556 -0.0146829 0.0385229 -0.0178126 -0.0110084 0.0384105 -0.0187878 -0.010983 0.0386161 -0.021106 -0.0109946 0.0408798 -0.0213616 -0.0146693 0.0411994 -0.0214649 -0.0141953 0.0416662 -0.0259269 -0.0141916 0.0390834 -0.0270269 -0.014183 0.039698 -0.021912 -0.014183 0.0427459 -0.021912 -0.011133 0.0427459 -0.0255647 -0.0156827 0.0403084 -0.024264 -0.015328 0.0414532 -0.0216894 -0.0153451 0.0428482 -0.0211895 -0.0156263 0.0427592 -0.0205179 -0.0151022 0.04286 -0.021113 -0.012483 0.0429685 -0.0175908 -0.0124352 0.0447112 -0.0202903 -0.0124834 0.0426089 -0.0217506 -0.0123366 0.0428489 -0.0193049 -0.0149409 0.0406113 -0.0197289 -0.012483 0.0413949 -0.0186545 -0.0124846 0.0401122 -0.0179536 -0.0149377 0.039901 -0.016836 -0.012483 0.039921 -0.0166377 -0.0154482 0.0399373 -0.0152221 -0.015409 0.0409981 -0.015796 -0.012483 0.040451 -0.0151099 -0.012483 0.0413949 -0.0149173 -0.0124827 0.0426346 -0.0148763 -0.0152509 0.0426061 -0.0157356 -0.012483 0.0448439 -0.0154579 -0.0124776 0.0454641 -0.0178705 -0.0154814 0.0397064 -0.0195431 -0.0155385 0.0401116 -0.0199777 -0.0156829 0.0397505 -0.0214951 -0.0156792 0.0425384 -0.027399 -0.0153408 0.0394415 -0.0290035 -0.0156204 0.0380082 -0.0309392 -0.0153073 0.0367527 -0.0150138 -0.0146831 0.0264484 -0.0066551 -0.0144809 0.0267887 -0.00791885 -0.0146829 0.029257 -0.00941441 -0.014247 0.0327953 -0.00902588 -0.0147343 0.0327428 -0.0080972 -0.0156819 0.031924 -0.00832695 -0.014183 0.032947 -0.00211596 -0.014183 0.040301 -0.00804299 -0.014183 0.0333159 -0.00642594 -0.0144603 0.0266112 -0.00250474 -0.0145192 0.0272406 -0.00645549 -0.0141837 0.0272587 -0.00105829 -0.0141827 0.0279062 0.00140566 -0.0136282 0.0280032 -0.00104832 -0.0136235 0.0280156 -0.00106597 -0.0126833 0.0308317 0.00143395 -0.0126832 0.0308509 -0.00110061 -0.012683 0.0395466 0.00144272 -0.012683 0.0392036 0.00220491 -0.0126833 0.0402414 -0.00107902 -0.014183 0.0394492 -0.00200997 -0.012683 0.0402576 0.00258852 -0.0112055 0.0403094 0.00285493 -0.014183 0.04051 -0.00230735 -0.0111885 0.040405 -0.00277186 -0.0112283 0.0408867 -0.0027565 -0.014183 0.0407897 -0.00281596 -0.012683 0.042403 -0.00281596 -0.012683 0.0444029 -0.00281596 -0.011333 0.044502 -0.002666 -0.011183 0.044512 -0.0081573 -0.0147258 0.0330823 -0.0081069 -0.0146959 0.0342099 -0.00698107 -0.0156824 0.0334666 -0.00507767 -0.015683 0.0294256 -0.00610399 -0.015817 0.028675 -0.000114873 -0.0158143 0.0294101 -0.00229036 -0.0163706 0.0287622 0.00151713 -0.0163706 0.0288369 -0.00230896 -0.021683 0.0287459 0.00519502 -0.0163719 0.0284318 0.00517195 -0.021683 0.028421 0.005126 -0.022683 0.028157 -0.00228596 -0.022683 0.028479 0.012321 -0.021683 0.026191 0.012209 -0.022683 0.025948 0.0184899 -0.022683 0.021999 0.011903 -0.023415 0.025283 0.005 -0.023415 0.0274359 -0.00222295 -0.023415 0.027749 0.00482798 -0.023683 0.026451 -0.00894797 -0.023683 0.025262 -0.00213695 -0.023683 0.0267529 0.011484 -0.023683 0.024375 0.017386 -0.023683 0.020664 0.022142 -0.023683 0.015565 0.022955 -0.023415 0.0161469 0.018024 -0.023415 0.021435 0.02355 -0.022683 0.0165729 0.018661 -0.021683 0.022205 0.0237679 -0.021683 0.016729 0.0275904 -0.0217356 0.00957483 0.0275767 -0.0163787 0.0096176 0.0274342 -0.0226834 0.00934857 0.028389 -0.021683 0.00899595 0.0271411 -0.0234062 0.00844364 0.0292279 -0.0227009 0.0085857 0.0299258 -0.0218811 0.00865134 0.0303454 -0.0160567 0.00783551 0.0302685 -0.020695 0.00783505 0.0303059 -0.0222119 0.00721144 0.0272048 -0.0221377 0.00735291 0.0274546 -0.0142721 0.00788931 0.0273999 -0.0207096 0.00787036 0.030262 -0.0146829 0.00783598 0.0302627 -0.015686 0.00708094 0.0302618 -0.0146825 -0.00139699 0.030267 -0.0156841 -0.00783188 0.0312454 -0.015683 0.00846274 0.021727 -0.015817 0.020006 0.0252794 -0.0158263 0.0154147 0.025251 -0.015683 0.0164785 0.0196884 -0.015683 0.0226728 0.0400937 -0.0156808 0.0193981 0.039484 -0.0156829 0.0173479 0.0408216 -0.0156812 0.0151254 0.0189789 -0.015817 0.022591 0.0158189 -0.015817 0.024869 0.0148012 -0.015683 0.026116 0.0213866 -0.0163709 0.0196604 0.018686 -0.0163715 0.0222034 0.0155794 -0.0163721 0.0244465 0.01253 -0.015817 0.026645 0.0123463 -0.0163717 0.0261954 0.00743261 -0.015822 0.0284993 0.00891816 -0.0163714 0.027522 0.0237916 -0.016371 0.0167212 0.0257575 -0.0163554 0.0135607 0.0282127 -0.0157221 0.00975863 0.029976 -0.0161875 0.00866491 0.0283879 -0.0163605 0.00901008 0.0200311 -0.0156824 0.0398871 0.0408839 -0.015683 0.0207124 0.0414088 -0.0153321 0.0199363 0.0408847 -0.0156771 0.0251596 0.043077 -0.014183 0.02195 0.041501 -0.012683 0.021297 0.038608 -0.014183 0.02613 0.041501 -0.014183 0.021297 0.040018 -0.014183 0.02708 0.0397813 -0.0151596 0.0274467 0.035153 -0.014183 0.030579 0.035295 -0.014183 0.0307209 0.035153 -0.012683 0.030579 0.036945 -0.012683 0.025019 0.038608 -0.012683 0.02613 0.033736 -0.012683 0.029162 0.033736 -0.014183 0.029162 0.0352823 -0.0111873 0.0307345 0.0309494 -0.0111815 0.026722 0.0273516 -0.0112017 0.0299599 0.030169 -0.011333 0.027078 0.0316171 -0.0113329 0.0270436 0.0302189 -0.0126835 0.0270067 0.0310682 -0.0111899 0.0349495 0.036945 -0.014183 0.025019 0.039646 -0.014183 0.0205279 0.039646 -0.012683 0.0205279 0.0431582 -0.0109864 0.0219642 0.0394792 -0.0109869 0.0161274 0.04614 -0.0109854 0.014572 0.0445756 -0.0124735 0.0187244 0.040373 -0.012483 0.0184129 0.0449762 -0.0124831 0.0155926 0.0427782 -0.0149442 0.0148908 0.0450254 -0.0149149 0.0156239 0.0428312 -0.0156542 0.0140928 0.0473289 -0.0156817 0.00856093 0.0478022 -0.0153553 0.00780544 0.048176 -0.014183 0.00483399 0.046838 -0.014183 0.00285297 0.046637 -0.014183 0.00285297 0.045935 -0.014183 0.00844198 0.048342 -0.014183 -0.00313497 0.0484231 -0.0153303 0.0014637 0.0483501 -0.0153465 -0.0030044 0.047969 -0.015318 -0.00690817 0.047193 -0.014183 -0.011022 0.0473244 -0.0151715 -0.0104985 0.0471225 -0.0155477 -0.0107577 0.0457868 -0.0156834 -0.0149809 0.0481515 -0.0156826 0.00011073 0.0477192 -0.0156195 -0.00670289 0.0403439 -0.015683 -0.0155643 0.045935 -0.014183 -0.00873596 0.044562 -0.014183 -0.014199 0.046637 -0.014183 -0.00314695 0.046838 -0.014183 -0.00314695 0.046637 -0.012683 -0.00314695 0.046637 -0.012683 0.00285297 0.0468386 -0.0111899 0.00283132 0.0468391 -0.0111962 -0.00313942 0.0414691 -0.011183 0.00270135 0.044633 -0.012683 0.00285297 0.041636 -0.011333 0.00285297 0.0411387 -0.014183 0.00282714 0.0414348 -0.014183 0.012661 0.044633 -0.014183 0.00285297 0.043973 -0.014183 0.00805199 0.043973 -0.012683 0.00805199 0.042708 -0.014183 0.013137 0.042708 -0.012683 0.013137 0.0415174 -0.0109947 0.0126749 0.044562 -0.012683 0.013906 0.044562 -0.014183 0.013906 0.046139 -0.014183 0.014559 0.045935 -0.012683 0.00844198 0.0466839 -0.0141917 0.0128791 0.0460174 -0.0123603 0.0148799 0.0456435 -0.0154872 0.015349 0.046043 -0.0153958 0.0147982 0.0457563 -0.0156751 0.0146916 0.0407503 -0.014183 0.0129607 0.040452 -0.012683 0.013447 0.0406854 -0.0110207 0.012999 0.038425 -0.012683 0.0180989 0.03827 -0.012683 0.0187139 0.039996 -0.012683 0.014115 0.0396599 -0.014183 0.0143561 0.0389317 -0.012683 0.0145279 0.0380121 -0.012683 0.0168966 0.0375 -0.014183 0.0166629 0.0382319 -0.014183 0.0172594 0.0384235 -0.014183 0.0181353 0.0381248 -0.014183 0.0197509 0.0380699 -0.0109963 0.0197161 0.0255822 -0.0141827 0.0117187 0.0283422 -0.0126836 0.0128698 0.025734 -0.0136231 0.0117659 0.0409612 -0.0112578 0.00263996 0.0406227 -0.0126833 0.00185886 0.040662 -0.0111977 0.00185052 0.0399278 -0.012683 -0.00143135 0.0399746 -0.014183 -0.00141832 0.0406386 -0.012683 -0.00234096 0.0410073 -0.014183 -0.00292955 0.0406711 -0.0113359 -0.00206971 0.0412243 -0.011186 -0.00306973 0.0407957 -0.011184 -0.00265395 0.041636 -0.014183 -0.00314695 0.044633 -0.012683 -0.00314695 0.044633 -0.014183 -0.00314695 0.043973 -0.012683 -0.00834596 0.042708 -0.014183 -0.013431 0.043973 -0.014183 -0.00834596 0.045935 -0.012683 -0.00873596 0.042708 -0.012683 -0.013431 0.044562 -0.012683 -0.014199 0.0418064 -0.0111329 -0.0130577 0.0412761 -0.0109841 -0.0130022 0.0418079 -0.014183 -0.0130579 0.0407232 -0.0109858 -0.0132835 0.0397899 -0.014183 0.00111467 0.0404072 -0.0154494 0.0163296 0.0412969 -0.0152015 0.0153469 0.04019 -0.012483 0.0172599 0.0405509 -0.012483 0.01615 0.0419723 -0.0124836 0.014999 0.0403685 -0.0150949 0.0185797 0.0412287 -0.0143704 0.0194786 0.0411878 -0.012483 0.0194701 0.0434219 -0.0124754 0.0210034 0.0431935 -0.0153771 0.0207277 0.0432067 -0.0156051 0.0215471 0.0400984 -0.0154329 0.0177641 0.041618 -0.0153586 0.0245837 0.0384877 -0.0155493 0.028989 0.0374647 -0.0153027 0.0305013 0.034318 -0.0153293 0.0339819 0.0276029 -0.0156812 0.0392423 0.0306981 -0.0153229 0.0372717 0.028081 -0.0152378 0.0392735 0.0247787 -0.0153351 0.0413688 0.018165 -0.0156807 0.0393869 0.0219099 -0.0156788 0.0425444 0.0346333 -0.0156784 0.0332068 0.0261762 -0.0216833 0.0083788 0.0248017 -0.022683 0.00730524 0.0255827 -0.0224171 0.00793461 0.0228299 -0.021683 0.014978 0.022221 -0.022415 0.0145709 0.02139 -0.022683 0.014016 0.01802 -0.022415 0.019452 0.017347 -0.022683 0.018713 0.0122604 -0.0226677 0.0226176 0.0114123 -0.0226784 0.0214853 0.0109168 -0.0220873 0.0219275 0.010976 -0.019833 0.0220629 0.0118044 -0.0220691 0.0230787 0.0121314 -0.0211701 0.0240429 0.011512 -0.019833 0.022761 0.00878984 -0.019833 0.0252354 0.00929099 -0.019833 0.021841 0.00818327 -0.0198336 0.0230575 0.0101629 -0.019833 0.0217259 0.00854663 -0.0222585 0.0223316 0.00926008 -0.0222435 0.0217589 0.0102311 -0.0224274 0.0214428 0.0088164 -0.0226829 0.0206955 0.0101814 -0.0216978 0.0217206 0.00727898 -0.022683 0.0229649 0.00142497 -0.022683 0.025323 -0.00471199 -0.022683 0.024879 -0.010565 -0.022683 0.022977 -0.00490397 -0.022415 0.0258599 -0.010986 -0.022415 0.023884 -0.015791 -0.022683 0.0197289 -0.005045 -0.021683 0.0265779 -0.011295 -0.021683 0.024548 -0.016418 -0.022415 0.020508 -0.016876 -0.021683 0.021079 -0.0217434 -0.021533 0.0162097 -0.0208745 -0.0224131 0.0159509 -0.0215045 -0.02177 0.015233 -0.020669 -0.019833 0.014626 -0.019987 -0.019833 0.012526 -0.0199251 -0.0198328 0.0137752 -0.0194424 -0.022527 0.013803 -0.019861 -0.0220302 0.0137619 -0.0198878 -0.0222952 0.0125009 -0.0226028 -0.0219785 0.011789 -0.0213666 -0.0198337 0.0113797 -0.0235564 -0.0223815 0.011585 -0.0244036 -0.0216861 0.0115586 -0.024584 -0.022415 0.00999999 -0.0260642 -0.0224139 0.00922792 -0.0261501 -0.0216956 0.00994975 -0.0252171 -0.0212704 0.0107324 -0.024781 -0.020683 0.011386 -0.0252743 -0.0147229 0.0106965 -0.025943 -0.020683 0.0103339 -0.0248573 -0.0144376 0.011266 -0.023597 -0.0146829 0.013663 -0.0207099 -0.0145212 0.0177521 -0.0221623 -0.0145269 0.0158893 -0.0220508 -0.0141838 0.0167126 -0.0203247 -0.0141823 0.0189381 -0.018611 -0.0143553 0.0200764 -0.018733 -0.0146829 0.019812 -0.0186149 -0.017171 0.0199839 -0.018733 -0.017683 0.019812 -0.020931 -0.020683 0.017472 -0.015632 -0.017683 0.022349 -0.0164097 -0.0207464 0.0218526 -0.011408 -0.020683 0.024791 -0.0129009 -0.017683 0.024041 -0.013092 -0.016183 0.024394 -0.00924999 -0.017683 0.025684 -0.00924999 -0.020683 0.025684 -0.00616997 -0.017683 0.026609 -0.00666504 -0.0163766 0.0267094 -0.00734829 -0.0150684 0.0280345 -0.0151303 -0.0150867 0.0245457 -0.0194189 -0.015085 0.021224 -0.020481 -0.0146829 0.022286 -0.0187568 -0.0137165 0.0205287 -0.0186396 -0.0160991 0.0204531 -0.020845 -0.014183 0.019115 -0.0205977 -0.0136222 0.0189035 -0.0226599 -0.012683 0.020929 -0.022548 -0.012709 0.020817 -0.0208505 -0.0126832 0.0226554 -0.0236012 -0.0146829 0.0254187 -0.023494 -0.014183 0.0253018 -0.0267136 -0.014183 0.0304828 -0.0267527 -0.0112252 0.0309574 -0.0268242 -0.0111895 0.0301326 -0.0307797 -0.0111837 0.0267873 -0.030104 -0.0112019 0.0268363 -0.0299735 -0.012683 0.0269067 -0.0288267 -0.012683 0.0270477 -0.0269779 -0.012683 0.0288101 -0.0268912 -0.0126829 0.0299888 -0.0270361 -0.014183 0.0289232 -0.0292636 -0.014183 0.0270652 -0.0306909 -0.0111881 0.0349574 -0.00221997 -0.020683 0.027248 -0.00509596 -0.020683 0.026841 0.00152296 -0.020683 0.027321 0.00150996 -0.021683 0.027053 0.00786077 -0.0225803 0.024998 0.00147396 -0.022415 0.0263219 0.00799463 -0.0216523 0.0259697 0.00497395 -0.020683 0.0269329 0.00806397 -0.020683 0.0262 0.000248288 -0.0146626 0.0273679 0.00146611 -0.0142939 0.0275067 0.00211302 -0.0145238 0.027293 0.00466196 -0.0145527 0.0270071 0.00142862 -0.0141825 0.0279017 0.00537798 -0.0141835 0.0272344 0.0077153 -0.0145616 0.026321 0.00972858 -0.0141803 0.0261427 0.0111844 -0.0145265 0.0250894 0.0118085 -0.0146829 0.0247755 0.01203 -0.0141798 0.0252034 0.0131943 -0.0126833 0.0279955 0.0120947 -0.0136219 0.0254065 0.00982686 -0.0136293 0.0263253 0.0108918 -0.0126832 0.0289694 0.0172067 -0.012683 0.037629 0.0178426 -0.014183 0.0380219 0.0185825 -0.0126845 0.0381184 0.0196012 -0.014183 0.0378061 0.0195184 -0.0111071 0.0377806 0.016452 -0.0111278 0.039128 0.0165222 -0.010983 0.0392719 0.0082564 -0.0198313 0.0261404 0.00868589 -0.0212205 0.0256292 0.00851828 -0.0220529 0.0247116 0.0081152 -0.0223682 0.0229284 -0.0220882 -0.0198323 0.0159111 -0.0241874 -0.0198328 0.0124207 -0.0240464 -0.0211547 0.0122812 -0.025039 -0.0141899 0.0116483 -0.0253861 -0.0136188 0.0117733 -0.0279704 -0.0126832 0.0128686 -0.0254763 -0.0142081 0.0108682 -0.0259703 -0.0136574 0.0103296 -0.028417 -0.012862 0.0103469 -0.0371309 -0.012683 0.0166629 -0.038088 -0.012683 0.014353 -0.0298092 -0.0141849 0.0109231 -0.038088 -0.014183 0.014353 -0.0392286 -0.012683 0.0144123 -0.0394189 -0.014183 0.014328 -0.040048 -0.012683 0.013541 -0.0400873 -0.014183 0.0134343 -0.0379792 -0.012683 0.0174257 -0.0379913 -0.014183 0.0175056 -0.037782 -0.014183 0.0192138 -0.0295642 -0.0144362 0.0104919 -0.0301569 -0.0146831 0.00110299 -0.030224 -0.0144328 0.00110298 -0.0295057 -0.0146349 0.0104242 -0.028435 -0.0144622 0.0103546 -0.0289261 -0.0126832 0.0105581 -0.0203712 -0.0226702 0.0153721 -0.019207 -0.022683 0.014506 0.0131065 -0.0216787 0.0238296 0.0126031 -0.0224061 0.0233075 0.018513 -0.021683 0.019994 0.0240655 -0.022683 -0.00925676 0.0270256 -0.022414 -0.00769791 0.026091 -0.0226827 -0.00683093 0.0302629 -0.022415 -0.00764996 0.030262 -0.022683 -0.00664997 0.0301286 -0.023183 -0.00765183 0.0297623 -0.0235489 -0.00764967 0.029243 -0.0236833 -0.0074674 0.0283713 -0.0234233 -0.00872575 0.0300799 -0.0231033 -0.00852433 0.0300364 -0.0226258 -0.00920248 0.0302768 -0.0216793 -0.00838524 0.0271889 -0.0216864 -0.00841459 0.0263865 -0.0236829 0.00775668 0.029218 -0.023683 0.00683599 0.029762 -0.023549 0.006836 0.029855 -0.0234364 0.00756954 0.030262 -0.022683 0.00583595 0.0268232 -0.0226829 0.00592884 0.030128 -0.023183 0.006836 0.0263438 -0.0145127 0.00860155 0.0251109 -0.0144285 0.0115262 -0.00928599 -0.023415 0.026203 -0.009534 -0.022683 0.026892 -0.015717 -0.023415 0.0229 -0.015149 -0.023683 0.022077 -0.016133 -0.022683 0.023502 -0.021089 -0.023415 0.0180589 -0.0255999 -0.0234185 0.0111633 -0.0216449 -0.022683 0.0185349 -0.025942 -0.021683 0.0124389 -0.021848 -0.021683 0.0187099 -0.0218459 -0.0163711 0.018735 -0.016285 -0.021683 0.023723 -0.0192546 -0.016372 0.0213928 -0.0162763 -0.0163706 0.0237468 -0.0130627 -0.0163715 0.0256675 -0.00962394 -0.021683 0.0271439 -0.00598014 -0.0163712 0.0282059 -0.00961003 -0.0163708 0.0271645 -0.0101351 -0.0156982 0.0276972 -0.00998894 -0.0156824 0.0321178 -0.0136481 -0.0157008 0.026124 -0.0165689 -0.015817 0.024134 -0.019596 -0.015817 0.021739 -0.022228 -0.015817 0.019035 -0.0236692 -0.015683 0.0181375 -0.0299811 -0.0156831 0.0118865 -0.028995 -0.0159289 0.0115573 -0.0287067 -0.016697 0.0113452 -0.0287973 -0.0216944 0.0113288 -0.0290227 -0.0229629 0.0108348 -0.0270449 -0.023221 0.0107858 -0.0261234 -0.022684 0.0116979 -0.0269722 -0.0216657 0.0113953 -0.0272295 -0.0163678 0.0113738 -0.0273283 -0.0156995 0.0120457 -0.0262408 -0.0166389 0.0119592 -0.0264495 -0.0159653 0.0121353 -0.0241411 -0.0163709 0.0156695 -0.024559 -0.015817 0.015916 -0.0295972 -0.0159443 0.0110834 -0.0403221 -0.0150156 0.0190163 -0.0426882 -0.0154782 0.0208876 -0.0393415 -0.0156766 0.0269989 -0.0425317 -0.0156751 0.0215848 -0.0429457 -0.0153388 0.0213743 -0.0426077 -0.0148802 0.0203582 -0.0413562 -0.0148988 0.0197977 -0.039836 -0.012483 0.017783 -0.0399859 -0.0154338 0.0164919 0.012391 -0.015616 0.0458529 0.0158423 -0.0156598 0.0451268 0.0133741 -0.014183 0.0422946 0.00318396 -0.014183 0.042403 0.0192255 -0.0136283 0.020622 0.021219 -0.0126833 0.0226559 0.0229735 -0.0126831 0.0208746 0.0292861 -0.0126831 -0.0108484 0.0266977 -0.0136184 -0.00980039 0.0257039 -0.0136432 -0.0120361 0.0283423 -0.0126836 -0.0131629 0.0388489 -0.012683 -0.0147928 0.0250756 -0.014536 -0.0118692 0.00816136 -0.0198315 -0.0232049 0.0304733 -0.0112019 -0.0271291 0.0271184 -0.0111873 -0.0305133 0.0453215 -0.0153075 -0.0158854 0.0403538 -0.0154339 -0.016786 0.0412883 -0.0154015 -0.0155593 0.00568998 -0.0236829 -0.02658 -0.00730395 -0.0236829 -0.026088 -0.007581 -0.023415 -0.027048 -0.0137859 -0.023415 -0.024413 -0.0132878 -0.0237115 -0.0235387 -0.013252 -0.020683 -0.0232058 -0.0102398 -0.0206831 -0.0218403 -0.0104723 -0.019832 -0.0221435 -0.008406 -0.0198335 -0.0258883 -0.00813722 -0.0216146 -0.0261383 -0.0137542 -0.020683 -0.0220432 -0.0141849 -0.022683 -0.025028 -0.014784 -0.0236829 -0.021676 -0.0421405 -0.0156824 0.0141295 -0.0455259 -0.0124313 0.015198 -0.0449523 -0.0153075 0.0155914 -0.0457721 -0.0110002 0.0145684 -0.0469177 -0.0154656 0.0101944 -0.047605 -0.015318 0.00658196 -0.047973 -0.014183 0.00284099 -0.047808 -0.014183 -0.00512797 -0.0479823 -0.0153479 0.00269248 -0.0476569 -0.0156767 -0.00390511 -0.0480545 -0.01533 -0.00175039 -0.0474948 -0.0153193 -0.00771696 -0.0453758 -0.0156511 -0.0152495 -0.046269 -0.014183 -0.00314695 -0.045567 -0.014183 -0.00873596 -0.0264203 -0.0156831 -0.0199004 -0.0403891 -0.0156828 -0.0149514 -0.0263617 -0.0157026 -0.0178529 -0.0261523 -0.0161 -0.0185623 -0.0455217 -0.0152849 -0.0154496 -0.0411502 -0.0109947 -0.0129688 -0.0407032 -0.014183 -0.0129177 -0.0295964 -0.0141843 -0.0111295 -0.0385467 -0.012683 -0.0148247 -0.0388296 -0.014183 -0.0148951 -0.0398827 -0.0126846 -0.014195 -0.0381316 -0.0126842 -0.0184169 -0.0393609 -0.011129 -0.015736 -0.0403172 -0.0110207 -0.0132922 -0.0377579 -0.0111333 -0.0193782 -0.0310094 -0.0112592 -0.0271167 -0.0306475 -0.014183 -0.0270459 -0.020845 -0.014183 -0.019409 -0.0288475 -0.014183 -0.0273834 -0.0288264 -0.012683 -0.0273408 -0.0299717 -0.012683 -0.0272016 -0.0270069 -0.012683 -0.0291526 -0.0269911 -0.014183 -0.029408 -0.0265559 -0.014183 -0.028655 -0.0163309 -0.014183 -0.023313 -0.014474 -0.014183 -0.024588 -0.016182 -0.014183 -0.023479 -0.0208437 -0.0126838 -0.022945 -0.0226029 -0.0126859 -0.0211636 -0.0207 -0.013569 -0.019307 -0.0206169 -0.013604 -0.019278 -0.0378861 -0.014183 -0.0190308 -0.0377112 -0.014183 -0.017225 -0.0374507 -0.012683 -0.0170929 -0.028751 -0.014183 -0.013485 -0.02852 -0.01425 -0.01339 -0.00829787 -0.0158113 -0.0284639 -0.0210642 -0.0155012 -0.0432683 -0.0215451 -0.0156674 -0.0429591 -0.0242023 -0.0155638 -0.0416213 -0.0280929 -0.0154315 -0.0391922 -0.0322536 -0.015625 -0.0356101 -0.0318897 -0.0153214 -0.0362056 -0.0392367 -0.0154892 -0.0279317 -0.03965 -0.014183 -0.027374 -0.0412775 -0.0154582 -0.0248049 -0.0370588 -0.0156832 -0.0304023 -0.0382399 -0.014183 -0.026424 -0.034785 -0.014183 -0.030873 -0.0382399 -0.012683 -0.026424 -0.041133 -0.014183 -0.02159 -0.0359148 -0.0152968 -0.0322335 -0.0271513 -0.0156807 -0.0394674 -0.0407093 -0.012483 -0.0196808 -0.00643098 0.0167209 0.047018 -0.022166 0.017717 0.0356563 -0.0141571 0.0177169 0.0446478 -0.00629896 0.017717 0.04579 -0.0125776 0.0171651 0.0457105 -0.0127415 0.0163984 0.046359 -0.012676 0.01551 0.046827 -0.018853 0.0164904 0.0448245 -0.012826 0.015502 0.046802 -0.012593 0.0164105 0.0463785 -0.00983303 0.0148297 0.0474743 -0.0114405 0.01469 0.0472462 -0.012355 0.01453 0.047106 -0.00593799 0.014295 0.047994 -0.0126229 0.0145 0.04706 -0.012356 0.01453 0.047106 -0.00635499 0.015134 0.0478337 -0.00408196 0.015291 0.048007 -0.000260292 0.0156643 0.0481165 -0.005934 0.014295 0.047994 -0.00577998 0.00679099 0.048588 -0.01263 0.00681698 0.047959 -0.012643 0.00727194 0.047922 -0.012851 0.0144679 0.047021 -0.020115 0.00729697 0.046478 -0.019994 0.00336295 0.046891 -0.027182 0.00331294 0.044542 -0.027313 0.00729399 0.044011 -0.034329 0.011305 0.039902 -0.034219 0.00725996 0.040805 -0.034063 0.00324594 0.041387 -0.0275265 0.0147832 0.0421594 -0.020337 0.0146465 0.0450745 -0.024529 0.014916 0.043453 -0.020538 0.0148094 0.04498 -0.016807 0.014694 0.046107 -0.012866 0.0145669 0.047008 -0.0128018 0.0145614 0.0470203 -0.012864 0.0145669 0.047008 -0.012751 0.014484 0.047038 -0.012776 0.01448 0.047034 -0.012714 0.014579 0.047035 -0.012743 0.014485 0.047039 -0.012749 0.014484 0.047038 -0.0126989 0.0144899 0.047047 -0.012597 0.014503 0.047065 -0.012502 0.014514 0.047081 -0.012433 0.0145219 0.047093 -0.012393 0.0145259 0.0470999 -0.012371 0.014529 0.047103 -0.01236 0.01453 0.047105 -0.012357 0.01453 0.047106 -0.012612 0.014501 0.047062 -0.0126189 0.0145 0.047061 -0.012621 0.0145 0.04706 -0.020043 0.017717 0.042925 -0.0256434 0.0166102 0.0421728 -0.0255092 0.0177366 0.0407621 -0.0287325 0.0150281 0.0415391 -0.031454 0.016659 0.039302 -0.0340044 0.0151154 0.0388158 -0.040984 0.0151526 0.035014 -0.0343079 0.017777 0.036217 -0.0388744 0.016696 0.0353003 -0.041199 0.014931 0.0349485 -0.047788 0.0114159 0.032514 -0.041118 0.011336 0.036317 -0.045752 0.015264 0.032186 -0.0487465 0.0152376 0.0303728 -0.0467918 0.0167981 0.0305704 -0.054379 0.011683 0.028556 -0.054303 0.00740396 0.029926 -0.061316 0.012081 0.025243 -0.061316 0.00768399 0.026986 -0.061316 0.00335896 0.0281039 -0.061316 -0.000683005 0.0285529 -0.061316 -0.00570995 -0.000147001 -0.061316 -0.00744796 0.0274809 -0.0541919 0.00321799 0.030777 -0.061316 -0.00503695 0.00236696 -0.0613158 0.000409975 0.00489937 -0.061316 0.00366998 0.00236696 -0.054318 -0.00741798 0.030429 -0.061316 0.00434399 -0.000146999 -0.061316 0.012081 -0.0255369 -0.061316 0.00366998 -0.00265998 -0.0611124 0.00347749 0.0018257 -0.061316 0.018166 0.0190639 -0.061316 0.018166 -0.019358 -0.061316 -0.000682995 -0.028847 -0.054318 -0.00741797 -0.030723 -0.061316 -0.00744795 -0.027775 -0.0613158 -0.00429473 -0.00375955 -0.061315 0.00179416 -0.00435811 -0.061316 0.00335896 -0.028398 -0.0541919 0.003218 -0.0310709 -0.061316 0.007684 -0.0272789 -0.054303 0.00740397 -0.0302189 -0.054379 0.011683 -0.0288499 -0.047788 0.011416 -0.032807 -0.0543888 0.0157245 -0.0268614 -0.0473258 0.015369 -0.0314566 -0.05516 0.0156463 -0.0264834 -0.0564594 0.0171785 -0.024429 -0.0613159 0.0162072 -0.0231472 -0.061316 0.017385 -0.021936 -0.058135 0.017932 -0.022213 -0.061316 0.017965 -0.020718 -0.0547828 0.018166 -0.00724159 -0.0549685 0.018166 -0.0222378 -0.0542177 0.0178689 -0.0244247 -0.0531581 0.018166 -0.00886971 -0.046561 0.018166 -0.017815 -0.046093 0.0183 -0.017639 -0.044538 0.0183 -0.021301 -0.0467338 0.0181819 -0.0118682 -0.0485311 0.0181655 -0.00897791 -0.0465529 0.0181657 -0.00719158 -0.046816 0.018166 0.006266 -0.0454693 0.018214 -0.000146999 -0.0457395 0.0182083 0.0053782 -0.0480261 0.0181636 0.00863081 -0.0467338 0.0181819 0.0115739 -0.046561 0.018166 0.017521 -0.046093 0.0183 0.017345 -0.0483903 0.0179312 0.00785086 -0.0531055 0.0181608 0.00814907 -0.0527491 0.0174231 0.00732955 -0.0486978 0.0173264 0.00736211 -0.0549712 0.018166 0.0219421 -0.0555028 0.0178875 0.0233181 -0.0564578 0.0171784 0.024136 -0.0545606 0.015607 0.0265256 -0.0613159 0.0162046 0.0228558 -0.0613169 0.0178266 0.0209416 -0.044538 0.0183 0.021008 -0.0433948 0.018166 0.0244509 -0.042666 0.0183 0.024582 -0.042349 0.018666 0.0244 -0.040103 0.018666 0.026646 -0.0404355 0.0181877 0.0270906 -0.044207 0.018666 0.020851 -0.04575 0.018666 0.017215 -0.0462963 0.019464 0.0145621 -0.0461841 0.0193708 0.0125653 -0.0453687 0.0193656 0.00812547 -0.046181 0.018666 0.011518 -0.045258 0.018666 0.005718 -0.0449499 0.018666 -0.000146997 -0.0448907 0.0193884 0.00359149 -0.0447745 0.0192859 0.000963663 -0.0375998 0.0194652 0.00811869 -0.0365567 0.0191587 -0.00269815 -0.0359767 0.0191635 -0.00709056 -0.0361738 0.017509 -0.00733983 -0.034774 0.0176218 -0.00684722 -0.0348 0.012916 -0.00686097 -0.036814 0.012916 -0.00773799 -0.0356553 0.017975 -0.00670267 -0.0302268 0.0179628 -4.76563e-05 -0.0298818 0.0179641 -0.00556103 -0.0297119 0.017614 -0.0026768 -0.0293606 0.0176479 -0.0055039 -0.0293504 0.0120767 -0.0055568 -0.0297643 0.0122965 -0.00589469 -0.0296075 0.0176187 -0.00586 -0.0309217 0.0128598 -0.00611772 -0.0317375 0.0121992 -0.0065216 -0.0311117 0.0117401 -0.00618577 -0.0320291 0.0111376 -0.00689305 -0.0341149 0.010582 -0.00571298 -0.0343175 0.0107682 -0.00484768 -0.036011 0.010317 -0.00594199 -0.029662 0.0119293 -0.00342231 -0.0310832 0.0114291 -0.0058557 -0.03029 0.012017 -0.00266621 -0.036011 0.010542 -0.00501996 -0.0361352 0.0117919 -0.00359151 -0.048316 0.0105418 -0.0050207 -0.048316 0.010317 -0.00594199 -0.0471925 0.0103163 -0.00881353 -0.0483363 0.0103394 -0.00688404 -0.033999 0.010317 -0.013383 -0.0325039 0.0105825 -0.0120601 -0.04535 0.010317 -0.016469 -0.042061 0.010317 -0.02325 -0.0306061 0.010317 -0.0200377 -0.029498 0.0105621 -0.0204139 -0.039714 0.010317 -0.027154 -0.039174 0.010542 -0.0279019 -0.038522 0.00533897 -0.030004 -0.041551 0.00537896 -0.022912 -0.04496 -0.00153994 -0.016053 -0.044958 0.00542098 -0.015978 -0.043196 0.010317 -0.022169 -0.042501 0.010317 -0.022575 -0.041828 -0.00150799 -0.023101 -0.038973 -0.00152695 -0.030268 -0.042303 -0.00846499 -0.02352 -0.045491 -0.00857299 -0.016521 -0.046264 -0.010933 -0.014617 -0.0455641 -0.0152778 -0.0167088 -0.0469569 -0.00884896 -0.012168 -0.047049 -0.00866496 -0.011799 -0.047112 -0.009251 -0.011997 -0.046446 -0.0111959 -0.014337 -0.047685 -0.00956048 -0.0116724 -0.051285 -0.01144 -0.013765 -0.0483029 -0.00888583 -0.00888656 -0.0529212 -0.00918479 -0.00894145 -0.0484384 -0.00840461 -0.0079908 -0.0516887 -0.00860848 -0.00780713 -0.052267 0.00160233 -0.00745729 -0.051351 -0.00742298 -0.00748897 -0.0492763 -0.00731655 -0.00756163 -0.04854 -0.00760698 -0.00775796 -0.04854 0.00981694 -0.00775796 -0.0492966 0.0100451 -0.00756093 -0.047964 0.00981694 -0.00825399 -0.0476613 0.00530509 -0.00894826 -0.0476838 -0.00803208 -0.00892674 -0.0479641 -0.00783943 -0.00825414 -0.0478318 -0.00843331 -0.00878262 -0.047662 0.008739 -0.00895297 -0.0464449 0.00873798 -0.0125599 -0.0460661 0.0103173 -0.0135304 -0.0453269 0.00871796 -0.016289 -0.045496 0.010317 -0.016884 -0.0476248 0.0100903 -0.00894619 -0.0488117 0.0101918 -0.00743264 -0.0486494 0.0171832 -0.00740829 -0.0491782 0.0177707 -0.00796183 -0.0531306 0.0177649 -0.00777296 -0.053517 0.017416 -0.00645494 -0.053188 0.016666 -0.00694495 -0.053188 0.001638 -0.00694495 -0.052836 0.016666 -0.00730896 -0.053316 0.016666 -0.00645494 -0.053316 0.016666 0.00616098 -0.05334 0.00357229 0.00242575 -0.0533113 0.00129275 -0.00643322 -0.0531625 0.000682407 -0.00494916 -0.0527266 0.00093144 -0.00720109 -0.0523864 -0.000222425 -0.0052394 -0.052316 -0.000604999 -0.00648999 -0.0523186 -0.0100301 -0.00482046 -0.052316 -0.00781748 -0.0065485 -0.0523473 -0.00315683 -0.00449307 -0.0521016 -0.00056064 -0.007152 -0.052836 0.001638 -0.00730896 -0.0523505 0.0166661 -0.00745411 -0.0524393 8.15468e-05 -0.00682483 -0.0520417 -0.00778656 -0.00722215 -0.0526572 -0.00983463 -0.0059129 -0.0559642 -0.00960334 -0.00699502 -0.0562924 -0.0102903 -0.00561013 -0.0526366 -0.00932554 -0.00738745 -0.0562979 -0.00941371 -0.0087144 -0.0563033 -0.00965393 -0.0105581 -0.0558921 -0.00996352 -0.0115123 -0.0560849 -0.0113057 -0.0133252 -0.0563097 -0.0136849 -0.0145011 -0.0563153 -0.0186389 -0.0139571 -0.0561469 -0.0200489 -0.0131933 -0.0563164 -0.0217658 -0.00877118 -0.0563124 -0.0205408 -0.00525751 -0.0560668 -0.0218846 -0.00878799 -0.0559623 -0.0216863 -0.0103649 -0.0480692 -0.0223054 -0.00879721 -0.051368 -0.0218469 -0.00686896 -0.055973 -0.021689 -0.00720634 -0.051968 -0.0214253 -0.00585918 -0.0559453 -0.0206129 -0.00489376 -0.0562779 -0.0172223 -0.0027626 -0.0559502 -0.0187967 -0.0033578 -0.054316 -0.015777 -0.002419 -0.0563024 -0.0150096 -0.00262059 -0.0560817 -0.0134285 -0.00288658 -0.0525318 -0.0139187 -0.00253761 -0.0525271 -0.0123061 -0.00322448 -0.0525264 -0.015688 -0.00228861 -0.0525463 -0.0200524 -0.00404601 -0.0525032 -0.018188 -0.00282496 -0.051316 -0.021622 -0.00535399 -0.0513158 -0.021622 0.00505576 -0.0482315 -0.0216476 -0.00507335 -0.0474882 -0.0224974 -0.00587712 -0.0476172 -0.0221475 -0.00657474 -0.047788 -0.022622 -0.000147004 -0.047922 -0.022122 -0.000147004 -0.0484847 -0.021646 -0.000147002 -0.0512545 -0.0218629 0.00660087 -0.0521558 -0.0211811 0.00514714 -0.0517956 -0.0215074 0.00526114 -0.0522849 -0.0209699 -0.0042746 -0.052316 -0.0206219 0.00367397 -0.0523211 -0.0182853 0.00222422 -0.052316 -0.00612897 -0.000147001 -0.052316 -0.018339 -0.002392 -0.0523161 -0.0140263 -0.00177121 -0.0523321 -0.00502338 -0.0026526 -0.0525586 -0.00564563 -0.000147007 -0.0525166 -0.00499231 0.00234159 -0.05679 -0.00478595 -0.00251496 -0.05679 -0.00478595 0.00222194 -0.05679 -0.003052 0.00395596 -0.0526583 -0.000677416 0.00481056 -0.05679 -0.000683001 0.00458997 -0.0531684 0.000705856 0.00464766 -0.0533947 0.00174901 0.00415908 -0.0533203 0.00425144 -0.000147018 -0.05679 0.00168496 0.00395596 -0.05679 0.00341898 0.00222194 -0.0607195 0.00251602 0.00308574 -0.0610843 -0.000597821 0.00440461 -0.0611135 0.00167198 0.00375132 -0.0607667 0.000320545 0.00428127 -0.0607561 -0.00198369 0.00420405 -0.0608018 -0.00292858 0.00379187 -0.0610618 -0.00297253 0.0038272 -0.0607588 -0.00400082 0.00295297 -0.0611123 -0.00461981 0.0021267 -0.0611092 -0.00480478 -0.00212352 -0.0607196 -0.00391627 -0.00334536 -0.0611002 -0.00288562 -0.00412565 -0.0613151 -0.000643114 -0.00503263 -0.05679 -0.003052 -0.00424898 -0.0607216 -0.00185872 -0.00454023 -0.05679 -0.000682999 -0.00488394 -0.0610417 -0.000315215 -0.00473259 -0.0610267 0.00165411 -0.00404318 -0.05679 0.00168496 -0.00424898 -0.05679 0.00341898 -0.00251496 -0.05334 0.0035723 -0.0027199 -0.0533947 0.0017489 -0.00445321 -0.0611006 0.00329538 -0.00234983 -0.0610888 0.00388025 -0.000362667 -0.0607205 0.00251621 -0.00337914 -0.0610709 -0.00521714 -0.000157587 -0.0606888 -0.0051133 0.000914212 -0.0613151 -0.00313082 0.00409391 -0.053316 0.00163799 0.00616097 -0.052836 0.00163799 0.00701499 -0.053188 0.00163799 0.00665098 -0.0523474 0.00151283 0.00716065 -0.0485398 0.00996271 0.00746359 -0.047964 -0.00783998 0.00796097 -0.047964 0.00981694 0.00796098 -0.0476248 0.0100901 0.00865218 -0.047662 0.00873899 0.00865895 -0.0464449 0.00873798 0.012266 -0.0472067 0.0103152 0.00846258 -0.033999 0.010317 0.013089 -0.048316 0.010317 0.00564796 -0.046066 0.0103173 0.0132369 -0.04535 0.010317 0.016175 -0.0453269 0.00871795 0.015996 -0.044958 0.00542098 0.0156839 -0.045496 0.010317 0.01659 -0.043196 0.010317 0.021875 -0.042501 0.010317 0.022281 -0.041551 0.00537896 0.022618 -0.04496 -0.00153995 0.015759 -0.042061 0.010317 0.022956 -0.038522 0.00533896 0.02971 -0.039714 0.010317 0.02686 -0.041828 -0.001508 0.022808 -0.038973 -0.00152696 0.029974 -0.042303 -0.008465 0.023226 -0.045491 -0.008573 0.0162269 -0.046264 -0.010933 0.014323 -0.047026 -0.00868563 0.0115993 -0.0476799 -0.00803994 0.00865115 -0.0478328 -0.00845606 0.00851981 -0.0467292 -0.0112857 0.0137555 -0.0472531 -0.00943427 0.011607 -0.0472349 -0.011304 0.013634 -0.0483922 -0.00879351 0.00822436 -0.0479942 -0.00957382 0.011355 -0.0519083 -0.00877259 0.00763006 -0.0517491 -0.00781788 0.00712115 -0.049275 -0.00731796 0.00726795 -0.051351 -0.00742298 0.00719499 -0.0492329 0.00999863 0.00727049 -0.0516595 0.000139718 0.00717854 -0.0527929 0.000713398 0.0067684 -0.052188 -0.000605002 0.00668597 -0.0523201 -0.000174169 0.00620576 -0.0523568 -0.000139343 0.00520589 -0.052533 -0.00316117 0.0041619 -0.052316 -0.00340599 0.00456995 -0.052316 -0.00539994 0.00257599 -0.0523202 -0.00907883 0.00623501 -0.0523183 -0.0114387 0.00305542 -0.0526333 -0.0123186 0.00294002 -0.052624 -0.0110755 0.00386789 -0.0560891 -0.0113979 0.00385076 -0.0563002 -0.0126765 0.00301692 -0.0526405 -0.00983505 0.00561576 -0.0521875 -0.00783429 0.00669288 -0.052422 -0.00933176 0.00691272 -0.0529205 -0.00918472 0.0086472 -0.055842 -0.00993699 0.0111329 -0.051285 -0.01144 0.013472 -0.0559565 -0.00933724 0.0090872 -0.0560454 -0.00979866 0.00602007 -0.0563149 -0.00953235 0.00832264 -0.0563155 -0.0150519 0.00253924 -0.0562915 -0.0187394 0.0138978 -0.0562972 -0.0199494 0.0129692 -0.0562214 -0.0107397 0.0122051 -0.0556642 -0.0110691 0.0128565 -0.051285 -0.013883 0.0147549 -0.0559818 -0.0126019 0.0139677 -0.0563158 -0.0132985 0.0140843 -0.0558429 -0.0154369 0.0147623 -0.0535243 -0.0156225 0.0148741 -0.056306 -0.017154 0.0145221 -0.0498209 -0.018894 0.0141989 -0.0466668 -0.0155661 0.0152457 -0.0464943 -0.0138585 0.0150081 -0.0450654 -0.0157955 0.015786 -0.0480625 -0.0189273 0.014284 -0.0498209 -0.021303 0.0118199 -0.045634 -0.0161437 0.0153622 -0.0314148 -0.016149 0.0161179 -0.0311551 -0.0158032 0.0165106 -0.0294231 -0.0158985 0.0190827 -0.0313193 -0.015683 0.0169767 -0.0334522 -0.0156824 0.0345378 -0.0454467 -0.0156827 0.0162354 -0.0392046 -0.0156827 0.0277834 -0.0411502 -0.0154544 0.0254154 -0.0382537 -0.0155704 0.0294918 -0.0404242 -0.015183 0.0266759 -0.0423582 -0.0151831 0.0234557 -0.0438534 -0.0154536 0.0205464 -0.0456224 -0.0153983 0.0163112 -0.0459204 -0.0155797 0.0155382 -0.0459736 -0.0138547 0.0153902 -0.038825 -0.00841195 0.03001 -0.034547 -0.00839395 0.036336 -0.035508 -0.00152398 0.03684 -0.029782 -0.001467 0.041924 -0.03518 0.00533795 0.036595 -0.0294819 0.00544595 0.041853 -0.0377639 0.0120169 0.02949 -0.0378629 0.01201 0.029363 -0.03264 0.0120169 0.035082 -0.0267349 0.0120169 0.039776 -0.020823 0.0120169 0.043183 -0.021851 0.00892698 0.044332 -0.022436 0.00556796 0.044799 -0.015234 0.00557398 0.045995 -0.015234 0.011517 0.045995 -0.015075 0.0120169 0.045521 -0.013649 0.011517 0.046253 -0.013649 0.011767 0.046186 -0.013649 -0.015183 0.046253 -0.00702521 -0.0156836 0.0348339 -0.00628272 -0.0160275 0.0345925 -0.00100199 -0.0160424 0.0351816 0.000169003 -0.0158184 0.0352992 0.00378178 -0.016044 0.0349836 0.00695523 -0.015796 0.0346849 0.00631729 -0.0156843 0.0350703 0.000499102 -0.0156831 0.0356483 0.00982988 -0.0156853 0.0375498 0.00866533 -0.0158353 0.0349602 0.00737667 -0.0181086 0.0344433 0.00430984 -0.0188687 0.0349222 0.00653807 -0.0191467 0.0349066 0.00630141 -0.0196942 0.0357068 0.00769445 -0.018898 0.0461236 0.00633744 -0.0196638 0.0406623 0.000834 -0.020315 0.0366419 0.000255 -0.020226 0.0359999 0.000631 -0.02013 0.0406679 0.000263 -0.020351 0.036652 0.000231 -0.019832 0.035467 -0.00641596 -0.020015 0.034861 0.000138031 -0.0191495 0.0351686 -0.00671028 -0.0193198 0.0344611 -0.0128519 -0.0200109 0.0330149 -0.00962579 -0.0193523 0.0337756 -0.010706 -0.0160344 0.0334345 -0.0140967 -0.0160309 0.0321383 -0.0197243 -0.0156845 0.0294613 -0.017543 -0.016042 0.030384 -0.0211401 -0.0160232 0.0279721 -0.0226226 -0.0160203 0.0267827 -0.0250069 -0.0159598 0.0245982 -0.025023 -0.0202963 0.0245294 -0.0264917 -0.020872 0.0231319 -0.0266392 -0.0205766 0.0227677 -0.023016 -0.020679 0.026876 -0.018193 -0.020218 0.03036 -0.018473 -0.02063 0.030866 -0.0198966 -0.0197228 0.0288759 -0.0230696 -0.0200506 0.0264215 -0.0193274 -0.0161404 0.0292689 -0.0167457 -0.0194839 0.0308287 -0.0135747 -0.019396 0.0323646 -0.0235438 -0.0211936 0.0275107 -0.0214879 -0.020932 0.029715 -0.0276031 -0.0218991 0.0233644 -0.0298145 -0.0225233 0.0208434 -0.02896 -0.02205 0.0206481 -0.0306663 -0.0228698 0.0179441 -0.0320782 -0.0241887 0.0165491 -0.0318961 -0.0234412 0.0150414 -0.0330028 -0.0252068 0.0128073 -0.0388504 -0.0259718 0.0109033 -0.0385208 -0.0227389 0.0109478 -0.043604 -0.0265045 0.00970801 -0.0436947 -0.0272187 0.0101428 -0.03862 -0.026462 0.011419 -0.0462608 -0.0279185 0.0084714 -0.043781 -0.027383 0.0105939 -0.0468488 -0.0281551 0.00920872 -0.0452847 -0.0277998 0.0100021 -0.046807 -0.026007 0.013387 -0.053523 -0.026812 0.011867 -0.040084 -0.025139 0.014837 -0.048248 -0.02301 0.01833 -0.047542 -0.022954 0.018515 -0.047543 -0.021518 0.022164 -0.0543 -0.021785 0.020132 -0.0543 -0.019624 0.0231669 -0.040829 -0.021347 0.024408 -0.047543 -0.0198179 0.025708 -0.0543 -0.01713 0.0259899 -0.047543 -0.017857 0.029126 -0.040829 -0.019942 0.028413 -0.034062 -0.02121 0.0265959 -0.040829 -0.018321 0.03233 -0.034062 -0.020042 0.031025 -0.034062 -0.018694 0.0353939 -0.027187 -0.021064 0.028538 -0.027187 -0.020148 0.0333649 -0.0201099 -0.020266 0.0350839 -0.027187 -0.019091 0.038165 -0.034062 -0.017975 0.037493 -0.027187 -0.018528 0.040487 -0.0201099 -0.019534 0.040265 -0.0132469 -0.020373 0.035966 -0.0128814 -0.0199694 0.0412998 -0.0201099 -0.019143 0.042792 -0.0201099 -0.0188529 0.044046 -0.027187 -0.018163 0.041632 -0.012904 -0.019722 0.0441379 -0.00649094 -0.020259 0.0403179 -0.00547796 -0.019061 0.046738 -0.0126375 -0.0195273 0.0455366 -0.00547296 -0.0194499 0.0460719 -0.000235 -0.019326 0.0462069 -0.000212 -0.0193252 0.0462083 -0.000234 -0.019326 0.0462069 -0.000232 -0.019326 0.0462069 0.00190496 -0.018855 0.0469029 0.000508755 -0.0193025 0.0462572 0.00821126 -0.018324 0.0470669 0.0101292 -0.0174856 0.0367738 0.0101737 -0.0160234 0.0375246 0.00964097 -0.0156685 0.0459349 0.0101438 -0.0158847 0.0461388 0.010184 -0.015183 0.046753 0.0101355 -0.0174488 0.0470161 0.0093208 -0.0170919 0.0476939 0.00919333 -0.0158761 0.0480619 0.00983165 -0.0152824 0.0478874 0.010117 -0.015183 0.0465029 0.010184 0.011517 0.046753 0.010117 -0.000619038 0.0465029 0.0101809 -0.014865 0.0472106 0.010184 -0.000655008 0.047884 0.00968324 -0.0154301 0.046188 0.00968396 -0.015183 0.046253 0.00993395 -0.015183 0.04632 -0.00818647 0.0120172 0.0353953 -0.0151843 0.0118962 0.0458495 -0.0083192 0.0122419 0.0348624 -0.0136135 0.0120186 0.0334768 -0.0173151 0.0120184 0.0317396 -0.017892 0.012517 0.030966 -0.013692 0.016217 0.033056 -0.014029 0.016217 0.032913 -0.019775 0.016967 0.030033 -0.014108 0.016967 0.033098 -0.0201883 0.0124927 0.0295385 -0.0198114 0.0162154 0.0297834 -0.022721 0.012517 0.0276 -0.0249752 0.0164244 0.0256105 -0.0234883 0.0170057 0.0272178 -0.0230266 0.0175401 0.0283269 -0.0213553 0.0175478 0.0297785 -0.020492 0.017717 0.0311159 -0.014326 0.0175159 0.033602 -0.00811297 0.0175159 0.035644 -0.014622 0.017717 0.034291 -0.00828296 0.017717 0.036375 -0.00167495 0.017717 0.037302 0.00534922 0.0177038 0.0368724 -0.00163698 0.0175159 0.036553 0.00550817 0.0177112 0.0461573 0.00675933 0.0163339 0.0477099 0.000975378 0.0156566 0.0481594 0.00518495 0.017252 0.046969 -0.000238 0.016996 0.047231 -0.000245087 0.017717 0.0462681 0.00722261 0.0147695 0.0483964 0.00112559 0.0147492 0.0484198 0.00109297 0.00675898 0.048879 0.00902076 0.00656146 0.0488968 0.00183759 -0.000715344 0.0490769 0.00919998 -0.000683008 0.0490839 0.00964898 -0.000682008 0.049003 0.010059 -0.000673708 0.0486625 0.00963383 -0.000675699 0.049027 0.00948196 -0.00510912 0.0488748 0.001903 -0.007289 0.04867 0.00941374 -0.0111449 0.0484303 0.00225266 -0.0155301 0.0479661 -0.00537199 -0.007289 0.048466 -0.012637 -0.00728799 0.048059 -0.00551295 -0.013883 0.047938 -0.00270122 -0.0167933 0.0477596 -0.0128559 -0.013883 0.047721 -0.020111 -0.00729401 0.046735 -0.0201099 -0.0170169 0.045838 -0.0201315 -0.0155433 0.0461108 -0.027187 -0.016372 0.043286 -0.027187 -0.017383 0.042663 -0.0201099 -0.018075 0.045174 -0.034062 -0.01676 0.039449 -0.0340816 -0.0146652 0.0402914 -0.0344689 -0.013883 0.040189 -0.034188 -0.007307 0.041107 -0.040829 -0.016176 0.035929 -0.0409149 -0.00731397 0.037578 -0.0413085 -0.0138776 0.0364886 -0.047543 -0.015451 0.03221 -0.047569 -0.00732697 0.0339129 -0.0478589 -0.013883 0.032671 -0.0545459 -0.0141619 0.0284112 -0.056614 -0.013882 0.027315 -0.061316 -0.0164 0.023627 -0.061316 -0.013883 0.025112 -0.061316 -0.019429 0.02132 -0.0613159 -0.0242773 0.01585 -0.061316 -0.022054 0.018709 -0.0549569 -0.0236197 0.0168907 -0.0594169 -0.02544 0.013924 -0.059542 -0.025769 0.01333 -0.0594297 -0.0278933 0.0098922 -0.059542 -0.0257699 0.01333 -0.0595339 -0.025731 0.013403 -0.059673 -0.026184 0.01253 -0.0595338 -0.0256356 0.0135744 -0.061316 -0.027002 0.010902 -0.061316 -0.028629 0.00548094 -0.052786 -0.028292 0.00924396 -0.0522865 -0.0289471 0.00731932 -0.059406 -0.029018 0.00784194 -0.053719 -0.028996 0.00732398 -0.05372 -0.028996 0.00732398 -0.0595527 -0.0292056 0.00732866 -0.0595482 -0.0300005 0.00581621 -0.0598804 -0.0313704 0.0047291 -0.0593422 -0.0330509 0.0043618 -0.0594119 -0.0369062 0.00435504 -0.0599073 -0.0372825 0.00405182 -0.0598115 -0.0375995 0.00408712 -0.0486557 -0.0369226 0.00435103 -0.0486619 -0.037387 0.00423496 -0.0483574 -0.032703 0.00434607 -0.048475 -0.029608 0.00580298 -0.0481744 -0.0309052 0.00476812 -0.0481078 -0.0290812 0.00652529 -0.0452112 -0.0270658 0.00907061 -0.0468444 -0.0278258 0.00744164 -0.0474496 -0.0288064 0.00552161 -0.0476199 -0.0304268 0.00404622 -0.047788 -0.029853 -0.000147005 -0.0477859 -0.0328539 0.00383932 -0.0476648 -0.0333395 0.00331297 -0.047788 -0.037084 -0.000147006 -0.047665 -0.036915 0.00328194 -0.0477784 -0.0373918 0.00377156 -0.0480932 -0.0372727 0.00415119 -0.0485154 -0.0377474 0.00390594 -0.0485182 -0.0379091 -0.003742 -0.0480835 -0.0378291 -0.000147062 -0.0487917 -0.0380743 -0.000147124 -0.0485014 -0.0378985 0.00348167 -0.0592609 -0.0379229 -0.00370436 -0.059668 -0.0374184 -0.00449987 -0.0597581 -0.0377468 -0.00418538 -0.059548 -0.0380399 -0.00192979 -0.0598994 -0.0331905 0.00430538 -0.0599159 -0.029137 -0.000147005 -0.0599089 -0.0296706 0.0056605 -0.0599159 -0.02857 0.00554198 -0.0598988 -0.0269783 0.0109606 -0.0599159 -0.02857 -0.00583595 -0.061316 -0.028629 -0.00577397 -0.061316 -0.029184 -0.000147005 -0.0598772 -0.0314103 -0.00503314 -0.0598986 -0.0269783 -0.0112544 -0.0599089 -0.0296728 -0.00595129 -0.0595409 -0.0330627 -0.00465564 -0.0596974 -0.0369021 -0.00464669 -0.0485905 -0.0372435 -0.00461455 -0.048093 -0.0372725 -0.00444511 -0.0483565 -0.0326999 -0.00463986 -0.0481518 -0.0308747 -0.00505594 -0.059549 -0.0300006 -0.00610932 -0.048475 -0.0296079 -0.00609696 -0.0595532 -0.0292053 -0.00762253 -0.05372 -0.028996 -0.00761795 -0.053719 -0.028996 -0.00761795 -0.053244 -0.0289799 -0.007617 -0.052786 -0.028292 -0.00953699 -0.059406 -0.029018 -0.00813598 -0.0536272 -0.0289929 -0.00761795 -0.0594299 -0.0278904 -0.0101908 -0.053523 -0.0268119 -0.012161 -0.0594169 -0.02544 -0.014218 -0.046807 -0.026007 -0.01368 -0.054956 -0.0236182 -0.0171867 -0.048248 -0.0230099 -0.0186239 -0.0543 -0.021785 -0.020426 -0.061316 -0.0220539 -0.019003 -0.061316 -0.019429 -0.021614 -0.0543 -0.019624 -0.02346 -0.047543 -0.021518 -0.022458 -0.040829 -0.021347 -0.024702 -0.047543 -0.0198179 -0.026002 -0.047542 -0.022954 -0.018809 -0.040084 -0.025139 -0.015131 -0.0409088 -0.0225696 -0.0205341 -0.0388409 -0.026521 -0.01265 -0.0336513 -0.0257522 -0.0137028 -0.0319145 -0.0238 -0.0178692 -0.034063 -0.0221969 -0.0224079 -0.0293545 -0.0224183 -0.0214401 -0.0308935 -0.0232445 -0.0191705 -0.0301602 -0.0222611 -0.0187024 -0.0329859 -0.0246653 -0.0128811 -0.0328253 -0.0227425 -0.0126374 -0.03149 -0.019914 -0.01567 -0.031813 -0.021885 -0.014996 -0.031691 -0.019707 -0.015425 -0.031485 -0.019897 -0.015679 -0.031485 -0.019896 -0.01568 -0.0314555 -0.0197905 -0.01574 -0.031334 -0.0193249 -0.015984 -0.0305763 -0.0214853 -0.0174498 -0.0317263 -0.0231987 -0.0156399 -0.0271705 -0.0212064 -0.0228047 -0.023016 -0.020679 -0.027169 -0.0251581 -0.0202482 -0.0246904 -0.0235437 -0.0211935 -0.0278048 -0.018473 -0.02063 -0.03116 -0.0214879 -0.0209319 -0.030008 -0.027603 -0.0218991 -0.0236589 -0.027187 -0.021064 -0.028831 -0.027187 -0.020148 -0.033659 -0.034062 -0.020042 -0.031319 -0.034062 -0.0212099 -0.026889 -0.040829 -0.019942 -0.028706 -0.034854 -0.022236 -0.022207 -0.047543 -0.0178569 -0.029419 -0.040829 -0.018321 -0.0326239 -0.047543 -0.0154509 -0.0325029 -0.040829 -0.016176 -0.036223 -0.034062 -0.018694 -0.035688 -0.034062 -0.017975 -0.0377859 -0.027187 -0.0190909 -0.038459 -0.0201099 -0.020266 -0.035378 -0.027187 -0.018528 -0.040781 -0.0201099 -0.019534 -0.040558 -0.0201099 -0.019143 -0.043086 -0.0132469 -0.020373 -0.036259 -0.0128814 -0.0199694 -0.0415935 -0.00753748 -0.020527 -0.035743 -0.00649094 -0.020259 -0.040612 -0.00680995 -0.019469 -0.046312 0.000631 -0.02013 -0.040961 0.000395858 -0.0203524 -0.0369627 -0.012904 -0.019722 -0.044431 -0.0201099 -0.0188529 -0.044339 -0.0128559 -0.01873 -0.046984 -0.0126513 -0.0194833 -0.0459276 -0.0201099 -0.018075 -0.045468 -0.0201099 -0.0170169 -0.046132 -0.027187 -0.017383 -0.0429569 -0.027187 -0.016372 -0.043579 -0.027187 -0.015255 -0.043831 -0.027188 -0.0138839 -0.044003 -0.027569 -0.0138839 -0.043837 -0.0340816 -0.0146652 -0.0405843 -0.0344689 -0.013883 -0.040483 -0.034188 -0.00730699 -0.041401 -0.0409149 -0.00731396 -0.0378719 -0.0273049 -0.00730096 -0.044611 -0.0404426 -0.00068572 -0.0385937 -0.034063 0.00324596 -0.041681 -0.027182 0.00331295 -0.044836 -0.019994 0.00336296 -0.047184 -0.0271637 -0.00077337 -0.045067 -0.020111 -0.00729399 -0.047029 -0.012637 -0.00728797 -0.0483529 -0.0201313 -0.0155461 -0.0464046 -0.019859 -0.000682992 -0.047395 -0.0126396 -0.000233644 -0.0486058 -0.00537199 -0.00728898 -0.048759 -0.00540673 -0.000647711 -0.0491314 -0.00577998 0.006791 -0.0488819 0.00109297 0.00675899 -0.049173 -0.01263 0.00681699 -0.048253 -0.005934 0.014295 -0.048288 0.00102395 0.014145 -0.048754 -0.00408196 0.015291 -0.048301 -0.00593799 0.014295 -0.048288 -0.000260469 0.0156645 -0.0484105 0.00518495 0.017252 -0.0472619 -0.00643098 0.016721 -0.047312 -0.000238 0.016996 -0.047525 0.00039571 0.0155034 -0.0485425 0.0061691 0.0160651 -0.0482306 0.00847893 0.0148984 -0.0482733 0.00788113 0.0142235 -0.0487258 0.00975677 0.0134632 -0.0485898 0.00950849 0.0128135 -0.0488182 0.0101784 0.013283 -0.0480569 0.0101843 0.0132858 -0.0477698 0.00991591 0.00547315 -0.0489599 0.00919998 -0.000682992 -0.049378 0.00985006 -0.000679328 -0.0491938 0.00952299 0.0027903 -0.0492845 0.0018121 -0.00071314 -0.0493706 0.00896057 0.00661779 -0.0491886 0.001903 -0.00728898 -0.048964 0.00939661 -0.0110051 -0.0487364 0.0094819 -0.00512404 -0.0491675 0.00994908 -0.00477253 -0.048885 0.0101333 -0.00626119 -0.0484053 0.00997895 -0.000675992 -0.049051 0.010157 -0.000665992 -0.0486259 0.010184 -0.000654992 -0.048178 0.0101262 -0.000666623 -0.0487757 0.00968397 -0.015183 -0.046547 -0.013649 -0.015183 -0.046547 0.00968396 0.011517 -0.046547 -0.0152708 -0.0156826 -0.0459322 0.00967725 -0.0156166 -0.0462966 -0.0136656 -0.0155539 -0.0464055 -0.0152813 -0.0153404 -0.046279 -0.015234 -0.00852894 -0.046289 -0.022037 -0.00844794 -0.044556 -0.028704 -0.00840294 -0.041496 -0.022625 -0.00142097 -0.045041 -0.0175449 -0.0151828 -0.0454531 -0.0210662 -0.0151962 -0.0439115 -0.0194782 -0.0154087 -0.0446276 -0.0238351 -0.0152058 -0.0424914 -0.0301617 -0.015683 -0.0377416 -0.0292187 -0.0151954 -0.0389572 -0.0329499 -0.0151801 -0.0357765 -0.0381653 -0.0151827 -0.0300872 -0.034547 -0.00839394 -0.03663 -0.038825 -0.00841194 -0.030303 -0.0424136 -0.0153601 -0.0236495 -0.0438358 -0.0153918 -0.0208734 -0.0448534 -0.015313 -0.018599 -0.0454558 -0.0157949 -0.0160492 -0.0453186 -0.0156807 -0.016538 -0.0419476 -0.0156822 -0.0237947 -0.0454587 -0.016171 -0.0156474 -0.043799 -0.021575 -0.012273 -0.0497548 -0.0188843 -0.0145015 -0.0321475 -0.0194193 -0.0152551 -0.0313769 -0.0161139 -0.0164418 -0.0313403 -0.015683 -0.0172669 -0.0292279 -0.0159406 -0.0196606 -0.0311125 -0.0158006 -0.0168106 -0.0309473 -0.0161153 -0.0167622 -0.0301885 -0.021119 -0.0180845 -0.030244 -0.021133 -0.017989 -0.030266 -0.0211385 -0.0179525 -0.030256 -0.021136 -0.017969 -0.030256 -0.021136 -0.01797 -0.030255 -0.0211357 -0.0179715 -0.0265641 -0.0159157 -0.0231676 -0.0294009 -0.0209668 -0.0193567 -0.0276958 -0.0159119 -0.0217894 -0.02466 -0.0159087 -0.0252409 -0.0251016 -0.0156832 -0.0255984 -0.0214077 -0.0160527 -0.0280675 -0.0233158 -0.020117 -0.026501 -0.0204709 -0.0197814 -0.0287802 -0.0195742 -0.0160318 -0.0293841 -0.017403 -0.0161618 -0.0307478 -0.018193 -0.0202179 -0.030654 -0.0167317 -0.0194836 -0.0311305 -0.0135769 -0.0193974 -0.0326579 -0.00960886 -0.0193511 -0.0340742 -0.00676906 -0.0193006 -0.0347479 -0.00646249 -0.0199821 -0.0351091 -0.0128519 -0.0200109 -0.033309 0.000255 -0.020226 -0.036294 0.000231 -0.0198319 -0.03576 -0.00341024 -0.0193005 -0.0352495 0.000183623 -0.0191851 -0.0354407 0.0001952 -0.0162039 -0.0354588 0.003205 -0.0159018 -0.0353367 0.00731532 -0.0185117 -0.034784 0.00347462 -0.019273 -0.0353337 0.00630124 -0.0196942 -0.0360002 0.0101826 -0.0172386 -0.0377999 0.0101726 -0.0160218 -0.0378222 0.00976366 -0.0160016 -0.03631 0.00979672 -0.0156849 -0.037047 0.00864512 -0.0158262 -0.0352381 0.00711469 -0.0156861 -0.0351572 0.00968319 -0.0154301 -0.0464819 0.000482817 -0.0156831 -0.035941 -0.00897357 -0.016064 -0.0342492 -0.0119079 -0.01605 -0.0333028 -0.00791578 -0.0156836 -0.0349636 -0.0135103 -0.0156846 -0.033078 -0.0184287 -0.0156844 -0.0305941 -0.0165914 -0.0159252 -0.0313078 -0.0140896 -0.016191 -0.0324303 -0.00541099 -0.0160473 -0.0350127 -0.00255363 -0.0160229 -0.0353438 0.000186784 -0.0158179 -0.0355928 0.00993395 -0.015183 -0.046614 0.0101314 -0.015835 -0.0464525 0.0101747 -0.016017 -0.046145 0.010184 -0.0171749 -0.046798 0.0100854 -0.0174814 -0.0472295 0.00777153 -0.0183422 -0.0473726 0.00994609 -0.017513 -0.0474626 0.00932151 -0.0170932 -0.0479865 0.00153336 -0.0180076 -0.0477652 0.00919393 -0.0159289 -0.0483424 0.00207607 -0.0163897 -0.0481808 -0.0128556 -0.0138739 -0.0480156 -0.00566119 -0.0168123 -0.0479928 -0.0128302 -0.0168456 -0.0478538 -0.0127766 -0.0178101 -0.0476206 -0.00568822 -0.0182776 -0.0475927 0.00190496 -0.018855 -0.047197 0.00773742 -0.0188735 -0.0465332 0.00633742 -0.0196637 -0.0409563 0.000336494 -0.0193168 -0.0465267 -0.00547796 -0.019061 -0.047031 0.00983238 -0.0152805 -0.048181 0.010185 -0.0164574 -0.0473075 0.010117 -0.015183 -0.046797 0.00993395 0.011517 -0.046614 0.00715658 -0.0160171 -0.0348203 0.00849407 -0.0183153 -0.0351219 0.00919097 -0.0180351 -0.0356012 0.00994621 -0.0175984 -0.0366589 -0.0131039 -0.0204923 -0.0339954 -0.0190249 -0.0207341 -0.0316597 -0.0386568 -0.0223428 -0.0114494 -0.0433664 -0.0223766 -0.0104948 -0.0456553 -0.0224229 -0.00962571 -0.0454336 -0.0230598 -0.00917089 -0.0436702 -0.0229872 -0.0099661 -0.0467771 -0.0227774 -0.00777986 -0.0468109 -0.0278791 -0.0078084 -0.0451746 -0.0272686 -0.00940632 -0.0438683 -0.0273777 -0.0105731 -0.0437029 -0.0269017 -0.010102 -0.0464701 -0.0280682 -0.00967151 -0.0442019 -0.02736 -0.0112761 -0.03862 -0.0264619 -0.011713 -0.03871 -0.0266139 -0.012179 -0.0334455 -0.0247351 -0.0125108 -0.0386335 -0.0256269 -0.0112295 -0.0436979 -0.026398 -0.009969 -0.0384889 -0.0229246 -0.0112401 -0.0332505 -0.0252759 -0.0127455 -0.0332982 -0.0256049 -0.0131046 -0.0324787 -0.0245548 -0.0161565 -0.0481199 -0.0290825 -0.00683886 -0.0476199 -0.0304268 -0.00433937 -0.0474497 -0.0288072 -0.00581495 -0.0476626 -0.0327697 -0.00395132 -0.0485142 -0.0377475 -0.00419923 -0.0476949 -0.0372957 -0.00392707 -0.0498209 -0.021303 -0.012113 -0.0559714 -0.0210489 -0.0119154 -0.055842 -0.018749 -0.0142125 -0.0562854 -0.0172749 -0.0147753 -0.0534561 -0.0155893 -0.0151796 -0.0465631 -0.015512 -0.0155582 -0.0463374 -0.013883 -0.0153975 -0.0459741 -0.0138526 -0.0156828 -0.0459777 -0.0152892 -0.0157668 -0.0467463 -0.013866 -0.0152874 -0.0469138 -0.011356 -0.0140234 -0.051285 -0.013883 -0.015049 -0.0559707 -0.0154485 -0.0150475 -0.0559745 -0.0126092 -0.0142659 -0.0340888 -0.0220486 -0.0125181 -0.0388417 -0.0156803 -0.0288419 -0.035508 -0.00152396 -0.037134 -0.029782 -0.00146698 -0.0422169 -0.03518 0.00533796 -0.036888 -0.03264 0.012017 -0.0353759 -0.0294819 0.00544596 -0.042147 -0.0378335 0.012014 -0.0297106 -0.0383222 0.0117882 -0.0290434 -0.0290299 0.0118283 -0.021808 -0.0280789 0.0122679 -0.0224249 -0.029021 0.016666 -0.021154 -0.025519 0.012517 -0.02532 -0.0233931 0.0122483 -0.0273632 -0.0249364 0.0165254 -0.0259407 -0.0198113 0.0162154 -0.0300775 -0.0202234 0.0123885 -0.0298146 -0.019775 0.016967 -0.030327 -0.014326 0.017516 -0.033896 -0.020078 0.017516 -0.030785 -0.0138598 0.0162139 -0.0332923 -0.014108 0.016967 -0.033391 -0.00811297 0.017516 -0.035938 -0.00798899 0.016967 -0.0354029 -0.00163698 0.017516 -0.036847 -0.00160998 0.016967 -0.036299 -0.00745956 0.0162106 -0.0353502 -0.00159997 0.016217 -0.036098 -0.00587042 0.0125229 -0.0356467 -0.00844014 0.0122378 -0.0351253 -0.0081827 0.0120173 -0.0356902 0.000430395 0.0123671 -0.0361593 -0.00216107 0.0125288 -0.0360777 0.000212 0.016217 -0.036143 0.003814 0.012539 -0.0359786 0.00781139 0.0148752 -0.035664 0.00738045 0.0141995 -0.0354679 0.00497093 0.0163045 -0.035837 0.00818575 0.0154987 -0.0364236 -0.00167495 0.017717 -0.037596 0.00528639 0.0177105 -0.037313 0.00592456 0.0173922 -0.0461541 0.0100363 0.0139753 -0.0386067 0.00718639 0.0163918 -0.0470297 0.00961596 0.014467 -0.04729 0.00696885 0.0163383 -0.0477627 0.0100294 0.0139562 -0.0476805 0.0101764 0.0134333 -0.0384793 0.0101592 0.0123223 -0.0465044 0.00968397 0.011767 -0.04648 0.00983574 0.0120183 -0.0460472 0.00978787 0.0120181 -0.038406 0.0101771 0.0123824 -0.0385172 0.00867316 0.0123461 -0.0359287 0.00710904 0.012354 -0.0355124 0.00779502 0.0120181 -0.0358574 0.00971228 0.0121515 -0.0370183 0.00304132 0.0120255 -0.0362995 -0.00230872 0.0120205 -0.0363481 0.010184 0.011517 -0.0470469 0.0101073 0.0118473 -0.0467775 -0.013649 0.011517 -0.046547 -0.013649 0.011767 -0.04648 -0.015234 0.011517 -0.046289 -0.015234 0.00557399 -0.046289 -0.021851 0.00892699 -0.044626 -0.022436 0.00556797 -0.045093 -0.020823 0.012017 -0.043476 -0.0267349 0.012017 -0.04007 -0.015075 0.012017 -0.045815 -0.0263886 0.0122323 -0.0244619 -0.0286397 0.0120168 -0.0225829 -0.0227123 0.0120173 -0.0285249 -0.0173147 0.0120184 -0.0320337 -0.0171728 0.0122698 -0.0318139 -0.0130627 0.0120252 -0.0338891 -0.0127144 0.01263 -0.0337808 -0.0172133 0.0125932 -0.0316502 -0.013649 0.012017 -0.046047 -0.015212 0.011767 -0.0462249 -0.015154 0.01195 -0.046052 -0.013649 0.01195 -0.0462969 0.00968397 0.01195 -0.0462969 -0.015234 -0.00753295 -0.046289 0.00985104 0.0136927 -0.0371425 0.00905239 0.0143981 -0.036215 0.00966951 0.0144236 -0.0377884 0.005626 0.0176044 -0.0369541 -0.00828296 0.017717 -0.036668 0.00523208 0.0177158 -0.0465252 -0.00024457 0.017717 -0.0465621 -0.0068335 0.0177168 -0.045988 -0.014622 0.017717 -0.034584 -0.020492 0.017717 -0.03141 -0.0223369 0.0175718 -0.0292283 -0.0248163 0.0179488 -0.0270515 -0.0235331 0.0173903 -0.0277085 -0.0287303 0.0180363 -0.0228419 -0.0286519 0.0174214 -0.0219848 -0.0288009 0.0193698 -0.0215634 -0.0289227 0.0194555 -0.0227951 -0.0451476 0.0194656 -0.0186209 -0.0356561 0.019463 -0.0200626 -0.0377846 0.0194627 -0.0155973 -0.0385996 0.0194591 -0.0133711 -0.037245 0.012916 -0.0168149 -0.0355476 0.0126274 -0.0201772 -0.037123 0.0124159 -0.016761 -0.0385758 0.0126006 -0.0133908 -0.0385607 0.0121421 -0.0116839 -0.0388627 0.0128857 -0.0115892 -0.0388854 0.0194598 -0.01203 -0.038714 0.012916 -0.010577 -0.0385854 0.0194658 -0.00941793 -0.0387104 0.0193665 -0.0105482 -0.038159 0.0193454 -0.00916378 -0.0382579 0.012916 -0.00939399 -0.0373035 0.0193214 -0.00814577 -0.0362303 0.0194438 -0.00732092 -0.037302 0.012916 -0.00814497 -0.0378629 0.0120132 -0.00956101 -0.036735 0.0124159 -0.007846 -0.0346908 0.0121816 -0.0071263 -0.032423 0.0118957 -0.00794003 -0.0347156 0.0119277 -0.0126717 -0.0379371 0.0119159 -0.0121993 -0.0367882 0.0119439 -0.0161898 -0.0355813 0.0119401 -0.0143488 -0.0344895 0.0119836 -0.0206953 -0.0326436 0.0123687 -0.0208291 -0.0327203 0.0192766 -0.0208816 -0.0347163 0.0126772 -0.0209694 -0.0347822 0.0194464 -0.0209581 -0.0346966 0.0126189 -0.0146142 -0.0322715 0.012902 -0.0194265 -0.0347556 0.012835 -0.0138481 -0.0347151 0.0123882 -0.0133731 -0.0336812 0.0129281 -0.0131958 -0.033092 0.0121807 -0.0131133 -0.0332039 0.016091 -0.0135339 -0.0312427 0.0126439 -0.0176523 -0.029912 0.012916 -0.0198539 -0.0295876 0.0121995 -0.0199237 -0.0310019 0.0194654 -0.0184766 -0.0334645 0.019447 -0.0172695 -0.0321351 0.0194583 -0.0197051 -0.0336373 0.019468 -0.0131928 -0.0348044 0.0194398 -0.0144331 -0.0344536 0.0194381 -0.0134456 -0.0332832 0.0129289 -0.0133794 -0.0332039 0.017679 -0.0135339 -0.033316 0.019361 -0.0133343 -0.0324567 0.0192909 -0.0152757 -0.0323365 0.0194622 -0.0206207 -0.0321285 0.01289 -0.0201959 -0.0325572 0.0119643 -0.0201603 -0.0313601 0.0193615 -0.0174962 -0.0299201 0.0193124 -0.0198445 -0.0293459 0.0108564 -0.0169399 -0.0307403 0.0119084 -0.0131566 -0.030293 0.0109995 -0.0141557 -0.029662 0.0104514 -0.0193233 -0.0316441 0.0109853 -0.0107986 -0.0324237 0.0109729 -0.00799555 -0.0324901 0.0119161 -0.0127408 -0.03092 0.01205 -0.017203 -0.0292831 0.0118462 -0.0171868 -0.0289526 0.0120473 -0.0212595 -0.038117 0.01205 -0.0132249 -0.0364277 0.0119251 -0.00830615 -0.046181 0.018666 -0.0118109 -0.0463581 0.0193892 -0.0139007 -0.0454221 0.0184127 -0.00592172 -0.0446716 0.0194658 -0.00239844 -0.0448717 0.0193232 -0.00354203 -0.0453714 0.0194628 -0.00863251 -0.0457562 0.0186836 -0.0174409 -0.0431711 0.0194654 -0.0228173 -0.0423199 0.0186844 -0.0247123 -0.0409982 0.0194638 -0.0261706 -0.0364224 0.0194506 -0.0275729 -0.0331554 0.018441 -0.0265442 -0.0342548 0.0194649 -0.0269339 -0.0292559 0.018789 -0.023262 -0.032726 0.018166 -0.027145 -0.0361631 0.0181662 -0.0287418 -0.0238818 0.018166 -0.029697 -0.0249374 0.0181644 -0.0279312 -0.0233743 0.0180564 -0.0297797 -0.0391301 0.0181661 -0.0319587 -0.0253851 0.0181662 -0.0391507 -0.0239757 0.0181654 -0.0371925 -0.0237589 0.017717 -0.039987 -0.023726 0.017717 -0.041821 -0.024244 0.016582 -0.043063 -0.0222149 0.017717 -0.0372591 -0.0127415 0.0163985 -0.0466525 -0.0188502 0.0164905 -0.0451181 -0.0180944 0.0177177 -0.0438687 -0.0125777 0.0171652 -0.0460044 -0.012593 0.0164105 -0.046672 -0.012676 0.01551 -0.047121 -0.0114412 0.0146892 -0.0475404 -0.0098367 0.0148321 -0.0477667 -0.00635499 0.015134 -0.0481277 -0.012355 0.01453 -0.0474 -0.012356 0.01453 -0.047399 -0.0126229 0.0145 -0.047354 -0.012612 0.014501 -0.0473559 -0.012714 0.014579 -0.047328 -0.0127984 0.0145617 -0.0473145 -0.012743 0.014485 -0.047333 -0.012751 0.014484 -0.047332 -0.012749 0.014484 -0.047332 -0.0126989 0.0144899 -0.047341 -0.012776 0.01448 -0.047327 -0.012502 0.014514 -0.047375 -0.012597 0.014503 -0.047358 -0.012851 0.014468 -0.047314 -0.012866 0.014567 -0.047301 -0.016807 0.014694 -0.046401 -0.012643 0.00727195 -0.048216 -0.020115 0.00729699 -0.046772 -0.027313 0.00729401 -0.044305 -0.020316 0.0147257 -0.0453641 -0.024529 0.014916 -0.0437469 -0.027495 0.0147825 -0.0424655 -0.0277167 0.0165276 -0.0415607 -0.0335792 0.0166734 -0.0384949 -0.033872 0.0151493 -0.0391737 -0.041118 0.011336 -0.036611 -0.034329 0.011305 -0.040196 -0.034219 0.00725997 -0.0410989 -0.040978 0.007226 -0.037591 -0.047449 0.00315595 -0.034579 -0.040791 0.00318397 -0.0382 -0.047642 0.00724 -0.033906 -0.047268 -0.000682994 -0.034903 -0.047569 -0.00732695 -0.034207 -0.0478589 -0.013883 -0.032965 -0.0540954 -0.00068303 -0.0314299 -0.0413298 -0.0138764 -0.0367705 -0.0545458 -0.014162 -0.0287052 -0.056614 -0.013882 -0.027609 -0.061316 -0.0164 -0.023921 -0.0543 -0.0171299 -0.026284 -0.061316 -0.013883 -0.025406 -0.0410705 0.0152048 -0.0352184 -0.0442581 0.0167682 -0.032464 -0.0431358 0.0177963 -0.0315262 -0.0343079 0.017777 -0.036511 -0.027271 0.017762 -0.0401339 -0.0257538 0.0179636 -0.0403187 -0.0252973 0.0177166 -0.0411384 -0.012826 0.015502 -0.0470959 -0.0128649 0.014567 -0.0473019 -0.012433 0.014522 -0.047386 -0.012393 0.0145259 -0.047393 -0.012371 0.014529 -0.0473969 -0.01236 0.01453 -0.047399 -0.0126189 0.0145 -0.047355 -0.012622 0.0145 -0.047354 -0.0433947 0.018166 -0.0247451 -0.042666 0.0183 -0.024876 -0.0404353 0.0181877 -0.0273848 -0.040103 0.018666 -0.02694 -0.0440863 0.0186866 -0.021376 -0.0386248 0.0194069 -0.0274276 -0.0370081 0.0185114 -0.0278359 -0.0349746 0.0184566 -0.0275252 -0.0288813 0.0181757 -0.0236723 0.0052236 0.0169759 -0.0360335 -0.036047 -0.0155713 -0.0324729 -0.0315143 -0.0155461 -0.0369296 -0.0270141 -0.0151817 -0.0404853 -0.0271989 -0.0155658 -0.040229 -0.0235914 -0.0156095 -0.04236 -0.0193696 -0.0156569 -0.0443668 -0.0216364 -0.015683 -0.0431105 0.00964898 -0.000681992 -0.049297 -0.034062 -0.01676 -0.0397429 -0.027187 -0.018163 -0.041926 -0.0314851 -0.0198971 -0.0156789 -0.0613159 -0.0242765 -0.0161448 -0.061316 -0.027002 -0.011196 -0.059673 -0.026184 -0.012823 -0.059542 -0.0257699 -0.013624 -0.0595339 -0.025731 -0.013696 -0.059542 -0.0257699 -0.013623 -0.059542 -0.025769 -0.013624 -0.05954 -0.025762 -0.0136369 -0.0595338 -0.0256356 -0.0138676 -0.059916 -0.0374798 -0.00402469 -0.0599145 -0.0331488 -0.0042826 -0.0594243 -0.037863 0.00372644 -0.0596934 -0.0380747 0.000778469 -0.0474882 -0.0224974 0.00558297 -0.0467776 -0.0227772 0.00748555 -0.0454334 -0.0230612 0.00887714 -0.0436708 -0.0229845 0.00967297 -0.0359957 -0.0219983 0.0121125 -0.033305 -0.0221108 0.0123901 -0.0321008 -0.0194074 0.0149896 -0.0328832 -0.0226247 0.0123388 -0.031691 -0.019707 0.0151319 -0.031485 -0.019897 0.015385 -0.031813 -0.021885 0.014703 -0.0314555 -0.0197905 0.015446 -0.031485 -0.019896 0.015386 -0.0309173 -0.0219853 0.0165407 -0.031485 -0.019897 0.015385 -0.0301653 -0.0217567 0.0179577 -0.031334 -0.019325 0.01569 -0.0295659 -0.0209988 0.0188469 -0.030266 -0.0211385 0.0176585 -0.030256 -0.021136 0.017676 -0.0302495 -0.0211344 0.0176862 -0.030223 -0.021127 0.017733 -0.030256 -0.021136 0.017675 -0.0272408 -0.016039 0.022048 -0.0258441 -0.0156846 0.0243629 -0.030957 -0.0160794 0.0164367 -0.0288114 -0.0213484 0.0200812 -0.0433639 -0.0223768 0.0102015 -0.0456552 -0.0224229 0.00933284 -0.0474262 -0.0223496 0.00827334 -0.0498209 -0.022212 0.00855797 -0.0559852 -0.0218923 0.00850505 -0.0482366 -0.0216436 0.00480424 -0.0559751 -0.0216844 0.0100761 -0.0560802 -0.0210494 0.0116036 -0.0563138 -0.021643 0.00847897 -0.0559858 -0.0216874 0.00691035 -0.055842 -0.0210815 0.00538498 -0.0563131 -0.0205826 0.00507141 -0.0559888 -0.0200386 0.00403722 -0.0525323 -0.0202568 0.00397562 -0.0525963 -0.0184759 0.00262954 -0.0525264 -0.0156875 0.0019946 -0.0560699 -0.0187747 0.00306709 -0.0561067 -0.0168916 0.00234241 -0.055971 -0.0139755 0.00242423 -0.0525317 -0.0139219 0.00224317 -0.0546608 -0.0157185 0.00212083 -0.052316 -0.0149013 0.00147281 -0.0476173 -0.0221474 0.00628031 -0.05954 -0.025762 0.013344 -0.0540955 -0.000683042 0.0311368 -0.047268 -0.000683006 0.034609 -0.047449 0.00315594 0.0342849 -0.040791 0.00318395 0.037907 -0.047642 0.00723999 0.0336119 -0.040978 0.00722598 0.037297 -0.0404854 -0.000685137 0.0382775 -0.033882 -0.000683007 0.04169 -0.0273049 -0.00730098 0.0443169 -0.0269892 -0.000684689 0.0448324 -0.019859 -0.000683008 0.047101 -0.00540678 -0.000647668 0.0488373 -0.012638 -0.000233432 0.048312 -0.0272756 -0.0148481 0.043573 -0.012795 -0.01881 0.0466449 -0.0127767 -0.0178103 0.0473265 -0.00568276 -0.0182787 0.047298 0.00153248 -0.0180078 0.047471 -0.0128306 -0.0168395 0.0475609 0.0101337 -0.00629746 0.0481095 0.00994889 -0.00475875 0.0485927 0.00997895 -0.000676008 0.0487569 0.010157 -0.000666008 0.048332 0.00992045 0.00409135 0.0487073 0.0101165 0.00446846 0.048334 0.010117 0.011517 0.0465029 0.00968398 0.011517 0.046253 0.00968397 0.011767 0.046186 0.00993395 0.011517 0.04632 -0.0136455 0.0119545 0.045997 -0.000177719 0.0120169 0.0364234 0.00299419 0.0120816 0.0360293 0.0071937 0.0120169 0.0357331 0.00374014 0.0123625 0.0356984 0.00708378 0.0122175 0.0352375 0.00862429 0.0120993 0.0356671 0.00968397 0.0120169 0.0382219 0.0101725 0.0135113 0.0382114 0.0101855 0.0132427 0.0476263 0.010158 0.0122387 0.0382581 0.00959052 0.0144871 0.0469891 0.0100198 0.0139474 0.0476973 0.0100977 0.0134422 0.0479125 0.0101291 0.0122112 0.0461272 0.00968024 0.0120162 0.0458685 0.00950489 0.0127016 0.0485286 0.00989706 0.0142257 0.0373792 0.00633049 0.017064 0.0366029 0.00526726 0.0169811 0.0357426 0.00743786 0.0148223 0.0352078 0.0049685 0.0163032 0.0355431 -0.00160998 0.016967 0.036005 -0.0074651 0.0162106 0.0350556 -0.00798899 0.016967 0.035109 -0.00159997 0.016217 0.035804 0.000212 0.016217 0.03585 -0.0021929 0.0125278 0.0357821 0.00041846 0.0123658 0.0358661 -0.00454541 0.0123752 0.0355383 -0.00195743 0.012084 0.0360471 -0.0113995 0.0122735 0.0339531 -0.0171702 0.0122699 0.0315209 -0.0151228 0.0125718 0.0324365 0.00971287 0.0121512 0.0367259 0.00893192 0.0145274 0.0358353 0.00983478 0.0134586 0.0482622 -0.0238766 0.0181659 0.029943 -0.0233742 0.0180726 0.0295318 -0.0361638 0.0181662 0.0284486 -0.0421665 0.018166 0.0298507 -0.033497 0.018166 0.0347 -0.032726 0.018166 0.026851 -0.0241539 0.018166 0.028955 -0.02487 0.0180719 0.027096 -0.025706 0.018166 0.026951 -0.025281 0.018166 0.027419 -0.025187 0.0179649 0.026409 -0.0287752 0.0181702 0.023304 -0.0286162 0.0177599 0.0221365 -0.029187 0.0187263 0.0229393 -0.0331555 0.0184409 0.0262504 -0.0349748 0.0184564 0.0272326 -0.0370082 0.0185105 0.0275433 -0.0355914 0.0194205 0.0271476 -0.0381497 0.0194503 0.0272668 -0.0401538 0.0194645 0.0263897 -0.0455599 0.0194651 0.0173826 -0.0418105 0.0193565 0.0250933 -0.0318684 0.0194656 0.01964 -0.0354066 0.0194659 0.0205495 -0.0342255 0.0194655 0.0265774 -0.0288086 0.0194387 0.0212691 -0.0288845 0.0194654 0.0222728 -0.0288894 0.0167634 0.0210348 -0.0334722 0.0192895 0.0261325 -0.0293957 0.0193882 0.0229409 -0.0244166 0.0174124 0.0264356 -0.0252031 0.0125294 0.0253751 -0.0265612 0.012264 0.0239527 -0.0287053 0.0122602 0.0213117 -0.0296475 0.0127519 0.0200101 -0.0292631 0.0118229 0.0168383 -0.0296078 0.011929 0.0189289 -0.0295722 0.0119044 0.0154666 -0.0305544 0.0119504 0.0172487 -0.0327839 0.0119457 0.0126194 -0.0313577 0.011916 0.0116671 -0.0306305 0.0118152 0.0130388 -0.0295672 0.0108746 0.0159692 -0.0296326 0.0105352 0.0180768 -0.0296215 0.0104685 0.0196853 -0.0296957 0.0105596 0.0202836 -0.0332037 0.0117808 0.0247148 -0.0391854 0.0105463 0.0276236 -0.038328 0.011791 0.02876 -0.0306061 0.010317 0.0197437 -0.029036 0.0118267 0.0214585 -0.028615 0.0120168 0.0222681 -0.0245256 0.0120187 0.0264062 -0.0201334 0.0120257 0.0298802 -0.0325046 0.0105825 0.0117644 -0.032126 0.0108592 0.00985472 -0.0323893 0.010973 0.00787006 -0.0315695 0.0110815 0.0106506 -0.0299578 0.0111739 0.0145202 -0.0316708 0.011777 0.0102734 -0.0340992 0.0119238 0.0121591 -0.0324273 0.0119153 0.0083036 -0.0323893 0.0118569 0.00745409 -0.0322107 0.0110843 0.00687791 -0.0300346 0.0123841 0.00564851 -0.0311784 0.0113985 0.00557482 -0.0298696 0.0118758 0.00339284 -0.034355 0.010752 0.00459194 -0.031063 0.011791 0.00329799 -0.0300662 0.0120206 0.00237366 -0.048316 0.012017 0.00237596 -0.0361509 0.011791 0.00329801 -0.0357879 0.0105408 0.00476556 -0.048316 0.0105418 0.00472655 -0.036011 0.010317 0.00564796 -0.048316 0.016666 0.006266 -0.0484428 0.0166591 0.00673947 -0.0483931 0.0103161 0.00671364 -0.048115 0.017416 0.006266 -0.048316 0.011791 0.00329799 -0.048316 0.012017 -0.00266897 -0.048316 0.0117916 -0.00359054 -0.048115 0.017416 -0.00655996 -0.0483272 0.0166518 -0.00687199 -0.047566 0.017965 -0.00655996 -0.047566 0.0179649 0.006266 -0.0489994 0.0166784 0.00726971 -0.0481 0.0179381 -0.00782016 -0.0341149 0.010582 0.00541896 -0.0297016 0.0123352 0.00263652 -0.0298264 0.0122731 -0.000147 -0.029712 0.0122391 -0.00282961 -0.0298181 0.0176214 -0.000147 -0.029712 0.017614 0.00238276 -0.0293972 0.0179337 0.005227 -0.0293558 0.0120265 0.0052224 -0.0296108 0.0176188 0.00556599 -0.0347889 0.0177091 0.00655256 -0.0347196 0.0123929 0.00657492 -0.0314488 0.0124001 0.00595562 -0.0370543 0.0128642 0.00758189 -0.0388836 0.0128294 0.010997 -0.0382368 0.0124313 0.00910597 -0.0386664 0.0193651 0.0100492 -0.0390776 0.0194654 0.0124515 -0.0385897 0.0193145 0.013095 -0.0379669 0.0193247 0.0148155 -0.0385758 0.0126012 0.0130978 -0.0372334 0.0126152 0.0165298 -0.0378893 0.0120527 0.0137455 -0.035131 0.01205 0.019626 -0.037913 0.0119158 0.0124463 -0.0385606 0.012142 0.0113905 -0.0364578 0.0119387 0.00778545 -0.0337631 0.0126514 0.0128938 -0.0352444 0.0121254 0.0138222 -0.0321368 0.0128538 0.0194066 -0.0325938 0.0119659 0.0198406 -0.0359219 0.011917 0.013855 -0.0344597 0.0119397 0.0200693 -0.0339512 0.0123679 0.0208553 -0.034847 0.0126411 0.0206023 -0.0355476 0.0126274 0.0198831 -0.0324635 0.012899 0.0204715 -0.032509 0.0193535 0.0205029 -0.0321186 0.0193709 0.0194896 -0.0332728 0.0193264 0.0173468 -0.0302213 0.0194639 0.0192923 -0.0301278 0.0193208 0.0192527 -0.0317121 0.019333 0.016504 -0.0332039 0.016091 0.01324 -0.0332102 0.0192544 0.013283 -0.0323393 0.0194646 0.0155996 -0.0348074 0.0194613 0.0137611 -0.0348001 0.0126388 0.0140764 -0.0344568 0.0129768 0.0131536 -0.0341679 0.019334 0.0155117 -0.0340136 0.0193918 0.012902 -0.0332612 0.0126215 0.0130933 -0.0312557 0.012616 0.0173319 -0.033349 0.0193945 0.0130438 -0.033479 0.0194626 0.0209681 -0.0348539 0.0193614 0.0206101 -0.0355734 0.0193726 0.0198665 -0.036862 0.0193283 0.0173773 -0.0388811 0.0193138 0.0117348 -0.0357898 0.0181473 0.00644141 -0.0361739 0.017509 0.0070459 -0.035308 0.017966 0.00616138 -0.0360562 0.0179704 0.00145157 -0.0363667 0.0183781 0.00311739 -0.0365149 0.0191618 0.00247824 -0.0370046 0.019464 -0.000478048 -0.0361803 0.0194412 0.0069843 -0.0359773 0.0190879 0.00673238 -0.0364643 0.0182513 -0.00184136 -0.0246395 0.0178755 0.0267847 -0.0255308 0.0181621 0.0389306 -0.0230614 0.0177183 0.0389503 -0.0241698 0.0181823 0.0375529 -0.041229 0.0177899 0.032351 -0.047974 0.0178159 0.028205 0.0097053 -0.0157623 0.0360299 0.00882475 -0.0182411 0.0349651 -0.00626695 -0.020522 0.036118 -0.00664198 -0.020521 0.03605 -0.00651896 -0.020408 0.0354 -0.0132959 -0.020507 0.034159 -0.013047 -0.0203985 0.033527 -0.0190257 -0.0207341 0.0313651 -0.0344875 -0.0222349 0.0219669 -0.0409091 -0.0225696 0.0202401 -0.0327222 -0.0245192 0.0159531 -0.0335409 -0.025614 0.0136922 -0.03871 -0.026614 0.011885 -0.0336161 -0.0257636 0.0129543 -0.0334918 -0.0251067 0.0122359 -0.0437569 -0.0272838 0.0111115 -0.0142862 -0.0156849 0.0324818 0.00931996 -0.015683 0.045765 -0.0136603 -0.0156125 0.0460093 -0.0136498 -0.0154309 0.0461877 -0.0164418 -0.015683 0.0451602 -0.0155877 -0.0156305 0.0456424 -0.0206559 -0.0155342 0.0436913 -0.0210823 -0.0151826 0.0436104 -0.015234 -0.00852895 0.045995 -0.022037 -0.00844795 0.044263 -0.0174683 -0.0153218 0.0451752 -0.0152792 -0.0153399 0.0459856 -0.015234 -0.00753296 0.045995 -0.028704 -0.00840295 0.0412019 -0.022625 -0.00142098 0.044747 -0.0276406 -0.0153736 0.0397351 -0.0329278 -0.0151793 0.0355019 -0.0270129 -0.0151822 0.0401917 -0.0236208 -0.0152261 0.0423348 -0.023886 -0.0156823 0.0418267 -0.031218 -0.0155529 0.0368977 -0.0352744 -0.0152315 0.0332273 -0.0381584 -0.0151913 0.0297996 -0.04854 -0.00760698 0.00746399 -0.0483712 -0.00819401 0.00760046 -0.0476398 0.00521757 0.0087016 -0.052352 0.016665 0.00715964 -0.052836 0.016666 0.00701499 -0.053188 0.016666 0.00665099 -0.0535 0.0174067 0.00648661 -0.0539506 0.0179378 0.0070487 -0.0547985 0.018166 0.00692381 -0.054066 0.017965 -0.00645494 -0.0526075 -0.0110701 -0.00416465 -0.0558597 -0.011388 -0.0041289 -0.0563119 -0.0115027 -0.0043702 -0.0522743 -0.00891554 -0.00766333 -0.0449481 0.0194657 0.00616968 -0.061316 -0.014941 -0.024629 -0.061316 -0.00806897 -0.027475 -0.061316 -0.020844 -0.0201 -0.061816 -0.0117429 -0.026758 -0.061816 -0.0151909 -0.025062 -0.061816 -0.0183329 -0.022964 -0.061816 -0.021197 -0.020453 -0.062316 -0.0183329 -0.022964 -0.062316 -0.0151909 -0.025062 -0.062316 -0.0117429 -0.026758 -0.062316 -0.021198 -0.020453 -0.062316 -0.0275029 -0.010999 -0.062316 -0.029454 0.00375396 -0.062316 -0.029691 5.29952e-05 -0.062316 -0.029454 -0.00364799 -0.061816 -0.029691 5.29952e-05 -0.061816 -0.029454 0.00375396 -0.061316 -0.02822 0.00742894 -0.061816 -0.028703 0.00755894 -0.061316 -0.029191 5.29952e-05 -0.061316 -0.02822 -0.00732398 -0.061816 -0.029454 -0.00364799 -0.062316 -0.028703 -0.00745297 -0.061816 -0.028703 -0.00745297 -0.061816 -0.0275029 -0.010999 -0.062316 -0.0258059 -0.014447 -0.061316 -0.025373 -0.014197 -0.061816 -0.0258059 -0.014447 -0.061816 -0.023709 -0.017588 -0.062316 -0.023709 -0.017588 -0.061816 -0.027503 0.011105 -0.061316 -0.025373 0.014303 -0.062316 -0.027503 0.011105 -0.061816 -0.025806 0.0145529 -0.062316 -0.025806 0.0145529 -0.061816 -0.023708 0.017694 -0.062316 -0.023708 0.017694 -0.061316 -0.020844 0.020206 -0.061816 -0.021197 0.0205589 -0.062316 -0.021197 0.0205589 -0.061816 -0.018332 0.02307 -0.061816 -0.015191 0.025168 -0.062316 -0.018332 0.02307 -0.061316 -0.014941 0.024735 -0.061316 -0.00806797 0.027582 -0.061816 -0.0117429 0.026865 -0.061816 -0.00819695 0.028065 -0.062316 -0.015191 0.025168 -0.062316 -0.028703 0.00755894 -0.062316 -0.00968946 0.0276833 -0.062316 0.0261199 0.011105 -0.062316 0.024423 0.014553 -0.062316 0.022326 0.017694 -0.061816 0.022326 0.017694 -0.062316 0.019815 0.020559 -0.061816 0.024423 0.014553 -0.061816 0.0261199 0.011105 -0.061316 0.02399 0.014303 -0.061316 0.019461 0.020206 -0.061316 0.026838 0.00742895 -0.061316 0.027809 5.30045e-05 -0.061816 0.027321 0.00755895 -0.061816 0.028071 0.00375498 -0.062316 0.028071 0.00375498 -0.061816 0.028309 5.30046e-05 -0.061816 0.028072 -0.00364798 -0.062316 0.028072 -0.00364798 -0.062316 0.027321 -0.00745296 -0.061816 0.027321 -0.00745296 -0.062316 0.0261199 -0.010999 -0.061816 0.0261199 -0.010999 -0.062316 0.024423 -0.014447 -0.062316 0.028309 5.30046e-05 -0.062316 0.022326 -0.0175879 -0.061816 0.024423 -0.014447 -0.061816 0.022326 -0.0175879 -0.062316 0.019815 -0.020453 -0.062316 0.01695 -0.022964 -0.061816 0.0198145 -0.020453 -0.061816 0.01695 -0.022964 -0.061316 0.019461 -0.0201 -0.061316 0.02399 -0.014197 -0.061316 0.013558 -0.024629 -0.061316 0.00668395 -0.0274759 -0.061816 0.010361 -0.0267579 -0.062316 0.010361 -0.0267579 -0.061816 0.00681395 -0.027959 -0.061816 0.00300998 -0.0287099 -0.062316 0.00300998 -0.0287099 -0.062316 0.00681395 -0.027959 -0.062316 0.013809 -0.025062 -0.061816 0.0138085 -0.025062 -0.062316 -0.000690995 -0.028947 -0.062316 -0.00439298 -0.0287099 -0.061816 -0.000691495 -0.028947 -0.061816 -0.00439298 -0.0287099 -0.061316 -0.000691995 -0.028447 -0.061816 -0.00819694 -0.027959 -0.061816 -0.00819796 -0.027958 -0.062316 -0.00819694 -0.027959 -0.061316 0.026838 -0.00732296 -0.062316 0.027321 0.00755895 -0.061316 0.013559 0.024735 -0.061816 0.019815 0.020559 -0.062316 0.0169499 0.02307 -0.062316 0.013809 0.025168 -0.0617945 0.0154175 0.0242135 -0.061816 0.0103609 0.026865 -0.062316 0.00681394 0.028065 -0.061316 0.00668495 0.027582 -0.062316 0.0103609 0.026865 -0.061816 0.00681394 0.028065 -0.062316 0.0015449 0.029023 -0.061816 0.00300997 0.028816 -0.061816 -0.000691005 0.029053 -0.061316 -0.000691005 0.0285529 -0.061816 -0.00439299 0.028816 -0.062316 -0.00439299 0.028816 -0.0695931 0.0205217 0.0150652 -0.0694892 0.0224999 0.0118002 -0.0696136 0.0242464 0.00685153 -0.0694136 0.0235839 0.00939006 -0.0694027 0.0244139 0.00681364 -0.0694141 0.0250074 0.00405934 -0.069616 0.0236768 0.00370526 -0.069616 0.0221915 0.00917566 -0.069296 0.0222325 0.00911363 -0.069296 -0.00705747 0.0238547 -0.069296 -0.0251679 0.00365407 -0.069296 -0.0109535 -0.0223956 -0.069296 -0.002859 0.0245669 -0.069296 0.00147695 -0.024461 -0.069296 0.0232929 -0.00545996 -0.069296 0.0156799 -0.0183876 -0.069296 0.0123399 -0.020823 -0.069296 0.0238457 -0.0021355 -0.069296 0.00165178 0.0245854 -0.069296 -0.0232941 0.00987254 -0.069296 0.0167455 0.0174888 -0.069296 -0.002882 -0.0244834 -0.069296 0.00816204 0.0230787 -0.069296 -0.0212136 0.013668 -0.069296 0.0073776 -0.0233112 -0.069296 -0.0181256 0.0174918 -0.069296 0.0220005 -0.00954474 -0.069296 -0.0163355 -0.0190069 -0.069296 0.0199081 0.013563 -0.069296 -0.00620496 -0.023931 -0.069296 0.0129076 0.0205854 -0.069296 0.0237625 0.00306299 -0.069296 -0.0141321 0.0207023 -0.069296 -0.0208631 -0.0142016 -0.069296 -0.0235744 -0.0090697 -0.069296 0.0195436 -0.01404 -0.069296 -0.010328 0.022698 -0.069296 -0.0250599 -0.00359858 -0.069616 -0.025206 -0.00211496 -0.0695856 -0.0266484 -0.00124864 -0.069616 -0.0251286 0.00364755 -0.0694042 -0.025442 0.00801406 -0.0694047 -0.0248092 0.00976237 -0.062916 -0.024809 0.00976598 -0.0693986 -0.0237162 0.0121624 -0.062916 -0.023169 0.01312 -0.0627665 -0.0215641 0.0155784 -0.0626519 -0.018025 0.0194435 -0.0695994 -0.0164299 0.0207505 -0.0693956 -0.0117342 0.0236147 -0.0626709 -0.0109038 0.0239556 -0.0695765 -0.00730805 0.0251851 -0.0695806 -0.0091753 0.0246242 -0.069616 -0.010328 0.022698 -0.0695643 -0.0142033 0.0222572 -0.069616 -0.0150992 0.0200977 -0.0695745 -0.0197321 0.0178116 -0.069616 -0.0204168 0.014925 -0.0695853 -0.0221635 0.0147017 -0.0696047 -0.024761 0.00966724 -0.069616 -0.0233859 0.00964374 -0.069616 -0.0072984 0.0237948 -0.069616 -0.002859 0.0245669 -0.0696157 0.000869247 0.0246631 -0.0694612 -3.48311e-05 0.0260421 -0.0694144 -0.00283866 0.0259736 -0.0626349 -5.35228e-05 0.0260353 -0.0628148 0.00289447 0.0258191 -0.0627386 0.00530909 0.0253487 -0.0626367 0.00733057 0.0247795 -0.062616 0.00436661 0.0241663 -0.062936 0.0041203 0.0242226 -0.0629363 0.000237388 0.021139 -0.062936 -0.00168722 0.0247129 -0.062616 -0.00125244 0.0247288 -0.062616 -0.00175196 0.021026 -0.062936 -0.00543398 0.02051 -0.062616 -0.00543398 0.02051 -0.062616 0.000370003 -0.02092 -0.062616 0.019397 -0.00606799 -0.062616 -0.020779 0.00617396 -0.062616 0.014654 0.01439 -0.062616 0.018052 -0.00941795 -0.0626159 -0.00488475 -0.0205881 -0.062616 -0.012145 0.017654 -0.062616 -0.020014 -0.00816995 -0.062616 -0.0215297 -0.00290967 -0.062616 -0.019434 0.00952398 -0.062616 -0.0102079 -0.018667 -0.062616 0.0169279 0.011479 -0.062616 0.016092 -0.0125689 -0.0626159 0.00351004 0.0206932 -0.062616 -0.00885695 0.0194 -0.062616 -0.0132959 -0.016744 -0.062616 0.018632 0.008277 -0.062616 0.013641 -0.015296 -0.062616 0.010763 -0.017548 -0.062616 -0.016036 -0.014283 -0.062616 -0.0174749 0.012675 -0.062616 0.00882494 0.018773 -0.062616 -0.018311 -0.011373 -0.062616 0.00747496 -0.019294 -0.062616 0.019787 0.00470698 -0.062616 0.00405199 -0.020404 -0.062616 -0.0150239 0.0154019 -0.062616 0.0203441 -0.000675536 -0.062616 -0.021549 0.00249594 -0.062616 0.011913 0.01685 -0.062936 0.011913 0.01685 -0.062936 0.00882494 0.018773 -0.062936 0.00535297 0.020165 -0.062936 0.00889987 0.0227479 -0.062936 0.0126256 0.0207694 -0.062616 0.0129076 0.0205854 -0.062616 0.0167455 0.0174888 -0.062936 0.0163947 0.0178328 -0.062936 0.014654 0.01439 -0.062936 0.0169279 0.011479 -0.062936 0.0198814 0.0136305 -0.0626288 0.0205376 0.0150555 -0.062616 0.0199081 0.013563 -0.062616 0.0222325 0.00911363 -0.0626523 0.0215128 0.0135591 -0.0626376 0.0224113 0.0119592 -0.0694036 0.0215835 0.0134613 -0.0694043 0.0193974 0.0165578 -0.062916 0.019395 0.016562 -0.0628173 0.0175457 0.018597 -0.0626416 0.0154594 0.0204178 -0.0694863 0.0154249 0.0204515 -0.069391 0.0098903 0.0238247 -0.062643 0.00989291 0.0238023 -0.062655 0.0130406 0.0221438 -0.062616 0.00912869 0.0226561 -0.0694045 0.00727733 0.0248009 -0.0694697 0.00547291 0.0253099 -0.0694059 0.00258389 0.0258602 -0.0696133 0.00307152 0.0255861 -0.069616 0.00482195 0.0240379 -0.069616 0.00957211 0.0225013 -0.0696121 0.00916655 0.0239342 -0.0695774 0.0124218 0.0224943 -0.069616 0.0149542 0.0191122 -0.0694036 0.0139334 0.0215487 -0.0694527 0.0175598 0.0185975 -0.069614 0.0175148 0.0184696 -0.069616 0.0194793 0.0143095 -0.0626577 0.0238498 0.00874518 -0.0626534 0.0248261 0.00500461 -0.0628367 0.0252301 0.00219866 -0.0694036 0.0251882 -0.00244462 -0.0695855 0.0252734 0.0012529 -0.069616 0.0238542 -0.00220558 -0.0696 0.0252884 -0.000642281 -0.0694028 0.0249364 -0.0043258 -0.0694714 0.0245617 -0.00611829 -0.0692985 0.0238273 -0.00864228 -0.0626447 0.0245585 -0.00612277 -0.0627736 0.02509 -0.00337437 -0.0626331 0.025292 -0.000587161 -0.062616 0.0239071 0.00114228 -0.062616 0.0234806 -0.00474658 -0.062936 0.0239485 0.00102124 -0.062936 0.0234238 -0.00499549 -0.062936 0.020166 -0.00238895 -0.062936 0.020279 0.00117195 -0.062936 0.019397 -0.00606799 -0.062936 0.018052 -0.00941795 -0.062936 0.022158 -0.00908696 -0.062616 0.0220005 -0.00954474 -0.062616 0.0195436 -0.01404 -0.062936 0.0203472 -0.0128091 -0.062936 0.018185 -0.0157379 -0.062616 0.0163228 -0.0177526 -0.0626184 0.0173471 -0.0184462 -0.0628363 0.0178541 -0.0181825 -0.0627611 0.0196759 -0.0161028 -0.062916 0.021787 -0.0130139 -0.0627973 0.0208266 -0.0145399 -0.0696019 0.0196526 -0.0161224 -0.069616 0.0186953 -0.015135 -0.069616 0.0215747 -0.0106043 -0.0695951 0.0208832 -0.0144337 -0.069616 0.0232929 -0.00545996 -0.0696069 0.0236469 -0.00875409 -0.0693743 0.022263 -0.012203 -0.0626395 0.0225849 -0.0115081 -0.0626484 0.023702 -0.00897077 -0.069616 0.0153109 -0.0187086 -0.069616 0.0123399 -0.020823 -0.0696015 0.0156647 -0.0201418 -0.0695582 0.0111579 -0.0230825 -0.0694038 0.00948028 -0.0238732 -0.0628278 0.00778521 -0.0245256 -0.0628173 0.0103461 -0.0234974 -0.0626169 0.0102121 -0.0233851 -0.0626395 0.00595211 -0.0250771 -0.0626425 0.00236627 -0.0257939 -0.0694566 0.00128564 -0.0258852 -0.0694039 0.00422206 -0.0254778 -0.069316 -0.00136798 -0.025938 -0.0694036 -0.00320692 -0.0258241 -0.0695975 -0.00848174 -0.0247468 -0.0694515 -0.00612474 -0.0253866 -0.0627274 -0.00581352 -0.025451 -0.0628291 -0.00865861 -0.0246955 -0.0626363 -0.00306501 -0.0258296 -0.0626556 -0.00125617 -0.0259318 -0.062616 0.000308908 -0.0246067 -0.062936 -0.000121687 -0.0246224 -0.0629363 -0.00162222 -0.021033 -0.062936 -0.00574099 -0.0240616 -0.062936 -0.00673496 -0.020058 -0.062936 -0.0102079 -0.018667 -0.062936 -0.0105075 -0.0225514 -0.062616 -0.0102794 -0.0226429 -0.062616 -0.0147715 -0.020191 -0.0626439 -0.0153307 -0.0214227 -0.0628286 -0.0137513 -0.0224286 -0.0693746 -0.0160982 -0.0209163 -0.0694341 -0.0181719 -0.0191919 -0.0628397 -0.0176751 -0.0196528 -0.069612 -0.0165518 -0.0203414 -0.069616 -0.0208639 -0.0141514 -0.069612 -0.0205441 -0.0164819 -0.0694038 -0.0219421 -0.0149244 -0.069388 -0.0234288 -0.0125978 -0.0693956 -0.0202157 -0.0171481 -0.0628285 -0.0207784 -0.0164525 -0.0628254 -0.0234161 -0.0125977 -0.062762 -0.0219411 -0.0149247 -0.0626186 -0.0194104 -0.0177578 -0.062616 -0.0185019 -0.0169558 -0.0627997 -0.0195199 -0.0178772 -0.062936 -0.0151693 -0.0199083 -0.062936 -0.0132959 -0.016744 -0.062936 -0.016036 -0.014283 -0.062936 -0.0187368 -0.0167064 -0.062936 -0.0192832 -0.00981729 -0.062936 -0.0212953 -0.0134499 -0.062616 -0.0212683 -0.0135176 -0.062616 -0.0241173 -0.00777873 -0.0626315 -0.0252483 -0.00846415 -0.0694196 -0.0249632 -0.00929157 -0.0626486 -0.0245438 -0.010279 -0.0696088 -0.0235962 -0.0119114 -0.069616 -0.023336 -0.00958395 -0.069616 -0.0244906 -0.00632288 -0.0695983 -0.0258004 -0.00666905 -0.0695809 -0.0263858 -0.00393838 -0.0693961 -0.0266834 0.00067521 -0.0694048 -0.0264987 0.00332797 -0.0696064 -0.0259698 0.00610013 -0.0626319 -0.0259214 0.0062974 -0.0626438 -0.0263088 0.00445873 -0.062616 -0.0252373 0.00231106 -0.062936 -0.024676 0.00556695 -0.062616 -0.024676 0.00556695 -0.062936 -0.021549 0.00249594 -0.062936 -0.0252288 0.00224097 -0.062936 -0.021662 -0.00106597 -0.062936 -0.025206 -0.00211496 -0.062936 -0.0211689 -0.00459999 -0.062936 -0.0241554 -0.00779055 -0.062616 -0.025206 -0.00211496 -0.0626208 -0.0265108 -0.00115544 -0.0626535 -0.0260818 -0.0055884 -0.0628374 -0.0266309 -0.00192547 -0.0628254 -0.0266532 0.00162245 -0.062936 -0.020779 0.00617396 -0.062936 -0.019434 0.00952398 -0.062936 -0.0231407 0.0103122 -0.062616 -0.0229574 0.0107096 -0.062936 -0.0174749 0.012675 -0.062936 -0.0150239 0.0154019 -0.062936 -0.0202933 0.0149617 -0.062616 -0.0200842 0.0152326 -0.062616 -0.016698 0.0188105 -0.0626363 -0.0156844 0.0212869 -0.0626731 -0.0133382 0.0227742 -0.0628283 -0.00917228 0.0246299 -0.0626191 -0.0071336 0.0250852 -0.062616 -0.0116439 0.0220918 -0.0628359 -0.00284173 0.025985 -0.0628269 -0.00560957 0.0255822 -0.0627618 -0.00736579 0.0251796 -0.0694042 -0.00560788 0.025583 -0.0696145 -0.00347018 0.0257439 -0.062616 -0.00705747 0.0238547 -0.062936 -0.0072984 0.0237948 -0.062936 -0.0124241 0.0216863 -0.062936 -0.00885695 0.0194 -0.062936 -0.0170697 0.018487 -0.062936 -0.012145 0.017654 -0.0626313 -0.0199641 0.0174887 -0.0626264 -0.022652 0.0137683 -0.0627347 -0.0240961 0.0113748 -0.0627606 -0.0254402 0.00801022 -0.069616 -0.016706 -0.0186968 -0.069616 -0.011354 -0.0222108 -0.0695956 -0.0137887 -0.0223928 -0.069616 -0.00620496 -0.023931 -0.0694056 -0.0114233 -0.0236445 -0.0627579 -0.0111265 -0.0237759 -0.0626212 -0.0113048 -0.0235567 -0.062616 -0.00549203 -0.0241184 -0.0696156 -0.00247912 -0.0245527 -0.0696113 -0.000202863 -0.0258403 -0.069616 0.00147695 -0.024461 -0.069616 0.00690363 -0.0234697 -0.0696125 0.00618367 -0.0248497 -0.0694143 0.00689883 -0.0248233 -0.062936 0.00405199 -0.020404 -0.062936 0.00567849 -0.023748 -0.062936 0.00894594 -0.022591 -0.062936 0.00747496 -0.019294 -0.062936 0.0127518 -0.0205938 -0.062936 0.010763 -0.017548 -0.062936 0.013641 -0.015296 -0.062936 0.0160735 -0.0179874 -0.062616 0.0129591 -0.0204644 -0.062616 0.00894594 -0.022591 -0.0627618 0.0142763 -0.0212034 -0.0627609 0.012766 -0.0221899 -0.0693819 0.0136906 -0.0216248 -0.0627969 0.0158141 -0.0200349 -0.0693973 0.0178526 -0.018201 -0.062616 0.00592023 -0.0236878 -0.062936 0.016092 -0.0125689 -0.062936 0.019787 0.00470698 -0.062936 0.023202 0.005947 -0.062616 0.023202 0.005947 -0.062936 0.0221915 0.00917566 -0.062936 0.018632 0.008277</float_array>
                    <technique_common>
                        <accessor count="4595" source="#shape0-lib-positions-array" stride="3">
                            <param name="X" type="float"/>
                            <param name="Y" type="float"/>
                            <param name="Z" type="float"/>
                        </accessor>
                    </technique_common>
                </source>
                <source id="shape0-lib-normals" name="normal">
                    <float_array id="shape0-lib-normals-array" count="27459">-1 6.15934e-11 1.4936e-11 -1 -2.61902e-09 -6.35097e-10 0.242851 -6.17882e-07 0.970064 -3.87035e-08 -1 -1.54601e-07 -5.72233e-08 -1 -1.52862e-07 2.97747e-08 -1 -1.84689e-07 -7.91234e-08 -1 -1.07587e-07 0.499791 -0.707384 -0.499817 0.499903 -0.707219 -0.499938 0.535459 -0.661352 -0.525259 0.590019 -0.551241 -0.589925 0.587681 -0.556069 -0.587723 0.496262 -0.707375 -0.503334 0.55853 -0.604121 -0.568403 0.706919 0.000608647 -0.707295 -0.695193 -0.179971 0.695929 -6.8534e-09 -1 -1.44232e-07 0.843006 0 0.537904 -1.2769e-08 -1 -1.33503e-07 0.920612 -5.83414e-08 0.390478 0.843006 -8.84051e-08 0.537904 0.904739 0 0.425965 0.943215 -0.040625 0.329691 0.843006 -1.28924e-07 0.537904 0.925491 -7.7814e-08 0.378769 0.925491 4.41219e-05 0.378769 0.951062 -0.0587369 0.303366 0.945009 -0.044312 0.324028 0.969313 0.00619832 0.24575 0.95302 -0.0217723 0.302123 0.958256 -0.000258018 0.285913 0.889318 0.0107619 0.457163 0.670689 0.000348637 0.741738 0.898997 0.000395028 0.437955 0.901145 -2.99689e-08 0.433518 0.673858 -1.00694e-05 0.738861 3.33921e-06 1 3.66132e-06 6.01668e-07 1 1.60203e-06 6.40083e-07 1 1.06052e-06 -8.66775e-07 1 -3.5474e-07 2.30756e-10 1 3.82215e-10 4.46428e-08 1 1.57438e-07 3.84069e-08 1 1.61556e-07 8.37978e-12 1 2.95669e-11 -4.63459e-08 1 1.4129e-07 -1.50128e-07 1 7.54568e-08 0.995002 -1.65186e-08 0.099854 0.995002 -1.62615e-08 0.099854 0.99495 1.59713e-08 -0.100375 0.99495 1.96597e-08 -0.100375 -3.34677e-06 1 -3.35867e-07 6.76675e-07 1 3.56212e-07 -6.67171e-07 1 3.53507e-07 3.28002e-06 1 -3.30904e-07 0.970658 4.99787e-08 -0.240466 0.841973 8.76259e-08 -0.539519 0.947655 -0.0368763 -0.31716 0.841973 8.86706e-08 -0.539519 0.841973 3.26909e-08 -0.539519 0.952443 -0.0467414 -0.301112 0.954612 -0.0523311 -0.293219 0.933358 2.86774e-08 -0.358948 0.933358 0 -0.358948 0.926384 3.45547e-08 -0.376581 0.921564 0.00704493 -0.388163 0.943039 -0.0225675 -0.331917 8.46131e-08 -1 -4.80397e-08 0.869615 0 -0.493731 1.35618e-07 -1 -4.77328e-08 -5.5593e-08 -1 -2.37403e-07 0.578619 -0.572827 0.580577 -1.9021e-06 -1 5.24942e-06 -1.29506e-06 -1 5.29578e-06 0.237546 6.18695e-07 -0.971376 -1 -5.60115e-12 1.18147e-09 0.224662 0.00422157 -0.974428 0.237593 2.1207e-05 -0.971365 -0.258904 -0.965903 -1.64142e-07 -1 -1.22302e-08 7.09625e-13 -1 -1.01746e-05 -1.23383e-06 -1 -0.000137385 -1.71059e-05 -1 1.81922e-05 3.3582e-06 -0.966272 -0.257523 -4.16029e-08 -0.70714 -0.707074 -1.21746e-07 -0.258904 -0.965903 -1.6628e-07 1.39606e-08 -1 2.68869e-08 -2.48185e-08 -1 -1.69684e-07 1.22707e-07 -1 -2.26359e-07 -0.707133 -0.707081 -8.75981e-09 -0.96621 -0.257757 -5.47305e-06 1.98236e-08 -1 -2.56128e-07 -0.430939 5.39876e-05 0.902381 -0.431073 -8.68753e-08 0.902317 -0.580859 -0.000688372 0.814004 -5.19999e-08 1 3.87538e-07 3.59087e-07 1 -7.51924e-07 -3.60772e-06 1 5.97651e-06 -1.00607e-12 1 7.40905e-12 2.14963e-12 1 -7.01855e-12 -0.29285 -2.74224e-07 0.956158 -0.445036 -2.56831e-07 0.895513 -1.98689e-07 1 3.29146e-07 -0.29285 -2.36043e-07 0.956158 -0.445036 -1.04009e-07 0.895513 -5.43377e-08 -1 1.77413e-07 -6.02051e-08 -1 4.48413e-07 -4.53909e-08 -1 9.13372e-08 -0.966144 -0.258002 -4.72799e-08 0.188675 0.03008 0.981579 0.212212 0.014099 0.977122 0.193228 0.0260423 0.980808 0.350575 -1.31931e-07 0.936535 0.350588 -8.33929e-06 0.93653 0.193284 -5.39132e-05 0.981143 0.49871 -1.22104e-07 0.866769 0.49871 -1.33551e-07 0.866769 0.350588 7.89407e-06 0.93653 0.552854 -4.565e-07 0.833278 -0.000135261 -1 -0.000203869 0.33899 -5.15399e-07 0.94079 0.373308 -0.105499 0.921689 0.0168731 -0.999813 -0.00943752 0.327616 -0.0040629 0.944802 0.702324 -0.121996 -0.701326 0.259879 -0.0324913 0.965094 0.290393 -0.0193252 0.956712 0.279095 -0.0230816 0.959986 0.0174906 -0.999542 0.0247003 0.186248 -0.964688 -0.186248 0.00011364 -1 0.000115449 0.405409 0.0494129 0.912799 0.500214 -0.706807 -0.500209 0.349138 0.000515454 0.937071 0.552853 -1.17386e-07 0.833279 0.351588 -1.28215e-07 0.936155 0.552853 -1.14125e-07 0.833279 0.141905 0 0.98988 0.0305093 -1.64275e-07 0.999534 0.0305095 0 0.999534 0.193193 -2.01568e-07 0.981161 -0.133068 -8.36142e-08 0.991107 0.0305094 -7.5053e-08 0.999534 0.230885 0.00483314 0.972969 -0.966144 -0.258002 -3.99408e-08 0.242926 3.94277e-05 0.970045 8.91285e-08 -1 2.91999e-06 -1 4.37102e-06 -3.3966e-06 -1 -1.57275e-05 6.90023e-06 -1 -2.30486e-05 1.02958e-05 -0.501839 -0.704499 0.501836 -0.558198 -0.613872 0.558191 -0.557374 -0.615397 0.557334 2.10556e-16 -0.707159 -0.707054 -2.81163e-16 -0.556392 -0.83092 -5.44669e-17 -0.194618 -0.980879 2.60371e-17 -0.556392 -0.83092 -8.13323e-17 -0.964657 0.263508 4.5784e-17 -0.691099 0.72276 -0.00116617 -0.615168 0.788395 -4.30256e-06 -0.653203 0.757183 -5.31501e-09 -0.222507 0.974931 -1 -8.72152e-06 2.44758e-05 -1 6.89555e-07 -6.187e-06 -1 1.12642e-05 -8.10479e-06 -1 7.77539e-06 -6.18604e-06 -1 -9.32311e-15 0.000114205 -1 0.000357836 0.000114325 -1 0 0 -1 9.24633e-11 2.23155e-10 -1 0.000436028 -1.65125e-06 -1 -8.37223e-06 -3.28467e-07 -1 2.13048e-06 2.1304e-06 -0.59529 -0.537358 0.597391 -1 -1.03846e-05 -5.71313e-06 -1 1.69228e-06 1.89522e-06 -1 5.24109e-07 1.94768e-06 -1 2.03394e-06 2.04452e-06 -1 1.16165e-05 3.16039e-06 -0.999999 -0.00142567 2.57909e-05 -1 0 0 -1 3.98851e-06 -1.08951e-06 -1 8.79984e-07 -9.20299e-07 -1 -0.000239856 -3.32167e-06 -1 -7.36065e-06 5.746e-06 -1 2.85135e-07 -8.32061e-07 0.689051 -0.224526 0.689055 0.503945 -0.701485 0.503943 0.186153 -0.964725 0.186152 -0.185993 -0.964787 -0.185994 -0.501715 -0.704672 -0.501717 -0.999998 -0.00132619 -0.00174531 -0.707113 0.000284251 -0.7071 -0.682475 -0.26155 -0.682509 -0.707102 -0.0023718 -0.707108 -0.693535 -0.194954 -0.693543 -0.681861 -0.26482 -0.681863 -0.501845 -0.704487 -0.501845 1.32338e-05 -1 4.37159e-05 0.919256 6.46987e-08 -0.393661 0.919256 5.8817e-08 -0.393661 0.970658 3.70508e-08 -0.240466 0.970658 1.47344e-08 -0.240466 1.08547e-08 -1 -1.31827e-07 -1.56569e-06 -1 1.38932e-07 -1.36835e-06 -1 9.81516e-08 0.991453 1.08368e-08 -0.130461 0.993628 0.0115992 -0.112114 0.995147 0.00472059 -0.0982847 0.994515 0.0208587 -0.102493 0.997294 -0.00434902 -0.0733876 0.995572 0.0377524 -0.0860916 0.998414 -7.9685e-09 0.0562997 0.998415 1.0552e-08 -0.0562771 -1.84496e-14 -1 -3.46738e-16 0.995633 0.0372383 0.085608 0.994182 0.0159697 0.106519 0.995747 0.00298829 0.0920863 0.995551 0.00361117 0.0941507 0.993764 0.0119343 0.110867 0.995838 0.00258019 0.0911091 1.52394e-17 -0.194618 -0.980879 -3.09532e-17 -0.0713482 -0.997451 -0.000347354 -0.260055 0.965594 0.000175801 -0.707124 0.707089 9.16656e-17 -1 -3.46738e-16 -8.44545e-16 -0.964657 0.263508 8.46396e-18 -0.705269 -0.70894 -6.11069e-17 -0.964927 -0.262518 -5.81436e-16 -0.964927 -0.262518 4.58328e-17 -1 0 -1.32695e-08 -1 -1.3182e-07 4.80278e-09 -1 -1.85756e-07 3.25359e-12 -0.707159 -0.707054 1.39466e-06 -1 9.95228e-08 0.971175 -3.26567e-08 0.238367 0.991505 -1.70954e-08 0.13007 0.000236055 -0.70481 0.709396 0.996414 -3.8359e-14 -0.0846067 0.996017 0.00217255 -0.0891426 -0.000674877 -1.63173e-14 -1 0.000521457 -0.25985 -0.965649 -0.000512045 -0.650074 -0.759871 0.994764 0.0218768 0.0998302 0.971175 -4.37761e-08 0.238367 0.920612 -7.04959e-08 0.390478 0.971175 -3.80843e-08 0.238367 4.92347e-12 1 2.62367e-12 0.994705 0.0221589 -0.10035 -0.587916 -0.555914 -0.587635 5.11593e-09 -1 -1.42096e-07 -0.499875 -0.707289 -0.499867 -1.76502e-07 -1 -3.47049e-07 -0.531908 -0.657717 -0.53337 0.953869 -0.0269455 -0.299012 0.904541 -0.114297 -0.410782 -0.692601 -0.201166 -0.692702 -0.999999 -0.000917276 -0.00104699 0.540726 -0.644381 0.54073 -1 3.89333e-05 -2.74665e-05 0.707462 -0.0431041 0.705435 0.694255 -0.186916 0.695034 -1 -2.83326e-08 5.14131e-09 -1 -9.08645e-08 5.02903e-08 -1 0.000235462 -3.71042e-05 -0.501064 -0.705591 0.501075 -0.185888 -0.964827 0.185888 -1 -4.89594e-11 1.21012e-11 -1 0 0 -0.186041 -0.964768 0.186043 2.39364e-08 -1 -2.02087e-07 -1 -6.98372e-10 1.73381e-10 -2.43133e-17 -0.222506 0.974931 -4.58813e-17 1.39875e-14 1 0.000544999 -0.110766 0.993846 -0.689218 -0.223549 0.689205 -2.45609e-09 -1 -1.66073e-07 -0.692724 -0.203042 0.692031 -0.706772 -0.0307223 0.706774 0.500234 -0.706779 -0.500229 0.186305 -0.964666 -0.186306 -0.999946 -0.00595186 -0.00851758 -1 0.000703499 0.000464294 -0.999997 0.00187162 0.0017794 -1 -0.000130679 -0.000959746 0.683447 -0.256402 -0.68349 -0.585073 0.00115696 0.810979 -0.583851 6.08252e-06 0.811861 -0.133068 -2.84247e-07 0.991107 -0.506312 -1.06726e-07 0.86235 -0.822065 -6.16611e-08 0.569393 -1.14974e-05 -1 2.73082e-06 -7.46373e-08 -1 -1.22209e-07 -5.26023e-07 -1 3.64343e-07 -0.953052 -3.33095e-08 0.302806 -0.822065 -7.04651e-08 0.569393 -1.36736e-12 1 1.45954e-12 -3.33316e-07 1 3.59283e-07 -0.953026 -3.15829e-05 0.302889 -4.05678e-06 1 1.28932e-06 2.76376e-07 1 2.44929e-09 -0.983518 -4.95342e-06 0.18081 0 1 0 -0.997434 -9.02393e-09 0.0715955 -0.997434 -1.15788e-08 0.0715955 -0.996861 1.35635e-08 -0.0791668 -0.996861 1.61457e-08 -0.0791668 2.9312e-07 -1 6.1833e-08 -1.85364e-07 -1 -2.49134e-07 1.37348e-07 -1 -2.46273e-07 -3.76919e-08 -1 -1.8505e-07 -1.11424e-07 -1 -1.68837e-07 -0.550813 6.26706e-08 -0.834629 1.00765e-07 -1 -1.74729e-07 -1.86225e-07 -1 -4.21422e-07 -0.404191 1.14468e-07 -0.914674 -0.404192 1.02888e-07 -0.914674 -0.926775 3.87323e-08 -0.375618 7.09623e-14 1 -5.79167e-14 -1.15834e-11 1 -1.26741e-11 -0.978467 2.32544e-08 -0.206405 -0.926775 4.75332e-08 -0.375618 -0.764418 8.15873e-08 -0.644721 1.45439e-06 -1 1.22665e-06 1.40073e-07 -1 -1.96135e-07 -0.764418 7.26162e-08 -0.644721 -0.581837 9.16042e-08 -0.813306 -0.978467 4.00368e-08 -0.206405 5.99244e-07 1 6.04132e-07 -3.09096e-13 1 -3.20323e-13 -0.581836 1.02921e-07 -0.813306 -5.27379e-08 1 1.17563e-07 2.99818e-08 1 1.23728e-07 -3.42597e-07 1 3.30232e-07 -0.550813 1.20507e-07 -0.834629 -0.598393 9.25447e-08 -0.801203 -0.598393 1.15681e-07 -0.801203 -0.460818 1.2814e-07 -0.887495 -0.460818 1.02512e-07 -0.887495 -1.26338e-12 1 -2.38429e-12 -9.5437e-12 1 -2.2174e-11 -0.308533 1.3734e-07 -0.951214 -0.147728 1.428e-07 -0.989028 -0.147728 1.1424e-07 -0.989028 -1.81232e-12 1 -2.95895e-11 6.79052e-12 1 -2.51502e-11 1.00714e-13 1 -4.99577e-13 0.181371 -2.66324e-05 -0.983415 0.340671 -9.501e-06 -0.940183 0.490709 1.22745e-07 -0.871324 0.561403 1.27507e-07 -0.827542 0.561403 4.53358e-07 -0.827543 0.34608 0.00773929 -0.938173 0.38811 5.04893e-07 -0.921613 0.329254 -0.00552379 -0.944225 0.307349 -0.0209047 -0.951367 0.272114 -0.0372747 -0.961543 0.0626229 -0.995944 0.0646089 0.272144 -0.000350437 -0.962256 0.285955 -0.0102243 -0.958189 0.541586 -0.642868 0.541669 0.00298047 -0.999992 0.00269974 -3.19008e-06 -1 4.70238e-06 -2.89607e-06 -1 4.90413e-06 0.490709 2.16974e-07 -0.871323 -0.00649853 -0.999952 -0.00732393 0.534811 -0.00418138 -0.844962 6.80515e-08 -1 -6.80565e-08 -0.707075 -0.00399377 0.707127 0.621178 0.0185016 -0.783451 0.70029 -0.00156798 -0.713857 0.760311 -0.000344257 -0.64956 0.860741 0.00635354 -0.509004 0.860758 3.48571e-08 -0.509014 0.621284 6.13253e-08 -0.783585 0.621284 8.58554e-08 -0.783585 0.860758 3.98367e-08 -0.509014 0.346091 1.28495e-07 -0.938201 -6.84095e-07 1 1.85448e-06 -3.24643e-06 1 4.09452e-06 8.00248e-07 1 -3.07757e-07 1.88425e-10 1 -3.14114e-10 -6.64093e-07 1 1.10632e-06 0.561403 1.1334e-07 -0.827542 0.346091 1.02796e-07 -0.938201 0.34064 9.92834e-06 -0.940194 0.340671 2.34121e-07 -0.940183 0.187813 0.0231417 -0.981932 0.181372 0.0282336 -0.983009 0.181416 1.61612e-07 -0.983406 0.209109 0.0106391 -0.977834 0.135493 0 -0.990778 -1.20208e-08 -1 7.09219e-07 0.0169469 0 -0.999856 1.8968e-08 -1 1.26989e-07 1.67468e-08 -1 5.16308e-08 0.0169468 1.15491e-07 -0.999856 0.016947 2.05409e-07 -0.999856 -3.01427e-08 1 3.01429e-07 -0.308533 1.09872e-07 -0.951214 4.51653e-08 1 8.71726e-08 -0.983504 -3.38067e-05 0.180889 -0.506312 -9.33861e-08 0.86235 -1.12071e-08 -1 -1.61755e-07 -0.186123 -0.964736 -0.186126 0.933358 5.39878e-08 -0.358948 6.13476e-12 1 -3.21842e-12 0.925491 -2.96435e-08 0.37877 -0.501585 -0.704854 0.501591 1.44511e-07 -1 -3.17603e-07 0.674666 -0.300493 -0.674188 0.693322 -0.19562 -0.693568 0.000577953 -1 -6.62008e-05 -0.0903348 0.778204 0.62148 -0.0478047 0.855627 0.51538 -7.13961e-06 1 1.13134e-05 -0.149955 0.657007 0.73882 -0.250037 0.655905 0.712229 -0.160596 0.713163 0.682354 -0.169979 0.449383 0.877019 -0.151744 0.451826 0.879106 -0.211241 0.448933 0.868238 -0.114603 0.423028 0.89884 -0.161569 0.355988 0.920417 -0.00740507 0.446347 0.894829 -0.128489 -0.127593 0.983469 -0.138668 -0.0488933 0.989131 0 0.966715 0.255856 -0.192547 0.274919 0.94199 -0.113291 0.131746 0.984788 -0.0851848 0.145876 0.985629 0 -0.0130525 0.999915 -0.0515125 0.242983 0.968662 -0.0980102 0.852505 0.513449 -0.0669891 0.111623 0.99149 -0.0908819 0.0767328 0.992901 -0.064993 0.0774206 0.994878 -0.0924388 0.0781281 0.992649 0 -0.0102518 0.999947 -0.188978 0.0742748 0.979168 -0.135452 0.119234 0.983583 -0.18807 0.116664 0.975202 -0.309939 0.0898334 0.946503 -0.187206 0.0968656 0.977533 -0.322118 0.114732 0.939722 -0.319648 0.168411 0.93245 -0.243872 0.174801 0.953924 -0.414364 0.187541 0.890579 -0.40256 0.208872 0.891245 -0.418777 0.11434 0.900862 -0.41526 0.106824 0.903409 -0.363566 0.213805 0.906701 -0.353017 0.103569 0.929867 -0.35695 -0.355941 0.863651 -0.277446 0.202194 0.939224 -0.261534 0.34551 0.901234 -0.207169 -0.642416 0.737823 -0.210751 0.218904 0.952715 -0.218978 0.0944252 0.97115 -0.232806 0.375334 0.897176 0 0.912468 0.409148 -0.179163 0.101421 0.978578 0 0.215146 0.976582 -0.170896 0.218605 0.960732 -0.173823 0.109141 0.97871 -0.185962 0.104985 0.976932 -0.183856 0.102304 0.977615 -0.171601 0.21856 0.960617 -0.203657 0.221399 0.95368 -0.17832 0.221492 0.95872 -0.172039 0.111235 0.97879 -0.183704 0.0983329 0.978051 -0.188174 0.0996715 0.977065 0 0.0313522 0.999508 -0.180713 0.1011 0.978326 -0.14698 -0.140341 0.979133 -0.174332 0.0433497 0.983732 -0.201228 0.808403 0.553165 -0.0820926 -0.526243 0.846362 -0.151793 -0.141508 0.97823 -0.207762 0.578976 0.78843 -0.110817 -0.404653 0.907731 0.185948 -0.744939 -0.640694 -0.191312 0.638496 0.745468 -0.193516 0.614539 0.764783 0 -1 0 0.141725 0.327795 -0.934058 0.185882 -0.908683 -0.373823 0 0.894262 -0.447544 0 -1 0 0 0.706136 -0.708076 0.00122163 -0.710919 0.703273 -0.318414 0.398715 0.860022 -0.178622 0.771789 0.610275 -0.322492 0.42644 0.845073 -0.231267 0.744857 0.625862 -0.232024 0.77078 0.593349 -0.372785 0.390757 0.84163 -0.389806 0.292376 0.873251 -0.459058 -0.0105157 0.888344 -0.410226 0.423417 0.807734 -0.393407 0.446155 0.803851 -0.428085 0.438567 0.790192 -0.422211 0.449728 0.787072 -0.295489 0.777509 0.555127 -0.478519 0.334779 0.811753 -0.468954 0.304973 0.828899 -0.517987 0.0130019 0.85529 -0.492563 0.229464 0.839481 -0.457845 0.478631 0.749193 -0.442141 0.490869 0.750705 -0.443752 0.464384 0.766441 -0.461385 0.483759 0.743707 -0.493066 0.381702 0.781786 -0.489692 0.257963 0.832861 -0.474725 0.336564 0.813241 -0.361859 0.278426 0.889684 -0.389449 0.33942 0.856226 -0.373165 0.412679 0.83093 -1 0 0 -0.368095 0.232685 0.900202 -1 0 0 -1 0 0 -1 0 0 -0.383625 -0.144535 0.912108 -0.335893 0.0782724 0.938642 -0.347616 0.10352 0.931905 -1 0 0 -1 0.000549784 -9.14127e-05 -1 -0.000218203 -1.45538e-05 -1 -3.72515e-05 -6.19244e-06 -1 0 0 -0.335636 -0.0874818 0.937921 -0.898999 -0.423001 0.113454 -0.858815 -0.490048 0.149299 -0.90983 -0.406274 -0.0845562 -1 0 0 -1 -8.70852e-16 -2.65371e-16 -1 0 0 -1 0 0 -0.84825 -0.511531 -0.137145 -1 -2.51009e-16 1.80597e-16 -0.335524 -0.0873589 -0.937972 -0.383618 -0.144535 -0.912111 -1 0 0 -0.335784 0.0780534 -0.9387 -1 0.00016876 2.95592e-05 -1 0.00019469 3.32922e-05 -1 5.78855e-05 3.35213e-05 -1 -0.000605125 0.000100588 -1 0 0 -0.347609 0.103521 -0.931908 -1 0 0 -0.389485 0.339243 -0.85628 -0.368068 0.232899 -0.900158 -0.361888 0.278229 -0.889733 -0.475256 0.333667 -0.814124 -0.489632 0.257793 -0.832949 -0.374125 0.408699 -0.832463 -0.489902 0.383925 -0.782686 -0.316836 0.804343 -0.50264 -0.26306 0.856946 -0.44322 -0.447721 0.546439 -0.707778 -0.462672 0.475926 -0.74795 -0.401812 0.593863 -0.697046 -0.312522 0.656061 -0.68696 -0.311136 0.681333 -0.662555 -0.189263 0.877145 -0.441358 -0.189209 0.886569 -0.422132 -1 1.55406e-14 -7.3995e-15 -1 -5.30772e-05 1.60795e-05 -0.0738971 0.981095 -0.178863 -0.0661991 0.987079 -0.145921 4.83209e-06 1 -8.09059e-10 -0.0739926 0.984478 -0.159147 -0.103556 0.980209 -0.168718 -2.03694e-06 1 5.01875e-06 1.36809e-05 1 -1.10358e-07 -4.87552e-06 1 2.40273e-06 -3.26636e-06 1 -6.56184e-07 -0.00377206 0.999989 -0.00277586 -0.23844 0.965865 -0.10125 -0.271581 0.962359 -0.0104583 -0.294576 0.946103 -0.134588 -0.00331521 0.999988 0.00358438 0.000223691 0.999983 0.00578502 -0.0393507 0.999225 -0.0007918 -0.226374 0.973965 0.012125 -0.246753 0.968572 0.0313209 -0.0400396 0.999198 -0.000936663 -0.0663696 0.997251 -0.0329549 -0.0174547 0.999847 0.00146707 -0.271581 0.962359 0.0104582 -0.00480579 0.999985 0.00280598 4.41283e-05 0.999981 -0.00621705 0.027672 0.954394 -0.297265 0.0231839 0.748029 -0.663261 -0.0180283 0.633966 -0.773151 0.437543 0.754615 -0.488991 0.292681 0.868175 -0.400761 0.00300544 0.999995 3.49839e-05 -3.19471e-06 1 6.58898e-07 -0.000214076 1 -0.000400492 -0.0991107 0.982053 0.160463 -2.61618e-06 1 -2.01064e-06 -0.453043 0.536129 0.712262 -0.259902 0.858948 0.441202 -0.391781 0.460957 0.796258 -1 2.52579e-05 2.48736e-05 -0.999999 -0.00146022 -0.0007435 -0.307614 0.725883 0.615197 -0.312305 0.660794 0.682508 -0.209049 0.846441 0.489731 -0.0790877 0.982558 0.168302 -0.0804121 0.980871 0.177273 4.4803e-06 1 4.70694e-07 -0.294869 0.945993 0.134723 -0.197832 0.974744 0.103622 -0.216445 0.94763 0.23484 -0.6271 0.706375 0.328299 -0.509067 0.694035 0.509083 -0.474352 0.753359 0.455456 -0.626314 0.707185 0.328054 -0.650837 0.707159 0.276293 -0.650407 0.707665 0.27601 -0.912027 0.135697 0.387032 -0.86431 0.21961 0.452482 -0.833277 0.370434 0.410401 -0.408803 0.91027 -0.0654884 -0.950812 0.25565 -0.174927 -0.387875 0.920999 -0.0362567 -0.934551 0.352428 -0.0490837 -0.675202 0.73678 -0.0354622 -0.647172 0.755673 -0.100634 -0.661116 0.742871 -0.105206 -0.921784 0.358882 -0.146688 -0.975295 0.196039 -0.101825 -0.945616 0.320715 -0.054344 -0.988594 -0.145719 -0.0380493 -0.65485 0.755483 0.0203871 0.000191383 1 0.000167926 0.000263999 1 -0.000121987 0.831709 0.547452 0.0924979 0.967205 0.219408 0.127966 0.943383 0.300764 0.139891 0.688458 0.0271837 -0.724767 0.607346 0.0254925 -0.794028 0.571608 -0.00854774 -0.820482 0.331905 0.000925103 -0.943312 0.399141 0.0238222 -0.91658 0.178243 0.719474 -0.671257 0.146158 0.664594 -0.732771 0.133142 0.707016 -0.694551 0.00138725 0.999999 0.000324598 0.0017673 0.999998 0.00065922 0.890293 0.440388 0.115914 0.515817 0.856083 0.0324772 0.644429 0.764261 0.0248115 0.505159 0.758163 -0.412314 0.992365 0.00064455 0.123334 0.989565 -0.0101458 0.143729 0.336444 -0.546035 -0.767236 0.628045 -0.0134344 -0.778061 0.821521 0.0069161 -0.570137 0.189595 0.000813175 -0.981862 0.18177 0.339714 -0.922797 0.188237 0.0012023 -0.982123 0.201061 0.0254064 -0.979249 0.545609 0.139283 -0.826384 0.459024 -0.0238963 -0.888102 0.711191 -0.479946 -0.513672 0.9404 0.019707 -0.339498 0.270074 -0.962536 0.0241732 0.279864 -0.959071 0.0431088 0.163687 -0.955856 0.24402 0.106951 -0.966567 0.233043 0.270618 -0.961868 0.0396866 0.337758 -0.93694 0.0897954 0.134315 -0.990355 0.0340145 0.322064 -0.943188 0.0816743 0.35209 -0.935872 -0.0132424 0.406556 -0.64714 -0.64492 0.428183 -0.785532 0.446765 -3.47413e-05 -0.971604 0.236613 0.0176655 -0.991407 0.129617 -4.80161e-05 -0.775233 0.631676 3.94202e-05 -0.971378 0.237537 0.105069 -0.966113 0.235769 0.0331639 -0.750736 0.65977 -2.86634e-05 -0.752582 0.658499 -2.76823e-07 -0.971489 0.237085 -3.6718e-16 -0.97149 0.237082 -0.0582823 -0.998045 -0.0225605 -0.996585 -0.08022 0.0195771 0.000158275 -1 0.000304408 0.118953 -0.990807 0.0644264 -2.19477e-05 -1 -0.000215958 0.141751 -0.98916 0.0383289 1.94093e-22 -1 -1.25161e-07 0.102058 -0.993417 0.0520326 -3.94991e-08 -1 -1.56502e-07 -2.57397e-05 -1 9.43737e-05 1.50277e-08 -1 -2.01054e-07 0.14961 -0.970027 -0.19148 2.18596e-08 -1 -2.25416e-07 0.146394 -0.971477 -0.186553 0.821777 -0.121902 0.556617 0.850555 0.122845 0.511338 0.919615 -0.00468232 0.392793 0.912868 -0.0478409 0.405443 0.897489 -0.0050046 0.441009 0.874644 0.226911 0.428379 0.504023 0.0380777 0.862851 0.831386 0.122959 0.541921 0.91849 -0.0477133 0.392556 0.909812 -0.0955694 0.403868 0.92553 -0.0854105 0.368915 0.926315 -0.075038 0.3692 0.907115 -0.086739 0.411848 0.934809 -0.0201246 0.354579 0.94729 -0.0557511 0.315488 0.909955 -0.0215226 0.414148 0.940284 -0.146199 0.307394 0.946141 -0.0920914 0.310381 0.918258 -0.211772 0.334597 0.946713 -0.189718 0.260272 0.932331 -0.250092 0.261176 0.960465 -0.136853 0.242442 0.58195 -0.751391 0.311039 0.618289 -0.717426 0.320965 0.894193 -0.184528 0.407882 0.589618 -0.530664 0.60889 0.615846 -0.515558 0.595763 0.898295 -0.174952 0.403061 0.0596622 -0.967068 0.247428 0.562262 -0.690053 0.455729 0.0819363 -0.872749 0.481244 0.0732999 -0.316579 0.94573 0.0475998 -0.271539 0.96125 0.152139 -0.259051 0.953806 0.0350026 4.52555e-05 0.999387 0.652714 -1.20044e-07 0.757604 0.252008 -1.53483e-07 0.967725 0.257733 0.000262085 0.966216 0.652533 -1.0426e-05 0.75776 0.91668 -8.90692e-06 0.399621 0.922977 -0.000933675 0.384855 0.934393 -0.000999079 0.356243 0.889529 -0.176791 0.421288 0.73753 -0.349794 0.577662 0.610079 -0.149433 0.778122 0.918375 0.000706395 0.395711 0.947519 0.000607281 0.319698 0.932038 0.0476654 0.359212 0.968689 -0.0902209 0.231305 0.95645 -0.0530365 0.287039 0.949556 0.133049 0.283973 0.904937 -0.29633 0.305413 0.943029 -0.0237884 -0.331859 0.890507 0.23834 0.387545 0.918614 0.137737 0.370373 0.970762 0.040604 0.236585 2.23883e-07 -1 -7.87861e-08 -0.29497 0.0033167 0.955501 0.901836 -0.026963 0.431236 0.485787 -0.867791 -0.104638 0.646605 -0.175604 0.742338 0.644438 -0.157025 0.74836 0.172335 -0.97843 0.113911 -0.755747 -0.00015907 0.654863 -0.256497 0.00258639 0.966542 -0.849159 0.0178707 0.527834 -0.00951089 -0.020517 0.999744 -0.0981105 0.634268 0.766863 0.0449667 0.307722 0.950413 0.257963 0.433677 0.863354 0.0150219 0.939202 0.343037 0.319058 0.892653 0.31839 0.243608 0.969531 0.0257633 0.657728 0.657811 0.366985 0.926017 0.195108 0.323149 0.646539 0.437248 0.625141 0.96752 -4.48959e-08 0.252796 0.718903 -1.21043e-07 0.69511 0.936551 0.25098 0.244704 0.965918 0.25885 7.68672e-08 1 -0.000346766 -1.21318e-10 0.999971 -0.00373281 0.00666398 0.999971 -0.0037286 -0.00665576 0.999972 0.000318799 0.00753294 0.994056 -0.0891902 0.0624353 0.976219 0.216609 -0.00876577 0.774334 0.608743 0.172742 0.800474 0.447232 0.399029 0.821139 0.564963 0.0809171 0.984134 0.177423 0.0011755 0.999999 -1.21511e-05 0.00149804 0.999798 0.00323294 0.0198175 0.926249 -0.00305717 0.376899 0.95125 0.00488261 0.308383 0.998498 0.0256318 0.0484201 0.897156 0.313155 0.311521 0.905387 0.385152 0.178698 0.297733 0.155711 0.941865 0.0348692 4.74574e-07 0.999392 0.258742 0.184805 0.948103 0.718903 -1.15129e-07 0.69511 0.286426 -1.58495e-07 0.958102 0.252327 0.00119365 0.967641 0.70249 0.212463 0.67924 0.972084 0.000631128 0.234631 0.814776 0.37029 0.446122 0.363069 -0.00603922 0.931743 0.980543 0.0989272 0.169557 0.493182 -0.353792 0.794734 0.412358 -0.404024 0.816533 0.883476 -0.316833 0.345089 0.999638 0.0158257 0.021777 0.619063 -0.734384 -0.278282 0.437273 -0.851958 -0.288027 0.830729 -0.443192 -0.336854 0.0771866 -0.900327 -0.428314 0.0404669 -0.944651 -0.325572 0.0494151 -0.795488 -0.603951 0.0605289 -0.993041 -0.101029 0.669878 -0.718351 -0.18771 0.0682195 -0.990128 -0.122442 0.0756826 -0.988803 0.128612 -0.012931 -0.952733 0.303532 0.0522395 -0.970899 0.233724 0.0505884 -0.784717 0.617787 0.54297 -0.701498 0.461611 0.965512 -0.182838 0.185357 0.999999 -0.00117251 -0.000416306 0.999094 0.00353162 0.0424103 0.979167 0.173794 0.10501 0.791469 0.576858 -0.20202 0.418236 0.898117 -0.135884 0.433133 0.890294 0.140616 0.0518179 0.98789 -0.146249 0.0431747 0.991198 -0.12515 0.0580288 0.933005 -0.355153 0.0822212 0.903213 -0.421244 0.515436 0.774564 -0.366574 0.0177362 0.79985 -0.599938 0.661721 0.485179 -0.5716 0.809522 0.347393 -0.473277 0.106285 0.242296 -0.964363 -0.0840618 0.337033 -0.937733 0.0757396 -0.0653327 -0.994985 0.0606605 0.209923 -0.975834 0.125551 0.0649224 -0.989961 0.0619383 -0.138908 -0.988366 0.0723146 -0.175269 -0.981861 0.0327 0.547047 -0.836463 0.083619 0.643596 -0.760784 0.962118 0.243591 0.122443 0.38928 0.909094 -0.148355 0.288901 0.957359 -1.00726e-05 0.00831225 0.999965 -4.94085e-06 0.0216454 0.988815 -0.147566 0.0360946 0.984381 -0.172313 0.389018 0.90994 -0.143786 0.89502 0.442441 0.0564353 0.964954 0.258581 0.0447203 0.672532 0.739501 0.0289474 0.964954 0.258581 -0.0447168 0.64548 0.763077 -0.0327056 0.645475 0.763072 0.0329167 0.671339 0.740587 -0.0288895 0.00696437 0.999975 -0.000827173 0.0194694 0.987989 0.153294 0.28495 0.948752 0.136651 0.683516 0.725124 -0.0836748 0.884732 0.459491 0.0782074 0.966354 0.257109 -0.00747991 0.67014 0.742197 0.0074514 0.807204 0.590217 -0.00814726 0.745167 0.353225 -0.565648 0.999951 0.00929911 0.0034998 -0.999951 0.00355543 0.00925449 -1 1.19178e-05 4.52043e-05 1 -1.27314e-05 -4.82904e-05 1 3.93676e-05 1.48163e-05 0.960686 -0.0358495 -0.275314 0.571214 0.17725 -0.801435 0.923288 0.0547635 -0.380186 0.999982 0.00119517 -0.00592139 0.999983 0.00435974 -0.00382201 0.999997 0.0019464 0.00175175 0.470317 -0.535157 -0.701718 0.95052 -0.124036 -0.284828 0.29219 -0.566882 -0.77024 0.877613 0.440637 0.18877 0.0591165 0.967559 0.245632 0.0537517 0.965604 -0.254401 0.0538284 0.704225 -0.707934 0.0522696 0.706153 -0.706128 0.0532439 0.254841 -0.965516 0.05319 -0.0974179 -0.993821 0.0511566 0.258193 -0.964738 0.0625451 -0.25813 -0.964084 0.0562331 -0.6888 -0.722767 -0.0365254 -0.799923 -0.598991 0.0551667 -0.70603 -0.70603 0.0729986 -0.70522 -0.70522 0.0464487 -0.258357 -0.964932 0.0386125 -0.629792 -0.775803 0.37757 -0.675605 -0.633244 0.380867 -0.251222 -0.889847 -0.0211869 -0.369701 -0.928909 0.0397576 -0.1465 -0.988411 -0.0249288 0.137401 -0.990202 0.0497021 0.397316 -0.916335 -0.189498 0.400277 -0.896587 -0.186025 0.368175 -0.910957 -0.0129798 0.64545 -0.763692 0.04378 0.930579 -0.363463 0.391853 0.891813 -0.2261 0.0506991 0.799972 0.597892 0.468609 0.636689 0.612399 0.427277 0.198551 0.88205 -0.807852 0.1528 0.569234 0.0405962 0.361147 0.931625 -0.0384033 0.11573 0.992538 0.00501286 -0.330447 0.943811 0.0425992 -0.619119 0.784141 0.0473102 -0.706315 0.706315 0.0732299 -0.705208 0.705208 0.0487461 -0.258692 0.964729 0.0628532 -0.258488 0.963968 0.0564479 -0.688768 0.722781 -0.0384643 -0.80351 0.594048 0.161946 -0.386887 0.907795 0.101647 -0.223752 0.969331 0.0508247 0.258559 0.964657 0.0589675 0.246802 0.96727 0.0592814 0.701124 0.710571 0.0554496 0.706031 0.706007 0.05801 -0.965364 0.254377 0.0579268 -0.965365 -0.25439 0.0532947 -0.963954 -0.260678 0.0380026 -0.958838 0.281399 0.00327788 -0.983483 -0.180973 0.419037 -0.642777 0.641284 0.0382891 -0.958669 0.281935 -0.737891 -0.50043 0.452866 -0.765789 -0.207284 0.60877 -0.91279 -0.274365 0.302554 -0.593674 -0.214598 0.775563 0.0566874 0.258478 0.964353 0.0474726 0.706322 0.706297 -0.0382925 0.594139 0.80345 -0.963709 0.194857 0.182471 -0.481123 0.288675 0.827761 0.0143131 0.978658 0.204998 0.0481683 0.963405 0.263688 0.048837 0.963698 -0.262488 -0.0581879 0.995432 -0.0756959 -0.888795 0.439194 -0.130967 -0.761075 0.477054 -0.439527 -0.91603 0.387465 -0.103726 -0.913821 0.272908 -0.300752 -0.759374 0.146925 -0.633849 -0.745736 0.147624 -0.649681 -0.959494 -0.0892436 -0.267219 -0.888951 0.44446 0.110548 -0.507826 0.802113 0.31421 0.043847 0.790473 -0.610926 0.365716 0.663052 -0.653157 0.0506094 0.706213 -0.706188 0.387444 0.221279 -0.894943 0.0467731 0.258248 -0.964946 -0.928964 -0.269763 -0.253484 -0.547572 -0.513333 -0.660798 0.163653 -0.38909 -0.906547 0.979477 0.199677 -0.0274462 0.99655 -0.0709172 -0.043124 0.904026 0.356293 -0.236205 0.96752 3.44242e-08 -0.252796 0.900579 0.403823 -0.160889 0.999979 8.66479e-10 -0.00642129 0.702273 0.213846 -0.67903 0.335995 0.257305 -0.906036 0.285678 2.27776e-05 -0.958326 0.718903 1.15138e-07 -0.69511 0.286323 1.5849e-07 -0.958133 0.0353992 -5.55703e-05 -0.999373 0.032818 -0.00126469 -0.999461 0.653686 1.19398e-07 -0.756766 0.619312 -0.169472 -0.766637 0.504017 -0.85877 0.0920927 0.901575 -0.0269819 -0.43178 0.916091 6.19488e-08 -0.400971 0.918321 0.000984504 -0.395834 0.947519 0.00209057 -0.319692 0.904105 -0.299151 -0.305128 -0.4161 0.0069014 -0.909293 0.000379967 -1 -0.000782477 -1.91164e-05 -1 0.00043931 0.000413479 -1 -0.000795685 0.968667 -0.0901903 -0.231407 -2.56607e-05 -1 -9.46885e-05 0.970771 0.0404534 -0.236573 0.956466 -0.0531025 -0.286971 0.949566 0.133131 -0.283903 0.918566 0.137853 -0.37045 0.943049 -0.023574 0.331818 0.890554 0.238124 -0.387569 -2.23898e-07 -1 -7.87803e-08 1.22501e-07 -1 -2.09683e-07 0.504077 0.0380912 -0.862818 0.874646 0.226908 -0.428377 0.89749 -0.00500834 -0.441006 0.912886 -0.0478962 -0.405396 0.850559 0.122839 -0.511332 0.831365 0.122953 -0.541955 0.918487 -0.0477673 -0.392555 0.919615 -0.00468203 -0.392793 0.909832 -0.0955643 -0.403823 0.926299 -0.0750385 -0.369243 0.925518 -0.0853585 -0.368959 0.907119 -0.0866795 -0.411851 0.909939 -0.0226367 -0.414124 0.935672 -0.0223679 -0.35216 0.947972 -0.0579646 -0.313031 0.945778 -0.0921338 -0.311472 0.92957 -0.258514 -0.262813 0.960431 -0.136294 -0.24289 0.922548 -0.282591 -0.262768 0.611041 -0.714346 -0.341085 0.820526 -0.318569 -0.474606 0.850877 -0.262824 -0.454899 0.186333 -0.721344 -0.66704 0.346385 -0.687996 -0.637713 0.264632 -0.92729 -0.26477 0.0603031 -0.966722 -0.248622 0.0504326 -0.942092 -0.33154 0.111771 -0.718424 -0.686567 0.0709287 -0.478392 -0.875277 0.0267156 0.157649 -0.987134 0.108209 -0.253249 -0.96133 0.0351184 6.14078e-05 -0.999383 0.0400552 -0.000539608 -0.999197 0.268365 -0.000511135 -0.963317 0.029915 0.00195958 -0.999551 0.421133 0.19944 -0.8848 0.440919 0.256089 -0.860238 0.683656 -0.00243648 -0.7298 0.905406 0.408102 0.117018 0.87836 0.477746 -0.0155716 0.758042 0.637765 -0.136484 0.667317 0.160444 -0.727287 0.596215 0.230866 -0.768914 0.901155 0.0936586 -0.423257 0.904488 0.304737 -0.298389 1 -0.00035921 0.00035921 0.914633 0.285873 -0.285873 0.999987 -0.00122677 0.00496061 0.999163 0.0194861 -0.035963 1 -8.08e-06 0.000602981 0.533362 -0.679089 0.504344 0.813288 -0.351916 0.463377 0.557358 -0.301015 0.773784 0.0516545 -0.597597 0.800131 0.0713853 -0.553121 0.830037 0.0728017 -0.813024 0.577661 0.619277 -0.637553 0.458282 0.922431 -0.386121 -0.00555211 0.864095 -0.202918 -0.460614 0.985481 -0.140256 0.0956789 0.55432 -0.800695 0.227192 0.0647551 -0.992597 0.102756 0.0073725 -0.959473 -0.281703 0.0515378 -0.971039 -0.233296 0.164078 -0.816649 -0.55332 0.723206 -0.650761 -0.231265 0.0538306 -0.789085 -0.61192 0.00645223 -0.835506 -0.549443 0.769437 -0.604423 -0.206494 0.229444 -0.963447 0.138293 1 0.000407834 -3.04714e-05 0.999978 -0.00662391 0.00103748 0.999907 0.00402287 0.013043 0.999997 0.00209936 0.00152779 0.999909 0.00490097 -0.0125661 1 8.11507e-05 0.00023355 0.99998 0.00364458 -0.00507122 0.996453 -0.0705094 -0.0459336 0.710337 -0.433477 -0.554545 0.447021 -0.583893 -0.677674 0.0623661 -0.59422 -0.801881 0.0215715 -0.46484 -0.885132 0.0887195 -0.264791 -0.960216 0.201935 -0.255142 -0.945582 0.679125 -0.0811065 -0.729528 0.0576338 0.123045 -0.990726 -0.0833074 0.364492 -0.927472 0.0510587 0.256978 -0.965068 0.0500668 -0.142605 -0.988513 0.0529072 -0.159864 -0.98572 0.0497655 -0.433518 -0.89977 0.35726 -0.164027 -0.919489 0.183813 0.132157 -0.974037 0.335897 0.431669 -0.837159 0.0518198 0.321088 -0.945631 0.350361 0.436387 -0.828742 0.0476788 0.701857 -0.71072 0.0502986 0.700806 -0.711576 0.0503589 0.322241 -0.945317 0.0514 0.31711 -0.946995 0.0360866 0.738008 -0.673827 0.273264 0.950361 -0.1488 2.08575e-05 1 -3.30519e-05 -1.73033e-05 1 -3.76869e-05 2.08001e-05 1 -9.8841e-06 0.33394 0.924211 -0.185252 0.293137 0.942849 -0.158452 0.747929 0.412946 -0.51969 -0.0216854 -0.999679 0.0130728 0.853185 0.0975753 -0.5124 0.815371 0.360966 -0.45263 0.921002 -0.0565497 -0.385431 0.805109 -0.131243 -0.578424 0.561947 -0.320048 -0.762748 0.933261 -0.00202986 -0.359194 0.871426 -0.0895358 -0.482286 0.591022 -0.0508398 -0.805051 0.768215 0.558127 -0.313592 0.32008 0.887471 -0.331577 0.760617 0.319487 0.565146 0.890036 -0.022885 -0.455315 0.829825 0.0986403 -0.549236 0.88971 -0.022904 -0.455952 0.818142 0.155063 -0.553713 0.824221 0.0983507 -0.557663 0.889693 0.0167392 -0.456253 0.892627 0.0168324 -0.450482 0.66314 -0.058339 -0.746219 0.65601 0.146084 -0.74048 0.891229 -0.0586572 -0.449744 0.678073 -0.0369744 -0.734064 0.628098 -0.391233 -0.672629 0.676479 -0.397679 -0.619861 0.756632 -0.31612 -0.572343 0.897033 -0.0756615 -0.435439 0.89406 -0.110904 -0.434001 0.000351215 -1 0.000124766 9.27937e-05 -1 -0.000116933 -1.18758e-05 -1 1.07153e-05 0.554879 -0.452606 -0.698039 0.448679 -0.438778 -0.778563 6.94528e-05 -1 -0.00012079 0.451517 -0.435 -0.779043 0.374764 -0.430088 -0.821326 0.381395 -0.192134 -0.904224 0.161754 -0.163474 -0.973197 0.243746 8.2261e-07 -0.969839 0.949281 -0.00385328 0.314406 0.266673 -0.706429 -0.655624 0.155301 -0.255688 -0.954204 0.168691 -0.372332 -0.91264 0.160641 6.35006e-07 -0.987013 3.15134e-08 2.62921e-07 -1 0.0787467 0.68103 -0.728009 0.0875821 0.633074 -0.769121 -0.161972 0.962043 -0.219632 -0.0431065 0.510852 -0.858587 -0.033057 0.594553 -0.803377 -0.0413592 -0.0109814 -0.999084 -0.0596495 0.0105333 -0.998164 -0.111142 0.890122 -0.441963 0.000220756 1 9.91125e-05 0.694593 0.713362 -0.0930341 0.0578784 0.990607 -0.123887 0.0381428 0.997833 -0.0536229 0.0538316 0.979371 -0.194766 0.160493 0.131432 -0.978247 -0.152587 -0.00705587 -0.988265 -0.0999872 0.0853287 -0.991323 -0.0527964 -0.371154 -0.927069 0.336746 -0.820543 -0.461857 0.494665 -0.869083 -0.0010552 0.499395 -0.866373 0.00168622 0.113714 -0.9935 0.00527101 0.0585005 -0.980302 -0.188642 0.0759714 -0.976058 -0.20381 0.0813776 -0.995436 0.0498494 0.0637047 -0.996764 0.0490193 0.0417294 -0.802503 -0.595187 0.0408092 -0.830188 -0.555988 0.076278 -0.800115 -0.594977 0.0942714 -0.388016 -0.916819 -0.0478312 -0.330485 -0.942598 -0.0268369 -0.403533 -0.914571 0.102461 -0.462968 -0.880433 0.228779 0.00913442 -0.973436 0.101646 0.0414656 -0.993956 0.110904 0.0252438 -0.99351 0.212328 -0.418075 -0.88325 0.267987 -0.232976 -0.934829 0.25325 -0.016991 -0.967252 0.159232 0.773979 -0.612863 0.23815 0.746808 -0.620937 0.268517 0.490259 -0.829183 0.298276 0.749736 -0.590701 0.396566 0.57713 -0.713902 0.000143058 1 -0.000123723 9.55942e-05 1 -0.000139697 0.547871 0.517064 -0.657634 0.487846 0.627761 -0.606566 0.343928 0.790513 -0.506758 0.469457 -0.532465 -0.704337 0.624752 0.0595599 -0.778548 0.675635 0.00919454 -0.737179 0.778037 0.0399074 -0.62695 0.286387 -0.951627 -0.111307 0.752065 0.0076711 -0.659044 0.716987 -0.243923 -0.653017 0.711863 -0.375854 -0.593283 0.662944 -0.400759 -0.632374 0.544298 -0.695242 -0.469446 0.454102 -0.838227 -0.301939 0.394395 -0.807218 -0.439148 0.57809 -0.29326 -0.761453 0.354415 -0.848437 -0.393121 0.575939 -0.446215 -0.684971 0.582947 0.033283 -0.811828 0.612497 -0.0106 -0.790402 0.526247 0.00967319 -0.850277 0.529353 0.0129921 -0.848302 0.484607 -0.494762 -0.721364 0.435744 0.00705582 -0.900043 0.453659 -0.0100738 -0.891118 0.357064 -0.00743513 -0.93405 0.336323 0.0126877 -0.941661 0.423965 -0.287395 -0.85887 0.424505 -0.373333 -0.824875 0.29462 -0.508973 -0.808792 0.698382 -0.0599907 -0.713206 0.0847878 -0.995632 0.0390948 0.446325 -0.877753 -0.174195 0.746915 -0.649624 -0.141798 0.769165 -0.604652 -0.206836 0.896875 -0.429715 -0.104687 0.737307 -0.153499 -0.657888 0.239872 -0.0185549 -0.970627 0.243051 -0.0114337 -0.969946 0.245069 -0.0116465 -0.969436 0.458885 -0.7151 -0.527311 0.263711 -0.525763 -0.808721 0.262372 -0.525831 -0.809112 0.276331 -0.631925 -0.724094 0.266307 -0.959149 -0.0954659 0.198268 -0.964316 0.175452 0.351687 -0.899235 -0.260177 -0.0314262 -0.889038 0.456754 -0.030038 -0.888823 0.457265 0.00311962 -0.889355 0.457206 -0.0190442 -0.846314 0.532343 0.000589029 -0.859211 0.511621 0.00545002 -0.868932 0.494902 -0.0316722 -0.858738 0.511435 -0.0637203 -0.86149 0.503761 -0.0221889 -0.930311 0.3661 -0.0572088 -0.904971 0.421609 -0.0412764 -0.929749 0.365873 -0.0758511 -0.924449 0.373686 -0.140823 -0.806485 0.57424 -0.185266 -0.88602 0.425024 -0.0698892 -0.956858 0.282026 -0.120703 -0.895036 0.429349 -0.261113 -0.723422 0.639125 -0.308473 -0.825086 0.473369 -0.149118 -0.933069 0.327331 -0.211617 -0.847741 0.486367 -0.23919 -0.89718 0.37129 -0.0875858 -0.939993 0.32976 -0.112004 -0.960861 0.253381 -0.159199 -0.912217 0.377513 -0.0514293 -0.965665 0.254648 -0.18302 -0.93941 0.28985 -0.114322 -0.949285 0.292897 -0.0783588 -0.979445 0.185868 -0.0157432 -0.982344 0.186418 -0.0493959 -0.989556 0.135422 -0.0683632 -0.974316 0.214556 -0.141629 -0.966757 0.212891 -0.182141 -0.930213 0.318637 -0.177901 -0.956343 0.231863 -0.102949 -0.984905 0.139152 -0.129653 -0.963642 0.233632 -0.0333966 -0.989614 0.139817 -0.0713555 -0.994228 0.0801194 -0.0811478 -0.98498 0.152409 -0.13445 -0.979267 0.151525 -0.169369 -0.960205 0.222084 -0.119511 -0.967298 0.223724 -0.0956901 -0.991716 0.0856892 -0.178793 -0.937405 0.298841 -0.0318221 -0.995739 0.0865487 -0.120207 -0.979887 0.159288 -0.000735923 -0.990433 0.13799 0.000294652 -0.990267 0.139181 -0.0283331 -0.863261 0.503961 -0.0357202 -0.841262 0.539446 0.00743627 -0.863467 0.50435 0.019945 -0.990543 0.135743 -0.00801665 -0.816546 0.577225 0.0107783 -0.989331 0.145289 0 -0.989629 0.143647 0 -0.878871 0.477059 0.0115843 -0.844302 0.535742 0.024537 -0.549297 0.835267 0.0601403 -0.867022 0.494627 0.000982159 -0.556631 0.830759 -0.00191343 -0.582476 0.812846 0.0581949 -0.874998 0.480616 -0.0146646 -0.80668 0.590806 0.021201 -0.988929 0.146869 0 0.989629 -0.143647 0.0243553 -0.988788 0.147328 0.0806814 -0.985736 0.147697 0.0580754 -0.990524 0.124456 0.501348 -0.865246 -0.000152395 0.999543 -0.0302096 -0.000510748 0.999988 -0.00329035 0.0035336 0.700748 0.713352 -0.00905403 0.392629 0.91967 0.00699338 0.980532 -0.158131 0.116415 0.999683 -0.0161199 -0.0193434 0.509738 -0.860325 0.00277562 0.308462 -0.63719 0.706286 0.400864 -0.863577 0.305847 0.581617 -0.179217 0.793475 0.478708 -0.268982 0.835756 0.338637 -0.0887095 0.936726 0.897959 -0.0410242 0.438162 0.899454 -0.0485172 0.434313 0.70699 1.77115e-07 -0.707224 0.965924 3.87495e-08 -0.258826 0.965923 5.97287e-08 -0.258828 0.999999 -0.000142489 -0.00153349 5.37084e-08 2.43525e-07 -1 -7.26755e-05 1 5.31368e-05 0.00210828 0.996012 -0.089192 0.507839 0.583099 -0.63411 0.000648495 0.999998 -0.00199975 -0.0835929 0.993832 0.0728753 0.250962 0.245557 -0.936333 0.19615 0.299728 -0.933642 -1.42694e-09 0.254386 -0.967103 -0.000439664 0.72794 -0.685641 0.258883 1.71709e-07 -0.965909 0.706987 1.38925e-07 -0.707227 0.657768 0.366578 -0.657998 0.952078 0.168713 -0.255116 -5.2952e-16 -0.709857 -0.704346 1.78461e-17 -0.258832 -0.965922 -4.65582e-09 -0.258832 -0.965922 0.0939508 -0.707585 -0.700354 0.0668634 -0.943478 -0.324621 0.00187378 -0.990751 -0.135677 -3.04902e-05 -1 -5.06855e-05 -0.000199817 -1 -0.000165878 0.220572 -0.749224 -0.624508 0.111596 -0.905468 -0.40948 0.000132601 -1 -0.000125541 0.3798 -0.721832 -0.578542 0.413967 -0.499622 -0.760926 0.469254 -0.0342398 -0.882399 0.389486 0.0763401 -0.917863 0.500308 -0.333252 -0.799146 0.525839 -0.104836 -0.844098 0.459584 0.259767 -0.849296 0.459613 0.258077 -0.849795 0.377287 0.2591 -0.889113 0.475955 0.00966407 -0.879416 0.627323 -0.0342214 -0.778007 0.589634 0.228675 -0.774622 0.607711 -0.00928875 -0.794104 0.575965 0.437032 -0.690845 0.672598 0.517215 -0.529246 0.408504 0.74411 -0.528606 0.274794 0.906264 -0.321207 0.37159 0.821655 -0.432207 0.110177 0.974707 -0.19444 0.353195 0.678926 -0.643671 0.123674 0.965621 -0.228648 0.221203 0.705758 -0.673034 0.0810954 0.965682 -0.246742 0.0811745 0.965632 -0.24691 0.336986 0.705854 -0.623066 0.000990258 0.999999 -0.000806375 -0.000103114 1 0.000735058 -3.35718e-06 1 9.05292e-07 -6.98831e-08 1 2.12565e-07 0.0360813 0.965682 -0.257209 0.00182772 0.999998 -0.000831155 0.0361247 0.965637 -0.257372 -0.014078 0.965536 -0.25989 0.00276886 0.276216 0.961092 0.0232336 0.40747 0.912923 -0.0317091 0.270801 0.962113 -0.0110112 0.616514 0.787267 -0.0228128 0.635863 0.771465 0.216199 0.810337 0.544621 -0.00882415 0.800355 0.599462 0.014094 0.553542 0.832702 0.0104191 0.868497 0.495585 -0.0531622 0.553594 0.831088 -0.0560691 0.79896 0.598765 -0.0494463 0.778295 0.625949 0.270932 0.45294 0.849377 -0.0419633 0.0574916 0.997464 0.00364326 0.0573562 0.998347 -0.0421339 0.0313621 0.99862 -0.00158821 0.0263208 0.999652 -0.032832 0.023196 0.999192 -0.000728558 0.06069 0.998156 0.177677 0.25682 0.949987 -0.0033483 0.0601179 0.998186 0.12953 0.0288141 0.991157 0.248325 0.0384589 0.967913 -0.00106365 0.0258033 0.999666 0.177372 -0.0351713 0.983515 -0.00103862 -0.999707 -0.0241791 -0.000742073 -0.0472452 0.998883 0.0190378 -0.999679 0.0167446 -0.009174 -0.0618765 0.998042 -0.00584379 -0.073384 0.997287 -0.0175849 -0.0767992 0.996891 -0.0121511 -0.0856054 0.996255 -0.02793 -0.086243 0.995883 -0.0755428 -0.056066 0.995565 -0.0559011 -0.0357897 0.997795 -0.0279805 -0.0620413 0.997681 -0.0557702 -0.0785057 0.995352 -0.0335278 -0.0559747 0.997869 -0.020445 -0.0793636 0.996636 -0.0208366 -0.0812126 0.996479 -0.0294235 -0.089452 0.995556 -0.0193336 -0.0542096 0.998342 -0.174223 -0.0446333 0.983694 -0.0295047 -0.0501875 0.998304 -0.199493 -0.0734388 0.977143 -0.203852 -0.0546587 0.977475 -0.222365 -0.180617 0.958087 -0.348077 -0.175567 0.920879 -0.345064 -0.193108 0.918499 -0.333177 -0.494629 0.802705 -0.446953 -0.469287 0.761579 -0.333613 -0.501109 0.798494 -0.43047 -0.191223 0.882116 -0.423262 -0.341452 0.839202 -0.71217 -0.267666 0.648975 -0.461994 -0.103231 0.880854 -0.44686 -0.104935 0.888428 -0.454251 -0.299083 0.839169 -0.461808 -0.281659 0.841072 -0.472672 -0.116638 0.873485 -0.486728 -0.301189 0.819988 -0.479043 -0.1157 0.870133 -0.474235 -0.334941 0.814196 -0.49848 -0.140022 0.855519 -0.496155 -0.335426 0.800825 -0.452183 -0.146667 0.879784 -0.516111 -0.229459 0.825214 -0.479862 -0.236559 0.84485 -0.439167 -0.589471 0.67798 -0.318158 -0.543548 0.776744 -0.374123 -0.47124 0.798727 -0.370097 -0.293208 0.881508 -0.402434 -0.316262 0.859084 -1 0 0 -1 0 0 -1 0 0 -0.172701 -0.802363 0.571305 -0.115975 -0.700453 0.704212 -0.220689 -0.590971 0.775918 -1 -2.19767e-06 -1.40447e-06 -1 2.81711e-05 -2.83222e-05 -0.0687531 -0.862156 0.501956 -0.0188262 -0.789248 0.613786 0.00340754 -0.854619 0.519245 -0.0103336 -0.845303 0.534187 0.284004 -0.86285 0.418128 -0.978548 0 0.206018 -0.0174104 -0.854117 0.519789 -0.213316 -0.834308 0.508356 -0.0290419 -0.868164 0.495427 0.00768957 -0.873768 0.486282 -0.0227936 -0.883893 0.467133 -0.05162 -0.874808 0.481711 -0.00376291 -0.892008 0.452004 -1 1.49575e-06 2.8824e-06 0.0041411 -0.957783 0.287462 -1 0 0 -0.459328 -0.764161 0.452852 -0.00443633 -0.871446 0.490472 0.0336096 -0.943443 0.329827 0.0237426 -0.94841 0.316157 0.0229554 -0.867918 0.496177 0.0323365 -0.943586 0.329545 -0.00569208 -0.87677 0.480876 -0.535394 -0.74311 0.401425 -0.494663 -0.761075 0.419611 0.033333 -0.944826 0.325871 0 -0.9991 -0.0424136 0.0341187 -0.941756 0.334561 -0.694363 -0.641053 0.326973 -0.710742 -0.623564 0.325596 -0.636424 -0.378854 0.671888 -0.0418898 -0.226121 0.973198 -0.491783 -0.0529016 0.869109 -0.492269 -0.0520797 0.868884 -0.00556431 -0.357679 0.933828 -0.00112909 -0.808073 0.589081 0.00303867 -0.673547 0.739138 -8.35995e-06 -0.242509 0.970149 0.188568 -0.24054 0.952146 0.322665 -0.0217018 0.946264 0.00139751 0.00107688 0.999998 -0.410194 -0.624914 0.664247 0.022922 -0.620189 0.784117 0.0222246 -0.624764 0.780497 0.00516451 -0.211944 0.977268 0.00865906 -0.22938 0.973298 0.0319183 -0.88471 0.465048 0.0800462 -0.824293 0.560476 0.0317284 -0.884585 0.465298 0 -0.927725 0.373263 0.0321463 -0.883937 0.4665 0.805595 -0.426026 0.411726 0.769281 -0.427895 -0.47446 0.616311 -0.762883 0.195372 0.70457 -0.583344 -0.404092 0.703698 -0.551144 -0.448386 0.999156 -0.00513483 -0.0407533 0.94897 -0.0906622 0.302052 0.999367 5.80087e-09 -0.0355866 0.999357 0.000245424 -0.0358519 0.974165 -0.00176074 0.225829 0.974637 -0.00200572 0.223782 0.967244 -0.252874 -0.0222264 0.929077 -0.368567 -0.0312209 0.458371 -0.832342 0.311614 0.437539 -0.688209 0.578729 0.00112016 -0.998949 -0.0458191 0.327175 -0.944782 -0.0185226 0.327165 -0.944764 0.019601 -0.000482737 -0.939237 -0.343268 0.0075052 -0.997885 -0.0645654 4.13815e-05 -0.942866 -0.333172 -0.242175 -0.964774 -0.102772 -0.622614 -0.78132 -0.0434883 -0.866206 -0.499216 -0.0216761 -0.956381 -0.292007 0.00816871 -0.957399 -0.288676 0.00729626 -0.999998 0.00187181 0.00103844 -0.999909 0.0079017 0.0109172 -0.999996 -0.00120762 0.00262408 -0.999862 -0.0166281 -0.000318789 -0.99998 -0.00631328 0.000629176 -0.999971 -0.0058545 0.00488865 0.0375913 -0.994367 0.0990979 0.0281463 -0.959104 0.281651 -0.99998 -0.00635015 -0.000632857 0.0375238 -0.99437 -0.099099 0.0334119 -0.994616 -0.0980981 0.033412 -0.994617 0.0980808 -1 0.000320965 -0.000664684 -0.999776 0.0150265 -0.01493 -0.999838 -0.018019 0.000444679 -0.99997 -0.00590067 -0.00493032 -0.710821 -0.623436 -0.325671 -0.634861 -0.370008 -0.678266 0.00148831 -0.00239057 -0.999996 0.00854513 -0.22107 -0.975221 0.00271871 -0.00571129 -0.99998 0.321156 -0.0218212 -0.946775 0.704882 0.0104032 -0.709249 0.00829794 -0.223135 -0.974752 0.0263459 -0.610437 -0.791627 0.0232436 -0.631188 -0.775282 0.031886 -0.884715 -0.46504 0.0676621 -0.829186 -0.554863 0.0320903 -0.884023 -0.466341 0 -0.927725 -0.373263 0.0308486 -0.885924 -0.462804 -0.4119 -0.638965 -0.649663 0.033616 -0.943381 -0.330004 0.0313094 -0.94328 -0.330518 0.0326949 -0.947264 -0.318782 0.0335076 -0.980741 -0.192418 0.0324021 -0.948385 -0.315463 0 -0.9991 0.0424087 -0.494818 -0.760995 -0.419574 -0.535022 -0.743268 -0.401627 -0.00565694 -0.876692 -0.481018 0.0340662 -0.94198 -0.333936 -0.694263 -0.641102 -0.327089 -0.00442725 -0.871521 -0.490338 -0.0174195 -0.854128 -0.51977 -0.0103165 -0.845281 -0.534222 -0.0189827 -0.846287 -0.532389 0.00309786 -0.889201 -0.457507 0.0202122 -0.86838 -0.495487 -0.031696 -0.858783 -0.511358 -0.0277372 -0.867543 -0.496589 -0.0687341 -0.862206 -0.501872 -0.115975 -0.700453 -0.704212 -0.172654 -0.802285 -0.571428 -0.140862 -0.806395 -0.574356 -0.0758511 -0.924449 -0.373686 -0.120702 -0.895039 -0.429344 -0.0698895 -0.956857 -0.282027 -0.185325 -0.886012 -0.425014 -0.0221889 -0.930311 -0.3661 -0.0412781 -0.929749 -0.365873 0.000534272 -0.859256 -0.511546 -0.0636999 -0.86153 -0.503695 -0.0572105 -0.90497 -0.421612 0.00537746 -0.868935 -0.494897 0.0112191 -0.902368 -0.430821 0.0106 -0.900644 -0.434429 0.0106238 -0.871292 -0.49065 0.0276632 -0.867323 -0.496977 -0.0277838 -0.911307 -0.410789 0.0546363 -0.933106 -0.355426 0.0230537 -0.944347 -0.328143 0.764964 -0.631242 0.127919 0.716251 -0.652194 0.248247 0.804716 -0.54025 0.246096 0.90723 -0.355107 0.225459 0.863144 -0.501474 0.0592112 0.925818 -0.122634 0.357523 0.633993 -0.149106 0.758828 0.819932 0.0603047 0.569275 0.921131 -0.0179823 0.388837 0.829063 0.177191 0.530337 0.802526 0.0792214 0.591334 0.543698 0.26235 0.797223 0.935023 -0.242991 -0.258237 0.891245 0.00895168 0.453434 0.80959 0.102604 0.577959 0.837117 0.374865 0.398386 0.809156 0.0929347 0.580198 0.891311 0.00500541 0.453364 0.892452 0.00790741 0.451074 0.892525 -0.149646 0.425448 0.897351 -0.173788 0.405659 0.572783 -0.791277 0.214009 0.795572 -0.360091 0.487236 0.720269 -0.214347 0.659749 0.498035 -0.779514 0.379895 0.599007 -0.742819 0.299015 0.453898 -0.838407 0.301745 0.354213 -0.848676 0.392787 0.0847665 -0.995633 -0.0391141 0.00957751 -0.987291 -0.158637 -0.078348 -0.979453 -0.185831 -0.0157327 -0.982352 -0.186381 -0.0514149 -0.965679 -0.254597 -0.0246093 -0.986602 -0.161276 -0.00166306 -0.992841 -0.11943 -0.00645318 -0.976571 -0.215101 0.00337738 -0.976586 -0.215102 -0.0520876 -0.973615 -0.222173 -0.0875637 -0.939969 -0.329835 -0.112022 -0.960872 -0.25333 0.0733424 -0.921298 -0.381878 -0.0429959 -0.938434 -0.342773 -0.0341482 -0.947333 -0.318423 -0.0250195 -0.959136 -0.281837 -0.149096 -0.933047 -0.327406 -0.211583 -0.847686 -0.486478 -0.239205 -0.89721 -0.371207 -0.159223 -0.912247 -0.377429 -0.352294 -0.803938 -0.479137 -0.328767 -0.744609 -0.580922 -0.268879 -0.827376 -0.493106 -0.183021 -0.939411 -0.289846 -0.114324 -0.949286 -0.292893 -0.310261 -0.899303 -0.308207 -0.182195 -0.930153 -0.31878 -0.141629 -0.966757 -0.212891 -0.0683633 -0.974316 -0.214556 -0.177937 -0.956335 -0.231868 -0.102936 -0.984903 -0.13918 -0.129622 -0.963644 -0.23364 -0.0333794 -0.989611 -0.139845 -0.134433 -0.979278 -0.151466 -0.0811587 -0.984989 -0.152349 -0.0713654 -0.994228 -0.0801044 -0.0355809 -0.997406 -0.0625651 -0.0199601 -0.996848 -0.0767801 0.0139964 -0.99855 -0.051972 0.0154057 -0.998388 -0.0546273 0.0108079 -0.989355 -0.145119 0.0169317 -0.99026 -0.138194 -0.0012272 -0.99054 -0.137217 -0.0318166 -0.995737 -0.0865805 -0.120077 -0.977026 -0.176071 -0.119509 -0.967258 -0.223895 -0.095684 -0.991714 -0.0857215 -0.00801956 -0.987281 -0.158784 -0.187816 -0.816514 -0.545921 -0.187084 -0.808892 -0.557399 -0.333708 -0.501091 -0.798465 -0.219523 -0.518596 -0.826358 -0.271276 -0.792553 -0.54614 -0.333236 -0.494071 -0.803024 -0.342789 -0.206751 -0.916379 -0.348189 -0.17575 -0.920802 -0.446963 -0.468766 -0.761894 -0.431392 -0.198553 -0.880044 -0.396808 -0.114522 -0.91073 -0.344579 -0.117079 -0.931428 -0.4314 -0.124086 -0.893587 -0.445023 -0.10513 -0.889327 -0.434146 -0.105562 -0.894636 -0.46358 -0.063203 -0.883798 -0.461995 -0.103222 -0.880855 -0.42091 -0.0892549 -0.9027 -0.422004 -0.0540963 -0.904979 -0.438131 -0.0330129 -0.898305 -0.438161 0.00513829 -0.898882 -0.416673 0.0494593 -0.90771 -0.310414 0.0522795 -0.949163 -0.317986 -0.0592306 -0.946243 -0.19948 -0.0734356 -0.977146 -0.174223 -0.0446032 -0.983696 -0.174194 -0.0478172 -0.98355 -0.317737 -0.0707529 -0.945535 -0.302924 -0.0411702 -0.952125 -0.168007 0.045748 -0.984724 -0.303851 0.0395033 -0.9519 -0.163164 -0.0354063 -0.985963 -0.0755543 -0.0562175 -0.995556 -0.055771 -0.0357902 -0.997802 -0.0707336 0.0298825 -0.997048 -0.0911316 0.0498979 -0.994588 -0.041981 0.0562005 -0.997537 -0.0421425 0.0313698 -0.998619 -0.090875 0.0767261 -0.992902 -0.0649601 0.0774146 -0.99488 -0.0641604 0.106353 -0.992256 -0.0594262 0.126621 -0.99017 0 -0.0130525 -0.999915 -0.0852064 0.145916 -0.985621 -0.069347 0.448297 -0.891191 -0.0980268 0.852388 -0.51364 -0.0102032 0.608868 -0.793206 0.0142586 0.553535 -0.832704 -0.0531702 0.553597 -0.831086 -0.0805983 0.452628 -0.88805 -0.0183622 0.623008 -0.782 0.165262 0.702232 -0.692502 0.267959 0.559195 -0.784537 0.0245243 0.280787 -0.959457 0.195982 0.420406 -0.885918 0.00228793 0.154815 -0.987941 0.225414 0.396906 -0.88975 0.176457 0.265758 -0.947753 -0.00460944 0.0600864 -0.998183 0.603942 0.0488801 -0.795528 0.790591 0.0440387 -0.61076 0.906255 0.0183658 -0.422332 0.449331 0.0421682 -0.892369 0.27262 0.000537496 -0.962122 0.521373 0.0268424 -0.852907 -0.001114 0.0270044 -0.999635 -0.000211469 0.0250193 -0.999687 -0.00913379 -0.0618364 -0.998045 -0.0335714 -0.056127 -0.997859 -0.0281106 -0.0620759 -0.997675 -0.00151058 0.0262852 -0.999653 -0.032896 0.0232524 -0.999188 -0.00592051 -0.0730165 -0.997313 -0.02806 -0.0862298 -0.99588 -0.0123728 -0.0859609 -0.996222 0.553572 -0.068863 -0.829949 0.910878 -0.0201115 -0.412184 0.537798 -0.038043 -0.842215 0.922316 -0.0223557 -0.385789 0.998175 -0.00659653 -0.0600202 0.00535413 -0.999806 0.0189379 0.99548 -0.00516032 -0.0948289 0.995354 0.00123304 -0.0962729 0.999989 0.00044021 -0.00473758 1 3.97462e-05 -0.000427752 -6.55231e-08 -1.72515e-07 1 0.258894 -9.90259e-08 0.965906 5.39656e-08 -2.76935e-07 1 -0.00141591 0.704862 0.709343 0.00116889 0.356355 0.93435 0.118916 0.349219 0.929465 0.161974 0.00031677 0.986795 0.160679 -5.56646e-14 0.987007 0.246858 6.08472e-13 0.969052 0.342705 -0.00100876 0.939442 0.2471 0.0358234 0.968328 0.234994 0.0864851 0.968142 0.493566 0.15277 0.856186 0.406941 0.233131 0.883204 0.415702 0.0971994 0.904292 0.396431 0.143627 0.90676 0.0509616 -0.994389 0.0927011 0.401333 0.493428 0.771661 0.422478 0.372541 0.826272 0.4427 0.507785 0.739034 0.0947828 0.984055 0.150505 0.130778 0.970719 0.2015 0.522679 0.513474 0.680552 2.27243e-07 1 5.62728e-07 0.364589 0.802639 0.472065 0.641955 0.147885 0.752346 0.62739 0.442722 0.640608 0.731021 -0.128958 0.670058 0.707696 0.43375 0.557698 0.829354 0.0983364 0.550002 0.713636 0.250233 0.654299 0.824281 0.098085 0.55762 0.804402 0.252441 0.537783 0.604223 0.730652 0.317902 0.666428 0.693343 0.274135 0.74286 0.580599 0.333262 0.732372 0.494472 0.468113 0.730559 0.590451 0.343004 0.764192 0.582732 0.276466 0.00015696 1 -0.000133304 0.0121895 0.972946 0.23071 0.0132961 0.969871 0.243255 0.0354233 0.748917 0.661717 0.0519142 0.326701 0.943701 0.0355788 0.729454 0.683104 0.0502163 0.32003 0.946076 0.0522003 0.703003 0.709268 0.0517373 0.701602 0.710689 0.253667 0.959745 0.120591 0.548756 0.400553 0.733774 0.589432 0.171858 0.789326 0.860007 0.00125208 0.510281 0.748696 0.465252 0.472223 0.850746 -0.00983124 0.525485 0.849368 0.0149082 0.527591 0.880965 0.00859395 0.473103 0.864373 -0.0477835 0.500576 0.866048 -0.0312329 0.498984 0.146754 -0.987364 -0.059791 0.290591 -0.956328 0.0315366 0.862361 -0.0399875 0.504713 -0.241399 0.970426 0 0.859289 0.51149 0 0.856959 -0.0519069 0.512763 0.305071 -0.951353 0.0431168 0.836466 -0.0941227 0.539876 0.849892 -0.0672182 0.522652 0.779956 0.0334612 0.624939 0.772149 0.044588 0.633876 0.839652 0.0749535 0.537928 0.811571 0.00738793 0.584208 0.704314 -0.512502 0.491207 0.38804 0.86569 0.316239 0.270584 0.929224 0.251649 0.594039 0.670277 0.4448 7.71526e-05 1 2.94473e-05 0.546174 0.73437 0.402982 0.736514 0.0012684 0.676421 0.656357 0.0203343 0.754176 0.701873 -0.0558235 0.710111 0.582532 0.0394151 0.811851 0.654709 -0.407463 0.636655 0.584325 -0.472499 0.659779 0.626817 -0.0244827 0.778782 0.53224 0.00904816 0.846545 0.532388 0.147078 0.833625 0.531559 0.00985303 0.846964 0.423905 -0.285922 0.859391 0.371691 -0.00646506 0.928334 0.335987 0.0139247 0.941764 0.306883 -0.00866859 0.951708 0.230682 0.00719179 0.973003 0.22006 -0.377734 0.899383 0.152858 -0.834628 0.529179 0.147969 -0.859979 0.488407 0.26567 -0.216127 0.939526 0.0722251 -0.813574 0.576958 0.0757443 -0.800699 0.594259 0.0992757 -0.246008 0.96417 0.0617843 -0.438151 0.896775 0.134306 -0.416256 0.899273 0.0472558 -0.947503 0.316234 0.0981093 0.0544821 0.993683 -0.0323165 0.0061938 0.999458 0.0421788 0.00590229 0.999093 -0.0709388 0.325646 0.942827 -0.0402995 -0.00234738 0.999185 -0.129835 -0.00951504 0.99149 -0.142715 0.00532449 0.98975 0.049385 -0.736349 0.674798 0.285807 -0.795148 0.534841 0.470947 -0.863591 0.180055 0.500441 -0.865771 -0.000148088 0.843118 -0.537703 0.00514657 0.95274 -0.303779 -0.00200695 0.999966 0.0082573 0.000208215 0.964125 0.0534113 0.260019 0.978381 0.011853 0.206469 0.475563 0.800264 0.365263 0.867565 0.441613 0.228712 0.0975579 0.985464 0.139078 -0.0713014 0.70702 0.70359 -0.00437419 0.933858 0.357617 -0.0715328 0.79051 0.608257 0.000318446 0.999999 0.00107874 0.000764528 0.999974 0.0071048 -0.00261993 0.999995 0.001851 -1.43154e-05 1 0.00010379 0.125987 0.786126 0.60509 0.228742 0.677276 0.699267 0.247257 0.632629 0.733924 -8.98442e-05 1 0.000230992 7.55042e-05 1 9.70631e-05 0.353041 0.62187 0.699028 0.306187 0.798082 0.518956 0.000225104 1 5.87239e-05 0.265349 0.928999 0.257974 0.504059 0.54109 0.673161 0.418246 0.687746 0.59336 0.401706 0.475204 0.782824 0.452661 -0.011236 0.891612 0.435649 0.00576474 0.900098 0.258188 0.78955 0.556731 0.373239 -0.254527 0.892137 0.114782 0.0328878 0.992846 0.209581 -0.00791306 0.977759 0.0963579 0.551963 0.828282 0.0857212 0.613613 0.78494 -0.0405307 0.942968 0.330407 0.0610563 0.328428 0.942553 0.250956 0.245717 0.936293 -2.46753e-09 0.254605 0.967045 0.203308 0.292975 0.934255 0.502435 0.601321 0.621266 0.658832 0.362744 0.659058 0.992724 0.0650898 -0.101302 0.999969 0.00787954 0.00025675 0.729378 0.46793 -0.499047 0.509372 -0.860542 -0.00282098 0.289591 -0.814045 -0.503456 0.467408 -0.869154 -0.161555 0.20807 -0.627107 -0.750629 0.030238 -0.470842 -0.881699 0.00177013 -0.249356 -0.96841 -0.00275623 -0.29261 -0.956228 0.55435 -0.187159 -0.810967 0.467392 -0.249138 -0.848219 -0.0198685 -0.0795736 -0.996631 -0.055641 -0.0783858 -0.995369 -0.0174956 -0.0505684 -0.998567 -0.0191125 -0.0545255 -0.998329 -0.203796 -0.0549691 -0.977469 -0.218031 -0.240747 -0.945782 -0.222344 -0.180831 -0.958052 -0.0177524 -0.235857 -0.971626 -0.223104 -0.541674 -0.810441 -0.0135551 -0.263186 -0.96465 -0.013209 -0.263194 -0.964653 0.000963378 -0.556679 -0.830727 0.0230596 -0.549827 -0.83496 0.494363 -0.869255 0.000927303 0.498077 -0.867131 -0.00169818 0.0592106 -0.990329 -0.125467 0.0519904 -0.875039 -0.481252 0.0806517 -0.985652 -0.148274 0.0813685 -0.9954 -0.0505817 0.111613 -0.993738 -0.00529821 0.0761564 -0.976708 0.200605 0.0430964 -0.75185 0.657924 0.0417463 -0.803041 0.59446 0.057888 -0.844621 -0.532226 -0.00199814 -0.583076 -0.812415 0.0109395 -0.835189 -0.549854 -0.0403244 -0.817178 -0.574973 -0.0315307 -0.588009 -0.80824 -0.0334207 -0.841408 -0.539366 0.00392043 -0.872825 -0.488018 -0.0341374 -0.566783 -0.823159 -0.0101376 -0.245595 -0.969319 0.327858 -0.088761 -0.940548 0.883446 -0.0410813 -0.466729 0.485288 -0.0638135 -0.872023 0.906289 -0.0406984 -0.420695 0.998717 0.0283887 0.0419406 0.951676 -0.178683 -0.249771 0.998641 0.039819 0.0336162 0.990842 -0.0012223 0.135022 0.961855 0.000147455 0.273559 0.68644 -0.000277746 0.727187 0.706983 -1.39115e-07 0.70723 0.258903 -1.89981e-07 0.965903 0.85457 -0.119131 -0.505488 -0.0175013 -0.0790398 -0.996718 0.972696 0.232085 0.000379867 0.681713 0.731512 0.0125807 0.433777 0.90102 0.00105268 0.00106576 0.999972 0.00737224 0.266681 0.0287734 0.963355 0.270629 0.0312258 0.962177 0.819509 -0.0313369 0.572209 0.565486 0.00417233 0.824747 0.695292 0.0540086 0.716696 0.102023 0.715872 0.690738 -0.0409575 -0.444678 0.894753 0.0516848 -0.979255 0.195932 0.0195207 -0.998358 -0.0538554 0.0848043 -0.990026 0.1125 -0.0223133 -0.998438 -0.0512163 -0.0303814 -0.992772 -0.116107 0.125096 -0.989815 0.0679565 -0.00338117 -0.992286 -0.123925 0.424461 -0.373674 0.824743 0.27252 -0.831925 0.483357 0.294464 -0.509846 0.808299 0.287187 -0.814401 0.504257 0.580995 -0.267601 0.768657 0.394438 -0.807232 0.439084 0.486981 -0.508121 0.710396 0.831545 0.0342595 0.5544 0.452533 0.205986 0.867631 0.545422 0.447171 0.70891 0.363265 0.529671 0.766477 0.209528 0.383927 0.899276 0.209131 0.216836 0.953544 0.0734722 0.915748 0.394979 0.0548342 0.877767 0.47594 0.154517 0.601653 0.78367 0.289096 0.540357 0.790213 0.300694 0.621412 0.723484 0.215967 0.385061 0.897266 0.641091 0.581187 0.501223 0.718384 -0.00865432 0.695593 0.69811 0.00290474 0.715985 0.490633 -0.853328 0.17638 0.439194 -0.704426 0.557577 0.379493 -0.779867 0.497787 0.21355 -0.968803 -0.125769 -0.0432794 -0.889952 -0.453995 0.279584 -0.652924 0.703934 0.281055 -0.725879 0.62778 0.220212 -0.939105 0.263796 0.221078 -0.938962 0.263582 0.264721 -0.723244 0.637841 0.277255 -0.296594 0.913872 0.27561 -0.283724 0.918444 0.242827 -0.00918722 0.970026 0.269393 -0.248382 0.930448 0.238799 -0.00276655 0.971065 0.357968 -0.00370326 0.933727 0.462248 -0.230671 0.856223 0.411829 -0.0256137 0.910901 0.24124 -0.00910081 0.970423 0.633501 -0.104235 0.766688 0.914387 -0.351594 0.200695 0.201776 -0.972039 0.120108 0.099309 -0.970604 -0.219239 0.561523 -0.817123 -0.130392 0.239916 -0.0129898 0.970707 0.0960084 -0.97112 -0.218423 0.12085 -0.989254 -0.082295 0.0266298 -0.945953 -0.323208 0.805495 -0.425088 -0.41289 0.592286 -0.78622 -0.176227 0.835191 -0.415757 -0.360004 0.99907 -0.0113172 0.0415944 0.999458 -5.3679e-09 0.0329304 0.999663 -0.00700786 0.0249899 0.928649 -0.368403 0.0434851 0.541244 -0.711715 -0.44779 0.533021 -0.799197 -0.2778 0.588905 -0.806446 -0.0532481 0.226694 -0.598664 -0.768252 0.792716 -0.00892839 -0.609525 0.99245 0.00726011 0.122437 0.937124 0.00915385 0.348878 0.953349 -0.0080086 0.301765 0.999198 -6.52854e-09 0.0400506 0.998621 -0.00648342 0.0520974 0.829033 -0.106045 -0.549053 0.739404 -0.642709 0.200518 0.443062 0.883358 -0.152887 0.138094 0.953727 0.267085 0.744851 0.641361 0.183991 0.0880107 0.955166 0.282687 0.124665 0.966068 0.226209 0.0483076 0.962877 0.265584 0.0505597 0.701061 0.711307 0.0493641 0.701119 0.711333 0.0519533 0.91508 0.399912 0.0522581 0.789907 0.610996 -0.0115059 0.618654 0.785579 0.502381 0.457448 0.733727 0.82683 0.521894 0.209712 0.896914 0.399542 0.189506 0.0522661 0.9904 0.127971 -0.0029795 0.92488 0.380247 0.0515334 0.256509 0.965167 -0.0673131 0.338143 0.938684 0.503833 0.436203 0.745573 0.0501737 0.255075 0.965619 0.380002 -0.142806 0.913895 0.252859 -0.129619 0.958781 0.055911 -0.156035 0.986168 0.619367 -0.0473712 0.783672 0.915431 -0.0257878 0.401649 0.880172 -0.0832009 0.467307 0.608538 -0.269926 0.746204 0.871418 -0.0895432 0.482299 0.218533 -0.42721 0.877345 0.59829 -0.273136 0.75329 0.166805 0.147593 0.974881 0.233088 0.263951 0.935949 0.0485977 -0.446636 0.893395 0.0885955 -0.264266 0.960372 0.0214453 -0.465132 0.884982 0.0611631 -0.464367 0.883528 0.0523914 -0.155876 0.986386 0.0581305 -0.580945 0.811864 0.0317757 -0.80491 0.592546 0.734189 -0.35531 0.578551 0.782364 -0.0421595 0.621393 0.171832 -0.26126 0.949851 0.0596283 0.137089 0.988762 0.0456549 -0.115723 0.992232 0.603536 0.705408 0.371677 0.00033153 1 1.96351e-05 0.144368 0.979497 0.140508 -0.00011541 1 0.000309278 0.467549 0.856915 0.217014 0.931307 -0.0939729 0.351904 0.911282 -0.04528 0.409285 0.88987 -0.0228292 0.455643 0.81818 0.15507 0.553656 0.889684 -0.022833 0.456006 0.889664 0.016801 0.456306 0.892627 0.0168944 0.450479 0.663058 -0.0584476 0.746283 0.655932 0.146085 0.740549 0.891227 -0.0587234 0.449739 0.676471 -0.397602 0.619919 0.628182 -0.391162 0.672592 0.893998 -0.111289 0.43403 0.678145 -0.0368633 0.734003 0.89701 -0.0756618 0.435487 0.000421691 -1 -0.000143535 0.161571 -0.964688 -0.20802 0.135833 -0.976205 -0.169038 0.41342 -0.738794 -0.532229 0.406663 -0.752464 -0.518096 0.93947 -0.342604 0.00426265 0.534153 -0.808391 0.247354 0.801004 -0.00991036 0.598577 0.769235 -0.0197903 0.63866 0.853282 0.0323745 0.520443 0.714573 -0.0930444 0.693346 0.760511 -0.00999129 0.649248 0.695042 0.0404033 0.717833 0.693623 0.0107259 0.720258 0.626541 -0.0329151 0.778693 0.612049 -0.0115901 0.790735 0.575983 0.454397 0.679534 0.573468 0.232977 0.785402 0.413094 0.70697 0.574061 0.366491 0.845021 0.389388 0.336645 0.7064 0.62263 0.336989 0.705848 0.62307 0.458939 0.262464 0.848815 0.458995 0.259814 0.8496 0.304578 0.221736 0.926318 0.221021 0.706344 0.672479 0.221268 0.70582 0.672948 0.0985866 0.705471 0.701849 0.0984637 0.705874 0.701461 0.137215 0.164118 0.976851 0.294839 0.270241 0.916537 0.122009 0.258439 0.958292 0.126574 -0.0251804 0.991638 0.196323 0.0232062 0.980265 0.198144 0.00658491 0.980151 0.153261 -0.894854 0.419223 0.0431106 -0.923842 0.380339 -0.00146913 -0.469369 0.883001 0.115425 -0.0120963 0.993243 0.10137 -0.490073 0.865767 0.024828 0.00172221 0.99969 0.0313222 -0.00245956 0.999506 -0.0202 -0.50773 0.861279 -0.0522223 -0.0215074 0.998404 -0.064021 -0.00786148 0.997918 -0.0666987 0.303357 0.95054 -0.145104 0.00736928 0.989389 0.062411 0.241237 0.968457 0.0700437 0.255886 0.964166 0.407443 0.00514654 0.913216 0.50585 0.527636 0.682434 0.411499 0.658887 0.629711 0.393287 0.60609 0.691361 -0.00737432 0.956998 0.29 -0.00175373 0.826243 0.563312 -0.00965705 0.965642 0.259696 0.424172 0.90558 -0.0019855 0.509964 0.833618 -0.212177 0.507383 0.833011 -0.220581 0.26626 0.807968 -0.525636 0.621249 0.783614 -3.23679e-05 0.772586 0.634909 -0.00145181 0.620984 0.783823 8.33876e-05 0.588804 0.774487 -0.231258 0.581577 0.734168 -0.35038 0.776562 0.630038 -0.00192011 0.580441 0.736091 -0.348223 0.580221 0.630332 -0.515776 0.772741 0.431357 -0.46562 0.973474 0.227739 -0.0219653 0.97427 0.225365 -0.00275635 0.999999 0.000681165 0.000834296 0.999586 -0.0286901 -0.00203363 0.860632 -0.32113 0.395206 0.038892 -0.969625 0.241483 0.533615 -0.598134 0.597906 0.683988 -0.72948 0.00426608 0.687852 -0.725841 0.0039149 0.955931 -0.0629587 0.286763 0.971251 -0.00790969 0.237927 0.23052 -0.427136 0.874309 0.341928 -0.813015 0.471266 0.256409 -0.060946 0.964645 -0.140275 -0.00322439 0.990107 -0.150484 -0.351005 0.924202 -0.0600365 -0.772215 0.632518 -3.56213e-05 -1 -2.56808e-05 0.130317 -0.986222 0.101901 -0.00153732 -0.999999 -0.000326425 0.000946799 -0.999999 -0.000743055 5.5425e-05 -0.964603 0.263707 5.5198e-05 -1 0.000783603 -3.06857e-10 -0.258831 0.965923 0.588508 -0.209279 0.780935 0.244949 0.323874 0.913841 0.50903 -0.470058 0.721064 0.999761 -0.00840049 -0.0201942 0.999524 0.0115397 0.0285966 0.000522292 -1 -0.000246705 0.155337 -0.255695 0.954196 1.71825e-15 -0.258831 0.965923 0.160678 -3.34126e-07 0.987007 0.243738 -3.65733e-07 0.969841 0.381394 -0.192131 0.904226 0.161748 -0.16347 0.973199 0.451517 -0.435 0.779042 0.374811 -0.430321 0.821183 0.448532 -0.438975 0.778537 1.9204e-05 -1 2.396e-05 1.48378e-05 -1 2.54813e-05 0.554883 -0.452607 0.698035 1.01267e-05 -1 2.4886e-05 0.383219 -0.836807 0.391021 0.444706 -0.778138 0.443552 5.58482e-05 -1 -2.91398e-05 0.317658 -0.876967 0.360585 0.000298773 -1 0.000152386 0.377762 -0.721026 0.580877 0.27994 -0.716545 0.638903 0.00177989 -0.999998 0.000393101 -0.00129646 -0.999999 0.000912165 0.39895 -0.379259 0.834866 0.296935 -0.0351687 0.95425 0.258787 -0.312681 0.913925 0.427877 0.0135637 0.903735 0.399493 -0.373685 0.837117 0.506663 -0.337999 0.793126 0.522996 -0.100549 0.846384 0.451868 -0.52578 0.720674 0.411964 -0.91109 -0.0141703 0.32388 -0.902289 0.284562 0.0421001 -0.965015 0.258792 0.266788 -0.706386 0.655624 0.948913 -0.00270614 -0.315526 0.948802 -0.00209096 -0.315864 4.35957e-06 -1 2.6659e-05 0.0421022 -0.965052 0.258654 0.114517 -0.701377 0.703531 -1.9473e-16 -0.965909 0.258883 0.114602 -0.702582 0.702314 4.72277e-16 -0.707242 0.706972 -1.05242e-15 -0.707242 0.706972 0.155602 -0.257853 0.953572 0.385801 -0.00356528 0.922575 0.163815 0.00291363 0.986487 0.166498 8.46304e-16 0.986042 0.160676 4.23054e-15 0.987007 0.160678 -1.48753e-07 0.987007 -0.00780844 -0.430048 0.902772 0.719963 -0.0363377 0.69306 0.402101 0.0532441 0.914046 0.752157 -0.0146395 0.658821 0.809505 0.488679 0.325414 0.918902 0.363564 0.153104 0.921465 0.297025 0.250356 0.723165 0.625091 0.293758 0.695493 -0.710642 0.106196 0.968261 0.249937 -0.00126411 0.61852 0.785767 0.00195321 0.625434 0.777347 0.0675621 0.309739 0.950748 -0.0118716 0.000908407 0.999999 0.00056349 -2.19296e-05 1 -0.000156157 0.000229491 1 0.000188562 0.00378815 0.846173 -0.532895 -3.28601e-05 1 -2.45831e-05 -0.00870923 0.800385 -0.599424 1.34258e-05 1 1.29569e-07 -0.053218 0.790179 -0.610561 -6.74683e-06 1 -2.0522e-05 -1.36434e-05 1 -2.52321e-05 -0.0582413 0.998155 0.0171602 0.163371 0.96558 0.2024 0.12377 0.965549 0.2289 0.123689 0.965609 0.228692 0.413153 0.910378 0.022733 0.505384 0.809417 0.29905 0.259878 0.913291 0.313629 0.737387 0.14982 0.658646 0.547144 0.675219 0.494685 0.523701 0.714137 0.464484 0.918787 -0.0150361 0.394466 0.726155 0.316518 0.610341 0.996051 0.0829909 -0.0315374 0.986689 0.1367 -0.0880792 0.122648 0.990824 0.056785 0.00258009 0.999996 -0.0010433 -0.00596187 0.99998 0.00224216 -0.0143424 0.999869 0.00745893 -0.00683321 0.999974 0.00250692 0.0244426 0.999687 0.00526608 -0.00196024 0.999874 -0.0157833 -0.000244875 1 -0.000629942 0.000194303 1 0.000321292 0.000282896 1 7.96042e-05 0.000303059 1 0.000212349 0.938952 0.0134478 0.343785 0.871268 0.257663 0.417734 0.892903 0.00662049 0.450201 0.902675 -0.00563032 0.430286 0.932007 0.00219433 0.362434 0.892342 0.257716 0.370551 0.98762 0.0029797 0.156836 0.926696 0.364912 0.0898565 0.910079 0.388119 -0.145324 0.993054 -0.00446009 -0.117577 0.977894 0.017341 0.20838 0.989375 9.31984e-05 -0.145383 0.992233 0.049601 -0.114076 0.00377333 0.999989 -0.00271448 0.334921 0.934685 -0.119126 0.92903 -0.00104474 -0.370004 0.765639 0.0112495 -0.643172 0.443058 0.824104 -0.352918 0.531143 -0.595435 -0.60278 0.0108899 0.999939 -0.00172385 0.699037 0.709 0.0930909 0.794091 0.00011694 -0.607799 0.721439 0.417866 -0.55219 0.933066 0.00108148 -0.359703 0.842863 0.428955 -0.324929 0.826771 0.508346 -0.240902 0.466089 0.742615 -0.48092 0.693681 0.450508 -0.562004 0.295794 0.74531 -0.597511 0.618806 0.258005 -0.741965 0.386303 0.25263 -0.887101 0.346157 0.363908 -0.864723 0.18524 0.358188 -0.915089 0.96331 -0.0168582 0.267861 0.941494 -0.146899 0.303331 0.00538737 0.999977 0.00417167 0.00532933 0.999977 0.00417248 -0.00377665 0.999992 -0.000893326 0.0215704 0.831278 0.555439 0.00703398 0.99997 0.00334648 -0.724226 0.576669 0.378088 -0.00238168 0.99996 0.00862051 -0.00520739 0.999971 0.00552373 -0.00175347 0.999993 0.00325958 0.00662195 0.999904 0.0121841 0.599535 0.456016 0.657729 -0.00869378 0.365126 0.930918 -0.0665487 0.00685072 0.99776 0.689724 0.00549924 0.724052 0.715694 -0.000352061 0.698414 -0.0372373 -0.00203525 0.999304 -0.0859809 -0.747783 0.658352 -0.573404 0.034761 0.818535 -0.77422 -0.00377744 0.632906 -0.137083 0.839727 0.525421 -0.635034 0.699608 -0.327537 -0.575643 0.805432 0.14112 -0.990544 -0.131459 -0.0392604 -0.99724 -0.0138337 -0.0729484 -0.892961 -0.00216641 -0.45013 -0.942033 0.0226858 0.334751 -0.516925 -0.0285015 0.855556 -0.440423 0.634858 0.634809 -0.160194 -0.0174147 0.986932 0.0190301 0.835806 0.548695 0.384292 0.394938 0.834472 0.902343 -0.00154627 0.431016 0.856407 -0.114278 0.503496 0.825983 0.000209835 0.563695 0.859824 0.353464 0.368464 0.796237 0.309964 0.519547 0.852484 0.000304053 0.522753 0.893848 0.0373765 0.44681 -0.0070856 0.999975 0.000764379 -0.903902 -0.024021 -0.427065 -0.0417628 0.99899 0.0166049 -0.00809541 0.999966 -0.00129591 -0.0154295 0.999847 -0.00819364 0.402175 -0.00311937 0.915558 0.418965 -0.00423559 0.907992 0.87596 0.00108127 0.482382 0.914537 0.0129178 0.404296 0.893905 0.064882 0.443537 0.482071 0.835216 0.264616 0.726145 0.584592 0.361891 0.363425 0.922851 0.127545 0.889848 0 0.456257 0.906637 0 0.421911 -0.295932 0.00154296 0.955208 -0.877749 -0.00210019 -0.479117 -0.983055 0.0126786 -0.182874 -0.97652 -0.0170254 0.214754 -0.843614 0.404258 0.3534 -0.896275 0.408412 -0.172887 0.440867 0.861373 0.252335 0.646404 0.622183 0.441645 0.837726 0.0144937 0.545898 0.988698 0.00928293 0.149631 0.989058 -0.0916476 -0.115608 0.989141 -0.0836389 -0.120851 0.946849 0.0199828 0.321058 0.937017 0.0902748 0.337417 0.926644 0.045923 0.373123 0.192638 -0.978739 -0.0704325 0.326332 -0.931808 0.158875 0.276271 -0.952877 0.125296 0.284247 -0.952376 0.110382 0.000795465 0.999885 -0.0151476 0.32339 0.935571 0.141864 0.122512 0.989793 0.0728071 0.12164 0.986034 0.113758 0.673755 0.642373 0.365254 0.689542 0.636307 0.345898 0.852822 0.354282 0.38364 0.896526 -0.0813417 0.43546 -0.775556 0.518327 -0.360347 0.602314 0.730017 0.322944 0.570669 0.765244 0.297891 0.636554 0.734831 0.234141 0.25709 0.963005 0.0807842 0.691901 0.662759 0.286398 0.731016 0.660586 0.171002 0.379712 0.923521 0.0541162 0.308537 0.950207 -0.0437172 0.0954829 0.994652 -0.0393635 0.0303984 0.966488 -0.254907 0.0408844 0.972824 -0.227909 0.904044 -0.103175 -0.4148 0.640491 5.98043e-05 -0.767965 0.00121803 0.999999 -0.000286628 -0.000237585 0.999999 0.00152892 -0.000406878 1 0.000266214 -0.0677963 0.997698 -0.00124435 -0.947152 0.269736 0.173624 -0.000486258 1 -0.00041962 -0.888228 0.448501 0.0994896 -0.971958 0.234035 0.0229068 -0.913348 0.403169 0.0570009 -0.946223 0.307243 0.101308 -0.661078 0.74113 0.117052 -0.910858 0.390311 0.13415 -0.736565 0.674251 -0.0534586 -0.654336 0.754036 -0.0572273 -0.903834 -0.422197 -0.0695216 -0.904115 0.362636 -0.22599 -0.913234 0.126102 -0.387431 -0.872393 0.26475 -0.410898 -0.777684 0.37558 -0.504131 -0.870882 0.169846 -0.461213 0.263741 0.340866 -0.902359 0.468586 0.173447 -0.866224 0.442464 0.669505 -0.596648 0.584917 0.349442 -0.731958 0.718998 0.120052 -0.684565 0.833663 0.549072 -0.0593839 0.233839 0.936447 -0.261508 1.96243e-05 1 7.06627e-05 0.149327 0.935123 -0.321321 0.000320187 0.999999 0.00111225 -6.68375e-05 0.999996 -0.00272148 0.230577 0.963116 0.138717 0.289533 0.938115 0.190031 1.02582e-05 1 -4.97495e-05 -6.29952e-07 1 2.36611e-05 0.000681753 1 -8.48444e-05 0.155103 0.963946 -0.216221 0.195833 0.970513 -0.140547 -0.000292411 1 -4.23932e-06 0.153663 0.966481 -0.205677 -1.67356e-05 1 7.14842e-07 0.23968 0.961325 -0.135671 -0.257093 0.764355 -0.591324 -0.220551 0.764051 -0.606286 -0.000112566 1 3.24571e-05 -0.220455 0.759204 -0.61238 0.24667 0.969094 -0.0031639 -0.150685 0.749298 -0.644862 0.000110793 1 0.000171701 -0.214118 0.656816 -0.723012 -0.0842069 0.890157 -0.447805 -0.150254 0.656709 -0.739024 -0.110446 0.659727 -0.743346 -0.114668 0.42314 -0.898779 -0.00696429 0.446722 -0.894646 -0.152094 0.452224 -0.878841 -0.161526 0.356256 -0.920321 -0.13056 0.448305 -0.884295 -0.113521 0.131681 -0.984771 -0.125382 -0.146127 -0.981288 -0.138578 -0.0458272 -0.989291 -0.0425048 -0.998172 -0.0429754 -0.192431 0.272986 -0.942576 -0.173641 0.121402 -0.977297 -0.197442 0.22045 -0.955206 -0.178543 0.110625 -0.977693 -0.185323 0.10926 -0.976585 -0.189216 0.110416 -0.975708 -0.181845 0.11184 -0.976946 -0.179131 0.220502 -0.958797 0 0.0419564 -0.999119 -0.20521 0.260539 -0.943402 -0.174432 -0.0348741 -0.984051 -0.0768177 -0.54815 -0.832845 -0.12675 -0.288791 -0.948965 -0.204391 0.679591 -0.704543 -0.00995939 -0.762966 -0.646361 -0.141607 -0.19876 -0.969764 -0.218759 0.0943561 -0.971206 -0.188034 0.099773 -0.977082 -0.180544 -0.789291 -0.586876 -0.18511 0.0981298 -0.977806 -0.135589 0.119366 -0.983548 -0.188066 0.116801 -0.975186 -0.243221 0.174258 -0.95419 -0.319673 0.168079 -0.932501 -0.364287 0.213802 -0.906412 -0.33858 -0.443491 -0.829867 -0.315841 0.383316 -0.867936 -0.380324 0.387155 -0.83992 -0.36814 0.406324 -0.836286 -0.319336 0.406148 -0.856194 -0.407135 0.37911 -0.830973 -0.408577 0.435702 -0.802015 -0.456598 0.306254 -0.8353 -0.447403 0.279133 -0.849656 -0.457638 0.191452 -0.868282 -0.414365 0.187529 -0.890581 -0.402397 0.209152 -0.891253 -0.453655 0.182383 -0.872315 -0.427673 0.279447 -0.859654 -0.474907 0.188781 -0.859549 -0.475249 0.109544 -0.873006 -0.480193 0.120481 -0.868849 -0.458221 0.111657 -0.881797 -0.482796 0.207057 -0.850903 -0.457098 0.123541 -0.880795 -0.474691 0.163433 -0.864846 -0.469609 0.209308 -0.857705 -0.477301 0.0515317 -0.877228 -0.457534 0.110163 -0.882341 -0.459336 0.0488949 -0.886916 -0.475119 0.0466363 -0.878685 -0.452211 -0.0726363 -0.888949 -0.452753 0.0537683 -0.890013 -0.481171 -0.0697424 -0.873848 -0.474762 -0.0617685 -0.877944 -0.456486 -0.0779392 -0.88631 -0.452189 -0.146665 -0.879781 -0.479033 -0.115766 -0.87013 -0.498488 -0.14002 -0.855514 -0.474128 -0.335436 -0.814055 -0.459887 0.0700602 -0.885209 -0.486824 -0.301226 -0.819917 -0.472743 -0.116718 -0.873436 -0.454395 -0.298756 -0.839208 -0.496052 -0.335914 -0.800684 -0.516118 -0.229459 -0.82521 -0.47984 -0.236564 -0.844861 -0.370091 -0.293204 -0.881512 -0.374119 -0.471255 -0.79872 -0.318163 -0.543551 -0.77674 -0.439166 -0.58947 -0.677981 -0.402435 -0.316261 -0.859084 -1 0 0 -1 0 0 -1 0 0 -0.261159 -0.723526 -0.638988 -0.288171 -0.717742 -0.63388 -0.388554 -0.601571 -0.697953 -0.308447 -0.825033 -0.473478 -0.220589 -0.590984 -0.775937 -0.431784 -0.711152 -0.55482 -0.418777 0.114354 -0.90086 -0.469179 0.304165 -0.829069 -0.479443 0.33336 -0.811791 -0.454631 0.438726 -0.775132 -0.301214 0.782007 -0.545652 -0.429015 0.476892 -0.767151 -0.294199 0.79922 -0.524113 -0.111561 0.973146 -0.201348 -0.102654 0.973698 -0.203409 -0.277825 0.792509 -0.542902 -0.0980898 0.977366 -0.18744 -0.282044 0.76738 -0.575829 -0.276456 0.767817 -0.577952 -0.145547 0.981506 -0.124348 -0.166381 0.914693 -0.368313 -0.431042 0.434932 -0.790593 -0.268875 0.758124 -0.594099 -0.263191 0.344233 -0.90124 -0.322124 0.114746 -0.939718 -0.415259 0.106837 -0.903408 -0.188979 0.0742509 -0.97917 -0.309824 0.0896003 -0.946563 -0.187225 0.0966164 -0.977554 -0.0924133 0.0781047 -0.992653 0 -0.0102507 -0.999947 -0.209571 0.0907516 -0.973573 -0.210607 0.217983 -0.952958 -0.669671 0.186297 -0.718912 -0.164665 0.218751 -0.961787 -0.171968 0.218266 -0.960618 -0.170304 0.449781 -0.876752 -0.21126 0.449326 -0.86803 -0.232853 0.375714 -0.897005 -0.0981288 -0.989582 -0.105344 0.187767 -0.69759 0.691456 -0.193681 0.598931 -0.777026 0.185948 -0.744939 0.640694 -0.0753322 -0.548246 -0.832918 0 -0.893441 -0.44918 0.0654129 -0.913346 -0.401897 0 0.706136 0.708076 0 0.888782 0.458331 0 -1 0 0.193717 -0.792302 0.57856 -0.0737387 0.786077 -0.613714 0.209206 0.977799 -0.011939 0.0038927 0.999986 -0.00363064 -0.0155207 0.999838 -0.00916944 -0.216392 0.947651 -0.234801 -0.643948 0.686754 -0.337195 -0.197814 0.974751 -0.103583 -0.626337 0.705277 -0.332094 -0.47437 0.753331 -0.455484 -0.514497 0.683596 -0.517677 -0.704564 -0.115298 -0.700211 -0.437487 0.31967 -0.840486 -0.280604 -0.0701578 -0.957256 -0.156562 0.728833 -0.666551 -0.068724 0.308521 -0.948732 0.153308 0.176656 -0.97226 0.0710057 0.952318 -0.296731 -0.143847 0.872614 -0.466748 0.249145 0.858435 -0.448349 0.222081 0.953638 0.203114 0.165836 0.977022 0.133887 0.595613 0.239322 -0.766792 -0.0259678 0.995226 -0.0940758 -0.647945 0.710539 -0.27441 -0.651078 0.706867 -0.276472 0.0812657 0.965554 0.247188 -0.0560748 0.799 -0.59871 0.0361619 0.965601 0.257503 0.0811869 0.965603 0.24702 0.0361274 0.965636 0.257373 -0.0284294 0.705502 0.708138 -0.038715 0.112459 0.992902 0.0239803 0.259078 0.965559 0.30602 -0.0216476 0.951779 0.475248 0.00926334 0.879803 0.848081 -0.103662 0.519628 0.819131 -0.109241 0.563107 0.367062 -0.0253433 0.929851 0.630049 0.176532 0.756224 0.361937 0.15186 0.91975 0.621447 0.240043 0.745777 0.25039 0.932598 0.259934 0.0510193 -0.996603 0.0646472 0.599773 0.262232 0.75598 0.548106 0.265425 0.793177 0.51192 0.292517 0.807695 0.0453248 0.993712 0.102385 0.290534 0.750602 0.593453 0.141015 0.951291 0.274155 0.399793 -0.0874239 0.912427 0.345504 0.296508 0.890343 0.239631 0.75112 0.615139 0.254461 0.692227 0.675331 0.147543 0.706257 0.69241 0.00134348 0.963809 0.26659 -0.0036574 -0.999456 0.0327859 0.834216 0.0120285 -0.551306 0.597593 -0.0458174 -0.80049 0.177498 -0.0353518 -0.983486 -0.000809606 -0.0474004 -0.998876 0.14581 0.0461892 -0.988234 -0.000891508 0.0606127 -0.998161 0.0034553 0.0566733 -0.998387 -0.16619 0.0495131 -0.98485 -0.397764 -0.0913855 -0.912925 -0.340262 -0.0924742 -0.935773 -0.461801 -0.281675 -0.84107 -0.711049 -0.26782 -0.65014 -0.328399 -0.802465 -0.498201 -0.423289 -0.341106 -0.839329 -0.285694 -0.814174 -0.505471 -0.279298 -0.914841 -0.291648 -0.333976 -0.751695 -0.568696 -0.169393 -0.960161 -0.222252 -0.272725 -0.767254 -0.580467 -0.178795 -0.937404 -0.298841 -0.0493891 -0.98956 -0.135393 0.000912972 -0.973853 -0.227177 0.927282 -0.113653 0.356694 0.745701 -0.0764987 0.661875 -1 2.7563e-05 2.77109e-05 -1 -2.15092e-06 1.3746e-06 -0.0515435 -0.874777 -0.481776 -1 1.46341e-06 -2.82008e-06 -0.0223714 -0.883966 -0.467016 0.00412985 -0.957797 -0.287416 -0.00375953 -0.891903 -0.452212 -1 0 0 -0.459072 -0.7642 -0.453046 -0.402957 -0.78449 -0.471381 -0.225687 -0.849882 -0.4762 0.00706243 -0.874111 -0.485674 0.226811 -0.871434 -0.434925 0.703546 -0.656151 -0.272927 0.979332 -0.202259 0 -0.111274 -0.868672 -0.482728 -0.978548 0 -0.206019 -0.213251 -0.834326 -0.508354 0.0279547 -0.95911 -0.28165 -0.0299825 -0.868448 -0.494872 0.00336707 -0.854555 -0.519351 -0.0188511 -0.789285 -0.613738 0.672583 -0.235354 -0.701598 -0.00563225 -0.273791 -0.961773 0.0020488 -0.635699 -0.771935 -0.000933978 -0.691506 -0.72237 -0.937115 -0.0204106 -0.348425 -0.861436 -0.183692 -0.473482 -0.852949 -0.219372 -0.473661 -0.709455 0.0272744 -0.704222 -0.641041 -0.292572 -0.709555 -1 0 0 -1 0 0 -0.489436 -0.86547 0.10684 0.00411846 -0.998836 0.0480637 -0.00163449 -0.997418 0.07179 -0.00105972 -0.999916 -0.0129257 0.00445937 -0.941964 0.335685 0.560063 -0.827019 0.0486735 0.233431 -0.60213 0.763512 0.768466 -0.00828337 0.639837 0.664426 0.00653824 0.747326 0.607974 -0.239581 0.756947 0.82085 -0.104024 0.561591 0.999198 6.52881e-09 -0.0400523 0.998621 -0.00648326 -0.0520965 0.992436 0.00727281 -0.122546 0.895002 0.442478 -0.0564373 0.937191 0.00913369 -0.348697 0.95516 -0.01006 -0.29592 0.718882 -0.00346222 -0.695123 0.705038 0.00486446 -0.709153 0.641511 0.580781 -0.501155 0.29989 0.621161 -0.724034 0.240511 -0.00509936 -0.970633 0.36935 -0.00224366 -0.929288 0.412186 -0.0211314 -0.910855 0.100557 0.726368 -0.67991 0.224826 0.277784 -0.933964 0.494151 0.478082 -0.726122 0.563892 0.439126 -0.699424 0.912112 -0.00989533 -0.409821 0.898965 0.00195286 -0.438016 0.891406 0.00860229 -0.453124 0.917912 -0.130496 -0.37471 0.942327 -0.236664 0.236664 0.88659 -0.142998 -0.439897 0.870611 -0.0208298 -0.491532 0.885785 -0.0772682 -0.457618 0.896255 -0.00146545 -0.443537 0.874677 0.00991289 -0.484604 0.832316 0.0306741 -0.553453 0.862656 -0.039787 -0.504223 0.808336 0.0936484 -0.581225 0.857359 -0.0510481 -0.512181 0.85929 0.511489 0 0.84721 -0.0727982 -0.526246 0.870914 -0.0197484 -0.491039 -0.101382 -0.972712 0.208696 -0.262984 0.9648 0 0.00213773 -0.987942 0.154812 0.868307 -0.0943236 -0.486976 0.862071 -0.0985145 -0.49712 0.865161 -0.00105289 -0.501493 0.674336 0.59895 -0.431891 0.719197 0.475367 -0.506736 0.381145 0.851402 -0.360337 0.805515 0.0048275 -0.592556 0.000546337 1 -0.000190237 0.385466 0.832646 -0.397639 0.50142 0.781377 -0.371521 0.437397 0.511395 -0.739702 0.542554 0.184957 -0.819406 0.846312 -0.0467331 -0.530634 0.775485 -0.487976 -0.400627 0.785078 -0.27131 -0.556815 0.832297 -0.369555 -0.413171 0.842677 -0.37455 -0.386793 0.904948 -0.267826 -0.330665 0.922457 -0.109867 -0.370138 0.715145 -0.52466 -0.461844 0.622401 -0.734619 -0.270096 0.783476 -0.287709 -0.550808 0.808768 0.103258 -0.578993 0.835555 0.388489 -0.388489 0.824276 0.177774 -0.537555 0.451764 0.20551 -0.868144 0.104152 0.664842 -0.739688 0.05246 0.705733 -0.706533 0.163971 0.632021 -0.757405 0.0547066 0.998252 -0.0223521 0.0982322 0.95864 -0.267131 0.0879577 0.955147 -0.282767 0.0544776 0.918375 -0.391944 -0.0157912 0.922889 -0.384743 0.048255 0.962177 -0.268116 0.0778838 0.980338 0.181307 0.023037 0.986983 0.159164 0.050076 0.988926 0.139704 0.0524562 0.989943 -0.131382 0.606363 0.787793 -0.10819 0.832553 0.529465 -0.162855 0.596164 0.796343 0.102112 0.840558 0.517205 0.161122 0.560655 0.750055 0.350833 0.431308 0.735659 0.522283 0.0608568 0.792601 0.606696 0.0605429 0.793007 0.606197 0.0471522 0.610112 0.790911 0.0522767 0.603353 0.795759 0.0995622 0.252122 0.96256 0.0543994 0.220399 0.973892 -0.144658 0.352913 0.924406 0.978177 0.0909979 0.186784 0.69311 -0.146379 0.705813 0.441968 -0.0457064 0.895865 0.179811 -0.0359506 0.983044 0.0541595 -0.131586 0.989824 0.0604737 -0.138975 0.988448 0.851081 0.112595 0.512819 0.795681 0.115447 0.594612 0.946969 -0.0419912 0.318568 0.806715 -0.245209 0.537665 0.999998 -0.000231612 0.0019664 0.588001 0.501078 0.634961 0.901063 0.230064 0.367636 0.0543767 -0.403037 0.913567 0.967161 -0.21349 0.137916 0.953036 -0.259379 0.156347 0.790274 0.404225 0.460509 0.974933 0.0929624 0.202149 0.0490907 0.926638 0.372735 0.0597504 0.917483 0.393261 0.0450748 0.990838 0.127309 0.926157 0.351728 -0.136087 0.053152 0.781792 -0.62127 -0.013526 0.608775 -0.793227 0.59523 0.803184 0.0244082 0.573712 0.818577 0.0280323 0.744975 0.641229 -0.183952 0.226177 0.922004 -0.314249 0.165549 0.598214 -0.784049 0.288534 0.541159 -0.78987 0.832894 -0.4179 0.362832 0.000369828 -0.00175969 0.999998 -0.100769 7.68948e-05 0.99491 0.463663 -0.881755 0.0867468 -0.211349 -0.853507 0.476295 -0.177647 -0.859845 0.478653 -0.400589 -0.785336 0.471991 0.691584 -0.666085 0.279361 -0.288195 -0.717624 0.634002 -0.388641 -0.601551 0.697922 -0.431853 -0.711132 0.554792 -0.456474 -0.0780669 0.886305 -0.481177 -0.0697432 0.873845 -0.452105 -0.0726481 0.889001 -0.459872 0.0702794 0.8852 -0.457092 0.123542 0.880798 -0.452647 0.0537803 0.890066 -0.47741 0.0515242 0.877169 -0.475346 0.109759 0.872926 -0.480193 0.120481 0.868849 -0.458216 0.111886 0.881771 -0.45366 0.182394 0.87231 -0.474908 0.188769 0.859551 -0.457633 0.19144 0.868287 -0.474602 0.163241 0.864931 -0.469524 0.209127 0.857796 -0.482725 0.206876 0.850987 -0.457423 0.110162 0.882399 -0.475218 0.0466055 0.878633 -0.459228 0.0486683 0.886984 -0.47485 -0.0618708 0.877889 -0.463579 -0.0632247 0.883797 -0.458337 -0.0568896 0.886956 -0.458593 0.0473126 0.887386 -0.421847 -0.0601345 0.904671 -0.41429 -0.0510198 0.908714 -0.414371 0.0460482 0.908942 -0.416656 0.0508072 0.907643 -0.318007 -0.0585415 0.946279 -0.310517 0.0539698 0.949035 -0.302923 -0.0411617 0.952126 -0.302963 0.0393105 0.952191 -0.174194 -0.0478084 0.98355 -0.16315 -0.0353818 0.985967 -0.16798 0.0455041 0.98474 -0.0911385 0.0498992 0.994587 -0.0707275 0.0298749 0.997048 -0.166053 0.0494983 0.984874 -0.420852 -0.0906012 0.902594 -0.317744 -0.0707526 0.945533 -0.341333 -0.0935143 0.935279 -0.434197 -0.105439 0.894626 -0.352229 -0.803956 0.479156 -0.32869 -0.744636 0.58093 -0.268877 -0.827373 0.493112 -0.328481 -0.802324 0.498374 -0.310288 -0.899344 0.308063 -0.285693 -0.814056 0.505661 -0.279298 -0.914841 0.291648 -0.333976 -0.751695 0.568696 -0.218331 -0.518738 0.826585 -0.271359 -0.792319 0.546438 -0.184333 -0.809101 0.558012 -0.187569 -0.836537 0.514805 -0.222975 -0.546349 0.807332 -0.0304292 -0.587131 0.80892 -0.0338376 -0.562569 0.826058 -0.0128041 -0.273182 0.961877 -0.0140327 -0.270911 0.962502 -0.000462186 -0.232693 0.97255 0.0307164 -0.475154 0.879366 -0.218005 -0.240539 0.945841 -0.0179838 -0.235668 0.971667 -0.272797 -0.767238 0.580455 -0.00196804 -0.289913 0.957051 -0.0182811 -0.0911026 0.995674 0.552577 -0.0674293 0.830729 0.49579 -0.0635704 0.866113 0.882267 -0.0412575 0.468937 0.910822 -0.020047 0.412312 0.922297 -0.0223168 0.385836 0.537462 -0.0378574 0.842438 0.998176 -0.00649118 0.0600228 0.597687 -0.0457259 0.800424 0.995075 -0.00490549 0.0990036 0.65081 0.0117793 0.759149 0.876354 0.0209499 0.481211 0.992282 0.00219027 0.123984 0.987354 -0.000908737 0.158529 0.965923 5.90883e-08 -0.258828 0.706988 1.30433e-07 -0.707225 0.258892 8.26571e-08 -0.965906 -7.20555e-06 -1 -7.45742e-05 -0.0518054 -0.831467 -0.553154 -0.135693 -0.583062 -0.801016 -0.0401972 -0.929264 -0.367224 0.0355453 -0.923591 -0.381727 0.0548426 -0.996986 -0.0548735 0.000101051 -1 -0.000101133 0.94305 -0.0229304 -0.33186 0.999933 -0.0114784 -0.00170537 0.97356 0.228372 0.00517354 0.75624 0.351476 0.551875 0.799681 0.0357949 0.599358 0.564027 0.0443415 0.824565 0.958795 0.0153341 0.283685 0.87472 0.0245673 0.484006 0.998006 0.0278003 -0.0566726 0.657508 -0.367501 -0.657743 0.954241 -0.155064 -0.255693 0.42383 -0.90574 -0.00160572 0.398503 -0.917167 0.000101322 0.572816 -0.641497 -0.510258 0.129597 -0.256644 -0.957778 0.998216 -0.059601 0.00345717 0.24505 -0.322773 -0.914204 0.965867 0.212094 0.14872 0.572795 0.781253 0.24809 0.572343 0.785455 0.235549 0.933586 0.35835 -0.00144528 0.777608 0.628702 0.00770103 0.619987 0.784611 -0.0015682 0.622627 0.782518 0.000583051 0.544189 0.838903 -0.00998712 0.361154 0.773434 -0.52093 0.404855 0.618879 -0.673112 0.462733 0.621797 -0.631859 0.0309911 0.269609 -0.962471 0.00199617 0.842336 -0.538949 -0.0284608 0.705498 -0.70814 0.121991 0.25844 -0.958294 0.13721 0.163951 -0.976879 0.0985804 0.705469 -0.701852 0.024518 0.259081 -0.965544 -0.0381039 0.112608 -0.992909 -0.0668068 0.308691 -0.948813 -0.0642386 -0.00761965 -0.997905 0.0253847 0.00184 -0.999676 0.0319873 -0.00246761 -0.999485 0.0412145 -0.762221 -0.646004 0.0583637 0.490099 -0.869711 0.0899117 -0.595529 -0.798286 0.0528488 -0.909687 -0.411919 -3.11154e-05 -1 -4.9619e-05 0.105194 -0.906716 -0.408411 0.175942 0.0100596 -0.984349 0.294747 0.268846 -0.916976 0.30568 -0.019439 -0.951936 0.282213 -0.0538409 -0.95784 0.383333 0.159363 -0.909758 0.200819 -0.85665 -0.475208 0.377833 0.00902635 -0.92583 0.295714 -0.718109 -0.629978 0.103781 -0.0107902 -0.994542 0.126545 -0.0284501 -0.991553 -0.00332561 -0.520292 -0.853982 -0.00109467 -0.985386 -0.170332 -0.0356766 -0.720663 -0.692367 -0.0504343 -0.0236163 -0.998448 -0.13624 0.00722723 -0.99065 -0.133119 0.00244702 -0.991097 0.264979 -0.0469988 -0.963108 0.389583 0.0144151 -0.920878 0.697644 -0.0388454 -0.71539 0.960251 0.00265343 -0.279125 0.852296 0.0867853 -0.51581 0.427146 -0.901263 -0.0726077 0.130815 -0.987662 -0.0860842 0.635501 0.728834 -0.254831 0.304511 0.220828 -0.926557 0.221172 0.705824 -0.672975 0.098457 0.705873 -0.701462 -0.00132087 -0.786621 -0.617435 0.999999 -0.000136628 -0.00147042 0.392538 0.0380245 0.918949 0.442645 0.60124 0.665263 -1.43985e-07 1 2.66201e-07 -0.123667 0.991276 -0.0455964 1.24548e-08 1 1.14888e-07 0.238416 0.971151 0.00492547 0.242109 0.967254 0.0761739 -0.0176897 0.99984 -0.00283114 2.80009e-05 1 -5.32466e-05 4.93116e-06 1 0.000136441 5.64776e-06 1 -5.66704e-06 0.000240396 1 0.000469079 -2.14572e-05 1 8.83056e-05 0.149354 0.987898 -0.0418496 0.212968 0.968235 -0.131017 -1.33824e-08 1 9.39813e-07 0.142863 0.984176 -0.104821 -6.95167e-06 1 6.31327e-06 0.131426 0.984114 -0.119356 -1.65133e-05 0.999999 0.00115969 0.19968 0.965535 -0.166943 0.146348 0.964958 -0.217803 0.295157 0.913274 -0.280737 0.82625 0.557117 -0.0832622 0.233734 0.93649 0.261447 0.149318 0.935162 0.321211 0.249625 0.858034 0.448848 0.153266 0.183552 0.970988 0.358063 0.306681 0.881895 0.465647 0.212055 0.859189 0.0171136 0.992726 0.119176 -0.000717481 0.999841 0.0178337 0.0477497 0.334814 0.941074 -0.280739 -0.0592186 0.957956 -0.385671 0.259515 0.885387 -0.121772 0.989859 0.0731531 -0.000157896 1 0.000160586 -0.698366 -0.156651 0.698388 -0.611316 0.206215 0.764047 3.2262e-05 1 3.45176e-05 0.00176497 0.999998 -0.000268304 -0.000107612 1 9.86023e-05 -0.00254854 0.999996 -0.000842343 0.522681 0.509721 0.683366 0.226564 0.93255 0.281104 0.000866957 0.999999 -0.000911542 0.0497013 0.998504 -0.0228143 0.671691 0.570385 -0.47275 0.836014 0.0227717 -0.548235 0.972425 -0.00895071 -0.233042 0.986244 0.149485 0.0705486 0.862147 0.0958512 0.497509 0.758017 0.237595 0.60742 0.592343 0.323568 0.737858 0.430031 0.695693 0.5754 0.602618 0.188211 0.775518 0.536142 0.30921 0.785456 0.647087 0.478675 -0.59342 0.759458 0.106573 -0.641768 0.759701 -0.00514251 -0.650253 0.681376 0.202231 -0.703441 0.715505 -0.312464 -0.624836 0.727823 -0.0660335 -0.682578 0.776335 -0.00701565 -0.630281 0.820093 -0.00165651 -0.572227 0.808446 -0.00875011 -0.588505 0.670845 0.601786 -0.433383 0.624837 0.701338 -0.34308 0.0867952 0.995568 -0.036213 0.109038 0.993441 0.0344369 0.0240128 0.999632 -0.0125819 0.0174157 0.999835 -0.00513738 0.919834 0.0757194 -0.384932 0.915638 0.035518 -0.400431 0.951404 -0.208338 -0.226771 0.960676 -0.0594983 -0.271224 0.956575 -0.290979 -0.0172048 0.97859 -0.11974 0.167406 0.999885 -0.013225 -0.00744844 0.999482 0.00691055 0.0314226 0.822529 0.089263 -0.561674 0.795791 -0.576162 0.186427 0.810047 -0.565494 0.155049 0.406962 -0.752758 0.517433 0.157194 -0.966778 0.201568 0.135213 -0.977932 0.159268 0.788591 0.0179155 -0.614656 -0.788001 -0.0209878 0.615316 0.147395 -0.971287 0.186751 0.410717 -0.742138 0.529663 0.147776 -0.970736 0.189297 0.147138 -0.971024 0.188316 1.33411e-08 -1 -1.77876e-07 -3.14455e-09 -1 -2.36663e-07 0.159694 -0.972778 0.16793 0.149564 -0.98786 -0.041984 0.118624 -0.991096 -0.0604789 0.429602 -0.724047 0.539628 0.832473 -0.111401 -0.54275 0.83377 -0.11051 -0.540939 0.324307 -0.908949 -0.261985 0.733941 -0.638435 -0.231799 0.473094 -0.746952 -0.467167 0.0027482 -0.999995 -0.00145132 0.582196 -0.346789 -0.735381 0.452518 -0.491373 -0.744164 0.538301 -0.455572 -0.709004 -0.00285027 -0.999996 0.000359313 0.564928 -0.52908 -0.633191 0.120754 -0.990722 -0.06236 0.298148 -0.943789 -0.142721 0.231438 -0.968257 -0.0944186 0.507463 -0.85379 -0.116293 0.648711 -0.717723 -0.253075 0.959238 -0.0134507 -0.282278 0.934838 -0.0542246 -0.35091 0.716102 0.612544 -0.334646 -0.00374599 0.999315 -0.0368144 0.00267354 0.999996 -0.00105588 0.326192 0.939574 -0.103919 0.961585 -0.116897 -0.248373 0.861168 -0.160626 0.482274 0.978654 0.087505 0.185953 0.190585 0.48706 0.85232 0.60983 -0.730703 0.30689 0.795479 -0.579968 -0.175642 0.725969 -0.647403 -0.232032 0.0991717 -0.883749 -0.457331 0.0823539 -0.984358 -0.155745 0.000165277 -0.970539 -0.240944 1.96296e-07 -0.971258 -0.238031 -2.15096e-06 -0.761225 -0.648488 0.0614595 -0.848766 -0.525185 0.00195587 -0.760985 -0.648767 0.116646 -0.969319 -0.216368 0.000683089 -0.969346 -0.245698 -2.00552e-16 -0.971486 -0.237097 -1 2.18284e-12 1.9087e-12 -1 2.50873e-12 6.12271e-13 -0.965909 -0.00651654 -0.258799 -0.997369 0.00702329 -0.0721491 -0.935967 0.250893 -0.247019 -1 2.91062e-12 7.13309e-13 -1 3.50863e-12 -1.37542e-15 1.54841e-06 -1 2.27398e-21 -0.999998 -0.00164325 0.000855014 -0.999998 -0.00197967 0.000484029 6.81983e-05 -0.752991 0.658031 -0.999984 0.00143191 0.00553693 -0.999821 -0.0142439 0.0124476 -0.963523 0.267626 7.77319e-08 -0.965899 0.258917 0.000545032 -0.848352 0.019606 0.529069 -0.707098 0.707115 2.05381e-07 -0.685753 0.685769 0.243853 -0.707098 0.707115 2.05381e-07 -0.258926 0.965897 2.80544e-07 -0.257256 0.959667 -0.113396 -0.673809 0.673825 -0.30322 -0.692667 0.632396 -0.346825 -0.288944 0.946009 -0.146897 -0.882226 0.0934829 -0.461453 -0.628409 0.388611 -0.673857 -0.196685 0.980459 -0.00386753 -0.16474 0.985126 0.0488559 -0.696485 0.66022 0.281101 -0.193727 0.574762 0.795058 -0.180933 0.950133 0.253991 -0.248302 0.928858 0.274899 -8.21065e-08 -0.971259 -0.238027 9.25023e-07 -0.752796 -0.658254 -0.557621 0.0193901 -0.829869 0.24847 -0.953774 -0.169049 -0.689786 -0.0024573 -0.724009 0.194579 0.814245 -0.54694 -1.05868e-22 -1 -1.2516e-07 0.134316 -0.990355 -0.034008 0.107415 -0.967247 -0.22999 0.141773 -0.989157 -0.0383347 0.353129 -0.930193 -0.100203 0.293305 -0.954481 -0.0542103 0.304497 -0.94938 -0.0771987 0.173106 -0.953621 -0.246255 0.269967 -0.961651 -0.0484288 0.268796 -0.963004 -0.0192876 0.00020171 -1 0.000715585 0.323478 -0.946147 -0.0129377 0.585633 -0.810177 -0.0254269 0.658492 -0.75248 -0.0127176 0.999091 -0.00155137 0.0426066 0.996338 -0.00244568 0.0854682 0.99912 -0.00120756 0.041918 0.998998 -0.00155122 -0.0447359 0.999121 -6.28979e-05 -0.0419146 0.637374 0.770165 -0.0245033 0.920436 0.363895 -0.142755 0.843744 0.0055008 0.536717 0.520552 -0.0286908 0.853348 0.31059 -0.424068 0.850706 0.993821 0.0070581 -0.110774 0.991093 -0.00446191 -0.1331 0.187265 0.00657472 0.982287 0.212193 -0.00177379 0.977226 0.186015 0.00784082 0.982516 0.0696174 0.923067 0.378286 0.597388 0.519394 0.61103 0.428764 0.448773 0.784069 0.845137 0.502116 0.183369 0.787925 0.0150523 0.615587 0.947039 0.0150365 0.320767 0.875501 -0.0114767 0.48308 -0.000216215 1 -0.000109743 0.237666 -0.967956 0.0810978 0.509203 0.839573 -0.189287 0.395045 0.91471 -0.0851169 0.977542 0.0234464 -0.209434 0.940148 0.0158015 -0.340401 0.931292 0.00177201 -0.364268 0.989466 0.00198112 -0.144755 0.920648 0.378978 -0.0937166 0.750999 0.590167 -0.296149 0.710792 0.68083 -0.176764 0.22716 0.968059 -0.106113 0.626314 0.722228 -0.293457 -0.00196146 0.999996 0.00191389 0.47071 0.876499 -0.100905 -0.00177809 0.999989 0.00434869 0.220038 0.972721 0.07347 0.377424 0.91053 0.168781 0.00576099 0.999983 0.000282999 0.0145149 0.997585 -0.0679185 0.0520944 0.908062 0.415583 -0.293174 0.903908 -0.311447 -0.747091 0.663809 -0.0348325 -0.443981 -0.262175 -0.856823 -0.537737 0.709014 -0.456221 -0.786291 0.502423 0.359608 -0.750648 0.558785 0.352544 -0.284064 0.946967 0.150201 0.00853416 0.99988 -0.0129206 -0.0669616 0.893725 -0.443589 0.229684 0.967357 -0.107077 -0.0137065 0.999901 0.00307837 0.383772 0.683645 -0.620764 0.498598 0.626537 -0.599042 0.518627 0.680111 -0.518146 0.272159 0.00138775 -0.962251 0.718655 0.00102661 -0.695366 0.716265 0.00153857 -0.697827 -0.250794 0.00294323 -0.968036 -0.955917 0.00639977 -0.293566 -0.90114 0.322089 -0.290183 -0.93312 -0.0048235 -0.359533 -0.463108 0.855489 0.231665 -0.880379 -0.00359087 0.474258 -0.00127906 0.999999 -9.37137e-05 0.705565 0.581813 -0.404563 0.000983929 0.999999 -0.000357429 0.866373 0.00576385 -0.499365 0.709085 0.576375 -0.406189 0.89272 0.0409993 -0.448742 0.906628 0.00753833 -0.421864 0.867071 0.00849731 -0.498113 0.572406 0.76885 -0.284992 -0.934989 -0.0173648 -0.354252 -0.938836 0.0149021 0.344042 -0.894299 -0.0114445 0.447323 -0.465921 0.853791 0.232292 -0.449964 0.864742 0.223055 -0.898658 -0.0182515 0.43827 -0.733295 0.0240095 -0.679487 -0.355767 -0.0120761 -0.934496 0.369334 -0.00200026 -0.929295 0.859597 0.00740887 -0.510918 0.85394 -0.118037 -0.506807 0.903923 0.00315849 -0.427684 0.659635 0.684125 -0.311215 0.304999 0.681748 -0.664978 0.247298 0.629523 -0.736576 0.208691 0.00894869 -0.977941 0.00195637 0.9996 -0.0282174 0.0348535 0.99821 -0.0485977 0.893057 0.269607 -0.360224 -0.249411 -0.919264 -0.304544 -0.299561 0.948916 -0.099107 0.185926 0.488855 -0.852322 0.20188 0.962583 -0.180773 0.388888 0.895302 -0.217254 0.887955 0.00892786 -0.459844 0.91824 -0.000805133 -0.396024 -0.000180513 1 1.23632e-05 0.90479 -0.114577 -0.410155 0.793754 0.502263 -0.343054 0.252075 -0.00139601 -0.967707 -0.428052 0.042833 -0.902738 -0.387679 0.55289 -0.737576 0.893448 0.00230344 -0.449161 0.681525 0.645379 -0.344978 0.991934 -0.0147143 0.125899 0.848184 0.515052 0.123712 0.624326 0.0269604 0.780699 0.184204 0.615145 0.766593 0.793337 0.0220261 0.608384 0.843196 0.001763 0.537603 0.392168 0.916296 0.0812767 0.00148398 0.999999 0.000700717 0.0793262 0.878304 0.471476 0.00617801 0.999971 0.00454217 0.149311 0.675777 0.721826 0.325809 0.944066 -0.0508687 0.728204 0.68462 -0.031833 0.656354 0.751926 -0.0617015 0.985652 0.167125 -0.0236672 0.995557 0.0938155 -0.00809871 0.546488 0.837452 -0.00492252 0.832098 0.546315 -0.0956655 0.869902 0.484065 -0.0946141 0.988591 0.0863112 -0.12344 0.959675 0.237715 -0.150051 0.439643 0.8979 0.0221264 0.334494 0.00832623 0.942361 0.400908 0.0296643 0.915638 0.585653 -0.0175034 0.810373 0.017802 0.999841 0.00109233 0.365322 -0.930479 0.0273503 0.307818 0.950048 -0.0515384 0.931992 0.0873563 -0.351795 0.635725 0.708285 -0.306898 0.771242 -0.54946 -0.32137 0.667482 0.00595494 -0.744602 0.528395 0.714605 -0.458408 0.494482 0.662275 -0.562921 0.593026 0.646831 -0.47951 0.427909 0.865865 -0.259176 0.408586 0.877496 -0.251112 0.350765 0.887111 -0.299998 5.01257e-05 1 -0.000407115 -0.15667 0.728791 0.666572 -0.143773 0.872956 0.466131 0.0706503 0.952454 0.296377 0.00212332 0.999955 0.00920535 -0.103095 0.975366 0.195022 -0.112377 0.967589 0.226148 0.172405 0.967594 0.184494 0.170782 0.960184 0.221087 0.00492604 0.999982 -0.00340219 0.000724305 1 -0.000211368 0.296979 0.951499 0.0803346 0.232336 0.972611 0.0068606 7.96254e-06 1 -2.13834e-06 -0.277116 0.792344 0.543506 -0.28128 0.762781 0.582278 -0.104015 0.977036 0.185963 -0.106184 0.975363 0.193369 -0.29463 0.795087 0.530122 -0.112326 0.975559 0.188857 -0.304757 0.810085 0.500884 -0.312065 0.782188 0.539257 -0.320117 0.801614 0.504915 -0.111626 0.976138 0.186266 -0.00921608 0.999955 0.00209377 0.999978 -1.00016e-09 0.00668051 0.953517 0.11414 -0.278887 0.819137 -0.0453445 -0.571803 0.714694 0.0459369 -0.697927 0.340574 0.0206535 -0.939991 0.238172 -0.54978 -0.800635 -0.0355941 -0.997411 0.0624921 0.0209269 -0.997756 0.0636015 -0.0138867 -0.997994 0.0617598 0.0154526 -0.998446 0.0535334 0.0452731 -0.98562 -0.162796 0.0274834 -0.985712 -0.166179 -0.023287 -0.996945 0.0745572 0.0414536 -0.987328 -0.153183 -0.0233141 -0.996757 0.077018 0.104864 -0.986213 -0.128013 0.283168 -0.814395 -0.506535 0.283841 -0.81351 -0.507578 0.159117 -0.815439 -0.556543 0.159893 -0.811947 -0.561405 0.00351889 -0.997263 0.073854 0.0908823 -0.990217 -0.105882 -0.0303978 -0.992772 0.116101 0.125067 -0.989819 -0.0679429 -0.00332002 -0.992285 0.123934 0.0730547 -0.812483 -0.578389 0.0415829 -0.984407 -0.170921 0.0411171 -0.981193 -0.1886 -0.0246006 -0.986608 0.161246 0.00960033 -0.987295 0.158606 -0.00165597 -0.992846 0.119387 -0.0515435 -0.974042 0.220419 0.00380983 -0.976418 0.215856 0.116572 -0.916621 0.382384 -0.0258096 -0.959114 0.281841 -0.0435007 -0.938122 0.343563 0.0102731 -0.901438 0.432785 0.0106626 -0.902407 0.430753 0.123891 -0.974887 0.185056 0.680357 -0.728668 0.0784684 0.49109 -0.683509 -0.540043 0.649682 -0.758817 0.0459408 0.291436 -0.730524 -0.617575 0.21273 -0.940311 -0.265634 0.210423 -0.940671 -0.266197 0.101825 -0.97791 0.182545 0.0812691 -0.952215 0.294418 0.0209969 -0.875251 0.483213 0.088987 -0.908722 0.407807 0.0262157 -0.936604 0.349408 -0.0277067 -0.867501 0.496663 0.213656 -0.930376 -0.297913 0.281708 -0.629469 -0.724161 0.477973 -0.877656 -0.0355289 -0.0017459 -0.970334 0.241763 -6.57545e-05 1 -0.000338231 -0.0329692 0.94204 -0.333877 8.07684e-05 1 1.50625e-05 1.26943e-06 1 -5.74328e-05 -1.54161e-05 0.700794 -0.713364 0.128879 0.69116 -0.711118 0.126384 0.698074 -0.704783 0.284588 0.590062 -0.755537 0.281587 0.657351 -0.698998 0.172009 0.899151 -0.402419 0.391178 0.271855 -0.879246 0.347179 -0.00101218 -0.937798 0.246964 0.0356407 -0.968369 0.397862 0.144204 -0.906041 0.161806 0.000285338 -0.986823 0.16064 2.33774e-07 -0.987013 1.52242e-06 0.254521 -0.967067 0.13296 0.251837 -0.958593 0.407057 0.233141 -0.883148 0.493536 0.152934 -0.856174 0.23488 0.0863387 -0.968182 0.246722 0 -0.969086 0.415827 0.0970764 -0.904248 0.166498 -1.3695e-08 -0.986042 0.361817 0.151985 -0.919776 0.163822 0.00290661 -0.986486 0.385803 -0.00357172 -0.922574 0.366948 -0.0254826 -0.929892 0.599626 0.262244 -0.756093 0.621453 0.239975 -0.745793 0.630032 0.176645 -0.756212 0.177064 -0.971043 -0.160386 0.713145 0.250653 -0.654674 0.554472 0.616704 -0.558781 0.622076 -0.0674413 -0.780047 0.612671 -0.165559 -0.772803 0.443116 0.539713 -0.715792 0.519951 0.24618 -0.817952 0.129627 -0.965698 -0.224996 0.145633 0.970699 -0.191141 0.325404 0.824807 -0.462392 0.148185 0.932017 -0.330736 0.388979 0.575326 -0.719511 0.42171 0.315602 -0.850033 0.213683 0.959794 -0.182033 0.519297 0.708127 -0.47842 0.728886 0.311616 -0.609607 0.781287 0.263065 -0.566028 0.493165 0.805944 -0.327479 0.627639 0.417507 -0.657083 0.160643 -7.39769e-09 -0.987013 0.160643 0 -0.987013 0.0169231 0.990331 -0.137685 0.00210371 0.995975 -0.0896107 4.71269e-05 -1 -0.000115863 0.0126856 0.972365 -0.233121 0.0128968 0.969331 -0.245421 0.0349057 0.748617 -0.662083 0.0498422 0.701783 -0.710645 0.0502002 0.256065 -0.965355 0.201467 -0.639033 -0.742326 0.0534315 0.0671913 -0.996308 0.0509612 -0.464344 -0.884187 0.032394 -0.933606 0.356833 0.0910819 -0.985147 0.145568 0.0616395 -0.803976 0.591459 0.0510197 -0.78718 -0.61461 0.634865 -0.443191 -0.632873 0.961152 -0.000916312 -0.276017 0.964125 -0.000192835 -0.265449 0.698818 -0.000639084 -0.715299 0.057764 -0.39487 0.916919 0.914764 0.390245 -0.10448 1 -3.40263e-06 9.10981e-07 0.177449 0.00509876 -0.984117 0.257705 -2.47315e-05 -0.966224 0.653248 -2.46454e-05 -0.757144 0.191085 -0.169815 -0.966773 0.656276 0.0133097 -0.754403 0.778597 -0.439604 -0.447811 0.836471 -0.14004 -0.529815 0.625386 -0.573062 -0.529616 0.924603 -0.00134808 -0.380929 0.934401 -0.00147175 -0.356221 0.933544 -0.00412833 -0.358439 3.94998e-08 -1 -1.56502e-07 8.23126e-07 -1 -5.36584e-07 0.931993 0.0475119 -0.359348 0.0112065 0.136036 -0.990641 0.0309662 0.234008 -0.971741 0.269599 0.342911 -0.899849 0.718903 1.23107e-07 -0.69511 0.704076 0.202048 -0.680774 0.91279 0.331563 -0.238496 0.735074 0.163625 -0.657947 0.96752 4.41736e-08 -0.252795 0.438383 0.80181 -0.406104 0.259922 0.965629 -0.000278656 0.759772 0.650169 -0.00518554 0.707062 0.707151 -0.000422274 0.269706 0.962943 0.000297366 4.86157e-06 1 -1.67013e-08 0.970397 0.241512 -0.00110202 0.885895 0.444791 -0.131721 0.919171 0.236315 -0.315088 0.233618 0.972322 0.0035628 0.00868247 0.999962 0.000107799 0.0501453 -0.602575 -0.796486 0.0852253 -0.524895 -0.84689 0.504058 -0.488491 -0.712252 0.0731738 -0.813482 -0.576969 0.9017 -0.191059 -0.387857 0.999997 0.00184906 -0.00173111 0.999935 -0.00934321 0.00660014 0.999998 -0.000754863 -0.00199009 0.999996 -0.00022333 -0.0029254 0.652443 -0.729013 -0.207022 0.999924 0.011377 -0.00478136 0.999959 -0.00872956 -0.00223713 0.999999 -0.00143486 -0.000642376 0.484088 -0.629433 -0.607843 0.0362818 -0.391705 -0.919375 0.455599 -0.889132 -0.0432834 0.00866446 0.930188 0.366981 0.0349208 -1.77034e-05 0.99939 -0.00118915 -0.655883 0.754861 0.933377 -0.00412989 0.358873 0.054279 -0.912799 0.404785 0.0515568 -0.785448 0.616777 -1.22478e-07 -1 -2.09674e-07 -8.2341e-07 -1 -5.36722e-07 0.187685 0.00183413 -0.982228 0.774564 0.00302371 -0.632488 1.8559e-05 1 0.000207127 7.15242e-05 1 7.43467e-06 -0.947984 0.316846 -0.030587 -0.656199 0.753937 -0.0313254 -0.656382 0.754147 0.0205967 -0.847132 0.507914 -0.156178 -0.654413 0.753968 0.0572352 -0.718822 0.693063 0.0543825 -0.915426 -0.396483 0.0692562 -0.994632 0.0844238 -0.0598267 -0.952756 0.174395 0.248682 -0.238449 0.965865 0.101226 3.97975e-06 1 2.01975e-07 -0.109777 0.977283 -0.181291 -0.25739 0.838763 -0.479819 -1 2.42778e-05 -2.39087e-05 -0.389824 0.461528 -0.796887 -0.417228 0.52311 -0.743153 -0.342541 0.178646 -0.922362 -0.342565 0.178426 0.922395 -0.456632 0.307505 0.834822 -0.447246 0.280211 0.849384 -0.467937 0.199204 0.861019 -0.428716 0.281245 0.858547 -0.141464 -0.199538 0.969625 -0.0805929 0.452622 0.888053 -0.1306 0.448294 0.884294 -0.110381 0.660001 0.743112 0 -1 0 -8.77181e-08 -1 -8.77221e-08 -1.261e-08 -1 5.63487e-08 -9.55268e-05 -1 0.000200918 -0.760125 -6.25936e-08 0.649777 -0.65074 -1.86633e-07 0.7593 -0.760125 -1.76262e-07 0.649777 -0.650765 -1.27727e-05 0.759279 -0.852012 -5.39126e-08 0.523522 -0.760125 -6.28906e-08 0.649777 -0.92308 -7.52918e-08 0.384609 -0.852012 -1.03842e-07 0.523522 -0.97121 -0.0310285 0.236198 -0.961984 -4.99943e-08 0.273107 -0.93779 -5.8144e-08 0.347203 -0.92263 -0.031193 0.384422 -0.663134 0.707089 0.245515 -0.582516 0.790393 0.189618 -0.680581 0.706736 0.193217 -0.604398 0.790794 0.0966883 -2.43177e-06 1 9.23214e-07 -0.693515 0.706775 0.139663 -0.980319 -1.56578e-08 0.19742 -0.993049 -8.76046e-09 0.117704 -0.68886 0.719717 0.0864853 -0.996123 -0.0318143 0.0820126 -0.996756 -0.0318928 -0.0738993 -0.998834 -0.0137062 -0.0462881 -0.999896 0.00445795 0.0136823 -0.998948 -0.00624965 0.0454263 -0.617049 0.781131 -0.0953144 -0.993966 8.25695e-09 -0.10969 -0.981159 1.48005e-08 -0.193203 -0.605469 0.789946 -0.096915 -0.694033 0.706853 -0.136664 -0.681128 0.706984 -0.190364 -0.963093 5.48956e-08 -0.269169 -0.973141 -0.0309152 -0.228125 -0.939188 7.91539e-08 -0.343403 -0.664422 0.70677 -0.242938 -0.582981 0.79002 -0.18974 -0.643392 0.706835 -0.293991 -3.59201e-09 1 1.30447e-07 -7.91835e-07 1 4.16492e-07 -0.546224 0.790172 -0.277971 -7.43626e-06 1 -3.64386e-06 -0.00301748 0.999995 0.00108888 -0.000676453 1 9.94012e-05 -0.000140339 1 -1.24078e-05 -0.599468 0.665187 0.445156 -0.223851 0.962934 -0.150493 -0.225057 0.962219 -0.153244 -0.219374 0.963658 -0.15244 -0.705452 0.620914 -0.341765 -0.714376 0.606004 -0.349895 -0.808662 0.0246199 -0.587759 -0.512543 0.709948 -0.482984 -0.528812 0.843447 0.0946311 -0.232109 0.943924 0.234806 -0.183096 0.965892 0.183108 -0.502151 0.706867 0.49818 -2.94576e-08 1 1.49202e-07 -0.245848 0.937608 -0.245868 -0.113255 0.981253 -0.155939 0.180529 0.88468 -0.429827 -0.536319 0.376168 -0.755552 -0.16305 0.960597 -0.225096 -0.15231 0.952526 -0.26362 -0.153357 0.962263 -0.224793 -0.146801 0.964221 -0.220744 -0.098236 0.960821 -0.259178 -0.104522 0.959324 -0.262245 -5.34519e-05 1 -4.19171e-05 -0.000157952 1 -0.000386285 -9.32871e-05 1 1.27199e-05 -0.317638 0.707037 -0.631826 -0.325018 0.751034 -0.574727 -0.000131708 1 -1.79074e-05 -0.267939 0.706375 -0.655167 -0.267814 0.70661 -0.654964 -3.47667e-06 1 -5.83462e-06 -0.35737 0.70677 -0.610543 -0.40379 0.707013 -0.580592 -0.384792 0.765699 -0.515402 -4.28566e-06 1 -5.58349e-06 -0.505157 -0.00017351 -0.863028 -0.570969 0 -0.820972 -0.530189 -0.0293882 -0.84737 -0.530418 6.14414e-08 -0.847736 -0.655656 -0.0318442 -0.754388 -0.627241 0 -0.778825 -0.655989 6.25184e-08 -0.754771 -0.765419 1.14825e-07 -0.643532 -0.856261 1.02643e-07 -0.516543 -0.856261 9.18237e-08 -0.516543 -0.926234 4.87993e-08 -0.37695 -0.926234 7.00514e-08 -0.37695 -0.926233 0.00158144 -0.376949 -0.973606 3.38091e-08 -0.228234 -0.973606 3.43275e-08 -0.228234 -0.951775 4.54468e-08 -0.306796 0.773468 -0.544944 -0.323703 -0.964076 0.0422728 -0.262243 -0.951775 0 -0.306798 0.390187 0 -0.920736 0.190918 -0.707764 -0.680163 0.376484 -0.00635132 -0.926401 0.38215 -0.00406128 -0.924091 0.484379 0.00611528 -0.874837 0.668355 -0.342452 0.660324 0.00373797 -0.999952 -0.00903894 0.00862123 -0.999958 0.00315504 0.0318357 -0.999227 0.0230739 0.0177314 -0.999817 0.00715094 0.00803752 -0.999962 0.00327127 2.39781e-07 -1 3.31615e-08 2.68626e-08 -1 -7.14222e-08 -0.622417 -0.0142739 0.782556 -1.64496e-07 -1 -5.97542e-07 -8.29549e-08 -1 -2.9779e-07 0.00238918 -0.999984 0.00512563 -0.0310227 -0.620915 0.783264 0.528288 -0.00152442 0.849064 0.616389 -0.707497 -0.345705 -0.473124 0.0157094 -0.880856 0.00513095 -0.999972 0.00540677 -2.25389e-07 -1 -4.19626e-07 -0.530419 4.91526e-07 -0.847736 -0.46247 5.1408e-07 -0.886635 -0.462476 1.00091e-06 -0.886632 9.11029e-08 -1 -8.75159e-08 -0.530418 2.22209e-15 -0.847736 -0.392218 -3.57831e-15 -0.919872 -0.392218 3.32103e-15 -0.919872 -0.39185 0.00692269 -0.920003 -0.161685 -6.57882e-15 -0.986842 -0.161685 4.91007e-16 -0.986842 -0.392146 -0.0191624 -0.919703 -0.161685 4.93258e-15 -0.986842 -0.378531 -2.71472e-15 -0.925589 -0.115058 0.702568 -0.702254 -0.000640759 0.707117 -0.707096 -0.115129 0.702415 -0.702394 -0.000456564 0.708744 -0.705465 -2.66935e-06 3.02805e-06 -1 3.5456e-06 3.85494e-16 -1 -0.000173209 -0.000456377 -1 -0.724231 0.506442 -0.46798 -0.440877 0.54275 -0.714877 -2.67224e-06 -0.0010328 -0.999999 0.740173 0.500263 -0.449311 0.621973 0.161739 -0.766153 -8.95839e-11 0.708443 -0.705768 0.193367 0.721038 -0.665368 0.512861 0.5129 -0.688409 0.707098 0.707114 -0.0012712 0.259026 0.96587 0.00046855 0.750449 0.660929 0.000296883 0.274871 0.961481 -4.50558e-05 -3.0239e-05 0.965807 -0.25926 -0.0151058 0.925832 -0.377633 0.0173001 0.675478 -0.737177 -0.0406765 0.114081 -0.992638 -0.205806 0.69662 -0.687288 -0.236075 0.664235 -0.709267 -0.188218 0.579344 -0.793054 -0.11971 0.573698 -0.810272 -0.188202 0.579211 -0.793155 -0.131661 0.678937 -0.722295 -0.131603 0.880895 -0.454648 -0.063399 0.881209 -0.468456 -0.0438025 0.96209 -0.269191 -0.0512498 0.964564 -0.258823 -0.0468963 0.96129 -0.27152 -0.0113734 0.999921 -0.00537525 -0.710714 0.680937 -0.176663 -0.646518 0.74219 -0.176546 -0.974932 0.222477 -0.00351158 -0.646086 0.763258 0.00315217 -0.635144 0.77239 0.00226906 -0.965859 0.259069 -0.000105992 -0.471492 0.471533 -0.745219 -0.156064 0.581942 -0.798115 -0.0311462 0.556753 -0.830094 -0.707099 0.707114 0.000768787 -0.259024 0.965871 1.58819e-07 1.03629e-05 1 3.08169e-06 -3.48023e-08 1 1.64429e-07 -0.743571 0.668655 -0.00144415 -0.278661 0.960389 0.000585434 -0.305906 0.941021 -0.14457 -0.361753 0.914631 -0.180512 -0.637414 0.769924 -0.0303484 -0.358536 0.903082 -0.23642 -0.666048 0.178644 -0.724201 -0.0641996 0.963242 -0.260851 -0.285976 0.521347 -0.803999 -0.27852 0.630398 -0.724586 -0.335346 0.0167252 -0.941947 -0.271762 0.704032 -0.656113 -0.381936 0.06199 -0.922107 -0.235471 0.000136409 -0.971881 -0.0993688 0.0949179 -0.990513 -0.130323 0.0528576 -0.990062 -0.150449 0.0383719 -0.987873 -0.0926766 0.704063 -0.704064 -0.27178 0.703995 -0.656145 4.41465e-08 1 1.06581e-07 -2.08599e-07 1 3.00521e-07 -0.092674 0.704073 -0.704055 2.3344e-07 1 2.17427e-07 6.84318e-07 1 3.38232e-07 4.59844e-07 1 5.99226e-07 9.85587e-08 1 2.3794e-07 -2.76821e-08 1 3.60727e-08 -2.26766e-08 1 5.47531e-08 -2.59066e-08 1 2.51565e-07 -2.41497e-08 1 2.45009e-07 -7.02266e-08 1 1.69545e-07 -1.45611e-07 1 1.89744e-07 7.62731e-09 1 3.04279e-07 6.60085e-08 1 2.7338e-08 -2.82141e-07 1 -2.58192e-07 -6.73988e-08 1 2.58409e-07 2.19523e-07 1 1.41669e-07 6.54457e-08 1 8.52815e-08 -3.42016e-07 1 1.41669e-07 1.77394e-07 1 5.37753e-07 2.42912e-07 1 3.98385e-08 7.62731e-09 1 -3.16038e-09 0.0926753 0.704063 -0.704065 0.271766 0.704032 -0.656111 0.271776 0.703995 -0.656147 0.432294 0.704044 -0.563421 0.607696 0.0582929 -0.792027 0.381936 0.0619928 -0.922107 0.496823 0.00470854 -0.867839 0.429649 0.016656 -0.902842 0.605264 0.0542905 -0.794171 -0.52416 0.658045 -0.540585 -0.0781378 0.735595 -0.672901 -0.182277 0.966246 -0.182052 -0.200678 0.959135 -0.199473 0.267967 0.91242 -0.309328 0.411861 0.841467 -0.34972 5.51342e-05 1 3.70926e-05 0.184706 0.966211 -0.179777 0.132393 0.966414 0.220264 0.45341 0.882996 0.121398 0.632368 0.692029 -0.348147 0.626711 0.688449 -0.365063 0.792551 0.0553232 -0.607291 0.868046 0.00465607 -0.496462 0.70628 0.621865 -0.338309 0.666971 0.564964 -0.485764 0.749856 0.568461 -0.338478 0.251236 0.961201 -0.113898 0.301039 0.940262 -0.159006 0.222326 0.963516 -0.149026 0.225564 0.961765 -0.155334 0.508437 0.808813 0.295487 0.496118 0.707398 0.503444 0.684325 0.258958 0.681645 0.94076 0.338742 -0.0149976 0.835308 0.521823 -0.173092 0.00397232 0.999989 0.00239511 0.481499 0.737662 -0.473301 0.746074 -0.01857 -0.665604 0.698156 0.00451112 -0.715931 0.524376 0.654957 -0.544116 0.67568 -0.00670923 -0.737164 -0.0337417 0.388417 -0.920866 -0.428404 0.699431 -0.572072 0.085365 0.158444 -0.983671 0.130795 0.500629 -0.855724 0.332906 0.674984 -0.65846 0.976581 0.145406 -0.158574 0.456235 0.765871 0.453091 0.180971 0.965988 0.184708 -0.499825 0.707327 -0.499862 -0.67805 0.283577 -0.67811 -0.681261 0.259486 -0.684507 -0.503096 0.708402 -0.495036 -0.292645 0.813289 -0.502911 0.153508 0.961856 -0.226426 1.4925e-05 1 -5.36867e-05 3.58396e-05 1 -5.58182e-05 5.01317e-06 1 -8.55332e-06 -0.319263 0.89554 -0.309967 -0.169153 0.969255 -0.178696 0.398219 0.746448 -0.533139 0.340981 0.789347 -0.510553 0.64659 -0.0318199 -0.762174 0.650538 -0.0257944 -0.759036 0.526859 -0.0275588 -0.849506 0.580842 0.00795862 -0.813977 0.414849 0.706746 -0.573071 0.50218 0.00196032 -0.864761 0.355337 0.70671 -0.611798 0.326688 0.747952 -0.577791 0.270364 0.701928 -0.658939 0.38352 -0.0186024 -0.923345 0.39366 -0.0016722 -0.919255 0.162054 1.64402e-16 -0.986782 0.161736 6.02873e-05 -0.986834 -1.45702e-06 -3.85501e-16 -1 0.390901 0 -0.920433 5.68462e-16 6.20878e-07 -1 0.161587 0.0428744 -0.985927 0.118888 -0.000362346 -0.992908 0 6.20878e-07 -1 0.119751 6.1641e-07 -0.992804 0.0131884 -0.999826 -0.0132272 0.629097 -0.702212 0.333369 -0.219117 -0.0870102 0.971811 0 -1 0 -0.0901641 -9.27527e-07 0.995927 0 -1 0 -0.0901641 -9.27527e-07 0.995927 -0.146471 -9.21276e-07 0.989215 -0.275817 0.015009 0.961093 -0.390249 -0.128563 0.911689 0.926412 -0.00277657 0.376502 -0.0674215 -0.997177 0.033065 -0.806733 -0.482075 0.34174 -0.58992 0.0679475 0.804597 0.0266142 -0.997778 -0.0610749 0.00367889 -0.999167 -0.040636 -0.0458666 -0.997763 0.0486297 -0.943403 -0.273295 0.187885 -0.930477 -0.331901 0.155097 -0.39785 -0.172552 0.901078 -0.368978 0.0495489 0.928116 2.70491e-08 -1 -1.53648e-07 4.77011e-07 -1 7.13252e-07 -9.51864e-10 -1 -1.63651e-07 0 9.3132e-07 -1 0 -1 -2.7853e-07 4.58922e-08 -1 9.68039e-08 -1.98389e-07 -1 -5.94062e-08 -4.26195e-09 -1 -2.40018e-07 -8.07134e-08 -1 -1.88043e-07 4.1875e-08 -1 -4.6237e-07 0.0964605 9.26977e-07 -0.995337 0.0901962 0.00340498 -0.995918 0.107368 -0.989994 -0.0915605 0.0347069 0.00825303 -0.999363 0.427743 -0.221206 -0.876415 0.0235712 -0.99913 0.0344118 0.695972 0.0722314 -0.714427 -0.278413 -0.679077 0.679221 0.0235695 -0.999121 0.0346576 -0.933149 -0.0159125 -0.359139 -0.925016 -0.00571971 -0.379885 -0.0120116 -0.999922 0.00353598 0 -1 0 0 -6.20878e-07 1 -0.119715 -6.16413e-07 0.992808 -0.0076854 -0.99997 -0.00127039 0 -1 0 0.0077124 -0.999969 -0.0012801 0 9.3132e-07 -1 -0.101502 9.2651e-07 -0.994835 -0.100458 -0.00053964 -0.994941 0.797319 0.024358 -0.603066 0.930574 -0.0116275 -0.365919 -0.0131835 -0.999906 -0.00368063 -0.794768 0.475705 -0.376894 -0.581408 -0.532155 -0.615447 -0.579378 -0.540873 -0.609736 -0.989717 0.035718 -0.138506 -0.96196 0.205435 -0.18008 -0.0233371 -0.998351 -0.052448 -4.81357e-05 -1 -5.18272e-05 -0.255181 -0.813125 -0.523174 -0.71814 -0.692497 -0.0687211 0.00356507 -0.999494 -0.0315936 0.613147 -0.0160826 -0.789805 -0.00420506 -0.999959 -0.00806476 -0.529021 7.90326e-07 -0.848609 -0.651394 7.0663e-07 -0.75874 -0.528174 -0.00180139 -0.849134 -1.4123e-06 -1 -5.18527e-06 -8.2937e-08 -1 -2.97755e-07 -0.7588 -0.000165903 -0.651324 -3.17411e-07 -1 -4.45111e-07 -1.03423e-07 -1 -3.39986e-07 -0.651394 7.0663e-07 -0.75874 -0.758739 6.06657e-07 -0.651395 9.46455e-08 -1 -9.09081e-08 6.57075e-08 -1 -1.12886e-07 6.70243e-08 -1 -1.15149e-07 0.655989 -2.14323e-07 0.754771 0.765419 -1.67408e-07 0.643532 0.765419 0 0.643532 3.46891e-08 -1 -1.32382e-07 0.00650339 -0.999976 0.00221015 0.852727 0 0.522356 3.51617e-08 -1 -1.34186e-07 0.199166 -0.702065 -0.683694 -0.848328 -0.000134865 -0.529471 -0.855457 -0.0249587 -0.517272 -0.849066 -0.000741828 -0.528286 0.306998 0.00772283 -0.951679 0.39547 -0.0058133 -0.918461 0.38499 -0.00024435 -0.922921 0.0116614 -0.999768 0.0181268 0.0448629 -0.998988 0.00333656 0.662775 -0.702469 0.259359 -0.00862936 -0.999958 -0.00316027 -0.00296846 -0.999986 -0.00428604 0.674179 -0.695343 0.24896 0.662874 -0.708284 0.242759 -0.38221 -0.00401268 0.924067 -0.00374029 -0.999952 0.00904018 -0.380741 -0.00460767 0.92467 -0.483431 0.00608872 0.875361 -0.190734 -0.708904 0.679025 -0.390662 0 0.920534 0.953629 0 0.300986 0.766938 -0.309612 0.562092 0.953628 -4.45864e-08 0.300988 0.973606 -3.38091e-08 0.228234 0.964989 0.0387256 0.259416 0.973606 -3.43275e-08 0.228234 0.973908 -3.76337e-08 0.226941 0.997262 -1.2588e-08 0.0739549 0.926209 -4.88085e-08 0.37701 0.856284 -9.18216e-08 0.516505 0.926209 -7.00593e-08 0.377011 0.765419 -1.14822e-07 0.643532 0.856284 -1.02638e-07 0.516505 0.655657 -0.0318073 0.754389 0.715794 0.00510084 0.698293 0.738961 -0.00517168 0.673728 0.765039 -0.0314982 0.643213 0.667698 -0.0207159 0.744144 0.84591 0.513561 -0.143847 0.691734 0.637983 0.338352 0.496173 0.79038 0.359321 0.549731 0.71869 0.42577 0.786785 -1.80933e-07 0.617227 0.833811 -1.465e-07 0.552051 0.589521 0.707193 0.390311 0.855873 -0.0309977 0.516257 0.874403 -1.46044e-07 0.485201 0.618292 0.707111 0.343086 0.909542 -1.20696e-07 0.415612 0.54624 0.790188 0.277894 0.643104 0.70715 0.293865 0.925767 -0.0308753 0.376831 0.939144 -7.91866e-08 0.343524 0.664145 0.707032 0.242934 0.963086 -5.49007e-08 0.269193 0.582834 0.790113 0.189805 0.681303 0.706797 0.190432 0.981163 -1.90388e-08 0.193183 0.694166 0.70672 0.136676 0.97314 -0.0309327 0.228124 0.973606 -3.8973e-08 0.228234 0.997262 -1.2466e-08 0.0739549 0.996757 -0.0318049 0.0739175 0.993984 -1.07943e-08 0.109528 0.996618 1.20737e-08 -0.0821762 0.996618 1.19116e-08 -0.0821762 0.971709 3.42422e-08 -0.236183 0.97169 0.00611913 -0.236179 0.972957 3.34822e-08 -0.230987 0.971715 0.00587771 -0.236083 0.663952 -0.706381 -0.245344 0.939224 -0.00571783 -0.343256 0.651368 -0.72029 -0.238542 0.642626 -0.706292 -0.296956 0.449029 -0.861676 -0.236406 -0.0216892 -0.9993 0.0304711 -0.0247285 -0.999653 0.009056 0.00990224 -0.99984 0.0148698 -0.00300309 -0.999991 0.00285304 0.00621847 -0.999975 0.00339282 -0.592944 -0.629047 -0.50271 -0.685941 -0.495775 -0.532627 -0.789746 -0.00762568 -0.613387 -0.788135 -0.0172253 -0.615262 -3.07574e-06 -1 6.32854e-07 5.59229e-08 -1 -2.20662e-07 4.91255e-08 -1 -2.1736e-07 -0.923937 0.0659997 0.376809 -3.11338e-07 -1 1.40693e-07 -0.849467 -0.315679 0.422791 2.68326e-08 -1 -1.75002e-07 1.90045e-07 -1 -1.74975e-07 -0.535715 0.0508452 -0.842867 -1.88679e-07 -1 -1.81403e-07 -0.0733579 -0.162555 -0.983969 -0.0710344 -0.169147 -0.983028 -0.0107094 -0.999937 -0.00332128 -2.15108e-05 -1 -1.1593e-05 -0.784845 -0.125546 -0.606842 -0.66838 -0.34295 -0.660041 -0.974124 2.63113e-08 -0.226013 -0.973915 -0.00165908 -0.226905 -0.997111 1.24351e-08 -0.0759585 2.05827e-07 -1 -1.15715e-07 -0.997111 8.84272e-09 -0.0759585 3.79066e-08 -1 -2.49831e-07 -0.00744752 -0.999972 -0.000195846 1.86043e-08 -1 -1.22615e-07 -1.75202e-08 -1 -1.3273e-07 0.997262 -1.22197e-08 0.0739549 -1.71713e-08 -1 -1.30086e-07 -5.2004e-08 -1 -1.19773e-07 0.996618 1.32235e-08 -0.0821762 -0.974227 -2.62596e-08 0.225568 -0.997111 -8.84268e-09 0.0759582 -5.36395e-08 -1 -1.2354e-07 0.00631568 -0.999975 -0.00304701 -0.347054 -0.699353 -0.624867 -0.971099 -0.0219526 0.237663 -0.995394 0.0106264 -0.0952786 -0.974038 0.000215065 0.226385 -0.798636 -0.121603 0.589401 -0.645364 -0.394362 0.654205 -4.9358e-07 -1 -1.98089e-08 -0.118571 -0.0111264 0.992883 -0.381633 -0.00381217 -0.924306 -0.0533064 -0.994662 0.0883528 -0.447762 -0.0109291 -0.894086 -0.375212 -0.000706062 -0.926939 -0.0429257 -0.163113 0.985673 -1.61822e-07 -1 -1.38348e-07 -0.997111 -1.2435e-08 0.0759582 -2.04196e-07 -1 -1.15839e-07 1.28881e-10 -1 -1.81562e-07 -0.0326055 -0.998903 -0.0336015 -0.974467 -0.192986 0.114763 -0.933825 -0.046322 -0.35472 -0.895996 -0.207815 -0.392433 -0.502947 -0.752957 0.424382 -0.555222 -0.660328 0.505663 -0.823351 0.0401765 0.566109 -0.309514 -0.943485 0.11848 -0.923994 -0.375243 -0.0736771 -0.938082 -0.34187 -0.055929 -0.00232508 -0.999997 -0.000646399 -0.0106268 -0.999917 -0.00732203 -0.549289 -0.0545545 0.83385 -0.640344 -0.720055 0.267359 -0.00380128 -0.99998 -0.00496285 -0.000752556 -0.999996 0.00273218 0.610725 0.00154577 0.791841 0.260461 -0.82024 0.50928 0.574882 0.162315 0.801975 0.0127913 -0.999918 0.000884632 -0.054635 -0.996807 0.0582336 0.239811 -0.864952 -0.440851 -0.929238 0.006576 -0.369424 -0.933322 0.00989153 -0.358905 -0.653646 -0.706462 -0.271401 -0.923803 4.32217e-07 -0.382868 -0.651101 -0.709555 -0.269443 -0.518586 -0.0219951 0.854743 -0.528175 -0.000864014 0.849135 3.3181e-07 -1 -5.31771e-07 -0.529371 -7.90123e-07 0.84839 -0.651398 -7.06626e-07 0.758736 -1.09575e-07 -1 -7.3517e-08 -1.05591e-07 -1 -7.08436e-08 -0.651398 -7.06626e-07 0.758736 0.650754 4.40243e-07 -0.759288 0.527776 4.92481e-07 -0.849384 -8.92675e-08 -1 -8.92663e-08 0.760128 1.76263e-07 -0.649773 0.760128 0 -0.649773 -8.77203e-08 -1 -8.77191e-08 0.650754 1.86635e-07 -0.759288 0.760128 1.11753e-07 -0.649773 0.650755 6.2628e-15 -0.759288 0.851987 9.32349e-08 -0.523563 0.92306 7.52785e-08 -0.384656 0.851987 1.03878e-07 -0.523563 0.971238 -0.0311346 -0.236069 0.922618 -0.0309479 -0.384472 0.961984 4.99888e-08 -0.273104 0.937665 5.81896e-08 -0.34754 0.663287 0.706831 -0.245844 0.907853 1.06484e-07 -0.419289 0.642246 0.70678 -0.296619 0.58213 0.790694 -0.189547 1.77624e-09 1 1.39526e-07 1.22941e-07 1 -1.19641e-07 0.545957 0.790433 -0.277753 2.63116e-06 1 -7.25113e-07 0.680389 0.706937 -0.19316 0.604933 0.790372 -0.096787 0.693413 0.706918 -0.139447 0.00549078 0.969357 -0.245596 -0.0143525 0.838959 -0.544005 -0.00588961 0.707522 -0.706667 0.000757071 0.999997 -0.00216557 0.000301735 1 -0.00033539 0.264462 0.96171 -0.0719338 0.00136213 0.999999 -0.000465448 0.000208166 1 -0.000173111 0.248851 0.961713 -0.114811 0.264138 0.961855 -0.0711736 0.268874 0.962296 -0.0411475 0.270035 0.961898 -0.0428122 0.734439 0.665513 -0.133013 0.756808 0.64076 -0.129106 0.822924 0.521241 -0.226061 0.626574 0.742539 -0.236731 0.221267 0.91209 -0.345156 0.259929 0.965628 6.15632e-06 0.0959708 0.954645 -0.281856 0.179811 0.912971 -0.366268 0.0179981 0.760585 -0.648988 0.00265114 0.298343 -0.954455 0.749511 0.163384 -0.641513 0.70045 0.513731 -0.495429 0.00205834 0.693324 -0.720623 -0.000741852 0.738154 -0.674632 -0.00355733 0.96552 -0.260305 0.000754526 1 -1.49383e-07 -0.00329198 0.677634 0.735392 0.00310371 0.263824 0.964566 -0.000134949 0.29808 0.954541 0.99966 -3.63923e-09 0.0260851 0.999724 -0.0120923 0.0201597 0.76861 0.411397 0.48989 0.759735 0.600935 0.248355 0.605877 0.789616 0.0970552 0.639628 0.763125 0.0922831 3.10072e-06 1 -3.05414e-06 -2.80733e-05 0.96599 0.258578 -0.00679575 0.958314 0.285638 0.000760333 1 9.57403e-05 -0.000680129 0.969267 0.246012 2.58275e-07 1 3.54191e-08 0.000241126 1 2.21889e-05 0.00362416 0.999991 0.00198813 0.000731763 1 5.93326e-05 -3.61911e-09 1 1.30458e-07 0.267989 0.960665 0.072831 0.26715 0.962612 0.0448269 0.250892 0.963845 0.0897577 0.799095 0.525937 0.291269 0.757226 0.599029 0.260335 0.79058 0.599225 0.126144 0.721182 0.679978 0.13239 0.270181 0.907034 0.322943 0.134969 0.77471 0.617745 0.188396 0.947506 0.25834 0.211192 0.866544 0.452216 0.100104 0.558507 0.823438 0.10729 0.606146 0.788084 -0.0213018 0.591123 0.8063 -0.00229326 0.669619 0.742702 -0.000386255 0.706879 0.707334 0.267274 0.962585 0.0446686 0.750694 0.660643 -0.00307954 0.702342 0.676923 0.220206 0.227346 0.925717 0.302261 0.699015 0.681782 0.215757 0.737923 0.674884 0 0.259979 0.965614 0 0.986213 0.0236649 0.163778 0.990482 0.0946509 0.099932 0.990054 0.0529985 0.130321 0.999931 -0.00406874 0.0109823 0.704105 0.704021 -0.092681 0.989899 0.0558763 -0.1303 0.704106 0.70402 0.0926818 0.704105 0.704021 0.0926815 0.988012 0.0246677 -0.152391 0.700398 0.671857 -0.240937 0.903394 0.0173725 -0.42846 0.922109 0.0620105 -0.381929 0.945714 0.00680408 -0.32493 0.656195 0.703945 -0.27179 0.704106 0.70402 -0.092681 0.945552 0.00673535 0.325401 0.922109 0.0620156 0.381929 0.897883 0.00635333 0.440189 0.656094 0.704055 0.271748 0.791976 0.0587324 0.607721 0.807844 0.024681 0.58888 0.563382 0.704049 0.432338 0.56326 0.704221 0.432216 0.763753 0.444789 0.467808 0.592535 0.689551 0.416439 0.467541 0.876845 -0.112016 0.436029 0.846863 -0.30447 0.607421 0.647463 -0.460252 0.371642 0.904664 -0.208482 0.188698 0.967091 -0.170669 0.51672 0.681695 -0.517969 0.697111 0.194187 -0.690165 0.483138 0.729677 -0.483889 0.682792 0.259372 -0.683024 0.500603 0.707247 -0.499198 0.169212 0.969664 -0.176404 0.638604 0.682554 -0.355395 0.982454 0.160861 0.094381 0.839867 0.515259 0.170679 0.466098 0.753515 -0.463646 0.182328 0.965242 -0.187254 0.00113165 0.999999 -0.000545715 0.000201085 1 1.91534e-05 -0.195882 0.960828 0.196063 -0.519082 0.679256 0.518812 -0.498472 0.708527 0.499515 -0.184646 0.965393 0.184179 -0.682991 0.258187 0.683274 0.231801 0.423967 0.875512 0.385211 0.764701 0.51657 0.385144 0.764769 0.51652 0.627277 -3.47323e-15 0.778796 0.570969 2.13112e-15 0.820972 0.40381 0.706977 0.580621 0.357396 0.706733 0.610571 0.505167 2.10212e-15 0.863022 0.530287 -0.0293194 0.847311 0.391984 -0.0192286 0.919771 0.449732 2.60165e-15 0.893164 0.267674 0.706684 0.654941 0.317877 0.707397 0.631303 0.378322 -3.72677e-15 0.925674 0.161754 1.40261e-14 0.986831 0.1364 0.53751 0.832153 0.233721 0.765998 0.59885 -7.44733e-06 1 -4.84073e-05 0.00338885 0.999993 0.00163497 1.58966e-05 1 9.38525e-05 0.087677 0.96246 0.256874 0.104619 0.959252 0.262471 0.115769 0.962371 0.245845 0.156493 0.941633 0.298057 0.149845 0.963213 0.223084 0.33834 0.612831 0.714118 0.485449 0.565911 0.666396 0.338185 0.622569 0.705719 0.496565 0.00470243 0.867987 0.604549 0.054115 0.794727 0.607657 0.0594636 0.79197 0.455909 0.755251 0.470897 0.184482 0.675183 0.714209 0.472886 0.738629 0.480423 0.149045 0.963449 0.222602 -0.311823 0.751594 0.581269 -0.442785 0.656365 0.610841 -0.457228 0.749399 0.478898 -0.684137 0.253189 0.683997 -0.466992 0.751249 0.466415 -0.478884 0.737169 0.476709 -0.00137802 0.999999 0.00061795 0.000108169 1 0.00019125 -0.000289407 1 0.000147544 5.36129e-05 1 4.21778e-05 0.178813 0.959471 0.217812 0.391397 0.649938 0.651452 0.69977 -0.00407469 0.714357 0.606671 0.764253 0.218787 0.271809 0.703932 0.6562 0.2718 0.703968 0.656167 0.381951 0.0620334 0.922098 0.428467 0.017422 0.90339 0.432409 0.703857 0.563567 0.335375 0.0167556 0.941936 0.167342 0.661807 0.730758 0.266695 0.604492 0.750642 0.265451 0.565924 0.780555 0.120331 0.510268 0.851556 0.139989 0.0680997 0.987808 0.108008 0.543006 0.832754 0.130281 0.0562209 0.989882 0.0926777 0.703934 0.704193 -0.0926792 0.704119 0.704007 -0.0926826 0.704106 0.70402 0 1 1.85338e-06 -0.130269 0.0602331 0.989647 0.00146451 0.00190777 0.999997 -0.13145 0.712704 0.689038 -0.0465193 0.962378 0.267702 -0.127065 0.721709 0.680434 -0.395463 0.902599 0.170071 -0.624729 0.779785 0.0405937 -0.647084 0.744218 0.165597 -0.641978 0.74864 0.165536 -0.976789 0.214168 0.00399343 -0.767427 0.641136 -0.000803072 -0.707265 0.706942 -0.00306455 -0.572039 0.820216 0.00410462 -0.257137 0.966367 -0.0040183 -5.70705e-07 1 1.80369e-06 -6.70646e-07 1 4.09155e-06 -0.0031415 0.999994 0.00152131 -1.57105e-05 1 9.40653e-05 -0.0478125 0.961937 0.269057 -0.0918314 0.962331 0.255902 -0.29404 0.53625 0.791186 -0.12349 0.71243 0.690792 -0.267639 0.596207 0.756906 -0.247014 0.00170397 0.96901 -0.141712 0.0449019 0.988889 -0.336529 0.0173588 0.941513 -0.382007 0.0619972 0.922077 -0.440421 0.00617578 0.89777 -0.326035 0.671041 0.665887 -0.471749 0.436497 0.766109 -0.405432 0.729991 0.550216 0.38562 0.751329 0.535539 0.222748 0.845331 0.485592 0.681185 0.260871 0.684056 0.681434 0.258869 0.684569 0.503521 0.707895 0.49533 0.168689 0.969422 0.178229 -0.0941568 0.505614 0.857607 -0.0984677 0.477233 0.873243 -0.647987 -0.0260811 0.761204 -0.670268 -0.0113474 0.742032 -0.03138 0.324619 0.945324 -0.164756 0.144811 0.975646 0.448925 0.770512 0.452524 -0.173737 0.505976 0.844869 -0.187901 0.963116 -0.192615 -0.000501091 1 0.000478612 0.00265717 0.806888 0.590699 -0.334341 0.884498 0.325391 -0.277333 0.913969 0.296222 -0.691574 0.000739705 0.722305 -0.792261 0.0530809 0.607869 -0.785376 0.0675737 0.61532 -0.563499 0.703949 0.432349 -0.563454 0.704012 0.432304 -0.844873 -0.00287124 0.534958 -0.656084 0.704015 0.271877 -0.922039 0.0620687 0.382087 -0.903252 0.0173103 0.42876 -0.94195 0.016661 0.33534 -0.973582 -0.00102009 0.228336 -0.990084 0.0543906 0.12952 -0.781845 0.60718 0.141602 -0.780354 0.566226 0.265397 -0.727595 0.666963 0.160518 -0.237847 0.964092 0.118133 -0.259093 0.961785 0.0885434 -0.262387 0.960067 0.0970773 -0.228467 0.961156 0.154862 -0.222426 0.963922 0.146226 -0.23045 0.960687 0.154833 -0.441863 0.810424 -0.384668 -0.471798 0.873834 -0.117561 -0.412647 0.893605 -0.176615 -0.56943 0.710025 0.414263 -0.617148 0.66365 0.422726 -0.605587 0.683436 0.407652 -0.726654 0.59247 0.347783 -0.708825 0.615042 0.345383 -0.603516 0.647981 -0.464638 -0.0029319 0.999995 -0.000819795 -4.09461e-07 1 4.35179e-07 -0.000207289 1 8.61185e-05 -0.204653 0.955103 -0.21423 4.35877e-07 1 -8.13866e-08 -0.494127 0.719309 -0.488297 -0.68466 0.251871 -0.683961 -0.65682 0.35134 -0.667194 -0.974977 0.222288 0.00279883 -0.802718 0.593171 0.0615825 -0.71499 -0.0191082 0.698874 -0.516069 0.695996 0.499262 -0.490034 0.725701 0.482934 -0.00128668 0.999999 -0.000872343 -0.720564 0.00661612 0.693357 -0.932678 0.339974 -0.120539 -0.704501 0.612417 0.358641 -0.52757 0.749414 0.400061 -0.496076 0.790533 0.359119 -0.831579 -2.18948e-07 0.555407 -0.587989 0.707138 0.392715 -0.782556 -2.45429e-07 0.62258 -0.872373 -1.22416e-07 0.488841 -0.616805 0.70717 0.345632 -0.8516 -0.0310922 0.523268 -0.90775 -1.06506e-07 0.419512 -0.641888 0.707094 0.296645 -0.545924 0.790433 0.277817 -0.759735 -0.0320121 0.649444 -0.514888 0.689239 -0.509746 -0.461329 0.757394 -0.462093 -0.000222925 1 0.000106035 -0.000766116 0.999998 0.00160063 -0.258388 0.964687 0.0511229 -0.269515 0.961857 0.0468236 -0.268943 0.962045 0.046254 -0.170814 0.676669 0.716199 -0.166418 0.672834 0.720832 -0.0758464 0.826164 0.558302 0.135067 -0.214479 0.967345 -0.763866 0.415928 -0.49347 -0.865588 0.286188 -0.410917 -0.818214 0.431919 -0.379436 -0.000355342 1 0.000755331 -0.661248 0.750167 0.000487779 -0.761452 0.647723 0.0253987 -0.695437 0.528499 0.486884 -0.749425 0.162489 0.64184 -0.000206638 0.259743 0.965678 -0.00549095 0.969362 0.245577 0.00589155 0.70744 0.706749 -0.135911 0.693682 0.707342 -0.486785 0.506684 0.711556 -0.728173 0.638344 0.249562 -0.00243595 0.309951 0.950749 -3.58015e-05 0.267336 0.963603 -3.35633e-05 0.749825 0.661636 -0.00248248 0.710584 0.703608 0.00344995 0.965507 0.260353 -0.000554898 1 1.64882e-07 -0.0025245 0.769914 -0.638143 -0.520067 0.214738 -0.826691 0.00311604 0.965642 -0.259856 -0.747254 0.614572 -0.252812 0.000360528 0.707249 -0.706965 0.000189839 0.259047 -0.965865 -0.120059 0.869198 -0.479667 0.0724654 0.306999 -0.948947 -0.416163 0.90929 -9.97315e-06 -0.129588 0.947158 -0.293425 -0.453692 0.891092 0.0109385 -0.30965 0.865327 -0.394114 -0.707105 0.698826 -0.10791 -0.746131 0.651555 -0.13698 -0.709863 0.689261 -0.144961 -0.999963 0.00199181 -0.00833068 -0.989994 0.0541258 -0.130312 -0.990235 0.0604523 -0.125619 -0.704105 0.704021 -0.0926808 -0.704011 0.704116 -0.0926807 -0.655941 0.704222 -0.271685 -0.974902 -0.00245665 -0.222623 -0.92211 0.0619936 -0.38193 -0.941519 0.017442 -0.336509 -0.897753 0.00608184 -0.440456 -0.704105 0.704021 0.0926814 -0.99004 0.0533092 0.130302 -0.704016 0.704114 0.0926574 -0.778097 0.564339 -0.275837 -0.747048 0.614529 -0.25352 -0.256871 0.962494 -0.0873015 -0.271232 0.961281 -0.0487128 -0.26616 0.962616 -0.0502999 -0.168892 0.794594 -0.583177 0.0078873 0.961521 -0.274618 -0.128237 0.746235 -0.653214 -0.136947 0.765916 -0.628187 0.00157146 0.683983 -0.729496 0.00113615 0.971452 -0.237232 -0.268675 0.962123 -0.0461849 -0.000865514 1 -0.00027044 -0.257903 0.96188 -0.090951 -0.246318 0.961978 -0.118005 -0.242978 0.962605 -0.119808 -0.00177402 0.999998 -0.00103165 -0.183682 0.916303 -0.355878 -0.218098 0.91335 0.343838 -0.181362 0.913735 0.363588 -0.124273 0.94989 0.286818 2.17124e-16 0.701187 -0.712977 -5.23263e-16 0.256617 -0.966513 -0.0828034 0.516593 -0.852218 -3.78571e-23 1 1.26763e-07 7.73946e-17 0.965837 -0.259152 0.0142921 0.839606 0.543008 -0.749475 0.605958 0.26665 -0.700117 0.708722 0.0868884 -0.65591 0.704216 0.271777 -0.432311 0.704079 0.563365 -0.607754 0.0581575 0.791993 -0.586916 0.0244795 0.809278 0.0340127 0.866193 0.498551 0.0551795 0.963398 0.262335 0.185349 0.965885 0.180863 0.517857 0.681638 0.516908 -0.650549 -0.0257747 0.759027 -0.646778 -0.0315388 0.762026 -0.341464 0.789104 0.510606 -0.580613 0.00797677 0.81414 -0.414728 0.706717 0.573195 -0.398022 0.746641 0.533015 -0.356583 0.70671 0.611072 -0.526925 -0.0273384 0.849472 -0.504003 0.000108879 0.863702 -0.448464 9.6881e-05 0.893801 -0.317122 0.707083 0.632034 -0.32677 0.748033 0.577641 -0.37838 -3.75865e-15 0.92565 -0.267817 0.706415 0.655174 -0.390726 -0.0173603 0.920343 -0.161703 6.21579e-15 0.986839 -0.161703 -4.43724e-16 0.986839 1.29777e-05 -3.85492e-16 1 -5.68408e-16 6.61435e-06 1 8.00543e-06 1.33729e-05 1 -0.00240606 0.707115 0.707094 -0.144541 0.586313 0.797085 5.02774e-05 0.730028 0.683417 -0.417746 0.406892 0.812359 0.201424 0.562232 0.802074 0.00737022 0.76615 0.64262 0.00326036 0.734108 0.679025 0.740491 0.351477 0.572832 0.669527 0.213762 0.711364 0.543684 0.543693 0.639379 0.196248 0.731785 0.65267 -4.12993e-09 0.701698 0.712474 -1.96168e-05 -0.000465171 1 4.52926e-05 0.701903 0.712273 8.82987e-06 -0.00055764 1 -0.192737 0.718688 0.668087 -0.611259 0.259876 0.747547 -0.517215 0.517227 0.681884 -0.812018 0.215964 0.542205 -0.707098 0.707114 0.0014008 -0.282696 0.959209 -0.000705733 -0.259026 0.96587 1.59006e-07 6.53861e-10 1 1.74379e-07 -3.4704e-08 1 1.64458e-07 0.262515 0.964928 1.68268e-07 0.439922 0.831721 0.338687 -1.1115e-10 0.917101 0.398656 0.322006 0.920757 0.220268 0.0514581 0.960302 0.274174 0.0474429 0.961647 0.270157 0.0497388 0.96339 0.26345 0.617037 0.767207 0.175098 0.568787 0.822469 0.00515107 0.97502 0.222088 0.00352873 0.637389 0.770052 0.0274778 0.646881 0.742132 0.175454 0.707098 0.707115 -0.000761591 0.950137 0.311792 -0.00502854 0.731584 0.681751 0.00071086 0.259025 0.965871 -0.00010812 0.294253 0.932205 0.210736 0.0182778 0.883251 0.468544 -0.285271 0.953026 0.101788 -0.401961 0.849221 0.34242 -0.965862 0.259059 -0.000277942 0.351886 0.936023 -0.00612591 -1.86758e-05 3.85578e-16 1 0.161754 -3.21079e-16 0.986831 0.392057 9.48798e-16 0.919941 0.161754 -3.41869e-15 0.986831 0.392057 -1.14022e-15 0.919941 0.530515 -4.91491e-07 0.847676 0.530515 -6.8506e-16 0.847676 0.391704 0.00662044 0.920067 0.459428 -5.14996e-07 0.888215 0.459422 -1.0027e-06 0.888218 0.460623 0.00175063 0.887594 0 -1 0 1.71922e-12 -1 1.80371e-12 -0.618264 -0.707506 0.342322 -0.00488287 -0.999975 -0.00514545 -0.929068 -0.00402246 0.369888 -0.923361 0.00197293 0.383929 0.190932 -0.639654 -0.744572 -0.107455 -0.198307 -0.974232 0.627336 -0.0722479 -0.77539 0.00290014 -0.999991 -0.00293141 0.000130488 -1 0.000358471 0.249049 -0.707709 0.661152 0.242867 -0.72061 0.649413 0.244475 -0.855979 0.455557 -0.035564 -0.999016 -0.0264819 0.299733 -0.707721 0.639758 0.347188 -0.0116046 0.937724 0.421697 0.109642 0.900083 -0.926983 -4.23452e-07 0.375104 0.161605 0.0428631 0.985924 0.118924 -0.000354367 0.992903 0.925369 -0.00899424 -0.378961 0.902441 0.016166 -0.43051 0.0120118 -0.999922 0.0034654 0.119766 -6.16409e-07 0.992802 -5.68466e-16 -6.20878e-07 1 0.530515 -9.82991e-08 0.847676 0.655988 -1.09407e-07 0.754771 -0.161703 -3.33352e-15 0.986839 -0.390026 2.63965e-15 0.920804 -0.390785 0.000383513 0.920482 -0.527122 -0.00019776 0.84979 -0.52663 7.56413e-05 0.850094 -0.527206 0.00151842 0.849736 -0.330884 -0.0140789 0.943566 -0.416322 0.0894227 0.904809 -0.161612 0.0336263 0.986281 -0.302675 -0.682815 0.664945 0.824443 0.0163796 0.565709 -0.295739 -0.706796 0.642633 0.923503 -0.0038454 0.383572 -0.012079 -0.996437 -0.0834761 0.00913933 -0.999761 -0.0198669 0.107583 -0.10438 -0.988702 0.127149 -0.141517 -0.981736 0.403719 -0.00861713 -0.914842 0.514618 0.00169479 -0.857418 0.515706 7.97923e-07 -0.856766 0.000472399 -0.999999 0.00111402 1.2389e-08 -1 -2.05823e-08 5.39059e-08 -1 -2.7567e-07 0.610361 7.37721e-07 -0.792124 -3.18264e-07 -1 1.28772e-07 0.611611 0.00227141 -0.791156 -0.000247118 -1 0.000319386 0.990527 -0.000673116 -0.137319 0.990054 1.31026e-07 -0.140689 0.688428 6.75491e-07 -0.725305 -1.07806e-07 -1 1.13581e-07 6.5791e-08 -1 -3.02584e-07 0.688428 6.75491e-07 -0.725305 0.200014 0.0713602 -0.977191 -0.69262 -0.148519 -0.705847 -0.661952 0.0219098 -0.749226 0.0265356 -0.999147 -0.0316282 -0.00327373 -0.999973 -0.00655921 0.00218006 -0.99997 -0.0073764 0.370365 -0.243499 -0.896403 0.43576 -0.105769 -0.893827 0.975373 -0.0160578 -0.219975 0.973722 -0.196485 -0.115152 0.817149 -0.404698 -0.410472 -1.95886e-09 -1 -1.63342e-07 2.34954e-08 -1 -1.54667e-07 2.98687e-08 -1 -1.76959e-07 3.15564e-08 -1 -1.78594e-07 0.909622 -0.17129 -0.378481 -2.5101e-06 -1 1.02731e-06 0.906658 -0.212916 -0.364195 0.0652345 -0.997853 -0.00575779 0.97429 0.0633175 0.216218 -1.55681e-06 -1 5.66418e-07 1.81648e-07 -1 -3.28605e-07 0.00301847 -0.999995 -0.000930996 0.849073 -0.000863406 -0.528274 0.854683 -0.0220005 -0.518684 0.758809 6.06581e-07 -0.651313 0.848328 0 -0.52947 0.758809 0 -0.651313 -6.40108e-08 -1 -1.1618e-07 -6.45973e-08 -1 -1.17244e-07 -0.199072 -0.702355 -0.683424 -0.0061235 -0.999979 0.00219311 -0.850177 -4.43779e-08 0.526497 -0.852117 0.00426823 0.523334 -0.387162 -0.00210491 -0.922009 -0.395489 -0.00621182 -0.91845 -0.201446 0.00930771 -0.979455 -0.42503 -0.01864 -0.904988 -0.629998 -0.707606 0.319994 -0.635231 -0.713853 0.29478 0.0162494 -0.99984 -0.00754082 -8.78938e-05 -0.999989 0.00466797 0.567196 -0.548026 0.614781 0.986539 0.0449829 0.157218 0.782946 -0.129029 0.608562 -0.00505301 -0.99998 -0.00384872 0.89235 -0.431982 -0.130775 -0.651752 -0.707079 0.274333 0.00590465 -0.999976 -0.00371361 0.00013486 -0.999984 -0.00570194 -0.642146 -0.706809 0.296764 0.00381431 -0.999976 -0.00581165 -0.0461476 -0.998917 -0.00591552 -0.0382712 -0.995083 -0.0913497 0.380294 -0.00470244 0.924854 0.377411 -0.00610268 0.926026 -0.971187 0.00828399 0.238175 -0.996628 -1.18939e-08 0.0820541 -0.97167 0.0038519 0.23631 -0.971677 -4.43853e-08 0.236311 -0.972957 -3.34822e-08 0.230987 -0.996628 -1.57529e-08 0.0820541 -5.19824e-08 -1 -1.19797e-07 -0.996628 -1.34185e-08 0.0820541 -0.00263247 -0.999994 0.00210886 0.000308016 -1 0.000709847 -1.72684e-08 -1 -1.30077e-07 0.974156 2.62955e-08 -0.225877 0.9971 8.85927e-09 -0.0761008 0.974077 -0.000628067 -0.226216 -4.93432e-07 -1 -1.99131e-08 0.9971 1.24584e-08 -0.0761008 -2.04314e-07 -1 -1.15801e-07 -1.61879e-07 -1 -1.38337e-07 -7.58089e-08 -1 -1.81501e-07 1.92696e-07 -1 -1.76927e-07 1.28856e-10 -1 -1.81563e-07 0.548823 0.0383721 -0.835057 0.0426587 -0.19113 -0.980637 0.0378395 -0.201605 -0.978736 0.538596 -0.199595 -0.818582 1.53026e-06 -1 -2.07292e-06 0.507568 -0.13968 -0.850214 0.850084 -0.105737 -0.515924 0.878998 -0.21128 -0.427461 0.537356 0.0515138 0.841781 0.0711773 -0.16893 0.983055 1.24172e-05 -1 6.33806e-06 2.05896e-07 -1 -1.1568e-07 0.899751 -0.21315 0.380808 -2.87947e-07 -1 -6.88056e-07 0.931988 -0.0782035 0.353953 0.0107563 -0.999937 0.003332 0.973938 -0.00169866 0.226809 0.9971 -1.24583e-08 0.0761005 0.974152 -2.62976e-08 0.225896 0.9971 -8.85924e-09 0.0761005 3.79059e-08 -1 -2.49839e-07 0.00747204 -0.999972 0.000194962 1.86009e-08 -1 -1.22599e-07 -1.76218e-08 -1 -1.32739e-07 -0.973936 3.28783e-08 -0.226821 -0.997263 1.2198e-08 -0.0739369 -0.997263 1.07173e-08 -0.0739369 0.785002 -0.12439 0.606876 0.0735448 -0.162213 0.984011 0.997624 0.00759502 0.0684748 -0.921909 0.0503482 0.384121 -0.92308 -6.07505e-08 0.384609 -0.939946 -0.00796492 0.34123 -0.971677 -3.45025e-08 0.236311 -0.997263 1.40698e-08 -0.0739369 -0.973606 4.31733e-08 -0.228234 -0.90775 0 0.419512 -0.872837 0.203978 0.443339 -0.852012 0 0.523522 0.00507544 -0.999978 -0.00423261 -0.000345756 -0.999998 0.00209016 0.929621 -0.00904057 0.368407 -0.115095 0.702418 0.702397 -0.115111 0.702529 0.702283 -0.267732 0.706574 0.655036 -3.73914e-06 1 6.60978e-06 -4.52273e-05 1 7.02155e-05 0.263231 0.928743 0.261046 -0.312893 0.672506 0.670697 1.804e-05 1 6.4236e-05 -0.149092 0.964286 0.218917 -0.104471 0.959366 0.26211 -5.35064e-05 1 4.22643e-05 -0.147446 0.960953 0.234156 -0.432371 0.703993 0.563426 -0.271874 0.703869 0.656241 -0.0498204 0.963455 0.263197 -0.271571 0.704476 0.655716 0 0.694736 0.719265 0.228864 -0.00101456 0.973458 0.0926776 0.704042 0.704085 0.325131 0.750888 0.574854 0.0278188 0.339663 0.940136 0.330479 0.711415 0.620219 0.182578 0.467521 0.864922 0.174954 0.140638 0.97448 0.479165 0.736279 0.477801 0.565823 0.630691 0.531106 0.0039302 0.999991 -0.00152273 0.21973 0.964437 0.146902 0.236758 0.960063 0.149076 0.254371 0.960028 0.116796 0.220394 0.964105 0.148084 0.665678 0.671319 0.325888 0.432194 0.704286 0.563195 0.656191 0.703943 0.271804 2.5674e-06 1 1.44657e-06 0.719026 0.694701 0.0198129 0.60654 0.721445 0.334105 0.00513728 0.965043 0.262041 -2.4375e-05 0.924059 0.38225 0.617246 0.290675 0.731105 0.670849 0.228601 0.705481 0.669654 0.742671 -0.00189739 3.64341e-06 0.999996 -0.00282971 0.999626 4.84904e-09 -0.0273407 0.763103 0.644632 -0.0460719 0.000290459 0.259661 -0.9657 0.998942 -0.00615447 -0.0455738 0.486867 0.506756 -0.711449 0.137466 0.693261 -0.707455 0.72857 0.638481 -0.248048 0.996117 -0.0317101 -0.0821349 0.993048 2.28568e-08 -0.117709 0.689565 0.719031 -0.08657 0.166494 0.682443 -0.711724 0.170955 0.687654 -0.705624 0.258381 0.964731 -0.0503317 0.980372 3.87338e-08 -0.197155 -5.97848e-08 1 -4.69615e-06 0.61685 0.707169 -0.345555 0.587907 0.707135 -0.392843 0.496568 0.790078 -0.359441 0.872434 1.22352e-07 -0.488732 0.831459 1.716e-07 -0.555586 0.851571 -0.0312334 -0.523307 0.519827 0.760348 -0.389424 0.759744 -0.0317842 -0.649445 0.781868 1.98031e-07 -0.623444 0.713515 0.599794 -0.362139 0.182808 0.965995 0.182851 0.00132426 0.999999 -0.000462219 0.258142 0.933029 0.250637 0.294354 0.902752 0.313678 0.851984 0.00249728 -0.523561 0.90707 -0.00245407 -0.420972 0.92306 6.07531e-08 -0.384656 0.921907 0.0499536 -0.384176 0.971709 3.44843e-08 -0.236183 0.85018 0 -0.526491 0.00366402 -0.999993 -0.000579199 0.00034627 -1 0.00062718 -6.46758e-08 -1 -1.17144e-07 -0.758796 -6.06595e-07 0.651328 -0.758796 0 0.651328 -0.84859 0 0.529051 -0.905761 -0.00376471 0.423772 -0.848799 -0.000711936 0.528716 -0.207468 -0.978239 -0.00222707 4.37768e-06 -1 -2.88123e-06 -0.971058 -0.0531924 0.232845 -0.964649 -0.083164 0.250072 -0.590983 -0.687219 -0.422456 -0.977637 0.001856 -0.21029 -0.42299 -0.904449 -0.0552334 0.390486 0.000244031 0.920609 0.358312 -0.0067092 0.933578 0.376246 -0.00647876 0.926497 0.852533 0.00519163 -0.522647 0.527059 4.98323e-07 -0.849829 0.527059 -7.22978e-15 -0.849829 0.492589 0.0459313 -0.869049 0.100277 0.488112 0.867001 0.462854 1.00069e-06 -0.886434 0.462843 5.19792e-07 -0.88644 0.259139 -0.615832 0.744041 -0.139346 -0.254994 0.956849 0.390715 0.00347441 -0.920505 0.300044 -0.706584 -0.640869 0.421493 0.10888 -0.900272 0.249617 -0.706533 -0.662195 0.347411 -0.0116574 -0.937641 0.242816 -0.720745 -0.649282 -0.00466437 -0.999989 0.000381615 -0.00600344 -0.999981 -0.00106869 -0.00327175 -0.999956 0.0087389 9.59437e-08 -1 -3.12901e-07 -0.170512 -0.815366 0.553267 0.856233 0.0108838 0.516474 0.926208 0.00173774 0.37701 0.905091 -0.00656591 0.425167 0.934726 0.0862667 0.344739 0.854685 0.00410658 0.51913 -0.340467 -0.226368 -0.9126 -0.391157 0.0265212 -0.919942 -0.131322 0.00488649 0.991328 -8.10654e-08 -1 -1.88175e-07 0.897289 0.0275821 0.440581 0 -9.3132e-07 1 0 -1 -2.78508e-07 4.59605e-08 -1 9.72774e-08 1.97766e-08 -1 -7.8565e-08 4.51749e-05 -1 4.80914e-05 0.990301 0.00250682 0.138918 -6.09219e-06 -1 -6.72926e-05 0.991518 -0.0649608 0.112574 -0.925547 -0.00179581 0.378629 0.0391688 -0.998805 0.029233 -0.242817 -0.720744 -0.649282 0.00653593 -0.999826 0.0174672 0.00801881 -0.999956 0.00483511 -0.249618 -0.706533 -0.662194 9.32932e-05 -1 0.000198462 -0.300121 -0.706582 -0.640834 -0.299812 -0.707712 -0.639731 -0.347411 -0.0116581 -0.937641 -0.421592 0.10905 -0.900205 0.921757 -0.00602638 -0.387722 0.92407 -0.0037861 -0.382205 0.000188861 -1 -7.81151e-05 0.0599743 -0.342124 0.937739 0.0866519 -0.373457 0.923591 0.954526 0.00425764 -0.298097 -0.223024 0.629235 0.744529 -0.41015 -0.787484 0.460051 0.027744 -0.999122 0.0313794 0.0131672 -0.99975 0.0180985 0.352533 -0.227127 0.907818 -0.161537 0.0428876 -0.985934 -0.118844 -0.000359276 -0.992913 -0.928428 -0.00903588 0.371402 -0.897367 0.0274981 0.440427 -0.0131834 -0.999826 -0.0132222 -0.1197 6.16414e-07 -0.99281 -0.627545 -0.703801 0.332944 0.220583 -0.0844537 0.971705 0 -1 0 0.0901641 -9.27527e-07 0.995927 0 -1 0 0.274146 0.0119047 0.961614 0.171007 -9.17602e-07 0.98527 0 -9.3132e-07 1 0 -1 0 0.0901641 -9.27527e-07 0.995927 0.540236 -0.192347 0.819236 0.587433 -0.431338 0.684741 0.388881 -0.103026 0.915509 0 -1 0 0.928432 -0.00904032 0.371392 0.527059 1.49621e-15 -0.849829 5.68462e-16 7.09972e-07 -1 0.000640617 0.707117 -0.707096 0.115168 0.702412 -0.702391 0.12385 0.683545 -0.719324 2.43029e-05 1 -0.00014822 0.000755796 0.706098 -0.708114 0.000800912 1 0.000522779 0.59778 0.775555 -0.202911 0.70679 0.707389 -0.00693465 0.504867 0.816461 -0.28018 0.546094 0.824223 -0.149793 0.965879 0.258991 -0.00147858 0.963107 0.269118 -0.000283894 0.883463 0.460679 -0.085253 0.674022 0.738711 -0.000572263 0.461637 0.886919 0.0162968 0.482449 0.541234 -0.6887 0.12811 0.649112 -0.749828 0.12152 0.616028 -0.778294 0.107653 0.648458 -0.7536 0.142331 0.0417039 -0.98894 0.236398 -8.38624e-05 -0.971656 0.262367 0.618422 -0.740755 0.187433 0.612474 -0.767948 0.194019 0.600009 -0.77611 0.265043 0.613794 -0.743646 0.0920501 0.962209 -0.256282 0.114457 0.962143 -0.247345 0.107702 0.960167 -0.257837 0.0619139 0.96162 -0.267307 0.0682483 0.959982 -0.27162 0.0382732 0.96428 -0.262107 0.00761956 0.999588 -0.0276783 0.000126926 1 6.97895e-05 1.78584e-05 1 -5.27865e-05 0.148198 0.963305 -0.223789 0.165161 0.937007 -0.307799 0.178717 0.961672 -0.20796 0.347244 0.736828 -0.580091 0.493398 0.541589 -0.680617 0.329707 0.627145 -0.705679 0.342166 0.606825 -0.717416 0.0455339 0.962037 -0.269094 0.336517 0.0174291 -0.941516 0.130298 0.0563701 -0.989871 0.14183 0.611057 -0.778777 0.0343586 0 -0.99941 4.84616e-05 1 -0.000118517 0.267753 0.706772 -0.654814 0.312379 0.673298 -0.670141 -0.519436 0.538772 -0.663257 0.515119 0.684213 0.51624 0.680451 0.273836 0.679706 0.646288 0.607034 0.462408 0.538564 0.675497 0.50364 0.353396 0.896525 0.267123 0.890061 0.412019 -0.19502 0.206718 0.961729 -0.179845 0.792124 0.0561489 -0.607772 0.739119 0.0109052 -0.673487 0.676798 0.0109497 -0.736087 0.482839 0.731427 -0.481541 0.563394 0.704078 -0.432274 0.656072 0.704072 -0.271757 -0.560698 0.603878 -0.566525 0.432051 0.704529 -0.563001 0.563011 0.70452 -0.432053 0.0926753 0.704073 -0.704054 -0.563361 0.704076 -0.432321 -0.432347 0.70404 -0.563386 -0.432409 0.703952 -0.563449 -0.563363 0.704073 -0.432323 -0.792065 0.0563746 -0.607828 -0.722434 -0.00687485 -0.691406 -0.608037 0.0505326 -0.792299 -0.614522 0.0635902 -0.786333 -0.592378 0.581164 -0.557976 -0.404951 0.682968 -0.607922 -0.405482 0.681476 -0.609241 -0.401994 0.68396 -0.608769 -0.532163 -0.00226286 -0.846639 -0.428638 0.0172064 -0.903313 -0.321972 0.667762 -0.671139 -0.416119 0.566237 -0.711492 -0.536167 0.695681 -0.478072 -0.656089 0.704068 -0.271725 -0.0199403 0 -0.999801 -0.000191762 0.999999 -0.00116992 -0.655988 2.14311e-07 -0.754771 9.46302e-08 -1 -9.09041e-08 6.57413e-08 -1 -1.1285e-07 6.70538e-08 -1 -1.15103e-07 3.47786e-08 -1 -1.32307e-07 -0.765419 0 -0.643532 -0.765419 1.674e-07 -0.643532 3.52583e-08 -1 -1.34131e-07 -0.00652643 -0.999976 -0.00221791 -0.852679 0 -0.522436 -0.199619 -0.700043 0.685633 0.854268 -0.020275 0.519438 0.849068 -0.0007579 0.528282 0.00232386 -0.999997 0.00064543 -0.00527357 -0.99998 0.00359041 0.980966 -0.063274 0.183581 0.764103 -0.0813885 -0.63994 0.77507 -0.33755 -0.53416 -0.0055587 -0.99986 -0.0158016 -0.0496289 -0.998733 0.00837282 -0.306865 0.00772991 0.951722 0.940431 -0.339203 0.0230465 -0.384463 -0.000195384 0.92314 -0.663121 -0.702073 -0.259546 -0.905088 -0.00657843 -0.425173 -0.674673 -0.694863 -0.248962 -0.934786 0.0865377 -0.34451 -0.85621 0.0108838 -0.516513 -0.854687 0.00421433 -0.519126 -0.394947 -0.00576421 0.918686 0.848393 0 0.529368 0.758796 -6.06595e-07 0.651328 0.758796 0 0.651328 0.651328 -7.06682e-07 0.758796 0.927135 4.23027e-07 -0.374727 0.529003 -7.90337e-07 0.84862 0.651328 -7.06682e-07 0.758796 -0.663375 -0.707811 -0.24277 -0.855851 -0.0309577 -0.516296 -0.925791 -0.0309193 -0.376769 -0.874353 1.46084e-07 -0.485291 -0.909544 1.20694e-07 -0.415607 -0.833816 1.4649e-07 -0.552043 -0.589525 0.707193 -0.390305 -0.618255 0.707113 -0.343149 -0.496384 0.790217 -0.359388 -0.784799 1.82278e-07 -0.619751 -0.524215 0.755204 -0.393529 -0.709461 0.601338 -0.367501 -0.746689 -0.0155514 -0.664991 -0.888117 0.41585 -0.19575 -0.944775 0.217771 0.244899 -0.682853 0.259021 0.683095 -0.860859 0.483351 -0.159039 -0.94908 0.275262 -0.153225 -0.614973 0.718813 -0.324217 -0.479915 0.734448 -0.479862 6.6268e-06 1 -1.09195e-05 0.235999 0.942665 -0.235981 -0.502094 0.693886 -0.516162 -0.699399 -0.0172274 -0.714524 -0.196988 0.411148 -0.89003 -0.694658 0.00500633 -0.719323 -0.359719 0.60344 -0.711661 0.0783795 0.289566 -0.953943 0.0412044 0.248506 -0.967753 0.664195 0.329861 -0.670848 0.530605 0.664091 -0.526727 0.190726 0.962277 -0.19403 0.174302 0.969366 -0.173055 0.524808 0.672508 -0.521834 0.120632 0.893597 -0.432358 0.170254 0.860267 -0.480577 0.385043 0.810395 -0.441589 0.485874 0.618262 -0.617801 0.183007 0.966044 -0.182395 0.499811 0.707664 -0.4994 0.685528 0.245581 -0.685377 -0.246061 0.723253 -0.645259 -0.500512 0.707886 0.498383 -0.476304 0.738511 0.477216 -0.167431 0.970272 0.174754 -0.765049 -0.0310983 -0.643221 -0.383587 0.766887 -0.514535 -0.449164 -0.000179626 -0.893449 -0.669177 0.310444 0.67515 -0.440794 0.859533 0.258657 -0.66608 0.571984 -0.478719 -0.578715 0.723136 -0.377045 0.978719 -0.00611106 0.205115 0.619158 0.00237583 0.785263 0.847333 0.000203248 -0.531062 0.234941 0.927663 0.290249 0.169231 0.968987 0.18007 0.00729664 0.999929 0.00944225 0.984934 -0.132014 0.111702 0.70293 0.240382 0.669407 0.33149 0 0.943459 0.506015 0.722243 -0.471502 0.579107 0.562487 0.590121 0.575865 -0.048166 0.816124 0.68895 0.384571 0.614372 0.219334 0.957587 0.186871 0.34372 0.863101 0.370018 0.62044 0.612876 0.489324 0.680466 0.3898 0.620502 0.735637 -0.00506269 0.677357 0.704987 0.0174129 0.709006 0.66828 -0.00183618 0.743908 0.503074 0.654664 0.564208 0.597849 0.0124512 0.801512 0.686598 0.239986 0.686288 0.641346 0.515128 0.568612 0.569308 0.516022 0.640007 0.497159 0.706765 0.503306 0.166856 0.971661 0.167433 0.303404 0.874459 0.378506 0.0341218 0.959865 0.278379 -0.0829194 0.556247 0.82687 -0.0181342 0.6626 0.748754 -0.375794 0.0814926 0.923113 -0.259754 -0.114015 0.95892 -0.0347 0.999116 0.023738 -0.00224549 0.999993 0.00282927 0.621378 -0.0303701 -0.782922 0.801718 0.0117686 -0.597587 -0.195461 -0.958554 -0.20729 0.838812 -0.000111705 -0.544422 -0.17113 -0.967042 -0.18853 0.838903 -1.48214e-05 -0.544281 -0.47887 -0.702899 -0.525943 -0.482383 -0.695963 -0.531923 -0.651771 -0.246456 -0.717254 -0.15559 -0.688235 -0.708607 -0.124262 -0.262192 -0.956982 -0.23558 -0.607473 -0.758603 0.28723 -0.622852 -0.727705 0.251294 -0.271462 -0.929064 0.313526 -0.00554683 -0.949564 -0.243075 -0.368611 -0.897241 -0.856762 -0.0888057 -0.508008 -0.111464 0.955099 0.274522 -0.0899776 0.966428 0.240669 -0.267672 0.707498 0.654063 -0.889532 -0.213695 -0.403816 -1.12685e-05 1 -4.2262e-06 -0.889008 -0.261039 -0.376197 -0.896001 -0.233687 -0.377588 -5.11959e-06 1 2.90839e-06 0.000149538 1 -8.74961e-05 -0.959375 -0.274208 0.0664028 0.377408 0.891068 -0.252111 0.328459 0.909825 -0.253638 -5.75217e-06 1 1.20889e-06 0.00633378 0.999907 -0.0120552 0.00615065 0.726984 -0.686626 -3.91256e-06 1 2.81091e-06 6.74756e-07 1 -0.000931513 7.0113e-05 1 6.1343e-05 2.14478e-06 1 2.98969e-05 0.110332 0.933673 0.340707 0.553814 0.563006 0.613445 0.187518 0.659464 0.727972 0.182674 0.731239 0.657206 0.116151 0.885361 0.450161 0.262909 0.0925063 0.960376 0.540645 -0.00702061 0.841221 6.45931e-05 1 -0.000325654 0.92413 0.0651305 0.376486 0.000188288 1 -0.000539191 0.967444 -2.17377e-05 0.253086 0.849779 0.527137 -0.0010887 0.754855 0.654878 -0.036449 0.00229793 0.999988 0.00440469 0.481987 0.876065 0.0141198 0.000127825 1 0.000189395 0.0383536 0.965207 0.258658 -0.0344805 0.965344 0.258694 0.03877 0.945061 0.324586 -0.0311604 0.99485 0.0964541 -0.404016 0.912871 -0.0586387 -0.381624 0.870117 0.311865 -0.476091 0.818956 0.320389 -0.776822 -0.0366258 0.628654 -0.708175 0.705842 -0.0165872 -0.842123 0.257243 0.473977 -0.233763 0.0634787 0.970219 -0.225408 0.0126211 0.974183 -0.0863007 0.258268 0.962211 -0.194287 0.258168 0.946362 -0.0898176 0.00263714 0.995955 -0.21389 0.00520651 0.976844 -0.0886621 0.00195505 0.99606 -0.068385 0.310969 0.947957 0.0524921 0.706127 0.706136 0.0716363 0.257317 0.963668 0.069808 0.24901 0.965982 -0.0509444 0.706184 0.706193 0.0772006 0.00705105 0.996991 -0.00896356 0.0590447 0.998215 0.0729009 -0.0180639 0.997176 -0.000303564 0.161646 0.986849 0.0258213 0.729894 0.683073 -0.0668058 0.909381 0.410565 0.00923922 0.717257 0.696748 0.077866 0.775253 0.626834 0.215719 0.642942 0.734909 0.19045 -0.00554717 0.981681 0.233423 0.00913748 0.972332 0.382537 -0.0355085 0.923258 0.196625 0.121565 0.972913 0 1 0 0.0608822 -0.147154 0.987238 0.332635 0.139843 0.932629 0.616838 -0.139452 0.774638 0.340906 0.05415 0.938537 0.261942 0.131578 0.956072 0.199574 0.673112 0.712103 0.384721 0.495468 0.778782 0.402496 0.0236385 0.915116 0.457182 0.0042844 0.889363 0.180248 0.839613 0.512406 0.348049 0.787067 0.509302 0.0750691 0.978084 0.194204 -0.00140318 0.999999 0.000275621 -0.923623 -0.0041693 0.383279 -0.918538 0.0211203 0.394769 -0.703473 0.114917 0.70137 6.95677e-10 1 -6.93599e-10 -7.66985e-06 1 -1.13629e-05 -4.96946e-08 1 2.05968e-07 -0.923044 -0.0129402 0.384476 -0.796777 -0.00611403 0.604243 0.000131265 -1 0.000808361 0.000581891 -0.999999 0.000896201 -0.547304 -0.0124192 -0.836842 -5.08837e-05 -1 0.00024166 -0.621599 0 -0.783336 -0.614694 0.0073274 -0.788732 0.830023 0 -0.557729 6.53234e-07 -1 -3.10237e-06 0.887348 0.0101174 0.460988 -0.673867 -0.0361022 -0.73797 -0.704528 -0.00211063 -0.709673 -0.468312 -0.652828 -0.595398 -0.383078 -0.658485 -0.647803 -0.386006 -0.65407 -0.650532 -0.420829 -0.0206061 -0.906906 -0.470847 -0.00438179 -0.882204 -0.397242 -0.00273683 -0.91771 -0.510046 0.0167982 -0.859983 -0.307797 -0.00172274 -0.95145 -0.280048 0.00870021 -0.959946 -0.184937 -0.0233601 -0.982473 -0.15635 -0.00272784 -0.987698 -0.17875 -0.257475 -0.949608 -0.0620478 -0.258928 -0.963902 -0.0642384 -0.0018309 -0.997933 -0.146708 -0.381331 -0.912723 -0.112661 -0.704302 -0.700904 0.0779438 -0.362918 -0.928556 0.0593931 -0.704153 -0.707559 0.059361 -0.704263 -0.707453 0.0603717 -0.257813 -0.964307 0.097553 -0.00276772 -0.995226 0.0624603 -0.0274944 -0.997669 0.182386 -0.00202712 -0.983225 0.17614 -0.259455 -0.949557 0.308052 -0.0323748 -0.950819 0.296231 -0.258172 -0.919562 0.223009 0.00798078 -0.974784 0.344842 -0.00220292 -0.938658 0.260494 -0.655082 -0.709232 0.347488 -0.659095 -0.666967 0.347858 -0.656945 -0.668893 0.417845 -0.658167 -0.626276 0.101433 -0.975606 -0.194689 0.240487 -0.913676 -0.327661 2.76427e-05 -1 -7.34677e-05 0.12134 -0.938295 -0.323851 0.111274 -0.946813 -0.301933 0.046167 -0.978568 -0.200681 7.78712e-06 -1 -9.22676e-05 0.0320271 -0.939094 -0.342165 0.0315478 -0.947102 -0.319379 0.168474 -0.659784 -0.732326 0.0740954 -0.657142 -0.750116 0.0737446 -0.655131 -0.751907 0.168324 -0.657329 -0.734565 -0.0221106 -0.655986 -0.754449 -0.00616495 -0.975677 -0.219126 -0.0211449 -0.659312 -0.751572 -0.0422781 -0.973213 -0.225986 -0.14805 -0.572418 -0.806486 -0.118299 -0.654105 -0.747096 -0.0510015 -0.939939 -0.337512 2.9357e-05 -1 -5.40004e-05 3.53225e-07 -1 -2.02908e-06 -0.000224638 -0.999999 -0.00112287 -0.65423 0.314884 -0.687627 -0.0597552 -0.943159 -0.326926 -0.4694 -0.629848 -0.618834 3.4099e-05 -1 0.000169771 0.00149869 -0.967476 -0.252958 -0.000189377 -1 -0.000832097 -0.00537327 -0.999976 -0.00433545 -0.362447 -0.926354 -0.102473 -0.759333 -0.573735 0.306988 -0.058317 -0.951106 -0.30331 -0.0768579 -0.785916 -0.613538 -0.081132 -0.767822 -0.635506 -0.260737 -0.0645344 -0.963251 -0.345229 -0.00301481 -0.938514 -0.347092 -0.00419282 -0.937822 -0.334795 -0.0135025 -0.942194 -0.00655838 -0.999975 0.00266328 -0.0161596 -0.994035 -0.107855 -0.926515 -0.00308193 0.376246 -0.927841 -0.00520594 0.37294 -0.828309 -0.47582 0.295803 -0.944965 0.0133636 -0.326899 -0.883223 -0.021971 -0.468439 -0.914768 -0.320126 -0.246411 -0.98781 -0.0603824 0.143473 -0.998318 -0.00209155 0.0579361 -0.000268947 -1 -0.000111703 -0.923425 0.0426926 -0.381397 -0.700537 -0.0623744 -0.710885 -0.130576 -0.00773793 -0.991408 -0.124262 -0.0111475 -0.992187 0.468639 -0.0603254 -0.881327 0.455936 -0.777441 -0.433253 0.143244 -0.667168 -0.731005 0.798367 -0.015399 -0.601974 0.911141 0.0142741 -0.411848 0.846387 -0.0627032 -0.528865 5.8117e-06 -1 2.12248e-06 -1.77384e-06 -1 1.34816e-05 0.686206 -0.654891 -0.316606 -0.26107 -0.0209969 -0.965092 -0.494675 0.00114184 -0.869077 -0.453801 -0.000204354 -0.891103 -0.45768 1.08596e-06 -0.889117 -0.479667 -0.0010539 -0.87745 -0.923834 -4.67542e-07 0.382793 -0.923834 0 0.382793 -0.524304 0.139594 -0.840011 -0.526614 0.169851 -0.832964 2.83382e-07 1 4.73521e-07 -1.96269e-08 1 1.90035e-07 1.48486e-07 1 3.44744e-07 -0.654262 0.150785 -0.741083 -0.636054 0.0296837 -0.771073 -0.575493 0.00241876 -0.817803 -1.6517e-07 1 1.6635e-07 -2.45718e-08 1 2.37914e-07 0.704585 0 -0.709619 -0.61336 0 -0.789803 -0.61336 0 -0.789803 1.48517e-07 1 4.60795e-07 -0.513522 0 -0.858077 -0.513522 0 -0.858077 2.39421e-07 1 4.00064e-07 0.515393 0 0.856954 0.612475 0 0.79049 0.515393 0 0.856954 0 1 0 0.612475 0 0.79049 -1.66037e-07 1 6.87367e-08 -0.910208 0 0.414152 -0.912509 -0.00508557 0.409025 -0.923825 0.0167352 0.382449 -0.921778 0.00582794 0.387674 -0.659002 0.707224 0.256031 -0.015265 0.999848 0.00841335 0.258429 0.780613 0.569084 -0.117656 0.844948 0.521748 -0.405706 0.0133892 0.913906 -0.368868 0.00257335 0.929478 1.01866e-06 1 1.15685e-06 -1.13895e-07 1 1.40056e-07 0.971961 -0.020898 -0.234211 0.883673 0.0227174 -0.467552 -1.91018e-07 1 -4.97383e-08 0.708058 0 -0.706154 0.721345 0.0426296 -0.691263 0.705652 0.000470431 -0.708559 1.65114e-08 1 2.13105e-08 0.870877 0.100576 0.481101 0.958032 0.00204989 0.286653 0.0937054 0.995333 -0.0230463 0.0417734 0.998727 -0.0282724 0.000498787 1 -2.93403e-05 -7.97858e-05 0.99999 0.00453713 -0.707174 -0.000400214 -0.70704 0.674146 0.00560488 -0.738577 -0.707108 -0.000215774 -0.707106 -0.81235 0.0212139 0.582784 -0.712642 0.0423397 0.700249 -0.706846 0.00831685 0.707319 -1.26611e-07 1 1.26696e-07 0.79049 0 0.612475 -0.705686 0.00443862 0.708511 -0.707265 0 0.706948 -1.26691e-07 1 1.26634e-07 0.79049 0 0.612475 8.05487e-08 1 4.84441e-08 -1.83801e-07 1 -2.3803e-08 0.856953 0 0.515394 0.415987 0 -0.909371 0.856953 0 0.515394 0.413838 -0.00226681 -0.910348 0.387779 0.0210071 -0.921513 0 1 0 0.382518 0.00831263 -0.923911 0.000538234 0.99999 -0.00441529 0.0160637 0.999279 -0.0344008 -0.898736 -0.0158653 -0.438203 -0.913252 0.000665143 -0.407395 -0.915322 -0.000941581 -0.402721 -0.904745 -0.03067 -0.424847 -0.930634 0.0376891 -0.364005 -0.131078 -0.991176 -0.0197321 0.00125605 -0.999994 -0.00311784 -0.00185315 -0.999997 -0.00161223 -0.338936 -0.00400779 -0.940801 -0.184616 -0.135547 -0.973419 -0.713817 0.049083 -0.698611 -0.940785 -0.0807486 -0.329248 -0.977388 -0.0176797 -0.210712 -0.941429 -0.00607024 0.337158 -0.942223 -0.00829801 0.334884 -0.55368 -0.674682 0.488101 -0.471477 -0.0464277 0.880655 -0.998274 -0.0400482 0.0429455 -0.971115 0.0229776 0.237501 -0.9616 -0.260587 0.0861401 -0.00906109 -0.999957 -0.00220322 -0.144452 -0.924889 0.351731 6.42444e-05 -1 4.16727e-05 -9.51381e-06 -1 -3.23311e-05 -0.111809 -0.975576 -0.189075 -1.4045e-05 -1 -3.08754e-05 -0.140036 -0.93726 -0.319271 -1.19506e-05 -1 -4.29327e-05 4.2829e-05 -1 5.87354e-05 -0.187976 -0.948431 -0.255234 -0.159381 -0.965709 -0.20495 -0.182521 -0.96574 -0.18448 0.000199017 -1 0.000444701 0.0665941 -0.81254 -0.57909 0.160393 -0.658025 -0.735716 0.0897619 -0.965515 -0.244382 -0.516861 -0.676084 -0.525133 -0.205654 -0.40467 -0.891038 0.307604 -0.00793482 -0.951481 -0.236097 -0.00621343 -0.97171 -0.232289 -0.00531382 -0.972632 -0.520289 -0.669008 -0.53078 -0.180923 -0.966432 -0.182418 0.32651 -0.225987 -0.917781 -0.673872 -0.00300642 -0.738842 -0.716852 -0.310831 -0.624105 -0.629135 -0.0175597 -0.777098 -0.722258 -0.0628367 -0.688763 -0.794868 -0.0655287 -0.603233 -0.369997 0.259227 0.892134 -0.39081 -9.90025e-05 0.920471 -0.3802 0.231434 0.895481 -0.269706 0.704685 0.656261 -0.177221 0.329153 0.927497 0.129662 0.716502 0.685429 0.190874 0.191504 0.962753 0.267684 0.279675 0.922023 0.279021 -0.00401446 0.960277 0.222221 0.00340431 0.97499 -0.187679 0.0026639 0.982227 -0.171875 0.00059256 0.985119 -0.317347 0.609073 0.726857 -0.0230973 0.99578 0.088813 0.0220635 0.998909 0.0411564 0.000456399 0.999613 0.0278023 -0.0995221 0.966233 0.237676 -3.48602e-08 1 -3.06641e-06 -0.290469 0.668142 0.684992 0.920965 0.00135424 0.389642 0.919915 0.0168525 0.391755 0.921069 0.0024991 0.389391 0.920045 -0.00163051 0.39181 0.920454 -0.00306027 0.390838 0.923708 -0.0152804 0.382793 0.541436 0.815591 0.204104 0.643921 0.716986 0.267015 0.694602 0.718413 -0.0375638 0.553491 0.831854 -0.0408326 0.997681 0.00454541 -0.0679075 -0.000209719 -0.000157744 -1 0.00247564 -0.000778496 -0.999997 0.000268573 1 0.000310139 0.000887196 0.00911149 -0.999958 0.00125467 0.999999 0.000178358 1.92913e-05 0.999991 -0.00431296 0.0039639 -0.00866171 0.999955 -5.9418e-06 1.70609e-06 1 0.00240215 0.000487014 0.999997 0.000109834 1 7.96769e-05 -0.000272425 1 -3.87267e-05 0.571437 -0.151081 -0.806619 0.81912 0.0711593 -0.569191 0.912041 -0.0693763 -0.404189 3.29672e-05 1 -2.26922e-05 0.633226 0.0448527 -0.772666 0.0316148 0.99949 -0.00446479 0.0070391 0.999974 -0.00130401 0.998855 0.0476936 0.0037357 0.999227 0.0392915 0.00104423 -0.000122321 1 -7.04643e-05 0.809567 -0.0023279 0.587023 0.787135 -0.0301065 0.616046 0.833773 -0.0302085 0.55128 0.751363 0.00606607 0.659861 0.274524 0.0331492 0.961009 0.00344206 -0.00764155 0.999965 0 -1.74916e-07 1 -0.00378232 0.0140113 0.999895 0.0158374 0.686107 0.727328 -1 -0.000225681 -3.50307e-11 -0.0541608 0.00722055 0.998506 -1 -0.000438306 0.000106453 -0.0552843 0.00737065 -0.998443 -0.000957255 0.0146998 -0.999891 0.000517105 0.999999 -0.00100877 0.0058077 -0.00129206 -0.999982 0.992038 -1.95481e-08 0.125938 0.00636696 1.55216e-07 -0.99998 0 1 0 0 0.0113347 -0.999936 0.970378 0 0.241593 0.992038 0 0.125938 0.970378 0 0.241593 -6.87412e-08 1 1.66037e-07 4.308e-07 1 2.20746e-07 4.52093e-07 1 1.13622e-07 -0.385768 0.0036609 0.922589 -0.379614 0.0103589 0.925087 -0.382472 0.016435 0.923821 -0.969839 0 -0.243745 -0.382799 0 0.923832 3.44386e-07 1 5.95027e-07 -0.958353 -0.0124972 -0.285312 -0.926787 -0.00511038 -0.375551 -0.933222 -0.00182743 -0.359296 -0.952158 -0.0510925 -0.301305 -0.833953 -0.480612 -0.271172 0.259362 -0.712234 -0.652268 0.168291 -0.806311 -0.567045 -0.00834806 -0.999933 -0.00805871 -6.04132e-05 -1 -4.41701e-06 -0.000198844 -1 0.000232151 -0.000826256 -1 0.000126477 -0.00214628 -0.999998 -0.00052388 -5.03554e-05 -1 -4.54706e-06 -0.00273036 -0.999995 0.00164214 0.0675698 -0.92744 0.367816 -0.585537 -0.587803 0.558242 -0.699343 -0.68512 0.203789 -0.966804 -0.0346825 0.253154 -0.964119 0.010754 0.265252 -0.932614 -0.00169398 0.360872 -0.382768 0 -0.923844 -0.384778 0.00247603 -0.923006 -0.950513 0.0193282 0.310084 -4.40056e-07 1 3.64174e-07 -0.96985 0 0.243702 -0.96985 0 0.243702 -2.95769e-07 1 2.44767e-07 -0.992204 0 0.124628 -3.56439e-07 1 2.11406e-07 0 1 2.36526e-07 0 -1.55219e-07 1 -0.992204 -1.93447e-08 0.124628 3.23155e-08 1 1.62576e-07 3.22683e-08 1 1.62338e-07 0 1 1.79134e-07 0.992038 1.9548e-08 -0.125938 6.8824e-08 1 1.66016e-07 0.970372 0.00343113 -0.241591 0.992038 0 -0.125938 0.970137 0 -0.242556 -0.186633 -0.0524084 -0.981031 2.01476e-08 1 1.85812e-07 1.92979e-08 1 1.85687e-07 -0.387249 0.0352468 -0.921301 -0.374572 0.024241 -0.926881 -0.382954 0.00448157 -0.923757 -0.00100173 0.999998 -0.00192369 0.418379 0.044028 -0.907205 0.849781 -0.0330848 -0.526096 0.00174345 0.999998 0.000223599 0.936502 0.0205023 -0.350063 -4.41089e-06 1 2.00418e-06 0.910165 0.0239815 -0.413551 0.936089 0.0179588 -0.351305 0.905727 -0.0676321 -0.41843 0.969401 -0.00493158 -0.245435 0.915477 0.0486067 -0.399424 1.70157e-07 1 3.66599e-08 1.50475e-08 1 2.35442e-07 -4.66377e-07 1 6.90773e-07 0.941252 -0.0118976 0.337495 0.91041 0.00825566 0.413625 -0.000664203 0.999973 0.00725714 -4.2209e-06 0.999989 0.00475306 -0.907769 -0.00978328 0.419356 -0.91477 -0.00174652 0.403972 -0.905646 0.00197663 0.42403 0.273614 -0.0485738 0.960612 -0.0211197 -0.999734 0.00923651 2.38536e-05 -1 6.25707e-06 0.28059 -0.042515 0.958886 -0.0545972 -0.998453 0.0105086 -0.366366 0.0539914 0.928903 0.305061 -0.598991 0.74037 -0.0733377 0.00376246 0.9973 -0.341455 -0.0279394 0.939483 0 -1 0 -0.793747 -0.00282271 0.608241 4.79146e-06 -1 -6.30251e-07 2.50143e-05 -1 6.30135e-06 -0.355168 -0.0192919 0.934603 -0.194062 0.303116 0.932985 -0.311566 -0.68338 0.660241 -0.595118 -0.730171 0.335685 -0.542229 -0.774566 0.32563 -0.333171 -0.940618 0.0650763 -0.000187863 -1 -6.27e-05 -0.000766612 -1 -0.000257738 0.000285885 -1 0.000495386 -0.863794 -0.487116 -0.128754 -0.936739 -0.349922 -0.00863387 -0.91673 0.00224739 0.399502 -0.0653252 0.00294813 -0.99786 -0.0683641 2.55153e-07 -0.99766 -0.0725387 -0.00255402 -0.997362 -0.0822025 0.0146182 -0.996508 -0.0165321 0.375406 -0.926713 -0.067781 0.229507 -0.970944 -0.983266 -0.0478386 0.175782 0.0120927 0.963697 -0.266723 -0.00957583 0.945803 -0.3246 -0.000120927 1 8.32779e-06 -0.963179 -0.260349 0.0671097 -0.976382 -0.188014 0.106436 -0.97179 -0.196724 0.130089 -0.651706 -0.673853 0.34814 -0.205752 -0.978472 0.0160495 0.000578685 -1 -0.00015786 -2.65526e-08 -1 -1.49762e-07 -1.82611e-07 -1 -2.03893e-07 -0.137215 -0.91564 0.377857 -0.179452 -0.966988 0.180918 2.01805e-07 -1 -7.50339e-08 -2.36778e-08 -1 -1.03271e-07 2.95489e-07 -1 -8.18822e-08 -0.0110793 -0.999907 -0.00797614 0.0685586 -0.956168 -0.284678 -0.0574385 -0.966406 -0.250519 -0.0530066 -0.967775 -0.246173 0.0565319 -0.916205 -0.396702 0.168583 -0.744824 -0.645614 -0.242993 -0.96514 -0.0972554 -0.65957 -0.698056 -0.278719 -0.619399 -0.739089 -0.264748 -0.705563 -0.706951 0.048996 -0.714366 -0.698039 0.0492218 -0.262364 -0.964797 0.0181956 -0.603618 -0.738895 -0.299464 6.25081e-08 -1 -3.00049e-07 -3.60025e-08 -1 -9.53597e-08 6.37206e-07 -1 -9.93928e-07 0.189516 -0.965386 -0.179203 0.227461 -0.965381 -0.127674 0.189441 -0.96541 -0.179152 -1.26427e-07 -1 -3.25317e-07 5.92984e-06 -1 7.2896e-06 0.515581 -0.704589 -0.487577 0.383029 -0.7046 -0.59735 0.382889 -0.704797 -0.597208 0.140736 -0.965406 -0.219512 0.140751 -0.965396 -0.219546 0.300936 -0.348655 -0.887625 0.227793 -0.704755 -0.671886 0.510147 -0.32677 -0.795595 0.512598 -0.253654 -0.820307 0.569835 -0.00305535 -0.821753 0.530079 -0.0378143 -0.847105 0.670621 0.0044939 -0.741786 0.698343 -0.25566 -0.668547 0.721139 -0.0412007 -0.691564 0.694383 -0.294298 -0.656674 0.835657 0.00109106 -0.54925 0.758457 -0.0028722 -0.651717 0.840523 -0.257967 -0.476418 0.871105 -0.0461931 -0.488919 0.840783 -0.256505 -0.476748 0.601812 -0.720908 -0.343678 0.584758 -0.4235 -0.691886 0.580556 0.000397706 -0.81422 0.566082 0.00353609 -0.824342 0.897819 -0.000309666 -0.440365 0.105299 -0.914597 -0.390415 0.11314 -0.338099 -0.934285 0.183705 -0.732619 -0.655379 0.0786852 -0.934353 -0.347554 0.160124 -0.00711725 -0.987071 0.190536 -0.0140403 -0.98158 0.174343 -0.234072 -0.956459 0.578686 0.0259956 -0.815136 0.947533 -0.0108402 -0.319475 0.936221 -0.0151951 -0.351083 -0.0124281 0.00561707 0.999907 -0.0142082 0.00254494 0.999896 -0.00947844 -0.000594581 0.999955 -0.998452 -0.0284597 -0.0477826 0.269253 -0.949898 -0.158736 0.000269766 -1 -0.000417914 0.916901 -0.337064 0.213728 1.39689e-05 -1 1.6157e-05 6.8291e-06 -1 3.65242e-06 3.12166e-06 -1 -3.39647e-07 0.394285 -0.910923 -0.121483 0.427178 -0.890379 0.1573 0.288837 -0.954397 0.0754935 1.51017e-06 -1 -1.80705e-06 2.31363e-05 -1 0.000214769 0.245194 -0.930248 -0.272982 0.476503 -0.72999 -0.489959 0.547405 -0.577045 -0.606108 0.406504 -0.70172 -0.585101 0.516834 -0.732583 -0.442949 0.629285 -0.657484 -0.414385 0.673134 -0.572566 -0.468038 0.151621 -0.982886 -0.104622 0.392654 -0.894178 -0.215104 0.250605 -0.960125 -0.123922 0.679843 -0.657059 -0.32571 -0.000471453 -1 0.000375299 0.129866 -0.968136 0.214119 0.392253 -0.522522 0.757039 0.454302 -0.743353 0.490954 0.779881 -0.594537 0.195734 0.923835 -0.00879645 0.382689 0 -1 0 0 -1 0 0.603398 -0.0144565 0.797309 0.530228 -0.0618575 0.845596 -3.52029e-06 -1 4.64016e-07 -2.53051e-05 -1 -6.99686e-06 -2.37098e-05 -1 -6.93595e-06 -0.280499 -0.0321013 -0.959317 0.341899 -0.018214 -0.93956 0.397372 -0.694308 -0.600026 -0.276914 -0.65712 -0.70108 -0.264883 -0.0471926 -0.963125 0.341479 0.0499624 -0.93856 0.575986 -0.606259 -0.548353 0.730671 -0.0294568 -0.682093 0.817991 0.00280302 -0.575224 0.63997 -0.73206 -0.233509 0.940372 0.0191126 -0.33961 0.945115 -0.00167919 -0.326733 0.938419 0.00192483 -0.345494 0.902101 0.0196119 -0.431078 0.907776 -0.00921055 -0.419355 0.000114369 0.999989 -0.00478846 -0.00251764 0.999996 -0.00137322 -0.00114772 0.999994 0.0033786 -0.00365848 0.999991 -0.00223789 -0.00032132 0.999995 -0.00313321 0.00267194 0.999995 0.00185125 2.05263e-07 1 6.39908e-07 -7.62424e-05 1 8.97439e-05 -0.930536 0.0841974 0.35639 -0.86008 0.00835919 0.510091 -4.45349e-06 1 2.0218e-06 -0.93589 0.022447 0.351576 -0.928883 0.0495081 0.367048 -0.866169 0.0037185 0.499738 -0.910342 0.0218776 0.413278 -0.947581 -0.00630808 0.319453 -0.91341 2.59481e-14 0.40704 -0.94751 -0.00638521 0.319663 0 1 0 3.75721e-06 1 -1.37327e-06 -0.991343 -7.74496e-15 0.131298 -0.997991 0.0448996 0.044709 -0.899721 -0.0680205 -0.431133 4.07403e-08 1 -1.68693e-08 3.3778e-08 1 -1.17149e-08 -0.696209 0.108606 -0.709576 -3.39191e-15 1 -1.40357e-15 -9.27285e-08 1 -3.83711e-08 -8.47082e-07 1 1.01746e-06 2.35284e-07 1 4.03224e-08 -0.925363 0.00485753 -0.379051 -0.922069 0.00720275 -0.386959 -0.411475 0 -0.911421 4.51742e-08 1 -2.71688e-08 1.86731e-07 1 -6.87157e-08 -0.414473 0.00294178 -0.910057 0 1 0 -0.382525 0.00445378 -0.923934 -0.390315 0.0233607 -0.920385 -0.856955 0 0.515392 -3.68729e-07 1 2.86345e-07 -3.0812e-07 1 3.77063e-07 -0.856955 0 0.515392 -0.790584 0 0.612354 -0.790584 0 0.612354 1.2668e-07 1 1.26674e-07 0.707084 0 0.70713 0.809956 0.0211912 0.586108 0.707094 0.00922813 0.707059 0.789813 0 -0.613347 0.712632 0.0418657 0.700288 0.70697 -0.000392754 -0.707243 0.707028 -0.000230377 -0.707186 -0.674374 0.00556379 -0.738369 -0.707311 0.0116991 -0.706806 -0.708349 0 -0.705863 -0.721745 0.0434277 -0.690795 0 1 0 -0.612475 0 0.79049 -3.89238e-08 1 5.02369e-08 -0.612475 0 0.79049 -0.515393 0 0.856954 2.03195e-07 1 -3.15478e-08 1.66083e-07 1 6.8659e-08 0.924145 0 0.382042 0.915092 0.0148041 0.402974 0.68117 -0.0336673 0.731351 7.8046e-08 1 8.36323e-08 -7.77042e-07 1 1.03039e-06 -0.98563 -0.0238081 -0.167234 4.64406e-08 1 2.11056e-07 -2.70125e-05 1 4.10233e-05 -4.75534e-05 1 4.88395e-06 -0.999966 0.00672977 -0.00475378 -0.920268 -0.0265804 0.390384 -0.993842 0.0817138 0.0748347 -0.992756 0.038915 0.113672 0.000106915 1 4.12829e-05 0.000281579 1 -0.000233964 -1.11012e-05 1 9.22971e-06 -0.709247 -0.0113425 -0.704869 3.62653e-05 1 9.64995e-05 -0.708066 -0.00134719 -0.706145 -0.000158207 1 -0.000258614 -0.724113 0.045647 -0.688169 -0.698873 0.177257 0.692933 -0.686168 0.218465 0.693863 0.705543 0.000305758 0.708667 0.000404409 1 0.000336007 0.690831 0.0393516 0.721945 0.706081 0.00482232 0.708115 -0.222735 0.94919 0.222324 -0.511201 0.798264 0.318511 -0.521482 0.790546 0.321082 -0.738819 0.4548 0.497295 -0.799812 -0.000906947 0.60025 -0.844972 0.00532404 0.534785 -0.874018 0.0284252 0.485061 -0.844926 0.257329 0.468916 -0.76999 0.258822 0.583204 -0.797153 0.000219185 0.603777 -0.69895 0.257779 0.667097 -0.689803 0.369368 0.622687 -0.723398 0.00089859 0.690431 -0.618723 -0.00183905 0.785607 -0.597724 0.258325 0.758943 -0.698478 0.00245871 0.715627 -0.756103 0.0387764 0.653303 -0.510041 0.742961 0.433437 -0.63639 0.404896 0.656557 -0.657213 0.344016 0.670615 -0.50039 0.623318 0.600903 -0.62134 -3.7063e-05 0.783541 -0.522362 4.97827e-05 0.852724 -0.544532 0.0175237 0.838557 -0.524105 0.271848 0.807101 -0.489275 0.0944256 0.867003 -0.505468 -0.109564 0.855861 -0.396552 -0.0307589 0.917497 -0.286084 0.87134 0.398651 0.912913 0.0464074 0.405507 -0.11914 0.949079 0.291642 -7.42275e-06 1 1.57168e-05 0.923155 -0.0112795 0.384262 0.923722 -0.00248817 0.383056 -5.55374e-05 1 8.12163e-06 -0.924535 -0.0125506 -0.380889 -0.923922 -0.000660165 -0.382579 -0.0104661 0.996946 0.0773914 -0.00012519 1 -5.18589e-05 -0.928865 0.0247469 -0.36959 -0.186351 0.97843 0.0891564 -0.23308 0.668712 0.706044 -0.230873 0.739303 0.632557 -0.342492 0.593183 0.728583 -0.034593 0.997685 0.0585554 -0.109159 0.93949 0.324719 -0.333893 0.170413 0.927079 -0.371845 0.421403 0.827134 -0.817335 0.0136249 0.576002 -0.346899 0.57061 0.744355 -0.423621 0.0295393 0.905358 -0.341644 -0.00845248 0.939792 -0.153758 0.717539 0.679335 -0.148662 0.522683 0.839465 -0.999997 -0.00162655 0.00173335 0.000712899 1 0.00029846 -0.998284 0.0518676 0.027179 0.0337796 0.486391 0.873088 0.00458932 0.37723 0.926108 -0.00238113 0.948553 0.316611 -0.000237605 0.949116 0.314925 5.96626e-05 1 4.41626e-05 0.999979 -0.00640369 0.00119468 -4.93753e-07 1 -0.00032045 4.02358e-08 1 2.6255e-05 -8.46295e-05 1 -5.34488e-05 0.976846 0.0407556 0.210027 0.845504 -0.0294741 0.533155 0 1 0 0.801286 0.003501 0.598272 0.51818 -0.00469444 0.855259 0.555048 -0.0187952 0.831606 5.35133e-08 1 2.46758e-08 0.536845 -0.0319223 0.843077 0.694011 0.0195822 0.719698 -0.00243886 0.0280263 0.999604 0.00383509 0.045086 0.998976 -7.44583e-05 1 -0.000206753 -0.35553 0.0767396 0.931509 -0.444247 0.0101992 0.895847 -0.598978 0.118731 0.791914 -0.802509 -0.0920103 0.589502 -0.99945 0.0208665 0.0257715 -0.999318 0.033956 0.0145343 -0.992422 -0.0325087 0.1185 -0.999908 0.0135505 6.30985e-09 -0.0419016 0.999061 0.0109995 -0.000453946 1 9.47629e-05 0.00272174 0.999989 0.00376799 0.00218079 0.999997 -0.000701224 0.999849 0.0172415 0.00233888 0.999741 0.0227663 1.06012e-08 1.97302e-08 1 4.65654e-07 -1.77146e-08 1 2.49509e-07 -0.0013339 0 0.999999 0.999321 0 0.0368325 0.999527 -0.00753663 0.0298324 0 -0.00914733 0.999958 0 1 2.67128e-08 -2.2152e-09 1 1.39886e-08 1.19775e-07 1 -4.10206e-08 -0.294909 0.203769 0.933545 -0.996865 -0.0775075 0.0159245 -0.957268 -0.00481022 0.289163 -0.131463 0.980765 0.14428 -0.00205324 0.999997 0.00109638 -0.00922837 0.999957 0.000682799 -0.924956 0.00822113 -0.379985 -0.922992 0.0178014 -0.384408 -3.15902e-05 1 -7.12233e-05 0.375349 0.104615 -0.920961 0.347228 0.0105726 -0.937721 0.410614 -0.0502835 -0.910422 0.326693 -0.00410799 -0.945122 0.740802 0.0038253 -0.671713 0.164997 -0.878555 -0.448238 0.0188903 -0.706883 -0.707078 0.045794 -0.25861 -0.964896 0.0952374 2.31297e-15 -0.995455 3.21617e-05 1 -3.36904e-05 0.119908 0.031772 -0.992276 -4.38399e-18 1 9.96687e-16 -1.88413e-16 1 0 1 0 0 0.00439851 0 -0.99999 0 -0.000227542 -1 0 1 1.08353e-15 0.99181 0.00841104 -0.127441 -0.000106975 -0.000441122 -1 -1.88434e-16 1 0 -1 0 0 -1.42115e-16 1 -2.66343e-16 -0.994802 0.00670621 -0.10161 -1.58309e-16 1 -1.63135e-16 2.8423e-16 6.90293e-30 -1 -3.19611e-05 1 -3.29354e-05 -0.0071141 -0.0192923 -0.999789 0.925178 0.0130555 -0.37931 0.923695 0.0204533 -0.382582 0.918438 0.00742231 -0.395495 0.911741 0.0242072 -0.410051 2.2002e-09 1 4.94277e-07 0.0023127 -0.00528557 0.999983 0.909246 0.043088 -0.414023 0.983041 -0.0603414 -0.173173 -8.55997e-10 1 -1.31468e-09 0.928094 0.0357785 0.370622 0.573746 -0.00334601 0.819026 0.297696 0.601086 0.741669 0.000725202 1 4.19978e-05 0.0418382 0.999044 -0.0126706 0.348529 0.261839 0.899982 0.360315 0.0234698 0.932536 0.475217 -0.0311397 0.879318 0.381578 0.0694284 0.921725 0.922182 -0.105501 0.372087 -0.000670166 0.999999 -0.00129175 0.615685 0.129357 0.777302 -0.000325368 1 -0.000848303 0.995023 0.099627 -0.00166235 0.924477 -0.0112855 -0.381072 5.59143e-05 1 8.33224e-06 6.15585e-06 1 1.60599e-05 0.119062 0.948449 0.293715 0.120754 0.949155 0.290728 0.932518 0.0493877 -0.35773 0.200596 0.677674 0.707474 0.290401 0.477221 0.829414 0.360366 0.301428 0.882767 0.00013359 1 -5.82404e-05 9.01566e-06 1 4.22144e-05 -2.63595e-05 1 3.47857e-05 0.924125 -0.00431298 -0.382066 -9.00452e-10 1 1.50291e-12 -8.53171e-10 1 3.2088e-11 0.121779 0.12285 0.984925 -0.335291 -0.104219 0.936333 0.314213 -0.0163646 0.949211 0.40382 0.0447187 0.913745 0.00124526 0.00198366 0.999997 9.33134e-11 1 -6.8989e-09 -0.00450591 0 -0.99999 7.23256e-09 1 4.65654e-07 -7.39599e-30 -6.93896e-15 -1 -0.0847281 -1.92217e-15 -0.996404 -0.119774 0.0500295 -0.99154 -2.75933e-16 -0.258882 -0.965909 -0.0597938 -0.258419 -0.964181 0.00996597 0.999942 -0.00400877 0.556211 -0.830607 -0.0268616 0.00184578 -0.991009 0.133785 0.306951 -0.342714 -0.887878 0.0379364 -0.832777 -0.552307 0.945622 -0.0348113 0.3234 0.992424 0.0373769 0.117039 0.950149 -0.0452414 0.308497 -0.00142929 -0.999998 0.00106334 -0.0697151 -0.0664533 -0.995351 -7.07675e-05 -1 0.000920053 -0.0515552 -0.0518445 -0.997324 -0.732017 0.0373948 -0.68026 -0.85849 -0.0818192 -0.506261 -0.923702 -0.00924015 -0.383 -0.312108 -0.000922299 -0.950046 0.0809697 -0.977432 -0.195119 0.370068 -0.675525 -0.637743 0.509984 0.0881376 -0.855656 0.572985 -0.0547679 -0.817734 0.404219 -0.686525 -0.604393 0.15003 -0.968637 -0.198073 0.187518 -0.953751 -0.234938 0.00416076 -0.999975 -0.00570771 -0.00268229 -0.999996 -0.000464757 -0.418764 -0.825411 -0.378593 0.000228996 -1 -0.000185175 5.90631e-05 -1 -4.50578e-05 0.000742626 -0.999999 -0.000794374 -0.325904 -0.941428 -0.0865994 -0.53129 -0.790665 -0.304269 0.5322 -0.660432 -0.52971 0.754862 -0.00347825 -0.655875 0.447427 -0.816222 -0.365501 0.533358 -0.707478 -0.463686 0.805118 0.0163196 -0.592891 0.814201 0.11641 -0.568794 0.624495 -0.63564 -0.453838 0.551103 -0.768318 -0.325535 0.600287 -0.710906 -0.366426 0.671218 -0.65488 -0.347273 0.919368 -0.00672549 -0.393342 0.945971 -0.0211488 0.323562 0.880587 0.048399 0.471407 0.408823 0.00706838 0.912586 0.334347 -0.599595 0.727116 0.567277 -0.817102 0.102671 0.00259895 -0.999997 -0.000331111 0.13713 -0.960985 0.240217 0.88176 -0.240616 0.405714 0.0026932 -0.999996 -0.001194 0.000312132 -1 -0.000564457 0.51074 -0.836244 -0.1996 0 1 0 0.874465 0.0124213 -0.484929 0.914487 -0.0017519 -0.404611 -0.380742 0.00248841 -0.924678 0.890542 -0.0415225 -0.453002 -0.382766 0 -0.923846 3.01506e-07 1 1.2217e-08 0.85807 0 -0.513533 0.85807 0 -0.513533 0 1 0 3.50727e-07 1 -8.21969e-08 0.789813 0 -0.613347 0.856433 -0.0253082 -0.515638 0.723723 0.114943 -0.68045 0 1 0 -4.27315e-08 1 2.23401e-07 3.6641e-08 1 1.6839e-07 0.61868 0.106401 -0.778405 0.655379 -0.0135129 -0.755179 0.687968 -0.0498901 -0.724024 3.92336e-08 1 1.80305e-07 -0.362615 -0.854266 -0.372479 0.0340885 -0.381547 -0.923721 0.58797 0.329186 -0.73887 0.66194 -0.578584 -0.476525 0.561407 0.0248413 -0.827167 0.897187 0.00687452 -0.441597 0.805009 -0.0901251 -0.586377 0.001284 -0.999999 -0.000269245 1.30853e-07 1 8.6005e-08 1.10531e-07 1 1.11321e-07 1.38593e-07 1 9.10921e-08 0.513601 0 -0.858029 -2.83429e-07 1 4.735e-07 0.61336 0 -0.789803 0.513601 0 -0.858029 -2.39457e-07 1 4.0004e-07 0.61336 0 -0.789803 -1.48517e-07 1 4.60795e-07 1.65993e-07 1 6.88091e-08 0.923759 0.00607784 0.382926 0.924868 0.0031004 0.380276 0.923832 0 0.382798 0.920122 0.0253378 0.390812 0.00775019 0.999961 0.00422312 0.31782 -0.016829 -0.948002 0.349855 -0.0109133 -0.93674 -0.151789 0.0520253 -0.987043 0.422205 -0.0393219 -0.905647 0.347516 0.0349275 0.937023 -0.283652 -0.0200325 0.958718 -0.383556 0.0723243 0.920681 -0.391399 0.0519837 0.918752 0.000556063 0.999999 -0.000904198 0.000610451 0.999999 -0.00129046 0.389568 -0.105185 0.914971 -0.116472 0.130002 0.984649 0.705186 0.0998032 0.701963 -4.63334e-11 1 -4.61216e-11 -0.878028 -0.0708599 0.473334 -1.55138e-08 1 -1.58387e-09 -0.665626 0.163953 0.728053 -0.449329 -0.0208166 0.893124 -0.990372 0.0945457 -0.101111 -0.330374 0.0595472 0.94197 -0.704585 0 -0.709619 0.466637 -0.0770098 -0.88109 0.0188362 -0.999252 -0.0337604 0.149886 -0.911927 -0.381999 0.000663246 -1 0.000456997 0.975167 -0.148554 0.16426 8.53722e-16 -0.70701 -0.707204 -8.93028e-16 -0.258882 -0.965909 -0.000649286 -0.748993 -0.662577 -0.908137 0.0345659 -0.417243 -0.918923 0.00754012 -0.394365 0.007248 0.0209772 -0.999754 0.339928 -0.118487 -0.932958 -0.896222 0.0568738 -0.439945 -7.52422e-07 1 2.17633e-05 -2.15242e-05 1 1.30789e-05 1.80389e-05 1 1.58623e-05 -0.999997 0.00229095 0.00104952 0.999983 -0.00577167 0.00107677 0.00388943 0.999992 -6.66565e-05 -0.00215607 0.999997 0.00110909 0.999354 0.0305303 0.0189595 -0.0977903 0.578416 0.80986 -0.118609 0.948845 0.292618 0.000540259 1 0.000126267 -0.525338 -0.0143915 0.850772 -0.105704 0.0981538 0.989542 0.00368349 0.999972 -0.00644723 0.262135 -0.0761719 0.96202 0.785701 0.109886 0.608768 0.893451 0.0211317 0.448664 -0.000233033 1 -0.000168945 -0.000333461 1 -0.000264365 0.427111 0.101421 0.898493 0.0110852 -0.0378863 0.999221 -0.571391 0.147033 0.807399 -0.250231 0.703581 0.6651 0.107359 0.935893 0.335526 0.381622 0.851428 0.35977 -0.125124 0.978654 0.163032 -0.134325 0.974029 0.182272 -0.00189531 0.999988 0.00453595 -0.403846 0.707536 0.579915 -0.40478 0.70498 0.582372 0.0623027 0.575421 0.815481 -0.510059 0.239831 0.826027 -0.525683 0.400533 0.750487 -0.188843 0.230534 0.954564 0.468673 0.550332 0.690999 0.432406 0.731022 0.527856 0.807092 -0.0397919 0.589083 0.499848 0.732504 0.462157 9.33144e-05 1 -0.000106759 -0.1747 0.978897 0.106018 -0.253164 0.940017 0.228639 -0.630468 0.693044 0.349571 -0.230043 0.965013 0.125818 -0.526863 0.704428 0.475601 -0.526241 0.705121 0.475262 -0.621817 0.704312 0.342473 -0.840305 0.28565 0.460752 -0.628379 0.701169 0.3369 -0.866071 0.239866 0.438618 -0.539591 -0.00142869 0.841926 -0.502667 0.00604206 0.864459 -0.374175 0.833169 0.407214 -0.0254312 0.988653 0.148047 -0.00025377 1 0.000162266 -7.98381e-05 1 -5.39469e-05 -0.000109335 1 -3.03235e-06 -0.714682 0.699443 -0.00289337 -0.659894 0.751358 0.000801833 -0.965626 0.2599 0.00429818 -1.33876e-07 1.54281e-07 -1 -5.79822e-08 1.76285e-07 -1 -0.00228126 0.000848999 -0.999997 -0.00392731 -0.0088143 -0.999953 -1.28363e-05 1 -1.83063e-06 -3.9982e-05 1 8.9038e-05 -0.000961509 0.00228172 0.999997 -0.00126131 0.000561725 0.999999 6.46356e-06 1.20363e-06 1 -6.90068e-08 -2.05319e-07 1 -0.88636 0.462996 8.40181e-08 -0.383777 0.871956 -0.303987 -0.0238872 0.996761 -0.0767894 0.001196 0.999997 -0.00222034 0.38231 -0.00281798 -0.92403 0.356718 0.0520662 -0.93276 -0.873543 0.354019 -0.334056 -0.891142 0.272338 -0.362902 -0.446413 0.861717 -0.241162 -0.391837 0.900195 -0.190035 -0.360354 0.900247 -0.244336 -0.892175 0.0275101 -0.450851 -0.845783 -0.00299046 -0.533518 -0.882605 0.0447966 -0.467976 -0.783195 0.00581897 -0.621749 -0.752257 0.0293718 -0.658214 -0.657518 -0.0443983 -0.752129 -0.733264 0.0315681 -0.679211 -0.66366 -0.00240563 -0.748031 -0.562091 0.00612496 -0.827053 -0.660541 0.192701 -0.725639 -0.218403 0.336095 -0.916155 -0.546578 -0.0318223 -0.836804 -0.45908 -0.00442806 -0.888384 -0.57208 0.0176399 -0.820008 -0.456341 0.604815 -0.65265 -0.47509 0.66331 -0.578195 -0.000566507 1 0.000662225 -0.740432 0.169096 -0.650513 -0.646932 0.391575 -0.65433 -0.64666 0.391202 -0.654822 -2.6162e-05 1 1.14944e-05 -0.412794 0.849965 -0.327353 0.705612 0.000338013 -0.708599 2.79791e-08 1 1.60142e-07 0.706258 0.00579605 -0.707931 0.138037 -0.146158 -0.979583 0.000380169 1 0.000308145 -0.983688 0.118064 -0.135719 -0.98419 -0.0923415 0.151142 0.000227662 1 0.000228659 -0.92746 0.00456469 -0.373895 -4.97048e-08 1 2.05908e-07 -0.000105388 1 -0.000159758 -0.971883 -0.00479854 0.235415 -0.945995 -0.024075 0.323287 -7.15887e-08 1 1.82119e-07 -8.16494e-08 1 1.73086e-07 -0.000198339 1 -2.73928e-05 0.912489 -0.00437384 -0.409079 0.910507 0 -0.413493 -1.59887e-07 1 7.89621e-08 -1.53698e-07 1 1.00282e-07 -1.65993e-07 1 6.88091e-08 0.923616 0.0186332 -0.382867 -0.515393 0 -0.856954 1.48522e-07 1 4.60808e-07 2.39467e-07 1 4.00048e-07 0 1 0 -0.612361 0 -0.790578 -0.515393 0 -0.856954 -0.612361 0 -0.790578 -0.708391 0 0.70582 1.61079e-07 1 2.07959e-07 -0.707119 0.00284838 0.707089 0.613354 0 0.789808 -0.704986 0.0141605 0.70908 -0.667809 0.00721419 0.744297 -0.706963 0 0.707251 -1.65909e-07 1 1.65976e-07 0.613354 0 0.789808 -2.45719e-08 1 2.37918e-07 1.48609e-07 1 3.44912e-07 0.655268 0.139792 0.742349 0.607751 0.0121627 0.794034 0.525823 0.118386 0.842316 0 1 0 0.926339 0.00760196 -0.376615 0.435818 -0.00278586 0.900031 0.477936 -0.0136489 0.878289 0.527352 0.142006 0.837696 0.923827 0 -0.38281 0 1 0 0.513609 0 0.858024 0.513609 0 0.858024 0.348401 0.00247465 0.937342 0.338642 -0.708383 0.619286 0.146306 -0.0282742 0.988835 0.190702 -0.872568 0.449732 0.0217379 -0.999156 0.034842 -0.376843 0.0165808 0.926129 -0.443458 0.0462792 0.8951 -0.911246 0.00804559 0.411783 -0.845623 -0.0615733 0.530217 -0.79896 -0.0156324 0.601181 -0.382369 -0.0101729 0.923954 -0.407372 -0.0244697 0.912934 0.130579 -0.00252201 0.991435 0.114049 -0.0110223 0.993414 0.700796 -0.0623099 0.710635 0.930551 0.0478415 0.363024 0.603948 -0.00533164 0.797006 0.993783 -0.0468285 -0.10101 0.992482 -0.0523904 -0.110613 0.938289 -0.0237602 -0.345035 0.967553 0.0318476 -0.250651 0.491258 -0.860924 -0.132194 0.56465 0.00755265 0.825296 0.277863 -0.595856 0.753491 0.348057 0.0193128 0.937275 0.334388 -0.0302086 0.941951 0.000458289 1 0.000105375 0.380165 0.121731 0.916873 8.75027e-05 1 2.02904e-05 -0.654684 0.706565 0.268616 -0.614666 0.74656 0.254625 -0.98457 -0.0444024 0.169265 -0.99984 0.00880923 -0.0155442 -0.90398 0.0318242 0.426388 -0.414188 -0.905903 -0.0882539 -0.44313 -0.790493 -0.422797 -0.347115 0.0205143 -0.937598 -0.47156 -0.0355554 -0.881117 -0.234632 0.740234 -0.63008 -0.213091 0.80827 -0.5489 -0.626316 0.0110027 -0.779492 -9.32223e-10 1 2.35646e-12 -0.000621801 1 0.000482761 -8.35322e-06 1 -4.143e-05 -0.92448 -0.0113196 0.381062 -0.994986 0.0999819 0.00251511 -0.924087 -0.00360006 0.382164 4.29438e-10 1 8.83093e-10 0.767657 0.0255334 -0.640352 0.850629 -0.00177293 -0.525763 -9.67437e-10 1 6.44455e-09 2.63327e-05 1 -3.48379e-05 4.43087e-10 1 -6.61249e-10 0.999915 0.00211129 -0.0128823 0.00417286 0.999928 -0.0112192 0.00321204 0.999986 -0.00424534 0.999855 0.0170054 0.00117073 -0.000207245 -0.000437606 1 0.991812 0.00841107 0.127427 0.00146432 -0.0680324 0.997682 1 0 0 -1.28791e-09 1 4.65668e-07 0.999897 0.0143176 6.66725e-09 2.51975e-08 1 6.00262e-07 0.00450242 0 0.99999 0.00710918 -0.0192816 0.999789 -1.51321e-16 1 8.19514e-16 0 1 0 3.31076e-05 1 3.40978e-05 0.119667 0.0274229 0.992435 0.0964987 -3.98575e-15 0.995333 0.041779 -0.258656 0.965066 0.297157 -0.109526 0.948526 0.318709 -0.00211598 0.94785 0.374049 -0.028839 0.92696 0.162702 -0.820749 0.547631 0.00408345 -0.999809 -0.0191028 0.0364549 -0.999064 0.0232642 0.000423213 -0.999998 0.00207276 1.8971e-08 -1 -0.000975588 1.70946e-10 -0.965909 0.25888 9.3951e-07 -1 9.1898e-07 4.47313e-06 -1 5.29438e-06 -3.07888e-05 -1 -2.87478e-05 0.0193026 -0.985546 0.168306 -0.168207 -0.728213 -0.664388 -0.147283 -0.712245 -0.686305 0.000129936 -1 3.71255e-05 0.126428 -0.410376 -0.90311 -0.266023 0.323529 -0.908053 0.0113481 0.999882 0.0104022 -0.157475 0.983956 -0.0838599 -0.771548 0.503984 -0.388219 -0.672047 0.666646 -0.32239 -0.595998 0.64289 -0.481123 -0.387095 0.792979 -0.47047 0.324454 -0.0175834 -0.945738 0.355768 0.476983 -0.803689 0.378093 0.00565282 -0.92575 0.373225 0.00893951 -0.927698 0.230825 0.749679 -0.620243 0.350678 0.00653069 -0.936473 0.0482045 0.998823 0.0053571 0.000965308 0.999999 -0.000403231 0.0832859 0.050942 -0.995223 -4.9161e-10 1 5.87448e-09 0 -0.00904646 -0.999959 0 1 -0.000305598 0.938405 0.000120764 0.345537 0.93595 -0.00665467 0.352071 0.00745091 0.999972 0.000583754 0.163221 0.957135 -0.239272 0.875946 0.0129777 -0.482234 0.000219912 1 0.00037872 -0.375077 0.0908819 0.922528 -0.33304 -0.0131044 0.942822 -0.405464 -0.0445277 0.913026 -0.343881 -0.0055095 0.938997 -0.342446 -0.117778 0.932126 0.920516 0.00322272 0.390692 -8.5376e-05 1 8.94818e-05 0.908111 0.0345334 0.417303 -0.121127 0.0332536 0.99208 -0.00113082 -0.027607 0.999618 -0.0810444 -0.0183203 0.996542 7.10576e-17 1 -6.74916e-16 1.88434e-16 1 0 -5.68461e-16 6.93896e-15 1 -1.49108e-16 1 -1.82783e-15 0.000805639 -0.258882 0.965909 -0.000366201 -0.682283 0.731088 -0.0162304 -0.687224 0.726264 -0.30889 -0.504332 0.806372 -0.462096 -0.86077 -0.213408 -0.858709 -0.464846 -0.215725 -0.00594538 -0.999976 0.00361682 -0.000413125 -1 -7.99264e-05 0.000353591 -1 0.000424028 -3.11677e-05 -1 -1.12682e-05 -0.641394 -0.70261 0.308145 0.618057 -0.692204 -0.372638 -4.73078e-05 -1 -7.07139e-05 -2.54361e-05 -1 2.24195e-05 -1.41772e-05 -1 -6.81544e-07 3.44819e-05 -1 3.91472e-05 -1.46584e-05 -1 4.13999e-06 -0.126908 -0.981038 0.146488 -0.0384604 -0.998796 0.0304391 -0.465127 -0.699386 0.542694 -0.639513 -0.479058 0.601271 -0.72282 0.125237 0.679593 -0.746194 0.0224878 0.665349 -0.790574 -0.0161089 0.612155 -0.814669 0.112089 0.568991 3.50852e-07 1 -8.22261e-08 0 1 0 -0.874308 0.00412358 0.485353 -0.838633 0.000366525 0.544697 3.01644e-07 1 1.21371e-08 -0.789813 0 0.613347 0 1 0 -0.858022 0 0.513613 -3.68736e-07 1 2.8635e-07 -0.789813 0 0.613347 -3.08092e-07 1 3.77125e-07 -0.858022 0 0.513613 0.380725 0.00254664 0.924685 0.382796 0 0.923833 0 1 0 0.382955 0.00500492 0.923753 0.410344 0 0.911931 0.413684 0.00327643 0.910414 0.856956 0 -0.515389 0.390344 0.0229447 0.920383 -1.88613e-07 1 1.13435e-07 0.856956 0 -0.515389 1.26659e-07 1 1.26659e-07 1.71853e-07 1 7.66502e-09 0.79049 0 -0.612475 0.79049 0 -0.612475 -0.707107 0 -0.707107 -0.7071 1.94698e-05 -0.707114 1.26608e-07 1 1.26698e-07 -0.706855 -0.000748007 -0.707358 -0.709738 0.0147858 -0.704311 -0.506056 0.681382 -0.528796 -0.000172184 1 0.000540763 -0.707178 0.00660933 0.707005 -0.709558 -6.37345e-05 0.704648 0.00174468 0.999997 -0.00164016 -0.000207722 0.999999 0.00108642 0.0284801 0.99179 0.124663 0.728363 0.640227 -0.244123 0.604335 0.732845 -0.312596 0.707636 -0.00104182 0.706576 0.000143859 1 0.000116902 0.709282 0.0350578 0.704053 0.000267527 1 -7.65986e-05 -0.00022368 1 -0.000180805 8.33424e-08 1 1.27947e-07 -1.74732e-08 1 1.61988e-07 -5.438e-05 1 -6.22454e-05 -0.545755 -0.0130828 -0.837842 -0.121443 -0.00580418 -0.992581 -0.206027 0.0117402 -0.978476 2.64683e-05 1 -0.000110696 -0.0160774 0.999806 -0.011363 -0.698639 0.00581671 -0.715451 0.0153216 0.998592 -0.0507784 -0.714035 -0.0112241 -0.70002 9.38841e-06 0.999983 -0.00580392 0.344422 0.695759 -0.630312 0.40335 0.594093 -0.695961 0.451252 0.681383 -0.576272 0.555942 0.308003 -0.772051 0.036676 0.997385 -0.0622727 0.00461373 0.999973 -0.00580498 0.00597979 0.999942 -0.00891488 0.00405498 0.999969 -0.00680498 -0.923947 4.67209e-07 -0.382521 -0.53809 -1.0295e-06 0.842887 -0.510197 0.0813697 0.8562 -0.476411 -0.0138968 0.879113 -0.458163 -0.00954846 0.888817 -0.539996 -0.0129638 0.841568 -0.430704 -0.599096 0.674965 -0.330403 -0.727846 0.600894 -0.323933 -0.737706 0.592333 -0.307484 -0.737005 0.601895 0.400018 0.0529849 0.914975 0.0393864 -0.237097 0.970687 -0.00141579 -0.0417112 0.999129 -0.185137 -0.00401885 0.982704 -0.284172 -0.751862 0.594937 0.00613233 -0.999868 0.015027 -0.050834 -0.994817 0.0880577 -0.408913 -0.0191148 0.912373 0.907402 0.0227524 0.419648 0.880627 -0.0311744 0.472784 0.00108078 -0.999999 0.000202921 0.682074 -0.609609 0.40392 0.571527 -0.780841 0.252279 0.464407 0.0566094 0.883811 0.452266 -0.238544 0.859391 0.104482 -0.0556327 0.99297 -0.162899 -0.354558 0.920735 -0.0260625 0.00375012 0.999653 -0.599926 0.031795 0.799424 -0.807964 -0.048687 0.587217 -0.977798 0.00907315 0.209354 -0.000217609 -1 0.000254823 0 -1 0 -0.988013 -0.0162235 0.153516 -0.937691 -0.0103257 -0.347317 -0.944677 -0.0291597 -0.326704 -0.0123586 -0.999821 0.014309 -0.9114 0.0560608 0.407685 0.000209213 -1 -4.69565e-05 -8.89571e-08 -1 -1.74597e-07 -0.543852 -0.81569 0.197164 -0.453922 -0.0254587 0.890678 -0.182471 -0.942985 0.278359 -0.122892 -0.650318 0.749656 0.116371 -0.929693 0.34947 -0.110746 -0.919995 0.375958 0.195599 -0.673813 0.712542 0.0785016 -0.954629 0.287264 -5.19852e-06 -1 0.00021716 0.122314 -0.990168 0.0678658 0.000109418 -0.999999 0.00136497 0.229402 -0.967032 0.110563 0.00113545 -0.999997 0.00222857 0.764555 -0.072302 0.64049 -0.409755 -0.692439 0.593826 -0.526692 -0.500282 0.687251 -0.685807 -0.0435354 0.72648 -0.662692 -0.277612 0.695536 -0.618175 0.113411 0.777816 -0.604629 0.017833 0.796308 -0.632678 -0.0185605 0.774193 -0.918174 0.00564389 -0.396136 -0.964863 0.0445857 -0.258944 -0.602424 0.771948 -0.202934 -0.840217 0.365861 -0.400227 1.28551e-05 1 -7.59337e-05 -0.12358 -0.203029 0.971343 -0.362478 0.117151 0.9246 -0.231815 -0.756066 0.612067 0.0813203 -0.604831 0.792191 1.1205e-07 1 3.20071e-08 1.68985e-06 1 -1.30057e-06 -2.55657e-05 1 2.86548e-05 -0.00016765 1 -0.000176225 -0.788868 -0.0952302 0.607139 -0.0561682 0.998248 -0.0186002 -0.369926 0.848124 -0.379264 0.0762031 0.918154 -0.388826 -0.00176212 0.179971 -0.98367 -0.00458407 0.192107 -0.981363 -0.999706 0.020395 -0.0130754 0.0023763 0.948538 -0.316655 0.000229398 0.949104 -0.314963 -0.999997 -0.00161584 -0.00179564 -0.999892 -0.0141327 -0.00397371 -5.96846e-05 1 -4.21651e-05 3.94204e-05 1 0.000292478 -3.50001e-06 1 -2.57889e-05 -0.634201 0.0410219 -0.772079 -0.615801 0.0207478 -0.787628 7.42059e-05 1 0.000126981 -0.0038348 0.0469479 -0.99889 0.00103987 0.0317972 -0.999494 0.308755 -0.0364243 -0.950444 0.599674 0.118149 -0.791475 0.80254 -0.0920271 -0.589458 -0.218893 0.0525104 -0.974335 -0.545223 -0.025874 -0.837892 -0.72055 0.0190206 -0.693142 1.66008e-07 1 6.47863e-09 -0.999321 0 -0.036834 -0.999446 -0.00411192 -0.0330154 0.00131935 0 -0.999999 -1.26041e-08 1 3.15095e-07 1.34803e-08 1 4.65668e-07 -1 6.97358e-11 3.24737e-17 -0.999767 0.0181454 -0.0116704 -0.707582 0.706532 0.0118356 -0.00369883 0.999992 -0.00166012 -0.0953001 0.995402 -0.00965312 -1 0 0 -1 3.30318e-11 5.00431e-10 -0.00439943 0 0.99999 -0.0072485 0.0209742 0.999754 -0.606479 0.0198802 -0.794851 6.89623e-08 1 8.91945e-08 -0.958233 0.256352 -0.126777 -0.983151 -0.176209 0.0486201 1.47348e-07 1 8.302e-09 -0.639777 -0.767 0.0489592 -0.735919 -0.591173 -0.330057 -0.644851 -0.605527 0.466373 -6.75179e-06 -1 0.00014814 -0.000396098 -1 -3.52507e-05 -0.0215723 -0.873142 0.486989 -0.0252073 -0.977604 0.208937 -0.013285 -0.736152 0.676686 -0.100459 -0.562733 0.820512 0.0893585 -0.575428 0.812956 -0.0196179 -0.00299514 0.999803 0.043347 -0.0483113 0.997891 0.109502 -0.00249204 0.993983 0.0419424 -0.256802 0.965553 0.237366 -0.00300149 0.971416 0.287748 -0.256792 0.922637 0.0419453 -0.256824 0.965547 0.297429 -0.0483925 0.953517 0.287818 -0.256465 0.922706 0.51446 -0.256468 0.818263 0.377948 -0.704123 0.601137 0.211413 -0.70412 0.677878 0.211408 -0.704172 0.677826 0.0776887 -0.96536 0.249089 0.0307476 -0.704103 0.709432 0.0112983 -0.965358 0.260684 2.51007e-07 -1 -6.98358e-07 -9.71489e-07 -1 -2.10816e-06 0 -1 0 0 -1 0 0.0113023 -0.965353 0.260704 0.0776855 -0.965365 0.249068 0 -1 0 -4.52565e-06 -1 -4.58655e-06 0.190808 -0.965359 0.177974 0.190664 -0.96542 0.177793 0.138784 -0.965412 0.220723 0.519393 -0.704027 0.484331 0.519448 -0.703935 0.484407 0.378007 -0.70396 0.601292 0.13884 -0.965375 0.22085 0.706845 -0.256662 0.659163 0.706772 -0.256911 0.659144 0.851605 -0.256922 0.456903 0.624149 -0.704231 0.338374 0.638528 -0.688762 0.34335 0.852789 -0.250016 0.458522 0.880796 -0.0488517 0.47097 0.908023 -0.00101452 0.418918 0.390504 -0.0486513 0.919315 0.575677 -0.27842 0.768816 0.230634 -0.795335 0.56058 0.184054 -0.233129 0.954869 0.218272 -0.00425109 0.975879 0.914287 -0.0152074 0.404781 0.926655 -0.00906987 0.375804 0.957853 -0.0886729 0.27323 -0.0331107 0.379323 -0.924672 -0.013307 0.342232 -0.939521 -0.0123082 0.000303615 -0.999924 -0.0167021 0.00308571 -0.999856 -0.0191127 -0.000820307 -0.999817 -0.995012 -0.0604482 0.0793595 0.578465 -0.705274 -0.409838 -0.999994 -0.00331847 -0.000289059 -0.99999 0.00432326 -0.00147858 -1 -0.000331892 6.4476e-05 -1 9.48826e-05 6.45594e-05 0.000464716 2.16154e-05 -1 0.00325698 -0.999995 -0.000127161 -1 -0.000716142 -1.04633e-10 -0.927089 0.374754 -0.00808549 5.52652e-05 -1 6.50804e-05 0.0189609 -0.99972 0.0141785 0.337003 -0.538351 0.772404 3.58916e-05 -1 2.58645e-05 0.371944 -0.928056 0.0192172 0.173268 -0.975432 0.13605 0.335654 -0.892456 0.301429 5.28157e-05 -1 4.95434e-05 0.163397 -0.971148 0.173702 0.000104488 -1 0.000114731 0.000170781 -1 0.000244576 0.000258448 -1 0.000952151 -0.00024521 -1 -0.000920227 0.179082 -0.951954 0.248423 0.439856 -0.658954 0.610169 0.156228 -0.96251 0.221739 0.515513 -0.658723 0.548024 0.516985 -0.656855 0.54888 0.441812 -0.656217 0.611703 0.357634 -0.658383 0.662291 0.358842 -0.656512 0.663494 0.360884 -0.00250097 0.932607 0.47579 -0.00300485 0.879554 0.10134 -0.976991 0.187669 0.125445 -0.945964 0.299024 0.0806006 -0.972406 0.218928 0.25787 -0.658423 0.707095 0.0797491 -0.930274 0.358093 0.297916 -0.564192 0.770022 0.160903 -0.735558 0.658077 -5.12036e-07 -1 1.75565e-06 0.685543 -0.00301039 0.728026 0.730459 -0.0484714 0.681234 0.773931 -0.00251265 0.633265 0.849128 -0.00300234 0.528179 0.583677 -0.656669 0.477606 0.581926 -0.730011 0.358394 0.650806 -0.567203 0.50471 0.708994 -0.60848 0.356481 0.650682 -0.695714 0.304296 0.485564 -0.605782 0.630282 0.294537 -0.94601 0.135323 0.221889 -0.71566 0.662265 0.212652 -0.00255311 0.977125 0.58701 -0.0020356 0.809577 0.599473 -0.00485116 0.80038 0.531631 -0.0484205 0.845591 0.5854 -0.00251266 0.810741 2.42871e-06 -1 1.54247e-06 0.00100486 -0.999999 0.000227222 -0.000912048 -1 5.25126e-05 2.84191e-06 -1 3.42982e-05 -0.000144483 -0.999999 -0.00155862 0.00189338 -0.999997 0.00131613 0.0012606 -0.999999 0.000999562 0.000174876 -1 0.000221388 0.325989 -0.92451 -0.197514 0.125816 -0.933136 -0.336791 0.128244 -0.954905 -0.267787 0.0330467 -0.999453 0.00130995 0.59958 -0.708997 0.37125 0.943817 -0.00749998 0.330384 0.883156 -0.0515272 0.466241 -0.382796 0 0.923833 -0.378318 0.0054998 0.925659 0.953202 -0.0255458 0.301252 0.856055 0.0811885 0.510469 -8.72613e-08 1 1.29511e-07 -6.39782e-08 1 1.54404e-07 0.841656 -0.00114262 0.540012 0.795513 0.0344275 0.604957 0.766839 0.154696 0.622918 3.10504e-07 1 4.02783e-07 0 1 0 0 1 0 0.707084 0 -0.70713 0.707112 -0.000211227 0.707102 1.66165e-07 1 3.85657e-07 0.738897 0.00616663 -0.67379 0.707055 0.012378 -0.70705 3.68736e-07 1 2.8635e-07 -1.26677e-07 1 1.26676e-07 0.789813 0 0.613347 0.702161 0 -0.712018 0.704539 -0.00769936 -0.709624 -0.790584 0 -0.612354 0.7094 0.00755175 -0.704766 0.38732 0.822214 -0.41707 0.000590188 1 0.000799878 -0.708165 -0.000686497 0.706047 -0.336176 0.866868 -0.368137 -0.0512754 0.997394 -0.0507546 0.441019 0.0403693 -0.896589 -0.419939 0.0323157 -0.906977 -0.281775 -0.0446364 -0.958442 -0.15621 0.0504584 -0.986434 -0.706575 0.0407354 -0.706465 -0.714796 0.0104602 -0.699255 -0.913497 0.0240065 -0.406136 0.00058588 0.999999 0.00121753 -0.438045 0.799389 0.41121 -1.43552e-07 1 1.13605e-07 -0.790584 0 -0.612354 -1.41015e-07 1 1.21838e-07 4.06454e-07 1 2.44447e-07 -0.856958 0 -0.515387 -0.454896 0 0.890545 -0.856958 0 -0.515387 -0.456354 0.00186584 0.889797 -0.403447 0.0624123 0.912872 0 1 0 -0.382936 0.0107759 0.923712 -0.00265643 0.999995 0.00157802 -0.000218994 1 4.16804e-05 -0.000878281 0.999996 -0.00278173 0.925195 0.0687729 0.373209 0.130376 -0.991269 0.0196959 0.00201003 -0.999993 0.00330074 -0.310223 0.00597367 0.950645 -0.23691 -0.616534 0.75084 -0.240657 -0.733014 0.636219 -0.0610188 -0.962448 0.264518 -0.00699447 -0.999975 -0.000706706 0.654809 -0.736711 0.168767 0.738359 -0.64939 0.181987 0.962042 -0.127509 0.241281 0.972454 0.147474 0.180513 0 1 4.70123e-07 3.39515e-07 1 2.40809e-07 3.36283e-07 1 2.08874e-07 0.00248533 0.999996 0.00154371 0.988114 0.152338 0.0205817 0.992764 -0.0708994 0.0969164 0.661532 -0.747364 0.0618233 0.999853 0.00515307 -0.0163458 0.995258 -0.00395086 -0.097187 0.978014 0.152279 -0.142478 0.983817 0.0380372 -0.175093 0.912987 -0.36668 -0.178887 0.721817 -0.660383 -0.207064 0.91465 -0.328381 -0.235757 0.282185 -0.957576 -0.0584774 0.723452 -0.680129 -0.118501 0.0993767 -0.994929 -0.0155165 0.612128 -0.789411 -0.0461462 -0.00104424 -0.999999 0.000218166 0.00190632 -0.999998 -0.0009264 0.252914 -0.840149 -0.479775 -0.0612684 -0.932456 -0.356052 0.741248 -0.666774 -0.0772267 0.965546 -0.00938935 -0.260062 0 1 0 2.46531e-07 1 1.35669e-07 -4.39753e-07 1 3.64181e-07 0.964104 0.0105891 -0.265314 -9.41756e-10 1 1.1822e-07 0 1 1.18263e-07 0 1.55219e-07 -1 0.0187517 0.00251275 -0.999821 1 -0.00036868 8.29682e-05 1 -0.000202963 -3.15044e-11 -1.23652e-09 1 1.55222e-07 0.0538399 0.007214 0.998524 0.00377748 0.0139934 0.999895 -0.016334 0.701704 0.712281 0.00131724 0.999999 -0.00106213 0.00182102 0.999998 -0.00059896 -0.00378517 -0.00840326 0.999958 -0.296381 0.0430682 0.954098 -0.00739253 -1.55215e-07 0.999973 -2.45756e-08 1 1.86807e-07 -8.45352e-09 1 1.78061e-07 -0.992038 0 -0.125938 -0.970423 0 -0.241412 -5.69302e-08 1 1.68989e-07 0.350203 0 -0.936674 -0.970423 0 -0.241412 0.355481 -0.00511575 -0.93467 0.383078 0.0173894 -0.923552 -6.88631e-08 1 1.6602e-07 0.96985 0 0.243703 0.382556 0 -0.923932 0.379627 0.0100477 -0.925085 0.385509 0.00364252 -0.922697 -3.22683e-08 1 1.62338e-07 0.992204 0 0.124628 0.992204 -1.93447e-08 0.124628 0.96985 0 0.243703 -3.23155e-08 1 1.62576e-07 0.951085 -0.0143872 0.308594 0.931447 -0.00192699 0.363871 0.00189295 0.999988 -0.00457033 0.931753 -0.001769 0.363089 0.810114 -0.00893221 0.586204 0.936356 -0.00488295 0.351017 0.463788 0.0769372 0.882599 0.60029 -0.735896 0.313224 0.56295 0.022003 0.826198 0.00467307 0.999988 0.00117442 -0.363242 0.0134952 -0.931597 -0.000495468 1 0.00021972 -0.000271623 1 8.36396e-06 -0.000205757 1 -0.000470341 -0.401175 0.00283864 -0.915997 -0.868161 -0.0118349 -0.496141 -0.932388 0.0339116 -0.359864 -0.0415617 0.998777 -0.0267972 -1.08952e-06 1 -2.74546e-07 8.10639e-07 1 5.53425e-07 -0.825746 0.0185155 -0.563739 -0.921273 0.0747433 -0.381667 -3.93502e-07 1 7.85974e-08 -1.09468e-06 1 -4.21476e-07 -0.785587 0.0773131 -0.613902 -0.360906 -0.06867 -0.93007 0.00261149 0.115036 -0.993358 0.380862 -0.012968 -0.924541 -9.79354e-06 1 -3.79877e-06 -0.6289 0.0945231 0.771719 -0.976893 0.00615024 0.213643 -0.9441 -0.0599256 0.324166 0 1 0 -0.969675 -0.0049643 -0.244346 -0.982881 -0.0304792 -0.181704 -9.3826e-08 1 5.885e-08 -0.98607 -0.0188043 -0.165263 7.99895e-09 1 3.82462e-08 -5.12847e-08 1 2.09232e-07 -0.925652 0.105986 -0.363228 -0.383194 -0.00375493 0.92366 -1.24472e-05 1 9.19589e-05 -0.384393 -0.0125388 0.923084 -0.000141815 1 0.000177846 -0.29326 0.948557 -0.119325 -0.290794 0.949139 -0.12072 -0.39906 0.0310341 0.916399 -4.99535e-07 1 -3.2635e-08 -0.00024102 1 -0.000396398 -0.000309908 1 0.000244117 -0.898682 -0.0265134 0.437798 0.000123468 1 7.12256e-05 -0.999684 0.0248706 -0.00377209 -0.999647 0.0263679 -0.0032581 -0.787609 -0.0299271 -0.615449 -0.82551 0.0184427 -0.564087 -0.86375 -0.0146494 -0.503707 -0.979283 0.0624093 -0.192639 -0.696109 0.016847 -0.717738 -0.0208242 0.99978 0.00242539 -0.813461 0.581189 -0.022383 0.00394079 0.999992 -0.000688869 -0.160356 0.977759 0.13518 -0.182056 0.591422 0.785542 -0.012364 0.0240581 -0.999634 -0.00984458 0.0196694 -0.999758 0 1.55219e-07 -1 -0.992038 -1.95481e-08 0.125938 0 1 0 0 0.00506251 -0.999987 -4.308e-07 1 2.20746e-07 -0.992038 0 0.125938 -0.970423 0 0.241412 -0.970423 0 0.241412 -4.52093e-07 1 1.13623e-07 6.87803e-08 1 1.66041e-07 0.384639 0.00419526 0.923057 0.385353 0.00341237 0.922763 0.382586 0 0.92392 0.969839 0 -0.243746 0.382702 0.000151432 0.923872 0.262801 0.681516 0.682987 0.105341 0.00411408 0.994428 0.382675 0.000132929 0.923883 0.129498 1.21099e-06 0.99158 1.22999e-08 1 9.4182e-08 0.382864 0 0.923805 2.17443e-07 1 9.77411e-08 6.88112e-08 1 1.66033e-07 -0.453502 0.011281 0.891184 -0.402116 0.000835031 0.915588 0.992204 1.93447e-08 -0.124628 0.969839 0 -0.243746 0.992204 0 -0.124628 0 1 0 7.35801e-09 1 9.43532e-08 -0.326726 -0.0205309 -0.944896 -0.934068 0.0266542 0.3561 0.000275005 1 3.92194e-05 -0.779119 0.128152 0.613637 -0.575348 -0.0842147 0.813562 -0.992038 1.9548e-08 -0.125938 0 1 1.79134e-07 0 -1.74919e-07 1 0 -1.55219e-07 1 0.812194 -0.583281 -0.011148 0.631391 -0.773018 0.0615465 0.0274982 -0.999248 0.0273339 0.337217 -0.692127 0.638158 0.583526 -0.736321 0.342533 0.564411 -0.752632 0.339095 0.325217 -0.64256 0.693795 0.9776 0.00559624 0.210399 0.950623 -0.0273465 0.309142 0 -1 0 -0.00044642 -1 -3.51106e-05 0.7407 0.00478906 0.671819 0.628292 -0.0568064 0.775901 0.2857 0.0514973 0.956934 0.000132333 -1 0.000236019 -0.192749 -0.106028 0.975503 0.955611 -0.0782224 -0.284058 0.987573 -0.0116996 -0.156727 0.739316 -0.0441703 -0.671908 0.791944 0.0144025 -0.610424 0.771799 -0.149597 -0.618018 0.00239126 -0.999995 -0.00184312 0.565827 0.00854726 -0.82448 0.00293874 -0.999995 0.000644202 0.549253 0.0360952 -0.834876 0.373934 -0.34058 -0.862658 0.996506 -0.074927 -0.0369134 0.394861 -0.804619 -0.443478 0.858856 -0.506777 -0.0744497 0.449521 -0.883349 -0.132761 0.327929 -0.941184 0.0814532 0.884414 -0.132156 0.4476 3.08092e-07 1 3.77125e-07 0.858022 0 0.513612 0.858022 0 0.513612 0.789813 0 0.613347 0.707176 -0.000394005 0.707037 0.736649 -0.451009 0.503923 0.613452 -0.677018 0.406599 0.213989 -0.962613 0.166087 0.741751 -0.018004 0.670434 0.671149 0.0660017 0.738379 0.465701 -0.720466 0.51386 0.368594 -0.824697 0.428968 0.486796 -0.571422 0.660686 0.46036 -0.545701 0.700199 0.31701 -0.774717 0.5471 0.000255277 -0.999999 0.00116549 -0.227355 -0.960235 0.162043 -0.72127 -0.594152 0.356024 -0.456306 -0.776843 0.433934 -0.188037 -0.689796 0.69916 0.140835 -0.781957 0.607213 0.17419 -0.73233 0.658293 -0.16521 -0.709742 0.684815 -0.69963 -0.637706 0.322255 0.247808 -0.710201 0.658942 0.579146 -0.628875 0.518754 0.553018 -0.677722 0.484628 0.766921 -0.29938 0.56763 0.0393609 0.388459 -0.920625 -0.540832 0.00707534 -0.841101 -0.580647 -0.00289002 -0.81415 -0.555748 0.291954 -0.778401 -0.581404 0.346185 -0.736291 -0.349236 0.675528 -0.649381 -0.150254 0.963716 -0.220623 -0.260628 0.922884 -0.283475 -0.233133 0.965209 -0.118407 -0.632197 0.705366 -0.320603 -0.632767 0.704781 -0.320765 -0.232412 0.965413 -0.118158 -0.537742 0.704719 -0.462822 -0.197679 0.965386 -0.170153 -0.197634 0.965405 -0.170099 -0.0026908 0.999969 -0.00742249 0.00129925 0.999999 0.00111873 -0.150217 0.965375 -0.213272 -0.197074 0.945164 -0.260434 0.529625 0.746 -0.40371 0.533633 0.73232 -0.423017 0.7917 0.0159216 -0.610702 0.79301 0.0171956 -0.608966 0.924098 0.0674183 -0.376163 0.454322 0.734434 -0.504181 0.440534 0.577257 -0.687535 0.802695 -0.174832 -0.570188 -4.09411e-06 1 -4.50404e-06 -0.000662895 1 -9.78717e-05 -0.961909 0.0544581 0.267889 1.47209e-15 1 2.17344e-16 -0.990885 0.0998839 0.0903924 -0.736391 0.090378 -0.670493 -0.626048 0.0345659 -0.779018 -0.0620662 0.0347733 -0.997466 0 1 0 -0.130789 0.00156961 -0.991409 -7.28466e-16 1 5.52974e-15 -0.245183 0.927828 -0.281105 0.0442503 0.916646 -0.397242 0.185256 0.767829 -0.613285 -0.00111849 0.999997 -0.00211089 4.24453e-06 1 2.56267e-06 0.169766 0.677589 -0.715578 0.42004 0.347804 -0.838212 -0.234568 0.331887 -0.91369 0.294778 0.0496058 -0.954277 0.382907 0.00645332 -0.923764 -9.84613e-07 1 -5.5593e-07 -5.00733e-06 1 1.3402e-05 -0.351269 0.905534 -0.237946 -0.594759 0.748871 -0.292325 1.72564e-06 1 -4.44381e-07 7.17939e-08 1 4.49775e-07 -0.0182235 0.99881 -0.0452415 -0.349786 0.935338 0.0528478 0 1 0 -2.78246e-07 1 8.56253e-07 0.0188139 0.965413 -0.260044 0.0805445 0.965442 -0.247861 0.0805591 0.965415 -0.24796 0.137591 0.965432 -0.22138 0.137581 0.965437 -0.221368 0.219322 0.704396 -0.675073 0.219184 0.704663 -0.67484 0.374517 0.704704 -0.602602 0.186504 0.96545 -0.181998 0.374629 0.704548 -0.602715 0.507539 0.704508 -0.496057 0.22063 0.948055 -0.229159 0.531892 0.675337 -0.510892 0.599315 0.781348 0.174115 0.712196 0.70197 0.00395172 0.957524 0.225662 0.179513 0.670114 -0.0571013 0.740058 -0.0003759 1 -0.000122079 0.000616933 1 0.000200357 0.661623 -0.0509168 0.748106 0.752693 0.0179582 0.658127 0.665049 0.597381 0.448158 0.519906 0.724427 0.452663 0.998736 0.0405205 -0.0297559 0.998342 0.0294057 -0.049476 0.709438 0.0357261 -0.703862 -0.0172906 0.761684 -0.647718 -0.346161 0.0205142 -0.937951 6.2922e-05 1 -0.000716736 -0.285685 0.0704124 -0.955733 4.87829e-05 1 -0.000152308 -0.0193815 0.487604 -0.87285 0.488502 0.570032 -0.660628 -0.168925 0.733137 -0.658767 0.173246 0.975864 -0.132952 0.589641 0.703288 -0.397126 0.21085 0.951729 -0.223058 0.0987974 0.977191 -0.187981 0.336359 0.687259 -0.643846 0.311542 0.62842 -0.712762 0.692304 0.619603 -0.369875 0.743406 0.168288 -0.647323 0.480836 -0.00060877 -0.87681 0.830059 0.00419272 -0.55766 0.582092 0.181676 -0.792567 0.807216 -0.0014682 -0.590254 0.885183 0.00188641 -0.465238 0.584033 0.779248 -0.227331 0.819967 0.185755 -0.541432 0.497472 0.774764 -0.390207 0.626599 0.685612 -0.370553 0.202193 0.966602 -0.157479 0.587154 0.573583 -0.571185 0.705675 0.26693 -0.656331 0.824495 5.01835e-07 -0.565869 0.901757 0.0129141 -0.43205 0.721469 5.73192e-07 -0.692446 0.629139 0.113254 -0.768998 0.725485 0.00526626 -0.688218 0.695338 0.0497716 -0.716958 0.632819 -0.0353028 -0.773495 0.677656 0.237439 -0.695993 0.483441 0.401683 -0.777776 0.486986 0.257828 -0.834487 0.526657 0.0040567 -0.850068 0.505867 0.0362828 -0.861848 0.508821 0.258067 -0.821281 0.396504 0.257834 -0.881082 0.410264 -0.0237471 -0.911658 0.382363 0 -0.924012 0.287635 0 -0.95774 0.282957 0.17961 -0.942165 0.339949 0.0637896 -0.938278 -0.613986 0.0362031 -0.788486 0.244041 0.750087 -0.614666 -0.878455 0.0245686 -0.477193 -0.88888 0.101337 -0.446792 0.101269 0.961394 -0.255862 0.0927796 0.972844 -0.212052 0.30522 0.662251 -0.684298 0.376461 0.771073 -0.51354 0.417964 0.731112 -0.539242 0.166418 0.962473 -0.214362 0.709756 0.0144331 0.7043 0.157983 0.965399 -0.207475 0.71149 0.012721 0.702581 0.965916 0.0394208 0.255835 0.621035 0.326206 -0.712674 0.998183 -0.00338037 0.0601543 0.575754 0.126352 -0.807801 0.644931 0.270277 -0.714853 -0.314444 -0.210367 -0.925673 -0.000233101 1 -0.00023285 -0.70711 -0.000459227 -0.707104 -0.691986 0.0332209 -0.721146 -0.70718 -0.000628692 -0.707034 -0.00120362 0.999999 0.000254279 0.226179 0.94842 -0.222131 0.11188 0.986794 -0.117134 0.242722 0.944795 -0.220109 0.713186 0.00226292 0.700972 0.708517 0.000527986 0.705693 0.703009 0.0154542 0.711013 1.56303e-07 1 2.84509e-07 3.87993e-07 1 3.75338e-07 -1.76114e-07 1 2.47836e-08 0.933623 -0.00742182 -0.358181 0.996007 0.0268213 -0.0851561 0.979586 -0.0191723 0.200108 0.0490481 0.998034 0.0390241 0.0292897 0.999029 -0.0329077 0.00101377 0.999999 0.000527881 0.708529 0.0288843 -0.70509 -0.479138 2.24436e-06 -0.877739 -0.438025 -0.00822297 -0.898925 0.0726398 0.0146609 -0.99725 -1.14522e-09 1 -2.28376e-09 0.219664 0.000893062 -0.975575 0.267876 -0.0221838 -0.963198 0.121946 -0.0470336 -0.991422 5.27294e-05 1 -5.43009e-05 -2.79988e-05 1 -1.17333e-06 0.996332 -0.0442111 -0.0732631 0.714663 0.0249735 0.699023 1.7594e-05 1 -1.74404e-05 0.708665 -0.00418312 0.705533 -0.704177 -0.0213523 -0.709704 6.13181e-05 1 6.19615e-05 0.978096 0.0491874 -0.20226 0.706617 0.036316 -0.706664 -0.445058 0.119293 -0.88752 0.71257 0.0165281 0.701406 -1.70284e-07 1 -2.53866e-07 0.788522 -0.295176 -0.539541 0.782331 -0.0707658 -0.61883 0.492136 0.575094 -0.653505 1.66333e-05 1 7.74328e-06 -0.246356 -0.0189186 -0.968995 0.268247 0.02156 -0.963109 0.140065 -0.0263926 -0.98979 0.164437 0.00642607 -0.986367 0.158685 0.0132646 -0.98724 0.259224 0.258029 -0.930711 0.135352 0.258495 -0.956483 0.0195049 -0.000285627 -0.99981 0.0188415 0.258586 -0.965804 0.0655657 0.420956 -0.904708 -0.116614 0.726234 -0.677485 -0.126629 0.704065 -0.698755 -0.151631 0.417721 -0.895833 0.0513107 0.704335 -0.708011 0.0512772 0.704449 -0.7079 -0.107934 0.258657 -0.95992 -0.234654 -0.000190121 -0.972079 -0.224027 0.240433 -0.94446 -0.230768 -0.0159094 -0.972879 -0.111722 -0.0159175 -0.993612 -0.111425 0.00634328 -0.993753 -0.0429126 0.038435 -0.998339 -0.0746853 0.557955 -0.826503 -0.0883522 0.533266 -0.841321 -0.000529832 0.962475 -0.271368 0.0186571 0.987412 -0.157066 0.00025447 1 3.8631e-05 -0.0462437 0.960304 -0.275095 -0.0718614 0.620417 -0.780973 -0.151408 0.714441 -0.683118 -0.219195 0.0109175 -0.97562 -0.202298 0.81252 -0.546705 -0.238895 0.775069 -0.584976 -0.443253 0.157461 -0.882458 -0.45889 -0.0505734 -0.887053 -0.283831 0.842721 -0.457452 0.923662 -0.0036968 -0.383189 0.914245 0.0407825 -0.403103 0.00124515 0.999999 -0.000253947 -0.932327 0.0475212 0.358479 -0.120955 0.949074 -0.290908 -0.123266 0.948578 -0.291557 3.42072e-05 1 -4.50404e-05 0.923054 -0.0129595 -0.384452 0.000327954 1 0.000855624 -6.01668e-06 1 -1.57076e-05 -0.615831 0.129215 -0.777211 0.000645509 0.999999 0.00126469 -0.921981 -0.105245 -0.372658 0.333211 -0.104177 -0.937079 -0.120876 0.123098 -0.985006 -0.314949 -0.0163462 -0.948968 -0.381178 0.0759004 -0.921381 -0.402161 0.0427667 -0.91457 -0.27404 0.741639 -0.612269 0.00215396 0.999994 -0.0026813 -0.0635757 0.975861 -0.208932 0.366149 0.00213508 -0.930554 0.341707 -0.0049632 -0.939793 0.70418 0.115041 -0.70064 8.11313e-10 1 -8.07232e-10 -0.353955 0.350515 -0.867096 -0.351883 0.355985 -0.86571 -0.435903 0.0627194 -0.897806 -0.334533 -0.00206425 -0.942382 -0.187293 0.64084 -0.744476 0.0342011 0.450606 -0.892067 0.0550768 0.187387 -0.980741 0.0470742 0.0177434 -0.998734 -0.630841 0.0886167 -0.770835 -0.365664 0.00552993 -0.93073 -0.542095 0.230764 -0.808011 -0.62222 0.633043 -0.460542 -0.668457 0.581711 -0.463442 -0.624823 0.78076 0.00319482 -0.97585 0.0151117 0.21792 -0.813834 0.0513325 -0.578826 -0.858846 -0.0793053 -0.506058 -0.000447098 0.999998 -0.00207432 0.0188268 0.965449 -0.25991 -0.0284246 0.96581 -0.257689 0.369351 0.258649 -0.892569 0.281833 0.409407 -0.86773 0.818359 0.0656883 -0.570941 0.670566 0.338989 -0.65987 0.802856 -0.00169511 -0.59617 0.788597 0.00848116 -0.614852 0.856664 0.02607 -0.515215 0.840235 0.00950182 -0.542139 0.807118 0.208604 -0.552309 0.801224 0.146657 -0.580114 0.857989 0.0253938 -0.513041 5.98213e-05 0.999999 -0.00124112 5.58952e-05 1 -4.93812e-05 0.383073 -0.00287774 0.923714 0.403667 0.0452276 0.913787 0.730782 0.536457 -0.422104 0.841216 0.410949 -0.351392 0.493336 0.818075 -0.295589 0.594762 0.454472 -0.663109 0.839416 0.437078 -0.323022 0.467893 0.00126771 -0.883784 0.129975 -0.000112699 -0.991517 0.128956 2.53616e-07 -0.99165 0.333201 0.929235 -0.159686 0.294681 0.947596 -0.123392 0.292955 0.948673 -0.119151 0.285031 0.951236 -0.11793 1.35009e-05 1 -3.3763e-05 1.73968e-05 1 -7.20738e-06 -0.382751 0 -0.923852 -0.382678 0.000473342 -0.923882 -0.0519627 0 -0.998649 3.89688e-07 1 -1.61446e-07 5.98969e-07 1 -2.89048e-07 0.000142297 1 -0.000219676 6.92309e-07 1 -4.92195e-07 0.0187135 0.0537339 -0.99838 0.800636 0.0216074 -0.598762 0.727438 -0.0538447 -0.684058 0.937174 0.00026875 -0.348863 6.92655e-07 1 -1.03643e-07 0.815732 0.00254782 -0.578424 7.24581e-08 1 8.5718e-08 0.699358 0.0323866 0.714038 1.66206e-07 1 4.68486e-08 0.66865 0 0.743577 -8.84342e-09 1 -9.02905e-09 0.992475 -0.0144902 -0.121586 0.99503 0.0949164 -0.0300885 -0.382259 0.000184794 -0.924055 -0.0437912 0.852144 -0.521472 0.67213 0.738841 -0.0485225 0.643918 0.763771 -0.044983 0.963646 0.258482 -0.0676345 0.997074 0.0258351 -0.0719406 0.997604 0.00172238 -0.0691661 0.997241 4.50244e-05 -0.0742278 0.997289 0.000858645 -0.0735841 -7.37655e-05 3.10459e-06 1 6.22165e-07 -1.37107e-07 1 0.301718 0.951887 0.0536426 0.997566 -0.00250766 -0.0696825 0.950554 0.303027 -0.0679798 -0.108848 0.291988 -0.950208 0.000193297 1 8.15447e-05 0.382672 0 0.923884 -0.383097 -8.63113e-05 -0.923708 -0.0706581 -0.00396261 -0.997493 0.122693 0.330035 -0.935961 0.636352 0.0918042 -0.765916 -0.195354 -0.0740399 -0.977934 0.00739352 0.999961 -0.00483527 0.137481 0.97574 0.170383 0.370629 0.925234 0.0810988 -1.92055e-06 1 2.1792e-06 -3.73455e-07 1 6.00879e-07 0.762326 0.629901 -0.148606 0.329959 0.942395 0.0549368 0.09591 0.535777 -0.838895 -0.108759 0.199892 -0.973763 -0.411717 0.701997 -0.58111 -0.542096 0.348846 -0.764486 -0.542426 0.192952 -0.817645 -0.635699 0.259058 -0.72717 -0.726457 0.25765 -0.637085 -0.720155 0.311811 -0.619799 -0.537707 0.704777 -0.462775 -0.410586 0.70483 -0.578475 -0.862436 0.257519 -0.435761 -0.864079 0.247755 -0.438162 8.17254e-07 1 1.38877e-08 -2.48299e-05 1 1.88136e-05 -0.000155012 1 6.94067e-06 -0.227614 0.965016 0.13014 -0.264782 0.93865 0.220966 -0.11055 0.976781 0.183516 7.07164e-05 1 1.33306e-05 -0.00403521 0.956403 0.292023 -0.0111598 0.96586 0.258823 0.979418 -0.195193 -0.051378 0.989283 -0.129722 -0.0670184 0.702625 -0.703993 -0.103496 0.250594 -0.968092 2.57968e-07 0.706726 -0.707487 1.06959e-05 0.178629 -0.752099 -0.63438 0.235259 -0.132235 -0.962895 0.215688 -0.791823 -0.571397 0.213426 -0.899671 -0.380842 0.141714 -0.945403 -0.29348 0.954906 0.0135772 -0.296598 0.986725 -0.0960997 -0.130915 0.98202 -0.142389 -0.123944 -0.0102598 0.706962 0.707177 -0.00838421 0.702673 0.711463 -0.00977866 0.256648 0.966455 -0.011234 0.26084 0.965317 -0.37116 0.692573 0.618533 -0.383183 0.727761 0.568801 -0.533036 0.244118 0.810111 0.953956 -0.0645454 -0.292919 0.395394 -0.588772 -0.70499 0.19528 -0.917153 -0.347415 0.188322 -0.927777 -0.322125 -0.000120393 -1 2.14148e-06 2.31882e-06 -1 2.51657e-05 0.0921221 -0.954587 0.283332 0.239165 -0.970979 0.000442095 0.237497 -0.964211 0.117865 0.202212 -0.729854 0.653011 0.706933 -0.70703 0.0188395 0.929481 -0.268201 0.253244 0.920163 -0.250934 0.300553 0.52504 -0.501957 0.687294 0.980558 -0.193115 0.0348212 0.965921 -0.258836 -6.10042e-08 2.29237e-05 1 2.65054e-07 -0.00872421 0.9461 -0.323758 0.00594859 0.93335 -0.358918 0.96617 -0.257905 3.6947e-05 0.707058 -0.707155 2.74756e-05 0.0730941 -0.962794 0.260163 -0.539057 0.804187 -0.2504 -0.921458 0.000759898 -0.388476 0.236947 -0.963098 0.127667 0.514444 -0.256531 0.818254 0.229085 -0.965409 0.124526 -0.0557961 -0.965359 0.25489 -0.0557974 -0.965354 0.25491 -0.151761 -0.704468 0.69332 -0.151848 -0.704256 0.693517 -0.324332 -0.704302 0.631481 -0.119213 -0.965357 0.232109 -0.324535 -0.70398 0.631735 -0.174656 -0.965366 0.193813 -0.174654 -0.965367 0.193811 -0.119202 -0.965365 0.232078 -0.47541 -0.704041 0.527553 -0.218053 -0.965391 0.143084 -0.217728 -0.965488 0.142924 -0.594043 -0.704141 0.38897 -0.475366 -0.704095 0.52752 -0.592941 -0.70533 0.388498 -0.646948 -0.256982 0.717927 -0.810748 -0.246209 0.531101 -0.809281 -0.256761 0.528336 -0.716002 -0.00301352 0.698092 -0.800489 -0.0025142 0.599343 -0.836366 -0.0485221 0.546019 -0.668654 -0.0483149 0.742002 -0.646944 -0.257036 0.717911 -0.620089 -0.0025023 0.784528 -0.513013 -0.00300865 0.858375 -0.456311 -0.0484371 0.888501 -0.397811 -0.00251151 0.917464 -0.441488 -0.25712 0.859638 -0.275761 -0.00300067 0.961222 -0.21368 -0.0484816 0.9757 -0.206775 -0.256484 0.944172 -0.441681 -0.256347 0.85977 -0.149091 -0.00250804 0.98882 -0.282597 -0.721374 0.632265 -0.285176 -0.696896 0.658035 -0.197352 -0.698692 0.687664 -0.102899 -0.945348 0.309401 -0.195633 -0.65869 0.726537 -0.000870055 -0.999993 0.00360342 0.000635995 -0.999993 0.00355361 0.00202089 -0.999994 0.0028859 -0.00842532 -0.999931 0.00821567 0.718669 -0.616095 0.3224 0.00026748 -1 -0.000190283 0.457256 -0.764259 0.45478 0.669105 0.471724 0.57426 -0.170276 -0.937132 0.304613 -0.370071 -0.721463 0.585268 -0.131619 -0.977242 0.166354 -0.466645 -0.659077 0.589796 -0.386899 -0.656974 0.647066 -0.25734 -0.931688 0.256386 -0.224189 -0.9498 0.21822 -0.539042 -0.65889 0.524689 -0.467456 -0.656711 0.591789 -2.62345e-05 -1 2.67894e-05 -2.53276e-05 -1 3.62539e-05 0.000124601 -1 0.000225721 -0.160489 -0.958617 0.235154 -0.036768 -0.850387 0.524872 -0.105129 -0.71276 0.693485 0.0376115 -0.252826 0.96678 -0.0363733 -0.00262349 0.999335 -0.0200498 0.00307939 0.999794 -0.0283759 -0.358287 0.93318 -0.0564953 -0.924386 0.377252 -0.111959 -0.926505 0.359241 -0.0243646 -0.363761 0.931174 -0.270387 -0.68504 0.67647 -0.593613 -0.269426 0.758309 -0.513744 -0.0214733 0.857675 -0.278912 -0.701057 0.656298 -0.54641 -0.366144 0.753243 -0.796264 -0.371481 0.477458 -0.60376 -0.656642 0.45199 -0.662373 -0.658616 0.357054 -0.602408 -0.659105 0.450205 -0.539851 -0.657069 0.526138 -0.169932 -0.977238 0.126997 -0.272718 -0.947599 0.166375 -0.301817 -0.934728 0.187588 -0.00659587 -0.999956 0.00667078 -0.870147 -0.0046869 0.49277 -0.711255 0.0246735 0.702501 -0.666458 -0.361779 0.651881 -0.753945 -0.598547 0.270755 -0.521126 0.006649 0.853454 -0.642725 -0.0117906 0.766006 -0.380355 -0.276092 0.882668 -0.918717 0.00301801 0.394905 -0.557843 -0.408808 0.722279 -0.485151 -0.286699 0.826094 -0.433921 -0.775553 -0.458509 -0.351861 -0.577278 -0.736847 -0.166861 -0.958051 -0.233014 -0.00210122 -0.999997 0.0009547 -0.691629 -0.627275 0.358016 -0.508517 -0.807317 0.299415 -0.945919 -0.0202068 -0.323772 -0.0419326 -0.998681 0.0296414 -0.88047 0.0481543 -0.471649 -0.334781 -0.598915 -0.727477 -0.60009 -0.794887 -0.089703 -0.408679 0.0071565 -0.91265 -0.530202 -0.0618826 -0.84561 -0.603756 -0.0141871 -0.797043 -0.92385 -0.00903577 -0.382649 -0.885234 -0.055032 -0.461878 -0.990922 -0.00676351 0.134264 -0.9914 -0.00872243 0.130577 -0.788915 -0.00677203 0.614465 0 -1 0 -0.885318 -0.235642 -0.400855 -0.919943 -0.00686951 0.391992 -0.883815 -0.0506761 0.465084 -0.628592 -0.65994 0.411523 -0.529883 -0.738395 0.417129 -0.486189 -0.790654 0.372138 -0.519435 -0.7131 0.470824 -0.00304002 -0.999995 0.00101851 -0.730037 -0.669109 -0.139067 -0.518566 -0.83987 -0.160335 -0.112362 -0.656487 0.745922 0 -1 0 -0.206713 -0.256796 0.9441 -2.81393e-07 -1 -3.27509e-06 0.0308035 -0.704463 0.709072 0.101897 -0.518855 0.848768 -0.000177491 -1 -0.000327048 0.999997 0.00229441 -0.0010492 0.999999 -0.000527114 -0.00154173 0.998626 0.0459633 -0.025175 -0.535535 0.797764 -0.277081 0.707402 0.00296973 0.706806 0.707403 0.00222958 0.706807 -0.709472 0 -0.704734 0 1 0 -0.74745 0.00739953 -0.664277 6.00841e-08 1 1.15373e-07 0.87389 -0.454982 0.171195 0.564174 -0.722521 -0.399589 0.794609 0.341918 -0.501686 0.284095 -0.670763 -0.685104 8.51897e-08 -1 -2.05438e-07 -0.0460606 -0.940581 0.33643 -0.0650991 -0.963861 0.258329 5.02261e-17 -0.707125 0.707089 0.0631127 -0.963984 0.258364 0.0117186 -0.707076 0.70704 -3.33283e-16 -0.965909 0.25888 0 -1.30698e-06 1 0 1 0 0.925253 0.015211 0.379045 0.924608 0.0184343 0.380473 -0.000139831 1 9.41856e-05 0.803228 -0.0262578 -0.595093 -0.00208936 0.999998 -0.000779077 -0.00195276 0.999996 -0.00209446 0.203171 -0.942573 0.265098 0.499645 -0.831971 0.241204 0.603834 -0.71185 0.358683 0.743243 -0.618347 -0.255415 0.0492231 -0.949295 0.310509 -0.921183 -1.68392e-05 0.389129 -0.91168 0.024201 0.410187 -0.923842 0.00706427 0.382708 -0.925363 -0.00081886 0.379082 -0.00228638 -0.0140337 -0.999899 -0.109374 0.0629016 -0.992008 0.000397847 1 -0.000878722 0 0 -1 0.999944 0 -0.0105949 0 1 -1.25311e-15 -1.38284e-08 1 -6.13876e-09 0.436562 -0.0416407 0.89871 -4.46817e-06 -1 -1.79894e-06 0.000237832 -1 8.04669e-05 -0.000478405 -0.999998 -0.00214867 0 -1 0 1.43624e-06 -1 -1.09223e-05 0.923132 0.015887 -0.384155 -0.707836 0.00232985 0.706373 -0.708182 -0.000483925 0.70603 -0.00056608 1 0.000662847 -0.724094 0.046432 0.688137 -0.222938 0.949114 -0.222442 -0.22564 0.948551 -0.22212 -9.56095e-05 1 3.57997e-05 0.689292 0.0446747 -0.723105 -1.03036e-05 1 -1.03443e-05 -0.55875 0.722467 -0.407234 -0.39143 0.828177 -0.401131 -0.455323 0.785707 -0.418744 -0.406507 0.90049 -0.154499 -1 0 0 -0.307551 0.951532 0 -0.31268 0.949856 0.00209603 0.0359973 0.647558 0.761165 -5.83151e-05 1 0.000132201 0.362441 0.0403241 0.931134 0.381798 -0.00120618 0.924245 0.000820053 0.999999 0.00135728 -0.843519 0.388717 0.37064 -0.870702 0.328582 0.365941 -0.293671 0.948344 0.120006 -0.409343 0.0560968 -0.910654 -0.384244 -0.0114497 -0.923161 -0.000140934 1 -0.000175626 -0.38315 -0.003455 -0.92368 -1.00621e-05 1 3.8718e-06 0.381304 -0.00487298 0.924437 -0.294158 0.948227 0.119735 -3.46907e-05 1 -0.000365731 -0.546591 0.784643 0.292532 -0.565446 0.789944 0.237191 -0.604007 0.750325 0.268676 -0.902563 0.00233341 0.430552 -0.892153 0.0132247 0.45154 -0.882677 0.0175506 0.469652 -0.521866 0.225478 0.822688 0.0014324 0.999999 -0.000728815 -0.978187 -0.061919 -0.198283 -0.960746 0.0330806 -0.27545 -0.279652 0.876907 0.390933 -0.142244 0.979714 0.141165 -0.0757686 0.995474 0.0573557 -8.83957e-06 1 5.5133e-05 -4.12416e-05 1 2.55117e-05 -0.156808 0.0342286 0.987036 -0.0125954 0.0221963 0.999674 -0.273944 -0.0512503 0.960379 -0.708579 0.041356 0.704418 -0.70959 0.0374992 0.703616 -0.000306801 1 -0.000221575 -1.04204e-06 0.999991 0.00431428 0.066007 0.994237 0.0844722 -0.198559 0.96601 -0.165527 -0.707598 0.00496488 -0.706598 0.08955 -0.136321 0.986609 -0.222316 0.94848 0.225747 -0.515393 0 0.856954 0.703314 -0.00332891 0.710871 0.70228 0 0.711901 1.26477e-07 1 1.26831e-07 -0.298125 -0.0250582 0.954198 -0.384066 0.0429544 0.922306 -0.792859 -0.0264569 0.608831 -0.911582 0.0164278 0.41079 0.966919 0.00862743 -0.254936 0.281355 -0.940711 -0.189476 0.780889 -0.613291 -0.118686 0.795542 -0.00678339 -0.605861 0.793322 -0.0086976 -0.60874 0.287349 -0.0554899 -0.956217 0.990924 -0.0067806 -0.134252 0.9914 -0.00873165 -0.130575 0.885512 -0.0545541 0.461403 0.304643 -0.548234 -0.778866 0.979558 -0.151242 -0.132636 0.513885 -0.521174 -0.681395 0.706697 -0.616324 -0.347454 0.617689 -0.704601 -0.349283 0.216417 -0.968479 -0.12334 0.515567 -0.704604 -0.487569 0.46136 0.00997518 -0.887157 0.228114 -0.704136 -0.672426 0.0837582 -0.965415 -0.246899 0 -1 0 0.0837222 -0.965435 -0.246831 0.0218144 -0.965411 -0.259817 0.0217937 -0.965434 -0.259733 0 -1 0 -0.0413962 -0.965414 -0.257413 -0.0414359 -0.96538 -0.257534 -0.10195 -0.965387 -0.240073 -0.107788 -0.958547 -0.263762 0.0162919 -0.999502 0.0270284 -0.980077 0.0331115 -0.195839 3.39819e-05 1 3.18379e-05 -0.917566 -0.0307005 -0.396396 4.04857e-05 1 1.74902e-05 -0.855854 -0.0503912 0.514757 -0.830612 0.0980385 0.548154 -5.36141e-05 0.999999 0.00164741 0.00118455 0.999997 0.00235584 0.649386 -0.00871188 0.760409 0.208466 0.304645 0.929372 0.259102 0.126741 0.957498 0.16859 0.672484 0.720654 0.982567 0.161264 -0.0925044 0.967005 0.00865753 -0.254609 5.54741e-05 1 -0.000267847 -0.666993 0.0223879 -0.744728 -0.254688 -0.0358403 -0.966359 0.000568998 0.999998 0.00215895 -3.47475e-15 1 -3.25552e-15 -0.948948 -0.0233687 0.314567 -0.867326 0.0101573 0.497636 -0.278757 -0.702294 -0.65504 -0.83895 -6.5498e-05 0.544208 -0.838788 0.000106925 0.544458 -0.277278 -0.704832 -0.652939 -0.406817 -0.25667 -0.87671 -0.35959 -0.395844 -0.844987 -0.112687 -0.704821 -0.700378 -8.81812e-06 -1 -1.36187e-05 -0.169808 -0.959156 -0.22624 0 -1 0 -0.234977 -0.0283697 -0.971587 0.0184337 -0.999485 0.0262847 0.316753 0.0413575 -0.947606 -0.0749347 0.70238 -0.707847 0.998484 -0.0259746 -0.0485355 -0.31061 -0.937559 0.156539 0.000449929 -1 0.000264673 -0.330298 -0.759139 0.560902 -0.728921 -0.0520022 0.68262 -0.94026 0.00207758 0.340451 0.000698136 0.999997 -0.00241015 -0.938474 -0.00958926 0.345218 -0.0034001 0.999989 -0.00333273 9.61043e-05 1 -2.40219e-06 0.00679122 -1.55216e-07 0.999977 5.57303e-09 1 1.78427e-07 -0.982404 -0.00588579 0.186675 -0.731096 -0.673083 0.111613 -0.787727 -0.610661 0.0811077 -0.995315 -0.00432608 0.0965904 -1.88351e-09 1 2.36441e-07 -0.977977 0.15252 0.142474 -1.67763e-07 1 1.13396e-07 -0.988143 0.152165 -0.0204571 -0.99985 0.00594915 0.0162775 -1.23652e-09 1 1.55222e-07 -0.634746 -0.772688 0.00719957 -0.567398 -0.82334 0.0130452 -0.870407 -0.485368 -0.082517 -0.993751 -0.0612283 -0.0933324 -0.971742 0.149104 -0.18299 -0.977239 0.0300797 -0.21 -0.737508 -0.657087 -0.155947 -0.61118 -0.7852 -0.0995986 -0.646691 -0.743554 -0.170052 -3.21685e-07 1 5.83205e-08 0 1 0 -1.84641e-07 1 1.43443e-07 -0.992204 0 -0.124628 -0.969839 0 -0.243745 0 1 0 0 1.55219e-07 -1 -0.992204 1.93447e-08 -0.124628 -0.374899 -0.923253 0.0839941 -2.09785e-05 -1 2.88009e-06 -0.147657 -0.839207 -0.523382 -0.9764 -0.046847 -0.210827 -0.828639 0.543984 -0.132053 -0.343582 -0.91759 -0.199949 -1.43348e-05 -1 2.16325e-05 -0.869214 -0.494025 0.0201667 -0.0252613 -0.999642 -0.0087908 0.949492 -0.052015 0.30945 -0.123238 -0.954199 -0.272611 -0.310705 -0.682821 -0.661225 -0.255801 -0.540124 -0.801768 -0.572171 0.0523208 -0.818464 -0.452493 0.000371623 -0.891768 -0.936266 -0.00389415 -0.35127 -0.324446 -0.0303363 0.945418 -6.60272e-08 1 1.50704e-07 -0.299364 0 0.954139 -2.45265e-08 1 1.77045e-07 0.362871 0.065775 0.929515 4.3311e-05 1 5.75989e-07 0.000144115 1 -0.000174887 0.000100536 1 9.57759e-05 -0.377489 0.0277657 0.925598 0.713312 0.185533 0.675842 0.423315 -0.121954 0.897737 -0.0014253 0.999999 -0.000496298 0.864233 -0.0461684 0.500968 0.92146 0.0695214 0.382202 0.930934 0.0465373 0.362209 0.911245 0.222315 0.34671 0.0391664 0.999018 0.0207131 0.914902 0.0291325 0.402623 0.472306 0.856815 0.206871 0.930655 0.00256734 0.365889 4.47613e-07 1 6.35918e-07 -9.1622e-07 1 7.27387e-07 -4.84065e-09 1 2.27298e-07 -4.54326e-08 1 1.0692e-07 -0.434771 -0.0320213 0.899972 3.482e-08 1 4.35759e-07 -0.70586 0.0013855 0.70835 -0.704419 -0.0102742 0.70971 0.12061 -0.0298927 0.99225 0.00012483 1 0.000125361 -1.52981e-05 1 3.28491e-05 0.980747 -0.022735 0.193953 0.990937 0.0626817 0.118809 6.54491e-09 1 -3.78197e-09 0.707168 -0.00154647 -0.707044 2.01773e-07 1 -1.97212e-07 0.862013 0.093891 -0.498114 0.709491 -0.0203922 -0.70442 -1.3686e-05 1 9.86295e-07 -0.000293736 1 0.000872839 7.29432e-08 1 3.47206e-08 6.20125e-08 1 5.56429e-08 5.07649e-08 1 7.81858e-08 0.544568 -1.70426e-07 0.838717 0.0580521 -0.00938435 0.998269 0.1608 -2.69065e-07 0.986987 0.744295 -2.82719e-07 0.667851 0.544567 -3.55051e-07 0.838717 6.35993e-05 1 6.38675e-05 -0.000365002 1 0.000842216 0.223729 0.949014 0.222077 0.766797 0.195539 -0.61138 0.243729 0.944516 0.220193 -0.35515 -0.0710404 0.932106 0.479933 0.682705 -0.550979 0.363968 0.855128 0.369166 -0.687701 0.041965 0.72478 -0.134666 0 0.990891 -0.498159 0 0.867085 0.184248 0.018958 0.982697 0.272327 -0.022881 0.961933 0.0115928 0.0256505 0.999604 -0.0613948 0.994983 0.0789855 0.706882 0.0344744 0.706491 0.708462 0.0289318 0.705156 1.57321e-08 1 -2.7383e-08 0.959137 0.0121826 -0.28268 0.996409 -0.0496887 -0.0685537 0.951214 0.172711 -0.255661 -8.10896e-09 1 -2.10097e-08 0.975543 0.19847 -0.0944726 0.883587 -0.113476 -0.45431 -0.000903148 0.999999 -0.000435952 0.385152 0.0143451 -0.922742 0.383028 -0.000365716 -0.923737 -3.81777e-08 1 4.61055e-07 2.85068e-08 1 1.91788e-07 0.238554 0.965838 0.101238 0.380366 0.000593954 -0.924836 0.237983 0.966001 0.101024 0.383301 8.69942e-05 -0.923623 0.686023 0.666756 0.291219 2.88001e-08 1 1.22289e-08 -0.381622 -2.42975e-05 0.924318 0.00108205 0.999997 0.00227468 1.73435e-07 1 2.20174e-08 -0.00109429 0.999999 0.000572514 -0.382545 0.000213478 0.923937 0.689242 0.662978 0.292242 0.011361 -0.034104 0.999354 -0.391797 0.00458458 0.92004 -0.389988 0.000532089 0.92082 0.0408977 0.980988 0.189712 0.163225 0.683204 0.711751 -0.456488 -0.668617 -0.587001 -0.283341 -0.955888 0.0774285 -0.0967948 -0.966621 -0.237222 -0.286224 -0.659311 -0.695258 -0.324595 -0.577171 -0.749341 -0.000281342 -1 0.000245101 -0.000714013 -0.999988 -0.00494808 0.228774 -0.960215 -0.160155 -0.000301594 -1 -0.000609275 0.713209 -0.602058 -0.358971 -0.197562 -0.92634 -0.320724 -0.504291 -0.352093 -0.788493 -0.358538 -0.766767 -0.532465 -0.47565 -0.450334 -0.755617 -0.349017 -0.822109 -0.449804 -0.5718 -0.118162 -0.811839 -0.502347 -0.606523 -0.61626 -0.588063 -0.337229 -0.735159 -0.493522 -0.735875 -0.463598 -0.639472 -0.567051 -0.519162 -0.791667 0.0103432 -0.610866 -0.767707 0.146867 -0.623743 -0.837144 -0.0317124 -0.546063 -0.857151 0.0644136 -0.511021 -0.876863 -0.0193264 -0.480352 -0.658077 -0.673434 -0.336781 -0.308478 -0.931015 -0.195072 -0.282772 -0.943048 -0.175216 -8.72448e-08 1 1.29495e-07 0 1 0 3.10445e-07 1 4.02781e-07 0 1 0 -0.709472 0 0.704734 -0.789813 0 -0.613347 -0.789813 0 -0.613347 3.0812e-07 1 3.77063e-07 -0.858069 0 -0.513534 -0.858069 0 -0.513534 3.68729e-07 1 2.86345e-07 -6.39627e-08 1 1.54381e-07 0.382766 0 -0.923846 -0.702112 -0.033397 -0.711282 -0.617268 -0.481069 -0.622537 -0.0637248 -0.995515 -0.0699255 -0.416201 -0.446392 -0.792156 -0.450244 -0.349798 -0.821536 -0.349905 -0.531207 0.771612 -0.286726 -0.797489 0.530848 -0.0615737 -0.996786 -0.051255 -0.00196372 -0.99999 0.00407993 -0.450475 -0.0270763 0.892379 -0.00246756 -0.999996 0.00137478 -0.856602 0.0349964 0.514789 -0.78006 -0.0778667 0.620841 0.000473851 -1 0.000485609 0.292016 -0.0273878 -0.956021 0.309782 -0.0100211 -0.950755 -6.8385e-05 1 0.000406557 0.379072 0.00453762 -0.925356 1.66106e-07 1 3.85653e-07 0.707309 0.0117972 -0.706806 0.000333612 1 -0.000185942 -1.47926e-07 1 9.88505e-08 -0.380066 0.103389 -0.919163 -0.411289 0.00995549 -0.911451 -0.380304 -0.426641 -0.820577 -0.00105129 -0.999964 -0.00841877 -0.0837851 -0.989709 -0.116001 0.181572 0.0640174 -0.981292 0.380808 0.0117824 -0.924579 0.382683 -0.0104078 -0.923821 0 -1 0 0.162774 -0.835798 -0.524354 -0.60319 -0.00515681 -0.797581 -0.360178 -0.918135 -0.165227 -0.191061 -0.730647 -0.655478 0.260323 -0.658241 -0.706364 -0.000145851 -1 -0.000112312 -0.0294584 0.00862164 -0.999529 -0.297333 -0.258534 -0.919105 -0.85063 -0.00460211 0.525744 -0.832895 -0.0157381 0.553207 -0.822051 0.000278179 0.569414 0.0848455 0.809686 0.580697 -0.181264 0.654202 0.734277 -0.634662 0.595123 0.492984 -0.0848629 0.809941 0.580339 0.922827 0.262163 0.282243 0.125601 0.363119 0.923238 0.249044 0.0793405 0.965237 0.249795 0.0771088 0.965224 0.00787164 0.999826 0.0169235 -0.883194 -0.213513 -0.417588 -0.651144 -0.255829 -0.714537 0.841588 -0.00787464 -0.540063 0.0622205 -0.0184213 0.997892 -0.121713 0.721718 0.681402 -0.0135074 0.999763 -0.017049 0.610247 -0.000605274 0.792211 0.130037 0 0.991509 0.872785 -0.00676158 -0.488057 0.55557 0.327421 0.764289 1 3.24651e-16 7.83907e-16 1 3.96298e-16 5.16528e-16 0.829728 -0.213571 -0.515692 0.829895 -0.339614 -0.442647 0.706277 -0.312462 -0.635248 0.706309 -0.393101 -0.588727 0 -0.555303 -0.831648 0.705757 -0.467049 -0.532703 0 -0.659251 -0.751923 0 -0.555303 -0.831648 -1 -1.52837e-14 -2.28896e-14 -1 -1.54102e-14 -2.31094e-14 0.00133075 -0.659119 -0.752037 -1 2.01115e-16 3.01596e-16 -1 6.8192e-16 -1.0187e-15 -1 -1.01706e-16 1.51935e-16 -1 2.83955e-15 -1.90289e-16 -1 -3.05826e-15 -5.71664e-16 -1 -1.43068e-14 9.58748e-16 -1 -1.36764e-14 8.75769e-16 0 -0.997956 0.0639043 0 -0.997956 -0.0639039 0 -0.997956 0.0639043 0.706393 -0.694423 0.137063 0.829909 -0.553127 0.0728127 0.706391 -0.706375 0.0452329 0 -0.981072 0.193641 0.829888 -0.553159 -0.0728071 1 4.05741e-16 5.34038e-17 1 3.78095e-16 -4.97718e-17 0.706391 -0.706375 -0.0452326 -2.39804e-14 -0.997956 -0.0639039 -1.78975e-15 -0.981072 -0.193642 0 -0.981072 -0.193642 0.706254 -0.694559 -0.137091 0 -0.947229 -0.320557 0 -0.947229 -0.320557 0.706271 -0.670583 -0.226936 0 -0.89722 -0.441583 0 -0.89722 -0.441583 0.706283 -0.635169 -0.31261 0.829957 -0.515362 -0.213479 0 -0.831686 -0.555246 0.706311 -0.588752 -0.393059 0 -0.831686 -0.555246 -1 -2.31956e-14 -1.54857e-14 0 -0.752039 -0.659118 0.705757 -0.532692 -0.467061 0.00151809 -0.751907 -0.659267 0.829955 -0.442576 -0.339561 1 4.21707e-16 3.23549e-16 1 4.21707e-16 1.74684e-16 -1 -8.40048e-15 -4.13445e-15 -1 -1.29302e-14 -4.37577e-15 0.706501 -0.670366 0.226858 4.2987e-14 -0.947231 0.320552 -8.47677e-14 -0.981072 0.193641 0.830034 -0.515268 0.213408 0.706286 -0.635164 0.312613 0 -0.897217 0.441589 0 -0.947231 0.320552 0.706309 -0.58867 0.393185 0 -0.831569 0.555422 0 -0.897217 0.441589 0.829691 -0.442888 0.339799 -7.55911e-15 -0.752032 0.659126 5.68296e-15 -0.831569 0.555422 0.705752 -0.532784 0.466964 0 -0.659126 0.752032 0 -0.752032 0.659126 0.705752 -0.466964 0.532784 0.706341 -0.393175 0.588639 0 -0.555433 0.831562 0 -0.659126 0.752032 0.829691 -0.3398 0.442888 1 2.32137e-16 -3.02563e-16 0.829976 -0.213468 0.515336 1 1.56614e-16 -3.78084e-16 0.706321 -0.312593 0.635135 0 -0.441583 0.89722 0.706271 -0.226926 0.670586 0.227708 -0.312122 0.92235 -0.214137 -0.406166 0.888355 -1 1.66538e-15 -8.83849e-16 -1 -5.39939e-16 8.08366e-16 0 -0.555433 0.831562 -1 -8.16099e-17 3.0458e-16 -1 4.19996e-15 2.06705e-15 -1 1.1597e-14 7.74233e-15 0 0.752031 0.659127 0 0.831686 0.555247 0 0.831686 0.555247 0.706324 0.635134 0.312587 0 0.897223 0.441577 0.70635 0.588719 0.393039 0.829972 0.442556 0.339545 1 -9.52004e-16 -7.30411e-16 1 -1.76292e-15 -7.30411e-16 0.829868 0.515468 0.213568 1 -3.65536e-15 -4.81187e-16 0.829605 0.553576 0.0728721 0.706494 0.670314 0.227033 0.706386 0.694457 0.136922 0 0.981112 0.193439 0.706377 0.706377 0.0454129 0 0.99794 0.0641575 -1.96661e-15 0.99794 0.0641575 0.706383 0.706383 -0.0452328 0 0.997956 -0.0639034 -1.18622e-14 0.997956 -0.0639034 0 0.981073 -0.19364 -1 2.81216e-14 -5.5505e-15 0 0.981073 -0.19364 0 0.947147 -0.320801 -1 8.92868e-15 -3.02417e-15 0 0.947147 -0.320801 0 0.897227 -0.44157 -1 4.26984e-15 -2.1014e-15 -1 2.39495e-15 -1.59893e-15 -1 6.80192e-16 -1.01737e-15 0 0.831681 -0.555254 0 0.831681 -0.555254 0 0.751972 -0.659195 0.000760577 0.752038 -0.659119 -1 0 0 -1 0 0 0.000666604 0.659121 -0.752037 0.706025 0.532537 -0.466833 0.705992 0.466849 -0.532567 0 0.659187 -0.751979 0.829959 0.442572 -0.339557 1 -6.57748e-15 8.57294e-15 0.829896 0.339614 -0.442645 0.706506 0.393036 -0.588534 0.706437 0.312429 -0.635087 0.829844 0.213513 -0.51553 1 -1.41071e-15 3.40617e-15 0.706531 0.226966 -0.670298 0 0.441424 -0.897299 0 0.320717 -0.947175 -5.51863e-14 0.320717 -0.947175 0.706429 0.137082 -0.694382 0 0.193678 -0.981065 1.51187e-13 0.193678 -0.981065 -1 0 0 0.000561216 0.555427 -0.831565 0.000445972 0.441372 -0.897324 -1 0 0 0 0.555365 -0.831607 0 0.0639196 -0.997955 -1 0 0 6.39038e-05 0.063911 -0.997956 -1 0 0 -6.38951e-05 -0.0639023 -0.997956 0.70636 -0.0452395 -0.706405 0 -0.0639109 -0.997956 0.706406 0.0452367 -0.70636 0.829942 0.0728111 -0.553077 1 -2.49117e-16 1.89231e-15 1 1.56712e-16 1.18939e-15 0.830035 -0.0728534 -0.552932 0 -0.193677 -0.981065 1 0 0 0.706259 -0.137256 -0.69452 0.706269 -0.226995 -0.670565 0 -0.705478 -0.708732 -7.52803e-14 -0.32064 -0.947201 0.0012616 -0.320799 -0.947146 -1 0 0 0 -0.193677 -0.981065 -1 2.86761e-21 -1.15549e-14 5.99745e-14 -0.441372 -0.897324 0 -0.441372 -0.897324 0.829859 0.515481 -0.213573 0.70632 0.63514 -0.312584 0.706346 0.58872 -0.393046 0.829906 0.553131 -0.072813 1 -1.07129e-14 1.41022e-15 0.706391 0.694424 -0.137062 0.706494 0.670314 -0.227037 0 0.897227 -0.44157 0 0.981112 0.193439 -1 1.40381e-15 2.7678e-16 -1 9.74579e-15 4.37531e-15 0 0.947148 0.320796 0 0.947148 0.320796 -1 2.23622e-15 7.574e-16 0.832012 0.337727 0.44011 1 -5.16499e-16 -6.73079e-16 0.706292 0.532378 0.46661 0.705599 0.454944 0.543283 -0.187862 0.54555 0.816751 0.190838 0.627957 0.754487 0.636945 0.355884 0.683847 0.187719 0.455513 0.870212 0.830044 0.213402 0.515254 0 0.320461 0.947262 0 0.320461 0.947262 0 0.441583 0.89722 0.706274 0.226867 0.670604 0 0.178882 0.98387 -0.159362 0.191216 0.968525 0.706255 0.137125 0.694551 0.22029 0.0623343 0.973441 0.706391 0.0452327 0.706375 0.82991 0.0728125 0.553126 0.829933 -0.0727984 0.553092 1 5.95652e-17 -4.52552e-16 1 -6.93722e-17 -5.26992e-16 0.706391 -0.0452204 0.706376 0.706255 -0.137126 0.694551 -0.168165 -0.190934 0.967091 0 -0.0638868 0.997957 0 -0.209119 0.97789 -1 -1.18504e-17 3.3998e-16 -1 -1.82662e-15 2.41539e-15 -0.210911 -0.0340515 0.976912 -1 4.67889e-17 2.57344e-16 -1 2.06589e-15 4.19753e-15 -1 7.55356e-16 2.23278e-15 1 -2.49096e-16 -6.01434e-16 -1 -1.69181e-16 6.31409e-16 -1 7.75927e-15 1.16165e-14 -5.29132e-14 0.659119 0.752039 3.33976e-14 0.752031 0.659127 0 0.897223 0.441577 -1 -9.47108e-16 1.08061e-15 -1 -9.88297e-15 6.24004e-15 1 2.9225e-16 -2.24224e-16 -1 1.257e-14 -6.18665e-15 -1 -3.80425e-15 3.24419e-15 1 3.40327e-16 -1.40953e-16 -0.970521 0.218581 0.101547 -0.847011 0.494229 0.195728 0.00326773 0.911958 0.41027 -0.00819531 0.951801 0.306608 0.00860125 0.967545 0.252552 -0.00323916 0.977555 0.210657 -0.797285 0.594394 0.105038 -0.999873 0.0158137 -0.00211212 -0.999999 0.00165947 0.000450587 0.0728949 -0.96249 -0.26134 -0.226477 -0.944297 -0.238771 -1 -5.42893e-16 -1.37274e-16 -1 -7.43134e-16 -5.98664e-16 -1 -2.30229e-16 2.04606e-16 -1 -2.09944e-15 1.88221e-15 -1 1.58263e-06 3.10408e-05 -1 -6.42816e-16 -3.35817e-16 -1 1.7941e-16 2.84945e-16 -1 5.45163e-16 1.48017e-16 -1 8.28342e-06 -4.88261e-05 -1 -6.65393e-06 -1.17534e-06 -1 -2.32776e-15 -1.2394e-16 -1 7.49895e-15 -6.72304e-15 -1 -2.86361e-15 -2.49139e-15 -1 3.08011e-15 3.66235e-15 -1 -2.33397e-15 -1.00085e-14 -1 -1.72035e-16 2.35929e-16 -1 2.16875e-15 1.25221e-15 -1 -8.72095e-16 -1.08087e-15 -1 -2.72604e-15 5.15068e-15 -1 2.34047e-15 -1.89015e-15 -1 2.17933e-15 1.89605e-15 -1 -2.21305e-15 8.02828e-16 -1 9.4447e-17 2.92103e-16 -1 8.76233e-06 1.56322e-07 -1 3.03473e-15 -1.10091e-15 -1 -2.27581e-15 -2.70601e-15 -1 4.40082e-15 -5.47409e-15 -1 1.30224e-14 -2.48228e-14 0.310842 0.937018 0.159295 -0.361281 0.932354 0.0138866 -0.999782 -0.0208635 0.000280036 -0.999715 -0.0235534 -0.00400413 -0.999716 -0.0234683 -0.00405923 0.122136 0.992424 -0.0133206 -0.99988 -0.0154265 -0.00140823 -0.49405 -0.823363 0.279264 -0.362428 -0.876416 0.317083 -0.385048 -0.839517 0.383339 -0.000195567 -0.91006 0.414477 -0.00417928 -0.914072 0.40553 -0.00498983 -0.8533 0.521396 0.00516539 -0.882889 0.469553 0.385706 -0.797588 0.463771 0.30233 -0.806484 0.508115 0.00335579 -0.837448 0.546507 -0.00993635 -0.787749 0.615916 0.00423772 -0.766766 0.641912 0.00903893 -0.709882 0.704263 -0.0121271 -0.664815 0.74691 0.00572783 -0.618735 0.785579 0.00384447 -0.535365 0.844612 -0.00380268 -0.560393 0.828218 -0.00530527 -0.481496 0.876432 0.00830466 -0.436603 0.899616 -0.706376 -0.303354 0.639538 -0.999776 -0.00404027 0.0207664 -0.999465 -0.0165305 0.0282352 -0.998486 -0.0191702 0.0515593 -0.999906 -0.00656013 0.0120373 0.208037 0.468065 -0.858857 -0.388225 0.577419 -0.71824 -0.999929 -0.00828657 0.00851862 -0.999458 -0.0257656 0.0204799 -0.468852 0.68717 -0.554955 -0.999618 -0.0199839 0.0191107 -0.999935 -0.00807033 0.00800986 -0.999765 -0.018902 0.0106267 0.0998019 0.867335 -0.487615 0.122666 0.953015 -0.276976 -0.99998 -0.00612863 0.00178117 -0.0682815 0.955242 -0.287839 -0.999961 -0.00815178 0.00325643 -0.738362 -0.598174 0.311463 0.283357 0.84096 -0.460971 0.603651 0.555903 -0.57147 0 0.340406 -0.940278 0 0.464565 -0.885539 -0.999547 -0.0102436 0.028295 -0.999502 -0.0140226 0.0282675 -0.0744033 0.332506 -0.940162 -0.999999 -0.000192049 0.00110414 0.055286 0.1711 -0.983701 0 0.0257843 -0.999668 -0.999999 3.57002e-05 0.00122241 0 0.167262 -0.985913 -0.9282 0.00914909 0.37197 -0.739571 0.0621688 0.670202 -0.00174939 -0.0244661 0.999699 0.000943636 -0.0181124 0.999836 0.00118071 0.0692803 0.997597 0.00276758 0.0733348 0.997304 0.792022 0.0925832 0.603432 0.999955 0.00539806 0.00774194 0.0587548 -0.294315 -0.953901 -0.0572288 -0.301799 -0.951652 0.999792 0.00616844 0.0194508 0.999834 0.0032913 0.0179217 0.999911 0.00132979 0.0132836 -0.0978718 -0.0991312 -0.99025 1 -8.25158e-06 -9.7735e-05 0.161669 -0.0830221 -0.983347 0.596877 0.0506264 0.800734 -0.316839 -0.104573 0.942697 0 -0.138784 0.990323 1 -7.30136e-17 5.21003e-16 1 -2.01432e-05 1.25995e-05 1 1.24615e-16 -8.89225e-16 1 2.32208e-05 3.71241e-05 1 2.16903e-16 2.53546e-15 1 3.59836e-16 -1.44471e-16 1 -3.68306e-15 7.71083e-16 1 -2.12724e-15 8.54056e-16 1 2.32052e-16 2.58557e-16 1 2.65396e-16 2.07316e-16 1 3.57286e-16 -2.22239e-16 1 -3.10899e-05 -2.90433e-05 1 -5.5194e-16 7.05585e-16 1 -3.40458e-16 6.41143e-16 1 -1.33176e-15 8.2798e-16 1 -1.96847e-15 -3.16096e-15 1 2.92788e-16 1.55818e-16 1 3.46427e-16 -3.11363e-16 1 1.49501e-05 -1.60022e-05 1 -1.87878e-16 5.79397e-16 1 -4.90679e-15 -5.46324e-15 1 3.15642e-16 1.02116e-16 1 3.24536e-16 -4.14754e-16 1 2.8651e-16 -5.39548e-16 1 -1.73247e-14 -1.35441e-14 1 -8.56846e-16 7.70132e-16 1 9.02178e-15 2.59952e-15 1 1.92463e-16 3.09074e-16 1 2.24588e-16 -6.92564e-16 1 1.14452e-15 -2.45984e-15 0 0.667931 0.744223 0 0.5286 0.848871 0 0.5286 0.848871 1 0 0 0 0.372132 0.92818 1 0 0 1 0 0 1 -3.22516e-15 5.86413e-16 0.087719 -0.612229 -0.785799 0.999849 0.0109162 0.0135294 -0.146675 -0.621147 -0.769846 0.999821 0.0124906 0.0142205 1 -5.45569e-16 -3.75506e-15 0.155335 -0.760252 -0.630783 1 0 0 -0.0670989 -0.776984 -0.625934 0.99996 0.00696834 0.00561365 0.999743 0.0226462 -0.00100139 0.999893 0.0129533 0.00676702 -0.0236148 -0.886092 -0.462908 0.999501 0.0226965 0.0219789 0.00204223 0.871899 0.489681 0.000869105 0.837818 0.545949 0.000110578 0.875608 0.483023 -0.00114683 0.833886 0.551936 -0.00099671 0.798694 0.601737 -0.000158391 0.742972 0.669323 -9.66595e-05 0.796744 0.604317 0.00162712 0.740114 0.67248 0.426774 0.679502 0.596776 0.82436 0.41002 0.390274 0.000415036 0.655681 0.755038 0.000981486 0.592571 0.805518 0.0050533 0.580823 0.814014 0.00145837 0.657608 0.753359 -0.00452561 0.530745 0.84752 0.00322099 0.465381 0.885105 0.00275152 0.466165 0.884693 0.999644 0.0116027 0.0240142 0.999807 0.0120006 0.0155626 0.999629 0.013089 0.0238869 -0.0804301 -0.478987 -0.874129 0.0817009 -0.467447 -0.880238 0.00295876 0.356323 0.934358 0.000216908 0.349982 0.936756 0.000916242 0.271439 0.962455 -0.00268457 0.187059 0.982345 0.00105199 0.270977 0.962585 -0.000997404 0.191255 0.98154 -0.672449 0.124138 0.729659 -0.929778 0.0964637 0.355257 -0.754869 0.203157 0.623619 -0.999996 0.000950834 0.00278652 -0.999995 0.000954769 0.00295136 -0.999887 0.0135332 0.00651103 -0.999563 0.0135769 0.0262611 -0.999997 0.00127305 0.00202167 0.438551 -0.478882 -0.76049 -0.411985 -0.423799 -0.806637 -0.918609 0.240932 0.313223 -0.467283 0.506905 0.724358 -0.614732 0.522653 0.59071 -0.999999 0.00100282 0.000944849 0.511677 -0.625335 -0.589188 -0.999838 0.0160906 0.00806954 -0.387106 -0.718025 -0.578437 -0.591383 0.606052 0.531946 -0.593288 0.605151 0.53085 0.0229485 -0.883962 -0.466995 -0.999995 0.00285672 0.0015092 0.107068 -0.881244 -0.460375 -0.999841 0.0151499 0.00936714 -0.397397 -0.576225 -0.714171 0.33921 -0.289547 -0.895042 -0.668578 0.306766 0.67742 -0.999998 0.000252404 0.00199684 0.140742 -0.154653 -0.977893 -0.493313 -0.196129 -0.847453 -0.999998 0.000237465 0.00203248 -0.569294 0.290319 0.769168 -0.489768 0.752486 0.440331 0.00231978 0.912754 0.408502 0.659043 0.749306 0.0648312 0.00668036 0.989835 0.142067 -0.00688575 0.995474 0.0947855 -0.000577092 0.999968 0.00791985 0.00327525 0.999742 0.0224732 -0.999967 0.00275612 0.00766806 -0.9998 0.0199775 0.000599675 0.203067 -0.978724 -0.0293789 -0.0232493 -0.999602 -0.0159985 -0.581096 0.806612 -0.108185 -0.77366 0.625469 -0.101183 -0.941992 0.32912 -0.0658082 0.000322226 0.978836 -0.204644 0.000264547 0.960187 -0.279359 -0.406835 0.869278 -0.280787 0.00447941 0.981843 -0.189642 0.00382621 0.957617 -0.288019 0.776011 0.62504 -0.0844486 0.999936 0.0112994 -0.00081832 0.108557 -0.990332 0.0863631 -0.154568 -0.985401 0.0713645 1 -1.72504e-15 -2.1561e-15 1 -3.77696e-15 1.19877e-16 -0.360424 0.932319 -0.029591 0.353647 0.921277 -0.161808 1 0 0 0 0.978845 -0.204602 1 0 0 1 0 0 0 0.927999 -0.372584 0 0.927999 -0.372584 1 0 0 -0.047128 -0.954259 0.295242 0.180392 -0.884481 0.430292 -0.337666 -0.825949 0.451432 0.999763 0.0209963 -0.00572858 0.999869 0.0141898 -0.00775561 0.999874 0.0139858 -0.00751044 0.25551 -0.777809 0.57422 -0.260642 -0.729258 0.632652 0.999998 0.00145936 -0.00126603 0.86364 0.41528 -0.285776 0.957375 0.231928 -0.172172 0.66622 0.548866 -0.504872 0.00168216 0.752188 -0.658946 -0.000697018 0.755919 -0.654664 -0.00104241 0.805251 -0.592933 -0.00454877 0.846179 -0.532879 -0.00113616 0.850519 -0.525943 -0.00247294 0.808168 -0.588947 0.145681 -0.718328 0.680281 -0.999948 0.00742209 -0.00702897 -0.279969 -0.717585 0.637722 0.372965 -0.783086 0.497667 -0.999935 0.0107637 -0.00378938 -0.999899 0.0119914 -0.00762075 -0.999911 0.0110459 -0.00745011 0.208597 -0.927624 0.30984 -0.999978 0.00626188 -0.00209156 0 -0.985451 0.169961 0 -0.953415 0.301661 -0.999931 0.0116415 -0.00151337 -0.999904 0.0136866 -0.00236053 -0.366742 0.854595 -0.367651 -0.760954 0.582781 -0.285158 -0.00217014 0.915222 -0.402944 -0.00260612 0.915555 -0.402185 0.00618659 0.883135 -0.469079 0.310236 0.815281 -0.488949 -0.387464 -0.808942 0.442137 -0.130275 -0.584158 0.801117 0 -0.579825 0.814741 -0.999944 0.00612241 -0.00860292 -0.999934 0.00807277 -0.00812138 -0.632579 0.418969 -0.65139 -0.999844 0.0145007 -0.0100934 -0.998998 0.0173256 -0.0412594 -0.750742 0.230878 -0.618936 -0.726627 0.237028 -0.64485 -0.004388 0.425972 -0.904726 -0.00407182 0.345431 -0.938435 0.00395962 0.37257 -0.927996 0.609257 0.293282 -0.736744 0.638762 0.281075 -0.716226 0.00795213 0.196016 -0.980569 -0.0031979 0.237485 -0.971386 -0.00854782 0.137583 -0.990453 0.00736153 0.038006 -0.99925 -0.303779 0.00283481 -0.952738 0.000592614 0.0199049 -0.999802 0.00187223 -0.0563949 -0.998407 0.000491085 -0.0618108 -0.998088 -0.435292 -0.0349524 -0.89961 -0.935804 -0.0371863 -0.350553 -0.88082 -0.0634359 -0.469181 0.000468597 -0.261976 -0.965074 0.00262926 -0.256714 -0.966484 0.00206403 -0.136534 -0.990633 -0.00260582 -0.148253 -0.988946 0.999637 -0.00261211 -0.0268297 -0.159704 0.0827983 0.983687 0.999627 -0.00229026 -0.0272095 0.59691 -0.0505511 -0.800714 1 6.8551e-05 1.7019e-05 -0.477806 -0.164593 -0.862908 1 9.68683e-06 9.70709e-05 1 0 0 0.374824 -0.314729 -0.872039 0 -0.371805 -0.928311 1 0 0 -0.0902753 0.477142 0.874177 1 0 0 0.153583 0.487366 0.859585 0.999768 -0.0141973 -0.0161794 0.999992 -0.00194084 -0.00355582 0.999786 -0.0100308 -0.0180718 0.609093 -0.374111 -0.699318 0.62235 -0.370666 -0.689411 0.0087309 -0.602969 -0.797717 -0.00218725 -0.537338 -0.843364 -0.00558757 -0.639269 -0.768963 -0.565639 -0.517607 -0.641978 -0.859796 -0.354914 -0.367134 -0.726643 -0.492587 -0.478903 -0.999987 -0.00450421 -0.00230088 -0.571157 -0.647346 -0.504701 -0.82099 -0.475078 -0.316664 -0.713124 -0.592927 -0.37402 0.000111561 -0.842665 -0.538438 0.00164002 -0.844633 -0.535344 -0.00405531 -0.795837 -0.605497 9.95362e-05 -0.789875 -0.613267 0.77462 -0.543489 -0.323394 0.96517 -0.217494 -0.145411 0.735206 -0.5236 -0.430483 0.66389 -0.567078 -0.487516 0.999998 -0.0016481 -0.00132609 0.666473 -0.509462 -0.544299 0.76678 -0.426334 -0.479882 0.0058927 -0.749524 -0.661951 -0.00647354 -0.693532 -0.720397 0.00384264 -0.707074 -0.707129 -0.145442 0.648217 0.747437 0.999998 -0.00139688 -0.00161069 0.0892934 0.66527 0.741244 1 0 0 0 -0.528622 -0.848857 0 -0.668203 -0.743979 1 0 0 0 -0.668203 -0.743979 1 0 0 1 0 0 1 0 0 0 -0.787822 -0.615902 -0.372804 -0.750478 -0.545711 0.371695 -0.819695 -0.435824 0.0201217 0.892317 0.450961 1 0 0 -0.122311 0.888976 0.441318 0.00496662 -0.932194 -0.361925 -0.00520872 -0.907039 -0.421015 0.0017434 -0.899233 -0.437467 0.999282 -0.0311914 -0.0214941 -0.538046 -0.762608 -0.359075 -0.799595 -0.554161 -0.231415 -0.999915 -0.0122933 -0.00435255 0.163798 0.929927 0.32925 -0.457108 0.858336 0.233046 -0.999745 -0.0198529 -0.010745 -0.0915258 0.880473 0.465177 0.0721759 0.877159 0.474745 -0.999892 -0.0143244 0.00333381 -0.00291373 -0.952573 -0.304297 0.00440317 -0.960475 -0.27833 -0.00699819 -0.977771 -0.209561 0.00818917 -0.988974 -0.147863 -0.00717165 -0.995242 -0.0971667 -0.814245 -0.578269 0.0510905 -0.652265 -0.756306 0.0505122 -0.00370619 -0.982325 0.187149 0.00096359 -0.978515 0.206171 0.00780767 -0.992737 0.120055 0.781641 -0.623202 0.0256262 0.999852 -0.016559 0.00469152 0.0621016 0.984564 -0.163639 0 0.985462 -0.169898 0.999808 -0.0192941 0.00332638 1 0 0 1 0 0 1 0 0 0.0255167 0.999661 0.00523085 1 0 0 1 0 0 0 0.983298 0.182005 0 0.999975 0.00707798 0.999917 -0.00981368 -0.00831669 0.999993 -0.00371764 -2.6314e-05 -0.123133 0.974549 0.187328 0.999694 -0.0242791 -0.00466694 0.999873 -0.0156152 0.0031067 0.676217 -0.732782 -0.0759034 0.50425 -0.863528 -0.00712806 0.000754528 -0.999833 -0.0182591 0.00549829 -0.999965 -0.00629847 -0.00542966 -0.997572 0.0694283 1 0 0 -0.369615 -0.873857 -0.315844 0.354644 -0.898449 -0.258878 -0.360564 -0.923787 -0.128882 0 -0.999497 0.031711 0.36569 -0.930731 -0.00332517 0 -0.978779 0.204917 1 0 0 0 -0.978779 0.204917 1 0 0 0 -0.928001 0.372578 0 -0.928001 0.372578 1 0 0 1 0 0 0 -0.849249 0.527993 1 0 0 0 -0.743738 0.668471 0 -0.743738 0.668471 1 0 0 1 0 0 0.0885954 0.735065 -0.672183 -0.146975 0.718408 -0.679918 0.999945 -0.00761818 0.00721002 0.999568 -0.0149472 0.0253233 0.999683 -0.0193399 0.0161203 0.999911 -0.00725597 0.011176 0.633745 -0.229974 0.738566 0.999142 -0.0188324 0.036893 0.998891 -0.0255555 0.0395554 0.999996 -0.000959391 0.00249609 0.691776 -0.1369 0.709017 0.802223 -0.0834192 0.591168 -0.00114303 -0.227797 0.973708 7.39014e-05 -0.223431 0.97472 -0.000678874 -0.291091 0.956695 -0.00166341 -0.287696 0.95772 -0.566491 -0.117125 0.815702 -0.617936 -0.119283 0.777127 -0.712717 -0.0290187 0.700851 -0.00178668 -0.139656 0.990199 9.61876e-05 -0.144036 0.989572 0.999899 0.000326139 0.0142044 0.999997 -0.000381265 0.00253186 -0.151403 0.147191 -0.977452 0.062988 0.16116 -0.984916 1 -2.89561e-15 2.58131e-15 1 7.86044e-16 4.67097e-15 0.237544 0.369539 -0.89834 -0.0949925 0.357146 -0.929206 1 0 0 1 0 0 0.17134 0.558802 -0.811408 1 0 0 -0.255842 0.52642 -0.810819 0 -0.468995 0.883201 0 -0.468995 0.883201 0 -0.61613 0.787644 1 0 0 0 -0.308454 0.951239 0 -0.308454 0.951239 1 6.52404e-05 -5.81589e-05 0.840256 -0.0702709 0.537617 -0.000622493 -0.367006 0.930218 -0.00240901 -0.363041 0.93177 0.757813 -0.21531 0.615923 0.998761 -0.0145068 0.0476005 0.999988 -0.00328961 0.0037171 0.999904 -0.0116912 0.00742661 0.157847 0.842098 -0.515708 -0.0972811 0.840091 -0.533651 0.800036 -0.559238 0.217243 0.959673 -0.257798 0.112109 0.999915 -0.0122176 0.00460832 0.999886 -0.014738 -0.00338843 0.999937 -0.0106616 0.00356293 0.36053 -0.867141 0.343635 0.000422744 -0.962722 0.270494 0.000455916 -0.941026 0.338333 0.790944 -0.495483 0.359032 0 -0.61613 0.787644 -0.148182 0.937971 -0.313454 0 0.951444 -0.30782 0 -0.849249 0.527993 -0.000827168 -0.963995 0.265918 -0.999998 -0.00149927 0.00136444 0.999931 -0.0105573 -0.00524099 0.999789 -0.0185988 -0.00875306 0.0642393 0.784717 0.616516 -0.0831261 0.776416 0.624714 0.103357 0.733899 0.671349 -0.999996 -0.00216425 -0.00197979 -0.175274 0.71656 0.675145 -0.999993 -0.00253553 -0.00262319 0.1722 0.540653 0.823433 -0.999995 -0.00166899 -0.00254192 -0.999821 -0.00706389 -0.0175424 0.149484 0.313301 0.937815 -0.999924 -0.00390697 -0.0116949 -0.999855 -0.00722075 -0.0154475 -0.696198 -0.291286 -0.656095 -0.00208853 -0.467599 -0.883938 0.00280395 -0.456733 -0.889599 -0.00283757 -0.351072 -0.936344 -0.00202384 -0.349222 -0.937038 0.740052 -0.215963 -0.636933 0.808607 -0.177826 -0.560832 0.99999 -0.00131307 -0.00426027 0.999881 -0.00237136 -0.0152134 0.967269 -0.0658326 -0.245063 0.0570727 0.301548 0.951741 -0.0594944 0.294018 0.953947 -0.00147504 -0.538746 -0.842467 -0.632671 -0.459204 -0.623586 0 0.164608 0.986359 0 0.307653 0.951499 -0.999875 -0.00250954 -0.0155934 -0.00736284 0.163989 0.986435 -0.999962 -0.00274834 -0.00821624 -0.999994 -9.1014e-06 -0.00337382 0 -0.0231926 0.999731 0 -0.17969 0.983723 -0.999996 0.000510564 -0.00279511 -0.999992 0.000419636 -0.00389593 -0.838227 0.0834331 -0.5389 -0.583298 0.190779 -0.789536 -0.199022 -0.187439 0.961903 -0.88846 0.0786798 -0.45216 -0.218102 -0.00501945 0.975913 -0.175403 0.524553 0.833113 0 -0.528622 -0.848857 0.098798 0.0988122 0.990189 -0.317345 0.104505 -0.942534 1 -6.60924e-05 6.53915e-05 1 -2.36963e-15 -5.30261e-15 0 0.138783 -0.990323 1 2.81208e-15 -2.78226e-15 1 0 0 0 0.308471 -0.951234 1 -2.95469e-15 -1.31825e-15 1 -1.79657e-15 3.38325e-15 0 0.468996 -0.8832 0 0.308471 -0.951234 1 3.9858e-16 4.81657e-15 1 0 0 0 0.616245 -0.787555 0 0.468996 -0.8832 0.0815263 -0.61524 0.784113 -0.0820796 -0.625508 0.775888 1 0 0 0.065641 -0.727554 0.682903 0.999998 0.00125909 -0.00156179 0.999998 0.00121098 -0.00145719 -0.0538565 -0.467551 0.882324 1 0.000336208 -0.000634464 0.940996 0.185499 -0.283049 0.963562 0.152373 -0.219842 0.839752 0.34051 -0.422929 0.00490019 0.546862 -0.837209 -0.00427725 0.499072 -0.86655 0.00308652 0.475309 -0.879813 -0.000629876 0.600581 -0.799564 -0.00285001 0.604976 -0.796239 0.00193002 0.672253 -0.740319 -0.00282628 0.663732 -0.747965 0.569872 0.558403 -0.602853 -0.673445 0.524731 -0.520701 0.62747 0.358772 -0.69106 0.999856 0.0014096 -0.0169152 1 0.000268901 -0.000741776 0.0747492 -0.332857 0.94001 0 -0.340808 0.940133 -0.0633008 -0.161271 0.984878 0.999854 0.00276471 -0.016884 0.15031 -0.147376 0.977593 0.999841 0.002703 -0.0176237 0 -0.464679 0.885479 1 0 0 0 0.743744 -0.668465 0 0.616245 -0.787555 1 0 0 1 0 0 0 0.849134 -0.528177 0 0.743744 -0.668465 0.999934 0.0109159 0.00363166 0.00445117 0.288493 -0.957472 -0.999852 0.00752714 -0.0154606 0.198825 -0.428997 0.881153 0 -0.44822 0.893924 -0.0596076 -0.95387 0.294243 0.999801 0.0190807 -0.00588587 0.999733 0.0217128 -0.00785399 0 0.849134 -0.528177 1 -3.80362e-15 -5.29425e-16 0 0.990452 0.137861 0.365047 0.926042 0.0958495 -0.0729803 -0.986764 -0.144811 1 -9.69645e-16 2.67044e-15 0 -0.988709 -0.149847 0.999676 0.0251677 0.00369345 0 -0.956192 -0.29274 0.999575 0.0279186 0.00843835 0.99958 0.027716 0.00848532 0.064462 -0.952361 -0.298082 1 0 0 1 0 0 0 0.882773 0.469799 0 0.882773 0.469799 0 0.951448 0.30781 1 0 0 0 0.951448 0.30781 1 0 0 0.0247119 -0.88747 -0.460202 0.999809 0.0188197 0.00520518 0.999779 0.0204573 -0.00480719 0.00461152 0.997355 -0.072537 -0.003913 0.991153 -0.132668 -7.44119e-05 0.998458 -0.0555182 -0.0622049 -0.984549 0.16369 0.999615 0.0271222 0.00587474 0 0.78806 0.615598 0 0.78806 0.615598 0 0.667931 0.744223 1 -2.48849e-15 -2.77272e-15 1 0 0 1 -6.91786e-05 -2.10158e-05 -0.477837 0.164334 0.86294 0.374867 0.315023 0.871915 0.908207 0.070388 0.412559 -0.245386 0.0039616 -0.969417 -0.000153221 -0.940306 0.340329 -0.593574 0.786213 0.171869 -0.574591 0.779714 0.248778</float_array>
                    <technique_common>
                        <accessor count="9153" source="#shape0-lib-normals-array" stride="3">
                            <param name="X" type="float"/>
                            <param name="Y" type="float"/>
                            <param name="Z" type="float"/>
                        </accessor>
                    </technique_common>
                </source>
                <source id="shape0-lib-map" name="map">
                    <float_array id="shape0-lib-map-array" count="54918">0 0 0 0 0 0 0 0 0 0 0 0 0 0 0 0 0 0 0 0 0 0 0 0 0 0 0 0 0 0 0 0 0 0 0 0 0 0 0 0 0 0 0 0 0 0 0 0 0 0 0 0 0 0 0 0 0 0 0 0 0 0 0 0 0 0 0 0 0 0 0 0 0 0 0 0 0 0 0 0 0 0 0 0 0 0 0 0 0 0 0 0 0 0 0 0 0 0 0 0 0 0 0 0 0 0 0 0 0 0 0 0 0 0 0 0 0 0 0 0 0 0 0 0 0 0 0 0 0 0 0 0 0 0 0 0 0 0 0 0 0 0 0 0 0 0 0 0 0 0 0 0 0 0 0 0 0 0 0 0 0 0 0 0 0 0 0 0 0 0 0 0 0 0 0 0 0 0 0 0 0 0 0 0 0 0 0 0 0 0 0 0 0 0 0 0 0 0 0 0 0 0 0 0 0 0 0 0 0 0 0 0 0 0 0 0 0 0 0 0 0 0 0 0 0 0 0 0 0 0 0 0 0 0 0 0 0 0 0 0 0 0 0 0 0 0 0 0 0 0 0 0 0 0 0 0 0 0 0 0 0 0 0 0 0 0 0 0 0 0 0 0 0 0 0 0 0 0 0 0 0 0 0 0 0 0 0 0 0 0 0 0 0 0 0 0 0 0 0 0 0 0 0 0 0 0 0 0 0 0 0 0 0 0 0 0 0 0 0 0 0 0 0 0 0 0 0 0 0 0 0 0 0 0 0 0 0 0 0 0 0 0 0 0 0 0 0 0 0 0 0 0 0 0 0 0 0 0 0 0 0 0 0 0 0 0 0 0 0 0 0 0 0 0 0 0 0 0 0 0 0 0 0 0 0 0 0 0 0 0 0 0 0 0 0 0 0 0 0 0 0 0 0 0 0 0 0 0 0 0 0 0 0 0 0 0 0 0 0 0 0 0 0 0 0 0 0 0 0 0 0 0 0 0 0 0 0 0 0 0 0 0 0 0 0 0 0 0 0 0 0 0 0 0 0 0 0 0 0 0 0 0 0 0 0 0 0 0 0 0 0 0 0 0 0 0 0 0 0 0 0 0 0 0 0 0 0 0 0 0 0 0 0 0 0 0 0 0 0 0 0 0 0 0 0 0 0 0 0 0 0 0 0 0 0 0 0 0 0 0 0 0 0 0 0 0 0 0 0 0 0 0 0 0 0 0 0 0 0 0 0 0 0 0 0 0 0 0 0 0 0 0 0 0 0 0 0 0 0 0 0 0 0 0 0 0 0 0 0 0 0 0 0 0 0 0 0 0 0 0 0 0 0 0 0 0 0 0 0 0 0 0 0 0 0 0 0 0 0 0 0 0 0 0 0 0 0 0 0 0 0 0 0 0 0 0 0 0 0 0 0 0 0 0 0 0 0 0 0 0 0 0 0 0 0 0 0 0 0 0 0 0 0 0 0 0 0 0 0 0 0 0 0 0 0 0 0 0 0 0 0 0 0 0 0 0 0 0 0 0 0 0 0 0 0 0 0 0 0 0 0 0 0 0 0 0 0 0 0 0 0 0 0 0 0 0 0 0 0 0 0 0 0 0 0 0 0 0 0 0 0 0 0 0 0 0 0 0 0 0 0 0 0 0 0 0 0 0 0 0 0 0 0 0 0 0 0 0 0 0 0 0 0 0 0 0 0 0 0 0 0 0 0 0 0 0 0 0 0 0 0 0 0 0 0 0 0 0 0 0 0 0 0 0 0 0 0 0 0 0 0 0 0 0 0 0 0 0 0 0 0 0 0 0 0 0 0 0 0 0 0 0 0 0 0 0 0 0 0 0 0 0 0 0 0 0 0 0 0 0 0 0 0 0 0 0 0 0 0 0 0 0 0 0 0 0 0 0 0 0 0 0 0 0 0 0 0 0 0 0 0 0 0 0 0 0 0 0 0 0 0 0 0 0 0 0 0 0 0 0 0 0 0 0 0 0 0 0 0 0 0 0 0 0 0 0 0 0 0 0 0 0 0 0 0 0 0 0 0 0 0 0 0 0 0 0 0 0 0 0 0 0 0 0 0 0 0 0 0 0 0 0 0 0 0 0 0 0 0 0 0 0 0 0 0 0 0 0 0 0 0 0 0 0 0 0 0 0 0 0 0 0 0 0 0 0 0 0 0 0 0 0 0 0 0 0 0 0 0 0 0 0 0 0 0 0 0 0 0 0 0 0 0 0 0 0 0 0 0 0 0 0 0 0 0 0 0 0 0 0 0 0 0 0 0 0 0 0 0 0 0 0 0 0 0 0 0 0 0 0 0 0 0 0 0 0 0 0 0 0 0 0 0 0 0 0 0 0 0 0 0 0 0 0 0 0 0 0 0 0 0 0 0 0 0 0 0 0 0 0 0 0 0 0 0 0 0 0 0 0 0 0 0 0 0 0 0 0 0 0 0 0 0 0 0 0 0 0 0 0 0 0 0 0 0 0 0 0 0 0 0 0 0 0 0 0 0 0 0 0 0 0 0 0 0 0 0 0 0 0 0 0 0 0 0 0 0 0 0 0 0 0 0 0 0 0 0 0 0 0 0 0 0 0 0 0 0 0 0 0 0 0 0 0 0 0 0 0 0 0 0 0 0 0 0 0 0 0 0 0 0 0 0 0 0 0 0 0 0 0 0 0 0 0 0 0 0 0 0 0 0 0 0 0 0 0 0 0 0 0 0 0 0 0 0 0 0 0 0 0 0 0 0 0 0 0 0 0 0 0 0 0 0 0 0 0 0 0 0 0 0 0 0 0 0 0 0 0 0 0 0 0 0 0 0 0 0 0 0 0 0 0 0 0 0 0 0 0 0 0 0 0 0 0 0 0 0 0 0 0 0 0 0 0 0 0 0 0 0 0 0 0 0 0 0 0 0 0 0 0 0 0 0 0 0 0 0 0 0 0 0 0 0 0 0 0 0 0 0 0 0 0 0 0 0 0 0 0 0 0 0 0 0 0 0 0 0 0 0 0 0 0 0 0 0 0 0 0 0 0 0 0 0 0 0 0 0 0 0 0 0 0 0 0 0 0 0 0 0 0 0 0 0 0 0 0 0 0 0 0 0 0 0 0 0 0 0 0 0 0 0 0 0 0 0 0 0 0 0 0 0 0 0 0 0 0 0 0 0 0 0 0 0 0 0 0 0 0 0 0 0 0 0 0 0 0 0 0 0 0 0 0 0 0 0 0 0 0 0 0 0 0 0 0 0 0 0 0 0 0 0 0 0 0 0 0 0 0 0 0 0 0 0 0 0 0 0 0 0 0 0 0 0 0 0 0 0 0 0 0 0 0 0 0 0 0 0 0 0 0 0 0 0 0 0 0 0 0 0 0 0 0 0 0 0 0 0 0 0 0 0 0 0 0 0 0 0 0 0 0 0 0 0 0 0 0 0 0 0 0 0 0 0 0 0 0 0 0 0 0 0 0 0 0 0 0 0 0 0 0 0 0 0 0 0 0 0 0 0 0 0 0 0 0 0 0 0 0 0 0 0 0 0 0 0 0 0 0 0 0 0 0 0 0 0 0 0 0 0 0 0 0 0 0 0 0 0 0 0 0 0 0 0 0 0 0 0 0 0 0 0 0 0 0 0 0 0 0 0 0 0 0 0 0 0 0 0 0 0 0 0 0 0 0 0 0 0 0 0 0 0 0 0 0 0 0 0 0 0 0 0 0 0 0 0 0 0 0 0 0 0 0 0 0 0 0 0 0 0 0 0 0 0 0 0 0 0 0 0 0 0 0 0 0 0 0 0 0 0 0 0 0 0 0 0 0 0 0 0 0 0 0 0 0 0 0 0 0 0 0 0 0 0 0 0 0 0 0 0 0 0 0 0 0 0 0 0 0 0 0 0 0 0 0 0 0 0 0 0 0 0 0 0 0 0 0 0 0 0 0 0 0 0 0 0 0 0 0 0 0 0 0 0 0 0 0 0 0 0 0 0 0 0 0 0 0 0 0 0 0 0 0 0 0 0 0 0 0 0 0 0 0 0 0 0 0 0 0 0 0 0 0 0 0 0 0 0 0 0 0 0 0 0 0 0 0 0 0 0 0 0 0 0 0 0 0 0 0 0 0 0 0 0 0 0 0 0 0 0 0 0 0 0 0 0 0 0 0 0 0 0 0 0 0 0 0 0 0 0 0 0 0 0 0 0 0 0 0 0 0 0 0 0 0 0 0 0 0 0 0 0 0 0 0 0 0 0 0 0 0 0 0 0 0 0 0 0 0 0 0 0 0 0 0 0 0 0 0 0 0 0 0 0 0 0 0 0 0 0 0 0 0 0 0 0 0 0 0 0 0 0 0 0 0 0 0 0 0 0 0 0 0 0 0 0 0 0 0 0 0 0 0 0 0 0 0 0 0 0 0 0 0 0 0 0 0 0 0 0 0 0 0 0 0 0 0 0 0 0 0 0 0 0 0 0 0 0 0 0 0 0 0 0 0 0 0 0 0 0 0 0 0 0 0 0 0 0 0 0 0 0 0 0 0 0 0 0 0 0 0 0 0 0 0 0 0 0 0 0 0 0 0 0 0 0 0 0 0 0 0 0 0 0 0 0 0 0 0 0 0 0 0 0 0 0 0 0 0 0 0 0 0 0 0 0 0 0 0 0 0 0 0 0 0 0 0 0 0 0 0 0 0 0 0 0 0 0 0 0 0 0 0 0 0 0 0 0 0 0 0 0 0 0 0 0 0 0 0 0 0 0 0 0 0 0 0 0 0 0 0 0 0 0 0 0 0 0 0 0 0 0 0 0 0 0 0 0 0 0 0 0 0 0 0 0 0 0 0 0 0 0 0 0 0 0 0 0 0 0 0 0 0 0 0 0 0 0 0 0 0 0 0 0 0 0 0 0 0 0 0 0 0 0 0 0 0 0 0 0 0 0 0 0 0 0 0 0 0 0 0 0 0 0 0 0 0 0 0 0 0 0 0 0 0 0 0 0 0 0 0 0 0 0 0 0 0 0 0 0 0 0 0 0 0 0 0 0 0 0 0 0 0 0 0 0 0 0 0 0 0 0 0 0 0 0 0 0 0 0 0 0 0 0 0 0 0 0 0 0 0 0 0 0 0 0 0 0 0 0 0 0 0 0 0 0 0 0 0 0 0 0 0 0 0 0 0 0 0 0 0 0 0 0 0 0 0 0 0 0 0 0 0 0 0 0 0 0 0 0 0 0 0 0 0 0 0 0 0 0 0 0 0 0 0 0 0 0 0 0 0 0 0 0 0 0 0 0 0 0 0 0 0 0 0 0 0 0 0 0 0 0 0 0 0 0 0 0 0 0 0 0 0 0 0 0 0 0 0 0 0 0 0 0 0 0 0 0 0 0 0 0 0 0 0 0 0 0 0 0 0 0 0 0 0 0 0 0 0 0 0 0 0 0 0 0 0 0 0 0 0 0 0 0 0 0 0 0 0 0 0 0 0 0 0 0 0 0 0 0 0 0 0 0 0 0 0 0 0 0 0 0 0 0 0 0 0 0 0 0 0 0 0 0 0 0 0 0 0 0 0 0 0 0 0 0 0 0 0 0 0 0 0 0 0 0 0 0 0 0 0 0 0 0 0 0 0 0 0 0 0 0 0 0 0 0 0 0 0 0 0 0 0 0 0 0 0 0 0 0 0 0 0 0 0 0 0 0 0 0 0 0 0 0 0 0 0 0 0 0 0 0 0 0 0 0 0 0 0 0 0 0 0 0 0 0 0 0 0 0 0 0 0 0 0 0 0 0 0 0 0 0 0 0 0 0 0 0 0 0 0 0 0 0 0 0 0 0 0 0 0 0 0 0 0 0 0 0 0 0 0 0 0 0 0 0 0 0 0 0 0 0 0 0 0 0 0 0 0 0 0 0 0 0 0 0 0 0 0 0 0 0 0 0 0 0 0 0 0 0 0 0 0 0 0 0 0 0 0 0 0 0 0 0 0 0 0 0 0 0 0 0 0 0 0 0 0 0 0 0 0 0 0 0 0 0 0 0 0 0 0 0 0 0 0 0 0 0 0 0 0 0 0 0 0 0 0 0 0 0 0 0 0 0 0 0 0 0 0 0 0 0 0 0 0 0 0 0 0 0 0 0 0 0 0 0 0 0 0 0 0 0 0 0 0 0 0 0 0 0 0 0 0 0 0 0 0 0 0 0 0 0 0 0 0 0 0 0 0 0 0 0 0 0 0 0 0 0 0 0 0 0 0 0 0 0 0 0 0 0 0 0 0 0 0 0 0 0 0 0 0 0 0 0 0 0 0 0 0 0 0 0 0 0 0 0 0 0 0 0 0 0 0 0 0 0 0 0 0 0 0 0 0 0 0 0 0 0 0 0 0 0 0 0 0 0 0 0 0 0 0 0 0 0 0 0 0 0 0 0 0 0 0 0 0 0 0 0 0 0 0 0 0 0 0 0 0 0 0 0 0 0 0 0 0 0 0 0 0 0 0 0 0 0 0 0 0 0 0 0 0 0 0 0 0 0 0 0 0 0 0 0 0 0 0 0 0 0 0 0 0 0 0 0 0 0 0 0 0 0 0 0 0 0 0 0 0 0 0 0 0 0 0 0 0 0 0 0 0 0 0 0 0 0 0 0 0 0 0 0 0 0 0 0 0 0 0 0 0 0 0 0 0 0 0 0 0 0 0 0 0 0 0 0 0 0 0 0 0 0 0 0 0 0 0 0 0 0 0 0 0 0 0 0 0 0 0 0 0 0 0 0 0 0 0 0 0 0 0 0 0 0 0 0 0 0 0 0 0 0 0 0 0 0 0 0 0 0 0 0 0 0 0 0 0 0 0 0 0 0 0 0 0 0 0 0 0 0 0 0 0 0 0 0 0 0 0 0 0 0 0 0 0 0 0 0 0 0 0 0 0 0 0 0 0 0 0 0 0 0 0 0 0 0 0 0 0 0 0 0 0 0 0 0 0 0 0 0 0 0 0 0 0 0 0 0 0 0 0 0 0 0 0 0 0 0 0 0 0 0 0 0 0 0 0 0 0 0 0 0 0 0 0 0 0 0 0 0 0 0 0 0 0 0 0 0 0 0 0 0 0 0 0 0 0 0 0 0 0 0 0 0 0 0 0 0 0 0 0 0 0 0 0 0 0 0 0 0 0 0 0 0 0 0 0 0 0 0 0 0 0 0 0 0 0 0 0 0 0 0 0 0 0 0 0 0 0 0 0 0 0 0 0 0 0 0 0 0 0 0 0 0 0 0 0 0 0 0 0 0 0 0 0 0 0 0 0 0 0 0 0 0 0 0 0 0 0 0 0 0 0 0 0 0 0 0 0 0 0 0 0 0 0 0 0 0 0 0 0 0 0 0 0 0 0 0 0 0 0 0 0 0 0 0 0 0 0 0 0 0 0 0 0 0 0 0 0 0 0 0 0 0 0 0 0 0 0 0 0 0 0 0 0 0 0 0 0 0 0 0 0 0 0 0 0 0 0 0 0 0 0 0 0 0 0 0 0 0 0 0 0 0 0 0 0 0 0 0 0 0 0 0 0 0 0 0 0 0 0 0 0 0 0 0 0 0 0 0 0 0 0 0 0 0 0 0 0 0 0 0 0 0 0 0 0 0 0 0 0 0 0 0 0 0 0 0 0 0 0 0 0 0 0 0 0 0 0 0 0 0 0 0 0 0 0 0 0 0 0 0 0 0 0 0 0 0 0 0 0 0 0 0 0 0 0 0 0 0 0 0 0 0 0 0 0 0 0 0 0 0 0 0 0 0 0 0 0 0 0 0 0 0 0 0 0 0 0 0 0 0 0 0 0 0 0 0 0 0 0 0 0 0 0 0 0 0 0 0 0 0 0 0 0 0 0 0 0 0 0 0 0 0 0 0 0 0 0 0 0 0 0 0 0 0 0 0 0 0 0 0 0 0 0 0 0 0 0 0 0 0 0 0 0 0 0 0 0 0 0 0 0 0 0 0 0 0 0 0 0 0 0 0 0 0 0 0 0 0 0 0 0 0 0 0 0 0 0 0 0 0 0 0 0 0 0 0 0 0 0 0 0 0 0 0 0 0 0 0 0 0 0 0 0 0 0 0 0 0 0 0 0 0 0 0 0 0 0 0 0 0 0 0 0 0 0 0 0 0 0 0 0 0 0 0 0 0 0 0 0 0 0 0 0 0 0 0 0 0 0 0 0 0 0 0 0 0 0 0 0 0 0 0 0 0 0 0 0 0 0 0 0 0 0 0 0 0 0 0 0 0 0 0 0 0 0 0 0 0 0 0 0 0 0 0 0 0 0 0 0 0 0 0 0 0 0 0 0 0 0 0 0 0 0 0 0 0 0 0 0 0 0 0 0 0 0 0 0 0 0 0 0 0 0 0 0 0 0 0 0 0 0 0 0 0 0 0 0 0 0 0 0 0 0 0 0 0 0 0 0 0 0 0 0 0 0 0 0 0 0 0 0 0 0 0 0 0 0 0 0 0 0 0 0 0 0 0 0 0 0 0 0 0 0 0 0 0 0 0 0 0 0 0 0 0 0 0 0 0 0 0 0 0 0 0 0 0 0 0 0 0 0 0 0 0 0 0 0 0 0 0 0 0 0 0 0 0 0 0 0 0 0 0 0 0 0 0 0 0 0 0 0 0 0 0 0 0 0 0 0 0 0 0 0 0 0 0 0 0 0 0 0 0 0 0 0 0 0 0 0 0 0 0 0 0 0 0 0 0 0 0 0 0 0 0 0 0 0 0 0 0 0 0 0 0 0 0 0 0 0 0 0 0 0 0 0 0 0 0 0 0 0 0 0 0 0 0 0 0 0 0 0 0 0 0 0 0 0 0 0 0 0 0 0 0 0 0 0 0 0 0 0 0 0 0 0 0 0 0 0 0 0 0 0 0 0 0 0 0 0 0 0 0 0 0 0 0 0 0 0 0 0 0 0 0 0 0 0 0 0 0 0 0 0 0 0 0 0 0 0 0 0 0 0 0 0 0 0 0 0 0 0 0 0 0 0 0 0 0 0 0 0 0 0 0 0 0 0 0 0 0 0 0 0 0 0 0 0 0 0 0 0 0 0 0 0 0 0 0 0 0 0 0 0 0 0 0 0 0 0 0 0 0 0 0 0 0 0 0 0 0 0 0 0 0 0 0 0 0 0 0 0 0 0 0 0 0 0 0 0 0 0 0 0 0 0 0 0 0 0 0 0 0 0 0 0 0 0 0 0 0 0 0 0 0 0 0 0 0 0 0 0 0 0 0 0 0 0 0 0 0 0 0 0 0 0 0 0 0 0 0 0 0 0 0 0 0 0 0 0 0 0 0 0 0 0 0 0 0 0 0 0 0 0 0 0 0 0 0 0 0 0 0 0 0 0 0 0 0 0 0 0 0 0 0 0 0 0 0 0 0 0 0 0 0 0 0 0 0 0 0 0 0 0 0 0 0 0 0 0 0 0 0 0 0 0 0 0 0 0 0 0 0 0 0 0 0 0 0 0 0 0 0 0 0 0 0 0 0 0 0 0 0 0 0 0 0 0 0 0 0 0 0 0 0 0 0 0 0 0 0 0 0 0 0 0 0 0 0 0 0 0 0 0 0 0 0 0 0 0 0 0 0 0 0 0 0 0 0 0 0 0 0 0 0 0 0 0 0 0 0 0 0 0 0 0 0 0 0 0 0 0 0 0 0 0 0 0 0 0 0 0 0 0 0 0 0 0 0 0 0 0 0 0 0 0 0 0 0 0 0 0 0 0 0 0 0 0 0 0 0 0 0 0 0 0 0 0 0 0 0 0 0 0 0 0 0 0 0 0 0 0 0 0 0 0 0 0 0 0 0 0 0 0 0 0 0 0 0 0 0 0 0 0 0 0 0 0 0 0 0 0 0 0 0 0 0 0 0 0 0 0 0 0 0 0 0 0 0 0 0 0 0 0 0 0 0 0 0 0 0 0 0 0 0 0 0 0 0 0 0 0 0 0 0 0 0 0 0 0 0 0 0 0 0 0 0 0 0 0 0 0 0 0 0 0 0 0 0 0 0 0 0 0 0 0 0 0 0 0 0 0 0 0 0 0 0 0 0 0 0 0 0 0 0 0 0 0 0 0 0 0 0 0 0 0 0 0 0 0 0 0 0 0 0 0 0 0 0 0 0 0 0 0 0 0 0 0 0 0 0 0 0 0 0 0 0 0 0 0 0 0 0 0 0 0 0 0 0 0 0 0 0 0 0 0 0 0 0 0 0 0 0 0 0 0 0 0 0 0 0 0 0 0 0 0 0 0 0 0 0 0 0 0 0 0 0 0 0 0 0 0 0 0 0 0 0 0 0 0 0 0 0 0 0 0 0 0 0 0 0 0 0 0 0 0 0 0 0 0 0 0 0 0 0 0 0 0 0 0 0 0 0 0 0 0 0 0 0 0 0 0 0 0 0 0 0 0 0 0 0 0 0 0 0 0 0 0 0 0 0 0 0 0 0 0 0 0 0 0 0 0 0 0 0 0 0 0 0 0 0 0 0 0 0 0 0 0 0 0 0 0 0 0 0 0 0 0 0 0 0 0 0 0 0 0 0 0 0 0 0 0 0 0 0 0 0 0 0 0 0 0 0 0 0 0 0 0 0 0 0 0 0 0 0 0 0 0 0 0 0 0 0 0 0 0 0 0 0 0 0 0 0 0 0 0 0 0 0 0 0 0 0 0 0 0 0 0 0 0 0 0 0 0 0 0 0 0 0 0 0 0 0 0 0 0 0 0 0 0 0 0 0 0 0 0 0 0 0 0 0 0 0 0 0 0 0 0 0 0 0 0 0 0 0 0 0 0 0 0 0 0 0 0 0 0 0 0 0 0 0 0 0 0 0 0 0 0 0 0 0 0 0 0 0 0 0 0 0 0 0 0 0 0 0 0 0 0 0 0 0 0 0 0 0 0 0 0 0 0 0 0 0 0 0 0 0 0 0 0 0 0 0 0 0 0 0 0 0 0 0 0 0 0 0 0 0 0 0 0 0 0 0 0 0 0 0 0 0 0 0 0 0 0 0 0 0 0 0 0 0 0 0 0 0 0 0 0 0 0 0 0 0 0 0 0 0 0 0 0 0 0 0 0 0 0 0 0 0 0 0 0 0 0 0 0 0 0 0 0 0 0 0 0 0 0 0 0 0 0 0 0 0 0 0 0 0 0 0 0 0 0 0 0 0 0 0 0 0 0 0 0 0 0 0 0 0 0 0 0 0 0 0 0 0 0 0 0 0 0 0 0 0 0 0 0 0 0 0 0 0 0 0 0 0 0 0 0 0 0 0 0 0 0 0 0 0 0 0 0 0 0 0 0 0 0 0 0 0 0 0 0 0 0 0 0 0 0 0 0 0 0 0 0 0 0 0 0 0 0 0 0 0 0 0 0 0 0 0 0 0 0 0 0 0 0 0 0 0 0 0 0 0 0 0 0 0 0 0 0 0 0 0 0 0 0 0 0 0 0 0 0 0 0 0 0 0 0 0 0 0 0 0 0 0 0 0 0 0 0 0 0 0 0 0 0 0 0 0 0 0 0 0 0 0 0 0 0 0 0 0 0 0 0 0 0 0 0 0 0 0 0 0 0 0 0 0 0 0 0 0 0 0 0 0 0 0 0 0 0 0 0 0 0 0 0 0 0 0 0 0 0 0 0 0 0 0 0 0 0 0 0 0 0 0 0 0 0 0 0 0 0 0 0 0 0 0 0 0 0 0 0 0 0 0 0 0 0 0 0 0 0 0 0 0 0 0 0 0 0 0 0 0 0 0 0 0 0 0 0 0 0 0 0 0 0 0 0 0 0 0 0 0 0 0 0 0 0 0 0 0 0 0 0 0 0 0 0 0 0 0 0 0 0 0 0 0 0 0 0 0 0 0 0 0 0 0 0 0 0 0 0 0 0 0 0 0 0 0 0 0 0 0 0 0 0 0 0 0 0 0 0 0 0 0 0 0 0 0 0 0 0 0 0 0 0 0 0 0 0 0 0 0 0 0 0 0 0 0 0 0 0 0 0 0 0 0 0 0 0 0 0 0 0 0 0 0 0 0 0 0 0 0 0 0 0 0 0 0 0 0 0 0 0 0 0 0 0 0 0 0 0 0 0 0 0 0 0 0 0 0 0 0 0 0 0 0 0 0 0 0 0 0 0 0 0 0 0 0 0 0 0 0 0 0 0 0 0 0 0 0 0 0 0 0 0 0 0 0 0 0 0 0 0 0 0 0 0 0 0 0 0 0 0 0 0 0 0 0 0 0 0 0 0 0 0 0 0 0 0 0 0 0 0 0 0 0 0 0 0 0 0 0 0 0 0 0 0 0 0 0 0 0 0 0 0 0 0 0 0 0 0 0 0 0 0 0 0 0 0 0 0 0 0 0 0 0 0 0 0 0 0 0 0 0 0 0 0 0 0 0 0 0 0 0 0 0 0 0 0 0 0 0 0 0 0 0 0 0 0 0 0 0 0 0 0 0 0 0 0 0 0 0 0 0 0 0 0 0 0 0 0 0 0 0 0 0 0 0 0 0 0 0 0 0 0 0 0 0 0 0 0 0 0 0 0 0 0 0 0 0 0 0 0 0 0 0 0 0 0 0 0 0 0 0 0 0 0 0 0 0 0 0 0 0 0 0 0 0 0 0 0 0 0 0 0 0 0 0 0 0 0 0 0 0 0 0 0 0 0 0 0 0 0 0 0 0 0 0 0 0 0 0 0 0 0 0 0 0 0 0 0 0 0 0 0 0 0 0 0 0 0 0 0 0 0 0 0 0 0 0 0 0 0 0 0 0 0 0 0 0 0 0 0 0 0 0 0 0 0 0 0 0 0 0 0 0 0 0 0 0 0 0 0 0 0 0 0 0 0 0 0 0 0 0 0 0 0 0 0 0 0 0 0 0 0 0 0 0 0 0 0 0 0 0 0 0 0 0 0 0 0 0 0 0 0 0 0 0 0 0 0 0 0 0 0 0 0 0 0 0 0 0 0 0 0 0 0 0 0 0 0 0 0 0 0 0 0 0 0 0 0 0 0 0 0 0 0 0 0 0 0 0 0 0 0 0 0 0 0 0 0 0 0 0 0 0 0 0 0 0 0 0 0 0 0 0 0 0 0 0 0 0 0 0 0 0 0 0 0 0 0 0 0 0 0 0 0 0 0 0 0 0 0 0 0 0 0 0 0 0 0 0 0 0 0 0 0 0 0 0 0 0 0 0 0 0 0 0 0 0 0 0 0 0 0 0 0 0 0 0 0 0 0 0 0 0 0 0 0 0 0 0 0 0 0 0 0 0 0 0 0 0 0 0 0 0 0 0 0 0 0 0 0 0 0 0 0 0 0 0 0 0 0 0 0 0 0 0 0 0 0 0 0 0 0 0 0 0 0 0 0 0 0 0 0 0 0 0 0 0 0 0 0 0 0 0 0 0 0 0 0 0 0 0 0 0 0 0 0 0 0 0 0 0 0 0 0 0 0 0 0 0 0 0 0 0 0 0 0 0 0 0 0 0 0 0 0 0 0 0 0 0 0 0 0 0 0 0 0 0 0 0 0 0 0 0 0 0 0 0 0 0 0 0 0 0 0 0 0 0 0 0 0 0 0 0 0 0 0 0 0 0 0 0 0 0 0 0 0 0 0 0 0 0 0 0 0 0 0 0 0 0 0 0 0 0 0 0 0 0 0 0 0 0 0 0 0 0 0 0 0 0 0 0 0 0 0 0 0 0 0 0 0 0 0 0 0 0 0 0 0 0 0 0 0 0 0 0 0 0 0 0 0 0 0 0 0 0 0 0 0 0 0 0 0 0 0 0 0 0 0 0 0 0 0 0 0 0 0 0 0 0 0 0 0 0 0 0 0 0 0 0 0 0 0 0 0 0 0 0 0 0 0 0 0 0 0 0 0 0 0 0 0 0 0 0 0 0 0 0 0 0 0 0 0 0 0 0 0 0 0 0 0 0 0 0 0 0 0 0 0 0 0 0 0 0 0 0 0 0 0 0 0 0 0 0 0 0 0 0 0 0 0 0 0 0 0 0 0 0 0 0 0 0 0 0 0 0 0 0 0 0 0 0 0 0 0 0 0 0 0 0 0 0 0 0 0 0 0 0 0 0 0 0 0 0 0 0 0 0 0 0 0 0 0 0 0 0 0 0 0 0 0 0 0 0 0 0 0 0 0 0 0 0 0 0 0 0 0 0 0 0 0 0 0 0 0 0 0 0 0 0 0 0 0 0 0 0 0 0 0 0 0 0 0 0 0 0 0 0 0 0 0 0 0 0 0 0 0 0 0 0 0 0 0 0 0 0 0 0 0 0 0 0 0 0 0 0 0 0 0 0 0 0 0 0 0 0 0 0 0 0 0 0 0 0 0 0 0 0 0 0 0 0 0 0 0 0 0 0 0 0 0 0 0 0 0 0 0 0 0 0 0 0 0 0 0 0 0 0 0 0 0 0 0 0 0 0 0 0 0 0 0 0 0 0 0 0 0 0 0 0 0 0 0 0 0 0 0 0 0 0 0 0 0 0 0 0 0 0 0 0 0 0 0 0 0 0 0 0 0 0 0 0 0 0 0 0 0 0 0 0 0 0 0 0 0 0 0 0 0 0 0 0 0 0 0 0 0 0 0 0 0 0 0 0 0 0 0 0 0 0 0 0 0 0 0 0 0 0 0 0 0 0 0 0 0 0 0 0 0 0 0 0 0 0 0 0 0 0 0 0 0 0 0 0 0 0 0 0 0 0 0 0 0 0 0 0 0 0 0 0 0 0 0 0 0 0 0 0 0 0 0 0 0 0 0 0 0 0 0 0 0 0 0 0 0 0 0 0 0 0 0 0 0 0 0 0 0 0 0 0 0 0 0 0 0 0 0 0 0 0 0 0 0 0 0 0 0 0 0 0 0 0 0 0 0 0 0 0 0 0 0 0 0 0 0 0 0 0 0 0 0 0 0 0 0 0 0 0 0 0 0 0 0 0 0 0 0 0 0 0 0 0 0 0 0 0 0 0 0 0 0 0 0 0 0 0 0 0 0 0 0 0 0 0 0 0 0 0 0 0 0 0 0 0 0 0 0 0 0 0 0 0 0 0 0 0 0 0 0 0 0 0 0 0 0 0 0 0 0 0 0 0 0 0 0 0 0 0 0 0 0 0 0 0 0 0 0 0 0 0 0 0 0 0 0 0 0 0 0 0 0 0 0 0 0 0 0 0 0 0 0 0 0 0 0 0 0 0 0 0 0 0 0 0 0 0 0 0 0 0 0 0 0 0 0 0 0 0 0 0 0 0 0 0 0 0 0 0 0 0 0 0 0 0 0 0 0 0 0 0 0 0 0 0 0 0 0 0 0 0 0 0 0 0 0 0 0 0 0 0 0 0 0 0 0 0 0 0 0 0 0 0 0 0 0 0 0 0 0 0 0 0 0 0 0 0 0 0 0 0 0 0 0 0 0 0 0 0 0 0 0 0 0 0 0 0 0 0 0 0 0 0 0 0 0 0 0 0 0 0 0 0 0 0 0 0 0 0 0 0 0 0 0 0 0 0 0 0 0 0 0 0 0 0 0 0 0 0 0 0 0 0 0 0 0 0 0 0 0 0 0 0 0 0 0 0 0 0 0 0 0 0 0 0 0 0 0 0 0 0 0 0 0 0 0 0 0 0 0 0 0 0 0 0 0 0 0 0 0 0 0 0 0 0 0 0 0 0 0 0 0 0 0 0 0 0 0 0 0 0 0 0 0 0 0 0 0 0 0 0 0 0 0 0 0 0 0 0 0 0 0 0 0 0 0 0 0 0 0 0 0 0 0 0 0 0 0 0 0 0 0 0 0 0 0 0 0 0 0 0 0 0 0 0 0 0 0 0 0 0 0 0 0 0 0 0 0 0 0 0 0 0 0 0 0 0 0 0 0 0 0 0 0 0 0 0 0 0 0 0 0 0 0 0 0 0 0 0 0 0 0 0 0 0 0 0 0 0 0 0 0 0 0 0 0 0 0 0 0 0 0 0 0 0 0 0 0 0 0 0 0 0 0 0 0 0 0 0 0 0 0 0 0 0 0 0 0 0 0 0 0 0 0 0 0 0 0 0 0 0 0 0 0 0 0 0 0 0 0 0 0 0 0 0 0 0 0 0 0 0 0 0 0 0 0 0 0 0 0 0 0 0 0 0 0 0 0 0 0 0 0 0 0 0 0 0 0 0 0 0 0 0 0 0 0 0 0 0 0 0 0 0 0 0 0 0 0 0 0 0 0 0 0 0 0 0 0 0 0 0 0 0 0 0 0 0 0 0 0 0 0 0 0 0 0 0 0 0 0 0 0 0 0 0 0 0 0 0 0 0 0 0 0 0 0 0 0 0 0 0 0 0 0 0 0 0 0 0 0 0 0 0 0 0 0 0 0 0 0 0 0 0 0 0 0 0 0 0 0 0 0 0 0 0 0 0 0 0 0 0 0 0 0 0 0 0 0 0 0 0 0 0 0 0 0 0 0 0 0 0 0 0 0 0 0 0 0 0 0 0 0 0 0 0 0 0 0 0 0 0 0 0 0 0 0 0 0 0 0 0 0 0 0 0 0 0 0 0 0 0 0 0 0 0 0 0 0 0 0 0 0 0 0 0 0 0 0 0 0 0 0 0 0 0 0 0 0 0 0 0 0 0 0 0 0 0 0 0 0 0 0 0 0 0 0 0 0 0 0 0 0 0 0 0 0 0 0 0 0 0 0 0 0 0 0 0 0 0 0 0 0 0 0 0 0 0 0 0 0 0 0 0 0 0 0 0 0 0 0 0 0 0 0 0 0 0 0 0 0 0 0 0 0 0 0 0 0 0 0 0 0 0 0 0 0 0 0 0 0 0 0 0 0 0 0 0 0 0 0 0 0 0 0 0 0 0 0 0 0 0 0 0 0 0 0 0 0 0 0 0 0 0 0 0 0 0 0 0 0 0 0 0 0 0 0 0 0 0 0 0 0 0 0 0 0 0 0 0 0 0 0 0 0 0 0 0 0 0 0 0 0 0 0 0 0 0 0 0 0 0 0 0 0 0 0 0 0 0 0 0 0 0 0 0 0 0 0 0 0 0 0 0 0 0 0 0 0 0 0 0 0 0 0 0 0 0 0 0 0 0 0 0 0 0 0 0 0 0 0 0 0 0 0 0 0 0 0 0 0 0 0 0 0 0 0 0 0 0 0 0 0 0 0 0 0 0 0 0 0 0 0 0 0 0 0 0 0 0 0 0 0 0 0 0 0 0 0 0 0 0 0 0 0 0 0 0 0 0 0 0 0 0 0 0 0 0 0 0 0 0 0 0 0 0 0 0 0 0 0 0 0 0 0 0 0 0 0 0 0 0 0 0 0 0 0 0 0 0 0 0 0 0 0 0 0 0 0 0 0 0 0 0 0 0 0 0 0 0 0 0 0 0 0 0 0 0 0 0 0 0 0 0 0 0 0 0 0 0 0 0 0 0 0 0 0 0 0 0 0 0 0 0 0 0 0 0 0 0 0 0 0 0 0 0 0 0 0 0 0 0 0 0 0 0 0 0 0 0 0 0 0 0 0 0 0 0 0 0 0 0 0 0 0 0 0 0 0 0 0 0 0 0 0 0 0 0 0 0 0 0 0 0 0 0 0 0 0 0 0 0 0 0 0 0 0 0 0 0 0 0 0 0 0 0 0 0 0 0 0 0 0 0 0 0 0 0 0 0 0 0 0 0 0 0 0 0 0 0 0 0 0 0 0 0 0 0 0 0 0 0 0 0 0 0 0 0 0 0 0 0 0 0 0 0 0 0 0 0 0 0 0 0 0 0 0 0 0 0 0 0 0 0 0 0 0 0 0 0 0 0 0 0 0 0 0 0 0 0 0 0 0 0 0 0 0 0 0 0 0 0 0 0 0 0 0 0 0 0 0 0 0 0 0 0 0 0 0 0 0 0 0 0 0 0 0 0 0 0 0 0 0 0 0 0 0 0 0 0 0 0 0 0 0 0 0 0 0 0 0 0 0 0 0 0 0 0 0 0 0 0 0 0 0 0 0 0 0 0 0 0 0 0 0 0 0 0 0 0 0 0 0 0 0 0 0 0 0 0 0 0 0 0 0 0 0 0 0 0 0 0 0 0 0 0 0 0 0 0 0 0 0 0 0 0 0 0 0 0 0 0 0 0 0 0 0 0 0 0 0 0 0 0 0 0 0 0 0 0 0 0 0 0 0 0 0 0 0 0 0 0 0 0 0 0 0 0 0 0 0 0 0 0 0 0 0 0 0 0 0 0 0 0 0 0 0 0 0 0 0 0 0 0 0 0 0 0 0 0 0 0 0 0 0 0 0 0 0 0 0 0 0 0 0 0 0 0 0 0 0 0 0 0 0 0 0 0 0 0 0 0 0 0 0 0 0 0 0 0 0 0 0 0 0 0 0 0 0 0 0 0 0 0 0 0 0 0 0 0 0 0 0 0 0 0 0 0 0 0 0 0 0 0 0 0 0 0 0 0 0 0 0 0 0 0 0 0 0 0 0 0 0 0 0 0 0 0 0 0 0 0 0 0 0 0 0 0 0 0 0 0 0 0 0 0 0 0 0 0 0 0 0 0 0 0 0 0 0 0 0 0 0 0 0 0 0 0 0 0 0 0 0 0 0 0 0 0 0 0 0 0 0 0 0 0 0 0 0 0 0 0 0 0 0 0 0 0 0 0 0 0 0 0 0 0 0 0 0 0 0 0 0 0 0 0 0 0 0 0 0 0 0 0 0 0 0 0 0 0 0 0 0 0 0 0 0 0 0 0 0 0 0 0 0 0 0 0 0 0 0 0 0 0 0 0 0 0 0 0 0 0 0 0 0 0 0 0 0 0 0 0 0 0 0 0 0 0 0 0 0 0 0 0 0 0 0 0 0 0 0 0 0 0 0 0 0 0 0 0 0 0 0 0 0 0 0 0 0 0 0 0 0 0 0 0 0 0 0 0 0 0 0 0 0 0 0 0 0 0 0 0 0 0 0 0 0 0 0 0 0 0 0 0 0 0 0 0 0 0 0 0 0 0 0 0 0 0 0 0 0 0 0 0 0 0 0 0 0 0 0 0 0 0 0 0 0 0 0 0 0 0 0 0 0 0 0 0 0 0 0 0 0 0 0 0 0 0 0 0 0 0 0 0 0 0 0 0 0 0 0 0 0 0 0 0 0 0 0 0 0 0 0 0 0 0 0 0 0 0 0 0 0 0 0 0 0 0 0 0 0 0 0 0 0 0 0 0 0 0 0 0 0 0 0 0 0 0 0 0 0 0 0 0 0 0 0 0 0 0 0 0 0 0 0 0 0 0 0 0 0 0 0 0 0 0 0 0 0 0 0 0 0 0 0 0 0 0 0 0 0 0 0 0 0 0 0 0 0 0 0 0 0 0 0 0 0 0 0 0 0 0 0 0 0 0 0 0 0 0 0 0 0 0 0 0 0 0 0 0 0 0 0 0 0 0 0 0 0 0 0 0 0 0 0 0 0 0 0 0 0 0 0 0 0 0 0 0 0 0 0 0 0 0 0 0 0 0 0 0 0 0 0 0 0 0 0 0 0 0 0 0 0 0 0 0 0 0 0 0 0 0 0 0 0 0 0 0 0 0 0 0 0 0 0 0 0 0 0 0 0 0 0 0 0 0 0 0 0 0 0 0 0 0 0 0 0 0 0 0 0 0 0 0 0 0 0 0 0 0 0 0 0 0 0 0 0 0 0 0 0 0 0 0 0 0 0 0 0 0 0 0 0 0 0 0 0 0 0 0 0 0 0 0 0 0 0 0 0 0 0 0 0 0 0 0 0 0 0 0 0 0 0 0 0 0 0 0 0 0 0 0 0 0 0 0 0 0 0 0 0 0 0 0 0 0 0 0 0 0 0 0 0 0 0 0 0 0 0 0 0 0 0 0 0 0 0 0 0 0 0 0 0 0 0 0 0 0 0 0 0 0 0 0 0 0 0 0 0 0 0 0 0 0 0 0 0 0 0 0 0 0 0 0 0 0 0 0 0 0 0 0 0 0 0 0 0 0 0 0 0 0 0 0 0 0 0 0 0 0 0 0 0 0 0 0 0 0 0 0 0 0 0 0 0 0 0 0 0 0 0 0 0 0 0 0 0 0 0 0 0 0 0 0 0 0 0 0 0 0 0 0 0 0 0 0 0 0 0 0 0 0 0 0 0 0 0 0 0 0 0 0 0 0 0 0 0 0 0 0 0 0 0 0 0 0 0 0 0 0 0 0 0 0 0 0 0 0 0 0 0 0 0 0 0 0 0 0 0 0 0 0 0 0 0 0 0 0 0 0 0 0 0 0 0 0 0 0 0 0 0 0 0 0 0 0 0 0 0 0 0 0 0 0 0 0 0 0 0 0 0 0 0 0 0 0 0 0 0 0 0 0 0 0 0 0 0 0 0 0 0 0 0 0 0 0 0 0 0 0 0 0 0 0 0 0 0 0 0 0 0 0 0 0 0 0 0 0 0 0 0 0 0 0 0 0 0 0 0 0 0 0 0 0 0 0 0 0 0 0 0 0 0 0 0 0 0 0 0 0 0 0 0 0 0 0 0 0 0 0 0 0 0 0 0 0 0 0 0 0 0 0 0 0 0 0 0 0 0 0 0 0 0 0 0 0 0 0 0 0 0 0 0 0 0 0 0 0 0 0 0 0 0 0 0 0 0 0 0 0 0 0 0 0 0 0 0 0 0 0 0 0 0 0 0 0 0 0 0 0 0 0 0 0 0 0 0 0 0 0 0 0 0 0 0 0 0 0 0 0 0 0 0 0 0 0 0 0 0 0 0 0 0 0 0 0 0 0 0 0 0 0 0 0 0 0 0 0 0 0 0 0 0 0 0 0 0 0 0 0 0 0 0 0 0 0 0 0 0 0 0 0 0 0 0 0 0 0 0 0 0 0 0 0 0 0 0 0 0 0 0 0 0 0 0 0 0 0 0 0 0 0 0 0 0 0 0 0 0 0 0 0 0 0 0 0 0 0 0 0 0 0 0 0 0 0 0 0 0 0 0 0 0 0 0 0 0 0 0 0 0 0 0 0 0 0 0 0 0 0 0 0 0 0 0 0 0 0 0 0 0 0 0 0 0 0 0 0 0 0 0 0 0 0 0 0 0 0 0 0 0 0 0 0 0 0 0 0 0 0 0 0 0 0 0 0 0 0 0 0 0 0 0 0 0 0 0 0 0 0 0 0 0 0 0 0 0 0 0 0 0 0 0 0 0 0 0 0 0 0 0 0 0 0 0 0 0 0 0 0 0 0 0 0 0 0 0 0 0 0 0 0 0 0 0 0 0 0 0 0 0 0 0 0 0 0 0 0 0 0 0 0 0 0 0 0 0 0 0 0 0 0 0 0 0 0 0 0 0 0 0 0 0 0 0 0 0 0 0 0 0 0 0 0 0 0 0 0 0 0 0 0 0 0 0 0 0 0 0 0 0 0 0 0 0 0 0 0 0 0 0 0 0 0 0 0 0 0 0 0 0 0 0 0 0 0 0 0 0 0 0 0 0 0 0 0 0 0 0 0 0 0 0 0 0 0 0 0 0 0 0 0 0 0 0 0 0 0 0 0 0 0 0 0 0 0 0 0 0 0 0 0 0 0 0 0 0 0 0 0 0 0 0 0 0 0 0 0 0 0 0 0 0 0 0 0 0 0 0 0 0 0 0 0 0 0 0 0 0 0 0 0 0 0 0 0 0 0 0 0 0 0 0 0 0 0 0 0 0 0 0 0 0 0 0 0 0 0 0 0 0 0 0 0 0 0 0 0 0 0 0 0 0 0 0 0 0 0 0 0 0 0 0 0 0 0 0 0 0 0 0 0 0 0 0 0 0 0 0 0 0 0 0 0 0 0 0 0 0 0 0 0 0 0 0 0 0 0 0 0 0 0 0 0 0 0 0 0 0 0 0 0 0 0 0 0 0 0 0 0 0 0 0 0 0 0 0 0 0 0 0 0 0 0 0 0 0 0 0 0 0 0 0 0 0 0 0 0 0 0 0 0 0 0 0 0 0 0 0 0 0 0 0 0 0 0 0 0 0 0 0 0 0 0 0 0 0 0 0 0 0 0 0 0 0 0 0 0 0 0 0 0 0 0 0 0 0 0 0 0 0 0 0 0 0 0 0 0 0 0 0 0 0 0 0 0 0 0 0 0 0 0 0 0 0 0 0 0 0 0 0 0 0 0 0 0 0 0 0 0 0 0 0 0 0 0 0 0 0 0 0 0 0 0 0 0 0 0 0 0 0 0 0 0 0 0 0 0 0 0 0 0 0 0 0 0 0 0 0 0 0 0 0 0 0 0 0 0 0 0 0 0 0 0 0 0 0 0 0 0 0 0 0 0 0 0 0 0 0 0 0 0 0 0 0 0 0 0 0 0 0 0 0 0 0 0 0 0 0 0 0 0 0 0 0 0 0 0 0 0 0 0 0 0 0 0 0 0 0 0 0 0 0 0 0 0 0 0 0 0 0 0 0 0 0 0 0 0 0 0 0 0 0 0 0 0 0 0 0 0 0 0 0 0 0 0 0 0 0 0 0 0 0 0 0 0 0 0 0 0 0 0 0 0 0 0 0 0 0 0 0 0 0 0 0 0 0 0 0 0 0 0 0 0 0 0 0 0 0 0 0 0 0 0 0 0 0 0 0 0 0 0 0 0 0 0 0 0 0 0 0 0 0 0 0 0 0 0 0 0 0 0 0 0 0 0 0 0 0 0 0 0 0 0 0 0 0 0 0 0 0 0 0 0 0 0 0 0 0 0 0 0 0 0 0 0 0 0 0 0 0 0 0 0 0 0 0 0 0 0 0 0 0 0 0 0 0 0 0 0 0 0 0 0 0 0 0 0 0 0 0 0 0 0 0 0 0 0 0 0 0 0 0 0 0 0 0 0 0 0 0 0 0 0 0 0 0 0 0 0 0 0 0 0 0 0 0 0 0 0 0 0 0 0 0 0 0 0 0 0 0 0 0 0 0 0 0 0 0 0 0 0 0 0 0 0 0 0 0 0 0 0 0 0 0 0 0 0 0 0 0 0 0 0 0 0 0 0 0 0 0 0 0 0 0 0 0 0 0 0 0 0 0 0 0 0 0 0 0 0 0 0 0 0 0 0 0 0 0 0 0 0 0 0 0 0 0 0 0 0 0 0 0 0 0 0 0 0 0 0 0 0 0 0 0 0 0 0 0 0 0 0 0 0 0 0 0 0 0 0 0 0 0 0 0 0 0 0 0 0 0 0 0 0 0 0 0 0 0 0 0 0 0 0 0 0 0 0 0 0 0 0 0 0 0 0 0 0 0 0 0 0 0 0 0 0 0 0 0 0 0 0 0 0 0 0 0 0 0 0 0 0 0 0 0 0 0 0 0 0 0 0 0 0 0 0 0 0 0 0 0 0 0 0 0 0 0 0 0 0 0 0 0 0 0 0 0 0 0 0 0 0 0 0 0 0 0 0 0 0 0 0 0 0 0 0 0 0 0 0 0 0 0 0 0 0 0 0 0 0 0 0 0 0 0 0 0 0 0 0 0 0 0 0 0 0 0 0 0 0 0 0 0 0 0 0 0 0 0 0 0 0 0 0 0 0 0 0 0 0 0 0 0 0 0 0 0 0 0 0 0 0 0 0 0 0 0 0 0 0 0 0 0 0 0 0 0 0 0 0 0 0 0 0 0 0 0 0 0 0 0 0 0 0 0 0 0 0 0 0 0 0 0 0 0 0 0 0 0 0 0 0 0 0 0 0 0 0 0 0 0 0 0 0 0 0 0 0 0 0 0 0 0 0 0 0 0 0 0 0 0 0 0 0 0 0 0 0 0 0 0 0 0 0 0 0 0 0 0 0 0 0 0 0 0 0 0 0 0 0 0 0 0 0 0 0 0 0 0 0 0 0 0 0 0 0 0 0 0 0 0 0 0 0 0 0 0 0 0 0 0 0 0 0 0 0 0 0 0 0 0 0 0 0 0 0 0 0 0 0 0 0 0 0 0 0 0 0 0 0 0 0 0 0 0 0 0 0 0 0 0 0 0 0 0 0 0 0 0 0 0 0 0 0 0 0 0 0 0 0 0 0 0 0 0 0 0 0 0 0 0 0 0 0 0 0 0 0 0 0 0 0 0 0 0 0 0 0 0 0 0 0 0 0 0 0 0 0 0 0 0 0 0 0 0 0 0 0 0 0 0 0 0 0 0 0 0 0 0 0 0 0 0 0 0 0 0 0 0 0 0 0 0 0 0 0 0 0 0 0 0 0 0 0 0 0 0 0 0 0 0 0 0 0 0 0 0 0 0 0 0 0 0 0 0 0 0 0 0 0 0 0 0 0 0 0 0 0 0 0 0 0 0 0 0 0 0 0 0 0 0 0 0 0 0 0 0 0 0 0 0 0 0 0 0 0 0 0 0 0 0 0 0 0 0 0 0 0 0 0 0 0 0 0 0 0 0 0 0 0 0 0 0 0 0 0 0 0 0 0 0 0 0 0 0 0 0 0 0 0 0 0 0 0 0 0 0 0 0 0 0 0 0 0 0 0 0 0 0 0 0 0 0 0 0 0 0 0 0 0 0 0 0 0 0 0 0 0 0 0 0 0 0 0 0 0 0 0 0 0 0 0 0 0 0 0 0 0 0 0 0 0 0 0 0 0 0 0 0 0 0 0 0 0 0 0 0 0 0 0 0 0 0 0 0 0 0 0 0 0 0 0 0 0 0 0 0 0 0 0 0 0 0 0 0 0 0 0 0 0 0 0 0 0 0 0 0 0 0 0 0 0 0 0 0 0 0 0 0 0 0 0 0 0 0 0 0 0 0 0 0 0 0 0 0 0 0 0 0 0 0 0 0 0 0 0 0 0 0 0 0 0 0 0 0 0 0 0 0 0 0 0 0 0 0 0 0 0 0 0 0 0 0 0 0 0 0 0 0 0 0 0 0 0 0 0 0 0 0 0 0 0 0 0 0 0 0 0 0 0 0 0 0 0 0 0 0 0 0 0 0 0 0 0 0 0 0 0 0 0 0 0 0 0 0 0 0 0 0 0 0 0 0 0 0 0 0 0 0 0 0 0 0 0 0 0 0 0 0 0 0 0 0 0 0 0 0 0 0 0 0 0 0 0 0 0 0 0 0 0 0 0 0 0 0 0 0 0 0 0 0 0 0 0 0 0 0 0 0 0 0 0 0 0 0 0 0 0 0 0 0 0 0 0 0 0 0 0 0 0 0 0 0 0 0 0 0 0 0 0 0 0 0 0 0 0 0 0 0 0 0 0 0 0 0 0 0 0 0 0 0 0 0 0 0 0 0 0 0 0 0 0 0 0 0 0 0 0 0 0 0 0 0 0 0 0 0 0 0 0 0 0 0 0 0 0 0 0 0 0 0 0 0 0 0 0 0 0 0 0 0 0 0 0 0 0 0 0 0 0 0 0 0 0 0 0 0 0 0 0 0 0 0 0 0 0 0 0 0 0 0 0 0 0 0 0 0 0 0 0 0 0 0 0 0 0 0 0 0 0 0 0 0 0 0 0 0 0 0 0 0 0 0 0 0 0 0 0 0 0 0 0 0 0 0 0 0 0 0 0 0 0 0 0 0 0 0 0 0 0 0 0 0 0 0 0 0 0 0 0 0 0 0 0 0 0 0 0 0 0 0 0 0 0 0 0 0 0 0 0 0 0 0 0 0 0 0 0 0 0 0 0 0 0 0 0 0 0 0 0 0 0 0 0 0 0 0 0 0 0 0 0 0 0 0 0 0 0 0 0 0 0 0 0 0 0 0 0 0 0 0 0 0 0 0 0 0 0 0 0 0 0 0 0 0 0 0 0 0 0 0 0 0 0 0 0 0 0 0 0 0 0 0 0 0 0 0 0 0 0 0 0 0 0 0 0 0 0 0 0 0 0 0 0 0 0 0 0 0 0 0 0 0 0 0 0 0 0 0 0 0 0 0 0 0 0 0 0 0 0 0 0 0 0 0 0 0 0 0 0 0 0 0 0 0 0 0 0 0 0 0 0 0 0 0 0 0 0 0 0 0 0 0 0 0 0 0 0 0 0 0 0 0 0 0 0 0 0 0 0 0 0 0 0 0 0 0 0 0 0 0 0 0 0 0 0 0 0 0 0 0 0 0 0 0 0 0 0 0 0 0 0 0 0 0 0 0 0 0 0 0 0 0 0 0 0 0 0 0 0 0 0 0 0 0 0 0 0 0 0 0 0 0 0 0 0 0 0 0 0 0 0 0 0 0 0 0 0 0 0 0 0 0 0 0 0 0 0 0 0 0 0 0 0 0 0 0 0 0 0 0 0 0 0 0 0 0 0 0 0 0 0 0 0 0 0 0 0 0 0 0 0 0 0 0 0 0 0 0 0 0 0 0 0 0 0 0 0 0 0 0 0 0 0 0 0 0 0 0 0 0 0 0 0 0 0 0 0 0 0 0 0 0 0 0 0 0 0 0 0 0 0 0 0 0 0 0 0 0 0 0 0 0 0 0 0 0 0 0 0 0 0 0 0 0 0 0 0 0 0 0 0 0 0 0 0 0 0 0 0 0 0 0 0 0 0 0 0 0 0 0 0 0 0 0 0 0 0 0 0 0 0 0 0 0 0 0 0 0 0 0 0 0 0 0 0 0 0 0 0 0 0 0 0 0 0 0 0 0 0 0 0 0 0 0 0 0 0 0 0 0 0 0 0 0 0 0 0 0 0 0 0 0 0 0 0 0 0 0 0 0 0 0 0 0 0 0 0 0 0 0 0 0 0 0 0 0 0 0 0 0 0 0 0 0 0 0 0 0 0 0 0 0 0 0 0 0 0 0 0 0 0 0 0 0 0 0 0 0 0 0 0 0 0 0 0 0 0 0 0 0 0 0 0 0 0 0 0 0 0 0 0 0 0 0 0 0 0 0 0 0 0 0 0 0 0 0 0 0 0 0 0 0 0 0 0 0 0 0 0 0 0 0 0 0 0 0 0 0 0 0 0 0 0 0 0 0 0 0 0 0 0 0 0 0 0 0 0 0 0 0 0 0 0 0 0 0 0 0 0 0 0 0 0 0 0 0 0 0 0 0 0 0 0 0 0 0 0 0 0 0 0 0 0 0 0 0 0 0 0 0 0 0 0 0 0 0 0 0 0 0 0 0 0 0 0 0 0 0 0 0 0 0 0 0 0 0 0 0 0 0 0 0 0 0 0 0 0 0 0 0 0 0 0 0 0 0 0 0 0 0 0 0 0 0 0 0 0 0 0 0 0 0 0 0 0 0 0 0 0 0 0 0 0 0 0 0 0 0 0 0 0 0 0 0 0 0 0 0 0 0 0 0 0 0 0 0 0 0 0 0 0 0 0 0 0 0 0 0 0 0 0 0 0 0 0 0 0 0 0 0 0 0 0 0 0 0 0 0 0 0 0 0 0 0 0 0 0 0 0 0 0 0 0 0 0 0 0 0 0 0 0 0 0 0 0 0 0 0 0 0 0 0 0 0 0 0 0 0 0 0 0 0 0 0 0 0 0 0 0 0 0 0 0 0 0 0 0 0 0 0 0 0 0 0 0 0 0 0 0 0 0 0 0 0 0 0 0 0 0 0 0 0 0 0 0 0 0 0 0 0 0 0 0 0 0 0 0 0 0 0 0 0 0 0 0 0 0 0 0 0 0 0 0 0 0 0 0 0 0 0 0 0 0 0 0 0 0 0 0 0 0 0 0 0 0 0 0 0 0 0 0 0 0 0 0 0 0 0 0 0 0 0 0 0 0 0 0 0 0 0 0 0 0 0 0 0 0 0 0 0 0 0 0 0 0 0 0 0 0 0 0 0 0 0 0 0 0 0 0 0 0 0 0 0 0 0 0 0 0 0 0 0 0 0 0 0 0 0 0 0 0 0 0 0 0 0 0 0 0 0 0 0 0 0 0 0 0 0 0 0 0 0 0 0 0 0 0 0 0 0 0 0 0 0 0 0 0 0 0 0 0 0 0 0 0 0 0 0 0 0 0 0 0 0 0 0 0 0 0 0 0 0 0 0 0 0 0 0 0 0 0 0 0 0 0 0 0 0 0 0 0 0 0 0 0 0 0 0 0 0 0 0 0 0 0 0 0 0 0 0 0 0 0 0 0 0 0 0 0 0 0 0 0 0 0 0 0 0 0 0 0 0 0 0 0 0 0 0 0 0 0 0 0 0 0 0 0 0 0 0 0 0 0 0 0 0 0 0 0 0 0 0 0 0 0 0 0 0 0 0 0 0 0 0 0 0 0 0 0 0 0 0 0 0 0 0 0 0 0 0 0 0 0 0 0 0 0 0 0 0 0 0 0 0 0 0 0 0 0 0 0 0 0 0 0 0 0 0 0 0 0 0 0 0 0 0 0 0 0 0 0 0 0 0 0 0 0 0 0 0 0 0 0 0 0 0 0 0 0 0 0 0 0 0 0 0 0 0 0 0 0 0 0 0 0 0 0 0 0 0 0 0 0 0 0 0 0 0 0 0 0 0 0 0 0 0 0 0 0 0 0 0 0 0 0 0 0 0 0 0 0 0 0 0 0 0 0 0 0 0 0 0 0 0 0 0 0 0 0 0 0 0 0 0 0 0 0 0 0 0 0 0 0 0 0 0 0 0 0 0 0 0 0 0 0 0 0 0 0 0 0 0 0 0 0 0 0 0 0 0 0 0 0 0 0 0 0 0 0 0 0 0 0 0 0 0 0 0 0 0 0 0 0 0 0 0 0 0 0 0 0 0 0 0 0 0 0 0 0 0 0 0 0 0 0 0 0 0 0 0 0 0 0 0 0 0 0 0 0 0 0 0 0 0 0 0 0 0 0 0 0 0 0 0 0 0 0 0 0 0 0 0 0 0 0 0 0 0 0 0 0 0 0 0 0 0 0 0 0 0 0 0 0 0 0 0 0 0 0 0 0 0 0 0 0 0 0 0 0 0 0 0 0 0 0 0 0 0 0 0 0 0 0 0 0 0 0 0 0 0 0 0 0 0 0 0 0 0 0 0 0 0 0 0 0 0 0 0 0 0 0 0 0 0 0 0 0 0 0 0 0 0 0 0 0 0 0 0 0 0 0 0 0 0 0 0 0 0 0 0 0 0 0 0 0 0 0 0 0 0 0 0 0 0 0 0 0 0 0 0 0 0 0 0 0 0 0 0 0 0 0 0 0 0 0 0 0 0 0 0 0 0 0 0 0 0 0 0 0 0 0 0 0 0 0 0 0 0 0 0 0 0 0 0 0 0 0 0 0 0 0 0 0 0 0 0 0 0 0 0 0 0 0 0 0 0 0 0 0 0 0 0 0 0 0 0 0 0 0 0 0 0 0 0 0 0 0 0 0 0 0 0 0 0 0 0 0 0 0 0 0 0 0 0 0 0 0 0 0 0 0 0 0 0 0 0 0 0 0 0 0 0 0 0 0 0 0 0 0 0 0 0 0 0 0 0 0 0 0 0 0 0 0 0 0 0 0 0 0 0 0 0 0 0 0 0 0 0 0 0 0 0 0 0 0 0 0 0 0 0 0 0 0 0 0 0 0 0 0 0 0 0 0 0 0 0 0 0 0 0 0 0 0 0 0 0 0 0 0 0 0 0 0 0 0 0 0 0 0 0 0 0 0 0 0 0 0 0 0 0 0 0 0 0 0 0 0 0 0 0 0 0 0 0 0 0 0 0 0 0 0 0 0 0 0 0 0 0 0 0 0 0 0 0 0 0 0 0 0 0 0 0 0 0 0 0 0 0 0 0 0 0 0 0 0 0 0 0 0 0 0 0 0 0 0 0 0 0 0 0 0 0 0 0 0 0 0 0 0 0 0 0 0 0 0 0 0 0 0 0 0 0 0 0 0 0 0 0 0 0 0 0 0 0 0 0 0 0 0 0 0 0 0 0 0 0 0 0 0 0 0 0 0 0 0 0 0 0 0 0 0 0 0 0 0 0 0 0 0 0 0 0 0 0 0 0 0 0 0 0 0 0 0 0 0 0 0 0 0 0 0 0 0 0 0 0 0 0 0 0 0 0 0 0 0 0 0 0 0 0 0 0 0 0 0 0 0 0 0 0 0 0 0 0 0 0 0 0 0 0 0 0 0 0 0 0 0 0 0 0 0 0 0 0 0 0 0 0 0 0 0 0 0 0 0 0 0 0 0 0 0 0 0 0 0 0 0 0 0 0 0 0 0 0 0 0 0 0 0 0 0 0 0 0 0 0 0 0 0 0 0 0 0 0 0 0 0 0 0 0 0 0 0 0 0 0 0 0 0 0 0 0 0 0 0 0 0 0 0 0 0 0 0 0 0 0 0 0 0 0 0 0 0 0 0 0 0 0 0 0 0 0 0 0 0 0 0 0 0 0 0 0 0 0 0 0 0 0 0 0 0 0 0 0 0 0 0 0 0 0 0 0 0 0 0 0 0 0 0 0 0 0 0 0 0 0 0 0 0 0 0 0 0 0 0 0 0 0 0 0 0 0 0 0 0 0 0 0 0 0 0 0 0 0 0 0 0 0 0 0 0 0 0 0 0 0 0 0 0 0 0 0 0 0 0 0 0 0 0 0 0 0 0 0 0 0 0 0 0 0 0 0 0 0 0 0 0 0 0 0 0 0 0 0 0 0 0 0 0 0 0 0 0 0 0 0 0 0 0 0 0 0 0 0 0 0 0 0 0 0 0 0 0 0 0 0 0 0 0 0 0 0 0 0 0 0 0 0 0 0 0 0 0 0 0 0 0 0 0 0 0 0 0 0 0 0 0 0 0 0 0 0 0 0 0 0 0 0 0 0 0 0 0 0 0 0 0 0 0 0 0 0 0 0 0 0 0 0 0 0 0 0 0 0 0 0 0 0 0 0 0 0 0 0 0 0 0 0 0 0 0 0 0 0 0 0 0 0 0 0 0 0 0 0 0 0 0 0 0 0 0 0 0 0 0 0 0 0 0 0 0 0 0 0 0 0 0 0 0 0 0 0 0 0 0 0 0 0 0 0 0 0 0 0 0 0 0 0 0 0 0 0 0 0 0 0 0 0 0 0 0 0 0 0 0 0 0 0 0 0 0 0 0 0 0 0 0 0 0 0 0 0 0 0 0 0 0 0 0 0 0 0 0 0 0 0 0 0 0 0 0 0 0 0 0 0 0 0 0 0 0 0 0 0 0 0 0 0 0 0 0 0 0 0 0 0 0 0 0 0 0 0 0 0 0 0 0 0 0 0 0 0 0 0 0 0 0 0 0 0 0 0 0 0 0 0 0 0 0 0 0 0 0 0 0 0 0 0 0 0 0 0 0 0 0 0 0 0 0 0 0 0 0 0 0 0 0 0 0 0 0 0 0 0 0 0 0 0 0 0 0 0 0 0 0 0 0 0 0 0 0 0 0 0 0 0 0 0 0 0 0 0 0 0 0 0 0 0 0 0 0 0 0 0 0 0 0 0 0 0 0 0 0 0 0 0 0 0 0 0 0 0 0 0 0 0 0 0 0 0 0 0 0 0 0 0 0 0 0 0 0 0 0 0 0 0 0 0 0 0 0 0 0 0 0 0 0 0 0 0 0 0 0 0 0 0 0 0 0 0 0 0 0 0 0 0 0 0 0 0 0 0 0 0 0 0 0 0 0 0 0 0 0 0 0 0 0 0 0 0 0 0 0 0 0 0 0 0 0 0 0 0 0 0 0 0 0 0 0 0 0 0 0 0 0 0 0 0 0 0 0 0 0 0 0 0 0 0 0 0 0 0 0 0 0 0 0 0 0 0 0 0 0 0 0 0 0 0 0 0 0 0 0 0 0 0 0 0 0 0 0 0 0 0 0 0 0 0 0 0 0 0 0 0 0 0 0 0 0 0 0 0 0 0 0 0 0 0 0 0 0 0 0 0 0 0 0 0 0 0 0 0 0 0 0 0 0 0 0 0 0 0 0 0 0 0 0 0 0 0 0 0 0 0 0 0 0 0 0 0 0 0 0 0 0 0 0 0 0 0 0 0 0 0 0 0 0 0 0 0 0 0 0 0 0 0 0 0 0 0 0 0 0 0 0 0 0 0 0 0 0 0 0 0 0 0 0 0 0 0 0 0 0 0 0 0 0 0 0 0 0 0 0 0 0 0 0 0 0 0 0 0 0 0 0 0 0 0 0 0 0 0 0 0 0 0 0 0 0 0 0 0 0 0 0 0 0 0 0 0 0 0 0 0 0 0 0 0 0 0 0 0 0 0 0 0 0 0 0 0 0 0 0 0 0 0 0 0 0 0 0 0 0 0 0 0 0 0 0 0 0 0 0 0 0 0 0 0 0 0 0 0 0 0 0 0 0 0 0 0 0 0 0 0 0 0 0 0 0 0 0 0 0 0 0 0 0 0 0 0 0 0 0 0 0 0 0 0 0 0 0 0 0 0 0 0 0 0 0 0 0 0 0 0 0 0 0 0 0 0 0 0 0 0 0 0 0 0 0 0 0 0 0 0 0 0 0 0 0 0 0 0 0 0 0 0 0 0 0 0 0 0 0 0 0 0 0 0 0 0 0 0 0 0 0 0 0 0 0 0 0 0 0 0 0 0 0 0 0 0 0 0 0 0 0 0 0 0 0 0 0 0 0 0 0 0 0 0 0 0 0 0 0 0 0 0 0 0 0 0 0 0 0 0 0 0 0 0 0 0 0 0 0 0 0 0 0 0 0 0 0 0 0 0 0 0 0 0 0 0 0 0 0 0 0 0 0 0 0 0 0 0 0 0 0 0 0 0 0 0 0 0 0 0 0 0 0 0 0 0 0 0 0 0 0 0 0 0 0 0 0 0 0 0 0 0 0 0 0 0 0 0 0 0 0 0 0 0 0 0 0 0 0 0 0 0 0 0 0 0 0 0 0 0 0 0 0 0 0 0 0 0 0 0 0 0 0 0 0 0 0 0 0 0 0 0 0 0 0 0 0 0 0 0 0 0 0 0 0 0 0 0 0 0 0 0 0 0 0 0 0 0 0 0 0 0 0 0 0 0 0 0 0 0 0 0 0 0 0 0 0 0 0 0 0 0 0 0 0 0 0 0 0 0 0 0 0 0 0 0 0 0 0 0 0 0 0 0 0 0 0 0 0 0 0 0 0 0 0 0 0 0 0 0 0 0 0 0 0 0 0 0 0 0 0 0 0 0 0 0 0 0 0 0 0 0 0 0 0 0 0 0 0 0 0 0 0 0 0 0 0 0 0 0 0 0 0 0 0 0 0 0 0 0 0 0 0 0 0 0 0 0 0 0 0 0 0 0 0 0 0 0 0 0 0 0 0 0 0 0 0 0 0 0 0 0 0 0 0 0 0 0 0 0 0 0 0 0 0 0 0 0 0 0 0 0 0 0 0 0 0 0 0 0 0 0 0 0 0 0 0 0 0 0 0 0 0 0 0 0 0 0 0 0 0 0 0 0 0 0 0 0 0 0 0 0 0 0 0 0 0 0 0 0 0 0 0 0 0 0 0 0 0 0 0 0 0 0 0 0 0 0 0 0 0 0 0 0 0 0 0 0 0 0 0 0 0 0 0 0 0 0 0 0 0 0 0 0 0 0 0 0 0 0 0 0 0 0 0 0 0 0 0 0 0 0 0 0 0 0 0 0 0 0 0 0 0 0 0 0 0 0 0 0 0 0 0 0 0 0 0 0 0 0 0 0 0 0 0 0 0 0 0 0 0 0 0 0 0 0 0 0 0 0 0 0 0 0 0 0 0 0 0 0 0 0 0 0 0 0 0 0 0 0 0 0 0 0 0 0 0 0 0 0 0 0 0 0 0 0 0 0 0 0 0 0 0 0 0 0 0 0 0 0 0 0 0 0 0 0 0 0 0 0 0 0 0 0 0 0 0 0 0 0 0 0 0 0 0 0 0 0 0 0 0 0 0 0 0 0 0 0 0 0 0 0 0 0 0 0 0 0 0 0 0 0 0 0 0 0 0 0 0 0 0 0 0 0 0 0 0 0 0 0 0 0 0 0 0 0 0 0 0 0 0 0 0 0 0 0 0 0 0 0 0 0 0 0 0 0 0 0 0 0 0 0 0 0 0 0 0 0 0 0 0 0 0 0 0 0 0 0 0 0 0 0 0 0 0 0 0 0 0 0 0 0 0 0 0 0 0 0 0 0 0 0 0 0 0 0 0 0 0 0 0 0 0 0 0 0 0 0 0 0 0 0 0 0 0 0 0 0 0 0 0 0 0 0 0 0 0 0 0 0 0 0 0 0 0 0 0 0 0 0 0 0 0 0 0 0 0 0 0 0 0 0 0 0 0 0 0 0 0 0 0 0 0 0 0 0 0 0 0 0 0 0 0 0 0 0 0 0 0 0 0 0 0 0 0 0 0 0 0 0 0 0 0 0 0 0 0 0 0 0 0 0 0 0 0 0 0 0 0 0 0 0 0 0 0 0 0 0 0 0 0 0 0 0 0 0 0 0 0 0 0 0 0 0 0 0 0 0 0 0 0 0 0 0 0 0 0 0 0 0 0 0 0 0 0 0 0 0 0 0 0 0 0 0 0 0 0 0 0 0 0 0 0 0 0 0 0 0 0 0 0 0 0 0 0 0 0 0 0 0 0 0 0 0 0 0 0 0 0 0 0 0 0 0 0 0 0 0 0 0 0 0 0 0 0 0 0 0 0 0 0 0 0 0 0 0 0 0 0 0 0 0 0 0 0 0 0 0 0 0 0 0 0 0 0 0 0 0 0 0 0 0 0 0 0 0 0 0 0 0 0 0 0 0 0 0 0 0 0 0 0 0 0 0 0 0 0 0 0 0 0 0 0 0 0 0 0 0 0 0 0 0 0 0 0 0 0 0 0 0 0 0 0 0 0 0 0 0 0 0 0 0 0 0 0 0 0 0 0 0 0 0 0 0 0 0 0 0 0 0 0 0 0 0 0 0 0 0 0 0 0 0 0 0 0 0 0 0 0 0 0 0 0 0 0 0 0 0 0 0 0 0 0 0 0 0 0 0 0 0 0 0 0 0 0 0 0 0 0 0 0 0 0 0 0 0 0 0 0 0 0 0 0 0 0 0 0 0 0 0 0 0 0 0 0 0 0 0 0 0 0 0 0 0 0 0 0 0 0 0 0 0 0 0 0 0 0 0 0 0 0 0 0 0 0 0 0 0 0 0 0 0 0 0 0 0 0 0 0 0 0 0 0 0 0 0 0 0 0 0 0 0 0 0 0 0 0 0 0 0 0 0 0 0 0 0 0 0 0 0 0 0 0 0 0 0 0 0 0 0 0 0 0 0 0 0 0 0 0 0 0 0 0 0 0 0 0 0 0 0 0 0 0 0 0 0 0 0 0 0 0 0 0 0 0 0 0 0 0 0 0 0 0 0 0 0 0 0 0 0 0 0 0 0 0 0 0 0 0 0 0 0 0 0 0 0 0 0 0 0 0 0 0 0 0 0 0 0 0 0 0 0 0 0 0 0 0 0 0 0 0 0 0 0 0 0 0 0 0 0 0 0 0 0 0 0 0 0 0 0 0 0 0 0 0 0 0 0 0 0 0 0 0 0 0 0 0 0 0 0 0 0 0 0 0 0 0 0 0 0 0 0 0 0 0 0 0 0 0 0 0 0 0 0 0 0 0 0 0 0 0 0 0 0 0 0 0 0 0 0 0 0 0 0 0 0 0 0 0 0 0 0 0 0 0 0 0 0 0 0 0 0 0 0 0 0 0 0 0 0 0 0 0 0 0 0 0 0 0 0 0 0 0 0 0 0 0 0 0 0 0 0 0 0 0 0 0 0 0 0 0 0 0 0 0 0 0 0 0 0 0 0 0 0 0 0 0 0 0 0 0 0 0 0 0 0 0 0 0 0 0 0 0 0 0 0 0 0 0 0 0 0 0 0 0 0 0 0 0 0 0 0 0 0 0 0 0 0 0 0 0 0 0 0 0 0 0 0 0 0 0 0 0 0 0 0 0 0 0 0 0 0 0 0 0 0 0 0 0 0 0 0 0 0 0 0 0 0 0 0 0 0 0 0 0 0 0 0 0 0 0 0 0 0 0 0 0 0 0 0 0 0 0 0 0 0 0 0 0 0 0 0 0 0 0 0 0 0 0 0 0 0 0 0 0 0 0 0 0 0 0 0 0 0 0 0 0 0 0 0 0 0 0 0 0 0 0 0 0 0 0 0 0 0 0 0 0 0 0 0 0 0 0 0 0 0 0 0 0 0 0 0 0 0 0 0 0 0 0 0 0 0 0 0 0 0 0 0 0 0 0 0 0 0 0 0 0 0 0 0 0 0 0 0 0 0 0 0 0 0 0 0 0 0 0 0 0 0 0 0 0 0 0 0 0 0 0 0 0 0 0 0 0 0 0 0 0 0 0 0 0 0 0 0 0 0 0 0 0 0 0 0 0 0 0 0 0 0 0 0 0 0 0 0 0 0 0 0 0 0 0 0 0 0 0 0 0 0 0 0 0 0 0 0 0 0 0 0 0 0 0 0 0 0 0 0 0 0 0 0 0 0 0 0 0 0 0 0 0 0 0 0 0 0 0 0 0 0 0 0 0 0 0 0 0 0 0 0 0 0 0 0 0 0 0 0 0 0 0 0 0 0 0 0 0 0 0 0 0 0 0 0 0 0 0 0 0 0 0 0 0 0 0 0 0 0 0 0 0 0 0 0 0 0 0 0 0 0 0 0 0 0 0 0 0 0 0 0 0 0 0 0 0 0 0 0 0 0 0 0 0 0 0 0 0 0 0 0 0 0 0 0 0 0 0 0 0 0 0 0 0 0 0 0 0 0 0 0 0 0 0 0 0 0 0 0 0 0 0 0 0 0 0 0 0 0 0 0 0 0 0 0 0 0 0 0 0 0 0 0 0 0 0 0 0 0 0 0 0 0 0 0 0 0 0 0 0 0 0 0 0 0 0 0 0 0 0 0 0 0 0 0 0 0 0 0 0 0 0 0 0 0 0 0 0 0 0 0 0 0 0 0 0 0 0 0 0 0 0 0 0 0 0 0 0 0 0 0 0 0 0 0 0 0 0 0 0 0 0 0 0 0 0 0 0 0 0 0 0 0 0 0 0 0 0 0 0 0 0 0 0 0 0 0 0 0 0 0 0 0 0 0 0 0 0 0 0 0 0 0 0 0 0 0 0 0 0 0 0 0 0 0 0 0 0 0 0 0 0 0 0 0 0 0 0 0 0 0 0 0 0 0 0 0 0 0 0 0 0 0 0 0 0 0 0 0 0 0 0 0 0 0 0 0 0 0 0 0 0 0 0 0 0 0 0 0 0 0 0 0 0 0 0 0 0 0 0 0 0 0 0 0 0 0 0 0 0 0 0 0 0 0 0 0 0 0 0 0 0 0 0 0 0 0 0 0 0 0 0 0 0 0 0 0 0 0 0 0 0 0 0 0 0 0 0 0 0 0 0 0 0 0 0 0 0 0 0 0 0 0 0 0 0 0 0 0 0 0 0 0 0 0 0 0 0 0 0 0 0 0 0 0 0 0 0 0 0 0 0 0 0 0 0 0 0 0 0 0 0 0 0 0 0 0 0 0 0 0 0 0 0 0 0 0 0 0 0 0 0 0 0 0 0 0 0 0 0 0 0 0 0 0 0 0 0 0 0 0 0 0 0 0 0 0 0 0 0 0 0 0 0 0 0 0 0 0 0 0 0 0 0 0 0 0 0 0 0 0 0 0 0 0 0 0 0 0 0 0 0 0 0 0 0 0 0 0 0 0 0 0 0 0 0 0 0 0 0 0 0 0 0 0 0 0 0 0 0 0 0 0 0 0 0 0 0 0 0 0 0 0 0 0 0 0 0 0 0 0 0 0 0 0 0 0 0 0 0 0 0 0 0 0 0 0 0 0 0 0 0 0 0 0 0 0 0 0 0 0 0 0 0 0 0 0 0 0 0 0 0 0 0 0 0 0 0 0 0 0 0 0 0 0 0 0 0 0 0 0 0 0 0 0 0 0 0 0 0 0 0 0 0 0 0 0 0 0 0 0 0 0 0 0 0 0 0 0 0 0 0 0 0 0 0 0 0 0 0 0 0 0 0 0 0 0 0 0 0 0 0 0 0 0 0 0 0 0 0 0 0 0 0 0 0 0 0 0 0 0 0 0 0 0 0 0 0 0 0 0 0 0 0 0 0 0 0 0 0 0 0 0 0 0 0 0 0 0 0 0 0 0 0 0 0 0 0 0 0 0 0 0 0 0 0 0 0 0 0 0 0 0 0 0 0 0 0 0 0 0 0 0 0 0 0 0 0 0 0 0 0 0 0 0 0 0 0 0 0 0 0 0 0 0 0 0 0 0 0 0 0 0 0 0 0 0 0 0 0 0 0 0 0 0 0 0 0 0 0 0 0 0 0 0 0 0 0 0 0 0 0 0 0 0 0 0 0 0 0 0 0 0 0 0 0 0 0 0 0 0 0 0 0 0 0 0 0 0 0 0 0 0 0 0 0 0 0 0 0 0 0 0 0 0 0 0 0 0 0 0 0 0 0 0 0 0 0 0 0 0 0 0 0 0 0 0 0 0 0 0 0 0 0 0 0 0 0 0 0 0 0 0 0 0 0 0 0 0 0 0 0 0 0 0 0 0 0 0 0 0 0 0 0 0 0 0 0 0 0 0 0 0 0 0 0 0 0 0 0 0 0 0 0 0 0 0 0 0 0 0 0 0 0 0 0 0 0 0 0 0 0 0 0 0 0 0 0 0 0 0 0 0 0 0 0 0 0 0 0 0 0 0 0 0 0 0 0 0 0 0 0 0 0 0 0 0 0 0 0 0 0 0 0 0 0 0 0 0 0 0 0 0 0 0 0 0 0 0 0 0 0 0 0 0 0 0 0 0 0 0 0 0 0 0 0 0 0 0 0 0 0 0 0 0 0 0 0 0 0 0 0 0 0 0 0 0 0 0 0 0 0 0 0 0 0 0 0 0 0 0 0 0 0 0 0 0 0 0 0 0 0 0 0 0 0 0 0 0 0 0 0 0 0 0 0 0 0 0 0 0 0 0 0 0 0 0 0 0 0 0 0 0 0 0 0 0 0 0 0 0 0 0 0 0 0 0 0 0 0 0 0 0 0 0 0 0 0 0 0 0 0 0 0 0 0 0 0 0 0 0 0 0 0 0 0 0 0 0 0 0 0 0 0 0 0 0 0 0 0 0 0 0 0 0 0 0 0 0 0 0 0 0 0 0 0 0 0 0 0 0 0 0 0 0 0 0 0 0 0 0 0 0 0 0 0 0 0 0 0 0 0 0 0 0 0 0 0 0 0 0 0 0 0 0 0 0 0 0 0 0 0 0 0 0 0 0 0 0 0 0 0 0 0 0 0 0 0 0 0 0 0 0 0 0 0 0 0 0 0 0 0 0 0 0 0 0 0 0 0 0 0 0 0 0 0 0 0 0 0 0 0 0 0 0 0 0 0 0 0 0 0 0 0 0 0 0 0 0 0 0 0 0 0 0 0 0 0 0 0 0 0 0 0 0 0 0 0 0 0 0 0 0 0 0 0 0 0 0 0 0 0 0 0 0 0 0 0 0 0 0 0 0 0 0 0 0 0 0 0 0 0 0 0 0 0 0 0 0 0 0 0 0 0 0 0 0 0 0 0 0 0 0 0 0 0 0 0 0 0 0 0 0 0 0 0 0 0 0 0 0 0 0 0 0 0 0 0 0 0 0 0 0 0 0 0 0 0 0 0 0 0 0 0 0 0 0 0 0 0 0 0 0 0 0 0 0 0 0 0 0 0 0 0 0 0 0 0 0 0 0 0 0 0 0 0 0 0 0 0 0 0 0 0 0 0 0 0 0 0 0 0 0 0 0 0 0 0 0 0 0 0 0 0 0 0 0 0 0 0 0 0 0 0 0 0 0 0 0 0 0 0 0 0 0 0 0 0 0 0 0 0 0 0 0 0 0 0 0 0 0 0 0 0 0 0 0 0 0 0 0 0 0 0 0 0 0 0 0 0 0 0 0 0 0 0 0 0 0 0 0 0 0 0 0 0 0 0 0 0 0 0 0 0 0 0 0 0 0 0 0 0 0 0 0 0 0 0 0 0 0 0 0 0 0 0 0 0 0 0 0 0 0 0 0 0 0 0 0 0 0 0 0 0 0 0 0 0 0 0 0 0 0 0 0 0 0 0 0 0 0 0 0 0 0 0 0 0 0 0 0 0 0 0 0 0 0 0 0 0 0 0 0 0 0 0 0 0 0 0 0 0 0 0 0 0 0 0 0 0 0 0 0 0 0 0 0 0 0 0 0 0 0 0 0 0 0 0 0 0 0 0 0 0 0 0 0 0 0 0 0 0 0 0 0 0 0 0 0 0 0 0 0 0 0 0 0 0 0 0 0 0 0 0 0 0 0 0 0 0 0 0 0 0 0 0 0 0 0 0 0 0 0 0 0 0 0 0 0 0 0 0 0 0 0 0 0 0 0 0 0 0 0 0 0 0 0 0 0 0 0 0 0 0 0 0 0 0 0 0 0 0 0 0 0 0 0 0 0 0 0 0 0 0 0 0 0 0 0 0 0 0 0 0 0 0 0 0 0 0 0 0 0 0 0 0 0 0 0 0 0 0 0 0 0 0 0 0 0 0 0 0 0 0 0 0 0 0 0 0 0 0 0 0 0 0 0 0 0 0 0 0 0 0 0 0 0 0 0 0 0 0 0 0 0 0 0 0 0 0 0 0 0 0 0 0 0 0 0 0 0 0 0 0 0 0 0 0 0 0 0 0 0 0 0 0 0 0 0 0 0 0 0 0 0 0 0 0 0 0 0 0 0 0 0 0 0 0 0 0 0 0 0 0 0 0 0 0 0 0 0 0 0 0 0 0 0 0 0 0 0 0 0 0 0 0 0 0 0 0 0 0 0 0 0 0 0 0 0 0 0 0 0 0 0 0 0 0 0 0 0 0 0 0 0 0 0 0 0 0 0 0 0 0 0 0 0 0 0 0 0 0 0 0 0 0 0 0 0 0 0 0 0 0 0 0 0 0 0 0 0 0 0 0 0 0 0 0 0 0 0 0 0 0 0 0 0 0 0 0 0 0 0 0 0 0 0 0 0 0 0 0 0 0 0 0 0 0 0 0 0 0 0 0 0 0 0 0 0 0 0 0 0 0 0 0 0 0 0 0 0 0 0 0 0 0 0 0 0 0 0 0 0 0 0 0 0 0 0 0 0 0 0 0 0 0 0 0 0 0 0 0 0 0 0 0 0 0 0 0 0 0 0 0 0 0 0 0 0 0 0 0 0 0 0 0 0 0 0 0 0 0 0 0 0 0 0 0 0 0 0 0 0 0 0 0 0 0 0 0 0 0 0 0 0 0 0 0 0 0 0 0 0 0 0 0 0 0 0 0 0 0 0 0 0 0 0 0 0 0 0 0 0 0 0 0 0 0 0 0 0 0 0 0 0 0 0 0 0 0 0 0 0 0 0 0 0 0 0 0 0 0 0 0 0 0 0 0 0 0 0 0 0 0 0 0 0 0 0 0 0 0 0 0 0 0 0 0 0 0 0 0 0 0 0 0 0 0 0 0 0 0 0 0 0 0 0 0 0 0 0 0 0 0 0 0 0 0 0 0 0 0 0 0 0 0 0 0 0 0 0 0 0 0 0 0 0 0 0 0 0 0 0 0 0 0 0 0 0 0 0 0 0 0 0 0 0 0 0 0 0 0 0 0 0 0 0 0 0 0 0 0 0 0 0 0 0 0 0 0 0 0 0 0 0 0 0 0 0 0 0 0 0 0 0 0 0 0 0 0 0 0 0 0 0 0 0 0 0 0 0 0 0 0 0 0 0 0 0 0 0 0 0 0 0 0 0 0 0 0 0 0 0 0 0 0 0 0 0 0 0 0 0 0 0 0 0 0 0 0 0 0 0 0 0 0 0 0 0 0 0 0 0 0 0 0 0 0 0 0 0 0 0 0 0 0 0 0 0 0 0 0 0 0 0 0 0 0 0 0 0 0 0 0 0 0 0 0 0 0 0 0 0 0 0 0 0 0 0 0 0 0 0 0 0 0 0 0 0 0 0 0 0 0 0 0 0 0 0 0 0 0 0 0 0 0 0 0 0 0 0 0 0 0 0 0 0 0 0 0 0 0 0 0 0 0 0 0 0 0 0 0 0 0 0 0 0 0 0 0 0 0 0 0 0 0 0 0 0 0 0 0 0 0 0 0 0 0 0 0 0 0 0 0 0 0 0 0 0 0 0 0 0 0 0 0 0 0 0 0 0 0 0 0 0 0 0 0 0 0 0 0 0 0 0 0 0 0 0 0 0 0 0 0 0 0 0 0 0 0 0 0 0 0 0 0 0 0 0 0 0 0 0 0 0 0 0 0 0 0 0 0 0 0 0 0 0 0 0 0 0 0 0 0 0 0 0 0 0 0 0 0 0 0 0 0 0 0 0 0 0 0 0 0 0 0 0 0 0 0 0 0 0 0 0 0 0 0 0 0 0 0 0 0 0 0 0 0 0 0 0 0 0 0 0 0 0 0 0 0 0 0 0 0 0 0 0 0 0 0 0 0 0 0 0 0 0 0 0 0 0 0 0 0 0 0 0 0 0 0 0 0 0 0 0 0 0 0 0 0 0 0 0 0 0 0 0 0 0 0 0 0 0 0 0 0 0 0 0 0 0 0 0 0 0 0 0 0 0 0 0 0 0 0 0 0 0 0 0 0 0 0 0 0 0 0 0 0 0 0 0 0 0 0 0 0 0 0 0 0 0 0 0 0 0 0 0 0 0 0 0 0 0 0 0 0 0 0 0 0 0 0 0 0 0 0 0 0 0 0 0 0 0 0 0 0 0 0 0 0 0 0 0 0 0 0 0 0 0 0 0 0 0 0 0 0 0 0 0 0 0 0 0 0 0 0 0 0 0 0 0 0 0 0 0 0 0 0 0 0 0 0 0 0 0 0 0 0 0 0 0 0 0 0 0 0 0 0 0 0 0 0 0 0 0 0 0 0 0 0 0 0 0 0 0 0 0 0 0 0 0 0 0 0 0 0 0 0 0 0 0 0 0 0 0 0 0 0 0 0 0 0 0 0 0 0 0 0 0 0 0 0 0 0 0 0 0 0 0 0 0 0 0 0 0 0 0 0 0 0 0 0 0 0 0 0 0 0 0 0 0 0 0 0 0 0 0 0 0 0 0 0 0 0 0 0 0 0 0 0 0 0 0 0 0 0 0 0 0 0 0 0 0 0 0 0 0 0 0 0 0 0 0 0 0 0 0 0 0 0 0 0 0 0 0 0 0 0 0 0 0 0 0 0 0 0 0 0 0 0 0 0 0 0 0 0 0 0 0 0 0 0 0 0 0 0 0 0 0 0 0 0 0 0 0 0 0 0 0 0 0 0 0 0 0 0 0 0 0 0 0 0 0 0 0 0 0 0 0 0 0 0 0 0 0 0 0 0 0 0 0 0 0 0 0 0 0 0 0 0 0 0 0 0 0 0 0 0 0 0 0 0 0 0 0 0 0 0 0 0 0 0 0 0 0 0 0 0 0 0 0 0 0 0 0 0 0 0 0 0 0 0 0 0 0 0 0 0 0 0 0 0 0 0 0 0 0 0 0 0 0 0 0 0 0 0 0 0 0 0 0 0 0 0 0 0 0 0 0 0 0 0 0 0 0 0 0 0 0 0 0 0 0 0 0 0 0 0 0 0 0 0 0 0 0 0 0 0 0 0 0 0 0 0 0 0 0 0 0 0 0 0 0 0 0 0 0 0 0 0 0 0 0 0 0 0 0 0 0 0 0 0 0 0 0 0 0 0 0 0 0 0 0 0 0 0 0 0 0 0 0 0 0 0 0 0 0 0 0 0 0 0 0 0 0 0 0 0 0 0 0 0 0 0 0 0 0 0 0 0 0 0 0 0 0 0 0 0 0 0 0 0 0 0 0 0 0 0 0 0 0 0 0 0 0 0 0 0 0 0 0 0 0 0 0 0 0 0 0 0 0 0 0 0 0 0 0 0 0 0 0 0 0 0 0 0 0 0 0 0 0 0 0 0 0 0 0 0 0 0 0 0 0 0 0 0 0 0 0 0 0 0 0 0 0 0 0 0 0 0 0 0 0 0 0 0 0 0 0 0 0 0 0 0 0 0 0 0 0 0 0 0 0 0 0 0 0 0 0 0 0 0 0 0 0 0 0 0 0 0 0 0 0 0 0 0 0 0 0 0 0 0 0 0 0 0 0 0 0 0 0 0 0 0 0 0 0 0 0 0 0 0 0 0 0 0 0 0 0 0 0 0 0 0 0 0 0 0 0 0 0 0 0 0 0 0 0 0 0 0 0 0 0 0 0 0 0 0 0 0 0 0 0 0 0 0 0 0 0 0 0 0 0 0 0 0 0 0 0 0 0 0 0 0 0 0 0 0 0 0 0 0 0 0 0 0 0 0 0 0 0 0 0 0 0 0 0 0 0 0 0 0 0 0 0 0 0 0 0 0 0 0 0 0 0 0 0 0 0 0 0 0 0 0 0 0 0 0 0 0 0 0 0 0 0 0 0 0 0 0 0 0 0 0 0 0 0 0 0 0 0 0 0 0 0 0 0 0 0 0 0 0 0 0 0 0 0 0 0 0 0 0 0 0 0 0 0 0 0 0 0 0 0 0 0 0 0 0 0 0 0 0 0 0 0 0 0 0 0 0 0 0 0 0 0 0 0 0 0 0 0 0 0 0 0 0 0 0 0 0 0 0 0 0 0 0 0 0 0 0 0 0 0 0 0 0 0 0 0 0 0 0 0 0 0 0 0 0 0 0 0 0 0 0 0 0 0 0 0 0 0 0 0 0 0 0 0 0 0 0 0 0 0 0 0 0 0 0 0 0 0 0 0 0 0 0 0 0 0 0 0 0 0 0 0 0 0 0 0 0 0 0 0 0 0 0 0 0 0 0 0 0 0 0 0 0 0 0 0 0 0 0 0 0 0 0 0 0 0 0 0 0 0 0 0 0 0 0 0 0 0 0 0 0 0 0 0 0 0 0 0 0 0 0 0 0 0 0 0 0 0 0 0 0 0 0 0 0 0 0 0 0 0 0 0 0 0 0 0 0 0 0 0 0 0 0 0 0 0 0 0 0 0 0 0 0 0 0 0 0 0 0 0 0 0 0 0 0 0 0 0 0 0 0 0 0 0 0 0 0 0 0 0 0 0 0 0 0 0 0 0 0 0 0 0 0 0 0 0 0 0 0 0 0 0 0 0 0 0 0 0 0 0 0 0 0 0 0 0 0 0 0 0 0 0 0 0 0 0 0 0 0 0 0 0 0 0 0 0 0 0 0 0 0 0 0 0 0 0 0 0 0 0 0 0 0 0 0 0 0 0 0 0 0 0 0 0 0 0 0 0 0 0 0 0 0 0 0 0 0 0 0 0 0 0 0 0 0 0 0 0 0 0 0 0 0 0 0 0 0 0 0 0 0 0 0 0 0 0 0 0 0 0 0 0 0 0 0 0 0 0 0 0 0 0 0 0 0 0 0 0 0 0 0 0 0 0 0 0 0 0 0 0 0 0 0 0 0 0 0 0 0 0 0 0 0 0 0 0 0 0 0 0 0 0 0 0 0 0 0 0 0 0 0 0 0 0 0 0 0 0 0 0 0 0 0 0 0 0 0 0 0 0 0 0 0 0 0 0 0 0 0 0 0 0 0 0 0 0 0 0 0 0 0 0 0 0 0 0 0 0 0 0 0 0 0 0 0 0 0 0 0 0 0 0 0 0 0 0 0 0 0 0 0 0 0 0 0 0 0 0 0 0 0 0 0 0 0 0 0 0 0 0 0 0 0 0 0 0 0 0 0 0 0 0 0 0 0 0 0 0 0 0 0 0 0 0 0 0 0 0 0 0 0 0 0 0 0 0 0 0 0 0 0 0 0 0 0 0 0 0 0 0 0 0 0 0 0 0 0 0 0 0 0 0 0 0 0 0 0 0 0 0 0 0 0 0 0 0 0 0 0 0 0 0 0 0 0 0 0 0 0 0 0 0 0 0 0 0 0 0 0 0 0 0 0 0 0 0 0 0 0 0 0 0 0 0 0 0 0 0 0 0 0 0 0 0 0 0 0 0 0 0 0 0 0 0 0 0 0 0 0 0 0 0 0 0 0 0 0 0 0 0 0 0 0 0 0 0 0 0 0 0 0 0 0 0 0 0 0 0 0 0 0 0 0 0 0 0 0 0 0 0 0 0 0 0 0 0 0 0 0 0 0 0 0 0 0 0 0 0 0 0 0 0 0 0 0 0 0 0 0 0 0 0 0 0 0 0 0 0 0 0 0 0 0 0 0 0 0 0 0 0 0 0 0 0 0 0 0 0 0 0 0 0 0 0 0 0 0 0 0 0 0 0 0 0 0 0 0 0 0 0 0 0 0 0 0 0 0 0 0 0 0 0 0 0 0 0 0 0 0 0 0 0 0 0 0 0 0 0 0 0 0 0 0 0 0 0 0 0 0 0 0 0 0 0 0 0 0 0 0 0 0 0 0 0 0 0 0 0 0 0 0 0 0 0 0 0 0 0 0 0 0 0 0 0 0 0 0 0 0 0 0 0 0 0 0 0 0 0 0 0 0 0 0 0 0 0 0 0 0 0 0 0 0 0 0 0 0 0 0 0 0 0 0 0 0 0 0 0 0 0 0 0 0 0 0 0 0 0 0 0 0 0 0 0 0 0 0 0 0 0 0 0 0 0 0 0 0 0 0 0 0 0 0 0 0 0 0 0 0 0 0 0 0 0 0 0 0 0 0 0 0 0 0 0 0 0 0 0 0 0 0 0 0 0 0 0 0 0 0 0 0 0 0 0 0 0 0 0 0 0 0 0 0 0 0 0 0 0 0 0 0 0 0 0 0 0 0 0 0 0 0 0 0 0 0 0 0 0 0 0 0 0 0 0 0 0 0 0 0 0 0 0 0 0 0 0 0 0 0 0 0 0 0 0 0 0 0 0 0 0 0 0 0 0 0 0 0 0 0 0 0 0 0 0 0 0 0 0 0 0 0 0 0 0 0 0 0 0 0 0 0 0 0 0 0 0 0 0 0 0 0 0 0 0 0 0 0 0 0 0 0 0 0 0 0 0 0 0 0 0 0 0 0 0 0 0 0 0 0 0 0 0 0 0 0 0 0 0 0 0 0 0 0 0 0 0 0 0 0 0 0 0 0 0 0 0 0 0 0 0 0 0 0 0 0 0 0 0 0 0 0 0 0 0 0 0 0 0 0 0 0 0 0 0 0 0 0 0 0 0 0 0 0 0 0 0 0 0 0 0 0 0 0 0 0 0 0 0 0 0 0 0 0 0 0 0 0 0 0 0 0 0 0 0 0 0 0 0 0 0 0 0 0 0 0 0 0 0 0 0 0 0 0 0 0 0 0 0 0 0 0 0 0 0 0 0 0 0 0 0 0 0 0 0 0 0 0 0 0 0 0 0 0 0 0 0 0 0 0 0 0 0 0 0 0 0 0 0 0 0 0 0 0 0 0 0 0 0 0 0 0 0 0 0 0 0 0 0 0 0 0 0 0 0 0 0 0 0 0 0 0 0 0 0 0 0 0 0 0 0 0 0 0 0 0 0 0 0 0 0 0 0 0 0 0 0 0 0 0 0 0 0 0 0 0 0 0 0 0 0 0 0 0 0 0 0 0 0 0 0 0 0 0 0 0 0 0 0 0 0 0 0 0 0 0 0 0 0 0 0 0 0 0 0 0 0 0 0 0 0 0 0 0 0 0 0 0 0 0 0 0 0 0 0 0 0 0 0 0 0 0 0 0 0 0 0 0 0 0 0 0 0 0 0 0 0 0 0 0 0 0 0 0 0 0 0 0 0 0 0 0 0 0 0 0 0 0 0 0 0 0 0 0 0 0 0 0 0 0 0 0 0 0 0 0 0 0 0 0 0 0 0 0 0 0 0 0 0 0 0 0 0 0 0 0 0 0 0 0 0 0 0 0 0 0 0 0 0 0 0 0 0 0 0 0 0 0 0 0 0 0 0 0 0 0 0 0 0 0 0 0 0 0 0 0 0 0 0 0 0 0 0 0 0 0 0 0 0 0 0 0 0 0 0 0 0 0 0 0 0 0 0 0 0 0 0 0 0 0 0 0 0 0 0 0 0 0 0 0 0 0 0 0 0 0 0 0 0 0 0 0 0 0 0 0 0 0 0 0 0 0 0 0 0 0 0 0 0 0 0 0 0 0 0 0 0 0 0 0 0 0 0 0 0 0 0 0 0 0 0 0 0 0 0 0 0 0 0 0 0 0 0 0 0 0 0 0 0 0 0 0 0 0 0 0 0 0 0 0 0 0 0 0 0 0 0 0 0 0 0 0 0 0 0 0 0 0 0 0 0 0 0 0 0 0 0 0 0 0 0 0 0 0 0 0 0 0 0 0 0 0 0 0 0 0 0 0 0 0 0 0 0 0 0 0 0 0 0 0 0 0 0 0 0 0 0 0 0 0 0 0 0 0 0 0 0 0 0 0 0 0 0 0 0 0 0 0 0 0 0 0 0 0 0 0 0 0 0 0 0 0 0 0 0 0 0 0 0 0 0 0 0 0 0 0 0 0 0 0 0 0 0 0 0 0 0 0 0 0 0 0 0 0 0 0 0 0 0 0 0 0 0 0 0 0 0 0 0 0 0 0 0 0 0 0 0 0 0 0 0 0 0 0 0 0 0 0 0 0 0 0 0 0 0 0 0 0 0 0 0 0 0 0 0 0 0 0 0 0 0 0 0 0 0 0 0 0 0 0 0 0 0 0 0 0 0 0 0 0 0 0 0 0 0 0 0 0 0 0 0 0 0 0 0 0 0 0 0 0 0 0 0 0 0 0 0 0 0 0 0 0 0 0 0 0 0 0 0 0 0 0 0 0 0 0 0 0 0 0 0 0 0 0 0 0 0 0 0 0 0 0 0 0 0 0 0 0 0 0 0 0 0 0 0 0 0 0 0 0 0 0 0 0 0 0 0 0 0 0 0 0 0 0 0 0 0 0 0 0 0 0 0 0 0 0 0 0 0 0 0 0 0 0 0 0 0 0 0 0 0 0 0 0 0 0 0 0 0 0 0 0 0 0 0 0 0 0 0 0 0 0 0 0 0 0 0 0 0 0 0 0 0 0 0 0 0 0 0 0 0 0 0 0 0 0 0 0 0 0 0 0 0 0 0 0 0 0 0 0 0 0 0 0 0 0 0 0 0 0 0 0 0 0 0 0 0 0 0 0 0 0 0 0 0 0 0 0 0 0 0 0 0 0 0 0 0 0 0 0 0 0 0 0 0 0 0 0 0 0 0 0 0 0 0 0 0 0 0 0 0 0 0 0 0 0 0 0 0 0 0 0 0 0 0 0 0 0 0 0 0 0 0 0 0 0 0 0 0 0 0 0 0 0 0 0 0 0 0 0 0 0 0 0 0 0 0 0 0 0 0 0 0 0 0 0 0 0 0 0 0 0 0 0 0 0 0 0 0 0 0 0 0 0 0 0 0 0 0 0 0 0 0 0 0 0 0 0 0 0 0 0 0 0 0 0 0 0 0 0 0 0 0 0 0 0 0 0 0 0 0 0 0 0 0 0 0 0 0 0 0 0 0 0 0 0 0 0 0 0 0 0 0 0 0 0 0 0 0 0 0 0 0 0 0 0 0 0 0 0 0 0 0 0 0 0 0 0 0 0 0 0 0 0 0 0 0 0 0 0 0 0 0 0 0 0 0 0 0 0 0 0 0 0 0 0 0 0 0 0 0 0 0 0 0 0 0 0 0 0 0 0 0 0 0 0 0 0 0 0 0 0 0 0 0 0 0 0 0 0 0 0 0 0 0 0 0 0 0 0 0 0 0 0 0 0 0 0 0 0 0 0 0 0 0 0 0 0 0 0 0 0 0 0 0 0 0 0 0 0 0 0 0 0 0 0 0 0 0 0 0 0 0 0 0 0 0 0 0 0 0 0 0 0 0 0 0 0 0 0 0 0 0 0 0 0 0 0 0 0 0 0 0 0 0 0 0 0 0 0 0 0 0 0 0 0 0 0 0 0 0 0 0 0 0 0 0 0 0 0 0 0 0 0 0 0 0 0 0 0 0 0 0 0 0 0 0 0 0 0 0 0 0 0 0 0 0 0 0 0 0 0 0 0 0 0 0 0 0 0 0 0 0 0 0 0 0 0 0 0 0 0 0 0 0 0 0 0 0 0 0 0 0 0 0 0 0 0 0 0 0 0 0 0 0 0 0 0 0 0 0 0 0 0 0 0 0 0 0 0 0 0 0 0 0 0 0 0 0 0 0 0 0 0 0 0 0 0 0 0 0 0 0 0 0 0 0 0 0 0 0 0 0 0 0 0 0 0 0 0 0 0 0 0 0 0 0 0 0 0 0 0 0 0 0 0 0 0 0 0 0 0 0 0 0 0 0 0 0 0 0 0 0 0 0 0 0 0 0 0 0 0 0 0 0 0 0 0 0 0 0 0 0 0 0 0 0 0 0 0 0 0 0 0 0 0 0 0 0 0 0 0 0 0 0 0 0 0 0 0 0 0 0 0 0 0 0 0 0 0 0 0 0 0 0 0 0 0 0 0 0 0 0 0 0 0 0 0 0 0 0 0 0 0 0 0 0 0 0 0 0 0 0 0 0 0 0 0 0 0 0 0 0 0 0 0 0 0 0 0 0 0 0 0 0 0 0 0 0 0 0 0 0 0 0 0 0 0 0 0 0 0 0 0 0 0 0 0 0 0 0 0 0 0 0 0 0 0 0 0 0 0 0 0 0 0 0 0 0 0 0 0 0 0 0 0 0 0 0 0 0 0 0 0 0 0 0 0 0 0 0 0 0 0 0 0 0 0 0 0 0 0 0 0 0 0 0 0 0 0 0 0 0 0 0 0 0 0 0 0 0 0 0 0 0 0 0 0 0 0 0 0 0 0 0 0 0 0 0 0 0 0 0 0 0 0 0 0 0 0 0 0 0 0 0 0 0 0 0 0 0 0 0 0 0 0 0 0 0 0 0 0 0 0 0 0 0 0 0 0 0 0 0 0 0 0 0 0 0 0 0 0 0 0 0 0 0 0 0 0 0 0 0 0 0 0 0 0 0 0 0 0 0 0 0 0 0 0 0 0 0 0 0 0 0 0 0 0 0 0 0 0 0 0 0 0 0 0 0 0 0 0 0 0 0 0 0 0 0 0 0 0 0 0 0 0 0 0 0 0 0 0 0 0 0 0 0 0 0 0 0 0 0 0 0 0 0 0 0 0 0 0 0 0 0 0 0 0 0 0 0 0 0 0 0 0 0 0 0 0 0 0 0 0 0 0 0 0 0 0 0 0 0 0 0 0 0 0 0 0 0 0 0 0 0 0 0 0 0 0 0 0 0 0 0 0 0 0 0 0 0 0 0 0 0 0 0 0 0 0 0 0 0 0 0 0 0 0 0 0 0 0 0 0 0 0 0 0 0 0 0 0 0 0 0 0 0 0 0 0 0 0 0 0 0 0 0 0 0 0 0 0 0 0 0 0 0 0 0 0 0 0 0 0 0 0 0 0 0 0 0 0 0 0 0 0 0 0 0 0 0 0 0 0 0 0 0 0 0 0 0 0 0 0 0 0 0 0 0 0 0 0 0 0 0 0 0 0 0 0 0 0 0 0 0 0 0 0 0 0 0 0 0 0 0 0 0 0 0 0 0 0 0 0 0 0 0 0 0 0 0 0 0 0 0 0 0 0 0 0 0 0 0 0 0 0 0 0 0 0 0 0 0 0 0 0 0 0 0 0 0 0 0 0 0 0 0 0 0 0 0 0 0 0 0 0 0 0 0 0 0 0 0 0 0 0 0 0 0 0 0 0 0 0 0 0 0 0 0 0 0 0 0 0 0 0 0 0 0 0 0 0 0 0 0 0 0 0 0 0 0 0 0 0 0 0 0 0 0 0 0 0 0 0 0 0 0 0 0 0 0 0 0 0 0 0 0 0 0 0 0 0 0 0 0 0 0 0 0 0 0 0 0 0 0 0 0 0 0 0 0 0 0 0 0 0 0 0 0 0 0 0 0 0 0 0 0 0 0 0 0 0 0 0 0 0 0 0 0 0 0 0 0 0 0 0 0 0 0 0 0 0 0 0 0 0 0 0 0 0 0 0 0 0 0 0 0 0 0 0 0 0 0 0 0 0 0 0 0 0 0 0 0 0 0 0 0 0 0 0 0 0 0 0 0 0 0 0 0 0 0 0 0 0 0 0 0 0 0 0 0 0 0 0 0 0 0 0 0 0 0 0 0 0 0 0 0 0 0 0 0 0 0 0 0 0 0 0 0 0 0 0 0 0 0 0 0 0 0 0 0 0 0 0 0 0 0 0 0 0 0 0 0 0 0 0 0 0 0 0 0 0 0 0 0 0 0 0 0 0 0 0 0 0 0 0 0 0 0 0 0 0 0 0 0 0 0 0 0 0 0 0 0 0 0 0 0 0 0 0 0 0 0 0 0 0 0 0 0 0 0 0 0 0 0 0 0 0 0 0 0 0 0 0 0 0 0 0 0 0 0 0 0 0 0 0 0 0 0 0 0 0 0 0 0 0 0 0 0 0 0 0 0 0 0 0 0 0 0 0 0 0 0 0 0 0 0 0 0 0 0 0 0 0 0 0 0 0 0 0 0 0 0 0 0 0 0 0 0 0 0 0 0 0 0 0 0 0 0 0 0 0 0 0 0 0 0 0 0 0 0 0 0 0 0 0 0 0 0 0 0 0 0 0 0 0 0 0 0 0 0 0 0 0 0 0 0 0 0 0 0 0 0 0 0 0 0 0 0 0 0 0 0 0 0 0 0 0 0 0 0 0 0 0 0 0 0 0 0 0 0 0 0 0 0 0 0 0 0 0 0 0 0 0 0 0 0 0 0 0 0 0 0 0 0 0 0 0 0 0 0 0 0 0 0 0 0 0 0 0 0 0 0 0 0 0 0 0 0 0 0 0 0 0 0 0 0 0 0 0 0 0 0 0 0 0 0 0 0 0 0 0 0 0 0 0 0 0 0 0 0 0 0 0 0 0 0 0 0 0 0 0 0 0 0 0 0 0 0 0 0 0 0 0 0 0 0 0 0 0 0 0 0 0 0 0 0 0 0 0 0 0 0 0 0 0 0 0 0 0 0 0 0 0 0 0 0 0 0 0 0 0 0 0 0 0 0 0 0 0 0 0 0 0 0 0 0 0 0 0 0 0 0 0 0 0 0 0 0 0 0 0 0 0 0 0 0 0 0 0 0 0 0 0 0 0 0 0 0 0 0 0 0 0 0 0 0 0 0 0 0 0 0 0 0 0 0 0 0 0 0 0 0 0 0 0 0 0 0 0 0 0 0 0 0 0 0 0 0 0 0 0 0 0 0 0 0 0 0 0 0 0 0 0 0 0 0 0 0 0 0 0 0 0 0 0 0 0 0 0 0 0 0 0 0 0 0 0 0 0 0 0 0 0 0 0 0 0 0 0 0 0 0 0 0 0 0 0 0 0 0 0 0 0 0 0 0 0 0 0 0 0 0 0 0 0 0 0 0 0 0 0 0 0 0 0 0 0 0 0 0 0 0 0 0 0 0 0 0 0 0 0 0 0 0 0 0 0 0 0 0 0 0 0 0 0 0 0 0 0 0 0 0 0 0 0 0 0 0 0 0 0 0 0 0 0 0 0 0 0 0 0 0 0 0 0 0 0 0 0 0 0 0 0 0 0 0 0 0 0 0 0 0 0 0 0 0 0 0 0 0 0 0 0 0 0 0 0 0 0 0 0 0 0 0 0 0 0 0 0 0 0 0 0 0 0 0 0 0 0 0 0 0 0 0 0 0 0 0 0 0 0 0 0 0 0 0 0 0 0 0 0 0 0 0 0 0 0 0 0 0 0 0 0 0 0 0 0 0 0 0 0 0 0 0 0 0 0 0 0 0 0 0 0 0 0 0 0 0 0 0 0 0 0 0 0 0 0 0 0 0 0 0 0 0 0 0 0 0 0 0 0 0 0 0 0 0 0 0 0 0 0 0 0 0 0 0 0 0 0 0 0 0 0 0 0 0 0 0 0 0 0 0 0 0 0 0 0 0 0 0 0 0 0 0 0 0 0 0 0 0 0 0 0 0 0 0 0 0 0 0 0 0 0 0 0 0 0 0 0 0 0 0 0 0 0 0 0 0 0 0 0 0 0 0 0 0 0 0 0 0 0 0 0 0 0 0 0 0 0 0 0 0 0 0 0 0 0 0 0 0 0 0 0 0 0 0 0 0 0 0 0 0 0 0 0 0 0 0 0 0 0 0 0 0 0 0 0 0 0 0 0 0 0 0 0 0 0 0 0 0 0 0 0 0 0 0 0 0 0 0 0 0 0 0 0 0 0 0 0 0 0 0 0 0 0 0 0 0 0 0 0 0 0 0 0 0 0 0 0 0 0 0 0 0 0 0 0 0 0 0 0 0 0 0 0 0 0 0 0 0 0 0 0 0 0 0 0 0 0 0 0 0 0 0 0 0 0 0 0 0 0 0 0 0 0 0 0 0 0 0 0 0 0 0 0 0 0 0 0 0 0 0 0 0 0 0 0 0 0 0 0 0 0 0 0 0 0 0 0 0 0 0 0 0 0 0 0 0 0 0 0 0 0 0 0 0 0 0 0 0 0 0 0 0 0 0 0 0 0 0 0 0 0 0 0 0 0 0 0 0 0 0 0 0 0 0 0 0 0 0 0 0 0 0 0 0 0 0 0 0 0 0 0 0 0 0 0 0 0 0 0 0 0 0 0 0 0 0 0 0 0 0 0 0 0 0 0 0 0 0 0 0 0 0 0 0 0 0 0 0 0 0 0 0 0 0 0 0 0 0 0 0 0 0 0 0 0 0 0 0 0 0 0 0 0 0 0 0 0 0 0 0 0 0 0 0 0 0 0 0 0 0 0 0 0 0 0 0 0 0 0 0 0 0 0 0 0 0 0 0 0 0 0 0 0 0 0 0 0 0 0 0 0 0 0 0 0 0 0 0 0 0 0 0 0 0 0 0 0 0 0 0 0 0 0 0 0 0 0 0 0 0 0 0 0 0 0 0 0 0 0 0 0 0 0 0 0 0 0 0 0 0 0 0 0 0 0 0 0 0 0 0 0 0 0 0 0 0 0 0 0 0 0 0 0 0 0 0 0 0 0 0 0 0 0 0 0 0 0 0 0 0 0 0 0 0 0 0 0 0 0 0 0 0 0 0 0 0 0 0 0 0 0 0 0 0 0 0 0 0 0 0 0 0 0 0 0 0 0 0 0 0 0 0 0 0 0 0 0 0 0 0 0 0 0 0 0 0 0 0 0 0 0 0 0 0 0 0 0 0 0 0 0 0 0 0 0 0 0 0 0 0 0 0 0 0 0 0 0 0 0 0 0 0 0 0 0 0 0 0 0 0 0 0 0 0 0 0 0 0 0 0 0 0 0 0 0 0 0 0 0 0 0 0 0 0 0 0 0 0 0 0 0 0 0 0 0 0 0 0 0 0 0 0 0 0 0 0 0 0 0 0 0 0 0 0 0 0 0 0 0 0 0 0 0 0 0 0 0 0 0 0 0 0 0 0 0 0 0 0 0 0 0 0 0 0 0 0 0 0 0 0 0 0 0 0 0 0 0 0 0 0 0 0 0 0 0 0 0 0 0 0 0 0 0 0 0 0 0 0 0 0 0 0 0 0 0 0 0 0 0 0 0 0 0 0 0 0 0 0 0 0 0 0 0 0 0 0 0 0 0 0 0 0 0 0 0 0 0 0 0 0 0 0 0 0 0 0 0 0 0 0 0 0 0 0 0 0 0 0 0 0 0 0 0 0 0 0 0 0 0 0 0 0 0 0 0 0 0 0 0 0 0 0 0 0 0 0 0 0 0 0 0 0 0 0 0 0 0 0 0 0 0 0 0 0 0 0 0 0 0 0 0 0 0 0 0 0 0 0 0 0 0 0 0 0 0 0 0 0 0 0 0 0 0 0 0 0 0 0 0 0 0 0 0 0 0 0 0 0 0 0 0 0 0 0 0 0 0 0 0 0 0 0 0 0 0 0 0 0 0 0 0 0 0 0 0 0 0 0 0 0 0 0 0 0 0 0 0 0 0 0 0 0 0 0 0 0 0 0 0 0 0 0 0 0 0 0 0 0 0 0 0 0 0 0 0 0 0 0 0 0 0 0 0 0 0 0 0 0 0 0 0 0 0 0 0 0 0 0 0 0 0 0 0 0 0 0 0 0 0 0 0 0 0 0 0 0 0 0 0 0 0 0 0 0 0 0 0 0 0 0 0 0 0 0 0 0 0 0 0 0 0 0 0 0 0 0 0 0 0 0 0 0 0 0 0 0 0 0 0 0 0 0 0 0 0 0 0 0 0 0 0 0 0 0 0 0 0 0 0 0 0 0 0 0 0 0 0 0 0 0 0 0 0 0 0 0 0 0 0 0 0 0 0 0 0 0 0 0 0 0 0 0 0 0 0 0 0 0 0 0 0 0 0 0 0 0 0 0 0 0 0 0 0 0 0 0 0 0 0 0 0 0 0 0 0 0 0 0 0 0 0 0 0 0 0 0 0 0 0 0 0 0 0 0 0 0 0 0 0 0 0 0 0 0 0 0 0 0 0 0 0 0 0 0 0 0 0 0 0 0 0 0 0 0 0 0 0 0 0 0 0 0 0 0 0 0 0 0 0 0 0 0 0 0 0 0 0 0 0 0 0 0 0 0 0 0 0 0 0 0 0 0 0 0 0 0 0 0 0 0 0 0 0 0 0 0 0 0 0 0 0 0 0 0 0 0 0 0 0 0 0 0 0 0 0 0 0 0 0 0 0 0 0 0 0 0 0 0 0 0 0 0 0 0 0 0 0 0 0 0 0 0 0 0 0 0 0 0 0 0 0 0 0 0 0 0 0 0 0 0 0 0 0 0 0 0 0 0 0 0 0 0 0 0 0 0 0 0 0 0 0 0 0 0 0 0 0 0 0 0 0 0 0 0 0 0 0 0 0 0 0 0 0 0 0 0 0 0 0 0 0 0 0 0 0 0 0 0 0 0 0 0 0 0 0 0 0 0 0 0 0 0 0 0 0 0 0 0 0 0 0 0 0 0 0 0 0 0 0 0 0 0 0 0 0 0 0 0 0 0 0 0 0 0 0 0 0 0 0 0 0 0 0 0 0 0 0 0 0 0 0 0 0 0 0 0 0 0 0 0 0 0 0 0 0 0 0 0 0 0 0 0 0 0 0 0 0 0 0 0 0 0 0 0 0 0 0 0 0 0 0 0 0 0 0 0 0 0 0 0 0 0 0 0 0 0 0 0 0 0 0 0 0 0 0 0 0 0 0 0 0 0 0 0 0 0 0 0 0 0 0 0 0 0 0 0 0 0 0 0 0 0 0 0 0 0 0 0 0 0 0 0 0 0 0 0 0 0 0 0 0 0 0 0 0 0 0 0 0 0 0 0 0 0 0 0 0 0 0 0 0 0 0 0 0 0 0 0 0 0 0 0 0 0 0 0 0 0 0 0 0 0 0 0 0 0 0 0 0 0 0 0 0 0 0 0 0 0 0 0 0 0 0 0 0 0 0 0 0 0 0 0 0 0 0 0 0 0 0 0 0 0 0 0 0 0 0 0 0 0 0 0 0 0 0 0 0 0 0 0 0 0 0 0 0 0 0 0 0 0 0 0 0 0 0 0 0 0 0 0 0 0 0 0 0 0 0 0 0 0 0 0 0 0 0 0 0 0 0 0 0 0 0 0 0 0 0 0 0 0 0 0 0 0 0 0 0 0 0 0 0 0 0 0 0 0 0 0 0 0 0 0 0 0 0 0 0 0 0 0 0 0 0 0 0 0 0 0 0 0 0 0 0 0 0 0 0 0 0 0 0 0 0 0 0 0 0 0 0 0 0 0 0 0 0 0 0 0 0 0 0 0 0 0 0 0 0 0 0 0 0 0 0 0 0 0 0 0 0 0 0 0 0 0 0 0 0 0 0 0 0 0 0 0 0 0 0 0 0 0 0 0 0 0 0 0 0 0 0 0 0 0 0 0 0 0 0 0 0 0 0 0 0 0 0 0 0 0 0 0 0 0 0 0 0 0 0 0 0 0 0 0 0 0 0 0 0 0 0 0 0 0 0 0 0 0 0 0 0 0 0 0 0 0 0 0 0 0 0 0 0 0 0 0 0 0 0 0 0 0 0 0 0 0 0 0 0 0 0 0 0 0 0 0 0 0 0 0 0 0 0 0 0 0 0 0 0 0 0 0 0 0 0 0 0 0 0 0 0 0 0 0 0 0 0 0 0 0 0 0 0 0 0 0 0 0 0 0 0 0 0 0 0 0 0 0 0 0 0 0 0 0 0 0 0 0 0 0 0 0 0 0 0 0 0 0 0 0 0 0 0 0 0 0 0 0 0 0 0 0 0 0 0 0 0 0 0 0 0 0 0 0 0 0 0 0 0 0 0 0 0 0 0 0 0 0 0 0 0 0 0 0 0 0 0 0 0 0 0 0 0 0 0 0 0 0 0 0 0 0 0 0 0 0 0 0 0 0 0 0 0 0 0 0 0 0 0 0 0 0 0 0 0 0 0 0 0 0 0 0 0 0 0 0 0 0 0 0 0 0 0 0 0 0 0 0 0 0 0 0 0 0 0 0 0 0 0 0 0 0 0 0 0 0 0 0 0 0 0 0 0 0 0 0 0 0 0 0 0 0 0 0 0 0 0 0 0 0 0 0 0 0 0 0 0 0 0 0 0 0 0 0 0 0 0 0 0 0 0 0 0 0 0 0 0 0 0 0 0 0 0 0 0 0 0 0 0 0 0 0 0 0 0 0 0 0 0 0 0 0 0 0 0 0 0 0 0 0 0 0 0 0 0 0 0 0 0 0 0 0 0 0 0 0 0 0 0 0 0 0 0 0 0 0 0 0 0 0 0 0 0 0 0 0 0 0 0 0 0 0 0 0 0 0 0 0 0 0 0 0 0 0 0 0 0 0 0 0 0 0 0 0 0 0 0 0 0 0 0 0 0 0 0 0 0 0 0 0 0 0 0 0 0 0 0 0 0 0 0 0 0 0 0 0 0 0 0 0 0 0 0 0 0 0 0 0 0 0 0 0 0 0 0 0 0 0 0 0 0 0 0 0 0 0 0 0 0 0 0 0 0 0 0 0 0 0 0 0 0 0 0 0 0 0 0 0 0 0 0 0 0 0 0 0 0 0 0 0 0 0 0 0 0 0 0 0 0 0 0 0 0 0 0 0 0 0 0 0 0 0 0 0 0 0 0 0 0 0 0 0 0 0 0 0 0 0 0 0 0 0 0 0 0 0 0 0 0 0 0 0 0 0 0 0 0 0 0 0 0 0 0 0 0 0 0 0 0 0 0 0 0 0 0 0 0 0 0 0 0 0 0 0 0 0 0 0 0 0 0 0 0 0 0 0 0 0 0 0 0 0 0 0 0 0 0 0 0 0 0 0 0 0 0 0 0 0 0 0 0 0 0 0 0 0 0 0 0 0 0 0 0 0 0 0 0 0 0 0 0 0 0 0 0 0 0 0 0 0 0 0 0 0 0 0 0 0 0 0 0 0 0 0 0 0 0 0 0 0 0 0 0 0 0 0 0 0 0 0 0 0 0 0 0 0 0 0 0 0 0 0 0 0 0 0 0 0 0 0 0 0 0 0 0 0 0 0 0 0 0 0 0 0 0 0 0 0 0 0 0 0 0 0 0 0 0 0 0 0 0 0 0 0 0 0 0 0 0 0 0 0 0 0 0 0 0 0 0 0 0 0 0 0 0 0 0 0 0 0 0 0 0 0 0 0 0 0 0 0 0 0 0 0 0 0 0 0 0 0 0 0 0 0 0 0 0 0 0 0 0 0 0 0 0 0 0 0 0 0 0 0 0 0 0 0 0 0 0 0 0 0 0 0 0 0 0 0 0 0 0 0 0 0 0 0 0 0 0 0 0 0 0 0 0 0 0 0 0 0 0 0 0 0 0 0 0 0 0 0 0 0 0 0 0 0 0 0 0 0 0 0 0 0 0 0 0 0 0 0 0 0 0 0 0 0 0 0 0 0 0 0 0 0 0 0 0 0 0 0 0 0 0 0 0 0 0 0 0 0 0 0 0 0 0 0 0 0 0 0 0 0 0 0 0 0 0 0 0 0 0 0 0 0 0 0 0 0 0 0 0 0 0 0 0 0 0 0 0 0 0 0 0 0 0 0 0 0 0 0 0 0 0 0 0 0 0 0 0 0 0 0 0 0 0 0 0 0 0 0 0 0 0 0 0 0 0 0 0 0 0 0 0 0 0 0 0 0 0 0 0 0 0 0 0 0 0 0 0 0 0 0 0 0 0 0 0 0 0 0 0 0 0 0 0 0 0 0 0 0 0 0 0 0 0 0 0 0 0 0 0 0 0 0 0 0 0 0 0 0 0 0 0 0 0 0 0 0 0 0 0 0 0 0 0 0 0 0 0 0 0 0 0 0 0 0 0 0 0 0 0 0 0 0 0 0 0 0 0 0 0 0 0 0 0 0 0 0 0 0 0 0 0 0 0 0 0 0 0 0 0 0 0 0 0 0 0 0 0 0 0 0 0 0 0 0 0 0 0 0 0 0 0 0 0 0 0 0 0 0 0 0 0 0 0 0 0 0 0 0 0 0 0 0 0 0 0 0 0 0 0 0 0 0 0 0 0 0 0 0 0 0 0 0 0 0 0 0 0 0 0 0 0 0 0 0 0 0 0 0 0 0 0 0 0 0 0 0 0 0 0 0 0 0 0 0 0 0 0 0 0 0 0 0 0 0 0 0 0 0 0 0 0 0 0 0 0 0 0 0 0 0 0 0 0 0 0 0 0 0 0 0 0 0 0 0 0 0 0 0 0 0 0 0 0 0 0 0 0 0 0 0 0 0 0 0 0 0 0 0 0 0 0 0 0 0 0 0 0 0 0 0 0 0 0 0 0 0 0 0 0 0 0 0 0 0 0 0 0 0 0 0 0 0 0 0 0 0 0 0 0 0 0 0 0 0 0 0 0 0 0 0 0 0 0 0 0 0 0 0 0 0 0 0 0 0 0 0 0 0 0 0 0 0 0 0 0 0 0 0 0 0 0 0 0 0 0 0 0 0 0 0 0 0 0 0 0 0 0 0 0 0 0 0 0 0 0 0 0 0 0 0 0 0 0 0 0 0 0 0 0 0 0 0 0 0 0 0 0 0 0 0 0 0 0 0 0 0 0 0 0 0 0 0 0 0 0 0 0 0 0 0 0 0 0 0 0 0 0 0 0 0 0 0 0 0 0 0 0 0 0 0 0 0 0 0 0 0 0 0 0 0 0 0 0 0 0 0 0 0 0 0 0 0 0 0 0 0 0 0 0 0 0 0 0 0 0 0 0 0 0 0 0 0 0 0 0 0 0 0 0 0 0 0 0 0 0 0 0 0 0 0 0 0 0 0 0 0 0 0 0 0 0 0 0 0 0 0 0 0 0 0 0 0 0 0 0 0 0 0 0 0 0 0 0 0 0 0 0 0 0 0 0 0 0 0 0 0 0 0 0 0 0 0 0 0 0 0 0 0 0 0 0 0 0 0 0 0 0 0 0 0 0 0 0 0 0 0 0 0 0 0 0 0 0 0 0 0 0 0 0 0 0 0 0 0 0 0 0 0 0 0 0 0 0 0 0 0 0 0 0 0 0 0 0 0 0 0 0 0 0 0 0 0 0 0 0 0 0 0 0 0 0 0 0 0 0 0 0 0 0 0 0 0 0 0 0 0 0 0 0 0 0 0 0 0 0 0 0 0 0 0 0 0 0 0 0 0 0 0 0 0 0 0 0 0 0 0 0 0 0 0 0 0 0 0 0 0 0 0 0 0 0 0 0 0 0 0 0 0 0 0 0 0 0 0 0 0 0 0 0 0 0 0 0 0 0 0 0 0 0 0 0 0 0 0 0 0 0 0 0 0 0 0 0 0 0 0 0 0 0 0 0 0 0 0 0 0 0 0 0 0 0 0 0 0 0 0 0 0 0 0 0 0 0 0 0 0 0 0 0 0 0 0 0 0 0 0 0 0 0 0 0 0 0 0 0 0 0 0 0 0 0 0 0 0 0 0 0 0 0 0 0 0 0 0 0 0 0 0 0 0 0 0 0 0 0 0 0 0 0 0 0 0 0 0 0 0 0 0 0 0 0 0 0 0 0 0 0 0 0 0 0 0 0 0 0 0 0 0 0 0 0 0 0 0 0 0 0 0 0 0 0 0 0 0 0 0 0 0 0 0 0 0 0 0 0 0 0 0 0 0 0 0 0 0 0 0 0 0 0 0 0 0 0 0 0 0 0 0 0 0 0 0 0 0 0 0 0 0 0 0 0 0 0 0 0 0 0 0 0 0 0 0 0 0 0 0 0 0 0 0 0 0 0 0 0 0 0 0 0 0 0 0 0 0 0 0 0 0 0 0 0 0 0 0 0 0 0 0 0 0 0 0 0 0 0 0 0 0 0 0 0 0 0 0 0 0 0 0 0 0 0 0 0 0 0 0 0 0 0 0 0 0 0 0 0 0 0 0 0 0 0 0 0 0 0 0 0 0 0 0 0 0 0 0 0 0 0 0 0 0 0 0 0 0 0 0 0 0 0 0 0 0 0 0 0 0 0 0 0 0 0 0 0 0 0 0 0 0 0 0 0 0 0 0 0 0 0 0 0 0 0 0 0 0 0 0 0 0 0 0 0 0 0 0 0 0 0 0 0 0 0 0 0 0 0 0 0 0 0 0 0 0 0 0 0 0 0 0 0 0 0 0 0 0 0 0 0 0 0 0 0 0 0 0 0 0 0 0 0 0 0 0 0 0 0 0 0 0 0 0 0 0 0 0 0 0 0 0 0 0 0 0 0 0 0 0 0 0 0 0 0 0 0 0 0 0 0 0 0 0 0 0 0 0 0 0 0 0 0 0 0 0 0 0 0 0 0 0 0 0 0 0 0 0 0 0 0 0 0 0 0 0 0 0 0 0 0 0 0 0 0 0 0 0 0 0 0 0 0 0 0 0 0 0 0 0 0 0 0 0 0 0 0 0 0 0 0 0 0 0 0 0 0 0 0 0 0 0 0 0 0 0 0 0 0 0 0 0 0 0 0 0 0 0 0 0 0 0 0 0 0 0 0 0 0 0 0 0 0 0 0 0 0 0 0 0 0 0 0 0 0 0 0 0 0 0 0 0 0 0 0 0 0 0 0 0 0 0 0 0 0 0 0 0 0 0 0 0 0 0 0 0 0 0 0 0 0 0 0 0 0 0 0 0 0 0 0 0 0 0 0 0 0 0 0 0 0 0 0 0 0 0 0 0 0 0 0 0 0 0 0 0 0 0 0 0 0 0 0 0 0 0 0 0 0 0 0 0 0 0 0 0 0 0 0 0 0 0 0 0 0 0 0 0 0 0 0 0 0 0 0 0 0 0 0 0 0 0 0 0 0 0 0 0 0 0 0 0 0 0 0 0 0 0 0 0 0 0 0 0 0 0 0 0 0 0 0 0 0 0 0 0 0 0 0 0 0 0 0 0 0 0 0 0 0 0 0 0 0 0 0 0 0 0 0 0 0 0 0 0 0 0 0 0 0 0 0 0 0 0 0 0 0 0 0 0 0 0 0 0 0 0 0 0 0 0 0 0 0 0 0 0 0 0 0 0 0 0 0 0 0 0 0 0 0 0 0 0 0 0 0 0 0 0 0 0 0 0 0 0 0 0 0 0 0 0 0 0 0 0 0 0 0 0 0 0 0 0 0 0 0 0 0 0 0 0 0 0 0 0 0 0 0 0 0 0 0 0 0 0 0 0 0 0 0 0 0 0 0 0 0 0 0 0 0 0 0 0 0 0 0 0 0 0 0 0 0 0 0 0 0 0 0 0 0 0 0 0 0 0 0 0 0 0 0 0 0 0 0 0 0 0 0 0 0 0 0 0 0 0 0 0 0 0 0 0 0 0 0 0 0 0 0 0 0 0 0 0 0 0 0 0 0 0 0 0 0 0 0 0 0 0 0 0 0 0 0 0 0 0 0 0 0 0 0 0 0 0 0 0 0 0 0 0 0 0 0 0 0 0 0 0 0 0 0 0 0 0 0 0 0 0 0 0 0 0 0 0 0 0 0 0 0 0 0 0 0 0 0 0 0 0 0 0 0 0 0 0 0 0 0 0 0 0 0 0 0 0 0 0 0 0 0 0 0 0 0 0 0 0 0 0 0 0 0 0 0 0 0 0 0 0 0 0 0 0 0 0 0 0 0 0 0 0 0 0 0 0 0 0 0 0 0 0 0 0 0 0 0 0 0 0 0 0 0 0 0 0 0 0 0 0 0 0 0 0 0 0 0 0 0 0 0 0 0 0 0 0 0 0 0 0 0 0 0 0 0 0 0 0 0 0 0 0 0 0 0 0 0 0 0 0 0 0 0 0 0 0 0 0 0 0 0 0 0 0 0 0 0 0 0 0 0 0 0 0 0 0 0 0 0 0 0 0 0 0 0 0 0 0 0 0 0 0 0 0 0 0 0 0 0 0 0 0 0 0 0 0 0 0 0 0 0 0 0 0 0 0 0 0 0 0 0 0 0 0 0 0 0 0 0 0 0 0 0 0 0 0 0 0 0 0 0 0 0 0 0 0 0 0 0 0 0 0 0 0 0 0 0 0 0 0 0 0 0 0 0 0 0 0 0 0 0 0 0 0 0 0 0 0 0 0 0 0 0 0 0 0 0 0 0 0 0 0 0 0 0 0 0 0 0 0 0 0 0 0 0 0 0 0 0 0 0 0 0 0 0 0 0 0 0 0 0 0 0 0 0 0 0 0 0 0 0 0 0 0 0 0 0 0 0 0 0 0 0 0 0 0 0 0 0 0 0 0 0 0 0 0 0 0 0 0 0 0 0 0 0 0 0 0 0 0 0 0 0 0 0 0 0 0 0 0 0 0 0 0 0 0 0 0 0 0 0 0 0 0 0 0 0 0 0 0 0 0 0 0 0 0 0 0 0 0 0 0 0 0 0 0 0 0 0 0 0 0 0 0 0 0 0 0 0 0 0 0 0 0 0 0 0 0 0 0 0 0 0 0 0 0 0 0 0 0 0 0 0 0 0 0 0 0 0 0 0 0 0 0 0 0 0 0 0 0 0 0 0 0 0 0 0 0 0 0 0 0 0 0 0 0 0 0 0 0 0 0 0 0 0 0 0 0 0 0 0 0 0 0 0 0 0 0 0 0 0 0 0 0 0 0 0 0 0 0 0 0 0 0 0 0 0 0 0 0 0 0 0 0 0 0 0 0 0 0 0 0 0 0 0 0 0 0 0 0 0 0 0 0 0 0 0 0 0 0 0 0 0 0 0 0 0 0 0 0 0 0 0 0 0 0 0 0 0 0 0 0 0 0 0 0 0 0 0 0 0 0 0 0 0 0 0 0 0 0 0 0 0 0 0 0 0 0 0 0 0 0 0 0 0 0 0 0 0 0 0 0 0 0 0 0 0 0 0 0 0 0 0 0 0 0 0 0 0 0 0 0 0 0 0 0 0 0 0 0 0 0 0 0 0 0 0 0 0 0 0 0 0 0 0 0 0 0 0 0 0 0 0 0 0 0 0 0 0 0 0 0 0 0 0 0 0 0 0 0 0 0 0 0 0 0 0 0 0 0 0 0 0 0 0 0 0 0 0 0 0 0 0 0 0 0 0 0 0 0 0 0 0 0 0 0 0 0 0 0 0 0 0 0 0 0 0 0 0 0 0 0 0 0 0 0 0 0 0 0 0 0 0 0 0 0 0 0 0 0 0 0 0 0 0 0 0 0 0 0 0 0 0 0 0 0 0 0 0 0 0 0 0 0 0 0 0 0 0 0 0 0 0 0 0 0 0 0 0 0 0 0 0 0 0 0 0 0 0 0 0 0 0 0 0 0 0 0 0 0 0 0 0 0 0 0 0 0 0 0 0 0 0 0 0 0 0 0 0 0 0 0 0 0 0 0 0 0 0 0 0 0 0 0 0 0 0 0 0 0 0 0 0 0 0 0 0 0 0 0 0 0 0 0 0 0 0 0 0 0 0 0 0 0 0 0 0 0 0 0 0 0 0 0 0 0 0 0 0 0 0 0 0 0 0 0 0 0 0 0 0 0 0 0 0 0 0 0 0 0 0 0 0 0 0 0 0 0 0 0 0 0 0 0 0 0 0 0 0 0 0 0 0 0 0 0 0 0 0 0 0 0 0 0 0 0 0 0 0 0 0 0 0 0 0 0 0 0 0 0 0 0 0 0 0 0 0 0 0 0 0 0 0 0 0 0 0 0 0 0 0 0 0 0 0 0 0 0 0 0 0 0 0 0 0 0 0 0 0 0 0 0 0 0 0 0 0 0 0 0 0 0 0 0 0 0 0 0 0 0 0 0 0 0 0 0 0 0 0 0 0 0 0 0 0 0 0 0 0 0 0 0 0 0 0 0 0 0 0 0 0 0 0 0 0 0 0 0 0 0 0 0 0 0 0 0 0 0 0 0 0 0 0 0 0 0 0 0 0 0 0 0 0 0 0 0 0 0 0 0 0 0 0 0 0 0 0 0 0 0 0 0 0 0 0 0 0 0 0 0 0 0 0 0 0 0 0 0 0 0 0 0 0 0 0 0 0 0 0 0 0 0 0 0 0 0 0 0 0 0 0 0 0 0 0 0 0 0 0 0 0 0 0 0 0 0 0 0 0 0 0 0 0 0 0 0 0 0 0 0 0 0 0 0 0 0 0 0 0 0 0 0 0 0 0 0 0 0 0 0 0 0 0 0 0 0 0 0 0 0 0 0 0 0 0 0 0 0 0 0 0 0 0 0 0 0 0 0 0 0 0 0 0 0 0 0 0 0 0 0 0 0 0 0 0 0 0 0 0 0 0 0 0 0 0 0 0 0 0 0 0 0 0 0 0 0 0 0 0 0 0 0 0 0 0 0 0 0 0 0 0 0 0 0 0 0 0 0 0 0 0 0 0 0 0 0 0 0 0 0 0 0 0 0 0 0 0 0 0 0 0 0 0 0 0 0 0 0 0 0 0 0 0 0 0 0 0 0 0 0 0 0 0 0 0 0 0 0 0 0 0 0 0 0 0 0 0 0 0 0 0 0 0 0 0 0 0 0 0 0 0 0 0 0 0 0 0 0 0 0 0 0 0 0 0 0 0 0 0 0 0 0 0 0 0 0 0 0 0 0 0 0 0 0 0 0 0 0 0 0 0 0 0 0 0 0 0 0 0 0 0 0 0 0 0 0 0 0 0 0 0 0 0 0 0 0 0 0 0 0 0 0 0 0 0 0 0 0 0 0 0 0 0 0 0 0 0 0 0 0 0 0 0 0 0 0 0 0 0 0 0 0 0 0 0 0 0 0 0 0 0 0 0 0 0 0 0 0 0 0 0 0 0 0 0 0 0 0 0 0 0 0 0 0 0 0 0 0 0 0 0 0 0 0 0 0 0 0 0 0 0 0 0 0 0 0 0 0 0 0 0 0 0 0 0 0 0 0 0 0 0 0 0 0 0 0 0 0 0 0 0 0 0 0 0 0 0 0 0 0 0 0 0 0 0 0 0 0 0 0 0 0 0 0 0 0 0 0 0 0 0 0 0 0 0 0 0 0 0 0 0 0 0 0 0 0 0 0 0 0 0 0 0 0 0 0 0 0 0 0 0 0 0 0 0 0 0 0 0 0 0 0 0 0 0 0 0 0 0 0 0 0 0 0 0 0 0 0 0 0 0 0 0 0 0 0 0 0 0 0 0 0 0 0 0 0 0 0 0 0 0 0 0 0 0 0 0 0 0 0 0 0 0 0 0 0 0 0 0 0 0 0 0 0 0 0 0 0 0 0 0 0 0 0 0 0 0 0 0 0 0 0 0 0 0 0 0 0 0 0 0 0 0 0 0 0 0 0 0 0 0 0 0 0 0 0 0 0 0 0 0 0 0 0 0 0 0 0 0 0 0 0 0 0 0 0 0 0 0 0 0 0 0 0 0 0 0 0 0 0 0 0 0 0 0 0 0 0 0 0 0 0 0 0 0 0 0 0 0 0 0 0 0 0 0 0 0 0 0 0 0 0 0 0 0 0 0 0 0 0 0 0 0 0 0 0 0 0 0 0 0 0 0 0 0 0 0 0 0 0 0 0 0 0 0 0 0 0 0 0 0 0 0 0 0 0 0 0 0 0 0 0 0 0 0 0 0 0 0 0 0 0 0 0 0 0 0 0 0 0 0 0 0 0 0 0 0 0 0 0 0 0 0 0 0 0 0 0 0 0 0 0 0 0 0 0 0 0 0 0 0 0 0 0 0 0 0 0 0 0 0 0 0 0 0 0 0 0 0 0 0 0 0 0 0 0 0 0 0 0 0 0 0 0 0 0 0 0 0 0 0 0 0 0 0 0 0 0 0 0 0 0 0 0 0 0 0 0 0 0 0 0 0 0 0 0 0 0 0 0 0 0 0 0 0 0 0 0 0 0 0 0 0 0 0 0 0 0 0 0 0 0 0 0 0 0 0 0 0 0 0 0 0 0 0 0 0 0 0 0 0 0 0 0 0 0 0 0 0 0 0 0 0 0 0 0 0 0 0 0 0 0 0 0 0 0 0 0 0 0 0 0 0 0 0 0 0 0 0 0 0 0 0 0 0 0 0 0 0 0 0 0 0 0 0 0 0 0 0 0 0 0 0 0 0 0 0 0 0 0 0 0 0 0 0 0 0 0 0 0 0 0 0 0 0 0 0 0 0 0 0 0 0 0 0 0 0 0 0 0 0 0 0 0 0 0 0 0 0 0 0 0 0 0 0 0 0 0 0 0 0 0 0 0 0 0 0 0 0 0 0 0 0 0 0 0 0 0 0 0 0 0 0 0 0 0 0 0 0 0 0 0 0 0 0 0 0 0 0 0 0 0 0 0 0 0 0 0 0 0 0 0 0 0 0 0 0 0 0 0 0 0 0 0 0 0 0 0 0 0 0 0 0 0 0 0 0 0 0 0 0 0 0 0 0 0 0 0 0 0 0 0 0 0 0 0 0 0 0 0 0 0 0 0 0 0 0 0 0 0 0 0 0 0 0 0 0 0 0 0 0 0 0 0 0 0 0 0 0 0 0 0 0 0 0 0 0 0 0 0 0 0 0 0 0 0 0 0 0 0 0 0 0 0 0 0 0 0 0 0 0 0 0 0 0 0 0 0 0 0 0 0 0 0 0 0 0 0 0 0 0 0 0 0 0 0 0 0 0 0 0 0 0 0 0 0 0 0 0 0 0 0 0 0 0 0 0 0 0 0 0 0 0 0 0 0 0 0 0 0 0 0 0 0 0 0 0 0 0 0 0 0 0 0 0 0 0 0 0 0 0 0 0 0 0 0 0 0 0 0 0 0 0 0 0 0 0 0 0 0 0 0 0 0 0 0 0 0 0 0 0 0 0 0 0 0 0 0 0 0 0 0 0 0 0 0 0 0 0 0 0 0 0 0 0 0 0 0 0 0 0 0 0 0 0 0 0 0 0 0 0 0 0 0 0 0 0 0 0 0 0 0 0 0 0 0 0 0 0 0 0 0 0 0 0 0 0 0 0 0 0 0 0 0 0 0 0 0 0 0 0 0 0 0 0 0 0 0 0 0 0 0 0 0 0 0 0 0 0 0 0 0 0 0 0 0 0 0 0 0 0 0 0 0 0 0 0 0 0 0 0 0 0 0 0 0 0 0 0 0 0 0 0 0 0 0 0 0 0 0 0 0 0 0 0 0 0 0 0 0 0 0 0 0 0 0 0 0 0 0 0 0 0 0 0 0 0 0 0 0 0 0 0 0 0 0 0 0 0 0 0 0 0 0 0 0 0 0 0 0 0 0 0 0 0 0 0 0 0 0 0 0 0 0 0 0 0 0 0 0 0 0 0 0 0 0 0 0 0 0 0 0 0 0 0 0 0 0 0 0 0 0 0 0 0 0 0 0 0 0 0 0 0 0 0 0 0 0 0 0 0 0 0 0 0 0 0 0 0 0 0 0 0 0 0 0 0 0 0 0 0 0 0 0 0 0 0 0 0 0 0 0 0 0 0 0 0 0 0 0 0 0 0 0 0 0 0 0 0 0 0 0 0 0 0 0 0 0 0 0 0 0 0 0 0 0 0 0 0 0 0 0 0 0 0 0 0 0 0 0 0 0 0 0 0 0 0 0 0 0 0 0 0 0 0 0 0 0 0 0 0 0 0 0 0 0 0 0 0 0 0 0 0 0 0 0 0 0 0 0 0 0 0 0 0 0 0 0 0 0 0 0 0 0 0 0 0 0 0 0 0 0 0 0 0 0 0 0 0 0 0 0 0 0 0 0 0 0 0 0 0 0 0 0 0 0 0 0 0 0 0 0 0 0 0 0 0 0 0 0 0 0 0 0 0 0 0 0 0 0 0 0 0 0 0 0 0 0 0 0 0 0 0 0 0 0 0 0 0 0 0 0 0 0 0 0 0 0 0 0 0 0 0 0 0 0 0 0 0 0 0 0 0 0 0 0 0 0 0 0 0 0 0 0 0 0 0 0 0 0 0 0 0 0 0 0 0 0 0 0 0 0 0 0 0 0 0 0 0 0 0 0 0 0 0 0 0 0 0 0 0 0 0 0 0 0 0 0 0 0 0 0 0 0 0 0 0 0 0 0 0 0 0 0 0 0 0 0 0 0 0 0 0 0 0 0 0 0 0 0 0 0 0 0 0 0 0 0 0 0 0 0 0 0 0 0 0 0 0 0 0 0 0 0 0 0 0 0 0 0 0 0 0 0 0 0 0 0 0 0 0 0 0 0 0 0 0 0 0 0 0 0 0 0 0 0 0 0 0 0 0 0 0 0 0 0 0 0 0 0 0 0 0 0 0 0 0 0 0 0 0 0 0 0 0 0 0 0 0 0 0 0 0 0 0 0 0 0 0 0 0 0 0 0 0 0 0 0 0 0 0 0 0 0 0 0 0 0 0 0 0 0 0 0 0 0 0 0 0 0 0 0 0 0 0 0 0 0 0 0 0 0 0 0 0 0 0 0 0 0 0 0 0 0 0 0 0 0 0 0 0 0 0 0 0 0 0 0 0 0 0 0 0 0 0 0 0 0 0 0 0 0 0 0 0 0 0 0 0 0 0 0 0 0 0 0 0 0 0 0 0 0 0 0 0 0 0 0 0 0 0 0 0 0 0 0 0 0 0 0 0 0 0 0 0 0 0 0 0 0 0 0 0 0 0 0 0 0 0 0 0 0 0 0 0 0 0 0 0 0 0 0 0 0 0 0 0 0 0 0 0 0 0 0 0 0 0 0 0 0 0 0 0 0 0 0 0 0 0 0 0 0 0 0 0 0 0 0 0 0 0 0 0 0 0 0 0 0 0 0 0 0 0 0 0 0 0 0 0 0 0 0 0 0 0 0 0 0 0 0 0 0 0 0 0 0 0 0 0 0 0 0 0 0 0 0 0 0 0 0 0 0 0 0 0 0 0 0 0 0 0 0 0 0 0 0 0 0 0 0 0 0 0 0 0 0 0 0 0 0 0 0 0 0 0 0 0 0 0 0 0 0 0 0 0 0 0 0 0 0 0 0 0 0 0 0 0 0 0 0 0 0 0 0 0 0 0 0 0 0 0 0 0 0 0 0 0 0 0 0 0 0 0 0 0 0 0 0 0 0 0 0 0 0 0 0 0 0 0 0 0 0 0 0 0 0 0 0 0 0 0 0 0 0 0 0 0 0 0 0 0 0 0 0 0 0 0 0 0 0 0 0 0 0 0 0 0 0 0 0 0 0 0 0 0 0 0 0 0 0 0 0 0 0 0 0 0 0 0 0 0 0 0 0 0 0 0 0 0 0 0 0 0 0 0 0 0 0 0 0 0 0 0 0 0 0 0 0 0 0 0 0 0 0 0 0 0 0 0 0 0 0 0 0 0 0 0 0 0 0 0 0 0 0 0 0 0 0 0 0 0 0 0 0 0 0 0 0 0 0 0 0 0 0 0 0 0 0 0 0 0 0 0 0 0 0 0 0 0 0 0 0 0 0 0 0 0 0 0 0 0 0 0 0 0 0 0 0 0 0 0 0 0 0 0 0 0 0 0 0 0 0 0 0 0 0 0 0 0 0 0 0 0 0 0 0 0 0 0 0 0 0 0 0 0 0 0 0 0 0 0 0 0 0 0 0 0 0 0 0 0 0 0 0 0 0 0 0 0 0 0 0 0 0 0 0 0 0 0 0 0 0 0 0 0 0 0 0 0 0 0 0 0 0 0 0 0 0 0 0 0 0 0 0 0 0 0 0 0 0 0 0 0 0 0 0 0 0 0 0 0 0 0 0 0 0 0 0 0 0 0 0 0 0 0 0 0 0 0 0 0 0 0 0 0 0 0 0 0 0 0 0 0 0 0 0 0 0 0 0 0 0 0 0 0 0 0 0 0 0 0 0 0 0 0 0 0 0 0 0 0 0 0 0 0 0 0 0 0 0 0 0 0 0 0 0 0 0 0 0 0 0 0 0 0 0 0 0 0 0 0 0 0 0 0 0 0 0 0 0 0 0 0 0 0 0 0 0 0 0 0 0 0 0 0 0 0 0 0 0 0 0 0 0 0 0 0 0 0 0 0 0 0 0 0 0 0 0 0 0 0 0 0 0 0 0 0 0 0 0 0 0 0 0 0 0 0 0 0 0 0 0 0 0 0 0 0 0 0 0 0 0 0 0 0 0 0 0 0 0 0 0 0 0 0 0 0 0 0 0 0 0 0 0 0 0 0 0 0 0 0 0 0 0 0 0 0 0 0 0 0 0 0 0 0 0 0 0 0 0 0 0 0 0 0 0 0 0 0 0 0 0 0 0 0 0 0 0 0 0 0 0 0 0 0 0 0 0 0 0 0 0 0 0 0 0 0 0 0 0 0 0 0 0 0 0 0 0 0 0 0 0 0 0 0 0 0 0 0 0 0 0 0 0 0 0 0 0 0 0 0 0 0 0 0 0 0 0 0 0 0 0 0 0 0 0 0 0 0 0 0 0 0 0 0 0 0 0 0 0 0 0 0 0 0 0 0 0 0 0 0 0 0 0 0 0 0 0 0 0 0 0 0 0 0 0 0 0 0 0 0 0 0 0 0 0 0 0 0 0 0 0 0 0 0 0 0 0 0 0 0 0 0 0 0 0 0 0 0 0 0 0 0 0 0 0 0 0 0 0 0 0 0 0 0 0 0 0 0 0 0 0 0 0 0 0 0 0 0 0 0 0 0 0 0 0 0 0 0 0 0 0 0 0 0 0 0 0 0 0 0 0 0 0 0 0 0 0 0 0 0 0 0 0 0 0 0 0 0 0 0 0 0 0 0 0 0 0 0 0 0 0 0 0 0 0 0 0 0 0 0 0 0 0 0 0 0 0 0 0 0 0 0 0 0 0 0 0 0 0 0 0 0 0 0 0 0 0 0 0 0 0 0 0 0 0 0 0 0 0 0 0 0 0 0 0 0 0 0 0 0 0 0 0 0 0 0 0 0 0 0 0 0 0 0 0 0 0 0 0 0 0 0 0 0 0 0 0 0 0 0 0 0 0 0 0 0 0 0 0 0 0 0 0 0 0 0 0 0 0 0 0 0 0 0 0 0 0 0 0 0 0 0 0 0 0 0 0 0 0 0 0 0 0 0 0 0 0 0 0 0 0 0 0 0 0 0 0 0 0 0 0 0 0 0 0 0 0 0 0 0 0 0 0 0 0 0 0 0 0 0 0 0 0 0 0 0 0 0 0 0 0 0 0 0 0 0 0 0 0 0 0 0 0 0 0 0 0 0 0 0 0 0 0 0 0 0 0 0 0 0 0 0 0 0 0 0 0 0 0 0 0 0 0 0 0 0 0 0 0 0 0 0 0 0 0 0 0 0 0 0 0 0 0 0 0 0 0 0 0 0 0 0 0 0 0 0 0 0 0 0 0 0 0 0 0 0 0 0 0 0 0 0 0 0 0 0 0 0 0 0 0 0 0 0 0 0 0 0 0 0 0 0 0 0 0 0 0 0 0 0 0 0 0 0 0 0 0 0 0 0 0 0 0 0 0 0 0 0 0 0 0 0 0 0 0 0 0 0 0 0 0 0 0 0 0 0 0 0 0 0 0 0 0 0 0 0 0 0 0 0 0 0 0 0 0 0 0 0 0 0 0 0 0 0 0 0 0 0 0 0 0 0 0 0 0 0 0 0 0 0 0 0 0 0 0 0 0 0 0 0 0 0 0 0 0 0 0 0 0 0 0 0 0 0 0 0 0 0 0 0 0 0 0 0 0 0 0 0 0 0 0 0 0 0 0 0 0 0 0 0 0 0 0 0 0 0 0 0 0 0 0 0 0 0 0 0 0 0 0 0 0 0 0 0 0 0 0 0 0 0 0 0 0 0 0 0 0 0 0 0 0 0 0 0 0 0 0 0 0 0 0 0 0 0 0 0 0 0 0 0 0 0 0 0 0 0 0 0 0 0 0 0 0 0 0 0 0 0 0 0 0 0 0 0 0 0 0 0 0 0 0 0 0 0 0 0 0 0 0 0 0 0 0 0 0 0 0 0 0 0 0 0 0 0 0 0 0 0 0 0 0 0 0 0 0 0 0 0 0 0 0 0 0 0 0 0 0 0 0 0 0 0 0 0 0 0 0 0 0 0 0 0 0 0 0 0 0 0 0 0 0 0 0 0 0 0 0 0 0 0 0 0 0 0 0 0 0 0 0 0 0 0 0 0 0 0 0 0 0 0 0 0 0 0 0 0 0 0 0 0 0 0 0 0 0 0 0 0 0 0 0 0 0 0 0 0 0 0 0 0 0 0 0 0 0 0 0 0 0 0 0 0 0 0 0 0 0 0 0 0 0 0 0 0 0 0 0 0 0 0 0 0 0 0 0 0 0 0 0 0 0 0 0 0 0 0 0 0 0 0 0 0 0 0 0 0 0 0 0 0 0 0 0 0 0 0 0 0 0 0 0 0 0 0 0 0 0 0 0 0 0 0 0 0 0 0 0 0 0 0 0 0 0 0 0 0 0 0 0 0 0 0 0 0 0 0 0 0 0 0 0 0 0 0 0 0 0 0 0 0 0 0 0 0 0 0 0 0 0 0 0 0 0 0 0 0 0 0 0 0 0 0 0 0 0 0 0 0 0 0 0 0 0 0 0 0 0 0 0 0 0 0 0 0 0 0 0 0 0 0 0 0 0 0 0 0 0 0 0 0 0 0 0 0 0 0 0 0 0 0 0 0 0 0 0 0 0 0 0 0 0 0 0 0 0 0 0 0 0 0 0 0 0 0 0 0 0 0 0 0 0 0 0 0 0 0 0 0 0 0 0 0 0 0 0 0 0 0 0 0 0 0 0 0 0 0 0 0 0 0 0 0 0 0 0 0 0 0 0 0 0 0 0 0 0 0 0 0 0 0 0 0 0 0 0 0 0 0 0 0 0 0 0 0 0 0 0 0 0 0 0 0 0 0 0 0 0 0 0 0 0 0 0 0 0 0 0 0 0 0 0 0 0 0 0 0 0 0 0 0 0 0 0 0 0 0 0 0 0 0 0 0 0 0 0 0 0 0 0 0 0 0 0 0 0 0 0 0 0 0 0 0 0 0 0 0 0 0 0 0 0 0 0 0 0 0 0 0 0 0 0 0 0 0 0 0 0 0 0 0 0 0 0 0 0 0 0 0 0 0 0 0 0 0 0 0 0 0 0 0 0 0 0 0 0 0 0 0 0 0 0 0 0 0 0 0 0 0 0 0 0 0 0 0 0 0 0 0 0 0 0 0 0 0 0 0 0 0 0 0 0 0 0 0 0 0 0 0 0 0 0 0 0 0 0 0 0 0 0 0 0 0 0 0 0 0 0 0 0 0 0 0 0 0 0 0 0 0 0 0 0 0 0 0 0 0 0 0 0 0 0 0 0 0 0 0 0 0 0 0 0 0 0 0 0 0 0 0 0 0 0 0 0 0 0 0 0 0 0 0 0 0 0 0 0 0 0 0 0 0 0 0 0 0 0 0 0 0 0 0 0 0 0 0 0 0 0 0 0 0 0 0 0 0 0 0 0 0 0 0 0 0 0 0 0 0 0 0 0 0 0 0 0 0 0 0 0 0 0 0 0 0 0 0 0 0 0 0 0 0 0 0 0 0 0 0 0 0 0 0 0 0 0 0 0 0 0 0 0 0 0 0 0 0 0 0 0 0 0 0 0 0 0 0 0 0 0 0 0 0 0 0 0 0 0 0 0 0 0 0 0 0 0 0 0 0 0 0 0 0 0 0 0 0 0 0 0 0 0 0 0 0 0 0 0 0 0 0 0 0 0 0 0 0 0 0 0 0 0 0 0 0 0 0 0 0 0 0 0 0 0 0 0 0 0 0 0 0 0 0 0 0 0 0 0 0 0 0 0 0 0 0 0 0 0 0 0 0 0 0 0 0 0 0 0 0 0 0 0 0 0 0 0 0 0 0 0 0 0 0 0 0 0 0 0 0 0 0 0 0 0 0 0 0 0 0 0 0 0 0 0 0 0 0 0 0 0 0 0 0 0 0 0 0 0 0 0 0 0 0 0 0 0 0 0 0 0 0 0 0 0 0 0 0 0 0 0 0 0 0 0 0 0 0 0 0 0 0 0 0 0 0 0 0 0 0 0 0 0 0 0 0 0 0 0 0 0 0 0 0 0 0 0 0 0 0 0 0 0 0 0 0 0 0 0 0 0 0 0 0 0 0 0 0 0 0 0 0 0 0 0 0 0 0 0 0 0 0 0 0 0 0 0 0 0 0 0 0 0 0 0 0 0 0 0 0 0 0 0 0 0 0 0 0 0 0 0 0 0 0 0 0 0 0 0 0 0 0 0 0 0 0 0 0 0 0 0 0 0 0 0 0 0 0 0 0 0 0 0 0 0 0 0 0 0 0 0 0 0 0 0 0 0 0 0 0 0 0 0 0 0 0 0 0 0 0 0 0 0 0 0 0 0 0 0 0 0 0 0 0 0 0 0 0 0 0 0 0 0 0 0 0 0 0 0 0 0 0 0 0 0 0 0 0 0 0 0 0 0 0 0 0 0 0 0 0 0 0 0 0 0 0 0 0 0 0 0 0 0 0 0 0 0 0 0 0 0 0 0 0 0 0 0 0 0 0 0 0 0 0 0 0 0 0 0 0 0 0 0 0 0 0 0 0 0 0 0 0 0 0 0 0 0 0 0 0 0 0 0 0 0 0 0 0 0 0 0 0 0 0 0 0 0 0 0 0 0 0 0 0 0 0 0 0 0 0 0 0 0 0 0 0 0 0 0 0 0 0 0 0 0 0 0 0 0 0 0 0 0 0 0 0 0 0 0 0 0 0 0 0 0 0 0 0 0 0 0 0 0 0 0 0 0 0 0 0 0 0 0 0 0 0 0 0 0 0 0 0 0 0 0 0 0 0 0 0 0 0 0 0 0 0 0 0 0 0 0 0 0 0 0 0 0 0 0 0 0 0 0 0 0 0 0 0 0 0 0 0 0 0 0 0 0 0 0 0 0 0 0 0 0 0 0 0 0 0 0 0 0 0 0 0 0 0 0 0 0 0 0 0 0 0 0 0 0 0 0 0 0 0 0 0 0 0 0 0 0 0 0 0 0 0 0 0 0 0 0 0 0 0 0 0 0 0 0 0 0 0 0 0 0 0 0 0 0 0 0 0 0 0 0 0 0 0 0 0 0 0 0 0 0 0 0 0 0 0 0 0 0 0 0 0 0 0 0 0 0 0 0 0 0 0 0 0 0 0 0 0 0 0 0 0 0 0 0 0 0 0 0 0 0 0 0 0 0 0 0 0 0 0 0 0 0 0 0 0 0 0 0 0 0 0 0 0 0 0 0 0 0 0 0 0 0 0 0 0 0 0 0 0 0 0 0 0 0 0 0 0 0 0 0 0 0 0 0 0 0 0 0 0 0 0 0 0 0 0 0 0 0 0 0 0 0 0 0 0 0 0 0 0 0 0 0 0 0 0 0 0 0 0 0 0 0 0 0 0 0 0 0 0 0 0 0 0 0 0 0 0 0 0 0 0 0 0 0 0 0 0 0 0 0 0 0 0 0 0 0 0 0 0 0 0 0 0 0 0 0 0 0 0 0 0 0 0 0 0 0 0 0 0 0 0 0 0 0 0 0 0 0 0 0 0 0 0 0 0 0 0 0 0 0 0 0 0 0 0 0 0 0 0 0 0 0 0 0 0 0 0 0 0 0 0 0 0 0 0 0 0 0 0 0 0 0 0 0 0 0 0 0 0 0 0 0 0 0 0 0 0 0 0 0 0 0 0 0 0 0 0 0 0 0 0 0 0 0 0 0 0 0 0 0 0 0 0 0 0 0 0 0 0 0 0 0 0 0 0 0 0 0 0 0 0 0 0 0 0 0 0 0 0 0 0 0 0 0 0 0 0 0 0 0 0 0 0 0 0 0 0 0 0 0 0 0 0 0 0 0 0 0 0 0 0 0 0 0 0 0 0 0 0 0 0 0 0 0 0 0 0 0 0 0 0 0 0 0 0 0 0 0 0 0 0 0 0 0 0 0 0 0 0 0 0 0 0 0 0 0 0 0 0 0 0 0 0 0 0 0 0 0 0 0 0 0 0 0 0 0 0 0 0 0 0 0 0 0 0 0 0 0 0 0 0 0 0 0 0 0 0 0 0 0 0 0 0 0 0 0 0 0 0 0 0 0 0 0 0 0 0 0 0 0 0 0 0 0 0 0 0 0 0 0 0 0 0 0 0 0 0 0 0 0 0 0 0 0 0 0 0 0 0 0 0 0 0 0 0 0 0 0 0 0 0 0 0 0 0 0 0 0 0 0 0 0 0 0 0 0 0 0 0 0 0 0 0 0 0 0 0 0 0 0 0 0 0 0 0 0 0 0 0 0 0 0 0 0 0 0 0 0 0 0 0 0 0 0 0 0 0 0 0 0 0 0 0 0 0 0 0 0 0 0 0 0 0 0 0 0 0 0 0 0 0 0 0 0 0 0 0 0 0 0 0 0 0 0 0 0 0 0 0 0 0 0 0 0 0 0 0 0 0 0 0 0 0 0 0 0 0 0 0 0 0 0 0 0 0 0 0 0 0 0 0 0 0 0 0 0 0 0 0 0 0 0 0 0 0 0 0 0 0 0 0 0 0 0 0 0 0 0 0 0 0 0 0 0 0 0 0 0 0 0 0 0 0 0 0 0 0 0 0 0 0 0 0 0 0 0 0 0 0 0 0 0 0 0 0 0 0 0 0 0 0 0 0 0 0 0 0 0 0 0 0 0 0 0 0 0 0 0 0 0 0 0 0 0 0 0 0 0 0 0 0 0 0 0 0 0 0 0 0 0 0 0 0 0 0 0 0 0 0 0 0 0 0 0 0 0 0 0 0 0 0 0 0 0 0 0 0 0 0 0 0 0 0 0 0 0 0 0 0 0 0 0 0 0 0 0 0 0 0 0 0 0 0 0 0 0 0 0 0 0 0 0 0 0 0 0 0 0 0 0 0 0 0 0 0 0 0 0 0 0 0 0 0 0 0 0 0 0 0 0 0 0 0 0 0 0 0 0 0 0 0 0 0 0 0 0 0 0 0 0 0 0 0 0 0 0 0 0 0 0 0 0 0 0 0 0 0 0 0 0 0 0 0 0 0 0 0 0 0 0 0 0 0 0 0 0 0 0 0 0 0 0 0 0 0 0 0 0 0 0 0 0 0 0 0 0 0 0 0 0 0 0 0 0 0 0 0 0 0 0 0 0 0 0 0 0 0 0 0 0 0 0 0 0 0 0 0 0 0 0 0 0 0 0 0 0 0 0 0 0 0 0 0 0 0 0 0 0 0 0 0 0 0 0 0 0 0 0 0 0 0 0 0 0 0 0 0 0 0 0 0 0 0 0 0 0 0 0 0 0 0 0 0 0 0 0 0 0 0 0 0 0 0 0 0 0 0 0 0 0 0 0 0 0 0 0 0 0 0 0 0 0 0 0 0 0 0 0 0 0 0 0 0 0 0 0 0 0 0 0 0 0 0 0 0 0 0 0 0 0 0 0 0 0 0 0 0 0 0 0 0 0 0 0 0 0 0 0 0 0 0 0 0 0 0 0 0 0 0 0 0 0 0 0 0 0 0 0 0 0 0 0 0 0 0 0 0 0 0 0 0 0 0 0 0 0 0 0 0 0 0 0 0 0 0 0 0 0 0 0 0 0 0 0 0 0 0 0 0 0 0 0 0 0 0 0 0 0 0 0 0 0 0 0 0 0 0 0 0 0 0 0 0 0 0 0 0 0 0 0 0 0 0 0 0 0 0 0 0 0 0 0 0 0 0 0 0 0 0 0 0 0 0 0 0 0 0 0 0 0 0 0 0 0 0 0 0 0 0 0 0 0 0 0 0 0 0 0 0 0 0 0 0 0 0 0 0 0 0 0 0 0 0 0 0 0 0 0 0 0 0 0 0 0 0 0 0 0 0 0 0 0 0 0 0 0 0 0 0 0 0 0 0 0 0 0 0 0 0 0 0 0 0 0 0 0 0 0 0 0 0 0 0 0 0 0 0 0 0 0 0 0 0 0 0 0 0 0 0 0 0 0 0 0 0 0 0 0 0 0 0 0 0 0 0 0 0 0 0 0 0 0 0 0 0 0 0 0 0 0 0 0 0 0 0 0 0 0 0 0 0 0 0 0 0 0 0 0 0 0 0 0 0 0 0 0 0 0 0 0 0 0 0 0 0 0 0 0 0 0 0 0 0 0 0 0 0 0 0 0 0 0 0 0 0 0 0 0 0 0 0 0 0 0 0 0 0 0 0 0 0 0 0 0 0 0 0 0 0 0 0 0 0 0 0 0 0 0 0 0 0 0 0 0 0 0 0 0 0 0 0 0 0 0 0 0 0 0 0 0 0 0 0 0 0 0 0 0 0 0 0 0 0 0 0 0 0 0 0 0 0 0 0 0 0 0 0 0 0 0 0 0 0 0 0 0 0 0 0 0 0 0 0 0 0 0 0 0 0 0 0 0 0 0 0 0 0 0 0 0 0 0 0 0 0 0 0 0 0 0 0 0 0 0 0 0 0 0 0 0 0 0 0 0 0 0 0 0 0 0 0 0 0 0 0 0 0 0 0 0 0 0 0 0 0 0 0 0 0 0 0 0 0 0 0 0 0 0 0 0 0 0 0 0 0 0 0 0 0 0 0 0 0 0 0 0 0 0 0 0 0 0 0 0 0 0 0 0 0 0 0 0 0 0 0 0 0 0 0 0 0 0 0 0 0 0 0 0 0 0 0 0 0 0 0 0 0 0 0 0 0 0 0 0 0 0 0 0 0 0 0 0 0 0 0 0 0 0 0 0 0 0 0 0 0 0 0 0 0 0 0 0 0 0 0 0 0 0 0 0 0 0 0 0 0 0 0 0 0 0 0 0 0 0 0 0 0 0 0 0 0 0 0 0 0 0 0 0 0 0 0 0 0 0 0 0 0 0 0 0 0 0 0 0 0 0 0 0 0 0 0 0 0 0 0 0 0 0 0 0 0 0 0 0 0 0 0 0 0 0 0 0 0 0 0 0 0 0 0 0 0 0 0 0 0 0 0 0 0 0 0 0 0 0 0 0 0 0 0 0 0 0 0 0 0 0 0 0 0 0 0 0 0 0 0 0 0 0 0 0 0 0 0 0 0 0 0 0 0 0 0 0 0 0 0 0 0 0 0 0 0 0 0 0 0 0 0 0 0 0 0 0 0 0 0 0 0 0 0 0 0 0 0 0 0 0 0 0 0 0 0 0 0 0 0 0 0 0 0 0 0 0 0 0 0 0 0 0 0 0 0 0 0 0 0 0 0 0 0 0 0 0 0 0 0 0 0 0 0 0 0 0 0 0 0 0 0 0 0 0 0 0 0 0 0 0 0 0 0 0 0 0 0 0 0 0 0 0 0 0 0 0 0 0 0 0 0 0 0 0 0 0 0 0 0 0 0 0 0 0 0 0 0 0 0 0 0 0 0 0 0 0 0 0 0 0 0 0 0 0 0 0 0 0 0 0 0 0 0 0 0 0 0 0 0 0 0 0 0 0 0 0 0 0 0 0 0 0 0 0 0 0 0 0 0 0 0 0 0 0 0 0 0 0 0 0 0 0 0 0 0 0 0 0 0 0 0 0 0 0 0 0 0 0 0 0 0 0 0 0 0 0 0 0 0 0 0 0 0 0 0 0 0 0 0 0 0 0 0 0 0 0 0 0 0 0 0 0 0 0 0 0 0 0 0 0 0 0 0 0 0 0 0 0 0 0 0 0 0 0 0 0 0 0 0 0 0 0 0 0 0 0 0 0 0 0 0 0 0 0 0 0 0 0 0 0 0 0 0 0 0 0 0 0 0 0 0 0 0 0 0 0 0 0 0 0 0 0 0 0 0 0 0 0 0 0 0 0 0 0 0 0 0 0 0 0 0 0 0 0 0 0 0 0 0 0 0 0 0 0 0 0 0 0 0 0 0 0 0 0 0 0 0 0 0 0 0 0 0 0 0 0 0 0 0 0 0 0 0 0 0 0 0 0 0 0 0 0 0 0 0 0 0 0 0 0 0 0 0 0 0 0 0 0 0 0 0 0 0 0 0 0 0 0 0 0 0 0 0 0 0 0 0 0 0 0 0 0 0 0 0 0 0 0 0 0 0 0 0 0 0 0 0 0 0 0 0 0 0 0 0 0 0 0 0 0 0 0 0 0 0 0 0 0 0 0 0 0 0 0 0 0 0 0 0 0 0 0 0 0 0 0 0 0 0 0 0 0 0 0 0 0 0 0 0 0 0 0 0 0 0 0 0 0 0 0 0 0 0 0 0 0 0 0 0 0 0 0 0 0 0 0 0 0 0 0 0 0 0 0 0 0 0 0 0 0 0 0 0 0 0 0 0 0 0 0 0 0 0 0 0 0 0 0 0 0 0 0 0 0 0 0 0 0 0 0 0 0 0 0 0 0 0 0 0 0 0 0 0 0 0 0 0 0 0 0 0 0 0 0 0 0 0 0 0 0 0 0 0 0 0 0 0 0 0 0 0 0 0 0 0 0 0 0 0 0 0 0 0 0 0 0 0 0 0 0 0 0 0 0 0 0 0 0 0 0 0 0 0 0 0 0 0 0 0 0 0 0 0 0 0 0 0 0 0 0 0 0 0 0 0 0 0 0 0 0 0 0 0 0 0 0 0 0 0 0 0 0 0 0 0 0 0 0 0 0 0 0 0 0 0 0 0 0 0 0 0 0 0 0 0 0 0 0 0 0 0 0 0 0 0 0 0 0 0 0 0 0 0 0 0 0 0 0 0 0 0 0 0 0 0 0 0 0 0 0 0 0 0 0 0 0 0 0 0 0 0 0 0 0 0 0 0 0 0 0 0 0 0 0 0 0 0 0 0 0 0 0 0 0 0 0 0 0 0 0 0 0 0 0 0 0 0 0 0 0 0 0 0 0 0 0 0 0 0 0 0 0 0 0 0 0 0 0 0 0 0 0 0 0 0 0 0 0 0 0 0 0 0 0 0 0 0 0 0 0 0 0 0 0 0 0 0 0 0 0 0 0 0 0 0 0 0 0 0 0 0 0 0 0 0 0 0 0 0 0 0 0 0 0 0 0 0 0 0 0 0 0 0 0 0 0 0 0 0 0 0 0 0 0 0 0 0 0 0 0 0 0 0 0 0 0 0 0 0 0 0 0 0 0 0 0 0 0 0 0 0 0 0 0 0 0 0 0 0 0 0 0 0 0 0 0 0 0 0 0 0 0 0 0 0 0 0 0 0 0 0 0 0 0 0 0 0 0 0 0 0 0 0 0 0 0 0 0 0 0 0 0 0 0 0 0 0 0 0 0 0 0 0 0 0 0 0 0 0 0 0 0 0 0 0 0 0 0 0 0 0 0 0 0 0 0 0 0 0 0 0 0 0 0 0 0 0 0 0 0 0 0 0 0 0 0 0 0 0 0 0 0 0 0 0 0 0 0 0 0 0 0 0 0 0 0 0 0 0 0 0 0 0 0 0 0 0 0 0 0 0 0 0 0 0 0 0 0 0 0 0 0 0 0 0 0 0 0 0 0 0 0 0 0 0 0 0 0 0 0 0 0 0 0 0 0 0 0 0 0 0 0 0 0 0 0 0 0 0 0 0 0 0 0 0 0 0 0 0 0 0 0 0 0 0 0 0 0 0 0 0 0 0 0 0 0 0 0 0 0 0 0 0 0 0 0 0 0 0 0 0 0 0 0 0 0 0 0 0 0 0 0 0 0 0 0 0 0 0 0 0 0 0 0 0 0 0 0 0 0 0 0 0 0 0 0 0 0 0 0 0 0 0 0 0 0 0 0 0 0 0 0 0 0 0 0 0 0 0 0 0 0 0 0 0 0 0 0 0 0 0 0 0 0 0 0 0 0 0 0 0 0 0 0 0 0 0 0 0 0 0 0 0 0 0 0 0 0 0 0 0 0 0 0 0 0 0 0 0 0 0 0 0 0 0 0 0 0 0 0 0 0 0 0 0 0 0 0 0 0 0 0 0 0 0 0 0 0 0 0 0 0 0 0 0 0 0 0 0 0 0 0 0 0 0 0 0 0 0 0 0 0 0 0 0 0 0 0 0 0 0 0 0 0 0 0 0 0 0 0 0 0 0 0 0 0 0 0 0 0 0 0 0 0 0 0 0 0 0 0 0 0 0 0 0 0 0 0 0 0 0 0 0 0 0 0 0 0 0 0 0 0 0 0 0 0 0 0 0 0 0 0 0 0 0 0 0 0 0 0 0 0 0 0 0 0 0 0 0 0 0 0 0 0 0 0 0 0 0 0 0 0 0 0 0 0 0 0 0 0 0 0 0 0 0 0 0 0 0 0 0 0 0 0 0 0 0 0 0 0 0 0 0 0 0 0 0 0 0 0 0 0 0 0 0 0 0 0 0 0 0 0 0 0 0 0 0 0 0 0 0 0 0 0 0 0 0 0 0 0 0 0 0 0 0 0 0 0 0 0 0 0 0 0 0 0 0 0 0 0 0 0 0 0 0 0 0 0 0 0 0 0 0 0 0 0 0 0 0 0 0 0 0 0 0 0 0 0 0 0 0 0 0 0 0 0 0 0 0 0 0 0 0 0 0 0 0 0 0 0 0 0 0 0 0 0 0 0 0 0 0 0 0 0 0 0 0 0 0 0 0 0 0 0 0 0 0 0 0 0 0 0 0 0 0 0 0 0 0 0 0 0 0 0 0 0 0 0 0 0 0 0 0 0 0 0 0 0 0 0 0 0 0 0 0 0 0 0 0 0 0 0 0 0 0 0 0 0 0 0 0 0 0 0 0 0 0 0 0 0 0 0 0 0 0 0 0 0 0 0 0 0 0 0 0 0 0 0 0 0 0 0 0 0 0 0 0 0 0 0 0 0 0 0 0 0 0 0 0 0 0 0 0 0 0 0 0 0 0 0 0 0 0 0 0 0 0 0 0 0 0 0 0 0 0 0 0 0 0 0 0 0 0 0 0 0 0 0 0 0 0 0 0 0 0 0 0 0 0 0 0 0 0 0 0 0 0 0 0 0 0 0 0 0 0 0 0 0 0 0 0 0 0 0 0 0 0 0 0 0 0 0 0 0 0 0 0 0 0 0 0 0 0 0 0 0 0 0 0 0 0 0 0 0 0 0 0 0 0 0 0 0 0 0 0 0 0 0 0 0 0 0 0 0 0 0 0 0 0 0 0 0 0 0 0 0 0 0 0 0 0 0 0 0 0 0 0 0 0 0 0 0 0 0 0 0 0 0 0 0 0 0 0 0 0 0 0 0 0 0 0 0 0 0 0 0 0 0 0 0 0 0 0 0 0 0 0 0 0 0 0 0 0 0 0 0 0 0 0 0 0 0 0 0 0 0 0 0 0 0 0 0 0 0 0 0 0 0 0 0 0 0 0 0 0 0 0 0 0 0 0 0 0 0 0 0 0 0 0 0 0 0 0 0 0 0 0 0 0 0 0 0 0 0 0 0 0 0 0 0 0 0 0 0 0 0 0 0 0 0 0 0 0 0 0 0 0 0 0 0 0 0 0 0 0 0 0 0 0 0 0 0 0 0 0 0 0 0 0 0 0 0 0 0 0 0 0 0 0 0 0 0 0 0 0 0 0 0 0 0 0 0 0 0 0 0 0 0 0 0 0 0 0 0 0 0 0 0 0 0 0 0 0 0 0 0 0 0 0 0 0 0 0 0 0 0 0 0 0 0 0 0 0 0 0 0 0 0 0 0 0 0 0 0 0 0 0 0 0 0 0 0 0 0 0 0 0 0 0 0 0 0 0 0 0 0 0 0 0 0 0 0 0 0 0 0 0 0 0 0 0 0 0 0 0 0 0 0 0 0 0 0 0 0 0 0 0 0 0 0 0 0 0 0 0 0 0 0 0 0 0 0 0 0 0 0 0 0 0 0 0 0 0 0 0 0 0 0 0 0 0 0 0 0 0 0 0 0 0 0 0 0 0 0 0 0 0 0 0 0 0 0 0 0 0 0 0 0 0 0 0 0 0 0 0 0 0 0 0 0 0 0 0 0 0 0 0 0 0 0 0 0 0 0 0 0 0 0 0 0 0 0 0 0 0 0 0 0 0 0 0 0 0 0 0 0 0 0 0 0 0 0 0 0 0 0 0 0 0 0 0 0 0 0 0 0 0 0 0 0 0 0 0 0 0 0 0 0 0 0 0 0 0 0 0 0 0 0 0 0 0 0 0 0 0 0 0 0 0 0 0 0 0 0 0 0 0 0 0 0 0 0 0 0 0 0 0 0 0 0 0 0 0 0 0 0 0 0 0 0 0 0 0 0 0 0 0 0 0 0 0 0 0 0 0 0 0 0 0 0 0 0 0 0 0 0 0 0 0 0 0 0 0 0 0 0 0 0 0 0 0 0 0 0 0 0 0 0 0 0 0 0 0 0 0 0 0 0 0 0 0 0 0 0 0 0 0 0 0 0 0 0 0 0 0 0 0 0 0 0 0 0 0 0 0 0 0 0 0 0 0 0 0 0 0 0 0 0 0 0 0 0 0 0 0 0 0 0 0 0 0 0 0 0 0 0 0 0 0 0 0 0 0 0 0 0 0 0 0 0 0 0 0 0 0 0 0 0 0 0 0 0 0 0 0 0 0 0 0 0 0 0 0 0 0 0 0 0 0 0 0 0 0 0 0 0 0 0 0 0 0 0 0 0 0 0 0 0 0 0 0 0 0 0 0 0 0 0 0 0 0 0 0 0 0 0 0 0 0 0 0 0 0 0 0 0 0 0 0 0 0 0 0 0 0 0 0 0 0 0 0 0 0 0 0 0 0 0 0 0 0 0 0 0 0 0 0 0 0 0 0 0 0 0 0 0 0 0 0 0 0 0 0 0 0 0 0 0 0 0 0 0 0 0 0 0 0 0 0 0 0 0 0 0 0 0 0 0 0 0 0 0 0 0 0 0 0 0 0 0 0 0 0 0 0 0 0 0 0 0 0 0 0 0 0 0 0 0 0 0 0 0 0 0 0 0 0 0 0 0 0 0 0 0 0 0 0 0 0 0 0 0 0 0 0 0 0 0 0 0 0 0 0 0 0 0 0 0 0 0 0 0 0 0 0 0 0 0 0 0 0 0 0 0 0 0 0 0 0 0 0 0 0 0 0 0 0 0 0 0 0 0 0 0 0 0 0 0 0 0 0 0 0 0 0 0 0 0 0 0 0 0 0 0 0 0 0 0 0 0 0 0 0 0 0 0 0 0 0 0 0 0 0 0 0 0 0 0 0 0 0 0 0 0 0 0 0 0 0 0 0 0 0 0 0 0 0 0 0 0 0 0 0 0 0 0 0 0 0 0 0 0 0 0 0 0 0 0 0 0 0 0 0 0 0 0 0 0 0 0 0 0 0 0 0 0 0 0 0 0 0 0 0 0 0 0 0 0 0 0 0 0 0 0 0 0 0 0 0 0 0 0 0 0 0 0 0 0 0 0 0 0 0 0 0 0 0 0 0 0 0 0 0 0 0 0 0 0 0 0 0 0 0 0 0 0 0 0 0 0 0 0 0 0 0 0 0 0 0 0 0 0 0 0 0 0 0 0 0 0 0 0 0 0 0 0 0 0 0 0 0 0 0 0 0 0 0 0 0 0 0 0 0 0 0 0 0 0 0 0 0 0 0 0 0 0 0 0 0 0 0 0 0 0 0 0 0 0 0 0 0 0 0 0 0 0 0 0 0 0 0 0 0 0 0 0 0 0 0 0 0 0 0 0 0 0 0 0 0 0 0 0 0 0 0 0 0 0 0 0 0 0 0 0 0 0 0 0 0 0 0 0 0 0 0 0 0 0 0 0 0 0 0 0 0 0 0 0 0 0 0 0 0 0 0 0 0 0 0 0 0 0 0 0 0 0 0 0 0 0 0 0 0 0 0 0 0 0 0 0 0 0 0 0 0 0 0 0 0 0 0 0 0 0 0 0 0 0 0 0 0 0 0 0 0 0 0 0 0 0 0 0 0 0 0 0 0 0 0 0 0 0 0 0 0 0 0 0 0 0 0 0 0 0 0 0 0 0 0 0 0 0 0 0 0 0 0 0 0 0 0 0 0 0 0 0 0 0 0 0 0 0 0 0 0 0 0 0 0 0 0 0 0 0 0 0 0 0 0 0 0 0 0 0 0 0 0 0 0 0 0 0 0 0 0 0 0 0 0 0 0 0 0 0 0 0 0 0 0 0 0 0 0 0 0 0 0 0 0 0 0 0 0 0 0 0 0 0 0 0 0 0 0 0 0 0 0 0 0 0 0 0 0 0 0 0 0 0 0 0 0 0 0 0 0 0 0 0 0 0 0 0 0 0 0 0 0 0 0 0 0 0 0 0 0 0 0 0 0 0 0 0 0 0 0 0 0 0 0 0 0 0 0 0 0 0 0 0 0 0 0 0 0 0 0 0 0 0 0 0 0 0 0 0 0 0 0 0 0 0 0 0 0 0 0 0 0 0 0 0 0 0 0 0 0 0 0 0 0 0 0 0 0 0 0 0 0 0 0 0 0 0 0 0 0 0 0 0 0 0 0 0 0 0 0 0 0 0 0 0 0 0 0 0 0 0 0 0 0 0 0 0 0 0 0 0 0 0 0 0 0 0 0 0 0 0 0 0 0 0 0 0 0 0 0 0 0 0 0 0 0 0 0 0 0 0 0 0 0 0 0 0 0 0 0 0 0 0 0 0 0 0 0 0 0 0 0 0 0 0 0 0 0 0 0 0 0 0 0 0 0 0 0 0 0 0 0 0 0 0 0 0 0 0 0 0 0 0 0 0 0 0 0 0 0 0 0 0 0 0 0 0 0 0 0 0 0 0 0 0 0 0 0 0 0 0 0 0 0 0 0 0 0 0 0 0 0 0 0 0 0 0 0 0 0 0 0 0 0 0 0 0 0 0 0 0 0 0 0 0 0 0 0 0 0 0 0 0 0 0 0 0 0 0 0 0 0 0 0 0 0 0 0 0 0 0 0 0 0 0 0 0 0 0 0 0 0 0 0 0 0 0 0 0 0 0 0 0 0 0 0 0 0 0 0 0 0 0 0 0 0 0 0 0 0 0 0 0 0 0 0 0 0 0 0 0 0 0 0 0 0 0 0 0 0 0 0 0 0 0 0 0 0 0 0 0 0 0 0 0 0 0 0 0 0 0 0 0 0 0 0 0 0 0 0 0 0 0 0 0 0 0 0 0 0 0 0 0 0 0 0 0 0 0 0 0 0 0 0 0 0 0 0 0 0 0 0 0 0 0 0 0 0 0 0 0 0 0 0 0 0 0 0 0 0 0 0 0 0 0 0 0 0 0 0 0 0 0 0 0 0 0 0 0 0 0 0 0 0 0 0 0 0 0 0 0 0 0 0 0 0 0 0 0 0 0 0 0 0 0 0 0 0 0 0 0 0 0 0 0 0 0 0 0 0 0 0 0 0 0 0 0 0 0 0 0 0 0 0 0 0 0 0 0 0 0 0 0 0 0 0 0 0 0 0 0 0 0 0 0 0 0 0 0 0 0 0 0 0 0 0 0 0 0 0 0 0 0 0 0 0 0 0 0 0 0 0 0 0 0 0 0 0 0 0 0 0 0 0 0 0 0 0 0 0 0 0 0 0 0 0 0 0 0 0 0 0 0 0 0 0 0 0 0 0 0 0 0 0 0 0 0 0 0 0 0 0 0 0 0 0 0 0 0 0 0 0 0 0 0 0 0 0 0 0 0 0 0 0 0 0 0 0 0 0 0 0 0 0 0 0 0 0 0 0 0 0 0 0 0 0 0 0 0 0 0 0 0 0 0 0 0 0 0 0 0 0 0 0 0 0 0 0 0 0 0 0 0 0 0 0 0 0 0 0 0 0 0 0 0 0 0 0 0 0 0 0 0 0 0 0 0 0 0 0 0 0 0 0 0 0 0 0 0 0 0 0 0 0 0 0 0 0 0 0 0 0 0 0 0 0 0 0 0 0 0 0 0 0 0 0 0 0 0 0 0 0 0 0 0 0 0 0 0 0 0 0 0 0 0 0 0 0 0 0 0 0 0 0 0 0 0 0 0 0 0 0 0 0 0 0 0 0 0 0 0 0 0 0 0 0 0 0 0 0 0 0 0 0 0 0 0 0 0 0 0 0 0 0 0 0 0 0 0 0 0 0 0 0 0 0 0 0 0 0 0 0 0 0 0 0 0 0 0 0 0 0 0 0 0 0 0 0 0 0 0 0 0 0 0 0 0 0 0 0 0 0 0 0 0 0 0 0 0 0 0 0 0 0 0 0 0 0 0 0 0 0 0 0 0 0 0 0 0 0 0 0 0 0 0 0 0 0 0 0 0 0 0 0 0 0 0 0 0 0 0 0 0 0 0 0 0 0 0 0 0 0 0 0 0 0 0 0 0 0 0 0 0 0 0 0 0 0 0 0 0 0 0 0 0 0 0 0 0 0 0 0 0 0 0 0 0 0 0 0 0 0 0 0 0 0 0 0 0 0 0 0 0 0 0 0 0 0 0 0 0 0 0 0 0 0 0 0 0 0 0 0 0 0 0 0 0 0 0 0 0 0 0 0 0 0 0 0 0 0 0 0 0 0 0 0 0 0 0 0 0 0 0 0 0 0 0 0 0 0 0 0 0 0 0 0 0 0 0 0 0 0 0 0 0 0 0 0 0 0 0 0 0 0 0 0 0 0 0 0 0 0 0 0 0 0 0 0 0 0 0 0 0 0 0 0 0 0 0 0 0 0 0 0 0 0 0 0 0 0 0 0 0 0 0 0 0 0 0 0 0 0 0 0 0 0 0 0 0 0 0 0 0 0 0 0 0 0 0 0 0 0 0 0 0 0 0 0 0 0 0 0 0 0 0 0 0 0 0 0 0 0 0 0 0 0 0 0 0 0 0 0 0 0 0 0 0 0 0 0 0 0 0 0 0 0 0 0 0 0 0 0 0 0 0 0 0 0 0 0 0 0 0 0 0 0 0 0 0 0 0 0 0 0 0 0 0 0 0 0 0 0 0 0 0 0 0 0 0 0 0 0 0 0 0 0 0 0 0 0 0 0 0 0 0 0 0 0 0 0 0 0 0 0 0 0 0 0 0 0 0 0 0 0 0 0 0 0 0 0 0 0 0 0 0 0 0 0 0 0 0 0 0 0 0 0 0 0 0 0 0 0 0 0 0 0 0 0 0 0 0 0 0 0 0 0 0 0 0 0 0 0 0 0 0 0 0 0 0 0 0 0 0 0 0 0 0 0 0 0 0 0 0 0 0 0 0 0 0 0 0 0 0 0 0 0 0 0 0 0 0 0 0 0 0 0 0 0 0 0 0 0 0 0 0 0 0 0 0 0 0 0 0 0 0 0 0 0 0 0 0 0 0 0 0 0 0 0 0 0 0 0 0 0 0 0 0 0 0 0 0 0 0 0 0 0 0 0 0 0 0 0 0 0 0 0 0 0 0 0 0 0 0 0 0 0 0 0 0 0 0 0 0 0 0 0 0 0 0 0 0 0 0 0 0 0 0 0 0 0 0 0 0 0 0 0 0 0 0 0 0 0 0 0 0 0 0 0 0 0 0 0 0 0 0 0 0 0 0 0 0 0 0 0 0 0 0 0 0 0 0 0 0 0 0 0 0 0 0 0 0 0 0 0 0 0 0 0 0 0 0 0 0 0 0 0 0 0 0 0 0 0 0 0 0 0 0 0 0 0 0 0 0 0 0 0 0 0 0 0 0 0 0 0 0 0 0 0 0 0 0 0 0 0 0 0 0 0 0 0 0 0 0 0 0 0 0 0 0 0 0 0 0 0 0 0 0 0 0 0 0 0 0 0 0 0 0 0 0 0 0 0 0 0 0 0 0 0 0 0 0 0 0 0 0 0 0 0 0 0 0 0 0 0 0 0 0 0 0 0 0 0 0 0 0 0 0 0 0 0 0 0 0 0 0 0 0 0 0 0 0 0 0 0 0 0 0 0 0 0 0 0 0 0 0 0 0 0 0 0 0 0 0 0 0 0 0 0 0 0 0 0 0 0 0 0 0 0 0 0 0 0 0 0 0 0 0 0 0 0 0 0 0 0 0 0 0 0 0 0 0 0 0 0 0 0 0 0 0 0 0 0 0 0 0 0 0 0 0 0 0 0 0 0 0 0 0 0 0 0 0 0 0 0 0 0 0 0 0 0 0 0 0 0 0 0 0 0 0 0 0 0 0 0 0 0 0 0 0 0 0 0 0 0 0 0 0 0 0 0 0 0 0 0 0 0 0 0 0 0 0 0 0 0 0 0 0 0 0 0 0 0 0 0 0 0 0 0 0 0 0 0 0 0 0 0 0 0 0 0 0 0 0 0 0 0 0 0 0 0 0 0 0 0 0 0 0 0 0 0 0 0 0 0 0 0 0 0 0 0 0 0 0 0 0 0 0 0 0 0 0 0 0 0 0 0 0 0 0 0 0 0 0 0 0 0 0 0 0 0 0 0 0 0 0 0 0 0 0 0 0 0 0 0 0 0 0 0 0 0 0 0 0 0 0 0 0 0 0 0 0 0 0 0 0 0 0 0 0 0 0 0 0 0 0 0 0 0 0 0 0 0 0 0 0 0 0 0 0 0 0 0 0 0 0 0 0 0 0 0 0 0 0 0 0 0 0 0 0 0 0 0 0 0 0 0 0 0 0 0 0 0 0 0 0 0 0 0 0 0 0 0 0 0 0 0 0 0 0 0 0 0 0 0 0 0 0 0 0 0 0 0 0 0 0 0 0 0 0 0 0 0 0 0 0 0 0 0 0 0 0 0 0 0 0 0 0 0 0 0 0 0 0 0 0 0 0 0 0 0 0 0 0 0 0 0 0 0 0 0 0 0 0 0 0 0 0 0 0 0 0 0 0 0 0 0 0 0 0 0 0 0 0 0 0 0 0 0 0 0 0 0 0 0 0 0 0 0 0 0 0 0 0 0 0 0 0 0 0 0 0 0 0 0 0 0 0 0 0 0 0 0 0 0 0 0 0 0 0 0 0 0 0 0 0 0 0 0 0 0 0 0 0 0 0 0 0 0 0 0 0 0 0 0 0 0 0 0 0 0 0 0 0 0 0 0 0 0 0 0 0 0 0 0 0 0 0 0 0 0 0 0 0 0 0 0 0 0 0 0 0 0 0 0 0 0 0 0 0 0 0 0 0 0 0 0 0 0 0 0 0 0 0 0 0 0 0 0 0 0 0 0 0 0 0 0 0 0 0 0 0 0 0 0 0 0 0 0 0 0 0 0 0 0 0 0 0 0 0 0 0 0 0 0 0 0 0 0 0 0 0 0 0 0 0 0 0 0 0 0 0 0 0 0 0 0 0 0 0 0 0 0 0 0 0 0 0 0 0 0 0 0 0 0 0 0 0 0 0 0 0 0 0 0 0 0 0 0 0 0 0 0 0 0 0 0 0 0 0 0 0 0 0 0 0 0 0 0 0 0 0 0 0 0 0 0 0 0 0 0 0 0 0 0 0 0 0 0 0 0 0 0 0 0 0 0 0 0 0 0 0 0 0 0 0 0 0 0 0 0 0 0 0 0 0 0 0 0 0 0 0 0 0 0 0 0 0 0 0 0 0 0 0 0 0 0 0 0 0 0 0 0 0 0 0 0 0 0 0 0 0 0 0 0 0 0 0 0 0 0 0 0 0 0 0 0 0 0 0 0 0 0 0 0 0 0 0 0 0 0 0 0 0 0 0 0 0 0 0 0 0 0 0 0 0 0 0 0 0 0 0 0 0 0 0 0 0 0 0 0 0 0 0 0 0 0 0 0 0 0 0 0 0 0 0 0 0 0 0 0 0 0 0 0 0 0 0 0 0 0 0 0 0 0 0 0 0 0 0 0 0 0 0 0 0 0 0 0 0 0 0 0 0 0 0 0 0 0 0 0 0 0 0 0 0 0 0 0 0 0 0 0 0 0 0 0 0 0 0 0 0 0 0 0 0 0 0 0 0 0 0 0 0 0 0 0 0 0 0 0 0 0 0 0 0 0 0 0 0 0 0 0 0 0 0 0 0 0 0 0 0 0 0 0 0 0 0 0 0 0 0 0 0 0 0 0 0 0 0 0 0 0 0 0 0 0 0 0 0 0 0 0 0 0 0 0 0 0 0 0 0 0 0 0 0 0 0 0 0 0 0 0 0 0 0 0 0 0 0 0 0 0 0 0 0 0 0 0 0 0 0 0 0 0 0 0 0 0 0 0 0 0 0 0 0 0 0 0 0 0 0 0 0 0 0 0 0 0 0 0 0 0 0 0 0 0 0 0 0 0 0 0 0 0 0 0 0 0 0 0 0 0 0 0 0 0 0 0 0 0 0 0 0 0 0 0 0 0 0 0 0 0 0 0 0 0 0 0 0 0 0 0 0 0 0 0 0 0 0 0 0 0 0 0 0 0 0 0 0 0 0 0 0 0 0 0 0 0 0 0 0 0 0 0 0 0 0 0 0 0 0 0 0 0 0 0 0 0 0 0 0 0 0 0 0 0 0 0 0 0 0 0 0 0 0 0 0 0 0 0 0 0 0 0 0 0 0 0 0 0 0 0 0 0 0 0 0 0 0 0 0 0 0 0 0 0 0 0 0 0 0 0 0 0 0 0 0 0 0 0 0 0 0 0 0 0 0 0 0 0 0 0 0 0 0 0 0 0 0 0 0 0 0 0 0 0 0 0 0 0 0 0 0 0 0 0 0 0 0 0 0 0 0 0 0 0 0 0 0 0 0 0 0 0 0 0 0 0 0 0 0 0 0 0 0 0 0 0 0 0 0 0 0 0 0 0 0 0 0 0 0 0 0 0 0 0 0 0 0 0 0 0 0 0 0 0 0 0 0 0 0 0 0 0 0 0 0 0 0 0 0 0 0 0 0 0 0 0 0 0 0 0 0 0 0 0 0 0 0 0 0 0 0 0 0 0 0 0 0 0 0 0 0 0 0 0 0 0 0 0 0 0 0 0 0 0 0 0 0 0 0 0 0 0 0 0 0 0 0 0 0 0 0 0 0 0 0 0 0 0 0 0 0 0 0 0 0 0 0 0 0 0 0 0 0 0 0 0 0 0 0 0 0 0 0 0 0 0 0 0 0 0 0 0 0 0 0 0 0 0 0 0 0 0 0 0 0 0 0 0 0 0 0 0 0 0 0 0 0 0 0 0 0 0 0 0 0 0 0 0 0 0 0 0 0 0 0 0 0 0 0 0 0 0 0 0 0 0 0 0 0 0 0 0 0 0 0 0 0 0 0 0 0 0 0 0 0 0 0 0 0 0 0 0 0 0 0 0 0 0 0 0 0 0 0 0 0 0 0 0 0 0 0 0 0 0 0 0 0 0 0 0 0 0 0 0 0 0 0 0 0 0 0 0 0 0 0 0 0 0 0 0 0 0 0 0 0 0 0 0 0 0 0 0 0 0 0 0 0 0 0 0 0 0 0 0 0 0 0 0 0 0 0 0 0 0 0 0 0 0 0 0 0 0 0 0 0 0 0 0 0 0 0 0 0 0 0 0 0 0 0 0 0 0 0 0 0 0 0 0 0 0 0 0 0 0 0 0 0 0 0 0 0 0 0 0 0 0 0 0 0 0 0 0 0 0 0 0 0 0 0 0 0 0 0 0 0 0 0 0 0 0 0 0 0 0 0 0 0 0 0 0 0 0 0 0 0 0 0 0 0 0 0 0 0 0 0 0 0 0 0 0 0 0 0 0 0 0 0 0 0 0 0 0 0 0 0 0 0 0 0 0 0 0 0 0 0 0 0 0 0 0 0 0 0 0 0 0 0 0 0 0 0 0 0 0 0 0 0 0 0 0 0 0 0 0 0 0 0 0 0 0 0 0 0 0 0 0 0 0 0 0 0 0 0 0 0 0 0 0 0 0 0 0 0 0 0 0 0 0 0 0 0 0 0 0 0 0 0 0 0 0 0 0 0 0 0 0 0 0 0 0 0 0 0 0 0 0 0 0 0 0 0 0 0 0 0 0 0 0 0 0 0 0 0 0 0 0 0 0 0 0 0 0 0 0 0 0 0 0 0 0 0 0 0 0 0 0 0 0 0 0 0 0 0 0 0 0 0 0 0 0 0 0 0 0 0 0 0 0 0 0 0 0 0 0 0 0 0 0 0 0 0 0 0 0 0 0 0 0 0 0 0 0 0 0 0 0 0 0 0 0 0 0 0 0 0 0 0 0 0 0 0 0 0 0 0 0 0 0 0 0 0 0 0 0 0 0 0 0 0 0 0 0 0 0 0 0 0 0 0 0 0 0 0 0 0 0 0 0 0 0 0 0 0 0 0 0 0 0 0 0 0 0 0 0 0 0 0 0 0 0 0 0 0 0 0 0 0 0 0 0 0 0 0 0 0 0 0 0 0 0 0 0 0 0 0 0 0 0 0 0 0 0 0 0 0 0 0 0 0 0 0 0 0 0 0 0 0 0 0 0 0 0 0 0 0 0 0 0 0 0 0 0 0 0 0 0 0 0 0 0 0 0 0 0 0 0 0 0 0 0 0 0 0 0 0 0 0 0 0 0 0 0 0 0 0 0 0 0 0 0 0 0 0 0 0 0 0 0 0 0 0 0 0 0 0 0 0 0 0 0 0 0 0 0 0 0 0 0 0 0 0 0 0 0 0 0 0 0 0 0 0 0 0 0 0 0 0 0 0 0 0 0 0 0 0 0 0 0 0 0 0 0 0 0 0 0 0 0 0 0 0 0 0 0 0 0 0 0 0 0 0 0 0 0 0 0 0 0 0 0 0 0 0 0 0 0 0 0 0 0 0 0 0 0 0 0 0 0 0 0 0 0 0 0 0 0 0 0 0 0 0 0 0 0 0 0 0 0 0 0 0 0 0 0 0 0 0 0 0 0 0 0 0 0 0 0 0 0 0 0 0 0 0 0 0 0 0 0 0 0 0 0 0 0 0 0 0 0 0 0 0 0 0 0 0 0 0 0 0 0 0 0 0 0 0 0 0 0 0 0 0 0 0 0 0 0 0 0 0 0 0 0 0 0 0 0 0 0 0 0 0 0 0 0 0 0 0 0 0 0 0 0 0 0 0 0 0 0 0 0 0 0 0 0 0 0 0 0 0 0 0 0 0 0 0 0 0 0 0 0 0 0 0 0 0 0 0 0 0 0 0 0 0 0 0 0 0 0 0 0 0 0 0 0 0 0 0 0 0 0 0 0 0 0 0 0 0 0 0 0 0 0 0 0 0 0 0 0 0 0 0 0 0 0 0 0 0 0 0 0 0 0 0 0 0 0 0 0 0 0 0 0 0 0 0 0 0 0 0 0 0 0 0 0 0 0 0 0 0 0 0 0 0 0 0 0 0 0 0 0 0 0 0 0 0 0 0 0 0 0 0 0 0 0 0 0 0 0 0 0 0 0 0 0 0 0 0 0 0 0 0 0 0 0 0 0 0 0 0 0 0 0 0 0 0 0 0 0 0 0 0 0 0 0 0 0 0 0 0 0 0 0 0 0 0 0 0 0 0 0 0 0 0 0 0 0 0 0 0 0 0 0 0 0 0 0 0 0 0 0 0 0 0 0 0 0 0 0 0 0 0 0 0 0 0 0 0 0 0 0 0 0 0 0 0 0 0 0 0 0 0 0 0 0 0 0 0 0 0 0 0 0 0 0 0 0 0 0 0 0 0 0 0 0 0 0 0 0 0 0 0 0 0 0 0 0 0 0 0 0 0 0 0 0 0 0 0 0 0 0 0 0 0 0 0 0 0 0 0 0 0 0 0 0 0 0 0 0 0 0 0 0 0 0 0 0 0 0 0 0 0 0 0 0 0 0 0 0 0 0 0 0 0 0 0 0 0 0 0 0 0 0 0 0 0 0 0 0 0 0 0 0 0 0 0 0 0 0 0 0 0 0 0 0 0 0 0 0 0 0 0 0 0 0 0 0 0 0 0 0 0 0 0 0 0 0 0 0 0 0 0 0 0 0 0 0 0 0 0 0 0 0 0 0 0 0 0 0 0 0 0 0 0 0 0 0 0 0 0 0 0 0 0 0 0 0 0 0 0 0 0 0 0 0 0 0 0 0 0 0 0 0 0 0 0 0 0 0 0 0 0 0 0 0 0 0 0 0 0 0 0 0 0 0 0 0 0 0 0 0 0 0 0 0 0 0 0 0 0 0 0 0 0 0 0 0 0 0 0 0 0 0 0 0 0 0 0 0 0 0 0 0 0 0 0 0 0 0 0 0 0 0 0 0 0 0 0 0 0 0 0 0 0 0 0 0 0 0 0 0 0 0 0 0 0 0 0 0 0 0 0 0 0 0 0 0 0 0 0 0 0 0 0 0 0 0 0 0 0 0 0 0 0 0 0 0 0 0 0 0 0 0 0 0 0 0 0 0 0 0 0 0 0 0 0 0 0 0 0 0 0 0 0 0 0 0 0 0 0 0 0 0 0 0 0 0 0 0 0 0 0 0 0 0 0 0 0 0 0 0 0 0 0 0 0 0 0 0 0 0 0 0 0 0 0 0 0 0 0 0 0 0 0 0 0 0 0 0 0 0 0 0 0 0 0 0 0 0 0 0 0 0 0 0 0 0 0 0 0 0 0 0 0 0 0 0 0 0 0 0 0 0 0 0 0 0 0 0 0 0 0 0 0 0 0 0 0 0 0 0 0 0 0 0 0 0 0 0 0 0 0 0 0 0 0 0 0 0 0 0 0 0 0 0 0 0 0 0 0 0 0 0 0 0 0 0 0 0 0 0 0 0 0 0 0 0 0 0 0 0 0 0 0 0 0 0 0 0 0 0 0 0 0 0 0 0 0 0 0 0 0 0 0 0 0 0 0 0 0 0 0 0 0 0 0 0 0 0 0 0 0 0 0 0 0 0 0 0 0 0 0 0 0 0 0 0 0 0 0 0 0 0 0 0 0 0 0 0 0 0 0 0 0 0 0 0 0 0 0 0 0 0 0 0 0 0 0 0 0 0 0 0 0 0 0 0 0 0 0 0 0 0 0 0 0 0 0 0 0 0 0 0 0 0 0 0 0 0 0 0 0 0 0 0 0 0 0 0 0 0 0 0 0 0 0 0 0 0 0 0 0 0 0 0 0 0 0 0 0 0 0 0 0 0 0 0 0 0 0 0 0 0 0 0 0 0 0 0 0 0 0 0 0 0 0 0 0 0 0 0 0 0 0 0 0 0 0 0 0 0 0 0 0 0 0 0 0 0 0 0 0 0 0 0 0 0 0 0 0 0 0 0 0 0 0 0 0 0 0 0 0 0 0 0 0 0 0 0 0 0 0 0 0 0 0 0 0 0 0 0 0 0 0 0 0 0 0 0 0 0 0 0 0 0 0 0 0 0 0 0 0 0 0 0 0 0 0 0 0 0 0 0 0 0 0 0 0 0 0 0 0 0 0 0 0 0 0 0 0 0 0 0 0 0 0 0 0 0 0 0 0 0 0 0 0 0 0 0 0 0 0 0 0 0 0 0 0 0 0 0 0 0 0 0 0 0 0 0 0 0 0 0 0 0 0 0 0 0 0 0 0 0 0 0 0 0 0 0 0 0 0 0 0 0 0 0 0 0 0 0 0 0 0 0 0 0 0 0 0 0 0 0 0 0 0 0 0 0 0 0 0 0 0 0 0 0 0 0 0 0 0 0 0 0 0 0 0 0 0 0 0 0 0 0 0 0 0 0 0 0 0 0 0 0 0 0 0 0 0 0 0 0 0 0 0 0 0 0 0 0 0 0 0 0 0 0 0 0 0 0 0 0 0 0 0 0 0 0 0 0 0 0 0 0 0 0 0 0 0 0 0 0 0 0 0 0 0 0 0 0 0 0 0 0 0 0 0 0 0 0 0 0 0 0 0 0 0 0 0 0 0 0 0 0 0 0 0 0 0 0 0 0 0 0 0 0 0 0 0 0 0 0 0 0 0 0 0 0 0 0 0 0 0 0 0 0 0 0 0 0 0 0 0 0 0 0 0 0 0 0 0 0 0 0 0 0 0 0 0 0 0 0 0 0 0 0 0 0 0 0 0 0 0 0 0 0 0 0 0 0 0 0 0 0 0 0 0 0 0 0 0 0 0 0 0 0 0 0 0 0 0 0 0 0 0 0 0 0 0 0 0 0 0 0 0 0 0 0 0 0 0 0 0 0 0 0 0 0 0 0 0 0 0 0 0 0 0 0 0 0 0 0 0 0 0 0 0 0 0 0 0 0 0 0 0 0 0 0 0 0 0 0 0 0 0 0 0 0 0 0 0 0 0 0 0 0 0 0 0 0 0 0 0 0 0 0 0 0 0 0 0 0 0 0 0 0 0 0 0 0 0 0 0 0 0 0 0 0 0 0 0 0 0 0 0 0 0 0 0 0 0 0 0 0 0 0 0 0 0 0 0 0 0 0 0 0 0 0 0 0 0 0 0 0 0 0 0 0 0 0 0 0 0 0 0 0 0 0 0 0 0 0 0 0 0 0 0 0 0 0 0 0 0 0 0 0 0 0 0 0 0 0 0 0 0 0 0 0 0 0 0 0 0 0 0 0 0 0 0 0 0 0 0 0 0 0 0 0 0 0 0 0 0 0 0 0 0 0 0 0 0 0 0 0 0 0 0 0 0 0 0 0 0 0 0 0 0 0 0 0 0 0 0 0 0 0 0 0 0 0 0 0 0 0 0 0 0 0 0 0 0 0 0 0 0 0 0 0 0 0 0 0 0 0 0 0 0 0 0 0 0 0 0 0 0 0 0 0 0 0 0 0 0 0 0 0 0 0 0 0 0 0 0 0 0 0 0 0 0 0 0 0 0 0 0 0 0 0 0 0 0 0 0 0 0 0 0 0 0 0 0 0 0 0 0 0 0 0 0 0 0 0 0 0 0 0 0 0 0 0 0 0 0 0 0 0 0 0 0 0 0 0 0 0 0 0 0 0 0 0 0 0 0 0 0 0 0 0 0 0 0 0 0 0 0 0 0 0 0 0 0 0 0 0 0 0 0 0 0 0 0 0 0 0 0 0 0 0 0 0 0 0 0 0 0 0 0 0 0 0 0 0 0 0 0 0 0 0 0 0 0 0 0 0 0 0 0 0 0 0 0 0 0 0 0 0 0 0 0 0 0 0 0 0 0 0 0 0 0 0 0 0 0 0 0 0 0 0 0 0 0 0 0 0 0 0 0 0 0 0 0 0 0 0 0 0 0 0 0 0 0 0 0 0 0 0 0 0 0 0 0 0 0 0 0 0 0 0 0 0 0 0 0 0 0 0 0 0 0 0 0 0 0 0 0 0 0 0 0 0 0 0 0 0 0 0 0 0 0 0 0 0 0 0 0 0 0 0 0 0 0 0 0 0 0 0 0 0 0 0 0 0 0 0 0 0 0 0 0 0 0 0 0 0 0 0 0 0 0 0 0 0 0 0 0 0 0 0 0 0 0 0 0 0 0 0 0 0 0 0 0 0 0 0 0 0 0 0 0 0 0 0 0 0 0 0 0 0 0 0 0 0 0 0 0 0 0 0 0 0 0 0 0 0 0 0 0 0 0 0 0 0 0 0 0 0 0 0 0 0 0 0 0 0 0 0 0 0 0 0 0 0 0 0 0 0 0 0 0 0 0 0 0 0 0 0 0 0 0 0 0 0 0 0 0 0 0 0 0 0 0 0 0 0 0 0 0 0 0 0 0 0 0 0 0 0 0 0 0 0 0 0 0 0 0 0 0 0 0 0 0 0 0 0 0 0 0 0 0 0 0 0 0 0 0 0 0 0 0 0 0 0 0 0 0 0 0 0 0 0 0 0 0 0 0 0 0 0 0 0 0 0 0 0 0 0 0 0 0 0 0 0 0 0 0 0 0 0 0 0 0 0 0 0 0 0 0 0 0 0 0 0 0 0 0 0 0 0 0 0 0 0 0 0 0 0 0 0 0 0 0 0 0 0 0 0 0 0 0 0 0 0 0 0 0 0 0 0 0 0 0 0 0 0 0 0 0 0 0 0 0 0 0 0 0 0 0 0 0 0 0 0 0 0 0 0 0 0 0 0 0 0 0 0 0 0 0 0 0 0 0 0 0 0 0 0 0 0 0 0 0 0 0 0 0 0 0 0 0 0 0 0 0 0 0 0 0 0 0 0 0 0 0 0 0 0 0 0 0 0 0 0 0 0 0 0 0 0 0 0 0 0 0 0 0 0 0 0 0 0 0 0 0 0 0 0 0 0 0 0 0 0 0 0 0 0 0 0 0 0 0 0 0 0 0 0 0 0 0 0 0 0 0 0 0 0 0 0 0 0 0 0 0 0 0 0 0 0 0 0 0 0 0 0 0 0 0 0 0 0 0 0 0 0 0 0 0 0 0 0 0 0 0 0 0 0 0 0 0 0 0 0 0 0 0 0 0 0 0 0 0 0 0 0 0 0 0 0 0 0 0 0 0 0 0 0 0 0 0 0 0 0 0 0 0 0 0 0 0 0 0 0 0 0 0 0 0 0 0 0 0 0 0 0 0 0 0 0 0 0 0 0 0 0 0 0 0 0 0 0 0 0 0 0 0 0 0 0 0 0 0 0 0 0 0 0 0 0 0 0 0 0 0 0 0 0 0 0 0 0 0 0 0 0 0 0 0 0 0 0 0 0 0 0 0 0 0 0 0 0 0 0 0 0 0 0 0 0 0 0 0 0 0 0 0 0 0 0 0 0 0 0 0 0 0 0 0 0 0 0 0 0 0 0 0 0 0 0 0 0 0 0 0 0 0 0 0 0 0 0 0 0 0 0 0 0 0 0 0 0 0 0 0 0 0 0 0 0 0 0 0 0 0 0 0 0 0 0 0 0 0 0 0 0 0 0 0 0 0 0 0 0 0 0 0 0 0 0 0 0 0 0 0 0 0 0 0 0 0 0 0 0 0 0 0 0 0 0 0 0 0 0 0 0 0 0 0 0 0 0 0 0 0 0 0 0 0 0 0 0 0 0 0 0 0 0 0 0 0 0 0 0 0 0 0 0 0 0 0 0 0 0 0 0 0 0 0 0 0 0 0 0 0 0 0 0 0 0 0 0 0 0 0 0 0 0 0 0 0 0 0 0 0 0 0 0 0 0 0 0 0 0 0 0 0 0 0 0 0 0 0 0 0 0 0 0 0 0 0 0 0 0 0 0 0 0 0 0 0 0 0 0 0 0 0 0 0 0 0 0 0 0 0 0 0 0 0 0 0 0 0 0 0 0 0 0 0 0 0 0 0 0 0 0 0 0 0 0 0 0 0 0 0 0 0 0 0 0 0 0 0 0 0 0 0 0 0 0 0 0 0 0 0 0 0 0 0 0 0 0 0 0 0 0 0 0 0 0 0 0 0 0 0 0 0 0 0 0 0 0 0 0 0 0 0 0 0 0 0 0 0 0 0 0 0 0 0 0 0 0 0 0 0 0 0 0 0 0 0 0 0 0 0 0 0 0 0 0 0 0 0 0 0 0 0 0 0 0 0 0 0 0 0 0 0 0 0 0 0 0 0 0 0 0 0 0 0 0 0 0 0 0 0 0 0 0 0 0 0 0 0 0 0 0 0 0 0 0 0 0 0 0 0 0 0 0 0 0 0 0 0 0 0 0 0 0 0 0 0 0 0 0 0 0 0 0 0 0 0 0 0 0 0 0 0 0 0 0 0 0 0 0 0 0 0 0 0 0 0 0 0 0 0 0 0 0 0 0 0 0 0 0 0 0 0 0 0 0 0 0 0 0 0 0 0 0 0 0 0 0 0 0 0 0 0 0 0 0 0 0 0 0 0 0 0 0 0 0 0 0 0 0 0 0 0 0 0 0 0 0 0 0 0 0 0 0 0 0 0 0 0 0 0 0 0 0 0 0 0 0 0 0 0 0 0 0 0 0 0 0 0 0 0 0 0 0 0 0 0 0 0 0 0 0 0 0 0 0 0 0 0 0 0 0 0 0 0 0 0 0 0 0 0 0 0 0 0 0 0 0 0 0 0 0 0 0 0 0 0 0 0 0 0 0 0 0 0 0 0 0 0 0 0 0 0 0 0 0 0 0 0 0 0 0 0 0 0 0 0 0 0 0 0 0 0 0 0 0 0 0 0 0 0 0 0 0 0 0 0 0 0 0 0 0 0 0 0 0 0 0 0 0 0 0 0 0 0 0 0 0 0 0 0 0 0 0 0 0 0 0 0 0 0 0 0 0 0 0 0 0 0 0 0 0 0 0 0 0 0 0 0 0 0 0 0 0 0 0 0 0 0 0 0 0 0 0 0 0 0 0 0 0 0 0 0 0 0 0 0 0 0 0 0 0 0 0 0 0 0 0 0 0 0 0 0 0 0 0 0 0 0 0 0 0 0 0 0 0 0 0 0 0 0 0 0 0 0 0 0 0 0 0 0 0 0 0 0 0 0 0 0 0 0 0 0 0 0 0 0 0 0 0 0 0 0 0 0 0 0 0 0 0 0 0 0 0 0 0 0 0 0 0 0 0 0 0 0 0 0 0 0 0 0 0 0 0 0 0 0 0 0 0 0 0 0 0 0 0 0 0 0 0 0 0 0 0 0 0 0 0 0 0 0 0 0 0 0 0 0 0 0 0 0 0 0 0 0 0 0 0 0 0 0 0 0 0 0 0 0 0 0 0 0 0 0 0 0 0 0 0 0 0 0 0 0 0 0 0 0 0 0 0 0 0 0 0 0 0 0 0 0 0 0 0 0 0 0 0 0 0 0 0 0 0 0 0 0 0 0 0 0 0 0 0 0 0 0 0 0 0 0 0 0 0 0 0 0 0 0 0 0 0 0 0 0 0 0 0 0 0 0 0 0 0 0 0 0 0 0 0 0 0 0 0 0 0 0 0 0 0 0 0 0 0 0 0 0 0 0 0 0 0 0 0 0 0 0 0 0 0 0 0 0 0 0 0 0 0 0 0 0 0 0 0 0 0 0 0 0 0 0 0 0 0 0 0 0 0 0 0 0 0 0 0 0 0 0 0 0 0 0 0 0 0 0 0 0 0 0 0 0 0 0 0 0 0 0 0 0 0 0 0 0 0 0 0 0 0 0 0 0 0 0 0 0 0 0 0 0 0 0 0 0 0 0 0 0 0 0 0 0 0 0 0 0 0 0 0 0 0 0 0 0 0 0 0 0 0 0 0 0 0 0 0 0 0 0 0 0 0 0 0 0 0 0 0 0 0 0 0 0 0 0 0 0 0 0 0 0 0 0 0 0 0 0 0 0 0 0 0 0 0 0 0 0 0 0 0 0 0 0 0 0 0 0 0 0 0 0 0 0 0 0 0 0 0 0 0 0 0 0 0 0 0 0 0 0 0 0 0 0 0 0 0 0 0 0 0 0 0 0 0 0 0 0 0 0 0 0 0 0 0 0 0 0 0 0 0 0 0 0 0 0 0 0 0 0 0 0 0 0 0 0 0 0 0 0 0 0 0 0 0 0 0 0 0 0 0 0 0 0 0 0 0 0 0 0 0 0 0 0 0 0 0 0 0 0 0 0 0 0 0 0 0 0 0 0 0 0 0 0 0 0 0 0 0 0 0 0 0 0 0 0 0 0 0 0 0 0 0 0 0 0 0 0 0 0 0 0 0 0 0 0 0 0 0 0 0 0 0 0 0 0 0 0 0 0 0 0 0 0 0 0 0 0 0 0 0 0 0 0 0 0 0 0 0 0 0 0 0 0 0 0 0 0 0 0 0 0 0 0 0 0 0 0 0 0 0 0 0 0 0 0 0 0 0 0 0 0 0 0 0 0 0 0 0 0 0 0 0 0 0 0 0 0 0 0 0 0 0 0 0 0 0 0 0 0 0 0 0 0 0 0 0 0 0 0 0 0 0 0 0 0 0 0 0 0 0 0 0 0 0 0 0 0 0 0 0 0 0 0 0 0 0 0 0 0 0 0 0 0 0 0 0 0 0 0 0 0 0 0 0 0 0 0 0 0 0 0 0 0 0 0 0 0 0 0 0 0 0 0 0 0 0 0 0 0 0 0 0 0 0 0 0 0 0 0 0 0 0 0 0 0 0 0 0 0 0 0 0 0 0 0 0 0 0 0 0 0 0 0 0 0 0 0 0 0 0 0 0 0 0 0 0 0 0 0 0 0 0 0 0 0 0 0 0 0 0 0 0 0 0 0 0 0 0 0 0 0 0 0 0 0 0 0 0 0 0 0 0 0 0 0 0 0 0 0 0 0 0 0 0 0 0 0 0 0 0 0 0 0 0 0 0 0 0 0 0 0 0 0 0 0 0 0 0 0 0 0 0 0 0 0 0 0 0 0 0 0 0 0 0 0 0 0 0 0 0 0 0 0 0 0 0 0 0 0 0 0 0 0 0 0 0 0 0 0 0 0 0 0 0 0 0 0 0 0 0 0 0 0 0 0 0 0 0 0 0 0 0 0 0 0 0 0 0 0 0 0 0 0 0 0 0 0 0 0 0 0 0 0 0 0 0 0 0 0 0 0 0 0 0 0 0 0 0 0 0 0 0 0 0 0 0 0 0 0 0 0 0 0 0 0 0 0 0 0 0 0 0 0 0 0 0 0 0 0 0 0 0 0 0 0 0 0 0 0 0 0 0 0 0 0 0 0 0 0 0 0 0 0 0 0 0 0 0 0 0 0 0 0 0 0 0 0 0 0 0 0 0 0 0 0 0 0 0 0 0 0 0 0 0 0 0 0 0 0 0 0 0 0 0 0 0 0 0 0 0 0 0 0 0 0 0 0 0 0 0 0 0 0 0 0 0 0 0 0 0 0 0 0 0 0 0 0 0 0 0 0 0 0 0 0 0 0 0 0 0 0 0 0 0 0 0 0 0 0 0 0 0 0 0 0 0 0 0 0 0 0 0 0 0 0 0 0 0 0 0 0 0 0 0 0 0 0 0 0 0 0 0 0 0 0 0 0 0 0 0 0 0 0 0 0 0 0 0 0 0 0 0 0 0 0 0 0 0 0 0 0 0 0 0 0 0 0 0 0 0 0 0 0 0 0 0 0 0 0 0 0 0 0 0 0 0 0 0 0 0 0 0 0 0 0 0 0 0 0 0 0 0 0 0 0 0 0 0 0 0 0 0 0 0 0 0 0 0 0 0 0 0 0 0 0 0 0 0 0 0 0 0 0 0 0 0 0 0 0 0 0 0 0 0 0 0 0 0 0 0 0 0 0 0 0 0 0 0 0 0 0 0 0 0 0 0 0 0 0 0 0 0 0 0 0 0 0 0 0 0 0 0 0 0 0 0 0 0 0 0 0 0 0 0 0 0 0 0 0 0 0 0 0 0 0 0 0 0 0 0 0 0 0 0 0 0 0 0 0 0 0 0 0 0 0 0 0 0 0 0 0 0 0 0 0 0 0 0 0 0 0 0 0 0 0 0 0 0 0 0 0 0 0 0 0 0 0 0 0 0 0 0 0 0 0 0 0 0 0 0 0 0 0 0 0 0 0 0 0 0 0 0 0 0 0 0 0 0 0 0 0 0 0 0 0 0 0 0 0 0 0 0 0 0 0 0 0 0 0 0 0 0 0 0 0 0 0 0 0 0 0 0 0 0 0 0 0 0 0 0 0 0 0 0 0 0 0 0 0 0 0 0 0 0 0 0 0 0 0 0 0 0 0 0 0 0 0 0 0 0 0 0 0 0 0 0 0 0 0 0 0 0 0 0 0 0 0 0 0 0 0 0 0 0 0 0 0 0 0 0 0 0 0 0 0 0 0 0 0 0 0 0 0 0 0 0 0 0 0 0 0 0 0 0 0 0 0 0 0 0 0 0 0 0 0 0 0 0 0 0 0 0 0 0 0 0 0 0 0 0 0 0 0 0 0 0 0 0 0 0 0 0 0 0 0 0 0 0 0 0 0 0 0 0 0 0 0 0 0 0 0 0 0 0 0 0 0 0 0 0 0 0 0 0 0 0 0 0 0 0 0 0 0 0 0 0 0 0 0 0 0 0 0 0 0 0 0 0 0 0 0 0 0 0 0 0 0 0 0 0 0 0 0 0 0 0 0 0 0 0 0 0 0 0 0 0 0 0 0 0 0 0 0 0 0 0 0 0 0 0 0 0 0 0 0 0 0 0 0 0 0 0 0 0 0 0 0 0 0 0 0 0 0 0 0 0 0 0 0 0 0 0 0 0 0 0 0 0 0 0 0 0 0 0 0 0 0 0 0 0 0 0 0 0 0 0 0 0 0 0 0 0 0 0 0 0 0 0 0 0 0 0 0 0 0 0 0 0 0 0 0 0 0 0 0 0 0 0 0 0 0 0 0 0 0 0 0 0 0 0 0 0 0 0 0 0 0 0 0 0 0 0 0 0 0 0 0 0 0 0 0 0 0 0 0 0 0 0 0 0 0 0 0 0 0 0 0 0 0 0 0 0 0 0 0 0 0 0 0 0 0 0 0 0 0 0 0 0 0 0 0 0 0 0 0 0 0 0 0 0 0 0 0 0 0 0 0 0 0 0 0 0 0 0 0 0 0 0 0 0 0 0 0 0 0 0 0 0 0 0 0 0 0 0 0 0 0 0 0 0 0 0 0 0 0 0 0 0 0 0 0 0 0 0 0 0 0 0 0 0 0 0 0 0 0 0 0 0 0 0 0 0 0 0 0 0 0 0 0 0 0 0 0 0 0 0 0 0 0 0 0 0 0 0 0 0 0 0 0 0 0 0 0 0 0 0 0 0 0 0 0 0 0 0 0 0 0 0 0 0 0 0 0 0 0 0 0 0 0 0 0 0 0 0 0 0 0 0 0 0 0 0 0 0 0 0 0 0 0 0 0 0 0 0 0 0 0 0 0 0 0 0 0 0 0 0 0 0 0 0 0 0 0 0 0 0 0 0 0 0 0 0 0 0 0 0 0 0 0 0 0 0 0 0 0 0 0 0 0 0 0 0 0 0 0 0 0 0 0 0 0 0 0 0 0 0 0 0 0 0 0 0 0 0 0 0 0 0 0 0 0 0 0 0 0 0 0 0 0 0 0 0 0 0 0 0 0 0 0 0 0 0 0 0 0 0 0 0 0 0 0 0 0 0 0 0 0 0 0 0 0 0 0 0 0 0 0 0 0 0 0 0 0 0 0 0 0 0 0 0 0 0 0 0 0 0 0 0 0 0 0 0 0 0 0 0 0 0 0 0 0 0 0 0 0 0 0 0 0 0 0 0 0 0 0 0 0 0 0 0 0 0 0 0 0 0 0 0 0 0 0 0 0 0 0 0 0 0 0 0 0 0 0 0 0 0 0 0 0 0 0 0 0 0 0 0 0 0 0 0 0 0 0 0 0 0 0 0 0 0 0 0 0 0 0 0 0 0 0 0 0 0 0 0 0 0 0 0 0 0 0 0 0 0 0 0 0 0 0 0 0 0 0 0 0 0 0 0 0 0 0 0 0 0 0 0 0 0 0 0 0 0 0 0 0 0 0 0 0 0 0 0 0 0 0 0 0 0 0 0 0 0 0 0 0 0 0 0 0 0 0 0 0 0 0 0 0 0 0 0 0 0 0 0 0 0 0 0 0 0 0 0 0 0 0 0 0 0 0 0 0 0 0 0 0 0 0 0 0 0 0 0 0 0 0 0 0 0 0 0 0 0 0 0 0 0 0 0 0 0 0 0 0 0 0 0 0 0 0 0 0 0 0 0 0 0 0 0 0 0 0 0 0 0 0 0 0 0 0 0 0 0 0 0 0 0 0 0 0 0 0 0 0 0 0 0 0 0 0 0 0 0 0 0 0 0 0 0 0 0 0 0 0 0 0 0 0 0 0 0 0 0 0 0 0 0 0 0 0 0 0 0 0 0 0 0 0 0 0 0 0 0 0 0 0 0 0 0 0 0 0 0 0 0 0 0 0 0 0 0 0 0 0 0 0 0 0 0 0 0 0 0 0 0 0 0 0 0 0 0 0 0 0 0 0 0 0 0 0 0 0 0 0 0 0 0 0 0 0 0 0 0 0 0 0 0 0 0 0 0 0 0 0 0 0 0 0 0 0 0 0 0 0 0 0 0 0 0 0 0 0 0 0 0 0 0 0 0 0 0 0 0 0 0 0 0 0 0 0 0 0 0 0 0 0 0 0 0 0 0 0 0 0 0 0 0 0 0 0 0 0 0 0 0 0 0 0 0 0 0 0 0 0 0 0 0 0 0 0 0 0 0 0 0 0 0 0 0 0 0 0 0 0 0 0 0 0 0 0 0 0 0 0 0 0 0 0 0 0 0 0 0 0 0 0 0 0 0 0 0 0 0 0 0 0 0 0 0 0 0 0 0 0 0 0 0 0 0 0 0 0 0 0 0 0 0 0 0 0 0 0 0 0 0 0 0 0 0 0 0 0 0 0 0 0 0 0 0 0 0 0 0 0 0 0 0 0 0 0 0 0 0 0 0 0 0 0 0 0 0 0 0 0 0 0 0 0 0 0 0 0 0 0 0 0 0 0 0 0 0 0 0 0 0 0 0 0 0 0 0 0 0 0 0 0 0 0 0 0 0 0 0 0 0 0 0 0 0 0 0 0 0 0 0 0 0 0 0 0 0 0 0 0 0 0 0 0 0 0 0 0 0 0 0 0 0 0 0 0 0 0 0 0 0 0 0 0 0 0 0 0 0 0 0 0 0 0 0 0 0 0 0 0 0 0 0 0 0 0 0 0 0 0 0 0 0 0 0 0 0 0 0 0 0 0 0 0 0 0 0 0 0 0 0 0 0 0 0 0 0 0 0 0 0 0 0 0 0 0 0 0 0 0 0 0 0 0 0 0 0 0 0 0 0 0 0 0 0 0 0 0 0 0 0 0 0 0 0 0 0 0 0 0 0 0 0 0 0 0 0 0 0 0 0 0 0 0 0 0 0 0 0 0 0 0 0 0 0 0 0 0 0 0 0 0 0 0 0 0 0 0 0 0 0 0 0 0 0 0 0 0 0 0 0 0 0 0 0 0 0 0 0 0 0 0 0 0 0 0 0 0 0 0 0 0 0 0 0 0 0 0 0 0 0 0 0 0 0 0 0 0 0 0 0 0 0 0 0 0 0 0 0 0 0 0 0 0 0 0 0 0 0 0 0 0 0 0 0 0 0 0 0 0 0 0 0 0 0 0 0 0 0 0 0 0 0 0 0 0 0 0 0 0 0 0 0 0 0 0 0 0 0 0 0 0 0 0 0 0 0 0 0 0 0 0 0 0 0 0 0 0 0 0 0 0 0 0 0 0 0 0 0 0 0 0 0 0 0 0 0 0 0 0 0 0 0 0 0 0 0 0 0 0 0 0 0 0 0 0 0 0 0 0 0 0 0 0 0 0 0 0 0 0 0 0 0 0 0 0 0 0 0 0 0 0 0 0 0 0 0 0 0 0 0 0 0 0 0 0 0 0 0 0 0 0 0 0 0 0 0 0 0 0 0 0 0 0 0 0 0 0 0 0 0 0 0 0 0 0 0 0 0 0 0 0 0 0 0 0 0 0 0 0 0 0 0 0 0 0 0 0 0 0 0 0 0 0 0 0 0 0 0 0 0 0 0 0 0 0 0 0 0 0 0 0 0 0 0 0 0 0 0 0 0 0 0 0 0 0 0 0 0 0 0 0 0 0 0 0 0 0 0 0 0 0 0 0 0 0 0 0 0 0 0 0 0 0 0 0 0 0 0 0 0 0 0 0 0 0 0 0 0 0 0 0 0 0 0 0 0 0 0 0 0 0 0 0 0 0 0 0 0 0 0 0 0 0 0 0 0 0 0 0 0 0 0 0 0 0 0 0 0 0 0 0 0 0 0 0 0 0 0 0 0 0 0 0 0 0 0 0 0 0 0 0 0 0 0 0 0 0 0 0 0 0 0 0 0 0 0 0 0 0 0 0 0 0 0 0 0 0 0 0 0 0 0 0 0 0 0 0 0 0 0 0 0 0 0 0 0 0 0 0 0 0 0 0 0 0 0 0 0 0 0 0 0 0 0 0 0 0 0 0 0 0 0 0 0 0 0 0 0 0 0 0 0 0 0 0 0 0 0 0 0 0 0 0 0 0 0 0 0 0 0 0 0 0 0 0 0 0 0 0 0 0 0 0 0 0 0 0 0 0 0 0 0 0 0 0 0 0 0 0 0 0 0 0 0 0 0 0 0 0 0 0 0 0 0 0 0 0 0 0 0 0 0 0 0 0 0 0 0 0 0 0 0 0 0 0 0 0 0 0 0 0 0 0 0 0 0 0 0 0 0 0 0 0 0 0 0 0 0 0 0 0 0 0 0 0 0 0 0 0 0 0 0 0 0 0 0 0 0 0 0 0 0 0 0 0 0 0 0 0 0 0 0 0 0 0 0 0 0 0 0 0 0 0 0 0 0 0 0 0 0 0 0 0 0 0 0 0 0 0 0 0 0 0 0 0 0 0 0 0 0 0 0 0 0 0 0 0 0 0 0 0 0 0 0 0 0 0 0 0 0 0 0 0 0 0 0 0 0 0 0 0 0 0 0 0 0 0 0 0 0 0 0 0 0 0 0 0 0 0 0 0 0 0 0 0 0 0 0 0 0 0 0 0 0 0 0 0 0 0 0 0 0 0 0 0 0 0 0 0 0 0 0 0 0 0 0 0 0 0 0 0 0 0 0 0 0 0 0 0 0 0 0 0 0 0 0 0 0 0 0 0 0 0 0 0 0 0 0 0 0 0 0 0 0 0 0 0 0 0 0 0 0 0 0 0 0 0 0 0 0 0 0 0 0 0 0 0 0 0 0 0 0 0 0 0 0 0 0 0 0 0 0 0 0 0 0 0 0 0 0 0 0 0 0 0 0 0 0 0 0 0 0 0 0 0 0 0 0 0 0 0 0 0 0 0 0 0 0 0 0 0 0 0 0 0 0 0 0 0 0 0 0 0 0 0 0 0 0 0 0 0 0 0 0 0 0 0 0 0 0 0 0 0 0 0 0 0 0 0 0 0 0 0 0 0 0 0 0 0 0 0 0 0 0 0 0 0 0 0 0 0 0 0 0 0 0 0 0 0 0 0 0 0 0 0 0 0 0 0 0 0 0 0 0 0 0 0 0 0 0 0 0 0 0 0 0 0 0 0 0 0 0 0 0 0 0 0 0 0 0 0 0 0 0 0 0 0 0 0 0 0 0 0 0 0 0 0 0 0 0 0 0 0 0 0 0 0 0 0 0 0 0 0 0 0 0 0 0 0 0 0 0 0 0 0 0 0 0 0 0 0 0 0 0 0 0 0 0 0 0 0 0 0 0 0 0 0 0 0 0 0 0 0 0 0 0 0 0 0 0 0 0 0 0 0 0 0 0 0 0 0 0 0 0 0 0 0 0 0 0 0 0 0 0 0 0 0 0 0 0 0 0 0 0 0 0 0 0 0 0 0 0 0 0 0 0 0 0 0 0 0 0 0 0 0 0 0 0 0 0 0 0 0 0 0 0 0 0 0 0 0 0 0 0 0 0 0 0 0 0 0 0 0 0 0 0 0 0 0 0 0 0 0 0 0 0 0 0 0 0 0 0 0 0 0 0 0 0 0 0 0 0 0 0 0 0 0 0 0 0 0 0 0 0 0 0 0 0 0 0 0 0 0 0 0 0 0 0 0 0 0 0 0 0 0 0 0 0 0 0 0 0 0 0 0 0 0 0 0 0 0 0 0 0 0 0 0 0 0 0 0 0 0 0 0 0 0 0 0 0 0 0 0 0 0 0 0 0 0 0 0 0 0 0 0 0 0 0 0 0 0 0 0 0 0 0 0 0 0 0 0 0 0 0 0 0 0 0 0 0 0 0 0 0 0 0 0 0 0 0 0 0 0 0 0 0 0 0 0 0 0 0 0 0 0 0 0 0 0 0 0 0 0 0 0 0 0 0 0 0 0 0 0 0 0 0 0 0 0 0 0 0 0 0 0 0 0 0 0 0 0 0 0 0 0 0 0 0 0 0 0 0 0 0 0 0 0 0 0 0 0 0 0 0 0 0 0 0 0 0 0 0 0 0 0 0 0 0 0 0 0 0 0 0 0 0 0 0 0 0 0 0 0 0 0 0 0 0 0 0 0 0 0 0 0 0 0 0 0 0 0 0 0 0 0 0 0 0 0 0 0 0 0 0 0 0 0 0 0 0 0 0 0 0 0 0 0 0 0 0 0 0 0 0 0 0 0 0 0 0 0 0 0 0 0 0 0 0 0 0 0 0 0 0 0 0 0 0 0 0 0 0 0 0 0 0 0 0 0 0 0 0 0 0 0 0 0 0 0 0 0 0 0 0 0 0 0 0 0 0 0 0 0 0 0 0 0 0 0 0 0 0 0 0 0 0 0 0 0 0 0 0 0 0 0 0 0 0 0 0 0 0 0 0 0 0 0 0 0 0 0 0 0 0 0 0 0 0 0 0 0 0 0 0 0 0 0 0 0 0 0 0 0 0 0 0 0 0 0 0 0 0 0 0 0 0 0 0 0 0 0 0 0 0 0 0 0 0 0 0 0 0 0 0 0 0 0 0 0 0 0 0 0 0 0 0 0 0 0 0 0 0 0 0 0 0 0 0 0 0 0 0 0 0 0 0 0 0 0 0 0 0 0 0 0 0 0 0 0 0 0 0 0 0 0 0 0 0 0 0 0 0 0 0 0 0 0 0 0 0 0 0 0 0 0 0 0 0 0 0 0 0 0 0 0 0 0 0 0 0 0 0 0 0 0 0 0 0 0 0 0 0 0 0 0 0 0 0 0 0 0 0 0 0 0 0 0 0 0 0 0 0 0 0 0 0 0 0 0 0 0 0 0 0 0 0 0 0 0 0 0 0 0 0 0 0 0 0 0 0 0 0 0 0 0 0 0 0 0 0 0 0 0 0 0 0 0 0 0 0 0 0 0 0 0 0 0 0 0 0 0 0 0 0 0 0 0 0 0 0 0 0 0 0 0 0 0 0 0 0 0 0 0 0 0 0 0 0 0 0 0 0 0 0 0 0 0 0 0 0 0 0 0 0 0 0 0 0 0 0 0 0 0 0 0 0 0 0 0 0 0 0 0 0 0 0 0 0 0 0 0 0 0 0 0 0 0 0 0 0 0 0 0 0 0 0 0 0 0 0 0 0 0 0 0 0 0 0 0 0 0 0 0 0 0 0 0 0 0 0 0 0 0 0 0 0 0 0 0 0 0 0 0 0 0 0 0 0 0 0 0 0 0 0 0 0 0 0 0 0 0 0 0 0 0 0 0 0 0 0 0 0 0 0 0 0 0 0 0 0 0 0 0 0 0 0 0 0 0 0 0 0 0 0 0 0 0 0 0 0 0 0 0 0 0 0 0 0 0 0 0 0 0 0 0 0 0 0 0 0 0 0 0 0 0 0 0 0 0 0 0 0 0 0 0 0 0 0 0 0 0 0 0 0 0 0 0 0 0 0 0 0 0 0 0 0 0 0 0 0 0 0 0 0 0 0 0 0 0 0 0 0 0 0 0 0 0 0 0 0 0 0 0 0 0 0 0 0 0 0 0 0 0 0 0 0 0 0 0 0 0 0 0 0 0 0 0 0 0 0 0 0 0 0 0 0 0 0 0 0 0 0 0 0 0 0 0 0 0 0 0 0 0 0 0 0 0 0 0 0 0 0 0 0 0 0 0 0 0 0 0 0 0 0 0 0 0 0 0 0 0 0 0 0 0 0 0 0 0 0 0 0 0 0 0 0 0 0 0 0 0 0 0 0 0 0 0 0 0 0 0 0 0 0 0 0 0 0 0 0 0 0 0 0 0 0 0 0 0 0 0 0 0 0 0 0 0 0 0 0 0 0 0 0 0 0 0 0 0 0 0 0 0 0 0 0 0 0 0 0 0 0 0 0 0 0 0 0 0 0 0 0 0 0 0 0 0 0 0 0 0 0 0 0 0 0 0 0 0 0 0 0 0 0 0 0 0 0 0 0 0 0 0 0 0 0 0 0 0 0 0 0 0 0 0 0 0 0 0 0 0 0 0 0 0 0 0 0 0 0 0 0 0 0 0 0 0 0 0 0 0 0 0 0 0 0 0 0 0 0 0 0 0 0 0 0 0 0 0 0 0 0 0 0 0 0 0 0 0 0 0 0 0 0 0 0 0 0 0 0 0 0 0 0 0 0 0 0 0 0 0 0 0 0 0 0 0 0 0 0 0 0 0 0 0 0 0 0 0 0 0 0 0 0 0 0 0 0 0 0 0 0 0 0 0 0 0 0 0 0 0 0 0 0 0 0 0 0 0 0 0 0 0 0 0 0 0 0 0 0 0 0 0 0 0 0 0 0 0 0 0 0 0 0 0 0 0 0 0 0 0 0 0 0 0 0 0 0 0 0 0 0 0 0 0 0 0 0 0 0 0 0 0 0 0 0 0 0 0 0 0 0 0 0 0 0 0 0 0 0 0 0 0 0 0 0 0 0 0 0 0 0 0 0 0 0 0 0 0 0 0 0 0 0 0 0 0 0 0 0 0 0 0 0 0 0 0 0 0 0 0 0 0 0 0 0 0 0 0 0 0 0 0 0 0 0 0 0 0 0 0 0 0 0 0 0 0 0 0 0 0 0 0 0 0 0 0 0 0 0 0 0 0 0 0 0 0 0 0 0 0 0 0 0 0 0 0 0 0 0 0 0 0 0 0 0 0 0 0 0 0 0 0 0 0 0 0 0 0 0 0 0 0 0 0 0 0 0 0 0 0 0 0 0 0 0 0 0 0 0 0 0 0 0 0 0 0 0 0 0 0 0 0 0 0 0 0 0 0 0 0 0 0 0 0 0 0 0 0 0 0 0 0 0 0 0 0 0 0 0 0 0 0 0 0 0 0 0 0 0 0 0 0 0 0 0 0 0 0 0 0 0 0 0 0 0 0 0 0 0 0 0 0 0 0 0 0 0 0 0 0 0 0 0 0 0 0 0 0 0 0 0 0 0 0 0 0 0 0 0 0 0 0 0 0 0 0 0 0 0 0 0 0 0 0 0 0 0 0 0 0 0 0 0 0 0 0 0 0 0 0 0 0 0 0 0 0 0 0 0 0 0 0 0 0 0 0 0 0 0 0 0 0 0 0 0 0 0 0 0 0 0 0 0 0 0 0 0 0 0 0 0 0 0 0 0 0 0 0 0 0 0 0 0 0 0 0 0 0 0 0 0 0 0 0 0 0 0 0 0 0 0 0 0 0 0 0 0 0 0 0 0 0 0 0 0 0 0 0 0 0 0 0 0 0 0 0 0 0 0 0 0 0 0 0 0 0 0 0 0 0 0 0 0 0 0 0 0 0 0 0 0 0 0 0 0 0 0 0 0 0 0 0 0 0 0 0 0 0 0 0 0 0 0 0 0 0 0 0 0 0 0 0 0 0 0 0 0 0 0 0 0 0 0 0 0 0 0 0 0 0 0 0 0 0 0 0 0 0 0 0 0 0 0 0 0 0 0 0 0 0 0 0 0 0 0 0 0 0 0 0 0 0 0 0 0 0 0 0 0 0 0 0 0 0 0 0 0 0 0 0 0 0 0 0 0 0 0 0 0 0 0 0 0 0 0 0 0 0 0 0 0 0 0 0 0 0 0 0 0 0 0 0 0 0 0 0 0 0 0 0 0 0 0 0 0 0 0 0 0 0 0 0 0 0 0 0 0 0 0 0 0 0 0 0 0 0 0 0 0 0 0 0 0 0 0 0 0 0 0 0 0 0 0 0 0 0 0 0 0 0 0 0 0 0 0 0 0 0 0 0 0 0 0 0 0 0 0 0 0 0 0 0 0 0 0 0 0 0 0 0 0 0 0 0 0 0 0 0 0 0 0 0 0 0 0 0 0 0 0 0 0 0 0 0 0 0 0 0 0 0 0 0 0 0 0 0 0 0 0 0 0 0 0 0 0 0 0 0 0 0 0 0 0 0 0 0 0 0 0 0 0 0 0 0 0 0 0 0 0 0 0 0 0 0 0 0 0 0 0 0 0 0 0 0 0 0 0 0 0 0 0 0 0 0 0 0 0 0 0 0 0 0 0 0 0 0 0 0 0 0 0 0 0 0 0 0 0 0 0 0 0 0 0 0 0 0 0 0 0 0 0 0 0 0 0 0 0 0 0 0 0 0 0 0 0 0 0 0 0 0 0 0 0 0 0 0 0 0 0 0 0 0 0 0 0 0 0 0 0 0 0 0 0 0 0 0 0 0 0 0 0 0 0 0 0 0 0 0 0 0 0 0 0 0 0 0 0 0 0 0 0 0 0 0 0 0 0 0 0 0 0 0 0 0 0 0 0 0 0 0 0 0 0 0 0 0 0 0 0 0 0 0 0 0 0 0 0 0 0 0 0 0 0 0 0 0 0 0 0 0 0 0 0 0 0 0 0 0 0 0 0 0 0 0 0 0 0 0 0 0 0 0 0 0 0 0 0 0 0 0 0 0 0 0 0 0 0 0 0 0 0 0 0 0 0 0 0 0 0 0 0 0 0 0 0 0 0 0 0 0 0 0 0 0 0 0 0 0 0 0 0 0 0 0 0 0 0 0 0 0 0 0 0 0 0 0 0 0 0 0 0 0 0 0 0 0 0 0 0 0 0 0 0 0 0 0 0 0 0 0 0 0 0 0 0 0 0 0 0 0 0 0 0 0 0 0 0 0 0 0 0 0 0 0 0 0 0 0 0 0 0 0 0 0 0 0 0 0 0 0 0 0 0 0 0 0 0 0 0 0 0 0 0 0 0 0 0 0 0 0 0 0 0 0 0 0 0 0 0 0 0 0 0 0 0 0 0 0 0 0 0 0 0 0 0 0 0 0 0 0 0 0 0 0 0 0 0 0 0 0 0 0 0 0 0 0 0 0 0 0 0 0 0 0 0 0 0 0 0 0 0 0 0 0 0 0 0 0 0 0 0 0 0 0 0 0 0 0 0 0 0 0 0 0 0 0 0 0 0 0 0 0 0 0 0 0 0 0 0 0 0 0 0 0 0 0 0 0 0 0 0 0 0 0 0 0 0 0 0 0 0 0 0 0 0 0 0 0 0 0 0 0 0 0 0 0 0 0 0 0 0 0 0 0 0 0 0 0 0 0 0 0 0 0 0 0 0 0 0 0 0 0 0 0 0 0 0 0 0 0 0 0 0 0 0 0 0 0 0 0 0 0 0 0 0 0 0 0 0 0 0 0 0 0 0 0 0 0 0 0 0 0 0 0 0 0 0 0 0 0 0 0 0 0 0 0 0 0 0 0 0 0 0 0 0 0 0 0 0 0 0 0 0 0 0 0 0 0 0 0 0 0 0 0 0 0 0 0 0 0 0 0 0 0 0 0 0 0 0 0 0 0 0 0 0 0 0 0 0 0 0 0 0 0 0 0 0 0 0 0 0 0 0 0 0 0 0 0 0 0 0 0 0 0 0 0 0 0 0 0 0 0 0 0 0 0 0 0 0 0 0 0 0 0 0 0 0 0 0 0 0 0 0 0 0 0 0 0 0 0 0 0 0 0 0 0 0 0 0 0 0 0 0 0 0 0 0 0 0 0 0 0 0 0 0 0 0 0 0 0 0 0 0 0 0 0 0 0 0 0 0 0 0 0 0 0 0 0 0 0 0 0 0 0 0 0 0 0 0 0 0 0 0 0 0 0 0 0 0 0 0 0 0 0 0 0 0 0 0 0 0 0 0 0 0 0 0 0 0 0 0 0 0 0 0 0 0 0 0 0 0 0 0 0 0 0 0 0 0 0 0 0 0 0 0 0 0 0 0 0 0 0 0 0 0 0 0 0 0 0 0 0 0 0 0 0 0 0 0 0 0 0 0 0 0 0 0 0 0 0 0 0 0 0 0 0 0 0 0 0 0 0 0 0 0 0 0 0 0 0 0 0 0 0 0 0 0 0 0 0 0 0 0 0 0 0 0 0 0 0 0 0 0 0 0 0 0 0 0 0 0 0 0 0 0 0 0 0 0 0 0 0 0 0 0 0 0 0 0 0 0 0 0 0 0 0 0 0 0 0 0 0 0 0 0 0 0 0 0 0 0 0 0 0 0 0 0 0 0 0 0 0 0 0 0 0 0 0 0 0 0 0 0 0 0 0 0 0 0 0 0 0 0 0 0 0 0 0 0 0 0 0 0 0 0 0 0 0 0 0 0 0 0 0 0 0 0 0 0 0 0 0 0 0 0 0 0 0 0 0 0 0 0 0 0 0 0 0 0 0 0 0 0 0 0 0 0 0 0 0 0 0 0 0 0 0 0 0 0 0 0 0 0 0 0 0 0 0 0 0 0 0 0 0 0 0 0 0 0 0 0 0 0 0 0 0 0 0 0 0 0 0 0 0 0 0 0 0 0 0 0 0 0 0 0 0 0 0 0 0 0 0 0 0 0 0 0 0 0 0 0 0 0 0 0 0 0 0 0 0 0 0 0 0 0 0 0 0 0 0 0 0 0 0 0 0 0 0 0 0 0 0 0 0 0 0 0 0 0 0 0 0 0 0 0 0 0 0 0 0 0 0 0 0 0 0 0 0 0 0 0 0 0 0 0 0 0 0 0 0 0 0 0 0 0 0 0 0 0 0 0 0 0 0 0 0 0 0 0 0 0 0 0 0 0 0 0 0 0 0 0 0 0 0 0 0 0 0 0 0 0 0 0 0 0 0 0 0 0 0 0 0 0 0 0 0 0 0 0 0 0 0 0 0 0 0 0 0 0 0 0 0 0 0 0 0 0 0 0 0 0 0 0 0 0 0 0 0 0 0 0 0 0 0 0 0 0 0 0 0 0 0 0 0 0 0 0 0 0 0 0 0 0 0 0 0 0 0 0 0 0 0 0 0 0 0 0 0 0 0 0 0 0 0 0 0 0 0 0 0 0 0 0 0 0 0 0 0 0 0 0 0 0 0 0 0 0 0 0 0 0 0 0 0 0 0 0 0 0 0 0 0 0 0 0 0 0 0 0 0 0 0 0 0 0 0 0 0 0 0 0 0 0 0 0 0 0 0 0 0 0 0 0 0 0 0 0 0 0 0 0 0 0 0 0 0 0 0 0 0 0 0 0 0 0 0 0 0 0 0 0 0 0 0 0 0 0 0 0 0 0 0 0 0 0 0 0 0 0 0 0 0 0 0 0 0 0 0 0 0 0 0 0 0 0 0 0 0 0 0 0 0 0 0 0 0 0 0 0 0 0 0 0 0 0 0 0 0 0 0 0 0 0 0 0 0 0 0 0 0 0 0 0 0 0 0 0 0 0 0 0 0 0 0 0 0 0 0 0 0 0 0 0 0 0 0 0 0 0 0 0 0 0 0 0 0 0 0 0 0 0 0 0 0 0 0 0 0 0 0 0 0 0 0 0 0 0 0 0 0 0 0 0 0 0 0 0 0 0 0 0 0 0 0 0 0 0 0 0 0 0 0 0 0 0 0 0 0 0 0 0 0 0 0 0 0 0 0 0 0 0 0 0 0 0 0 0 0 0 0 0 0 0 0 0 0 0 0 0 0 0 0 0 0 0 0 0 0 0 0 0 0 0 0 0 0 0 0 0 0 0 0 0 0 0 0 0 0 0 0 0 0 0 0 0 0 0 0 0 0 0 0 0 0 0 0 0 0 0 0 0 0 0 0 0 0 0 0 0 0 0 0 0 0 0 0 0 0 0 0 0 0 0 0 0 0 0 0 0 0 0 0 0 0 0 0 0 0 0 0 0 0 0 0 0 0 0 0 0 0 0 0 0 0 0 0 0 0 0 0 0 0 0 0 0 0 0 0 0 0 0 0 0 0 0 0 0 0 0 0 0 0 0 0 0 0 0 0 0 0 0 0 0 0 0 0 0 0 0 0 0 0 0 0 0 0 0 0 0 0 0 0 0 0 0 0 0 0 0 0 0 0 0 0 0 0 0 0 0 0 0 0 0 0 0 0 0 0 0 0 0 0 0 0 0 0 0 0 0 0 0 0 0 0 0 0 0 0 0 0 0 0 0 0 0 0 0 0 0 0 0 0 0 0 0 0 0 0 0 0 0 0 0 0 0 0 0 0 0 0 0 0 0 0 0 0 0 0 0 0 0 0 0 0 0 0 0 0 0 0 0 0 0 0 0 0 0 0 0 0 0 0 0 0 0 0 0 0 0 0 0 0 0 0 0 0 0 0 0 0 0 0 0 0 0 0 0 0 0 0 0 0 0 0 0 0 0 0 0 0 0 0 0 0 0 0 0 0 0 0 0 0 0 0 0 0 0 0 0 0 0 0 0 0 0 0 0 0 0 0 0 0 0 0 0 0 0 0 0 0 0 0 0 0 0 0 0 0 0 0 0 0 0 0 0 0 0 0 0 0 0 0 0 0 0 0 0 0 0 0 0 0 0 0 0 0 0 0 0 0 0 0 0 0 0 0 0 0 0 0 0 0 0 0 0 0 0 0 0 0 0 0 0 0 0 0 0 0 0 0 0 0 0 0 0 0 0 0 0 0 0 0 0 0 0 0 0 0 0 0 0 0 0 0 0 0 0 0 0 0 0 0 0 0 0 0 0 0 0 0 0 0 0 0 0 0 0 0 0 0 0 0 0 0 0 0 0 0 0 0 0 0 0 0 0 0 0 0 0 0 0 0 0 0 0 0 0 0 0 0 0 0 0 0 0 0 0 0 0 0 0 0 0 0 0 0 0 0 0 0 0 0 0 0 0 0 0 0 0 0 0 0 0 0 0 0 0 0 0 0 0 0 0 0 0 0 0 0 0 0 0 0 0 0 0 0 0 0 0 0 0 0 0 0 0 0 0 0 0 0 0 0 0 0 0 0 0 0 0 0 0 0 0 0 0 0 0 0 0 0 0 0 0 0 0 0 0 0 0 0 0 0 0 0 0 0 0 0 0 0 0 0 0 0 0 0 0 0 0 0 0 0 0 0 0 0 0 0 0 0 0 0 0 0 0 0 0 0 0 0 0 0 0 0 0 0 0 0 0 0 0 0 0 0 0 0 0 0 0 0 0 0</float_array>
                    <technique_common>
                        <accessor count="27459" source="#shape0-lib-map-array" stride="2">
                            <param name="U" type="float"/>
                            <param name="V" type="float"/>
                        </accessor>
                    </technique_common>
                </source>
                <vertices id="shape0-lib-vertices">
                    <input semantic="POSITION" source="#shape0-lib-positions"/>
                </vertices>
                <triangles count="9153">
                    <input offset="0" semantic="VERTEX" source="#shape0-lib-vertices"/>
                    <input offset="1" semantic="NORMAL" source="#shape0-lib-normals"/>
                    <input offset="2" semantic="TEXCOORD" source="#shape0-lib-map"/>
                    <p>76 0 0 0 0 1 1 0 2 76 1 3 2 1 4 0 1 5 3 2 6 1 2 7 0 2 8 0 3 9 2 3 10 3 3 11 3 4 12 2 4 13 4 4 14 4 5 15 2 5 16 82 5 17 82 6 18 2 6 19 5 6 20 6 7 21 5 7 22 2 7 23 6 8 24 2 8 25 154 8 26 6 9 27 7 9 28 8 9 29 6 10 30 153 10 31 7 10 32 153 11 33 6 11 34 154 11 35 8 12 36 5 12 37 6 12 38 7 13 39 9 13 40 8 13 41 152 14 42 155 14 43 85 14 44 12 15 45 150 15 46 148 15 47 94 16 48 13 16 49 14 16 50 15 17 51 14 17 52 13 17 53 94 18 54 144 18 55 13 18 56 143 19 57 13 19 58 144 19 59 15 20 60 13 20 61 143 20 62 15 21 63 16 21 64 14 21 65 15 22 66 150 22 67 16 22 68 143 23 69 18 23 70 15 23 71 15 24 72 18 24 73 17 24 74 92 25 75 15 25 76 17 25 77 15 26 78 92 26 79 11 26 80 15 27 81 11 27 82 150 27 83 19 28 84 150 28 85 12 28 86 16 29 87 150 29 88 19 29 89 17 30 90 91 30 91 92 30 92 91 31 93 17 31 94 88 31 95 88 32 96 23 32 97 20 32 98 88 33 99 22 33 100 23 33 101 17 34 102 22 34 103 88 34 104 20 35 105 23 35 106 21 35 107 22 36 108 21 36 109 23 36 110 22 37 111 24 37 112 21 37 113 18 38 114 26 38 115 24 38 116 18 39 117 24 39 118 22 39 119 24 40 120 26 40 121 25 40 122 26 41 123 27 41 124 89 41 125 27 42 126 26 42 127 29 42 128 26 43 129 89 43 130 28 43 131 29 44 132 26 44 133 30 44 134 30 45 135 26 45 136 18 45 137 31 46 138 33 46 139 30 46 140 31 47 141 30 47 142 34 47 143 32 48 144 30 48 145 33 48 146 32 49 147 37 49 148 30 49 149 30 50 150 35 50 151 34 50 152 30 51 153 18 51 154 35 51 155 29 52 156 30 52 157 36 52 158 36 53 159 30 53 160 37 53 161 36 54 162 37 54 163 32 54 164 39 55 165 29 55 166 38 55 167 39 56 168 49 56 169 48 56 170 38 57 171 40 57 172 39 57 173 39 58 174 40 58 175 42 58 176 39 59 177 52 59 178 43 59 179 39 60 180 48 60 181 52 60 182 41 61 183 202 61 184 39 61 185 39 62 186 44 62 187 41 62 188 123 63 189 39 63 190 42 63 191 39 64 192 123 64 193 49 64 194 39 65 195 43 65 196 44 65 197 44 66 198 115 66 199 45 66 200 45 67 201 41 67 202 44 67 203 114 68 204 44 68 205 43 68 206 114 69 207 115 69 208 44 69 209 191 70 210 146 70 211 46 70 212 118 71 213 54 71 214 53 71 215 118 72 216 55 72 217 54 72 218 56 73 219 54 73 220 55 73 221 118 74 222 56 74 223 55 74 224 187 75 225 56 75 226 57 75 227 187 76 228 54 76 229 56 76 230 205 77 231 58 77 232 59 77 233 56 78 234 115 78 235 60 78 236 56 79 237 116 79 238 115 79 239 56 80 240 146 80 241 116 80 242 56 81 243 118 81 244 146 81 245 60 82 246 57 82 247 56 82 248 57 83 249 78 83 250 58 83 251 59 84 252 58 84 253 78 84 254 205 85 255 61 85 256 62 85 257 59 86 258 61 86 259 205 86 260 59 87 261 172 87 262 61 87 263 79 88 264 78 88 265 57 88 266 60 89 267 79 89 268 57 89 269 64 90 270 59 90 271 63 90 272 64 91 273 66 91 274 67 91 275 67 92 276 65 92 277 64 92 278 66 93 279 64 93 280 68 93 281 89 94 282 66 94 283 69 94 284 89 95 285 67 95 286 66 95 287 69 96 288 66 96 289 68 96 290 89 97 291 69 97 292 70 97 293 70 98 294 69 98 295 71 98 296 73 99 297 71 99 298 69 99 299 73 100 300 69 100 301 72 100 302 69 101 303 68 101 304 72 101 305 74 102 306 71 102 307 73 102 308 73 103 309 72 103 310 63 103 311 73 104 312 59 104 313 74 104 314 74 105 315 59 105 316 75 105 317 63 106 318 59 106 319 73 106 320 76 107 321 79 107 322 60 107 323 80 108 324 59 108 325 78 108 326 80 109 327 78 109 328 79 109 329 59 110 330 80 110 331 81 110 332 4 111 333 26 111 334 80 111 335 80 112 336 26 112 337 28 112 338 80 113 339 28 113 340 81 113 341 82 114 342 25 114 343 4 114 344 4 115 345 25 115 346 26 115 347 80 116 348 3 116 349 4 116 350 82 117 351 84 117 352 83 117 353 82 118 354 8 118 355 84 118 356 7 119 357 83 119 358 84 119 359 7 120 360 84 120 361 9 120 362 84 121 363 8 121 364 9 121 365 83 122 366 7 122 367 85 122 368 152 123 369 85 123 370 7 123 371 83 124 372 87 124 373 86 124 374 83 125 375 85 125 376 87 125 377 83 126 378 86 126 379 149 126 380 149 127 381 88 127 382 20 127 383 149 128 384 86 128 385 10 128 386 149 129 387 91 129 388 88 129 389 83 130 390 149 130 391 20 130 392 86 131 393 87 131 394 10 131 395 20 132 396 21 132 397 83 132 398 83 133 399 25 133 400 82 133 401 83 134 402 21 134 403 24 134 404 83 135 405 24 135 406 25 135 407 59 136 408 81 136 409 77 136 410 81 137 411 89 137 412 70 137 413 70 138 414 77 138 415 81 138 416 81 139 417 28 139 418 89 139 419 74 140 420 75 140 421 70 140 422 70 141 423 75 141 424 77 141 425 1 142 426 80 142 427 79 142 428 1 143 429 79 143 430 76 143 431 80 144 432 1 144 433 3 144 434 75 145 435 59 145 436 77 145 437 2 146 438 76 146 439 151 146 440 10 147 441 76 147 442 90 147 443 151 148 444 76 148 445 10 148 446 94 149 447 19 149 448 108 149 449 93 150 450 108 150 451 19 150 452 12 151 453 93 151 454 19 151 455 95 152 456 107 152 457 142 152 458 105 153 459 142 153 460 107 153 461 106 154 462 137 154 463 105 154 464 142 155 465 105 155 466 137 155 467 112 156 468 104 156 469 134 156 470 134 157 471 104 157 472 102 157 473 98 158 474 97 158 475 96 158 476 98 159 477 99 159 478 97 159 479 101 160 480 99 160 481 98 160 482 101 161 483 97 161 484 99 161 485 102 162 486 121 162 487 101 162 488 101 163 489 100 163 490 97 163 491 101 164 492 121 164 493 100 164 494 139 165 495 106 165 496 148 165 497 148 166 498 106 166 499 108 166 500 107 167 501 106 167 502 105 167 503 108 168 504 106 168 505 107 168 506 148 169 507 108 169 508 93 169 509 108 170 510 107 170 511 94 170 512 94 171 513 107 171 514 95 171 515 110 172 516 11 172 517 111 172 518 111 173 519 60 173 520 110 173 521 110 174 522 60 174 523 138 174 524 110 175 525 136 175 526 139 175 527 110 176 528 109 176 529 136 176 530 110 177 531 138 177 532 109 177 533 148 178 534 110 178 535 139 178 536 60 179 537 112 179 538 138 179 539 112 180 540 119 180 541 104 180 542 104 181 543 119 181 544 102 181 545 119 182 546 122 182 547 102 182 548 60 183 549 113 183 550 119 183 551 60 184 552 119 184 553 112 184 554 47 185 555 117 185 556 192 185 557 191 186 558 116 186 559 146 186 560 115 187 561 116 187 562 191 187 563 114 188 564 52 188 565 113 188 566 52 189 567 119 189 568 113 189 569 51 190 570 121 190 571 120 190 572 49 191 573 121 191 574 122 191 575 122 192 576 119 192 577 49 192 578 49 193 579 123 193 580 121 193 581 123 194 582 120 194 583 121 194 584 49 195 585 119 195 586 48 195 587 48 196 588 119 196 589 52 196 590 97 197 591 100 197 592 124 197 593 36 198 594 124 198 595 38 198 596 38 199 597 124 199 598 40 199 599 32 200 600 124 200 601 36 200 602 32 201 603 125 201 604 124 201 605 124 202 606 100 202 607 40 202 608 97 203 609 124 203 610 126 203 611 126 204 612 124 204 613 125 204 614 32 205 615 126 205 616 125 205 617 32 206 618 127 206 619 126 206 620 126 207 621 127 207 622 96 207 623 32 208 624 134 208 625 127 208 626 96 209 627 127 209 628 103 209 629 32 210 630 128 210 631 134 210 632 33 211 633 130 211 634 129 211 635 128 212 636 33 212 637 129 212 638 129 213 639 130 213 640 128 213 641 31 214 642 131 214 643 130 214 644 31 215 645 132 215 646 131 215 647 132 216 648 142 216 649 133 216 650 132 217 651 140 217 652 142 217 653 132 218 654 31 218 655 140 218 656 133 219 657 142 219 658 137 219 659 137 220 660 106 220 661 133 220 662 132 221 663 133 221 664 106 221 665 103 222 666 127 222 667 102 222 668 134 223 669 102 223 670 127 223 671 128 224 672 130 224 673 112 224 674 112 225 675 134 225 676 128 225 677 131 226 678 136 226 679 109 226 680 138 227 681 131 227 682 109 227 683 130 228 684 131 228 685 138 228 686 112 229 687 130 229 688 138 229 689 144 230 690 94 230 691 95 230 692 144 231 693 95 231 694 140 231 695 142 232 696 140 232 697 95 232 698 144 233 699 140 233 700 141 233 701 31 234 702 144 234 703 141 234 704 140 235 705 31 235 706 141 235 707 126 236 708 96 236 709 97 236 710 96 237 711 103 237 712 135 237 713 96 238 714 135 238 715 98 238 716 132 239 717 106 239 718 139 239 719 139 240 720 136 240 721 132 240 722 132 241 723 136 241 724 131 241 725 31 242 726 130 242 727 33 242 728 144 243 729 34 243 730 35 243 731 144 244 732 35 244 733 143 244 734 31 245 735 34 245 736 144 245 737 35 246 738 18 246 739 143 246 740 128 247 741 32 247 742 33 247 743 51 248 744 120 248 745 50 248 746 40 249 747 100 249 748 42 249 749 100 250 750 51 250 751 145 250 752 42 251 753 100 251 754 145 251 755 145 252 756 51 252 757 50 252 758 123 253 759 145 253 760 50 253 761 123 254 762 42 254 763 145 254 764 123 255 765 50 255 766 120 255 767 100 256 768 121 256 769 51 256 770 192 257 771 117 257 772 118 257 773 146 258 774 118 258 775 117 258 776 47 259 777 46 259 778 146 259 779 146 260 780 117 260 781 47 260 782 60 261 783 115 261 784 114 261 785 60 262 786 114 262 787 113 262 788 102 263 789 122 263 790 121 263 791 111 264 792 11 264 793 92 264 794 111 265 795 92 265 796 147 265 797 147 266 798 76 266 799 111 266 800 111 267 801 76 267 802 60 267 803 147 268 804 92 268 805 91 268 806 90 269 807 147 269 808 91 269 809 90 270 810 76 270 811 147 270 812 101 271 813 98 271 814 135 271 815 135 272 816 103 272 817 101 272 818 101 273 819 103 273 820 102 273 821 148 274 822 93 274 823 12 274 824 90 275 825 91 275 826 149 275 827 11 276 828 110 276 829 150 276 830 148 277 831 150 277 832 110 277 833 87 278 834 151 278 835 10 278 836 149 279 837 10 279 838 90 279 839 2 280 840 151 280 841 155 280 842 2 281 843 152 281 844 154 281 845 2 282 846 155 282 847 152 282 848 154 283 849 152 283 850 153 283 851 155 284 852 151 284 853 87 284 854 72 285 855 68 285 856 64 285 857 64 286 858 63 286 859 72 286 860 74 287 861 70 287 862 71 287 863 156 288 864 158 288 865 67 288 866 156 289 867 157 289 868 158 289 869 159 290 870 157 290 871 160 290 872 159 291 873 65 291 874 157 291 875 157 292 876 65 292 877 158 292 878 157 293 879 161 293 880 160 293 881 156 294 882 161 294 883 157 294 884 67 295 885 161 295 886 156 295 887 67 296 888 163 296 889 161 296 890 160 297 891 161 297 892 162 297 893 161 298 894 163 298 895 162 298 896 67 299 897 164 299 898 163 299 899 159 300 900 162 300 901 163 300 902 163 301 903 164 301 904 165 301 905 159 302 906 163 302 907 167 302 908 167 303 909 163 303 910 165 303 911 164 304 912 167 304 913 165 304 914 166 305 915 167 305 916 164 305 917 169 306 918 166 306 919 168 306 920 166 307 921 159 307 922 167 307 923 166 308 924 65 308 925 159 308 926 169 309 927 65 309 928 166 309 929 172 310 930 64 310 931 169 310 932 173 311 933 172 311 934 169 311 935 169 312 936 64 312 937 65 312 938 169 313 939 168 313 940 170 313 941 171 314 942 169 314 943 170 314 944 173 315 945 169 315 946 171 315 947 168 316 948 175 316 949 176 316 950 175 317 951 171 317 952 176 317 953 176 318 954 171 318 955 174 318 956 166 319 957 175 319 958 168 319 959 176 320 960 177 320 961 168 320 962 174 321 963 177 321 964 176 321 965 170 322 966 177 322 967 178 322 968 170 323 969 168 323 970 177 323 971 174 324 972 178 324 973 177 324 974 174 325 975 170 325 976 178 325 977 166 326 978 164 326 979 175 326 980 164 327 981 173 327 982 175 327 983 175 328 984 173 328 985 171 328 986 171 329 987 170 329 988 174 329 989 67 330 990 173 330 991 164 330 992 89 331 993 173 331 994 67 331 995 89 332 996 27 332 997 173 332 998 172 333 999 173 333 1000 27 333 1001 172 334 1002 27 334 1003 61 334 1004 61 335 1005 27 335 1006 179 335 1007 62 336 1008 179 336 1009 181 336 1010 61 337 1011 179 337 1012 62 337 1013 27 338 1014 180 338 1015 179 338 1016 179 339 1017 180 339 1018 181 339 1019 182 340 1020 181 340 1021 180 340 1022 207 341 1023 180 341 1024 183 341 1025 182 342 1026 180 342 1027 207 342 1028 180 343 1029 184 343 1030 183 343 1031 184 344 1032 185 344 1033 186 344 1034 180 345 1035 185 345 1036 184 345 1037 187 346 1038 184 346 1039 186 346 1040 187 347 1041 186 347 1042 185 347 1043 193 348 1044 185 348 1045 203 348 1046 193 349 1047 203 349 1048 188 349 1049 188 350 1050 189 350 1051 193 350 1052 194 351 1053 188 351 1054 198 351 1055 188 352 1056 190 352 1057 189 352 1058 188 353 1059 194 353 1060 191 353 1061 188 354 1062 46 354 1063 190 354 1064 188 355 1065 191 355 1066 46 355 1067 115 356 1068 191 356 1069 194 356 1070 190 357 1071 46 357 1072 47 357 1073 190 358 1074 47 358 1075 192 358 1076 192 359 1077 118 359 1078 190 359 1079 118 360 1080 189 360 1081 190 360 1082 118 361 1083 193 361 1084 189 361 1085 118 362 1086 53 362 1087 193 362 1088 185 363 1089 193 363 1090 53 363 1091 195 364 1092 115 364 1093 194 364 1094 198 365 1095 195 365 1096 194 365 1097 45 366 1098 115 366 1099 195 366 1100 196 367 1101 45 367 1102 195 367 1103 197 368 1104 195 368 1105 198 368 1106 197 369 1107 196 369 1108 195 369 1109 197 370 1110 45 370 1111 196 370 1112 45 371 1113 197 371 1114 41 371 1115 197 372 1116 201 372 1117 41 372 1118 197 373 1119 198 373 1120 201 373 1121 198 374 1122 200 374 1123 201 374 1124 41 375 1125 201 375 1126 202 375 1127 198 376 1128 199 376 1129 200 376 1130 199 377 1131 202 377 1132 200 377 1133 200 378 1134 202 378 1135 201 378 1136 199 379 1137 29 379 1138 202 379 1139 185 380 1140 199 380 1141 203 380 1142 185 381 1143 29 381 1144 199 381 1145 188 382 1146 203 382 1147 199 382 1148 188 383 1149 199 383 1150 198 383 1151 185 384 1152 54 384 1153 187 384 1154 185 385 1155 53 385 1156 54 385 1157 187 386 1158 58 386 1159 205 386 1160 187 387 1161 205 387 1162 204 387 1163 204 388 1164 184 388 1165 187 388 1166 58 389 1167 187 389 1168 57 389 1169 204 390 1170 205 390 1171 206 390 1172 205 391 1173 207 391 1174 206 391 1175 204 392 1176 206 392 1177 207 392 1178 205 393 1179 182 393 1180 207 393 1181 205 394 1182 62 394 1183 182 394 1184 207 395 1185 183 395 1186 204 395 1187 204 396 1188 183 396 1189 184 396 1190 180 397 1191 29 397 1192 185 397 1193 62 398 1194 181 398 1195 182 398 1196 27 399 1197 29 399 1198 180 399 1199 160 400 1200 162 400 1201 159 400 1202 67 401 1203 158 401 1204 65 401 1205 64 402 1206 172 402 1207 59 402 1208 52 403 1209 114 403 1210 43 403 1211 202 404 1212 29 404 1213 39 404 1214 29 405 1215 36 405 1216 38 405 1217 17 406 1218 18 406 1219 22 406 1220 16 407 1221 19 407 1222 94 407 1223 94 408 1224 14 408 1225 16 408 1226 87 409 1227 85 409 1228 155 409 1229 152 410 1230 7 410 1231 153 410 1232 82 411 1233 5 411 1234 8 411 1235 2506 412 1236 2504 412 1237 2507 412 1238 2508 413 1239 2504 413 1240 2506 413 1241 2507 414 1242 2505 414 1243 2506 414 1244 2513 415 1245 2508 415 1246 2509 415 1247 2506 416 1248 2509 416 1249 2508 416 1250 2509 417 1251 2506 417 1252 2511 417 1253 2510 418 1254 2509 418 1255 2512 418 1256 2513 419 1257 2509 419 1258 2510 419 1259 2511 420 1260 2512 420 1261 2509 420 1262 2514 421 1263 2504 421 1264 2513 421 1265 2514 422 1266 2513 422 1267 2515 422 1268 2515 423 1269 2513 423 1270 2510 423 1271 2516 424 1272 2514 424 1273 2515 424 1274 2516 425 1275 2517 425 1276 2514 425 1277 2516 426 1278 2519 426 1279 2517 426 1280 2518 427 1281 2516 427 1282 2515 427 1283 2514 428 1284 2517 428 1285 2520 428 1286 2517 429 1287 2521 429 1288 2520 429 1289 2523 430 1290 2521 430 1291 2517 430 1292 2521 431 1293 3115 431 1294 2522 431 1295 2521 432 1296 2522 432 1297 2520 432 1298 2521 433 1299 2523 433 1300 3115 433 1301 2523 434 1302 2525 434 1303 2524 434 1304 2524 435 1305 3115 435 1306 2523 435 1307 2525 436 1308 2523 436 1309 2526 436 1310 2526 437 1311 2523 437 1312 2517 437 1313 2526 438 1314 2528 438 1315 2525 438 1316 2526 439 1317 2517 439 1318 2527 439 1319 2527 440 1320 2528 440 1321 2526 440 1322 2528 441 1323 2530 441 1324 2529 441 1325 2525 442 1326 2528 442 1327 2529 442 1328 2531 443 1329 2530 443 1330 2528 443 1331 2536 444 1332 2531 444 1333 2528 444 1334 2536 445 1335 2528 445 1336 2527 445 1337 2531 446 1338 2532 446 1339 2533 446 1340 2531 447 1341 2535 447 1342 2532 447 1343 2533 448 1344 2534 448 1345 2531 448 1346 2531 449 1347 2534 449 1348 2530 449 1349 2531 450 1350 2536 450 1351 2535 450 1352 2537 451 1353 2536 451 1354 2538 451 1355 2537 452 1356 2535 452 1357 2536 452 1358 2536 453 1359 2539 453 1360 2538 453 1361 2511 454 1362 2538 454 1363 2539 454 1364 2539 455 1365 2536 455 1366 2527 455 1367 2512 456 1368 2539 456 1369 2540 456 1370 2539 457 1371 2527 457 1372 2540 457 1373 2512 458 1374 2511 458 1375 2539 458 1376 2540 459 1377 2541 459 1378 2542 459 1379 2527 460 1380 2541 460 1381 2540 460 1382 2542 461 1383 2512 461 1384 2540 461 1385 2541 462 1386 2512 462 1387 2542 462 1388 2543 463 1389 2541 463 1390 2544 463 1391 2544 464 1392 2541 464 1393 2527 464 1394 2543 465 1395 2545 465 1396 2541 465 1397 2510 466 1398 2512 466 1399 2541 466 1400 2510 467 1401 2541 467 1402 2545 467 1403 2515 468 1404 2510 468 1405 2545 468 1406 2518 469 1407 2515 469 1408 2545 469 1409 2546 470 1410 2545 470 1411 2547 470 1412 2548 471 1413 2545 471 1414 2546 471 1415 2547 472 1416 2545 472 1417 2543 472 1418 2518 473 1419 2545 473 1420 2548 473 1421 2527 474 1422 2548 474 1423 2544 474 1424 2527 475 1425 2519 475 1426 2548 475 1427 2548 476 1428 2549 476 1429 2518 476 1430 2548 477 1431 2550 477 1432 2549 477 1433 2548 478 1434 2519 478 1435 2550 478 1436 2544 479 1437 2548 479 1438 2546 479 1439 2550 480 1440 2519 480 1441 2551 480 1442 2551 481 1443 2519 481 1444 2552 481 1445 2552 482 1446 2519 482 1447 2553 482 1448 2553 483 1449 2519 483 1450 2554 483 1451 2554 484 1452 2519 484 1453 2555 484 1454 2518 485 1455 2549 485 1456 2556 485 1457 2558 486 1458 2556 486 1459 2557 486 1460 2518 487 1461 2556 487 1462 2558 487 1463 2557 488 1464 2518 488 1465 2558 488 1466 2543 489 1467 2546 489 1468 2547 489 1469 2544 490 1470 2546 490 1471 2543 490 1472 2538 491 1473 2511 491 1474 2537 491 1475 2559 492 1476 2511 492 1477 2506 492 1478 2537 493 1479 2511 493 1480 2560 493 1481 2559 494 1482 2560 494 1483 2511 494 1484 2561 495 1485 2560 495 1486 2559 495 1487 2560 496 1488 2562 496 1489 2537 496 1490 2535 497 1491 2537 497 1492 2562 497 1493 2535 498 1494 2562 498 1495 2564 498 1496 2563 499 1497 2564 499 1498 2562 499 1499 2562 500 1500 2560 500 1501 2563 500 1502 2564 501 1503 2567 501 1504 2565 501 1505 2564 502 1506 2563 502 1507 2567 502 1508 2563 503 1509 2566 503 1510 2567 503 1511 2569 504 1512 2568 504 1513 2572 504 1514 2570 505 1515 2568 505 1516 2569 505 1517 2571 506 1518 2572 506 1519 2568 506 1520 2571 507 1521 2568 507 1522 2565 507 1523 2573 508 1524 2572 508 1525 2571 508 1526 2571 509 1527 2567 509 1528 2573 509 1529 2565 510 1530 2567 510 1531 2571 510 1532 2572 511 1533 2573 511 1534 2636 511 1535 2636 512 1536 2574 512 1537 2572 512 1538 2574 513 1539 2575 513 1540 2569 513 1541 2572 514 1542 2574 514 1543 2569 514 1544 2577 515 1545 2575 515 1546 2574 515 1547 2577 516 1548 2574 516 1549 2576 516 1550 2636 517 1551 2576 517 1552 2574 517 1553 2577 518 1554 2579 518 1555 2578 518 1556 2578 519 1557 2575 519 1558 2577 519 1559 2576 520 1560 2579 520 1561 2577 520 1562 2579 521 1563 2580 521 1564 2581 521 1565 2579 522 1566 2583 522 1567 2580 522 1568 2581 523 1569 2586 523 1570 2579 523 1571 3861 524 1572 2582 524 1573 2579 524 1574 2579 525 1575 2582 525 1576 2578 525 1577 2587 526 1578 2579 526 1579 2576 526 1580 2583 527 1581 2579 527 1582 2844 527 1583 2844 528 1584 2579 528 1585 2584 528 1586 2584 529 1587 2579 529 1588 2585 529 1589 2585 530 1590 2579 530 1591 2587 530 1592 2579 531 1593 2586 531 1594 3861 531 1595 2839 532 1596 2587 532 1597 2589 532 1598 2839 533 1599 2840 533 1600 2587 533 1601 2840 534 1602 2590 534 1603 2587 534 1604 2593 535 1605 2587 535 1606 2588 535 1607 2588 536 1608 2587 536 1609 2592 536 1610 2593 537 1611 2589 537 1612 2587 537 1613 2587 538 1614 2576 538 1615 2591 538 1616 2587 539 1617 2590 539 1618 2585 539 1619 2587 540 1620 2591 540 1621 2592 540 1622 2594 541 1623 2593 541 1624 3754 541 1625 2594 542 1626 2595 542 1627 2593 542 1628 2580 543 1629 2593 543 1630 2595 543 1631 2599 544 1632 3754 544 1633 2593 544 1634 2580 545 1635 2596 545 1636 2593 545 1637 2593 546 1638 2596 546 1639 2829 546 1640 2593 547 1641 2829 547 1642 2597 547 1643 2593 548 1644 2597 548 1645 2589 548 1646 2593 549 1647 2600 549 1648 2598 549 1649 2599 550 1650 2593 550 1651 2598 550 1652 2593 551 1653 2588 551 1654 2600 551 1655 2602 552 1656 2600 552 1657 2588 552 1658 2601 553 1659 2598 553 1660 2600 553 1661 2601 554 1662 2600 554 1663 2602 554 1664 2602 555 1665 2605 555 1666 2603 555 1667 2601 556 1668 2602 556 1669 2603 556 1670 2588 557 1671 2604 557 1672 2602 557 1673 2605 558 1674 2602 558 1675 2604 558 1676 3762 559 1677 2614 559 1678 3763 559 1679 2607 560 1680 2614 560 1681 3762 560 1682 3762 561 1683 2604 561 1684 2607 561 1685 2604 562 1686 3762 562 1687 2605 562 1688 2607 563 1689 2604 563 1690 2606 563 1691 2607 564 1692 2606 564 1693 2608 564 1694 2607 565 1695 2608 565 1696 2609 565 1697 2607 566 1698 2609 566 1699 2610 566 1700 2610 567 1701 2609 567 1702 2611 567 1703 2609 568 1704 2592 568 1705 2611 568 1706 2608 569 1707 2592 569 1708 2609 569 1709 2610 570 1710 2611 570 1711 2613 570 1712 2613 571 1713 2611 571 1714 2592 571 1715 2612 572 1716 2613 572 1717 2592 572 1718 2610 573 1719 2613 573 1720 2614 573 1721 2614 574 1722 2613 574 1723 3703 574 1724 2613 575 1725 3776 575 1726 3703 575 1727 2613 576 1728 2612 576 1729 2615 576 1730 2613 577 1731 2615 577 1732 2616 577 1733 2613 578 1734 2616 578 1735 3776 578 1736 2616 579 1737 2615 579 1738 2619 579 1739 2617 580 1740 2618 580 1741 2616 580 1742 2619 581 1743 2617 581 1744 2616 581 1745 2616 582 1746 2618 582 1747 3776 582 1748 2619 583 1749 2620 583 1750 2621 583 1751 2619 584 1752 2615 584 1753 2620 584 1754 2621 585 1755 2622 585 1756 2623 585 1757 2621 586 1758 3686 586 1759 2619 586 1760 2623 587 1761 3686 587 1762 2621 587 1763 2622 588 1764 2624 588 1765 2623 588 1766 2625 589 1767 2624 589 1768 2622 589 1769 2625 590 1770 2626 590 1771 2624 590 1772 2628 591 1773 2626 591 1774 2627 591 1775 2630 592 1776 2627 592 1777 2626 592 1778 2630 593 1779 2626 593 1780 2625 593 1781 2629 594 1782 2630 594 1783 2625 594 1784 2630 595 1785 2632 595 1786 2631 595 1787 2630 596 1788 2629 596 1789 2632 596 1790 2630 597 1791 2631 597 1792 4135 597 1793 2630 598 1794 4135 598 1795 4136 598 1796 4136 599 1797 2633 599 1798 2630 599 1799 2627 600 1800 2633 600 1801 2640 600 1802 2630 601 1803 2633 601 1804 2627 601 1805 2633 602 1806 2634 602 1807 3930 602 1808 2640 603 1809 2633 603 1810 3930 603 1811 2636 604 1812 2573 604 1813 2635 604 1814 2634 605 1815 2635 605 1816 2573 605 1817 2576 606 1818 2636 606 1819 2637 606 1820 2591 607 1821 2576 607 1822 2637 607 1823 2591 608 1824 2637 608 1825 2638 608 1826 2637 609 1827 2635 609 1828 2638 609 1829 2636 610 1830 2635 610 1831 2637 610 1832 2638 611 1833 2635 611 1834 2634 611 1835 2638 612 1836 2634 612 1837 2633 612 1838 2638 613 1839 2633 613 1840 2591 613 1841 2633 614 1842 4136 614 1843 2591 614 1844 2639 615 1845 2627 615 1846 2640 615 1847 2639 616 1848 2640 616 1849 2641 616 1850 2644 617 1851 2641 617 1852 2640 617 1853 2645 618 1854 2641 618 1855 2642 618 1856 2643 619 1857 2642 619 1858 2641 619 1859 2643 620 1860 2641 620 1861 2644 620 1862 2639 621 1863 2641 621 1864 2645 621 1865 2645 622 1866 2628 622 1867 2639 622 1868 2645 623 1869 2646 623 1870 2628 623 1871 2645 624 1872 3947 624 1873 2646 624 1874 3948 625 1875 2645 625 1876 2642 625 1877 3947 626 1878 2645 626 1879 3948 626 1880 4142 627 1881 2648 627 1882 2647 627 1883 2649 628 1884 2650 628 1885 2648 628 1886 4142 629 1887 2653 629 1888 2649 629 1889 2651 630 1890 2654 630 1891 2652 630 1892 2651 631 1893 2652 631 1894 2624 631 1895 2624 632 1896 2626 632 1897 2651 632 1898 2651 633 1899 2626 633 1900 2650 633 1901 2651 634 1902 2650 634 1903 2649 634 1904 2653 635 1905 2651 635 1906 2649 635 1907 2651 636 1908 2653 636 1909 2654 636 1910 3687 637 1911 2654 637 1912 2653 637 1913 2654 638 1914 3687 638 1915 3688 638 1916 3627 639 1917 3687 639 1918 4079 639 1919 3687 640 1920 2655 640 1921 4079 640 1922 2656 641 1923 3632 641 1924 4079 641 1925 2656 642 1926 4082 642 1927 2657 642 1928 4082 643 1929 2662 643 1930 2657 643 1931 2658 644 1932 3632 644 1933 2657 644 1934 2658 645 1935 3631 645 1936 3632 645 1937 2661 646 1938 3631 646 1939 2658 646 1940 2660 647 1941 2658 647 1942 2659 647 1943 2661 648 1944 2658 648 1945 2660 648 1946 2659 649 1947 2658 649 1948 2662 649 1949 2664 650 1950 2659 650 1951 2662 650 1952 2664 651 1953 2669 651 1954 2659 651 1955 2664 652 1956 4076 652 1957 2663 652 1958 2664 653 1959 2662 653 1960 4076 653 1961 2665 654 1962 2666 654 1963 2663 654 1964 2664 655 1965 2663 655 1966 2666 655 1967 2663 656 1968 4019 656 1969 2665 656 1970 2669 657 1971 2664 657 1972 2666 657 1973 2665 658 1974 2667 658 1975 2666 658 1976 2665 659 1977 2677 659 1978 2667 659 1979 2667 660 1980 2678 660 1981 2668 660 1982 2669 661 1983 2667 661 1984 2668 661 1985 2666 662 1986 2667 662 1987 2669 662 1988 2670 663 1989 2669 663 1990 2668 663 1991 2671 664 1992 2660 664 1993 2670 664 1994 2670 665 1995 2660 665 1996 2669 665 1997 2670 666 1998 2668 666 1999 2672 666 2000 2671 667 2001 2672 667 2002 2673 667 2003 2670 668 2004 2672 668 2005 2671 668 2006 2672 669 2007 2678 669 2008 2673 669 2009 3677 670 2010 3637 670 2011 2673 670 2012 2674 671 2013 2673 671 2014 2678 671 2015 2674 672 2016 3677 672 2017 2673 672 2018 2677 673 2019 2675 673 2020 2674 673 2021 2675 674 2022 2676 674 2023 2674 674 2024 2674 675 2025 2678 675 2026 2677 675 2027 2674 676 2028 3676 676 2029 3677 676 2030 2676 677 2031 2687 677 2032 2674 677 2033 2687 678 2034 3676 678 2035 2674 678 2036 2667 679 2037 2677 679 2038 2678 679 2039 2668 680 2040 2678 680 2041 2672 680 2042 2677 681 2043 4018 681 2044 2679 681 2045 4007 682 2046 2681 682 2047 2679 682 2048 2677 683 2049 2679 683 2050 2681 683 2051 2677 684 2052 2681 684 2053 2675 684 2054 4007 685 2055 4008 685 2056 2681 685 2057 2675 686 2058 2680 686 2059 2676 686 2060 2680 687 2061 2675 687 2062 2681 687 2063 2680 688 2064 2681 688 2065 2682 688 2066 2680 689 2067 2682 689 2068 2683 689 2069 2680 690 2070 2683 690 2071 2676 690 2072 2684 691 2073 2683 691 2074 2685 691 2075 2682 692 2076 2685 692 2077 2683 692 2078 2683 693 2079 2684 693 2080 2686 693 2081 2686 694 2082 3675 694 2083 2687 694 2084 2686 695 2085 2684 695 2086 2729 695 2087 2686 696 2088 2687 696 2089 2676 696 2090 2683 697 2091 2686 697 2092 2676 697 2093 3675 698 2094 2686 698 2095 2690 698 2096 2686 699 2097 2688 699 2098 2689 699 2099 2686 700 2100 2729 700 2101 2688 700 2102 2686 701 2103 2689 701 2104 2690 701 2105 2691 702 2106 2690 702 2107 2692 702 2108 2690 703 2109 2689 703 2110 2692 703 2111 2691 704 2112 2692 704 2113 2693 704 2114 2694 705 2115 2693 705 2116 2692 705 2117 2695 706 2118 2692 706 2119 2689 706 2120 2694 707 2121 2692 707 2122 2695 707 2123 2700 708 2124 2695 708 2125 2696 708 2126 2696 709 2127 2695 709 2128 2697 709 2129 2695 710 2130 2698 710 2131 2697 710 2132 2698 711 2133 2695 711 2134 2699 711 2135 2699 712 2136 2695 712 2137 2689 712 2138 2700 713 2139 2694 713 2140 2695 713 2141 2703 714 2142 2700 714 2143 2696 714 2144 2702 715 2145 2701 715 2146 2700 715 2147 2701 716 2148 2694 716 2149 2700 716 2150 2702 717 2151 2700 717 2152 2703 717 2153 2703 718 2154 2704 718 2155 2705 718 2156 2703 719 2157 2706 719 2158 2704 719 2159 2705 720 2160 2702 720 2161 2703 720 2162 2706 721 2163 2703 721 2164 2707 721 2165 2696 722 2166 2707 722 2167 2703 722 2168 2707 723 2169 2708 723 2170 2706 723 2171 2707 724 2172 2726 724 2173 2708 724 2174 2726 725 2175 2707 725 2176 2724 725 2177 2696 726 2178 2724 726 2179 2707 726 2180 2708 727 2181 2712 727 2182 2710 727 2183 2708 728 2184 2726 728 2185 2712 728 2186 2709 729 2187 2704 729 2188 2708 729 2189 3510 730 2190 2709 730 2191 2708 730 2192 3510 731 2193 2708 731 2194 2710 731 2195 2708 732 2196 2704 732 2197 2706 732 2198 2710 733 2199 2712 733 2200 2713 733 2201 2714 734 2202 2712 734 2203 2726 734 2204 2715 735 2205 2712 735 2206 2714 735 2207 2715 736 2208 2714 736 2209 2718 736 2210 2715 737 2211 2718 737 2212 2717 737 2213 2714 738 2214 2719 738 2215 2718 738 2216 2718 739 2217 2716 739 2218 2717 739 2219 2725 740 2220 2720 740 2221 2719 740 2222 2719 741 2223 2720 741 2224 2721 741 2225 2719 742 2226 2721 742 2227 2718 742 2228 2725 743 2229 2722 743 2230 2720 743 2231 2725 744 2232 2723 744 2233 2722 744 2234 2725 745 2235 2724 745 2236 2723 745 2237 2696 746 2238 2723 746 2239 2724 746 2240 2724 747 2241 2725 747 2242 2726 747 2243 2725 748 2244 2714 748 2245 2726 748 2246 2725 749 2247 2719 749 2248 2714 749 2249 2722 750 2250 2723 750 2251 2727 750 2252 2723 751 2253 2728 751 2254 2727 751 2255 2723 752 2256 2697 752 2257 2728 752 2258 2684 753 2259 2728 753 2260 2729 753 2261 2729 754 2262 2728 754 2263 2730 754 2264 2728 755 2265 2697 755 2266 2730 755 2267 2727 756 2268 2728 756 2269 2684 756 2270 2730 757 2271 2731 757 2272 2688 757 2273 2730 758 2274 2698 758 2275 2731 758 2276 2697 759 2277 2698 759 2278 2730 759 2279 2729 760 2280 2730 760 2281 2688 760 2282 2698 761 2283 2688 761 2284 2731 761 2285 2727 762 2286 2684 762 2287 2732 762 2288 2722 763 2289 2727 763 2290 2732 763 2291 2732 764 2292 2684 764 2293 2722 764 2294 2720 765 2295 2684 765 2296 2733 765 2297 2722 766 2298 2684 766 2299 2720 766 2300 2685 767 2301 2733 767 2302 2684 767 2303 2733 768 2304 2685 768 2305 4010 768 2306 2734 769 2307 2721 769 2308 2733 769 2309 2733 770 2310 4010 770 2311 2734 770 2312 2754 771 2313 2721 771 2314 2734 771 2315 2734 772 2316 2735 772 2317 2754 772 2318 2735 773 2319 2736 773 2320 2754 773 2321 2736 774 2322 2740 774 2323 2754 774 2324 2736 775 2325 2735 775 2326 2615 775 2327 2736 776 2328 2615 776 2329 2612 776 2330 2736 777 2331 2612 777 2332 4137 777 2333 2736 778 2334 4137 778 2335 2737 778 2336 2736 779 2337 2737 779 2338 2738 779 2339 2736 780 2340 2738 780 2341 2740 780 2342 2739 781 2343 2738 781 2344 2741 781 2345 2740 782 2346 2738 782 2347 2739 782 2348 2738 783 2349 2737 783 2350 2741 783 2351 2741 784 2352 2737 784 2353 2742 784 2354 2741 785 2355 2742 785 2356 2814 785 2357 2814 786 2358 2742 786 2359 2743 786 2360 2741 787 2361 2814 787 2362 2837 787 2363 2741 788 2364 2837 788 2365 2744 788 2366 2744 789 2367 2837 789 2368 2838 789 2369 2745 790 2370 2744 790 2371 2838 790 2372 2744 791 2373 2745 791 2374 2747 791 2375 2746 792 2376 2744 792 2377 2755 792 2378 2744 793 2379 2747 793 2380 2755 793 2381 2755 794 2382 2747 794 2383 2748 794 2384 2748 795 2385 2749 795 2386 2750 795 2387 2751 796 2388 2749 796 2389 2748 796 2390 2756 797 2391 2748 797 2392 2750 797 2393 2756 798 2394 2752 798 2395 2748 798 2396 2751 799 2397 2748 799 2398 2747 799 2399 2755 800 2400 2748 800 2401 2752 800 2402 2755 801 2403 2752 801 2404 2746 801 2405 2746 802 2406 2752 802 2407 2716 802 2408 2721 803 2409 2716 803 2410 2718 803 2411 2753 804 2412 2746 804 2413 2716 804 2414 2739 805 2415 2753 805 2416 2740 805 2417 2740 806 2418 2753 806 2419 2754 806 2420 2754 807 2421 2753 807 2422 2716 807 2423 2746 808 2424 2753 808 2425 2739 808 2426 2739 809 2427 2741 809 2428 2744 809 2429 2746 810 2430 2739 810 2431 2744 810 2432 2752 811 2433 2756 811 2434 2717 811 2435 2752 812 2436 2717 812 2437 2716 812 2438 2756 813 2439 2715 813 2440 2717 813 2441 2756 814 2442 4141 814 2443 2715 814 2444 2756 815 2445 2750 815 2446 4141 815 2447 2750 816 2448 2749 816 2449 4141 816 2450 2760 817 2451 4141 817 2452 2749 817 2453 2760 818 2454 2749 818 2455 2757 818 2456 2757 819 2457 2749 819 2458 4138 819 2459 2757 820 2460 2759 820 2461 2758 820 2462 2758 821 2463 2760 821 2464 2757 821 2465 2757 822 2466 4139 822 2467 2759 822 2468 2760 823 2469 2761 823 2470 2713 823 2471 4141 824 2472 2760 824 2473 2713 824 2474 2760 825 2475 2758 825 2476 2761 825 2477 2762 826 2478 2713 826 2479 2761 826 2480 2763 827 2481 2713 827 2482 2762 827 2483 2713 828 2484 2763 828 2485 2710 828 2486 2763 829 2487 2711 829 2488 2710 829 2489 2763 830 2490 2762 830 2491 2764 830 2492 2765 831 2493 2764 831 2494 2762 831 2495 2762 832 2496 2766 832 2497 2765 832 2498 2765 833 2499 2766 833 2500 3503 833 2501 2768 834 2502 2767 834 2503 2766 834 2504 2774 835 2505 2768 835 2506 2769 835 2507 2770 836 2508 2768 836 2509 2774 836 2510 2770 837 2511 2771 837 2512 2768 837 2513 2772 838 2514 2770 838 2515 2773 838 2516 2773 839 2517 2770 839 2518 2774 839 2519 2773 840 2520 2774 840 2521 2775 840 2522 2775 841 2523 2774 841 2524 2776 841 2525 2776 842 2526 2774 842 2527 2769 842 2528 2775 843 2529 2776 843 2530 2785 843 2531 2776 844 2532 2769 844 2533 2778 844 2534 2778 845 2535 2769 845 2536 2777 845 2537 2786 846 2538 2778 846 2539 2779 846 2540 2779 847 2541 2778 847 2542 2777 847 2543 2779 848 2544 2780 848 2545 2784 848 2546 2786 849 2547 2779 849 2548 2784 849 2549 2780 850 2550 2779 850 2551 2777 850 2552 2780 851 2553 2782 851 2554 2784 851 2555 2782 852 2556 2780 852 2557 2781 852 2558 2778 853 2559 2786 853 2560 2785 853 2561 2785 854 2562 2776 854 2563 2778 854 2564 2775 855 2565 2785 855 2566 2798 855 2567 2775 856 2568 2787 856 2569 2773 856 2570 2775 857 2571 2788 857 2572 2787 857 2573 2789 858 2574 2787 858 2575 2788 858 2576 2787 859 2577 2789 859 2578 2773 859 2579 2772 860 2580 2773 860 2581 2789 860 2582 2791 861 2583 2772 861 2584 2789 861 2585 2791 862 2586 2792 862 2587 2790 862 2588 2791 863 2589 2793 863 2590 2792 863 2591 2793 864 2592 2791 864 2593 2789 864 2594 2793 865 2595 3859 865 2596 2792 865 2597 3842 866 2598 2793 866 2599 2794 866 2600 2793 867 2601 2789 867 2602 2794 867 2603 3859 868 2604 2793 868 2605 3842 868 2606 2788 869 2607 3842 869 2608 2794 869 2609 2795 870 2610 3842 870 2611 2788 870 2612 2788 871 2613 2797 871 2614 2795 871 2615 2796 872 2616 2795 872 2617 2797 872 2618 3850 873 2619 2796 873 2620 2799 873 2621 2796 874 2622 2798 874 2623 2799 874 2624 2797 875 2625 2798 875 2626 2796 875 2627 2798 876 2628 2797 876 2629 2775 876 2630 2786 877 2631 2798 877 2632 2785 877 2633 2802 878 2634 2799 878 2635 2798 878 2636 2799 879 2637 3858 879 2638 2800 879 2639 2801 880 2640 3858 880 2641 2799 880 2642 2803 881 2643 2801 881 2644 2799 881 2645 2803 882 2646 2799 882 2647 2802 882 2648 2782 883 2649 2803 883 2650 2784 883 2651 2786 884 2652 2784 884 2653 2803 884 2654 2786 885 2655 2803 885 2656 2802 885 2657 2803 886 2658 2804 886 2659 2801 886 2660 2804 887 2661 2749 887 2662 2751 887 2663 2804 888 2664 2803 888 2665 2749 888 2666 2749 889 2667 2803 889 2668 2783 889 2669 2783 890 2670 2803 890 2671 2782 890 2672 4138 891 2673 2749 891 2674 2783 891 2675 2804 892 2676 2805 892 2677 2801 892 2678 2804 893 2679 2807 893 2680 2805 893 2681 2808 894 2682 2806 894 2683 2805 894 2684 2808 895 2685 2893 895 2686 2806 895 2687 2809 896 2688 2893 896 2689 2808 896 2690 2809 897 2691 2810 897 2692 2893 897 2693 2811 898 2694 2812 898 2695 2810 898 2696 2809 899 2697 2811 899 2698 2810 899 2699 2813 900 2700 2811 900 2701 2815 900 2702 2815 901 2703 2743 901 2704 2813 901 2705 2590 902 2706 2815 902 2707 2817 902 2708 2815 903 2709 2590 903 2710 2816 903 2711 2816 904 2712 2743 904 2713 2815 904 2714 2811 905 2715 2819 905 2716 2815 905 2717 2817 906 2718 2815 906 2719 2819 906 2720 2590 907 2721 2817 907 2722 2819 907 2723 2820 908 2724 2818 908 2725 2819 908 2726 2819 909 2727 2811 909 2728 2820 909 2729 2820 910 2730 2811 910 2731 2818 910 2732 2818 911 2733 2809 911 2734 2821 911 2735 2821 912 2736 2809 912 2737 2822 912 2738 2823 913 2739 2821 913 2740 2822 913 2741 2822 914 2742 2808 914 2743 2823 914 2744 2823 915 2745 2808 915 2746 2824 915 2747 2808 916 2748 2843 916 2749 2825 916 2750 2843 917 2751 2842 917 2752 2825 917 2753 2807 918 2754 2827 918 2755 2826 918 2756 2827 919 2757 2828 919 2758 2826 919 2759 2831 920 2760 2833 920 2761 2828 920 2762 2828 921 2763 2833 921 2764 2829 921 2765 2830 922 2766 2831 922 2767 2828 922 2768 2830 923 2769 2833 923 2770 2831 923 2771 2832 924 2772 2834 924 2773 2833 924 2774 2835 925 2775 2841 925 2776 2834 925 2777 2839 926 2778 2835 926 2779 2836 926 2780 2837 927 2781 2836 927 2782 2835 927 2783 2834 928 2784 2832 928 2785 2835 928 2786 2832 929 2787 2838 929 2788 2835 929 2789 2837 930 2790 2835 930 2791 2838 930 2792 2835 931 2793 2839 931 2794 2841 931 2795 2838 932 2796 2832 932 2797 2745 932 2798 2745 933 2799 2832 933 2800 2747 933 2801 2832 934 2802 2830 934 2803 2747 934 2804 2747 935 2805 2830 935 2806 2751 935 2807 2751 936 2808 2807 936 2809 2804 936 2810 2751 937 2811 2830 937 2812 2807 937 2813 2814 938 2814 2836 938 2815 2837 938 2816 2816 939 2817 2814 939 2818 2743 939 2819 2816 940 2820 2840 940 2821 2814 940 2822 2840 941 2823 2836 941 2824 2814 941 2825 2840 942 2826 2816 942 2827 2590 942 2828 2841 943 2829 2839 943 2830 2834 943 2831 2836 944 2832 2840 944 2833 2839 944 2834 2597 945 2835 2834 945 2836 2839 945 2837 2597 946 2838 2833 946 2839 2834 946 2840 2839 947 2841 2589 947 2842 2597 947 2843 2597 948 2844 2829 948 2845 2833 948 2846 2833 949 2847 2830 949 2848 2832 949 2849 2828 950 2850 2807 950 2851 2830 950 2852 2807 951 2853 2828 951 2854 2827 951 2855 2828 952 2856 2596 952 2857 2826 952 2858 2828 953 2859 2829 953 2860 2596 953 2861 2842 954 2862 2807 954 2863 2826 954 2864 2807 955 2865 2842 955 2866 2805 955 2867 2842 956 2868 2808 956 2869 2805 956 2870 2808 957 2871 2842 957 2872 2843 957 2873 2580 958 2874 2825 958 2875 2842 958 2876 2823 959 2877 2825 959 2878 2844 959 2879 2583 960 2880 2825 960 2881 2580 960 2882 2844 961 2883 2825 961 2884 2583 961 2885 2818 962 2886 2823 962 2887 2844 962 2888 2818 963 2889 2844 963 2890 2584 963 2891 2584 964 2892 2819 964 2893 2818 964 2894 2826 965 2895 2580 965 2896 2842 965 2897 2826 966 2898 2596 966 2899 2580 966 2900 2824 967 2901 2808 967 2902 2825 967 2903 2823 968 2904 2824 968 2905 2825 968 2906 2808 969 2907 2822 969 2908 2809 969 2909 2818 970 2910 2821 970 2911 2823 970 2912 2809 971 2913 2818 971 2914 2811 971 2915 2585 972 2916 2590 972 2917 2819 972 2918 2585 973 2919 2819 973 2920 2584 973 2921 2811 974 2922 2813 974 2923 2812 974 2924 2845 975 2925 2812 975 2926 2813 975 2927 2743 976 2928 2845 976 2929 2813 976 2930 2847 977 2931 2889 977 2932 2845 977 2933 2742 978 2934 2847 978 2935 2845 978 2936 2812 979 2937 2845 979 2938 2889 979 2939 2743 980 2940 2742 980 2941 2845 980 2942 2846 981 2943 2889 981 2944 2847 981 2945 2889 982 2946 2846 982 2947 2848 982 2948 2846 983 2949 4131 983 2950 2848 983 2951 2846 984 2952 2847 984 2953 4132 984 2954 2846 985 2955 4132 985 2956 4131 985 2957 4131 986 2958 2887 986 2959 2848 986 2960 4131 987 2961 4013 987 2962 2887 987 2963 2851 988 2964 2850 988 2965 2849 988 2966 2855 989 2967 2851 989 2968 2849 989 2969 2855 990 2970 2852 990 2971 2851 990 2972 2853 991 2973 2851 991 2974 2852 991 2975 4130 992 2976 2850 992 2977 2851 992 2978 4130 993 2979 2851 993 2980 2853 993 2981 2854 994 2982 4130 994 2983 2853 994 2984 2854 995 2985 2853 995 2986 2855 995 2987 2855 996 2988 2853 996 2989 2852 996 2990 2857 997 2991 2855 997 2992 4004 997 2993 2855 998 2994 2856 998 2995 2858 998 2996 2855 999 2997 2857 999 2998 2856 999 2999 2854 1000 3000 2855 1000 3001 2858 1000 3002 2858 1001 3003 2856 1001 3004 2859 1001 3005 2860 1002 3006 2858 1002 3007 2859 1002 3008 2854 1003 3009 2858 1003 3010 2860 1003 3011 2861 1004 3012 2854 1004 3013 2860 1004 3014 2863 1005 3015 2861 1005 3016 2860 1005 3017 2862 1006 3018 2860 1006 3019 2859 1006 3020 2863 1007 3021 2860 1007 3022 2862 1007 3023 2859 1008 3024 2863 1008 3025 2862 1008 3026 2859 1009 3027 2864 1009 3028 2863 1009 3029 2865 1010 3030 2863 1010 3031 2864 1010 3032 2863 1011 3033 2865 1011 3034 2861 1011 3035 2865 1012 3036 2866 1012 3037 2861 1012 3038 2865 1013 3039 2870 1013 3040 2866 1013 3041 2869 1014 3042 2865 1014 3043 2867 1014 3044 2865 1015 3045 2864 1015 3046 2867 1015 3047 2868 1016 3048 2870 1016 3049 2865 1016 3050 2869 1017 3051 2868 1017 3052 2865 1017 3053 2870 1018 3054 2873 1018 3055 2866 1018 3056 2868 1019 3057 2871 1019 3058 2870 1019 3059 2871 1020 3060 2872 1020 3061 2870 1020 3062 2870 1021 3063 2872 1021 3064 2873 1021 3065 2872 1022 3066 2941 1022 3067 2873 1022 3068 2874 1023 3069 2873 1023 3070 2941 1023 3071 2875 1024 3072 2873 1024 3073 2874 1024 3074 2875 1025 3075 2866 1025 3076 2873 1025 3077 2875 1026 3078 2877 1026 3079 2876 1026 3080 2876 1027 3081 2866 1027 3082 2875 1027 3083 2877 1028 3084 2875 1028 3085 2879 1028 3086 2877 1029 3087 2879 1029 3088 2881 1029 3089 2874 1030 3090 2878 1030 3091 2879 1030 3092 2874 1031 3093 2879 1031 3094 2875 1031 3095 2880 1032 3096 2879 1032 3097 2878 1032 3098 2879 1033 3099 2880 1033 3100 2882 1033 3101 2881 1034 3102 2879 1034 3103 2882 1034 3104 2881 1035 3105 2882 1035 3106 2905 1035 3107 2881 1036 3108 2905 1036 3109 2883 1036 3110 2881 1037 3111 2883 1037 3112 4129 1037 3113 4129 1038 3114 2883 1038 3115 2884 1038 3116 2885 1039 3117 2884 1039 3118 2886 1039 3119 4129 1040 3120 2884 1040 3121 2885 1040 3122 2886 1041 3123 2887 1041 3124 2885 1041 3125 2888 1042 3126 2887 1042 3127 2886 1042 3128 2887 1043 3129 2849 1043 3130 2885 1043 3131 2848 1044 3132 2887 1044 3133 2888 1044 3134 2888 1045 3135 2889 1045 3136 2848 1045 3137 2890 1046 3138 2889 1046 3139 2888 1046 3140 2884 1047 3141 2890 1047 3142 2888 1047 3143 2891 1048 3144 2889 1048 3145 2890 1048 3146 2892 1049 3147 2889 1049 3148 2891 1049 3149 2812 1050 3150 2889 1050 3151 2892 1050 3152 2810 1051 3153 2812 1051 3154 2892 1051 3155 2892 1052 3156 2893 1052 3157 2810 1052 3158 2894 1053 3159 2893 1053 3160 2892 1053 3161 2894 1054 3162 2806 1054 3163 2893 1054 3164 2897 1055 3165 2895 1055 3166 2894 1055 3167 2895 1056 3168 2806 1056 3169 2894 1056 3170 2897 1057 3171 2894 1057 3172 2891 1057 3173 2891 1058 3174 2894 1058 3175 2892 1058 3176 2897 1059 3177 2891 1059 3178 2896 1059 3179 2896 1060 3180 2899 1060 3181 2897 1060 3182 2897 1061 3183 2899 1061 3184 2898 1061 3185 2897 1062 3186 2898 1062 3187 3856 1062 3188 2900 1063 3189 2898 1063 3190 2899 1063 3191 2901 1064 3192 2898 1064 3193 2900 1064 3194 2902 1065 3195 2900 1065 3196 2899 1065 3197 2896 1066 3198 2902 1066 3199 2899 1066 3200 2904 1067 3201 2902 1067 3202 2896 1067 3203 2904 1068 3204 2903 1068 3205 2883 1068 3206 2896 1069 3207 2903 1069 3208 2904 1069 3209 2904 1070 3210 2883 1070 3211 2905 1070 3212 2908 1071 3213 2904 1071 3214 2905 1071 3215 2905 1072 3216 2906 1072 3217 2908 1072 3218 2906 1073 3219 2905 1073 3220 2882 1073 3221 2914 1074 3222 2906 1074 3223 2915 1074 3224 2908 1075 3225 2906 1075 3226 2914 1075 3227 2907 1076 3228 2906 1076 3229 2882 1076 3230 2907 1077 3231 2915 1077 3232 2906 1077 3233 2910 1078 3234 2908 1078 3235 2914 1078 3236 2909 1079 3237 2908 1079 3238 2910 1079 3239 2911 1080 3240 2918 1080 3241 3848 1080 3242 2901 1081 3243 2918 1081 3244 2911 1081 3245 2912 1082 3246 2918 1082 3247 2921 1082 3248 2910 1083 3249 2918 1083 3250 2901 1083 3251 2913 1084 3252 2918 1084 3253 2912 1084 3254 3848 1085 3255 2918 1085 3256 3845 1085 3257 3845 1086 3258 2918 1086 3259 2913 1086 3260 2914 1087 3261 2918 1087 3262 2910 1087 3263 2914 1088 3264 2917 1088 3265 2918 1088 3266 2914 1089 3267 2915 1089 3268 2917 1089 3269 2907 1090 3270 2917 1090 3271 2915 1090 3272 2907 1091 3273 2916 1091 3274 2917 1091 3275 2916 1092 3276 2919 1092 3277 2917 1092 3278 2918 1093 3279 2917 1093 3280 2919 1093 3281 2918 1094 3282 2919 1094 3283 2921 1094 3284 2920 1095 3285 2921 1095 3286 2919 1095 3287 2920 1096 3288 2912 1096 3289 2921 1096 3290 2920 1097 3291 2922 1097 3292 2912 1097 3293 2919 1098 3294 2924 1098 3295 2923 1098 3296 2919 1099 3297 2916 1099 3298 2924 1099 3299 2916 1100 3300 2878 1100 3301 2924 1100 3302 2923 1101 3303 2924 1101 3304 2942 1101 3305 2928 1102 3306 2922 1102 3307 2923 1102 3308 2942 1103 3309 2928 1103 3310 2923 1103 3311 2926 1104 3312 2922 1104 3313 2928 1104 3314 2925 1105 3315 2928 1105 3316 2942 1105 3317 2926 1106 3318 2927 1106 3319 2922 1106 3320 3814 1107 3321 2927 1107 3322 2926 1107 3323 2926 1108 3324 2928 1108 3325 2929 1108 3326 2926 1109 3327 2929 1109 3328 3816 1109 3329 2930 1110 3330 2929 1110 3331 2928 1110 3332 2932 1111 3333 2931 1111 3334 2930 1111 3335 4124 1112 3336 2932 1112 3337 2933 1112 3338 2933 1113 3339 2932 1113 3340 2935 1113 3341 2935 1114 3342 2932 1114 3343 2934 1114 3344 2940 1115 3345 2936 1115 3346 2935 1115 3347 2934 1116 3348 2940 1116 3349 2935 1116 3350 2938 1117 3351 2937 1117 3352 2936 1117 3353 2939 1118 3354 4127 1118 3355 2938 1118 3356 2938 1119 3357 2936 1119 3358 2939 1119 3359 2939 1120 3360 2936 1120 3361 2940 1120 3362 2941 1121 3363 2872 1121 3364 2940 1121 3365 2874 1122 3366 2943 1122 3367 2878 1122 3368 2924 1123 3369 2878 1123 3370 2943 1123 3371 2943 1124 3372 2941 1124 3373 2942 1124 3374 2874 1125 3375 2941 1125 3376 2943 1125 3377 2943 1126 3378 2942 1126 3379 2924 1126 3380 2941 1127 3381 2940 1127 3382 2934 1127 3383 2941 1128 3384 2925 1128 3385 2942 1128 3386 2925 1129 3387 2941 1129 3388 2934 1129 3389 2940 1130 3390 2872 1130 3391 2939 1130 3392 4127 1131 3393 2939 1131 3394 2944 1131 3395 2944 1132 3396 2939 1132 3397 2872 1132 3398 2946 1133 3399 2945 1133 3400 2944 1133 3401 2945 1134 3402 4127 1134 3403 2944 1134 3404 2871 1135 3405 2944 1135 3406 2872 1135 3407 2946 1136 3408 2944 1136 3409 2871 1136 3410 2948 1137 3411 2947 1137 3412 2946 1137 3413 2947 1138 3414 2945 1138 3415 2946 1138 3416 2948 1139 3417 2946 1139 3418 2871 1139 3419 2949 1140 3420 2947 1140 3421 2948 1140 3422 2948 1141 3423 2952 1141 3424 2949 1141 3425 2948 1142 3426 2950 1142 3427 2952 1142 3428 2948 1143 3429 2951 1143 3430 2950 1143 3431 2948 1144 3432 2871 1144 3433 2868 1144 3434 2951 1145 3435 2948 1145 3436 2868 1145 3437 3979 1146 3438 2952 1146 3439 3978 1146 3440 3979 1147 3441 2953 1147 3442 2952 1147 3443 3978 1148 3444 2952 1148 3445 2950 1148 3446 2949 1149 3447 2952 1149 3448 2953 1149 3449 2955 1150 3450 2953 1150 3451 2954 1150 3452 3979 1151 3453 2954 1151 3454 2953 1151 3455 2949 1152 3456 2953 1152 3457 2955 1152 3458 2954 1153 3459 2958 1153 3460 2955 1153 3461 2949 1154 3462 2955 1154 3463 2956 1154 3464 2955 1155 3465 2957 1155 3466 2956 1155 3467 2955 1156 3468 2958 1156 3469 2957 1156 3470 2958 1157 3471 2959 1157 3472 3084 1157 3473 2958 1158 3474 2954 1158 3475 2959 1158 3476 2958 1159 3477 2961 1159 3478 2960 1159 3479 3084 1160 3480 2961 1160 3481 2958 1160 3482 2960 1161 3483 2957 1161 3484 2958 1161 3485 3887 1162 3486 2962 1162 3487 2960 1162 3488 2970 1163 3489 2964 1163 3490 2963 1163 3491 2970 1164 3492 2965 1164 3493 2964 1164 3494 2966 1165 3495 2965 1165 3496 2970 1165 3497 2969 1166 3498 2967 1166 3499 2966 1166 3500 2965 1167 3501 2966 1167 3502 2967 1167 3503 2985 1168 3504 2965 1168 3505 2967 1168 3506 2985 1169 3507 2967 1169 3508 2974 1169 3509 2969 1170 3510 2968 1170 3511 2967 1170 3512 2970 1171 3513 2971 1171 3514 2969 1171 3515 3067 1172 3516 4089 1172 3517 2971 1172 3518 2969 1173 3519 4089 1173 3520 2972 1173 3521 2969 1174 3522 2971 1174 3523 4089 1174 3524 2969 1175 3525 2972 1175 3526 2968 1175 3527 2968 1176 3528 2972 1176 3529 2973 1176 3530 2974 1177 3531 2967 1177 3532 2973 1177 3533 2967 1178 3534 2968 1178 3535 2973 1178 3536 2975 1179 3537 2974 1179 3538 2973 1179 3539 2976 1180 3540 2975 1180 3541 4090 1180 3542 4090 1181 3543 2977 1181 3544 2978 1181 3545 4090 1182 3546 2978 1182 3547 2976 1182 3548 2978 1183 3549 2979 1183 3550 2976 1183 3551 2980 1184 3552 2979 1184 3553 2982 1184 3554 2979 1185 3555 2980 1185 3556 2976 1185 3557 2978 1186 3558 2981 1186 3559 2979 1186 3560 2981 1187 3561 2982 1187 3562 2979 1187 3563 2983 1188 3564 2976 1188 3565 2980 1188 3566 2976 1189 3567 2983 1189 3568 2975 1189 3569 2980 1190 3570 2984 1190 3571 2983 1190 3572 2985 1191 3573 2983 1191 3574 2984 1191 3575 2975 1192 3576 2983 1192 3577 2974 1192 3578 2974 1193 3579 2983 1193 3580 2985 1193 3581 2985 1194 3582 2984 1194 3583 2986 1194 3584 2988 1195 3585 2964 1195 3586 2986 1195 3587 2985 1196 3588 2986 1196 3589 2965 1196 3590 2965 1197 3591 2986 1197 3592 2964 1197 3593 2984 1198 3594 2988 1198 3595 2986 1198 3596 2988 1199 3597 2984 1199 3598 2987 1199 3599 2988 1200 3600 2989 1200 3601 2964 1200 3602 2963 1201 3603 2964 1201 3604 2989 1201 3605 4105 1202 3606 2989 1202 3607 2990 1202 3608 2963 1203 3609 2989 1203 3610 4105 1203 3611 4105 1204 3612 2990 1204 3613 2992 1204 3614 4105 1205 3615 2992 1205 3616 2991 1205 3617 2991 1206 3618 4124 1206 3619 4105 1206 3620 3834 1207 3621 4124 1207 3622 2991 1207 3623 2991 1208 3624 2994 1208 3625 3834 1208 3626 2991 1209 3627 2993 1209 3628 2994 1209 3629 2991 1210 3630 2992 1210 3631 2993 1210 3632 3004 1211 3633 2993 1211 3634 2992 1211 3635 2993 1212 3636 2996 1212 3637 2994 1212 3638 2994 1213 3639 2996 1213 3640 2995 1213 3641 2996 1214 3642 3827 1214 3643 3833 1214 3644 3827 1215 3645 2996 1215 3646 2998 1215 3647 2996 1216 3648 3833 1216 3649 2995 1216 3650 2997 1217 3651 2996 1217 3652 2999 1217 3653 2996 1218 3654 2997 1218 3655 2998 1218 3656 2999 1219 3657 2996 1219 3658 3003 1219 3659 2999 1220 3660 3009 1220 3661 2997 1220 3662 3009 1221 3663 2999 1221 3664 3007 1221 3665 3000 1222 3666 3001 1222 3667 2999 1222 3668 2999 1223 3669 3002 1223 3670 3000 1223 3671 2999 1224 3672 3001 1224 3673 3007 1224 3674 2999 1225 3675 3003 1225 3676 3002 1225 3677 3003 1226 3678 2993 1226 3679 3004 1226 3680 3003 1227 3681 3004 1227 3682 3002 1227 3683 3002 1228 3684 3004 1228 3685 3005 1228 3686 3005 1229 3687 3004 1229 3688 2992 1229 3689 3000 1230 3690 3002 1230 3691 3005 1230 3692 3005 1231 3693 2990 1231 3694 3006 1231 3695 3005 1232 3696 2992 1232 3697 2990 1232 3698 3006 1233 3699 2990 1233 3700 2989 1233 3701 3006 1234 3702 2989 1234 3703 2988 1234 3704 3000 1235 3705 3005 1235 3706 3006 1235 3707 2987 1236 3708 3000 1236 3709 3006 1236 3710 2988 1237 3711 2987 1237 3712 3006 1237 3713 2996 1238 3714 2993 1238 3715 3003 1238 3716 3008 1239 3717 3007 1239 3718 3001 1239 3719 3011 1240 3720 3009 1240 3721 3010 1240 3722 3012 1241 3723 3010 1241 3724 3013 1241 3725 3012 1242 3726 3013 1242 3727 3014 1242 3728 3014 1243 3729 3013 1243 3730 3015 1243 3731 3015 1244 3732 4103 1244 3733 3817 1244 3734 3017 1245 3735 3817 1245 3736 4103 1245 3737 3017 1246 3738 4103 1246 3739 3016 1246 3740 3017 1247 3741 3016 1247 3742 3018 1247 3743 3018 1248 3744 3024 1248 3745 3183 1248 3746 3019 1249 3747 3024 1249 3748 3018 1249 3749 3018 1250 3750 3016 1250 3751 3019 1250 3752 3019 1251 3753 3016 1251 3754 3020 1251 3755 3021 1252 3756 3024 1252 3757 3023 1252 3758 3024 1253 3759 3022 1253 3760 4104 1253 3761 3024 1254 3762 3019 1254 3763 3022 1254 3764 3025 1255 3765 3024 1255 3766 4104 1255 3767 3024 1256 3768 3025 1256 3769 3023 1256 3770 3023 1257 3771 3025 1257 3772 3026 1257 3773 3155 1258 3774 3026 1258 3775 3025 1258 3776 3029 1259 3777 3025 1259 3778 3027 1259 3779 3025 1260 3780 4104 1260 3781 3027 1260 3782 3155 1261 3783 3025 1261 3784 3028 1261 3785 3028 1262 3786 3025 1262 3787 3029 1262 3788 3029 1263 3789 3030 1263 3790 3028 1263 3791 3029 1264 3792 3027 1264 3793 4098 1264 3794 4098 1265 3795 3030 1265 3796 3029 1265 3797 3028 1266 3798 3030 1266 3799 3031 1266 3800 3031 1267 3801 3030 1267 3802 3032 1267 3803 3032 1268 3804 3030 1268 3805 3034 1268 3806 4098 1269 3807 3033 1269 3808 3030 1269 3809 3030 1270 3810 3033 1270 3811 3034 1270 3812 3032 1271 3813 3034 1271 3814 3035 1271 3815 3035 1272 3816 3034 1272 3817 3036 1272 3818 3034 1273 3819 3033 1273 3820 3037 1273 3821 3034 1274 3822 3037 1274 3823 3036 1274 3824 3036 1275 3825 3037 1275 3826 3039 1275 3827 3033 1276 3828 3038 1276 3829 3037 1276 3830 3037 1277 3831 3038 1277 3832 3040 1277 3833 3037 1278 3834 3040 1278 3835 3039 1278 3836 3038 1279 3837 3042 1279 3838 3040 1279 3839 3039 1280 3840 3040 1280 3841 3041 1280 3842 3040 1281 3843 3043 1281 3844 3041 1281 3845 3040 1282 3846 3042 1282 3847 3043 1282 3848 3008 1283 3849 3043 1283 3850 3042 1283 3851 3008 1284 3852 3044 1284 3853 3043 1284 3854 3043 1285 3855 3044 1285 3856 3045 1285 3857 3041 1286 3858 3043 1286 3859 3045 1286 3860 3041 1287 3861 3045 1287 3862 3046 1287 3863 3046 1288 3864 3045 1288 3865 3047 1288 3866 3045 1289 3867 3044 1289 3868 3048 1289 3869 3045 1290 3870 3048 1290 3871 3047 1290 3872 3049 1291 3873 3048 1291 3874 3044 1291 3875 3048 1292 3876 3049 1292 3877 3050 1292 3878 3050 1293 3879 3051 1293 3880 3048 1293 3881 3047 1294 3882 3048 1294 3883 3051 1294 3884 3053 1295 3885 3051 1295 3886 3052 1295 3887 3054 1296 3888 3052 1296 3889 3051 1296 3890 3054 1297 3891 3051 1297 3892 3050 1297 3893 3047 1298 3894 3051 1298 3895 3053 1298 3896 3055 1299 3897 3054 1299 3898 3050 1299 3899 3057 1300 3900 3052 1300 3901 3054 1300 3902 3057 1301 3903 3054 1301 3904 3055 1301 3905 3055 1302 3906 3058 1302 3907 3057 1302 3908 3056 1303 3909 3057 1303 3910 3058 1303 3911 3057 1304 3912 3056 1304 3913 3875 1304 3914 3059 1305 3915 3056 1305 3916 3058 1305 3917 3055 1306 3918 3059 1306 3919 3058 1306 3920 3063 1307 3921 3059 1307 3922 3060 1307 3923 2981 1308 3924 3059 1308 3925 3055 1308 3926 2981 1309 3927 3062 1309 3928 3059 1309 3929 3060 1310 3930 3059 1310 3931 3061 1310 3932 3059 1311 3933 3063 1311 3934 3056 1311 3935 3065 1312 3936 3878 1312 3937 3063 1312 3938 3065 1313 3939 3063 1313 3940 2977 1313 3941 3877 1314 3942 3063 1314 3943 3878 1314 3944 3877 1315 3945 3056 1315 3946 3063 1315 3947 2977 1316 3948 3063 1316 3949 3064 1316 3950 3063 1317 3951 3060 1317 3952 3064 1317 3953 2981 1318 3954 3064 1318 3955 3060 1318 3956 2981 1319 3957 3061 1319 3958 3062 1319 3959 2981 1320 3960 3060 1320 3961 3061 1320 3962 2978 1321 3963 3064 1321 3964 2981 1321 3965 3064 1322 3966 2978 1322 3967 2977 1322 3968 2977 1323 3969 4090 1323 3970 3066 1323 3971 3067 1324 3972 3071 1324 3973 3066 1324 3974 3069 1325 3975 3071 1325 3976 3067 1325 3977 3069 1326 3978 3067 1326 3979 2971 1326 3980 3068 1327 3981 3069 1327 3982 2971 1327 3983 3070 1328 3984 3078 1328 3985 3069 1328 3986 3069 1329 3987 3078 1329 3988 3071 1329 3989 2977 1330 3990 3066 1330 3991 3071 1330 3992 3065 1331 3993 3071 1331 3994 3072 1331 3995 3071 1332 3996 3065 1332 3997 2977 1332 3998 3071 1333 3999 3073 1333 4000 3072 1333 4001 3071 1334 4002 3074 1334 4003 3073 1334 4004 3074 1335 4005 3125 1335 4006 3073 1335 4007 3880 1336 4008 3074 1336 4009 3078 1336 4010 3078 1337 4011 3074 1337 4012 3071 1337 4013 3077 1338 4014 3075 1338 4015 3889 1338 4016 3070 1339 4017 3075 1339 4018 3076 1339 4019 3076 1340 4020 3075 1340 4021 3077 1340 4022 3076 1341 4023 3079 1341 4024 3078 1341 4025 2962 1342 4026 3887 1342 4027 3081 1342 4028 4106 1343 4029 2970 1343 4030 2963 1343 4031 3068 1344 4032 4106 1344 4033 4107 1344 4034 3069 1345 4035 3068 1345 4036 3080 1345 4037 2971 1346 4038 2970 1346 4039 3068 1346 4040 3068 1347 4041 2970 1347 4042 4106 1347 4043 3082 1348 4044 3080 1348 4045 3081 1348 4046 3069 1349 4047 3080 1349 4048 3082 1349 4049 3080 1350 4050 2962 1350 4051 3081 1350 4052 3080 1351 4053 3068 1351 4054 4107 1351 4055 3081 1352 4056 3889 1352 4057 3082 1352 4058 3082 1353 4059 3889 1353 4060 3075 1353 4061 3075 1354 4062 3069 1354 4063 3082 1354 4064 3070 1355 4065 3069 1355 4066 3075 1355 4067 3890 1356 4068 3888 1356 4069 2961 1356 4070 3888 1357 4071 2960 1357 4072 2961 1357 4073 3888 1358 4074 3887 1358 4075 2960 1358 4076 2961 1359 4077 3084 1359 4078 3890 1359 4079 3890 1360 4080 3084 1360 4081 2959 1360 4082 2959 1361 4083 3905 1361 4084 3890 1361 4085 2959 1362 4086 3083 1362 4087 3905 1362 4088 2959 1363 4089 3086 1363 4090 3083 1363 4091 3086 1364 4092 3921 1364 4093 3083 1364 4094 3083 1365 4095 3921 1365 4096 3085 1365 4097 2959 1366 4098 3087 1366 4099 3086 1366 4100 3922 1367 4101 3087 1367 4102 3980 1367 4103 3923 1368 4104 3922 1368 4105 3088 1368 4106 3088 1369 4107 3089 1369 4108 3923 1369 4109 3088 1370 4110 3090 1370 4111 3089 1370 4112 3088 1371 4113 3922 1371 4114 3093 1371 4115 3093 1372 4116 3090 1372 4117 3088 1372 4118 3094 1373 4119 3091 1373 4120 3090 1373 4121 3090 1374 4122 3091 1374 4123 3092 1374 4124 3092 1375 4125 3089 1375 4126 3090 1375 4127 3090 1376 4128 3093 1376 4129 3094 1376 4130 3095 1377 4131 3096 1377 4132 3094 1377 4133 3094 1378 4134 3097 1378 4135 3091 1378 4136 3095 1379 4137 3094 1379 4138 3093 1379 4139 3094 1380 4140 3096 1380 4141 3097 1380 4142 3957 1381 4143 3098 1381 4144 3097 1381 4145 3091 1382 4146 3097 1382 4147 3098 1382 4148 3098 1383 4149 3928 1383 4150 3099 1383 4151 3091 1384 4152 3098 1384 4153 3099 1384 4154 3100 1385 4155 3101 1385 4156 3099 1385 4157 3101 1386 4158 3091 1386 4159 3099 1386 4160 3103 1387 4161 3101 1387 4162 3100 1387 4163 3102 1388 4164 3092 1388 4165 3101 1388 4166 3104 1389 4167 3102 1389 4168 3101 1389 4169 3104 1390 4170 3101 1390 4171 3103 1390 4172 3101 1391 4173 3092 1391 4174 3091 1391 4175 3104 1392 4176 3113 1392 4177 3108 1392 4178 3104 1393 4179 3108 1393 4180 3105 1393 4181 3104 1394 4182 2507 1394 4183 3113 1394 4184 3103 1395 4185 2507 1395 4186 3104 1395 4187 3105 1396 4188 3102 1396 4189 3104 1396 4190 3105 1397 4191 3108 1397 4192 3106 1397 4193 3105 1398 4194 3107 1398 4195 3102 1398 4196 3106 1399 4197 3107 1399 4198 3105 1399 4199 3110 1400 4200 3115 1400 4201 3114 1400 4202 3110 1401 4203 3114 1401 4204 3109 1401 4205 2522 1402 4206 3115 1402 4207 3110 1402 4208 3111 1403 4209 3110 1403 4210 3109 1403 4211 3111 1404 4212 2522 1404 4213 3110 1404 4214 3109 1405 4215 3108 1405 4216 3111 1405 4217 3113 1406 4218 3112 1406 4219 3111 1406 4220 2522 1407 4221 3111 1407 4222 3112 1407 4223 3113 1408 4224 3111 1408 4225 3108 1408 4226 2504 1409 4227 2522 1409 4228 3112 1409 4229 3113 1410 4230 2504 1410 4231 3112 1410 4232 2504 1411 4233 3113 1411 4234 2507 1411 4235 3114 1412 4236 3926 1412 4237 3109 1412 4238 3115 1413 4239 2524 1413 4240 3116 1413 4241 3115 1414 4242 3116 1414 4243 3114 1414 4244 2524 1415 4245 3872 1415 4246 3116 1415 4247 3118 1416 4248 3117 1416 4249 3116 1416 4250 3116 1417 4251 3872 1417 4252 3118 1417 4253 3114 1418 4254 3116 1418 4255 3117 1418 4256 3926 1419 4257 3114 1419 4258 3906 1419 4259 3114 1420 4260 3117 1420 4261 3906 1420 4262 3119 1421 4263 3122 1421 4264 3117 1421 4265 3117 1422 4266 3122 1422 4267 3906 1422 4268 3117 1423 4269 3118 1423 4270 3119 1423 4271 3123 1424 4272 3120 1424 4273 3119 1424 4274 3119 1425 4275 3079 1425 4276 3121 1425 4277 3118 1426 4278 3123 1426 4279 3119 1426 4280 3119 1427 4281 3121 1427 4282 3122 1427 4283 3124 1428 4284 3123 1428 4285 3118 1428 4286 3124 1429 4287 3125 1429 4288 3123 1429 4289 3125 1430 4290 3126 1430 4291 3073 1430 4292 3125 1431 4293 3124 1431 4294 3126 1431 4295 3127 1432 4296 3126 1432 4297 3124 1432 4298 3872 1433 4299 3873 1433 4300 3127 1433 4301 3127 1434 4302 3873 1434 4303 3128 1434 4304 3124 1435 4305 3118 1435 4306 3127 1435 4307 3128 1436 4308 3129 1436 4309 3127 1436 4310 3127 1437 4311 3118 1437 4312 3872 1437 4313 3126 1438 4314 3127 1438 4315 3129 1438 4316 3129 1439 4317 3130 1439 4318 3126 1439 4319 3131 1440 4320 3130 1440 4321 3129 1440 4322 3879 1441 4323 3130 1441 4324 3131 1441 4325 3132 1442 4326 3131 1442 4327 3128 1442 4328 3129 1443 4329 3128 1443 4330 3131 1443 4331 3132 1444 4332 3134 1444 4333 3131 1444 4334 3131 1445 4335 3134 1445 4336 3879 1445 4337 3879 1446 4338 3134 1446 4339 3133 1446 4340 3135 1447 4341 3133 1447 4342 3134 1447 4343 3135 1448 4344 3134 1448 4345 3874 1448 4346 3136 1449 4347 3137 1449 4348 3135 1449 4349 3139 1450 4350 3136 1450 4351 3135 1450 4352 3135 1451 4353 3137 1451 4354 3133 1451 4355 3139 1452 4356 3135 1452 4357 3874 1452 4358 3136 1453 4359 3139 1453 4360 3138 1453 4361 3140 1454 4362 3138 1454 4363 3139 1454 4364 3143 1455 4365 3140 1455 4366 3141 1455 4367 3139 1456 4368 3141 1456 4369 3140 1456 4370 3142 1457 4371 3140 1457 4372 3144 1457 4373 3140 1458 4374 3142 1458 4375 3138 1458 4376 3143 1459 4377 3144 1459 4378 3140 1459 4379 3144 1460 4380 3145 1460 4381 3142 1460 4382 3146 1461 4383 3144 1461 4384 3143 1461 4385 3147 1462 4386 3145 1462 4387 3144 1462 4388 3144 1463 4389 3146 1463 4390 3147 1463 4391 3148 1464 4392 3145 1464 4393 3147 1464 4394 2586 1465 4395 3147 1465 4396 3146 1465 4397 2586 1466 4398 3148 1466 4399 3147 1466 4400 2586 1467 4401 3149 1467 4402 3148 1467 4403 3149 1468 4404 3035 1468 4405 3148 1468 4406 3150 1469 4407 3035 1469 4408 3149 1469 4409 3150 1470 4410 3149 1470 4411 3151 1470 4412 3149 1471 4413 2586 1471 4414 2581 1471 4415 3149 1472 4416 2581 1472 4417 3151 1472 4418 3151 1473 4419 2580 1473 4420 3152 1473 4421 2581 1474 4422 2580 1474 4423 3151 1474 4424 3151 1475 4425 3152 1475 4426 3150 1475 4427 3152 1476 4428 3031 1476 4429 3032 1476 4430 3154 1477 4431 3031 1477 4432 3152 1477 4433 3152 1478 4434 3032 1478 4435 3150 1478 4436 3152 1479 4437 2580 1479 4438 3153 1479 4439 3152 1480 4440 3153 1480 4441 3154 1480 4442 3155 1481 4443 3031 1481 4444 3154 1481 4445 3155 1482 4446 3154 1482 4447 3153 1482 4448 3156 1483 4449 3155 1483 4450 3153 1483 4451 3156 1484 4452 3026 1484 4453 3155 1484 4454 3157 1485 4455 3156 1485 4456 3160 1485 4457 3159 1486 4458 3156 1486 4459 3157 1486 4460 3026 1487 4461 3156 1487 4462 3158 1487 4463 3156 1488 4464 3159 1488 4465 3158 1488 4466 3162 1489 4467 3156 1489 4468 3153 1489 4469 3160 1490 4470 3156 1490 4471 3162 1490 4472 3161 1491 4473 3162 1491 4474 3163 1491 4475 3163 1492 4476 3162 1492 4477 3153 1492 4478 3161 1493 4479 3163 1493 4480 3207 1493 4481 3153 1494 4482 2580 1494 4483 3163 1494 4484 3207 1495 4485 3163 1495 4486 3164 1495 4487 3163 1496 4488 2580 1496 4489 3164 1496 4490 3158 1497 4491 3161 1497 4492 3207 1497 4493 3158 1498 4494 3165 1498 4495 3026 1498 4496 3167 1499 4497 3166 1499 4498 3165 1499 4499 3023 1500 4500 3165 1500 4501 3182 1500 4502 3023 1501 4503 3026 1501 4504 3165 1501 4505 3182 1502 4506 3165 1502 4507 3166 1502 4508 3165 1503 4509 3158 1503 4510 3167 1503 4511 3207 1504 4512 3167 1504 4513 3158 1504 4514 3167 1505 4515 3207 1505 4516 3170 1505 4517 3166 1506 4518 3167 1506 4519 3168 1506 4520 3168 1507 4521 3167 1507 4522 3169 1507 4523 3169 1508 4524 3167 1508 4525 3170 1508 4526 3170 1509 4527 3207 1509 4528 3205 1509 4529 3205 1510 4530 3171 1510 4531 3170 1510 4532 3205 1511 4533 3172 1511 4534 3171 1511 4535 3173 1512 4536 3172 1512 4537 3203 1512 4538 3174 1513 4539 3203 1513 4540 3175 1513 4541 3175 1514 4542 3176 1514 4543 3174 1514 4544 3176 1515 4545 3178 1515 4546 3174 1515 4547 3808 1516 4548 3194 1516 4549 3176 1516 4550 3176 1517 4551 3194 1517 4552 3178 1517 4553 3174 1518 4554 3178 1518 4555 3177 1518 4556 3178 1519 4557 3193 1519 4558 3177 1519 4559 3193 1520 4560 3179 1520 4561 3177 1520 4562 3179 1521 4563 3173 1521 4564 3177 1521 4565 3180 1522 4566 3181 1522 4567 3182 1522 4568 3171 1523 4569 3181 1523 4570 3180 1523 4571 3181 1524 4572 3171 1524 4573 3172 1524 4574 3172 1525 4575 3173 1525 4576 3181 1525 4577 3181 1526 4578 3173 1526 4579 3179 1526 4580 3180 1527 4581 3170 1527 4582 3171 1527 4583 3166 1528 4584 3180 1528 4585 3182 1528 4586 3168 1529 4587 3180 1529 4588 3166 1529 4589 3169 1530 4590 3180 1530 4591 3168 1530 4592 3170 1531 4593 3180 1531 4594 3169 1531 4595 3182 1532 4596 3181 1532 4597 3185 1532 4598 3021 1533 4599 3182 1533 4600 3184 1533 4601 3185 1534 4602 3184 1534 4603 3182 1534 4604 3021 1535 4605 3183 1535 4606 3024 1535 4607 3183 1536 4608 3021 1536 4609 3184 1536 4610 3189 1537 4611 3187 1537 4612 3186 1537 4613 3189 1538 4614 3186 1538 4615 3188 1538 4616 3187 1539 4617 3189 1539 4618 3190 1539 4619 3190 1540 4620 3189 1540 4621 3191 1540 4622 3188 1541 4623 3192 1541 4624 3189 1541 4625 3189 1542 4626 3192 1542 4627 3191 1542 4628 3192 1543 4629 3190 1543 4630 3191 1543 4631 3192 1544 4632 3196 1544 4633 3190 1544 4634 3198 1545 4635 3192 1545 4636 3194 1545 4637 3193 1546 4638 3194 1546 4639 3192 1546 4640 3197 1547 4641 3199 1547 4642 3195 1547 4643 3195 1548 4644 3196 1548 4645 3197 1548 4646 3196 1549 4647 3198 1549 4648 3197 1549 4649 3498 1550 4650 3199 1550 4651 3201 1550 4652 3199 1551 4653 3197 1551 4654 3202 1551 4655 3199 1552 4656 3498 1552 4657 3195 1552 4658 3202 1553 4659 3201 1553 4660 3199 1553 4661 3809 1554 4662 3201 1554 4663 3202 1554 4664 3809 1555 4665 3806 1555 4666 3201 1555 4667 3806 1556 4668 3809 1556 4669 3175 1556 4670 3175 1557 4671 3809 1557 4672 3176 1557 4673 3203 1558 4674 3806 1558 4675 3175 1558 4676 3172 1559 4677 3204 1559 4678 3203 1559 4679 3203 1560 4680 3204 1560 4681 3806 1560 4682 3205 1561 4683 3204 1561 4684 3172 1561 4685 3205 1562 4686 3206 1562 4687 3204 1562 4688 3207 1563 4689 3206 1563 4690 3205 1563 4691 3206 1564 4692 3164 1564 4693 3204 1564 4694 3207 1565 4695 3164 1565 4696 3206 1565 4697 3208 1566 4698 3213 1566 4699 3204 1566 4700 3209 1567 4701 3208 1567 4702 3204 1567 4703 3209 1568 4704 3204 1568 4705 3210 1568 4706 3204 1569 4707 3164 1569 4708 3210 1569 4709 3204 1570 4710 3807 1570 4711 3806 1570 4712 3204 1571 4713 3211 1571 4714 3807 1571 4715 3204 1572 4716 3213 1572 4717 3211 1572 4718 3208 1573 4719 3212 1573 4720 3213 1573 4721 3220 1574 4722 3213 1574 4723 3222 1574 4724 3211 1575 4725 3213 1575 4726 3220 1575 4727 3214 1576 4728 3218 1576 4729 3215 1576 4730 3214 1577 4731 3211 1577 4732 3218 1577 4733 3215 1578 4734 3218 1578 4735 3216 1578 4736 3218 1579 4737 3217 1579 4738 3216 1579 4739 3497 1580 4740 3217 1580 4741 3218 1580 4742 3218 1581 4743 3211 1581 4744 3219 1581 4745 3219 1582 4746 3211 1582 4747 3220 1582 4748 3219 1583 4749 3220 1583 4750 3221 1583 4751 3222 1584 4752 3221 1584 4753 3220 1584 4754 3221 1585 4755 3225 1585 4756 3494 1585 4757 3221 1586 4758 3222 1586 4759 3223 1586 4760 3221 1587 4761 3223 1587 4762 3224 1587 4763 3221 1588 4764 3224 1588 4765 3225 1588 4766 3219 1589 4767 3221 1589 4768 3494 1589 4769 3225 1590 4770 3227 1590 4771 3226 1590 4772 3225 1591 4773 3226 1591 4774 3494 1591 4775 3227 1592 4776 3225 1592 4777 3228 1592 4778 3225 1593 4779 3224 1593 4780 3228 1593 4781 3227 1594 4782 3228 1594 4783 3224 1594 4784 3227 1595 4785 3224 1595 4786 3223 1595 4787 3212 1596 4788 3227 1596 4789 3222 1596 4790 3227 1597 4791 3212 1597 4792 3229 1597 4793 3229 1598 4794 3226 1598 4795 3227 1598 4796 3227 1599 4797 3223 1599 4798 3222 1599 4799 3212 1600 4800 3222 1600 4801 3213 1600 4802 3226 1601 4803 3229 1601 4804 3230 1601 4805 3231 1602 4806 3230 1602 4807 3229 1602 4808 3230 1603 4809 3231 1603 4810 3233 1603 4811 3230 1604 4812 3233 1604 4813 3232 1604 4814 3232 1605 4815 3483 1605 4816 3230 1605 4817 3230 1606 4818 3483 1606 4819 3226 1606 4820 3232 1607 4821 3233 1607 4822 3234 1607 4823 3235 1608 4824 3234 1608 4825 3233 1608 4826 3235 1609 4827 3233 1609 4828 3236 1609 4829 3235 1610 4830 3236 1610 4831 3237 1610 4832 3235 1611 4833 3237 1611 4834 3238 1611 4835 3239 1612 4836 3235 1612 4837 3238 1612 4838 3239 1613 4839 3234 1613 4840 3235 1613 4841 3240 1614 4842 3239 1614 4843 3241 1614 4844 3240 1615 4845 3244 1615 4846 3239 1615 4847 3239 1616 4848 3238 1616 4849 3241 1616 4850 3239 1617 4851 3242 1617 4852 3234 1617 4853 3239 1618 4854 3244 1618 4855 3242 1618 4856 3232 1619 4857 3242 1619 4858 3243 1619 4859 3232 1620 4860 3234 1620 4861 3242 1620 4862 3243 1621 4863 3242 1621 4864 3244 1621 4865 3484 1622 4866 3232 1622 4867 3243 1622 4868 3243 1623 4869 3244 1623 4870 3493 1623 4871 3246 1624 4872 3243 1624 4873 3493 1624 4874 3243 1625 4875 3245 1625 4876 3484 1625 4877 3243 1626 4878 3246 1626 4879 3245 1626 4880 3247 1627 4881 3250 1627 4882 3493 1627 4883 3247 1628 4884 3248 1628 4885 3250 1628 4886 3250 1629 4887 3248 1629 4888 3249 1629 4889 3250 1630 4890 3251 1630 4891 3493 1630 4892 3250 1631 4893 3249 1631 4894 3251 1631 4895 3493 1632 4896 3251 1632 4897 3262 1632 4898 3492 1633 4899 3262 1633 4900 3252 1633 4901 3493 1634 4902 3262 1634 4903 3492 1634 4904 3262 1635 4905 3253 1635 4906 3252 1635 4907 3252 1636 4908 3253 1636 4909 3487 1636 4910 3254 1637 4911 3255 1637 4912 3257 1637 4913 3254 1638 4914 3253 1638 4915 3255 1638 4916 3253 1639 4917 3254 1639 4918 3256 1639 4919 3796 1640 4920 3256 1640 4921 3254 1640 4922 3254 1641 4923 3257 1641 4924 3796 1641 4925 3257 1642 4926 3255 1642 4927 3258 1642 4928 3258 1643 4929 3255 1643 4930 3259 1643 4931 3256 1644 4932 3258 1644 4933 3259 1644 4934 3258 1645 4935 3256 1645 4936 3257 1645 4937 3256 1646 4938 3259 1646 4939 3260 1646 4940 3259 1647 4941 3261 1647 4942 3260 1647 4943 3259 1648 4944 3255 1648 4945 3261 1648 4946 3262 1649 4947 3261 1649 4948 3255 1649 4949 3251 1650 4950 3261 1650 4951 3262 1650 4952 3249 1651 4953 3263 1651 4954 3251 1651 4955 3251 1652 4956 3263 1652 4957 3261 1652 4958 3265 1653 4959 3263 1653 4960 3264 1653 4961 3269 1654 4962 3264 1654 4963 3263 1654 4964 3249 1655 4965 3269 1655 4966 3263 1655 4967 3264 1656 4968 3269 1656 4969 3266 1656 4970 3267 1657 4971 3264 1657 4972 3266 1657 4973 3266 1658 4974 3268 1658 4975 3267 1658 4976 3270 1659 4977 3266 1659 4978 3269 1659 4979 3270 1660 4980 3272 1660 4981 3271 1660 4982 3271 1661 4983 3268 1661 4984 3270 1661 4985 3270 1662 4986 3273 1662 4987 3272 1662 4988 3270 1663 4989 3269 1663 4990 3273 1663 4991 3270 1664 4992 3268 1664 4993 3266 1664 4994 3273 1665 4995 3248 1665 4996 3275 1665 4997 3273 1666 4998 3269 1666 4999 3248 1666 5000 3273 1667 5001 3275 1667 5002 3240 1667 5003 3273 1668 5004 3240 1668 5005 3274 1668 5006 3273 1669 5007 3274 1669 5008 3272 1669 5009 3275 1670 5010 3247 1670 5011 3493 1670 5012 3493 1671 5013 3244 1671 5014 3275 1671 5015 3247 1672 5016 3275 1672 5017 3248 1672 5018 3240 1673 5019 3275 1673 5020 3244 1673 5021 3240 1674 5022 3241 1674 5023 3274 1674 5024 3274 1675 5025 3241 1675 5026 3276 1675 5027 3274 1676 5028 3276 1676 5029 3277 1676 5030 3272 1677 5031 3274 1677 5032 3277 1677 5033 3277 1678 5034 3278 1678 5035 3279 1678 5036 3277 1679 5037 3276 1679 5038 3278 1679 5039 3280 1680 5040 3277 1680 5041 3279 1680 5042 3272 1681 5043 3277 1681 5044 3280 1681 5045 3271 1682 5046 3272 1682 5047 3280 1682 5048 3280 1683 5049 3279 1683 5050 3281 1683 5051 3282 1684 5052 3280 1684 5053 3281 1684 5054 3271 1685 5055 3280 1685 5056 3282 1685 5057 3283 1686 5058 3271 1686 5059 3282 1686 5060 3282 1687 5061 3281 1687 5062 3284 1687 5063 3283 1688 5064 3282 1688 5065 3285 1688 5066 3285 1689 5067 3282 1689 5068 3284 1689 5069 3285 1690 5070 3287 1690 5071 3283 1690 5072 3285 1691 5073 3284 1691 5074 3286 1691 5075 3286 1692 5076 3288 1692 5077 3285 1692 5078 3287 1693 5079 3285 1693 5080 3288 1693 5081 3290 1694 5082 3289 1694 5083 3288 1694 5084 3288 1695 5085 3289 1695 5086 3287 1695 5087 3289 1696 5088 3290 1696 5089 3293 1696 5090 3292 1697 5091 3293 1697 5092 3290 1697 5093 3461 1698 5094 3292 1698 5095 3290 1698 5096 3461 1699 5097 3290 1699 5098 3291 1699 5099 3294 1700 5100 3291 1700 5101 3290 1700 5102 3294 1701 5103 3290 1701 5104 3288 1701 5105 3295 1702 5106 3297 1702 5107 3294 1702 5108 3295 1703 5109 3294 1703 5110 3286 1703 5111 3286 1704 5112 3294 1704 5113 3288 1704 5114 3297 1705 5115 3291 1705 5116 3294 1705 5117 3296 1706 5118 3297 1706 5119 3298 1706 5120 3298 1707 5121 3297 1707 5122 3295 1707 5123 3298 1708 5124 3301 1708 5125 3299 1708 5126 3299 1709 5127 3296 1709 5128 3298 1709 5129 3295 1710 5130 3300 1710 5131 3298 1710 5132 3298 1711 5133 3300 1711 5134 3301 1711 5135 3317 1712 5136 3301 1712 5137 3302 1712 5138 3299 1713 5139 3301 1713 5140 3317 1713 5141 3300 1714 5142 3305 1714 5143 3301 1714 5144 3301 1715 5145 3305 1715 5146 3302 1715 5147 3302 1716 5148 3304 1716 5149 3303 1716 5150 3317 1717 5151 3302 1717 5152 3303 1717 5153 3302 1718 5154 3305 1718 5155 3304 1718 5156 3307 1719 5157 3305 1719 5158 3306 1719 5159 3305 1720 5160 3307 1720 5161 3304 1720 5162 3308 1721 5163 3310 1721 5164 3307 1721 5165 3306 1722 5166 3308 1722 5167 3307 1722 5168 3304 1723 5169 3307 1723 5170 3309 1723 5171 3307 1724 5172 3314 1724 5173 3309 1724 5174 3307 1725 5175 3310 1725 5176 3314 1725 5177 3311 1726 5178 3314 1726 5179 3310 1726 5180 3312 1727 5181 3314 1727 5182 3311 1727 5183 3313 1728 5184 3314 1728 5185 3312 1728 5186 3309 1729 5187 3314 1729 5188 3315 1729 5189 3317 1730 5190 3315 1730 5191 3453 1730 5192 3453 1731 5193 3315 1731 5194 3316 1731 5195 3315 1732 5196 3318 1732 5197 3316 1732 5198 3317 1733 5199 3309 1733 5200 3315 1733 5201 3315 1734 5202 3314 1734 5203 3318 1734 5204 3319 1735 5205 3318 1735 5206 3313 1735 5207 3313 1736 5208 3318 1736 5209 3314 1736 5210 3316 1737 5211 3318 1737 5212 3319 1737 5213 3319 1738 5214 3321 1738 5215 3320 1738 5216 3319 1739 5217 3320 1739 5218 3316 1739 5219 3322 1740 5220 3321 1740 5221 3319 1740 5222 3322 1741 5223 3319 1741 5224 3324 1741 5225 3322 1742 5226 3326 1742 5227 3323 1742 5228 3321 1743 5229 3322 1743 5230 3323 1743 5231 3324 1744 5232 3325 1744 5233 3322 1744 5234 3326 1745 5235 3322 1745 5236 3325 1745 5237 3325 1746 5238 3327 1746 5239 3326 1746 5240 3326 1747 5241 3327 1747 5242 3333 1747 5243 3327 1748 5244 3325 1748 5245 3328 1748 5246 3327 1749 5247 3328 1749 5248 3718 1749 5249 3333 1750 5250 3327 1750 5251 3329 1750 5252 3329 1751 5253 3327 1751 5254 3718 1751 5255 3329 1752 5256 3330 1752 5257 3333 1752 5258 3330 1753 5259 3329 1753 5260 3332 1753 5261 3329 1754 5262 3331 1754 5263 3332 1754 5264 3718 1755 5265 3331 1755 5266 3329 1755 5267 3333 1756 5268 3330 1756 5269 3334 1756 5270 3330 1757 5271 3559 1757 5272 3334 1757 5273 3335 1758 5274 3334 1758 5275 3559 1758 5276 3336 1759 5277 3333 1759 5278 3334 1759 5279 3334 1760 5280 3335 1760 5281 3336 1760 5282 3336 1761 5283 3326 1761 5284 3333 1761 5285 3337 1762 5286 3336 1762 5287 3335 1762 5288 3337 1763 5289 3338 1763 5290 3336 1763 5291 3338 1764 5292 3346 1764 5293 3336 1764 5294 3338 1765 5295 3337 1765 5296 3341 1765 5297 3339 1766 5298 3341 1766 5299 3337 1766 5300 3339 1767 5301 3355 1767 5302 3341 1767 5303 3341 1768 5304 3344 1768 5305 3338 1768 5306 3344 1769 5307 3343 1769 5308 3342 1769 5309 3341 1770 5310 3343 1770 5311 3344 1770 5312 3345 1771 5313 3344 1771 5314 3342 1771 5315 3346 1772 5316 3344 1772 5317 3345 1772 5318 3349 1773 5319 3347 1773 5320 3345 1773 5321 3345 1774 5322 3320 1774 5323 3321 1774 5324 3345 1775 5325 3347 1775 5326 3320 1775 5327 3346 1776 5328 3345 1776 5329 3323 1776 5330 3321 1777 5331 3323 1777 5332 3345 1777 5333 3348 1778 5334 3347 1778 5335 3349 1778 5336 3452 1779 5337 3320 1779 5338 3347 1779 5339 3347 1780 5340 3348 1780 5341 3452 1780 5342 3350 1781 5343 3348 1781 5344 3349 1781 5345 3350 1782 5346 3353 1782 5347 3351 1782 5348 3349 1783 5349 3352 1783 5350 3350 1783 5351 3350 1784 5352 3352 1784 5353 3353 1784 5354 3351 1785 5355 3353 1785 5356 3354 1785 5357 3354 1786 5358 3342 1786 5359 3355 1786 5360 3351 1787 5361 3354 1787 5362 3464 1787 5363 3355 1788 5364 3339 1788 5365 3354 1788 5366 3339 1789 5367 3573 1789 5368 3354 1789 5369 3354 1790 5370 3573 1790 5371 3464 1790 5372 3358 1791 5373 3357 1791 5374 3356 1791 5375 3466 1792 5376 3358 1792 5377 3356 1792 5378 3575 1793 5379 3357 1793 5380 3358 1793 5381 3430 1794 5382 3361 1794 5383 3360 1794 5384 3357 1795 5385 3361 1795 5386 3430 1795 5387 3362 1796 5388 3361 1796 5389 3357 1796 5390 3357 1797 5391 3363 1797 5392 3362 1797 5393 3363 1798 5394 3357 1798 5395 3597 1798 5396 3597 1799 5397 3364 1799 5398 3363 1799 5399 3363 1800 5400 3367 1800 5401 3362 1800 5402 3364 1801 5403 3367 1801 5404 3363 1801 5405 3364 1802 5406 3597 1802 5407 3366 1802 5408 3788 1803 5409 3368 1803 5410 3364 1803 5411 3788 1804 5412 3364 1804 5413 3365 1804 5414 3364 1805 5415 3366 1805 5416 3365 1805 5417 3368 1806 5418 3367 1806 5419 3364 1806 5420 3368 1807 5421 3788 1807 5422 3370 1807 5423 3790 1808 5424 3369 1808 5425 3370 1808 5426 3368 1809 5427 3370 1809 5428 3369 1809 5429 3370 1810 5430 3789 1810 5431 3790 1810 5432 3790 1811 5433 3371 1811 5434 3792 1811 5435 3371 1812 5436 3790 1812 5437 3789 1812 5438 3372 1813 5439 3787 1813 5440 3789 1813 5441 3388 1814 5442 3792 1814 5443 3371 1814 5444 3787 1815 5445 3371 1815 5446 3789 1815 5447 3787 1816 5448 3372 1816 5449 3373 1816 5450 3373 1817 5451 3786 1817 5452 3787 1817 5453 3373 1818 5454 3374 1818 5455 3786 1818 5456 3786 1819 5457 3374 1819 5458 3515 1819 5459 3377 1820 5460 3374 1820 5461 3376 1820 5462 3374 1821 5463 3373 1821 5464 3375 1821 5465 3374 1822 5466 3375 1822 5467 3376 1822 5468 3515 1823 5469 3374 1823 5470 3377 1823 5471 3378 1824 5472 3382 1824 5473 3377 1824 5474 3379 1825 5475 3381 1825 5476 3378 1825 5477 3508 1826 5478 3380 1826 5479 2705 1826 5480 3383 1827 5481 3380 1827 5482 3508 1827 5483 3380 1828 5484 3381 1828 5485 2705 1828 5486 3381 1829 5487 3379 1829 5488 2705 1829 5489 3388 1830 5490 3382 1830 5491 3381 1830 5492 3380 1831 5493 3388 1831 5494 3381 1831 5495 3390 1832 5496 3388 1832 5497 3380 1832 5498 3380 1833 5499 3387 1833 5500 3390 1833 5501 3387 1834 5502 3383 1834 5503 3386 1834 5504 3387 1835 5505 3380 1835 5506 3383 1835 5507 3383 1836 5508 3385 1836 5509 3386 1836 5510 3384 1837 5511 3514 1837 5512 3385 1837 5513 3386 1838 5514 3385 1838 5515 3514 1838 5516 3389 1839 5517 3388 1839 5518 3390 1839 5519 3390 1840 5520 3387 1840 5521 3391 1840 5522 3256 1841 5523 3391 1841 5524 3387 1841 5525 3391 1842 5526 3399 1842 5527 3389 1842 5528 3389 1843 5529 3390 1843 5530 3391 1843 5531 3391 1844 5532 3392 1844 5533 3399 1844 5534 3261 1845 5535 3399 1845 5536 3392 1845 5537 3260 1846 5538 3392 1846 5539 3391 1846 5540 3392 1847 5541 3394 1847 5542 3261 1847 5543 3260 1848 5544 3393 1848 5545 3392 1848 5546 3394 1849 5547 3392 1849 5548 3393 1849 5549 3394 1850 5550 3393 1850 5551 3395 1850 5552 3260 1851 5553 3261 1851 5554 3394 1851 5555 3395 1852 5556 3393 1852 5557 3396 1852 5558 3260 1853 5559 3395 1853 5560 3396 1853 5561 3260 1854 5562 3394 1854 5563 3395 1854 5564 3396 1855 5565 3393 1855 5566 3397 1855 5567 3260 1856 5568 3396 1856 5569 3397 1856 5570 3260 1857 5571 3397 1857 5572 3393 1857 5573 3399 1858 5574 3265 1858 5575 3398 1858 5576 3399 1859 5577 3398 1859 5578 3400 1859 5579 3263 1860 5580 3399 1860 5581 3261 1860 5582 3399 1861 5583 3400 1861 5584 3389 1861 5585 3265 1862 5586 3399 1862 5587 3263 1862 5588 3398 1863 5589 3402 1863 5590 3400 1863 5591 3401 1864 5592 3402 1864 5593 3398 1864 5594 3400 1865 5595 3402 1865 5596 3388 1865 5597 3792 1866 5598 3388 1866 5599 3402 1866 5600 3400 1867 5601 3388 1867 5602 3389 1867 5603 3398 1868 5604 3265 1868 5605 3401 1868 5606 3265 1869 5607 3403 1869 5608 3401 1869 5609 3404 1870 5610 3403 1870 5611 3265 1870 5612 3403 1871 5613 3404 1871 5614 3406 1871 5615 3265 1872 5616 3264 1872 5617 3404 1872 5618 3404 1873 5619 3264 1873 5620 3405 1873 5621 3406 1874 5622 3404 1874 5623 3405 1874 5624 3406 1875 5625 3405 1875 5626 3407 1875 5627 3437 1876 5628 3406 1876 5629 3407 1876 5630 3407 1877 5631 3405 1877 5632 3409 1877 5633 3409 1878 5634 3408 1878 5635 3410 1878 5636 3438 1879 5637 3410 1879 5638 3433 1879 5639 3433 1880 5640 3410 1880 5641 3411 1880 5642 3433 1881 5643 3411 1881 5644 3432 1881 5645 3432 1882 5646 3411 1882 5647 3412 1882 5648 3412 1883 5649 3411 1883 5650 3413 1883 5651 3471 1884 5652 3413 1884 5653 3414 1884 5654 3413 1885 5655 3471 1885 5656 3289 1885 5657 3413 1886 5658 3411 1886 5659 3414 1886 5660 3413 1887 5661 3289 1887 5662 3415 1887 5663 3413 1888 5664 3415 1888 5665 3416 1888 5666 3416 1889 5667 3417 1889 5668 3413 1889 5669 3417 1890 5670 3416 1890 5671 3418 1890 5672 3412 1891 5673 3413 1891 5674 3417 1891 5675 3418 1892 5676 3412 1892 5677 3417 1892 5678 3412 1893 5679 3418 1893 5680 3440 1893 5681 3422 1894 5682 3419 1894 5683 3418 1894 5684 3440 1895 5685 3418 1895 5686 3419 1895 5687 3441 1896 5688 3419 1896 5689 3420 1896 5690 3422 1897 5691 3420 1897 5692 3419 1897 5693 3420 1898 5694 3422 1898 5695 3467 1898 5696 3467 1899 5697 3422 1899 5698 3421 1899 5699 3421 1900 5700 3422 1900 5701 3423 1900 5702 3421 1901 5703 3423 1901 5704 3468 1901 5705 3423 1902 5706 3469 1902 5707 3468 1902 5708 3469 1903 5709 3459 1903 5710 3470 1903 5711 3446 1904 5712 3424 1904 5713 3470 1904 5714 3446 1905 5715 3445 1905 5716 3424 1905 5717 3445 1906 5718 3425 1906 5719 3424 1906 5720 3426 1907 5721 3470 1907 5722 3425 1907 5723 3425 1908 5724 3470 1908 5725 3424 1908 5726 3428 1909 5727 3426 1909 5728 3427 1909 5729 3426 1910 5730 3425 1910 5731 3427 1910 5732 3427 1911 5733 3429 1911 5734 3428 1911 5735 3467 1912 5736 3429 1912 5737 3420 1912 5738 3420 1913 5739 3431 1913 5740 3441 1913 5741 3420 1914 5742 3429 1914 5743 3431 1914 5744 3427 1915 5745 3431 1915 5746 3429 1915 5747 3431 1916 5748 3360 1916 5749 3434 1916 5750 3434 1917 5751 3360 1917 5752 3359 1917 5753 3792 1918 5754 3434 1918 5755 3359 1918 5756 3439 1919 5757 3434 1919 5758 3432 1919 5759 3432 1920 5760 3434 1920 5761 3433 1920 5762 3433 1921 5763 3434 1921 5764 3435 1921 5765 3792 1922 5766 3435 1922 5767 3434 1922 5768 3792 1923 5769 3436 1923 5770 3435 1923 5771 3437 1924 5772 3435 1924 5773 3436 1924 5774 3437 1925 5775 3436 1925 5776 3406 1925 5777 3792 1926 5778 3402 1926 5779 3436 1926 5780 3403 1927 5781 3402 1927 5782 3401 1927 5783 3403 1928 5784 3436 1928 5785 3402 1928 5786 3406 1929 5787 3436 1929 5788 3403 1929 5789 3437 1930 5790 3407 1930 5791 3438 1930 5792 3407 1931 5793 3409 1931 5794 3438 1931 5795 3438 1932 5796 3409 1932 5797 3410 1932 5798 3433 1933 5799 3435 1933 5800 3437 1933 5801 3437 1934 5802 3438 1934 5803 3433 1934 5804 3412 1935 5805 3440 1935 5806 3439 1935 5807 3412 1936 5808 3439 1936 5809 3432 1936 5810 3439 1937 5811 3431 1937 5812 3434 1937 5813 3440 1938 5814 3431 1938 5815 3439 1938 5816 3440 1939 5817 3441 1939 5818 3431 1939 5819 3440 1940 5820 3419 1940 5821 3441 1940 5822 3430 1941 5823 3442 1941 5824 3356 1941 5825 3357 1942 5826 3430 1942 5827 3356 1942 5828 3430 1943 5829 3443 1943 5830 3442 1943 5831 3360 1944 5832 3443 1944 5833 3430 1944 5834 3443 1945 5835 3465 1945 5836 3442 1945 5837 3445 1946 5838 3443 1946 5839 3444 1946 5840 3445 1947 5841 3444 1947 5842 3425 1947 5843 3448 1948 5844 3445 1948 5845 3446 1948 5846 3470 1949 5847 3459 1949 5848 3446 1949 5849 3459 1950 5850 3447 1950 5851 3448 1950 5852 3448 1951 5853 3446 1951 5854 3459 1951 5855 3448 1952 5856 3447 1952 5857 3449 1952 5858 3450 1953 5859 3449 1953 5860 3447 1953 5861 3452 1954 5862 3449 1954 5863 3450 1954 5864 3452 1955 5865 3451 1955 5866 3449 1955 5867 3451 1956 5868 3448 1956 5869 3449 1956 5870 3463 1957 5871 3448 1957 5872 3451 1957 5873 3320 1958 5874 3452 1958 5875 3454 1958 5876 3454 1959 5877 3316 1959 5878 3320 1959 5879 3316 1960 5880 3454 1960 5881 3453 1960 5882 3454 1961 5883 3455 1961 5884 3453 1961 5885 3317 1962 5886 3453 1962 5887 3455 1962 5888 3299 1963 5889 3455 1963 5890 3456 1963 5891 3317 1964 5892 3455 1964 5893 3299 1964 5894 3454 1965 5895 3456 1965 5896 3455 1965 5897 3299 1966 5898 3456 1966 5899 3296 1966 5900 3457 1967 5901 3456 1967 5902 3454 1967 5903 3457 1968 5904 3454 1968 5905 3450 1968 5906 3458 1969 5907 3457 1969 5908 3450 1969 5909 3450 1970 5910 3447 1970 5911 3458 1970 5912 3459 1971 5913 3469 1971 5914 3460 1971 5915 3460 1972 5916 3469 1972 5917 3423 1972 5918 3460 1973 5919 3461 1973 5920 3459 1973 5921 3458 1974 5922 3459 1974 5923 3461 1974 5924 3461 1975 5925 3460 1975 5926 3292 1975 5927 3292 1976 5928 3460 1976 5929 3293 1976 5930 3293 1977 5931 3460 1977 5932 3423 1977 5933 3415 1978 5934 3293 1978 5935 3423 1978 5936 3416 1979 5937 3423 1979 5938 3422 1979 5939 3423 1980 5940 3416 1980 5941 3415 1980 5942 3458 1981 5943 3447 1981 5944 3459 1981 5945 3462 1982 5946 3457 1982 5947 3458 1982 5948 3458 1983 5949 3461 1983 5950 3462 1983 5951 3296 1984 5952 3462 1984 5953 3297 1984 5954 3462 1985 5955 3296 1985 5956 3457 1985 5957 3462 1986 5958 3291 1986 5959 3297 1986 5960 3291 1987 5961 3462 1987 5962 3461 1987 5963 3457 1988 5964 3296 1988 5965 3456 1988 5966 3450 1989 5967 3454 1989 5968 3452 1989 5969 3348 1990 5970 3463 1990 5971 3451 1990 5972 3351 1991 5973 3463 1991 5974 3350 1991 5975 3463 1992 5976 3348 1992 5977 3350 1992 5978 3463 1993 5979 3351 1993 5980 3464 1993 5981 3464 1994 5982 3443 1994 5983 3445 1994 5984 3448 1995 5985 3464 1995 5986 3445 1995 5987 3465 1996 5988 3443 1996 5989 3464 1996 5990 3465 1997 5991 3464 1997 5992 3573 1997 5993 3574 1998 5994 3465 1998 5995 3573 1998 5996 3466 1999 5997 3465 1999 5998 3574 1999 5999 3466 2000 6000 3442 2000 6001 3465 2000 6002 3466 2001 6003 3356 2001 6004 3442 2001 6005 3448 2002 6006 3463 2002 6007 3464 2002 6008 3451 2003 6009 3452 2003 6010 3348 2003 6011 3425 2004 6012 3444 2004 6013 3443 2004 6014 3427 2005 6015 3425 2005 6016 3443 2005 6017 3443 2006 6018 3360 2006 6019 3427 2006 6020 3427 2007 6021 3360 2007 6022 3431 2007 6023 3467 2008 6024 3468 2008 6025 3428 2008 6026 3468 2009 6027 3467 2009 6028 3421 2009 6029 3426 2010 6030 3469 2010 6031 3470 2010 6032 3469 2011 6033 3428 2011 6034 3468 2011 6035 3428 2012 6036 3469 2012 6037 3426 2012 6038 3428 2013 6039 3429 2013 6040 3467 2013 6041 3416 2014 6042 3422 2014 6043 3418 2014 6044 3289 2015 6045 3293 2015 6046 3415 2015 6047 3472 2016 6048 3287 2016 6049 3471 2016 6050 3267 2017 6051 3472 2017 6052 3471 2017 6053 3287 2018 6054 3289 2018 6055 3471 2018 6056 3283 2019 6057 3287 2019 6058 3472 2019 6059 3267 2020 6060 3268 2020 6061 3472 2020 6062 3268 2021 6063 3283 2021 6064 3472 2021 6065 3408 2022 6066 3414 2022 6067 3410 2022 6068 3408 2023 6069 3471 2023 6070 3414 2023 6071 3414 2024 6072 3411 2024 6073 3410 2024 6074 3267 2025 6075 3471 2025 6076 3408 2025 6077 3405 2026 6078 3264 2026 6079 3408 2026 6080 3267 2027 6081 3408 2027 6082 3264 2027 6083 3405 2028 6084 3408 2028 6085 3409 2028 6086 3256 2029 6087 3260 2029 6088 3391 2029 6089 3256 2030 6090 3387 2030 6091 3386 2030 6092 3386 2031 6093 3253 2031 6094 3256 2031 6095 3253 2032 6096 3386 2032 6097 3514 2032 6098 3473 2033 6099 3490 2033 6100 3253 2033 6101 3473 2034 6102 3253 2034 6103 3514 2034 6104 3473 2035 6105 3384 2035 6106 3474 2035 6107 3473 2036 6108 3514 2036 6109 3384 2036 6110 3477 2037 6111 3473 2037 6112 3474 2037 6113 3475 2038 6114 3477 2038 6115 3474 2038 6116 3477 2039 6117 3475 2039 6118 3476 2039 6119 3473 2040 6120 3477 2040 6121 3490 2040 6122 3475 2041 6123 3478 2041 6124 3476 2041 6125 3478 2042 6126 3479 2042 6127 3476 2042 6128 3476 2043 6129 3479 2043 6130 3480 2043 6131 3483 2044 6132 3480 2044 6133 3479 2044 6134 3480 2045 6135 3481 2045 6136 3482 2045 6137 3483 2046 6138 3481 2046 6139 3480 2046 6140 3481 2047 6141 3483 2047 6142 3484 2047 6143 3232 2048 6144 3484 2048 6145 3483 2048 6146 3485 2049 6147 3491 2049 6148 3482 2049 6149 3485 2050 6150 3492 2050 6151 3491 2050 6152 3486 2051 6153 3492 2051 6154 3485 2051 6155 3485 2052 6156 3481 2052 6157 3486 2052 6158 3482 2053 6159 3481 2053 6160 3485 2053 6161 3482 2054 6162 3491 2054 6163 3487 2054 6164 3482 2055 6165 3487 2055 6166 3488 2055 6167 3488 2056 6168 3490 2056 6169 3489 2056 6170 3482 2057 6171 3488 2057 6172 3489 2057 6173 3489 2058 6174 3490 2058 6175 3477 2058 6176 3477 2059 6177 3480 2059 6178 3489 2059 6179 3480 2060 6180 3482 2060 6181 3489 2060 6182 3476 2061 6183 3480 2061 6184 3477 2061 6185 3487 2062 6186 3490 2062 6187 3488 2062 6188 3491 2063 6189 3252 2063 6190 3487 2063 6191 3492 2064 6192 3252 2064 6193 3491 2064 6194 3486 2065 6195 3246 2065 6196 3492 2065 6197 3245 2066 6198 3246 2066 6199 3486 2066 6200 3246 2067 6201 3493 2067 6202 3492 2067 6203 3490 2068 6204 3487 2068 6205 3253 2068 6206 3486 2069 6207 3484 2069 6208 3245 2069 6209 3486 2070 6210 3481 2070 6211 3484 2070 6212 3226 2071 6213 3483 2071 6214 3494 2071 6215 3219 2072 6216 3494 2072 6217 3496 2072 6218 3479 2073 6219 3496 2073 6220 3494 2073 6221 3496 2074 6222 3495 2074 6223 3219 2074 6224 3187 2075 6225 3497 2075 6226 3495 2075 6227 3497 2076 6228 3187 2076 6229 3190 2076 6230 3497 2077 6231 3190 2077 6232 3499 2077 6233 3196 2078 6234 3499 2078 6235 3190 2078 6236 3498 2079 6237 3217 2079 6238 3499 2079 6239 3499 2080 6240 3195 2080 6241 3498 2080 6242 3499 2081 6243 3196 2081 6244 3195 2081 6245 3217 2082 6246 3498 2082 6247 3216 2082 6248 3497 2083 6249 3499 2083 6250 3217 2083 6251 2790 2084 6252 3495 2084 6253 3496 2084 6254 2790 2085 6255 3496 2085 6256 3478 2085 6257 3478 2086 6258 3496 2086 6259 3479 2086 6260 3187 2087 6261 3495 2087 6262 2792 2087 6263 2792 2088 6264 3495 2088 6265 2790 2088 6266 3495 2089 6267 3497 2089 6268 3219 2089 6269 3479 2090 6270 3494 2090 6271 3483 2090 6272 3478 2091 6273 2772 2091 6274 2791 2091 6275 3475 2092 6276 2772 2092 6277 3478 2092 6278 2791 2093 6279 2790 2093 6280 3478 2093 6281 3474 2094 6282 3500 2094 6283 3475 2094 6284 3475 2095 6285 3500 2095 6286 2772 2095 6287 3500 2096 6288 3501 2096 6289 2772 2096 6290 3500 2097 6291 3384 2097 6292 3385 2097 6293 3385 2098 6294 3502 2098 6295 3500 2098 6296 3474 2099 6297 3384 2099 6298 3500 2099 6299 3500 2100 6300 2767 2100 6301 3501 2100 6302 3500 2101 6303 3502 2101 6304 2767 2101 6305 3502 2102 6306 2766 2102 6307 2767 2102 6308 3501 2103 6309 2768 2103 6310 2771 2103 6311 3501 2104 6312 2767 2104 6313 2768 2104 6314 2772 2105 6315 2771 2105 6316 2770 2105 6317 2772 2106 6318 3501 2106 6319 2771 2106 6320 3385 2107 6321 3504 2107 6322 3502 2107 6323 3502 2108 6324 3504 2108 6325 3503 2108 6326 3502 2109 6327 3503 2109 6328 2766 2109 6329 3385 2110 6330 3505 2110 6331 3504 2110 6332 3506 2111 6333 3505 2111 6334 3508 2111 6335 3505 2112 6336 3506 2112 6337 3509 2112 6338 3509 2113 6339 3504 2113 6340 3505 2113 6341 3508 2114 6342 3507 2114 6343 3506 2114 6344 2705 2115 6345 3507 2115 6346 3508 2115 6347 2705 2116 6348 2704 2116 6349 3507 2116 6350 2709 2117 6351 3506 2117 6352 3507 2117 6353 3507 2118 6354 2704 2118 6355 2709 2118 6356 3510 2119 6357 3509 2119 6358 3506 2119 6359 3510 2120 6360 3506 2120 6361 2709 2120 6362 3385 2121 6363 3383 2121 6364 3505 2121 6365 3508 2122 6366 3505 2122 6367 3383 2122 6368 3510 2123 6369 3511 2123 6370 3509 2123 6371 3512 2124 6372 3511 2124 6373 3513 2124 6374 3511 2125 6375 2711 2125 6376 3513 2125 6377 3511 2126 6378 3510 2126 6379 2711 2126 6380 3511 2127 6381 3512 2127 6382 3509 2127 6383 3513 2128 6384 2711 2128 6385 2764 2128 6386 2711 2129 6387 2763 2129 6388 2764 2129 6389 2764 2130 6390 2765 2130 6391 3513 2130 6392 2765 2131 6393 3503 2131 6394 3512 2131 6395 3513 2132 6396 2765 2132 6397 3512 2132 6398 3503 2133 6399 3504 2133 6400 3512 2133 6401 3509 2134 6402 3512 2134 6403 3504 2134 6404 3377 2135 6405 3382 2135 6406 3515 2135 6407 3388 2136 6408 3371 2136 6409 3515 2136 6410 3786 2137 6411 3515 2137 6412 3371 2137 6413 3388 2138 6414 3515 2138 6415 3382 2138 6416 3378 2139 6417 3381 2139 6418 3382 2139 6419 3379 2140 6420 2702 2140 6421 2705 2140 6422 2702 2141 6423 3379 2141 6424 3378 2141 6425 2702 2142 6426 3378 2142 6427 3377 2142 6428 3375 2143 6429 3516 2143 6430 3376 2143 6431 3377 2144 6432 3376 2144 6433 2702 2144 6434 3376 2145 6435 2701 2145 6436 2702 2145 6437 3376 2146 6438 3516 2146 6439 2701 2146 6440 3517 2147 6441 3518 2147 6442 3516 2147 6443 3375 2148 6444 3517 2148 6445 3516 2148 6446 3516 2149 6447 3518 2149 6448 2701 2149 6449 3521 2150 6450 3518 2150 6451 3519 2150 6452 3519 2151 6453 3518 2151 6454 3520 2151 6455 3518 2152 6456 3521 2152 6457 2694 2152 6458 3517 2153 6459 3520 2153 6460 3518 2153 6461 2701 2154 6462 3518 2154 6463 2694 2154 6464 3519 2155 6465 3585 2155 6466 3521 2155 6467 3585 2156 6468 3522 2156 6469 3521 2156 6470 3522 2157 6471 3585 2157 6472 3523 2157 6473 2691 2158 6474 2693 2158 6475 3523 2158 6476 3523 2159 6477 2693 2159 6478 3522 2159 6479 3681 2160 6480 2691 2160 6481 3523 2160 6482 3523 2161 6483 3524 2161 6484 3681 2161 6485 3524 2162 6486 3671 2162 6487 3681 2162 6488 3525 2163 6489 3524 2163 6490 3584 2163 6491 3671 2164 6492 3524 2164 6493 3525 2164 6494 3525 2165 6495 3584 2165 6496 3526 2165 6497 3525 2166 6498 3526 2166 6499 3528 2166 6500 3527 2167 6501 3526 2167 6502 3584 2167 6503 3527 2168 6504 3528 2168 6505 3526 2168 6506 3528 2169 6507 3527 2169 6508 3529 2169 6509 3529 2170 6510 3527 2170 6511 3530 2170 6512 3528 2171 6513 3529 2171 6514 3610 2171 6515 3610 2172 6516 3529 2172 6517 3531 2172 6518 3608 2173 6519 3531 2173 6520 3533 2173 6521 3531 2174 6522 3608 2174 6523 3610 2174 6524 3535 2175 6525 3532 2175 6526 3531 2175 6527 3531 2176 6528 3532 2176 6529 3533 2176 6530 3531 2177 6531 3534 2177 6532 3535 2177 6533 3531 2178 6534 3529 2178 6535 3534 2178 6536 3535 2179 6537 3534 2179 6538 3537 2179 6539 3535 2180 6540 3536 2180 6541 3532 2180 6542 3537 2181 6543 3536 2181 6544 3535 2181 6545 3539 2182 6546 3538 2182 6547 3537 2182 6548 3537 2183 6549 3538 2183 6550 3536 2183 6551 3537 2184 6552 3540 2184 6553 3539 2184 6554 3537 2185 6555 3534 2185 6556 3540 2185 6557 3539 2186 6558 3540 2186 6559 3541 2186 6560 3540 2187 6561 3542 2187 6562 3541 2187 6563 3572 2188 6564 3542 2188 6565 3543 2188 6566 3542 2189 6567 3540 2189 6568 3543 2189 6569 3589 2190 6570 3544 2190 6571 3543 2190 6572 3544 2191 6573 3572 2191 6574 3543 2191 6575 3545 2192 6576 3546 2192 6577 3572 2192 6578 3541 2193 6579 3542 2193 6580 3546 2193 6581 3572 2194 6582 3546 2194 6583 3542 2194 6584 3541 2195 6585 3546 2195 6586 3547 2195 6587 3547 2196 6588 3546 2196 6589 3545 2196 6590 3571 2197 6591 3548 2197 6592 3545 2197 6593 3551 2198 6594 3545 2198 6595 3548 2198 6596 3547 2199 6597 3545 2199 6598 3551 2199 6599 3785 2200 6600 3547 2200 6601 3551 2200 6602 3551 2201 6603 3548 2201 6604 3550 2201 6605 3549 2202 6606 3551 2202 6607 3550 2202 6608 3551 2203 6609 3549 2203 6610 3785 2203 6611 3599 2204 6612 3549 2204 6613 3550 2204 6614 3552 2205 6615 3549 2205 6616 3599 2205 6617 3785 2206 6618 3552 2206 6619 3601 2206 6620 3785 2207 6621 3549 2207 6622 3552 2207 6623 3538 2208 6624 3601 2208 6625 3554 2208 6626 3538 2209 6627 3785 2209 6628 3601 2209 6629 3538 2210 6630 3554 2210 6631 3553 2210 6632 3554 2211 6633 3555 2211 6634 3603 2211 6635 3559 2212 6636 3603 2212 6637 3557 2212 6638 3557 2213 6639 3603 2213 6640 3555 2213 6641 3603 2214 6642 3559 2214 6643 3330 2214 6644 3600 2215 6645 3557 2215 6646 3555 2215 6647 3556 2216 6648 3558 2216 6649 3600 2216 6650 3557 2217 6651 3600 2217 6652 3558 2217 6653 3558 2218 6654 3559 2218 6655 3557 2218 6656 3335 2219 6657 3559 2219 6658 3558 2219 6659 3556 2220 6660 3560 2220 6661 3558 2220 6662 3560 2221 6663 3335 2221 6664 3558 2221 6665 3337 2222 6666 3335 2222 6667 3560 2222 6668 3337 2223 6669 3560 2223 6670 3339 2223 6671 3339 2224 6672 3560 2224 6673 3340 2224 6674 3560 2225 6675 3561 2225 6676 3340 2225 6677 3561 2226 6678 3566 2226 6679 3340 2226 6680 3340 2227 6681 3566 2227 6682 3562 2227 6683 3574 2228 6684 3562 2228 6685 3564 2228 6686 3574 2229 6687 3564 2229 6688 3596 2229 6689 3574 2230 6690 3596 2230 6691 3563 2230 6692 3564 2231 6693 3566 2231 6694 3565 2231 6695 3562 2232 6696 3566 2232 6697 3564 2232 6698 3598 2233 6699 3570 2233 6700 3566 2233 6701 3598 2234 6702 3566 2234 6703 3561 2234 6704 3567 2235 6705 3568 2235 6706 3569 2235 6707 3567 2236 6708 3569 2236 6709 3570 2236 6710 3567 2237 6711 3550 2237 6712 3568 2237 6713 3550 2238 6714 3548 2238 6715 3568 2238 6716 3571 2239 6717 3568 2239 6718 3548 2239 6719 3571 2240 6720 3569 2240 6721 3568 2240 6722 3569 2241 6723 3564 2241 6724 3565 2241 6725 3569 2242 6726 3565 2242 6727 3570 2242 6728 3571 2243 6729 3564 2243 6730 3569 2243 6731 3572 2244 6732 3592 2244 6733 3571 2244 6734 3592 2245 6735 3596 2245 6736 3564 2245 6737 3571 2246 6738 3592 2246 6739 3564 2246 6740 3358 2247 6741 3563 2247 6742 3575 2247 6743 3574 2248 6744 3563 2248 6745 3358 2248 6746 3574 2249 6747 3358 2249 6748 3466 2249 6749 3562 2250 6750 3574 2250 6751 3573 2250 6752 3340 2251 6753 3573 2251 6754 3339 2251 6755 3340 2252 6756 3562 2252 6757 3573 2252 6758 3544 2253 6759 3592 2253 6760 3572 2253 6761 3576 2254 6762 3577 2254 6763 3575 2254 6764 3575 2255 6765 3563 2255 6766 3576 2255 6767 3575 2256 6768 3577 2256 6769 3578 2256 6770 3577 2257 6771 3579 2257 6772 3578 2257 6773 3579 2258 6774 3520 2258 6775 3580 2258 6776 3578 2259 6777 3579 2259 6778 3580 2259 6779 3582 2260 6780 3520 2260 6781 3579 2260 6782 3577 2261 6783 3581 2261 6784 3579 2261 6785 3582 2262 6786 3579 2262 6787 3581 2262 6788 3582 2263 6789 3586 2263 6790 3519 2263 6791 3581 2264 6792 3586 2264 6793 3582 2264 6794 3519 2265 6795 3520 2265 6796 3582 2265 6797 3583 2266 6798 3586 2266 6799 3581 2266 6800 3584 2267 6801 3586 2267 6802 3527 2267 6803 3584 2268 6804 3585 2268 6805 3586 2268 6806 3519 2269 6807 3586 2269 6808 3585 2269 6809 3586 2270 6810 3530 2270 6811 3527 2270 6812 3586 2271 6813 3583 2271 6814 3587 2271 6815 3587 2272 6816 3588 2272 6817 3586 2272 6818 3589 2273 6819 3588 2273 6820 3587 2273 6821 3587 2274 6822 3583 2274 6823 3589 2274 6824 3589 2275 6825 3583 2275 6826 3544 2275 6827 3589 2276 6828 3590 2276 6829 3588 2276 6830 3543 2277 6831 3534 2277 6832 3590 2277 6833 3589 2278 6834 3543 2278 6835 3590 2278 6836 3534 2279 6837 3591 2279 6838 3590 2279 6839 3588 2280 6840 3590 2280 6841 3591 2280 6842 3588 2281 6843 3591 2281 6844 3530 2281 6845 3534 2282 6846 3530 2282 6847 3591 2282 6848 3586 2283 6849 3588 2283 6850 3530 2283 6851 3524 2284 6852 3523 2284 6853 3585 2284 6854 3584 2285 6855 3524 2285 6856 3585 2285 6857 3594 2286 6858 3592 2286 6859 3583 2286 6860 3581 2287 6861 3577 2287 6862 3583 2287 6863 3583 2288 6864 3577 2288 6865 3593 2288 6866 3583 2289 6867 3593 2289 6868 3594 2289 6869 3544 2290 6870 3583 2290 6871 3592 2290 6872 3594 2291 6873 3595 2291 6874 3592 2291 6875 3593 2292 6876 3595 2292 6877 3594 2292 6878 3595 2293 6879 3596 2293 6880 3592 2293 6881 3593 2294 6882 3576 2294 6883 3595 2294 6884 3576 2295 6885 3596 2295 6886 3595 2295 6887 3576 2296 6888 3563 2296 6889 3596 2296 6890 3576 2297 6891 3593 2297 6892 3577 2297 6893 3366 2298 6894 3580 2298 6895 3520 2298 6896 3366 2299 6897 3578 2299 6898 3580 2299 6899 3578 2300 6900 3366 2300 6901 3597 2300 6902 3575 2301 6903 3578 2301 6904 3597 2301 6905 3597 2302 6906 3357 2302 6907 3575 2302 6908 3571 2303 6909 3545 2303 6910 3572 2303 6911 3599 2304 6912 3567 2304 6913 3570 2304 6914 3550 2305 6915 3567 2305 6916 3599 2305 6917 3599 2306 6918 3570 2306 6919 3598 2306 6920 3599 2307 6921 3598 2307 6922 3600 2307 6923 3598 2308 6924 3561 2308 6925 3600 2308 6926 3600 2309 6927 3561 2309 6928 3556 2309 6929 3599 2310 6930 3600 2310 6931 3552 2310 6932 3570 2311 6933 3565 2311 6934 3566 2311 6935 3561 2312 6936 3560 2312 6937 3556 2312 6938 3600 2313 6939 3555 2313 6940 3601 2313 6941 3600 2314 6942 3601 2314 6943 3552 2314 6944 3555 2315 6945 3554 2315 6946 3601 2315 6947 3603 2316 6948 3553 2316 6949 3554 2316 6950 3603 2317 6951 3602 2317 6952 3553 2317 6953 3604 2318 6954 3602 2318 6955 3603 2318 6956 3330 2319 6957 3604 2319 6958 3603 2319 6959 3605 2320 6960 3602 2320 6961 3604 2320 6962 3332 2321 6963 3604 2321 6964 3330 2321 6965 3605 2322 6966 3709 2322 6967 3607 2322 6968 3604 2323 6969 3331 2323 6970 3605 2323 6971 3605 2324 6972 3606 2324 6973 3602 2324 6974 3605 2325 6975 3607 2325 6976 3606 2325 6977 3607 2326 6978 3709 2326 6979 3608 2326 6980 3608 2327 6981 3533 2327 6982 3607 2327 6983 3532 2328 6984 3606 2328 6985 3607 2328 6986 3532 2329 6987 3607 2329 6988 3533 2329 6989 3608 2330 6990 3709 2330 6991 3702 2330 6992 3702 2331 6993 3609 2331 6994 3610 2331 6995 3608 2332 6996 3702 2332 6997 3610 2332 6998 3612 2333 6999 3528 2333 7000 3610 2333 7001 3611 2334 7002 3610 2334 7003 3609 2334 7004 3612 2335 7005 3610 2335 7006 3611 2335 7007 3612 2336 7008 3613 2336 7009 3525 2336 7010 3528 2337 7011 3612 2337 7012 3525 2337 7013 3613 2338 7014 3612 2338 7015 3611 2338 7016 3613 2339 7017 3611 2339 7018 3614 2339 7019 3657 2340 7020 3613 2340 7021 3614 2340 7022 3696 2341 7023 3657 2341 7024 3614 2341 7025 3696 2342 7026 3667 2342 7027 3657 2342 7028 3657 2343 7029 3667 2343 7030 3659 2343 7031 3696 2344 7032 3646 2344 7033 3667 2344 7034 3696 2345 7035 3616 2345 7036 3646 2345 7037 3693 2346 7038 3696 2346 7039 3694 2346 7040 3691 2347 7041 3696 2347 7042 3693 2347 7043 3691 2348 7044 3616 2348 7045 3696 2348 7046 3615 2349 7047 3616 2349 7048 3691 2349 7049 3616 2350 7050 3615 2350 7051 3617 2350 7052 3619 2351 7053 3617 2351 7054 3618 2351 7055 3619 2352 7056 3621 2352 7057 3620 2352 7058 3616 2353 7059 3619 2353 7060 3620 2353 7061 3619 2354 7062 3616 2354 7063 3617 2354 7064 3619 2355 7065 3618 2355 7066 3622 2355 7067 3622 2356 7068 3621 2356 7069 3619 2356 7070 3618 2357 7071 3624 2357 7072 3622 2357 7073 3623 2358 7074 3622 2358 7075 3624 2358 7076 3626 2359 7077 3623 2359 7078 3624 2359 7079 3624 2360 7080 3625 2360 7081 3628 2360 7082 3625 2361 7083 3624 2361 7084 3618 2361 7085 3624 2362 7086 3628 2362 7087 3626 2362 7088 3627 2363 7089 3628 2363 7090 3625 2363 7091 3625 2364 7092 3615 2364 7093 3627 2364 7094 3628 2365 7095 3627 2365 7096 3629 2365 7097 3629 2366 7098 3630 2366 7099 3628 2366 7100 3630 2367 7101 3629 2367 7102 3631 2367 7103 3627 2368 7104 3631 2368 7105 3629 2368 7106 3631 2369 7107 3627 2369 7108 3632 2369 7109 3627 2370 7110 4079 2370 7111 3632 2370 7112 2657 2371 7113 3632 2371 7114 2656 2371 7115 3630 2372 7116 3631 2372 7117 3633 2372 7118 3633 2373 7119 3634 2373 7120 3630 2373 7121 3628 2374 7122 3630 2374 7123 3626 2374 7124 3634 2375 7125 3626 2375 7126 3630 2375 7127 3626 2376 7128 3634 2376 7129 3623 2376 7130 3683 2377 7131 3634 2377 7132 3635 2377 7133 3633 2378 7134 3635 2378 7135 3634 2378 7136 3636 2379 7137 3683 2379 7138 3635 2379 7139 3635 2380 7140 3633 2380 7141 2661 2380 7142 2660 2381 7143 3635 2381 7144 2661 2381 7145 3636 2382 7146 3635 2382 7147 2660 2382 7148 2660 2383 7149 2671 2383 7150 3636 2383 7151 3676 2384 7152 3637 2384 7153 3677 2384 7154 3676 2385 7155 3673 2385 7156 3637 2385 7157 3678 2386 7158 3637 2386 7159 3673 2386 7160 3638 2387 7161 3637 2387 7162 3678 2387 7163 3638 2388 7164 3639 2388 7165 3683 2388 7166 3678 2389 7167 3652 2389 7168 3638 2389 7169 3638 2390 7170 3683 2390 7171 3637 2390 7172 3641 2391 7173 3638 2391 7174 3650 2391 7175 3641 2392 7176 3639 2392 7177 3638 2392 7178 3641 2393 7179 3640 2393 7180 3639 2393 7181 3641 2394 7182 3669 2394 7183 3640 2394 7184 3640 2395 7185 3669 2395 7186 3642 2395 7187 3645 2396 7188 3620 2396 7189 3642 2396 7190 3645 2397 7191 3642 2397 7192 3643 2397 7193 3645 2398 7194 3643 2398 7195 3644 2398 7196 3645 2399 7197 3646 2399 7198 3620 2399 7199 3620 2400 7200 3646 2400 7201 3616 2400 7202 3645 2401 7203 3644 2401 7204 3646 2401 7205 3646 2402 7206 3644 2402 7207 3667 2402 7208 3644 2403 7209 3668 2403 7210 3667 2403 7211 3643 2404 7212 3668 2404 7213 3644 2404 7214 3643 2405 7215 3642 2405 7216 3669 2405 7217 3669 2406 7218 3641 2406 7219 3647 2406 7220 3650 2407 7221 3647 2407 7222 3641 2407 7223 3649 2408 7224 3647 2408 7225 3650 2408 7226 3649 2409 7227 3661 2409 7228 3647 2409 7229 3661 2410 7230 3648 2410 7231 3647 2410 7232 3661 2411 7233 3649 2411 7234 3662 2411 7235 3662 2412 7236 3649 2412 7237 3651 2412 7238 3649 2413 7239 3650 2413 7240 3651 2413 7241 3650 2414 7242 3652 2414 7243 3651 2414 7244 3652 2415 7245 3650 2415 7246 3638 2415 7247 3652 2416 7248 3663 2416 7249 3651 2416 7250 3654 2417 7251 3653 2417 7252 3663 2417 7253 3655 2418 7254 3653 2418 7255 3654 2418 7256 3681 2419 7257 3671 2419 7258 3655 2419 7259 3655 2420 7260 3656 2420 7261 3681 2420 7262 3655 2421 7263 3654 2421 7264 3656 2421 7265 3670 2422 7266 3655 2422 7267 3671 2422 7268 3655 2423 7269 3670 2423 7270 3653 2423 7271 3657 2424 7272 3659 2424 7273 3658 2424 7274 3658 2425 7275 3648 2425 7276 3661 2425 7277 3660 2426 7278 3661 2426 7279 3662 2426 7280 3657 2427 7281 3658 2427 7282 3661 2427 7283 3657 2428 7284 3661 2428 7285 3660 2428 7286 3660 2429 7287 3651 2429 7288 3665 2429 7289 3663 2430 7290 3665 2430 7291 3651 2430 7292 3663 2431 7293 3664 2431 7294 3665 2431 7295 3664 2432 7296 3666 2432 7297 3665 2432 7298 3664 2433 7299 3670 2433 7300 3666 2433 7301 3670 2434 7302 3657 2434 7303 3666 2434 7304 3666 2435 7305 3657 2435 7306 3660 2435 7307 3666 2436 7308 3660 2436 7309 3665 2436 7310 3663 2437 7311 3653 2437 7312 3664 2437 7313 3653 2438 7314 3670 2438 7315 3664 2438 7316 3662 2439 7317 3651 2439 7318 3660 2439 7319 3648 2440 7320 3658 2440 7321 3659 2440 7322 3659 2441 7323 3668 2441 7324 3648 2441 7325 3667 2442 7326 3668 2442 7327 3659 2442 7328 3668 2443 7329 3643 2443 7330 3669 2443 7331 3668 2444 7332 3669 2444 7333 3648 2444 7334 3671 2445 7335 3657 2445 7336 3670 2445 7337 3671 2446 7338 3613 2446 7339 3657 2446 7340 3671 2447 7341 3525 2447 7342 3613 2447 7343 2691 2448 7344 3656 2448 7345 3675 2448 7346 3680 2449 7347 3672 2449 7348 3675 2449 7349 3656 2450 7350 3680 2450 7351 3675 2450 7352 3680 2451 7353 3674 2451 7354 3672 2451 7355 3674 2452 7356 3680 2452 7357 3673 2452 7358 3674 2453 7359 3673 2453 7360 3676 2453 7361 2690 2454 7362 2691 2454 7363 3675 2454 7364 2687 2455 7365 3672 2455 7366 3674 2455 7367 3675 2456 7368 3672 2456 7369 2687 2456 7370 3676 2457 7371 2687 2457 7372 3674 2457 7373 3678 2458 7374 3673 2458 7375 3680 2458 7376 3678 2459 7377 3679 2459 7378 3652 2459 7379 3680 2460 7380 3679 2460 7381 3678 2460 7382 3656 2461 7383 3679 2461 7384 3680 2461 7385 3656 2462 7386 3654 2462 7387 3679 2462 7388 3652 2463 7389 3679 2463 7390 3654 2463 7391 3652 2464 7392 3654 2464 7393 3663 2464 7394 3656 2465 7395 2691 2465 7396 3681 2465 7397 3669 2466 7398 3647 2466 7399 3648 2466 7400 3620 2467 7401 3621 2467 7402 3642 2467 7403 3642 2468 7404 3621 2468 7405 3640 2468 7406 3622 2469 7407 3640 2469 7408 3621 2469 7409 3639 2470 7410 3640 2470 7411 3682 2470 7412 3682 2471 7413 3640 2471 7414 3622 2471 7415 3622 2472 7416 3623 2472 7417 3682 2472 7418 3682 2473 7419 3623 2473 7420 3639 2473 7421 3623 2474 7422 3634 2474 7423 3639 2474 7424 3683 2475 7425 3639 2475 7426 3634 2475 7427 3636 2476 7428 3637 2476 7429 3683 2476 7430 3636 2477 7431 2671 2477 7432 3637 2477 7433 3637 2478 7434 2671 2478 7435 2673 2478 7436 3633 2479 7437 3631 2479 7438 2661 2479 7439 3618 2480 7440 3615 2480 7441 3625 2480 7442 3617 2481 7443 3615 2481 7444 3618 2481 7445 3627 2482 7446 3615 2482 7447 3689 2482 7448 3689 2483 7449 3615 2483 7450 3685 2483 7451 3684 2484 7452 3689 2484 7453 3685 2484 7454 3627 2485 7455 3689 2485 7456 3687 2485 7457 3687 2486 7458 3689 2486 7459 3688 2486 7460 3688 2487 7461 2652 2487 7462 2654 2487 7463 3688 2488 7464 3686 2488 7465 2652 2488 7466 3686 2489 7467 3688 2489 7468 3689 2489 7469 2619 2490 7470 3686 2490 7471 3684 2490 7472 3684 2491 7473 3686 2491 7474 3689 2491 7475 2617 2492 7476 3684 2492 7477 3690 2492 7478 2617 2493 7479 2619 2493 7480 3684 2493 7481 3685 2494 7482 3690 2494 7483 3684 2494 7484 3615 2495 7485 3690 2495 7486 3685 2495 7487 3615 2496 7488 3780 2496 7489 3690 2496 7490 3691 2497 7491 3780 2497 7492 3615 2497 7493 3691 2498 7494 3693 2498 7495 3692 2498 7496 3780 2499 7497 3691 2499 7498 3692 2499 7499 3783 2500 7500 3694 2500 7501 3696 2500 7502 3695 2501 7503 3783 2501 7504 3696 2501 7505 3784 2502 7506 3695 2502 7507 3697 2502 7508 3697 2503 7509 3695 2503 7510 3696 2503 7511 3614 2504 7512 3611 2504 7513 3697 2504 7514 3697 2505 7515 3611 2505 7516 3784 2505 7517 3695 2506 7518 3784 2506 7519 3698 2506 7520 3700 2507 7521 3699 2507 7522 3698 2507 7523 3699 2508 7524 3695 2508 7525 3698 2508 7526 3700 2509 7527 3698 2509 7528 3701 2509 7529 3701 2510 7530 3698 2510 7531 3784 2510 7532 3701 2511 7533 3702 2511 7534 3700 2511 7535 3609 2512 7536 3702 2512 7537 3701 2512 7538 3703 2513 7539 3699 2513 7540 3700 2513 7541 3703 2514 7542 3700 2514 7543 3704 2514 7544 3704 2515 7545 3700 2515 7546 3705 2515 7547 3706 2516 7548 3766 2516 7549 3704 2516 7550 3705 2517 7551 3706 2517 7552 3704 2517 7553 3706 2518 7554 3707 2518 7555 3767 2518 7556 3766 2519 7557 3706 2519 7558 3767 2519 7559 3709 2520 7560 3707 2520 7561 3706 2520 7562 3705 2521 7563 3709 2521 7564 3706 2521 7565 3708 2522 7566 3767 2522 7567 3707 2522 7568 3708 2523 7569 3707 2523 7570 3712 2523 7571 3709 2524 7572 3712 2524 7573 3707 2524 7574 3708 2525 7575 3712 2525 7576 3711 2525 7577 3700 2526 7578 3709 2526 7579 3705 2526 7580 3712 2527 7581 3710 2527 7582 3711 2527 7583 3709 2528 7584 3605 2528 7585 3712 2528 7586 3710 2529 7587 3712 2529 7588 3713 2529 7589 3605 2530 7590 3713 2530 7591 3712 2530 7592 3713 2531 7593 3714 2531 7594 3710 2531 7595 3713 2532 7596 3331 2532 7597 3714 2532 7598 3331 2533 7599 3717 2533 7600 3714 2533 7601 3714 2534 7602 3716 2534 7603 3715 2534 7604 3710 2535 7605 3714 2535 7606 3715 2535 7607 3714 2536 7608 3717 2536 7609 3716 2536 7610 3717 2537 7611 3331 2537 7612 3718 2537 7613 3328 2538 7614 3717 2538 7615 3718 2538 7616 3717 2539 7617 3719 2539 7618 3716 2539 7619 3328 2540 7620 3719 2540 7621 3717 2540 7622 3720 2541 7623 3719 2541 7624 3328 2541 7625 3719 2542 7626 3721 2542 7627 3716 2542 7628 3716 2543 7629 3721 2543 7630 3723 2543 7631 3724 2544 7632 3715 2544 7633 3723 2544 7634 3723 2545 7635 3726 2545 7636 3724 2545 7637 3723 2546 7638 3725 2546 7639 3727 2546 7640 3723 2547 7641 3728 2547 7642 3725 2547 7643 3723 2548 7644 3721 2548 7645 3728 2548 7646 3715 2549 7647 3716 2549 7648 3723 2549 7649 3723 2550 7650 3727 2550 7651 3726 2550 7652 3728 2551 7653 3732 2551 7654 3729 2551 7655 3728 2552 7656 3729 2552 7657 3725 2552 7658 3720 2553 7659 3728 2553 7660 3730 2553 7661 3720 2554 7662 3732 2554 7663 3728 2554 7664 3730 2555 7665 3728 2555 7666 3731 2555 7667 3731 2556 7668 3728 2556 7669 3721 2556 7670 3720 2557 7671 3328 2557 7672 3732 2557 7673 3732 2558 7674 3734 2558 7675 3733 2558 7676 3724 2559 7677 3732 2559 7678 3733 2559 7679 3738 2560 7680 3734 2560 7681 3732 2560 7682 3724 2561 7683 3729 2561 7684 3732 2561 7685 3328 2562 7686 3735 2562 7687 3732 2562 7688 3736 2563 7689 3732 2563 7690 3735 2563 7691 3736 2564 7692 3738 2564 7693 3732 2564 7694 3737 2565 7695 3738 2565 7696 3736 2565 7697 3738 2566 7698 3737 2566 7699 3740 2566 7700 3740 2567 7701 3739 2567 7702 3738 2567 7703 3711 2568 7704 3738 2568 7705 3739 2568 7706 3739 2569 7707 3740 2569 7708 3741 2569 7709 3741 2570 7710 3708 2570 7711 3739 2570 7712 3711 2571 7713 3739 2571 7714 3708 2571 7715 3740 2572 7716 3743 2572 7717 3741 2572 7718 3741 2573 7719 3743 2573 7720 3742 2573 7721 3743 2574 7722 3744 2574 7723 3761 2574 7724 3743 2575 7725 3745 2575 7726 3744 2575 7727 3747 2576 7728 3744 2576 7729 3745 2576 7730 3745 2577 7731 3737 2577 7732 3746 2577 7733 3740 2578 7734 3737 2578 7735 3745 2578 7736 3747 2579 7737 3745 2579 7738 3746 2579 7739 3740 2580 7740 3745 2580 7741 3743 2580 7742 3750 2581 7743 3744 2581 7744 3747 2581 7745 3748 2582 7746 3747 2582 7747 3749 2582 7748 3748 2583 7749 3750 2583 7750 3747 2583 7751 3749 2584 7752 3747 2584 7753 3746 2584 7754 3750 2585 7755 2603 2585 7756 3744 2585 7757 2599 2586 7758 3750 2586 7759 3748 2586 7760 2599 2587 7761 2601 2587 7762 3750 2587 7763 2601 2588 7764 2603 2588 7765 3750 2588 7766 3749 2589 7767 3751 2589 7768 3748 2589 7769 3749 2590 7770 3746 2590 7771 3311 2590 7772 3311 2591 7773 3310 2591 7774 3749 2591 7775 3749 2592 7776 3310 2592 7777 3751 2592 7778 3752 2593 7779 3754 2593 7780 3751 2593 7781 3748 2594 7782 3751 2594 7783 3754 2594 7784 3752 2595 7785 3751 2595 7786 3308 2595 7787 3308 2596 7788 3751 2596 7789 3310 2596 7790 2594 2597 7791 3754 2597 7792 3752 2597 7793 3753 2598 7794 2594 2598 7795 3752 2598 7796 3755 2599 7797 3752 2599 7798 3308 2599 7799 3752 2600 7800 3755 2600 7801 3753 2600 7802 3278 2601 7803 3753 2601 7804 3755 2601 7805 3748 2602 7806 3754 2602 7807 2599 2602 7808 3278 2603 7809 3755 2603 7810 3279 2603 7811 3755 2604 7812 3308 2604 7813 3306 2604 7814 3306 2605 7815 3279 2605 7816 3755 2605 7817 3278 2606 7818 3756 2606 7819 3753 2606 7820 3756 2607 7821 2594 2607 7822 3753 2607 7823 3757 2608 7824 2594 2608 7825 3756 2608 7826 2594 2609 7827 3757 2609 7828 2595 2609 7829 3757 2610 7830 3758 2610 7831 3760 2610 7832 3759 2611 7833 3758 2611 7834 3757 2611 7835 3759 2612 7836 3757 2612 7837 3756 2612 7838 2595 2613 7839 3757 2613 7840 3760 2613 7841 2580 2614 7842 2595 2614 7843 3760 2614 7844 2580 2615 7845 3760 2615 7846 3237 2615 7847 3237 2616 7848 3760 2616 7849 3758 2616 7850 3241 2617 7851 3238 2617 7852 3759 2617 7853 3238 2618 7854 3758 2618 7855 3759 2618 7856 3276 2619 7857 3759 2619 7858 3756 2619 7859 3241 2620 7860 3759 2620 7861 3276 2620 7862 3238 2621 7863 3237 2621 7864 3758 2621 7865 3276 2622 7866 3756 2622 7867 3278 2622 7868 3311 2623 7869 3746 2623 7870 3737 2623 7871 3761 2624 7872 3744 2624 7873 2603 2624 7874 3761 2625 7875 2603 2625 7876 2605 2625 7877 3762 2626 7878 3761 2626 7879 2605 2626 7880 3762 2627 7881 3764 2627 7882 3742 2627 7883 3742 2628 7884 3761 2628 7885 3762 2628 7886 3762 2629 7887 3763 2629 7888 3764 2629 7889 3763 2630 7890 3703 2630 7891 3764 2630 7892 3764 2631 7893 3704 2631 7894 3765 2631 7895 3742 2632 7896 3764 2632 7897 3765 2632 7898 3764 2633 7899 3703 2633 7900 3704 2633 7901 3742 2634 7902 3765 2634 7903 3741 2634 7904 3767 2635 7905 3741 2635 7906 3765 2635 7907 3766 2636 7908 3765 2636 7909 3704 2636 7910 3765 2637 7911 3766 2637 7912 3767 2637 7913 3761 2638 7914 3742 2638 7915 3743 2638 7916 3741 2639 7917 3767 2639 7918 3708 2639 7919 3738 2640 7920 3711 2640 7921 3734 2640 7922 3312 2641 7923 3737 2641 7924 3736 2641 7925 3311 2642 7926 3737 2642 7927 3312 2642 7928 3736 2643 7929 3735 2643 7930 3324 2643 7931 3312 2644 7932 3736 2644 7933 3313 2644 7934 3736 2645 7935 3324 2645 7936 3313 2645 7937 3325 2646 7938 3324 2646 7939 3735 2646 7940 3325 2647 7941 3735 2647 7942 3328 2647 7943 3724 2648 7944 3726 2648 7945 3729 2648 7946 3734 2649 7947 3768 2649 7948 3733 2649 7949 3768 2650 7950 3769 2650 7951 3733 2650 7952 3768 2651 7953 3724 2651 7954 3769 2651 7955 3768 2652 7956 3715 2652 7957 3724 2652 7958 3710 2653 7959 3715 2653 7960 3768 2653 7961 3768 2654 7962 3711 2654 7963 3710 2654 7964 3711 2655 7965 3768 2655 7966 3734 2655 7967 3724 2656 7968 3733 2656 7969 3769 2656 7970 3731 2657 7971 3721 2657 7972 3722 2657 7973 3720 2658 7974 3730 2658 7975 3770 2658 7976 3720 2659 7977 3770 2659 7978 3771 2659 7979 3720 2660 7980 3771 2660 7981 3772 2660 7982 3720 2661 7983 3772 2661 7984 3773 2661 7985 3725 2662 7986 3729 2662 7987 3726 2662 7988 3725 2663 7989 3726 2663 7990 3727 2663 7991 3722 2664 7992 3721 2664 7993 3775 2664 7994 3721 2665 7995 3774 2665 7996 3775 2665 7997 3722 2666 7998 3775 2666 7999 3774 2666 8000 3331 2667 8001 3713 2667 8002 3605 2667 8003 3702 2668 8004 3709 2668 8005 3700 2668 8006 3703 2669 8007 3778 2669 8008 3699 2669 8009 3703 2670 8010 3776 2670 8011 3778 2670 8012 3777 2671 8013 3778 2671 8014 3776 2671 8015 3777 2672 8016 2618 2672 8017 3780 2672 8018 3776 2673 8019 2618 2673 8020 3777 2673 8021 3777 2674 8022 3780 2674 8023 3692 2674 8024 3777 2675 8025 3779 2675 8026 3778 2675 8027 3692 2676 8028 3779 2676 8029 3777 2676 8030 3693 2677 8031 3779 2677 8032 3692 2677 8033 3781 2678 8034 3779 2678 8035 3693 2678 8036 3782 2679 8037 3779 2679 8038 3781 2679 8039 3782 2680 8040 3778 2680 8041 3779 2680 8042 3782 2681 8043 3781 2681 8044 3694 2681 8045 3694 2682 8046 3783 2682 8047 3782 2682 8048 3782 2683 8049 3783 2683 8050 3699 2683 8051 3699 2684 8052 3778 2684 8053 3782 2684 8054 3699 2685 8055 3783 2685 8056 3695 2685 8057 3784 2686 8058 3609 2686 8059 3701 2686 8060 3611 2687 8061 3609 2687 8062 3784 2687 8063 3614 2688 8064 3697 2688 8065 3696 2688 8066 3693 2689 8067 3694 2689 8068 3781 2689 8069 3690 2690 8070 3780 2690 8071 2617 2690 8072 2617 2691 8073 3780 2691 8074 2618 2691 8075 3532 2692 8076 3602 2692 8077 3606 2692 8078 3331 2693 8079 3604 2693 8080 3332 2693 8081 3536 2694 8082 3553 2694 8083 3602 2694 8084 3536 2695 8085 3602 2695 8086 3532 2695 8087 3538 2696 8088 3553 2696 8089 3536 2696 8090 3539 2697 8091 3785 2697 8092 3538 2697 8093 3539 2698 8094 3547 2698 8095 3785 2698 8096 3547 2699 8097 3539 2699 8098 3541 2699 8099 3543 2700 8100 3540 2700 8101 3534 2700 8102 3530 2701 8103 3534 2701 8104 3529 2701 8105 2693 2702 8106 2694 2702 8107 3522 2702 8108 3522 2703 8109 2694 2703 8110 3521 2703 8111 3366 2704 8112 3520 2704 8113 3517 2704 8114 3365 2705 8115 3517 2705 8116 3375 2705 8117 3365 2706 8118 3366 2706 8119 3517 2706 8120 3373 2707 8121 3365 2707 8122 3375 2707 8123 3786 2708 8124 3371 2708 8125 3787 2708 8126 3788 2709 8127 3373 2709 8128 3372 2709 8129 3373 2710 8130 3788 2710 8131 3365 2710 8132 3789 2711 8133 3788 2711 8134 3372 2711 8135 3789 2712 8136 3370 2712 8137 3788 2712 8138 3792 2713 8139 3359 2713 8140 3791 2713 8141 3369 2714 8142 3790 2714 8143 3791 2714 8144 3790 2715 8145 3792 2715 8146 3791 2715 8147 3369 2716 8148 3367 2716 8149 3368 2716 8150 3362 2717 8151 3367 2717 8152 3369 2717 8153 3359 2718 8154 3369 2718 8155 3791 2718 8156 3359 2719 8157 3362 2719 8158 3369 2719 8159 3361 2720 8160 3362 2720 8161 3359 2720 8162 3359 2721 8163 3360 2721 8164 3361 2721 8165 3355 2722 8166 3342 2722 8167 3343 2722 8168 3341 2723 8169 3355 2723 8170 3343 2723 8171 3349 2724 8172 3793 2724 8173 3352 2724 8174 3793 2725 8175 3349 2725 8176 3342 2725 8177 3349 2726 8178 3345 2726 8179 3342 2726 8180 3344 2727 8181 3346 2727 8182 3338 2727 8183 3323 2728 8184 3336 2728 8185 3346 2728 8186 3323 2729 8187 3326 2729 8188 3336 2729 8189 3313 2730 8190 3324 2730 8191 3319 2730 8192 3309 2731 8193 3303 2731 8194 3304 2731 8195 3303 2732 8196 3309 2732 8197 3317 2732 8198 3279 2733 8199 3306 2733 8200 3794 2733 8201 3794 2734 8202 3306 2734 8203 3305 2734 8204 3281 2735 8205 3279 2735 8206 3794 2735 8207 3305 2736 8208 3300 2736 8209 3794 2736 8210 3794 2737 8211 3284 2737 8212 3281 2737 8213 3794 2738 8214 3795 2738 8215 3284 2738 8216 3795 2739 8217 3794 2739 8218 3300 2739 8219 3286 2740 8220 3795 2740 8221 3295 2740 8222 3295 2741 8223 3795 2741 8224 3300 2741 8225 3286 2742 8226 3284 2742 8227 3795 2742 8228 3283 2743 8229 3268 2743 8230 3271 2743 8231 3249 2744 8232 3248 2744 8233 3269 2744 8234 3262 2745 8235 3255 2745 8236 3253 2745 8237 3257 2746 8238 3256 2746 8239 3796 2746 8240 3797 2747 8241 3237 2747 8242 3236 2747 8243 2580 2748 8244 3237 2748 8245 3797 2748 8246 3805 2749 8247 3798 2749 8248 3797 2749 8249 2580 2750 8250 3797 2750 8251 3798 2750 8252 3805 2751 8253 3799 2751 8254 3798 2751 8255 3798 2752 8256 3212 2752 8257 3209 2752 8258 3798 2753 8259 3799 2753 8260 3212 2753 8261 2580 2754 8262 3798 2754 8263 3209 2754 8264 3799 2755 8265 3229 2755 8266 3212 2755 8267 3800 2756 8268 3229 2756 8269 3799 2756 8270 3800 2757 8271 3799 2757 8272 3805 2757 8273 3231 2758 8274 3801 2758 8275 3805 2758 8276 3231 2759 8277 3803 2759 8278 3801 2759 8279 3802 2760 8280 3801 2760 8281 3804 2760 8282 3800 2761 8283 3801 2761 8284 3802 2761 8285 3805 2762 8286 3801 2762 8287 3800 2762 8288 3231 2763 8289 3800 2763 8290 3803 2763 8291 3800 2764 8292 3231 2764 8293 3229 2764 8294 3209 2765 8295 3212 2765 8296 3208 2765 8297 3231 2766 8298 3805 2766 8299 3797 2766 8300 3233 2767 8301 3231 2767 8302 3797 2767 8303 3236 2768 8304 3233 2768 8305 3797 2768 8306 3219 2769 8307 3497 2769 8308 3218 2769 8309 3216 2770 8310 3200 2770 8311 3215 2770 8312 3498 2771 8313 3200 2771 8314 3216 2771 8315 3498 2772 8316 3201 2772 8317 3200 2772 8318 3807 2773 8319 3215 2773 8320 3806 2773 8321 3200 2774 8322 3806 2774 8323 3215 2774 8324 3201 2775 8325 3806 2775 8326 3200 2775 8327 3215 2776 8328 3807 2776 8329 3214 2776 8330 3807 2777 8331 3211 2777 8332 3214 2777 8333 2580 2778 8334 3209 2778 8335 3210 2778 8336 3164 2779 8337 2580 2779 8338 3210 2779 8339 3176 2780 8340 3809 2780 8341 3808 2780 8342 3197 2781 8343 3198 2781 8344 3809 2781 8345 3809 2782 8346 3198 2782 8347 3808 2782 8348 3202 2783 8349 3197 2783 8350 3809 2783 8351 3198 2784 8352 3194 2784 8353 3808 2784 8354 3196 2785 8355 3192 2785 8356 3198 2785 8357 3194 2786 8358 3193 2786 8359 3178 2786 8360 3192 2787 8361 3188 2787 8362 3193 2787 8363 3193 2788 8364 3188 2788 8365 3179 2788 8366 3188 2789 8367 3181 2789 8368 3179 2789 8369 3188 2790 8370 3186 2790 8371 3181 2790 8372 3186 2791 8373 3187 2791 8374 2792 2791 8375 3186 2792 8376 2792 2792 8377 3810 2792 8378 3186 2793 8379 3810 2793 8380 3185 2793 8381 2792 2794 8382 3859 2794 8383 3810 2794 8384 3185 2795 8385 3810 2795 8386 3811 2795 8387 3185 2796 8388 3811 2796 8389 3184 2796 8390 3184 2797 8391 3811 2797 8392 3812 2797 8393 3184 2798 8394 3812 2798 8395 3183 2798 8396 3811 2799 8397 3838 2799 8398 3812 2799 8399 3838 2800 8400 3813 2800 8401 3812 2800 8402 3017 2801 8403 3018 2801 8404 3813 2801 8405 3183 2802 8406 3813 2802 8407 3018 2802 8408 3183 2803 8409 3812 2803 8410 3813 2803 8411 3815 2804 8412 3017 2804 8413 3814 2804 8414 3817 2805 8415 3017 2805 8416 3815 2805 8417 3816 2806 8418 3817 2806 8419 3815 2806 8420 3817 2807 8421 3816 2807 8422 3818 2807 8423 3820 2808 8424 3817 2808 8425 3819 2808 8426 3820 2809 8427 3821 2809 8428 3823 2809 8429 3820 2810 8430 3822 2810 8431 3821 2810 8432 3820 2811 8433 3014 2811 8434 3817 2811 8435 3820 2812 8436 3824 2812 8437 3822 2812 8438 3820 2813 8439 3823 2813 8440 3014 2813 8441 3823 2814 8442 3826 2814 8443 3828 2814 8444 3828 2815 8445 3825 2815 8446 3823 2815 8447 3823 2816 8448 3821 2816 8449 3826 2816 8450 3827 2817 8451 3826 2817 8452 3835 2817 8453 3826 2818 8454 3818 2818 8455 3835 2818 8456 3831 2819 8457 3826 2819 8458 3827 2819 8459 3821 2820 8460 3818 2820 8461 3826 2820 8462 3828 2821 8463 3826 2821 8464 3832 2821 8465 3832 2822 8466 3826 2822 8467 3829 2822 8468 3829 2823 8469 3826 2823 8470 3830 2823 8471 3830 2824 8472 3826 2824 8473 3831 2824 8474 3831 2825 8475 3828 2825 8476 3832 2825 8477 3831 2826 8478 3832 2826 8479 3829 2826 8480 3831 2827 8481 3829 2827 8482 3830 2827 8483 3828 2828 8484 3831 2828 8485 3825 2828 8486 3825 2829 8487 3831 2829 8488 3827 2829 8489 3827 2830 8490 3835 2830 8491 2931 2830 8492 3835 2831 8493 2930 2831 8494 2931 2831 8495 3834 2832 8496 3833 2832 8497 2931 2832 8498 3834 2833 8499 2995 2833 8500 3833 2833 8501 3833 2834 8502 3827 2834 8503 2931 2834 8504 2932 2835 8505 4124 2835 8506 3834 2835 8507 3834 2836 8508 2994 2836 8509 2995 2836 8510 2932 2837 8511 3834 2837 8512 2931 2837 8513 2929 2838 8514 2930 2838 8515 3835 2838 8516 3835 2839 8517 3818 2839 8518 2929 2839 8519 3827 2840 8520 3836 2840 8521 3825 2840 8522 3836 2841 8523 3011 2841 8524 3825 2841 8525 3827 2842 8526 2998 2842 8527 3836 2842 8528 3825 2843 8529 3011 2843 8530 3012 2843 8531 3825 2844 8532 3012 2844 8533 3823 2844 8534 3823 2845 8535 3012 2845 8536 3014 2845 8537 3817 2846 8538 3014 2846 8539 3015 2846 8540 2997 2847 8541 3011 2847 8542 3836 2847 8543 3009 2848 8544 3011 2848 8545 2997 2848 8546 2998 2849 8547 2997 2849 8548 3836 2849 8549 3822 2850 8550 3818 2850 8551 3821 2850 8552 3818 2851 8553 3822 2851 8554 3824 2851 8555 3818 2852 8556 3819 2852 8557 3817 2852 8558 2929 2853 8559 3818 2853 8560 3816 2853 8561 3814 2854 8562 3816 2854 8563 3815 2854 8564 2926 2855 8565 3816 2855 8566 3814 2855 8567 3814 2856 8568 3017 2856 8569 3837 2856 8570 3840 2857 8571 3838 2857 8572 3839 2857 8573 2927 2858 8574 3838 2858 8575 3840 2858 8576 2927 2859 8577 3837 2859 8578 3838 2859 8579 3814 2860 8580 3837 2860 8581 2927 2860 8582 3844 2861 8583 3840 2861 8584 3843 2861 8585 3844 2862 8586 2927 2862 8587 3840 2862 8588 3840 2863 8589 3839 2863 8590 3842 2863 8591 3840 2864 8592 3842 2864 8593 2795 2864 8594 3841 2865 8595 3840 2865 8596 2795 2865 8597 3843 2866 8598 3840 2866 8599 3841 2866 8600 3843 2867 8601 3841 2867 8602 3845 2867 8603 3844 2868 8604 3843 2868 8605 3845 2868 8606 3845 2869 8607 3841 2869 8608 3846 2869 8609 3845 2870 8610 3846 2870 8611 3848 2870 8612 3846 2871 8613 3847 2871 8614 3848 2871 8615 3848 2872 8616 3847 2872 8617 3849 2872 8618 3847 2873 8619 3850 2873 8620 3849 2873 8621 3847 2874 8622 2796 2874 8623 3850 2874 8624 3849 2875 8625 3851 2875 8626 3853 2875 8627 3849 2876 8628 3850 2876 8629 3851 2876 8630 3853 2877 8631 3851 2877 8632 3857 2877 8633 3857 2878 8634 3851 2878 8635 3852 2878 8636 3853 2879 8637 3857 2879 8638 3854 2879 8639 3854 2880 8640 2911 2880 8641 3853 2880 8642 2911 2881 8643 3855 2881 8644 2901 2881 8645 2911 2882 8646 3854 2882 8647 3855 2882 8648 3854 2883 8649 3857 2883 8650 3855 2883 8651 3857 2884 8652 3856 2884 8653 3855 2884 8654 3856 2885 8655 3857 2885 8656 3852 2885 8657 3852 2886 8658 2800 2886 8659 3858 2886 8660 3852 2887 8661 3851 2887 8662 2800 2887 8663 3858 2888 8664 3856 2888 8665 3852 2888 8666 3858 2889 8667 2897 2889 8668 3856 2889 8669 3858 2890 8670 2895 2890 8671 2897 2890 8672 3850 2891 8673 2800 2891 8674 3851 2891 8675 2799 2892 8676 2800 2892 8677 3850 2892 8678 3856 2893 8679 2901 2893 8680 3855 2893 8681 2909 2894 8682 2910 2894 8683 2900 2894 8684 2900 2895 8685 2910 2895 8686 2901 2895 8687 3848 2896 8688 3849 2896 8689 3853 2896 8690 3853 2897 8691 2911 2897 8692 3848 2897 8693 3846 2898 8694 2796 2898 8695 3847 2898 8696 3846 2899 8697 2795 2899 8698 2796 2899 8699 3841 2900 8700 2795 2900 8701 3846 2900 8702 3844 2901 8703 3845 2901 8704 2913 2901 8705 2913 2902 8706 2927 2902 8707 3844 2902 8708 2912 2903 8709 2927 2903 8710 2913 2903 8711 3839 2904 8712 3859 2904 8713 3842 2904 8714 3839 2905 8715 3811 2905 8716 3859 2905 8717 3810 2906 8718 3859 2906 8719 3811 2906 8720 3839 2907 8721 3838 2907 8722 3811 2907 8723 3017 2908 8724 3813 2908 8725 3837 2908 8726 3813 2909 8727 3838 2909 8728 3837 2909 8729 3186 2910 8730 3185 2910 8731 3181 2910 8732 3177 2911 8733 3173 2911 8734 3174 2911 8735 3174 2912 8736 3173 2912 8737 3203 2912 8738 3182 2913 8739 3021 2913 8740 3023 2913 8741 3161 2914 8742 3159 2914 8743 3162 2914 8744 3160 2915 8745 3162 2915 8746 3159 2915 8747 3158 2916 8748 3159 2916 8749 3161 2916 8750 3160 2917 8751 3159 2917 8752 3860 2917 8753 3150 2918 8754 3032 2918 8755 3035 2918 8756 3035 2919 8757 3036 2919 8758 3148 2919 8759 3148 2920 8760 3036 2920 8761 3145 2920 8762 3861 2921 8763 2586 2921 8764 3146 2921 8765 3862 2922 8766 3146 2922 8767 3143 2922 8768 3861 2923 8769 3146 2923 8770 3862 2923 8771 3861 2924 8772 3863 2924 8773 2582 2924 8774 3865 2925 8775 2582 2925 8776 3863 2925 8777 3862 2926 8778 3863 2926 8779 3861 2926 8780 3862 2927 8781 3864 2927 8782 3863 2927 8783 3866 2928 8784 3863 2928 8785 3864 2928 8786 3865 2929 8787 3863 2929 8788 3866 2929 8789 3866 2930 8790 3864 2930 8791 2533 2930 8792 2532 2931 8793 3866 2931 8794 2533 2931 8795 2570 2932 8796 3865 2932 8797 3866 2932 8798 2570 2933 8799 3866 2933 8800 2532 2933 8801 2575 2934 8802 2582 2934 8803 3865 2934 8804 2569 2935 8805 2575 2935 8806 3865 2935 8807 2569 2936 8808 3865 2936 8809 2570 2936 8810 2533 2937 8811 3864 2937 8812 2534 2937 8813 3867 2938 8814 3864 2938 8815 3862 2938 8816 3867 2939 8817 2534 2939 8818 3864 2939 8819 3862 2940 8820 3143 2940 8821 3867 2940 8822 3867 2941 8823 3143 2941 8824 3141 2941 8825 3867 2942 8826 3141 2942 8827 3868 2942 8828 3868 2943 8829 2534 2943 8830 3867 2943 8831 3868 2944 8832 3141 2944 8833 3869 2944 8834 3868 2945 8835 3869 2945 8836 3870 2945 8837 3870 2946 8838 2530 2946 8839 3868 2946 8840 3868 2947 8841 2530 2947 8842 2534 2947 8843 3870 2948 8844 3869 2948 8845 3132 2948 8846 3870 2949 8847 2529 2949 8848 2530 2949 8849 3870 2950 8850 3132 2950 8851 3871 2950 8852 3871 2951 8853 2529 2951 8854 3870 2951 8855 3871 2952 8856 3132 2952 8857 3128 2952 8858 3871 2953 8859 3128 2953 8860 3873 2953 8861 3871 2954 8862 3873 2954 8863 2529 2954 8864 3873 2955 8865 2524 2955 8866 2525 2955 8867 3872 2956 8868 2524 2956 8869 3873 2956 8870 2525 2957 8871 2529 2957 8872 3873 2957 8873 3141 2958 8874 3874 2958 8875 3869 2958 8876 3869 2959 8877 3134 2959 8878 3132 2959 8879 3869 2960 8880 3874 2960 8881 3134 2960 8882 3141 2961 8883 3139 2961 8884 3874 2961 8885 3145 2962 8886 3039 2962 8887 3142 2962 8888 3036 2963 8889 3039 2963 8890 3145 2963 8891 3039 2964 8892 3041 2964 8893 3142 2964 8894 3142 2965 8895 3046 2965 8896 3138 2965 8897 3142 2966 8898 3041 2966 8899 3046 2966 8900 3047 2967 8901 3138 2967 8902 3046 2967 8903 3053 2968 8904 3138 2968 8905 3047 2968 8906 3138 2969 8907 3053 2969 8908 3136 2969 8909 3875 2970 8910 3133 2970 8911 3137 2970 8912 3136 2971 8913 3052 2971 8914 3137 2971 8915 3057 2972 8916 3137 2972 8917 3052 2972 8918 3057 2973 8919 3875 2973 8920 3137 2973 8921 3876 2974 8922 3133 2974 8923 3875 2974 8924 3875 2975 8925 3056 2975 8926 3877 2975 8927 3875 2976 8928 3877 2976 8929 3876 2976 8930 3130 2977 8931 3877 2977 8932 3878 2977 8933 3876 2978 8934 3877 2978 8935 3130 2978 8936 3072 2979 8937 3130 2979 8938 3878 2979 8939 3072 2980 8940 3878 2980 8941 3065 2980 8942 3879 2981 8943 3133 2981 8944 3876 2981 8945 3876 2982 8946 3130 2982 8947 3879 2982 8948 3053 2983 8949 3052 2983 8950 3136 2983 8951 3073 2984 8952 3130 2984 8953 3072 2984 8954 3073 2985 8955 3126 2985 8956 3130 2985 8957 3125 2986 8958 3881 2986 8959 3123 2986 8960 3125 2987 8961 3074 2987 8962 3881 2987 8963 3074 2988 8964 3880 2988 8965 3881 2988 8966 3883 2989 8967 3881 2989 8968 3880 2989 8969 3882 2990 8970 3881 2990 8971 3883 2990 8972 3882 2991 8973 3123 2991 8974 3881 2991 8975 3883 2992 8976 3880 2992 8977 3079 2992 8978 3120 2993 8979 3123 2993 8980 3882 2993 8981 3079 2994 8982 3880 2994 8983 3078 2994 8984 3121 2995 8985 3884 2995 8986 3122 2995 8987 3121 2996 8988 3885 2996 8989 3884 2996 8990 3899 2997 8991 3885 2997 8992 3079 2997 8993 3079 2998 8994 3885 2998 8995 3121 2998 8996 3076 2999 8997 3077 2999 8998 3886 2999 8999 3886 3000 9000 3077 3000 9001 3889 3000 9002 3887 3001 9003 3889 3001 9004 3081 3001 9005 3905 3002 9006 3891 3002 9007 3893 3002 9008 3891 3003 9009 3892 3003 9010 3893 3003 9011 3895 3004 9012 3892 3004 9013 3894 3004 9014 3893 3005 9015 3892 3005 9016 3895 3005 9017 3895 3006 9018 3896 3006 9019 3893 3006 9020 3897 3007 9021 3893 3007 9022 3896 3007 9023 3905 3008 9024 3893 3008 9025 3897 3008 9026 3900 3009 9027 3907 3009 9028 3898 3009 9029 3899 3010 9030 3900 3010 9031 3898 3010 9032 3898 3011 9033 3902 3011 9034 3899 3011 9035 3926 3012 9036 3903 3012 9037 3902 3012 9038 3884 3013 9039 3903 3013 9040 3926 3013 9041 3884 3014 9042 3926 3014 9043 3906 3014 9044 3899 3015 9045 3903 3015 9046 3885 3015 9047 3885 3016 9048 3903 3016 9049 3884 3016 9050 3904 3017 9051 3899 3017 9052 3076 3017 9053 3889 3018 9054 3904 3018 9055 3886 3018 9056 3886 3019 9057 3904 3019 9058 3076 3019 9059 3897 3020 9060 3900 3020 9061 3904 3020 9062 3897 3021 9063 3904 3021 9064 3905 3021 9065 3905 3022 9066 3904 3022 9067 3888 3022 9068 3888 3023 9069 3904 3023 9070 3887 3023 9071 3900 3024 9072 3899 3024 9073 3904 3024 9074 3887 3025 9075 3904 3025 9076 3889 3025 9077 3902 3026 9078 3903 3026 9079 3899 3026 9080 3109 3027 9081 3902 3027 9082 3901 3027 9083 3109 3028 9084 3901 3028 9085 3108 3028 9086 3902 3029 9087 3898 3029 9088 3907 3029 9089 3901 3030 9090 3902 3030 9091 3907 3030 9092 3108 3031 9093 3901 3031 9094 3907 3031 9095 3108 3032 9096 3907 3032 9097 3908 3032 9098 3106 3033 9099 3108 3033 9100 3908 3033 9101 3908 3034 9102 3909 3034 9103 3106 3034 9104 3908 3035 9105 3925 3035 9106 3910 3035 9107 3909 3036 9108 3908 3036 9109 3910 3036 9110 3910 3037 9111 3911 3037 9112 3909 3037 9113 3909 3038 9114 3107 3038 9115 3106 3038 9116 3909 3039 9117 3912 3039 9118 3107 3039 9119 3913 3040 9120 3912 3040 9121 3915 3040 9122 3913 3041 9123 3914 3041 9124 3912 3041 9125 3107 3042 9126 3912 3042 9127 3914 3042 9128 3912 3043 9129 3916 3043 9130 3915 3043 9131 3916 3044 9132 3912 3044 9133 3909 3044 9134 3916 3045 9135 3909 3045 9136 3911 3045 9137 3918 3046 9138 3916 3046 9139 3911 3046 9140 3917 3047 9141 3915 3047 9142 3916 3047 9143 3917 3048 9144 3916 3048 9145 3918 3048 9146 3918 3049 9147 3920 3049 9148 3919 3049 9149 3917 3050 9150 3918 3050 9151 3919 3050 9152 3919 3051 9153 3920 3051 9154 3083 3051 9155 3891 3052 9156 3083 3052 9157 3920 3052 9158 3905 3053 9159 3083 3053 9160 3891 3053 9161 3919 3054 9162 3083 3054 9163 3085 3054 9164 3913 3055 9165 3919 3055 9166 3085 3055 9167 3089 3056 9168 3914 3056 9169 3913 3056 9170 3913 3057 9171 3085 3057 9172 3089 3057 9173 3089 3058 9174 3085 3058 9175 3921 3058 9176 3923 3059 9177 3921 3059 9178 3922 3059 9179 3921 3060 9180 3086 3060 9181 3922 3060 9182 3089 3061 9183 3921 3061 9184 3923 3061 9185 3922 3062 9186 3086 3062 9187 3087 3062 9188 3919 3063 9189 3915 3063 9190 3917 3063 9191 3919 3064 9192 3913 3064 9193 3915 3064 9194 3918 3065 9195 3892 3065 9196 3920 3065 9197 3891 3066 9198 3920 3066 9199 3892 3066 9200 3894 3067 9201 3892 3067 9202 3918 3067 9203 3918 3068 9204 3911 3068 9205 3894 3068 9206 3894 3069 9207 3910 3069 9208 3895 3069 9209 3894 3070 9210 3911 3070 9211 3910 3070 9212 3910 3071 9213 3896 3071 9214 3895 3071 9215 3896 3072 9216 3910 3072 9217 3925 3072 9218 3896 3073 9219 3925 3073 9220 3924 3073 9221 3924 3074 9222 3907 3074 9223 3900 3074 9224 3924 3075 9225 3925 3075 9226 3907 3075 9227 3897 3076 9228 3924 3076 9229 3900 3076 9230 3897 3077 9231 3896 3077 9232 3924 3077 9233 3907 3078 9234 3925 3078 9235 3908 3078 9236 3089 3079 9237 3092 3079 9238 3914 3079 9239 3102 3080 9240 3914 3080 9241 3092 3080 9242 3107 3081 9243 3914 3081 9244 3102 3081 9245 3890 3082 9246 3905 3082 9247 3888 3082 9248 3076 3083 9249 3899 3083 9250 3079 3083 9251 3122 3084 9252 3884 3084 9253 3906 3084 9254 3109 3085 9255 3926 3085 9256 3902 3085 9257 3100 3086 9258 2507 3086 9259 3103 3086 9260 2505 3087 9261 3100 3087 9262 3099 3087 9263 2505 3088 9264 2507 3088 9265 3100 3088 9266 2505 3089 9267 3099 3089 9268 3927 3089 9269 3927 3090 9270 3099 3090 9271 3928 3090 9272 3927 3091 9273 4084 3091 9274 4086 3091 9275 3929 3092 9276 3927 3092 9277 3932 3092 9278 3929 3093 9279 3930 3093 9280 3927 3093 9281 3927 3094 9282 3930 3094 9283 3931 3094 9284 3927 3095 9285 3931 3095 9286 4084 3095 9287 3932 3096 9288 3927 3096 9289 3933 3096 9290 3933 3097 9291 3927 3097 9292 3928 3097 9293 3928 3098 9294 3934 3098 9295 3933 3098 9296 3932 3099 9297 3933 3099 9298 3935 3099 9299 3933 3100 9300 3934 3100 9301 3936 3100 9302 3935 3101 9303 3933 3101 9304 3936 3101 9305 3934 3102 9306 3935 3102 9307 3936 3102 9308 3932 3103 9309 3935 3103 9310 3938 3103 9311 3937 3104 9312 3938 3104 9313 3935 3104 9314 3934 3105 9315 3937 3105 9316 3935 3105 9317 3937 3106 9318 3939 3106 9319 3938 3106 9320 3938 3107 9321 3939 3107 9322 3940 3107 9323 3938 3108 9324 3941 3108 9325 3932 3108 9326 3941 3109 9327 3929 3109 9328 3932 3109 9329 3942 3110 9330 3929 3110 9331 3941 3110 9332 3942 3111 9333 3944 3111 9334 3943 3111 9335 3942 3112 9336 3951 3112 9337 3944 3112 9338 3942 3113 9339 3941 3113 9340 3951 3113 9341 3951 3114 9342 3945 3114 9343 3944 3114 9344 3951 3115 9345 3946 3115 9346 3945 3115 9347 3943 3116 9348 3944 3116 9349 3945 3116 9350 2643 3117 9351 3943 3117 9352 3945 3117 9353 2643 3118 9354 3945 3118 9355 3946 3118 9356 3946 3119 9357 3947 3119 9358 3948 3119 9359 3951 3120 9360 3947 3120 9361 3946 3120 9362 2643 3121 9363 3948 3121 9364 2642 3121 9365 3948 3122 9366 2643 3122 9367 3946 3122 9368 3949 3123 9369 3951 3123 9370 3953 3123 9371 3950 3124 9372 3951 3124 9373 4068 3124 9374 3950 3125 9375 3947 3125 9376 3951 3125 9377 4068 3126 9378 3951 3126 9379 3949 3126 9380 3955 3127 9381 3956 3127 9382 3951 3127 9383 3951 3128 9384 3956 3128 9385 3953 3128 9386 3949 3129 9387 3953 3129 9388 4054 3129 9389 4054 3130 9390 3953 3130 9391 3952 3130 9392 3952 3131 9393 4055 3131 9394 4054 3131 9395 3954 3132 9396 4055 3132 9397 3952 3132 9398 3954 3133 9399 3952 3133 9400 3939 3133 9401 3939 3134 9402 3952 3134 9403 3953 3134 9404 3953 3135 9405 3940 3135 9406 3939 3135 9407 3940 3136 9408 3953 3136 9409 3956 3136 9410 3955 3137 9411 3941 3137 9412 3940 3137 9413 3941 3138 9414 3938 3138 9415 3940 3138 9416 3955 3139 9417 3940 3139 9418 3956 3139 9419 3951 3140 9420 3941 3140 9421 3955 3140 9422 3957 3141 9423 3954 3141 9424 3939 3141 9425 3096 3142 9426 3954 3142 9427 3957 3142 9428 3958 3143 9429 3954 3143 9430 3096 3143 9431 3096 3144 9432 3957 3144 9433 3097 3144 9434 3958 3145 9435 3979 3145 9436 3959 3145 9437 3959 3146 9438 3954 3146 9439 3958 3146 9440 3960 3147 9441 3954 3147 9442 3959 3147 9443 3960 3148 9444 4055 3148 9445 3954 3148 9446 4055 3149 9447 3960 3149 9448 3961 3149 9449 4066 3150 9450 3961 3150 9451 3963 3150 9452 4066 3151 9453 3963 3151 9454 3965 3151 9455 3965 3152 9456 3963 3152 9457 3962 3152 9458 3964 3153 9459 3965 3153 9460 3962 3153 9461 3964 3154 9462 3966 3154 9463 3965 3154 9464 3967 3155 9465 3966 3155 9466 3964 3155 9467 3968 3156 9468 3985 3156 9469 3984 3156 9470 3985 3157 9471 3968 3157 9472 3964 3157 9473 3985 3158 9474 3964 3158 9475 3962 3158 9476 3962 3159 9477 3969 3159 9478 3985 3159 9479 3970 3160 9480 3969 3160 9481 3962 3160 9482 3970 3161 9483 3962 3161 9484 3963 3161 9485 3971 3162 9486 3970 3162 9487 3963 3162 9488 3971 3163 9489 3963 3163 9490 3961 3163 9491 3971 3164 9492 3961 3164 9493 3960 3164 9494 3960 3165 9495 3972 3165 9496 3971 3165 9497 3972 3166 9498 3960 3166 9499 3977 3166 9500 3973 3167 9501 3975 3167 9502 3974 3167 9503 3978 3168 9504 3975 3168 9505 3973 3168 9506 3973 3169 9507 3977 3169 9508 3978 3169 9509 2951 3170 9510 3974 3170 9511 3975 3170 9512 3975 3171 9513 2950 3171 9514 2951 3171 9515 3975 3172 9516 3978 3172 9517 2950 3172 9518 3974 3173 9519 3972 3173 9520 3973 3173 9521 2869 3174 9522 3972 3174 9523 3974 3174 9524 3976 3175 9525 3972 3175 9526 2869 3175 9527 2867 3176 9528 2856 3176 9529 3976 3176 9530 2867 3177 9531 3976 3177 9532 2869 3177 9533 3972 3178 9534 3976 3178 9535 3971 3178 9536 3976 3179 9537 3970 3179 9538 3971 3179 9539 2856 3180 9540 3970 3180 9541 3976 3180 9542 3977 3181 9543 3973 3181 9544 3972 3181 9545 3974 3182 9546 2868 3182 9547 2869 3182 9548 2868 3183 9549 3974 3183 9550 2951 3183 9551 3960 3184 9552 3959 3184 9553 3978 3184 9554 3977 3185 9555 3960 3185 9556 3978 3185 9557 3978 3186 9558 3959 3186 9559 3979 3186 9560 2959 3187 9561 3979 3187 9562 3980 3187 9563 3095 3188 9564 3980 3188 9565 3979 3188 9566 3093 3189 9567 3922 3189 9568 3980 3189 9569 3093 3190 9570 3980 3190 9571 3095 3190 9572 2959 3191 9573 3980 3191 9574 3087 3191 9575 3095 3192 9576 3979 3192 9577 3958 3192 9578 3970 3193 9579 2856 3193 9580 3981 3193 9581 3969 3194 9582 3970 3194 9583 3981 3194 9584 3969 3195 9585 3981 3195 9586 3982 3195 9587 3983 3196 9588 3984 3196 9589 3982 3196 9590 3985 3197 9591 3982 3197 9592 3984 3197 9593 3986 3198 9594 3984 3198 9595 3983 3198 9596 3968 3199 9597 3984 3199 9598 3986 3199 9599 3967 3200 9600 3964 3200 9601 3968 3200 9602 3967 3201 9603 3987 3201 9604 3966 3201 9605 3988 3202 9606 3987 3202 9607 3967 3202 9608 3967 3203 9609 3968 3203 9610 3988 3203 9611 3986 3204 9612 3983 3204 9613 3989 3204 9614 3990 3205 9615 4026 3205 9616 3989 3205 9617 3990 3206 9618 3989 3206 9619 3983 3206 9620 3991 3207 9621 4026 3207 9622 3990 3207 9623 3992 3208 9624 3991 3208 9625 3990 3208 9626 4016 3209 9627 4022 3209 9628 3993 3209 9629 3993 3210 9630 3996 3210 9631 4016 3210 9632 3993 3211 9633 3994 3211 9634 3995 3211 9635 3995 3212 9636 3996 3212 9637 3993 3212 9638 3995 3213 9639 3997 3213 9640 3996 3213 9641 3997 3214 9642 3995 3214 9643 3998 3214 9644 3998 3215 9645 3995 3215 9646 3999 3215 9647 3995 3216 9648 3994 3216 9649 3999 3216 9650 3999 3217 9651 4000 3217 9652 3998 3217 9653 3999 3218 9654 3994 3218 9655 4001 3218 9656 4001 3219 9657 4000 3219 9658 3999 3219 9659 2857 3220 9660 4000 3220 9661 4001 3220 9662 4002 3221 9663 4006 3221 9664 4000 3221 9665 4002 3222 9666 4000 3222 9667 2857 3222 9668 4003 3223 9669 4002 3223 9670 4004 3223 9671 4002 3224 9672 2857 3224 9673 4004 3224 9674 4003 3225 9675 4005 3225 9676 4002 3225 9677 4002 3226 9678 3997 3226 9679 4006 3226 9680 3997 3227 9681 4002 3227 9682 4007 3227 9683 2679 3228 9684 3997 3228 9685 4007 3228 9686 4010 3229 9687 4007 3229 9688 4002 3229 9689 4007 3230 9690 4010 3230 9691 4008 3230 9692 2681 3231 9693 4008 3231 9694 2682 3231 9695 4008 3232 9696 4010 3232 9697 2685 3232 9698 4008 3233 9699 2685 3233 9700 2682 3233 9701 4005 3234 9702 4009 3234 9703 4010 3234 9704 4005 3235 9705 4010 3235 9706 4002 3235 9707 2734 3236 9708 4010 3236 9709 4009 3236 9710 4012 3237 9711 4011 3237 9712 4009 3237 9713 2734 3238 9714 4009 3238 9715 4011 3238 9716 4012 3239 9717 4009 3239 9718 4005 3239 9719 4011 3240 9720 4012 3240 9721 2622 3240 9722 4012 3241 9723 2629 3241 9724 2622 3241 9725 4005 3242 9726 2632 3242 9727 4012 3242 9728 4012 3243 9729 2632 3243 9730 2629 3243 9731 2622 3244 9732 2629 3244 9733 2625 3244 9734 4003 3245 9735 2632 3245 9736 4005 3245 9737 4013 3246 9738 2632 3246 9739 4003 3246 9740 4011 3247 9741 2622 3247 9742 2621 3247 9743 4014 3248 9744 4011 3248 9745 2621 3248 9746 2734 3249 9747 4011 3249 9748 4014 3249 9749 4014 3250 9750 2735 3250 9751 2734 3250 9752 4014 3251 9753 2620 3251 9754 2735 3251 9755 4014 3252 9756 2621 3252 9757 2620 3252 9758 4006 3253 9759 3997 3253 9760 3998 3253 9761 3998 3254 9762 4000 3254 9763 4006 3254 9764 4013 3255 9765 4004 3255 9766 2887 3255 9767 2855 3256 9768 2887 3256 9769 4004 3256 9770 4004 3257 9771 4013 3257 9772 4003 3257 9773 2849 3258 9774 2887 3258 9775 2855 3258 9776 2856 3259 9777 2857 3259 9778 4001 3259 9779 3981 3260 9780 4001 3260 9781 4015 3260 9782 4001 3261 9783 3994 3261 9784 4015 3261 9785 3981 3262 9786 2856 3262 9787 4001 3262 9788 3982 3263 9789 4015 3263 9790 3983 3263 9791 3983 3264 9792 4015 3264 9793 3990 3264 9794 3982 3265 9795 3981 3265 9796 4015 3265 9797 3994 3266 9798 3993 3266 9799 4015 3266 9800 3992 3267 9801 4015 3267 9802 3993 3267 9803 3990 3268 9804 4015 3268 9805 3992 3268 9806 3997 3269 9807 2679 3269 9808 3996 3269 9809 3993 3270 9810 4022 3270 9811 3992 3270 9812 4017 3271 9813 3996 3271 9814 2679 3271 9815 3996 3272 9816 4017 3272 9817 4016 3272 9818 4018 3273 9819 4019 3273 9820 4017 3273 9821 2677 3274 9822 2665 3274 9823 4018 3274 9824 4018 3275 9825 2665 3275 9826 4019 3275 9827 4019 3276 9828 4016 3276 9829 4017 3276 9830 4020 3277 9831 4016 3277 9832 4019 3277 9833 4019 3278 9834 2663 3278 9835 4020 3278 9836 4021 3279 9837 4020 3279 9838 2663 3279 9839 4022 3280 9840 4021 3280 9841 4023 3280 9842 4022 3281 9843 4023 3281 9844 3991 3281 9845 3992 3282 9846 4022 3282 9847 3991 3282 9848 4022 3283 9849 4020 3283 9850 4021 3283 9851 4016 3284 9852 4020 3284 9853 4022 3284 9854 4025 3285 9855 4023 3285 9856 4024 3285 9857 4023 3286 9858 4026 3286 9859 3991 3286 9860 4025 3287 9861 4026 3287 9862 4023 3287 9863 4026 3288 9864 4025 3288 9865 3989 3288 9866 4040 3289 9867 4027 3289 9868 4029 3289 9869 4040 3290 9870 4025 3290 9871 4027 3290 9872 4029 3291 9873 4028 3291 9874 4039 3291 9875 2655 3292 9876 4029 3292 9877 4027 3292 9878 4029 3293 9879 4030 3293 9880 4028 3293 9881 4029 3294 9882 2655 3294 9883 4030 3294 9884 2647 3295 9885 4031 3295 9886 2655 3295 9887 4031 3296 9888 4030 3296 9889 2655 3296 9890 4031 3297 9891 4033 3297 9892 4032 3297 9893 4032 3298 9894 4072 3298 9895 4031 3298 9896 4028 3299 9897 4072 3299 9898 4032 3299 9899 4033 3300 9900 4035 3300 9901 4032 3300 9902 4032 3301 9903 4035 3301 9904 4034 3301 9905 4028 3302 9906 4032 3302 9907 4034 3302 9908 4034 3303 9909 4039 3303 9910 4028 3303 9911 4036 3304 9912 4034 3304 9913 4035 3304 9914 4039 3305 9915 4034 3305 9916 4036 3305 9917 4036 3306 9918 4037 3306 9919 4038 3306 9920 4035 3307 9921 4037 3307 9922 4036 3307 9923 4038 3308 9924 4045 3308 9925 3987 3308 9926 4039 3309 9927 4036 3309 9928 4038 3309 9929 4038 3310 9930 3987 3310 9931 4040 3310 9932 4040 3311 9933 4039 3311 9934 4038 3311 9935 4029 3312 9936 4039 3312 9937 4040 3312 9938 4040 3313 9939 3987 3313 9940 3988 3313 9941 4040 3314 9942 3988 3314 9943 3989 3314 9944 3989 3315 9945 4025 3315 9946 4040 3315 9947 4042 3316 9948 3987 3316 9949 4045 3316 9950 4042 3317 9951 4061 3317 9952 4062 3317 9953 4042 3318 9954 4062 3318 9955 4041 3318 9956 3987 3319 9957 4042 3319 9958 4041 3319 9959 4042 3320 9960 4044 3320 9961 4061 3320 9962 4061 3321 9963 4044 3321 9964 4043 3321 9965 4044 3322 9966 4042 3322 9967 4045 3322 9968 4044 3323 9969 4045 3323 9970 4038 3323 9971 4046 3324 9972 4047 3324 9973 4044 3324 9974 4038 3325 9975 4037 3325 9976 4046 3325 9977 4044 3326 9978 4038 3326 9979 4046 3326 9980 4047 3327 9981 4046 3327 9982 4048 3327 9983 4049 3328 9984 4046 3328 9985 4037 3328 9986 4049 3329 9987 4048 3329 9988 4046 3329 9989 4069 3330 9990 4047 3330 9991 4048 3330 9992 4069 3331 9993 4049 3331 9994 4070 3331 9995 4069 3332 9996 4048 3332 9997 4049 3332 9998 4051 3333 9999 4050 3333 10000 4047 3333 10001 4050 3334 10002 4052 3334 10003 4043 3334 10004 4044 3335 10005 4050 3335 10006 4043 3335 10007 4050 3336 10008 4051 3336 10009 4052 3336 10010 4052 3337 10011 3949 3337 10012 4053 3337 10013 4053 3338 10014 4043 3338 10015 4052 3338 10016 3949 3339 10017 4059 3339 10018 4060 3339 10019 4054 3340 10020 4056 3340 10021 4059 3340 10022 3949 3341 10023 4054 3341 10024 4059 3341 10025 3961 3342 10026 4056 3342 10027 4055 3342 10028 4056 3343 10029 4054 3343 10030 4055 3343 10031 4056 3344 10032 3961 3344 10033 4057 3344 10034 4056 3345 10035 4057 3345 10036 4058 3345 10037 4057 3346 10038 4067 3346 10039 4058 3346 10040 4059 3347 10041 4056 3347 10042 4058 3347 10043 4060 3348 10044 4062 3348 10045 4061 3348 10046 4061 3349 10047 4063 3349 10048 4060 3349 10049 4043 3350 10050 4063 3350 10051 4061 3350 10052 4063 3351 10053 3949 3351 10054 4060 3351 10055 4053 3352 10056 3949 3352 10057 4063 3352 10058 4063 3353 10059 4043 3353 10060 4053 3353 10061 4064 3354 10062 4062 3354 10063 4060 3354 10064 4041 3355 10065 4062 3355 10066 4064 3355 10067 4041 3356 10068 4067 3356 10069 4065 3356 10070 4057 3357 10071 4065 3357 10072 4067 3357 10073 4057 3358 10074 3961 3358 10075 4066 3358 10076 4057 3359 10077 4066 3359 10078 4065 3359 10079 4066 3360 10080 3966 3360 10081 4065 3360 10082 3966 3361 10083 4041 3361 10084 4065 3361 10085 3966 3362 10086 3987 3362 10087 4041 3362 10088 4064 3363 10089 4067 3363 10090 4041 3363 10091 4067 3364 10092 4064 3364 10093 4059 3364 10094 4060 3365 10095 4059 3365 10096 4064 3365 10097 4067 3366 10098 4059 3366 10099 4058 3366 10100 3949 3367 10101 4051 3367 10102 4068 3367 10103 3949 3368 10104 4052 3368 10105 4051 3368 10106 3950 3369 10107 4068 3369 10108 4069 3369 10109 3950 3370 10110 4069 3370 10111 4070 3370 10112 4070 3371 10113 4071 3371 10114 3950 3371 10115 4070 3372 10116 4035 3372 10117 4071 3372 10118 4071 3373 10119 4035 3373 10120 4033 3373 10121 2647 3374 10122 3950 3374 10123 4031 3374 10124 3950 3375 10125 4071 3375 10126 4031 3375 10127 4071 3376 10128 4033 3376 10129 4031 3376 10130 4068 3377 10131 4047 3377 10132 4069 3377 10133 4051 3378 10134 4047 3378 10135 4068 3378 10136 4044 3379 10137 4047 3379 10138 4050 3379 10139 4035 3380 10140 4070 3380 10141 4049 3380 10142 4035 3381 10143 4049 3381 10144 4037 3381 10145 4072 3382 10146 4028 3382 10147 4030 3382 10148 4030 3383 10149 4031 3383 10150 4072 3383 10151 2655 3384 10152 4074 3384 10153 4080 3384 10154 4024 3385 10155 4073 3385 10156 4074 3385 10157 4080 3386 10158 4074 3386 10159 4081 3386 10160 4074 3387 10161 4073 3387 10162 4081 3387 10163 4073 3388 10164 4024 3388 10165 4075 3388 10166 4076 3389 10167 4075 3389 10168 2663 3389 10169 4024 3390 10170 4021 3390 10171 4075 3390 10172 2663 3391 10173 4075 3391 10174 4021 3391 10175 4024 3392 10176 4023 3392 10177 4021 3392 10178 4076 3393 10179 4073 3393 10180 4075 3393 10181 4076 3394 10182 4082 3394 10183 4077 3394 10184 4077 3395 10185 4073 3395 10186 4076 3395 10187 4082 3396 10188 4078 3396 10189 4077 3396 10190 4078 3397 10191 4082 3397 10192 2656 3397 10193 2656 3398 10194 4079 3398 10195 4078 3398 10196 4080 3399 10197 4081 3399 10198 4078 3399 10199 4080 3400 10200 4078 3400 10201 4079 3400 10202 4081 3401 10203 4077 3401 10204 4078 3401 10205 4073 3402 10206 4077 3402 10207 4081 3402 10208 2662 3403 10209 4082 3403 10210 4076 3403 10211 4074 3404 10212 4025 3404 10213 4024 3404 10214 4074 3405 10215 4027 3405 10216 4025 3405 10217 2655 3406 10218 4027 3406 10219 4074 3406 10220 4079 3407 10221 2655 3407 10222 4080 3407 10223 4018 3408 10224 4017 3408 10225 2679 3408 10226 3989 3409 10227 3988 3409 10228 3986 3409 10229 3968 3410 10230 3986 3410 10231 3988 3410 10232 3965 3411 10233 3966 3411 10234 4066 3411 10235 3985 3412 10236 3969 3412 10237 3982 3412 10238 3096 3413 10239 3095 3413 10240 3958 3413 10241 3957 3414 10242 3939 3414 10243 3937 3414 10244 4083 3415 10245 3957 3415 10246 3937 3415 10247 4083 3416 10248 3098 3416 10249 3957 3416 10250 4083 3417 10251 3928 3417 10252 3098 3417 10253 3928 3418 10254 4083 3418 10255 3934 3418 10256 3937 3419 10257 3934 3419 10258 4083 3419 10259 3950 3420 10260 2647 3420 10261 3947 3420 10262 2644 3421 10263 3943 3421 10264 2643 3421 10265 2644 3422 10266 3929 3422 10267 3943 3422 10268 3942 3423 10269 3943 3423 10270 3929 3423 10271 2644 3424 10272 3930 3424 10273 3929 3424 10274 3931 3425 10275 2566 3425 10276 4084 3425 10277 4084 3426 10278 2566 3426 10279 2561 3426 10280 4084 3427 10281 4085 3427 10282 4086 3427 10283 4085 3428 10284 4084 3428 10285 2561 3428 10286 2559 3429 10287 4085 3429 10288 2561 3429 10289 2559 3430 10290 2505 3430 10291 4085 3430 10292 4086 3431 10293 4085 3431 10294 2505 3431 10295 2505 3432 10296 3927 3432 10297 4086 3432 10298 2506 3433 10299 2505 3433 10300 2559 3433 10301 2566 3434 10302 2563 3434 10303 2561 3434 10304 2561 3435 10305 2563 3435 10306 2560 3435 10307 3930 3436 10308 4087 3436 10309 3931 3436 10310 3931 3437 10311 4087 3437 10312 2566 3437 10313 4087 3438 10314 2567 3438 10315 2566 3438 10316 3930 3439 10317 4088 3439 10318 4087 3439 10319 4088 3440 10320 2573 3440 10321 4087 3440 10322 4087 3441 10323 2573 3441 10324 2567 3441 10325 2634 3442 10326 2573 3442 10327 4088 3442 10328 3930 3443 10329 2634 3443 10330 4088 3443 10331 2640 3444 10332 3930 3444 10333 2644 3444 10334 3076 3445 10335 3078 3445 10336 3070 3445 10337 3066 3446 10338 4089 3446 10339 3067 3446 10340 4090 3447 10341 4089 3447 10342 3066 3447 10343 4090 3448 10344 2972 3448 10345 4089 3448 10346 4090 3449 10347 2973 3449 10348 2972 3449 10349 4090 3450 10350 2975 3450 10351 2973 3450 10352 4092 3451 10353 3055 3451 10354 3050 3451 10355 2982 3452 10356 3055 3452 10357 4091 3452 10358 3055 3453 10359 4092 3453 10360 4091 3453 10361 2982 3454 10362 2981 3454 10363 3055 3454 10364 4092 3455 10365 4095 3455 10366 4093 3455 10367 4093 3456 10368 4091 3456 10369 4092 3456 10370 4092 3457 10371 3049 3457 10372 4094 3457 10373 4095 3458 10374 4092 3458 10375 4094 3458 10376 4092 3459 10377 3050 3459 10378 3049 3459 10379 4094 3460 10380 3001 3460 10381 4095 3460 10382 4095 3461 10383 3001 3461 10384 3000 3461 10385 4095 3462 10386 3000 3462 10387 2987 3462 10388 2984 3463 10389 4095 3463 10390 2987 3463 10391 4095 3464 10392 2984 3464 10393 4093 3464 10394 3049 3465 10395 4096 3465 10396 4094 3465 10397 4096 3466 10398 3001 3466 10399 4094 3466 10400 3049 3467 10401 3044 3467 10402 4096 3467 10403 3008 3468 10404 3001 3468 10405 4096 3468 10406 3044 3469 10407 3008 3469 10408 4096 3469 10409 4093 3470 10410 2984 3470 10411 2980 3470 10412 4091 3471 10413 4093 3471 10414 2980 3471 10415 4091 3472 10416 2980 3472 10417 2982 3472 10418 3009 3473 10419 3042 3473 10420 3038 3473 10421 3007 3474 10422 3042 3474 10423 3009 3474 10424 3008 3475 10425 3042 3475 10426 3007 3475 10427 4097 3476 10428 3038 3476 10429 3033 3476 10430 3009 3477 10431 3038 3477 10432 4097 3477 10433 3013 3478 10434 4097 3478 10435 4099 3478 10436 4097 3479 10437 3033 3479 10438 4098 3479 10439 4098 3480 10440 4099 3480 10441 4097 3480 10442 3027 3481 10443 4100 3481 10444 4099 3481 10445 4098 3482 10446 3027 3482 10447 4099 3482 10448 4102 3483 10449 4100 3483 10450 4101 3483 10451 4102 3484 10452 3015 3484 10453 4100 3484 10454 3015 3485 10455 4102 3485 10456 4103 3485 10457 3013 3486 10458 4100 3486 10459 3015 3486 10460 4102 3487 10461 3020 3487 10462 4103 3487 10463 4102 3488 10464 4101 3488 10465 3020 3488 10466 3022 3489 10467 3020 3489 10468 4101 3489 10469 3022 3490 10470 4101 3490 10471 4104 3490 10472 4104 3491 10473 4101 3491 10474 4100 3491 10475 4100 3492 10476 3027 3492 10477 4104 3492 10478 3013 3493 10479 4099 3493 10480 4100 3493 10481 4097 3494 10482 3013 3494 10483 3010 3494 10484 3028 3495 10485 3031 3495 10486 3155 3495 10487 3019 3496 10488 3020 3496 10489 3022 3496 10490 4103 3497 10491 3020 3497 10492 3016 3497 10493 3011 3498 10494 3010 3498 10495 3012 3498 10496 4097 3499 10497 3010 3499 10498 3009 3499 10499 4105 3500 10500 4124 3500 10501 2963 3500 10502 2970 3501 10503 2969 3501 10504 2966 3501 10505 2963 3502 10506 4124 3502 10507 4109 3502 10508 4106 3503 10509 2963 3503 10510 4109 3503 10511 4108 3504 10512 3080 3504 10513 4107 3504 10514 4110 3505 10515 4108 3505 10516 4107 3505 10517 4116 3506 10518 4108 3506 10519 4110 3506 10520 4116 3507 10521 4110 3507 10522 4115 3507 10523 4110 3508 10524 4111 3508 10525 4115 3508 10526 4109 3509 10527 4111 3509 10528 4110 3509 10529 4112 3510 10530 4115 3510 10531 4111 3510 10532 4115 3511 10533 4113 3511 10534 4116 3511 10535 4115 3512 10536 4114 3512 10537 4113 3512 10538 4115 3513 10539 4112 3513 10540 4114 3513 10541 4113 3514 10542 2962 3514 10543 4116 3514 10544 4113 3515 10545 2960 3515 10546 2962 3515 10547 4108 3516 10548 2962 3516 10549 3080 3516 10550 4108 3517 10551 4116 3517 10552 2962 3517 10553 4114 3518 10554 4122 3518 10555 4118 3518 10556 4112 3519 10557 4122 3519 10558 4114 3519 10559 4117 3520 10560 4114 3520 10561 4119 3520 10562 4114 3521 10563 4117 3521 10564 4113 3521 10565 4119 3522 10566 4114 3522 10567 4118 3522 10568 4117 3523 10569 4119 3523 10570 2957 3523 10571 4119 3524 10572 4118 3524 10573 2947 3524 10574 2957 3525 10575 4119 3525 10576 2956 3525 10577 2956 3526 10578 4119 3526 10579 2949 3526 10580 2949 3527 10581 4119 3527 10582 2947 3527 10583 4122 3528 10584 4121 3528 10585 4118 3528 10586 4118 3529 10587 4121 3529 10588 2945 3529 10589 2947 3530 10590 4118 3530 10591 2945 3530 10592 4127 3531 10593 4121 3531 10594 4126 3531 10595 4121 3532 10596 4127 3532 10597 2945 3532 10598 2933 3533 10599 4126 3533 10600 4125 3533 10601 4120 3534 10602 4125 3534 10603 4121 3534 10604 4121 3535 10605 4122 3535 10606 4120 3535 10607 4124 3536 10608 4120 3536 10609 4123 3536 10610 4122 3537 10611 4123 3537 10612 4120 3537 10613 4122 3538 10614 4112 3538 10615 4123 3538 10616 2933 3539 10617 4125 3539 10618 4124 3539 10619 4125 3540 10620 4120 3540 10621 4124 3540 10622 4109 3541 10623 4124 3541 10624 4111 3541 10625 4111 3542 10626 4124 3542 10627 4123 3542 10628 4112 3543 10629 4111 3543 10630 4123 3543 10631 2933 3544 10632 2935 3544 10633 2937 3544 10634 2933 3545 10635 2937 3545 10636 4126 3545 10637 2937 3546 10638 4127 3546 10639 4126 3546 10640 2938 3547 10641 4127 3547 10642 2937 3547 10643 2936 3548 10644 2937 3548 10645 2935 3548 10646 4121 3549 10647 4125 3549 10648 4126 3549 10649 2957 3550 10650 2960 3550 10651 4117 3550 10652 2960 3551 10653 4113 3551 10654 4117 3551 10655 4110 3552 10656 4107 3552 10657 4109 3552 10658 4106 3553 10659 4109 3553 10660 4107 3553 10661 3979 3554 10662 2959 3554 10663 2954 3554 10664 2934 3555 10665 2930 3555 10666 2925 3555 10667 2930 3556 10668 2934 3556 10669 2932 3556 10670 2930 3557 10671 2928 3557 10672 2925 3557 10673 2912 3558 10674 2922 3558 10675 2927 3558 10676 2923 3559 10677 2922 3559 10678 2920 3559 10679 2916 3560 10680 2880 3560 10681 2878 3560 10682 2920 3561 10683 2919 3561 10684 2923 3561 10685 2880 3562 10686 2916 3562 10687 2907 3562 10688 2904 3563 10689 2909 3563 10690 2902 3563 10691 2909 3564 10692 2904 3564 10693 2908 3564 10694 2900 3565 10695 2902 3565 10696 2909 3565 10697 2907 3566 10698 2882 3566 10699 2880 3566 10700 2884 3567 10701 2883 3567 10702 2903 3567 10703 2891 3568 10704 2903 3568 10705 2896 3568 10706 2890 3569 10707 2903 3569 10708 2891 3569 10709 2903 3570 10710 2890 3570 10711 2884 3570 10712 2898 3571 10713 2901 3571 10714 3856 3571 10715 2801 3572 10716 2806 3572 10717 2895 3572 10718 2895 3573 10719 3858 3573 10720 2801 3573 10721 2884 3574 10722 2888 3574 10723 2886 3574 10724 2885 3575 10725 2849 3575 10726 4128 3575 10727 2850 3576 10728 4128 3576 10729 2849 3576 10730 4128 3577 10731 4129 3577 10732 2885 3577 10733 4128 3578 10734 2850 3578 10735 4129 3578 10736 2850 3579 10737 2876 3579 10738 4129 3579 10739 2877 3580 10740 4129 3580 10741 2876 3580 10742 2877 3581 10743 2881 3581 10744 4129 3581 10745 2850 3582 10746 4130 3582 10747 2876 3582 10748 2876 3583 10749 4130 3583 10750 2866 3583 10751 2866 3584 10752 4130 3584 10753 2861 3584 10754 2859 3585 10755 2856 3585 10756 2867 3585 10757 2859 3586 10758 2867 3586 10759 2864 3586 10760 2861 3587 10761 4130 3587 10762 2854 3587 10763 2631 3588 10764 2632 3588 10765 4013 3588 10766 2631 3589 10767 4013 3589 10768 4131 3589 10769 4132 3590 10770 2631 3590 10771 4131 3590 10772 4132 3591 10773 2847 3591 10774 4133 3591 10775 4133 3592 10776 2631 3592 10777 4132 3592 10778 2742 3593 10779 4134 3593 10780 4133 3593 10781 4133 3594 10782 4134 3594 10783 2631 3594 10784 4133 3595 10785 2847 3595 10786 2742 3595 10787 4134 3596 10788 4135 3596 10789 2631 3596 10790 4135 3597 10791 4137 3597 10792 4136 3597 10793 4134 3598 10794 4137 3598 10795 4135 3598 10796 4134 3599 10797 2737 3599 10798 4137 3599 10799 4137 3600 10800 2612 3600 10801 4136 3600 10802 2612 3601 10803 2592 3601 10804 4136 3601 10805 2737 3602 10806 4134 3602 10807 2742 3602 10808 2805 3603 10809 2806 3603 10810 2801 3603 10811 2786 3604 10812 2802 3604 10813 2798 3604 10814 2775 3605 10815 2797 3605 10816 2788 3605 10817 2789 3606 10818 2788 3606 10819 2794 3606 10820 2783 3607 10821 4139 3607 10822 4138 3607 10823 2783 3608 10824 2781 3608 10825 4139 3608 10826 4139 3609 10827 2781 3609 10828 4140 3609 10829 4139 3610 10830 2757 3610 10831 4138 3610 10832 2780 3611 10833 4140 3611 10834 2781 3611 10835 2780 3612 10836 2766 3612 10837 4140 3612 10838 4140 3613 10839 2766 3613 10840 2759 3613 10841 2759 3614 10842 2766 3614 10843 2761 3614 10844 2761 3615 10845 2766 3615 10846 2762 3615 10847 2761 3616 10848 2758 3616 10849 2759 3616 10850 2777 3617 10851 2766 3617 10852 2780 3617 10853 2769 3618 10854 2766 3618 10855 2777 3618 10856 2768 3619 10857 2766 3619 10858 2769 3619 10859 4139 3620 10860 4140 3620 10861 2759 3620 10862 2781 3621 10863 2783 3621 10864 2782 3621 10865 2713 3622 10866 2715 3622 10867 4141 3622 10868 2615 3623 10869 2735 3623 10870 2620 3623 10871 2754 3624 10872 2716 3624 10873 2721 3624 10874 2720 3625 10875 2733 3625 10876 2721 3625 10877 2723 3626 10878 2696 3626 10879 2697 3626 10880 2713 3627 10881 2712 3627 10882 2715 3627 10883 2710 3628 10884 2711 3628 10885 3510 3628 10886 2699 3629 10887 2688 3629 10888 2698 3629 10889 2689 3630 10890 2688 3630 10891 2699 3630 10892 2669 3631 10893 2660 3631 10894 2659 3631 10895 2662 3632 10896 2658 3632 10897 2657 3632 10898 2647 3633 10899 2655 3633 10900 4142 3633 10901 4142 3634 10902 2655 3634 10903 3687 3634 10904 3687 3635 10905 2653 3635 10906 4142 3635 10907 2624 3636 10908 2652 3636 10909 2623 3636 10910 2652 3637 10911 3686 3637 10912 2623 3637 10913 4142 3638 10914 2649 3638 10915 2648 3638 10916 2626 3639 10917 2628 3639 10918 2650 3639 10919 2650 3640 10920 2628 3640 10921 2646 3640 10922 2646 3641 10923 2647 3641 10924 2650 3641 10925 2650 3642 10926 2647 3642 10927 2648 3642 10928 2647 3643 10929 2646 3643 10930 3947 3643 10931 2639 3644 10932 2628 3644 10933 2627 3644 10934 2591 3645 10935 4136 3645 10936 2592 3645 10937 2614 3646 10938 3703 3646 10939 3763 3646 10940 2607 3647 10941 2610 3647 10942 2614 3647 10943 2588 3648 10944 2592 3648 10945 2608 3648 10946 2606 3649 10947 2588 3649 10948 2608 3649 10949 2604 3650 10950 2588 3650 10951 2606 3650 10952 2599 3651 10953 2598 3651 10954 2601 3651 10955 2578 3652 10956 2582 3652 10957 2575 3652 10958 2570 3653 10959 2564 3653 10960 2568 3653 10961 2532 3654 10962 2564 3654 10963 2570 3654 10964 2565 3655 10965 2568 3655 10966 2564 3655 10967 2564 3656 10968 2532 3656 10969 2535 3656 10970 2517 3657 10971 2519 3657 10972 2527 3657 10973 2504 3658 10974 2520 3658 10975 2522 3658 10976 2504 3659 10977 2514 3659 10978 2520 3659 10979 2504 3660 10980 2508 3660 10981 2513 3660 10982 210 3661 10983 208 3661 10984 209 3661 10985 209 3662 10986 208 3662 10987 212 3662 10988 211 3663 10989 208 3663 10990 210 3663 10991 211 3664 10992 213 3664 10993 208 3664 10994 215 3665 10995 212 3665 10996 208 3665 10997 213 3666 10998 214 3666 10999 208 3666 11000 215 3667 11001 208 3667 11002 214 3667 11003 790 3668 11004 214 3668 11005 213 3668 11006 217 3669 11007 215 3669 11008 216 3669 11009 215 3670 11010 214 3670 11011 216 3670 11012 219 3671 11013 218 3671 11014 217 3671 11015 217 3672 11016 218 3672 11017 215 3672 11018 219 3673 11019 221 3673 11020 220 3673 11021 221 3674 11022 219 3674 11023 223 3674 11024 219 3675 11025 222 3675 11026 223 3675 11027 217 3676 11028 222 3676 11029 219 3676 11030 224 3677 11031 223 3677 11032 222 3677 11033 225 3678 11034 223 3678 11035 224 3678 11036 223 3679 11037 225 3679 11038 221 3679 11039 227 3680 11040 225 3680 11041 226 3680 11042 224 3681 11043 226 3681 11044 225 3681 11045 225 3682 11046 227 3682 11047 221 3682 11048 220 3683 11049 221 3683 11050 227 3683 11051 228 3684 11052 220 3684 11053 227 3684 11054 227 3685 11055 226 3685 11056 228 3685 11057 228 3686 11058 229 3686 11059 220 3686 11060 229 3687 11061 231 3687 11062 902 3687 11063 231 3688 11064 229 3688 11065 230 3688 11066 229 3689 11067 764 3689 11068 230 3689 11069 229 3690 11070 228 3690 11071 764 3690 11072 232 3691 11073 233 3691 11074 231 3691 11075 902 3692 11076 231 3692 11077 233 3692 11078 235 3693 11079 902 3693 11080 233 3693 11081 234 3694 11082 233 3694 11083 232 3694 11084 234 3695 11085 235 3695 11086 233 3695 11087 234 3696 11088 236 3696 11089 235 3696 11090 283 3697 11091 235 3697 11092 236 3697 11093 902 3698 11094 235 3698 11095 283 3698 11096 237 3699 11097 283 3699 11098 236 3699 11099 238 3700 11100 237 3700 11101 236 3700 11102 238 3701 11103 236 3701 11104 234 3701 11105 238 3702 11106 240 3702 11107 237 3702 11108 239 3703 11109 238 3703 11110 234 3703 11111 239 3704 11112 243 3704 11113 238 3704 11114 241 3705 11115 240 3705 11116 238 3705 11117 238 3706 11118 243 3706 11119 241 3706 11120 243 3707 11121 246 3707 11122 245 3707 11123 243 3708 11124 242 3708 11125 246 3708 11126 239 3709 11127 242 3709 11128 243 3709 11129 247 3710 11130 244 3710 11131 245 3710 11132 246 3711 11133 247 3711 11134 245 3711 11135 246 3712 11136 248 3712 11137 247 3712 11138 247 3713 11139 248 3713 11140 256 3713 11141 250 3714 11142 248 3714 11143 249 3714 11144 250 3715 11145 249 3715 11146 251 3715 11147 252 3716 11148 253 3716 11149 250 3716 11150 253 3717 11151 254 3717 11152 256 3717 11153 256 3718 11154 254 3718 11155 255 3718 11156 998 3719 11157 256 3719 11158 255 3719 11159 998 3720 11160 255 3720 11161 997 3720 11162 257 3721 11163 256 3721 11164 998 3721 11165 258 3722 11166 997 3722 11167 255 3722 11168 254 3723 11169 258 3723 11170 255 3723 11171 254 3724 11172 259 3724 11173 258 3724 11174 258 3725 11175 259 3725 11176 260 3725 11177 262 3726 11178 260 3726 11179 259 3726 11180 262 3727 11181 261 3727 11182 260 3727 11183 263 3728 11184 261 3728 11185 262 3728 11186 261 3729 11187 268 3729 11188 271 3729 11189 263 3730 11190 268 3730 11191 261 3730 11192 336 3731 11193 263 3731 11194 264 3731 11195 263 3732 11196 336 3732 11197 268 3732 11198 336 3733 11199 265 3733 11200 268 3733 11201 265 3734 11202 266 3734 11203 270 3734 11204 265 3735 11205 336 3735 11206 266 3735 11207 267 3736 11208 265 3736 11209 272 3736 11210 265 3737 11211 267 3737 11212 273 3737 11213 268 3738 11214 265 3738 11215 271 3738 11216 272 3739 11217 265 3739 11218 269 3739 11219 269 3740 11220 265 3740 11221 270 3740 11222 271 3741 11223 265 3741 11224 273 3741 11225 273 3742 11226 267 3742 11227 276 3742 11228 274 3743 11229 273 3743 11230 276 3743 11231 273 3744 11232 274 3744 11233 275 3744 11234 271 3745 11235 273 3745 11236 275 3745 11237 277 3746 11238 276 3746 11239 267 3746 11240 276 3747 11241 278 3747 11242 274 3747 11243 278 3748 11244 276 3748 11245 277 3748 11246 277 3749 11247 309 3749 11248 278 3749 11249 279 3750 11250 1004 3750 11251 278 3750 11252 278 3751 11253 1004 3751 11254 274 3751 11255 278 3752 11256 309 3752 11257 279 3752 11258 279 3753 11259 280 3753 11260 281 3753 11261 281 3754 11262 280 3754 11263 282 3754 11264 281 3755 11265 282 3755 11266 284 3755 11267 284 3756 11268 285 3756 11269 283 3756 11270 284 3757 11271 282 3757 11272 285 3757 11273 287 3758 11274 285 3758 11275 282 3758 11276 288 3759 11277 286 3759 11278 285 3759 11279 283 3760 11280 285 3760 11281 286 3760 11282 285 3761 11283 287 3761 11284 288 3761 11285 290 3762 11286 289 3762 11287 288 3762 11288 286 3763 11289 288 3763 11290 289 3763 11291 288 3764 11292 287 3764 11293 290 3764 11294 287 3765 11295 898 3765 11296 290 3765 11297 898 3766 11298 289 3766 11299 290 3766 11300 898 3767 11301 287 3767 11302 291 3767 11303 898 3768 11304 291 3768 11305 292 3768 11306 898 3769 11307 292 3769 11308 897 3769 11309 292 3770 11310 294 3770 11311 897 3770 11312 291 3771 11313 294 3771 11314 292 3771 11315 293 3772 11316 294 3772 11317 291 3772 11318 294 3773 11319 295 3773 11320 896 3773 11321 987 3774 11322 295 3774 11323 294 3774 11324 987 3775 11325 294 3775 11326 293 3775 11327 296 3776 11328 985 3776 11329 297 3776 11330 298 3777 11331 985 3777 11332 296 3777 11333 945 3778 11334 298 3778 11335 300 3778 11336 298 3779 11337 299 3779 11338 300 3779 11339 298 3780 11340 296 3780 11341 299 3780 11342 300 3781 11343 299 3781 11344 301 3781 11345 300 3782 11346 301 3782 11347 302 3782 11348 299 3783 11349 303 3783 11350 301 3783 11351 303 3784 11352 304 3784 11353 305 3784 11354 307 3785 11355 305 3785 11356 304 3785 11357 306 3786 11358 304 3786 11359 303 3786 11360 304 3787 11361 306 3787 11362 307 3787 11363 310 3788 11364 307 3788 11365 309 3788 11366 310 3789 11367 308 3789 11368 307 3789 11369 307 3790 11370 308 3790 11371 305 3790 11372 307 3791 11373 306 3791 11374 309 3791 11375 277 3792 11376 310 3792 11377 309 3792 11378 277 3793 11379 312 3793 11380 310 3793 11381 310 3794 11382 312 3794 11383 311 3794 11384 310 3795 11385 311 3795 11386 308 3795 11387 313 3796 11388 311 3796 11389 312 3796 11390 312 3797 11391 314 3797 11392 313 3797 11393 277 3798 11394 272 3798 11395 312 3798 11396 314 3799 11397 312 3799 11398 269 3799 11399 312 3800 11400 272 3800 11401 269 3800 11402 269 3801 11403 270 3801 11404 314 3801 11405 314 3802 11406 315 3802 11407 316 3802 11408 314 3803 11409 270 3803 11410 315 3803 11411 316 3804 11412 315 3804 11413 266 3804 11414 316 3805 11415 317 3805 11416 313 3805 11417 316 3806 11418 313 3806 11419 314 3806 11420 319 3807 11421 316 3807 11422 341 3807 11423 318 3808 11424 341 3808 11425 316 3808 11426 318 3809 11427 316 3809 11428 266 3809 11429 317 3810 11430 316 3810 11431 319 3810 11432 957 3811 11433 317 3811 11434 319 3811 11435 957 3812 11436 319 3812 11437 323 3812 11438 319 3813 11439 320 3813 11440 321 3813 11441 322 3814 11442 319 3814 11443 321 3814 11444 323 3815 11445 319 3815 11446 322 3815 11447 959 3816 11448 323 3816 11449 322 3816 11450 322 3817 11451 321 3817 11452 959 3817 11453 324 3818 11454 323 3818 11455 959 3818 11456 959 3819 11457 321 3819 11458 325 3819 11459 344 3820 11460 325 3820 11461 326 3820 11462 344 3821 11463 954 3821 11464 325 3821 11465 954 3822 11466 344 3822 11467 327 3822 11468 954 3823 11469 327 3823 11470 328 3823 11471 329 3824 11472 327 3824 11473 344 3824 11474 329 3825 11475 344 3825 11476 343 3825 11477 330 3826 11478 264 3826 11479 331 3826 11480 329 3827 11481 332 3827 11482 330 3827 11483 330 3828 11484 332 3828 11485 264 3828 11486 343 3829 11487 332 3829 11488 329 3829 11489 333 3830 11490 264 3830 11491 332 3830 11492 333 3831 11493 332 3831 11494 343 3831 11495 334 3832 11496 333 3832 11497 343 3832 11498 336 3833 11499 334 3833 11500 335 3833 11501 336 3834 11502 333 3834 11503 334 3834 11504 266 3835 11505 336 3835 11506 335 3835 11507 335 3836 11508 334 3836 11509 339 3836 11510 337 3837 11511 339 3837 11512 334 3837 11513 339 3838 11514 337 3838 11515 338 3838 11516 266 3839 11517 335 3839 11518 339 3839 11519 266 3840 11520 339 3840 11521 318 3840 11522 318 3841 11523 339 3841 11524 338 3841 11525 340 3842 11526 341 3842 11527 338 3842 11528 341 3843 11529 340 3843 11530 320 3843 11531 341 3844 11532 320 3844 11533 319 3844 11534 338 3845 11535 337 3845 11536 340 3845 11537 340 3846 11538 326 3846 11539 320 3846 11540 321 3847 11541 326 3847 11542 325 3847 11543 326 3848 11544 321 3848 11545 320 3848 11546 340 3849 11547 337 3849 11548 342 3849 11549 340 3850 11550 342 3850 11551 326 3850 11552 326 3851 11553 342 3851 11554 343 3851 11555 342 3852 11556 334 3852 11557 343 3852 11558 342 3853 11559 337 3853 11560 334 3853 11561 344 3854 11562 326 3854 11563 343 3854 11564 341 3855 11565 318 3855 11566 338 3855 11567 336 3856 11568 264 3856 11569 333 3856 11570 331 3857 11571 263 3857 11572 345 3857 11573 331 3858 11574 264 3858 11575 263 3858 11576 345 3859 11577 346 3859 11578 331 3859 11579 347 3860 11580 349 3860 11581 346 3860 11582 346 3861 11583 345 3861 11584 347 3861 11585 346 3862 11586 330 3862 11587 331 3862 11588 346 3863 11589 327 3863 11590 329 3863 11591 327 3864 11592 346 3864 11593 348 3864 11594 346 3865 11595 329 3865 11596 330 3865 11597 346 3866 11598 350 3866 11599 348 3866 11600 346 3867 11601 349 3867 11602 350 3867 11603 349 3868 11604 640 3868 11605 350 3868 11606 350 3869 11607 640 3869 11608 351 3869 11609 348 3870 11610 350 3870 11611 351 3870 11612 366 3871 11613 640 3871 11614 352 3871 11615 352 3872 11616 640 3872 11617 359 3872 11618 367 3873 11619 640 3873 11620 353 3873 11621 353 3874 11622 640 3874 11623 360 3874 11624 354 3875 11625 640 3875 11626 357 3875 11627 368 3876 11628 640 3876 11629 354 3876 11630 370 3877 11631 640 3877 11632 355 3877 11633 355 3878 11634 640 3878 11635 358 3878 11636 371 3879 11637 640 3879 11638 356 3879 11639 356 3880 11640 640 3880 11641 362 3880 11642 357 3881 11643 640 3881 11644 369 3881 11645 358 3882 11646 640 3882 11647 361 3882 11648 360 3883 11649 640 3883 11650 365 3883 11651 361 3884 11652 640 3884 11653 363 3884 11654 362 3885 11655 640 3885 11656 364 3885 11657 363 3886 11658 640 3886 11659 349 3886 11660 364 3887 11661 640 3887 11662 366 3887 11663 365 3888 11664 640 3888 11665 368 3888 11666 351 3889 11667 640 3889 11668 371 3889 11669 369 3890 11670 640 3890 11671 370 3890 11672 372 3891 11673 351 3891 11674 371 3891 11675 373 3892 11676 371 3892 11677 356 3892 11678 372 3893 11679 371 3893 11680 373 3893 11681 373 3894 11682 356 3894 11683 374 3894 11684 378 3895 11685 373 3895 11686 374 3895 11687 373 3896 11688 375 3896 11689 372 3896 11690 373 3897 11691 377 3897 11692 376 3897 11693 375 3898 11694 373 3898 11695 376 3898 11696 373 3899 11697 378 3899 11698 377 3899 11699 404 3900 11700 969 3900 11701 379 3900 11702 379 3901 11703 378 3901 11704 380 3901 11705 402 3902 11706 380 3902 11707 396 3902 11708 402 3903 11709 379 3903 11710 380 3903 11711 378 3904 11712 972 3904 11713 380 3904 11714 972 3905 11715 381 3905 11716 380 3905 11717 382 3906 11718 396 3906 11719 380 3906 11720 380 3907 11721 381 3907 11722 382 3907 11723 383 3908 11724 382 3908 11725 384 3908 11726 382 3909 11727 381 3909 11728 384 3909 11729 386 3910 11730 384 3910 11731 381 3910 11732 385 3911 11733 384 3911 11734 386 3911 11735 386 3912 11736 387 3912 11737 385 3912 11738 385 3913 11739 387 3913 11740 388 3913 11741 389 3914 11742 390 3914 11743 388 3914 11744 388 3915 11745 390 3915 11746 385 3915 11747 389 3916 11748 596 3916 11749 390 3916 11750 596 3917 11751 598 3917 11752 390 3917 11753 390 3918 11754 971 3918 11755 385 3918 11756 390 3919 11757 598 3919 11758 971 3919 11759 971 3920 11760 598 3920 11761 918 3920 11762 971 3921 11763 918 3921 11764 391 3921 11765 391 3922 11766 393 3922 11767 392 3922 11768 403 3923 11769 391 3923 11770 392 3923 11771 397 3924 11772 392 3924 11773 394 3924 11774 397 3925 11775 395 3925 11776 403 3925 11777 396 3926 11778 382 3926 11779 395 3926 11780 395 3927 11781 397 3927 11782 396 3927 11783 394 3928 11784 398 3928 11785 397 3928 11786 398 3929 11787 399 3929 11788 397 3929 11789 397 3930 11790 399 3930 11791 396 3930 11792 398 3931 11793 400 3931 11794 399 3931 11795 400 3932 11796 406 3932 11797 399 3932 11798 399 3933 11799 406 3933 11800 405 3933 11801 399 3934 11802 405 3934 11803 401 3934 11804 402 3935 11805 399 3935 11806 401 3935 11807 402 3936 11808 396 3936 11809 399 3936 11810 397 3937 11811 403 3937 11812 392 3937 11813 383 3938 11814 403 3938 11815 395 3938 11816 395 3939 11817 382 3939 11818 383 3939 11819 401 3940 11820 404 3940 11821 402 3940 11822 401 3941 11823 407 3941 11824 404 3941 11825 401 3942 11826 405 3942 11827 407 3942 11828 406 3943 11829 407 3943 11830 405 3943 11831 408 3944 11832 969 3944 11833 407 3944 11834 967 3945 11835 969 3945 11836 408 3945 11837 409 3946 11838 967 3946 11839 408 3946 11840 409 3947 11841 408 3947 11842 410 3947 11843 409 3948 11844 410 3948 11845 411 3948 11846 408 3949 11847 407 3949 11848 410 3949 11849 410 3950 11850 407 3950 11851 406 3950 11852 412 3951 11853 411 3951 11854 410 3951 11855 410 3952 11856 400 3952 11857 412 3952 11858 398 3953 11859 412 3953 11860 400 3953 11861 412 3954 11862 398 3954 11863 413 3954 11864 414 3955 11865 415 3955 11866 413 3955 11867 413 3956 11868 415 3956 11869 412 3956 11870 411 3957 11871 412 3957 11872 415 3957 11873 415 3958 11874 414 3958 11875 416 3958 11876 416 3959 11877 411 3959 11878 415 3959 11879 416 3960 11880 409 3960 11881 411 3960 11882 409 3961 11883 416 3961 11884 417 3961 11885 414 3962 11886 417 3962 11887 416 3962 11888 414 3963 11889 420 3963 11890 417 3963 11891 417 3964 11892 419 3964 11893 418 3964 11894 419 3965 11895 417 3965 11896 420 3965 11897 419 3966 11898 317 3966 11899 418 3966 11900 420 3967 11901 414 3967 11902 421 3967 11903 313 3968 11904 419 3968 11905 422 3968 11906 929 3969 11907 419 3969 11908 420 3969 11909 424 3970 11910 419 3970 11911 929 3970 11912 422 3971 11913 419 3971 11914 423 3971 11915 419 3972 11916 424 3972 11917 423 3972 11918 426 3973 11919 423 3973 11920 424 3973 11921 424 3974 11922 425 3974 11923 426 3974 11924 425 3975 11925 427 3975 11926 426 3975 11927 427 3976 11928 423 3976 11929 426 3976 11930 428 3977 11931 427 3977 11932 430 3977 11933 428 3978 11934 423 3978 11935 427 3978 11936 430 3979 11937 427 3979 11938 429 3979 11939 432 3980 11940 429 3980 11941 427 3980 11942 432 3981 11943 427 3981 11944 425 3981 11945 429 3982 11946 432 3982 11947 431 3982 11948 425 3983 11949 433 3983 11950 432 3983 11951 433 3984 11952 436 3984 11953 432 3984 11954 436 3985 11955 434 3985 11956 431 3985 11957 431 3986 11958 432 3986 11959 436 3986 11960 434 3987 11961 429 3987 11962 431 3987 11963 434 3988 11964 430 3988 11965 429 3988 11966 435 3989 11967 430 3989 11968 434 3989 11969 435 3990 11970 434 3990 11971 437 3990 11972 437 3991 11973 434 3991 11974 436 3991 11975 437 3992 11976 559 3992 11977 435 3992 11978 435 3993 11979 559 3993 11980 530 3993 11981 438 3994 11982 435 3994 11983 530 3994 11984 438 3995 11985 439 3995 11986 556 3995 11987 438 3996 11988 530 3996 11989 439 3996 11990 440 3997 11991 444 3997 11992 438 3997 11993 438 3998 11994 441 3998 11995 440 3998 11996 438 3999 11997 442 3999 11998 441 3999 11999 443 4000 12000 438 4000 12001 855 4000 12002 438 4001 12003 556 4001 12004 442 4001 12005 443 4002 12006 435 4002 12007 438 4002 12008 855 4003 12009 438 4003 12010 445 4003 12011 444 4004 12012 451 4004 12013 438 4004 12014 438 4005 12015 451 4005 12016 445 4005 12017 855 4006 12018 445 4006 12019 446 4006 12020 447 4007 12021 445 4007 12022 451 4007 12023 445 4008 12024 447 4008 12025 446 4008 12026 448 4009 12027 854 4009 12028 447 4009 12029 447 4010 12030 854 4010 12031 446 4010 12032 448 4011 12033 449 4011 12034 839 4011 12035 448 4012 12036 447 4012 12037 449 4012 12038 451 4013 12039 449 4013 12040 447 4013 12041 449 4014 12042 451 4014 12043 450 4014 12044 451 4015 12045 452 4015 12046 450 4015 12047 455 4016 12048 453 4016 12049 452 4016 12050 453 4017 12051 454 4017 12052 452 4017 12053 454 4018 12054 450 4018 12055 452 4018 12056 444 4019 12057 452 4019 12058 451 4019 12059 455 4020 12060 452 4020 12061 444 4020 12062 453 4021 12063 455 4021 12064 457 4021 12065 455 4022 12066 444 4022 12067 440 4022 12068 456 4023 12069 455 4023 12070 440 4023 12071 457 4024 12072 455 4024 12073 456 4024 12074 458 4025 12075 457 4025 12076 456 4025 12077 459 4026 12078 457 4026 12079 458 4026 12080 463 4027 12081 459 4027 12082 458 4027 12083 458 4028 12084 462 4028 12085 463 4028 12086 458 4029 12087 456 4029 12088 462 4029 12089 456 4030 12090 460 4030 12091 462 4030 12092 441 4031 12093 461 4031 12094 460 4031 12095 460 4032 12096 461 4032 12097 462 4032 12098 440 4033 12099 460 4033 12100 456 4033 12101 440 4034 12102 441 4034 12103 460 4034 12104 463 4035 12105 461 4035 12106 464 4035 12107 461 4036 12108 463 4036 12109 462 4036 12110 464 4037 12111 829 4037 12112 463 4037 12113 464 4038 12114 442 4038 12115 465 4038 12116 465 4039 12117 466 4039 12118 828 4039 12119 827 4040 12120 466 4040 12121 467 4040 12122 467 4041 12123 466 4041 12124 468 4041 12125 466 4042 12126 827 4042 12127 828 4042 12128 442 4043 12129 466 4043 12130 465 4043 12131 442 4044 12132 468 4044 12133 466 4044 12134 470 4045 12135 468 4045 12136 469 4045 12137 468 4046 12138 556 4046 12139 469 4046 12140 442 4047 12141 556 4047 12142 468 4047 12143 467 4048 12144 468 4048 12145 471 4048 12146 471 4049 12147 468 4049 12148 470 4049 12149 472 4050 12150 467 4050 12151 471 4050 12152 472 4051 12153 471 4051 12154 473 4051 12155 473 4052 12156 471 4052 12157 470 4052 12158 499 4053 12159 472 4053 12160 473 4053 12161 499 4054 12162 473 4054 12163 474 4054 12164 474 4055 12165 473 4055 12166 475 4055 12167 473 4056 12168 470 4056 12169 475 4056 12170 475 4057 12171 477 4057 12172 476 4057 12173 476 4058 12174 474 4058 12175 475 4058 12176 475 4059 12177 470 4059 12178 477 4059 12179 479 4060 12180 476 4060 12181 477 4060 12182 469 4061 12183 477 4061 12184 470 4061 12185 477 4062 12186 469 4062 12187 479 4062 12188 479 4063 12189 469 4063 12190 478 4063 12191 480 4064 12192 479 4064 12193 478 4064 12194 479 4065 12195 481 4065 12196 476 4065 12197 481 4066 12198 479 4066 12199 480 4066 12200 482 4067 12201 483 4067 12202 481 4067 12203 482 4068 12204 481 4068 12205 480 4068 12206 483 4069 12207 484 4069 12208 481 4069 12209 483 4070 12210 537 4070 12211 486 4070 12212 482 4071 12213 537 4071 12214 483 4071 12215 484 4072 12216 483 4072 12217 485 4072 12218 485 4073 12219 483 4073 12220 486 4073 12221 541 4074 12222 486 4074 12223 487 4074 12224 486 4075 12225 537 4075 12226 487 4075 12227 541 4076 12228 485 4076 12229 486 4076 12230 541 4077 12231 487 4077 12232 538 4077 12233 541 4078 12234 488 4078 12235 489 4078 12236 485 4079 12237 541 4079 12238 489 4079 12239 490 4080 12240 485 4080 12241 489 4080 12242 489 4081 12243 488 4081 12244 490 4081 12245 491 4082 12246 485 4082 12247 490 4082 12248 490 4083 12249 492 4083 12250 491 4083 12251 492 4084 12252 490 4084 12253 488 4084 12254 495 4085 12255 491 4085 12256 492 4085 12257 492 4086 12258 488 4086 12259 493 4086 12260 492 4087 12261 493 4087 12262 494 4087 12263 496 4088 12264 491 4088 12265 495 4088 12266 498 4089 12267 497 4089 12268 496 4089 12269 496 4090 12270 497 4090 12271 491 4090 12272 499 4091 12273 474 4091 12274 498 4091 12275 498 4092 12276 474 4092 12277 497 4092 12278 499 4093 12279 656 4093 12280 500 4093 12281 499 4094 12282 651 4094 12283 501 4094 12284 499 4095 12285 502 4095 12286 651 4095 12287 502 4096 12288 499 4096 12289 498 4096 12290 656 4097 12291 499 4097 12292 501 4097 12293 502 4098 12294 503 4098 12295 651 4098 12296 502 4099 12297 618 4099 12298 503 4099 12299 618 4100 12300 505 4100 12301 504 4100 12302 505 4101 12303 618 4101 12304 502 4101 12305 502 4102 12306 498 4102 12307 505 4102 12308 498 4103 12309 506 4103 12310 505 4103 12311 504 4104 12312 505 4104 12313 506 4104 12314 496 4105 12315 506 4105 12316 498 4105 12317 506 4106 12318 496 4106 12319 507 4106 12320 507 4107 12321 504 4107 12322 506 4107 12323 496 4108 12324 509 4108 12325 507 4108 12326 504 4109 12327 507 4109 12328 508 4109 12329 508 4110 12330 507 4110 12331 509 4110 12332 495 4111 12333 509 4111 12334 496 4111 12335 509 4112 12336 495 4112 12337 510 4112 12338 510 4113 12339 508 4113 12340 509 4113 12341 495 4114 12342 512 4114 12343 510 4114 12344 508 4115 12345 510 4115 12346 511 4115 12347 511 4116 12348 510 4116 12349 512 4116 12350 512 4117 12351 514 4117 12352 513 4117 12353 511 4118 12354 512 4118 12355 513 4118 12356 514 4119 12357 512 4119 12358 495 4119 12359 495 4120 12360 492 4120 12361 514 4120 12362 514 4121 12363 492 4121 12364 494 4121 12365 494 4122 12366 611 4122 12367 514 4122 12368 514 4123 12369 611 4123 12370 513 4123 12371 494 4124 12372 516 4124 12373 515 4124 12374 494 4125 12375 518 4125 12376 516 4125 12377 515 4126 12378 516 4126 12379 517 4126 12380 516 4127 12381 519 4127 12382 517 4127 12383 554 4128 12384 516 4128 12385 518 4128 12386 519 4129 12387 516 4129 12388 554 4129 12389 519 4130 12390 522 4130 12391 520 4130 12392 520 4131 12393 517 4131 12394 519 4131 12395 522 4132 12396 519 4132 12397 521 4132 12398 522 4133 12399 926 4133 12400 520 4133 12401 926 4134 12402 522 4134 12403 523 4134 12404 522 4135 12405 526 4135 12406 523 4135 12407 552 4136 12408 522 4136 12409 521 4136 12410 533 4137 12411 522 4137 12412 552 4137 12413 533 4138 12414 526 4138 12415 522 4138 12416 526 4139 12417 533 4139 12418 525 4139 12419 525 4140 12420 524 4140 12421 526 4140 12422 525 4141 12423 531 4141 12424 524 4141 12425 531 4142 12426 924 4142 12427 524 4142 12428 531 4143 12429 527 4143 12430 924 4143 12431 527 4144 12432 528 4144 12433 924 4144 12434 527 4145 12435 529 4145 12436 528 4145 12437 527 4146 12438 530 4146 12439 529 4146 12440 527 4147 12441 531 4147 12442 532 4147 12443 532 4148 12444 530 4148 12445 527 4148 12446 531 4149 12447 533 4149 12448 532 4149 12449 439 4150 12450 530 4150 12451 532 4150 12452 439 4151 12453 532 4151 12454 535 4151 12455 534 4152 12456 536 4152 12457 439 4152 12458 439 4153 12459 535 4153 12460 534 4153 12461 540 4154 12462 537 4154 12463 536 4154 12464 536 4155 12465 534 4155 12466 540 4155 12467 540 4156 12468 539 4156 12469 538 4156 12470 534 4157 12471 539 4157 12472 540 4157 12473 540 4158 12474 538 4158 12475 537 4158 12476 487 4159 12477 537 4159 12478 538 4159 12479 541 4160 12480 539 4160 12481 544 4160 12482 539 4161 12483 541 4161 12484 538 4161 12485 543 4162 12486 539 4162 12487 542 4162 12488 534 4163 12489 542 4163 12490 539 4163 12491 544 4164 12492 539 4164 12493 543 4164 12494 544 4165 12495 493 4165 12496 488 4165 12497 544 4166 12498 488 4166 12499 541 4166 12500 493 4167 12501 544 4167 12502 545 4167 12503 545 4168 12504 544 4168 12505 543 4168 12506 494 4169 12507 493 4169 12508 545 4169 12509 545 4170 12510 543 4170 12511 546 4170 12512 545 4171 12513 546 4171 12514 518 4171 12515 494 4172 12516 545 4172 12517 518 4172 12518 547 4173 12519 548 4173 12520 546 4173 12521 543 4174 12522 547 4174 12523 546 4174 12524 518 4175 12525 546 4175 12526 548 4175 12527 518 4176 12528 548 4176 12529 554 4176 12530 549 4177 12531 554 4177 12532 548 4177 12533 548 4178 12534 547 4178 12535 549 4178 12536 550 4179 12537 553 4179 12538 549 4179 12539 549 4180 12540 547 4180 12541 550 4180 12542 553 4181 12543 550 4181 12544 552 4181 12545 550 4182 12546 551 4182 12547 552 4182 12548 547 4183 12549 551 4183 12550 550 4183 12551 552 4184 12552 551 4184 12553 533 4184 12554 554 4185 12555 553 4185 12556 521 4185 12557 552 4186 12558 521 4186 12559 553 4186 12560 554 4187 12561 521 4187 12562 519 4187 12563 553 4188 12564 554 4188 12565 549 4188 12566 535 4189 12567 533 4189 12568 551 4189 12569 547 4190 12570 535 4190 12571 551 4190 12572 543 4191 12573 542 4191 12574 547 4191 12575 542 4192 12576 535 4192 12577 547 4192 12578 534 4193 12579 535 4193 12580 542 4193 12581 537 4194 12582 555 4194 12583 536 4194 12584 557 4195 12585 556 4195 12586 555 4195 12587 439 4196 12588 555 4196 12589 556 4196 12590 536 4197 12591 555 4197 12592 439 4197 12593 557 4198 12594 555 4198 12595 482 4198 12596 482 4199 12597 558 4199 12598 557 4199 12599 558 4200 12600 556 4200 12601 557 4200 12602 478 4201 12603 556 4201 12604 558 4201 12605 558 4202 12606 482 4202 12607 480 4202 12608 558 4203 12609 480 4203 12610 478 4203 12611 469 4204 12612 556 4204 12613 478 4204 12614 482 4205 12615 555 4205 12616 537 4205 12617 533 4206 12618 535 4206 12619 532 4206 12620 533 4207 12621 531 4207 12622 525 4207 12623 569 4208 12624 530 4208 12625 562 4208 12626 561 4209 12627 530 4209 12628 569 4209 12629 559 4210 12630 562 4210 12631 530 4210 12632 560 4211 12633 564 4211 12634 559 4211 12635 564 4212 12636 562 4212 12637 559 4212 12638 560 4213 12639 565 4213 12640 564 4213 12641 564 4214 12642 565 4214 12643 563 4214 12644 565 4215 12645 566 4215 12646 563 4215 12647 570 4216 12648 563 4216 12649 566 4216 12650 563 4217 12651 570 4217 12652 569 4217 12653 567 4218 12654 570 4218 12655 568 4218 12656 570 4219 12657 566 4219 12658 568 4219 12659 570 4220 12660 567 4220 12661 571 4220 12662 571 4221 12663 561 4221 12664 570 4221 12665 570 4222 12666 561 4222 12667 569 4222 12668 567 4223 12669 572 4223 12670 571 4223 12671 561 4224 12672 571 4224 12673 572 4224 12674 529 4225 12675 572 4225 12676 573 4225 12677 574 4226 12678 573 4226 12679 572 4226 12680 574 4227 12681 572 4227 12682 567 4227 12683 561 4228 12684 572 4228 12685 529 4228 12686 575 4229 12687 576 4229 12688 574 4229 12689 567 4230 12690 575 4230 12691 574 4230 12692 576 4231 12693 573 4231 12694 574 4231 12695 577 4232 12696 576 4232 12697 398 4232 12698 577 4233 12699 578 4233 12700 576 4233 12701 578 4234 12702 573 4234 12703 576 4234 12704 575 4235 12705 398 4235 12706 576 4235 12707 577 4236 12708 398 4236 12709 579 4236 12710 413 4237 12711 398 4237 12712 575 4237 12713 580 4238 12714 577 4238 12715 579 4238 12716 581 4239 12717 582 4239 12718 580 4239 12719 580 4240 12720 582 4240 12721 577 4240 12722 581 4241 12723 584 4241 12724 515 4241 12725 580 4242 12726 585 4242 12727 581 4242 12728 584 4243 12729 581 4243 12730 583 4243 12731 581 4244 12732 585 4244 12733 583 4244 12734 587 4245 12735 583 4245 12736 585 4245 12737 585 4246 12738 580 4246 12739 586 4246 12740 586 4247 12741 587 4247 12742 585 4247 12743 583 4248 12744 587 4248 12745 591 4248 12746 588 4249 12747 587 4249 12748 589 4249 12749 588 4250 12750 590 4250 12751 587 4250 12752 586 4251 12753 589 4251 12754 587 4251 12755 587 4252 12756 590 4252 12757 591 4252 12758 583 4253 12759 591 4253 12760 584 4253 12761 592 4254 12762 591 4254 12763 590 4254 12764 591 4255 12765 592 4255 12766 584 4255 12767 590 4256 12768 593 4256 12769 607 4256 12770 594 4257 12771 593 4257 12772 590 4257 12773 607 4258 12774 593 4258 12775 606 4258 12776 590 4259 12777 595 4259 12778 594 4259 12779 590 4260 12780 597 4260 12781 595 4260 12782 597 4261 12783 596 4261 12784 595 4261 12785 597 4262 12786 588 4262 12787 598 4262 12788 588 4263 12789 597 4263 12790 590 4263 12791 596 4264 12792 597 4264 12793 598 4264 12794 595 4265 12795 596 4265 12796 599 4265 12797 604 4266 12798 599 4266 12799 602 4266 12800 595 4267 12801 599 4267 12802 604 4267 12803 602 4268 12804 599 4268 12805 634 4268 12806 634 4269 12807 599 4269 12808 600 4269 12809 600 4270 12810 599 4270 12811 596 4270 12812 634 4271 12813 601 4271 12814 602 4271 12815 602 4272 12816 601 4272 12817 628 4272 12818 601 4273 12819 627 4273 12820 628 4273 12821 602 4274 12822 628 4274 12823 603 4274 12824 603 4275 12825 604 4275 12826 602 4275 12827 603 4276 12828 605 4276 12829 604 4276 12830 593 4277 12831 605 4277 12832 606 4277 12833 609 4278 12834 608 4278 12835 606 4278 12836 610 4279 12837 608 4279 12838 609 4279 12839 610 4280 12840 605 4280 12841 603 4280 12842 609 4281 12843 605 4281 12844 610 4281 12845 603 4282 12846 628 4282 12847 610 4282 12848 628 4283 12849 627 4283 12850 610 4283 12851 624 4284 12852 913 4284 12853 621 4284 12854 624 4285 12855 625 4285 12856 913 4285 12857 913 4286 12858 625 4286 12859 626 4286 12860 611 4287 12861 494 4287 12862 612 4287 12863 611 4288 12864 612 4288 12865 613 4288 12866 615 4289 12867 611 4289 12868 626 4289 12869 611 4290 12870 615 4290 12871 614 4290 12872 511 4291 12873 513 4291 12874 614 4291 12875 614 4292 12876 513 4292 12877 611 4292 12878 616 4293 12879 511 4293 12880 614 4293 12881 614 4294 12882 615 4294 12883 616 4294 12884 616 4295 12885 617 4295 12886 629 4295 12887 619 4296 12888 616 4296 12889 629 4296 12890 616 4297 12891 615 4297 12892 617 4297 12893 616 4298 12894 618 4298 12895 508 4298 12896 616 4299 12897 910 4299 12898 618 4299 12899 910 4300 12900 616 4300 12901 911 4300 12902 911 4301 12903 616 4301 12904 619 4301 12905 616 4302 12906 508 4302 12907 511 4302 12908 620 4303 12909 911 4303 12910 619 4303 12911 620 4304 12912 619 4304 12913 622 4304 12914 643 4305 12915 911 4305 12916 620 4305 12917 638 4306 12918 643 4306 12919 620 4306 12920 638 4307 12921 620 4307 12922 637 4307 12923 631 4308 12924 637 4308 12925 620 4308 12926 620 4309 12927 622 4309 12928 631 4309 12929 627 4310 12930 622 4310 12931 621 4310 12932 629 4311 12933 623 4311 12934 622 4311 12935 622 4312 12936 623 4312 12937 621 4312 12938 617 4313 12939 623 4313 12940 629 4313 12941 625 4314 12942 624 4314 12943 623 4314 12944 625 4315 12945 623 4315 12946 617 4315 12947 621 4316 12948 623 4316 12949 624 4316 12950 617 4317 12951 615 4317 12952 625 4317 12953 625 4318 12954 615 4318 12955 626 4318 12956 622 4319 12957 619 4319 12958 629 4319 12959 634 4320 12960 633 4320 12961 630 4320 12962 633 4321 12963 631 4321 12964 630 4321 12965 630 4322 12966 622 4322 12967 627 4322 12968 630 4323 12969 631 4323 12970 622 4323 12971 634 4324 12972 630 4324 12973 601 4324 12974 601 4325 12975 630 4325 12976 627 4325 12977 631 4326 12978 632 4326 12979 637 4326 12980 632 4327 12981 631 4327 12982 633 4327 12983 632 4328 12984 633 4328 12985 635 4328 12986 635 4329 12987 633 4329 12988 634 4329 12989 352 4330 12990 635 4330 12991 636 4330 12992 634 4331 12993 636 4331 12994 635 4331 12995 359 4332 12996 632 4332 12997 635 4332 12998 359 4333 12999 635 4333 13000 352 4333 13001 636 4334 13002 634 4334 13003 600 4334 13004 600 4335 13005 596 4335 13006 389 4335 13007 387 4336 13008 389 4336 13009 388 4336 13010 636 4337 13011 389 4337 13012 387 4337 13013 389 4338 13014 636 4338 13015 600 4338 13016 366 4339 13017 636 4339 13018 387 4339 13019 352 4340 13020 636 4340 13021 366 4340 13022 632 4341 13023 638 4341 13024 637 4341 13025 632 4342 13026 639 4342 13027 638 4342 13028 638 4343 13029 639 4343 13030 641 4343 13031 639 4344 13032 632 4344 13033 640 4344 13034 639 4345 13035 642 4345 13036 675 4345 13037 639 4346 13038 675 4346 13039 641 4346 13040 367 4347 13041 639 4347 13042 640 4347 13043 367 4348 13044 642 4348 13045 639 4348 13046 641 4349 13047 644 4349 13048 643 4349 13049 675 4350 13050 644 4350 13051 641 4350 13052 646 4351 13053 647 4351 13054 645 4351 13055 644 4352 13056 646 4352 13057 645 4352 13058 647 4353 13059 646 4353 13060 648 4353 13061 646 4354 13062 644 4354 13063 652 4354 13064 644 4355 13065 685 4355 13066 652 4355 13067 649 4356 13068 646 4356 13069 652 4356 13070 649 4357 13071 648 4357 13072 646 4357 13073 650 4358 13074 647 4358 13075 648 4358 13076 650 4359 13077 648 4359 13078 649 4359 13079 503 4360 13080 647 4360 13081 650 4360 13082 618 4361 13083 647 4361 13084 503 4361 13085 503 4362 13086 650 4362 13087 651 4362 13088 649 4363 13089 651 4363 13090 650 4363 13091 653 4364 13092 651 4364 13093 649 4364 13094 652 4365 13095 653 4365 13096 649 4365 13097 652 4366 13098 685 4366 13099 653 4366 13100 654 4367 13101 653 4367 13102 685 4367 13103 654 4368 13104 685 4368 13105 676 4368 13106 684 4369 13107 654 4369 13108 676 4369 13109 680 4370 13110 909 4370 13111 684 4370 13112 684 4371 13113 909 4371 13114 908 4371 13115 908 4372 13116 654 4372 13117 684 4372 13118 680 4373 13119 655 4373 13120 909 4373 13121 683 4374 13122 656 4374 13123 655 4374 13124 683 4375 13125 658 4375 13126 656 4375 13127 657 4376 13128 658 4376 13129 683 4376 13130 500 4377 13131 656 4377 13132 658 4377 13133 659 4378 13134 500 4378 13135 658 4378 13136 658 4379 13137 657 4379 13138 659 4379 13139 657 4380 13140 660 4380 13141 659 4380 13142 661 4381 13143 659 4381 13144 660 4381 13145 500 4382 13146 659 4382 13147 661 4382 13148 661 4383 13149 662 4383 13150 820 4383 13151 662 4384 13152 661 4384 13153 660 4384 13154 662 4385 13155 663 4385 13156 664 4385 13157 660 4386 13158 663 4386 13159 662 4386 13160 820 4387 13161 662 4387 13162 664 4387 13163 665 4388 13164 820 4388 13165 664 4388 13166 666 4389 13167 665 4389 13168 664 4389 13169 664 4390 13170 663 4390 13171 666 4390 13172 663 4391 13173 667 4391 13174 666 4391 13175 667 4392 13176 815 4392 13177 816 4392 13178 663 4393 13179 815 4393 13180 667 4393 13181 815 4394 13182 668 4394 13183 669 4394 13184 668 4395 13185 815 4395 13186 679 4395 13187 668 4396 13188 679 4396 13189 670 4396 13190 670 4397 13191 678 4397 13192 671 4397 13193 670 4398 13194 679 4398 13195 678 4398 13196 672 4399 13197 668 4399 13198 670 4399 13199 673 4400 13200 670 4400 13201 671 4400 13202 672 4401 13203 670 4401 13204 673 4401 13205 671 4402 13206 674 4402 13207 673 4402 13208 677 4403 13209 674 4403 13210 671 4403 13211 642 4404 13212 674 4404 13213 677 4404 13214 675 4405 13215 677 4405 13216 676 4405 13217 676 4406 13218 677 4406 13219 684 4406 13220 675 4407 13221 676 4407 13222 685 4407 13223 678 4408 13224 679 4408 13225 681 4408 13226 678 4409 13227 681 4409 13228 680 4409 13229 682 4410 13230 680 4410 13231 681 4410 13232 684 4411 13233 678 4411 13234 680 4411 13235 682 4412 13236 655 4412 13237 680 4412 13238 682 4413 13239 683 4413 13240 655 4413 13241 681 4414 13242 683 4414 13243 682 4414 13244 681 4415 13245 657 4415 13246 683 4415 13247 681 4416 13248 663 4416 13249 657 4416 13250 679 4417 13251 663 4417 13252 681 4417 13253 815 4418 13254 663 4418 13255 679 4418 13256 671 4419 13257 678 4419 13258 684 4419 13259 671 4420 13260 684 4420 13261 677 4420 13262 642 4421 13263 677 4421 13264 675 4421 13265 685 4422 13266 644 4422 13267 675 4422 13268 360 4423 13269 674 4423 13270 353 4423 13271 360 4424 13272 686 4424 13273 674 4424 13274 674 4425 13275 686 4425 13276 672 4425 13277 674 4426 13278 672 4426 13279 673 4426 13280 353 4427 13281 674 4427 13282 642 4427 13283 672 4428 13284 686 4428 13285 687 4428 13286 688 4429 13287 669 4429 13288 687 4429 13289 687 4430 13290 668 4430 13291 672 4430 13292 687 4431 13293 669 4431 13294 668 4431 13295 812 4432 13296 669 4432 13297 688 4432 13298 688 4433 13299 690 4433 13300 689 4433 13301 689 4434 13302 812 4434 13303 688 4434 13304 686 4435 13305 690 4435 13306 688 4435 13307 365 4436 13308 690 4436 13309 686 4436 13310 368 4437 13311 690 4437 13312 365 4437 13313 368 4438 13314 691 4438 13315 690 4438 13316 692 4439 13317 690 4439 13318 691 4439 13319 690 4440 13320 692 4440 13321 693 4440 13322 689 4441 13323 690 4441 13324 693 4441 13325 694 4442 13326 697 4442 13327 693 4442 13328 707 4443 13329 695 4443 13330 697 4443 13331 697 4444 13332 694 4444 13333 707 4444 13334 695 4445 13335 696 4445 13336 697 4445 13337 696 4446 13338 695 4446 13339 698 4446 13340 695 4447 13341 704 4447 13342 699 4447 13343 699 4448 13344 698 4448 13345 695 4448 13346 698 4449 13347 699 4449 13348 807 4449 13349 698 4450 13350 807 4450 13351 696 4450 13352 699 4451 13353 701 4451 13354 800 4451 13355 701 4452 13356 699 4452 13357 704 4452 13358 700 4453 13359 701 4453 13360 704 4453 13361 700 4454 13362 705 4454 13363 702 4454 13364 700 4455 13365 702 4455 13366 703 4455 13367 706 4456 13368 700 4456 13369 704 4456 13370 706 4457 13371 705 4457 13372 700 4457 13373 707 4458 13374 706 4458 13375 695 4458 13376 708 4459 13377 706 4459 13378 707 4459 13379 709 4460 13380 708 4460 13381 707 4460 13382 710 4461 13383 707 4461 13384 694 4461 13385 709 4462 13386 707 4462 13387 710 4462 13388 694 4463 13389 692 4463 13390 710 4463 13391 693 4464 13392 692 4464 13393 694 4464 13394 692 4465 13395 709 4465 13396 710 4465 13397 692 4466 13398 907 4466 13399 709 4466 13400 709 4467 13401 907 4467 13402 711 4467 13403 711 4468 13404 708 4468 13405 709 4468 13406 711 4469 13407 712 4469 13408 708 4469 13409 724 4470 13410 712 4470 13411 711 4470 13412 712 4471 13413 715 4471 13414 713 4471 13415 713 4472 13416 715 4472 13417 714 4472 13418 720 4473 13419 714 4473 13420 715 4473 13421 720 4474 13422 719 4474 13423 714 4474 13424 716 4475 13425 714 4475 13426 719 4475 13427 905 4476 13428 714 4476 13429 716 4476 13430 717 4477 13431 716 4477 13432 718 4477 13433 718 4478 13434 716 4478 13435 719 4478 13436 214 4479 13437 718 4479 13438 752 4479 13439 214 4480 13440 717 4480 13441 718 4480 13442 719 4481 13443 752 4481 13444 718 4481 13445 720 4482 13446 752 4482 13447 719 4482 13448 723 4483 13449 751 4483 13450 720 4483 13451 751 4484 13452 752 4484 13453 720 4484 13454 740 4485 13455 721 4485 13456 725 4485 13457 722 4486 13458 725 4486 13459 721 4486 13460 712 4487 13461 724 4487 13462 722 4487 13463 722 4488 13464 726 4488 13465 725 4488 13466 724 4489 13467 726 4489 13468 722 4489 13469 724 4490 13470 727 4490 13471 726 4490 13472 728 4491 13473 726 4491 13474 727 4491 13475 728 4492 13476 729 4492 13477 726 4492 13478 357 4493 13479 728 4493 13480 727 4493 13481 369 4494 13482 728 4494 13483 357 4494 13484 729 4495 13485 728 4495 13486 731 4495 13487 728 4496 13488 369 4496 13489 730 4496 13490 730 4497 13491 732 4497 13492 728 4497 13493 728 4498 13494 732 4498 13495 731 4498 13496 732 4499 13497 730 4499 13498 733 4499 13499 730 4500 13500 735 4500 13501 733 4500 13502 730 4501 13503 734 4501 13504 735 4501 13505 788 4502 13506 736 4502 13507 735 4502 13508 733 4503 13509 736 4503 13510 737 4503 13511 735 4504 13512 736 4504 13513 733 4504 13514 737 4505 13515 738 4505 13516 741 4505 13517 739 4506 13518 737 4506 13519 736 4506 13520 737 4507 13521 739 4507 13522 738 4507 13523 741 4508 13524 738 4508 13525 742 4508 13526 742 4509 13527 738 4509 13528 744 4509 13529 741 4510 13530 742 4510 13531 740 4510 13532 740 4511 13533 742 4511 13534 743 4511 13535 744 4512 13536 743 4512 13537 742 4512 13538 725 4513 13539 726 4513 13540 740 4513 13541 729 4514 13542 740 4514 13543 726 4514 13544 741 4515 13545 740 4515 13546 729 4515 13547 731 4516 13548 741 4516 13549 729 4516 13550 732 4517 13551 741 4517 13552 731 4517 13553 732 4518 13554 737 4518 13555 741 4518 13556 745 4519 13557 743 4519 13558 744 4519 13559 738 4520 13560 753 4520 13561 744 4520 13562 753 4521 13563 226 4521 13564 224 4521 13565 753 4522 13566 738 4522 13567 226 4522 13568 753 4523 13569 747 4523 13570 744 4523 13571 753 4524 13572 224 4524 13573 746 4524 13574 744 4525 13575 747 4525 13576 745 4525 13577 743 4526 13578 745 4526 13579 748 4526 13580 745 4527 13581 747 4527 13582 748 4527 13583 747 4528 13584 749 4528 13585 748 4528 13586 749 4529 13587 721 4529 13588 748 4529 13589 750 4530 13590 752 4530 13591 749 4530 13592 721 4531 13593 749 4531 13594 752 4531 13595 721 4532 13596 752 4532 13597 751 4532 13598 722 4533 13599 721 4533 13600 751 4533 13601 750 4534 13602 214 4534 13603 752 4534 13604 747 4535 13605 750 4535 13606 749 4535 13607 750 4536 13608 747 4536 13609 753 4536 13610 753 4537 13611 754 4537 13612 750 4537 13613 746 4538 13614 754 4538 13615 753 4538 13616 755 4539 13617 216 4539 13618 754 4539 13619 754 4540 13620 746 4540 13621 755 4540 13622 216 4541 13623 750 4541 13624 754 4541 13625 217 4542 13626 755 4542 13627 756 4542 13628 746 4543 13629 756 4543 13630 755 4543 13631 216 4544 13632 755 4544 13633 217 4544 13634 222 4545 13635 217 4545 13636 756 4545 13637 756 4546 13638 224 4546 13639 222 4546 13640 224 4547 13641 756 4547 13642 746 4547 13643 214 4548 13644 750 4548 13645 216 4548 13646 740 4549 13647 743 4549 13648 721 4549 13649 748 4550 13650 721 4550 13651 743 4550 13652 226 4551 13653 738 4551 13654 739 4551 13655 226 4552 13656 739 4552 13657 757 4552 13658 739 4553 13659 758 4553 13660 757 4553 13661 739 4554 13662 736 4554 13663 758 4554 13664 758 4555 13665 736 4555 13666 788 4555 13667 757 4556 13668 767 4556 13669 759 4556 13670 767 4557 13671 757 4557 13672 758 4557 13673 789 4558 13674 767 4558 13675 758 4558 13676 760 4559 13677 767 4559 13678 789 4559 13679 769 4560 13680 231 4560 13681 770 4560 13682 230 4561 13683 771 4561 13684 231 4561 13685 230 4562 13686 762 4562 13687 771 4562 13688 763 4563 13689 761 4563 13690 762 4563 13691 230 4564 13692 763 4564 13693 762 4564 13694 763 4565 13695 230 4565 13696 764 4565 13697 763 4566 13698 764 4566 13699 765 4566 13700 765 4567 13701 764 4567 13702 766 4567 13703 765 4568 13704 766 4568 13705 767 4568 13706 226 4569 13707 759 4569 13708 768 4569 13709 768 4570 13710 759 4570 13711 766 4570 13712 764 4571 13713 768 4571 13714 766 4571 13715 228 4572 13716 768 4572 13717 764 4572 13718 768 4573 13719 228 4573 13720 226 4573 13721 767 4574 13722 766 4574 13723 759 4574 13724 765 4575 13725 767 4575 13726 760 4575 13727 765 4576 13728 760 4576 13729 763 4576 13730 763 4577 13731 760 4577 13732 789 4577 13733 789 4578 13734 777 4578 13735 763 4578 13736 777 4579 13737 761 4579 13738 763 4579 13739 774 4580 13740 771 4580 13741 762 4580 13742 231 4581 13743 771 4581 13744 770 4581 13745 762 4582 13746 761 4582 13747 774 4582 13748 769 4583 13749 232 4583 13750 231 4583 13751 772 4584 13752 769 4584 13753 770 4584 13754 770 4585 13755 771 4585 13756 772 4585 13757 774 4586 13758 773 4586 13759 775 4586 13760 774 4587 13761 775 4587 13762 776 4587 13763 734 4588 13764 761 4588 13765 777 4588 13766 761 4589 13767 787 4589 13768 774 4589 13769 734 4590 13770 780 4590 13771 761 4590 13772 780 4591 13773 787 4591 13774 761 4591 13775 780 4592 13776 778 4592 13777 787 4592 13778 783 4593 13779 787 4593 13780 778 4593 13781 779 4594 13782 783 4594 13783 778 4594 13784 781 4595 13785 780 4595 13786 734 4595 13787 782 4596 13788 780 4596 13789 781 4596 13790 782 4597 13791 778 4597 13792 780 4597 13793 781 4598 13794 355 4598 13795 782 4598 13796 782 4599 13797 355 4599 13798 358 4599 13799 782 4600 13800 358 4600 13801 252 4600 13802 778 4601 13803 782 4601 13804 779 4601 13805 252 4602 13806 251 4602 13807 782 4602 13808 782 4603 13809 251 4603 13810 779 4603 13811 251 4604 13812 252 4604 13813 250 4604 13814 781 4605 13815 370 4605 13816 355 4605 13817 734 4606 13818 730 4606 13819 781 4606 13820 730 4607 13821 370 4607 13822 781 4607 13823 251 4608 13824 783 4608 13825 779 4608 13826 251 4609 13827 249 4609 13828 783 4609 13829 249 4610 13830 784 4610 13831 783 4610 13832 783 4611 13833 784 4611 13834 773 4611 13835 773 4612 13836 784 4612 13837 785 4612 13838 775 4613 13839 773 4613 13840 785 4613 13841 239 4614 13842 786 4614 13843 785 4614 13844 772 4615 13845 775 4615 13846 786 4615 13847 786 4616 13848 775 4616 13849 785 4616 13850 786 4617 13851 769 4617 13852 772 4617 13853 239 4618 13854 769 4618 13855 786 4618 13856 783 4619 13857 773 4619 13858 787 4619 13859 784 4620 13860 239 4620 13861 785 4620 13862 784 4621 13863 249 4621 13864 242 4621 13865 242 4622 13866 249 4622 13867 246 4622 13868 246 4623 13869 249 4623 13870 248 4623 13871 242 4624 13872 239 4624 13873 784 4624 13874 787 4625 13875 773 4625 13876 774 4625 13877 788 4626 13878 734 4626 13879 777 4626 13880 789 4627 13881 758 4627 13882 788 4627 13883 788 4628 13884 777 4628 13885 789 4628 13886 776 4629 13887 771 4629 13888 774 4629 13889 776 4630 13890 772 4630 13891 771 4630 13892 772 4631 13893 776 4631 13894 775 4631 13895 239 4632 13896 234 4632 13897 232 4632 13898 232 4633 13899 769 4633 13900 239 4633 13901 757 4634 13902 759 4634 13903 226 4634 13904 733 4635 13905 737 4635 13906 732 4635 13907 735 4636 13908 734 4636 13909 788 4636 13910 730 4637 13911 369 4637 13912 370 4637 13913 907 4638 13914 357 4638 13915 727 4638 13916 724 4639 13917 907 4639 13918 727 4639 13919 907 4640 13920 724 4640 13921 711 4640 13922 723 4641 13923 712 4641 13924 722 4641 13925 723 4642 13926 715 4642 13927 712 4642 13928 722 4643 13929 751 4643 13930 723 4643 13931 720 4644 13932 715 4644 13933 723 4644 13934 791 4645 13935 214 4645 13936 790 4645 13937 214 4646 13938 791 4646 13939 717 4646 13940 905 4647 13941 717 4647 13942 791 4647 13943 790 4648 13944 793 4648 13945 791 4648 13946 792 4649 13947 791 4649 13948 793 4649 13949 791 4650 13950 792 4650 13951 905 4650 13952 794 4651 13953 792 4651 13954 793 4651 13955 837 4652 13956 793 4652 13957 790 4652 13958 793 4653 13959 837 4653 13960 794 4653 13961 837 4654 13962 795 4654 13963 794 4654 13964 705 4655 13965 794 4655 13966 795 4655 13967 792 4656 13968 794 4656 13969 705 4656 13970 795 4657 13971 835 4657 13972 796 4657 13973 705 4658 13974 795 4658 13975 796 4658 13976 837 4659 13977 835 4659 13978 795 4659 13979 835 4660 13980 797 4660 13981 796 4660 13982 835 4661 13983 454 4661 13984 797 4661 13985 454 4662 13986 798 4662 13987 797 4662 13988 799 4663 13989 798 4663 13990 454 4663 13991 801 4664 13992 798 4664 13993 799 4664 13994 703 4665 13995 797 4665 13996 798 4665 13997 798 4666 13998 701 4666 13999 700 4666 14000 703 4667 14001 798 4667 14002 700 4667 14003 798 4668 14004 800 4668 14005 701 4668 14006 802 4669 14007 801 4669 14008 667 4669 14009 667 4670 14010 665 4670 14011 666 4670 14012 667 4671 14013 801 4671 14014 665 4671 14015 801 4672 14016 802 4672 14017 803 4672 14018 803 4673 14019 802 4673 14020 819 4673 14021 803 4674 14022 819 4674 14023 804 4674 14024 803 4675 14025 804 4675 14026 805 4675 14027 808 4676 14028 803 4676 14029 805 4676 14030 798 4677 14031 803 4677 14032 806 4677 14033 808 4678 14034 806 4678 14035 803 4678 14036 798 4679 14037 801 4679 14038 803 4679 14039 809 4680 14040 806 4680 14041 808 4680 14042 806 4681 14043 807 4681 14044 798 4681 14045 806 4682 14046 809 4682 14047 807 4682 14048 798 4683 14049 807 4683 14050 800 4683 14051 696 4684 14052 807 4684 14053 809 4684 14054 809 4685 14055 810 4685 14056 696 4685 14057 809 4686 14058 808 4686 14059 810 4686 14060 808 4687 14061 811 4687 14062 810 4687 14063 808 4688 14064 805 4688 14065 811 4688 14066 813 4689 14067 811 4689 14068 805 4689 14069 812 4690 14070 689 4690 14071 811 4690 14072 689 4691 14073 810 4691 14074 811 4691 14075 811 4692 14076 813 4692 14077 812 4692 14078 814 4693 14079 669 4693 14080 812 4693 14081 815 4694 14082 669 4694 14083 814 4694 14084 815 4695 14085 814 4695 14086 816 4695 14087 816 4696 14088 814 4696 14089 817 4696 14090 817 4697 14091 802 4697 14092 816 4697 14093 817 4698 14094 818 4698 14095 819 4698 14096 813 4699 14097 818 4699 14098 814 4699 14099 818 4700 14100 817 4700 14101 814 4700 14102 819 4701 14103 818 4701 14104 804 4701 14105 802 4702 14106 817 4702 14107 819 4702 14108 804 4703 14109 818 4703 14110 813 4703 14111 813 4704 14112 805 4704 14113 804 4704 14114 813 4705 14115 814 4705 14116 812 4705 14117 689 4706 14118 693 4706 14119 810 4706 14120 696 4707 14121 810 4707 14122 697 4707 14123 693 4708 14124 697 4708 14125 810 4708 14126 800 4709 14127 807 4709 14128 699 4709 14129 816 4710 14130 802 4710 14131 667 4710 14132 801 4711 14133 799 4711 14134 665 4711 14135 799 4712 14136 820 4712 14137 665 4712 14138 821 4713 14139 820 4713 14140 822 4713 14141 799 4714 14142 822 4714 14143 820 4714 14144 661 4715 14145 820 4715 14146 821 4715 14147 821 4716 14148 824 4716 14149 472 4716 14150 661 4717 14151 821 4717 14152 472 4717 14153 821 4718 14154 822 4718 14155 823 4718 14156 821 4719 14157 823 4719 14158 824 4719 14159 824 4720 14160 823 4720 14161 825 4720 14162 824 4721 14163 825 4721 14164 826 4721 14165 826 4722 14166 467 4722 14167 824 4722 14168 824 4723 14169 467 4723 14170 472 4723 14171 827 4724 14172 826 4724 14173 825 4724 14174 467 4725 14175 826 4725 14176 827 4725 14177 825 4726 14178 828 4726 14179 827 4726 14180 825 4727 14181 831 4727 14182 828 4727 14183 831 4728 14184 829 4728 14185 828 4728 14186 465 4729 14187 828 4729 14188 829 4729 14189 465 4730 14190 829 4730 14191 464 4730 14192 463 4731 14193 829 4731 14194 830 4731 14195 463 4732 14196 830 4732 14197 459 4732 14198 830 4733 14199 832 4733 14200 833 4733 14201 830 4734 14202 833 4734 14203 459 4734 14204 823 4735 14205 830 4735 14206 831 4735 14207 830 4736 14208 829 4736 14209 831 4736 14210 832 4737 14211 830 4737 14212 823 4737 14213 832 4738 14214 822 4738 14215 833 4738 14216 823 4739 14217 822 4739 14218 832 4739 14219 831 4740 14220 825 4740 14221 823 4740 14222 799 4741 14223 833 4741 14224 822 4741 14225 799 4742 14226 834 4742 14227 833 4742 14228 457 4743 14229 833 4743 14230 834 4743 14231 457 4744 14232 459 4744 14233 833 4744 14234 453 4745 14235 457 4745 14236 834 4745 14237 834 4746 14238 799 4746 14239 453 4746 14240 799 4747 14241 454 4747 14242 453 4747 14243 661 4748 14244 472 4748 14245 500 4748 14246 500 4749 14247 472 4749 14248 499 4749 14249 838 4750 14250 454 4750 14251 835 4750 14252 835 4751 14253 836 4751 14254 838 4751 14255 835 4752 14256 837 4752 14257 836 4752 14258 790 4753 14259 836 4753 14260 837 4753 14261 790 4754 14262 213 4754 14263 836 4754 14264 213 4755 14265 903 4755 14266 836 4755 14267 449 4756 14268 838 4756 14269 839 4756 14270 838 4757 14271 836 4757 14272 839 4757 14273 449 4758 14274 454 4758 14275 838 4758 14276 448 4759 14277 839 4759 14278 836 4759 14279 903 4760 14280 840 4760 14281 836 4760 14282 448 4761 14283 836 4761 14284 840 4761 14285 840 4762 14286 903 4762 14287 842 4762 14288 841 4763 14289 840 4763 14290 842 4763 14291 841 4764 14292 448 4764 14293 840 4764 14294 842 4765 14295 843 4765 14296 841 4765 14297 842 4766 14298 844 4766 14299 843 4766 14300 844 4767 14301 842 4767 14302 904 4767 14303 845 4768 14304 844 4768 14305 904 4768 14306 845 4769 14307 846 4769 14308 844 4769 14309 844 4770 14310 851 4770 14311 843 4770 14312 846 4771 14313 851 4771 14314 844 4771 14315 847 4772 14316 851 4772 14317 846 4772 14318 846 4773 14319 845 4773 14320 848 4773 14321 847 4774 14322 846 4774 14323 848 4774 14324 848 4775 14325 845 4775 14326 211 4775 14327 845 4776 14328 213 4776 14329 211 4776 14330 848 4777 14331 211 4777 14332 210 4777 14333 848 4778 14334 210 4778 14335 847 4778 14336 847 4779 14337 209 4779 14338 849 4779 14339 849 4780 14340 850 4780 14341 847 4780 14342 847 4781 14343 850 4781 14344 851 4781 14345 210 4782 14346 209 4782 14347 847 4782 14348 852 4783 14349 851 4783 14350 850 4783 14351 852 4784 14352 843 4784 14353 851 4784 14354 843 4785 14355 852 4785 14356 841 4785 14357 854 4786 14358 852 4786 14359 853 4786 14360 852 4787 14361 448 4787 14362 841 4787 14363 852 4788 14364 854 4788 14365 448 4788 14366 853 4789 14367 852 4789 14368 850 4789 14369 443 4790 14370 853 4790 14371 850 4790 14372 855 4791 14373 853 4791 14374 443 4791 14375 853 4792 14376 855 4792 14377 854 4792 14378 854 4793 14379 855 4793 14380 446 4793 14381 430 4794 14382 850 4794 14383 856 4794 14384 430 4795 14385 443 4795 14386 850 4795 14387 856 4796 14388 850 4796 14389 857 4796 14390 857 4797 14391 850 4797 14392 849 4797 14393 859 4798 14394 858 4798 14395 857 4798 14396 857 4799 14397 849 4799 14398 859 4799 14399 860 4800 14400 858 4800 14401 859 4800 14402 861 4801 14403 858 4801 14404 860 4801 14405 862 4802 14406 860 4802 14407 859 4802 14408 859 4803 14409 849 4803 14410 862 4803 14411 862 4804 14412 849 4804 14413 863 4804 14414 862 4805 14415 863 4805 14416 869 4805 14417 863 4806 14418 868 4806 14419 869 4806 14420 863 4807 14421 864 4807 14422 868 4807 14423 209 4808 14424 863 4808 14425 849 4808 14426 864 4809 14427 863 4809 14428 865 4809 14429 865 4810 14430 863 4810 14431 209 4810 14432 865 4811 14433 212 4811 14434 864 4811 14435 209 4812 14436 212 4812 14437 865 4812 14438 867 4813 14439 868 4813 14440 864 4813 14441 864 4814 14442 212 4814 14443 867 4814 14444 215 4815 14445 867 4815 14446 212 4815 14447 215 4816 14448 866 4816 14449 867 4816 14450 868 4817 14451 866 4817 14452 870 4817 14453 866 4818 14454 868 4818 14455 867 4818 14456 868 4819 14457 873 4819 14458 869 4819 14459 868 4820 14460 870 4820 14461 873 4820 14462 871 4821 14463 870 4821 14464 866 4821 14465 871 4822 14466 872 4822 14467 870 4822 14468 872 4823 14469 873 4823 14470 870 4823 14471 872 4824 14472 861 4824 14473 873 4824 14474 874 4825 14475 861 4825 14476 860 4825 14477 874 4826 14478 873 4826 14479 861 4826 14480 874 4827 14481 860 4827 14482 862 4827 14483 862 4828 14484 869 4828 14485 874 4828 14486 874 4829 14487 869 4829 14488 873 4829 14489 880 4830 14490 872 4830 14491 875 4830 14492 858 4831 14493 872 4831 14494 876 4831 14495 876 4832 14496 872 4832 14497 877 4832 14498 872 4833 14499 871 4833 14500 875 4833 14501 858 4834 14502 861 4834 14503 872 4834 14504 877 4835 14505 872 4835 14506 880 4835 14507 877 4836 14508 880 4836 14509 878 4836 14510 880 4837 14511 885 4837 14512 878 4837 14513 885 4838 14514 880 4838 14515 879 4838 14516 880 4839 14517 881 4839 14518 879 4839 14519 229 4840 14520 883 4840 14521 881 4840 14522 881 4841 14523 880 4841 14524 882 4841 14525 220 4842 14526 881 4842 14527 882 4842 14528 879 4843 14529 881 4843 14530 883 4843 14531 229 4844 14532 881 4844 14533 220 4844 14534 884 4845 14535 886 4845 14536 883 4845 14537 229 4846 14538 884 4846 14539 883 4846 14540 883 4847 14541 885 4847 14542 879 4847 14543 883 4848 14544 886 4848 14545 885 4848 14546 884 4849 14547 887 4849 14548 886 4849 14549 888 4850 14550 885 4850 14551 886 4850 14552 887 4851 14553 888 4851 14554 886 4851 14555 885 4852 14556 888 4852 14557 889 4852 14558 888 4853 14559 891 4853 14560 889 4853 14561 887 4854 14562 890 4854 14563 888 4854 14564 890 4855 14565 892 4855 14566 888 4855 14567 888 4856 14568 892 4856 14569 891 4856 14570 856 4857 14571 892 4857 14572 893 4857 14573 856 4858 14574 857 4858 14575 892 4858 14576 893 4859 14577 892 4859 14578 890 4859 14579 858 4860 14580 892 4860 14581 857 4860 14582 892 4861 14583 858 4861 14584 891 4861 14585 876 4862 14586 891 4862 14587 858 4862 14588 891 4863 14589 876 4863 14590 877 4863 14591 889 4864 14592 891 4864 14593 894 4864 14594 891 4865 14595 877 4865 14596 894 4865 14597 878 4866 14598 889 4866 14599 894 4866 14600 878 4867 14601 894 4867 14602 877 4867 14603 893 4868 14604 896 4868 14605 856 4868 14606 896 4869 14607 893 4869 14608 901 4869 14609 893 4870 14610 895 4870 14611 901 4870 14612 893 4871 14613 890 4871 14614 895 4871 14615 896 4872 14616 295 4872 14617 856 4872 14618 430 4873 14619 856 4873 14620 985 4873 14621 856 4874 14622 295 4874 14623 985 4874 14624 901 4875 14625 895 4875 14626 897 4875 14627 895 4876 14628 898 4876 14629 897 4876 14630 887 4877 14631 895 4877 14632 890 4877 14633 898 4878 14634 895 4878 14635 899 4878 14636 899 4879 14637 895 4879 14638 887 4879 14639 899 4880 14640 900 4880 14641 289 4880 14642 899 4881 14643 289 4881 14644 898 4881 14645 900 4882 14646 899 4882 14647 884 4882 14648 884 4883 14649 899 4883 14650 887 4883 14651 286 4884 14652 289 4884 14653 900 4884 14654 229 4885 14655 900 4885 14656 884 4885 14657 286 4886 14658 900 4886 14659 229 4886 14660 901 4887 14661 897 4887 14662 294 4887 14663 901 4888 14664 294 4888 14665 896 4888 14666 889 4889 14667 878 4889 14668 885 4889 14669 882 4890 14670 875 4890 14671 218 4890 14672 219 4891 14673 882 4891 14674 218 4891 14675 875 4892 14676 882 4892 14677 880 4892 14678 220 4893 14679 882 4893 14680 219 4893 14681 902 4894 14682 286 4894 14683 229 4894 14684 283 4895 14685 286 4895 14686 902 4895 14687 218 4896 14688 875 4896 14689 871 4896 14690 215 4897 14691 871 4897 14692 866 4897 14693 871 4898 14694 215 4898 14695 218 4898 14696 903 4899 14697 845 4899 14698 904 4899 14699 903 4900 14700 213 4900 14701 845 4900 14702 842 4901 14703 903 4901 14704 904 4901 14705 797 4902 14706 703 4902 14707 796 4902 14708 796 4903 14709 703 4903 14710 702 4903 14711 705 4904 14712 796 4904 14713 702 4904 14714 705 4905 14715 905 4905 14716 792 4905 14717 705 4906 14718 713 4906 14719 905 4906 14720 713 4907 14721 714 4907 14722 905 4907 14723 717 4908 14724 905 4908 14725 716 4908 14726 705 4909 14727 906 4909 14728 713 4909 14729 906 4910 14730 708 4910 14731 713 4910 14732 706 4911 14733 708 4911 14734 906 4911 14735 705 4912 14736 706 4912 14737 906 4912 14738 713 4913 14739 708 4913 14740 712 4913 14741 357 4914 14742 907 4914 14743 354 4914 14744 354 4915 14745 907 4915 14746 692 4915 14747 695 4916 14748 706 4916 14749 704 4916 14750 354 4917 14751 692 4917 14752 368 4917 14753 368 4918 14754 692 4918 14755 691 4918 14756 686 4919 14757 688 4919 14758 687 4919 14759 365 4920 14760 686 4920 14761 360 4920 14762 660 4921 14763 657 4921 14764 663 4921 14765 501 4922 14766 655 4922 14767 656 4922 14768 908 4923 14769 501 4923 14770 654 4923 14771 501 4924 14772 908 4924 14773 909 4924 14774 501 4925 14775 909 4925 14776 655 4925 14777 654 4926 14778 501 4926 14779 653 4926 14780 653 4927 14781 501 4927 14782 651 4927 14783 618 4928 14784 910 4928 14785 647 4928 14786 910 4929 14787 643 4929 14788 645 4929 14789 645 4930 14790 643 4930 14791 644 4930 14792 911 4931 14793 643 4931 14794 910 4931 14795 910 4932 14796 645 4932 14797 647 4932 14798 641 4933 14799 643 4933 14800 638 4933 14801 353 4934 14802 642 4934 14803 367 4934 14804 640 4935 14805 632 4935 14806 359 4935 14807 508 4936 14808 618 4936 14809 504 4936 14810 612 4937 14811 912 4937 14812 613 4937 14813 613 4938 14814 912 4938 14815 913 4938 14816 913 4939 14817 627 4939 14818 621 4939 14819 627 4940 14820 913 4940 14821 912 4940 14822 613 4941 14823 626 4941 14824 611 4941 14825 613 4942 14826 913 4942 14827 626 4942 14828 912 4943 14829 612 4943 14830 610 4943 14831 610 4944 14832 627 4944 14833 912 4944 14834 494 4945 14835 608 4945 14836 612 4945 14837 610 4946 14838 612 4946 14839 608 4946 14840 609 4947 14841 606 4947 14842 605 4947 14843 494 4948 14844 914 4948 14845 608 4948 14846 914 4949 14847 607 4949 14848 608 4949 14849 608 4950 14850 607 4950 14851 606 4950 14852 914 4951 14853 590 4951 14854 607 4951 14855 914 4952 14856 494 4952 14857 515 4952 14858 914 4953 14859 515 4953 14860 592 4953 14861 592 4954 14862 590 4954 14863 914 4954 14864 594 4955 14865 605 4955 14866 593 4955 14867 605 4956 14868 594 4956 14869 604 4956 14870 595 4957 14871 604 4957 14872 594 4957 14873 515 4958 14874 584 4958 14875 592 4958 14876 588 4959 14877 589 4959 14878 917 4959 14879 589 4960 14880 586 4960 14881 916 4960 14882 915 4961 14883 589 4961 14884 916 4961 14885 589 4962 14886 915 4962 14887 917 4962 14888 580 4963 14889 916 4963 14890 586 4963 14891 916 4964 14892 579 4964 14893 915 4964 14894 579 4965 14895 916 4965 14896 580 4965 14897 917 4966 14898 915 4966 14899 394 4966 14900 398 4967 14901 394 4967 14902 579 4967 14903 579 4968 14904 394 4968 14905 915 4968 14906 394 4969 14907 393 4969 14908 917 4969 14909 917 4970 14910 393 4970 14911 588 4970 14912 598 4971 14913 588 4971 14914 918 4971 14915 588 4972 14916 393 4972 14917 391 4972 14918 588 4973 14919 391 4973 14920 918 4973 14921 926 4974 14922 577 4974 14923 582 4974 14924 582 4975 14925 520 4975 14926 926 4975 14927 581 4976 14928 517 4976 14929 582 4976 14930 517 4977 14931 520 4977 14932 582 4977 14933 515 4978 14934 517 4978 14935 581 4978 14936 577 4979 14937 919 4979 14938 578 4979 14939 920 4980 14940 578 4980 14941 919 4980 14942 921 4981 14943 578 4981 14944 920 4981 14945 573 4982 14946 578 4982 14947 921 4982 14948 921 4983 14949 529 4983 14950 573 4983 14951 921 4984 14952 528 4984 14953 529 4984 14954 920 4985 14955 528 4985 14956 921 4985 14957 922 4986 14958 923 4986 14959 920 4986 14960 528 4987 14961 920 4987 14962 923 4987 14963 924 4988 14964 923 4988 14965 925 4988 14966 924 4989 14967 528 4989 14968 923 4989 14969 923 4990 14970 922 4990 14971 925 4990 14972 925 4991 14973 922 4991 14974 526 4991 14975 526 4992 14976 524 4992 14977 925 4992 14978 924 4993 14979 925 4993 14980 524 4993 14981 523 4994 14982 526 4994 14983 922 4994 14984 919 4995 14985 523 4995 14986 922 4995 14987 523 4996 14988 919 4996 14989 926 4996 14990 919 4997 14991 922 4997 14992 920 4997 14993 577 4998 14994 926 4998 14995 919 4998 14996 575 4999 14997 927 4999 14998 421 4999 14999 413 5000 15000 575 5000 15001 421 5000 15002 575 5001 15003 567 5001 15004 927 5001 15005 567 5002 15006 568 5002 15007 927 5002 15008 566 5003 15009 927 5003 15010 568 5003 15011 566 5004 15012 421 5004 15013 927 5004 15014 564 5005 15015 563 5005 15016 569 5005 15017 569 5006 15018 562 5006 15019 564 5006 15020 420 5007 15021 421 5007 15022 566 5007 15023 565 5008 15024 928 5008 15025 566 5008 15026 420 5009 15027 566 5009 15028 928 5009 15029 928 5010 15030 565 5010 15031 929 5010 15032 420 5011 15033 928 5011 15034 929 5011 15035 929 5012 15036 565 5012 15037 433 5012 15038 565 5013 15039 437 5013 15040 436 5013 15041 437 5014 15042 565 5014 15043 560 5014 15044 565 5015 15045 436 5015 15046 433 5015 15047 529 5016 15048 530 5016 15049 561 5016 15050 560 5017 15051 559 5017 15052 437 5017 15053 474 5018 15054 481 5018 15055 497 5018 15056 485 5019 15057 491 5019 15058 497 5019 15059 497 5020 15060 481 5020 15061 484 5020 15062 485 5021 15063 497 5021 15064 484 5021 15065 474 5022 15066 476 5022 15067 481 5022 15068 464 5023 15069 461 5023 15070 442 5023 15071 442 5024 15072 461 5024 15073 441 5024 15074 450 5025 15075 454 5025 15076 449 5025 15077 435 5026 15078 443 5026 15079 430 5026 15080 425 5027 15081 929 5027 15082 433 5027 15083 930 5028 15084 428 5028 15085 430 5028 15086 430 5029 15087 931 5029 15088 930 5029 15089 430 5030 15090 298 5030 15091 931 5030 15092 430 5031 15093 985 5031 15094 298 5031 15095 930 5032 15096 931 5032 15097 932 5032 15098 931 5033 15099 934 5033 15100 932 5033 15101 930 5034 15102 932 5034 15103 933 5034 15104 935 5035 15105 932 5035 15106 934 5035 15107 937 5036 15108 938 5036 15109 936 5036 15110 935 5037 15111 937 5037 15112 936 5037 15113 940 5038 15114 939 5038 15115 937 5038 15116 935 5039 15117 940 5039 15118 937 5039 15119 935 5040 15120 941 5040 15121 940 5040 15122 940 5041 15123 943 5041 15124 939 5041 15125 940 5042 15126 941 5042 15127 942 5042 15128 943 5043 15129 940 5043 15130 308 5043 15131 308 5044 15132 940 5044 15133 942 5044 15134 943 5045 15135 311 5045 15136 939 5045 15137 308 5046 15138 311 5046 15139 943 5046 15140 303 5047 15141 308 5047 15142 942 5047 15143 303 5048 15144 942 5048 15145 944 5048 15146 942 5049 15147 941 5049 15148 944 5049 15149 944 5050 15150 302 5050 15151 301 5050 15152 941 5051 15153 302 5051 15154 944 5051 15155 303 5052 15156 944 5052 15157 301 5052 15158 300 5053 15159 302 5053 15160 945 5053 15161 941 5054 15162 945 5054 15163 302 5054 15164 945 5055 15165 935 5055 15166 934 5055 15167 945 5056 15168 941 5056 15169 935 5056 15170 945 5057 15171 934 5057 15172 298 5057 15173 313 5058 15174 939 5058 15175 311 5058 15176 313 5059 15177 946 5059 15178 939 5059 15179 938 5060 15180 939 5060 15181 946 5060 15182 938 5061 15183 937 5061 15184 939 5061 15185 422 5062 15186 947 5062 15187 946 5062 15188 946 5063 15189 313 5063 15190 422 5063 15191 938 5064 15192 946 5064 15193 947 5064 15194 948 5065 15195 938 5065 15196 947 5065 15197 422 5066 15198 948 5066 15199 947 5066 15200 948 5067 15201 949 5067 15202 933 5067 15203 422 5068 15204 949 5068 15205 948 5068 15206 948 5069 15207 936 5069 15208 938 5069 15209 933 5070 15210 936 5070 15211 948 5070 15212 949 5071 15213 428 5071 15214 930 5071 15215 422 5072 15216 428 5072 15217 949 5072 15218 933 5073 15219 949 5073 15220 930 5073 15221 936 5074 15222 933 5074 15223 935 5074 15224 933 5075 15225 932 5075 15226 935 5075 15227 298 5076 15228 934 5076 15229 931 5076 15230 428 5077 15231 422 5077 15232 423 5077 15233 929 5078 15234 425 5078 15235 424 5078 15236 413 5079 15237 421 5079 15238 414 5079 15239 313 5080 15240 317 5080 15241 419 5080 15242 951 5081 15243 418 5081 15244 317 5081 15245 950 5082 15246 418 5082 15247 951 5082 15248 950 5083 15249 417 5083 15250 418 5083 15251 952 5084 15252 950 5084 15253 951 5084 15254 951 5085 15255 317 5085 15256 958 5085 15257 952 5086 15258 951 5086 15259 958 5086 15260 955 5087 15261 953 5087 15262 952 5087 15263 959 5088 15264 956 5088 15265 324 5088 15266 954 5089 15267 959 5089 15268 325 5089 15269 953 5090 15270 955 5090 15271 956 5090 15272 955 5091 15273 957 5091 15274 323 5091 15275 324 5092 15276 955 5092 15277 323 5092 15278 324 5093 15279 956 5093 15280 955 5093 15281 958 5094 15282 957 5094 15283 952 5094 15284 955 5095 15285 952 5095 15286 957 5095 15287 958 5096 15288 317 5096 15289 957 5096 15290 960 5097 15291 959 5097 15292 961 5097 15293 961 5098 15294 962 5098 15295 960 5098 15296 954 5099 15297 961 5099 15298 959 5099 15299 961 5100 15300 372 5100 15301 962 5100 15302 962 5101 15303 372 5101 15304 963 5101 15305 375 5102 15306 964 5102 15307 963 5102 15308 963 5103 15309 960 5103 15310 962 5103 15311 963 5104 15312 964 5104 15313 960 5104 15314 375 5105 15315 965 5105 15316 964 5105 15317 965 5106 15318 966 5106 15319 964 5106 15320 967 5107 15321 965 5107 15322 968 5107 15323 966 5108 15324 965 5108 15325 967 5108 15326 964 5109 15327 966 5109 15328 953 5109 15329 964 5110 15330 953 5110 15331 960 5110 15332 960 5111 15333 953 5111 15334 956 5111 15335 966 5112 15336 952 5112 15337 953 5112 15338 966 5113 15339 409 5113 15340 952 5113 15341 409 5114 15342 966 5114 15343 967 5114 15344 967 5115 15345 968 5115 15346 969 5115 15347 969 5116 15348 968 5116 15349 377 5116 15350 969 5117 15351 377 5117 15352 379 5117 15353 379 5118 15354 377 5118 15355 378 5118 15356 377 5119 15357 968 5119 15358 376 5119 15359 376 5120 15360 968 5120 15361 965 5120 15362 376 5121 15363 965 5121 15364 375 5121 15365 960 5122 15366 956 5122 15367 959 5122 15368 372 5123 15369 375 5123 15370 963 5123 15371 372 5124 15372 961 5124 15373 348 5124 15374 954 5125 15375 328 5125 15376 961 5125 15377 348 5126 15378 961 5126 15379 328 5126 15380 952 5127 15381 409 5127 15382 950 5127 15383 409 5128 15384 417 5128 15385 950 5128 15386 400 5129 15387 410 5129 15388 406 5129 15389 404 5130 15390 407 5130 15391 969 5130 15392 970 5131 15393 403 5131 15394 383 5131 15395 970 5132 15396 391 5132 15397 403 5132 15398 391 5133 15399 970 5133 15400 971 5133 15401 384 5134 15402 971 5134 15403 970 5134 15404 384 5135 15405 970 5135 15406 383 5135 15407 393 5136 15408 394 5136 15409 392 5136 15410 385 5137 15411 971 5137 15412 384 5137 15413 387 5138 15414 386 5138 15415 374 5138 15416 374 5139 15417 386 5139 15418 972 5139 15419 378 5140 15420 374 5140 15421 972 5140 15422 381 5141 15423 972 5141 15424 386 5141 15425 364 5142 15426 387 5142 15427 374 5142 15428 366 5143 15429 387 5143 15430 364 5143 15431 402 5144 15432 404 5144 15433 379 5144 15434 374 5145 15435 356 5145 15436 362 5145 15437 364 5146 15438 374 5146 15439 362 5146 15440 348 5147 15441 351 5147 15442 372 5147 15443 973 5148 15444 361 5148 15445 363 5148 15446 347 5149 15447 363 5149 15448 349 5149 15449 973 5150 15450 363 5150 15451 347 5150 15452 252 5151 15453 361 5151 15454 973 5151 15455 253 5152 15456 252 5152 15457 973 5152 15458 253 5153 15459 973 5153 15460 974 5153 15461 347 5154 15462 974 5154 15463 973 5154 15464 347 5155 15465 975 5155 15466 974 5155 15467 259 5156 15468 254 5156 15469 974 5156 15470 974 5157 15471 975 5157 15472 259 5157 15473 262 5158 15474 259 5158 15475 975 5158 15476 976 5159 15477 262 5159 15478 975 5159 15479 975 5160 15480 347 5160 15481 976 5160 15482 347 5161 15483 345 5161 15484 976 5161 15485 345 5162 15486 263 5162 15487 976 5162 15488 976 5163 15489 263 5163 15490 262 5163 15491 974 5164 15492 254 5164 15493 253 5164 15494 252 5165 15495 358 5165 15496 361 5165 15497 327 5166 15498 348 5166 15499 328 5166 15500 270 5167 15501 266 5167 15502 315 5167 15503 279 5168 15504 309 5168 15505 978 5168 15506 309 5169 15507 306 5169 15508 977 5169 15509 309 5170 15510 977 5170 15511 978 5170 15512 978 5171 15513 977 5171 15514 979 5171 15515 978 5172 15516 979 5172 15517 980 5172 15518 280 5173 15519 978 5173 15520 980 5173 15521 279 5174 15522 978 5174 15523 280 5174 15524 980 5175 15525 979 5175 15526 981 5175 15527 980 5176 15528 981 5176 15529 982 5176 15530 982 5177 15531 280 5177 15532 980 5177 15533 983 5178 15534 982 5178 15535 981 5178 15536 981 5179 15537 297 5179 15538 983 5179 15539 983 5180 15540 297 5180 15541 984 5180 15542 297 5181 15543 985 5181 15544 984 5181 15545 984 5182 15546 985 5182 15547 986 5182 15548 984 5183 15549 986 5183 15550 987 5183 15551 987 5184 15552 985 5184 15553 295 5184 15554 987 5185 15555 986 5185 15556 985 5185 15557 987 5186 15558 293 5186 15559 988 5186 15560 987 5187 15561 988 5187 15562 989 5187 15563 989 5188 15564 983 5188 15565 984 5188 15566 987 5189 15567 989 5189 15568 984 5189 15569 988 5190 15570 983 5190 15571 989 5190 15572 293 5191 15573 990 5191 15574 988 5191 15575 282 5192 15576 988 5192 15577 990 5192 15578 990 5193 15579 293 5193 15580 287 5193 15581 287 5194 15582 282 5194 15583 990 5194 15584 280 5195 15585 988 5195 15586 282 5195 15587 280 5196 15588 982 5196 15589 988 5196 15590 983 5197 15591 988 5197 15592 982 5197 15593 297 5198 15594 981 5198 15595 979 5198 15596 977 5199 15597 296 5199 15598 979 5199 15599 979 5200 15600 296 5200 15601 297 5200 15602 306 5201 15603 296 5201 15604 977 5201 15605 308 5202 15606 303 5202 15607 305 5202 15608 303 5203 15609 299 5203 15610 306 5203 15611 306 5204 15612 299 5204 15613 296 5204 15614 287 5205 15615 293 5205 15616 291 5205 15617 284 5206 15618 991 5206 15619 281 5206 15620 283 5207 15621 237 5207 15622 284 5207 15623 991 5208 15624 284 5208 15625 240 5208 15626 284 5209 15627 237 5209 15628 240 5209 15629 281 5210 15630 991 5210 15631 992 5210 15632 241 5211 15633 992 5211 15634 991 5211 15635 241 5212 15636 991 5212 15637 240 5212 15638 243 5213 15639 992 5213 15640 241 5213 15641 994 5214 15642 281 5214 15643 992 5214 15644 992 5215 15645 243 5215 15646 994 5215 15647 994 5216 15648 243 5216 15649 993 5216 15650 279 5217 15651 994 5217 15652 995 5217 15653 994 5218 15654 993 5218 15655 996 5218 15656 994 5219 15657 996 5219 15658 257 5219 15659 257 5220 15660 996 5220 15661 244 5220 15662 998 5221 15663 995 5221 15664 257 5221 15665 257 5222 15666 995 5222 15667 994 5222 15668 998 5223 15669 997 5223 15670 995 5223 15671 995 5224 15672 997 5224 15673 1000 5224 15674 997 5225 15675 258 5225 15676 1000 5225 15677 258 5226 15678 999 5226 15679 1000 5226 15680 995 5227 15681 1000 5227 15682 1001 5227 15683 1004 5228 15684 995 5228 15685 1001 5228 15686 1002 5229 15687 1004 5229 15688 1003 5229 15689 1004 5230 15690 279 5230 15691 995 5230 15692 1004 5231 15693 1002 5231 15694 275 5231 15695 1001 5232 15696 1003 5232 15697 1004 5232 15698 1001 5233 15699 999 5233 15700 1003 5233 15701 1007 5234 15702 1003 5234 15703 999 5234 15704 999 5235 15705 260 5235 15706 1007 5235 15707 999 5236 15708 258 5236 15709 260 5236 15710 271 5237 15711 1002 5237 15712 1005 5237 15713 1005 5238 15714 1002 5238 15715 1006 5238 15716 261 5239 15717 271 5239 15718 1005 5239 15719 1005 5240 15720 1007 5240 15721 261 5240 15722 260 5241 15723 261 5241 15724 1007 5241 15725 1006 5242 15726 1007 5242 15727 1005 5242 15728 275 5243 15729 1002 5243 15730 271 5243 15731 1006 5244 15732 1002 5244 15733 1003 5244 15734 1006 5245 15735 1003 5245 15736 1007 5245 15737 999 5246 15738 1001 5246 15739 1000 5246 15740 993 5247 15741 245 5247 15742 996 5247 15743 996 5248 15744 245 5248 15745 244 5248 15746 243 5249 15747 245 5249 15748 993 5249 15749 994 5250 15750 279 5250 15751 281 5250 15752 275 5251 15753 274 5251 15754 1004 5251 15755 272 5252 15756 277 5252 15757 267 5252 15758 257 5253 15759 244 5253 15760 256 5253 15761 256 5254 15762 244 5254 15763 247 5254 15764 253 5255 15765 248 5255 15766 250 5255 15767 256 5256 15768 248 5256 15769 253 5256 15770 1008 5257 15771 1112 5257 15772 2474 5257 15773 1010 5258 15774 1009 5258 15775 1011 5258 15776 1112 5259 15777 1011 5259 15778 1009 5259 15779 1014 5260 15780 1011 5260 15781 1012 5260 15782 1008 5261 15783 1012 5261 15784 1011 5261 15785 1008 5262 15786 1013 5262 15787 1012 5262 15788 1013 5263 15789 1015 5263 15790 1012 5263 15791 1015 5264 15792 1016 5264 15793 1012 5264 15794 1017 5265 15795 1019 5265 15796 1016 5265 15797 1016 5266 15798 1018 5266 15799 1017 5266 15800 1015 5267 15801 1018 5267 15802 1016 5267 15803 1016 5268 15804 1019 5268 15805 1020 5268 15806 1012 5269 15807 1016 5269 15808 1020 5269 15809 1014 5270 15810 1012 5270 15811 1020 5270 15812 1020 5271 15813 1021 5271 15814 1014 5271 15815 1020 5272 15816 1265 5272 15817 1021 5272 15818 1014 5273 15819 1021 5273 15820 1022 5273 15821 1023 5274 15822 1022 5274 15823 1021 5274 15824 1022 5275 15825 1023 5275 15826 1025 5275 15827 1022 5276 15828 1025 5276 15829 1010 5276 15830 1010 5277 15831 1014 5277 15832 1022 5277 15833 1265 5278 15834 1023 5278 15835 1021 5278 15836 1024 5279 15837 1025 5279 15838 1023 5279 15839 1029 5280 15840 1026 5280 15841 1025 5280 15842 1024 5281 15843 1029 5281 15844 1025 5281 15845 1027 5282 15846 1029 5282 15847 1024 5282 15848 1029 5283 15849 1027 5283 15850 1030 5283 15851 1027 5284 15852 1028 5284 15853 1030 5284 15854 1031 5285 15855 1029 5285 15856 1030 5285 15857 1031 5286 15858 1033 5286 15859 1029 5286 15860 1032 5287 15861 1033 5287 15862 1031 5287 15863 1034 5288 15864 1026 5288 15865 1033 5288 15866 1025 5289 15867 1026 5289 15868 1034 5289 15869 1034 5290 15870 1009 5290 15871 1025 5290 15872 1034 5291 15873 1035 5291 15874 1009 5291 15875 1035 5292 15876 1036 5292 15877 1009 5292 15878 1038 5293 15879 1009 5293 15880 1036 5293 15881 1037 5294 15882 1038 5294 15883 1036 5294 15884 1039 5295 15885 1009 5295 15886 1038 5295 15887 1042 5296 15888 1038 5296 15889 1037 5296 15890 1039 5297 15891 1038 5297 15892 1040 5297 15893 1041 5298 15894 1040 5298 15895 1038 5298 15896 1041 5299 15897 1038 5299 15898 1042 5299 15899 1040 5300 15900 1041 5300 15901 1043 5300 15902 1041 5301 15903 1042 5301 15904 1045 5301 15905 1041 5302 15906 1044 5302 15907 1043 5302 15908 1041 5303 15909 1045 5303 15910 1044 5303 15911 1045 5304 15912 1046 5304 15913 1044 5304 15914 1046 5305 15915 1047 5305 15916 1044 5305 15917 1048 5306 15918 1044 5306 15919 1047 5306 15920 1383 5307 15921 1047 5307 15922 1046 5307 15923 1383 5308 15924 1050 5308 15925 1049 5308 15926 1260 5309 15927 1050 5309 15928 1028 5309 15929 1028 5310 15930 1050 5310 15931 1051 5310 15932 1260 5311 15933 1049 5311 15934 1050 5311 15935 1052 5312 15936 1051 5312 15937 1050 5312 15938 1053 5313 15939 1028 5313 15940 1051 5313 15941 1052 5314 15942 1054 5314 15943 1051 5314 15944 1051 5315 15945 1054 5315 15946 1053 5315 15947 1056 5316 15948 1028 5316 15949 1053 5316 15950 1056 5317 15951 1053 5317 15952 1055 5317 15953 1372 5318 15954 1053 5318 15955 1054 5318 15956 1056 5319 15957 2209 5319 15958 1057 5319 15959 1056 5320 15960 1059 5320 15961 2209 5320 15962 1057 5321 15963 1060 5321 15964 1056 5321 15965 1056 5322 15966 1055 5322 15967 1058 5322 15968 1058 5323 15969 1059 5323 15970 1056 5323 15971 1056 5324 15972 1060 5324 15973 1028 5324 15974 1061 5325 15975 1060 5325 15976 1074 5325 15977 1057 5326 15978 1671 5326 15979 1060 5326 15980 1028 5327 15981 1060 5327 15982 1061 5327 15983 1061 5328 15984 1062 5328 15985 1063 5328 15986 1063 5329 15987 1062 5329 15988 1064 5329 15989 1032 5330 15990 1063 5330 15991 1064 5330 15992 1031 5331 15993 1063 5331 15994 1032 5331 15995 1063 5332 15996 1031 5332 15997 1061 5332 15998 1065 5333 15999 2428 5333 16000 1064 5333 16001 1062 5334 16002 1065 5334 16003 1064 5334 16004 1066 5335 16005 1067 5335 16006 1065 5335 16007 1062 5336 16008 1066 5336 16009 1065 5336 16010 1065 5337 16011 1067 5337 16012 2429 5337 16013 1066 5338 16014 1062 5338 16015 1068 5338 16016 1068 5339 16017 1069 5339 16018 2431 5339 16019 1070 5340 16020 1069 5340 16021 1068 5340 16022 1061 5341 16023 1071 5341 16024 1070 5341 16025 1070 5342 16026 1062 5342 16027 1061 5342 16028 1061 5343 16029 1074 5343 16030 1071 5343 16031 1071 5344 16032 1072 5344 16033 1069 5344 16034 1073 5345 16035 1072 5345 16036 1071 5345 16037 1071 5346 16038 1069 5346 16039 1070 5346 16040 1073 5347 16041 1071 5347 16042 1074 5347 16043 1075 5348 16044 1073 5348 16045 1074 5348 16046 1074 5349 16047 1060 5349 16048 1075 5349 16049 1075 5350 16050 1060 5350 16051 1670 5350 16052 1670 5351 16053 2416 5351 16054 1075 5351 16055 1075 5352 16056 1076 5352 16057 1073 5352 16058 1078 5353 16059 1077 5353 16060 1076 5353 16061 1078 5354 16062 1080 5354 16063 1077 5354 16064 1078 5355 16065 1079 5355 16066 1080 5355 16067 1082 5356 16068 1081 5356 16069 1080 5356 16070 1081 5357 16071 1077 5357 16072 1080 5357 16073 1080 5358 16074 1536 5358 16075 1082 5358 16076 1080 5359 16077 1079 5359 16078 1536 5359 16079 1082 5360 16080 1536 5360 16081 1088 5360 16082 1082 5361 16083 1083 5361 16084 1081 5361 16085 1084 5362 16086 1072 5362 16087 1083 5362 16088 1085 5363 16089 1084 5363 16090 1083 5363 16091 1085 5364 16092 1083 5364 16093 1082 5364 16094 1072 5365 16095 1081 5365 16096 1083 5365 16097 1085 5366 16098 1087 5366 16099 1086 5366 16100 1085 5367 16101 1088 5367 16102 1087 5367 16103 1082 5368 16104 1088 5368 16105 1085 5368 16106 1087 5369 16107 1088 5369 16108 1537 5369 16109 1087 5370 16110 1089 5370 16111 1090 5370 16112 1537 5371 16113 1089 5371 16114 1087 5371 16115 1090 5372 16116 1086 5372 16117 1087 5372 16118 1090 5373 16119 1600 5373 16120 1092 5373 16121 1092 5374 16122 1600 5374 16123 1091 5374 16124 1085 5375 16125 1086 5375 16126 1092 5375 16127 1092 5376 16128 1093 5376 16129 1085 5376 16130 1092 5377 16131 1094 5377 16132 1093 5377 16133 1090 5378 16134 1092 5378 16135 1086 5378 16136 1093 5379 16137 1094 5379 16138 1067 5379 16139 1095 5380 16140 1067 5380 16141 1094 5380 16142 1094 5381 16143 1096 5381 16144 1095 5381 16145 1094 5382 16146 1097 5382 16147 1096 5382 16148 1094 5383 16149 1091 5383 16150 1097 5383 16151 1094 5384 16152 1092 5384 16153 1091 5384 16154 1601 5385 16155 1097 5385 16156 1091 5385 16157 1601 5386 16158 1098 5386 16159 1097 5386 16160 1096 5387 16161 1097 5387 16162 1098 5387 16163 1096 5388 16164 1098 5388 16165 1099 5388 16166 1601 5389 16167 1101 5389 16168 1098 5389 16169 1098 5390 16170 1101 5390 16171 1099 5390 16172 1101 5391 16173 1100 5391 16174 1099 5391 16175 1103 5392 16176 1100 5392 16177 1101 5392 16178 1103 5393 16179 1101 5393 16180 1598 5393 16181 1598 5394 16182 1101 5394 16183 1102 5394 16184 1106 5395 16185 1602 5395 16186 1103 5395 16187 1104 5396 16188 1103 5396 16189 1602 5396 16190 1105 5397 16191 1100 5397 16192 1103 5397 16193 1105 5398 16194 1103 5398 16195 1104 5398 16196 1103 5399 16197 1598 5399 16198 1106 5399 16199 1107 5400 16200 1099 5400 16201 1100 5400 16202 1108 5401 16203 1107 5401 16204 1109 5401 16205 1108 5402 16206 1109 5402 16207 1110 5402 16208 1111 5403 16209 1114 5403 16210 1108 5403 16211 1108 5404 16212 1110 5404 16213 1111 5404 16214 1039 5405 16215 1113 5405 16216 1111 5405 16217 1111 5406 16218 1113 5406 16219 1114 5406 16220 1112 5407 16221 1039 5407 16222 1111 5407 16223 1111 5408 16224 1110 5408 16225 1112 5408 16226 1110 5409 16227 2474 5409 16228 1112 5409 16229 1113 5410 16230 1039 5410 16231 1043 5410 16232 1113 5411 16233 1043 5411 16234 1257 5411 16235 1115 5412 16236 1114 5412 16237 1113 5412 16238 1117 5413 16239 1114 5413 16240 1115 5413 16241 1117 5414 16242 1116 5414 16243 1114 5414 16244 1116 5415 16245 1119 5415 16246 1118 5415 16247 1116 5416 16248 1118 5416 16249 1108 5416 16250 1119 5417 16251 1116 5417 16252 1122 5417 16253 1116 5418 16254 1108 5418 16255 1114 5418 16256 1122 5419 16257 1120 5419 16258 1119 5419 16259 1121 5420 16260 1120 5420 16261 1122 5420 16262 1121 5421 16263 1124 5421 16264 1120 5421 16265 1124 5422 16266 1121 5422 16267 1123 5422 16268 1124 5423 16269 1126 5423 16270 1120 5423 16271 1127 5424 16272 1124 5424 16273 1125 5424 16274 1123 5425 16275 1125 5425 16276 1124 5425 16277 1126 5426 16278 1124 5426 16279 1127 5426 16280 1129 5427 16281 1126 5427 16282 1127 5427 16283 1127 5428 16284 1131 5428 16285 1128 5428 16286 1130 5429 16287 1127 5429 16288 1128 5429 16289 1129 5430 16290 1127 5430 16291 1130 5430 16292 1131 5431 16293 1127 5431 16294 1125 5431 16295 1131 5432 16296 1144 5432 16297 1145 5432 16298 1144 5433 16299 1131 5433 16300 1125 5433 16301 1145 5434 16302 1132 5434 16303 1131 5434 16304 1128 5435 16305 1131 5435 16306 1132 5435 16307 1133 5436 16308 1395 5436 16309 1132 5436 16310 1395 5437 16311 1128 5437 16312 1132 5437 16313 1133 5438 16314 1132 5438 16315 1145 5438 16316 1395 5439 16317 1133 5439 16318 1134 5439 16319 1135 5440 16320 1134 5440 16321 1133 5440 16322 1137 5441 16323 1134 5441 16324 1135 5441 16325 1137 5442 16326 1136 5442 16327 1134 5442 16328 1138 5443 16329 1136 5443 16330 1137 5443 16331 1139 5444 16332 1137 5444 16333 1135 5444 16334 1138 5445 16335 1137 5445 16336 1139 5445 16337 1641 5446 16338 1139 5446 16339 1141 5446 16340 1139 5447 16341 1135 5447 16342 1141 5447 16343 1141 5448 16344 1135 5448 16345 1140 5448 16346 1141 5449 16347 1140 5449 16348 1143 5449 16349 1641 5450 16350 1141 5450 16351 1147 5450 16352 1141 5451 16353 1142 5451 16354 1147 5451 16355 1141 5452 16356 1143 5452 16357 1142 5452 16358 1140 5453 16359 1145 5453 16360 1143 5453 16361 1143 5454 16362 1144 5454 16363 1142 5454 16364 1143 5455 16365 1145 5455 16366 1144 5455 16367 1140 5456 16368 1133 5456 16369 1145 5456 16370 1142 5457 16371 1144 5457 16372 1123 5457 16373 1147 5458 16374 1142 5458 16375 1146 5458 16376 1142 5459 16377 1123 5459 16378 1146 5459 16379 1249 5460 16380 1146 5460 16381 2486 5460 16382 1146 5461 16383 1121 5461 16384 2486 5461 16385 1146 5462 16386 1123 5462 16387 1121 5462 16388 1147 5463 16389 1146 5463 16390 1249 5463 16391 1641 5464 16392 1147 5464 16393 1150 5464 16394 1150 5465 16395 1147 5465 16396 1249 5465 16397 1605 5466 16398 1150 5466 16399 1153 5466 16400 1149 5467 16401 1153 5467 16402 1150 5467 16403 1148 5468 16404 1150 5468 16405 1168 5468 16406 1149 5469 16407 1150 5469 16408 1148 5469 16409 1641 5470 16410 1150 5470 16411 1605 5470 16412 1151 5471 16413 1605 5471 16414 1155 5471 16415 1605 5472 16416 1153 5472 16417 1155 5472 16418 1155 5473 16419 1153 5473 16420 1154 5473 16421 1152 5474 16422 1156 5474 16423 1153 5474 16424 1154 5475 16425 1153 5475 16426 1156 5475 16427 1157 5476 16428 1155 5476 16429 1154 5476 16430 1157 5477 16431 1660 5477 16432 1155 5477 16433 1158 5478 16434 1660 5478 16435 1157 5478 16436 1159 5479 16437 1158 5479 16438 1157 5479 16439 1161 5480 16440 1159 5480 16441 1157 5480 16442 1161 5481 16443 1160 5481 16444 1159 5481 16445 1162 5482 16446 1160 5482 16447 1161 5482 16448 1163 5483 16449 1162 5483 16450 1164 5483 16451 1164 5484 16452 1162 5484 16453 1161 5484 16454 1164 5485 16455 1156 5485 16456 1163 5485 16457 1165 5486 16458 1156 5486 16459 1164 5486 16460 1154 5487 16461 1156 5487 16462 1165 5487 16463 1161 5488 16464 1165 5488 16465 1164 5488 16466 1161 5489 16467 1157 5489 16468 1165 5489 16469 1157 5490 16470 1154 5490 16471 1165 5490 16472 1152 5491 16473 1166 5491 16474 1156 5491 16475 1156 5492 16476 1166 5492 16477 1163 5492 16478 1167 5493 16479 1163 5493 16480 1166 5493 16481 1166 5494 16482 1152 5494 16483 1149 5494 16484 1149 5495 16485 1167 5495 16486 1166 5495 16487 1167 5496 16488 1168 5496 16489 1169 5496 16490 1167 5497 16491 1148 5497 16492 1168 5497 16493 1169 5498 16494 1168 5498 16495 1170 5498 16496 1248 5499 16497 1172 5499 16498 1170 5499 16499 1170 5500 16500 1168 5500 16501 1248 5500 16502 1171 5501 16503 1170 5501 16504 1172 5501 16505 1174 5502 16506 1172 5502 16507 1173 5502 16508 1171 5503 16509 1172 5503 16510 1174 5503 16511 1174 5504 16512 1163 5504 16513 1167 5504 16514 1174 5505 16515 1167 5505 16516 1171 5505 16517 1172 5506 16518 2487 5506 16519 1173 5506 16520 1176 5507 16521 1175 5507 16522 2487 5507 16523 1176 5508 16524 1177 5508 16525 1175 5508 16526 1176 5509 16527 1179 5509 16528 1177 5509 16529 1177 5510 16530 1179 5510 16531 1178 5510 16532 1181 5511 16533 1179 5511 16534 1176 5511 16535 1180 5512 16536 1178 5512 16537 1179 5512 16538 1180 5513 16539 1179 5513 16540 1183 5513 16541 1179 5514 16542 1182 5514 16543 1185 5514 16544 1179 5515 16545 1181 5515 16546 1182 5515 16547 1179 5516 16548 1184 5516 16549 1183 5516 16550 1185 5517 16551 1184 5517 16552 1179 5517 16553 1186 5518 16554 1188 5518 16555 1185 5518 16556 2492 5519 16557 1186 5519 16558 1185 5519 16559 2492 5520 16560 1185 5520 16561 1187 5520 16562 1185 5521 16563 1182 5521 16564 1187 5521 16565 1185 5522 16566 1188 5522 16567 1189 5522 16568 1185 5523 16569 1189 5523 16570 1184 5523 16571 1188 5524 16572 1190 5524 16573 1189 5524 16574 1191 5525 16575 1184 5525 16576 1189 5525 16577 1191 5526 16578 1189 5526 16579 1190 5526 16580 1192 5527 16581 1191 5527 16582 1190 5527 16583 1184 5528 16584 1191 5528 16585 1183 5528 16586 1183 5529 16587 1191 5529 16588 1180 5529 16589 1180 5530 16590 1191 5530 16591 1192 5530 16592 1192 5531 16593 1193 5531 16594 1194 5531 16595 1193 5532 16596 1192 5532 16597 1196 5532 16598 1192 5533 16599 1194 5533 16600 1197 5533 16601 1192 5534 16602 1190 5534 16603 1195 5534 16604 1196 5535 16605 1192 5535 16606 1195 5535 16607 1180 5536 16608 1192 5536 16609 1197 5536 16610 1202 5537 16611 1197 5537 16612 1194 5537 16613 1198 5538 16614 1197 5538 16615 1202 5538 16616 1198 5539 16617 1180 5539 16618 1197 5539 16619 1178 5540 16620 1180 5540 16621 1198 5540 16622 1178 5541 16623 1198 5541 16624 1177 5541 16625 1200 5542 16626 1177 5542 16627 1198 5542 16628 1199 5543 16629 1200 5543 16630 1201 5543 16631 1198 5544 16632 1201 5544 16633 1200 5544 16634 1202 5545 16635 1201 5545 16636 1198 5545 16637 1104 5546 16638 1201 5546 16639 1202 5546 16640 1105 5547 16641 1202 5547 16642 1203 5547 16643 1105 5548 16644 1104 5548 16645 1202 5548 16646 1205 5549 16647 1105 5549 16648 1203 5549 16649 1205 5550 16650 1203 5550 16651 1204 5550 16652 1203 5551 16653 1202 5551 16654 1193 5551 16655 1195 5552 16656 1203 5552 16657 1196 5552 16658 1195 5553 16659 1210 5553 16660 1203 5553 16661 1203 5554 16662 1210 5554 16663 1204 5554 16664 1203 5555 16665 1193 5555 16666 1196 5555 16667 1206 5556 16668 1205 5556 16669 1207 5556 16670 1105 5557 16671 1205 5557 16672 1206 5557 16673 1204 5558 16674 1207 5558 16675 1205 5558 16676 1210 5559 16677 1207 5559 16678 1204 5559 16679 1210 5560 16680 1209 5560 16681 1207 5560 16682 1207 5561 16683 1209 5561 16684 1208 5561 16685 1209 5562 16686 1210 5562 16687 1188 5562 16688 1210 5563 16689 1190 5563 16690 1188 5563 16691 1209 5564 16692 1188 5564 16693 1211 5564 16694 1212 5565 16695 1209 5565 16696 1211 5565 16697 1209 5566 16698 1212 5566 16699 2465 5566 16700 2465 5567 16701 1212 5567 16702 1213 5567 16703 1212 5568 16704 1214 5568 16705 1213 5568 16706 1214 5569 16707 1216 5569 16708 1213 5569 16709 2465 5570 16710 1213 5570 16711 1215 5570 16712 1215 5571 16713 1213 5571 16714 1216 5571 16715 1217 5572 16716 1215 5572 16717 1216 5572 16718 1214 5573 16719 1217 5573 16720 1216 5573 16721 1218 5574 16722 1217 5574 16723 1219 5574 16724 1218 5575 16725 1215 5575 16726 1217 5575 16727 1217 5576 16728 1214 5576 16729 1219 5576 16730 1220 5577 16731 1218 5577 16732 1219 5577 16733 1219 5578 16734 1214 5578 16735 1220 5578 16736 1220 5579 16737 1225 5579 16738 1218 5579 16739 1220 5580 16740 1222 5580 16741 1225 5580 16742 1214 5581 16743 1221 5581 16744 1220 5581 16745 1221 5582 16746 1222 5582 16747 1220 5582 16748 1223 5583 16749 1224 5583 16750 1222 5583 16751 1222 5584 16752 1224 5584 16753 1225 5584 16754 1222 5585 16755 1228 5585 16756 1223 5585 16757 1228 5586 16758 1226 5586 16759 1227 5586 16760 1226 5587 16761 1228 5587 16762 1222 5587 16763 1223 5588 16764 1228 5588 16765 1230 5588 16766 1230 5589 16767 1229 5589 16768 1223 5589 16769 1230 5590 16770 1232 5590 16771 1231 5590 16772 1232 5591 16773 1230 5591 16774 1234 5591 16775 1234 5592 16776 1230 5592 16777 1239 5592 16778 1236 5593 16779 1235 5593 16780 1234 5593 16781 1235 5594 16782 1236 5594 16783 1238 5594 16784 1238 5595 16785 1236 5595 16786 1237 5595 16787 1237 5596 16788 1236 5596 16789 1239 5596 16790 1237 5597 16791 1239 5597 16792 1243 5597 16793 1239 5598 16794 1240 5598 16795 1243 5598 16796 1243 5599 16797 1240 5599 16798 1242 5599 16799 1241 5600 16800 1242 5600 16801 1240 5600 16802 1244 5601 16803 1245 5601 16804 1241 5601 16805 1245 5602 16806 1228 5602 16807 1227 5602 16808 1228 5603 16809 1245 5603 16810 1244 5603 16811 1245 5604 16812 1227 5604 16813 1246 5604 16814 2496 5605 16815 1247 5605 16816 1246 5605 16817 1246 5606 16818 1247 5606 16819 1242 5606 16820 1248 5607 16821 1247 5607 16822 2496 5607 16823 1248 5608 16824 1250 5608 16825 1247 5608 16826 1250 5609 16827 1117 5609 16828 1115 5609 16829 1248 5610 16830 1249 5610 16831 1250 5610 16832 1249 5611 16833 1117 5611 16834 1250 5611 16835 1247 5612 16836 1250 5612 16837 2450 5612 16838 2450 5613 16839 1250 5613 16840 1251 5613 16841 1250 5614 16842 1115 5614 16843 1251 5614 16844 1251 5615 16845 1115 5615 16846 1252 5615 16847 1251 5616 16848 1252 5616 16849 1255 5616 16850 2450 5617 16851 1251 5617 16852 1255 5617 16853 1253 5618 16854 2450 5618 16855 1255 5618 16856 1256 5619 16857 1254 5619 16858 1253 5619 16859 1256 5620 16860 1253 5620 16861 1255 5620 16862 1256 5621 16863 1113 5621 16864 1257 5621 16865 1254 5622 16866 1256 5622 16867 1257 5622 16868 1048 5623 16869 1254 5623 16870 1044 5623 16871 1044 5624 16872 1254 5624 16873 1043 5624 16874 1043 5625 16875 1254 5625 16876 1257 5625 16877 1256 5626 16878 1252 5626 16879 1113 5626 16880 1255 5627 16881 1252 5627 16882 1256 5627 16883 1048 5628 16884 1253 5628 16885 1254 5628 16886 1048 5629 16887 1047 5629 16888 1258 5629 16889 2453 5630 16890 1253 5630 16891 1048 5630 16892 1048 5631 16893 1258 5631 16894 2453 5631 16895 1258 5632 16896 1047 5632 16897 1383 5632 16898 1383 5633 16899 1049 5633 16900 1258 5633 16901 1049 5634 16902 1261 5634 16903 1258 5634 16904 1259 5635 16905 2453 5635 16906 1258 5635 16907 1258 5636 16908 1261 5636 16909 1259 5636 16910 1261 5637 16911 1049 5637 16912 1260 5637 16913 1259 5638 16914 1261 5638 16915 1262 5638 16916 1260 5639 16917 1024 5639 16918 1261 5639 16919 1262 5640 16920 1261 5640 16921 1024 5640 16922 1262 5641 16923 1024 5641 16924 1023 5641 16925 1023 5642 16926 1265 5642 16927 1262 5642 16928 1262 5643 16929 1265 5643 16930 1264 5643 16931 1262 5644 16932 1264 5644 16933 1259 5644 16934 1259 5645 16935 1264 5645 16936 1263 5645 16937 1263 5646 16938 1264 5646 16939 1267 5646 16940 1265 5647 16941 1268 5647 16942 1264 5647 16943 1019 5648 16944 1265 5648 16945 1020 5648 16946 1019 5649 16947 1268 5649 16948 1265 5649 16949 1267 5650 16950 1264 5650 16951 1268 5650 16952 1266 5651 16953 1268 5651 16954 1019 5651 16955 1267 5652 16956 1269 5652 16957 1263 5652 16958 1270 5653 16959 2452 5653 16960 1269 5653 16961 1271 5654 16962 1270 5654 16963 1274 5654 16964 1270 5655 16965 1271 5655 16966 2452 5655 16967 1274 5656 16968 1270 5656 16969 1272 5656 16970 1274 5657 16971 1272 5657 16972 1273 5657 16973 1271 5658 16974 1274 5658 16975 1276 5658 16976 1274 5659 16977 1275 5659 16978 1276 5659 16979 2457 5660 16980 1275 5660 16981 1274 5660 16982 1278 5661 16983 1276 5661 16984 1277 5661 16985 1277 5662 16986 1276 5662 16987 1275 5662 16988 1278 5663 16989 1271 5663 16990 1276 5663 16991 1279 5664 16992 1278 5664 16993 1277 5664 16994 1279 5665 16995 1277 5665 16996 1287 5665 16997 1275 5666 16998 1287 5666 16999 1277 5666 17000 1279 5667 17001 1287 5667 17002 1286 5667 17003 1284 5668 17004 1279 5668 17005 1286 5668 17006 1279 5669 17007 1284 5669 17008 1280 5669 17009 1283 5670 17010 1280 5670 17011 1284 5670 17012 1282 5671 17013 1281 5671 17014 1280 5671 17015 1282 5672 17016 1280 5672 17017 1283 5672 17018 1293 5673 17019 1282 5673 17020 1283 5673 17021 1284 5674 17022 1286 5674 17023 1285 5674 17024 1287 5675 17025 1285 5675 17026 1286 5675 17027 1302 5676 17028 1285 5676 17029 1287 5676 17030 1285 5677 17031 1302 5677 17032 1290 5677 17033 1275 5678 17034 1302 5678 17035 1287 5678 17036 1290 5679 17037 1302 5679 17038 1288 5679 17039 1288 5680 17040 1289 5680 17041 1290 5680 17042 1288 5681 17043 1292 5681 17044 1289 5681 17045 1285 5682 17046 1290 5682 17047 1291 5682 17048 1291 5683 17049 1290 5683 17050 1289 5683 17051 1284 5684 17052 1285 5684 17053 1291 5684 17054 1291 5685 17055 1293 5685 17056 1283 5685 17057 1283 5686 17058 1284 5686 17059 1291 5686 17060 1289 5687 17061 1293 5687 17062 1291 5687 17063 1293 5688 17064 1289 5688 17065 1292 5688 17066 1293 5689 17067 1292 5689 17068 1294 5689 17069 1294 5690 17070 1295 5690 17071 1293 5690 17072 1294 5691 17073 1296 5691 17074 1295 5691 17075 1297 5692 17076 1296 5692 17077 1294 5692 17078 1294 5693 17079 1292 5693 17080 1297 5693 17081 1297 5694 17082 1299 5694 17083 1298 5694 17084 1296 5695 17085 1297 5695 17086 1298 5695 17087 1297 5696 17088 1300 5696 17089 1299 5696 17090 1300 5697 17091 1301 5697 17092 1299 5697 17093 1301 5698 17094 1300 5698 17095 1288 5698 17096 1292 5699 17097 1288 5699 17098 1300 5699 17099 1303 5700 17100 1288 5700 17101 1302 5700 17102 1304 5701 17103 1305 5701 17104 1303 5701 17105 1303 5702 17106 1302 5702 17107 1304 5702 17108 1305 5703 17109 1301 5703 17110 1303 5703 17111 1301 5704 17112 1288 5704 17113 1303 5704 17114 1305 5705 17115 1306 5705 17116 1307 5705 17117 1306 5706 17118 1305 5706 17119 1304 5706 17120 1305 5707 17121 1307 5707 17122 1308 5707 17123 1310 5708 17124 1305 5708 17125 1308 5708 17126 1305 5709 17127 1309 5709 17128 1301 5709 17129 1310 5710 17130 1309 5710 17131 1305 5710 17132 1310 5711 17133 1229 5711 17134 1312 5711 17135 1229 5712 17136 1310 5712 17137 2455 5712 17138 2455 5713 17139 1310 5713 17140 1308 5713 17141 1311 5714 17142 1309 5714 17143 1310 5714 17144 1310 5715 17145 1312 5715 17146 1311 5715 17147 1313 5716 17148 1311 5716 17149 1312 5716 17150 1312 5717 17151 1314 5717 17152 1313 5717 17153 1312 5718 17154 1231 5718 17155 2454 5718 17156 1229 5719 17157 1231 5719 17158 1312 5719 17159 1312 5720 17160 2454 5720 17161 1314 5720 17162 1314 5721 17163 2454 5721 17164 2447 5721 17165 1315 5722 17166 1233 5722 17167 1235 5722 17168 1233 5723 17169 1315 5723 17170 2447 5723 17171 1315 5724 17172 1316 5724 17173 2447 5724 17174 1315 5725 17175 1271 5725 17176 2435 5725 17177 2451 5726 17178 1271 5726 17179 1315 5726 17180 1315 5727 17181 2444 5727 17182 1316 5727 17183 1315 5728 17184 1317 5728 17185 2444 5728 17186 1315 5729 17187 2435 5729 17188 1317 5729 17189 1317 5730 17190 2435 5730 17191 1318 5730 17192 2435 5731 17193 2437 5731 17194 1318 5731 17195 1318 5732 17196 2437 5732 17197 1319 5732 17198 2439 5733 17199 1318 5733 17200 1319 5733 17201 1319 5734 17202 1320 5734 17203 2439 5734 17204 1319 5735 17205 1321 5735 17206 1320 5735 17207 1321 5736 17208 2436 5736 17209 2438 5736 17210 1321 5737 17211 1322 5737 17212 1323 5737 17213 2438 5738 17214 1322 5738 17215 1321 5738 17216 2436 5739 17217 1321 5739 17218 1319 5739 17219 1323 5740 17220 1320 5740 17221 1321 5740 17222 1324 5741 17223 1325 5741 17224 1323 5741 17225 1324 5742 17226 1323 5742 17227 1322 5742 17228 1325 5743 17229 1320 5743 17230 1323 5743 17231 1325 5744 17232 1324 5744 17233 1326 5744 17234 1326 5745 17235 1320 5745 17236 1325 5745 17237 1298 5746 17238 1320 5746 17239 1326 5746 17240 1296 5747 17241 1298 5747 17242 1326 5747 17243 1326 5748 17244 1324 5748 17245 1296 5748 17246 1324 5749 17247 1327 5749 17248 1296 5749 17249 1327 5750 17250 1324 5750 17251 1322 5750 17252 1296 5751 17253 1327 5751 17254 1295 5751 17255 1327 5752 17256 1330 5752 17257 1295 5752 17258 1327 5753 17259 1322 5753 17260 1328 5753 17261 1331 5754 17262 1327 5754 17263 1328 5754 17264 1327 5755 17265 1329 5755 17266 1330 5755 17267 1329 5756 17268 1327 5756 17269 1331 5756 17270 1333 5757 17271 1332 5757 17272 1331 5757 17273 1332 5758 17274 1293 5758 17275 1331 5758 17276 1331 5759 17277 1293 5759 17278 1329 5759 17279 1328 5760 17280 1333 5760 17281 1331 5760 17282 1328 5761 17283 2438 5761 17284 1333 5761 17285 1322 5762 17286 2438 5762 17287 1328 5762 17288 1334 5763 17289 1335 5763 17290 1333 5763 17291 1335 5764 17292 1332 5764 17293 1333 5764 17294 1335 5765 17295 1336 5765 17296 1332 5765 17297 1335 5766 17298 1334 5766 17299 1337 5766 17300 1338 5767 17301 1335 5767 17302 1337 5767 17303 1339 5768 17304 1336 5768 17305 1338 5768 17306 1337 5769 17307 1339 5769 17308 1338 5769 17309 1336 5770 17310 1335 5770 17311 1338 5770 17312 1339 5771 17313 2320 5771 17314 1340 5771 17315 1339 5772 17316 1341 5772 17317 2320 5772 17318 1337 5773 17319 1341 5773 17320 1339 5773 17321 2320 5774 17322 1343 5774 17323 1342 5774 17324 1343 5775 17325 2320 5775 17326 1344 5775 17327 1344 5776 17328 2320 5776 17329 1345 5776 17330 2320 5777 17331 1341 5777 17332 1345 5777 17333 1345 5778 17334 1341 5778 17335 1346 5778 17336 1341 5779 17337 1334 5779 17338 1346 5779 17339 1346 5780 17340 1334 5780 17341 1347 5780 17342 1349 5781 17343 1347 5781 17344 1334 5781 17345 1349 5782 17346 1348 5782 17347 1347 5782 17348 1349 5783 17349 1334 5783 17350 1350 5783 17351 2437 5784 17352 1354 5784 17353 1353 5784 17354 1351 5785 17355 1350 5785 17356 1353 5785 17357 1351 5786 17358 1353 5786 17359 1352 5786 17360 1353 5787 17361 1354 5787 17362 1352 5787 17363 1353 5788 17364 1350 5788 17365 2436 5788 17366 2436 5789 17367 2437 5789 17368 1353 5789 17369 2435 5790 17370 1354 5790 17371 2437 5790 17372 1355 5791 17373 1352 5791 17374 1354 5791 17375 1355 5792 17376 1356 5792 17377 1352 5792 17378 1358 5793 17379 1356 5793 17380 1357 5793 17381 1356 5794 17382 1359 5794 17383 1357 5794 17384 1351 5795 17385 1356 5795 17386 1358 5795 17387 1351 5796 17388 1352 5796 17389 1356 5796 17390 1359 5797 17391 1356 5797 17392 1355 5797 17393 1355 5798 17394 1354 5798 17395 1359 5798 17396 1359 5799 17397 1354 5799 17398 1362 5799 17399 2402 5800 17400 1359 5800 17401 1362 5800 17402 1362 5801 17403 1361 5801 17404 2402 5801 17405 2402 5802 17406 1361 5802 17407 1360 5802 17408 1361 5803 17409 1271 5803 17410 1363 5803 17411 1362 5804 17412 1271 5804 17413 1361 5804 17414 1361 5805 17415 1363 5805 17416 2379 5805 17417 1363 5806 17418 1366 5806 17419 2379 5806 17420 2393 5807 17421 1366 5807 17422 1364 5807 17423 1366 5808 17424 1365 5808 17425 1364 5808 17426 2325 5809 17427 1366 5809 17428 2324 5809 17429 1367 5810 17430 1366 5810 17431 1368 5810 17432 1366 5811 17433 1367 5811 17434 1365 5811 17435 1368 5812 17436 1366 5812 17437 2325 5812 17438 2216 5813 17439 1370 5813 17440 1365 5813 17441 2216 5814 17442 1365 5814 17443 1367 5814 17444 1369 5815 17445 1365 5815 17446 1370 5815 17447 1370 5816 17448 2215 5816 17449 1055 5816 17450 1370 5817 17451 1055 5817 17452 1371 5817 17453 1055 5818 17454 1053 5818 17455 1371 5818 17456 1372 5819 17457 1371 5819 17458 1053 5819 17459 1371 5820 17460 1372 5820 17461 1370 5820 17462 1369 5821 17463 1370 5821 17464 1372 5821 17465 1369 5822 17466 1372 5822 17467 1373 5822 17468 1373 5823 17469 1374 5823 17470 1375 5823 17471 1374 5824 17472 1378 5824 17473 1375 5824 17474 1380 5825 17475 1378 5825 17476 1376 5825 17477 1376 5826 17478 1378 5826 17479 1377 5826 17480 2384 5827 17481 1375 5827 17482 1378 5827 17483 2384 5828 17484 1378 5828 17485 2360 5828 17486 1377 5829 17487 1378 5829 17488 1379 5829 17489 1379 5830 17490 1378 5830 17491 1381 5830 17492 1381 5831 17493 1378 5831 17494 1374 5831 17495 1381 5832 17496 1374 5832 17497 1382 5832 17498 1045 5833 17499 1381 5833 17500 1382 5833 17501 1042 5834 17502 1379 5834 17503 1381 5834 17504 1042 5835 17505 1381 5835 17506 1045 5835 17507 1383 5836 17508 1045 5836 17509 1382 5836 17510 1045 5837 17511 1383 5837 17512 1046 5837 17513 1382 5838 17514 1374 5838 17515 1384 5838 17516 1052 5839 17517 1384 5839 17518 1054 5839 17519 1382 5840 17520 1384 5840 17521 1052 5840 17522 1372 5841 17523 1384 5841 17524 1373 5841 17525 1372 5842 17526 1054 5842 17527 1384 5842 17528 1373 5843 17529 1384 5843 17530 1374 5843 17531 1383 5844 17532 1382 5844 17533 1052 5844 17534 1380 5845 17535 1385 5845 17536 1386 5845 17537 1380 5846 17538 1376 5846 17539 1385 5846 17540 1380 5847 17541 1386 5847 17542 1387 5847 17543 1391 5848 17544 1380 5848 17545 1387 5848 17546 1388 5849 17547 1390 5849 17548 1380 5849 17549 1388 5850 17550 1380 5850 17551 1391 5850 17552 1380 5851 17553 1389 5851 17554 1378 5851 17555 1389 5852 17556 1380 5852 17557 1390 5852 17558 1391 5853 17559 1392 5853 17560 1388 5853 17561 1391 5854 17562 1394 5854 17563 1392 5854 17564 1393 5855 17565 1394 5855 17566 1391 5855 17567 1391 5856 17568 1386 5856 17569 1393 5856 17570 1391 5857 17571 1387 5857 17572 1386 5857 17573 1128 5858 17574 1395 5858 17575 1394 5858 17576 1393 5859 17577 1128 5859 17578 1394 5859 17579 1394 5860 17580 1396 5860 17581 1392 5860 17582 1396 5861 17583 1394 5861 17584 1395 5861 17585 1396 5862 17586 1136 5862 17587 1423 5862 17588 1136 5863 17589 1396 5863 17590 1395 5863 17591 1422 5864 17592 1396 5864 17593 1423 5864 17594 1397 5865 17595 1392 5865 17596 1396 5865 17597 1396 5866 17598 1422 5866 17599 1397 5866 17600 1392 5867 17601 1397 5867 17602 1398 5867 17603 1399 5868 17604 1397 5868 17605 1424 5868 17606 1397 5869 17607 1422 5869 17608 1424 5869 17609 1398 5870 17610 1397 5870 17611 1403 5870 17612 1397 5871 17613 1399 5871 17614 1403 5871 17615 1398 5872 17616 1403 5872 17617 1400 5872 17618 1398 5873 17619 1400 5873 17620 1401 5873 17621 1400 5874 17622 1403 5874 17623 1402 5874 17624 1404 5875 17625 1403 5875 17626 1405 5875 17627 1404 5876 17628 1402 5876 17629 1403 5876 17630 1403 5877 17631 1399 5877 17632 1405 5877 17633 1408 5878 17634 1415 5878 17635 1407 5878 17636 1404 5879 17637 1415 5879 17638 1409 5879 17639 1404 5880 17640 1406 5880 17641 1415 5880 17642 1415 5881 17643 1406 5881 17644 1407 5881 17645 1402 5882 17646 1404 5882 17647 1409 5882 17648 1410 5883 17649 1402 5883 17650 1409 5883 17651 1410 5884 17652 2342 5884 17653 1402 5884 17654 1410 5885 17655 1409 5885 17656 1411 5885 17657 1412 5886 17658 1411 5886 17659 1414 5886 17660 1411 5887 17661 1412 5887 17662 1410 5887 17663 1685 5888 17664 1414 5888 17665 1689 5888 17666 1413 5889 17667 1414 5889 17668 1685 5889 17669 1414 5890 17670 1413 5890 17671 1412 5890 17672 1997 5891 17673 1689 5891 17674 1414 5891 17675 1408 5892 17676 1414 5892 17677 1415 5892 17678 2071 5893 17679 1997 5893 17680 1408 5893 17681 1997 5894 17682 1414 5894 17683 1408 5894 17684 2071 5895 17685 1408 5895 17686 2073 5895 17687 2073 5896 17688 1408 5896 17689 1416 5896 17690 1416 5897 17691 1408 5897 17692 1418 5897 17693 1417 5898 17694 2073 5898 17695 1416 5898 17696 1417 5899 17697 1416 5899 17698 1419 5899 17699 1419 5900 17700 1416 5900 17701 1418 5900 17702 1418 5901 17703 1408 5901 17704 1420 5901 17705 1418 5902 17706 1420 5902 17707 1138 5902 17708 1420 5903 17709 1421 5903 17710 1138 5903 17711 1421 5904 17712 1423 5904 17713 1138 5904 17714 1421 5905 17715 1422 5905 17716 1423 5905 17717 1138 5906 17718 1423 5906 17719 1136 5906 17720 1421 5907 17721 1424 5907 17722 1422 5907 17723 1425 5908 17724 1399 5908 17725 1424 5908 17726 1425 5909 17727 1424 5909 17728 1421 5909 17729 1420 5910 17730 1425 5910 17731 1421 5910 17732 1407 5911 17733 1425 5911 17734 1420 5911 17735 1406 5912 17736 1425 5912 17737 1407 5912 17738 1406 5913 17739 1399 5913 17740 1425 5913 17741 1420 5914 17742 1408 5914 17743 1407 5914 17744 1419 5915 17745 1418 5915 17746 1427 5915 17747 1426 5916 17748 1419 5916 17749 1427 5916 17750 1419 5917 17751 1426 5917 17752 1428 5917 17753 1428 5918 17754 1417 5918 17755 1419 5918 17756 1429 5919 17757 1428 5919 17758 1430 5919 17759 1430 5920 17760 1432 5920 17761 1431 5920 17762 1430 5921 17763 1431 5921 17764 1429 5921 17765 1430 5922 17766 1428 5922 17767 1426 5922 17768 1430 5923 17769 1426 5923 17770 1633 5923 17771 1633 5924 17772 1432 5924 17773 1430 5924 17774 1633 5925 17775 1433 5925 17776 1432 5925 17777 1633 5926 17778 1436 5926 17779 1433 5926 17780 1436 5927 17781 1435 5927 17782 1433 5927 17783 1435 5928 17784 1432 5928 17785 1433 5928 17786 2421 5929 17787 1435 5929 17788 1434 5929 17789 1434 5930 17790 1435 5930 17791 2419 5930 17792 2419 5931 17793 1435 5931 17794 1436 5931 17795 1438 5932 17796 2419 5932 17797 1436 5932 17798 2070 5933 17799 2419 5933 17800 1437 5933 17801 2419 5934 17802 1438 5934 17803 1437 5934 17804 1437 5935 17805 1438 5935 17806 1439 5935 17807 1444 5936 17808 1439 5936 17809 1438 5936 17810 1442 5937 17811 1439 5937 17812 1444 5937 17813 1441 5938 17814 1439 5938 17815 1440 5938 17816 1440 5939 17817 1439 5939 17818 1442 5939 17819 1636 5940 17820 1442 5940 17821 1444 5940 17822 1636 5941 17823 1443 5941 17824 1442 5941 17825 1463 5942 17826 1442 5942 17827 1443 5942 17828 1442 5943 17829 2141 5943 17830 2139 5943 17831 1445 5944 17832 1442 5944 17833 1453 5944 17834 2141 5945 17835 1442 5945 17836 1445 5945 17837 1453 5946 17838 1442 5946 17839 1463 5946 17840 1442 5947 17841 2139 5947 17842 1440 5947 17843 1448 5948 17844 1446 5948 17845 1447 5948 17846 1686 5949 17847 1446 5949 17848 1448 5949 17849 1449 5950 17850 1447 5950 17851 1450 5950 17852 1446 5951 17853 1450 5951 17854 1447 5951 17855 1452 5952 17856 1450 5952 17857 1451 5952 17858 1450 5953 17859 1445 5953 17860 1451 5953 17861 1445 5954 17862 1450 5954 17863 2141 5954 17864 2141 5955 17865 1450 5955 17866 1446 5955 17867 1453 5956 17868 1452 5956 17869 1451 5956 17870 1461 5957 17871 1460 5957 17872 1452 5957 17873 1452 5958 17874 1460 5958 17875 1454 5958 17876 1452 5959 17877 1453 5959 17878 1461 5959 17879 1455 5960 17880 1454 5960 17881 1456 5960 17882 1449 5961 17883 1454 5961 17884 1455 5961 17885 1460 5962 17886 1456 5962 17887 1454 5962 17888 1457 5963 17889 1456 5963 17890 1460 5963 17891 1457 5964 17892 1459 5964 17893 1456 5964 17894 1455 5965 17895 1456 5965 17896 1459 5965 17897 1455 5966 17898 1459 5966 17899 2414 5966 17900 1459 5967 17901 1457 5967 17902 1458 5967 17903 1460 5968 17904 1458 5968 17905 1457 5968 17906 1461 5969 17907 1458 5969 17908 1460 5969 17909 1465 5970 17910 1461 5970 17911 1462 5970 17912 1465 5971 17913 1458 5971 17914 1461 5971 17915 1461 5972 17916 1453 5972 17917 1462 5972 17918 1462 5973 17919 1453 5973 17920 1463 5973 17921 1462 5974 17922 1467 5974 17923 1464 5974 17924 1466 5975 17925 1462 5975 17926 1464 5975 17927 1465 5976 17928 1462 5976 17929 1466 5976 17930 1463 5977 17931 1467 5977 17932 1462 5977 17933 1468 5978 17934 1469 5978 17935 1467 5978 17936 1443 5979 17937 1468 5979 17938 1467 5979 17939 1443 5980 17940 1467 5980 17941 1463 5980 17942 1469 5981 17943 1464 5981 17944 1467 5981 17945 1469 5982 17946 1470 5982 17947 1473 5982 17948 1468 5983 17949 1470 5983 17950 1469 5983 17951 1469 5984 17952 1466 5984 17953 1464 5984 17954 1466 5985 17955 1469 5985 17956 1471 5985 17957 1471 5986 17958 1469 5986 17959 1472 5986 17960 1469 5987 17961 1473 5987 17962 1472 5987 17963 1474 5988 17964 1473 5988 17965 1475 5988 17966 1476 5989 17967 1473 5989 17968 1474 5989 17969 1473 5990 17970 1477 5990 17971 1472 5990 17972 1470 5991 17973 1475 5991 17974 1473 5991 17975 1473 5992 17976 1476 5992 17977 1477 5992 17978 1478 5993 17979 1476 5993 17980 1474 5993 17981 1478 5994 17982 1474 5994 17983 1479 5994 17984 1480 5995 17985 1478 5995 17986 1479 5995 17987 1478 5996 17988 1480 5996 17989 1481 5996 17990 1489 5997 17991 1481 5997 17992 1483 5997 17993 1478 5998 17994 1481 5998 17995 1489 5998 17996 1480 5999 17997 1482 5999 17998 1481 5999 17999 1482 6000 18000 1483 6000 18001 1481 6000 18002 1484 6001 18003 1489 6001 18004 1483 6001 18005 1482 6002 18006 1484 6002 18007 1483 6002 18008 1484 6003 18009 1482 6003 18010 1485 6003 18011 1486 6004 18012 1489 6004 18013 1484 6004 18014 1486 6005 18015 1484 6005 18016 1485 6005 18017 1487 6006 18018 1486 6006 18019 1485 6006 18020 1487 6007 18021 1488 6007 18022 1486 6007 18023 1488 6008 18024 1491 6008 18025 1486 6008 18026 1491 6009 18027 1489 6009 18028 1486 6009 18029 1491 6010 18030 1493 6010 18031 1489 6010 18032 1493 6011 18033 1490 6011 18034 1489 6011 18035 1492 6012 18036 1493 6012 18037 1491 6012 18038 1523 6013 18039 1493 6013 18040 1492 6013 18041 1496 6014 18042 1493 6014 18043 1523 6014 18044 1490 6015 18045 1493 6015 18046 2418 6015 18047 1494 6016 18048 2418 6016 18049 1493 6016 18050 1493 6017 18051 1495 6017 18052 1494 6017 18053 1496 6018 18054 1495 6018 18055 1493 6018 18056 1495 6019 18057 1497 6019 18058 1494 6019 18059 1495 6020 18060 1498 6020 18061 1497 6020 18062 1499 6021 18063 1498 6021 18064 1495 6021 18065 1496 6022 18066 1499 6022 18067 1495 6022 18068 1498 6023 18069 1499 6023 18070 1500 6023 18071 1502 6024 18072 1499 6024 18073 1496 6024 18074 1496 6025 18075 1523 6025 18076 1502 6025 18077 1499 6026 18078 1502 6026 18079 1501 6026 18080 1503 6027 18081 1501 6027 18082 1502 6027 18083 1505 6028 18084 1501 6028 18085 1503 6028 18086 1500 6029 18087 1503 6029 18088 1504 6029 18089 1506 6030 18090 1504 6030 18091 1503 6030 18092 1503 6031 18093 1500 6031 18094 1505 6031 18095 1500 6032 18096 1504 6032 18097 1498 6032 18098 1501 6033 18099 1505 6033 18100 1500 6033 18101 1507 6034 18102 1508 6034 18103 1506 6034 18104 1509 6035 18105 1506 6035 18106 1508 6035 18107 1510 6036 18108 1509 6036 18109 1508 6036 18110 1511 6037 18111 1508 6037 18112 1507 6037 18113 1511 6038 18114 1510 6038 18115 1508 6038 18116 1510 6039 18117 1511 6039 18118 1682 6039 18119 1511 6040 18120 1512 6040 18121 1682 6040 18122 1513 6041 18123 1512 6041 18124 1511 6041 18125 1511 6042 18126 1507 6042 18127 1513 6042 18128 1514 6043 18129 1513 6043 18130 1515 6043 18131 1513 6044 18132 1514 6044 18133 1512 6044 18134 1513 6045 18135 1507 6045 18136 1515 6045 18137 1515 6046 18138 1517 6046 18139 1516 6046 18140 1516 6047 18141 1514 6047 18142 1515 6047 18143 1515 6048 18144 1518 6048 18145 1517 6048 18146 1515 6049 18147 1507 6049 18148 1518 6049 18149 1507 6050 18150 1506 6050 18151 1518 6050 18152 1518 6051 18153 1506 6051 18154 1522 6051 18155 1518 6052 18156 1522 6052 18157 1517 6052 18158 1522 6053 18159 1519 6053 18160 1517 6053 18161 1516 6054 18162 1517 6054 18163 1519 6054 18164 1519 6055 18165 1664 6055 18166 1516 6055 18167 1664 6056 18168 1519 6056 18169 1520 6056 18170 1522 6057 18171 1520 6057 18172 1519 6057 18173 1078 6058 18174 1520 6058 18175 1521 6058 18176 1521 6059 18177 1520 6059 18178 1522 6059 18179 1664 6060 18180 1520 6060 18181 1078 6060 18182 1521 6061 18183 1522 6061 18184 1523 6061 18185 1532 6062 18186 1524 6062 18187 1534 6062 18188 1528 6063 18189 1534 6063 18190 1524 6063 18191 1525 6064 18192 1524 6064 18193 1655 6064 18194 1524 6065 18195 1492 6065 18196 1655 6065 18197 1524 6066 18198 1532 6066 18199 1492 6066 18200 1524 6067 18201 1525 6067 18202 1526 6067 18203 1527 6068 18204 1526 6068 18205 1525 6068 18206 1527 6069 18207 1529 6069 18208 1526 6069 18209 1529 6070 18210 1530 6070 18211 1531 6070 18212 1527 6071 18213 1530 6071 18214 1529 6071 18215 1526 6072 18216 1529 6072 18217 1528 6072 18218 1529 6073 18219 1531 6073 18220 1533 6073 18221 1079 6074 18222 1531 6074 18223 1530 6074 18224 1535 6075 18225 1531 6075 18226 1079 6075 18227 1535 6076 18228 1523 6076 18229 1531 6076 18230 1523 6077 18231 1532 6077 18232 1531 6077 18233 1533 6078 18234 1531 6078 18235 1532 6078 18236 1534 6079 18237 1533 6079 18238 1532 6079 18239 1534 6080 18240 1528 6080 18241 1533 6080 18242 1529 6081 18243 1533 6081 18244 1528 6081 18245 1521 6082 18246 1523 6082 18247 1535 6082 18248 1078 6083 18249 1521 6083 18250 1535 6083 18251 1078 6084 18252 1535 6084 18253 1079 6084 18254 1079 6085 18255 1530 6085 18256 1536 6085 18257 1536 6086 18258 1530 6086 18259 1537 6086 18260 1090 6087 18261 1542 6087 18262 1539 6087 18263 1539 6088 18264 1600 6088 18265 1090 6088 18266 1542 6089 18267 1090 6089 18268 1538 6089 18269 1538 6090 18270 1090 6090 18271 1089 6090 18272 1541 6091 18273 1538 6091 18274 1089 6091 18275 1542 6092 18276 1541 6092 18277 1540 6092 18278 1538 6093 18279 1541 6093 18280 1542 6093 18281 1545 6094 18282 1542 6094 18283 1540 6094 18284 1540 6095 18285 1543 6095 18286 1545 6095 18287 1544 6096 18288 1545 6096 18289 1553 6096 18290 1542 6097 18291 1545 6097 18292 1544 6097 18293 1553 6098 18294 1545 6098 18295 1546 6098 18296 1547 6099 18297 1545 6099 18298 1543 6099 18299 1547 6100 18300 1546 6100 18301 1545 6100 18302 1543 6101 18303 1548 6101 18304 1547 6101 18305 1548 6102 18306 1546 6102 18307 1547 6102 18308 1546 6103 18309 1548 6103 18310 1549 6103 18311 1550 6104 18312 1549 6104 18313 1548 6104 18314 1543 6105 18315 1550 6105 18316 1548 6105 18317 1550 6106 18318 1551 6106 18319 1549 6106 18320 1550 6107 18321 1560 6107 18322 1551 6107 18323 1552 6108 18324 1549 6108 18325 1551 6108 18326 1549 6109 18327 1552 6109 18328 1553 6109 18329 1553 6110 18330 1546 6110 18331 1549 6110 18332 1555 6111 18333 1553 6111 18334 1552 6111 18335 1555 6112 18336 1554 6112 18337 1553 6112 18338 1539 6113 18339 1553 6113 18340 1554 6113 18341 1553 6114 18342 1539 6114 18343 1544 6114 18344 1555 6115 18345 1556 6115 18346 1603 6115 18347 1557 6116 18348 1556 6116 18349 1555 6116 18350 1555 6117 18351 1603 6117 18352 1554 6117 18353 1557 6118 18354 1558 6118 18355 1556 6118 18356 1552 6119 18357 1557 6119 18358 1555 6119 18359 1557 6120 18360 1552 6120 18361 1559 6120 18362 1559 6121 18363 1552 6121 18364 1560 6121 18365 1560 6122 18366 1552 6122 18367 1551 6122 18368 1561 6123 18369 1559 6123 18370 1560 6123 18371 1561 6124 18372 1560 6124 18373 1562 6124 18374 1562 6125 18375 1565 6125 18376 1561 6125 18377 1565 6126 18378 1562 6126 18379 1564 6126 18380 1564 6127 18381 1562 6127 18382 1563 6127 18383 1562 6128 18384 1550 6128 18385 1563 6128 18386 1562 6129 18387 1560 6129 18388 1550 6129 18389 1564 6130 18390 1563 6130 18391 1566 6130 18392 1550 6131 18393 1566 6131 18394 1563 6131 18395 1550 6132 18396 1658 6132 18397 1566 6132 18398 1566 6133 18399 1658 6133 18400 1567 6133 18401 1564 6134 18402 1566 6134 18403 1567 6134 18404 1568 6135 18405 1567 6135 18406 1658 6135 18407 1568 6136 18408 1658 6136 18409 1569 6136 18410 1569 6137 18411 1654 6137 18412 1568 6137 18413 1651 6138 18414 1570 6138 18415 1654 6138 18416 1654 6139 18417 1570 6139 18418 1568 6139 18419 1568 6140 18420 1565 6140 18421 1564 6140 18422 1570 6141 18423 1565 6141 18424 1568 6141 18425 1570 6142 18426 1651 6142 18427 1649 6142 18428 1571 6143 18429 1570 6143 18430 1649 6143 18431 1573 6144 18432 1570 6144 18433 1571 6144 18434 1572 6145 18435 1573 6145 18436 1574 6145 18437 1573 6146 18438 1572 6146 18439 1570 6146 18440 1574 6147 18441 1573 6147 18442 1659 6147 18443 1573 6148 18444 1571 6148 18445 1659 6148 18446 1575 6149 18447 1151 6149 18448 1576 6149 18449 1575 6150 18450 1576 6150 18451 1583 6150 18452 1577 6151 18453 1575 6151 18454 1583 6151 18455 1577 6152 18456 1661 6152 18457 1572 6152 18458 1577 6153 18459 1572 6153 18460 1575 6153 18461 1577 6154 18462 1579 6154 18463 1661 6154 18464 1577 6155 18465 1578 6155 18466 1579 6155 18467 1578 6156 18468 1561 6156 18469 1579 6156 18470 1561 6157 18471 1661 6157 18472 1579 6157 18473 1557 6158 18474 1578 6158 18475 1580 6158 18476 1578 6159 18477 1577 6159 18478 1580 6159 18479 1578 6160 18480 1559 6160 18481 1561 6160 18482 1557 6161 18483 1559 6161 18484 1578 6161 18485 1580 6162 18486 1582 6162 18487 1581 6162 18488 1558 6163 18489 1580 6163 18490 1581 6163 18491 1580 6164 18492 1577 6164 18493 1582 6164 18494 1580 6165 18495 1558 6165 18496 1557 6165 18497 1581 6166 18498 1582 6166 18499 1584 6166 18500 1577 6167 18501 1583 6167 18502 1582 6167 18503 1584 6168 18504 1582 6168 18505 1159 6168 18506 1585 6169 18507 1581 6169 18508 1584 6169 18509 1585 6170 18510 1586 6170 18511 1587 6170 18512 1585 6171 18513 1160 6171 18514 1586 6171 18515 1159 6172 18516 1160 6172 18517 1585 6172 18518 1159 6173 18519 1585 6173 18520 1584 6173 18521 1585 6174 18522 1587 6174 18523 1556 6174 18524 1556 6175 18525 1587 6175 18526 1588 6175 18527 1587 6176 18528 1586 6176 18529 1588 6176 18530 1586 6177 18531 1589 6177 18532 1588 6177 18533 1589 6178 18534 1554 6178 18535 1588 6178 18536 1589 6179 18537 1586 6179 18538 1591 6179 18539 1589 6180 18540 1591 6180 18541 1590 6180 18542 1200 6181 18543 1590 6181 18544 1591 6181 18545 1160 6182 18546 1200 6182 18547 1591 6182 18548 1160 6183 18549 1591 6183 18550 1586 6183 18551 1200 6184 18552 1199 6184 18553 1590 6184 18554 1592 6185 18555 1590 6185 18556 1199 6185 18557 1590 6186 18558 1592 6186 18559 1589 6186 18560 1592 6187 18561 1199 6187 18562 1593 6187 18563 1594 6188 18564 1592 6188 18565 1595 6188 18566 1106 6189 18567 1592 6189 18568 1593 6189 18569 1592 6190 18570 1594 6190 18571 1589 6190 18572 1106 6191 18573 1595 6191 18574 1592 6191 18575 1594 6192 18576 1595 6192 18577 1596 6192 18578 1597 6193 18579 1596 6193 18580 1595 6193 18581 1595 6194 18582 1598 6194 18583 1597 6194 18584 1598 6195 18585 1595 6195 18586 1106 6195 18587 1598 6196 18588 1599 6196 18589 1597 6196 18590 1102 6197 18591 1599 6197 18592 1598 6197 18593 1601 6198 18594 1597 6198 18595 1599 6198 18596 1091 6199 18597 1600 6199 18598 1601 6199 18599 1599 6200 18600 1101 6200 18601 1601 6200 18602 1599 6201 18603 1102 6201 18604 1101 6201 18605 1600 6202 18606 1596 6202 18607 1601 6202 18608 1600 6203 18609 1554 6203 18610 1596 6203 18611 1554 6204 18612 1600 6204 18613 1539 6204 18614 1597 6205 18615 1601 6205 18616 1596 6205 18617 1596 6206 18618 1589 6206 18619 1594 6206 18620 1596 6207 18621 1554 6207 18622 1589 6207 18623 1602 6208 18624 1593 6208 18625 1104 6208 18626 1602 6209 18627 1106 6209 18628 1593 6209 18629 1593 6210 18630 1201 6210 18631 1104 6210 18632 1593 6211 18633 1199 6211 18634 1201 6211 18635 1556 6212 18636 1588 6212 18637 1603 6212 18638 1588 6213 18639 1554 6213 18640 1603 6213 18641 1585 6214 18642 1558 6214 18643 1581 6214 18644 1585 6215 18645 1556 6215 18646 1558 6215 18647 1582 6216 18648 1583 6216 18649 1604 6216 18650 1158 6217 18651 1582 6217 18652 1604 6217 18653 1158 6218 18654 1159 6218 18655 1582 6218 18656 1583 6219 18657 1660 6219 18658 1604 6219 18659 1660 6220 18660 1158 6220 18661 1604 6220 18662 1641 6221 18663 1605 6221 18664 1606 6221 18665 1606 6222 18666 1605 6222 18667 1607 6222 18668 1607 6223 18669 1605 6223 18670 1574 6223 18671 1575 6224 18672 1574 6224 18673 1605 6224 18674 1575 6225 18675 1605 6225 18676 1151 6225 18677 1659 6226 18678 1607 6226 18679 1574 6226 18680 1608 6227 18681 1642 6227 18682 1607 6227 18683 1659 6228 18684 1608 6228 18685 1607 6228 18686 1659 6229 18687 1609 6229 18688 1608 6229 18689 1611 6230 18690 1609 6230 18691 1610 6230 18692 1659 6231 18693 1610 6231 18694 1609 6231 18695 1609 6232 18696 1611 6232 18697 1641 6232 18698 1611 6233 18699 1610 6233 18700 1623 6233 18701 1612 6234 18702 1623 6234 18703 1610 6234 18704 1613 6235 18705 1623 6235 18706 1612 6235 18707 1614 6236 18708 1613 6236 18709 1612 6236 18710 1615 6237 18711 1624 6237 18712 1614 6237 18713 1616 6238 18714 1615 6238 18715 1614 6238 18716 1616 6239 18717 1617 6239 18718 1618 6239 18719 1618 6240 18720 1619 6240 18721 1616 6240 18722 1619 6241 18723 1615 6241 18724 1616 6241 18725 1620 6242 18726 1621 6242 18727 1619 6242 18728 1619 6243 18729 1621 6243 18730 1615 6243 18731 1621 6244 18732 1624 6244 18733 1615 6244 18734 1624 6245 18735 1138 6245 18736 1622 6245 18737 1623 6246 18738 1624 6246 18739 1622 6246 18740 1418 6247 18741 1624 6247 18742 1625 6247 18743 1418 6248 18744 1138 6248 18745 1624 6248 18746 1625 6249 18747 1624 6249 18748 1621 6249 18749 1614 6250 18750 1624 6250 18751 1623 6250 18752 1623 6251 18753 1613 6251 18754 1614 6251 18755 1626 6252 18756 1621 6252 18757 1620 6252 18758 1626 6253 18759 1627 6253 18760 1628 6253 18761 1628 6254 18762 1625 6254 18763 1621 6254 18764 1628 6255 18765 1621 6255 18766 1626 6255 18767 1627 6256 18768 1630 6256 18769 1628 6256 18770 1629 6257 18771 1630 6257 18772 1627 6257 18773 1630 6258 18774 1625 6258 18775 1628 6258 18776 1637 6259 18777 1631 6259 18778 1625 6259 18779 1637 6260 18780 1625 6260 18781 1630 6260 18782 1637 6261 18783 1635 6261 18784 1631 6261 18785 1632 6262 18786 1636 6262 18787 1635 6262 18788 1634 6263 18789 1635 6263 18790 1636 6263 18791 1634 6264 18792 1636 6264 18793 1633 6264 18794 1633 6265 18795 1426 6265 18796 1634 6265 18797 1426 6266 18798 1427 6266 18799 1634 6266 18800 1427 6267 18801 1631 6267 18802 1635 6267 18803 1418 6268 18804 1625 6268 18805 1631 6268 18806 1427 6269 18807 1418 6269 18808 1631 6269 18809 1634 6270 18810 1427 6270 18811 1635 6270 18812 1633 6271 18813 1636 6271 18814 1436 6271 18815 1436 6272 18816 1636 6272 18817 1438 6272 18818 1444 6273 18819 1438 6273 18820 1636 6273 18821 1629 6274 18822 1638 6274 18823 1632 6274 18824 1632 6275 18825 1637 6275 18826 1629 6275 18827 1636 6276 18828 1632 6276 18829 1443 6276 18830 1468 6277 18831 1443 6277 18832 1632 6277 18833 1632 6278 18834 1635 6278 18835 1637 6278 18836 1468 6279 18837 1632 6279 18838 1638 6279 18839 1629 6280 18840 1639 6280 18841 1638 6280 18842 1639 6281 18843 1470 6281 18844 1638 6281 18845 1638 6282 18846 1470 6282 18847 1468 6282 18848 1627 6283 18849 1475 6283 18850 1639 6283 18851 1627 6284 18852 1639 6284 18853 1629 6284 18854 1470 6285 18855 1639 6285 18856 1475 6285 18857 1629 6286 18858 1637 6286 18859 1630 6286 18860 1626 6287 18861 1640 6287 18862 1627 6287 18863 1627 6288 18864 1474 6288 18865 1475 6288 18866 1640 6289 18867 1474 6289 18868 1627 6289 18869 1618 6290 18870 1479 6290 18871 1640 6290 18872 1619 6291 18873 1618 6291 18874 1640 6291 18875 1619 6292 18876 1640 6292 18877 1620 6292 18878 1620 6293 18879 1640 6293 18880 1626 6293 18881 1640 6294 18882 1479 6294 18883 1474 6294 18884 1611 6295 18885 1623 6295 18886 1622 6295 18887 1622 6296 18888 1641 6296 18889 1611 6296 18890 1643 6297 18891 1641 6297 18892 1606 6297 18893 1606 6298 18894 1642 6298 18895 1643 6298 18896 1609 6299 18897 1641 6299 18898 1643 6299 18899 1608 6300 18900 1643 6300 18901 1642 6300 18902 1609 6301 18903 1643 6301 18904 1608 6301 18905 1622 6302 18906 1138 6302 18907 1641 6302 18908 1645 6303 18909 1618 6303 18910 1617 6303 18911 1644 6304 18912 1479 6304 18913 1618 6304 18914 1644 6305 18915 1618 6305 18916 1645 6305 18917 1647 6306 18918 1645 6306 18919 1646 6306 18920 1645 6307 18921 1617 6307 18922 1646 6307 18923 1645 6308 18924 1647 6308 18925 1644 6308 18926 1647 6309 18927 1646 6309 18928 1648 6309 18929 1482 6310 18930 1647 6310 18931 1648 6310 18932 1644 6311 18933 1647 6311 18934 1480 6311 18935 1647 6312 18936 1482 6312 18937 1480 6312 18938 1482 6313 18939 1648 6313 18940 1487 6313 18941 1648 6314 18942 1649 6314 18943 1487 6314 18944 1649 6315 18945 1648 6315 18946 1617 6315 18947 1617 6316 18948 1648 6316 18949 1646 6316 18950 1487 6317 18951 1649 6317 18952 1488 6317 18953 1649 6318 18954 1651 6318 18955 1488 6318 18956 1650 6319 18957 1649 6319 18958 1617 6319 18959 1650 6320 18960 1617 6320 18961 1614 6320 18962 1614 6321 18963 1612 6321 18964 1650 6321 18965 1571 6322 18966 1649 6322 18967 1650 6322 18968 1491 6323 18969 1488 6323 18970 1651 6323 18971 1651 6324 18972 1652 6324 18973 1491 6324 18974 1652 6325 18975 1654 6325 18976 1653 6325 18977 1652 6326 18978 1651 6326 18979 1654 6326 18980 1525 6327 18981 1652 6327 18982 1653 6327 18983 1525 6328 18984 1655 6328 18985 1652 6328 18986 1656 6329 18987 1652 6329 18988 1655 6329 18989 1652 6330 18990 1656 6330 18991 1491 6330 18992 1656 6331 18993 1655 6331 18994 1492 6331 18995 1492 6332 18996 1491 6332 18997 1656 6332 18998 1653 6333 18999 1657 6333 19000 1525 6333 19001 1658 6334 19002 1527 6334 19003 1657 6334 19004 1653 6335 19005 1658 6335 19006 1657 6335 19007 1653 6336 19008 1569 6336 19009 1658 6336 19010 1525 6337 19011 1657 6337 19012 1527 6337 19013 1653 6338 19014 1654 6338 19015 1569 6338 19016 1480 6339 19017 1479 6339 19018 1644 6339 19019 1614 6340 19020 1617 6340 19021 1616 6340 19022 1612 6341 19023 1659 6341 19024 1650 6341 19025 1659 6342 19026 1571 6342 19027 1650 6342 19028 1610 6343 19029 1659 6343 19030 1612 6343 19031 1606 6344 19032 1607 6344 19033 1642 6344 19034 1576 6345 19035 1151 6345 19036 1660 6345 19037 1660 6346 19038 1583 6346 19039 1576 6346 19040 1151 6347 19041 1155 6347 19042 1660 6347 19043 1565 6348 19044 1572 6348 19045 1661 6348 19046 1570 6349 19047 1572 6349 19048 1565 6349 19049 1561 6350 19050 1565 6350 19051 1661 6350 19052 1572 6351 19053 1574 6351 19054 1575 6351 19055 1568 6352 19056 1564 6352 19057 1567 6352 19058 1550 6353 19059 1530 6353 19060 1658 6353 19061 1658 6354 19062 1530 6354 19063 1527 6354 19064 1530 6355 19065 1550 6355 19066 1543 6355 19067 1539 6356 19068 1542 6356 19069 1544 6356 19070 1540 6357 19071 1089 6357 19072 1543 6357 19073 1537 6358 19074 1543 6358 19075 1089 6358 19076 1530 6359 19077 1543 6359 19078 1537 6359 19079 1089 6360 19080 1540 6360 19081 1541 6360 19082 1537 6361 19083 1088 6361 19084 1536 6361 19085 1528 6362 19086 1524 6362 19087 1526 6362 19088 1523 6363 19089 1492 6363 19090 1532 6363 19091 1516 6364 19092 1664 6364 19093 1662 6364 19094 1664 6365 19095 1663 6365 19096 1662 6365 19097 1664 6366 19098 1078 6366 19099 1665 6366 19100 1663 6367 19101 1664 6367 19102 1665 6367 19103 1663 6368 19104 1665 6368 19105 1667 6368 19106 1668 6369 19107 1667 6369 19108 1665 6369 19109 1665 6370 19110 1666 6370 19111 1668 6370 19112 1665 6371 19113 1078 6371 19114 1666 6371 19115 1669 6372 19116 1668 6372 19117 1666 6372 19118 1669 6373 19119 1666 6373 19120 1670 6373 19121 2416 6374 19122 1670 6374 19123 1666 6374 19124 1671 6375 19125 1670 6375 19126 1060 6375 19127 1671 6376 19128 1669 6376 19129 1670 6376 19130 1672 6377 19131 1669 6377 19132 1671 6377 19133 1673 6378 19134 1672 6378 19135 1674 6378 19136 1673 6379 19137 1675 6379 19138 1672 6379 19139 1671 6380 19140 1674 6380 19141 1672 6380 19142 1675 6381 19143 1514 6381 19144 1676 6381 19145 1514 6382 19146 1675 6382 19147 1673 6382 19148 1676 6383 19149 1663 6383 19150 1675 6383 19151 1676 6384 19152 1516 6384 19153 1662 6384 19154 1676 6385 19155 1514 6385 19156 1516 6385 19157 1663 6386 19158 1676 6386 19159 1662 6386 19160 1667 6387 19161 1675 6387 19162 1663 6387 19163 1667 6388 19164 1669 6388 19165 1672 6388 19166 1667 6389 19167 1668 6389 19168 1669 6389 19169 1672 6390 19170 1675 6390 19171 1667 6390 19172 1671 6391 19173 2332 6391 19174 1674 6391 19175 2332 6392 19176 1677 6392 19177 1674 6392 19178 1674 6393 19179 1677 6393 19180 1673 6393 19181 1680 6394 19182 1677 6394 19183 1678 6394 19184 1678 6395 19185 1677 6395 19186 2332 6395 19187 1514 6396 19188 1677 6396 19189 1512 6396 19190 1514 6397 19191 1673 6397 19192 1677 6397 19193 1680 6398 19194 1512 6398 19195 1677 6398 19196 1682 6399 19197 1512 6399 19198 1680 6399 19199 1678 6400 19200 1679 6400 19201 1680 6400 19202 1680 6401 19203 1681 6401 19204 1682 6401 19205 1683 6402 19206 1681 6402 19207 1413 6402 19208 1683 6403 19209 1413 6403 19210 1685 6403 19211 1684 6404 19212 1683 6404 19213 1685 6404 19214 1686 6405 19215 1684 6405 19216 1685 6405 19217 2123 6406 19218 1686 6406 19219 1688 6406 19220 2125 6407 19221 1686 6407 19222 2123 6407 19223 1687 6408 19224 1686 6408 19225 2125 6408 19226 1686 6409 19227 1689 6409 19228 1690 6409 19229 1688 6410 19230 1686 6410 19231 1690 6410 19232 1689 6411 19233 1996 6411 19234 1690 6411 19235 1690 6412 19236 1691 6412 19237 1688 6412 19238 1688 6413 19239 1691 6413 19240 1692 6413 19241 1688 6414 19242 1692 6414 19243 2123 6414 19244 2123 6415 19245 1692 6415 19246 2122 6415 19247 1692 6416 19248 1694 6416 19249 2122 6416 19250 1694 6417 19251 1692 6417 19252 1693 6417 19253 1693 6418 19254 2142 6418 19255 1694 6418 19256 1693 6419 19257 1696 6419 19258 2142 6419 19259 1695 6420 19260 1696 6420 19261 1693 6420 19262 1696 6421 19263 1695 6421 19264 1697 6421 19265 1696 6422 19266 1697 6422 19267 1994 6422 19268 1992 6423 19269 2352 6423 19270 1699 6423 19271 1699 6424 19272 1698 6424 19273 1992 6424 19274 1701 6425 19275 1698 6425 19276 1699 6425 19277 1701 6426 19278 1699 6426 19279 1700 6426 19280 1700 6427 19281 1699 6427 19282 1702 6427 19283 1702 6428 19284 1699 6428 19285 2116 6428 19286 2118 6429 19287 1702 6429 19288 2116 6429 19289 2116 6430 19290 1705 6430 19291 1703 6430 19292 1705 6431 19293 2116 6431 19294 2353 6431 19295 1704 6432 19296 1703 6432 19297 1705 6432 19298 1707 6433 19299 1705 6433 19300 1706 6433 19301 1707 6434 19302 1704 6434 19303 1705 6434 19304 1706 6435 19305 1705 6435 19306 2353 6435 19307 1707 6436 19308 1708 6436 19309 1704 6436 19310 1709 6437 19311 1708 6437 19312 1707 6437 19313 1710 6438 19314 1708 6438 19315 1709 6438 19316 1708 6439 19317 1710 6439 19318 1711 6439 19319 1711 6440 19320 1710 6440 19321 1713 6440 19322 1714 6441 19323 1713 6441 19324 1710 6441 19325 1711 6442 19326 1713 6442 19327 1712 6442 19328 2179 6443 19329 1715 6443 19330 1714 6443 19331 2284 6444 19332 1714 6444 19333 1715 6444 19334 1716 6445 19335 1714 6445 19336 2284 6445 19337 1713 6446 19338 1714 6446 19339 1716 6446 19340 1713 6447 19341 1716 6447 19342 1712 6447 19343 1711 6448 19344 1712 6448 19345 1717 6448 19346 1717 6449 19347 1712 6449 19348 1718 6449 19349 2407 6450 19350 1717 6450 19351 1718 6450 19352 2407 6451 19353 1719 6451 19354 1717 6451 19355 1717 6452 19356 1719 6452 19357 1720 6452 19358 1721 6453 19359 1703 6453 19360 1720 6453 19361 1720 6454 19362 1703 6454 19363 1704 6454 19364 1720 6455 19365 2409 6455 19366 1721 6455 19367 1721 6456 19368 1722 6456 19369 1703 6456 19370 1721 6457 19371 2409 6457 19372 1723 6457 19373 2043 6458 19374 1721 6458 19375 1723 6458 19376 1723 6459 19377 1726 6459 19378 2043 6459 19379 1726 6460 19380 1724 6460 19381 1728 6460 19382 1724 6461 19383 1726 6461 19384 1725 6461 19385 1723 6462 19386 1725 6462 19387 1726 6462 19388 1728 6463 19389 1727 6463 19390 1726 6463 19391 1728 6464 19392 1729 6464 19393 2293 6464 19394 1728 6465 19395 1712 6465 19396 1729 6465 19397 1730 6466 19398 1728 6466 19399 1732 6466 19400 1727 6467 19401 1728 6467 19402 1730 6467 19403 1728 6468 19404 1731 6468 19405 1732 6468 19406 1728 6469 19407 2293 6469 19408 1731 6469 19409 1712 6470 19410 1728 6470 19411 1724 6470 19412 1733 6471 19413 1736 6471 19414 1731 6471 19415 1731 6472 19416 1736 6472 19417 1734 6472 19418 1735 6473 19419 1731 6473 19420 1734 6473 19421 1732 6474 19422 1731 6474 19423 1735 6474 19424 1737 6475 19425 1738 6475 19426 1736 6475 19427 1733 6476 19428 1737 6476 19429 1736 6476 19430 1738 6477 19431 1734 6477 19432 1736 6477 19433 1738 6478 19434 1739 6478 19435 1741 6478 19436 1737 6479 19437 1739 6479 19438 1738 6479 19439 1738 6480 19440 1741 6480 19441 1740 6480 19442 1742 6481 19443 1738 6481 19444 1740 6481 19445 1738 6482 19446 1735 6482 19447 1734 6482 19448 1735 6483 19449 1738 6483 19450 1742 6483 19451 1740 6484 19452 1732 6484 19453 1742 6484 19454 1732 6485 19455 1735 6485 19456 1742 6485 19457 1741 6486 19458 1730 6486 19459 1740 6486 19460 1739 6487 19461 1744 6487 19462 1741 6487 19463 1741 6488 19464 2044 6488 19465 1730 6488 19466 2044 6489 19467 1741 6489 19468 1743 6489 19469 1743 6490 19470 1741 6490 19471 1744 6490 19472 1746 6491 19473 1743 6491 19474 1744 6491 19475 1739 6492 19476 1745 6492 19477 1744 6492 19478 1746 6493 19479 1744 6493 19480 1745 6493 19481 1747 6494 19482 1743 6494 19483 1746 6494 19484 2160 6495 19485 1747 6495 19486 1746 6495 19487 2160 6496 19488 1746 6496 19489 2161 6496 19490 1748 6497 19491 2161 6497 19492 1746 6497 19493 1746 6498 19494 1745 6498 19495 1748 6498 19496 1737 6499 19497 1773 6499 19498 1748 6499 19499 1750 6500 19500 1748 6500 19501 1773 6500 19502 2162 6501 19503 1748 6501 19504 1750 6501 19505 1748 6502 19506 2162 6502 19507 2161 6502 19508 1737 6503 19509 1748 6503 19510 1749 6503 19511 1748 6504 19512 1745 6504 19513 1749 6504 19514 1745 6505 19515 1739 6505 19516 1749 6505 19517 1749 6506 19518 1739 6506 19519 1737 6506 19520 1750 6507 19521 1773 6507 19522 1753 6507 19523 2162 6508 19524 1750 6508 19525 2164 6508 19526 1753 6509 19527 1751 6509 19528 1750 6509 19529 1753 6510 19530 1752 6510 19531 1769 6510 19532 1753 6511 19533 1769 6511 19534 1754 6511 19535 1755 6512 19536 1751 6512 19537 1753 6512 19538 1755 6513 19539 1753 6513 19540 1754 6513 19541 1754 6514 19542 1756 6514 19543 1755 6514 19544 1757 6515 19545 1756 6515 19546 1754 6515 19547 1757 6516 19548 1758 6516 19549 1756 6516 19550 1759 6517 19551 1758 6517 19552 1757 6517 19553 1759 6518 19554 1760 6518 19555 1758 6518 19556 1761 6519 19557 1760 6519 19558 1759 6519 19559 1761 6520 19560 1764 6520 19561 1760 6520 19562 1763 6521 19563 1761 6521 19564 1765 6521 19565 1765 6522 19566 1762 6522 19567 1763 6522 19568 1761 6523 19569 1763 6523 19570 1764 6523 19571 1762 6524 19572 1765 6524 19573 1766 6524 19574 1766 6525 19575 1765 6525 19576 1767 6525 19577 1768 6526 19578 1766 6526 19579 1767 6526 19580 1769 6527 19581 1768 6527 19582 1767 6527 19583 2404 6528 19584 1766 6528 19585 1768 6528 19586 1768 6529 19587 1769 6529 19588 1770 6529 19589 1752 6530 19590 1770 6530 19591 1769 6530 19592 1752 6531 19593 1771 6531 19594 1770 6531 19595 1752 6532 19596 1772 6532 19597 1771 6532 19598 1773 6533 19599 2296 6533 19600 1772 6533 19601 1752 6534 19602 1773 6534 19603 1772 6534 19604 1772 6535 19605 2296 6535 19606 1777 6535 19607 1777 6536 19608 1771 6536 19609 1772 6536 19610 1777 6537 19611 1774 6537 19612 1771 6537 19613 1774 6538 19614 1776 6538 19615 2405 6538 19616 1775 6539 19617 1776 6539 19618 1774 6539 19619 1792 6540 19620 1774 6540 19621 2405 6540 19622 1777 6541 19623 1775 6541 19624 1774 6541 19625 1778 6542 19626 1775 6542 19627 1777 6542 19628 1779 6543 19629 1778 6543 19630 2295 6543 19631 1779 6544 19632 1776 6544 19633 1778 6544 19634 2296 6545 19635 2295 6545 19636 1778 6545 19637 2296 6546 19638 1778 6546 19639 1777 6546 19640 1776 6547 19641 1775 6547 19642 1778 6547 19643 1780 6548 19644 1776 6548 19645 1782 6548 19646 2280 6549 19647 1780 6549 19648 2282 6549 19649 2280 6550 19650 1943 6550 19651 1780 6550 19652 2289 6551 19653 1780 6551 19654 1781 6551 19655 1782 6552 19656 1781 6552 19657 1780 6552 19658 2289 6553 19659 2282 6553 19660 1780 6553 19661 1780 6554 19662 1943 6554 19663 1776 6554 19664 1943 6555 19665 1942 6555 19666 1786 6555 19667 1943 6556 19668 1786 6556 19669 1783 6556 19670 1785 6557 19671 1943 6557 19672 1783 6557 19673 1943 6558 19674 2280 6558 19675 1784 6558 19676 1776 6559 19677 1943 6559 19678 1785 6559 19679 1786 6560 19680 1787 6560 19681 1783 6560 19682 1788 6561 19683 1786 6561 19684 1942 6561 19685 1788 6562 19686 1789 6562 19687 1786 6562 19688 1789 6563 19689 1791 6563 19690 1786 6563 19691 1789 6564 19692 1949 6564 19693 1790 6564 19694 1791 6565 19695 1789 6565 19696 1790 6565 19697 1949 6566 19698 1789 6566 19699 1950 6566 19700 1791 6567 19701 1790 6567 19702 1794 6567 19703 1791 6568 19704 1792 6568 19705 1787 6568 19706 1786 6569 19707 1791 6569 19708 1787 6569 19709 1792 6570 19710 1791 6570 19711 1793 6570 19712 1793 6571 19713 1791 6571 19714 1794 6571 19715 1793 6572 19716 1794 6572 19717 1795 6572 19718 1794 6573 19719 1797 6573 19720 1795 6573 19721 1790 6574 19722 1797 6574 19723 1794 6574 19724 1795 6575 19725 1797 6575 19726 1798 6575 19727 1799 6576 19728 1798 6576 19729 1797 6576 19730 1799 6577 19731 1797 6577 19732 1796 6577 19733 1834 6578 19734 1799 6578 19735 1796 6578 19736 1798 6579 19737 1799 6579 19738 1768 6579 19739 1770 6580 19740 1771 6580 19741 1798 6580 19742 1770 6581 19743 1798 6581 19744 1768 6581 19745 1799 6582 19746 2404 6582 19747 1768 6582 19748 1800 6583 19749 1766 6583 19750 2404 6583 19751 1800 6584 19752 1801 6584 19753 1766 6584 19754 1836 6585 19755 1802 6585 19756 1801 6585 19757 1836 6586 19758 1801 6586 19759 1800 6586 19760 1835 6587 19761 1836 6587 19762 1800 6587 19763 1803 6588 19764 1802 6588 19765 1836 6588 19766 1803 6589 19767 1836 6589 19768 1804 6589 19769 1804 6590 19770 1836 6590 19771 1805 6590 19772 1804 6591 19773 1956 6591 19774 2014 6591 19775 1805 6592 19776 1807 6592 19777 1952 6592 19778 1806 6593 19779 1807 6593 19780 1805 6593 19781 1805 6594 19782 1836 6594 19783 1806 6594 19784 1807 6595 19785 1810 6595 19786 1808 6595 19787 1807 6596 19788 1808 6596 19789 1952 6596 19790 1809 6597 19791 1808 6597 19792 1810 6597 19793 1810 6598 19794 1923 6598 19795 1809 6598 19796 1923 6599 19797 1922 6599 19798 1811 6599 19799 1811 6600 19800 1809 6600 19801 1923 6600 19802 1816 6601 19803 1809 6601 19804 1811 6601 19805 1816 6602 19806 1811 6602 19807 1812 6602 19808 1813 6603 19809 1816 6603 19810 1812 6603 19811 1882 6604 19812 1824 6604 19813 1813 6604 19814 1813 6605 19815 1814 6605 19816 1882 6605 19817 1813 6606 19818 1812 6606 19819 1814 6606 19820 1813 6607 19821 1824 6607 19822 1815 6607 19823 1816 6608 19824 1813 6608 19825 1815 6608 19826 1817 6609 19827 1809 6609 19828 1816 6609 19829 1818 6610 19830 1809 6610 19831 1817 6610 19832 1820 6611 19833 1818 6611 19834 1819 6611 19835 1818 6612 19836 1817 6612 19837 1819 6612 19838 1820 6613 19839 1821 6613 19840 1818 6613 19841 1821 6614 19842 1809 6614 19843 1818 6614 19844 1817 6615 19845 1820 6615 19846 1819 6615 19847 1822 6616 19848 1820 6616 19849 1817 6616 19850 1824 6617 19851 1823 6617 19852 1822 6617 19853 1822 6618 19854 1815 6618 19855 1824 6618 19856 1817 6619 19857 1815 6619 19858 1822 6619 19859 1823 6620 19860 1824 6620 19861 1825 6620 19862 1897 6621 19863 1823 6621 19864 1825 6621 19865 1912 6622 19866 1823 6622 19867 1897 6622 19868 1827 6623 19869 1912 6623 19870 1837 6623 19871 1912 6624 19872 1827 6624 19873 1823 6624 19874 1827 6625 19875 1837 6625 19876 1826 6625 19877 1823 6626 19878 1827 6626 19879 1829 6626 19880 1830 6627 19881 1828 6627 19882 1827 6627 19883 1829 6628 19884 1827 6628 19885 1828 6628 19886 1830 6629 19887 1827 6629 19888 1826 6629 19889 1796 6630 19890 1830 6630 19891 1831 6630 19892 1830 6631 19893 1826 6631 19894 1831 6631 19895 1832 6632 19896 1830 6632 19897 1797 6632 19898 1830 6633 19899 1832 6633 19900 1833 6633 19901 1830 6634 19902 1796 6634 19903 1797 6634 19904 1830 6635 19905 1833 6635 19906 1828 6635 19907 1834 6636 19908 1796 6636 19909 1831 6636 19910 1831 6637 19911 1835 6637 19912 1834 6637 19913 1826 6638 19914 1835 6638 19915 1831 6638 19916 1826 6639 19917 1837 6639 19918 1838 6639 19919 1838 6640 19920 1837 6640 19921 1910 6640 19922 1839 6641 19923 1838 6641 19924 1910 6641 19925 1839 6642 19926 1836 6642 19927 1838 6642 19928 1840 6643 19929 1836 6643 19930 1839 6643 19931 1840 6644 19932 1839 6644 19933 1841 6644 19934 1840 6645 19935 1841 6645 19936 1842 6645 19937 1906 6646 19938 1841 6646 19939 1839 6646 19940 1843 6647 19941 1840 6647 19942 1842 6647 19943 1842 6648 19944 1846 6648 19945 1891 6648 19946 1845 6649 19947 1844 6649 19948 1842 6649 19949 1845 6650 19950 1842 6650 19951 1847 6650 19952 1842 6651 19953 1841 6651 19954 1846 6651 19955 1847 6652 19956 1842 6652 19957 1891 6652 19958 1847 6653 19959 1891 6653 19960 1848 6653 19961 1918 6654 19962 1848 6654 19963 1891 6654 19964 1848 6655 19965 1918 6655 19966 1919 6655 19967 1848 6656 19968 1849 6656 19969 1852 6656 19970 1849 6657 19971 1850 6657 19972 1851 6657 19973 1849 6658 19974 1851 6658 19975 1852 6658 19976 1851 6659 19977 1853 6659 19978 1852 6659 19979 1854 6660 19980 1853 6660 19981 1851 6660 19982 1851 6661 19983 1857 6661 19984 1854 6661 19985 1854 6662 19986 1856 6662 19987 1348 6662 19988 1348 6663 19989 1855 6663 19990 1854 6663 19991 1853 6664 19992 1854 6664 19993 1855 6664 19994 1854 6665 19995 1857 6665 19996 1856 6665 19997 1859 6666 19998 1857 6666 19999 1858 6666 20000 1851 6667 20001 1858 6667 20002 1857 6667 20003 1857 6668 20004 1859 6668 20005 1856 6668 20006 1861 6669 20007 1859 6669 20008 1860 6669 20009 1859 6670 20010 1858 6670 20011 1860 6670 20012 1862 6671 20013 1859 6671 20014 1861 6671 20015 1856 6672 20016 1859 6672 20017 1862 6672 20018 1862 6673 20019 1347 6673 20020 1348 6673 20021 1862 6674 20022 1348 6674 20023 1856 6674 20024 1862 6675 20025 1861 6675 20026 1863 6675 20027 1347 6676 20028 1862 6676 20029 1863 6676 20030 1345 6677 20031 1863 6677 20032 1864 6677 20033 1346 6678 20034 1863 6678 20035 1345 6678 20036 1861 6679 20037 1864 6679 20038 1863 6679 20039 1347 6680 20040 1863 6680 20041 1346 6680 20042 1865 6681 20043 1345 6681 20044 1864 6681 20045 1861 6682 20046 1865 6682 20047 1864 6682 20048 1866 6683 20049 1865 6683 20050 1867 6683 20051 1866 6684 20052 1345 6684 20053 1865 6684 20054 1865 6685 20055 1861 6685 20056 1867 6685 20057 1867 6686 20058 1861 6686 20059 1868 6686 20060 1868 6687 20061 1866 6687 20062 1867 6687 20063 1868 6688 20064 1869 6688 20065 1866 6688 20066 1861 6689 20067 1860 6689 20068 1868 6689 20069 1860 6690 20070 1869 6690 20071 1868 6690 20072 1860 6691 20073 1870 6691 20074 1869 6691 20075 2257 6692 20076 1869 6692 20077 1870 6692 20078 2265 6693 20079 2257 6693 20080 1870 6693 20081 2265 6694 20082 1870 6694 20083 1872 6694 20084 1872 6695 20085 1870 6695 20086 1871 6695 20087 1872 6696 20088 1851 6696 20089 1850 6696 20090 1872 6697 20091 1871 6697 20092 1851 6697 20093 1872 6698 20094 1850 6698 20095 1874 6698 20096 1873 6699 20097 1872 6699 20098 1874 6699 20099 1875 6700 20100 1873 6700 20101 1874 6700 20102 1873 6701 20103 1879 6701 20104 1876 6701 20105 1875 6702 20106 1879 6702 20107 1873 6702 20108 1876 6703 20109 1879 6703 20110 1880 6703 20111 1878 6704 20112 1879 6704 20113 1877 6704 20114 1877 6705 20115 1879 6705 20116 1875 6705 20117 1881 6706 20118 1879 6706 20119 1878 6706 20120 1922 6707 20121 1879 6707 20122 1881 6707 20123 1922 6708 20124 1881 6708 20125 1814 6708 20126 1883 6709 20127 1881 6709 20128 1878 6709 20129 1881 6710 20130 1882 6710 20131 1814 6710 20132 1882 6711 20133 1881 6711 20134 1883 6711 20135 1825 6712 20136 1824 6712 20137 1883 6712 20138 1825 6713 20139 1883 6713 20140 1884 6713 20141 1878 6714 20142 1884 6714 20143 1883 6714 20144 1883 6715 20145 1824 6715 20146 1882 6715 20147 1884 6716 20148 1878 6716 20149 1885 6716 20150 1878 6717 20151 1877 6717 20152 1885 6717 20153 1877 6718 20154 1886 6718 20155 1885 6718 20156 1887 6719 20157 1886 6719 20158 1877 6719 20159 1877 6720 20160 1874 6720 20161 1887 6720 20162 1877 6721 20163 1875 6721 20164 1874 6721 20165 1874 6722 20166 1850 6722 20167 1887 6722 20168 1887 6723 20169 1850 6723 20170 1888 6723 20171 1887 6724 20172 1889 6724 20173 1886 6724 20174 1887 6725 20175 1888 6725 20176 1889 6725 20177 1890 6726 20178 1886 6726 20179 1889 6726 20180 1899 6727 20181 1890 6727 20182 1889 6727 20183 1892 6728 20184 1889 6728 20185 1888 6728 20186 1893 6729 20187 1889 6729 20188 1892 6729 20189 1899 6730 20190 1889 6730 20191 1893 6730 20192 1892 6731 20193 1888 6731 20194 1917 6731 20195 1917 6732 20196 1891 6732 20197 1892 6732 20198 1891 6733 20199 1893 6733 20200 1892 6733 20201 1891 6734 20202 1916 6734 20203 1893 6734 20204 1916 6735 20205 1894 6735 20206 1893 6735 20207 1896 6736 20208 1895 6736 20209 1898 6736 20210 1893 6737 20211 1894 6737 20212 1895 6737 20213 1895 6738 20214 1896 6738 20215 1893 6738 20216 1893 6739 20217 1896 6739 20218 1899 6739 20219 1899 6740 20220 1896 6740 20221 1897 6740 20222 1898 6741 20223 1897 6741 20224 1896 6741 20225 1898 6742 20226 1912 6742 20227 1897 6742 20228 1897 6743 20229 1825 6743 20230 1899 6743 20231 1898 6744 20232 1900 6744 20233 1901 6744 20234 1895 6745 20235 1900 6745 20236 1898 6745 20237 1901 6746 20238 1912 6746 20239 1898 6746 20240 1914 6747 20241 1900 6747 20242 1894 6747 20243 1900 6748 20244 1895 6748 20245 1894 6748 20246 1902 6749 20247 1900 6749 20248 1903 6749 20249 1913 6750 20250 1903 6750 20251 1900 6750 20252 1903 6751 20253 1904 6751 20254 1902 6751 20255 1913 6752 20256 1905 6752 20257 1903 6752 20258 1904 6753 20259 1903 6753 20260 1905 6753 20261 1907 6754 20262 1905 6754 20263 1906 6754 20264 1907 6755 20265 1906 6755 20266 1908 6755 20267 1910 6756 20268 1908 6756 20269 1906 6756 20270 1909 6757 20271 1904 6757 20272 1908 6757 20273 1908 6758 20274 1904 6758 20275 1907 6758 20276 1910 6759 20277 1909 6759 20278 1908 6759 20279 1911 6760 20280 1909 6760 20281 1910 6760 20282 1911 6761 20283 1910 6761 20284 1837 6761 20285 1911 6762 20286 1912 6762 20287 1901 6762 20288 1837 6763 20289 1912 6763 20290 1911 6763 20291 1911 6764 20292 1904 6764 20293 1909 6764 20294 1911 6765 20295 1901 6765 20296 1904 6765 20297 1839 6766 20298 1910 6766 20299 1906 6766 20300 1904 6767 20301 1905 6767 20302 1907 6767 20303 1905 6768 20304 1841 6768 20305 1906 6768 20306 1913 6769 20307 1841 6769 20308 1905 6769 20309 1914 6770 20310 1846 6770 20311 1913 6770 20312 1913 6771 20313 1846 6771 20314 1841 6771 20315 1913 6772 20316 1900 6772 20317 1914 6772 20318 1914 6773 20319 1915 6773 20320 1846 6773 20321 1891 6774 20322 1846 6774 20323 1915 6774 20324 1916 6775 20325 1915 6775 20326 1894 6775 20327 1891 6776 20328 1915 6776 20329 1916 6776 20330 1914 6777 20331 1894 6777 20332 1915 6777 20333 1904 6778 20334 1901 6778 20335 1902 6778 20336 1900 6779 20337 1902 6779 20338 1901 6779 20339 1917 6780 20340 1918 6780 20341 1891 6780 20342 1919 6781 20343 1918 6781 20344 1917 6781 20345 1919 6782 20346 1850 6782 20347 1849 6782 20348 1848 6783 20349 1919 6783 20350 1849 6783 20351 1919 6784 20352 1888 6784 20353 1850 6784 20354 1888 6785 20355 1919 6785 20356 1917 6785 20357 1890 6786 20358 1899 6786 20359 1825 6786 20360 1884 6787 20361 1886 6787 20362 1890 6787 20363 1886 6788 20364 1884 6788 20365 1885 6788 20366 1825 6789 20367 1884 6789 20368 1890 6789 20369 1921 6790 20370 1922 6790 20371 1923 6790 20372 1879 6791 20373 1922 6791 20374 1920 6791 20375 1924 6792 20376 1926 6792 20377 1923 6792 20378 1951 6793 20379 1926 6793 20380 1924 6793 20381 1925 6794 20382 1951 6794 20383 1924 6794 20384 1925 6795 20385 1924 6795 20386 2373 6795 20387 1926 6796 20388 1927 6796 20389 1940 6796 20390 1928 6797 20391 1927 6797 20392 1926 6797 20393 1926 6798 20394 1940 6798 20395 1932 6798 20396 1926 6799 20397 1932 6799 20398 1931 6799 20399 1926 6800 20400 1951 6800 20401 1928 6800 20402 1926 6801 20403 1931 6801 20404 1923 6801 20405 1929 6802 20406 1921 6802 20407 1931 6802 20408 1930 6803 20409 1929 6803 20410 1931 6803 20411 1932 6804 20412 1933 6804 20413 2279 6804 20414 1934 6805 20415 1933 6805 20416 1932 6805 20417 1932 6806 20418 1935 6806 20419 1934 6806 20420 1936 6807 20421 1934 6807 20422 1935 6807 20423 1933 6808 20424 1934 6808 20425 1936 6808 20426 1935 6809 20427 1932 6809 20428 1940 6809 20429 1935 6810 20430 1940 6810 20431 1937 6810 20432 1937 6811 20433 1936 6811 20434 1935 6811 20435 1938 6812 20436 1937 6812 20437 1939 6812 20438 1936 6813 20439 1937 6813 20440 1938 6813 20441 1937 6814 20442 1940 6814 20443 1927 6814 20444 1937 6815 20445 1927 6815 20446 1941 6815 20447 1939 6816 20448 1937 6816 20449 1941 6816 20450 1941 6817 20451 1942 6817 20452 1939 6817 20453 1942 6818 20454 1941 6818 20455 1788 6818 20456 1942 6819 20457 1943 6819 20458 1939 6819 20459 1784 6820 20460 1939 6820 20461 1943 6820 20462 1939 6821 20463 1784 6821 20464 1938 6821 20465 1941 6822 20466 1944 6822 20467 1788 6822 20468 1946 6823 20469 1944 6823 20470 1941 6823 20471 1946 6824 20472 1945 6824 20473 1944 6824 20474 1808 6825 20475 1821 6825 20476 1946 6825 20477 1947 6826 20478 1946 6826 20479 1821 6826 20480 1947 6827 20481 1945 6827 20482 1946 6827 20483 1820 6828 20484 1947 6828 20485 1821 6828 20486 1829 6829 20487 1947 6829 20488 1820 6829 20489 1947 6830 20490 1829 6830 20491 1948 6830 20492 1948 6831 20493 1949 6831 20494 1947 6831 20495 1947 6832 20496 1949 6832 20497 1945 6832 20498 1949 6833 20499 1950 6833 20500 1945 6833 20501 1950 6834 20502 1788 6834 20503 1944 6834 20504 1950 6835 20505 1944 6835 20506 1945 6835 20507 1832 6836 20508 1948 6836 20509 1833 6836 20510 1949 6837 20511 1948 6837 20512 1832 6837 20513 1948 6838 20514 1828 6838 20515 1833 6838 20516 1948 6839 20517 1829 6839 20518 1828 6839 20519 1946 6840 20520 1941 6840 20521 1927 6840 20522 1808 6841 20523 1946 6841 20524 1927 6841 20525 1951 6842 20526 1808 6842 20527 1928 6842 20528 1952 6843 20529 1808 6843 20530 1951 6843 20531 1808 6844 20532 1927 6844 20533 1928 6844 20534 1953 6845 20535 1952 6845 20536 1951 6845 20537 1805 6846 20538 1952 6846 20539 1953 6846 20540 1951 6847 20541 1925 6847 20542 1953 6847 20543 1953 6848 20544 1954 6848 20545 1804 6848 20546 1925 6849 20547 1954 6849 20548 1953 6849 20549 1956 6850 20550 1804 6850 20551 1954 6850 20552 1954 6851 20553 1955 6851 20554 1956 6851 20555 1956 6852 20556 1957 6852 20557 1958 6852 20558 1955 6853 20559 1957 6853 20560 1956 6853 20561 1956 6854 20562 1958 6854 20563 1960 6854 20564 1959 6855 20565 1958 6855 20566 1957 6855 20567 1961 6856 20568 1958 6856 20569 1959 6856 20570 1958 6857 20571 1961 6857 20572 1960 6857 20573 1963 6858 20574 1961 6858 20575 1959 6858 20576 1961 6859 20577 2015 6859 20578 1960 6859 20579 1965 6860 20580 1961 6860 20581 1962 6860 20582 1962 6861 20583 1961 6861 20584 1963 6861 20585 1964 6862 20586 2015 6862 20587 1961 6862 20588 1965 6863 20589 1964 6863 20590 1961 6863 20591 1966 6864 20592 1964 6864 20593 1965 6864 20594 1967 6865 20595 1966 6865 20596 1965 6865 20597 1968 6866 20598 1965 6866 20599 1962 6866 20600 1967 6867 20601 1965 6867 20602 1968 6867 20603 1968 6868 20604 1970 6868 20605 1967 6868 20606 1968 6869 20607 1962 6869 20608 1969 6869 20609 1969 6870 20610 1970 6870 20611 1968 6870 20612 1389 6871 20613 2345 6871 20614 1970 6871 20615 1970 6872 20616 2345 6872 20617 1974 6872 20618 1389 6873 20619 1970 6873 20620 1971 6873 20621 1971 6874 20622 1970 6874 20623 1972 6874 20624 1969 6875 20625 1972 6875 20626 1970 6875 20627 1967 6876 20628 1970 6876 20629 1973 6876 20630 1970 6877 20631 1974 6877 20632 1973 6877 20633 1974 6878 20634 2345 6878 20635 1975 6878 20636 1976 6879 20637 1974 6879 20638 1975 6879 20639 1977 6880 20640 1974 6880 20641 1976 6880 20642 1977 6881 20643 1973 6881 20644 1974 6881 20645 1976 6882 20646 1978 6882 20647 1977 6882 20648 1977 6883 20649 1978 6883 20650 1966 6883 20651 1977 6884 20652 1966 6884 20653 1967 6884 20654 1967 6885 20655 1973 6885 20656 1977 6885 20657 1978 6886 20658 1979 6886 20659 1966 6886 20660 1978 6887 20661 1980 6887 20662 1979 6887 20663 1978 6888 20664 1981 6888 20665 1980 6888 20666 1976 6889 20667 1985 6889 20668 1978 6889 20669 1978 6890 20670 1985 6890 20671 1983 6890 20672 1978 6891 20673 1983 6891 20674 1981 6891 20675 2017 6892 20676 1980 6892 20677 1981 6892 20678 2017 6893 20679 1981 6893 20680 1982 6893 20681 1986 6894 20682 1984 6894 20683 1983 6894 20684 1983 6895 20685 1984 6895 20686 1981 6895 20687 1983 6896 20688 1985 6896 20689 1986 6896 20690 1984 6897 20691 1986 6897 20692 1987 6897 20693 2019 6898 20694 1984 6898 20695 1987 6898 20696 2019 6899 20697 1989 6899 20698 1988 6899 20699 2019 6900 20700 1987 6900 20701 1989 6900 20702 1987 6901 20703 1990 6901 20704 1989 6901 20705 1990 6902 20706 1991 6902 20707 1989 6902 20708 1989 6903 20709 1991 6903 20710 1993 6903 20711 1993 6904 20712 1988 6904 20713 1989 6904 20714 1992 6905 20715 1988 6905 20716 1993 6905 20717 1988 6906 20718 1992 6906 20719 1994 6906 20720 1994 6907 20721 1995 6907 20722 1988 6907 20723 1998 6908 20724 1988 6908 20725 1995 6908 20726 1996 6909 20727 1997 6909 20728 1995 6909 20729 1997 6910 20730 1996 6910 20731 1689 6910 20732 1996 6911 20733 1995 6911 20734 1697 6911 20735 1996 6912 20736 1697 6912 20737 1691 6912 20738 1996 6913 20739 1691 6913 20740 1690 6913 20741 1997 6914 20742 1998 6914 20743 1995 6914 20744 1697 6915 20745 1995 6915 20746 1994 6915 20747 1696 6916 20748 1994 6916 20749 1698 6916 20750 2071 6917 20751 1998 6917 20752 1997 6917 20753 1998 6918 20754 2001 6918 20755 2018 6918 20756 2018 6919 20757 2019 6919 20758 1998 6919 20759 2071 6920 20760 2001 6920 20761 1998 6920 20762 1998 6921 20763 2019 6921 20764 1988 6921 20765 2001 6922 20766 1999 6922 20767 2000 6922 20768 2002 6923 20769 1999 6923 20770 2001 6923 20771 2001 6924 20772 2071 6924 20773 2002 6924 20774 2002 6925 20775 2006 6925 20776 1999 6925 20777 2002 6926 20778 2071 6926 20779 2057 6926 20780 2005 6927 20781 2002 6927 20782 2057 6927 20783 2002 6928 20784 2004 6928 20785 2003 6928 20786 2002 6929 20787 2005 6929 20788 2004 6929 20789 2008 6930 20790 2007 6930 20791 2006 6930 20792 2007 6931 20793 2010 6931 20794 2006 6931 20795 2008 6932 20796 2006 6932 20797 2002 6932 20798 2006 6933 20799 2009 6933 20800 1999 6933 20801 2006 6934 20802 2010 6934 20803 2009 6934 20804 2007 6935 20805 2011 6935 20806 2010 6935 20807 2012 6936 20808 2011 6936 20809 2007 6936 20810 2012 6937 20811 2013 6937 20812 2011 6937 20813 2015 6938 20814 1964 6938 20815 2013 6938 20816 1964 6939 20817 2011 6939 20818 2013 6939 20819 2008 6940 20820 2012 6940 20821 2007 6940 20822 1803 6941 20823 2012 6941 20824 2008 6941 20825 1803 6942 20826 2014 6942 20827 2012 6942 20828 2014 6943 20829 2013 6943 20830 2012 6943 20831 1804 6944 20832 2014 6944 20833 1803 6944 20834 2014 6945 20835 2015 6945 20836 2013 6945 20837 2014 6946 20838 1960 6946 20839 2015 6946 20840 2008 6947 20841 1802 6947 20842 1803 6947 20843 1979 6948 20844 2009 6948 20845 2010 6948 20846 1980 6949 20847 2009 6949 20848 1979 6949 20849 2009 6950 20850 1980 6950 20851 2016 6950 20852 1980 6951 20853 2017 6951 20854 2016 6951 20855 1999 6952 20856 2009 6952 20857 2016 6952 20858 2000 6953 20859 2016 6953 20860 2017 6953 20861 1999 6954 20862 2016 6954 20863 2000 6954 20864 2018 6955 20865 2000 6955 20866 2017 6955 20867 2018 6956 20868 2017 6956 20869 1982 6956 20870 2020 6957 20871 2018 6957 20872 1982 6957 20873 2001 6958 20874 2000 6958 20875 2018 6958 20876 2020 6959 20877 2019 6959 20878 2018 6959 20879 1984 6960 20880 2019 6960 20881 2020 6960 20882 1984 6961 20883 2020 6961 20884 1981 6961 20885 1981 6962 20886 2020 6962 20887 1982 6962 20888 1979 6963 20889 2011 6963 20890 1964 6963 20891 2011 6964 20892 1979 6964 20893 2010 6964 20894 2002 6965 20895 1802 6965 20896 2008 6965 20897 2002 6966 20898 2163 6966 20899 1802 6966 20900 2002 6967 20901 2021 6967 20902 2163 6967 20903 2002 6968 20904 2022 6968 20905 2021 6968 20906 2002 6969 20907 2003 6969 20908 2022 6969 20909 2165 6970 20910 2022 6970 20911 2024 6970 20912 2159 6971 20913 2022 6971 20914 2165 6971 20915 2021 6972 20916 2022 6972 20917 2159 6972 20918 2023 6973 20919 2022 6973 20920 2003 6973 20921 2152 6974 20922 2022 6974 20923 2023 6974 20924 2022 6975 20925 2152 6975 20926 2153 6975 20927 2024 6976 20928 2022 6976 20929 2153 6976 20930 2024 6977 20931 2153 6977 20932 2155 6977 20933 2151 6978 20934 2025 6978 20935 2153 6978 20936 2153 6979 20937 2025 6979 20938 2155 6979 20939 2025 6980 20940 2026 6980 20941 2028 6980 20942 2048 6981 20943 2026 6981 20944 2025 6981 20945 2025 6982 20946 2151 6982 20947 2048 6982 20948 2155 6983 20949 2025 6983 20950 2029 6983 20951 2027 6984 20952 2029 6984 20953 2025 6984 20954 2027 6985 20955 2025 6985 20956 2028 6985 20957 2155 6986 20958 2029 6986 20959 2030 6986 20960 2029 6987 20961 2157 6987 20962 2030 6987 20963 1747 6988 20964 2157 6988 20965 2029 6988 20966 2029 6989 20967 2032 6989 20968 1747 6989 20969 2031 6990 20970 2029 6990 20971 2027 6990 20972 2032 6991 20973 2029 6991 20974 2031 6991 20975 2033 6992 20976 2032 6992 20977 2031 6992 20978 2038 6993 20979 1743 6993 20980 2032 6993 20981 1747 6994 20982 2032 6994 20983 1743 6994 20984 2033 6995 20985 2038 6995 20986 2032 6995 20987 2038 6996 20988 2033 6996 20989 2036 6996 20990 2035 6997 20991 2034 6997 20992 2033 6997 20993 2033 6998 20994 2034 6998 20995 2036 6998 20996 2031 6999 20997 2035 6999 20998 2033 6999 20999 1722 7000 21000 2036 7000 21001 2037 7000 21002 2042 7001 21003 2036 7001 21004 1722 7001 21005 2034 7002 21006 2037 7002 21007 2036 7002 21008 2038 7003 21009 2036 7003 21010 2042 7003 21011 2038 7004 21012 2042 7004 21013 2039 7004 21014 2039 7005 21015 1727 7005 21016 2038 7005 21017 1740 7006 21018 1730 7006 21019 1732 7006 21020 2040 7007 21021 2039 7007 21022 2041 7007 21023 1727 7008 21024 2039 7008 21025 2040 7008 21026 1722 7009 21027 2039 7009 21028 2042 7009 21029 2039 7010 21030 2043 7010 21031 2041 7010 21032 2039 7011 21033 1722 7011 21034 2043 7011 21035 2043 7012 21036 1722 7012 21037 1721 7012 21038 1726 7013 21039 2040 7013 21040 2043 7013 21041 2043 7014 21042 2040 7014 21043 2041 7014 21044 1726 7015 21045 1727 7015 21046 2040 7015 21047 2038 7016 21048 1727 7016 21049 2044 7016 21050 1727 7017 21051 1730 7017 21052 2044 7017 21053 2045 7018 21054 1722 7018 21055 2037 7018 21056 2034 7019 21057 2045 7019 21058 2037 7019 21059 2114 7020 21060 1722 7020 21061 2045 7020 21062 2114 7021 21063 2045 7021 21064 2046 7021 21065 2045 7022 21066 2034 7022 21067 2046 7022 21068 2047 7023 21069 2114 7023 21070 2046 7023 21071 2046 7024 21072 2034 7024 21073 2047 7024 21074 2047 7025 21075 2115 7025 21076 2114 7025 21077 2047 7026 21078 2048 7026 21079 2115 7026 21080 2034 7027 21081 2026 7027 21082 2047 7027 21083 2026 7028 21084 2048 7028 21085 2047 7028 21086 2048 7029 21087 2049 7029 21088 2115 7029 21089 2050 7030 21090 2049 7030 21091 2048 7030 21092 2049 7031 21093 2050 7031 21094 2092 7031 21095 2051 7032 21096 2050 7032 21097 2048 7032 21098 2051 7033 21099 2053 7033 21100 2098 7033 21101 2053 7034 21102 2051 7034 21103 2052 7034 21104 2053 7035 21105 2054 7035 21106 2055 7035 21107 2054 7036 21108 2099 7036 21109 2055 7036 21110 2056 7037 21111 2099 7037 21112 2054 7037 21113 2101 7038 21114 2099 7038 21115 2056 7038 21116 2056 7039 21117 2057 7039 21118 2101 7039 21119 2100 7040 21120 2101 7040 21121 2057 7040 21122 2100 7041 21123 2057 7041 21124 2058 7041 21125 2058 7042 21126 2097 7042 21127 2100 7042 21128 2058 7043 21129 2059 7043 21130 2097 7043 21131 2059 7044 21132 2060 7044 21133 2061 7044 21134 2063 7045 21135 2060 7045 21136 2059 7045 21137 2059 7046 21138 2061 7046 21139 2062 7046 21140 2059 7047 21141 2062 7047 21142 2097 7047 21143 2064 7048 21144 2063 7048 21145 2059 7048 21146 2064 7049 21147 2059 7049 21148 2058 7049 21149 2058 7050 21150 2071 7050 21151 2064 7050 21152 2063 7051 21153 2064 7051 21154 2065 7051 21155 2066 7052 21156 2063 7052 21157 2065 7052 21158 2063 7053 21159 2066 7053 21160 2067 7053 21161 2067 7054 21162 2066 7054 21163 2068 7054 21164 2069 7055 21165 2068 7055 21166 2066 7055 21167 2069 7056 21168 2070 7056 21169 1437 7056 21170 2069 7057 21171 1437 7057 21172 2068 7057 21173 2072 7058 21174 2070 7058 21175 2069 7058 21176 2066 7059 21177 2072 7059 21178 2069 7059 21179 2071 7060 21180 2070 7060 21181 2072 7060 21182 2065 7061 21183 2071 7061 21184 2072 7061 21185 2071 7062 21186 1434 7062 21187 2070 7062 21188 2071 7063 21189 2073 7063 21190 1434 7063 21191 1434 7064 21192 2073 7064 21193 2421 7064 21194 1434 7065 21195 2419 7065 21196 2070 7065 21197 2065 7066 21198 2072 7066 21199 2066 7066 21200 1437 7067 21201 2067 7067 21202 2068 7067 21203 2074 7068 21204 2067 7068 21205 2075 7068 21206 2076 7069 21207 2067 7069 21208 2074 7069 21209 2075 7070 21210 2067 7070 21211 1441 7070 21212 1437 7071 21213 1441 7071 21214 2067 7071 21215 2067 7072 21216 2077 7072 21217 2063 7072 21218 2077 7073 21219 2067 7073 21220 2076 7073 21221 2078 7074 21222 2077 7074 21223 2076 7074 21224 2078 7075 21225 2081 7075 21226 2077 7075 21227 2081 7076 21228 2080 7076 21229 2077 7076 21230 2077 7077 21231 2080 7077 21232 2060 7077 21233 2063 7078 21234 2077 7078 21235 2060 7078 21236 2080 7079 21237 2079 7079 21238 2060 7079 21239 2079 7080 21240 2080 7080 21241 2084 7080 21242 2082 7081 21243 2084 7081 21244 2080 7081 21245 2081 7082 21246 2082 7082 21247 2080 7082 21248 2127 7083 21249 2082 7083 21250 2081 7083 21251 2083 7084 21252 2084 7084 21253 2085 7084 21254 2119 7085 21255 2085 7085 21256 2084 7085 21257 2083 7086 21258 2085 7086 21259 2087 7086 21260 2085 7087 21261 2086 7087 21262 2088 7087 21263 2085 7088 21264 2088 7088 21265 2087 7088 21266 2088 7089 21267 2089 7089 21268 2087 7089 21269 2089 7090 21270 2088 7090 21271 2090 7090 21272 2088 7091 21273 2086 7091 21274 2090 7091 21275 2086 7092 21276 2091 7092 21277 2090 7092 21278 2089 7093 21279 2090 7093 21280 2091 7093 21281 2092 7094 21282 2091 7094 21283 2086 7094 21284 2092 7095 21285 2093 7095 21286 2091 7095 21287 2093 7096 21288 2089 7096 21289 2091 7096 21290 2094 7097 21291 2096 7097 21292 2093 7097 21293 2093 7098 21294 2095 7098 21295 2094 7098 21296 2050 7099 21297 2093 7099 21298 2092 7099 21299 2093 7100 21300 2050 7100 21301 2095 7100 21302 2093 7101 21303 2096 7101 21304 2089 7101 21305 2096 7102 21306 2062 7102 21307 2061 7102 21308 2096 7103 21309 2061 7103 21310 2079 7103 21311 2062 7104 21312 2096 7104 21313 2094 7104 21314 2089 7105 21315 2096 7105 21316 2079 7105 21317 2095 7106 21318 2100 7106 21319 2097 7106 21320 2095 7107 21321 2098 7107 21322 2100 7107 21323 2097 7108 21324 2094 7108 21325 2095 7108 21326 2050 7109 21327 2098 7109 21328 2095 7109 21329 2098 7110 21330 2099 7110 21331 2100 7110 21332 2050 7111 21333 2051 7111 21334 2098 7111 21335 2098 7112 21336 2055 7112 21337 2099 7112 21338 2100 7113 21339 2099 7113 21340 2101 7113 21341 2055 7114 21342 2098 7114 21343 2053 7114 21344 2097 7115 21345 2062 7115 21346 2094 7115 21347 2086 7116 21348 2104 7116 21349 2092 7116 21350 2086 7117 21351 1696 7117 21352 1698 7117 21353 1696 7118 21354 2086 7118 21355 2085 7118 21356 2086 7119 21357 1698 7119 21358 2102 7119 21359 2102 7120 21360 2104 7120 21361 2086 7120 21362 2103 7121 21363 2104 7121 21364 2102 7121 21365 2103 7122 21366 2049 7122 21367 2104 7122 21368 2049 7123 21369 2092 7123 21370 2104 7123 21371 2103 7124 21372 2105 7124 21373 2106 7124 21374 2107 7125 21375 2105 7125 21376 2103 7125 21377 2102 7126 21378 2107 7126 21379 2103 7126 21380 2106 7127 21381 2049 7127 21382 2103 7127 21383 2107 7128 21384 2110 7128 21385 2105 7128 21386 2109 7129 21387 2110 7129 21388 2107 7129 21389 2108 7130 21390 2107 7130 21391 2102 7130 21392 2108 7131 21393 2109 7131 21394 2107 7131 21395 2109 7132 21396 2108 7132 21397 1701 7132 21398 1701 7133 21399 1700 7133 21400 2109 7133 21401 1700 7134 21402 2110 7134 21403 2109 7134 21404 2112 7135 21405 2110 7135 21406 2111 7135 21407 2113 7136 21408 2105 7136 21409 2112 7136 21410 2112 7137 21411 2105 7137 21412 2110 7137 21413 2111 7138 21414 2113 7138 21415 2112 7138 21416 2105 7139 21417 2113 7139 21418 2106 7139 21419 2114 7140 21420 2106 7140 21421 2113 7140 21422 2111 7141 21423 2114 7141 21424 2113 7141 21425 2106 7142 21426 2114 7142 21427 2115 7142 21428 1703 7143 21429 2114 7143 21430 2111 7143 21431 1703 7144 21432 1722 7144 21433 2114 7144 21434 2106 7145 21435 2115 7145 21436 2049 7145 21437 2117 7146 21438 2116 7146 21439 2111 7146 21440 1703 7147 21441 2111 7147 21442 2116 7147 21443 2117 7148 21444 2111 7148 21445 2110 7148 21446 2110 7149 21447 1700 7149 21448 2117 7149 21449 1702 7150 21450 2117 7150 21451 1700 7150 21452 1702 7151 21453 2118 7151 21454 2117 7151 21455 2116 7152 21456 2117 7152 21457 2118 7152 21458 2102 7153 21459 1701 7153 21460 2108 7153 21461 2102 7154 21462 1698 7154 21463 1701 7154 21464 1696 7155 21465 2085 7155 21466 2142 7155 21467 2120 7156 21468 2085 7156 21469 2119 7156 21470 2122 7157 21471 2120 7157 21472 2124 7157 21473 2120 7158 21474 2126 7158 21475 2124 7158 21476 2126 7159 21477 2120 7159 21478 2121 7159 21479 2123 7160 21480 2122 7160 21481 2124 7160 21482 2124 7161 21483 2125 7161 21484 2123 7161 21485 2128 7162 21486 2125 7162 21487 2124 7162 21488 2128 7163 21489 2124 7163 21490 2126 7163 21491 2125 7164 21492 2128 7164 21493 2127 7164 21494 2082 7165 21495 2128 7165 21496 2121 7165 21497 2128 7166 21498 2126 7166 21499 2121 7166 21500 2082 7167 21501 2127 7167 21502 2128 7167 21503 2082 7168 21504 2121 7168 21505 2119 7168 21506 2082 7169 21507 2119 7169 21508 2084 7169 21509 2081 7170 21510 2129 7170 21511 2127 7170 21512 2081 7171 21513 2130 7171 21514 2129 7171 21515 2129 7172 21516 2130 7172 21517 2131 7172 21518 2132 7173 21519 2131 7173 21520 2130 7173 21521 2078 7174 21522 2132 7174 21523 2130 7174 21524 2081 7175 21525 2078 7175 21526 2130 7175 21527 2135 7176 21528 2132 7176 21529 2078 7176 21530 2132 7177 21531 2134 7177 21532 2131 7177 21533 2133 7178 21534 2132 7178 21535 2136 7178 21536 2134 7179 21537 2132 7179 21538 2133 7179 21539 2132 7180 21540 2135 7180 21541 2137 7180 21542 2132 7181 21543 2137 7181 21544 2136 7181 21545 2137 7182 21546 1440 7182 21547 2138 7182 21548 1440 7183 21549 2137 7183 21550 1441 7183 21551 1441 7184 21552 2137 7184 21553 2075 7184 21554 2135 7185 21555 2075 7185 21556 2137 7185 21557 2137 7186 21558 2138 7186 21559 2136 7186 21560 2139 7187 21561 2138 7187 21562 1440 7187 21563 2139 7188 21564 1687 7188 21565 2138 7188 21566 2136 7189 21567 2138 7189 21568 2140 7189 21569 2138 7190 21570 1687 7190 21571 2140 7190 21572 1687 7191 21573 2129 7191 21574 2140 7191 21575 2136 7192 21576 2140 7192 21577 2133 7192 21578 2140 7193 21579 2129 7193 21580 2134 7193 21581 2140 7194 21582 2134 7194 21583 2133 7194 21584 2141 7195 21585 1446 7195 21586 2139 7195 21587 2139 7196 21588 1446 7196 21589 1687 7196 21590 2076 7197 21591 2135 7197 21592 2078 7197 21593 2135 7198 21594 2074 7198 21595 2075 7198 21596 2074 7199 21597 2135 7199 21598 2076 7199 21599 2134 7200 21600 2129 7200 21601 2131 7200 21602 1687 7201 21603 2125 7201 21604 2129 7201 21605 2125 7202 21606 2127 7202 21607 2129 7202 21608 2120 7203 21609 2119 7203 21610 2121 7203 21611 2122 7204 21612 1694 7204 21613 2120 7204 21614 2120 7205 21615 2142 7205 21616 2085 7205 21617 2142 7206 21618 2120 7206 21619 1694 7206 21620 2087 7207 21621 2089 7207 21622 2083 7207 21623 2089 7208 21624 2079 7208 21625 2083 7208 21626 2079 7209 21627 2084 7209 21628 2083 7209 21629 2060 7210 21630 2079 7210 21631 2061 7210 21632 2064 7211 21633 2071 7211 21634 2065 7211 21635 2058 7212 21636 2057 7212 21637 2071 7212 21638 2005 7213 21639 2057 7213 21640 2056 7213 21641 2054 7214 21642 2005 7214 21643 2056 7214 21644 2144 7215 21645 2143 7215 21646 2005 7215 21647 2143 7216 21648 2004 7216 21649 2005 7216 21650 2054 7217 21651 2144 7217 21652 2005 7217 21653 2143 7218 21654 2145 7218 21655 2154 7218 21656 2143 7219 21657 2146 7219 21658 2145 7219 21659 2146 7220 21660 2052 7220 21661 2145 7220 21662 2147 7221 21663 2052 7221 21664 2146 7221 21665 2144 7222 21666 2146 7222 21667 2143 7222 21668 2146 7223 21669 2144 7223 21670 2147 7223 21671 2054 7224 21672 2147 7224 21673 2144 7224 21674 2053 7225 21675 2052 7225 21676 2147 7225 21677 2147 7226 21678 2054 7226 21679 2053 7226 21680 2145 7227 21681 2148 7227 21682 2154 7227 21683 2148 7228 21684 2145 7228 21685 2052 7228 21686 2052 7229 21687 2149 7229 21688 2148 7229 21689 2149 7230 21690 2052 7230 21691 2150 7230 21692 2148 7231 21693 2149 7231 21694 2023 7231 21695 2052 7232 21696 2051 7232 21697 2150 7232 21698 2151 7233 21699 2149 7233 21700 2150 7233 21701 2150 7234 21702 2051 7234 21703 2151 7234 21704 2151 7235 21705 2152 7235 21706 2149 7235 21707 2152 7236 21708 2023 7236 21709 2149 7236 21710 2152 7237 21711 2151 7237 21712 2153 7237 21713 2148 7238 21714 2023 7238 21715 2003 7238 21716 2154 7239 21717 2148 7239 21718 2003 7239 21719 2003 7240 21720 2004 7240 21721 2154 7240 21722 2154 7241 21723 2004 7241 21724 2143 7241 21725 2048 7242 21726 2151 7242 21727 2051 7242 21728 2034 7243 21729 2035 7243 21730 2026 7243 21731 2035 7244 21732 2028 7244 21733 2026 7244 21734 2035 7245 21735 2027 7245 21736 2028 7245 21737 2027 7246 21738 2035 7246 21739 2031 7246 21740 2038 7247 21741 2044 7247 21742 1743 7247 21743 2155 7248 21744 2030 7248 21745 2156 7248 21746 2156 7249 21747 2024 7249 21748 2155 7249 21749 2156 7250 21750 2165 7250 21751 2024 7250 21752 2157 7251 21753 1747 7251 21754 2158 7251 21755 1747 7252 21756 2160 7252 21757 2158 7252 21758 2160 7253 21759 2165 7253 21760 2158 7253 21761 2160 7254 21762 2159 7254 21763 2165 7254 21764 2161 7255 21765 2159 7255 21766 2160 7255 21767 2162 7256 21768 2159 7256 21769 2161 7256 21770 2162 7257 21771 2164 7257 21772 2159 7257 21773 2021 7258 21774 2159 7258 21775 2164 7258 21776 1751 7259 21777 2021 7259 21778 2164 7259 21779 1756 7260 21780 2021 7260 21781 1751 7260 21782 2021 7261 21783 1756 7261 21784 1758 7261 21785 1758 7262 21786 2163 7262 21787 2021 7262 21788 1764 7263 21789 1802 7263 21790 2163 7263 21791 1760 7264 21792 1764 7264 21793 2163 7264 21794 1758 7265 21795 1760 7265 21796 2163 7265 21797 1756 7266 21798 1751 7266 21799 1755 7266 21800 1751 7267 21801 2164 7267 21802 1750 7267 21803 2158 7268 21804 2165 7268 21805 2157 7268 21806 2157 7269 21807 2165 7269 21808 2156 7269 21809 2156 7270 21810 2030 7270 21811 2157 7270 21812 1992 7271 21813 1698 7271 21814 1994 7271 21815 1993 7272 21816 2352 7272 21817 1992 7272 21818 1706 7273 21819 2352 7273 21820 1993 7273 21821 1993 7274 21822 2166 7274 21823 1706 7274 21824 1993 7275 21825 1991 7275 21826 2166 7275 21827 2168 7276 21828 2166 7276 21829 1991 7276 21830 2167 7277 21831 2168 7277 21832 2350 7277 21833 2350 7278 21834 2168 7278 21835 1991 7278 21836 2167 7279 21837 2170 7279 21838 2168 7279 21839 2168 7280 21840 2169 7280 21841 2166 7280 21842 2168 7281 21843 2170 7281 21844 2169 7281 21845 2171 7282 21846 2170 7282 21847 2167 7282 21848 2169 7283 21849 2170 7283 21850 2172 7283 21851 2173 7284 21852 2170 7284 21853 2171 7284 21854 2173 7285 21855 2172 7285 21856 2170 7285 21857 2173 7286 21858 2175 7286 21859 2174 7286 21860 2171 7287 21861 2175 7287 21862 2173 7287 21863 2330 7288 21864 2172 7288 21865 2173 7288 21866 2330 7289 21867 2173 7289 21868 2174 7289 21869 2174 7290 21870 2175 7290 21871 2176 7290 21872 2174 7291 21873 2176 7291 21874 2178 7291 21875 2177 7292 21876 2178 7292 21877 2176 7292 21878 2180 7293 21879 2178 7293 21880 2177 7293 21881 2179 7294 21882 2178 7294 21883 2180 7294 21884 2174 7295 21885 2178 7295 21886 2330 7295 21887 2330 7296 21888 2178 7296 21889 2179 7296 21890 2179 7297 21891 2180 7297 21892 1715 7297 21893 2181 7298 21894 1715 7298 21895 2180 7298 21896 2181 7299 21897 2182 7299 21898 2183 7299 21899 2183 7300 21900 2299 7300 21901 2181 7300 21902 2181 7301 21903 2180 7301 21904 2182 7301 21905 2298 7302 21906 2181 7302 21907 2299 7302 21908 2185 7303 21909 2183 7303 21910 2182 7303 21911 2185 7304 21912 2182 7304 21913 2186 7304 21914 2182 7305 21915 2189 7305 21916 2186 7305 21917 2182 7306 21918 2177 7306 21919 2184 7306 21920 2184 7307 21921 2189 7307 21922 2182 7307 21923 2182 7308 21924 2180 7308 21925 2177 7308 21926 2188 7309 21927 2185 7309 21928 2186 7309 21929 2188 7310 21930 2186 7310 21931 2187 7310 21932 2188 7311 21933 2187 7311 21934 2175 7311 21935 2171 7312 21936 2188 7312 21937 2175 7312 21938 2167 7313 21939 2188 7313 21940 2171 7313 21941 2175 7314 21942 2187 7314 21943 2176 7314 21944 2187 7315 21945 2189 7315 21946 2176 7315 21947 2189 7316 21948 2187 7316 21949 2186 7316 21950 2177 7317 21951 2176 7317 21952 2189 7317 21953 2177 7318 21954 2189 7318 21955 2184 7318 21956 1671 7319 21957 1057 7319 21958 2188 7319 21959 2188 7320 21960 1057 7320 21961 2190 7320 21962 2190 7321 21963 2300 7321 21964 2188 7321 21965 2188 7322 21966 2300 7322 21967 2185 7322 21968 1671 7323 21969 2188 7323 21970 2167 7323 21971 2190 7324 21972 1057 7324 21973 2192 7324 21974 2190 7325 21975 2191 7325 21976 2270 7325 21977 2270 7326 21978 2300 7326 21979 2190 7326 21980 2190 7327 21981 2192 7327 21982 2191 7327 21983 2192 7328 21984 1057 7328 21985 2193 7328 21986 2192 7329 21987 2194 7329 21988 2191 7329 21989 2193 7330 21990 2195 7330 21991 2192 7330 21992 2192 7331 21993 2195 7331 21994 2194 7331 21995 2196 7332 21996 2195 7332 21997 2193 7332 21998 2196 7333 21999 2199 7333 22000 2195 7333 22001 2197 7334 22002 2194 7334 22003 2195 7334 22004 2197 7335 22005 2195 7335 22006 2198 7335 22007 2198 7336 22008 2195 7336 22009 2199 7336 22010 2202 7337 22011 2199 7337 22012 2196 7337 22013 2198 7338 22014 2199 7338 22015 2200 7338 22016 2202 7339 22017 2200 7339 22018 2199 7339 22019 2202 7340 22020 2196 7340 22021 2327 7340 22022 2201 7341 22023 2200 7341 22024 2202 7341 22025 2327 7342 22026 2203 7342 22027 2202 7342 22028 2203 7343 22029 2201 7343 22030 2202 7343 22031 2203 7344 22032 2301 7344 22033 2201 7344 22034 2203 7345 22035 2204 7345 22036 2301 7345 22037 2205 7346 22038 2204 7346 22039 2206 7346 22040 2205 7347 22041 2301 7347 22042 2204 7347 22043 2208 7348 22044 2204 7348 22045 2203 7348 22046 2204 7349 22047 2208 7349 22048 2206 7349 22049 2327 7350 22050 2207 7350 22051 2208 7350 22052 2327 7351 22053 2208 7351 22054 2203 7351 22055 2205 7352 22056 2208 7352 22057 2209 7352 22058 2206 7353 22059 2208 7353 22060 2205 7353 22061 1059 7354 22062 2205 7354 22063 2209 7354 22064 2210 7355 22065 1059 7355 22066 1058 7355 22067 2211 7356 22068 2210 7356 22069 2302 7356 22070 2302 7357 22071 2205 7357 22072 2211 7357 22073 2303 7358 22074 2302 7358 22075 2210 7358 22076 2302 7359 22077 2301 7359 22078 2205 7359 22079 2212 7360 22080 2303 7360 22081 2210 7360 22082 2213 7361 22083 2303 7361 22084 2212 7361 22085 1058 7362 22086 2212 7362 22087 2210 7362 22088 1058 7363 22089 2214 7363 22090 2212 7363 22091 2212 7364 22092 2214 7364 22093 2213 7364 22094 1055 7365 22095 2214 7365 22096 1058 7365 22097 1055 7366 22098 2215 7366 22099 2214 7366 22100 2215 7367 22101 2216 7367 22102 2214 7367 22103 2214 7368 22104 2216 7368 22105 2217 7368 22106 2213 7369 22107 2214 7369 22108 2217 7369 22109 2213 7370 22110 2217 7370 22111 2218 7370 22112 2220 7371 22113 2219 7371 22114 2217 7371 22115 2217 7372 22116 2219 7372 22117 2218 7372 22118 2217 7373 22119 2216 7373 22120 2220 7373 22121 2218 7374 22122 2219 7374 22123 2221 7374 22124 2222 7375 22125 2218 7375 22126 2221 7375 22127 2304 7376 22128 2222 7376 22129 2221 7376 22130 2224 7377 22131 2222 7377 22132 2304 7377 22133 2224 7378 22134 2225 7378 22135 2223 7378 22136 2224 7379 22137 2304 7379 22138 2225 7379 22139 2226 7380 22140 2227 7380 22141 2225 7380 22142 2225 7381 22143 2227 7381 22144 2223 7381 22145 2223 7382 22146 2227 7382 22147 2228 7382 22148 2228 7383 22149 2229 7383 22150 2230 7383 22151 2228 7384 22152 2227 7384 22153 2229 7384 22154 2230 7385 22155 2223 7385 22156 2228 7385 22157 2229 7386 22158 2232 7386 22159 2230 7386 22160 2231 7387 22161 2223 7387 22162 2230 7387 22163 2231 7388 22164 2230 7388 22165 2233 7388 22166 2233 7389 22167 2230 7389 22168 2232 7389 22169 2200 7390 22170 2231 7390 22171 2233 7390 22172 2233 7391 22173 2198 7391 22174 2200 7391 22175 2198 7392 22176 2233 7392 22177 2234 7392 22178 2235 7393 22179 2233 7393 22180 2232 7393 22181 2233 7394 22182 2235 7394 22183 2234 7394 22184 2232 7395 22185 2236 7395 22186 2235 7395 22187 2236 7396 22188 2237 7396 22189 2235 7396 22190 2234 7397 22191 2235 7397 22192 2237 7397 22193 2234 7398 22194 2237 7398 22195 2238 7398 22196 2239 7399 22197 2238 7399 22198 2237 7399 22199 2237 7400 22200 2240 7400 22201 2239 7400 22202 2236 7401 22203 2240 7401 22204 2237 7401 22205 1929 7402 22206 2240 7402 22207 1921 7402 22208 2241 7403 22209 2240 7403 22210 2236 7403 22211 1921 7404 22212 2240 7404 22213 2241 7404 22214 1921 7405 22215 2241 7405 22216 1922 7405 22217 2241 7406 22218 1920 7406 22219 1922 7406 22220 2242 7407 22221 1920 7407 22222 2241 7407 22223 2241 7408 22224 2236 7408 22225 2242 7408 22226 2236 7409 22227 2246 7409 22228 2242 7409 22229 2242 7410 22230 2246 7410 22231 2243 7410 22232 2242 7411 22233 2243 7411 22234 1920 7411 22235 2245 7412 22236 2244 7412 22237 2243 7412 22238 1920 7413 22239 2243 7413 22240 2244 7413 22241 2245 7414 22242 2243 7414 22243 2246 7414 22244 2246 7415 22245 2227 7415 22246 2245 7415 22247 2232 7416 22248 2229 7416 22249 2246 7416 22250 2227 7417 22251 2246 7417 22252 2229 7417 22253 2232 7418 22254 2246 7418 22255 2236 7418 22256 2248 7419 22257 2245 7419 22258 2226 7419 22259 2247 7420 22260 2248 7420 22261 2226 7420 22262 2225 7421 22263 1343 7421 22264 2247 7421 22265 2249 7422 22266 2247 7422 22267 1343 7422 22268 2247 7423 22269 2250 7423 22270 2248 7423 22271 2250 7424 22272 2247 7424 22273 2249 7424 22274 2225 7425 22275 2247 7425 22276 2226 7425 22277 2251 7426 22278 2248 7426 22279 2250 7426 22280 2249 7427 22281 2251 7427 22282 2250 7427 22283 2245 7428 22284 2248 7428 22285 2251 7428 22286 2251 7429 22287 2244 7429 22288 2245 7429 22289 2251 7430 22290 2252 7430 22291 2244 7430 22292 2252 7431 22293 2251 7431 22294 2253 7431 22295 1879 7432 22296 2244 7432 22297 2252 7432 22298 2254 7433 22299 1880 7433 22300 2253 7433 22301 2254 7434 22302 2253 7434 22303 2263 7434 22304 2262 7435 22305 2256 7435 22306 2254 7435 22307 2255 7436 22308 2254 7436 22309 2256 7436 22310 2254 7437 22311 2255 7437 22312 1876 7437 22313 2256 7438 22314 2265 7438 22315 2255 7438 22316 2257 7439 22317 2256 7439 22318 2258 7439 22319 2265 7440 22320 2256 7440 22321 2257 7440 22322 2256 7441 22323 2259 7441 22324 2258 7441 22325 2257 7442 22326 1866 7442 22327 1869 7442 22328 2257 7443 22329 1344 7443 22330 1866 7443 22331 2258 7444 22332 1344 7444 22333 2257 7444 22334 1343 7445 22335 1344 7445 22336 2264 7445 22337 1344 7446 22338 2259 7446 22339 2264 7446 22340 1344 7447 22341 2258 7447 22342 2259 7447 22343 2260 7448 22344 2264 7448 22345 2259 7448 22346 2261 7449 22347 2260 7449 22348 2262 7449 22349 2262 7450 22350 2260 7450 22351 2259 7450 22352 2263 7451 22353 2261 7451 22354 2262 7451 22355 2253 7452 22356 2261 7452 22357 2263 7452 22358 2251 7453 22359 2260 7453 22360 2261 7453 22361 2253 7454 22362 2251 7454 22363 2261 7454 22364 2249 7455 22365 1343 7455 22366 2260 7455 22367 2260 7456 22368 2251 7456 22369 2249 7456 22370 2262 7457 22371 2254 7457 22372 2263 7457 22373 2259 7458 22374 2256 7458 22375 2262 7458 22376 2264 7459 22377 2260 7459 22378 1343 7459 22379 2265 7460 22380 1876 7460 22381 2255 7460 22382 1876 7461 22383 1880 7461 22384 2254 7461 22385 1880 7462 22386 2252 7462 22387 2253 7462 22388 1879 7463 22389 2252 7463 22390 1880 7463 22391 2227 7464 22392 2226 7464 22393 2245 7464 22394 1879 7465 22395 1920 7465 22396 2244 7465 22397 2240 7466 22398 1929 7466 22399 2239 7466 22400 2239 7467 22401 2267 7467 22402 2238 7467 22403 2239 7468 22404 2266 7468 22405 2267 7468 22406 1930 7469 22407 2266 7469 22408 2239 7469 22409 1930 7470 22410 2239 7470 22411 1929 7470 22412 2197 7471 22413 2238 7471 22414 2267 7471 22415 2266 7472 22416 2197 7472 22417 2267 7472 22418 1930 7473 22419 2268 7473 22420 2266 7473 22421 2269 7474 22422 2266 7474 22423 2268 7474 22424 2266 7475 22425 2269 7475 22426 2197 7475 22427 2270 7476 22428 2269 7476 22429 2272 7476 22430 2269 7477 22431 2270 7477 22432 2271 7477 22433 2272 7478 22434 2269 7478 22435 2273 7478 22436 2269 7479 22437 2194 7479 22438 2197 7479 22439 2269 7480 22440 2271 7480 22441 2194 7480 22442 2273 7481 22443 2269 7481 22444 2268 7481 22445 2278 7482 22446 2297 7482 22447 2273 7482 22448 2272 7483 22449 2273 7483 22450 2274 7483 22451 2273 7484 22452 2297 7484 22453 2274 7484 22454 2268 7485 22455 2275 7485 22456 2273 7485 22457 2273 7486 22458 2277 7486 22459 2278 7486 22460 2273 7487 22461 2275 7487 22462 2277 7487 22463 2277 7488 22464 2275 7488 22465 2276 7488 22466 2277 7489 22467 2276 7489 22468 2278 7489 22469 2276 7490 22470 1932 7490 22471 2279 7490 22472 1931 7491 22473 1932 7491 22474 2276 7491 22475 1784 7492 22476 2280 7492 22477 2279 7492 22478 2276 7493 22479 2279 7493 22480 2280 7493 22481 2278 7494 22482 2276 7494 22483 2280 7494 22484 2278 7495 22485 2280 7495 22486 2281 7495 22487 2281 7496 22488 2297 7496 22489 2278 7496 22490 2281 7497 22491 2282 7497 22492 2283 7497 22493 2283 7498 22494 2282 7498 22495 2285 7498 22496 1712 7499 22497 1716 7499 22498 2283 7499 22499 2284 7500 22500 2283 7500 22501 1716 7500 22502 2283 7501 22503 2285 7501 22504 1712 7501 22505 1729 7502 22506 2285 7502 22507 2286 7502 22508 2286 7503 22509 2285 7503 22510 2287 7503 22511 1729 7504 22512 1712 7504 22513 2285 7504 22514 2282 7505 22515 2289 7505 22516 2288 7505 22517 2287 7506 22518 2288 7506 22519 2289 7506 22520 2287 7507 22521 2289 7507 22522 2286 7507 22523 2289 7508 22524 2290 7508 22525 2286 7508 22526 1729 7509 22527 2286 7509 22528 2290 7509 22529 2290 7510 22530 1781 7510 22531 1779 7510 22532 2290 7511 22533 2289 7511 22534 1781 7511 22535 1779 7512 22536 1782 7512 22537 1776 7512 22538 2290 7513 22539 1779 7513 22540 2292 7513 22541 1782 7514 22542 1779 7514 22543 1781 7514 22544 2291 7515 22545 2290 7515 22546 2292 7515 22547 2291 7516 22548 2292 7516 22549 2293 7516 22550 2292 7517 22551 2294 7517 22552 2293 7517 22553 1779 7518 22554 2295 7518 22555 2292 7518 22556 2292 7519 22557 2295 7519 22558 2294 7519 22559 2295 7520 22560 2296 7520 22561 2294 7520 22562 2296 7521 22563 1773 7521 22564 1733 7521 22565 2294 7522 22566 2296 7522 22567 1733 7522 22568 2293 7523 22569 2294 7523 22570 1731 7523 22571 1731 7524 22572 2294 7524 22573 1733 7524 22574 2290 7525 22575 2291 7525 22576 1729 7525 22577 2293 7526 22578 1729 7526 22579 2291 7526 22580 2288 7527 22581 2285 7527 22582 2282 7527 22583 2288 7528 22584 2287 7528 22585 2285 7528 22586 2284 7529 22587 2297 7529 22588 2283 7529 22589 2283 7530 22590 2297 7530 22591 2281 7530 22592 2281 7531 22593 2280 7531 22594 2282 7531 22595 1930 7532 22596 1931 7532 22597 2276 7532 22598 2276 7533 22599 2275 7533 22600 1930 7533 22601 2268 7534 22602 1930 7534 22603 2275 7534 22604 2297 7535 22605 2298 7535 22606 2274 7535 22607 2297 7536 22608 2284 7536 22609 1715 7536 22610 2298 7537 22611 2272 7537 22612 2274 7537 22613 2272 7538 22614 2298 7538 22615 2299 7538 22616 2272 7539 22617 2299 7539 22618 2270 7539 22619 2299 7540 22620 2300 7540 22621 2270 7540 22622 2299 7541 22623 2183 7541 22624 2300 7541 22625 2183 7542 22626 2185 7542 22627 2300 7542 22628 2298 7543 22629 2297 7543 22630 2181 7543 22631 2297 7544 22632 1715 7544 22633 2181 7544 22634 2191 7545 22635 2194 7545 22636 2271 7545 22637 2191 7546 22638 2271 7546 22639 2270 7546 22640 2238 7547 22641 2198 7547 22642 2234 7547 22643 2238 7548 22644 2197 7548 22645 2198 7548 22646 2301 7549 22647 2231 7549 22648 2201 7549 22649 2200 7550 22650 2201 7550 22651 2231 7550 22652 2301 7551 22653 2223 7551 22654 2231 7551 22655 2301 7552 22656 2224 7552 22657 2223 7552 22658 2302 7553 22659 2222 7553 22660 2301 7553 22661 2301 7554 22662 2222 7554 22663 2224 7554 22664 2213 7555 22665 2218 7555 22666 2303 7555 22667 2218 7556 22668 2302 7556 22669 2303 7556 22670 2222 7557 22671 2302 7557 22672 2218 7557 22673 1342 7558 22674 2225 7558 22675 2304 7558 22676 1342 7559 22677 1343 7559 22678 2225 7559 22679 1342 7560 22680 2304 7560 22681 2306 7560 22682 2306 7561 22683 2304 7561 22684 2305 7561 22685 2305 7562 22686 2304 7562 22687 2307 7562 22688 2308 7563 22689 2305 7563 22690 2307 7563 22691 2221 7564 22692 2307 7564 22693 2304 7564 22694 2221 7565 22695 2219 7565 22696 2307 7565 22697 2219 7566 22698 2308 7566 22699 2307 7566 22700 2219 7567 22701 2220 7567 22702 2308 7567 22703 1367 7568 22704 2308 7568 22705 2220 7568 22706 2308 7569 22707 1367 7569 22708 1368 7569 22709 1368 7570 22710 2305 7570 22711 2308 7570 22712 2309 7571 22713 2305 7571 22714 1368 7571 22715 2305 7572 22716 2309 7572 22717 2306 7572 22718 2306 7573 22719 2309 7573 22720 2326 7573 22721 2311 7574 22722 2306 7574 22723 2326 7574 22724 2311 7575 22725 2310 7575 22726 2306 7575 22727 2311 7576 22728 2312 7576 22729 2313 7576 22730 2311 7577 22731 2326 7577 22732 2312 7577 22733 2313 7578 22734 2314 7578 22735 2311 7578 22736 2314 7579 22737 2310 7579 22738 2311 7579 22739 2313 7580 22740 2317 7580 22741 2315 7580 22742 2312 7581 22743 1332 7581 22744 2313 7581 22745 2313 7582 22746 1332 7582 22747 2317 7582 22748 2315 7583 22749 2314 7583 22750 2313 7583 22751 2315 7584 22752 2317 7584 22753 2316 7584 22754 2314 7585 22755 2315 7585 22756 2316 7585 22757 2316 7586 22758 2317 7586 22759 1336 7586 22760 2316 7587 22761 1340 7587 22762 2314 7587 22763 1332 7588 22764 1336 7588 22765 2317 7588 22766 2314 7589 22767 1340 7589 22768 2318 7589 22769 2318 7590 22770 2319 7590 22771 1342 7590 22772 2314 7591 22773 2318 7591 22774 2310 7591 22775 2318 7592 22776 1342 7592 22777 2310 7592 22778 2320 7593 22779 1342 7593 22780 2319 7593 22781 2319 7594 22782 2318 7594 22783 2320 7594 22784 2320 7595 22785 2318 7595 22786 1340 7595 22787 2312 7596 22788 2326 7596 22789 2325 7596 22790 2325 7597 22791 2321 7597 22792 2312 7597 22793 1282 7598 22794 2312 7598 22795 2321 7598 22796 2323 7599 22797 1282 7599 22798 2321 7599 22799 2321 7600 22800 2322 7600 22801 2323 7600 22802 2322 7601 22803 1271 7601 22804 1278 7601 22805 2322 7602 22806 1363 7602 22807 1271 7602 22808 2322 7603 22809 1279 7603 22810 1281 7603 22811 2322 7604 22812 1278 7604 22813 1279 7604 22814 2322 7605 22815 1281 7605 22816 2323 7605 22817 2323 7606 22818 1281 7606 22819 1282 7606 22820 1279 7607 22821 1280 7607 22822 1281 7607 22823 1363 7608 22824 2322 7608 22825 2324 7608 22826 2321 7609 22827 2324 7609 22828 2322 7609 22829 2321 7610 22830 2325 7610 22831 2324 7610 22832 1332 7611 22833 2312 7611 22834 1282 7611 22835 1342 7612 22836 2306 7612 22837 2310 7612 22838 2325 7613 22839 2326 7613 22840 2309 7613 22841 1368 7614 22842 2325 7614 22843 2309 7614 22844 2220 7615 22845 2216 7615 22846 1367 7615 22847 1059 7616 22848 2211 7616 22849 2205 7616 22850 2210 7617 22851 2211 7617 22852 1059 7617 22853 2196 7618 22854 2328 7618 22855 2327 7618 22856 2328 7619 22857 2207 7619 22858 2327 7619 22859 1057 7620 22860 2207 7620 22861 2328 7620 22862 2193 7621 22863 1057 7621 22864 2328 7621 22865 2193 7622 22866 2328 7622 22867 2196 7622 22868 2209 7623 22869 2208 7623 22870 2207 7623 22871 2209 7624 22872 2207 7624 22873 1057 7624 22874 2329 7625 22875 2330 7625 22876 2179 7625 22877 2329 7626 22878 2179 7626 22879 1714 7626 22880 2329 7627 22881 2331 7627 22882 2330 7627 22883 2329 7628 22884 1710 7628 22885 2331 7628 22886 2329 7629 22887 1714 7629 22888 1710 7629 22889 2331 7630 22890 1710 7630 22891 1709 7630 22892 1707 7631 22893 2331 7631 22894 1709 7631 22895 1707 7632 22896 2169 7632 22897 2331 7632 22898 2169 7633 22899 2172 7633 22900 2331 7633 22901 2330 7634 22902 2331 7634 22903 2172 7634 22904 1706 7635 22905 2169 7635 22906 1707 7635 22907 2166 7636 22908 2169 7636 22909 1706 7636 22910 1671 7637 22911 2167 7637 22912 2332 7637 22913 2334 7638 22914 2167 7638 22915 2350 7638 22916 2332 7639 22917 2167 7639 22918 2334 7639 22919 1679 7640 22920 1678 7640 22921 2332 7640 22922 2334 7641 22923 1679 7641 22924 2332 7641 22925 2334 7642 22926 2333 7642 22927 1679 7642 22928 2334 7643 22929 2350 7643 22930 2336 7643 22931 2335 7644 22932 2333 7644 22933 2334 7644 22934 2335 7645 22935 2334 7645 22936 2336 7645 22937 2341 7646 22938 2335 7646 22939 2336 7646 22940 2336 7647 22941 2337 7647 22942 2341 7647 22943 2341 7648 22944 2337 7648 22945 2338 7648 22946 2347 7649 22947 2339 7649 22948 2338 7649 22949 2347 7650 22950 2338 7650 22951 2337 7650 22952 1400 7651 22953 2342 7651 22954 2340 7651 22955 1400 7652 22956 1402 7652 22957 2342 7652 22958 2341 7653 22959 2340 7653 22960 2342 7653 22961 2341 7654 22962 2338 7654 22963 2340 7654 22964 2340 7655 22965 2338 7655 22966 2339 7655 22967 2342 7656 22968 1410 7656 22969 2343 7656 22970 2342 7657 22971 2335 7657 22972 2341 7657 22973 2342 7658 22974 2343 7658 22975 2335 7658 22976 2333 7659 22977 2335 7659 22978 2343 7659 22979 2333 7660 22980 2343 7660 22981 2344 7660 22982 2344 7661 22983 2343 7661 22984 1412 7661 22985 2344 7662 22986 1412 7662 22987 1413 7662 22988 2333 7663 22989 2344 7663 22990 1679 7663 22991 1679 7664 22992 2344 7664 22993 1680 7664 22994 1413 7665 22995 1680 7665 22996 2344 7665 22997 1410 7666 22998 1412 7666 22999 2343 7666 23000 1400 7667 23001 2340 7667 23002 1401 7667 23003 2340 7668 23004 1390 7668 23005 1401 7668 23006 2340 7669 23007 2339 7669 23008 1390 7669 23009 2345 7670 23010 1390 7670 23011 2339 7670 23012 2345 7671 23013 2339 7671 23014 2346 7671 23015 1985 7672 23016 2345 7672 23017 2346 7672 23018 2347 7673 23019 2346 7673 23020 2339 7673 23021 2347 7674 23022 2348 7674 23023 2346 7674 23024 1986 7675 23025 1985 7675 23026 2348 7675 23027 2348 7676 23028 2347 7676 23029 2351 7676 23030 2348 7677 23031 2351 7677 23032 1990 7677 23033 2348 7678 23034 1990 7678 23035 1987 7678 23036 1986 7679 23037 2348 7679 23038 1987 7679 23039 2351 7680 23040 2349 7680 23041 1990 7680 23042 2349 7681 23043 2351 7681 23044 2336 7681 23045 2336 7682 23046 2350 7682 23047 2349 7682 23048 2350 7683 23049 1990 7683 23050 2349 7683 23051 1991 7684 23052 1990 7684 23053 2350 7684 23054 2337 7685 23055 2336 7685 23056 2351 7685 23057 2347 7686 23058 2337 7686 23059 2351 7686 23060 1985 7687 23061 2346 7687 23062 2348 7687 23063 2353 7688 23064 1699 7688 23065 2352 7688 23066 1706 7689 23067 2353 7689 23068 2352 7689 23069 1976 7690 23070 2345 7690 23071 1985 7690 23072 1966 7691 23073 1979 7691 23074 1964 7691 23075 1976 7692 23076 1975 7692 23077 2345 7692 23078 2354 7693 23079 1971 7693 23080 1972 7693 23081 2354 7694 23082 1972 7694 23083 1969 7694 23084 1969 7695 23085 1963 7695 23086 2354 7695 23087 2354 7696 23088 1963 7696 23089 2355 7696 23090 2354 7697 23091 2355 7697 23092 2356 7697 23093 2356 7698 23094 1971 7698 23095 2354 7698 23096 2356 7699 23097 2355 7699 23098 2358 7699 23099 2359 7700 23100 1389 7700 23101 2356 7700 23102 2356 7701 23103 1389 7701 23104 2357 7701 23105 2356 7702 23106 2357 7702 23107 1971 7702 23108 2356 7703 23109 2358 7703 23110 2359 7703 23111 2359 7704 23112 1378 7704 23113 1389 7704 23114 2359 7705 23115 2360 7705 23116 1378 7705 23117 2361 7706 23118 2360 7706 23119 2359 7706 23120 2359 7707 23121 2358 7707 23122 2361 7707 23123 2361 7708 23124 2385 7708 23125 2360 7708 23126 2358 7709 23127 2363 7709 23128 2361 7709 23129 2361 7710 23130 2362 7710 23131 2385 7710 23132 2361 7711 23133 2363 7711 23134 2362 7711 23135 2363 7712 23136 2366 7712 23137 2364 7712 23138 2391 7713 23139 2363 7713 23140 2364 7713 23141 2363 7714 23142 2391 7714 23143 2362 7714 23144 2365 7715 23145 2366 7715 23146 2363 7715 23147 2358 7716 23148 2365 7716 23149 2363 7716 23150 2366 7717 23151 2365 7717 23152 2367 7717 23153 2365 7718 23154 2368 7718 23155 2367 7718 23156 2369 7719 23157 2368 7719 23158 2365 7719 23159 2368 7720 23160 2369 7720 23161 2371 7720 23162 2358 7721 23163 2369 7721 23164 2365 7721 23165 2369 7722 23166 2370 7722 23167 2371 7722 23168 1959 7723 23169 2370 7723 23170 2369 7723 23171 2355 7724 23172 1959 7724 23173 2369 7724 23174 2355 7725 23175 2369 7725 23176 2358 7725 23177 2370 7726 23178 1959 7726 23179 1957 7726 23180 2374 7727 23181 2371 7727 23182 2372 7727 23183 2374 7728 23184 2368 7728 23185 2371 7728 23186 2372 7729 23187 2371 7729 23188 2370 7729 23189 1954 7730 23190 2372 7730 23191 1955 7730 23192 2372 7731 23193 2370 7731 23194 1955 7731 23195 2373 7732 23196 2374 7732 23197 2372 7732 23198 2373 7733 23199 2372 7733 23200 1925 7733 23201 1925 7734 23202 2372 7734 23203 1954 7734 23204 2373 7735 23205 1844 7735 23206 2374 7735 23207 2373 7736 23208 1843 7736 23209 1842 7736 23210 1842 7737 23211 1844 7737 23212 2373 7737 23213 2373 7738 23214 1924 7738 23215 1843 7738 23216 1923 7739 23217 1843 7739 23218 1924 7739 23219 1844 7740 23220 2375 7740 23221 2374 7740 23222 2375 7741 23223 2368 7741 23224 2374 7741 23225 1844 7742 23226 2376 7742 23227 2375 7742 23228 2376 7743 23229 2367 7743 23230 2375 7743 23231 2375 7744 23232 2367 7744 23233 2368 7744 23234 2378 7745 23235 2376 7745 23236 1844 7745 23237 2378 7746 23238 2377 7746 23239 2376 7746 23240 2377 7747 23241 2366 7747 23242 2376 7747 23243 2376 7748 23244 2366 7748 23245 2367 7748 23246 1845 7749 23247 2378 7749 23248 1844 7749 23249 1845 7750 23250 2379 7750 23251 2378 7750 23252 1361 7751 23253 2379 7751 23254 1845 7751 23255 2379 7752 23256 2393 7752 23257 2380 7752 23258 2379 7753 23259 2380 7753 23260 2388 7753 23261 2388 7754 23262 2380 7754 23263 2387 7754 23264 2387 7755 23265 2380 7755 23266 2381 7755 23267 2382 7756 23268 2386 7756 23269 2381 7756 23270 2381 7757 23271 2386 7757 23272 2387 7757 23273 2383 7758 23274 2386 7758 23275 2382 7758 23276 2383 7759 23277 1373 7759 23278 1375 7759 23279 2384 7760 23280 2383 7760 23281 1375 7760 23282 2384 7761 23283 2386 7761 23284 2383 7761 23285 2384 7762 23286 2360 7762 23287 2385 7762 23288 2385 7763 23289 2386 7763 23290 2384 7763 23291 2386 7764 23292 2389 7764 23293 2387 7764 23294 2387 7765 23295 2390 7765 23296 2388 7765 23297 2389 7766 23298 2390 7766 23299 2387 7766 23300 2389 7767 23301 2391 7767 23302 2390 7767 23303 2392 7768 23304 2391 7768 23305 2364 7768 23306 2390 7769 23307 2391 7769 23308 2392 7769 23309 2392 7770 23310 2364 7770 23311 2377 7770 23312 2377 7771 23313 2364 7771 23314 2366 7771 23315 2378 7772 23316 2392 7772 23317 2377 7772 23318 2388 7773 23319 2392 7773 23320 2378 7773 23321 2390 7774 23322 2392 7774 23323 2388 7774 23324 2378 7775 23325 2379 7775 23326 2388 7775 23327 2362 7776 23328 2391 7776 23329 2389 7776 23330 2389 7777 23331 2386 7777 23332 2362 7777 23333 2385 7778 23334 2362 7778 23335 2386 7778 23336 1369 7779 23337 1373 7779 23338 2383 7779 23339 1364 7780 23340 2382 7780 23341 2381 7780 23342 2382 7781 23343 1364 7781 23344 1369 7781 23345 2383 7782 23346 2382 7782 23347 1369 7782 23348 1369 7783 23349 1364 7783 23350 1365 7783 23351 2381 7784 23352 2380 7784 23353 2393 7784 23354 2381 7785 23355 2393 7785 23356 1364 7785 23357 1845 7786 23358 2400 7786 23359 2394 7786 23360 2400 7787 23361 1845 7787 23362 2395 7787 23363 2395 7788 23364 1845 7788 23365 2397 7788 23366 1845 7789 23367 2396 7789 23368 2397 7789 23369 1855 7790 23370 2398 7790 23371 2397 7790 23372 1855 7791 23373 2397 7791 23374 2396 7791 23375 2399 7792 23376 2398 7792 23377 1349 7792 23378 1349 7793 23379 1350 7793 23380 1351 7793 23381 2399 7794 23382 1349 7794 23383 1351 7794 23384 2400 7795 23385 2395 7795 23386 2399 7795 23387 2395 7796 23388 2397 7796 23389 2398 7796 23390 1351 7797 23391 2400 7797 23392 2399 7797 23393 1358 7798 23394 2400 7798 23395 1351 7798 23396 1358 7799 23397 2394 7799 23398 2400 7799 23399 2401 7800 23400 2394 7800 23401 1358 7800 23402 2394 7801 23403 2401 7801 23404 1360 7801 23405 1360 7802 23406 1357 7802 23407 2402 7802 23408 1360 7803 23409 2401 7803 23410 1357 7803 23411 1357 7804 23412 1359 7804 23413 2402 7804 23414 1358 7805 23415 1357 7805 23416 2401 7805 23417 2399 7806 23418 2395 7806 23419 2398 7806 23420 1348 7807 23421 1349 7807 23422 2398 7807 23423 1348 7808 23424 2398 7808 23425 1855 7808 23426 1855 7809 23427 2396 7809 23428 1853 7809 23429 1853 7810 23430 2396 7810 23431 1847 7810 23432 1853 7811 23433 1847 7811 23434 1852 7811 23435 1852 7812 23436 1847 7812 23437 1848 7812 23438 1845 7813 23439 1847 7813 23440 2396 7813 23441 2394 7814 23442 1360 7814 23443 1845 7814 23444 1360 7815 23445 1361 7815 23446 1845 7815 23447 1955 7816 23448 2370 7816 23449 1957 7816 23450 1389 7817 23451 1971 7817 23452 2357 7817 23453 1963 7818 23454 1959 7818 23455 2355 7818 23456 1389 7819 23457 1390 7819 23458 2345 7819 23459 1969 7820 23460 1962 7820 23461 1963 7820 23462 1956 7821 23463 1960 7821 23464 2014 7821 23465 1804 7822 23466 1805 7822 23467 1953 7822 23468 1784 7823 23469 1936 7823 23470 1938 7823 23471 2279 7824 23472 1936 7824 23473 1784 7824 23474 1936 7825 23475 2279 7825 23476 1933 7825 23477 1923 7826 23478 1931 7826 23479 1921 7826 23480 1872 7827 23481 1876 7827 23482 2265 7827 23483 1873 7828 23484 1876 7828 23485 1872 7828 23486 1871 7829 23487 1860 7829 23488 1858 7829 23489 1851 7830 23490 1871 7830 23491 1858 7830 23492 1870 7831 23493 1860 7831 23494 1871 7831 23495 1344 7832 23496 1345 7832 23497 1866 7832 23498 1810 7833 23499 1843 7833 23500 1923 7833 23501 1807 7834 23502 1840 7834 23503 1843 7834 23504 1810 7835 23505 1807 7835 23506 1843 7835 23507 1840 7836 23508 1807 7836 23509 1806 7836 23510 1806 7837 23511 1836 7837 23512 1840 7837 23513 1826 7838 23514 1838 7838 23515 1836 7838 23516 1826 7839 23517 1836 7839 23518 1835 7839 23519 1835 7840 23520 2403 7840 23521 1834 7840 23522 1799 7841 23523 2403 7841 23524 1800 7841 23525 1799 7842 23526 1834 7842 23527 2403 7842 23528 1835 7843 23529 1800 7843 23530 2403 7843 23531 1790 7844 23532 1949 7844 23533 1832 7844 23534 1832 7845 23535 1797 7845 23536 1790 7845 23537 1823 7846 23538 1829 7846 23539 1822 7846 23540 1822 7847 23541 1829 7847 23542 1820 7847 23543 1821 7848 23544 1808 7848 23545 1809 7848 23546 1816 7849 23547 1815 7849 23548 1817 7849 23549 1811 7850 23550 1814 7850 23551 1812 7850 23552 1922 7851 23553 1814 7851 23554 1811 7851 23555 1763 7852 23556 1802 7852 23557 1764 7852 23558 1801 7853 23559 1802 7853 23560 1763 7853 23561 1763 7854 23562 1762 7854 23563 1801 7854 23564 1762 7855 23565 1766 7855 23566 1801 7855 23567 1799 7856 23568 1800 7856 23569 2404 7856 23570 1798 7857 23571 1771 7857 23572 1793 7857 23573 1798 7858 23574 1793 7858 23575 1795 7858 23576 1793 7859 23577 1771 7859 23578 1774 7859 23579 1793 7860 23580 1774 7860 23581 1792 7860 23582 1787 7861 23583 1792 7861 23584 1785 7861 23585 1792 7862 23586 2405 7862 23587 1785 7862 23588 1789 7863 23589 1788 7863 23590 1950 7863 23591 1787 7864 23592 1785 7864 23593 2406 7864 23594 1783 7865 23595 1787 7865 23596 2406 7865 23597 1785 7866 23598 1783 7866 23599 2406 7866 23600 1776 7867 23601 1785 7867 23602 2405 7867 23603 1753 7868 23604 1773 7868 23605 1752 7868 23606 1754 7869 23607 1767 7869 23608 1761 7869 23609 1761 7870 23610 1767 7870 23611 1765 7870 23612 1754 7871 23613 1769 7871 23614 1767 7871 23615 1757 7872 23616 1761 7872 23617 1759 7872 23618 1754 7873 23619 1761 7873 23620 1757 7873 23621 1773 7874 23622 1737 7874 23623 1733 7874 23624 2408 7875 23625 1724 7875 23626 1725 7875 23627 2408 7876 23628 1718 7876 23629 1724 7876 23630 1712 7877 23631 1724 7877 23632 1718 7877 23633 1718 7878 23634 2408 7878 23635 2407 7878 23636 1719 7879 23637 2407 7879 23638 2408 7879 23639 1719 7880 23640 2408 7880 23641 2409 7880 23642 1725 7881 23643 2409 7881 23644 2408 7881 23645 2409 7882 23646 1720 7882 23647 1719 7882 23648 2409 7883 23649 1725 7883 23650 1723 7883 23651 1708 7884 23652 1720 7884 23653 1704 7884 23654 1708 7885 23655 1717 7885 23656 1720 7885 23657 1711 7886 23658 1717 7886 23659 1708 7886 23660 2353 7887 23661 2116 7887 23662 1699 7887 23663 1691 7888 23664 1697 7888 23665 1695 7888 23666 1695 7889 23667 1693 7889 23668 1691 7889 23669 1691 7890 23670 1693 7890 23671 1692 7890 23672 1685 7891 23673 1689 7891 23674 1686 7891 23675 1686 7892 23676 1687 7892 23677 1446 7892 23678 1684 7893 23679 2410 7893 23680 2411 7893 23681 2410 7894 23682 1684 7894 23683 1448 7894 23684 1686 7895 23685 1448 7895 23686 1684 7895 23687 2412 7896 23688 1684 7896 23689 2411 7896 23690 2412 7897 23691 1509 7897 23692 1684 7897 23693 2412 7898 23694 2411 7898 23695 2413 7898 23696 2413 7899 23697 1509 7899 23698 2412 7899 23699 1458 7900 23700 2413 7900 23701 1459 7900 23702 2410 7901 23703 1459 7901 23704 2413 7901 23705 1458 7902 23706 1509 7902 23707 2413 7902 23708 2414 7903 23709 1459 7903 23710 2410 7903 23711 2410 7904 23712 1448 7904 23713 2414 7904 23714 2413 7905 23715 2411 7905 23716 2410 7905 23717 1458 7906 23718 1506 7906 23719 1509 7906 23720 2415 7907 23721 1509 7907 23722 1510 7907 23723 1509 7908 23724 2415 7908 23725 1684 7908 23726 2415 7909 23727 1683 7909 23728 1684 7909 23729 2415 7910 23730 1681 7910 23731 1683 7910 23732 1682 7911 23733 1681 7911 23734 2415 7911 23735 1510 7912 23736 1682 7912 23737 2415 7912 23738 1681 7913 23739 1680 7913 23740 1413 7913 23741 1666 7914 23742 1078 7914 23743 2416 7914 23744 1076 7915 23745 2416 7915 23746 1078 7915 23747 1075 7916 23748 2416 7916 23749 1076 7916 23750 1522 7917 23751 1502 7917 23752 1523 7917 23753 1522 7918 23754 1503 7918 23755 1502 7918 23756 1506 7919 23757 1503 7919 23758 1522 7919 23759 1506 7920 23760 1465 7920 23761 1504 7920 23762 1465 7921 23763 1506 7921 23764 1458 7921 23765 1465 7922 23766 1497 7922 23767 1504 7922 23768 2417 7923 23769 1465 7923 23770 1477 7923 23771 1465 7924 23772 2417 7924 23773 1497 7924 23774 1497 7925 23775 2418 7925 23776 1494 7925 23777 2418 7926 23778 1497 7926 23779 2417 7926 23780 1478 7927 23781 2418 7927 23782 1476 7927 23783 1476 7928 23784 2418 7928 23785 2417 7928 23786 1476 7929 23787 2417 7929 23788 1477 7929 23789 1478 7930 23790 1490 7930 23791 2418 7930 23792 1478 7931 23793 1489 7931 23794 1490 7931 23795 1498 7932 23796 1504 7932 23797 1497 7932 23798 1501 7933 23799 1500 7933 23800 1499 7933 23801 1485 7934 23802 1482 7934 23803 1487 7934 23804 1472 7935 23805 1477 7935 23806 1465 7935 23807 1472 7936 23808 1465 7936 23809 1471 7936 23810 1465 7937 23811 1466 7937 23812 1471 7937 23813 1448 7938 23814 1455 7938 23815 2414 7938 23816 1447 7939 23817 1455 7939 23818 1448 7939 23819 1455 7940 23820 1447 7940 23821 1449 7940 23822 1453 7941 23823 1451 7941 23824 1445 7941 23825 1439 7942 23826 1441 7942 23827 1437 7942 23828 2421 7943 23829 2073 7943 23830 2420 7943 23831 2420 7944 23832 2073 7944 23833 1417 7944 23834 1431 7945 23835 2421 7945 23836 2420 7945 23837 1432 7946 23838 2421 7946 23839 1431 7946 23840 2421 7947 23841 1432 7947 23842 1435 7947 23843 1417 7948 23844 1431 7948 23845 2420 7948 23846 1417 7949 23847 1429 7949 23848 1431 7949 23849 1428 7950 23850 1429 7950 23851 1417 7950 23852 1411 7951 23853 1409 7951 23854 1415 7951 23855 1415 7952 23856 1414 7952 23857 1411 7952 23858 1405 7953 23859 1406 7953 23860 1404 7953 23861 1405 7954 23862 1399 7954 23863 1406 7954 23864 1398 7955 23865 1401 7955 23866 1388 7955 23867 1388 7956 23868 1401 7956 23869 1390 7956 23870 1388 7957 23871 1392 7957 23872 1398 7957 23873 1136 7958 23874 1395 7958 23875 1134 7958 23876 1130 7959 23877 1128 7959 23878 1393 7959 23879 1393 7960 23880 1386 7960 23881 1130 7960 23882 1386 7961 23883 1385 7961 23884 2422 7961 23885 1130 7962 23886 1386 7962 23887 2422 7962 23888 1129 7963 23889 2422 7963 23890 1385 7963 23891 1130 7964 23892 2422 7964 23893 1129 7964 23894 1385 7965 23895 1376 7965 23896 2423 7965 23897 1129 7966 23898 1385 7966 23899 2423 7966 23900 1129 7967 23901 2423 7967 23902 2424 7967 23903 2424 7968 23904 2423 7968 23905 2425 7968 23906 2425 7969 23907 2423 7969 23908 2426 7969 23909 2423 7970 23910 1376 7970 23911 2426 7970 23912 1376 7971 23913 2427 7971 23914 2426 7971 23915 2427 7972 23916 2428 7972 23917 1095 7972 23918 1376 7973 23919 2432 7973 23920 2427 7973 23921 2432 7974 23922 2428 7974 23923 2427 7974 23924 1067 7975 23925 2428 7975 23926 2429 7975 23927 1095 7976 23928 2428 7976 23929 1067 7976 23930 1034 7977 23931 2428 7977 23932 2432 7977 23933 1093 7978 23934 1067 7978 23935 2430 7978 23936 2430 7979 23937 2431 7979 23938 1093 7979 23939 2431 7980 23940 1084 7980 23941 1085 7980 23942 1085 7981 23943 1093 7981 23944 2431 7981 23945 1069 7982 23946 1084 7982 23947 2431 7982 23948 2430 7983 23949 1068 7983 23950 2431 7983 23951 2430 7984 23952 1066 7984 23953 1068 7984 23954 2430 7985 23955 1067 7985 23956 1066 7985 23957 1377 7986 23958 2432 7986 23959 1376 7986 23960 1377 7987 23961 1035 7987 23962 2432 7987 23963 1034 7988 23964 2432 7988 23965 1035 7988 23966 2427 7989 23967 1095 7989 23968 1096 7989 23969 1096 7990 23970 2426 7990 23971 2427 7990 23972 1096 7991 23973 2425 7991 23974 2426 7991 23975 1126 7992 23976 2425 7992 23977 2433 7992 23978 2425 7993 23979 1118 7993 23980 2433 7993 23981 1096 7994 23982 1118 7994 23983 2425 7994 23984 2424 7995 23985 2425 7995 23986 1126 7995 23987 1119 7996 23988 2433 7996 23989 1118 7996 23990 1126 7997 23991 2433 7997 23992 1119 7997 23993 2424 7998 23994 1126 7998 23995 1129 7998 23996 1377 7999 23997 1379 7999 23998 1037 7999 23999 1042 8000 24000 1037 8000 24001 1379 8000 24002 1377 8001 24003 1037 8001 24004 2434 8001 24005 2434 8002 24006 1035 8002 24007 1377 8002 24008 2434 8003 24009 1037 8003 24010 1036 8003 24011 1036 8004 24012 1035 8004 24013 2434 8004 24014 2215 8005 24015 1370 8005 24016 2216 8005 24017 1363 8006 24018 2324 8006 24019 1366 8006 24020 2379 8007 24021 1366 8007 24022 2393 8007 24023 2435 8008 24024 1271 8008 24025 1362 8008 24026 1362 8009 24027 1354 8009 24028 2435 8009 24029 2437 8010 24030 2436 8010 24031 1319 8010 24032 1334 8011 24033 2436 8011 24034 1350 8011 24035 1337 8012 24036 1334 8012 24037 1341 8012 24038 2438 8013 24039 2436 8013 24040 1334 8013 24041 1334 8014 24042 1333 8014 24043 2438 8014 24044 1332 8015 24045 1282 8015 24046 1293 8015 24047 1293 8016 24048 1295 8016 24049 1330 8016 24050 1329 8017 24051 1293 8017 24052 1330 8017 24053 1320 8018 24054 2440 8018 24055 2439 8018 24056 2440 8019 24057 1317 8019 24058 2439 8019 24059 2443 8020 24060 1317 8020 24061 2440 8020 24062 2440 8021 24063 2441 8021 24064 2443 8021 24065 1320 8022 24066 1298 8022 24067 2441 8022 24068 2441 8023 24069 2440 8023 24070 1320 8023 24071 2441 8024 24072 1299 8024 24073 2442 8024 24074 2445 8025 24075 2441 8025 24076 2442 8025 24077 2441 8026 24078 2445 8026 24079 2443 8026 24080 2441 8027 24081 1298 8027 24082 1299 8027 24083 2445 8028 24084 2444 8028 24085 2443 8028 24086 2443 8029 24087 2444 8029 24088 1317 8029 24089 2446 8030 24090 2444 8030 24091 2445 8030 24092 2445 8031 24093 2442 8031 24094 2446 8031 24095 2446 8032 24096 2442 8032 24097 1313 8032 24098 2446 8033 24099 1313 8033 24100 1314 8033 24101 1314 8034 24102 1316 8034 24103 2446 8034 24104 2446 8035 24105 1316 8035 24106 2444 8035 24107 1314 8036 24108 2447 8036 24109 1316 8036 24110 2442 8037 24111 2449 8037 24112 1313 8037 24113 2442 8038 24114 1299 8038 24115 2448 8038 24116 2442 8039 24117 2448 8039 24118 2449 8039 24119 1309 8040 24120 2449 8040 24121 2448 8040 24122 2449 8041 24123 1309 8041 24124 1311 8041 24125 1313 8042 24126 2449 8042 24127 1311 8042 24128 1299 8043 24129 1301 8043 24130 2448 8043 24131 1309 8044 24132 2448 8044 24133 1301 8044 24134 2439 8045 24135 1317 8045 24136 1318 8045 24137 2451 8046 24138 2450 8046 24139 1271 8046 24140 1238 8047 24141 2451 8047 24142 1315 8047 24143 1243 8048 24144 2451 8048 24145 1237 8048 24146 1243 8049 24147 1247 8049 24148 2451 8049 24149 1237 8050 24150 2451 8050 24151 1238 8050 24152 1247 8051 24153 2450 8051 24154 2451 8051 24155 2450 8052 24156 2453 8052 24157 2452 8052 24158 1271 8053 24159 2450 8053 24160 2452 8053 24161 1269 8054 24162 2452 8054 24163 2453 8054 24164 2450 8055 24165 1253 8055 24166 2453 8055 24167 1235 8056 24168 1238 8056 24169 1315 8056 24170 2447 8057 24171 2454 8057 24172 1233 8057 24173 2454 8058 24174 1231 8058 24175 1232 8058 24176 1233 8059 24177 2454 8059 24178 1232 8059 24179 1229 8060 24180 1230 8060 24181 1231 8060 24182 2455 8061 24183 1308 8061 24184 2456 8061 24185 1302 8062 24186 2456 8062 24187 1306 8062 24188 2456 8063 24189 1308 8063 24190 1307 8063 24191 1306 8064 24192 2456 8064 24193 1307 8064 24194 2456 8065 24195 2463 8065 24196 2455 8065 24197 1275 8066 24198 2456 8066 24199 1302 8066 24200 2457 8067 24201 2456 8067 24202 1275 8067 24203 2456 8068 24204 2457 8068 24205 2459 8068 24206 2457 8069 24207 2458 8069 24208 2459 8069 24209 2459 8070 24210 2460 8070 24211 2456 8070 24212 2459 8071 24213 2458 8071 24214 2460 8071 24215 2461 8072 24216 2460 8072 24217 2458 8072 24218 2460 8073 24219 2463 8073 24220 2456 8073 24221 2462 8074 24222 2460 8074 24223 2461 8074 24224 2463 8075 24225 2460 8075 24226 2462 8075 24227 2462 8076 24228 1224 8076 24229 2463 8076 24230 1224 8077 24231 2455 8077 24232 2463 8077 24233 2462 8078 24234 2461 8078 24235 2464 8078 24236 1224 8079 24237 2462 8079 24238 2464 8079 24239 2464 8080 24240 2461 8080 24241 2481 8080 24242 2481 8081 24243 2466 8081 24244 1218 8081 24245 2466 8082 24246 1268 8082 24247 2468 8082 24248 2466 8083 24249 2481 8083 24250 1268 8083 24251 1218 8084 24252 2466 8084 24253 1215 8084 24254 2466 8085 24255 2465 8085 24256 1215 8085 24257 2468 8086 24258 1268 8086 24259 2467 8086 24260 2467 8087 24261 2478 8087 24262 2468 8087 24263 2468 8088 24264 2478 8088 24265 2469 8088 24266 2468 8089 24267 2469 8089 24268 2470 8089 24269 2469 8090 24270 2471 8090 24271 1206 8090 24272 2469 8091 24273 1206 8091 24274 2470 8091 24275 2471 8092 24276 2472 8092 24277 1105 8092 24278 2471 8093 24279 1105 8093 24280 1206 8093 24281 2473 8094 24282 1105 8094 24283 2472 8094 24284 2477 8095 24285 1013 8095 24286 2473 8095 24287 1008 8096 24288 2473 8096 24289 1013 8096 24290 2471 8097 24291 2473 8097 24292 2472 8097 24293 2477 8098 24294 2473 8098 24295 2471 8098 24296 1100 8099 24297 1105 8099 24298 2473 8099 24299 1100 8100 24300 2473 8100 24301 2475 8100 24302 2474 8101 24303 2473 8101 24304 1008 8101 24305 2476 8102 24306 2473 8102 24307 2474 8102 24308 2475 8103 24309 2473 8103 24310 2476 8103 24311 2476 8104 24312 1109 8104 24313 2475 8104 24314 2475 8105 24315 1107 8105 24316 1100 8105 24317 1109 8106 24318 1107 8106 24319 2475 8106 24320 2476 8107 24321 2474 8107 24322 1110 8107 24323 1109 8108 24324 2476 8108 24325 1110 8108 24326 2469 8109 24327 2477 8109 24328 2471 8109 24329 2477 8110 24330 2469 8110 24331 2478 8110 24332 2477 8111 24333 2478 8111 24334 2479 8111 24335 1015 8112 24336 1013 8112 24337 2477 8112 24338 2477 8113 24339 2479 8113 24340 1015 8113 24341 2467 8114 24342 2480 8114 24343 2479 8114 24344 1018 8115 24345 2479 8115 24346 2480 8115 24347 1015 8116 24348 2479 8116 24349 1018 8116 24350 2467 8117 24351 2479 8117 24352 2478 8117 24353 1266 8118 24354 1018 8118 24355 2480 8118 24356 2480 8119 24357 2467 8119 24358 1266 8119 24359 2470 8120 24360 2466 8120 24361 2468 8120 24362 1208 8121 24363 2466 8121 24364 2470 8121 24365 2466 8122 24366 1208 8122 24367 2465 8122 24368 1208 8123 24369 1209 8123 24370 2465 8123 24371 1206 8124 24372 1207 8124 24373 2470 8124 24374 2470 8125 24375 1207 8125 24376 1208 8125 24377 2467 8126 24378 1268 8126 24379 1266 8126 24380 2464 8127 24381 1218 8127 24382 1225 8127 24383 2464 8128 24384 2481 8128 24385 1218 8128 24386 1224 8129 24387 2464 8129 24388 1225 8129 24389 1268 8130 24390 2481 8130 24391 2482 8130 24392 2481 8131 24393 2461 8131 24394 2482 8131 24395 2483 8132 24396 2482 8132 24397 2461 8132 24398 2461 8133 24399 2458 8133 24400 2483 8133 24401 2483 8134 24402 2484 8134 24403 2482 8134 24404 2484 8135 24405 2483 8135 24406 1272 8135 24407 2483 8136 24408 2458 8136 24409 1272 8136 24410 1268 8137 24411 2482 8137 24412 2484 8137 24413 2485 8138 24414 1268 8138 24415 2484 8138 24416 2484 8139 24417 1272 8139 24418 2485 8139 24419 1267 8140 24420 1268 8140 24421 2485 8140 24422 2485 8141 24423 1272 8141 24424 1270 8141 24425 1267 8142 24426 2485 8142 24427 1270 8142 24428 1272 8143 24429 2458 8143 24430 1273 8143 24431 2457 8144 24432 1273 8144 24433 2458 8144 24434 1224 8145 24435 1229 8145 24436 2455 8145 24437 1302 8146 24438 1306 8146 24439 1304 8146 24440 1292 8147 24441 1300 8147 24442 1297 8147 24443 1273 8148 24444 2457 8148 24445 1274 8148 24446 1267 8149 24447 1270 8149 24448 1269 8149 24449 1019 8150 24450 1018 8150 24451 1266 8150 24452 2453 8151 24453 1263 8151 24454 1269 8151 24455 1263 8152 24456 2453 8152 24457 1259 8152 24458 1028 8153 24459 1027 8153 24460 1260 8153 24461 1027 8154 24462 1024 8154 24463 1260 8154 24464 1115 8155 24465 1113 8155 24466 1252 8155 24467 1242 8156 24468 1247 8156 24469 1243 8156 24470 1249 8157 24471 2486 8157 24472 1117 8157 24473 2486 8158 24474 1116 8158 24475 1117 8158 24476 2486 8159 24477 1122 8159 24478 1116 8159 24479 1150 8160 24480 1249 8160 24481 1248 8160 24482 1248 8161 24483 2502 8161 24484 2488 8161 24485 2487 8162 24486 1248 8162 24487 2488 8162 24488 1248 8163 24489 2496 8163 24490 2502 8163 24491 1172 8164 24492 1248 8164 24493 2487 8164 24494 2489 8165 24495 2488 8165 24496 2502 8165 24497 2490 8166 24498 1181 8166 24499 2489 8166 24500 2490 8167 24501 2489 8167 24502 2502 8167 24503 2490 8168 24504 1182 8168 24505 1181 8168 24506 2490 8169 24507 2502 8169 24508 2491 8169 24509 2490 8170 24510 1187 8170 24511 1182 8170 24512 2490 8171 24513 2491 8171 24514 2492 8171 24515 2492 8172 24516 1187 8172 24517 2490 8172 24518 2501 8173 24519 2491 8173 24520 2496 8173 24521 2501 8174 24522 2496 8174 24523 2493 8174 24524 2494 8175 24525 2501 8175 24526 2493 8175 24527 1186 8176 24528 2501 8176 24529 2494 8176 24530 2495 8177 24531 2494 8177 24532 2493 8177 24533 2495 8178 24534 1226 8178 24535 2494 8178 24536 1227 8179 24537 1226 8179 24538 2495 8179 24539 1246 8180 24540 1227 8180 24541 2495 8180 24542 2495 8181 24543 2496 8181 24544 1246 8181 24545 2493 8182 24546 2496 8182 24547 2495 8182 24548 2497 8183 24549 2494 8183 24550 1226 8183 24551 2498 8184 24552 2494 8184 24553 2497 8184 24554 2494 8185 24555 1211 8185 24556 1186 8185 24557 1211 8186 24558 2494 8186 24559 2498 8186 24560 1212 8187 24561 1211 8187 24562 2498 8187 24563 2497 8188 24564 2499 8188 24565 2498 8188 24566 2498 8189 24567 2499 8189 24568 1212 8189 24569 1214 8190 24570 2499 8190 24571 1221 8190 24572 2499 8191 24573 2500 8191 24574 1221 8191 24575 2499 8192 24576 2497 8192 24577 2500 8192 24578 2499 8193 24579 1214 8193 24580 1212 8193 24581 2497 8194 24582 1226 8194 24583 2500 8194 24584 1226 8195 24585 1221 8195 24586 2500 8195 24587 1186 8196 24588 2492 8196 24589 2501 8196 24590 2492 8197 24591 2491 8197 24592 2501 8197 24593 2502 8198 24594 2496 8198 24595 2491 8198 24596 2489 8199 24597 1176 8199 24598 2488 8199 24599 1176 8200 24600 2489 8200 24601 1181 8200 24602 1242 8201 24603 1241 8201 24604 1245 8201 24605 1245 8202 24606 1246 8202 24607 1242 8202 24608 1244 8203 24609 1230 8203 24610 1228 8203 24611 2503 8204 24612 1230 8204 24613 1244 8204 24614 1244 8205 24615 1241 8205 24616 2503 8205 24617 1239 8206 24618 1230 8206 24619 2503 8206 24620 1241 8207 24621 1239 8207 24622 2503 8207 24623 1239 8208 24624 1241 8208 24625 1240 8208 24626 1234 8209 24627 1239 8209 24628 1236 8209 24629 1232 8210 24630 1234 8210 24631 1235 8210 24632 1232 8211 24633 1235 8211 24634 1233 8211 24635 1229 8212 24636 1224 8212 24637 1223 8212 24638 1222 8213 24639 1221 8213 24640 1226 8213 24641 1186 8214 24642 1211 8214 24643 1188 8214 24644 1190 8215 24645 1210 8215 24646 1195 8215 24647 1177 8216 24648 1200 8216 24649 1160 8216 24650 1193 8217 24651 1202 8217 24652 1194 8217 24653 1162 8218 24654 1177 8218 24655 1160 8218 24656 1175 8219 24657 1177 8219 24658 1162 8219 24659 2488 8220 24660 1176 8220 24661 2487 8220 24662 1174 8221 24663 1162 8221 24664 1163 8221 24665 1162 8222 24666 1174 8222 24667 1175 8222 24668 2487 8223 24669 1175 8223 24670 1174 8223 24671 1173 8224 24672 2487 8224 24673 1174 8224 24674 1169 8225 24675 1170 8225 24676 1171 8225 24677 1171 8226 24678 1167 8226 24679 1169 8226 24680 1168 8227 24681 1150 8227 24682 1248 8227 24683 1167 8228 24684 1149 8228 24685 1148 8228 24686 1152 8229 24687 1153 8229 24688 1149 8229 24689 2486 8230 24690 1121 8230 24691 1122 8230 24692 1135 8231 24693 1133 8231 24694 1140 8231 24695 1641 8232 24696 1138 8232 24697 1139 8232 24698 1144 8233 24699 1125 8233 24700 1123 8233 24701 1126 8234 24702 1119 8234 24703 1120 8234 24704 1118 8235 24705 1107 8235 24706 1108 8235 24707 1096 8236 24708 1107 8236 24709 1118 8236 24710 1096 8237 24711 1099 8237 24712 1107 8237 24713 1084 8238 24714 1069 8238 24715 1072 8238 24716 1081 8239 24717 1073 8239 24718 1077 8239 24719 1076 8240 24720 1077 8240 24721 1073 8240 24722 1073 8241 24723 1081 8241 24724 1072 8241 24725 1070 8242 24726 1068 8242 24727 1062 8242 24728 2428 8243 24729 1065 8243 24730 2429 8243 24731 1064 8244 24732 2428 8244 24733 1032 8244 24734 1032 8245 24735 2428 8245 24736 1034 8245 24737 1028 8246 24738 1061 8246 24739 1031 8246 24740 1383 8247 24741 1052 8247 24742 1050 8247 24743 1040 8248 24744 1043 8248 24745 1039 8248 24746 1112 8249 24747 1009 8249 24748 1039 8249 24749 1034 8250 24750 1033 8250 24751 1032 8250 24752 1026 8251 24753 1029 8251 24754 1033 8251 24755 1028 8252 24756 1031 8252 24757 1030 8252 24758 1010 8253 24759 1025 8253 24760 1009 8253 24761 1018 8254 24762 1019 8254 24763 1017 8254 24764 1112 8255 24765 1008 8255 24766 1011 8255 24767 1010 8256 24768 1011 8256 24769 1014 8256 24770 4144 8257 24771 4224 8257 24772 4143 8257 24773 4143 8258 24774 4224 8258 24775 4145 8258 24776 4146 8259 24777 4144 8259 24778 4143 8259 24779 4145 8260 24780 4148 8260 24781 4143 8260 24782 4146 8261 24783 4143 8261 24784 4147 8261 24785 4143 8262 24786 4148 8262 24787 4147 8262 24788 4148 8263 24789 4150 8263 24790 4147 8263 24791 4148 8264 24792 4145 8264 24793 4149 8264 24794 4149 8265 24795 4150 8265 24796 4148 8265 24797 4147 8266 24798 4150 8266 24799 4151 8266 24800 4150 8267 24801 4152 8267 24802 4151 8267 24803 4153 8268 24804 4152 8268 24805 4150 8268 24806 4149 8269 24807 4153 8269 24808 4150 8269 24809 4191 8270 24810 4152 8270 24811 4153 8270 24812 4152 8271 24813 4215 8271 24814 4232 8271 24815 4191 8272 24816 4215 8272 24817 4152 8272 24818 4191 8273 24819 4154 8273 24820 4157 8273 24821 4154 8274 24822 4191 8274 24823 4153 8274 24824 4157 8275 24825 4156 8275 24826 4191 8275 24827 4191 8276 24828 4156 8276 24829 4155 8276 24830 4159 8277 24831 4155 8277 24832 4156 8277 24833 4158 8278 24834 4156 8278 24835 4157 8278 24836 4159 8279 24837 4156 8279 24838 4158 8279 24839 4159 8280 24840 4160 8280 24841 4161 8280 24842 4160 8281 24843 4159 8281 24844 4162 8281 24845 4162 8282 24846 4159 8282 24847 4158 8282 24848 4161 8283 24849 4155 8283 24850 4159 8283 24851 4162 8284 24852 4164 8284 24853 4163 8284 24854 4163 8285 24855 4224 8285 24856 4162 8285 24857 4162 8286 24858 4224 8286 24859 4160 8286 24860 4164 8287 24861 4162 8287 24862 4158 8287 24863 4158 8288 24864 4157 8288 24865 4164 8288 24866 4164 8289 24867 4157 8289 24868 4165 8289 24869 4164 8290 24870 4165 8290 24871 4166 8290 24872 4163 8291 24873 4164 8291 24874 4166 8291 24875 4166 8292 24876 4165 8292 24877 4154 8292 24878 4166 8293 24879 4154 8293 24880 4167 8293 24881 4167 8294 24882 4163 8294 24883 4166 8294 24884 4167 8295 24885 4154 8295 24886 4168 8295 24887 4167 8296 24888 4168 8296 24889 4170 8296 24890 4169 8297 24891 4167 8297 24892 4170 8297 24893 4163 8298 24894 4167 8298 24895 4169 8298 24896 4170 8299 24897 4168 8299 24898 4172 8299 24899 4171 8300 24900 4169 8300 24901 4170 8300 24902 4170 8301 24903 4172 8301 24904 4171 8301 24905 4168 8302 24906 4153 8302 24907 4172 8302 24908 4171 8303 24909 4172 8303 24910 4153 8303 24911 4145 8304 24912 4171 8304 24913 4149 8304 24914 4171 8305 24915 4153 8305 24916 4149 8305 24917 4169 8306 24918 4171 8306 24919 4145 8306 24920 4145 8307 24921 4224 8307 24922 4169 8307 24923 4169 8308 24924 4224 8308 24925 4163 8308 24926 4154 8309 24927 4153 8309 24928 4168 8309 24929 4157 8310 24930 4154 8310 24931 4165 8310 24932 4160 8311 24933 4173 8311 24934 4161 8311 24935 4173 8312 24936 4191 8312 24937 4161 8312 24938 4161 8313 24939 4191 8313 24940 4155 8313 24941 4174 8314 24942 4173 8314 24943 4160 8314 24944 4173 8315 24945 4174 8315 24946 4176 8315 24947 4176 8316 24948 4175 8316 24949 4173 8316 24950 4173 8317 24951 4175 8317 24952 4191 8317 24953 4174 8318 24954 4178 8318 24955 4176 8318 24956 4178 8319 24957 4177 8319 24958 4176 8319 24959 4176 8320 24960 4177 8320 24961 4175 8320 24962 4180 8321 24963 4178 8321 24964 4174 8321 24965 4181 8322 24966 4179 8322 24967 4178 8322 24968 4178 8323 24969 4179 8323 24970 4177 8323 24971 4178 8324 24972 4180 8324 24973 4181 8324 24974 4183 8325 24975 4182 8325 24976 4181 8325 24977 4181 8326 24978 4182 8326 24979 4179 8326 24980 4180 8327 24981 4183 8327 24982 4181 8327 24983 4183 8328 24984 4186 8328 24985 4184 8328 24986 4184 8329 24987 4185 8329 24988 4183 8329 24989 4183 8330 24990 4185 8330 24991 4182 8330 24992 4186 8331 24993 4183 8331 24994 4180 8331 24995 4180 8332 24996 4224 8332 24997 4186 8332 24998 4187 8333 24999 4188 8333 25000 4186 8333 25001 4186 8334 25002 4224 8334 25003 4187 8334 25004 4186 8335 25005 4188 8335 25006 4184 8335 25007 4188 8336 25008 4190 8336 25009 4184 8336 25010 4188 8337 25011 4187 8337 25012 4189 8337 25013 4189 8338 25014 4192 8338 25015 4188 8338 25016 4188 8339 25017 4192 8339 25018 4190 8339 25019 4191 8340 25020 4190 8340 25021 4192 8340 25022 4191 8341 25023 4185 8341 25024 4190 8341 25025 4184 8342 25026 4190 8342 25027 4185 8342 25028 4215 8343 25029 4191 8343 25030 4197 8343 25031 4193 8344 25032 4197 8344 25033 4194 8344 25034 4194 8345 25035 4197 8345 25036 4195 8345 25037 4197 8346 25038 4196 8346 25039 4195 8346 25040 4195 8347 25041 4196 8347 25042 4198 8347 25043 4195 8348 25044 4198 8348 25045 4194 8348 25046 4200 8349 25047 4199 8349 25048 4198 8349 25049 4194 8350 25050 4198 8350 25051 4199 8350 25052 4196 8351 25053 4200 8351 25054 4198 8351 25055 4196 8352 25056 4201 8352 25057 4200 8352 25058 4201 8353 25059 4224 8353 25060 4200 8353 25061 4200 8354 25062 4224 8354 25063 4202 8354 25064 4199 8355 25065 4200 8355 25066 4202 8355 25067 4202 8356 25068 4224 8356 25069 4203 8356 25070 4205 8357 25071 4202 8357 25072 4203 8357 25073 4199 8358 25074 4202 8358 25075 4204 8358 25076 4202 8359 25077 4205 8359 25078 4204 8359 25079 4206 8360 25080 4204 8360 25081 4205 8360 25082 4205 8361 25083 4203 8361 25084 4207 8361 25085 4206 8362 25086 4205 8362 25087 4215 8362 25088 4215 8363 25089 4205 8363 25090 4207 8363 25091 4203 8364 25092 4208 8364 25093 4207 8364 25094 4209 8365 25095 4207 8365 25096 4208 8365 25097 4215 8366 25098 4207 8366 25099 4209 8366 25100 4209 8367 25101 4208 8367 25102 4210 8367 25103 4215 8368 25104 4209 8368 25105 4210 8368 25106 4210 8369 25107 4208 8369 25108 4211 8369 25109 4210 8370 25110 4211 8370 25111 4212 8370 25112 4215 8371 25113 4210 8371 25114 4212 8371 25115 4212 8372 25116 4211 8372 25117 4213 8372 25118 4212 8373 25119 4213 8373 25120 4214 8373 25121 4215 8374 25122 4212 8374 25123 4214 8374 25124 4215 8375 25125 4214 8375 25126 4216 8375 25127 4215 8376 25128 4216 8376 25129 4232 8376 25130 4214 8377 25131 4217 8377 25132 4216 8377 25133 4216 8378 25134 4217 8378 25135 4218 8378 25136 4216 8379 25137 4218 8379 25138 4221 8379 25139 4216 8380 25140 4221 8380 25141 4219 8380 25142 4232 8381 25143 4216 8381 25144 4219 8381 25145 4232 8382 25146 4219 8382 25147 4220 8382 25148 4219 8383 25149 4221 8383 25150 4220 8383 25151 4221 8384 25152 4218 8384 25153 4223 8384 25154 4223 8385 25155 4222 8385 25156 4221 8385 25157 4220 8386 25158 4221 8386 25159 4222 8386 25160 4223 8387 25161 4218 8387 25162 4224 8387 25163 4223 8388 25164 4224 8388 25165 4225 8388 25166 4225 8389 25167 4222 8389 25168 4223 8389 25169 4234 8390 25170 4222 8390 25171 4225 8390 25172 4225 8391 25173 4227 8391 25174 4234 8391 25175 4226 8392 25176 4227 8392 25177 4225 8392 25178 4225 8393 25179 4224 8393 25180 4226 8393 25181 4229 8394 25182 4227 8394 25183 4226 8394 25184 4228 8395 25185 4234 8395 25186 4227 8395 25187 4228 8396 25188 4227 8396 25189 4232 8396 25190 4227 8397 25191 4229 8397 25192 4232 8397 25193 4226 8398 25194 4230 8398 25195 4229 8398 25196 4231 8399 25197 4229 8399 25198 4230 8399 25199 4232 8400 25200 4229 8400 25201 4231 8400 25202 4232 8401 25203 4233 8401 25204 4228 8401 25205 4220 8402 25206 4234 8402 25207 4233 8402 25208 4233 8403 25209 4234 8403 25210 4228 8403 25211 4232 8404 25212 4220 8404 25213 4233 8404 25214 4220 8405 25215 4222 8405 25216 4234 8405 25217 4231 8406 25218 4230 8406 25219 4235 8406 25220 4232 8407 25221 4231 8407 25222 4235 8407 25223 4235 8408 25224 4230 8408 25225 4237 8408 25226 4236 8409 25227 4232 8409 25228 4235 8409 25229 4235 8410 25230 4237 8410 25231 4236 8410 25232 4239 8411 25233 4238 8411 25234 4237 8411 25235 4236 8412 25236 4237 8412 25237 4238 8412 25238 4237 8413 25239 4230 8413 25240 4239 8413 25241 4239 8414 25242 4230 8414 25243 4226 8414 25244 4226 8415 25245 4224 8415 25246 4239 8415 25247 4239 8416 25248 4224 8416 25249 4144 8416 25250 4144 8417 25251 4238 8417 25252 4239 8417 25253 4236 8418 25254 4238 8418 25255 4240 8418 25256 4238 8419 25257 4241 8419 25258 4240 8419 25259 4241 8420 25260 4238 8420 25261 4144 8420 25262 4144 8421 25263 4146 8421 25264 4241 8421 25265 4241 8422 25266 4242 8422 25267 4240 8422 25268 4152 8423 25269 4241 8423 25270 4146 8423 25271 4242 8424 25272 4241 8424 25273 4152 8424 25274 4242 8425 25275 4232 8425 25276 4236 8425 25277 4236 8426 25278 4240 8426 25279 4242 8426 25280 4242 8427 25281 4152 8427 25282 4232 8427 25283 4152 8428 25284 4146 8428 25285 4147 8428 25286 4152 8429 25287 4147 8429 25288 4151 8429 25289 4213 8430 25290 4243 8430 25291 4224 8430 25292 4213 8431 25293 4224 8431 25294 4217 8431 25295 4224 8432 25296 4218 8432 25297 4217 8432 25298 4208 8433 25299 4203 8433 25300 4243 8433 25301 4203 8434 25302 4224 8434 25303 4243 8434 25304 4208 8435 25305 4243 8435 25306 4211 8435 25307 4243 8436 25308 4213 8436 25309 4211 8436 25310 4214 8437 25311 4213 8437 25312 4217 8437 25313 4244 8438 25314 4204 8438 25315 4206 8438 25316 4206 8439 25317 4197 8439 25318 4244 8439 25319 4215 8440 25320 4197 8440 25321 4206 8440 25322 4193 8441 25323 4199 8441 25324 4244 8441 25325 4244 8442 25326 4199 8442 25327 4204 8442 25328 4244 8443 25329 4197 8443 25330 4193 8443 25331 4201 8444 25332 4249 8444 25333 4245 8444 25334 4245 8445 25335 4224 8445 25336 4201 8445 25337 4201 8446 25338 4196 8446 25339 4246 8446 25340 4249 8447 25341 4201 8447 25342 4246 8447 25343 4249 8448 25344 4247 8448 25345 4248 8448 25346 4247 8449 25347 4249 8449 25348 4246 8449 25349 4250 8450 25350 4245 8450 25351 4249 8450 25352 4248 8451 25353 4250 8451 25354 4249 8451 25355 4250 8452 25356 4252 8452 25357 4245 8452 25358 4250 8453 25359 4253 8453 25360 4251 8453 25361 4250 8454 25362 4251 8454 25363 4254 8454 25364 4253 8455 25365 4250 8455 25366 4248 8455 25367 4252 8456 25368 4250 8456 25369 4254 8456 25370 4254 8457 25371 4251 8457 25372 4255 8457 25373 4254 8458 25374 4255 8458 25375 4256 8458 25376 4256 8459 25377 4252 8459 25378 4254 8459 25379 4256 8460 25380 4255 8460 25381 4257 8460 25382 4258 8461 25383 4256 8461 25384 4257 8461 25385 4252 8462 25386 4256 8462 25387 4258 8462 25388 4258 8463 25389 4259 8463 25390 4187 8463 25391 4187 8464 25392 4224 8464 25393 4258 8464 25394 4258 8465 25395 4224 8465 25396 4252 8465 25397 4259 8466 25398 4258 8466 25399 4257 8466 25400 4187 8467 25401 4259 8467 25402 4189 8467 25403 4259 8468 25404 4192 8468 25405 4189 8468 25406 4257 8469 25407 4260 8469 25408 4259 8469 25409 4259 8470 25410 4260 8470 25411 4192 8470 25412 4191 8471 25413 4260 8471 25414 4255 8471 25415 4191 8472 25416 4192 8472 25417 4260 8472 25418 4257 8473 25419 4255 8473 25420 4260 8473 25421 4251 8474 25422 4191 8474 25423 4255 8474 25424 4248 8475 25425 4197 8475 25426 4253 8475 25427 4253 8476 25428 4197 8476 25429 4251 8476 25430 4252 8477 25431 4224 8477 25432 4245 8477 25433 4251 8478 25434 4197 8478 25435 4191 8478 25436 4247 8479 25437 4197 8479 25438 4248 8479 25439 4247 8480 25440 4246 8480 25441 4197 8480 25442 4197 8481 25443 4246 8481 25444 4196 8481 25445 4194 8482 25446 4199 8482 25447 4193 8482 25448 4191 8483 25449 4182 8483 25450 4185 8483 25451 4191 8484 25452 4179 8484 25453 4182 8484 25454 4174 8485 25455 4224 8485 25456 4180 8485 25457 4179 8486 25458 4175 8486 25459 4177 8486 25460 4179 8487 25461 4191 8487 25462 4175 8487 25463 4160 8488 25464 4224 8488 25465 4174 8488 25466 4262 8489 25467 4263 8489 25468 4261 8489 25469 4263 8490 25470 4262 8490 25471 4264 8490 25472 4262 8491 25473 4408 8491 25474 4264 8491 25475 4408 8492 25476 4265 8492 25477 4264 8492 25478 4409 8493 25479 4265 8493 25480 4408 8493 25481 4409 8494 25482 4266 8494 25483 4265 8494 25484 4266 8495 25485 4412 8495 25486 4263 8495 25487 4267 8496 25488 4263 8496 25489 4412 8496 25490 4268 8497 25491 4263 8497 25492 4267 8497 25493 4267 8498 25494 4269 8498 25495 4268 8498 25496 4267 8499 25497 4292 8499 25498 4269 8499 25499 4292 8500 25500 4270 8500 25501 4269 8500 25502 4289 8501 25503 4270 8501 25504 4281 8501 25505 4276 8502 25506 4270 8502 25507 4296 8502 25508 4271 8503 25509 4270 8503 25510 4298 8503 25511 4283 8504 25512 4270 8504 25513 4279 8504 25514 4269 8505 25515 4270 8505 25516 4289 8505 25517 4288 8506 25518 4270 8506 25519 4272 8506 25520 4298 8507 25521 4270 8507 25522 4295 8507 25523 4279 8508 25524 4270 8508 25525 4273 8508 25526 4282 8509 25527 4270 8509 25528 4274 8509 25529 4274 8510 25530 4270 8510 25531 4285 8510 25532 4280 8511 25533 4270 8511 25534 4271 8511 25535 4287 8512 25536 4270 8512 25537 4275 8512 25538 4275 8513 25539 4270 8513 25540 4278 8513 25541 4291 8514 25542 4270 8514 25543 4283 8514 25544 4277 8515 25545 4270 8515 25546 4276 8515 25547 4285 8516 25548 4270 8516 25549 4277 8516 25550 4281 8517 25551 4270 8517 25552 4291 8517 25553 4284 8518 25554 4270 8518 25555 4280 8518 25556 4286 8519 25557 4270 8519 25558 4284 8519 25559 4296 8520 25560 4270 8520 25561 4287 8520 25562 4294 8521 25563 4270 8521 25564 4288 8521 25565 4272 8522 25566 4270 8522 25567 4290 8522 25568 4290 8523 25569 4270 8523 25570 4282 8523 25571 4295 8524 25572 4270 8524 25573 4294 8524 25574 4278 8525 25575 4270 8525 25576 4292 8525 25577 4293 8526 25578 4270 8526 25579 4286 8526 25580 4297 8527 25581 4270 8527 25582 4293 8527 25583 4299 8528 25584 4298 8528 25585 4508 8528 25586 4299 8529 25587 4271 8529 25588 4298 8529 25589 4299 8530 25590 4300 8530 25591 4301 8530 25592 4508 8531 25593 4510 8531 25594 4299 8531 25595 4299 8532 25596 4510 8532 25597 4300 8532 25598 4301 8533 25599 4271 8533 25600 4299 8533 25601 4301 8534 25602 4300 8534 25603 4513 8534 25604 4302 8535 25605 4320 8535 25606 4513 8535 25607 4303 8536 25608 4320 8536 25609 4302 8536 25610 4303 8537 25611 4305 8537 25612 4320 8537 25613 4304 8538 25614 4305 8538 25615 4303 8538 25616 4305 8539 25617 4304 8539 25618 4557 8539 25619 4305 8540 25620 4306 8540 25621 4319 8540 25622 4306 8541 25623 4305 8541 25624 4557 8541 25625 4556 8542 25626 4306 8542 25627 4557 8542 25628 4556 8543 25629 4307 8543 25630 4306 8543 25631 4319 8544 25632 4306 8544 25633 4307 8544 25634 4319 8545 25635 4307 8545 25636 4317 8545 25637 4317 8546 25638 4307 8546 25639 4555 8546 25640 4308 8547 25641 4317 8547 25642 4555 8547 25643 4317 8548 25644 4308 8548 25645 4309 8548 25646 4309 8549 25647 4308 8549 25648 4539 8549 25649 4315 8550 25650 4539 8550 25651 4540 8550 25652 4309 8551 25653 4539 8551 25654 4315 8551 25655 4540 8552 25656 4310 8552 25657 4315 8552 25658 4311 8553 25659 4310 8553 25660 4540 8553 25661 4310 8554 25662 4313 8554 25663 4315 8554 25664 4314 8555 25665 4313 8555 25666 4312 8555 25667 4314 8556 25668 4315 8556 25669 4313 8556 25670 4314 8557 25671 4309 8557 25672 4315 8557 25673 4316 8558 25674 4309 8558 25675 4314 8558 25676 4314 8559 25677 4293 8559 25678 4316 8559 25679 4316 8560 25680 4293 8560 25681 4286 8560 25682 4318 8561 25683 4309 8561 25684 4316 8561 25685 4318 8562 25686 4317 8562 25687 4309 8562 25688 4318 8563 25689 4286 8563 25690 4284 8563 25691 4318 8564 25692 4319 8564 25693 4317 8564 25694 4321 8565 25695 4320 8565 25696 4319 8565 25697 4321 8566 25698 4319 8566 25699 4318 8566 25700 4318 8567 25701 4280 8567 25702 4321 8567 25703 4321 8568 25704 4271 8568 25705 4301 8568 25706 4301 8569 25707 4513 8569 25708 4321 8569 25709 4321 8570 25710 4280 8570 25711 4271 8570 25712 4321 8571 25713 4513 8571 25714 4320 8571 25715 4305 8572 25716 4319 8572 25717 4320 8572 25718 4318 8573 25719 4284 8573 25720 4280 8573 25721 4316 8574 25722 4286 8574 25723 4318 8574 25724 4322 8575 25725 4297 8575 25726 4314 8575 25727 4314 8576 25728 4297 8576 25729 4293 8576 25730 4314 8577 25731 4312 8577 25732 4322 8577 25733 4322 8578 25734 4312 8578 25735 4548 8578 25736 4322 8579 25737 4270 8579 25738 4297 8579 25739 4322 8580 25740 4548 8580 25741 4323 8580 25742 4323 8581 25743 4270 8581 25744 4322 8581 25745 4324 8582 25746 4273 8582 25747 4323 8582 25748 4323 8583 25749 4548 8583 25750 4324 8583 25751 4323 8584 25752 4273 8584 25753 4270 8584 25754 4398 8585 25755 4548 8585 25756 4325 8585 25757 4397 8586 25758 4398 8586 25759 4325 8586 25760 4544 8587 25761 4325 8587 25762 4326 8587 25763 4325 8588 25764 4544 8588 25765 4327 8588 25766 4327 8589 25767 4397 8589 25768 4325 8589 25769 4328 8590 25770 4397 8590 25771 4327 8590 25772 4328 8591 25773 4327 8591 25774 4329 8591 25775 4331 8592 25776 4392 8592 25777 4330 8592 25778 4372 8593 25779 4331 8593 25780 4332 8593 25781 4372 8594 25782 4394 8594 25783 4331 8594 25784 4394 8595 25785 4392 8595 25786 4331 8595 25787 4331 8596 25788 4330 8596 25789 4327 8596 25790 4331 8597 25791 4327 8597 25792 4335 8597 25793 4332 8598 25794 4331 8598 25795 4335 8598 25796 4333 8599 25797 4332 8599 25798 4334 8599 25799 4332 8600 25800 4335 8600 25801 4334 8600 25802 4352 8601 25803 4333 8601 25804 4336 8601 25805 4336 8602 25806 4333 8602 25807 4337 8602 25808 4336 8603 25809 4337 8603 25810 4338 8603 25811 4338 8604 25812 4346 8604 25813 4336 8604 25814 4336 8605 25815 4346 8605 25816 4352 8605 25817 4364 8606 25818 4346 8606 25819 4339 8606 25820 4339 8607 25821 4346 8607 25822 4344 8607 25823 4366 8608 25824 4346 8608 25825 4340 8608 25826 4340 8609 25827 4346 8609 25828 4343 8609 25829 4367 8610 25830 4346 8610 25831 4341 8610 25832 4341 8611 25833 4346 8611 25834 4348 8611 25835 4368 8612 25836 4346 8612 25837 4342 8612 25838 4342 8613 25839 4346 8613 25840 4350 8613 25841 4343 8614 25842 4346 8614 25843 4351 8614 25844 4344 8615 25845 4346 8615 25846 4349 8615 25847 4365 8616 25848 4346 8616 25849 4345 8616 25850 4345 8617 25851 4346 8617 25852 4353 8617 25853 4348 8618 25854 4346 8618 25855 4359 8618 25856 4349 8619 25857 4346 8619 25858 4354 8619 25859 4350 8620 25860 4346 8620 25861 4355 8620 25862 4351 8621 25863 4346 8621 25864 4356 8621 25865 4352 8622 25866 4346 8622 25867 4360 8622 25868 4353 8623 25869 4346 8623 25870 4338 8623 25871 4354 8624 25872 4346 8624 25873 4358 8624 25874 4355 8625 25875 4346 8625 25876 4363 8625 25877 4356 8626 25878 4346 8626 25879 4357 8626 25880 4357 8627 25881 4346 8627 25882 4362 8627 25883 4358 8628 25884 4346 8628 25885 4361 8628 25886 4359 8629 25887 4346 8629 25888 4365 8629 25889 4347 8630 25890 4346 8630 25891 4367 8630 25892 4360 8631 25893 4346 8631 25894 4368 8631 25895 4362 8632 25896 4346 8632 25897 4364 8632 25898 4363 8633 25899 4346 8633 25900 4366 8633 25901 4342 8634 25902 4369 8634 25903 4368 8634 25904 4368 8635 25905 4369 8635 25906 4370 8635 25907 4368 8636 25908 4370 8636 25909 4360 8636 25910 4370 8637 25911 4372 8637 25912 4371 8637 25913 4360 8638 25914 4370 8638 25915 4371 8638 25916 4369 8639 25917 4373 8639 25918 4370 8639 25919 4370 8640 25920 4373 8640 25921 4372 8640 25922 4369 8641 25923 4376 8641 25924 4373 8641 25925 4376 8642 25926 4374 8642 25927 4373 8642 25928 4375 8643 25929 4389 8643 25930 4374 8643 25931 4376 8644 25932 4375 8644 25933 4374 8644 25934 4375 8645 25935 4380 8645 25936 4389 8645 25937 4377 8646 25938 4379 8646 25939 4376 8646 25940 4379 8647 25941 4375 8647 25942 4376 8647 25943 4378 8648 25944 4379 8648 25945 4377 8648 25946 4379 8649 25947 4381 8649 25948 4375 8649 25949 4381 8650 25950 4380 8650 25951 4375 8650 25952 4381 8651 25953 4383 8651 25954 4380 8651 25955 4384 8652 25956 4381 8652 25957 4382 8652 25958 4381 8653 25959 4379 8653 25960 4382 8653 25961 4381 8654 25962 4384 8654 25963 4383 8654 25964 4385 8655 25965 4383 8655 25966 4384 8655 25967 4385 8656 25968 4380 8656 25969 4383 8656 25970 4385 8657 25971 4384 8657 25972 4262 8657 25973 4261 8658 25974 4380 8658 25975 4385 8658 25976 4386 8659 25977 4380 8659 25978 4261 8659 25979 4405 8660 25980 4387 8660 25981 4386 8660 25982 4380 8661 25983 4386 8661 25984 4387 8661 25985 4405 8662 25986 4388 8662 25987 4387 8662 25988 4380 8663 25989 4387 8663 25990 4388 8663 25991 4388 8664 25992 4389 8664 25993 4380 8664 25994 4390 8665 25995 4389 8665 25996 4405 8665 25997 4404 8666 25998 4389 8666 25999 4390 8666 26000 4389 8667 26001 4404 8667 26002 4393 8667 26003 4405 8668 26004 4389 8668 26005 4388 8668 26006 4402 8669 26007 4393 8669 26008 4404 8669 26009 4391 8670 26010 4393 8670 26011 4402 8670 26012 4391 8671 26013 4392 8671 26014 4393 8671 26015 4374 8672 26016 4389 8672 26017 4393 8672 26018 4394 8673 26019 4393 8673 26020 4392 8673 26021 4374 8674 26022 4393 8674 26023 4394 8674 26024 4373 8675 26025 4374 8675 26026 4394 8675 26027 4373 8676 26028 4394 8676 26029 4372 8676 26030 4391 8677 26031 4330 8677 26032 4392 8677 26033 4330 8678 26034 4391 8678 26035 4395 8678 26036 4396 8679 26037 4330 8679 26038 4395 8679 26039 4328 8680 26040 4396 8680 26041 4397 8680 26042 4330 8681 26043 4396 8681 26044 4329 8681 26045 4329 8682 26046 4396 8682 26047 4328 8682 26048 4396 8683 26049 4398 8683 26050 4397 8683 26051 4401 8684 26052 4398 8684 26053 4396 8684 26054 4395 8685 26055 4401 8685 26056 4396 8685 26057 4401 8686 26058 4399 8686 26059 4398 8686 26060 4401 8687 26061 4400 8687 26062 4399 8687 26063 4402 8688 26064 4400 8688 26065 4401 8688 26066 4406 8689 26067 4400 8689 26068 4402 8689 26069 4406 8690 26070 4403 8690 26071 4400 8690 26072 4403 8691 26073 4291 8691 26074 4400 8691 26075 4400 8692 26076 4291 8692 26077 4283 8692 26078 4390 8693 26079 4406 8693 26080 4402 8693 26081 4404 8694 26082 4390 8694 26083 4402 8694 26084 4405 8695 26085 4406 8695 26086 4390 8695 26087 4406 8696 26088 4407 8696 26089 4403 8696 26090 4407 8697 26091 4281 8697 26092 4403 8697 26093 4261 8698 26094 4407 8698 26095 4406 8698 26096 4407 8699 26097 4289 8699 26098 4281 8699 26099 4386 8700 26100 4406 8700 26101 4405 8700 26102 4261 8701 26103 4406 8701 26104 4386 8701 26105 4269 8702 26106 4407 8702 26107 4268 8702 26108 4263 8703 26109 4268 8703 26110 4407 8703 26111 4289 8704 26112 4407 8704 26113 4269 8704 26114 4263 8705 26115 4407 8705 26116 4261 8705 26117 4403 8706 26118 4281 8706 26119 4291 8706 26120 4400 8707 26121 4283 8707 26122 4399 8707 26123 4402 8708 26124 4401 8708 26125 4391 8708 26126 4398 8709 26127 4399 8709 26128 4324 8709 26129 4399 8710 26130 4279 8710 26131 4324 8710 26132 4399 8711 26133 4283 8711 26134 4279 8711 26135 4398 8712 26136 4324 8712 26137 4548 8712 26138 4391 8713 26139 4401 8713 26140 4395 8713 26141 4262 8714 26142 4261 8714 26143 4385 8714 26144 4262 8715 26145 4384 8715 26146 4408 8715 26147 4410 8716 26148 4409 8716 26149 4420 8716 26150 4410 8717 26151 4266 8717 26152 4409 8717 26153 4410 8718 26154 4412 8718 26155 4266 8718 26156 4420 8719 26157 4414 8719 26158 4412 8719 26159 4420 8720 26160 4412 8720 26161 4410 8720 26162 4413 8721 26163 4412 8721 26164 4414 8721 26165 4267 8722 26166 4412 8722 26167 4413 8722 26168 4413 8723 26169 4292 8723 26170 4267 8723 26171 4413 8724 26172 4278 8724 26173 4292 8724 26174 4415 8725 26175 4414 8725 26176 4411 8725 26177 4415 8726 26178 4416 8726 26179 4414 8726 26180 4416 8727 26181 4445 8727 26182 4414 8727 26183 4418 8728 26184 4416 8728 26185 4415 8728 26186 4418 8729 26187 4417 8729 26188 4416 8729 26189 4445 8730 26190 4416 8730 26191 4417 8730 26192 4418 8731 26193 4415 8731 26194 4419 8731 26195 4448 8732 26196 4417 8732 26197 4418 8732 26198 4419 8733 26199 4420 8733 26200 4418 8733 26201 4420 8734 26202 4421 8734 26203 4422 8734 26204 4424 8735 26205 4422 8735 26206 4423 8735 26207 4423 8736 26208 4422 8736 26209 4421 8736 26210 4425 8737 26211 4424 8737 26212 4423 8737 26213 4425 8738 26214 4423 8738 26215 4426 8738 26216 4426 8739 26217 4366 8739 26218 4425 8739 26219 4425 8740 26220 4366 8740 26221 4340 8740 26222 4427 8741 26223 4424 8741 26224 4425 8741 26225 4425 8742 26226 4340 8742 26227 4427 8742 26228 4427 8743 26229 4432 8743 26230 4429 8743 26231 4428 8744 26232 4432 8744 26233 4427 8744 26234 4427 8745 26235 4340 8745 26236 4343 8745 26237 4427 8746 26238 4343 8746 26239 4428 8746 26240 4427 8747 26241 4429 8747 26242 4424 8747 26243 4429 8748 26244 4430 8748 26245 4424 8748 26246 4432 8749 26247 4430 8749 26248 4429 8749 26249 4432 8750 26250 4431 8750 26251 4430 8750 26252 4448 8751 26253 4430 8751 26254 4447 8751 26255 4447 8752 26256 4430 8752 26257 4431 8752 26258 4447 8753 26259 4431 8753 26260 4435 8753 26261 4433 8754 26262 4431 8754 26263 4432 8754 26264 4433 8755 26265 4434 8755 26266 4431 8755 26267 4435 8756 26268 4431 8756 26269 4434 8756 26270 4439 8757 26271 4447 8757 26272 4437 8757 26273 4447 8758 26274 4435 8758 26275 4437 8758 26276 4437 8759 26277 4435 8759 26278 4436 8759 26279 4587 8760 26280 4437 8760 26281 4436 8760 26282 4440 8761 26283 4437 8761 26284 4587 8761 26285 4440 8762 26286 4439 8762 26287 4437 8762 26288 4446 8763 26289 4438 8763 26290 4439 8763 26291 4446 8764 26292 4439 8764 26293 4443 8764 26294 4443 8765 26295 4439 8765 26296 4440 8765 26297 4449 8766 26298 4276 8766 26299 4441 8766 26300 4441 8767 26301 4440 8767 26302 4449 8767 26303 4441 8768 26304 4276 8768 26305 4296 8768 26306 4441 8769 26307 4296 8769 26308 4442 8769 26309 4441 8770 26310 4443 8770 26311 4440 8770 26312 4442 8771 26313 4443 8771 26314 4441 8771 26315 4442 8772 26316 4445 8772 26317 4443 8772 26318 4442 8773 26319 4287 8773 26320 4444 8773 26321 4444 8774 26322 4445 8774 26323 4442 8774 26324 4444 8775 26325 4275 8775 26326 4413 8775 26327 4444 8776 26328 4287 8776 26329 4275 8776 26330 4444 8777 26331 4414 8777 26332 4445 8777 26333 4413 8778 26334 4414 8778 26335 4444 8778 26336 4445 8779 26337 4417 8779 26338 4446 8779 26339 4446 8780 26340 4443 8780 26341 4445 8780 26342 4446 8781 26343 4448 8781 26344 4447 8781 26345 4417 8782 26346 4448 8782 26347 4446 8782 26348 4446 8783 26349 4447 8783 26350 4438 8783 26351 4439 8784 26352 4438 8784 26353 4447 8784 26354 4442 8785 26355 4296 8785 26356 4287 8785 26357 4449 8786 26358 4277 8786 26359 4276 8786 26360 4450 8787 26361 4277 8787 26362 4449 8787 26363 4449 8788 26364 4451 8788 26365 4450 8788 26366 4449 8789 26367 4440 8789 26368 4451 8789 26369 4452 8790 26370 4451 8790 26371 4585 8790 26372 4570 8791 26373 4452 8791 26374 4571 8791 26375 4570 8792 26376 4451 8792 26377 4452 8792 26378 4572 8793 26379 4571 8793 26380 4453 8793 26381 4453 8794 26382 4571 8794 26383 4452 8794 26384 4455 8795 26385 4453 8795 26386 4452 8795 26387 4454 8796 26388 4572 8796 26389 4453 8796 26390 4454 8797 26391 4453 8797 26392 4455 8797 26393 4455 8798 26394 4456 8798 26395 4454 8798 26396 4454 8799 26397 4456 8799 26398 4457 8799 26399 4458 8800 26400 4460 8800 26401 4457 8800 26402 4457 8801 26403 4460 8801 26404 4572 8801 26405 4458 8802 26406 4459 8802 26407 4460 8802 26408 4459 8803 26409 4458 8803 26410 4468 8803 26411 4568 8804 26412 4459 8804 26413 4461 8804 26414 4459 8805 26415 4468 8805 26416 4461 8805 26417 4467 8806 26418 4461 8806 26419 4468 8806 26420 4467 8807 26421 4462 8807 26422 4461 8807 26423 4568 8808 26424 4461 8808 26425 4462 8808 26426 4464 8809 26427 4463 8809 26428 4462 8809 26429 4462 8810 26430 4463 8810 26431 4568 8810 26432 4464 8811 26433 4466 8811 26434 4463 8811 26435 4466 8812 26436 4464 8812 26437 4465 8812 26438 4465 8813 26439 4462 8813 26440 4467 8813 26441 4465 8814 26442 4464 8814 26443 4462 8814 26444 4469 8815 26445 4468 8815 26446 4458 8815 26447 4470 8816 26448 4566 8816 26449 4469 8816 26450 4566 8817 26451 4468 8817 26452 4469 8817 26453 4471 8818 26454 4339 8818 26455 4344 8818 26456 4473 8819 26457 4472 8819 26458 4471 8819 26459 4471 8820 26460 4344 8820 26461 4473 8820 26462 4471 8821 26463 4472 8821 26464 4470 8821 26465 4473 8822 26466 4475 8822 26467 4472 8822 26468 4473 8823 26469 4344 8823 26470 4349 8823 26471 4473 8824 26472 4349 8824 26473 4474 8824 26474 4474 8825 26475 4475 8825 26476 4473 8825 26477 4475 8826 26478 4477 8826 26479 4476 8826 26480 4474 8827 26481 4495 8827 26482 4475 8827 26483 4495 8828 26484 4477 8828 26485 4475 8828 26486 4477 8829 26487 4478 8829 26488 4565 8829 26489 4477 8830 26490 4565 8830 26491 4476 8830 26492 4477 8831 26493 4492 8831 26494 4478 8831 26495 4479 8832 26496 4565 8832 26497 4478 8832 26498 4564 8833 26499 4565 8833 26500 4479 8833 26501 4480 8834 26502 4478 8834 26503 4482 8834 26504 4480 8835 26505 4479 8835 26506 4478 8835 26507 4480 8836 26508 4482 8836 26509 4481 8836 26510 4481 8837 26511 4483 8837 26512 4480 8837 26513 4481 8838 26514 4485 8838 26515 4483 8838 26516 4488 8839 26517 4485 8839 26518 4481 8839 26519 4506 8840 26520 4484 8840 26521 4485 8840 26522 4486 8841 26523 4485 8841 26524 4488 8841 26525 4486 8842 26526 4506 8842 26527 4485 8842 26528 4487 8843 26529 4506 8843 26530 4486 8843 26531 4486 8844 26532 4491 8844 26533 4487 8844 26534 4487 8845 26535 4491 8845 26536 4490 8845 26537 4491 8846 26538 4488 8846 26539 4489 8846 26540 4488 8847 26541 4491 8847 26542 4486 8847 26543 4491 8848 26544 4505 8848 26545 4490 8848 26546 4491 8849 26547 4492 8849 26548 4505 8849 26549 4489 8850 26550 4492 8850 26551 4491 8850 26552 4494 8851 26553 4492 8851 26554 4489 8851 26555 4501 8852 26556 4492 8852 26557 4493 8852 26558 4482 8853 26559 4492 8853 26560 4494 8853 26561 4482 8854 26562 4478 8854 26563 4492 8854 26564 4488 8855 26565 4494 8855 26566 4489 8855 26567 4488 8856 26568 4482 8856 26569 4494 8856 26570 4481 8857 26571 4482 8857 26572 4488 8857 26573 4495 8858 26574 4493 8858 26575 4477 8858 26576 4493 8859 26577 4492 8859 26578 4477 8859 26579 4498 8860 26580 4493 8860 26581 4495 8860 26582 4496 8861 26583 4498 8861 26584 4495 8861 26585 4474 8862 26586 4354 8862 26587 4496 8862 26588 4496 8863 26589 4354 8863 26590 4358 8863 26591 4496 8864 26592 4495 8864 26593 4474 8864 26594 4496 8865 26595 4358 8865 26596 4497 8865 26597 4497 8866 26598 4498 8866 26599 4496 8866 26600 4499 8867 26601 4500 8867 26602 4497 8867 26603 4497 8868 26604 4500 8868 26605 4498 8868 26606 4497 8869 26607 4358 8869 26608 4361 8869 26609 4497 8870 26610 4361 8870 26611 4499 8870 26612 4499 8871 26613 4361 8871 26614 4346 8871 26615 4501 8872 26616 4500 8872 26617 4524 8872 26618 4499 8873 26619 4524 8873 26620 4500 8873 26621 4501 8874 26622 4524 8874 26623 4502 8874 26624 4503 8875 26625 4504 8875 26626 4505 8875 26627 4487 8876 26628 4505 8876 26629 4504 8876 26630 4487 8877 26631 4490 8877 26632 4505 8877 26633 4501 8878 26634 4503 8878 26635 4505 8878 26636 4487 8879 26637 4504 8879 26638 4506 8879 26639 4509 8880 26640 4506 8880 26641 4504 8880 26642 4507 8881 26643 4509 8881 26644 4508 8881 26645 4508 8882 26646 4295 8882 26647 4507 8882 26648 4508 8883 26649 4298 8883 26650 4295 8883 26651 4509 8884 26652 4507 8884 26653 4484 8884 26654 4294 8885 26655 4507 8885 26656 4295 8885 26657 4294 8886 26658 4484 8886 26659 4507 8886 26660 4508 8887 26661 4509 8887 26662 4510 8887 26663 4503 8888 26664 4509 8888 26665 4504 8888 26666 4527 8889 26667 4509 8889 26668 4503 8889 26669 4527 8890 26670 4510 8890 26671 4509 8890 26672 4528 8891 26673 4510 8891 26674 4527 8891 26675 4528 8892 26676 4300 8892 26677 4510 8892 26678 4512 8893 26679 4513 8893 26680 4300 8893 26681 4512 8894 26682 4300 8894 26683 4511 8894 26684 4515 8895 26685 4513 8895 26686 4512 8895 26687 4514 8896 26688 4513 8896 26689 4515 8896 26690 4515 8897 26691 4512 8897 26692 4529 8897 26693 4529 8898 26694 4526 8898 26695 4515 8898 26696 4526 8899 26697 4516 8899 26698 4515 8899 26699 4517 8900 26700 4516 8900 26701 4520 8900 26702 4517 8901 26703 4518 8901 26704 4516 8901 26705 4515 8902 26706 4516 8902 26707 4518 8902 26708 4519 8903 26709 4517 8903 26710 4520 8903 26711 4519 8904 26712 4520 8904 26713 4521 8904 26714 4521 8905 26715 4520 8905 26716 4522 8905 26717 4520 8906 26718 4516 8906 26719 4522 8906 26720 4521 8907 26721 4522 8907 26722 4523 8907 26723 4523 8908 26724 4522 8908 26725 4524 8908 26726 4522 8909 26727 4525 8909 26728 4524 8909 26729 4522 8910 26730 4516 8910 26731 4525 8910 26732 4527 8911 26733 4525 8911 26734 4526 8911 26735 4526 8912 26736 4525 8912 26737 4516 8912 26738 4524 8913 26739 4525 8913 26740 4502 8913 26741 4527 8914 26742 4502 8914 26743 4525 8914 26744 4503 8915 26745 4502 8915 26746 4527 8915 26747 4527 8916 26748 4526 8916 26749 4528 8916 26750 4528 8917 26751 4526 8917 26752 4529 8917 26753 4528 8918 26754 4511 8918 26755 4300 8918 26756 4529 8919 26757 4511 8919 26758 4528 8919 26759 4529 8920 26760 4512 8920 26761 4511 8920 26762 4523 8921 26763 4524 8921 26764 4499 8921 26765 4346 8922 26766 4523 8922 26767 4499 8922 26768 4347 8923 26769 4523 8923 26770 4346 8923 26771 4347 8924 26772 4521 8924 26773 4523 8924 26774 4367 8925 26775 4519 8925 26776 4521 8925 26777 4367 8926 26778 4521 8926 26779 4347 8926 26780 4341 8927 26781 4519 8927 26782 4367 8927 26783 4530 8928 26784 4517 8928 26785 4519 8928 26786 4341 8929 26787 4530 8929 26788 4519 8929 26789 4531 8930 26790 4532 8930 26791 4530 8930 26792 4348 8931 26793 4531 8931 26794 4530 8931 26795 4348 8932 26796 4530 8932 26797 4341 8932 26798 4530 8933 26799 4532 8933 26800 4517 8933 26801 4532 8934 26802 4531 8934 26803 4534 8934 26804 4359 8935 26805 4534 8935 26806 4531 8935 26807 4536 8936 26808 4534 8936 26809 4535 8936 26810 4365 8937 26811 4535 8937 26812 4534 8937 26813 4365 8938 26814 4534 8938 26815 4359 8938 26816 4532 8939 26817 4534 8939 26818 4536 8939 26819 4536 8940 26820 4535 8940 26821 4553 8940 26822 4553 8941 26823 4537 8941 26824 4536 8941 26825 4553 8942 26826 4538 8942 26827 4537 8942 26828 4555 8943 26829 4537 8943 26830 4538 8943 26831 4555 8944 26832 4538 8944 26833 4308 8944 26834 4308 8945 26835 4538 8945 26836 4539 8945 26837 4539 8946 26838 4538 8946 26839 4543 8946 26840 4541 8947 26841 4311 8947 26842 4542 8947 26843 4540 8948 26844 4543 8948 26845 4311 8948 26846 4311 8949 26847 4543 8949 26848 4542 8949 26849 4542 8950 26850 4543 8950 26851 4549 8950 26852 4545 8951 26853 4546 8951 26854 4542 8951 26855 4545 8952 26856 4542 8952 26857 4544 8952 26858 4546 8953 26859 4547 8953 26860 4312 8953 26861 4545 8954 26862 4547 8954 26863 4546 8954 26864 4546 8955 26865 4313 8955 26866 4541 8955 26867 4546 8956 26868 4312 8956 26869 4313 8956 26870 4326 8957 26871 4548 8957 26872 4547 8957 26873 4547 8958 26874 4548 8958 26875 4312 8958 26876 4325 8959 26877 4548 8959 26878 4326 8959 26879 4544 8960 26880 4326 8960 26881 4547 8960 26882 4544 8961 26883 4547 8961 26884 4545 8961 26885 4542 8962 26886 4335 8962 26887 4327 8962 26888 4542 8963 26889 4549 8963 26890 4335 8963 26891 4334 8964 26892 4335 8964 26893 4549 8964 26894 4334 8965 26895 4549 8965 26896 4550 8965 26897 4550 8966 26898 4337 8966 26899 4334 8966 26900 4551 8967 26901 4337 8967 26902 4550 8967 26903 4550 8968 26904 4543 8968 26905 4551 8968 26906 4550 8969 26907 4549 8969 26908 4543 8969 26909 4551 8970 26910 4552 8970 26911 4337 8970 26912 4553 8971 26913 4554 8971 26914 4551 8971 26915 4551 8972 26916 4538 8972 26917 4553 8972 26918 4551 8973 26919 4554 8973 26920 4552 8973 26921 4551 8974 26922 4543 8974 26923 4538 8974 26924 4353 8975 26925 4552 8975 26926 4554 8975 26927 4353 8976 26928 4554 8976 26929 4345 8976 26930 4345 8977 26931 4554 8977 26932 4535 8977 26933 4553 8978 26934 4535 8978 26935 4554 8978 26936 4338 8979 26937 4552 8979 26938 4353 8979 26939 4338 8980 26940 4337 8980 26941 4552 8980 26942 4334 8981 26943 4337 8981 26944 4333 8981 26945 4544 8982 26946 4542 8982 26947 4327 8982 26948 4541 8983 26949 4313 8983 26950 4310 8983 26951 4541 8984 26952 4310 8984 26953 4311 8984 26954 4541 8985 26955 4542 8985 26956 4546 8985 26957 4539 8986 26958 4543 8986 26959 4540 8986 26960 4556 8987 26961 4533 8987 26962 4555 8987 26963 4555 8988 26964 4533 8988 26965 4537 8988 26966 4536 8989 26967 4533 8989 26968 4532 8989 26969 4536 8990 26970 4537 8990 26971 4533 8990 26972 4558 8991 26973 4514 8991 26974 4557 8991 26975 4557 8992 26976 4514 8992 26977 4556 8992 26978 4514 8993 26979 4533 8993 26980 4556 8993 26981 4515 8994 26982 4518 8994 26983 4514 8994 26984 4514 8995 26985 4518 8995 26986 4533 8995 26987 4557 8996 26988 4304 8996 26989 4558 8996 26990 4558 8997 26991 4302 8997 26992 4514 8997 26993 4304 8998 26994 4302 8998 26995 4558 8998 26996 4556 8999 26997 4555 8999 26998 4307 8999 26999 4345 9000 27000 4535 9000 27001 4365 9000 27002 4532 9001 27003 4533 9001 27004 4518 9001 27005 4532 9002 27006 4518 9002 27007 4517 9002 27008 4359 9003 27009 4531 9003 27010 4348 9003 27011 4514 9004 27012 4302 9004 27013 4513 9004 27014 4509 9005 27015 4484 9005 27016 4506 9005 27017 4503 9006 27018 4501 9006 27019 4502 9006 27020 4501 9007 27021 4505 9007 27022 4492 9007 27023 4500 9008 27024 4501 9008 27025 4498 9008 27026 4498 9009 27027 4501 9009 27028 4493 9009 27029 4484 9010 27030 4294 9010 27031 4559 9010 27032 4485 9011 27033 4484 9011 27034 4559 9011 27035 4559 9012 27036 4294 9012 27037 4288 9012 27038 4485 9013 27039 4559 9013 27040 4483 9013 27041 4559 9014 27042 4288 9014 27043 4560 9014 27044 4483 9015 27045 4559 9015 27046 4560 9015 27047 4483 9016 27048 4560 9016 27049 4561 9016 27050 4560 9017 27051 4272 9017 27052 4562 9017 27053 4463 9018 27054 4560 9018 27055 4562 9018 27056 4561 9019 27057 4560 9019 27058 4463 9019 27059 4563 9020 27060 4561 9020 27061 4463 9020 27062 4563 9021 27063 4479 9021 27064 4561 9021 27065 4563 9022 27066 4564 9022 27067 4479 9022 27068 4463 9023 27069 4564 9023 27070 4563 9023 27071 4463 9024 27072 4466 9024 27073 4564 9024 27074 4565 9025 27075 4564 9025 27076 4466 9025 27077 4466 9026 27078 4465 9026 27079 4565 9026 27080 4476 9027 27081 4565 9027 27082 4566 9027 27083 4566 9028 27084 4565 9028 27085 4467 9028 27086 4465 9029 27087 4467 9029 27088 4565 9029 27089 4475 9030 27090 4476 9030 27091 4472 9030 27092 4472 9031 27093 4476 9031 27094 4566 9031 27095 4561 9032 27096 4479 9032 27097 4480 9032 27098 4480 9033 27099 4483 9033 27100 4561 9033 27101 4562 9034 27102 4290 9034 27103 4567 9034 27104 4562 9035 27105 4272 9035 27106 4290 9035 27107 4463 9036 27108 4562 9036 27109 4567 9036 27110 4567 9037 27111 4290 9037 27112 4282 9037 27113 4463 9038 27114 4567 9038 27115 4568 9038 27116 4569 9039 27117 4568 9039 27118 4567 9039 27119 4567 9040 27120 4274 9040 27121 4569 9040 27122 4569 9041 27123 4274 9041 27124 4570 9041 27125 4570 9042 27126 4571 9042 27127 4569 9042 27128 4569 9043 27129 4571 9043 27130 4568 9043 27131 4460 9044 27132 4568 9044 27133 4571 9044 27134 4460 9045 27135 4571 9045 27136 4572 9045 27137 4570 9046 27138 4274 9046 27139 4285 9046 27140 4459 9047 27141 4568 9047 27142 4460 9047 27143 4567 9048 27144 4282 9048 27145 4274 9048 27146 4560 9049 27147 4288 9049 27148 4272 9049 27149 4474 9050 27150 4349 9050 27151 4354 9050 27152 4472 9051 27153 4566 9051 27154 4470 9051 27155 4573 9052 27156 4339 9052 27157 4471 9052 27158 4470 9053 27159 4573 9053 27160 4471 9053 27161 4575 9054 27162 4573 9054 27163 4574 9054 27164 4573 9055 27165 4364 9055 27166 4339 9055 27167 4574 9056 27168 4573 9056 27169 4470 9056 27170 4575 9057 27171 4576 9057 27172 4573 9057 27173 4576 9058 27174 4364 9058 27175 4573 9058 27176 4577 9059 27177 4576 9059 27178 4575 9059 27179 4577 9060 27180 4578 9060 27181 4576 9060 27182 4578 9061 27183 4362 9061 27184 4576 9061 27185 4576 9062 27186 4362 9062 27187 4364 9062 27188 4580 9063 27189 4578 9063 27190 4577 9063 27191 4580 9064 27192 4579 9064 27193 4578 9064 27194 4579 9065 27195 4357 9065 27196 4578 9065 27197 4578 9066 27198 4357 9066 27199 4362 9066 27200 4577 9067 27201 4581 9067 27202 4580 9067 27203 4580 9068 27204 4581 9068 27205 4434 9068 27206 4433 9069 27207 4579 9069 27208 4580 9069 27209 4580 9070 27210 4434 9070 27211 4433 9070 27212 4435 9071 27213 4434 9071 27214 4581 9071 27215 4435 9072 27216 4581 9072 27217 4456 9072 27218 4577 9073 27219 4582 9073 27220 4581 9073 27221 4456 9074 27222 4581 9074 27223 4582 9074 27224 4583 9075 27225 4456 9075 27226 4584 9075 27227 4435 9076 27228 4456 9076 27229 4583 9076 27230 4586 9077 27231 4435 9077 27232 4583 9077 27233 4585 9078 27234 4583 9078 27235 4584 9078 27236 4584 9079 27237 4452 9079 27238 4585 9079 27239 4455 9080 27240 4452 9080 27241 4584 9080 27242 4451 9081 27243 4586 9081 27244 4585 9081 27245 4585 9082 27246 4586 9082 27247 4583 9082 27248 4587 9083 27249 4436 9083 27250 4586 9083 27251 4587 9084 27252 4586 9084 27253 4451 9084 27254 4436 9085 27255 4435 9085 27256 4586 9085 27257 4587 9086 27258 4451 9086 27259 4440 9086 27260 4584 9087 27261 4456 9087 27262 4455 9087 27263 4456 9088 27264 4588 9088 27265 4457 9088 27266 4456 9089 27267 4582 9089 27268 4588 9089 27269 4574 9090 27270 4588 9090 27271 4575 9090 27272 4575 9091 27273 4588 9091 27274 4582 9091 27275 4574 9092 27276 4469 9092 27277 4588 9092 27278 4457 9093 27279 4588 9093 27280 4469 9093 27281 4470 9094 27282 4469 9094 27283 4574 9094 27284 4457 9095 27285 4469 9095 27286 4458 9095 27287 4575 9096 27288 4582 9096 27289 4577 9096 27290 4433 9097 27291 4589 9097 27292 4579 9097 27293 4589 9098 27294 4356 9098 27295 4579 9098 27296 4579 9099 27297 4356 9099 27298 4357 9099 27299 4432 9100 27300 4428 9100 27301 4589 9100 27302 4432 9101 27303 4589 9101 27304 4433 9101 27305 4428 9102 27306 4351 9102 27307 4589 9102 27308 4589 9103 27309 4351 9103 27310 4356 9103 27311 4566 9104 27312 4467 9104 27313 4468 9104 27314 4457 9105 27315 4572 9105 27316 4454 9105 27317 4450 9106 27318 4451 9106 27319 4570 9106 27320 4570 9107 27321 4285 9107 27322 4450 9107 27323 4450 9108 27324 4285 9108 27325 4277 9108 27326 4424 9109 27327 4430 9109 27328 4422 9109 27329 4418 9110 27330 4422 9110 27331 4430 9110 27332 4418 9111 27333 4430 9111 27334 4448 9111 27335 4428 9112 27336 4343 9112 27337 4351 9112 27338 4426 9113 27339 4423 9113 27340 4590 9113 27341 4590 9114 27342 4363 9114 27343 4426 9114 27344 4426 9115 27345 4363 9115 27346 4366 9115 27347 4423 9116 27348 4421 9116 27349 4592 9116 27350 4590 9117 27351 4423 9117 27352 4591 9117 27353 4423 9118 27354 4592 9118 27355 4591 9118 27356 4409 9119 27357 4592 9119 27358 4421 9119 27359 4591 9120 27360 4592 9120 27361 4382 9120 27362 4408 9121 27363 4592 9121 27364 4409 9121 27365 4408 9122 27366 4382 9122 27367 4592 9122 27368 4591 9123 27369 4382 9123 27370 4593 9123 27371 4594 9124 27372 4591 9124 27373 4593 9124 27374 4594 9125 27375 4379 9125 27376 4378 9125 27377 4378 9126 27378 4350 9126 27379 4594 9126 27380 4594 9127 27381 4350 9127 27382 4355 9127 27383 4363 9128 27384 4594 9128 27385 4355 9128 27386 4590 9129 27387 4591 9129 27388 4594 9129 27389 4363 9130 27390 4590 9130 27391 4594 9130 27392 4594 9131 27393 4593 9131 27394 4379 9131 27395 4382 9132 27396 4379 9132 27397 4593 9132 27398 4409 9133 27399 4421 9133 27400 4420 9133 27401 4420 9134 27402 4422 9134 27403 4418 9134 27404 4419 9135 27405 4411 9135 27406 4420 9135 27407 4411 9136 27408 4419 9136 27409 4415 9136 27410 4420 9137 27411 4411 9137 27412 4414 9137 27413 4413 9138 27414 4275 9138 27415 4278 9138 27416 4384 9139 27417 4382 9139 27418 4408 9139 27419 4350 9140 27420 4378 9140 27421 4377 9140 27422 4350 9141 27423 4377 9141 27424 4342 9141 27425 4342 9142 27426 4377 9142 27427 4369 9142 27428 4377 9143 27429 4376 9143 27430 4369 9143 27431 4371 9144 27432 4372 9144 27433 4332 9144 27434 4371 9145 27435 4332 9145 27436 4333 9145 27437 4352 9146 27438 4371 9146 27439 4333 9146 27440 4360 9147 27441 4371 9147 27442 4352 9147 27443 4329 9148 27444 4327 9148 27445 4330 9148 27446 4324 9149 27447 4279 9149 27448 4273 9149 27449 4304 9150 27450 4303 9150 27451 4302 9150 27452 4266 9151 27453 4263 9151 27454 4265 9151 27455 4265 9152 27456 4263 9152 27457 4264 9152 27458</p>
                </triangles>
            </mesh>
        </geometry>
    </library_geometries>
    <library_visual_scenes>
        <visual_scene id="VisualSceneNode" name="VisualScene">
            <node id="node" name="node">
                <instance_geometry url="#shape0-lib"/>
            </node>
        </visual_scene>
    </library_visual_scenes>
    <scene>
        <instance_visual_scene url="#VisualSceneNode"/>
    </scene>
</COLLADA>
