{
  "unit": {
    "mass": "kg",
    "length": "m"
  },
  "mass": 0.1,
  "com": [
    0.025,
    0.0,
    0.0
  ],
  "inertia": {
    "ixx": 9.93559147e-05,
    "iyy": 4.83345352e-05,
    "izz": 7.80452872e-05,
    "ixy": 0.0,
    "ixz": 0.0,
    "iyz": 0.0
  }
}