<?xml version="1.0" encoding="UTF-8"?>
<COLLADA xmlns="http://www.collada.org/2005/11/COLLADASchema" version="1.4.1">
    <asset>
        <contributor>
            <author>VCGLab</author>
            <authoring_tool>VCGLib | MeshLab</authoring_tool>
        </contributor>
        <created>Wed Jun 24 09:23:18 2026 GMT</created>
        <modified>Wed Jun 24 09:23:18 2026 GMT</modified>
        <up_axis>Y_UP</up_axis>
    </asset>
    <library_geometries>
        <geometry id="shape0-lib" name="shape0">
            <mesh>
                <source id="shape0-lib-positions" name="position">
                    <float_array id="shape0-lib-positions-array" count="11442">0.0370025 -0.0561755 -0.000665565 0.0369796 -0.0497399 -0.000704342 0.0370321 -0.0488142 -0.00064282 0.0364855 -0.0486915 -0.00599557 0.0360183 -0.0494805 -0.00789589 0.0360175 -0.0555173 -0.00788974 0.033963 -0.049747 -0.013978 0.0350764 -0.0488039 -0.0111813 0.0337521 -0.0554284 -0.0145656 0.0333303 -0.0564717 -0.0154988 0.0303967 -0.0567941 -0.0210481 0.0307968 -0.0565141 -0.0198022 0.03072 -0.049747 -0.019906 0.0294142 -0.0563939 -0.0217459 0.0242672 -0.0565554 -0.0271908 0.0264877 -0.0488748 -0.0251102 0.0293303 -0.0489451 -0.0218344 0.0264262 -0.0564149 -0.0251735 0.026872 -0.0567938 -0.0252593 0.0354631 -0.0565554 -0.0323497 0.0386511 -0.0567927 -0.0281809 0.038617 -0.056295 -0.028621 0.0408309 -0.0526446 -0.0254612 0.041226 -0.051196 -0.024736 0.0409315 -0.051836 -0.0252828 0.0410487 -0.0514465 -0.0251197 0.0420539 -0.0501423 -0.0234682 0.0423021 -0.0501395 -0.0227954 0.0434653 -0.048496 -0.0200209 0.0344532 -0.0484962 -0.0138617 0.0334661 -0.048882 -0.0151228 0.0306699 -0.0488289 -0.0200651 0.0180723 -0.048886 -0.0315173 0.0213774 -0.0563966 -0.0294489 0.0145255 -0.0562965 -0.0332447 0.0114924 -0.0526474 -0.0343549 0.0140668 -0.0488363 -0.0334462 0.00686896 -0.0487821 -0.0355351 0.00346625 -0.048921 -0.0359971 -0.000922488 -0.0488954 -0.0361152 -0.00361056 -0.0488904 -0.0359309 -0.00365577 -0.0564783 -0.0359296 -0.00863977 -0.0488971 -0.0350445 -0.0159774 -0.0563832 -0.0323614 -0.0111163 -0.056123 -0.0343313 -0.015935 -0.0489525 -0.0323811 -0.00896017 -0.0563777 -0.0349855 -0.0214189 -0.056795 -0.0298051 -0.0149626 -0.0567932 -0.0333083 -0.00236026 -0.056795 -0.0365979 0.00836722 -0.0567943 -0.0357781 -0.0319995 -0.0566014 -0.0172241 -0.0327448 -0.0555239 -0.0156597 -0.0341029 -0.0566092 -0.0126878 -0.0353945 -0.0555412 -0.008446 -0.0353951 -0.0497516 -0.0084416 -0.0351921 -0.0565741 -0.00936336 -0.0360535 -0.0566032 -0.00568704 -0.0365708 -0.0565285 -0.000589124 -0.0365087 -0.0555488 -0.000685884 -0.0364493 -0.0490812 -0.00131719 -0.0366373 -0.0488191 -0.000388659 -0.0359274 -0.0488008 -0.00628874 -0.0343441 -0.0487918 -0.0119881 -0.0333087 -0.0485624 -0.0152119 -0.0336692 -0.048495 -0.0149459 -0.0327576 -0.0497658 -0.0156335 -0.0319743 -0.0488031 -0.0172097 -0.028633 -0.0486799 -0.0222617 -0.0286787 -0.0491426 -0.0221436 -0.0290634 -0.0566021 -0.0217118 -0.0286613 -0.0556533 -0.0221489 -0.025118 -0.0564809 -0.0260465 -0.0285191 -0.0567941 -0.0230846 -0.0233666 -0.0554461 -0.027613 -0.0229755 -0.0565965 -0.0279421 -0.0177089 -0.0555439 -0.031449 -0.020838 -0.0566 -0.0295536 -0.0186913 -0.0565677 -0.0309451 -0.0100046 -0.0567921 -0.0350898 -0.0232858 -0.0498549 -0.027681 -0.0225507 -0.0487598 -0.0283217 -0.0100045 -0.0484978 -0.0350899 -0.0110346 -0.0489235 -0.0343626 -0.00401501 -0.0486648 -0.0359831 -0.0149624 -0.0484968 -0.0333085 -0.0178896 -0.0488079 -0.0313595 -0.0214189 -0.048495 -0.0298051 -0.024857 -0.0485635 -0.0266472 -0.0267107 -0.0487798 -0.0244475 -0.0288596 -0.048495 -0.0228363 -0.0397269 -0.0484963 -0.0259704 -0.032122 -0.048496 -0.034829 -0.0324896 -0.0489938 -0.0348527 -0.0325213 -0.0564876 -0.0348135 -0.0354334 -0.0488501 -0.0318817 -0.0352877 -0.0562905 -0.0320473 -0.0360198 -0.0566869 -0.0309923 -0.037101 -0.0566071 -0.0299287 -0.0403596 -0.0526408 -0.025452 -0.0391998 -0.0488458 -0.0272043 -0.0444393 -0.0484968 -0.0168414 -0.0421188 -0.0488359 -0.0225157 -0.0407521 -0.0511962 -0.0248424 -0.0407458 -0.0540843 -0.0249226 -0.0397441 -0.0564288 -0.0264326 -0.0403277 -0.0567942 -0.0249531 -0.0312117 -0.0567329 -0.0356891 -0.0285157 -0.0567948 -0.0377544 -0.0215843 -0.0567943 -0.0421454 -0.0224974 -0.0562865 -0.0419521 -0.0264241 -0.0488204 -0.0396035 -0.0222048 -0.0488583 -0.0421078 -0.0237084 -0.0485214 -0.0410242 -0.0194419 -0.0564411 -0.0434321 -0.017548 -0.0565912 -0.0442299 -0.0177369 -0.0488535 -0.0441768 -0.0126958 -0.0490002 -0.0458692 -0.0107544 -0.0485995 -0.0462619 -0.014161 -0.0566238 -0.0454162 -0.00931456 -0.0490276 -0.0467075 -0.0105753 -0.0564193 -0.0464274 -0.00758418 -0.0567847 -0.046676 -0.00706997 -0.0564385 -0.0470717 -0.00333218 -0.0564341 -0.0475211 -0.00185502 -0.0567945 -0.0472538 0.000344184 -0.0564409 -0.0476276 0.00322865 -0.0562857 -0.0475434 0.00306507 -0.0567062 -0.0473885 0.00572199 -0.056295 -0.047316 0.00740763 -0.056794 -0.0467612 0.0141522 -0.0565415 -0.0455854 0.01788 -0.0488657 -0.0443045 0.0210838 -0.0487474 -0.0296616 0.0216816 -0.048495 -0.0298845 0.0250605 -0.0484958 -0.0403538 0.0239402 -0.0487701 -0.0274828 0.0156368 -0.0485635 -0.033085 0.0139332 -0.048495 -0.0341706 0.00888532 -0.048682 -0.0351552 0.00117379 -0.048495 -0.0368501 0.00186884 -0.0485621 -0.0363733 0.0315543 -0.048495 -0.0355752 0.0340372 -0.0487321 -0.0338386 0.0393239 -0.0484957 -0.0270998 0.0268719 -0.0484962 -0.0252594 0.0304146 -0.0484958 -0.0210259 0.0407673 -0.0487978 -0.0255721 0.0388119 -0.0489302 -0.028365 0.0430369 -0.0486941 -0.0215948 0.0369222 -0.0487174 -0.0307185 0.0369851 -0.0562731 -0.0306622 0.0294121 -0.0565566 -0.0378336 0.0285887 -0.0567948 -0.038182 0.0241138 -0.0564441 -0.0413142 0.0267246 -0.0564732 -0.0397076 0.0273426 -0.0488215 -0.0393038 0.0303485 -0.0487219 -0.0370877 0.0222611 -0.0486732 -0.0423147 0.0208627 -0.0562939 -0.0430128 0.017531 -0.0564469 -0.0444267 0.0194707 -0.0567919 -0.0434106 0.0251559 -0.0486529 -0.0406899 0.0182445 -0.0564039 -0.0314248 0.021493 -0.0567946 -0.029836 0.0161236 -0.0566223 -0.0326261 0.0161143 -0.0567941 -0.0330728 0.0119329 -0.0565573 -0.0342628 0.0071976 -0.056525 -0.0354874 0.00393398 -0.0564079 -0.0359451 0.00153841 -0.0565956 -0.0361678 -0.00101474 -0.056546 -0.0361248 0.033077 -0.0565527 -0.0347358 0.0322727 -0.048686 -0.017502 0.0029122 -0.0486924 -0.0475565 -0.00177402 -0.0488642 -0.0476095 -0.00522298 -0.0488508 -0.047318 -0.00459175 -0.0485081 -0.0470945 0.0107682 -0.0484973 -0.0461984 0.00441266 -0.0484953 -0.0471003 0.00867376 -0.048852 -0.0468939 0.0056907 -0.0488273 -0.0473182 0.011344 -0.0489949 -0.046333 0.0153082 -0.0484957 -0.0448437 0.0138188 -0.048848 -0.0456878 0.0099918 -0.0565358 -0.046631 0.00746072 -0.0564516 -0.0470861 -0.0167669 -0.0484952 -0.0441693 -0.0295595 -0.0488062 -0.0373324 -0.0266549 -0.0564722 -0.0394523 -0.0301501 -0.0565142 -0.0368645 -0.0446642 -0.0564476 -0.0170916 -0.0437548 -0.0567939 -0.0183842 -0.0461725 -0.056597 -0.012618 -0.0470827 -0.0565084 -0.00881416 -0.0458914 -0.0543744 -0.0135496 -0.0447813 -0.0550591 -0.0160722 -0.0447263 -0.0553257 -0.0169056 -0.0432791 -0.0555022 -0.0196261 -0.0427555 -0.0555178 -0.0212887 -0.0418373 -0.0551143 -0.0193951 -0.04189 -0.055023 -0.007379 -0.0408847 -0.0540177 -0.007379 -0.0432632 -0.0553913 -0.007379 -0.044662 -0.055069 -0.013385 -0.04564 -0.054018 -0.007379 -0.044635 -0.055023 -0.007379 -0.044213 -0.054291 -0.007379 -0.044213 -0.054291 -0.00217897 -0.0451273 -0.0531429 -0.00217897 -0.0451729 -0.0531553 -0.007379 -0.044908 -0.051696 -0.007379 -0.044908 -0.051696 -0.00217897 -0.046008 -0.052645 -0.007379 -0.04564 -0.051273 -0.007379 -0.0457522 -0.0513261 -0.0127829 -0.044635 -0.050268 -0.007379 -0.0460859 -0.0526729 -0.0116709 -0.0457469 -0.0539826 -0.0129873 -0.0474007 -0.0489011 -0.00723311 -0.0464758 -0.0524818 -0.0114207 -0.046543 -0.0488405 -0.0111995 -0.0465576 -0.0484962 -0.00970242 -0.0476917 -0.0484968 -0.000694341 -0.0477986 -0.0487224 -0.00389174 -0.0475269 -0.056579 -0.0062029 -0.0465403 -0.0567941 -0.00977728 -0.0365378 -0.0567938 -0.00456941 -0.034488 -0.056795 -0.013242 -0.0476844 -0.0567924 -0.000731376 -0.0475198 -0.0564067 -0.00038057 -0.047489 -0.048995 -0.000379008 -0.0368187 -0.0564725 -0.000394228 -0.0369183 -0.0567669 -0.000681545 -0.0369375 -0.0484981 -0.000719196 -0.0479491 -0.0486822 -0.000597197 -0.047989 -0.052645 -0.000895009 -0.0480242 -0.0562943 -0.00065941 -0.0358159 -0.0484963 -0.00827782 -0.0448408 -0.0502023 -0.0164855 -0.044662 -0.050222 -0.013385 -0.0432555 -0.0497849 -0.0199637 -0.0434666 -0.0488869 -0.0198564 -0.041852 -0.0501211 -0.0229389 -0.04189 -0.050268 -0.007379 -0.040885 -0.051273 -0.007379 -0.042313 -0.051 -0.007379 -0.0413533 -0.0521316 -0.007379 -0.041399 -0.0521437 -0.00217897 -0.041617 -0.0535949 -0.00217897 -0.042313 -0.051 -0.00217897 -0.0427501 -0.0545547 -0.00217897 -0.0437743 -0.0507351 -0.00217897 -0.043263 -0.0499 -0.007379 -0.043762 -0.0507808 -0.007379 -0.0427622 -0.054509 -0.007379 -0.041617 -0.0535949 -0.007379 -0.0405167 -0.0526452 -0.007379 -0.0415902 -0.054956 -0.0234952 -0.042751 -0.0564587 -0.0212793 -0.0459183 -0.0511907 -0.0133943 -0.0453108 -0.0488341 -0.0153434 -0.0372079 -0.0487141 -0.0297852 0.0367206 -0.0484956 -0.00678314 0.0466359 -0.0484955 -0.0114635 0.0468393 -0.0488501 -0.0118719 0.043761 -0.049773 -0.0201231 0.0423109 -0.050174 -0.01946 0.0431544 -0.0498044 -0.0214108 0.041311 -0.051245 -0.013519 0.0409876 -0.0526449 -0.00758199 0.0412218 -0.0514441 -0.00749406 0.0422613 -0.0503081 -0.00738513 0.043633 -0.0498802 -0.00757909 0.0449453 -0.0501369 -0.00740377 0.0454007 -0.0499692 -0.0165128 0.0452409 -0.0502396 -0.0158231 0.0463167 -0.0508829 -0.0136935 0.0463847 -0.0513847 -0.0130561 0.0469104 -0.0529602 -0.0115925 0.0452493 -0.0550469 -0.0158226 0.0460762 -0.0542163 -0.0134963 0.0465042 -0.0530719 -0.0117732 0.0450946 -0.0550925 -0.00753199 0.0423109 -0.0551169 -0.01946 0.0437825 -0.0555036 -0.0193689 0.0462852 -0.0564799 -0.0138423 0.0465675 -0.0567939 -0.0120716 0.04728 -0.0564399 -0.0101012 0.0480788 -0.056795 -0.000879823 0.0363495 -0.056794 -0.00807573 0.0484537 -0.0565987 -0.000819595 0.0483541 -0.0565812 -0.00273903 0.0479488 -0.0564423 -0.00667042 0.048464 -0.052645 -0.000894009 0.0478485 -0.0488616 -0.00742535 0.0482698 -0.0487115 -0.00393475 0.0481265 -0.0488163 -0.000393394 0.0481761 -0.048498 -0.000733108 0.0373032 -0.0485106 -0.000710326 0.0372312 -0.0489237 -0.000381196 0.0484609 -0.0487847 -0.000747218 0.0482244 -0.0565725 -0.000388728 0.037245 -0.0565593 -0.00038633 0.0374957 -0.056795 -0.000879695 0.0367997 -0.0566071 -0.00376364 0.0357421 -0.0564759 -0.0091813 0.0342939 -0.0567938 -0.0142036 0.0427923 -0.0567931 -0.0214609 0.0445536 -0.0556682 -0.0185871 0.0458498 -0.0550151 -0.0152202 0.0432913 -0.0555097 -0.021131 0.0438534 -0.0564916 -0.0199679 0.0422624 -0.0564572 -0.0230809 0.0423585 -0.0552089 -0.0228948 0.0412206 -0.0540923 -0.0248543 0.04026 -0.0564199 -0.0263468 0.041311 -0.054046 -0.0135196 0.0424024 -0.0550857 -0.00759083 0.0437372 -0.0553932 -0.00738342 0.0460013 -0.0510362 -0.007387 0.0465336 -0.0526491 -0.00738218 0.0461059 -0.0540341 -0.00738352 0.0464754 -0.0520809 -0.0118312 0.041279 -0.0539832 -0.00738237 0.045019 -0.0486794 -0.017272 0.011417 -0.011322 0.048538 0.0175951 -0.0115359 0.0470257 0.00303996 -0.011185 0.0494 0.007656 -0.0115184 0.0491833 -0.0016967 -0.0111865 0.0493029 -0.013567 -0.010987 0.046959 -0.028443 -0.010879 0.039252 -0.0362223 -0.0108065 0.0319239 -0.0311434 -0.0113509 0.0372645 -0.0400179 -0.0110823 0.0270445 -0.04396 -0.010685 0.019722 -0.0419484 -0.0108938 0.0238031 0.019018 -0.00816799 0.045207 0.018377 -0.00537199 0.043045 0.0149166 -0.00317667 0.0408262 -0.039857 -0.000398002 0.011699 -0.041651 -0.00240594 0.012834 -0.04292 -0.002482 0.00903499 0.013214 0.000150994 0.033945 -0.038127 0.00140494 0.010557 0.012982 0.00171095 0.031714 0.012871 0.00250297 0.031239 1.1e-05 0.00264799 0.0334589 -0.013073 0.00279498 0.031682 -0.045851 -0.00770295 0.010735 -0.044556 -0.00490296 0.00989997 -0.019296 0.00286597 0.029228 0.0111126 -0.0178768 0.0494089 -0.00934323 -0.0114526 0.048268 -0.0172498 -0.0114339 0.0457987 -0.0245891 -0.011429 0.0421111 -0.0445819 -0.014034 0.0206799 -0.047474 -0.014154 0.012357 0.022871 -0.00819195 0.043618 0.022086 -0.005408 0.041473 0.019895 -0.00335275 0.0392164 -0.043569 -0.00261199 0.00547898 0.0187901 0.00157631 0.0289896 -0.03948 0.00256008 0.00322417 0.00653762 0.00257356 0.0328796 -0.00658767 0.00271706 0.0330646 -0.0479532 -0.0160486 0.00872596 -0.0469484 -0.0112113 0.0113698 -0.019494 0.00339895 0.029028 -0.0371252 0.00266771 0.0100447 0.015065 -0.00812001 0.046452 0.00882109 -0.00806221 0.0477328 0.00275797 -0.00794298 0.048086 -0.00136596 -0.00789196 0.047945 -0.00547796 -0.00784899 0.047465 -0.00952297 -0.00781698 0.0466609 -0.0154833 -0.00777917 0.0448774 -0.021082 -0.00776595 0.042334 -0.024654 -0.00775499 0.040266 -0.028022 -0.00773699 0.037891 -0.031141 -0.00769997 0.035226 -0.0354126 -0.00762194 0.0307677 -0.039059 -0.00758297 0.025861 -0.0422047 -0.00756016 0.0205613 -0.044604 -0.00757796 0.0149479 0.014562 -0.00532896 0.044252 0.00864277 -0.00526913 0.045491 0.000400871 -0.0051437 0.0458324 -0.00528497 -0.005076 0.045238 -0.0114124 -0.00506052 0.0439668 -0.016784 -0.00500095 0.042035 -0.0224071 -0.00490283 0.0392441 -0.0271389 -0.00495595 0.0361079 -0.030164 -0.004919 0.033529 -0.0344013 -0.00478682 0.029024 -0.0378449 -0.00479997 0.024471 -0.0410635 -0.00483975 0.0191729 -0.043296 -0.00479198 0.013936 0.000273107 -0.0029586 0.0428067 -0.015867 -0.00277997 0.039462 -0.0227 -0.002706 0.036095 -0.028786 -0.002612 0.031521 -0.0334928 -0.00215238 0.0258963 -0.0378134 -0.00198097 0.0196025 0.00824661 -0.00310991 0.0423961 -0.00804328 -0.00279501 0.0416719 -0.0262646 0.000836988 0.027214 0.00663996 0.000306994 0.035472 -0.000884432 0.000483771 0.0359139 -0.00694597 0.000641994 0.03532 -0.0147121 0.000686202 0.0336506 -0.0203812 0.000883041 0.0310265 -0.030557 0.00124198 0.022263 -0.034787 0.001342 0.016714 0.00663698 0.00182598 0.033328 7.1e-05 0.00194597 0.033888 -0.00654495 0.00206798 0.033463 -0.013068 0.00218897 0.032055 -0.0193 0.00230497 0.029585 -0.024927 0.00240898 0.025864 -0.029767 0.00249099 0.021139 0.0235079 -0.011673 0.0445974 -0.0455688 -0.010757 0.0158708 0.02303 -0.00899399 0.043974 0.021961 -0.00507898 0.041093 0.020237 -0.00172946 0.0349855 -0.041564 -0.000104107 0.0047392 0.00125423 -0.0157068 0.0502315 -0.00541788 -0.0110984 0.0488665 0.00807768 0.00596455 0.0320284 0.0122362 0.00596783 0.0308556 0.00365299 0.00340497 0.033119 -0.00478697 0.00603036 0.0327294 -0.000707906 0.0061249 0.03288 -0.00923598 0.00340199 0.032509 -0.0211229 -0.0110398 0.0438926 -0.04508 -0.00509247 0.00617045 -0.0174439 0.00339996 0.03 -0.0133415 0.0060778 0.03103 -0.0249643 0.00292515 0.0254619 -0.021307 0.00339895 0.028008 -0.0309683 0.00300384 0.0194585 -0.0339109 0.00266338 0.0156681 -0.0436929 -0.00220597 0.00227594 -0.0400028 0.00337827 0.00036718 -0.0483751 -0.0187928 0.0115892 -0.0464245 -0.00814999 0.0059508 -0.0403958 0.00236229 8.38489e-05 -0.0141959 -0.0158798 0.0479529 -0.021515 -0.016135 0.0450979 -0.0281291 -0.0157006 0.0410773 -0.0343751 -0.0159794 0.0360106 -0.0393858 -0.0156147 0.0302454 -0.0437842 -0.015992 0.0235894 -0.04697 -0.015946 0.0163979 0.0160115 -0.0178403 0.0481111 -0.0211155 -0.0187692 0.0458221 -0.028213 -0.018793 0.041774 0.0239612 -0.0168671 0.0447548 0.0195788 -0.0171975 0.0467604 0.00861052 -0.0184113 0.049913 0.000545234 -0.0187114 0.0506727 -0.00726739 -0.0183517 0.050004 -0.0150727 -0.0186358 0.048234 -0.024646 -0.018791 0.0439939 -0.0315567 -0.0188007 0.0392891 -0.0375449 -0.0188153 0.0335845 -0.0419798 -0.0189429 0.0277731 -0.0449998 -0.018782 0.0226375 -0.0477302 -0.0188051 0.0161168 0.0242761 0.00989853 0.00823759 -0.029176 0.00910097 0.00982696 -0.023187 0.010447 0.013804 -0.00228596 0.011956 0.019674 0.00502896 0.0117879 0.019567 0.012204 0.0112939 0.018363 0.018921 0.0104059 0.015773 0.024645 0.00900298 0.01162 -0.0365025 0.00548556 0.00219055 0.0260908 0.0075081 0.0132444 -0.0348898 0.00480431 0.00788156 -0.0306338 0.00487712 0.015243 -0.0253529 0.00532765 0.0211259 -0.0188138 0.00558154 0.0260404 -0.011536 0.00576096 0.0288849 -0.00382711 0.005819 0.0301817 0.00449098 0.00578954 0.0299676 0.00808647 0.0057675 0.0293241 0.012137 0.00563496 0.028184 0.016042 0.00545455 0.0264689 0.0275779 0.00502835 0.0139682 0.0226279 0.00515395 0.021287 0.014662 0.011931 0.013195 0.0260975 0.00924791 0.00653666 -0.0165561 0.0115334 0.0162869 -0.00145439 0.0127197 0.016301 0.0281258 0.00731731 0.00868064 -0.0363649 0.00436083 0.00392896 -0.0280167 0.00510729 0.0184035 -0.00524809 0.0012088 0.0311585 0.022671 0.00339198 0.021664 0.0255049 0.00460979 0.0177624 0.0293153 0.00462132 0.00993646 -0.03245 0.00715399 0.009408 -0.024148 0.009076 0.017165 -0.0288979 0.00826714 0.0130746 -0.017656 0.00986695 0.021051 -0.0104589 0.010292 0.023385 -0.00294697 0.01043 0.024446 0.00466597 0.010301 0.024312 0.0107644 0.010006 0.0232655 0.019162 0.00913 0.019604 0.015783 0.00955796 0.02145 0.022261 0.00858396 0.0172279 -0.0329117 0.00529143 0.0115643 -0.0293347 0.00636414 0.0158563 -0.0250069 0.00690698 0.020168 -0.01857 0.00744694 0.024726 -0.0219549 0.00720697 0.022648 -0.0112579 0.00774097 0.027465 -0.00353795 0.00784295 0.028709 0.00434196 0.00776797 0.028551 0.0104697 0.00759145 0.0273899 0.015892 0.00728499 0.025192 0.019377 0.00700295 0.023026 0.022533 0.00664097 0.020239 0.025221 0.00620794 0.016981 0.019122 0.0112847 0.0110826 -0.0343213 0.00700067 0.00564241 -0.028449 0.00943994 0.00981695 -0.0223842 0.0109455 0.0127434 -0.0096957 0.0121263 0.0176817 0.00607395 0.01255 0.01566 0.0123898 0.0121556 0.0140983 -0.0222516 0.0054728 0.0238144 -0.0168023 0.00144879 0.0280857 -0.0112758 0.00133153 0.0300258 0.000270132 0.00585175 0.0302619 0.0120433 0.00334563 0.0287234 0.0194471 0.00527484 0.0242738 0.00473411 0.0138606 -0.00508832 -0.00318599 0.013769 -0.010583 -0.010575 0.013625 -0.011089 -0.017886 0.013127 -0.012033 -0.025014 0.012156 -0.013542 -0.031781 0.0106789 -0.0158229 0.012242 0.013276 -0.00517296 -0.037352 0.00814498 -0.0131 -0.031521 0.01077 -0.00940996 -0.0396296 0.00603867 -0.0173507 0.012801 0.013286 0.00120497 0.01998 0.0118559 0.004686 0.013124 0.012931 0.00755698 0.00590897 0.013487 0.00915396 -0.00143897 0.01368 0.00955194 -0.00878197 0.013517 0.00914395 -0.016058 0.0129549 0.00812 -0.023149 0.011861 0.00630897 -0.0298435 0.0102429 0.00343905 -0.035564 0.00778896 -0.000885999 -0.0382818 0.00613636 -0.00677205 -0.00143096 0.0132707 -0.0170626 -0.0104632 0.0132096 -0.0173457 -0.0180449 0.012805 -0.017343 -0.025044 0.011982 -0.017346 -0.031781 0.010636 -0.017349 -0.03488 0.00959397 -0.017351 0.014479 0.01299 -0.005741 0.00947791 0.0132274 -0.0110342 -0.03757 0.008147 -0.017352 0.022804 0.011141 0.00305599 0.0193369 0.0122457 -0.000608552 -0.040258 0.00454142 -0.0173529 -0.0399438 0.00379075 -0.0135773 -0.0384353 0.00449695 -0.00452688 -0.0376498 0.00329381 -0.000472943 -0.00259596 0.014078 -0.00385999 -0.010068 0.013921 -0.004336 -0.017467 0.01338 -0.00531095 -0.024683 0.012332 -0.00692498 0.005467 0.013885 0.00257099 -0.00199699 0.01409 0.00285697 -0.00945598 0.0139249 0.00241298 -0.016845 0.013361 0.00141198 -0.024052 0.0122679 -0.000301998 -0.030874 0.010653 -0.00298595 -0.036671 0.00804496 -0.00699895 0.00631297 0.01324 -0.013798 0.00319938 0.0132482 -0.0156179 -0.0395572 0.00455759 -0.0109624 0.011993 0.014492 0.01566 -0.0387959 0.00609296 0.00299096 -0.0345971 0.00931083 0.00786529 -0.018504 0.0131749 0.0185969 -0.02203 0.012714 0.016915 -0.014871 0.013504 0.019888 -0.00343197 0.013927 0.021953 -0.00938563 0.013824 0.0212458 0.0026644 0.01385 0.0221164 0.025003 0.0113252 0.0134021 -0.037231 0.006881 0.00676799 -0.0380329 0.00534793 0.00659309 -0.035635 0.00599199 0.01147 -0.033273 0.00655996 0.014993 -0.0290911 0.00715957 0.0200385 0.0270061 0.00460387 0.0201138 0.026633 0.00680095 0.019404 0.029142 0.00623399 0.015572 -0.0279369 0.00530005 0.0222852 -0.024794 0.00571995 0.025059 -0.02118 0.00588899 0.027625 -0.017329 0.00600796 0.029582 -0.00915599 0.00613498 0.032053 0.00366998 0.00612699 0.032658 0.028649 0.00846499 0.0136099 0.0164511 0.00563123 0.0291772 0.020323 0.00567895 0.026734 -0.0397976 0.00479827 0.000737908 0.00474937 0.0150391 0.0164765 0.018835 0.0137509 0.0126 0.024653 0.012486 0.00817198 0.0269576 0.0115159 0.00744389 -0.0367379 0.00815971 0.0054939 -0.0313742 0.0107272 0.0103773 -0.017487 0.0142339 0.014826 0.0288771 0.00981936 0.00948772 0.029339 0.00339299 0.016301 0.030306 0.00768298 0.010984 0.02027 0.00201535 0.027537 0.0310948 0.00537912 0.0118157 0.011975 0.013325 0.020744 0.00816399 0.013608 0.021516 0.0179462 0.0126779 0.0186391 0.022486 0.011769 0.016059 -0.034993 0.00807798 0.010005 -0.032424 0.00899398 0.013037 -0.029572 0.00973397 0.015875 -0.026498 0.010345 0.018507 -0.023286 0.010853 0.020882 -0.019727 0.011274 0.022962 -0.01601 0.011572 0.024555 -0.0104037 0.0118288 0.0262528 -0.00416297 0.011958 0.027095 0.00217369 0.0119205 0.0272515 0.00799894 0.011709 0.026562 0.0120209 0.011473 0.025613 0.015911 0.011143 0.024212 0.019628 0.010691 0.022291 0.023045 0.0100959 0.019824 0.026048 0.00936097 0.016908 -0.024421 0.00775998 0.024098 -0.020821 0.00805097 0.02654 -0.017007 0.00825399 0.028405 -0.013009 0.00839096 0.029801 -0.00691616 0.00845664 0.0311903 -0.000543 0.00850897 0.03155 0.003721 0.00845897 0.031352 0.00795597 0.00836199 0.030728 0.012178 0.00820899 0.02962 0.016256 0.00799095 0.027978 0.020131 0.00768595 0.025718 0.023636 0.00728398 0.022815 0.005799 0.015021 0.016187 0.01262 0.0146126 0.014602 0.020017 0.013635 0.011188 -0.028883 0.0114635 0.0121896 -0.0239792 0.0127906 0.014662 -0.016287 0.014382 0.015091 -0.00902301 0.0149962 0.0162451 -0.00114166 0.0151732 0.0166385 0.028558 0.00339395 0.017726 -0.0382863 0.00719974 0.00276985 0.0189529 0.00249657 0.0282799 0.0240841 0.00516957 0.0235459 0.00430196 0.016312 -0.00646096 -0.00339997 0.016495 -0.00637299 -0.0110919 0.016305 -0.00689196 -0.018696 0.015716 -0.00789898 -0.026094 0.014608 -0.00953495 -0.033101 0.012926 -0.011985 -0.0391999 0.00999695 -0.015338 0.012611 0.015837 -0.000155997 0.020236 0.0143999 0.00436098 0.013071 0.015502 0.00715494 0.00555396 0.016064 0.00869495 -0.00209099 0.0162409 0.009022 -0.00972295 0.016035 0.008564 -0.01728 0.015395 0.00747997 -0.024659 0.014178 0.00560296 -0.031606 0.0123719 0.00271398 -0.037565 0.00950795 -0.00131196 -0.03976 0.00746 -0.00358599 -0.040874 0.00761497 -0.010396 0.01267 0.015642 -0.00765395 0.00998169 0.0157443 -0.0105414 0.00285102 0.0157779 -0.0157381 -0.0269167 0.014236 -0.0173467 -0.03316 0.012844 -0.0173499 -0.039246 0.01002 -0.017353 0.0227809 0.013784 0.00303197 0.0187318 0.0149428 -0.00125106 -0.0414867 0.00771225 -0.0173537 -0.0427273 0.00453103 -0.0173559 -0.042272 0.00457096 -0.0124879 0.00500297 0.016434 0.00112599 -0.00273096 0.016621 0.00133395 -0.010456 0.0164159 0.000844003 -0.018102 0.015785 -0.000201997 -0.025547 0.014601 -0.00196099 -0.032587 0.012828 -0.00463098 -0.038668 0.00983495 -0.00831896 0.00606532 0.015743 -0.0140021 -0.0413077 0.00455964 -0.00612127 -0.041181 0.00335596 -0.00520804 -0.0421611 0.00338292 -0.011414 -0.00516651 0.0158212 -0.0173442 -0.0125255 0.0157097 -0.0173389 -0.0206169 0.015115 -0.0173437 -0.000991015 0.0158173 -0.0169514 -0.0427099 -0.000225998 -0.012086 -0.043655 -0.00326097 -0.012421 -0.044805 -0.00612598 -0.012565 -0.0469555 -0.0113822 -0.0124227 -0.042228 0.000450001 -0.006347 -0.041477 0.00223798 -0.00606996 -0.048091 -0.0147152 -0.00219527 -0.0417118 0.000497392 0.000739877 -0.0442631 -0.00281284 0.000521068 -0.0456489 -0.00537104 0.000152304 -0.046856 -0.00888997 -0.000472001 -0.042826 -0.000980997 -0.017354 -0.043094 -0.00414997 -0.017354 -0.043778 -0.00679099 -0.017355 -0.0465054 -0.0140953 -0.0173556 -0.043867 -0.00257599 -0.00656897 -0.045412 -0.00566196 -0.00658 -0.0466779 -0.008874 -0.00647795 -0.04761 -0.0122009 -0.00634796 -0.0482507 -0.0165935 -0.0121509 -0.0483793 -0.0185195 0.000650947 -0.0443776 -0.0164861 -0.0173627 -0.042255 -0.010418 -0.017354 -0.040811 -0.00594794 -0.017353 -0.040333 -0.00114399 -0.017353 -0.0475364 -0.0189327 -0.0169845 -0.0449111 -0.0190997 -0.016863 -0.048123 -0.021139 -0.014857 -0.045562 -0.0211379 -0.014856 -0.0483617 -0.0218081 -0.0125499 0.027172 -0.000325003 0.015315 0.0240028 0.00286105 0.0201129 0.023965 0.000326997 0.020612 0.019296 0.00174099 0.0250609 0.028453 -0.00435496 0.016451 0.0231759 -0.00304795 0.027798 0.020328 -0.000237004 0.025647 0.030751 -0.00750196 0.018033 0.033525 -0.010217 0.0196929 0.025209 -0.00759495 0.037671 0.036604 -0.012781 0.021289 0.027172 -0.0109079 0.0388639 0.039944 -0.015471 0.022746 0.028427 -0.015355 0.0389939 0.0418434 -0.0171922 0.0231452 0.038498 -0.017946 0.029359 0.038288 -0.016931 0.029372 0.03746 -0.014987 0.029158 0.033411 -0.014827 0.0344199 0.029414 -0.00152499 0.01004 0.0303039 -0.00597799 0.010981 0.0181669 -0.00101096 0.028372 0.032213 -0.00899696 0.012999 0.0207519 -0.00578195 0.037862 0.0344939 -0.0113551 0.0154088 0.022353 -0.012038 0.042394 0.0404559 -0.01576 0.0217087 0.0341909 -0.0188079 0.034257 0.0395338 -0.0218122 0.0280513 0.028846 -0.0218062 0.0388234 0.0227603 -0.0155778 0.0424978 0.0420766 -0.0190698 0.0241404 0.025861 -0.00326395 0.0220309 0.0286299 -0.00610996 0.024049 0.026131 -0.00529999 0.030081 0.031663 -0.00878996 0.026084 0.028965 -0.00778199 0.0321259 0.034733 -0.011646 0.027894 0.031505 -0.01086 0.033683 0.0194444 -0.003439 0.0327873 0.0222171 -0.00528351 0.0360399 0.0216591 -0.00811763 0.0408801 0.022243 -0.011192 0.042258 0.037574 -0.0188079 0.030568 0.032039 -0.0188079 0.0362469 0.025647 -0.0188079 0.0409419 0.0175615 0.000927256 0.0267005 0.0284989 0.00142598 0.017808 0.024729 0.00201094 0.023204 0.02891 -0.000919003 0.0180449 0.030845 -0.00404895 0.01907 0.0214155 -0.00234766 0.0360099 0.025309 -0.00205595 0.030652 0.0215721 0.000358741 0.0287793 0.024592 -0.004425 0.038331 0.0339279 -0.00722466 0.0211116 0.027191 -0.00767595 0.040368 0.028711 -0.011912 0.041358 0.0427317 -0.0147004 0.0241234 0.0293255 -0.0168594 0.0415289 0.043674 -0.0162829 0.0251249 0.03879 -0.014635 0.031883 0.034499 -0.015202 0.0370679 0.0439522 -0.0171286 0.0254316 0.032886 -0.00575996 0.01371 0.031595 -0.00257498 0.0123449 0.0352956 -0.00861709 0.0162544 0.0408905 -0.0129852 0.0221769 0.0438678 -0.0191292 0.0260588 0.025644 0.000197996 0.02329 0.028264 -0.00268895 0.024818 0.031216 -0.00527895 0.026786 0.028429 -0.00441999 0.03283 0.034151 -0.00794399 0.02875 0.031171 -0.00732399 0.034838 0.0368209 -0.010915 0.0305459 0.033273 -0.010985 0.036398 0.0312936 0.000576515 0.0120271 0.0395669 -0.0176051 0.0320374 0.0351516 -0.0183462 0.0368693 0.04164 -0.018784 0.02938 0.037574 -0.021808 0.030568 0.018573 -0.021808 0.044527 0.018573 -0.0188079 0.044527 0.0126533 -0.0218086 0.0465425 0.00315398 -0.021808 0.048011 0.00315398 -0.0188079 0.048011 -0.00299021 -0.0218086 0.0480094 -0.0146733 -0.0218074 0.0457341 -0.026892 -0.0188079 0.03965 -0.0454888 -0.021808 0.014901 -0.0458804 -0.018808 0.00668834 -0.0458616 -0.0218075 -0.0123619 -0.045862 -0.0188315 -0.00981761 0.0409819 -0.021138 0.0259009 0.0333641 -0.0218079 0.0351296 0.0234304 -0.0218073 0.0422633 0.015969 -0.0188079 0.0455019 0.00687599 -0.021808 0.04765 0.00974155 -0.0189332 0.0472242 0.000791 -0.0188079 0.04809 -0.00872099 -0.021808 0.0472259 -0.00589447 -0.0188453 0.0477301 -0.0141133 -0.0185594 0.0459082 -0.0219116 -0.0218074 0.0426894 -0.020871 -0.0187823 0.043209 -0.0285661 -0.0218074 0.0385102 -0.0284454 -0.0183517 0.0385019 -0.0344703 -0.0218074 0.0332889 -0.0336552 -0.0187894 0.0341027 -0.0394466 -0.0218075 0.0271805 -0.0390524 -0.0186038 0.0277157 -0.0432756 -0.0218072 0.0205026 -0.0430981 -0.0185336 0.0208311 -0.0458898 -0.021808 0.0117021 -0.045746 -0.0187744 0.0140336 -0.0458761 -0.0188083 -0.0012361 0.0375573 -0.0218083 0.0344172 0.0113 -0.021808 0.049401 -0.00750145 -0.0218076 0.050021 -0.0155451 -0.0218076 0.048077 -0.020975 -0.021808 0.0458839 -0.0261021 -0.0218081 0.0431823 -0.0477487 -0.021808 0.0159967 0.0415842 -0.0218052 0.02948 0.042749 -0.021138 0.027769 -0.0314425 -0.021808 0.0393805 -0.0362806 -0.0218081 0.0349978 -0.0414742 -0.0218082 0.0286218 -0.0454429 -0.0218083 0.0217311 -0.0483839 -0.0218079 0.0117718 0.0317716 -0.0218082 0.0397538 0.0247618 -0.0218074 0.0444133 0.0169201 -0.0218075 0.0478664 0.00722399 -0.021808 0.0501255 0.000721125 -0.0218075 0.0506352 -0.040208 -0.000827998 -0.0100059 -0.0395769 0.00159198 -0.00997096 -0.042057 -0.00524097 -0.00997996 -0.04398 -0.00969797 -0.00994998 -0.045391 -0.014345 -0.00990296 -0.038416 0.00148064 -0.00196977 -0.0454439 -0.014087 -0.00226695 -0.039893 -0.000805 -0.00251198 -0.042586 -0.00491696 -0.00240898 -0.0443889 -0.00936395 -0.00234097 -0.039745 -0.001158 0.00114 -0.0452344 -0.0144152 0.00480758 -0.0421123 -0.00426816 0.00230669 -0.040072 -0.00155896 0.00128597 -0.043466 -0.00697094 0.00298595 -0.0445369 -0.0104195 0.00384375 -0.0382873 0.000790059 0.000480016 0.015488 -0.014954 0.045379 0.00796598 -0.014923 0.047058 0.000279 -0.014893 0.047516 -0.00737596 -0.01487 0.046749 -0.0146218 -0.0111237 0.0438877 -0.0218991 -0.0161127 0.0420133 -0.0341308 -0.0161444 0.0326197 -0.045179 -0.0154878 0.0125184 0.014995 -0.011157 0.044992 -0.044154 -0.0106699 0.011239 0.014457 -0.00782097 0.043225 -0.0427819 -0.00692195 0.010044 0.0138979 -0.00532199 0.039768 -0.040884 -0.00393999 0.00882 0.013331 -0.00332696 0.0354 -0.038801 -0.001629 0.00765598 0.01271 -0.000933005 0.030982 -0.036855 0.000566999 0.00654697 0.012358 0.000900995 0.029308 -0.036164 0.00187194 0.006037 0.00664699 0.000985995 0.030831 0.000727 0.00108098 0.031433 -0.02195 0.00152498 0.0251459 -0.026459 0.00161999 0.02115 -0.030436 0.00170999 0.016576 -0.033741 0.00179398 0.011508 0.00745499 -0.011093 0.046465 -0.000181 -0.011029 0.04671 -0.00772697 -0.010979 0.045757 -0.021873 -0.010912 0.040433 -0.0278631 -0.011016 0.0364155 -0.033524 -0.010785 0.030884 -0.0379464 -0.0108476 0.0252092 -0.0416335 -0.0107573 0.0185226 0.00708699 -0.00771696 0.044567 -0.000349 -0.00760896 0.044708 -0.007671 -0.00751496 0.043701 -0.014726 -0.00743497 0.0416019 -0.021359 -0.007361 0.038441 -0.027381 -0.007271 0.0342179 -0.032542 -0.00714195 0.029067 -0.036885 -0.00703299 0.023283 -0.040346 -0.00695098 0.016944 0.00692999 -0.00517899 0.041097 -0.000124 -0.005027 0.0412919 -0.00708896 -0.00487996 0.040416 -0.013823 -0.00474096 0.038523 -0.0201729 -0.004605 0.035628 -0.025939 -0.00445796 0.031699 -0.03088 -0.00428695 0.026817 -0.0350799 -0.00413698 0.021336 -0.038464 -0.00401396 0.015338 0.00689495 -0.00316597 0.0368 0.00032 -0.002989 0.037155 -0.00622499 -0.00280697 0.036529 -0.0126009 -0.00262297 0.034967 -0.0174322 -0.000364465 0.0295036 -0.0226676 -0.000152739 0.0263268 0.006809 -0.000799005 0.032479 0.000712 -0.000650005 0.033021 -0.00541794 -0.000488005 0.032672 -0.011445 -0.000317005 0.031459 -0.0272434 5.16964e-05 0.0221049 -0.0313165 0.000190973 0.0172915 -0.034656 0.000311787 0.0120079 0.00946599 -0.048396 -0.040039 0.00360197 -0.048396 -0.0409369 -0.00388795 -0.048396 -0.040869 -0.00388795 -0.046896 -0.040869 -0.000935768 -0.0454469 -0.0410571 0.00133326 -0.0454785 -0.0410677 0.00197994 -0.0469132 -0.0410415 -0.0112449 -0.048396 -0.039461 -0.018231 -0.048396 -0.03676 -0.016972 -0.0454086 -0.037381 -0.024621 -0.048396 -0.032852 -0.024621 -0.046896 -0.032852 -0.030209 -0.048396 -0.027865 -0.0301515 -0.0463622 -0.0279247 -0.030116 -0.045396 -0.027964 -0.034815 -0.048396 -0.021958 -0.034815 -0.047396 -0.021958 -0.03129 -0.047396 -0.026664 -0.030377 -0.046896 -0.027685 -0.038289 -0.048396 -0.015322 -0.038289 -0.047396 -0.015322 -0.0405199 -0.048396 -0.00817097 -0.03918 -0.047396 -0.01297 -0.041435 -0.048396 -0.000737008 -0.041006 -0.048396 0.00673997 -0.0409291 -0.0468897 0.00738408 -0.039246 -0.048396 0.014021 -0.0396234 -0.0468744 0.0129517 -0.037542 -0.0464852 0.01825 -0.0377335 -0.0453987 0.0178892 -0.036211 -0.048396 0.0208689 -0.032 -0.048396 0.0270629 -0.0275489 -0.0468887 0.0317711 -0.0284073 -0.045448 0.0309251 -0.030116 -0.045396 0.029206 -0.0304028 -0.0465024 0.0289 -0.0315879 -0.0469027 0.0276371 -0.0267489 -0.048396 0.032404 -0.020627 -0.048396 0.03672 -0.020627 -0.046896 0.03672 0.0114544 -0.0469002 -0.0395565 -0.00194438 -0.0468108 -0.0410056 -0.0136246 -0.0466159 -0.0386936 -0.0144567 -0.0454024 -0.0384014 -0.0173877 -0.0465376 -0.0371446 -0.0192794 -0.0468745 -0.0362656 -0.0276064 -0.0468541 -0.0304129 -0.0284042 -0.0454479 -0.0296799 -0.0394337 -0.0467612 -0.0123099 -0.0407661 -0.0469039 -0.0070933 -0.0414385 -0.045413 -0.000520699 -0.0414656 -0.0455293 0.00162712 -0.0387864 -0.0454021 0.015314 -0.037154 -0.046896 0.021958 -0.03716 -0.046895 0.021953 -0.037159 -0.046896 0.021954 -0.0371567 -0.046896 0.0219551 0.0142485 -0.0468621 -0.0389081 -0.0366655 -0.0468751 0.0201702 -0.012588 -0.0459641 -0.0400998 -0.0115293 -0.0468399 -0.041349 -0.0186403 -0.0452428 0.0408032 -0.0427748 -0.0452079 0.0158518 -0.0204965 -0.0453446 -0.0424559 0.0156131 -0.0452353 -0.0429378 0.0131384 -0.0455698 -0.0400184 -0.033813 -0.046896 -0.031121 -0.0379553 -0.0453946 0.0192226 -0.032066 -0.0468433 0.0298982 -0.00137792 -0.0462377 -0.0436313 0.010821 -0.0483956 -0.0407187 0.0125033 -0.0483939 -0.0398529 0.0114889 -0.0473094 -0.0394682 0.0117789 -0.047396 -0.03872 0.012621 -0.0482629 -0.038463 0.0117789 -0.046896 -0.03872 -0.0400572 -0.0452391 0.019617 -0.0411756 -0.0453862 -0.0147287 -0.0402939 -0.0452088 -0.0154776 -0.0424855 -0.0452433 -0.0146139 -0.0397351 -0.0452512 -0.0171328 -0.0425741 -0.0463956 -0.0144747 -0.0191562 -0.0452333 -0.0401559 -0.0164791 -0.0452749 -0.0395609 -0.0177471 -0.0452081 -0.0394419 -0.014993 -0.0453523 -0.0408385 -0.017898 -0.0451819 -0.0440755 -0.0202598 -0.0452345 0.0434855 -0.0348578 -0.04691 -0.0306414 -0.0408147 -0.0440416 -0.020692 -0.0405958 -0.0436971 0.0138292 -0.038299 -0.0439737 0.0208919 -0.0196547 -0.0437298 0.0384815 -0.0161409 -0.0453535 -0.0385523 0.0146292 -0.0453905 -0.03934 0.0146069 -0.046083 -0.037778 0.0141719 -0.046618 -0.037938 0.014763 -0.045396 -0.037719 0.0124895 -0.0453961 -0.0422163 0.0124549 -0.0461787 -0.0420075 -0.0288964 -0.0468316 -0.0318277 0.00211248 -0.0468975 -0.0438895 0.013824 -0.046896 -0.038062 0.00641565 -0.0469043 -0.0406108 -0.0409411 -0.0468586 -0.0111589 -0.019837 -0.046896 0.037165 -0.02894 -0.0468133 0.0330687 -0.0212872 -0.0468968 0.0380188 -0.020035 -0.0439743 -0.0379153 -0.0191201 -0.0438915 -0.0372991 -0.0191998 -0.0437005 -0.0376166 -0.0125092 -0.0437519 -0.0403414 -0.014556 -0.0437167 -0.0453187 0.0130414 -0.0438997 -0.0406666 0.0134419 -0.0440403 -0.0398187 0.0132864 -0.043699 -0.0403211 0.0150396 -0.0437323 -0.0453155 -0.0217897 -0.0437066 0.0436357 -0.042659 -0.0440348 0.0227115 -0.0427711 -0.0437629 0.0224937 -0.0376354 -0.0440076 0.020072 -0.0379814 -0.0436974 0.0201486 -0.0390673 -0.043914 0.0168723 -0.0402854 -0.0440034 0.0136707 -0.041348 -0.0439231 0.0135474 -0.0457161 -0.0440363 0.0153317 -0.0456102 -0.0436986 0.0156795 -0.041376 -0.0440371 -0.0122974 -0.0457161 -0.0440362 -0.0140898 -0.0456165 -0.0436982 -0.0144214 -0.040376 -0.0437478 -0.0123664 -0.0383613 -0.0437202 -0.0174031 -0.0385444 -0.043705 -0.0183083 -0.042658 -0.0440377 -0.0214711 -0.0428473 -0.043699 -0.0211956 -0.0215355 -0.0436963 -0.0425103 -0.0429287 -0.0436956 0.0222455 0.00196259 -0.048396 -0.0459244 0.00761612 -0.0483996 -0.0454325 0.00758578 -0.0468958 -0.0453549 0.00174241 -0.0468944 -0.0475649 0.00182327 -0.0483342 -0.0475007 -0.027266 -0.046896 0.038178 -0.021207 -0.046896 0.0419379 -0.021207 -0.045396 0.0419379 -0.027266 -0.045396 0.038178 -0.032679 -0.045396 0.033537 -0.032679 -0.046896 0.033537 -0.03732 -0.045396 0.028123 -0.03732 -0.046896 0.028123 -0.04108 -0.045396 0.022065 -0.04108 -0.046896 0.022065 -0.044313 -0.045396 0.012828 -0.044313 -0.046896 0.012828 -0.044108 -0.046896 0.01466 -0.044313 -0.046896 -0.011586 -0.044313 -0.045396 -0.011586 -0.044108 -0.045396 -0.013418 -0.044108 -0.046896 -0.013418 -0.00687295 -0.046896 -0.045383 -0.013816 -0.046896 -0.043757 -0.013816 -0.045396 -0.043757 -0.00687295 -0.045396 -0.045383 0.00182949 -0.0468959 -0.045986 0.00170332 -0.045395 -0.0460004 0.00767494 -0.045396 -0.045331 0.014289 -0.045396 -0.043757 0.014289 -0.046896 -0.043757 0.00666107 -0.0478888 -0.0454931 0.00148696 -0.045396 -0.043911 -0.0279199 -0.046896 -0.036448 -0.0335703 -0.0462447 -0.0313786 -0.033551 -0.045396 -0.031399 -0.0279199 -0.045396 -0.036448 -0.021207 -0.045396 -0.040696 -0.021207 -0.046896 -0.040696 -0.031152 -0.0469402 -0.0268255 -0.0416223 -0.0469237 -0.0210508 -0.0377491 -0.0469046 -0.0272416 -0.0349222 -0.0473895 -0.030181 -0.0378052 -0.0473936 -0.0265064 -0.0411643 -0.0473891 -0.0209746 -0.04275 -0.045046 -0.021292 -0.0427303 -0.04789 -0.0213824 -0.0425489 -0.0475707 -0.0198724 -0.0425883 -0.0483936 -0.0210642 -0.0428604 -0.048193 -0.0205577 -0.0405008 -0.0476596 -0.0188536 -0.04002 -0.0483892 -0.0195818 -0.0416412 -0.0483642 -0.0144276 -0.0402177 -0.0482901 -0.0153957 -0.039655 -0.0483602 -0.0171683 -0.0431569 -0.0483855 -0.0143401 -0.0450718 -0.0483101 -0.0153102 -0.045482 -0.045046 0.016044 -0.0450853 -0.048314 0.0165145 -0.0423087 -0.0483766 0.0155854 -0.0397733 -0.0483467 0.0175624 -0.040285 -0.0475879 0.0198692 -0.04072 -0.0483278 0.0161814 -0.0400369 -0.0483439 0.0206286 -0.0428237 -0.0477825 0.0213338 -0.0427312 -0.0483873 0.0222782 -0.0428823 -0.0451902 0.0221151 0.0158935 -0.0475152 -0.0439408 0.0144203 -0.0483863 -0.042115 -0.0155661 -0.0453696 -0.0447527 -0.0149022 -0.0483668 -0.0450788 -0.0155036 -0.0480147 -0.0444685 -0.0139347 -0.0483922 -0.0421118 -0.0150134 -0.0476034 -0.0427959 -0.0151896 -0.0476498 -0.0406569 -0.0191827 -0.0476494 -0.0400707 -0.0198703 -0.048392 -0.0395627 -0.0151095 -0.0483686 -0.0401432 -0.0164412 -0.0483659 -0.0394907 -0.0177564 -0.0482969 -0.0393206 -0.0202613 -0.0476451 -0.0421709 -0.0211098 -0.0483602 -0.0423042 -0.0219029 -0.0443466 -0.0423175 -0.0212036 -0.0452017 0.0437773 -0.0211224 -0.0482596 0.0437611 -0.0203249 -0.0475789 0.0435064 -0.0192939 -0.0476484 0.0414167 -0.0215624 -0.0483966 0.0430866 -0.0198396 -0.0483628 0.040854 -0.045366 -0.045058 -0.0150695 -0.0431161 -0.0450459 -0.0205586 -0.0447559 -0.0454011 -0.0153065 -0.043116 -0.045046 0.021801 -0.0426511 -0.0452116 0.0211361 -0.0449882 -0.045196 0.0169893 -0.0413466 -0.0453828 0.0158272 -0.0449731 -0.045196 -0.0157799 -0.0153175 -0.0452121 -0.0434493 -0.0457083 -0.0468962 0.0153233 -0.0457083 -0.0468962 -0.0140813 -0.045855 -0.0481927 -0.013235 -0.0456491 -0.0483946 -0.0113845 -0.0457629 -0.048329 0.012828 -0.0460036 -0.0480559 0.012759 -0.045513 -0.048396 0.0128281 -0.0459973 -0.0480644 -0.0116003 -0.0458487 -0.0481928 0.0145025 -0.046013 -0.046896 -0.011586 -0.046013 -0.046896 0.012828 0.00785676 -0.048061 -0.0470892 0.0155427 -0.0483666 -0.0450546 -0.0347856 -0.0483948 -0.0320877 -0.0268959 -0.0480871 -0.0392995 -0.0398885 -0.0482564 -0.0261154 -0.0361859 -0.0480776 -0.0310076 -0.027017 -0.0483945 -0.0388234 -0.0213265 -0.04807 -0.0425478 -0.0303369 -0.0482244 -0.0366705 -0.0394949 -0.0479499 -0.0268819 -0.0338572 -0.0479909 -0.0335538 -0.0341123 -0.0480628 0.0345473 -0.0412414 -0.0483858 0.0248112 -0.0372581 -0.0481578 0.0309944 -0.0248734 -0.0481689 0.0418201 -0.0346811 -0.0483955 0.033431 -0.0392589 -0.0481576 0.0283128 -0.0293348 -0.0480138 0.0387907 -0.0413952 -0.0479328 0.0250207 -0.0304381 -0.048394 0.0374792 -0.042656 -0.046896 -0.021475 -0.0244639 -0.046896 -0.040827 -0.030183 -0.046896 -0.036831 -0.035267 -0.046896 -0.032052 -0.039608 -0.046896 -0.02659 -0.042656 -0.046896 0.022717 -0.02186 -0.046896 0.0435139 -0.039608 -0.046896 0.027832 -0.035267 -0.046896 0.033294 -0.030184 -0.046896 0.038073 -0.0244639 -0.046896 0.0420689 0.0132709 -0.045405 -0.0414503 0.00748294 -0.045396 -0.043336 0.014942 -0.046896 -0.045333 0.00789733 -0.0468981 -0.0470747 -0.0104351 -0.0481481 -0.0464503 -0.00386973 -0.0483928 -0.0471448 -0.00377623 -0.0480492 -0.0475149 -0.0144676 -0.046896 -0.045332 -0.00498199 -0.046896 -0.047346 -0.011726 -0.046896 -0.046123 -0.02186 -0.046896 -0.042272 -0.0210994 -0.0453962 0.039741 -0.0323028 -0.0453968 0.0310074 -0.0360039 -0.045396 0.026531 -0.0391046 -0.0453958 0.0213667 -0.025673 -0.045396 0.0368619 -0.0301499 -0.0453967 0.033161 -0.0398345 -0.0453896 0.0146522 -0.0403895 -0.0454017 -0.0122876 -0.0415206 -0.045395 -0.0123346 -0.0441046 -0.045396 0.0146533 -0.0423084 -0.0453961 0.00255405 -0.0423061 -0.0453961 -0.00128249 -0.0423128 -0.045396 -0.0114102 -0.041379 -0.0454276 0.0134269 -0.0423129 -0.045396 0.0126532 -0.0381752 -0.047396 -0.0179161 -0.0395033 -0.0473699 -0.0143921 -0.0297059 -0.045396 -0.0323756 -0.020523 -0.0453958 -0.0387016 -0.0299274 -0.045396 -0.0313802 -0.025673 -0.045396 -0.03562 -0.0193071 -0.046186 -0.0371639 -0.0138219 -0.0454604 -0.0394389 -0.0129461 -0.0453954 -0.0418684 -0.00706798 -0.045396 -0.043326 -0.00192034 -0.045396 -0.0438838 -0.00106235 -0.045396 -0.0433376 -0.0197988 -0.0455783 0.0387015 -0.0186599 -0.045396 0.0386889 0.00273499 -0.0478838 -0.0458685 0.00695871 -0.0466795 -0.0428918 0.0158128 -0.0452256 -0.0449176 -0.0404314 -0.0452245 -0.018624 -0.0421849 -0.0454401 -0.0196895 -0.0431807 -0.0451974 -0.0199633 -0.0428468 -0.0454201 -0.0204019 -0.0399411 -0.0453272 0.0173086 -0.0449555 -0.0453754 0.0165991 0.012748 -0.048396 -0.038423 -0.0119792 -0.0468794 -0.0393063 -0.0124108 -0.046186 -0.0418681 -0.0070343 -0.0468209 -0.0423486 -0.00703496 -0.046146 -0.043128 -0.00208572 -0.0468189 -0.0429448 -0.0296746 -0.0462645 -0.0314199 -0.0295416 -0.0461302 -0.0322697 -0.0250085 -0.0468181 -0.0349088 -0.025556 -0.046146 -0.035456 -0.0212175 -0.0468396 -0.0373412 -0.0208553 -0.0462044 -0.0383614 -0.0397541 -0.0462829 -0.0125529 -0.0416865 -0.0463071 -0.0118574 -0.0421242 -0.0461271 -0.0113496 -0.041577 -0.0466812 -0.0109502 -0.0414292 -0.0467885 -0.00150904 -0.0421154 -0.0461414 -0.00144058 -0.0421104 -0.0461432 0.00253577 -0.0413929 -0.0468114 0.00305612 -0.0421241 -0.046128 0.0125913 -0.0414975 -0.0467379 0.0122782 -0.0404003 -0.046011 0.0134658 -0.0415175 -0.0465007 0.0129568 -0.0389252 -0.0465282 0.0148724 -0.0322234 -0.0461454 0.0308125 -0.0356038 -0.0465335 0.0262979 -0.03837 -0.0464542 0.0221156 -0.037754 -0.046794 0.021822 -0.038389 -0.0464269 0.0214464 -0.0376173 -0.0459392 0.0202669 -0.0178389 -0.046173 0.03864 -0.018267 -0.046725 0.037985 -0.017883 -0.046656 0.0381719 -0.017286 -0.046173 0.0384549 -0.017819 -0.045396 0.038856 -0.017056 -0.045396 0.03856 -0.017551 -0.046466 0.038331 -0.017115 -0.045804 0.038533 -0.0183369 -0.046725 0.037949 -0.0190617 -0.0462379 0.0383228 -0.0204565 -0.0463226 0.0391499 -0.0190729 -0.046807 0.037574 -0.0210301 -0.0464995 0.0393235 -0.0254409 -0.046533 0.0364614 -0.0295416 -0.0461301 0.0335117 -0.0296742 -0.0462646 0.0326622 0.00152077 -0.04661 -0.0439101 0.013973 -0.046819 -0.038009 0.013918 -0.046869 -0.038029 0.0125394 -0.0468994 -0.0409405 0.00872142 -0.046891 -0.0422247 0.0158125 -0.0483325 -0.0402889 0.0165229 -0.0440407 -0.038643 -0.0160509 -0.0437267 0.0399442 0.0215604 -0.0436936 -0.0427078 0.0153363 -0.0477203 -0.0415814 0.0173248 -0.048315 -0.0393171 -0.0177173 -0.0483502 0.0405302 -0.016464 -0.0483148 0.0407285 0.0186965 -0.0451884 -0.0439445 -0.0182227 -0.0451884 0.0451868 0.0159269 -0.048396 -0.037258 -0.015719 -0.048396 0.039141 0.0159269 -0.045396 -0.037258 -0.016027 -0.045396 0.039886 -0.015719 -0.045396 0.039141 0.0153982 -0.0454085 -0.0413015 0.0167591 -0.0452072 -0.0396584 0.037627 -0.046896 -0.020716 0.0376325 -0.046896 -0.0207122 0.037633 -0.046896 -0.020711 0.037634 -0.046896 -0.020711 0.0376294 -0.046896 -0.0207137 0.036944 -0.046896 -0.017644 0.0130695 -0.0459451 0.0413999 0.019791 -0.045222 -0.0404209 0.0432477 -0.0452078 -0.0146093 0.0196881 -0.0452485 0.0415215 -0.0135936 -0.0468003 0.0403807 0.030359 -0.046896 0.028435 0.034286 -0.046896 0.032363 0.03015 -0.046367 0.028659 0.0369779 -0.046896 -0.017574 0.0377457 -0.0467096 -0.0174602 0.0386761 -0.0454455 -0.0173097 0.030572 -0.046663 -0.02696 0.030197 -0.0460369 -0.027367 0.0327239 -0.0461785 -0.029525 0.0311069 -0.046896 -0.02636 0.001683 -0.046137 0.041595 0.00223297 -0.046692 0.041572 0.00298697 -0.046896 0.041528 0.00255145 -0.046823 0.0441814 0.0139794 -0.0467083 0.0398916 0.013351 -0.046896 0.039467 0.014058 -0.046693 0.039221 0.014573 -0.046145 0.039032 0.014763 -0.045396 0.038961 -0.00917095 -0.048396 0.041456 -0.008618 -0.048396 0.040653 -0.00960499 -0.047396 0.040422 -0.010049 -0.048396 0.041879 -0.0114356 -0.0483952 0.0416673 -0.010768 -0.047396 0.040837 -0.011204 -0.047558 0.040715 -0.012267 -0.048396 0.040396 -0.0101178 -0.0474036 0.0409162 -0.0101236 -0.046896 0.040894 -0.010768 -0.046896 0.040837 -0.00960499 -0.046896 0.040422 0.0405304 -0.0452391 -0.018374 0.0410873 -0.0452202 0.0162756 0.0433121 -0.0452846 0.0158096 0.0403045 -0.0452307 0.0177827 0.0169523 -0.0452749 0.040804 0.018221 -0.0452081 0.040684 0.0158799 -0.0452345 0.0416076 0.0407165 -0.0441001 0.0137766 0.0168882 -0.048032 0.040802 0.0426851 -0.0480805 0.0156289 0.0186966 -0.045187 0.0451868 0.0155186 -0.0450671 0.0463572 0.0210383 -0.0479329 -0.04243 0.0348907 -0.046927 0.0313507 0.0353387 -0.0473962 0.0314534 -0.00681899 -0.0468958 0.0466394 0.0412891 -0.0440401 0.0219344 0.0410411 -0.0437013 -0.0125876 0.0406997 -0.0440302 -0.0125241 0.0203909 -0.0440612 -0.0376137 0.0198084 -0.0436991 -0.0375691 0.0133068 -0.0438416 0.0412474 -0.0142699 -0.045896 0.03971 -0.013991 -0.046339 0.039813 -0.0140319 -0.045396 0.040425 -0.014363 -0.045396 0.0396759 -0.0129219 -0.0454306 0.0410764 -0.0122058 -0.0453963 0.0434065 -0.0121367 -0.046154 0.043219 0.028184 -0.046146 0.03062 0.028331 -0.045396 0.0304829 0.027779 -0.046695 0.030992 0.027218 -0.046896 0.031491 0.0304023 -0.0462406 0.0330326 0.0294033 -0.046823 0.0330587 -0.013568 -0.046896 0.039964 -0.00578398 -0.046896 0.041733 -0.00178695 -0.046896 0.041571 -0.012537 -0.0468792 0.0409218 -0.00598395 -0.046896 0.041909 -0.00588474 -0.046896 0.041783 0.041144 -0.046896 0.00337099 0.039219 -0.046896 0.0133229 0.04049 -0.046896 0.00840699 0.0419949 -0.0467144 -0.00140612 0.041287 -0.046896 -0.010722 0.039108 -0.046896 -0.012419 0.041144 -0.046896 -0.00212897 0.0399632 -0.0468957 -0.0112115 0.040456 -0.046896 -0.00733895 0.0366737 -0.0468953 -0.0192606 0.0378873 -0.0468541 -0.0214665 0.034305 -0.046896 -0.022189 0.027218 -0.046896 -0.030249 0.018502 -0.046896 -0.036086 0.023047 -0.046896 -0.033447 0.013277 -0.046896 0.0394919 0.00819695 -0.046896 0.040841 0.0223063 -0.0437113 0.0435443 0.0202234 -0.0438689 0.0387063 0.0191598 -0.0439391 0.0387022 0.0198819 -0.0436959 0.0389671 0.0164894 -0.044036 0.0398992 0.0131425 -0.0440508 0.0422145 0.013291 -0.0437049 0.0415887 0.0149792 -0.043903 0.0465638 -0.0127315 -0.0437035 0.0418197 -0.0126911 -0.0439239 0.0412348 -0.0126332 -0.0453227 0.0422304 -0.0145521 -0.04373 0.0465625 0.0222951 -0.0438931 -0.0422901 0.0194455 -0.0440222 -0.0373299 0.0432081 -0.043712 -0.0214489 0.0384463 -0.0436984 -0.0189251 0.0381653 -0.0438874 -0.018723 0.0394993 -0.0440303 -0.015684 0.0415929 -0.043964 -0.0122075 0.0461821 -0.0438964 -0.0141115 0.046036 -0.043696 -0.0145611 0.0461747 -0.0437122 0.0154318 0.0415859 -0.044121 0.0134278 0.0410735 -0.0437024 0.0135881 0.0388136 -0.043769 0.0186422 0.039019 -0.0437051 0.0195513 0.0432076 -0.0437284 0.0226934 0.0157968 -0.0436937 0.0463374 -0.00131468 -0.0483977 0.0472248 -0.0012927 -0.0468959 0.0472316 -0.00695484 -0.0483959 0.046645 -0.00752054 -0.046895 0.0481774 -0.00738522 -0.0483853 0.0481393 -0.00139296 -0.046896 0.048844 -0.00138548 -0.0482932 0.0487664 0.027739 -0.046896 -0.036936 0.02168 -0.046896 -0.040696 0.02168 -0.045396 -0.040696 0.027739 -0.045396 -0.036936 0.033153 -0.045396 -0.032295 0.033153 -0.046896 -0.032295 0.037794 -0.045396 -0.026881 0.037794 -0.046896 -0.026881 0.041554 -0.045396 -0.020822 0.041554 -0.046896 -0.020822 0.044787 -0.045396 -0.011585 0.044787 -0.046896 -0.011585 0.0445819 -0.046896 -0.013418 0.0445819 -0.045396 -0.013418 0.044787 -0.046896 0.012828 0.044787 -0.045396 0.012828 0.0445819 -0.045396 0.01466 0.0445819 -0.046896 0.01466 0.00734597 -0.046896 0.0466249 0.014289 -0.046896 0.044999 0.014289 -0.045396 0.044999 0.00734597 -0.045396 0.0466249 -0.0012256 -0.0453945 0.0472476 -0.00720191 -0.045396 0.046573 -0.013816 -0.045396 0.044999 -0.013816 -0.046896 0.044999 -0.00102496 -0.045396 0.0451535 0.028393 -0.046896 0.03769 0.0340443 -0.0462437 0.0326207 0.034025 -0.045396 0.032641 0.028393 -0.045396 0.03769 0.02168 -0.045396 0.0419379 0.02168 -0.046896 0.0419379 0.0311069 -0.046963 0.0276019 0.030942 -0.046896 0.0277899 0.031228 -0.047146 0.027464 0.031272 -0.047396 0.0274129 0.0387858 -0.0469071 0.0277558 0.0355682 -0.0469307 0.0315435 0.0388129 -0.0473938 0.0270456 0.0418855 -0.0469335 0.0222205 0.0416212 -0.0473944 0.0222248 0.0410096 -0.0476789 0.0201682 0.043359 -0.0482392 0.0220556 0.0430505 -0.0477469 0.0211567 0.0404869 -0.0483576 0.0207007 0.0405621 -0.0481589 0.0167854 0.0429664 -0.0483954 0.0226208 0.0413599 -0.0483951 0.0149085 0.0401774 -0.048324 0.0186841 0.0450954 -0.048389 0.0159323 0.0455451 -0.0482187 0.0165807 0.044813 -0.0478782 -0.0150526 0.0458322 -0.0482918 -0.0150223 0.0456551 -0.0451983 -0.0154018 0.045616 -0.0483905 -0.0149294 0.04373 -0.0483879 -0.0141962 0.0401074 -0.0482572 -0.0168501 0.0409528 -0.0478123 -0.0188737 0.0404159 -0.0483947 -0.0151291 0.0401368 -0.048396 -0.0195455 0.0424396 -0.0483665 -0.0144127 0.0412031 -0.0480202 -0.0149929 0.0431299 -0.0479598 -0.0200097 0.0433684 -0.0480585 -0.0208691 -0.015498 -0.0479646 0.0454397 -0.0148031 -0.0475678 0.0431872 -0.015306 -0.0451803 0.0461847 0.0149626 -0.0468919 0.0466821 0.015979 -0.048019 0.0457399 0.0144484 -0.0483938 0.0433967 0.0153033 -0.0483517 0.0416809 0.0182091 -0.0479292 0.0406292 0.0176515 -0.048391 0.0401189 0.0152813 -0.0476492 0.0431947 0.0203836 -0.048396 0.0405052 0.0158445 -0.047708 0.0416145 0.019768 -0.0479299 0.0412878 0.0208569 -0.04799 0.0434788 0.0216948 -0.0483265 0.0437341 0.021338 -0.0452329 0.043863 0.0223343 -0.0468961 0.0435229 0.0222451 -0.0480462 -0.0423292 0.0437805 -0.0451918 0.0212902 0.0433824 -0.0452465 0.0220178 0.0458398 -0.0450586 0.0163118 0.0433694 -0.045161 -0.0209703 0.01938 -0.0477842 -0.0398167 0.043125 -0.0452116 -0.019894 0.0418203 -0.0453821 -0.0145846 0.0415607 -0.0452172 0.0203459 0.0405158 -0.0455815 0.019463 0.016055 -0.045298 0.0456283 0.0153471 -0.0452148 0.0429387 0.0462106 -0.0469147 -0.0140846 0.046182 -0.0468962 0.0153231 0.0463293 -0.0481926 0.0144751 0.046237 -0.048329 -0.011585 0.0464714 -0.0480661 -0.0115693 0.0464762 -0.048057 0.0128011 0.0460614 -0.0483953 0.0132324 0.046487 -0.046896 0.012828 0.046487 -0.046896 -0.011585 -0.0150988 -0.0483865 0.046202 -0.0100726 -0.048054 0.0477565 -0.0146306 -0.0480693 0.0465314 0.0320021 -0.0480814 0.0369994 0.0274817 -0.0483948 0.0400711 0.0335532 -0.0483936 0.0351148 0.0261118 -0.048013 0.0414031 0.0380621 -0.0481721 0.0305927 0.0364227 -0.0482148 0.0324811 0.0413014 -0.0480347 0.0259828 0.0390074 -0.0483936 -0.0277252 0.0316153 -0.04839 -0.0356731 0.0335795 -0.0480375 -0.0342658 0.0360127 -0.048256 -0.0316513 0.0305096 -0.0483802 -0.0368621 0.0269501 -0.0480356 -0.039583 0.0432522 -0.0483575 -0.0210996 0.0396597 -0.0478967 -0.0273463 0.04313 -0.046896 0.0227179 0.024938 -0.046896 0.0420689 0.030657 -0.046896 0.038073 0.035741 -0.046896 0.033294 0.040082 -0.046896 0.027832 0.04313 -0.046896 -0.021475 0.022333 -0.046896 -0.042272 0.040082 -0.046896 -0.02659 0.035741 -0.046896 -0.032052 0.030657 -0.046896 -0.036831 0.024938 -0.046896 -0.040827 -0.00700998 -0.045396 0.0445779 -0.0144875 -0.0468948 0.0466317 0.0109479 -0.0483846 0.0473562 0.00430576 -0.0483929 0.0483925 0.015224 -0.0483528 0.0464209 0.00295908 -0.0480578 0.0488106 0.00887769 -0.0480584 0.0480979 0.00545597 -0.046896 0.048588 0.030098 -0.045396 -0.027473 0.039578 -0.0453958 -0.0201237 0.028331 -0.045396 -0.02924 0.0326707 -0.0453976 -0.0298513 0.036477 -0.045396 -0.025289 0.0261469 -0.045396 -0.035619 0.038577 -0.045396 -0.013905 0.037619 -0.045396 -0.0162179 0.040133 -0.0453909 -0.0137731 0.041217 -0.045396 0.00187098 0.0419941 -0.045395 0.0135764 0.042787 -0.045396 -0.00148128 0.041217 -0.045396 -0.000629007 0.0427384 -0.0453967 0.00219667 0.0427868 -0.045396 0.0126544 0.0427869 -0.045396 -0.0114114 0.0386492 -0.047396 0.0191579 0.03906 -0.047396 0.0138029 0.035822 -0.047396 0.020984 0.030098 -0.045396 0.0287149 0.030098 -0.045896 0.0287149 0.0306467 -0.0453967 0.0331331 0.0261469 -0.045396 0.0368619 0.0215729 -0.0453962 0.0397414 0.03914 -0.046962 0.013564 0.039081 -0.047146 0.013739 0.017076 -0.045396 0.038003 0.0146975 -0.0454523 0.0404758 0.0183442 -0.0453899 0.0390207 0.018502 -0.046896 0.037328 0.0209141 -0.046888 0.0377968 0.0221311 -0.0468553 0.0384009 0.023047 -0.046896 0.03469 -0.00101298 -0.046136 0.0416019 -0.00101298 -0.045396 0.0416019 0.0133413 -0.0453969 0.0430731 0.00148696 -0.045396 0.0416019 0.00754195 -0.045396 0.044568 0.00172296 -0.0453971 0.0451139 0.0386051 -0.0439621 -0.019538 0.0202119 -0.0456816 0.0386375 -0.0058671 -0.047895 0.0467692 -0.00669396 -0.046145 0.0444249 -0.00625014 -0.0477658 0.0467174 -0.00226032 -0.0478847 0.047111 -0.0156883 -0.0452312 0.0458468 0.0454866 -0.0451973 0.0169168 0.0452126 -0.0454783 0.0165369 0.0430655 -0.0454784 0.0211217 0.0404151 -0.0453273 -0.0160664 0.0211334 -0.0452306 -0.0426572 -0.00640622 -0.0468726 0.0437115 0.0113717 -0.0469007 0.0419947 0.0124594 -0.0465261 0.0430239 0.00742366 -0.0465326 0.0441216 0.00182365 -0.0462383 0.0448712 0.02603 -0.046146 0.036698 0.0218198 -0.0461377 0.0393737 0.0210644 -0.0462263 0.0394172 0.0181467 -0.046464 0.0384779 0.018432 -0.046896 0.037362 0.017757 -0.046695 0.037689 0.017259 -0.046146 0.03792 0.0400835 -0.0473584 0.0152845 0.0397237 -0.0468021 0.0139373 0.0407319 -0.0459676 0.0135524 0.040169 -0.046857 0.0129213 0.0421921 -0.0464316 0.0130375 0.0418789 -0.0467996 0.0121325 0.0425841 -0.0461508 0.0124043 0.0425653 -0.0461575 0.00230019 0.0418532 -0.0468049 0.00271344 0.0412109 -0.046145 0.00207197 0.041188 -0.046695 0.00262099 0.041188 -0.046695 -0.00137896 0.0412109 -0.046146 -0.000830007 0.0421826 -0.0454003 -0.000632227 0.0425915 -0.0461347 -0.00140149 0.0425855 -0.0461475 -0.011165 0.042326 -0.0454937 -0.0124105 0.0419985 -0.0467153 -0.0111953 0.0410011 -0.0459327 -0.0122073 0.039738 -0.0463887 -0.0135162 0.039083 -0.046896 -0.012493 0.0402129 -0.0466888 -0.0120329 0.038836 -0.046695 -0.013201 0.0386479 -0.046146 -0.013717 0.0325452 -0.0468034 -0.0287418 0.036314 -0.046146 -0.025172 0.038228 -0.046794 -0.020579 0.0391873 -0.046226 -0.0204826 0.03794 -0.0463992 -0.0189875 0.037304 -0.046693 -0.0169 0.0375349 -0.046145 -0.016402 0.0181928 -0.0464441 -0.0372731 0.018432 -0.046896 -0.03612 0.017757 -0.046695 -0.036447 0.017259 -0.046145 -0.036678 0.0182705 -0.0453868 -0.0377701 0.017076 -0.045396 -0.036761 0.0199267 -0.0468523 -0.0362847 0.0202307 -0.0456871 -0.0374121 0.0212953 -0.0467935 -0.0377131 0.0217216 -0.0454198 -0.0385002 0.0254174 -0.0468543 -0.0348777 0.02603 -0.046146 -0.035456 0.030634 -0.0453968 -0.0318962 0.0294468 -0.0468149 -0.0318141 0.0304184 -0.0462543 -0.0317902 0.027779 -0.046695 -0.02975 0.028184 -0.046146 -0.029378 -0.00139195 -0.046796 0.0415879 -0.00111395 -0.04652 0.041598 -0.0013575 -0.0469188 0.0427209 -0.00102988 -0.0466626 0.0451469 -0.0121787 -0.0468864 0.0423672 -0.00879332 -0.0468923 0.0433545 -0.0136689 -0.046869 0.0399279 -0.013742 -0.046796 0.039902 -0.0137589 -0.046755 0.0398959 -0.0153742 -0.0477368 0.0415835 -0.0148198 -0.0452373 0.0431177 -0.0141703 -0.0483647 0.0435271 -0.0145701 -0.0483824 0.0418313 0.0220981 -0.0483951 -0.0420934 0.019996 -0.0483869 -0.0392131 -0.001086 -0.048396 0.041599 0.00649094 -0.048396 0.041141 0.013854 -0.048396 0.039293 0.02075 -0.048396 0.03612 0.0269419 -0.048396 0.03173 0.0322199 -0.048396 0.026274 0.036401 -0.048396 0.019938 0.039342 -0.048396 0.01294 0.040943 -0.048396 0.00551998 0.0411479 -0.048396 -0.00206799 0.039951 -0.048396 -0.00956399 0.037393 -0.048396 -0.016711 0.033561 -0.048396 -0.023263 0.028587 -0.048396 -0.028997 0.022641 -0.048396 -0.033716 -0.0162849 -0.0452072 0.0409006 0.0184686 -0.0452821 -0.0394149 -0.0442377 -0.0351959 0.0148904 -0.043907 -0.041046 0.015313 -0.044513 -0.0351959 0.012579 -0.04435 -0.041046 0.014379 -0.0430444 -0.0351959 0.0159096 -0.0411481 -0.0351959 0.0161824 -0.0411522 -0.0435821 0.0161604 -0.0430375 -0.0436744 0.0159388 -0.044513 -0.0351959 -0.011337 -0.0400861 -0.0351959 0.0186327 -0.017946 -0.0351959 0.040941 -0.0443534 -0.0351962 -0.0131049 -0.041142 -0.0351959 -0.015022 -0.017558 -0.0351959 0.041026 0.0414974 -0.0351959 0.0163758 -0.015751 -0.0351959 0.041775 -0.043959 -0.0351959 -0.0140596 -0.0429799 -0.043396 -0.014686 -0.0434847 -0.0436957 -0.0148858 -0.0415502 -0.043396 -0.0147748 -0.0415505 -0.0351959 -0.0147747 -0.0429799 -0.0351959 -0.014686 -0.0410614 -0.0436013 -0.015105 -0.040917 -0.039296 -0.015367 -0.040917 -0.0351959 -0.015367 -0.0399379 -0.0416967 -0.0177434 -0.040737 -0.0416959 -0.019943 -0.0415183 -0.0416957 -0.0192699 -0.0418078 -0.04366 -0.0199401 -0.0417371 -0.0435981 -0.0211079 -0.0416808 -0.0416916 -0.020448 -0.0423779 -0.043696 -0.02136 -0.0443082 -0.043696 -0.0171656 -0.044195 -0.043396 -0.018191 -0.04549 -0.041046 -0.014777 -0.046013 -0.041046 -0.011586 -0.0457086 -0.0434901 -0.0140856 -0.0457135 -0.0468775 -0.0140525 -0.0442991 -0.0468714 -0.0134849 -0.044513 -0.046896 -0.011337 -0.044513 -0.046896 0.012579 -0.046013 -0.041046 0.012828 -0.0443067 -0.0468716 0.0147293 -0.0457135 -0.0468775 0.0152945 -0.0457086 -0.0434901 0.0153275 -0.0446211 -0.0436686 0.0148973 -0.0442523 -0.043378 0.0147476 -0.0443082 -0.043696 0.0184075 -0.044195 -0.043396 0.019433 -0.0423779 -0.043696 0.022602 -0.041663 -0.0436943 0.0222965 -0.042646 -0.0433947 0.0227541 -0.0412398 -0.0436266 0.0203957 -0.040747 -0.0351959 0.0198297 -0.0402244 -0.0436791 0.0193511 -0.040157 -0.0351959 0.019195 -0.0400786 -0.0433958 0.0186617 -0.03282 -0.0351959 0.033678 -0.0374499 -0.0351959 0.0282839 -0.0183369 -0.0351959 0.041015 -0.027427 -0.0351959 0.038308 -0.0180829 -0.0433997 0.0409332 -0.0189448 -0.0351959 0.0415716 -0.0180762 -0.0436974 0.0413409 -0.0178988 -0.0436537 0.0452855 -0.0195418 -0.0433773 0.0420799 -0.0205813 -0.043666 0.0423025 -0.0212921 -0.0435872 0.0421271 -0.0218823 -0.0468854 0.0435111 -0.0213882 -0.040786 0.0437535 -0.0218605 -0.0435956 0.0435077 -0.0144322 -0.0433758 0.0465876 -0.0142256 -0.0437595 0.046009 -0.00708974 -0.0468929 0.0483126 -0.0278351 -0.0410458 0.0398639 -0.021386 -0.0211959 0.043755 -0.0144096 -0.021196 0.0465941 -0.00700098 -0.020696 0.0478189 -0.014258 -0.020696 0.046118 -0.00707716 -0.021196 0.048314 0.000432 -0.020696 0.0483709 0.000434 -0.0211959 0.048871 0.00793756 -0.0402905 0.0482525 0.00794095 -0.0211959 0.048252 0.00786096 -0.020696 0.047758 0.015104 -0.020696 0.045998 0.021984 -0.020696 0.043131 0.015259 -0.0211959 0.046473 0.0152415 -0.0400153 0.0464773 0.0222106 -0.0211959 0.0435767 0.028335 -0.020696 0.039229 0.028629 -0.0211959 0.039633 0.034355 -0.0211959 0.0347389 0.0343552 -0.046896 0.0347387 0.038768 -0.020696 0.028825 0.039171 -0.0211959 0.02912 0.034001 -0.020696 0.034385 0.0343828 -0.020696 -0.0328212 0.04549 -0.020696 0.0158589 0.0142536 -0.020696 -0.0450713 0.042627 -0.020696 0.0226009 0.043071 -0.0211959 0.022831 0.045987 -0.020696 0.012828 0.0430837 -0.0433966 0.0228073 0.045964 -0.0211959 0.016019 0.045964 -0.041046 0.016019 0.046487 -0.041046 0.012828 0.0461876 -0.0468775 -0.0140525 0.0447808 -0.0468715 -0.0134873 0.045006 -0.043696 -0.013593 0.044987 -0.046896 -0.011337 0.044824 -0.0351959 -0.013137 0.044987 -0.0351959 -0.011337 0.044381 -0.0351959 -0.014071 0.0435185 -0.0351959 -0.0146676 0.0435114 -0.0436744 -0.0146968 0.044373 -0.043605 -0.0141106 0.0447836 -0.043696 -0.0171622 0.0461827 -0.0434903 -0.0140857 0.044668 -0.043396 -0.018191 0.04313 -0.043396 -0.021475 0.04313 -0.0466959 -0.021475 0.043011 -0.046896 -0.021705 0.0424847 -0.0437376 -0.0212182 0.0417359 -0.0466959 -0.020898 0.043038 -0.046896 -0.021654 0.0417148 -0.0436266 -0.0191563 0.0416854 -0.0351959 -0.0191279 0.0419108 -0.0433937 -0.0201935 0.0406919 -0.0436789 -0.0180913 0.0405516 -0.0433957 -0.0174224 0.040642 -0.0351959 -0.017174 0.044987 -0.0351959 0.012579 0.0416211 -0.0351959 -0.0149409 0.040557 -0.0351959 -0.017562 0.040703 -0.0351959 -0.0181375 0.0184587 -0.0351959 -0.0396484 0.0184756 -0.0434133 -0.0396344 0.0193812 -0.0351959 -0.0402841 0.0279 -0.0351959 -0.037066 0.033294 -0.0351959 -0.032436 0.0278906 -0.0468957 -0.0370738 0.0217661 -0.0435873 -0.0408851 0.021867 -0.0351959 -0.040824 0.0209775 -0.0436573 -0.0410724 0.0205697 -0.0351959 -0.0410514 0.0199709 -0.0433824 -0.0408238 0.0185457 -0.0436965 -0.0399669 0.022218 -0.043696 -0.041994 0.0223554 -0.0468854 -0.0422694 0.0217727 -0.0468904 -0.0408846 0.028309 -0.046896 -0.038622 0.028309 -0.041046 -0.038622 0.034073 -0.0468959 -0.0337764 0.0390105 -0.046896 -0.0280957 0.033294 -0.046896 -0.032436 0.037924 -0.046896 -0.027042 0.0379176 -0.0351961 -0.0270497 0.0416449 -0.0468958 -0.0210722 0.0417275 -0.0433964 -0.020933 0.041864 -0.0351959 -0.0206798 0.034127 -0.028196 -0.033723 0.0390462 -0.0281762 -0.0280475 0.0295922 -0.0211977 -0.0376961 0.0283807 -0.0280824 -0.0385728 0.035885 -0.0211959 -0.031895 0.0334497 -0.0211944 -0.0344037 0.0283868 -0.0206964 -0.0380059 0.0216156 -0.0206972 -0.0421277 0.026738 -0.0211959 -0.0397 0.02197 -0.028196 -0.042457 0.019705 -0.0211959 -0.0435269 0.0228363 -0.0211961 -0.0420296 0.0150137 -0.0280755 -0.0453138 0.012137 -0.0211959 -0.046138 0.00770481 -0.0280517 -0.0470514 0.015651 -0.0211973 -0.0451184 0.000237 -0.028196 -0.047629 0.00803364 -0.0211961 -0.047005 0.00423998 -0.0211959 -0.047463 0.00755095 -0.041046 -0.047071 0.0149145 -0.043396 -0.0453415 0.0218764 -0.0410548 -0.042508 0.0149438 -0.0466976 -0.0453377 0.014751 -0.046896 -0.045394 0.00733886 -0.0468957 -0.0455876 0.0143489 -0.0468857 -0.0439583 0.00755095 -0.046896 -0.047071 0.014356 -0.0434038 -0.043952 0.00732499 -0.0351959 -0.045589 0.000237 -0.0351959 -0.046129 0.014248 -0.0351959 -0.04398 0.015697 -0.0351959 -0.0409796 -0.00684013 -0.0351961 -0.0455901 -0.015155 -0.0351959 -0.041178 -0.0150912 -0.0351959 -0.0426447 -0.0154787 -0.0351959 -0.0406639 -0.0154979 -0.043398 -0.040649 -0.01785 -0.0433932 -0.0396827 -0.0184164 -0.0436372 -0.0398104 -0.0195071 -0.0433897 -0.0408106 -0.0203677 -0.0436707 -0.0410721 -0.021282 -0.0466959 -0.040878 -0.0213216 -0.0433923 -0.0408666 -0.0209921 -0.0351959 -0.0410379 -0.0274337 -0.035196 -0.0370597 -0.0214563 -0.0468959 -0.0407869 -0.027426 -0.046896 -0.037066 -0.03282 -0.046896 -0.032436 -0.034518 -0.046896 -0.030646 -0.0338809 -0.046896 -0.033497 -0.028156 -0.046896 -0.038391 -0.0333349 -0.0416963 -0.0318578 -0.0344566 -0.041696 -0.0307056 -0.0350068 -0.046896 -0.030623 -0.03396 -0.0351959 -0.0303496 -0.0335783 -0.0351959 -0.0288444 -0.033802 -0.0416959 -0.030069 -0.0329238 -0.0416959 -0.029995 -0.0334189 -0.0416959 -0.030771 -0.0328996 -0.0416959 -0.0285482 -0.0324145 -0.0416959 -0.0292428 -0.032433 -0.0351959 -0.02917 -0.0327807 -0.0351959 -0.0286653 -0.0333913 -0.0351959 -0.0286278 -0.032439 -0.0351959 -0.029421 -0.0184541 -0.0351959 -0.0398307 -0.01951 -0.0351959 -0.0408069 -0.018014 -0.0351959 -0.039701 -0.017558 -0.0351959 -0.039784 -0.0329936 -0.0351959 -0.0322858 -0.0333357 -0.0351959 -0.0305229 -0.033422 -0.0351959 -0.031545 -0.0389785 -0.0351959 -0.0197271 -0.0389955 -0.041694 -0.019685 -0.0394044 -0.0416959 -0.0201887 -0.0394254 -0.0351959 -0.0201895 -0.0416867 -0.0351959 -0.0211871 -0.0388113 -0.035196 -0.0259821 -0.03881 -0.046896 -0.025986 -0.0426616 -0.0468894 -0.0214911 -0.038697 -0.046896 -0.027878 -0.042637 -0.0433958 -0.0215165 -0.0386815 -0.0398714 -0.0279062 -0.0425599 -0.0280337 -0.0216674 -0.0338258 -0.0371989 -0.0335652 -0.0281725 -0.0408892 -0.0383809 -0.0217031 -0.0411213 -0.0423595 -0.0218576 -0.0434029 -0.0422705 -0.0218846 -0.046886 -0.0422744 -0.027896 -0.0282464 -0.0385804 -0.021496 -0.028196 -0.042457 -0.033653 -0.028196 -0.033723 -0.0290893 -0.0211961 -0.0377176 -0.026264 -0.0211959 -0.0397 -0.0259899 -0.020696 -0.039282 -0.0211039 -0.021205 -0.0427213 -0.0205698 -0.0206984 -0.0424106 -0.0151877 -0.0211974 -0.0451152 -0.015328 -0.020696 -0.044521 -0.01154 -0.020696 -0.045654 -0.00771195 -0.020696 -0.046463 -0.00203216 -0.020696 -0.0471107 0.00618478 -0.0206965 -0.0468143 -0.027544 -0.020696 0.039457 -0.003766 -0.0211959 -0.047463 -0.00727409 -0.0282099 -0.0470453 -0.00760566 -0.0211969 -0.046999 3.53867e-05 -0.0391632 -0.0476309 -0.00746697 -0.041046 -0.04701 -0.0148065 -0.0410655 -0.0452261 -0.00746697 -0.046896 -0.04701 -0.0144697 -0.0434116 -0.0453271 -0.014535 -0.0281742 -0.0453137 -0.018228 -0.043396 -0.043956 -0.0142088 -0.0437351 -0.0447301 -0.018113 -0.043696 -0.043679 -0.0216317 -0.0437603 -0.0417028 -0.0151017 -0.0436602 -0.0426438 -0.0145805 -0.0433999 -0.0435 -0.0151651 -0.0436768 -0.0411968 -0.0138503 -0.0433912 -0.0439607 -0.013775 -0.0351959 -0.04398 -0.0138841 -0.0468905 -0.0439563 -0.0144522 -0.0468857 -0.0453519 -0.00685096 -0.046896 -0.045589 3.9e-05 -0.046896 -0.047629 0.000237 -0.046896 -0.046129 -0.014589 -0.0351959 -0.043486 0.000237 -0.0351959 -0.047629 -0.011663 -0.0211959 -0.046139 0.0002175 -0.0211959 -0.047629 -0.0408231 -0.020696 -0.023818 -0.021162 -0.020696 0.043308 -0.03325 -0.020696 0.034661 -0.038139 -0.020696 0.029035 -0.027835 -0.0211959 0.039864 -0.0336 -0.0211959 0.0350169 -0.0385404 -0.021196 0.0293329 -0.0425367 -0.0211956 0.0229478 -0.042094 -0.020696 0.022716 -0.045016 -0.020696 0.0158589 -0.045513 -0.020696 0.012828 -0.045513 -0.020696 -0.011586 -0.046013 -0.0211959 0.012828 -0.04549 -0.0211959 0.016019 -0.046013 -0.0211959 -0.011586 -0.043598 -0.020696 -0.018315 -0.0454879 -0.0210615 -0.0147333 -0.0440569 -0.0211959 -0.018514 -0.0424056 -0.0211962 -0.021977 -0.03857 -0.028196 -0.02805 -0.0381777 -0.0211972 -0.0286023 -0.040275 -0.0211959 -0.025587 -0.0362674 -0.0206956 -0.0302091 -0.035374 -0.0211959 -0.031936 -0.032966 -0.021196 -0.0344126 -0.0307227 -0.0206945 -0.0357698 -0.04549 -0.028196 -0.014777 -0.0454899 -0.0410466 0.0160192 -0.0385409 -0.046896 0.029332 -0.0374499 -0.046896 0.0282839 -0.0426706 -0.0468924 0.022733 -0.0411745 -0.0468959 0.0223173 -0.0412733 -0.0466969 0.0221451 -0.0374499 -0.041046 0.0282839 -0.0412535 -0.0433963 0.0221749 -0.03282 -0.046896 0.033678 -0.027427 -0.041046 0.038308 -0.027427 -0.046896 0.038308 -0.027835 -0.046896 0.039864 -0.021462 -0.046896 0.04203 -0.0335986 -0.046896 0.0350188 -0.0212871 -0.0466971 0.0421314 -0.0210638 -0.0351959 0.042248 -0.019757 -0.0351959 0.0421629 -0.041305 -0.0351959 0.020615 -0.04139 -0.0351959 0.0219218 -0.0414345 -0.0433894 0.0214399 -0.0354727 -0.0468959 -0.0303323 -0.0345353 -0.0351961 -0.0306489 -0.0353258 -0.0351959 -0.0305114 -0.0417281 -0.0468837 -0.021122 -0.0413331 -0.0351959 -0.0201282 -0.0335486 -0.0416959 -0.0287466 0.0156846 -0.0433962 -0.0409724 0.0150813 -0.0433977 -0.0434737 0.0146999 -0.0437595 -0.0447675 0.018587 -0.043696 -0.043679 0.0223316 -0.0434104 -0.042277 0.0187009 -0.043396 -0.043956 0.015076 -0.0351959 -0.043473 0.0155704 -0.0351959 -0.0426314 0.0155829 -0.0436679 -0.0426718 0.0161301 -0.0436175 -0.0405849 0.016225 -0.0351959 -0.040532 0.0404025 -0.020696 -0.0253635 0.0386551 -0.0211974 -0.0285982 0.040779 -0.0211959 -0.02554 0.0430199 -0.0281857 -0.021688 0.0428811 -0.0211969 -0.0219744 0.044553 -0.0211959 -0.018462 0.044094 -0.020696 -0.018264 0.045987 -0.020696 -0.011585 0.0459472 -0.0210601 -0.0147712 0.046487 -0.0211959 -0.011585 0.045964 -0.028196 -0.014777 0.045964 -0.0410466 -0.0147773 0.046487 -0.041046 -0.011585 0.046487 -0.0211959 0.012828 0.0430146 -0.0411446 -0.0216991 0.0416251 -0.0435821 -0.0149189 0.0448275 -0.0351962 0.014346 0.0420239 -0.0351959 0.016017 0.0434544 -0.0433959 0.0159277 0.0434543 -0.0351959 0.0159278 0.0444771 -0.0351959 0.0152458 0.0443463 -0.0433938 0.0153743 0.043959 -0.0436956 0.0161277 0.0447839 -0.043696 0.0184033 0.0447475 -0.0436576 0.014733 0.0461876 -0.0468776 0.0152945 0.0447731 -0.0468716 0.0147269 0.044987 -0.046896 0.012579 0.0461827 -0.0434903 0.0153276 0.044668 -0.043396 0.019433 0.042852 -0.043696 0.022602 0.0419219 -0.0436632 0.0213043 0.0417435 -0.0435868 0.0221487 0.0416746 -0.0433945 0.0203703 0.0419048 -0.043696 0.0201833 0.0406887 -0.0351959 0.019312 0.0418668 -0.0351959 0.0207379 0.041682 -0.0351959 0.0222509 0.0379168 -0.0351962 0.0282927 0.033294 -0.0351959 0.033678 0.0405496 -0.0351959 0.0186937 0.0182881 -0.0351959 0.0409325 0.0189271 -0.0351959 0.0410724 0.0209229 -0.0351959 0.0422929 0.021867 -0.0351959 0.042066 0.0199839 -0.0351959 0.042049 0.0217678 -0.0435863 0.0421257 0.0209097 -0.0436603 0.0423079 0.0217728 -0.0468906 0.0421268 0.0279104 -0.0351962 0.0383003 0.033294 -0.046896 0.033678 0.027901 -0.046896 0.038308 0.0286299 -0.046896 0.039632 0.0286299 -0.041046 0.039632 0.0391742 -0.0468956 0.0291161 0.037924 -0.046896 0.0282839 0.0417378 -0.0468857 0.0221647 0.0431347 -0.0468906 0.0227337 0.0222347 -0.0403389 0.0435628 0.0286285 -0.0351955 0.0396332 0.00794196 -0.046896 0.048252 0.0149259 -0.0468857 0.046594 0.0149348 -0.0435979 0.0465639 0.000435025 -0.0468955 0.048871 0.0143578 -0.0435817 0.0451941 0.014248 -0.0351959 0.045222 0.00731337 -0.0351962 0.0468322 0.0155651 -0.0351959 0.0438868 0.000237 -0.0351959 0.047371 0.015629 -0.0351959 0.04242 -0.0153699 -0.0351959 0.042038 0.0156412 -0.0436897 0.0424067 0.01588 -0.0351959 0.042 0.016225 -0.0351959 0.041775 0.0159718 -0.0434081 0.0418923 0.0183238 -0.0433932 0.0409246 0.0188635 -0.043654 0.0410519 0.0199668 -0.0436676 0.0420611 0.0187096 -0.0436566 0.045168 0.0223325 -0.0436039 0.043502 0.0223576 -0.046886 0.0435164 0.0155738 -0.0436443 0.0439185 0.0150638 -0.0436618 0.0447574 0.015063 -0.0351959 0.044728 -0.00685096 -0.0351959 0.0468309 -0.0151507 -0.0351959 0.0424412 -0.0149757 -0.0351959 0.0442816 -0.013775 -0.0351959 0.045222 -0.0138821 -0.0434041 0.0451942 -0.013875 -0.0468857 0.0452004 -0.0146078 -0.0433977 0.0447152 -0.01446 -0.0468906 0.0465875 -0.00686425 -0.0468958 0.0468296 0.000237 -0.046896 0.047371 0.00732499 -0.046896 0.0468309 0.014358 -0.0468905 0.0451982 -0.0151009 -0.0436349 0.0439211 -0.015148 -0.043396 0.0424459 -0.0154804 -0.0433972 0.0419062 -0.0155651 -0.0436974 0.0422735 -0.017558 -0.043396 0.041026 0.0405441 -0.0436006 0.0187075 0.0406918 -0.043489 0.0193044 0.0420239 -0.043396 0.016017 0.0415391 -0.0436691 0.0163372 0.0447793 -0.0433563 -0.0133858 -0.0439645 -0.0434107 -0.0140507 -0.0442736 -0.0436575 -0.0134908 -0.0400527 -0.0436586 -0.0178564 -0.036976 -0.0564376 0.00162242 -0.0368279 -0.0567803 0.0019523 -0.0363243 -0.0566064 0.00500592 -0.0355456 -0.0558032 0.00912132 -0.0355403 -0.0497656 0.00914782 -0.0365044 -0.055551 0.00194753 -0.0363577 -0.0567959 0.00806484 -0.0462195 -0.0567946 0.0124531 -0.0438025 -0.0567955 0.0195943 -0.0350847 -0.056794 0.0120811 -0.0353714 -0.0565908 0.0102737 -0.0334826 -0.0563363 0.0152561 -0.032879 -0.055544 0.016554 -0.0335135 -0.0489527 0.0151819 -0.0303438 -0.048902 0.021012 -0.0298856 -0.0484972 0.0223067 -0.0260355 -0.0487557 0.0263366 -0.0288582 -0.0488972 0.0230751 -0.0236373 -0.0487886 0.0285742 -0.0261654 -0.0484968 0.0268002 -0.0209453 -0.0526436 0.0306424 -0.0238226 -0.0565623 0.0284078 -0.0259522 -0.0564153 0.0264145 -0.0176447 -0.0564025 0.0327431 -0.0211628 -0.0565874 0.0305756 -0.01768 -0.0488672 0.0327102 -0.0201244 -0.0486998 0.0312981 0.00201681 -0.0484962 0.0485173 -0.0220039 -0.0484959 0.0305893 -0.0283442 -0.0484964 0.0391615 -0.0206191 -0.0488548 0.0441425 -0.0257917 -0.048628 0.0412412 -0.0209873 -0.0564551 0.0439538 -0.0169358 -0.0564131 0.04574 -0.0170884 -0.048854 0.0456642 -0.0133405 -0.048849 0.0469308 -0.0110112 -0.0562543 0.0475573 -0.0132074 -0.0567938 0.0467248 -0.00881288 -0.0567949 0.0477925 -0.000788686 -0.0563086 0.048866 -0.00507829 -0.056445 0.0485982 -0.00165091 -0.0566669 0.0487222 0.00282754 -0.0564349 0.0488136 0.00199058 -0.0489624 0.0488658 -0.000545193 -0.0486125 0.0487253 0.00725596 -0.0564528 0.0483612 0.00539231 -0.0487951 0.0486065 0.016303 -0.056796 0.045587 0.0296091 -0.0567953 0.0236068 0.022314 -0.056794 0.0305263 -0.0134528 -0.056796 0.0354153 0.0104868 -0.0567931 0.0363301 -0.00613507 -0.0567923 0.0372238 0.0154376 -0.0567942 0.0345504 0.0329446 -0.0564762 0.0174586 0.0338778 -0.0567953 0.0163713 0.0348664 -0.0565931 0.0131764 0.0332198 -0.055524 0.0169016 0.0332326 -0.0497657 0.0168754 0.0291468 -0.0497809 0.023384 0.02431 -0.049747 0.028389 0.0291432 -0.0554788 0.0233792 0.0306946 -0.0564857 0.0212884 0.0275016 -0.0566045 0.0253956 0.0238443 -0.0554466 0.0288524 0.018183 -0.055544 0.032691 0.0229693 -0.0564531 0.0295857 0.0191563 -0.0565693 0.0321936 0.015466 -0.0564827 0.0341127 0.016562 -0.055544 0.033546 0.0115018 -0.0563672 0.0356076 0.0116643 -0.0491678 0.0355438 0.0164534 -0.0489084 0.0336031 0.0191564 -0.0487226 0.0321935 0.018183 -0.049747 0.032691 0.0227454 -0.0486567 0.0298275 0.0232838 -0.0489178 0.0292654 0.0275017 -0.0486874 0.0253956 0.0282268 -0.0484959 0.02529 0.0167796 -0.0484965 0.0456969 0.0218872 -0.0484959 0.0310514 0.0288255 -0.0484963 0.0390961 0.000811506 -0.0484986 0.0378132 -0.0134528 -0.048496 0.0354153 0.0111272 -0.0485223 0.0474542 0.0131699 -0.0490014 0.0471115 0.0174859 -0.0490226 0.0456952 0.0207773 -0.0488502 0.0442854 0.0228765 -0.0485404 0.0430234 0.0236268 -0.0490083 0.0428265 0.0271351 -0.0564313 0.0406936 0.0310555 -0.048913 0.0377857 0.0271422 -0.0488221 0.0406824 0.0348543 -0.0562806 0.0342626 0.0374211 -0.0565432 0.0313802 0.0321927 -0.0567957 0.036334 0.0390529 -0.0564684 0.0292942 0.0368975 -0.0567939 0.0315145 0.0372496 -0.0488627 0.0316069 0.0343215 -0.0486666 0.0347653 0.0408443 -0.0484973 0.0263762 0.0399236 -0.04868 0.0280736 0.0426157 -0.0488474 0.0237168 0.0455086 -0.0488355 0.0174162 0.0452257 -0.0484974 0.0171912 0.0437659 -0.0496084 0.0214493 0.0429672 -0.0498645 0.0228836 0.0423116 -0.0501767 0.0206397 0.040835 -0.0526716 0.0266908 0.0422927 -0.0551487 0.0242861 0.0412297 -0.054099 0.0260612 0.0412021 -0.0512335 0.0261615 0.0423406 -0.0501054 0.0241769 0.0413619 -0.056613 0.0258052 0.0429823 -0.0567952 0.0223436 0.0455264 -0.0564556 0.0173715 0.046 -0.0548126 0.0159739 0.0474384 -0.0565636 0.0106898 0.0478794 -0.0488455 0.0084478 0.0479694 -0.0564727 0.00766433 0.0468027 -0.0567953 0.0126521 0.0483056 -0.0562862 0.00490545 0.048464 -0.052646 0.00213694 0.048306 -0.0490033 0.00490167 0.047966 -0.056794 0.00197906 0.0480023 -0.0564082 0.00162252 0.0373224 -0.0488414 0.00162474 0.0371461 -0.0564971 0.00164719 0.0373303 -0.0567816 0.00194421 0.036713 -0.0564663 0.00549481 0.0361175 -0.056584 0.00881286 0.0358695 -0.0555412 0.00968767 0.0358702 -0.0497516 0.00968326 0.036993 -0.0496966 0.00189322 0.037076 -0.048607 0.00182629 0.0374089 -0.0485014 0.00214447 0.0364258 -0.0484968 0.00898432 0.0367686 -0.0487898 0.00507532 0.0351128 -0.048683 0.0124574 0.0470089 -0.0487249 0.0124312 0.0469266 -0.0527928 0.0127618 0.0461856 -0.0540271 0.0143706 0.0452685 -0.0550539 0.0173106 0.045136 -0.055069 0.014627 0.04511 -0.055023 0.00862097 0.0437371 -0.0553912 0.00862097 0.042365 -0.055023 0.00862097 0.0423116 -0.0551144 0.0206414 0.04136 -0.054018 0.00862097 0.043737 -0.055496 0.020634 0.0444724 -0.0555088 0.0198804 0.0432178 -0.0555032 0.0225017 0.0431115 -0.0564733 0.0227279 0.0409915 -0.0526465 0.00862097 0.0413596 -0.0512732 0.00862097 0.042365 -0.050268 0.00862097 0.043737 -0.0499 0.00862097 0.0437397 -0.0497893 0.0210548 0.0452361 -0.0501911 0.0179709 0.04511 -0.050268 0.00862097 0.0452999 -0.0502647 0.0165039 0.0463025 -0.0514101 0.0141029 0.046115 -0.051273 0.00862097 0.046115 -0.054018 0.00862097 0.046483 -0.052646 0.00862097 0.0465522 -0.0528629 0.0128733 0.046263 -0.050742 0.0151227 0.0475665 -0.0484967 0.0081205 0.0482333 -0.0484983 0.00208359 0.0484484 -0.0485763 0.00186343 0.0483341 -0.0563275 0.00176425 0.047964 -0.0489956 0.00162094 0.0361604 -0.0488167 0.00854317 0.0334323 -0.0486977 0.0165912 0.0307442 -0.0486949 0.0212641 0.0334913 -0.0484959 0.0176816 0.0369881 -0.0556918 0.00189477 0.0365985 -0.056796 0.00897885 0.0367622 -0.0566764 0.00602214 0.0484468 -0.0566198 0.0020584 0.0295414 -0.0566351 0.0389389 0.031696 -0.0566031 0.0372064 0.0233382 -0.0567797 0.0426326 0.0157793 -0.0567326 0.0461369 0.0217356 -0.0564651 0.0438141 0.0186273 -0.0564313 0.0452487 0.0150816 -0.0564587 0.0465595 0.00977985 -0.0488654 0.0479502 0.0106091 -0.0564445 0.0477505 -0.00358334 -0.0489747 0.0487381 -0.00693051 -0.0485612 0.048151 -0.0108865 -0.0488275 0.0475698 -0.00764183 -0.0487788 0.0482379 -0.015368 -0.0484966 0.0459922 0.0236057 -0.0564505 0.0428329 0.0154366 -0.0484977 0.034551 0.0104866 -0.0484988 0.0363303 0.00937506 -0.0489273 0.0362353 0.00102609 -0.0489191 0.0373753 0.00424492 -0.0488015 0.0371645 -0.00346198 -0.048884 0.037187 0.00142097 -0.055544 0.037352 -0.00341429 -0.0564119 0.0371934 -0.00640671 -0.0488807 0.0367716 -0.00641483 -0.0564196 0.0367746 -0.0108621 -0.0563978 0.0356605 -0.0106208 -0.0488835 0.0357401 -0.0141637 -0.0489049 0.0344449 -0.0160189 -0.0485643 0.0338918 -0.0117935 -0.0486705 0.0354331 -0.00613439 -0.0484996 0.037224 -0.0115639 -0.0566437 0.0355907 -0.0170064 -0.056729 0.0333435 -0.0139273 -0.0564113 0.0345375 -0.00131937 -0.0567908 0.0377066 0.00353914 -0.0567941 0.0375982 0.0041249 -0.0564647 0.0371812 0.000299361 -0.0564787 0.0374259 0.00398099 -0.055544 0.0371799 0.00581262 -0.0565937 0.0369952 0.00904523 -0.0564038 0.036308 0.00619274 -0.0567833 0.0482412 -0.0235156 -0.0567337 0.0423736 -0.0192226 -0.0567953 0.0444113 -0.0229753 -0.0564437 0.0429184 -0.025247 -0.0564284 0.0415951 -0.0239302 -0.0489876 0.0423917 -0.0281878 -0.0564665 0.0396184 -0.0283931 -0.048676 0.0394628 -0.0312606 -0.0488404 0.0371743 -0.0312704 -0.0564421 0.037174 -0.0298927 -0.0567952 0.0379202 -0.0220039 -0.056796 0.0305893 -0.0349802 -0.0567943 0.0332835 -0.0339826 -0.0563199 0.0346454 -0.0340482 -0.048818 0.0345854 -0.0360498 -0.0484971 0.0320576 -0.0365193 -0.0488519 0.0318826 -0.0365219 -0.0562738 0.031891 -0.0383883 -0.0565674 0.0295211 -0.0407472 -0.0540911 0.0260967 -0.040836 -0.054046 0.0147615 -0.0403534 -0.0526538 0.0267087 -0.0411765 -0.0487065 0.0253719 -0.0384898 -0.0487723 0.0293964 -0.0327834 -0.0487964 0.0167613 -0.0335322 -0.048497 0.0161437 -0.0430119 -0.0484962 0.0214682 -0.0438548 -0.0488581 0.0202448 -0.0418821 -0.050095 0.0240595 -0.0433304 -0.0497875 0.0212277 -0.0448033 -0.0499672 0.0180414 -0.045685 -0.0511995 0.0144349 -0.0457594 -0.0538063 0.00862113 -0.0448668 -0.0548794 0.00869469 -0.0439378 -0.0553103 0.00871983 -0.0448178 -0.050379 0.00862597 -0.0405093 -0.0526796 0.00862248 -0.0408336 -0.051332 0.00863692 -0.0417841 -0.0503099 0.00862894 -0.0432455 -0.0498488 0.00862604 -0.0459487 -0.0518886 0.00872196 -0.041862 -0.0550719 0.014761 -0.041875 -0.0551946 0.0241463 -0.0426093 -0.0553124 0.00862545 -0.0432631 -0.0553944 0.00872873 -0.0413001 -0.0546005 0.008627 -0.0432578 -0.0555317 0.021371 -0.0458125 -0.0564818 0.0150771 -0.0468067 -0.0564316 0.0113364 -0.0463439 -0.0532873 0.0131762 -0.0460141 -0.0512343 0.0143649 -0.0463683 -0.0522492 0.0130661 -0.0460974 -0.0525495 0.0129156 -0.0457904 -0.0539714 0.0139706 -0.0448439 -0.0550244 0.0170138 -0.0453783 -0.0550429 0.0164549 -0.0455787 -0.0486907 0.0156721 -0.0466325 -0.0488159 0.0121234 -0.0465956 -0.0484963 0.0107169 -0.0476681 -0.0485026 0.00186741 -0.0477804 -0.0489986 0.00162467 -0.036982 -0.048996 0.00162094 -0.0366178 -0.0486486 0.00174973 -0.0365622 -0.0564941 0.00180699 -0.0365087 -0.0497352 0.00192171 -0.0363247 -0.0486839 0.00500646 -0.0370207 -0.0484959 0.00212164 -0.035268 -0.0488149 0.0104221 -0.0358779 -0.0484969 0.00930655 -0.0479562 -0.0567921 0.00197345 -0.047989 -0.052646 0.00213694 -0.0477622 -0.056576 0.00555288 -0.0476888 -0.0564773 0.00163787 -0.0474877 -0.0562962 0.00771907 -0.0480052 -0.0490573 0.00283605 -0.0475002 -0.0486956 0.00759499 -0.0442681 -0.056629 0.0191579 -0.0417149 -0.0564304 0.0245222 -0.0410904 -0.0567299 0.025077 -0.0301318 -0.0567959 0.0225895 -0.0274612 -0.0566014 0.0248559 -0.0289092 -0.0564207 0.0230101 -0.0302946 -0.0563808 0.0210817 -0.0328095 -0.0566142 0.0169234 -0.0307308 -0.0567246 0.0209679 -0.0447736 -0.050242 0.0172526 -0.0407536 -0.0511746 0.0261002 -0.0292726 -0.0102574 -0.190909 -0.0280379 -0.000195968 -0.196 -0.0284773 0.000171007 -0.1943 -0.027756 -0.000195968 -0.197005 -0.027756 0.00430398 -0.197005 -0.027659 0.00555098 -0.197336 -0.028489 0.00680402 -0.194258 -0.027109 0.00952199 -0.197799 -0.02886 0.00949803 -0.191033 -0.027465 0.00680498 -0.197982 -0.0294449 0.00670719 -0.189945 -0.0302889 0.00652106 -0.185221 -0.030182 0.009083 -0.183723 -0.031432 0.00814468 -0.17419 -0.0301343 0.010617 -0.174675 -0.029022 0.011457 -0.18301 -0.0311144 0.00939647 -0.164797 -0.0259308 0.0129762 -0.172033 -0.020892 0.013815 -0.171258 -0.0200019 0.014542 -0.178077 -0.024797 0.013863 -0.180638 -0.023485 0.014287 -0.187717 -0.018745 0.015005 -0.184862 -0.013919 0.01523 -0.181998 -0.0166262 0.0150373 -0.193578 -0.0117224 0.0153188 -0.19077 -0.0212261 0.0142446 -0.196338 -0.0258869 0.011854 -0.1971 -0.027681 0.011868 -0.190288 -0.0234719 0.011741 -0.203409 -0.016736 0.014095 -0.206555 -0.020964 0.011614 -0.208455 -0.022329 0.00943003 -0.208853 -0.024762 0.00948003 -0.203982 -0.022795 0.00730399 -0.208906 -0.0251639 0.00730399 -0.204105 -0.0266 0.00730399 -0.200541 -0.0270359 0.00710699 -0.199309 -0.0209669 0.00710699 -0.195802 -0.027264 0.00680402 -0.198622 -0.027402 0.00651703 -0.198184 0.00312302 0.00651723 -0.180542 0.00340297 0.00710701 -0.181716 0.002967 0.0055513 -0.179635 0.00257498 0.00730398 -0.178317 0.00228494 0.009568 -0.178542 0.0031162 -0.000195967 -0.179163 0.00295712 0.00430518 -0.179255 0.00295991 -0.000195971 -0.178085 0.00302401 -0.00546856 -0.178047 -0.0280375 -0.00769537 -0.196 0.002877 -0.00769594 -0.178133 0.00281697 -0.00909492 -0.17859 0.00290596 -0.0101959 -0.179632 0.00162801 -0.012268 -0.174701 0.00188899 -0.00518891 -0.170511 0.00272504 0.000988215 -0.176533 0.000881 0.00108799 -0.164232 0.00102895 -0.00515792 -0.164202 0.000417 -0.0112179 -0.166489 0.000666987 -0.0115282 -0.168397 -0.000357 -0.0136779 -0.16857 -0.00384897 -0.01641 -0.170007 -0.00470698 -0.014974 -0.163728 0.000594 -0.014404 -0.17452 -0.000968 -0.0122649 -0.162716 -0.00520599 -0.0132389 -0.157665 -0.00127697 -0.0105859 -0.157045 -0.00133896 -0.00941894 -0.153079 -0.00341398 -0.0110969 -0.15303 -8.36365e-05 -0.00852506 -0.157377 0.000192825 -0.00506665 -0.151167 -0.000704 -0.00852797 -0.153111 0.000123269 -0.0104362 -0.163319 0.000233132 -0.00635892 -0.15788 0.000112849 -0.00552356 -0.145163 0.000221245 0.00325777 -0.15025 -7.90874e-05 0.00553424 -0.145912 -0.00142497 0.00769999 -0.14286 -0.00118697 0.00766399 -0.136948 -0.006064 0.010145 -0.136718 -0.00365597 0.00926097 -0.142833 -0.00381363 0.00975691 -0.149441 -0.00620794 0.010237 -0.142798 -0.00627196 0.010591 -0.148529 -0.011614 0.011143 -0.142715 -0.011616 0.011434 -0.148797 -0.0170467 0.0113103 -0.142906 -0.0163967 0.0109371 -0.107691 -0.0224544 0.0110558 -0.142375 -0.0113226 0.0109596 -0.126008 -0.0102648 0.0107524 -0.107826 -0.00544388 0.00999507 -0.121811 -0.000706883 0.0076611 -0.128558 0.00059697 0.00548185 -0.133932 0.000338 0.00770797 -0.117086 0.00150198 0.00554599 -0.124101 0.00231099 0.00560399 -0.117112 0.00162736 0.00281996 -0.128785 0.00230324 0.00280566 -0.12274 0.000780471 0.00282509 -0.138443 0.00131523 -0.00324046 -0.131874 0.000459313 -0.00324432 -0.143925 0.000543 -0.00561092 -0.137776 -0.00056 -0.00777093 -0.137753 0.001243 -0.00552592 -0.130278 0.000243 -0.00766692 -0.13024 -0.00115918 -0.00786551 -0.145059 -0.00470171 -0.0104109 -0.145378 -0.00666398 -0.0119239 -0.151436 -0.00996399 -0.0115999 -0.144763 -0.014803 -0.0119539 -0.144781 -0.010062 -0.012549 -0.151729 -0.00977194 -0.014264 -0.158552 -0.00537294 -0.0118169 -0.152526 -0.0147764 -0.0138715 -0.156946 -0.014752 -0.012837 -0.152182 -0.0195656 -0.0120779 -0.147081 -0.024421 -0.0117359 -0.144823 -0.0196225 -0.0119975 -0.136858 -0.0249436 -0.0117303 -0.129889 -0.0300848 -0.010701 -0.130596 -0.0140307 -0.0119141 -0.129252 -0.0247062 -0.0115713 -0.109667 -0.00894521 -0.0115428 -0.131702 -0.00337253 -0.0103354 -0.127769 -0.0190894 -0.0118783 -0.119082 -0.00099765 -0.0101125 -0.111953 0.00154489 -0.00751055 -0.120172 0.00368886 -0.0073835 -0.106357 0.00257382 -0.00539477 -0.119091 0.00453465 -0.00532964 -0.106481 0.00288191 -0.00296632 -0.118067 0.00480245 -0.00306319 -0.105958 0.00426919 0.00276718 -0.108849 0.007279 0.00441146 -0.093555 0.00622675 0.00277382 -0.0991755 0.00627798 -0.00534998 -0.098005 0.00530195 -0.00736593 -0.097994 0.00244528 -0.00993505 -0.0907538 0.00624729 -0.00740522 -0.0930056 -0.00243097 -0.010992 -0.082032 -0.008744 -0.0113569 -0.082053 -0.01546 -0.0114019 -0.082075 -0.0100066 -0.0115217 -0.0959941 -0.00338873 -0.0110778 -0.0938323 -0.0233874 -0.0113402 -0.0902978 -0.0298009 -0.0105219 -0.089831 -0.0289 -0.010503 -0.082124 -0.027717 -0.010463 -0.074245 -0.021193 -0.0110979 -0.074233 -0.023849 -0.0107569 -0.066378 -0.014711 -0.011283 -0.0742209 -0.0175049 -0.0111469 -0.0665433 -0.024122 -0.0109169 -0.062585 -0.017039 -0.01128 -0.062895 -0.0106974 -0.0112392 -0.0646283 -0.00835598 -0.011248 -0.07421 -0.00247765 -0.0114 -0.0608504 -0.00968772 -0.0119857 -0.0578979 -0.00252599 -0.012164 -0.056971 -0.00699425 -0.0131386 -0.0537324 7.61439e-05 -0.0129031 -0.0543228 -0.00676017 -0.0144064 -0.0508513 -0.00107294 -0.014364 -0.051168 0.00174472 -0.0163632 -0.048764 -0.00469297 -0.016368 -0.048535 -0.00880599 -0.0177939 -0.047092 -0.00451278 -0.0180637 -0.0475792 -0.00921833 -0.0193649 -0.0467315 0.00215821 -0.017763 -0.0479451 0.00436802 -0.0201679 -0.047403 0.00584623 -0.0206955 -0.0468401 -0.00204738 -0.020696 -0.0471095 -0.015328 -0.020696 -0.04452 -0.003766 -0.020196 -0.047462 -0.045513 -0.020696 -0.011585 -0.0447191 -0.0206969 -0.0156876 -0.045513 -0.020696 0.012828 -0.0375709 -0.020696 -0.0285439 -0.0408194 -0.0206964 -0.0238229 -0.046013 -0.020196 -0.011585 -0.046013 -0.020196 0.012828 -0.046013 -0.0193959 -0.00346798 -0.046013 -0.0193959 -0.00548196 -0.043758 -0.0137589 -0.00324196 -0.0440999 -0.0138695 -0.0110041 -0.040541 -0.008515 -0.006661 -0.041308 -0.00858795 -0.014008 -0.039188 -0.0082589 0.000661459 -0.0397205 -0.00311509 -0.0100956 -0.0383978 -0.00321705 -0.00255432 -0.038115 -0.00597495 0.000621999 -0.037613 -0.00828099 0.00769597 -0.036331 -0.00604999 0.00735998 -0.0364117 -0.00332895 0.00578137 -0.036641 -0.000196001 0.00470495 -0.0366071 0.00303108 0.00484493 -0.033807 -0.000196002 0.011677 -0.0333957 -0.00319538 0.0125349 -0.033433 -0.00616598 0.0136109 -0.029487 -0.006266 0.0191539 -0.034875 -0.00850898 0.014344 -0.0296199 -0.00289033 0.0178971 -0.0246295 -0.00328264 0.0232805 -0.024437 -0.000196004 0.023402 -0.022303 0.00280398 0.025178 -0.0257171 0.00286528 0.0222383 -0.018267 -0.000196005 0.027696 -0.0172555 0.00268789 0.0282913 -0.018267 -0.00319595 0.027696 -0.011212 -0.000196005 0.0303129 -0.018878 -0.00319595 0.0273769 -0.024767 -0.00636298 0.024058 -0.019255 -0.00645 0.028013 -0.013019 -0.00652695 0.030633 -0.02596 -0.00902498 0.025508 -0.020205 -0.00927598 0.029744 -0.021515 -0.011528 0.031941 -0.013688 -0.009489 0.0326149 -0.019508 -0.013425 0.0360939 -0.0164508 -0.0117826 0.0344593 -0.0144034 -0.0136631 0.0381655 -0.020736 -0.015026 0.0387689 -0.025713 -0.0168 0.039184 -0.024519 -0.0148939 0.036704 -0.021755 -0.016864 0.041456 -0.017587 -0.01692 0.043335 -0.022201 -0.018147 0.04275 -0.0261771 -0.0183417 0.0406284 -0.030033 -0.018094 0.0376 -0.0274002 -0.0201239 0.0402927 -0.0301166 -0.018966 0.0380765 -0.0339321 -0.0201983 0.0347718 -0.0337631 -0.0189205 0.0347877 -0.036993 -0.0193959 0.031315 -0.035005 -0.020696 0.032841 -0.0382274 -0.0201992 0.0297736 -0.0375709 -0.020696 0.029787 -0.0408193 -0.0206964 0.0250659 -0.032227 -0.020696 0.035638 -0.0278893 -0.020696 0.0392667 -0.0225429 -0.020696 0.042588 -0.015328 -0.020696 0.0457629 -0.01903 -0.020696 0.044312 -0.01154 -0.020696 0.046896 -0.00771195 -0.020696 0.047705 -0.0151053 -0.0201986 0.0463806 -0.019232 -0.020196 0.044769 -0.0223564 -0.0201965 0.0432751 -0.0220348 -0.0190205 0.043388 -0.0179124 -0.0189906 0.0452787 -0.0138317 -0.0190038 0.0467326 -0.017949 -0.018167 0.044722 -0.013546 -0.018184 0.046263 -0.011663 -0.020196 0.047381 -0.00858503 -0.0190533 0.0480314 -0.00473826 -0.0187268 0.048492 -0.00901097 -0.018196 0.047371 -0.00752199 -0.020196 0.0482425 -0.00137038 -0.0202067 0.0488709 -0.00204777 -0.020696 0.0483524 0.0063581 -0.0202031 0.0485247 0.0096069 -0.0189779 0.0479545 0.012013 -0.020696 0.046896 0.00584642 -0.0206956 0.0480831 0.0178022 -0.0206973 0.0450556 0.0248388 -0.0206965 0.0415814 0.0312175 -0.020696 0.0369983 0.045987 -0.020696 -0.011585 0.046487 -0.020196 0.012828 0.045987 -0.020696 0.012828 0.046487 -0.020196 -0.011585 0.0457712 -0.0180003 0.00506744 0.045716 -0.017998 0.01384 0.0462941 -0.0187291 0.0137119 0.045865 -0.0188931 0.0161518 0.0464553 -0.019164 0.0137613 0.045964 -0.020196 0.016019 0.0451177 -0.0189926 0.0182671 0.044553 -0.020196 0.019704 0.04549 -0.020696 0.01586 0.044094 -0.020696 0.019507 0.0421676 -0.0201969 0.0245575 0.0387307 -0.0201972 0.0297359 0.0413165 -0.0206961 0.02503 0.0419727 -0.0190123 0.0248855 0.044023 -0.0189195 0.0207818 0.044387 -0.018005 0.0182919 0.0414792 -0.0180333 0.0244828 0.042693 -0.016641 0.0178519 0.0440594 -0.016684 0.013466 0.036744 -0.0148648 0.022789 0.0368533 -0.0135233 0.0164487 0.0377324 -0.0132806 0.0120307 0.033848 -0.011539 0.014882 0.030584 -0.011578 0.021293 0.0313229 -0.00926596 0.014035 0.035597 -0.011508 0.007855 0.033222 -0.00921196 0.00745696 0.031261 -0.00645697 0.00715196 0.0330959 -0.00761098 0.000621999 0.0345357 -0.00961992 0.00058121 0.0334009 -0.00772297 -0.00611699 0.035077 -0.0100559 -0.00643396 0.0367557 -0.0119698 0.00122489 0.037384 -0.012482 -0.00680298 0.033004 -0.00784695 -0.012987 0.034636 -0.010209 -0.013545 0.033135 -0.010309 -0.020506 0.036882 -0.0126229 -0.014206 0.031884 -0.00792598 -0.019794 0.029589 -0.00558394 -0.025714 0.031039 -0.00556999 -0.019189 0.030137 -0.00797396 -0.026399 0.027371 -0.00558698 -0.0321079 0.0275839 -0.00799697 -0.0327859 0.030881 -0.010366 -0.027201 0.0351517 -0.0128484 -0.0208936 0.027757 -0.010391 -0.033556 0.027995 -0.012741 -0.034474 0.024712 -0.00786995 -0.03921 0.024319 -0.0101809 -0.039836 0.023726 -0.0124079 -0.040543 0.021677 -0.00758498 -0.0457579 0.020747 -0.00973897 -0.0461489 0.018494 -0.00726395 -0.052498 0.017045 -0.00921195 -0.052518 0.019339 -0.011749 -0.046524 0.0176139 -0.013582 -0.046821 0.0146829 -0.013101 -0.049378 0.0204419 -0.014035 -0.044183 0.014856 -0.010942 -0.052418 0.013192 -0.0102169 -0.055637 0.012006 -0.012398 -0.052136 0.012042 -0.014464 -0.049091 0.00958037 -0.0109418 -0.0568109 0.0086929 -0.013366 -0.0518373 0.00563416 -0.0143289 -0.0508553 0.00486011 -0.0116208 -0.0575069 0.0051787 -0.0129014 -0.0537173 0.012113 -0.00938397 -0.059127 0.00775802 -0.00993165 -0.0625888 0.00655623 -0.00979466 -0.0654727 0.00271195 -0.0106839 -0.063108 0.00331393 -0.0111091 -0.0601968 0.000985296 -0.0106145 -0.0667404 0.00396895 -0.010205 -0.066379 0.00374198 -0.010049 -0.074189 0.00442797 -0.0101239 -0.066379 0.009866 -0.00816696 -0.0702889 0.0110555 -0.00594307 -0.0762012 0.012386 -0.00620596 -0.070291 0.0105503 -0.0084032 -0.0662334 0.00881822 -0.00782864 -0.0775125 0.00330996 -0.00998096 -0.082014 0.00979596 -0.00568895 -0.081999 0.00761263 -0.00755964 -0.085272 0.00828722 -0.00549395 -0.0887801 0.0101489 -0.0032069 -0.0829851 0.00759828 -0.00327452 -0.0932162 0.0093503 0.00284689 -0.0861333 0.009139 0.00593801 -0.082492 0.00793397 0.00803597 -0.0757559 0.00560853 0.00795497 -0.0861517 0.00045176 0.00993227 -0.0790821 -0.00137299 0.00990797 -0.089216 -0.0107145 0.0108685 -0.0616564 -0.0206318 0.0105872 -0.0750666 -0.018011 0.0107436 -0.0587392 -0.0185857 0.0108232 -0.0465321 -0.0225921 0.0106484 -0.0409496 -0.0268378 0.0104749 -0.0295478 -0.031536 0.0098349 -0.0234481 -0.0356956 0.00843683 -0.024143 -0.035939 0.00859297 -0.016864 -0.039202 0.0062797 -0.020276 -0.0389539 0.00625599 -0.013708 -0.0403284 0.00460032 -0.0212647 -0.039993 0.00475896 -0.015323 -0.0393399 0.00475496 -0.00955498 -0.0384643 0.00458602 -0.0041126 -0.0404761 0.00347568 -0.016708 -0.039798 0.00364284 -0.0106474 -0.040484 -0.000195997 -0.017549 -0.0387938 0.00328336 -0.00435655 -0.0375709 0.00374521 0.000943827 -0.034445 0.00648695 0.00596696 -0.0365698 0.00452996 0.00370662 -0.0339091 0.00815001 0.00169735 -0.0368134 0.00589961 0.000180256 -0.035009 0.008497 -0.00456196 -0.038269 0.00619799 -0.00779599 -0.035685 0.00862098 -0.010736 -0.031374 0.010265 -0.00832295 -0.031649 0.010176 -0.014667 -0.0266202 0.0113097 -0.0134625 -0.0221001 0.0111216 -0.0286551 -0.0214216 0.0121328 -0.0121991 -0.0160934 0.0127022 -0.0112708 -0.0105961 0.0130285 -0.010655 -0.015907 0.01296 -0.00407594 -0.021312 0.012324 -0.00508398 -0.02652 0.011429 -0.00647396 -0.020683 0.012279 0.00154197 -0.025883 0.011344 5.50018e-05 -0.0297069 0.00972897 0.00443995 -0.024951 0.010927 0.00658399 -0.030723 0.0101449 -0.00194198 -0.019837 0.011874 0.00816697 -0.014525 0.01253 0.00927496 -0.0167954 0.0110591 0.0165987 -0.015286 0.012941 0.00260198 -0.0103609 0.01333 -0.00339395 -0.00974798 0.013327 0.003299 -0.00907296 0.0129149 0.00998396 -0.00476199 0.0134889 -0.00299096 -0.004161 0.013492 0.00368297 0.00146097 0.013446 0.00373996 -0.003573 0.013079 0.010348 0.000872 0.013442 -0.00287997 0.00573848 0.0128536 -0.0107611 0.00645095 0.013192 -0.00325799 0.000294427 0.0130939 -0.0103981 -0.00516004 0.0131531 -0.0104136 -0.00193565 0.0118579 -0.0266386 0.00313535 0.0116751 -0.0266851 -0.000888761 0.0113045 -0.0359896 0.00421995 0.010703 -0.042543 -0.00270883 0.0109879 -0.0453492 0.00181197 0.0104707 -0.0538624 -0.01192 0.0110643 -0.0458783 -0.010814 0.0113929 -0.0363784 -0.00706361 0.0119007 -0.0268941 -0.0121483 0.0117944 -0.0273722 -0.0173894 0.0113641 -0.0309664 -0.00402742 0.0106626 -0.0646539 0.00557511 0.0100432 -0.0540174 0.00749999 0.00929601 -0.062316 0.0098349 0.00935775 -0.052967 0.0110919 0.00813199 -0.062503 0.0134593 0.00819803 -0.0537559 0.0164857 0.00618578 -0.0548406 0.0215004 0.00633208 -0.0410555 0.0187278 0.00839864 -0.0382334 0.0149546 0.00963716 -0.0365329 0.0106124 0.0104165 -0.0357815 0.0199269 0.0104072 -0.0193828 0.0150419 0.0113632 -0.0184393 0.00741324 0.0111481 -0.030039 0.0109626 0.0123997 -0.0117647 0.0167207 0.0119516 -0.00784648 0.01187 0.012721 -0.00417697 0.012424 0.012724 0.00215596 0.017542 0.0119809 0.000470002 0.017773 0.0116709 0.00654596 0.022262 0.0108769 -0.00171298 0.026496 0.009296 -0.004264 0.0215039 0.0108536 -0.00984004 0.026541 0.00912297 0.001158 0.0291532 0.00696268 0.00361938 0.026024 0.00872797 0.00649196 0.03006 0.00687695 -0.00192398 0.031403 0.00517797 -0.00334895 0.029958 0.0069593 -0.00925216 0.0258015 0.00927577 -0.0121861 0.0312523 0.00518304 -0.0104267 0.0319374 0.0036857 -0.00468986 0.031601 0.00385659 -0.0115198 0.0306365 0.00384353 -0.0185071 0.030257 0.00508297 -0.018118 0.029161 0.00500596 -0.023425 0.027872 0.00671 -0.022666 0.028974 0.006836 -0.017199 0.0241171 0.00893762 -0.0215887 0.026243 0.00657696 -0.028074 0.0273897 0.00491552 -0.0291573 0.0234285 0.00474381 -0.0396496 0.0277914 0.00367264 -0.029538 0.0291278 0.00357124 -0.0255481 0.0298005 -0.00312419 -0.0228882 0.0315937 -0.00311254 -0.0110718 0.0308445 -0.00308233 -0.0172522 0.0319038 -0.00310007 -0.0048807 0.031605 -0.00319594 0.000621999 0.0320189 -0.00542694 0.000621999 0.032325 -0.00547695 -0.005835 0.032432 -0.00641096 0.000621999 0.0319469 -0.005539 -0.012513 0.0276498 -0.00318335 -0.0299801 0.0259179 0.00322849 -0.0346269 0.0235504 -0.00313484 -0.0406941 0.024806 -0.00551795 -0.038624 0.022057 -0.00536995 -0.04535 0.0212147 0.00274755 -0.0466412 0.0186587 -0.00345788 -0.0533377 0.019168 -0.00522094 -0.0523699 0.016628 -0.00485199 -0.0593049 0.015874 -0.00649898 -0.059335 0.014595 -0.00316639 -0.0663512 0.0148601 0.00281449 -0.0653747 0.013416 0.00455601 -0.069316 0.0123343 0.00281033 -0.0745857 0.0108583 0.00449 -0.0790417 0.0102869 -0.00444965 -0.0819287 0.0124872 -0.00368702 -0.0739593 0.0125008 -0.00469443 -0.0730494 0.0144041 -0.00454168 -0.0663496 0.013772 -0.00576698 -0.066379 0.014366 -0.00804995 -0.059275 0.013264 -0.00640397 -0.066379 0.012655 -0.00698494 -0.066378 0.011528 0.00602814 -0.0728021 0.0141759 0.00611199 -0.062747 0.00948495 0.00808598 -0.069098 0.002379 0.00997497 -0.068949 0.0165296 0.00462438 -0.0582913 0.019149 0.00468797 -0.050756 0.0172611 0.00273911 -0.0573359 0.030087 -0.000196001 0.00800097 0.0302731 -0.00317507 0.00742305 0.029274 -0.00650799 0.013367 0.0279891 -0.00319506 0.0139631 0.02341 -0.000196003 0.0214069 0.0274704 0.0011216 0.0150255 0.025579 -0.00319594 0.018385 0.026423 -0.00650996 0.018914 0.0225789 -0.006517 0.023847 0.0225059 -0.00318806 0.022556 0.017872 -0.000196004 0.0264839 0.017872 -0.00319595 0.0264839 0.017746 -0.00653899 0.027784 0.017196 -0.00319595 0.026921 0.012183 -0.00657398 0.030494 0.011107 -0.000196005 0.029762 0.0115182 -0.00319388 0.0296532 0.00607395 -0.00319595 0.031027 0.00626296 -0.00661397 0.032052 0.00020682 -0.00960441 0.034746 0.000237 -0.00656295 0.032546 0.00669396 -0.00952197 0.034155 0.00727296 -0.011924 0.036676 0.0130309 -0.00944698 0.032439 0.018975 -0.00937295 0.029486 0.014142 -0.011835 0.034773 0.0205499 -0.011737 0.031539 0.019047 -0.013638 0.0357669 0.0135985 -0.0137032 0.0380552 0.0159657 -0.0169063 0.0439362 0.00924302 -0.0167637 0.0454303 0.00610507 -0.0138021 0.0397982 0.0039118 -0.0158085 0.0442015 0.00453608 -0.0179665 0.04782 0.00429644 -0.0169964 0.0464699 0.00296777 -0.0173052 0.0430394 0.00411737 -0.0173979 0.0471108 5.0018e-05 -0.0176197 0.0475891 -0.000965311 -0.0173667 0.0418945 -0.00363808 -0.0153812 0.0433548 -0.0028073 -0.0155849 0.0431371 -0.00255497 -0.0170817 0.0430086 -0.00336802 -0.0173926 0.0461712 -0.00120713 -0.0146783 0.0418342 0.00107553 -0.0149429 0.0416263 0.00301541 -0.0151748 0.0428064 -0.00247346 -0.0138434 0.04017 0.00094398 -0.0143873 0.0412989 0.000237 -0.012119 0.037501 -0.00679594 -0.00961799 0.034265 -0.00736766 -0.0120599 0.0370052 -0.00644797 -0.00656999 0.032109 -0.006311 -0.00319595 0.031254 -0.0121384 -0.00319669 0.0301117 -0.00377697 -0.00319595 0.0315069 -0.00377697 -0.000196005 0.0315069 0.00145241 -0.00320818 0.0315754 0.00375199 -0.000196005 0.0313589 0.00861299 0.00280398 0.030489 0.00257392 0.00272531 0.0315502 0.00461894 0.00519496 0.030737 0.00863194 0.00513195 0.029983 0.0030574 0.00722061 0.0294796 -0.00265199 0.00985097 0.025232 0.00502998 0.00970399 0.025018 -0.00322896 0.00726699 0.029508 -0.010241 0.00972497 0.024226 -0.011032 0.00717395 0.028327 -0.00741994 0.00522494 0.030564 -0.00123777 0.00522467 0.0311268 -0.00360054 0.00280257 0.0315263 -0.007505 0.00280398 0.0310799 -0.0113354 0.00280403 0.0302866 -0.011309 0.00518494 0.02976 -0.017431 0.00508264 0.0276554 -0.0184359 0.00688499 0.025636 -0.021873 0.00664699 0.023576 -0.022192 0.00488495 0.024763 -0.017524 0.00930899 0.021933 -0.00935697 0.011244 0.019644 -0.0224324 0.00881781 0.019238 -0.0249669 0.006347 0.021098 -0.0234699 0.0100168 0.0138615 -0.0289199 0.00771071 0.0139541 -0.0293544 0.00580155 0.0167664 -0.0287118 0.00415406 0.0188177 -0.0310185 0.0037493 0.0160531 -0.0333573 0.00356212 0.0124546 -0.0351874 0.00330431 0.0088239 -0.032987 0.00507897 0.011953 -0.032514 0.00659495 0.0102749 -0.035013 0.00500755 0.00770311 -0.025269 0.00471496 0.022156 -0.0292021 0.00855169 0.0106795 -0.032398 0.00754195 0.007774 -0.00194299 0.0117346 0.0191914 -0.00858723 0.0119695 0.0165792 -0.013684 0.011615 0.015876 0.00240989 0.0121261 0.0167231 0.00196195 0.013035 0.01035 0.00743896 0.012801 0.009749 0.00536996 0.011184 0.020282 0.00755095 0.011892 0.016153 0.012589 0.0106609 0.018981 0.012749 0.012364 0.00847596 0.013745 0.0115019 0.0140221 0.019308 0.00972795 0.016243 0.0250506 0.00855281 0.0104764 0.016202 0.00891798 0.02195 0.02263 0.00789696 0.017526 0.019565 0.00846797 0.020005 0.019795 0.00636994 0.0233729 0.022909 0.00599098 0.020463 0.0256847 0.00368455 0.0181956 0.02554 0.00553995 0.017096 0.0231103 0.0040283 0.0216446 0.019876 0.00474494 0.0245489 0.019904 0.00280398 0.0249619 0.017872 0.00280398 0.0264839 0.016393 0.00280398 0.027404 0.016377 0.00491094 0.02695 0.012579 0.00503897 0.028744 0.0109134 0.0069912 0.0279859 0.016332 0.00666797 0.025655 0.0111752 0.00939008 0.0238765 0.0121046 0.00279648 0.0294432 0.025273 0.00721198 0.014657 0.0278492 0.00470322 0.0134745 0.0276274 0.00683605 0.0101509 0.0294473 0.00382897 0.0100118 0.0293306 0.00615314 0.00641466 0.0316184 0.00312279 0.000616181 0.0307768 0.0035657 0.00527903 0.0308701 0.00512403 0.00185251 0.0224739 0.0105794 0.00443993 0.0198286 0.0105342 0.0113976 0.00702596 0.013196 0.00325197 -0.00938572 -0.01386 0.039594 -0.0150635 -0.0151628 0.0410571 -0.0112145 -0.0169833 0.045388 -0.00385805 -0.0173804 0.0470847 0.00120603 -0.0173804 0.0418358 0.00951499 -0.018169 0.047326 0.0143196 -0.0183428 0.0463396 0.0142148 -0.0201955 0.0468628 0.0163089 -0.0192225 0.0461558 0.0216784 -0.0202035 0.043905 0.018909 -0.0186482 0.0450158 0.0254163 -0.0190017 0.0417929 0.0248481 -0.0180803 0.0414421 0.0148815 -0.0150847 0.0406615 0.0224736 -0.0151144 0.0374446 0.0239591 -0.0135576 0.0328173 0.0296024 -0.0134614 0.0276708 0.027589 -0.0151049 0.033933 0.026124 -0.011647 0.026967 0.028277 -0.00928199 0.019974 0.024147 -0.00931698 0.025251 0.0340532 -0.0133875 0.0214197 0.0319828 -0.0149602 0.0295475 0.0345388 -0.0167563 0.0314281 0.0302258 -0.0173033 0.0365817 0.0310806 -0.0189269 0.0377111 0.0345803 -0.0201975 0.0345984 0.0346803 -0.018581 0.0342528 0.0367525 -0.0206973 0.0314374 0.0378431 -0.0189379 0.0308545 0.03729 -0.018067 0.030541 0.0397901 -0.0166815 0.0240629 0.0284742 -0.0202046 0.0398128 0.0242174 -0.0168355 0.0399966 0.00186874 -0.0190142 0.0488812 -0.0405673 -0.00351435 -0.0181008 -0.041088 -0.00869995 -0.021346 -0.0405918 -0.00271277 -0.0249786 -0.040582 -0.00613194 -0.028357 -0.04003 -0.00321614 -0.0372899 -0.040344 -0.00879299 -0.028781 -0.0402 -0.00610899 -0.0358 -0.039983 -0.014179 -0.0259179 -0.039671 -0.00876694 -0.036221 -0.038781 -0.014062 -0.029659 -0.035694 -0.0188214 -0.0317787 -0.0389257 -0.0194977 -0.0275857 -0.036582 -0.0136599 -0.036983 -0.0312957 -0.0169309 -0.0379363 -0.0353759 -0.013197 -0.0405689 -0.029988 -0.015998 -0.040454 -0.038896 -0.00833099 -0.0437789 -0.038748 -0.00694271 -0.0525865 -0.039737 -0.00588899 -0.043484 -0.0346503 -0.0123175 -0.0446375 -0.035601 -0.010305 -0.051468 -0.031402 -0.011912 -0.051362 -0.0297909 -0.0131799 -0.0479738 -0.024684 -0.0132329 -0.0500849 -0.03173 -0.011574 -0.05244 -0.024526 -0.012166 -0.054334 -0.0165214 -0.0120066 -0.0571606 -0.0174816 -0.0145217 -0.0487982 -0.0190275 -0.0165293 -0.0451279 -0.0106464 -0.0164287 -0.0476476 -0.0174282 -0.0132354 -0.0521671 -0.0129318 -0.0179503 -0.0460794 -0.0191466 -0.0179027 -0.0439909 -0.0152407 -0.0201456 -0.0450697 -0.0193959 -0.0203199 -0.0433972 -0.0225429 -0.020696 -0.041344 -0.022315 -0.0201996 -0.0420508 -0.0254991 -0.0201669 -0.0401756 -0.0213625 -0.0193959 -0.0425225 -0.0247738 -0.018171 -0.0409563 -0.0286396 -0.0182953 -0.0383534 -0.0280844 -0.0201676 -0.0384127 -0.0278795 -0.0206959 -0.0380306 -0.0322037 -0.018608 -0.035238 -0.0322249 -0.0201864 -0.0351264 -0.0353626 -0.0201515 -0.0319105 -0.035005 -0.020696 -0.031598 -0.032227 -0.020696 -0.034395 -0.0390342 -0.0201906 -0.0275146 -0.0416062 -0.0201903 -0.0234644 -0.0432475 -0.0192877 -0.0203151 -0.0440569 -0.020196 -0.018513 -0.0451569 -0.0193959 -0.015734 -0.042777 -0.014063 -0.018694 -0.043816 -0.0139969 -0.014839 -0.0456335 -0.0200007 -0.0147174 -0.046013 -0.0193959 -0.011692 -0.046013 -0.0193959 -0.00755698 -0.0414939 -0.014124 -0.022412 -0.0270427 -0.0167736 -0.0410421 -0.0285132 -0.0147498 -0.0441447 -0.00982054 -0.0206979 -0.0460895 -0.00897196 -0.0201881 -0.0467833 -0.0247289 -0.0113286 -0.0588058 -0.0275719 -0.0102996 -0.0663686 -0.0326821 -0.0092551 -0.0662047 -0.035628 -0.00942295 -0.055675 -0.0320586 -0.00972315 -0.0622849 -0.034933 -0.00850098 -0.063314 -0.035975 -0.00921797 -0.05567 -0.0369473 -0.00718212 -0.0636235 -0.0389259 -0.00490566 -0.0591247 -0.0378544 -0.00760227 -0.0558258 -0.0392232 -0.00462712 -0.0559706 -0.038421 -0.00442194 -0.066379 -0.0388128 -0.00320144 -0.0619928 -0.0384855 0.00277264 -0.0685158 -0.0384821 0.00374318 -0.0665489 -0.0387101 0.00458531 -0.0559101 -0.0392707 0.00376524 -0.0501862 -0.0399811 0.00315359 -0.0383014 -0.039855 -0.00455498 -0.043328 -0.04067 0.00327127 -0.0227818 -0.04037 0.00385195 -0.027519 -0.0400458 0.00468132 -0.027261 -0.0312058 0.00941584 -0.0367461 -0.0351771 0.00814965 -0.0382499 -0.0384703 0.00608518 -0.0378688 -0.031113 0.00927997 -0.046242 -0.034916 0.00808496 -0.047447 -0.034726 0.00806859 -0.0563896 -0.0378771 0.00605211 -0.0524996 -0.0311147 0.00922932 -0.0544189 -0.0272384 0.00994958 -0.0545857 -0.027518 0.00994999 -0.070552 -0.0310709 0.00924898 -0.064757 -0.0344055 0.00810453 -0.0712069 -0.0374939 0.00602861 -0.0633301 -0.0370872 0.00599319 -0.0748459 -0.0382591 0.00449545 -0.0666864 -0.0278201 0.0099549 -0.0863529 -0.0342678 0.00807566 -0.0808407 -0.0218912 0.010647 -0.0978465 -0.0144806 0.0107884 -0.086617 -0.00893295 0.010673 -0.096185 -0.028328 0.00998499 -0.108292 -0.0281941 0.00995438 -0.099266 -0.0339449 0.00788151 -0.104552 -0.033742 0.00778897 -0.113843 -0.0357958 0.00565938 -0.110304 -0.0349881 0.00549865 -0.126978 -0.0368074 0.00278407 -0.103762 -0.0358448 -0.00316166 -0.121443 -0.0361669 -0.00549799 -0.113539 -0.035485 -0.00787394 -0.104785 -0.0351709 -0.00781566 -0.114423 -0.0334162 -0.00952937 -0.108082 -0.030402 -0.010552 -0.097494 -0.033245 -0.00955598 -0.097443 -0.0307732 -0.0106081 -0.110016 -0.032996 -0.00955097 -0.120025 -0.030536 -0.0106659 -0.120253 -0.035292 -0.00553993 -0.127497 -0.0340344 -0.00787767 -0.131753 -0.0345813 -0.00315395 -0.141204 -0.033387 -0.00788597 -0.140352 -0.03404 -0.00563196 -0.144873 -0.0336197 -0.0036358 -0.154176 -0.0337026 0.00309473 -0.153088 -0.0335593 -0.00593659 -0.151234 -0.0328339 -0.00796895 -0.147595 -0.03099 -0.00982693 -0.149375 -0.02914 -0.0107239 -0.144846 -0.0313213 -0.0096143 -0.14484 -0.0324401 -0.00957347 -0.12961 -0.0287388 -0.011103 -0.151389 -0.0304992 -0.0106019 -0.156028 -0.0321116 -0.00896318 -0.156941 -0.029835 -0.0120889 -0.163586 -0.0280781 -0.012503 -0.159817 -0.0236863 -0.0134666 -0.158504 -0.0192475 -0.013157 -0.154666 -0.0242076 -0.0121264 -0.150778 -0.0133887 -0.0168603 -0.168669 -0.00913 -0.0160579 -0.165132 -0.0179435 -0.0161443 -0.16718 -0.027344 -0.014192 -0.16747 -0.0225364 -0.0159911 -0.169404 -0.0215927 -0.0174639 -0.176759 -0.0171782 -0.0176779 -0.174523 -0.0264977 -0.0158234 -0.174977 -0.0300964 -0.0132199 -0.177153 -0.031022 -0.011437 -0.168851 -0.0316385 -0.00990266 -0.172686 -0.0305107 -0.0117207 -0.181852 -0.031895 -0.00747746 -0.172781 -0.0314756 0.00574932 -0.176546 -0.0326 -0.00319591 -0.165728 -0.032866 -0.00524196 -0.162861 -0.0328071 -0.00727649 -0.160469 -0.032846 -0.00528696 -0.163078 -0.032856 -0.00526497 -0.162971 -0.03282 -0.00534794 -0.163368 -0.032852 -0.00527296 -0.163011 -0.0328529 -0.00527093 -0.163 -0.0328529 -0.00526992 -0.162998 -0.0328529 -0.00526992 -0.162997 -0.0328529 -0.00527093 -0.163002 -0.0328529 -0.00526992 -0.162998 -0.032852 -0.00527194 -0.163008 -0.0328529 -0.00526992 -0.162999 -0.0333855 0.00564929 -0.152641 -0.0273299 0.0109149 -0.155527 -0.0319961 0.00812366 -0.153483 -0.0276149 0.010416 -0.149775 -0.0279379 0.0101574 -0.141006 -0.0324592 0.00771209 -0.145693 -0.034077 0.00543102 -0.142254 -0.0330239 0.00767001 -0.134751 -0.028296 0.01007 -0.128224 -0.0347606 0.00279839 -0.138595 -0.0358134 0.00279849 -0.121944 -0.0352159 -0.00319763 -0.13161 -0.033453 0.00770702 -0.123896 -0.0283899 0.0100152 -0.117822 -0.0226105 0.010792 -0.115344 -0.022373 0.011274 -0.149422 -0.017015 0.011543 -0.149095 -0.016823 0.012236 -0.155679 -0.0115279 0.012168 -0.154878 -0.011291 0.01306 -0.161031 -0.0221759 0.0120683 -0.157548 -0.015704 0.013873 -0.167943 -0.015104 0.014737 -0.175574 -0.0102557 0.0145272 -0.1715 -0.00524837 0.0138926 -0.169655 -0.00186598 0.013646 -0.175036 -0.00416651 0.0145723 -0.176618 -0.00885962 0.0152306 -0.179678 -0.000841 0.014447 -0.18832 0.000970256 0.0135877 -0.186418 -0.00374223 0.0152158 -0.195667 0.00254399 0.0142876 -0.196392 0.000191 0.015409 -0.203253 -0.00731295 0.015418 -0.200896 -0.00425798 0.015696 -0.206713 -0.0120209 0.015088 -0.203951 -0.00900596 0.015295 -0.209626 -0.0137809 0.014092 -0.21187 -0.010368 0.014118 -0.216993 -0.018042 0.01148 -0.213201 -0.014678 0.01133 -0.217601 -0.0134035 0.00923606 -0.220415 -0.0128249 0.011215 -0.219641 -0.0161192 0.00915738 -0.217662 -0.0196679 0.00916818 -0.213275 -0.016853 0.00730399 -0.217259 -0.02003 0.00730399 -0.2133 0.0102641 0.00730411 -0.199262 -0.013345 0.00730399 -0.220807 -0.0120349 0.00730399 -0.221955 -0.00894296 0.00730399 -0.224256 -0.00943798 0.00981799 -0.223331 -0.00522 0.00730399 -0.226252 -0.00806628 0.00793263 -0.224814 -0.00161099 0.009684 -0.226804 0.00393599 0.01204 -0.225257 0.00474995 0.00937102 -0.226385 0.012935 0.00730399 -0.220311 0.00477397 0.00730399 -0.226662 0.00942695 0.00730399 -0.224216 -0.00055688 0.00730384 -0.227369 0.00968099 0.010121 -0.223382 0.00900698 0.01269 -0.221753 0.013309 0.009289 -0.219091 0.01292 0.011553 -0.217091 0.014999 0.00877199 -0.212032 0.00739294 0.014358 -0.219657 0.011494 0.013228 -0.215 0.00945616 0.0143607 -0.213101 0.013953 0.010589 -0.209836 0.014126 0.00881902 -0.207463 0.015014 0.00730362 -0.209746 0.0121885 0.0121002 -0.208095 0.012527 0.011245 -0.206849 0.00729895 0.014309 -0.20514 0.00962698 0.011581 -0.201079 0.003703 0.015659 -0.209122 0.00899094 0.01412 -0.208094 0.00556999 0.015528 -0.212094 0.010655 0.013665 -0.211116 0.00747193 0.0151064 -0.214849 0.00299361 0.0156224 -0.218017 0.00125295 0.015982 -0.215444 -0.00355697 0.015479 -0.217938 -0.00242945 0.0150839 -0.220343 -0.00480396 0.012897 -0.223469 -0.00710549 0.0138037 -0.220903 -0.0103979 0.0113818 -0.221707 -0.00839564 0.0130039 -0.221322 -0.0118169 0.0111371 -0.220634 -0.0126697 0.0092227 -0.221029 -0.00845098 0.01397 -0.219404 -0.00550395 0.015584 -0.215229 -0.000689 0.016071 -0.212548 -0.00313997 0.011599 -0.225409 0.00232697 0.013821 -0.223392 0.005346 0.015322 -0.217499 0.0003986 0.0148925 -0.221154 0.00689196 0.01169 -0.195576 0.0100459 0.00939402 -0.199604 0.0132621 0.0093794 -0.205824 0.00751495 0.00944802 -0.194254 0.0137121 0.00730399 -0.205835 0.00542019 0.00936763 -0.18893 0.00779447 0.0073046 -0.194006 -0.00698848 0.00730398 -0.189206 0.00561752 0.00730399 -0.188691 0.0037592 0.00730542 -0.183028 0.00375513 0.00944151 -0.183965 0.00216994 0.01196 -0.183079 0.004614 0.011791 -0.19024 0.000105 0.011963 -0.173931 0.000848496 0.00927216 -0.170801 -0.00282525 0.0130216 -0.169001 -0.00358695 0.011392 -0.159192 -0.00608396 0.012336 -0.159765 -0.00624698 0.011395 -0.154147 -0.00127878 0.0105266 -0.163028 -0.00158736 0.00816393 -0.149503 -0.000179746 0.00671601 -0.155335 0.000336735 0.00671924 -0.1627 0.000241348 0.00416576 -0.15823 0.000420938 0.0082715 -0.165856 0.00164333 0.00726704 -0.173621 0.0150789 0.00730326 -0.214715 -0.0325859 0.00444453 -0.16594 -0.0297598 0.000573968 -0.188408 -0.0308798 -0.00906354 -0.181253 -0.0290145 -0.0126244 -0.190527 -0.0272803 -0.0149088 -0.192883 -0.027635 -0.012676 -0.196104 -0.02642 -0.012689 -0.199891 -0.025262 -0.0148769 -0.199303 -0.026756 -0.0112539 -0.199939 -0.0272578 -0.0109439 -0.198545 0.00316379 -0.0109487 -0.180973 -0.027687 -0.010196 -0.197313 -0.0279369 -0.00909544 -0.196365 0.00353199 -0.0112509 -0.182378 -0.0197598 -0.0112639 -0.19942 -0.024044 -0.0112679 -0.206344 -0.026729 -0.0112579 -0.200016 -0.0230359 -0.0112692 -0.208322 -0.02565 -0.0112639 -0.202824 -0.023649 -0.012725 -0.206289 -0.022346 -0.0148719 -0.205869 -0.020306 -0.0127759 -0.212137 -0.0204268 -0.011264 -0.212686 -0.0171946 -0.0112539 -0.216805 0.00787393 -0.0112541 -0.204361 0.0129947 -0.0112593 -0.204588 0.00979607 -0.011257 -0.198517 0.0129329 -0.01246 -0.205019 0.00971097 -0.0124459 -0.198738 0.00946098 -0.014444 -0.199881 0.006513 -0.0143979 -0.193661 0.00693399 -0.0124139 -0.192678 0.00392699 -0.0143489 -0.187151 0.00701176 -0.0112696 -0.192399 0.00453395 -0.012389 -0.186331 0.00290987 -0.0121058 -0.18045 0.00203496 -0.0143689 -0.180933 0.00468422 -0.0112669 -0.186167 -0.000846 -0.017021 -0.183207 -0.00261396 -0.017102 -0.176376 -0.00663596 -0.018254 -0.178745 -0.008093 -0.0175439 -0.171928 -0.0124789 -0.017904 -0.174035 -0.016138 -0.0184149 -0.180057 -0.025622 -0.016797 -0.180872 -0.020535 -0.0181809 -0.182556 -0.024853 -0.0172569 -0.185062 -0.028516 -0.0146469 -0.187266 -0.029272 -0.0141689 -0.182943 -0.0197593 -0.0183769 -0.187452 -0.023767 -0.017485 -0.189882 -0.021492 -0.0174259 -0.197092 -0.0100587 -0.0187736 -0.198801 -0.018473 -0.0174169 -0.203967 -0.0133201 -0.0185034 -0.203418 -0.00153158 -0.0194073 -0.206488 -0.00481451 -0.019439 -0.20901 0.00128597 -0.0184989 -0.199934 -0.00612281 -0.0187014 -0.195458 -0.00138988 -0.0182433 -0.194222 0.00139695 -0.0169789 -0.189801 -0.00458497 -0.0182109 -0.185947 -0.0107589 -0.018636 -0.181329 -0.0152223 -0.0186686 -0.184086 0.00438994 -0.0171039 -0.196683 0.00773996 -0.017191 -0.203228 0.011987 -0.0157269 -0.208445 0.011235 -0.0165919 -0.210088 0.01264 -0.0142719 -0.206427 0.012455 -0.0154069 -0.208765 0.01285 -0.0132239 -0.205484 0.0145335 -0.0112568 -0.208036 0.014437 -0.0134379 -0.210891 0.012091 -0.0160679 -0.215934 0.00579095 -0.0185539 -0.217934 0.013221 -0.013677 -0.218446 0.00812697 -0.0171849 -0.220514 0.00955295 -0.0146299 -0.222814 0.00317097 -0.0166429 -0.224126 0.00468194 -0.0139539 -0.225983 -0.00222397 -0.0144519 -0.226024 -0.00421298 -0.016191 -0.223842 -0.000773606 -0.0112532 -0.2274 -0.00446609 -0.0112516 -0.226521 0.0151192 -0.0112524 -0.213709 0.004933 -0.011253 -0.22658 0.0102411 -0.011255 -0.223663 0.0130229 -0.0112559 -0.22013 0.014915 -0.011257 -0.215163 -0.0109507 -0.0112495 -0.22277 -0.015961 -0.0128906 -0.217692 -0.0124917 -0.0129005 -0.221119 -0.0142388 -0.0112502 -0.219916 -0.010734 -0.0148634 -0.221288 -0.00868723 -0.0160687 -0.221583 -0.00888497 -0.0131239 -0.223747 -0.00732098 -0.0112495 -0.225186 -0.00698209 -0.0167767 -0.22165 -0.00420989 -0.0178705 -0.221058 0.00187905 -0.0190813 -0.218285 0.00398813 -0.0189941 -0.217156 -0.00176454 -0.0190612 -0.21817 -0.00338414 -0.0191541 -0.217374 -0.00543575 -0.0192806 -0.214721 -0.0103709 -0.0176652 -0.216959 -0.00658258 -0.0172759 -0.221026 -0.00495899 -0.0181959 -0.215378 -0.00576299 -0.0181959 -0.212377 -0.010512 -0.0187869 -0.208477 -0.014826 -0.017559 -0.210636 -0.00495797 -0.0181959 -0.209377 0.000237 -0.0181959 -0.206378 0.00423732 -0.0190522 -0.20762 0.00623697 -0.0181959 -0.212378 0.00543416 -0.018196 -0.209384 0.00360968 -0.0181945 -0.207321 0.00323695 -0.0181959 -0.217575 0.000117895 -0.0193272 -0.206224 -0.00276095 -0.0181959 -0.207181 0.000237 -0.0181959 -0.218378 -0.00316758 -0.0181946 -0.217411 0.00543455 -0.0181963 -0.215366 0.00980896 -0.0176034 -0.213552 0.00618102 -0.0188771 -0.210567 0.00589489 -0.0188848 -0.214715 0.000758072 -0.0182299 -0.221391 -0.00575888 -0.0193677 -0.211609 -0.0146813 -0.0149261 -0.217443 -0.0188349 -0.0149049 -0.211996 -0.0352999 -0.00811694 -0.0898279 -0.035513 -0.00796394 -0.0974 -0.036973 -0.00585197 -0.089827 -0.036655 -0.00556184 -0.103076 -0.0376206 -0.00319764 -0.0863521 -0.037007 -0.00614397 -0.082154 -0.036971 -0.00654195 -0.074259 -0.034838 -0.00834196 -0.082147 -0.0376109 -0.00494054 -0.0810882 -0.0380816 -0.0054049 -0.066267 -0.0384452 -0.00307365 -0.0691188 -0.037257 0.00450059 -0.0890672 -0.0365774 0.00593131 -0.0890548 -0.0373036 0.00288333 -0.092938 -0.0340704 0.00798541 -0.0940974 -0.0362778 0.00579956 -0.0982787 -0.0372175 -0.00321477 -0.095386 -0.0366897 -0.00712681 -0.0664888 -0.034158 -0.00863795 -0.074255 -0.00399313 0.00991308 -0.106106 0.00153593 0.00777974 -0.107258 -0.00255495 0.00990398 -0.096284 0.00351596 0.00786497 -0.096329 -0.00708015 0.0106362 -0.0825492 0.00643396 0.00584097 -0.093972 0.00373936 0.00569615 -0.107166 0.00441602 0.00431555 -0.106868 0.00300033 0.00381157 -0.117079 -0.023255 0.0104114 -0.0576246 -0.0269745 0.0101049 -0.041619 -0.039261 0.00462098 -0.043757 -0.0320637 -0.0107816 -0.0560346 -0.00220197 -0.010921 -0.074199 -0.00501914 -0.0110952 -0.0676704 0.00846308 -0.0163912 -0.0480272 0.013174 -0.017869 -0.046143 0.00876695 -0.0178339 -0.04715 0.00820564 -0.0201947 -0.0469152 0.0125104 -0.020164 -0.0459943 0.0136348 -0.020696 -0.0452556 0.0170751 -0.0201783 -0.0446443 0.0210433 -0.0206948 -0.0424089 0.0225253 -0.0201823 -0.0421861 0.0269676 -0.0200558 -0.0396035 0.0218888 -0.0176768 -0.0426631 0.0231094 -0.0169534 -0.0417195 0.0298094 -0.0187782 -0.0374318 0.025978 -0.0171069 -0.039487 0.0259161 -0.0150678 -0.0383937 0.023193 -0.014523 -0.04134 0.032538 -0.017069 -0.033808 0.030361 -0.0149556 -0.0337362 0.0320866 -0.012848 -0.0279713 0.035632 -0.014938 -0.025937 0.035428 -0.017039 -0.030539 0.0382894 -0.017259 -0.0270989 0.0406084 -0.0173157 -0.0235251 0.0425104 -0.0172963 -0.019737 0.043521 -0.016906 -0.015775 0.0450238 -0.0182852 -0.0162128 0.0435534 -0.0189387 -0.0205033 0.0458241 -0.0193565 -0.0152908 0.041771 -0.0189224 -0.0238174 0.0437643 -0.020196 -0.0203126 0.0451966 -0.0206969 -0.0156789 0.0413104 -0.0206961 -0.0237975 0.045964 -0.020196 -0.014776 0.0464845 -0.0193958 -0.0122152 0.046487 -0.019399 0.000605639 0.0463213 -0.0187352 -0.00114914 0.0441747 -0.0167401 -2.36438e-05 0.0383601 -0.0134791 0.00743332 0.0384715 -0.0134562 0.00406744 0.0399173 -0.0142607 -0.00237802 0.0406657 -0.0147946 -0.0110193 0.0443753 -0.0169085 -0.0118368 0.0456782 -0.0179382 -0.0120611 0.0462194 -0.0186011 -0.0121921 0.0394671 -0.0146923 -0.0162671 0.0327009 -0.020696 -0.034395 0.036756 -0.0206973 -0.0301908 0.029697 -0.020696 -0.036957 0.026463 -0.020696 -0.039281 0.0334492 -0.0201996 -0.0343992 0.0334485 -0.0186996 -0.0342949 0.0376513 -0.0201923 -0.0299038 0.0365516 -0.0185925 -0.0309646 0.040779 -0.020196 -0.02554 0.0391316 -0.0188934 -0.0278195 0.0295951 -0.0201987 -0.0376903 0.019164 -0.015888 -0.044604 0.0154853 -0.0152659 -0.0469258 0.0180823 -0.0181711 -0.0443718 -0.0417 -0.0202073 0.0245289 -0.0424192 -0.0193917 0.0231944 -0.039543 -0.018005 0.027224 -0.039451 -0.0193547 0.0280937 -0.0419829 -0.017983 0.023192 -0.044015 -0.017965 0.018938 -0.041163 -0.016437 0.022612 -0.038758 -0.016499 0.0265109 -0.0359819 -0.01657 0.03015 -0.0358877 -0.0143257 0.0264836 -0.0312511 -0.0145809 0.0315141 -0.0339534 -0.0125635 0.0247775 -0.027598 -0.011143 0.027379 -0.0247988 -0.0113803 0.0298186 -0.0280729 -0.014749 0.034259 -0.0230909 -0.013247 0.034211 -0.0328619 -0.016648 0.0334999 -0.029433 -0.016727 0.0365209 -0.033534 -0.0180629 0.0344649 -0.036718 -0.018032 0.030993 -0.0308559 -0.00875998 0.020271 -0.0318255 -0.0108426 0.022977 -0.037208 -0.012264 0.019991 -0.034924 -0.010559 0.0186239 -0.039144 -0.012098 0.0164339 -0.036836 -0.010388 0.015326 -0.040688 -0.011959 0.01266 -0.038414 -0.010239 0.011835 -0.0409925 -0.0114178 0.00750196 -0.0433466 -0.0139282 0.00811462 -0.0417246 -0.0114137 0.00226399 -0.0401814 -0.00963126 0.00146294 -0.0436513 -0.0138203 0.000653411 -0.045104 -0.016371 0.000621997 -0.0450041 -0.0164457 0.00931094 -0.0460134 -0.0194414 0.00641684 -0.0459685 -0.0193887 0.0139509 -0.045721 -0.017971 0.00981599 -0.045542 -0.017955 0.014455 -0.044697 -0.016346 0.014142 -0.042825 -0.013953 0.013448 -0.043173 -0.016384 0.018492 -0.041299 -0.014046 0.017517 -0.0393299 -0.014163 0.021357 -0.045576 -0.0200299 0.0160888 -0.0442589 -0.0200384 0.0194549 -0.045016 -0.020696 0.01586 -0.043598 -0.020696 0.0195579 -2.99745e-05 -0.0201845 -0.0475683 0.00102455 -0.00997251 -0.0998587 -0.00520393 -0.0105091 -0.144504</float_array>
                    <technique_common>
                        <accessor count="3814" source="#shape0-lib-positions-array" stride="3">
                            <param name="X" type="float"/>
                            <param name="Y" type="float"/>
                            <param name="Z" type="float"/>
                        </accessor>
                    </technique_common>
                </source>
                <source id="shape0-lib-normals" name="normal">
                    <float_array id="shape0-lib-normals-array" count="22467">0.000217571 -0.000671967 1 -0.786764 -0.00183847 0.617251 -0.754208 0.00126526 0.656634 -0.794758 0.00472133 0.606908 -0.993492 0.0495073 0.102582 -0.961296 0.238976 0.137114 -0.946962 0.000448644 0.321346 -0.93239 0.191265 0.306703 -0.947394 0.00205185 0.320063 -0.935964 -0.156252 0.315526 -0.932613 0.0586025 0.356088 -0.763794 -0.45863 0.454177 1.23093e-05 -1 -8.54953e-05 7.83739e-05 -1 -0.000107712 8.18243e-05 -1 -4.09158e-06 -0.62682 -0.692604 0.356925 -0.554919 -0.755617 0.348006 -0.814901 -0.000352349 0.5796 -0.856476 -0.105602 0.505269 -0.8712 0.00371396 0.490914 -0.867065 -0.002193 0.49819 -0.75379 -0.000683497 0.657115 -0.682685 -0.000562512 0.730712 -0.75528 0.000661572 0.655402 -0.474151 -0.683422 0.555081 5.97878e-05 -1 -0.00012922 0.000113818 -1 8.86103e-05 0.224368 -0.948043 -0.225553 0.698262 -0.446631 -0.55942 0.719872 -0.431345 -0.543807 0.781086 0.00102667 -0.624423 0.822631 -0.00201451 -0.568572 0.834145 -0.0203568 -0.551169 0.800597 0.0323629 -0.598328 0.710542 -0.409225 -0.572421 0.810969 0.0396332 -0.583745 0.826243 -0.0136425 -0.563149 0.883703 -0.00673809 -0.467999 0.965793 -0.259177 -0.00847164 0.966467 0.256651 -0.0084667 0.930398 -0.13789 -0.339625 0.672789 -0.722143 0.160823 0.89332 -0.30691 -0.328308 0.880674 0.0147183 -0.473494 0.904124 0.0249811 -0.426538 0.90817 0.041308 -0.416559 0.910724 0.0268551 -0.412142 0.532271 0.809798 -0.246809 0.322099 0.939148 -0.119387 -4.64078e-05 1 -3.59914e-05 -0.591607 0.773795 0.226368 -0.848138 0.0452223 0.527841 -0.860414 0.237046 0.451107 -0.685249 0.612303 0.394359 -0.589141 0.702108 0.399948 -0.606462 0.00435097 0.795101 -0.681548 -0.00117841 0.731772 -0.524718 0.00353499 0.851269 -0.615783 -0.00172366 0.787914 -0.533448 -0.00180431 0.845831 -0.363975 -0.0172469 0.931249 -0.363805 -0.0190641 0.93128 -0.439529 0.00099237 0.898228 -0.433882 -0.00234876 0.900967 -0.338864 0.00457024 0.940824 -0.313593 -0.0145561 0.949446 -0.188211 0.0739101 0.979344 -0.251019 -0.00468898 0.967971 -0.134481 -0.00152033 0.990915 -0.138887 0.000207948 0.990308 -0.00331366 -0.746644 0.665216 -0.0362574 -0.000819749 0.999342 -0.0268566 0.00526381 0.999625 0.068386 -0.000227818 0.997659 0.0736728 -0.00214272 0.99728 0.17522 0.000257665 0.984529 0.173576 -0.000856925 0.98482 0.27386 0.00107212 0.961769 0.15227 0.473522 0.86752 0.289837 -0.00486803 0.957064 0.375556 0.000311912 0.9268 0.374869 -0.000225275 0.927078 0.136154 -0.550442 0.823696 0.00984622 -0.896118 0.443707 -0.000178153 -1 -5.58427e-05 0.00010108 -1 4.57491e-05 0.000240674 -1 -6.14568e-05 0.000207153 -1 -3.63397e-05 -0.000237129 -1 0.000692821 0.000104564 -1 -0.000491253 -0.0597566 -0.980591 -0.186735 -0.12687 -0.933069 -0.336579 -4.09752e-06 -1 1.98849e-05 -0.00278877 -0.999938 -0.010735 0.454833 -0.839342 0.297711 0.813089 -0.309496 0.493051 0.000224455 -1 4.57776e-05 0.907088 0.0167111 0.42061 0.946086 -0.0907776 0.310934 0.914564 -0.226023 0.335389 0.938856 -0.000160654 0.344311 0.93868 0.000512757 0.344788 0.486454 -0.871494 0.0621312 0.993417 -0.0529733 0.101574 0.71202 -0.017393 0.701944 0.622769 0.037691 0.781497 0.980614 0.0101001 0.195691 0.955082 0.272845 0.115648 0.961424 -0.0662434 0.266976 0.557252 0.815538 0.156101 0.851856 0.426571 0.303939 0.237821 0.968272 0.0767532 0.472552 0.855272 0.212613 0.912567 0.235645 0.334206 0.9087 -0.0638243 0.412541 0.833067 0.0374178 0.551906 0.831975 0.0586709 0.551702 0.74977 0.0931798 0.655104 0.84638 0.00182497 0.532576 0.820134 0.206465 0.533622 0.84743 -0.000538976 0.530907 0.832445 -0.101938 0.54465 0.829307 -0.189591 0.525648 0.300823 -0.920858 0.248046 0.739575 -0.00343196 0.673065 0.710903 -0.170146 0.682398 0.662932 0.0112632 0.748595 0.658785 -0.0712946 0.748945 0.394326 -0.819058 0.416715 0.601822 -0.0237241 0.798278 0.541791 -0.109728 0.83332 0.551368 -0.166554 0.817467 0.288287 -0.796894 0.530896 0.194894 -0.940357 0.278827 0.401282 -0.601757 0.690552 0.463075 -0.00812592 0.886282 0.292483 -0.722632 0.626304 0.163804 -0.608282 0.776634 0.301946 -0.450677 0.840071 0.20036 -0.942413 0.267794 0.561204 0.00194135 0.827675 0.466056 -0.000315057 0.884755 0.562714 0.00410678 0.826641 0.463252 0.000647506 0.886226 0.542817 0.121848 0.830965 0.305986 0.566687 0.765009 0.185369 0.710801 0.678528 0.137294 0.56204 0.815636 0.000256075 1 0.000102876 0.000323293 1 9.1708e-05 0.334678 0.712747 0.616427 0.229892 0.912534 0.338277 0.389188 0.808593 0.44126 -1.75818e-05 1 -1.86897e-05 0.569909 -0.552207 0.608499 0.346439 0.859224 0.376448 0.741656 0.189073 0.643582 0.703305 0.294344 0.647089 0.681305 -0.0293642 0.73141 0.716271 -0.00187925 0.69782 0.223421 0.950127 0.21758 0.315967 0.929017 0.192596 -9.09348e-05 1 -5.57274e-05 -8.55194e-05 1 -5.72006e-05 0.29959 0.936333 0.183104 -0.0146482 0.999605 -0.0239979 -0.000113257 1 -5.74643e-05 -0.58873 0.466128 -0.660395 -0.611009 0.481063 -0.628687 -0.654202 -0.00118175 -0.756319 -0.646117 0.00318223 -0.763231 -0.505324 -0.642657 -0.575882 -0.649015 -0.444542 -0.617383 -0.444381 -0.776162 -0.447324 -0.707105 -0.000700646 -0.707109 -0.710312 0.00176839 -0.703885 -0.640251 -0.458303 -0.616472 -0.759704 -0.000392435 -0.650269 -0.795528 0.0490918 -0.603925 -0.808607 -0.000249238 -0.588349 -0.763241 0.0014145 -0.646112 -0.808351 0.0003574 -0.588701 -0.789966 -0.0410615 -0.611775 -0.622542 0.641861 -0.447724 -0.730765 0.507952 -0.456034 -0.000167701 1 -2.75487e-05 -0.472314 0.847055 -0.243759 -0.870207 -0.0185612 -0.492337 -0.848523 0.0294831 -0.528337 -0.837175 0.00330993 -0.546925 -0.852663 -0.0282769 -0.521696 -0.581809 -0.70598 -0.403843 -0.285316 -0.932819 -0.220099 -0.084519 -0.993369 -0.0779448 -0.0713526 -0.995441 -0.0633005 -7.5851e-05 -1 -2.73894e-05 -0.407223 -0.758461 -0.508829 -0.445494 -0.65314 -0.612326 -0.316992 -0.805632 -0.500473 -0.43288 -0.490433 -0.756367 -0.510379 0.00208904 -0.859947 -0.451744 0.454008 -0.767987 -0.292199 0.720113 -0.62933 -0.435981 -0.00168025 -0.899954 -0.420215 0.00536597 -0.907409 -0.410617 -0.432827 -0.80253 -0.388414 -0.00316148 -0.92148 -0.318309 -0.00126849 -0.947986 -0.237413 0.657704 -0.714885 -0.267606 0.47512 -0.838241 -0.0348338 0.988174 -0.149328 -0.234099 0.202332 -0.950926 -0.27193 0.00992136 -0.962266 -0.144824 -0.7352 -0.662199 -0.330505 0.00743713 -0.943775 -0.14128 -0.646854 -0.749413 -0.0853506 -0.692323 -0.716522 -0.0668786 -0.756725 -0.650303 -0.0230689 -0.655008 -0.75527 -0.00669841 -0.706506 -0.707676 -0.0289584 -0.00571072 -0.999564 0.011111 0.0054923 -0.999923 0.0292155 -0.000511141 -0.999573 0.046631 -0.361239 -0.931307 0.0829135 -0.372742 -0.924223 0.0857173 -0.392337 -0.915819 0.0893432 -0.692941 -0.715438 0.105165 -0.693153 -0.713077 0.111181 -0.887482 -0.44723 0.0938823 -0.936653 -0.337442 0.000232851 -1 -0.000231766 0.266115 -0.636315 -0.724076 0.322411 0.00137533 -0.946599 0.32436 0.000317453 -0.945934 0.235005 0.770903 -0.592015 0.243719 0.663794 -0.707091 0.116723 0.96026 -0.253528 3.13973e-05 1 -6.42002e-05 -0.254122 0.904469 0.342576 0.00035872 1 -0.00038005 -0.000367437 1 0.000105724 -5.31733e-05 1 -9.14945e-05 -0.524496 0.129633 0.841486 -0.22389 0.886995 0.403873 -0.232247 0.877369 0.419863 2.39114e-05 1 -4.42077e-05 -0.26648 0.774747 0.573372 -0.252343 0.856588 0.45009 3.50357e-06 1 -2.91809e-05 -0.118982 0.88957 0.441031 -0.191149 0.367412 0.910204 8.74809e-06 1 -4.52838e-05 -0.189364 0.383609 0.903872 0.0268847 0.994552 0.100711 -0.140068 0.348054 0.926952 -0.0154369 0.689818 0.723818 -0.00732317 0.988697 0.149749 0.0597981 0.247994 0.966914 -0.00018603 1 0.000432157 0.149201 0.281306 0.947948 0.0650779 0.334034 0.940312 -0.456885 0.726769 0.512897 9.0129e-05 1 0.000157122 0.261022 0.933529 -0.245746 0.230289 0.949966 -0.211024 -4.16471e-05 1 -4.49338e-05 -1.91114e-05 1 0.000107538 7.86533e-06 1 2.76926e-05 0.81938 -0.0108075 -0.573149 0.853612 0.00175158 -0.520907 0.866699 0.0532867 -0.495977 0.489595 0.818445 -0.300741 0.364726 0.906342 -0.213352 0.690558 0.514957 -0.507887 0.607288 0.659226 -0.44342 0.73422 0.00104844 -0.67891 0.741913 0.00761775 -0.670453 0.707099 -0.00570075 -0.707092 0.660976 0.00492893 -0.750391 0.64554 -0.00445094 -0.763714 0.288058 -0.815016 -0.502764 0.524074 -0.00186085 -0.851671 0.571915 -0.00290611 -0.820307 0.535465 0.00131768 -0.844556 0.243232 0.911859 -0.330684 0.28386 0.897068 -0.338662 0.489425 0.00440515 -0.872034 0.462928 -0.00376022 -0.886388 0.393065 -0.464714 -0.793436 0.390799 -0.00315118 -0.920471 0.413236 0.00757582 -0.910593 0.376569 -0.376152 -0.846585 0.199989 0.908191 -0.367686 0.344571 0.792623 -0.503011 0.374061 0.825792 -0.422074 0.59328 0.00572402 -0.804976 0.350359 -0.733344 -0.582628 0.453997 -0.579471 -0.676831 -0.000214187 -1 -0.000165169 7.8846e-05 -1 8.39645e-05 0.430881 -0.745275 -0.508829 -0.479589 -0.672425 0.563772 -0.380197 -0.699208 0.605441 -0.473878 -0.680789 0.558539 -0.448282 -0.292697 0.844613 -0.000422599 -1 0.000557723 -0.213475 -0.91032 0.354607 -0.153921 -0.921134 0.357521 -0.224363 -0.732677 0.642531 -0.0943875 -0.890522 0.445041 -0.0632154 -0.316066 0.946629 -0.0635062 -0.551848 0.831523 -0.00882542 -0.874291 0.485323 -0.109817 -0.909624 0.400655 -0.250399 -0.0054206 0.968127 1.59309e-05 -1 2.0441e-06 -0.400483 -0.462395 0.791078 0.223879 -0.948298 -0.224966 0.779839 0.00182282 -0.625977 6.77672e-06 1 4.18285e-05 -0.750631 0.507421 0.423175 -0.629451 0.571297 0.526698 -0.521555 0.713484 0.46789 -0.474786 0.694607 0.540462 -0.00155217 0.919873 -0.392214 -0.00141865 0.999946 -0.0103054 -0.0207876 0.765525 -0.643071 -0.0633789 0.624409 -0.778522 -0.151642 0.420817 -0.894381 -0.108554 0.675519 -0.729308 -0.0842606 -0.0118305 -0.996374 -0.147051 -0.0123929 -0.989051 -0.180708 0.0120656 -0.983463 -0.119378 0.0129801 -0.992764 0.0916349 0.768444 -0.633321 0.0905324 0.766135 -0.636271 0.102656 0.72642 -0.679541 0.0908392 8.54658e-05 -0.995866 0.085559 0.00184255 -0.996331 0.140799 0.000296527 -0.990038 0.205516 0.469903 -0.85846 0.193197 0.736482 -0.648281 0.197848 0.462588 -0.864216 0.252659 -0.00706884 -0.967529 0.177204 0.00711761 -0.984148 0.243735 -0.00234294 -0.969839 0.133694 0.0304239 -0.990556 0.204227 -0.025507 -0.978591 5.75028e-05 -1 -8.58384e-05 0.0115766 -0.976169 -0.216701 -0.240692 -0.0114138 -0.970534 -0.273702 0.753467 -0.597808 -0.360414 -0.552283 -0.751722 -0.334238 0.818908 -0.466556 -0.586609 0.00169608 -0.809868 -0.595012 -0.00319081 -0.80371 -0.515252 -0.00138846 -0.857038 -0.306178 0.854646 -0.419326 -0.000119096 -1 -5.82542e-06 -0.530399 -0.801329 -0.276673 -0.694791 -0.646213 -0.315712 -0.617607 -0.75108 -0.233323 -0.639126 -0.757112 -0.135277 -0.334373 -0.936204 -0.108243 -0.962447 0.00801746 -0.271353 -0.947347 -0.0142365 -0.319893 -0.122185 0.942946 -0.309716 -0.458301 0.837314 -0.298104 0.246982 0.966582 0.0686877 -0.245838 0.965443 -0.0865019 -0.708177 0.705987 -0.00828986 -0.732605 0.680419 -0.017878 -0.419134 0.907871 0.00979919 -0.259057 0.965825 -0.00847992 -0.707082 0.707081 -0.00847645 -0.258491 0.965977 -0.00840926 0.263061 0.964736 -0.00907798 0.25639 0.966542 -0.00784395 0.702045 0.71156 -0.0285622 0.705979 0.70818 -0.00859823 0.707074 0.707082 -0.00901906 -4.86267e-07 2.80334e-07 -1 -1.25053e-07 7.20932e-08 -1 0.259297 0.96576 -0.00856306 1.51849e-07 1.5185e-07 -1 0.763717 0.645552 0 0.782212 0.622956 -0.00834926 -1.29842e-07 3.04355e-07 -1 -1.84876e-07 2.14303e-07 -1 0.983912 -0.178652 0 0.988676 -0.149833 -0.00833018 0.965729 0.25884 -0.0192104 0.965738 -0.259035 -0.0158389 0 0 -1 0.707082 -0.70709 -0.00774112 0.967025 -0.254074 -0.0175909 0 0 -1 0.273134 0.754959 -0.596183 -0.122044 0.687718 -0.715647 -0.473012 0.775274 -0.418581 0.963763 0.266236 -0.0166882 -0.977383 -0.00519942 -0.211414 -0.975574 0.004862 -0.219618 -0.608051 0.77331 -0.179629 -0.614657 0.767404 -0.182452 -2.69701e-05 1 0.00023237 0.00011556 1 7.97344e-05 -0.404618 0.913069 -0.0508801 -0.694088 0.709714 -0.120615 -0.755853 0.636442 -0.153714 -0.992421 -0.0404817 -0.116027 -0.995942 0.00430794 -0.0898967 -0.98579 -0.00632068 -0.167866 -3.71529e-05 -1 0.000130193 -0.371925 -0.927079 -0.0468697 -6.02007e-05 -1 0.00017446 -0.630589 -0.765492 -0.127984 -0.50667 -0.45171 0.734332 -0.483539 0.00182833 0.875321 0.000892829 -0.000214437 1 -0.00337064 -0.697789 0.716295 -0.00183072 -0.672414 0.740173 0.00233916 -0.999972 0.00714279 0.55394 -0.830395 0.059951 0.325522 -0.714397 0.619413 0.00127173 -0.000757873 0.999999 0.00169129 0.718107 0.695931 -0.593159 0.804239 -0.0369 -0.99886 0.0134908 -0.0457885 -0.999947 0.00984065 0.00292632 -0.430217 -0.00313375 0.90272 -0.995975 0.00383236 -0.0895471 -0.00787708 0.532573 0.846347 -0.051793 0.51903 0.853186 0.817487 0.56381 0.117612 0.849148 0.512875 0.126123 0.747981 0.662763 -0.0356237 -0.828302 -0.55842 -0.0456299 0.647272 -0.746728 0.153091 0.763669 -0.621708 0.174037 1.44089e-05 1 -7.96356e-05 -0.000195786 1 0.000132027 -0.765079 0.559266 -0.319179 -0.60078 0.744885 -0.29019 -0.925701 -0.00225354 -0.37825 0.216131 -0.976186 -0.0186471 -0.891097 -0.158657 -0.425176 -0.25242 -0.967569 -0.009752 -0.706452 -0.70771 -0.00848857 -0.707082 -0.707082 -0.00840298 -0.965782 -0.259217 -0.00848879 0 0 -1 -1.38134e-08 -7.22572e-08 -1 -7.06152e-07 3.05364e-07 -1 -0.762672 -0.646786 -4.94019e-15 -0.781191 -0.624236 -0.00832502 -0.988877 0.148498 -0.00835392 1.79479e-07 2.33511e-07 -1 -1.27079e-07 1.51289e-07 -1 2.31259e-08 1.32816e-07 -1 8.17338e-09 -8.38811e-09 -1 -6.67471e-08 2.70947e-07 -1 5.04417e-08 1.17046e-07 -1 0.624006 -0.781375 0.00835411 0.646604 -0.762826 0 2.50136e-07 3.32787e-07 -1 4.91173e-08 -9.38964e-09 -1 3.57854e-08 4.54233e-07 -1 -0.149536 -0.988721 0.00834607 -2.93673e-07 1.69707e-07 -1 -0.258879 -0.965868 -0.00898587 0.259047 -0.965827 -0.00856604 0.259501 -0.965704 -0.00867839 0.148649 0.988855 0.00834682 0.177467 0.984127 0 0 0 -1 -0.623787 0.78155 0.00832331 3.85481e-07 6.54285e-07 -1 -3.51751e-08 3.71378e-07 -1 -0.984151 0.177333 0 -0.646324 0.763063 0 -2.24778e-07 4.29708e-08 -1 1.20934e-07 8.04487e-07 -1 -0.178371 -0.983963 -2.26507e-15 -7.79077e-07 1.86563e-07 -1 -0.965875 -0.258871 -0.00845878 -0.966748 0.255593 -0.00834331 -0.965843 0.258983 -0.00863319 -0.909548 -0.00855343 -0.415511 -0.714246 -0.559873 -0.419995 -0.863662 -0.00921271 -0.503988 -0.866011 -0.114918 -0.486641 -0.899308 -0.162897 -0.405845 -0.89112 -0.0360769 -0.452332 0.610332 -0.791124 -0.0402085 0.579397 -0.748296 -0.323037 0.709184 -0.704971 -0.00859068 0.582521 -0.745743 -0.32332 -0.625552 -0.39872 -0.670602 -0.958462 0.0113756 -0.284993 -0.93962 -0.0389712 -0.339992 -0.962135 -0.00120154 -0.27257 -0.972563 -0.00400078 -0.232607 -0.911619 0.0175978 -0.410659 -0.944501 0.00215593 -0.328502 -9.08744e-05 -1 -5.66836e-05 0.277021 -0.952459 0.12681 0.300862 -0.947467 0.10857 -0.491822 0.736721 -0.464062 -0.26953 0.93479 -0.231347 0.414347 0.566066 0.712661 0.217368 0.766369 0.604508 0.718132 0.00135054 0.695906 0.989849 -1.27403e-06 0.142123 0.989286 0.00516039 0.1459 0.961289 -0.238617 0.137788 0.97358 -0.0117739 0.228041 0.118826 -0.788209 0.603826 -0.797709 0.0604798 0.600002 -0.737338 0.533925 0.413831 -0.925082 -0.0304079 0.378547 -0.769885 0.588631 0.246558 -0.426506 0.899332 0.0964093 -0.962725 -0.0633081 0.26297 0.360513 0.93133 -0.0515272 9.70513e-05 1 0.000221778 0.757288 0.630498 -0.170257 0.715013 0.663583 -0.220033 0.944332 0.0937788 -0.315344 0.264161 -0.964463 -0.00554429 -0.271496 -0.962377 -0.0109935 0.704905 -0.709242 -0.00920813 0.71754 -0.696501 -0.00478443 0.296569 -0.954965 -0.00938531 0.229506 -0.969637 -0.0844485 0.380655 -0.924657 -0.0105801 0.708256 -0.705905 -0.00845236 0.965857 -0.258937 -0.00845047 0.738227 -0.674456 -0.0113568 0.981367 -0.19197 0.00818494 -0.192663 -0.981251 0.00520511 -0.688631 -0.72495 -0.0153352 0.668049 -0.548312 -0.503055 0.114249 -0.933574 -0.339687 0.428821 -0.870363 -0.242033 0.953127 0.0251523 -0.301523 -0.852814 -0.478602 -0.208921 0.979721 -0.0927048 -0.177628 0.938626 -0.00719822 -0.344862 0.0193322 0.83063 -0.556489 -0.695901 0.718081 -0.00903529 -0.721705 0.69199 -0.0171151 -0.955235 0.295028 -0.0219927 -0.933561 0.358366 -0.00614196 -0.216146 0.97636 0.0013384 0.225146 0.974316 -0.00429834 -0.275371 0.961287 -0.00989223 0.25456 0.967024 -0.00793891 0.127187 0.97573 -0.178252 0.848656 -0.480774 -0.220544 0.726827 -0.67195 -0.142144 0.375554 -0.925407 -0.0508069 0.547582 -0.832335 -0.0858619 -2.39546e-05 -1 -9.58946e-05 -0.00100361 -0.910744 0.412969 0.467574 -0.883362 -0.0323452 0.994601 0.0199752 -0.101835 0.998648 -0.0035661 -0.0518522 0.998205 0.00306294 -0.0598042 0.937567 -0.0124764 0.347581 0.882895 0.00654686 0.469524 0.995798 0.00406496 -0.0914825 0.992129 -0.042155 -0.11791 0.708433 0.705289 -0.0262783 0.582328 0.549182 0.599411 0.00058746 0.729794 0.683667 -0.528881 0.847049 0.0528378 -0.00115252 0.999996 0.00258778 -0.732699 0.674538 0.090277 -0.503861 0.590292 0.630618 -0.00527749 0.623698 0.781648 0.00111347 0.000615672 0.999999 0.726228 0.00958465 0.687387 0.593645 0.797721 -0.105954 0.981506 -0.00606809 -0.191335 0.975186 0.00499803 -0.221333 0.41157 -0.869808 0.272111 7.09325e-06 -0.902294 0.431121 -0.584398 -0.806631 0.0884612 -0.950704 -0.292501 0.102982 -0.981108 0.0230452 0.192082 -0.990861 -0.00272306 0.134857 -0.991183 0.000261769 0.132501 -0.774888 -0.576181 0.259932 2.40645e-06 -1 -2.84859e-05 0.534949 -0.817031 -0.215153 0.585909 -0.776719 -0.231125 0.916057 -0.169769 -0.363342 0.935299 -0.0513734 -0.350109 0.522498 0.77668 -0.3518 0.288546 0.953796 -0.0837536 0.895306 -0.014839 -0.445203 0.341637 0.93961 -0.0204125 0.707813 0.706348 -0.00852768 0.70488 0.709266 -0.00921732 0.866634 0.00769673 -0.498885 0.852312 -0.0165247 -0.522773 0.532455 -0.777204 -0.335328 0.574737 -0.737701 -0.354225 0.681995 -0.639088 -0.355596 0.889932 -0.0296719 -0.455128 0.884113 0.00163643 -0.46727 0.710315 0.703846 -0.00732511 0.965571 0.259994 -0.00875895 0.700072 0.714063 -0.00364734 0.977013 0.213161 0.00291486 -0.167819 0.292416 -0.941451 -0.000718721 0.00118353 -0.999999 -0.000106486 0.000559613 -1 0.000242594 -0.000815323 -1 -0.00614861 -0.0124788 -0.999903 0.018558 0.00314237 -0.999823 -0.949225 -0.313385 -0.0275994 -0.974287 -0.219125 -0.0524308 -0.99955 -0.0284692 0.00944642 0.415505 -0.0411239 -0.908661 -0.648404 -0.761291 0.00293076 0.0242638 -0.476231 -0.878985 0.230365 0.402277 -0.886062 0.474148 -0.0280244 -0.879999 0.147431 -0.0401484 -0.988257 0.257739 0.963284 -0.075198 -0.552396 -0.806603 0.210359 -0.594143 -0.798532 0.0966518 -0.876811 -0.465053 0.122181 -0.618151 -0.779883 0.0983498 2.05829e-06 -1 -0.000138296 0.970914 0.000528179 -0.239428 0.966404 -0.00744679 -0.256919 0.957589 0.0138605 -0.287804 -0.513383 0.802354 -0.30441 0.387197 0.816096 -0.429029 0.672889 -0.697877 -0.245333 -3.99971e-05 1 -6.85564e-05 -0.609464 -0.606932 0.510086 -0.522208 -0.718359 0.459629 -0.811724 -0.00220442 0.584036 -0.91912 -0.00663613 0.393921 0.411354 0.0634535 0.909264 0.402978 -0.0128586 0.91512 0.263388 0.0105964 0.964632 0.16162 0.122611 0.979207 0.162579 0.623912 0.764396 0.116455 0.905122 0.408891 0.15601 0.817046 0.555065 0.219016 0.524219 0.822938 0.268066 0.15433 0.950959 0.435748 0.0914697 0.895409 0.650955 0.153551 0.743424 0.523413 0.179302 0.833 0.145576 0.178163 0.973173 -0.146383 0.178011 0.97308 -0.339281 0.163437 0.926378 -0.304401 0.476013 0.825077 -0.151477 0.763158 0.628207 -0.0420626 0.773193 0.632774 0.0385751 0.770687 0.636046 0.108753 0.779446 0.616958 0.189405 0.764508 0.61616 0.281406 0.749368 0.599382 0.389359 0.723579 0.569942 0.61727 0.370703 0.693943 0.863457 0.281816 0.418356 0.621599 0.615033 0.485129 0.478384 0.819184 0.316364 0.582011 0.762452 0.28272 0.824107 0.465688 0.322463 0.889617 0.170414 0.423721 0.896727 -0.045679 0.440221 0.91105 0.126697 0.392347 0.877393 0.438789 0.194024 0.669461 0.731833 0.12745 0.56714 0.798821 0.200593 0.405123 0.848456 0.340585 0.275305 0.872354 0.403987 0.196718 0.832898 0.517284 0.179072 0.824612 0.536608 0.241254 0.627643 0.740176 0.370898 0.272727 0.887724 0.504264 0.363964 0.783102 0.672593 0.30281 0.675222 0.717642 0.538555 0.441529 0.615441 0.781012 0.106075 0.64054 0.766909 -0.039483 0.631561 0.773416 0.0543915 0.829298 0.13499 0.542257 0.789687 0.00573749 0.613484 0.774868 -0.0126525 0.631997 0.677171 -0.0494328 0.734163 0.553398 -0.0250946 0.832539 0.515174 0.0242691 0.856742 0.629314 0.0325403 0.776469 0.735419 0.0316172 0.676875 0.826018 0.00341523 0.563634 0.830935 0.0107752 0.556265 0.814193 0.238449 0.529369 0.684261 0.436874 0.583891 0.644579 0.725346 0.241644 0.68533 0.711026 0.157371 0.703295 0.219131 0.676282 0.693011 0.632085 0.346705 0.813619 0.24035 0.529392 0.754693 0.535639 0.378852 0.693374 0.580203 0.427313 0.635307 0.083349 0.767749 0.758779 0.117001 0.640753 0.716207 0.30773 0.626379 0.629955 0.104831 0.769524 0.642291 0.581538 0.499275 0.642186 0.385307 0.662673 0.576015 0.28134 0.767499 0.965503 0.0816895 -0.247247 0.965732 0.0827773 -0.245989 0.398482 0.611705 0.683395 0.338903 0.33215 0.880239 0.34523 0.43711 0.830513 0.254879 0.77093 0.583698 0.300767 0.625575 0.719857 0.307096 0.633666 0.710042 0.216375 0.825548 0.521202 0.163612 0.916566 0.364882 0.426951 0.700013 0.572446 0.547153 0.712585 0.439143 0.279438 0.84001 0.465078 0.532562 0.760181 0.372159 0.623672 0.747338 0.22917 0.382659 0.884252 0.267714 0.741702 0.399908 0.538471 0.368296 0.85434 0.366691 0.271934 0.92975 0.248227 0.416225 0.863952 0.283449 0.600006 0.782702 0.165436 0.651954 0.75646 0.0521991 0.539305 0.831946 0.130447 0.64753 0.719908 0.249875 0.641992 0.765426 0.0443638 0.734162 0.675973 0.0637713 0.716871 0.697203 0.00199407 0.647525 0.719909 0.249887 0.794705 0.564431 0.223295 0.798499 0.563242 0.212503 0.767689 0.41081 0.491822 0.850416 0.198311 0.487305 0.893655 0.197372 0.40302 0.817616 -0.0330088 0.574817 0.921256 0.0550827 0.385037 0.818339 0.421316 0.390915 0.712043 0.654418 0.254423 0.522355 0.829444 0.197908 0.309207 0.943932 0.115687 0.207369 0.973771 0.0936398 0.193119 0.960757 0.199126 0.181617 0.958303 0.220616 0.0971898 0.972773 0.210395 0.0678109 0.970881 0.229765 0.0281576 0.975949 0.216174 0.00610123 0.972986 0.230783 -0.0293234 0.989381 0.14236 -0.105884 0.984081 0.142734 -0.153636 0.976671 0.150034 -0.216996 0.95104 0.220082 -0.27738 0.900591 0.334658 -0.409213 0.725508 0.553338 -0.528426 0.43895 0.726697 -0.576981 0.15088 0.8027 -0.484244 0.157097 0.860714 -0.577897 0.152794 0.801679 -0.756105 0.257582 0.601629 -0.412671 0.866515 0.280811 -0.634355 0.606479 0.47935 -0.82571 0.224823 0.517356 -0.886126 0.223064 0.406232 -0.949287 0.210114 0.233892 -0.974739 0.0871479 0.205644 -0.923577 0.377906 0.0647448 -0.877802 0.477881 -0.0330735 -0.890872 0.446323 -0.0845185 -0.911337 0.374412 -0.171116 -0.920515 0.373517 -0.114613 -0.955027 0.185832 -0.231063 -0.997052 0.0767082 0.00152436 -0.988887 0.000139561 0.148666 -0.927765 -0.00920767 0.373051 -0.866325 -0.0226004 0.498968 -0.775001 -0.0292864 0.631281 -0.671363 -0.00299009 0.741123 -0.585506 0.193243 0.787299 -0.550069 0.264117 0.792254 -0.460037 0.391985 0.796689 -0.343387 0.61091 0.713354 -0.256657 0.629856 0.733081 -0.158359 0.808962 0.56613 -0.0941082 0.882314 0.461157 -0.112477 0.799684 0.589792 -0.0455111 0.520387 0.852717 -0.0400537 0.156063 0.986935 0.0553611 0.175134 0.982987 -0.208648 -0.0134328 0.977899 -0.366643 -0.0696378 0.927752 -0.545141 -0.185459 0.817574 -0.705312 0.0617973 0.706199 -0.648291 0.664851 0.371068 -0.770665 0.609374 0.186383 -0.755277 0.647719 0.100079 -0.843875 0.528711 0.0913201 -0.881288 0.468543 0.0616312 -0.897828 0.435225 0.0669592 -0.946545 0.311342 0.0843752 -0.979862 0.19491 0.0433713 -0.991872 0.00745814 0.127019 -0.890232 0.22544 0.395807 -0.813139 0.255835 0.522833 -0.678328 0.290826 0.674753 -0.594877 0.392159 0.701665 -0.455131 0.578501 0.676899 -0.383366 0.759386 0.525703 -0.411386 0.813666 0.410743 -0.44904 0.770556 0.452335 -0.541149 0.725279 0.425591 -0.561181 0.771553 0.299636 -0.733396 0.647448 0.207222 -0.608498 0.789287 0.0821969 -0.667712 0.714554 0.208743 -0.648538 0.688561 0.324473 -0.638184 0.668043 0.382674 -0.856223 0.365772 0.36482 -0.852782 0.288846 0.435123 -0.784632 0.38055 0.489423 -0.669549 0.547524 0.501917 -0.592863 0.564629 0.574202 -0.738011 0.388782 0.551533 -0.73795 0.388093 0.552099 -0.853842 0.385762 0.349488 -0.788766 0.396301 0.469887 -0.832132 0.352426 0.428197 -0.727278 0.528543 0.437846 -0.72639 0.533363 0.433452 -0.669772 0.544402 0.505006 -0.795798 0.498509 0.343793 -0.793991 0.505456 0.337777 -0.710498 0.632398 0.308651 -0.618068 0.724573 0.304936 -0.466284 0.736259 0.49041 -0.489069 0.781738 0.386908 -0.34653 0.763214 0.545364 -0.341566 0.784478 0.517616 -0.485074 0.799281 0.354759 -0.411092 0.807783 0.42248 -0.568281 0.713672 0.409548 -0.567897 0.703379 0.427494 -0.314009 0.822265 0.474635 -0.321438 0.835921 0.444875 -0.493002 0.730697 0.472261 -0.495181 0.719551 0.48687 -0.442077 0.724436 0.528924 -0.37523 0.743495 0.55355 -0.529173 0.56965 0.628868 -0.529557 0.570586 0.627695 -0.592861 0.560894 0.577853 -0.658568 0.39909 0.637977 -0.654441 0.368933 0.659997 -0.722754 0.250694 0.644034 -0.761103 0.299994 0.575087 -0.819234 0.273885 0.503828 -0.890171 0.270249 0.366826 -0.860226 0.281396 0.425238 -0.886483 0.277021 0.370684 -0.931224 0.275663 0.238394 -0.995344 0.0933614 0.0239564 -0.982135 0.184901 0.0349658 -0.978823 0.204443 0.0104034 -0.976343 0.214556 0.0268182 -0.981966 0.18626 0.0324155 -0.90639 0.34561 0.242922 -0.931715 0.253621 0.259968 -0.844022 0.481824 0.235525 -0.90755 0.33071 0.258812 -0.761493 0.601165 0.242341 -0.753468 0.620232 0.218168 -0.8476 0.467106 0.251766 -0.947009 0.320092 0.0267419 -0.91507 0.397503 0.0681133 -0.912864 0.393649 0.108258 -0.811307 0.578468 0.084597 -0.829866 0.542215 0.131629 -0.836988 0.537898 0.100583 -0.760118 0.640306 0.110589 -0.792674 0.607806 0.0473333 -0.755405 0.638141 0.148789 -0.712562 0.660876 0.235582 -0.696088 0.678308 0.235288 -0.645707 0.739669 0.189608 -0.574546 0.753586 0.319381 -0.630013 0.693816 0.34886 -0.549339 0.711289 0.438515 -0.789244 0.122748 0.601687 -0.57933 0.565713 0.586809 -0.618191 0.45475 0.641126 -0.485268 0.143358 0.862533 -0.46835 0.521655 0.713108 -0.47972 0.473521 0.738679 -0.42172 0.177002 0.889282 -0.33568 0.156987 0.928802 -0.31005 0.512018 0.801066 -0.233372 0.171003 0.957233 -0.0577633 0.131522 0.989629 -0.0453091 0.518113 0.854111 -0.0221017 0.815577 0.578227 -0.311902 0.496168 0.810268 -0.172775 0.515268 0.839433 -0.172881 0.50694 0.844467 -0.221631 0.772205 0.595465 -0.0383245 0.79653 0.603383 -0.073558 0.627583 0.775067 -0.155574 0.633872 0.75763 -0.226518 0.596966 0.769624 -0.319668 0.373984 0.870603 -0.362408 0.192881 0.911843 -0.464999 0.237535 0.85285 -0.51021 0.260805 0.819553 -0.374496 0.00155354 0.927227 -0.234901 -0.013122 0.971931 -0.0744725 -0.0163178 0.99709 -0.164919 0.193721 0.967096 -0.0983129 0.387646 0.916551 -0.0268302 0.383235 0.923261 -0.0191243 0.374123 0.927182 0.088476 0.124241 0.9883 0.0781424 -0.00764561 0.996913 0.0928587 0.0243654 0.995381 -0.0201856 0.188538 0.981858 -0.0741171 0.154034 0.985282 -0.110309 0.181382 0.977207 -0.0767182 0.162549 0.983713 -0.0847916 0.0106579 0.996342 -0.221795 0.0198311 0.974892 -0.370861 0.0092687 0.928642 -0.466175 -0.00355189 0.884685 -0.528214 0.0266098 0.848694 -0.459682 -0.0170157 0.88792 -0.453848 0.171561 0.874408 -0.367329 0.194344 0.90956 -0.221677 0.174693 0.959344 -0.36175 0.207791 0.908823 -0.223817 0.169112 0.959847 -0.408933 0.239762 0.880504 -0.317633 0.227805 0.920442 -0.265796 0.224606 0.937499 -0.258786 0.412261 0.873539 -0.234615 0.383287 0.893335 -0.147334 0.625552 0.766145 -0.176488 0.390639 0.903467 -0.173009 0.387372 0.905545 -0.102601 0.392353 0.914075 -0.0824701 0.640154 0.763807 -0.0192658 0.617087 0.786659 0.0413752 0.647467 0.76097 -0.0516491 0.808578 0.586118 0.0365343 0.810886 0.584062 -0.220927 0.813273 0.538311 -0.126252 0.783773 0.60808 -0.0233122 0.880944 0.472646 -0.0441909 0.890777 0.452287 -0.203265 0.840524 0.502198 -0.0618574 0.818389 0.571326 -0.122542 0.790322 0.600312 -0.220785 0.856321 0.46687 -0.13602 0.862514 0.487409 -0.373675 0.392482 0.840431 -0.205867 0.775872 0.596357 -0.271239 0.777395 0.567526 -0.270405 0.774362 0.572053 -0.331439 0.594426 0.73267 -0.377962 0.401816 0.834079 -0.408403 0.575557 0.708478 -0.459924 0.597614 0.656755 -0.455469 0.387313 0.801584 -0.589594 0.386264 0.709351 -0.52772 0.396175 0.75137 -0.516559 0.376981 0.768799 -0.619385 0.229032 0.750938 -0.601981 0.248139 0.758977 -0.497919 0.208939 0.841677 -0.616516 0.251249 0.746178 -0.498804 0.203332 0.842527 -0.579758 -0.0254999 0.81439 -0.596464 0.00172449 0.802638 -0.688946 0.0504067 0.723057 -0.682124 0.15022 0.71564 -0.721506 0.256132 0.643293 -0.794759 0.0391333 0.605662 -0.785224 0.169641 0.595521 -0.815102 0.245525 0.524715 -0.862029 -0.00200017 0.506855 -0.842593 0.19598 0.501627 -0.884409 0.251125 0.393392 -0.922252 0.0193921 0.386103 -0.903432 0.203102 0.377571 -0.989941 0.0114305 0.141021 -0.955272 0.270814 0.118807 -0.960516 0.241894 0.13746 -0.999996 0.00295109 0.000462514 -0.987698 0.156314 0.00428957 -0.999998 -0.00169388 -0.000911024 -0.995098 0.028432 -0.0947202 -0.979356 0.0823809 -0.184594 -0.999739 0.0217996 -0.00676335 -0.986378 0.1638 -0.0150786 -0.968804 0.237005 -0.0724323 -0.95119 0.225412 -0.210778 -0.902613 0.337049 -0.267748 -0.962836 0.26865 -0.0278275 -0.944067 0.328637 -0.0271116 -0.961405 0.266694 -0.0676335 -0.900037 0.361658 -0.24318 -0.940796 0.243758 -0.235551 -0.988317 0.0835753 -0.127457 -0.99965 0.0179086 0.019455 -0.995611 -0.00862811 0.0931921 -0.73684 0.671973 0.0742842 -0.456712 0.887906 0.0551079 -0.243186 0.969518 0.0299147 -0.150656 0.988516 0.0117903 -0.0768325 0.997039 -0.0030114 -0.0238594 0.999639 -0.0123803 0.0235371 0.999554 -0.0183858 0.0788701 0.996467 -0.0288597 0.140193 0.989818 -0.0246348 0.0652669 0.997544 -0.0254254 0.0743739 0.996968 -0.0228967 0.0298291 0.997624 -0.0620958 0.0547953 0.996547 -0.0623818 0.0456957 0.996869 -0.0645339 0.0236826 0.999553 -0.0182545 -0.0151627 0.998151 -0.0588567 0.0230401 0.99801 -0.0586886 0.0068065 0.998029 -0.0623866 -0.0256356 0.999572 -0.0141176 -0.0210191 0.99832 -0.0539953 -0.0812061 0.996668 -0.00762314 -0.0709508 0.99637 -0.0470325 -0.0731882 0.996138 -0.0484949 -0.284307 0.954798 0.0867751 -0.41057 0.888898 0.203203 -0.580409 0.747416 0.323257 -0.710673 0.65841 0.247872 -0.812881 0.537339 0.224701 -0.75838 0.615639 0.214123 -0.77237 0.601616 0.203721 -0.835783 0.448221 0.31712 -0.710157 0.615112 0.342511 -0.641844 0.733594 0.223328 -0.517716 0.833155 0.194479 -0.525657 0.829704 0.187818 -0.335196 0.927202 0.167154 -0.31707 0.93109 0.18038 -0.173946 0.98187 0.0753329 -0.157822 0.987462 0.00332429 -0.140593 0.989471 -0.0343615 -0.138103 0.989882 -0.0325879 -0.494506 0.86092 0.119503 -0.277305 0.955934 0.0963916 -0.250951 0.967813 0.0190145 -0.22588 0.973893 -0.0225813 -0.2176 0.975958 -0.0125268 -0.752455 0.64171 0.148391 -0.495262 0.860675 0.118124 -0.462591 0.885473 0.0441289 -0.420836 0.906917 0.019963 -0.428829 0.90334 -0.00909322 -0.76454 0.629325 0.139388 -0.740173 0.668601 0.0715295 -0.717227 0.696415 0.0243292 -0.926588 0.365945 0.0867157 -0.928404 0.361984 0.0838659 -0.984712 0.127677 0.118491 -0.953866 0.299433 -0.0219012 -0.92978 0.364908 -0.0484918 -0.924743 0.360595 -0.121747 -0.918924 0.375003 -0.122274 -0.950226 0.303604 -0.0699637 -0.893595 0.447509 -0.0349704 -0.874961 0.481437 -0.051598 -0.879709 0.475175 0.0179067 -0.988202 0.137841 0.0667529 -0.792622 0.607347 0.0536719 -0.914946 0.354397 0.193069 -0.978027 0.139343 0.15507 -0.987644 0.0144257 0.156046 -0.987792 0.0431655 0.14968 -0.932924 0.330942 0.141882 -0.92764 0.296399 0.227225 -0.921984 0.353142 0.158859 -0.894384 0.408286 0.1827 -0.975355 0.0586943 0.212689 -0.789001 0.601235 0.126468 -0.977212 0.128321 0.169086 -0.931742 0.305885 0.195682 -0.924211 0.287422 0.251443 -0.926358 0.0511713 0.373152 -0.909193 0.416191 -0.0124098 -0.768781 -0.0552582 0.63712 -0.883971 0.446582 0.138416 -0.941199 0.0977469 0.323404 -0.820514 0.380515 0.426573 -0.809103 0.483554 0.333959 -0.854931 0.173677 0.488804 -0.778814 0.228706 0.584073 -0.722978 0.568108 0.393135 -0.717592 0.534464 0.446554 -0.587038 0.764454 0.26645 -0.483368 0.808373 0.335988 -0.499939 0.816211 0.289585 -0.397294 0.857089 0.327957 -0.549909 0.680496 0.484278 -0.758521 0.259197 0.597881 -0.639405 0.618737 0.456427 -0.665507 0.146075 0.731958 -0.531201 0.44883 0.718594 -0.630933 0.422037 0.651006 -0.627872 0.409772 0.661713 -0.420744 0.734259 0.532764 -0.309822 0.751614 0.582311 -0.145674 0.928883 0.340522 -0.140497 0.926446 0.349227 -0.214507 0.919847 0.328433 -0.517224 0.700728 0.491386 -0.50608 0.671948 0.540711 -0.289778 0.904556 0.312742 -0.20462 0.917123 0.342075 -0.361318 0.882933 0.299799 -0.347505 0.877506 0.33049 -0.223376 0.952448 0.207233 -0.218207 0.964867 0.146349 -0.200782 0.965979 0.163006 -0.17941 0.98135 0.069018 -0.0902626 0.994101 0.0601261 -0.166886 0.959967 0.224973 -0.167968 0.95994 0.22428 -0.115701 0.970444 0.211783 -0.110814 0.969369 0.219189 -0.104067 0.984011 0.144543 -0.092478 0.994034 0.0578375 -0.0297984 0.998198 0.0520916 -0.0349444 0.989946 0.137063 0.0488801 0.99215 0.115109 0.0903153 0.986799 0.134426 0.0287779 0.990166 0.136908 -0.0300532 0.998203 0.0518456 0.0254198 0.99856 0.0472455 0.0251256 0.99858 0.0469817 -0.0326414 0.976108 0.214819 -0.0435634 0.973383 0.225007 0.0262714 0.990419 0.135576 0.116962 0.967872 0.222584 0.108401 0.936188 0.334367 0.0982041 0.98054 0.169989 0.206128 0.950969 0.230583 0.0992043 0.987321 0.123921 0.176321 0.976073 0.127248 0.0849092 0.995574 0.0402736 0.0831674 0.995624 0.042612 0.19481 0.97403 0.11539 0.16516 0.985654 0.0347693 0.153829 0.98661 0.0542011 0.248472 0.968261 0.0270592 0.297139 0.945855 0.130639 0.408296 0.909257 0.0809133 0.427174 0.888317 0.168569 0.335026 0.919651 0.204939 0.346012 0.920574 0.181161 0.341585 0.9245 0.16917 0.305286 0.928826 0.209961 0.727247 0.536831 0.427696 0.587782 0.767792 0.254964 0.486399 0.822973 0.293482 0.372852 0.876307 0.305068 0.363334 0.870212 0.332747 0.731583 0.554237 0.396998 0.837927 -0.00239566 0.545776 0.876915 -0.00627893 0.480605 0.831046 0.217405 0.511955 0.86249 0.181069 0.472574 0.765567 0.0872919 0.637406 0.740017 0.354436 0.57162 0.73402 0.318463 0.59983 0.628192 0.624977 0.463442 0.50491 0.676441 0.536184 0.511334 0.681961 0.52294 0.385267 0.721132 0.575793 0.289697 0.890419 0.351042 0.216504 0.918118 0.331941 0.139833 0.925926 0.350866 0.279944 0.748656 0.600954 0.20249 0.915943 0.346477 0.190115 0.764823 0.61555 0.137549 0.92553 0.35281 0.0796 0.932086 0.353382 0.101971 0.774996 0.623684 0.0760753 0.930972 0.357075 0.00238704 0.936023 0.351931 -0.0577283 0.93503 0.349837 -0.0106042 0.786493 0.617508 -0.00329882 0.934026 0.357191 -0.0983193 0.788075 0.607677 -0.0675205 0.931488 0.357451 -0.230708 0.777982 0.584396 -0.218061 0.766488 0.604107 -0.409194 0.462633 0.786468 -0.31901 0.75721 0.569969 -0.449591 0.187653 0.873301 -0.411678 0.468616 0.781614 -0.422851 0.16156 0.891681 -0.306759 0.480614 0.821528 -0.199729 0.482002 0.853101 -0.236245 0.16663 0.9573 -0.210478 0.512421 0.832541 -0.1609 0.167001 0.972739 -0.126079 0.450126 0.88402 -0.0435331 0.507629 0.860475 -0.0531488 0.489291 0.870499 0.0498549 0.166464 0.984786 0.0440725 0.484379 0.873748 0.0462087 0.487339 0.871989 0.128659 0.164806 0.977899 0.141306 0.481373 0.865051 0.138764 0.477609 0.867545 0.238901 0.472325 0.848431 0.23959 0.473511 0.847576 0.360264 0.457546 0.812934 0.354616 0.446731 0.821388 0.478263 0.42897 0.766322 0.479417 0.432442 0.763644 0.623596 0.399745 0.671812 0.472551 0.735501 0.485525 0.695496 0.0645201 0.715627 0.53122 0.174074 0.829158 0.361394 0.724331 0.587145 0.557717 0.442774 0.702071 0.376265 0.169712 0.910836 0.372981 0.524353 0.765467 0.0886409 0.0207931 0.995847 0.0812063 0.524793 0.847348 0.250051 0.127363 0.959819 0.373774 0.515002 0.771405 0.0819923 0.520661 0.849817 0.218997 0.523155 0.823619 0.268629 0.802308 0.533047 0.356916 0.710828 0.606081 0.193548 0.916528 0.350022 0.0640787 0.814329 0.576855 0.0540304 0.797407 0.601018 0.151832 0.806604 0.57126 0.18362 0.901993 0.390759 0.150425 0.918891 0.364708 0.0465936 0.900029 0.433332 0.107811 0.901228 0.419719 0.0397267 0.896581 0.441094 0.134752 0.832689 0.537094 0.0448326 0.821985 0.567741 0.124872 0.821137 0.556904 0.240883 0.627222 0.740653 0.284258 0.359793 0.888677 0.165403 0.628733 0.759827 0.0575787 0.627143 0.776773 0.061236 0.379486 0.923169 0.0699832 0.365885 0.928025 0.0577094 0.158478 0.985675 0.141528 0.342146 0.928927 0.189607 0.375112 0.907381 0.235315 0.327949 0.914919 0.239951 0.116916 0.963719 0.254045 0.101794 0.961821 0.0857222 0.116612 0.989471 0.16974 0.126956 0.977277 0.174995 -0.00984236 0.98452 0.19596 0.007351 0.980584 0.256091 -0.000976942 0.966652 0.350467 0.0225082 0.936305 0.415865 0.00453494 0.909415 0.341143 0.0756363 0.936964 0.51301 0.0931991 0.853308 0.529536 0.0718275 0.845241 0.380137 0.0900689 0.920534 0.950162 -0.215728 -0.225062 0.805975 -0.557335 -0.199455 0.846546 -0.516193 -0.130014 0.949063 -0.200202 -0.243307 0.997592 -0.0679141 -0.0140505 0.919475 -0.384775 0.0807115 0.926741 -0.375611 0.0081634 0.975807 -0.21819 -0.0138863 0.97537 -0.21741 -0.0372412 0.858049 -0.415451 -0.301914 0.78407 -0.439487 -0.438276 0.702783 -0.460069 -0.542616 0.611872 -0.457419 -0.645276 0.494804 -0.478535 -0.725378 0.36511 -0.482887 -0.795937 0.236541 -0.498736 -0.833853 0.105361 -0.498511 -0.860457 -0.0320286 -0.492461 -0.869745 -0.171873 -0.482603 -0.85881 -0.31923 -0.437403 -0.840697 -0.689282 -0.569621 -0.447686 -0.51347 -0.169501 -0.8412 -0.52336 -0.0582348 -0.85012 -0.491705 -0.0201155 -0.870529 -0.428502 -0.0120769 -0.90346 -0.349686 -0.0734426 -0.933984 -0.265583 -0.0405506 -0.963235 -0.119071 -0.0282883 -0.992483 -0.0330312 -0.149215 -0.988253 0.0539425 -0.0411799 -0.997695 0.214957 -0.0390358 -0.975843 0.365587 -0.259559 -0.893854 0.508751 -0.0272184 -0.860483 0.646176 -0.0244011 -0.762799 0.762957 -0.0319744 -0.645657 0.861867 -0.0214078 -0.506682 0.931873 -0.0141436 -0.362509 0.999277 -0.0334273 -0.0181273 0.999997 -0.00222949 0.000541075 0.999996 0.00246841 0.00163026 0.928732 -0.279524 0.243564 0.922807 -0.298152 0.243995 0.921178 -0.322538 0.217714 0.981701 -0.0999952 0.162061 0.975238 -0.172659 0.138202 0.963649 -0.263345 0.0450544 0.983589 -0.117148 0.137216 0.999999 -0.00083975 0.0011727 0.991066 0.0485146 -0.124232 0.983942 -0.177662 -0.0171868 0.929719 -0.0261944 -0.367336 0.907126 -0.267343 -0.32504 0.834998 -0.295132 -0.464408 0.890036 -0.308354 -0.335788 0.867514 0.00288498 -0.497404 0.827432 -0.276029 -0.489044 0.744365 -0.299088 -0.597048 0.775252 0.0101161 -0.631571 0.741626 -0.221637 -0.633142 0.662282 0.0230558 -0.7489 0.645318 -0.255941 -0.719763 0.525343 -0.271101 -0.806547 0.631604 -0.289642 -0.719155 0.589891 -0.0225412 -0.807168 0.531673 0.0249292 -0.846583 0.371299 -0.0142678 -0.928404 0.387611 0.0249252 -0.921486 0.523812 -0.258701 -0.8116 0.500569 -0.18592 -0.845497 0.380942 -0.218103 -0.898507 0.243098 0.010065 -0.96995 0.135348 0.0393281 -0.990017 0.247663 -0.238247 -0.939096 0.208287 -0.160483 -0.964812 0.000259032 0.0265212 -0.999648 0.0969867 -0.204254 -0.974102 0.0540135 -0.137936 -0.988967 -0.0334052 0 -0.999442 -0.0965462 0 -0.995329 -0.188099 0.0421836 -0.981244 -0.0592839 -0.167957 -0.98401 -0.119826 -0.0940293 -0.988332 -0.322179 0.0278684 -0.946268 -0.216364 -0.13588 -0.966811 -0.264827 -0.0637512 -0.962186 -0.350633 0 -0.936513 -0.422416 0 -0.906402 -0.734865 0 -0.678214 -0.772906 -0.239845 -0.587445 -0.80188 -0.456813 -0.38511 -0.589947 -0.77586 -0.223616 -0.635887 -0.771673 -0.0129623 -0.604641 -0.792718 -0.0775029 -0.601029 -0.735679 -0.312315 -0.821202 -0.0493117 -0.568503 -0.805451 -0.352543 -0.476406 -0.827506 -0.032106 -0.560538 -0.858631 -0.171455 -0.483069 -0.653812 -0.747983 -0.114239 -0.613487 -0.789181 0.0287777 -0.654879 -0.75393 0.0521789 -0.71788 -0.696165 -0.00174101 -0.687503 -0.72227 -0.0752676 -0.544871 -0.830709 -0.114187 -0.344287 -0.911847 -0.223608 -0.170984 -0.904418 -0.390887 -0.0988886 -0.901427 -0.421485 -0.0315735 -0.895261 -0.444422 0.0395819 -0.885295 -0.463342 0.116515 -0.870389 -0.47838 0.170483 -0.848248 -0.501408 0.73741 -0.65757 -0.154365 0.700423 -0.69738 -0.151884 0.759124 -0.631378 -0.15841 0.751055 -0.595269 -0.285607 0.713623 -0.693408 -0.0996406 0.749998 -0.573914 -0.328825 0.837867 -0.480648 -0.25876 0.518174 -0.816673 -0.25405 0.373148 -0.890429 -0.260569 0.262346 -0.917417 -0.299201 0.142075 -0.944111 -0.297438 0.0578862 -0.953185 -0.296796 -0.0262991 -0.953336 -0.300763 -0.113122 -0.952306 -0.283401 -0.226101 -0.937366 -0.264996 -0.386457 -0.89291 -0.231005 -0.569921 -0.791409 -0.221049 -0.520459 -0.818173 -0.244367 -0.322394 -0.938046 -0.127014 -0.170942 -0.983925 -0.0516708 -0.0907212 -0.994571 -0.0509731 -0.0960416 -0.985553 -0.139503 -0.0343642 -0.989326 -0.14161 0.0449278 -0.986749 -0.155913 0.117865 -0.979509 -0.16331 0.190391 -0.968513 -0.160416 0.314008 -0.934039 -0.170203 0.509061 -0.837638 -0.198041 0.766067 -0.604375 -0.218797 0.934581 -0.314701 -0.165896 0.985705 -0.12951 -0.107766 0.714829 -0.698321 -0.0369873 0.443111 -0.894171 -0.0641175 0.444345 -0.893774 -0.0610329 0.24232 -0.969653 -0.032461 0.153885 -0.987942 -0.017032 0.0769647 -0.997013 -0.00639006 0.0221331 -0.999755 -0.000181737 -0.0289134 -0.999572 0.00436987 -0.0770509 -0.996029 0.0445917 -0.111385 -0.991919 0.0607487 -0.0319419 -0.997523 0.0626693 0.00429739 -0.996957 0.0778345 0.0591695 -0.995985 0.0671733 0.123032 -0.990799 0.0563953 0.199124 -0.979021 0.0432098 0.318575 -0.947522 0.02668 0.195832 -0.980249 0.0276015 0.116652 -0.992177 0.0444615 0.0532231 -0.996847 0.0588518 0.0148912 -0.997676 0.0664943 -0.0265266 -0.997229 0.0695066 -0.0399294 -0.997163 0.0638126 -0.0569499 -0.996531 0.0606822 -0.0216087 -0.998623 0.0477932 0.0210911 -0.999777 -0.00132169 0.0181646 -0.998853 0.0443131 0.0165562 -0.998957 0.0425438 0.0741855 -0.997197 -0.00968476 0.0678039 -0.996951 0.0386083 0.0636043 -0.99741 0.0335795 0.148887 -0.988569 -0.0237417 0.137378 -0.990103 0.0287057 0.130831 -0.991207 0.0198213 0.236822 -0.970665 -0.0415323 0.217456 -0.975954 0.0150824 0.21154 -0.977355 0.00529527 0.412492 -0.910953 -0.00379405 0.371737 -0.9231 -0.0984794 0.47358 -0.880404 -0.0247037 0.917536 -0.384965 -0.0996445 0.895514 -0.431196 -0.110113 0.755169 -0.648621 -0.0949233 0.762563 -0.640447 -0.0912421 0.906583 -0.367949 -0.206691 0.786013 -0.585459 -0.19855 0.744548 -0.647626 -0.16195 0.476608 -0.870502 -0.122763 0.473101 -0.871143 -0.13147 0.2677 -0.957866 -0.104063 0.304846 -0.9344 -0.184295 0.272604 -0.957308 -0.0961689 0.168811 -0.982104 -0.083518 0.171815 -0.981909 -0.0795908 0.0853659 -0.993875 -0.0701724 0.193038 -0.968578 -0.156823 0.0970912 -0.983927 -0.149871 0.0864643 -0.99387 -0.0689007 0.0258299 -0.997675 -0.0630597 0.0297893 -0.9896 -0.140731 0.0256628 -0.997668 -0.0632393 -0.033618 -0.989459 -0.140856 -0.104467 -0.986175 -0.128627 -0.197274 -0.973126 -0.118784 -0.149685 -0.979756 -0.132941 -0.0293704 -0.997864 -0.0583551 -0.0296579 -0.997839 -0.0586388 -0.0886364 -0.99459 -0.0541781 -0.027238 -0.999612 0.00579039 -0.0794013 -0.996785 0.0107726 -0.0775314 -0.996955 0.00836032 -0.123703 -0.992242 0.0124 -0.15599 -0.987749 0.00440861 -0.17358 -0.983738 -0.0461544 -0.266114 -0.963169 -0.038584 -0.200226 -0.973123 -0.113761 -0.31591 -0.939075 -0.135424 -0.415321 -0.904289 -0.0988403 -0.795309 -0.506239 -0.333475 -0.921849 -0.0213178 -0.386963 -0.856798 -0.0342639 -0.514512 -0.669448 -0.509455 -0.540643 -0.43129 -0.26196 -0.863346 -0.254411 -0.22019 -0.941696 -0.244869 -0.536449 -0.807627 -0.401968 -0.194372 -0.894785 -0.776991 -0.153253 -0.610572 -0.61038 -0.481976 -0.628598 -0.477438 -0.759388 -0.442022 -0.73245 -0.399631 -0.551191 -0.733005 -0.422504 -0.533098 -0.774918 -0.150289 -0.613934 -0.678033 -0.16959 -0.7152 -0.479094 -0.526554 -0.702289 -0.25042 -0.82759 -0.502379 -0.610165 -0.479937 -0.630364 -0.479601 -0.528159 -0.700736 -0.338882 -0.556823 -0.758358 -0.347058 -0.591221 -0.728017 -0.164644 -0.608249 -0.776483 -0.0214912 -0.640061 -0.768024 0.135465 -0.595522 -0.791835 0.307246 -0.574649 -0.758537 0.465677 -0.547388 -0.69535 0.570953 -0.513557 -0.640525 0.640804 -0.503137 -0.579848 0.760361 -0.21105 -0.614254 0.740683 -0.179135 -0.647534 0.647774 -0.198025 -0.735646 0.647266 -0.198746 -0.735898 0.485113 -0.186679 -0.854293 0.319071 -0.218759 -0.922138 0.0396062 -0.234632 -0.971277 -0.0710342 -0.244206 -0.967118 0.0240711 -0.675931 -0.736571 -0.0817731 -0.673365 -0.734774 0.019974 -0.666634 -0.745118 0.173556 -0.255031 -0.95123 0.53369 -0.233374 -0.812842 0.706667 -0.215195 -0.674027 0.741406 -0.437982 -0.508419 0.721312 -0.39566 -0.568474 0.640387 -0.495966 -0.586449 0.572203 -0.522874 -0.631812 0.356333 -0.269353 -0.894693 0.466285 -0.549469 -0.693298 0.308291 -0.582603 -0.752018 0.216372 -0.846304 -0.486778 0.0208202 -0.213361 -0.976752 0.16289 -0.237101 -0.957732 0.138261 -0.589929 -0.795529 0.0941623 -0.852321 -0.514473 0.0205103 -0.590154 -0.80703 -0.0650214 -0.584169 -0.809023 -0.146583 -0.583155 -0.799027 -0.102182 -0.220229 -0.970081 -0.172124 -0.248586 -0.953194 -0.0849656 -0.68005 -0.728226 -0.195846 -0.674751 -0.711587 -0.214535 -0.880727 -0.422249 -0.198078 -0.681264 -0.70473 -0.327907 -0.670441 -0.665571 -0.297506 -0.258091 -0.919173 -0.271248 -0.210204 -0.939276 -0.328392 -0.673592 -0.662142 -0.407981 -0.182693 -0.894525 -0.493588 -0.651253 -0.576403 -0.479896 -0.469885 -0.740883 -0.604302 -0.241664 -0.759221 -0.540752 -0.160785 -0.825673 -0.732722 0.11932 -0.669986 -0.669652 -0.134068 -0.730474 -0.704149 -0.127094 -0.698585 -0.801078 -0.104146 -0.58943 -0.873641 -0.0553786 -0.48341 -0.884213 -0.363689 -0.293082 -0.93899 -0.239771 -0.246593 -0.91903 -0.0292177 -0.393104 -0.795838 -0.374165 -0.47607 -0.746683 -0.554861 -0.36687 -0.784205 -0.552637 -0.282159 -0.53683 -0.828236 -0.160742 -0.357024 -0.911882 -0.202499 -0.597251 -0.70414 -0.384029 -0.594351 -0.699132 -0.397445 -0.47567 -0.758058 -0.446191 -0.519013 -0.807272 -0.280957 -0.366215 -0.889515 -0.273222 -0.359544 -0.91426 -0.186698 -0.22781 -0.95524 -0.188729 -0.361458 -0.801892 -0.475729 -0.360994 -0.801678 -0.476441 -0.253795 -0.82996 -0.496743 -0.273753 -0.91755 -0.288377 -0.19255 -0.933712 -0.301839 -0.209815 -0.953288 -0.217302 -0.175648 -0.963442 -0.202303 -0.110589 -0.973236 -0.201448 -0.103238 -0.970709 -0.216946 -0.0392147 -0.978727 -0.201386 -0.128351 -0.851831 -0.507848 -0.122186 -0.847849 -0.515968 -0.098069 -0.947477 -0.304417 -0.0256821 -0.973605 -0.226788 -0.0235755 -0.857388 -0.514131 -0.0185615 -0.853609 -0.520583 0.0874768 -0.856955 -0.507914 -0.0215263 -0.951394 -0.307224 0.0596414 -0.952577 -0.298395 0.0347011 -0.976531 -0.212564 0.211802 -0.839603 -0.500206 0.338943 -0.822264 -0.457165 0.148279 -0.947062 -0.284759 0.501754 -0.762977 -0.407566 0.356308 -0.831611 -0.425991 0.435962 -0.784135 -0.441667 0.269655 -0.926663 -0.261881 0.247718 -0.935414 -0.252261 0.322579 -0.926945 -0.191614 0.501005 -0.748939 -0.433686 0.373096 -0.891499 -0.256963 0.398578 -0.86393 -0.307832 0.411597 -0.888724 -0.201886 0.506886 -0.837831 -0.202746 0.519151 -0.824691 -0.224423 0.837439 -0.42623 -0.342089 0.754148 -0.554259 -0.352218 0.637079 -0.645542 -0.421195 0.639213 -0.677798 -0.363314 0.753747 -0.568497 -0.329662 0.823249 -0.175778 -0.539781 0.825595 -0.187198 -0.532306 0.873933 -0.200098 -0.442947 0.681575 -0.57389 -0.453988 0.638622 -0.712598 -0.290459 0.628465 -0.739324 -0.241726 0.635785 -0.717009 -0.285789 0.672338 -0.596325 -0.438588 0.598951 -0.598042 -0.532544 0.543914 -0.774586 -0.32276 0.544201 -0.757181 -0.361277 0.593813 -0.613783 -0.520246 0.51367 -0.618802 -0.59433 0.464971 -0.80048 -0.378199 0.460574 -0.785959 -0.41248 0.511186 -0.630078 -0.584544 0.37579 -0.635482 -0.674496 0.387669 -0.820006 -0.421073 0.379777 -0.807845 -0.450728 0.375626 -0.648321 -0.662257 0.239899 -0.648338 -0.72257 0.28824 -0.842791 -0.454556 0.268522 -0.824851 -0.497511 0.240375 -0.650793 -0.7202 0.128717 -0.667261 -0.733617 0.12607 -0.658201 -0.742212 0.18833 -0.870876 -0.45399 0.176919 -0.844471 -0.505538 0.103526 -0.846458 -0.522295 0.0765785 -0.861505 -0.501941 0.0856188 -0.886897 -0.453964 0.0250049 -0.859061 -0.511262 0.00500823 -0.87054 -0.492072 0.0171514 -0.897652 -0.44037 -0.0500907 -0.867212 -0.495414 -0.0639352 -0.875776 -0.478464 -0.0472132 -0.904694 -0.423437 -0.125059 -0.871196 -0.474739 -0.135935 -0.878938 -0.457154 -0.205621 -0.87225 -0.443735 -0.109993 -0.909413 -0.401085 -0.167519 -0.90835 -0.383194 -0.17443 -0.912912 -0.369008 -0.380357 -0.855432 -0.351517 -0.386749 -0.850729 -0.355929 -0.3729 -0.771864 -0.514949 -0.599111 -0.760487 -0.250449 -0.582702 -0.775744 -0.242238 -0.646446 -0.550182 -0.52859 -0.868293 -0.369353 -0.331128 -0.745171 -0.545189 -0.384042 -0.734065 -0.644129 -0.215051 -0.794217 -0.605504 -0.0508359 -0.808688 -0.579373 -0.101737 -0.676462 -0.733253 -0.0688337 -0.707572 -0.706104 0.0275565 -0.599835 -0.787279 -0.14279 -0.653812 -0.756348 -0.0216065 -0.661163 -0.747938 -0.0587629 -0.863836 -0.401444 -0.30435 -0.604076 -0.661303 -0.444714 -0.575046 -0.801871 -0.162248 -0.751701 -0.651734 -0.100941 -0.520367 -0.30926 -0.795975 -0.734331 -0.14343 -0.663465 -0.792447 -0.00601238 -0.609912 -0.788994 0 -0.614401 -0.736992 0.00655136 -0.675869 -0.675359 -0.102426 -0.730342 -0.732037 -0.115947 -0.671325 -0.678693 -0.0264114 -0.733947 -0.632925 0.00878362 -0.774163 -0.536006 0.0243723 -0.843862 -0.561568 -0.0146006 -0.827302 -0.665798 -0.109276 -0.738087 -0.616835 -0.0192589 -0.786857 -0.591692 -0.41291 -0.692392 -0.37261 -0.0700177 -0.925343 -0.373702 -0.0951716 -0.922653 -0.574724 -0.089989 -0.813385 -0.745705 -0.228745 -0.625779 -0.551154 -0.691239 -0.467352 -0.703478 -0.681885 -0.200378 -0.485363 -0.815002 -0.316535 -0.596294 -0.791464 -0.134234 -0.345387 -0.796851 -0.495719 -0.47782 -0.827172 -0.295761 -0.343112 -0.789944 -0.508195 -0.547555 -0.201768 -0.812079 -0.460254 -0.529351 -0.712708 -0.572438 -0.423407 -0.702169 -0.216591 -0.126783 -0.967995 -0.347135 -0.1927 -0.917804 -0.344485 -0.139352 -0.928392 -0.125008 -0.813559 -0.567886 -0.207433 -0.808421 -0.550843 -0.214309 -0.802595 -0.556699 -0.288859 -0.484076 -0.825973 -0.0593289 -0.160464 -0.985257 -0.190207 -0.174949 -0.96603 -0.0336773 -0.807415 -0.589022 -0.117468 -0.804084 -0.582795 -0.16224 -0.496948 -0.852479 0.0972673 -0.192126 -0.976538 -0.033105 -0.207867 -0.977597 -0.0230195 -0.796816 -0.603783 -0.0236944 -0.505908 -0.862262 0.259698 -0.216505 -0.941107 0.120249 -0.235053 -0.964516 0.0720494 -0.797961 -0.598387 0.0611641 -0.783857 -0.617921 0.110897 -0.508573 -0.853847 0.169126 -0.783229 -0.598288 0.159383 -0.765663 -0.623183 0.240637 -0.506326 -0.828087 0.542743 -0.246685 -0.802855 0.408086 -0.267304 -0.872934 0.271446 -0.762381 -0.587446 0.264757 -0.742263 -0.615588 0.369357 -0.494743 -0.786642 0.381561 -0.735566 -0.55978 0.379625 -0.717531 -0.583981 0.496947 -0.485884 -0.718999 0.759448 -0.276683 -0.5888 0.66091 -0.297913 -0.6888 0.490441 -0.707298 -0.509114 0.491431 -0.697302 -0.52179 0.614268 -0.478521 -0.62745 0.575638 -0.68592 -0.445146 0.579096 -0.671632 -0.462125 0.70303 -0.466621 -0.536669 0.740107 -0.61855 -0.26389 0.657885 -0.657255 -0.367699 0.664802 -0.638251 -0.388168 0.783621 -0.444891 -0.433601 0.858828 -0.411619 -0.304932 0.906953 -0.27719 -0.317179 0.987081 -0.157578 -0.0290019 0.989392 -0.14527 0.000540001 0.994559 -0.0984619 -0.0340334 0.994499 -0.104224 0.0104229 0.995873 -0.0907419 0.00187547 0.956783 -0.290339 0.0164502 0.93097 -0.360063 -0.0604051 0.981079 -0.185005 -0.0570708 0.982843 -0.180591 -0.0374965 0.974284 -0.216662 0.0618732 0.826685 -0.557474 -0.0762483 0.870675 -0.471382 -0.140445 0.944673 -0.315605 -0.0893621 0.952547 -0.303016 -0.0289198 0.891039 -0.453112 -0.0271666 0.799243 -0.601004 0.00240239 0.924145 -0.373452 0.0805532 0.916306 -0.394904 0.0665817 0.901986 -0.387898 0.189621 0.922316 -0.386436 0.000929429 0.979745 -0.0974919 0.174916 0.996251 -0.0131348 -0.0855065 0.982729 -0.115971 -0.144204 0.983017 -0.0640347 -0.171978 0.939534 -0.241484 -0.242821 0.990018 -0.0505675 -0.131555 0.967014 -0.251584 -0.039876 0.754666 -0.649433 -0.0933582 0.833742 -0.54777 -0.0694496 0.835707 -0.548156 -0.0334464 0.750657 -0.629578 -0.200365 0.782242 -0.616252 -0.0912685 0.844779 -0.501808 -0.185841 0.904621 -0.13982 -0.402631 0.826136 -0.52117 -0.214199 0.765983 -0.541198 -0.346951 0.954381 -0.144355 -0.261378 0.925268 -0.198889 -0.32299 0.948338 -0.226804 -0.221845 0.948892 -0.200827 -0.24346 0.0316957 -0.0636921 -0.997466 0.301035 -0.0103661 -0.953557 0.297828 -0.00433351 -0.95461 0.475264 0.023667 -0.879525 0.504484 -0.0204871 -0.863178 0.662168 0.00439856 -0.749342 0.726596 -0.0109039 -0.686978 0.726152 -0.000606751 -0.687534 0.726577 -0.00065403 -0.687084 0.726226 7.52582e-05 -0.687456 0.72624 -0.000424682 -0.687441 0.725949 0.00384641 -0.687738 0.726222 0.00047031 -0.68746 0.72645 8.83386e-05 -0.68722 0.726408 0.000166767 -0.687263 0.726403 -0.000114202 -0.687269 0.726108 5.69729e-05 -0.687581 0.726696 -0.000621504 -0.686959 0.727314 0.0018782 -0.686303 0.727852 -0.000574587 -0.685734 0.734285 0.0311984 -0.678124 0.717618 -0.235747 -0.655322 0.512898 -0.697491 -0.500441 0.187102 -0.966265 -0.176989 0.177627 -0.951751 -0.250237 0.000660922 -1 -8.44978e-05 -0.000117118 -1 -8.78684e-05 -0.000583929 -1 -0.000274029 -0.000113989 -1 -7.6133e-06 8.1722e-05 -1 -0.000128805 0.000198465 -1 0.000246046 0.00017535 -1 0.000320536 0 -1 0 0 -1 0 9.85262e-05 -1 0.000267542 -2.42573e-05 -1 0.000441085 -0.000132748 -1 0.000197789 7.80258e-05 -1 -0.00019899 0.00014185 -1 -0.000217702 0.000141666 -1 -0.000219264 0.000122496 -1 -0.000209153 0.000186718 -1 -0.000222192 0.000236285 -1 -0.000169684 0.000235474 -1 -0.000175145 4.12813e-06 -1 -8.11282e-06 0.000213914 -1 5.28486e-06 0.000483708 -0.965814 -0.259234 0.000558155 -0.694211 -0.719771 0.0330255 -0.194209 -0.980404 -0.00124052 0.00187844 -0.999997 0.000663496 2.65341e-07 -1 0.000382317 -3.76557e-05 -1 0.00119771 -5.11839e-06 -0.999999 0.0021855 0.00059924 -0.999997 0.00102889 -0.000684245 -0.999999 0.00053021 -6.55646e-05 -1 0.000645093 -2.73338e-05 -1 0.000446502 2.35952e-05 -1 0.00047186 4.46642e-05 -1 0.000569565 0.000308893 -1 -0.000747415 0.00210842 -0.999997 -0.000489464 0.0023212 -0.999997 0.000410331 0.000131606 -1 0.000535057 -9.60575e-05 -1 0.000288482 0.000161397 -1 -4.54975e-05 -0.000580725 -1 0.00119677 0.000216102 -0.999999 0.000361375 -0.000357969 -1 0.000393181 -3.32486e-05 -1 0.000598825 0.000227867 -1 0.000458806 -8.56862e-05 -1 -0.0719249 -0.0610438 -0.99554 -0.011458 -0.699716 -0.714329 0.0210016 -0.960789 -0.276484 -2.62506e-06 -1 -1.73467e-05 -2.20335e-06 -1 -2.25509e-06 -1.70049e-05 -1 -5.16996e-05 0.000463938 -1 -5.49296e-05 0.000377884 -1 -0.000206741 0.00023867 -1 -0.00017065 0.000145765 -1 -0.000132246 8.18618e-05 -1 -3.76439e-05 1.84095e-05 -1 -6.12531e-05 -0.00013773 -1 0.000199963 -6.17825e-05 -1 0.000118922 -7.91729e-05 -1 0.000200032 8.76e-05 -1 0.000191171 -0.000383633 -1 -0.000903876 -0.000121702 -1 -0.000114846 0.00144974 -0.999995 0.00282307 0.516362 -0.70341 -0.488451 0.700889 -0.264126 -0.662565 0.727116 -0.00975522 -0.686445 0.727007 0.00198083 -0.686627 0.726127 -0.000269193 -0.68756 0.726401 -7.20653e-05 -0.687271 0.726353 -7.42737e-05 -0.687321 0.726162 -0.000209425 -0.687524 0.726103 8.47449e-05 -0.687586 0.729553 0.00153347 -0.683923 0.726247 -0.000430553 -0.687433 0.726423 7.88673e-05 -0.687248 0.726201 -0.000833091 -0.687482 0.73201 0.00792323 -0.681248 0.657705 0.0158358 -0.753109 0.0936427 0.0272819 -0.995232 -0.00143486 -0.00178211 -0.999997 0.00172169 -0.729999 -0.683446 -0.000632421 -0.693621 -0.72034 0.559726 -0.827446 -0.0451711 0.00105722 -0.999996 -0.00264346 0.320118 -0.945773 -0.0551186 0.962957 -0.232335 -0.136871 0.983158 -0.0425593 -0.177732 0.991185 -0.000296014 -0.132488 0.570951 -0.800878 -0.180581 -0.000227456 -1 -0.000197316 6.60098e-05 -1 0.000462196 4.56858e-05 -1 -0.000146181 0.872019 -0.283216 -0.399213 0.585719 -0.789888 -0.181688 0.906856 -0.000436253 -0.421441 0.947854 0.000559765 -0.318704 0.902328 -0.279949 -0.327769 0.947922 0.000770279 -0.318501 0.92387 0.18468 -0.335197 0.907707 2.78727e-05 -0.419605 0.585762 0.691097 -0.4234 0.361702 0.853505 -0.375101 0.611372 0.00235969 -0.79134 0.612705 0.00384662 -0.790303 0.682196 -0.000616332 -0.731169 0.631493 -0.0216864 -0.775079 0.683374 9.61524e-06 -0.730068 0.525034 -0.0145307 -0.850957 0.434701 -0.0018916 -0.900573 0.535971 -0.00117045 -0.844235 0.44244 0.00287338 -0.896794 0.501857 0.0391832 -0.864063 0.403377 0.800533 -0.443208 0.217521 0.92529 -0.310681 -1.36051e-05 1 4.70635e-05 -2.82976e-05 1 5.33933e-05 -0.320378 0.835684 0.446084 -0.221179 0.859129 0.461495 -0.0922117 0.980206 0.175193 -0.453047 0.318574 0.832622 -0.403381 -0.00317237 0.915026 -0.395802 0.00122075 0.918335 -0.271302 0.728448 0.629094 -0.265951 0.559901 0.784717 -0.292946 -0.0112694 0.956063 -0.272155 -0.301859 0.913681 -0.208065 -0.473522 0.855854 -0.000332304 -1 0.000313179 -0.0722998 -0.747815 0.659958 -0.0518365 -0.26191 0.963699 -0.00428233 -0.985654 0.168725 0.0272406 -0.774751 0.631679 0.0142947 -0.00538514 0.999883 0.000398024 -0.373177 0.92776 0.034035 0.575031 0.817423 0.076661 -0.0132707 0.996969 0.101639 0.00443329 0.994811 0.147763 -0.00989275 0.988973 0.179145 0.0120942 0.983748 0.132151 -0.685208 0.716258 0.000566657 -0.999976 0.0069101 -0.000478505 -1 -0.000320103 0.00826526 -0.999865 0.0141682 -4.69192e-06 -1 -3.32706e-05 0.0826156 -0.978042 0.191335 -6.57389e-05 -1 -0.000155361 -3.19729e-05 -1 9.31821e-05 -0.000270292 -1 -0.000139321 8.04459e-05 -1 -0.000359693 -0.000666905 -0.999999 0.000834368 0.000482892 -0.999998 -0.00173684 0.00181886 -0.999984 -0.00532117 0.0381902 -0.987923 0.150167 -5.2759e-05 -1 -2.35131e-05 -0.532151 -0.818508 -0.216474 -0.911601 -0.239267 -0.334267 -0.938681 0.000513257 -0.344785 -0.911832 0.0238103 -0.409872 -0.82926 0.204535 -0.520089 -0.84695 -0.000543078 -0.531673 -0.866437 0.0293416 -0.498423 -0.785796 -0.0478511 -0.616632 -0.718447 0.00104149 -0.695581 -0.719071 0.00225079 -0.694933 -0.704612 0.195028 -0.682266 -0.830364 -0.197083 -0.521205 -0.84634 0.000983546 -0.532642 -0.861203 -0.0470949 -0.506075 -0.308843 -0.913011 -0.266508 -0.78908 0.0547342 -0.611847 -0.705557 -0.192652 -0.681964 -0.676898 0.0535902 -0.734124 -0.574637 -0.554951 -0.601516 -0.5372 -0.625118 -0.566254 -0.556967 -0.130847 -0.820163 -0.556029 -0.116231 -0.822996 -0.328631 -0.791211 -0.51574 -0.415064 -0.569778 -0.709277 -0.311358 -0.764652 -0.564238 -0.46131 0.00300302 -0.887234 -0.466475 -0.0137677 -0.884427 -0.352802 -0.146019 -0.924234 -0.46652 -1.7051e-05 -0.884511 -0.377356 0.000305166 -0.926068 -0.375648 0.00183389 -0.926761 -0.289371 -0.00195687 -0.957215 -0.462868 0.00942721 -0.886377 -0.466468 0 -0.884538 -0.557523 0 -0.830161 -0.552682 0.415658 -0.722337 -0.548032 0.118715 -0.82799 -0.653226 -0.00818583 -0.757119 -0.561246 0.00417011 -0.827639 -0.673441 -0.0541996 -0.737251 -1.79685e-05 1 -0.0002313 5.29691e-05 1 5.82311e-05 -0.000248206 1 -7.66127e-05 0.0359708 0.997192 0.0656826 -1.45402e-05 1 1.21643e-05 0.00179221 0.999985 -0.00521362 -0.000311731 1 -6.89584e-05 0.000215881 1 0.000149616 -0.000145945 1 2.79106e-05 0.00730792 0.999246 0.0381422 2.02234e-05 1 -3.1902e-06 0.255629 0.496535 0.829522 0.289352 0.385775 0.876044 0.311725 -0.00924594 0.950127 0.393518 0.00521282 0.919302 0.332956 0.444458 0.831624 0.419032 -0.00346337 0.907965 0.455824 0.00227477 0.890067 0.440788 0.360954 0.821838 0.460194 0.40556 0.789773 0.336452 0.786113 0.518484 0.594982 0.000626839 0.803739 0.486766 0.595728 0.63888 0.453164 0.703548 0.547414 0.679001 -0.000947455 0.734137 0.600489 -0.545733 0.584456 0.681735 0.00167669 0.731598 0.441526 -0.789809 0.425742 0.00040212 -1 1.48838e-05 0.476568 -0.746123 0.464955 0.475825 -0.809814 0.343208 0.785543 0.053993 0.616447 0.808199 0.000661719 0.588909 0.797633 -0.0506599 0.601012 0.810967 0.00826933 0.585034 0.746676 -0.0029632 0.665181 0.733514 0.00646475 0.679644 0.000129056 1 4.34512e-05 0.119416 0.986421 0.112757 0.448662 0.815627 0.365314 0.245704 0.940538 0.23456 0.784647 0.405103 0.469277 0.625035 0.72142 0.298135 0.52606 0.814968 0.243081 0.000129899 1 4.27379e-05 0.919377 -0.0241421 0.392635 0.901156 0.128502 0.414011 0.68956 -0.674582 0.263527 0.244128 -0.967675 0.0633057 0.386387 -0.922208 0.0154211 0.70742 -0.706743 0.00844514 0.710819 -0.70333 0.00797461 0.965855 -0.258919 0.0092581 0.96959 -0.244603 0.00805996 0.964768 0.262959 0.00872203 0.711257 0.702856 0.0103014 0.375688 0.926685 0.0106737 0.844342 -0.0474698 0.533697 0.834006 0.04072 0.550251 0.850798 0.0333031 0.524437 0.869747 -0.00971986 0.493403 0.887936 -0.0261985 0.459221 -0.10245 -0.967806 -0.229902 0.833785 -0.0128806 0.551939 0.255722 -0.951721 0.169802 0.486024 -0.798713 0.354736 -5.19546e-05 -1 0.000105431 8.11175e-06 -1 1.3863e-05 0.65621 -0.672335 0.342571 0.693989 -0.64948 0.310732 0.493081 -0.84799 0.194379 0.963374 -0.0163184 0.267665 0.96036 -0.0424677 0.27551 0.974596 0.00931998 0.223778 0.508973 -0.858434 0.0635388 0.927648 -0.362815 0.0885143 0.520314 -0.85137 0.0666486 0.990925 0.0513514 0.124222 0.991377 -0.0491962 0.121456 0.995867 0.0024201 0.0907881 0.998728 -0.00532243 0.0501498 0.998833 0.00704328 0.0477844 0.974012 -0.0114656 -0.226207 0.934828 0.00296379 -0.355089 0.437642 -0.548416 -0.712537 0.347751 -0.653776 -0.672047 0.00161257 -0.678746 -0.734371 0.00433229 -0.720877 -0.69305 -0.000360069 -0.000214335 -1 -0.00224921 -0.00288072 -0.999993 -0.793784 -0.6023 -0.0845122 -0.981241 -0.158897 -0.109166 -0.980358 -0.0830519 -0.178888 -0.953031 -0.272826 -0.13152 -0.989855 -9.67518e-07 -0.142079 -0.989773 0.000766166 -0.142652 -0.00202519 0.94973 -0.313063 -0.000282431 1 -0.000706309 -3.54882e-05 1 -0.000283776 -0.79317 0.598158 -0.114406 -0.681774 0.722631 -0.113965 -0.611023 0.768523 -0.1898 0.000125762 1 -5.62571e-05 -0.769931 0.582835 -0.259826 -6.82388e-06 1 8.59101e-05 0.378072 0.920612 0.0976448 0.672188 0.707558 0.218001 0.976922 -0.00238265 0.213583 0.963224 0.00237287 0.268687 0.956912 0.0313802 0.288677 -0.70039 0.713104 0.0305875 -0.253207 0.967386 0.00706492 -0.703423 0.710721 0.00848884 -0.259093 0.965815 0.00852021 2.76212e-07 -1.02621e-07 1 -3.19165e-07 -2.62077e-07 1 0.259227 0.965779 0.00849672 0.707081 0.707081 0.00851849 0.706798 0.707364 0.00856674 0.258634 0.965939 0.00842268 -0.260438 0.965454 0.00841437 0.0299419 0.999477 0.0121865 0.258231 0.963128 0.0755071 0.270964 0.929938 0.248584 0.528345 0.73669 0.422066 -0.598659 0.744523 0.295453 0.0374352 0.784426 0.619091 -0.0142893 0.985337 0.17002 0.927273 0.0484904 0.371232 0.888518 0.00960104 0.45874 0.869376 -0.0418031 0.49238 0.909263 -0.0734598 0.409689 0.902006 0.00182408 0.43172 6.64621e-07 -2.62077e-07 1 9.16193e-07 -3.29498e-07 1 0.965714 0.259474 0.00841881 -1.83891e-07 3.05731e-07 1 0.70705 -0.707112 0.0085081 0.259525 -0.965699 0.00848604 0.259048 -0.965827 0.00854379 -0.178358 -0.983088 0.0415549 -0.268342 -0.963285 0.0086361 -0.733394 -0.679567 0.0179538 -0.258884 -0.965886 0.00664066 0.330423 -0.576052 0.747653 -0.980796 -0.192911 0.0287214 -0.965455 0.258959 0.0289293 -0.965904 -0.258887 0.0025221 -0.949159 0.314562 0.01215 9.04551e-08 2.42443e-08 1 6.62013e-08 -1.77568e-08 1 -4.21364e-07 -5.0533e-07 1 -0.707069 0.707077 0.00980209 -0.707088 -0.707096 0.00649607 1.14696e-07 1.14697e-07 1 -0.599047 -0.680199 0.42246 0.363297 -0.772803 0.520376 0.936811 -0.0464254 0.346742 -0.411584 -0.910948 0.0277966 0.481107 -0.808545 0.338808 1.14696e-07 4.27927e-07 1 0.676751 0.725359 0.125944 0.00685592 0.494655 -0.869063 -0.00144913 0.942257 -0.334888 0.000714782 0.652316 -0.757947 0.444219 0.00491465 -0.895905 0.39247 0.00183593 -0.919763 0.464456 0.873716 0.144573 0.834788 0.545279 0.0761555 0.704766 0.705178 0.077648 -0.966019 -0.0147779 -0.258047 -0.915651 0.221618 -0.335364 -0.924004 0.0728436 -0.37538 -0.277531 0.947265 -0.160206 -0.374551 0.915155 -0.149009 -0.980581 0.0956033 -0.171235 -0.960547 0.242183 -0.136733 -0.993462 0.0701882 -0.0900423 -0.322019 0.946458 0.0228006 -0.632746 0.000660497 -0.774359 -0.651394 0.0127824 -0.758632 -0.842234 0.000544439 -0.539112 -0.938857 -0.000160615 -0.344308 -0.708766 -0.655462 -0.260808 3.09998e-05 -1 9.34037e-05 0.926906 -0.261212 0.269471 0.000103906 -1 -0.000109127 -0.00116201 -0.999997 -0.00216492 -0.617809 -0.783565 -0.0658635 -0.871679 -0.477776 -0.109112 -0.788887 -0.592633 -0.162612 -0.385476 -0.920858 -0.0585545 0.335073 -0.941488 0.0364075 -0.369406 -0.922989 -0.107843 -0.961266 0.00262355 -0.275609 0.984961 -0.00611919 0.172668 0.31061 -0.875512 0.370134 0.147303 -0.966641 0.209541 0.365049 -0.724472 0.584705 0.379773 -0.68619 0.620416 0.251056 -0.795011 0.552203 0.265324 -0.76041 0.592773 0.306852 -0.48326 0.81994 0.239764 -0.0103968 0.970776 0.237192 0.368297 0.898942 0.257342 0.00269342 0.966317 0.125425 0.623367 0.771804 0.0622766 0.85632 0.512677 0.0348317 0.625838 0.779175 -0.0686798 0.604354 0.79375 -0.0698641 0.558267 0.826714 -0.0228097 0.225884 0.973887 -0.0229241 0.00869578 0.999699 -0.0621133 -0.00626639 0.998049 -0.0100821 0.997547 0.0692721 -0.0191351 0.954356 0.298058 -0.146269 0.74007 0.656431 -0.201314 -0.0212902 0.979295 -0.251996 0.00259819 0.967725 -0.17277 0.00123958 0.984961 -0.174195 -0.300122 0.937861 -0.122059 0.00583348 0.992506 -0.177925 0.730975 0.6588 -0.137443 0.815902 0.561616 0.124231 -0.828526 0.545996 0.194878 -0.64436 0.739475 0.346551 0.0194175 0.93783 0.346186 -0.676742 0.649751 0.464615 -0.000558068 0.885512 0.518334 -0.000736345 0.855178 0.52066 0.000769838 0.853764 0.626672 -0.00649915 0.779256 0.589485 0.00504978 0.807764 0.293913 0.692424 0.658911 -0.185292 0.949123 -0.254623 -0.288148 0.797064 -0.530717 -0.401727 0.600717 -0.691198 -0.293224 0.721575 -0.627175 -0.301338 0.454808 -0.83806 -0.169435 0.610929 -0.773342 -0.137175 0.539904 -0.830474 -0.14067 0.371189 -0.91784 -0.0720842 0.701493 -0.709021 0.0343847 0.729193 -0.683444 0.0328833 -0.000646147 -0.999459 0.0419753 0.00602883 -0.9991 0.139688 3.84347e-05 -0.990196 0.242998 -0.000648704 -0.970027 0.138251 -0.000543992 -0.990397 0.237743 0.00265755 -0.971324 0.343362 -0.0010752 -0.939203 0.302174 0.461373 -0.834162 0.326965 0.366429 -0.871105 0.104403 0.970043 -0.219354 -3.27297e-05 1 5.93316e-05 0.35469 0.692255 -0.628473 0.317725 0.709845 -0.628626 0.267796 0.842235 -0.467895 0.476544 0.41338 -0.775901 0.10003 0.909765 -0.402891 0.286358 0.239448 -0.92772 0.169004 0.701418 -0.692423 0.0959719 0.732151 -0.674347 0.0697184 0.563935 -0.822871 0.222874 -0.381425 -0.89713 0.344019 -0.000746543 -0.938962 0.189849 -0.694222 -0.694272 0.113583 -0.881769 -0.457801 0.0969972 -0.975409 -0.197913 0.372339 -0.256175 -0.892042 0.336452 -0.629807 -0.700103 0.280979 -0.586228 -0.75986 0.488726 -0.435171 -0.756157 0.37234 -0.652761 -0.659747 0.217602 -0.901993 -0.372904 -5.82303e-05 -1 0.000103025 0.0782967 -0.622123 -0.778995 0.095438 -0.736045 -0.670171 0.0282565 -0.745549 -0.665852 -0.0180003 -0.615449 -0.787971 -0.0389622 -0.756772 -0.652517 -0.0638278 -0.00235441 -0.997958 -0.0670385 -0.011835 -0.99768 -0.110906 -0.0186856 -0.993655 -0.195292 -0.170829 -0.965753 -0.274195 0.00275695 -0.96167 -0.170028 -0.00206921 -0.985437 -0.139848 -0.564221 -0.813694 -0.182259 -0.713467 -0.67657 -0.304511 -0.569544 -0.763474 -0.207245 -0.790721 -0.57603 -0.131735 -0.678917 -0.7223 -0.131477 -0.679716 -0.721595 -0.0670432 -0.000474167 -0.99775 -0.178105 0.00472023 -0.984 -0.0653695 0.000275656 -0.997861 0.0591056 -0.148998 -0.987069 -0.299743 0.895905 -0.327886 -0.671279 0.169417 -0.721583 -0.550791 0.742549 -0.381117 -0.284873 0.905864 -0.313462 -0.278942 0.934622 -0.220619 -0.677784 -0.61711 -0.39973 -0.676732 -0.618583 -0.399236 0.0818096 -0.562069 0.823034 -0.241456 -0.739599 0.628246 -0.299396 -0.734851 0.608568 -0.306255 -0.634604 0.709567 0.000241804 -1 1.94291e-07 -0.364387 -0.622381 0.692722 -0.419924 -0.559696 0.714426 -0.503359 -0.00342011 0.864071 -0.557849 -0.00129992 0.829941 -0.525455 0.00190934 0.850819 -0.56438 0.00161279 0.825514 -0.38626 0.818551 0.425179 -0.623809 0.000775527 0.781576 -0.621326 -0.000726524 0.783552 -0.490569 -0.619841 0.612485 -0.0647135 -0.992219 0.106363 -0.39164 -0.70087 0.596153 -0.336812 -0.801962 0.493371 -4.32751e-05 -1 5.75591e-05 0.450409 -0.766624 -0.457624 -5.02136e-05 -1 5.00926e-05 0.400254 -0.824046 -0.40093 -0.000225226 -1 5.28233e-05 -0.597819 -0.51245 0.616447 -0.681926 -0.000111742 0.731421 -0.353439 0.851224 0.387941 -0.37599 0.832082 0.407764 -9.42647e-05 1 -0.000125386 1.19343e-05 1 7.42783e-05 -0.621808 0.545774 0.561681 -0.630189 0.578426 0.517962 -0.783694 0.000971274 0.621146 -0.735234 -0.001007 0.677813 -0.738023 0.00101595 0.674775 -0.689572 -0.357649 0.629744 -0.679758 -0.436494 0.589408 -0.832537 -0.0279937 0.553261 -0.82757 -0.0122438 0.561229 -0.965287 0.261071 0.00794822 -0.96312 0.268936 0.00861298 -0.706691 0.707473 0.0083486 -0.79806 0.0316879 0.601744 -0.831344 0.0214132 0.555346 -0.271576 0.945695 0.178626 -0.414444 0.862368 0.290788 7.78315e-05 1 -1.54254e-05 8.73146e-05 1 -0.000163883 0.578255 0.740654 -0.34213 6.77385e-05 1 -3.33948e-05 -0.698363 0.65556 0.28728 -0.904449 -0.0643457 0.421702 -0.88618 -0.0101159 0.46323 -0.889253 0.0199667 0.45698 -0.876962 -0.00849424 0.480485 -0.700282 -0.713801 0.00964331 -0.73229 -0.680976 0.00483455 -0.230266 -0.973053 0.0120885 -0.00980994 -0.944376 0.32872 0.0340688 -0.949583 0.311661 0.319523 -0.947484 0.0134083 0.713223 -0.700897 0.00747422 0.283883 -0.958836 0.00657739 0.800929 -0.597728 0.0351401 0.95951 -0.281486 -0.0103237 0.994158 0.0954888 0.0503097 0.975453 0.219858 0.0124378 0.729276 0.684147 0.00991646 0.420389 0.907225 0.014651 0.123925 0.992076 -0.0206621 0.0517423 0.111074 0.992464 0.0696469 0.207089 0.97584 -0.000602302 0.00161077 0.999999 -0.00317418 0.00366216 0.999988 4.94638e-05 -0.001426 0.999999 -0.0268497 -0.0171713 0.999492 -0.00342534 -0.00457101 0.999984 0.000285181 -0.000984546 0.999999 -0.300932 -0.953642 0.00261063 0.135649 -0.0386629 0.990002 -0.924096 0.380506 0.0355226 -0.707065 0.707071 -0.0104203 -0.273793 0.961711 0.0121871 -0.128064 0.991493 -0.0232538 -0.707085 0.707081 0.00825699 -0.477565 0.878275 0.023757 0.059404 0.563812 0.823764 -0.256898 0.96638 0.0106054 -0.916128 0.0387698 0.399006 -0.901729 -0.0382316 0.430608 -0.7535 -0.62884 0.19183 -0.690359 -0.711359 0.131805 -0.966834 -0.00427404 0.255369 -0.970824 0.00259132 0.23978 -0.966444 -0.00798538 0.256754 -0.96443 -0.001628 0.264332 -0.0501672 -0.780299 0.623391 0.565731 0.10007 0.818495 -0.520132 0.433647 0.735807 0.61303 0.757355 0.224962 -0.461149 0.784388 0.414821 0.278834 0.960284 0.0103156 -0.240205 0.950294 0.198097 -0.348236 -0.651836 0.673677 -0.952805 0.0357633 0.301468 -0.956912 -0.0505503 0.285946 -0.930618 0.092123 0.354208 -0.622495 0.766549 0.157805 -3.72794e-05 1 -0.000702955 -0.350344 0.935688 0.0417974 -0.818362 0.573071 0.0432899 -0.942719 0.292288 -0.160777 -0.000417725 0.439641 -0.898173 -0.0053086 0.352504 -0.935795 -0.000345322 -0.000199642 -1 0.333319 7.8983e-05 -0.942814 0.40687 -0.00378333 -0.913478 0.916289 0.00357278 -0.400502 0.710814 -0.699109 -0.0773933 0.250511 -0.612962 -0.749347 0.995885 -0.0496927 -0.075786 0.839286 -0.00179528 -0.543687 0.969383 0.208917 -0.129037 0.992397 0.0856411 -0.0883969 0.991138 0.000140604 -0.132833 0.00830218 0.928192 -0.372009 -0.000631051 1 0.000238102 0.617234 0.780644 -0.0980639 0.337897 0.940966 -0.0202255 0.98111 -0.0236366 -0.192003 0.783638 0.560032 -0.268843 0.763453 0.589289 -0.264345 0.577399 0.742127 -0.340379 5.48972e-05 1 -2.48328e-06 0.592958 0.799447 -0.0963591 -0.777055 -0.0106369 -0.629343 -0.99845 -0.0100346 0.0547441 -0.476164 -0.875827 0.0787068 -0.991718 0.0467506 0.119627 -0.996003 -0.000188457 0.0893183 -0.993891 -0.0254283 0.107397 -0.982728 0.00139636 0.18505 -0.982113 0.00300951 0.188271 -0.669953 0.727563 0.1477 -0.983017 0.0307864 -0.180913 -0.925738 -0.341959 0.161469 -0.940373 0.00599196 -0.340094 -0.291401 0.951658 0.0971212 -0.957348 0.0125173 0.288665 -0.536439 -0.824202 0.181451 -0.444424 -0.885393 0.136258 -0.544264 -0.791267 0.2787 -0.627935 -0.707133 0.325054 -0.895807 0.0190256 0.444037 -0.873528 0.0345401 0.485546 -0.671613 -0.60306 0.430411 -0.07893 -0.995577 0.0509564 -6.02652e-05 -1 0.000127612 -0.301969 -0.928163 0.217549 0.157589 -0.982285 -0.1014 0.730537 -0.318127 -0.604244 0.655138 0.339615 -0.674874 0.636665 -0.53831 -0.55216 0.812159 -8.91643e-05 -0.583437 0.852437 -0.120282 -0.508806 0.868704 0.00290732 -0.495323 0.867321 0.00107178 -0.497748 0.634887 -0.691201 -0.345195 0.620739 -0.635555 -0.459079 0.114029 -0.989779 -0.085642 9.03955e-06 -1 -0.000188703 0.904 0.0353311 -0.42607 0.920583 -0.0726781 -0.383726 0.8115 -0.000457895 -0.584352 0.754963 0.000542775 -0.655767 -0.934514 -0.0547292 0.351694 0.767759 0.640282 0.0242031 -0.485591 -0.831013 0.271327 -0.972209 -0.234024 0.00656617 -0.779516 0.487932 0.392782 0.758992 0.494713 -0.423308 -0.966166 -0.257776 0.00869575 -0.823754 -0.00165532 0.566946 -0.7856 -0.000330212 0.618735 0.421549 0.836928 -0.349068 -8.14861e-05 1 -3.14383e-06 -0.680512 0.000850123 0.732736 -0.460679 -0.729665 0.505335 0.226059 -0.930521 -0.288145 -0.467531 0.00257397 0.883973 -0.461934 0.000361853 0.886914 -0.320164 0.00303817 0.947357 0.756104 0.00156892 -0.654449 0.630918 0.527497 -0.568937 0.151 -0.0691946 -0.986109 -0.0090425 -0.0802011 -0.996738 -0.00974018 -0.022599 -0.999697 -0.00514125 -0.0338997 -0.999412 -0.187976 0 -0.982174 -0.380228 -0.112538 -0.918021 -0.381051 -0.0530496 -0.923031 -0.37561 -0.0345922 -0.926132 -0.421954 0.00384824 -0.906609 -0.53849 0 -0.842632 -0.661921 -0.108375 -0.741698 -0.707986 -0.00264882 -0.706222 -0.701451 -0.0266512 -0.712219 -0.78353 -0.113211 -0.610953 -0.885942 0 -0.463796 -0.944043 -0.148448 -0.294527 -0.854881 -0.49688 0.149294 -0.989692 -0.0752878 -0.121822 -0.994284 0.00513109 0.106643 -0.97075 -0.0508079 0.234655 -0.913883 -0.0276913 0.405031 -0.924959 -0.0373727 0.378225 -0.9247 -0.0346588 0.379116 -0.82685 0.0112008 0.562311 -0.712379 -0.0875538 0.696312 -0.576199 0 0.81731 -0.581259 0.0329019 0.813053 -0.709833 -0.00931195 0.704309 -0.709374 -0.0110227 0.704747 -0.712496 -0.0857251 0.69642 -0.711207 -0.0726016 0.699223 -0.826927 0.0120272 0.562181 -0.917941 -0.122096 0.377462 -0.912795 -0.089775 0.398429 -0.940165 0.00616277 0.340665 -0.970366 -0.0806579 0.227783 -0.999262 -0.0302149 0.0237138 -0.992307 -0.109934 0.0569398 -0.99992 -0.000240365 -0.0126417 -0.991783 -0.0524561 -0.116682 -0.999963 -0.000531392 -0.00862911 -0.954838 -0.0857685 -0.28448 -0.968849 0.0185323 -0.24696 -0.935143 0 -0.35427 -0.885942 0 -0.463796 -0.800368 0 -0.599509 -0.742246 -0.0128178 -0.670005 -0.744631 -0.00328312 -0.667468 -0.72904 0.000503292 -0.684471 -0.699192 -0.001235 -0.714933 -0.632679 0 -0.774414 -0.519983 -0.0820208 -0.85023 -0.358999 -0.0790001 -0.929988 -0.360457 -0.0293744 -0.932313 -0.189602 0.00829817 -0.981826 -0.0110191 -0.072446 -0.997311 -0.070124 0 -0.997538 0.0965303 0.0354265 -0.994699 0.204562 0.0434853 -0.977887 0.401844 -0.412589 -0.817491 0.000805152 -1 2.66133e-05 0.186568 -0.807235 -0.559967 0.902195 -0.429986 0.0340026 0.609925 -0.760319 0.223397 0.959073 -0.271608 -0.080049 0.409423 -0.0588484 -0.910445 -0.0202922 -0.936131 -0.351064 0.0246689 -0.998792 -0.0424871 0.0125213 -0.999497 -0.029141 0.528116 -0.258122 -0.808991 0.61859 -0.247711 -0.745644 0.50238 -0.707438 0.497137 0.702623 -0.259641 0.662501 0.7511 -0.108309 0.651244 0.448526 -0.794918 0.408571 0.172246 -0.965511 0.195245 0.0236053 -0.999556 -0.0181932 0.615669 -0.257792 -0.744645 0.431216 -0.72457 -0.537635 0.396936 -0.761588 -0.512274 -0.529034 -0.292286 -0.796676 -0.289798 -0.0896128 -0.952883 0.25907 -0.745579 -0.613999 0.889996 -0.119166 -0.440122 0.912678 -0.0704847 0.402555 0.00286371 -0.999966 0.00767216 -0.925669 -0.0217976 -0.377706 -0.923845 0 -0.382766 -0.928383 -0.0139572 -0.371362 -0.915434 0.0405391 -0.400421 -0.525423 -0.815327 -0.243254 -0.22065 -0.972367 -0.0762674 0.469323 -0.866407 0.170515 0.912843 -0.0303983 0.407178 0.918359 -0.0461205 0.393052 0.923832 0 0.382799 0.852497 -0.27025 -0.447453 0.359672 -0.49073 -0.793612 0.000380546 -0.999999 -0.000936092 -0.282949 -0.344894 -0.894979 0.420227 -0.545799 -0.724923 0.362565 -0.757205 -0.543311 -0.63826 -0.442805 -0.629721 0.00249177 -0.999684 -0.0250273 0.00984801 -0.999869 -0.0128444 0.190591 -0.899916 -0.392208 -0.111924 -0.932874 -0.342374 -0.533423 -0.688991 -0.490664 -0.626108 -0.235422 -0.743348 -0.579655 -0.311351 -0.753034 0.216872 -0.707438 -0.67268 0.0981869 -0.429258 -0.897829 0.198805 0.141635 -0.969751 0.394674 -0.0811032 -0.915235 0.226702 -0.771592 -0.59435 0.41017 0.0375739 -0.911235 0.356479 -0.0177582 -0.934135 0.964813 -0.204998 -0.164658 0.723071 -0.654225 0.221718 0.648548 -0.72447 0.233513 0.247331 -0.965154 0.0854664 0.0110816 -0.999345 -0.0344423 0.0136941 -0.999906 -0.000252415 0.0116551 -0.999896 0.00853317 0.42231 -0.354124 -0.834416 0.989926 0.0973538 0.102803 0.210685 -0.260752 -0.942136 0.682201 -0.216577 -0.698352 0.759405 -0.509672 -0.404399 0.180733 -0.386767 -0.904293 0.174698 -0.706708 -0.685598 -0.075103 -0.990466 -0.115483 0.000388776 -0.99997 -0.00770665 0.760419 0.102208 -0.64134 0.000400745 -1 0.000285476 0.378407 -0.0133144 0.925544 0.382872 0.00325997 0.923796 0.386804 -0.00167359 0.92216 -0.606597 -0.754375 0.250915 -0.182593 -0.929802 0.319574 -0.608122 -0.251344 0.753003 -0.697426 -0.716657 0.000133479 -0.214742 -0.976656 0.0053491 -0.740493 -0.180386 -0.647403 -0.213377 -0.732552 -0.646403 -0.680743 -0.73252 -0.00188432 -0.968344 -0.249616 -0.000939693 -0.96664 -0.256139 -0.000423794 -0.626161 -0.224577 0.746651 -0.0964111 -0.0955968 0.99074 -0.250952 -0.36103 0.898154 -0.610457 -0.753127 0.245238 -0.0803712 -0.996532 0.021572 -0.518288 -0.256063 0.815972 -0.586178 -0.73295 0.345225 -0.112483 -0.581121 0.806006 -0.90422 0.00818769 0.426989 -0.694692 -0.44554 0.56471 -0.921089 -0.0908014 0.378617 -0.682609 -0.711421 0.16711 -0.317701 -0.943133 -0.0978093 -0.527202 -0.716789 0.456368 -0.748103 -0.240472 0.618478 0.643351 -0.354421 0.67859 0.630256 -0.132304 0.765032 0.483369 -0.653777 0.582177 -0.835363 -0.22496 0.50156 -0.821501 -0.570207 5.57526e-05 0.0903392 0.94384 0.317811 -0.49077 -0.871021 -0.0215948 -0.612283 -0.0850924 -0.786046 -0.33066 -0.124952 -0.935441 -0.38052 -0.00217054 -0.92477 -0.38502 -0.00829287 -0.922871 -0.382285 0 -0.924044 -0.753773 0.22037 -0.619082 -0.627787 -0.48296 -0.610437 -0.726765 -0.37374 0.576308 -0.775918 -0.376638 0.506058 0.244337 -0.966623 0.0770732 -0.24937 -0.851189 0.461835 -0.167683 -0.985841 0.000511083 0.20783 0.95778 -0.198656 -0.616543 0.155064 0.7719 0 -1 0 0.0556883 -0.665284 -0.744511 -0.313452 -0.930468 0.189678 -0.257794 -0.950857 0.171501 0.00836767 -0.999921 -0.00938497 -0.0230412 -0.999505 0.0213987 -0.588111 -0.535426 -0.606172 -0.961853 -0.222384 -0.159327 -0.907211 -0.413371 0.0780526 -0.932945 -0.0511585 0.356365 -0.9125 -0.0389453 0.40722 -0.61082 -0.750147 0.253337 -0.120623 -0.0768304 0.989721 0.408194 -0.0812839 0.909269 0.274471 -0.730279 0.625586 -0.137104 -0.561211 0.816238 0.137102 -0.918538 0.370798 -0.278689 -0.667767 -0.690232 -0.000325229 -1 8.42437e-05 -0.0884778 -0.974136 -0.20792 -0.189631 -0.891144 -0.412192 -0.638839 -0.591027 -0.492516 -0.614153 -0.747545 0.252968 -0.947527 0.0232632 0.318828 -0.140971 -0.74842 -0.64807 -0.218612 -0.25808 -0.941065 -0.101118 -0.345057 -0.933119 -0.00453478 -0.999147 -0.0410497 0.430477 -0.721547 -0.542273 -0.0259987 -0.195784 -0.980302 -0.00774985 -0.9998 -0.018427 0.531918 -0.504733 -0.679932 0.561942 -0.094265 -0.821788 0.920357 0.00610754 -0.391031 0.793292 -0.53458 -0.291395 0.920906 0.00854237 -0.389691 0.923841 0 -0.382777 0.936091 -0.143755 -0.321044 0.797482 0.0584237 -0.600508 -0.507784 -0.148361 -0.848613 -0.607705 -0.245026 -0.755418 -0.428643 -0.72983 -0.532554 -0.944967 -0.266313 -0.190038 -0.94703 -0.242358 -0.210706 -0.481418 -0.604165 0.634997 -0.72657 -0.240859 0.643493 -0.415442 -0.832939 0.36554 -0.646585 -0.731377 -0.216829 -0.407217 -0.752802 -0.517169 -0.603751 -0.259019 -0.753919 -0.510158 -0.258905 -0.820187 -0.368811 -0.724636 -0.582135 -0.361515 -0.747846 -0.556806 0.328956 -0.849609 -0.412253 -0.0267342 -0.999104 -0.0328113 -0.0230663 -0.999172 -0.033505 -0.015478 -0.999879 -0.00178614 0.310756 -0.749758 -0.584204 -0.138315 -0.788138 -0.599757 0.362347 -0.915711 -0.173721 -0.00273168 -0.999996 0.000459007 -0.00905945 -0.999953 -0.00335622 -0.914316 -0.0271337 0.404092 -0.89858 -0.145675 0.413923 -0.924048 0 0.382277 -0.923626 -0.0541507 0.379452 -0.974621 0.0583213 0.216132 -0.494945 -0.0768614 -0.865518 -0.357734 -0.206197 -0.910774 -0.3967 -0.0217681 -0.91769 -0.372602 -0.173446 -0.911638 -0.525375 -0.780851 -0.338012 -0.781881 -0.426713 -0.454509 -0.558512 -0.514893 -0.650346 -0.336937 -0.734647 -0.58887 0.0438734 -0.999037 0.000983781 0.804039 -0.592941 0.0440632 0.941357 -0.332097 -0.0596604 0.609881 -0.791424 -0.0411404 0.534717 0.0926335 -0.839939 -0.237552 -0.161099 -0.957923 -0.089777 -0.25793 -0.961983 -0.0728602 -0.72294 -0.687058 -0.150483 -0.731181 -0.665379 -0.0783061 -0.753621 -0.652628 -0.00604176 -0.999768 -0.0206609 -0.00479081 -0.999168 -0.0405063 -0.828009 -0.560573 -0.0126001 -0.742411 -0.646407 -0.176024 -0.609747 -0.791672 0.0382583 -0.013318 0.999849 -0.0111274 0.614513 0.00827987 -0.788863 0.647596 0.744902 -0.160438 0.896792 0.0555907 -0.438947 0.500127 0.0130235 -0.865854 0.373829 -0.0683729 -0.924974 0.425759 0.0815544 -0.901154 0.340894 0.0140422 -0.939997 0.485169 0.0148561 -0.874294 1.92727e-05 1 -0.000372273 0.182186 0.93362 -0.308484 -0.851611 0.100202 -0.514507 -0.295396 -0.000290525 -0.955375 -0.896313 0.0209667 -0.442927 -0.514728 -0.077868 -0.85381 0.0513409 0.998317 -0.0269745 0.00350016 0.999931 -0.011231 0.00077168 0.999999 -0.00129674 9.63495e-06 1 0.000308396 0 1 0 -0.000127831 1 -0.000509326 -0.00088497 0.999998 -0.00192334 -1.86403e-06 1 -1.78057e-06 -1.76116e-06 1 -1.70369e-06 -6.60423e-05 1 -4.35806e-05 -0.00029718 1 -0.000124894 1.65419e-06 1 -8.97391e-05 -0.000741548 1 0.000168779 -0.0463882 0.995054 0.0878409 -1.16736e-06 1 6.82737e-07 -4.3888e-05 1 7.62505e-05 -0.691771 0.572527 0.440074 -0.92107 0.0139194 0.389147 -0.858791 -0.0243651 0.511747 -0.485061 -0.00648574 0.874456 -0.568915 -0.115679 0.81422 -0.303309 0.00193415 0.95289 -0.319525 0.0860305 0.943665 -0.4261 -0.00283142 0.904671 -0.00190537 0.999997 0.0017305 0.000325268 1 0.000380168 0.562252 0.82447 0.0642074 -0.863163 -0.0257945 0.504267 -0.452157 0.0363609 0.891197 0.978188 0.0710405 -0.195194 0.0426328 0.990882 -0.127808 0.0556239 0.997916 0.0327146 0.0883806 0.995182 0.0424565 0.0610565 -0.0522069 0.996768 0.408534 0.0395923 0.911884 0.286829 0.148754 0.946362 0.47681 0.00957345 0.878954 0.734761 0.0896157 0.672381 -0.000273458 0.0445218 0.999008 0.0353062 0.72799 0.684679 0.0323602 -0.111677 0.993217 0.177964 -0.0730261 0.981324 0.157564 0.0200973 0.987304 0.0997407 0.716566 0.690351 0.075716 0.916507 0.392787 0.404531 0.906059 -0.124145 0.289052 0.078863 0.954059 0.277027 0.0346161 0.960238 0.477475 0.0101914 0.878586 0.37237 -0.0637195 0.925895 0.502048 0.0793451 0.861192 0.606254 0.0257621 0.794853 0.680225 -0.116746 0.723646 0.852194 0.155275 0.499654 0.766556 0.483323 0.422838 0.836933 -0.0115956 0.547183 0.88955 1.37424e-05 0.456838 0.925606 -0.00982299 0.37836 0.909885 0.0518343 0.411609 -0.0136343 0.999879 0.00752878 0.953016 0.0315736 0.30127 0.767429 0.629103 -0.123622 0.330073 0.752533 0.569865 0.0586807 0.997052 0.0494433 -0.0483091 0.998392 0.0296677 0.000636828 0.999999 0.00104224 0.000166981 1 0.000187106 -0.000304102 1 0.00037613 0.00081813 0.999937 0.011224 0.338054 0.740378 0.581 0.404163 0.718138 0.566507 9.58979e-05 1 0.0001664 0.194233 0.955022 0.22407 0.000145064 1 0.000113113 0.01534 0.99985 0.00803056 0.154469 0.981942 0.109222 0.445391 0.000745989 -0.895336 0.292849 0.923934 -0.246141 0.000139557 0.999188 0.0402874 -0.201965 0.861498 0.465866 0.522878 0.84313 0.125425 0.737157 0.631413 0.240662 -0.29772 0.136952 0.944779 0.121098 0.081098 0.989322 0.6427 0.0362387 0.76526 0.562482 -0.00435655 0.826798 0.0988609 0.111777 0.988803 0.13288 0.917916 0.373864 0.0539672 0.998516 -0.0073185 0.906109 0.014036 -0.422811 0.00269222 0.999996 0.00080755 0.0125145 0.999906 -0.00551387 0.344868 0.630702 -0.695184 0.730095 -0.0663592 -0.680116 0.856544 0.425775 0.291628 0.90337 0.0196187 -0.428414 0.512201 0.0661387 -0.856315 0.163473 0.944177 -0.286019 0.288887 0.639743 -0.712231 0.00136354 0.999999 0.000116642 -0.0011644 0.999999 -0.000941446 -0.00389911 0.999927 -0.0114111 0.312513 0.766294 -0.561363 0.898051 0.028157 -0.438989 0.947428 0.020772 0.319293 0.0556197 0.998214 -0.0218032 0.0568051 0.050816 0.997091 -0.341634 0.0359042 0.939147 0.343008 -0.0384387 0.938546 -0.437951 0.187733 0.879179 0.0486049 0.987937 0.147032 0.0103523 0.999941 0.00323027 0.0264883 0.999326 0.025399 -0.00107382 0.999997 0.0021602 0.000259548 1 3.19479e-05 0.930747 0.118273 -0.346009 0.0145343 0.999608 -0.0239112 0.0056294 0.999983 -0.00136026 0.0330471 0.999413 -0.00898847 -0.316218 0.0412444 -0.947789 0.0320079 0.999386 -0.0142733 0.762388 0.466307 -0.44869 0.75543 0.468353 -0.458225 0.291468 0.931549 -0.217401 0.290315 0.818497 0.495762 0.117692 0.981884 -0.148502 0.0600318 0.997581 -0.0350551 0.0108614 0.999941 0.000454034 0.00566593 0.999984 0.000575753 0.351991 -0.0375975 -0.935248 0.722281 0.0709292 -0.687953 0.824786 -0.00170203 -0.565442 0.997082 0.0594409 0.0479018 0.968977 -0.0684651 0.23748 0.921008 0.381485 0.0788264 0.0136084 0.999907 0.000243541 0.0108443 0.998971 0.0440439 0.00115641 0.999999 -0.000786175 0.00146236 0.999998 -0.00147237 0.00101951 0.999999 0.000345182 0.312826 0.919753 -0.237052 0.748022 0.0280133 -0.663082 0.514989 0.713505 -0.475076 0.778863 -0.100962 -0.619015 0.801483 -0.00612984 -0.597986 0.85537 -0.0923832 -0.509712 0.936308 0.00029193 -0.351181 0.816289 0.0753296 -0.572711 0.925685 -0.0141736 -0.378029 0.690948 0.677032 -0.253413 0.92493 -0.00312691 -0.380124 0.884062 0.0678136 -0.462425 0.827133 -0.101569 -0.552752 0.839378 0.0253306 -0.542957 0.961743 0.0315621 -0.272128 0.889852 0.0869039 -0.447896 0.996616 0.0435367 -0.069722 0.505362 0.0323855 0.8623 0.496639 0.0449081 0.866795 0.302756 0.723094 0.620866 0.971886 -0.0475318 0.230604 -0.2126 0.880895 -0.422877 -0.00704742 0.0827327 -0.996547 -0.326188 0.0314366 -0.944782 0.0234974 0.99967 -0.010414 -0.015019 0.999014 -0.0417719 0.29838 0.952815 -0.0558004 0.722011 -0.0119727 -0.691778 0.949747 0.00571287 -0.312966 0.908423 0.0505083 -0.414989 0.955656 0.00347025 -0.294466 0.752036 0.658949 -0.0150894 0.25836 0.963849 -0.0651632 -0.00369215 0.999989 -0.00273313 0.99216 -0.0307157 -0.121142 0.996079 0.0132576 -0.0874718 -1.76683e-07 1 1.01383e-08 0.000193292 1 5.81712e-05 0.258889 0.965906 -0.00139882 0.750239 0.661167 -3.53118e-05 0.687716 0.725978 0.00126641 0.999967 0.00809049 2.46904e-09 0.99991 0.0134491 0.000255339 0.687216 0.726448 0.00279223 0.320353 0.944894 0.0674443 0.996243 0.0123499 0.085711 0.992078 -0.0332235 0.121149 0.931086 0.119576 0.344646 0.939264 0.00951456 0.343065 0.956723 0.00347441 0.290979 0.925285 -0.0052746 0.379237 0.835902 0.0211847 0.54847 0.894228 0.0326989 0.446416 0.99456 -0.0107227 0.103612 0.987667 0.00187272 0.156559 0.8617 -0.0171751 0.507127 0.857991 -0.0495479 0.511269 0.696854 0.466838 0.544479 0.480271 0.784564 0.392173 0.553185 0.644489 0.527845 0.496706 0.703477 0.508334 0.779828 -0.087983 0.61978 0.778239 -0.0520416 0.625808 0.737339 0.0233507 0.675119 0.66332 0.0135163 0.748214 0.5688 -0.117396 0.814055 0.500209 0.0238817 0.865575 0.485156 0.0149924 0.874299 -0.436481 0.364582 0.822536 -0.360168 0.0783373 0.929592 0.0104357 0.999931 0.0053149 -0.0211288 0.999757 0.00634167 -0.067886 0.997655 -0.00869479 0.960096 -0.00735334 -0.279573 0.99367 -0.0787186 0.0801505 0.988619 0.0934998 -0.117857 0.681882 -0.000548171 0.731462 0.652447 0.0252055 0.757415 -0.452193 0.036387 0.891178 -0.889232 0.0258738 0.456724 -0.601092 0.748355 0.280452 -0.638251 0.695883 0.329213 -0.116191 0.631797 0.766376 0.129454 0.0241066 0.991292 0.0953877 0.0387749 0.994685 0.363021 0.568188 0.738497 0.68826 0.631538 -0.357013 0.782557 0.41734 0.461987 0.00831942 0.999941 -0.00703062 0.00574547 0.999955 0.00754943 0.00570376 0.999875 0.0147526 0.00373365 0.999966 0.00735163 0.000226133 0.999999 0.00118154 0.000396818 1 0.00067851 -0.0078045 0.999174 0.0398732 3.43326e-08 1 3.78441e-06 -6.12029e-07 1 3.99687e-06 -0.000167972 1 0.000217366 0.000769016 0.999999 -0.00137705 -0.00185429 0.999997 0.00177379 -0.00777898 0.999744 0.0212258 -0.00116909 0.999997 0.00221712 -0.136941 0.0834554 0.987057 0.00677025 0.99995 0.00742644 0.857344 0.0130898 0.514577 0.600315 0.0910508 0.794564 0.844085 -0.00898687 0.536134 0.251214 -0.0636213 0.965839 0.515923 0.809113 0.281355 0.325019 0.916145 0.234607 -0.0158951 0.564544 0.82525 0.014679 0.99988 0.00496921 -0.991897 -0.0777977 -0.100436 -0.965817 0.0721841 0.248971 -0.680445 0.532823 0.503084 -0.772139 0.107505 0.626294 -0.972725 -0.0178784 -0.231272 -0.230979 0.970263 0.0723802 -0.991184 0.0417842 -0.125731 -0.94063 -0.0158467 0.339063 -0.563345 0.823936 -0.0614068 -0.714745 0.645759 -0.268578 -0.0140547 0.999895 0.00352224 0.0295946 0.994718 0.0982847 -0.0161645 0.999865 -0.00294088 -0.540545 -0.00600999 0.841294 -0.00875513 0.703166 0.710971 -0.00212438 0.999994 0.00267677 0.0246925 0.998124 0.0560322 -0.0256723 0.999431 0.0218946 -0.0263856 0.999608 -0.00933888 -0.00230114 0.999997 0.000710286 -0.00440071 0.999978 0.00501653 -0.0135345 0.980036 0.198358 -0.256013 -0.00314155 0.966668 -0.239157 0.0853676 0.967221 -0.44416 0.00876323 0.895905 -0.37041 -0.057363 0.927096 -0.455977 0.15555 0.876293 -0.459242 0.156396 0.874435 -0.332645 -0.0215288 0.942807 -0.0748454 0.086163 0.993466 -0.503497 0.0524161 0.862406 -0.395397 0.62291 0.675015 -0.334786 0.774925 0.536106 -0.604082 0.0433239 0.795744 -0.680337 -0.1154 0.723757 -0.648135 0.0484479 0.759982 -0.441393 0.794514 0.417037 -0.728586 0.0555969 0.682694 -0.497861 0.693137 0.521245 -0.764007 0.0371603 0.644137 -0.68559 0.488152 0.540068 -0.775317 -0.138526 0.616194 -0.927864 0.0197294 0.372397 -0.924866 0.0219901 0.379657 -0.951799 -0.00623685 0.306659 -0.394818 0.917025 0.0564293 0.00148165 0.999999 0.000145812 -0.746457 0.665433 -9.84179e-05 -0.633524 0.773719 -0.00241423 -0.30618 -0.052318 -0.950535 0.359837 0.0287781 -0.932571 -0.979623 -0.0180391 -0.200031 -0.986624 0.0816542 0.14109 -0.736684 0.664745 0.124143 -0.126101 0.975165 0.182077 -0.797281 0.413981 -0.439275 -0.356856 0.734293 -0.577467 -0.487536 0.00807915 -0.873066 0.318452 0.0761031 -0.944879 0.0103762 0.999848 -0.0139888 -0.138108 0.80474 -0.577338 -0.129942 0.00376468 -0.991514 0.495625 0.0900596 -0.863855 -0.928268 0.0122648 -0.371709 -0.345218 0.935453 0.0758418 -0.419778 -0.0335774 -0.907006 -0.444628 0.0964699 -0.890505 -0.393789 -0.0578017 -0.917382 -0.642245 0.0596362 -0.764176 -0.962313 0.037931 0.269285 -0.965303 0.052973 0.255703 -0.672628 0.0119298 -0.739885 -0.276595 0.0421835 -0.96006 -0.343204 0.0559987 -0.93759 -0.193875 -0.162818 -0.967421 -0.0371228 -0.110551 -0.993177 0.0130687 0.997663 -0.0670687 -0.0968849 0.782798 -0.614687 -0.0951958 0.604426 -0.790953 -0.0323629 0.726512 -0.686392 0.00716158 0.0554788 -0.998434 -0.11929 0.0665199 -0.990629 -0.247864 0.127341 -0.960389 -0.169301 0.636495 -0.75247 -0.603144 0.749042 0.27414 -0.673488 0.666723 -0.31921 -0.942043 -0.00979569 -0.335349 -0.747375 0.59845 -0.288597 -0.599237 0.0145345 -0.80044 -0.612985 0.00659216 -0.790067 -0.0952075 0.0204567 -0.995247 0.389114 0.0168366 -0.921036 -0.507487 0.345086 -0.78954 -0.505532 0.389703 -0.769785 0.341487 0.480418 -0.807827 0.894308 0.0652275 -0.442671 0.816057 -0.0623206 -0.574602 -0.0203301 0.99953 -0.0229511 -0.0649508 0.988526 -0.136372 -0.80566 -0.00178102 -0.592375 -0.0352537 0.998571 0.0401598 -0.00555119 0.999976 -0.00411211 0.0321508 0.99945 -0.00809143 -0.31898 0.00269821 -0.947758 -0.317653 0.00358379 -0.9482 -0.597787 0.0464938 -0.800306 -0.680254 -0.116498 -0.723659 -0.817743 0.05477 -0.572971 -0.548374 0.625523 -0.554983 -0.345694 0.837453 -0.423282 -0.712475 0.0625066 -0.698907 -0.778427 -0.106319 -0.618666 -0.755203 0.0135747 -0.655351 -0.569116 -0.112543 -0.814519 -0.469659 0.080176 -0.8792 -0.491657 0.560606 -0.666329 -0.198131 0.968614 -0.150101 -0.195507 0.969556 -0.147438 -0.518402 0.784253 -0.34089 -0.943096 0.00319549 -0.332505 -0.92556 -0.0169642 -0.378221 -0.911275 0.050207 -0.408727 -0.249051 0.965116 -0.0807706 -0.996187 0.0112054 -0.0865231 -0.992057 -0.0334323 -0.121267 -0.930822 0.120022 -0.345203 -0.939329 0.00955703 -0.342884 -0.9241 0.00464349 -0.382123 -0.875503 0.108719 -0.470823 -0.435391 0.016806 0.900084 0.00876639 0.995375 -0.0956607 0.333365 0.626988 -0.704098 -0.588221 0.792367 -0.16171 -0.0121004 0.999927 0.000676055 -0.004746 0.999984 -0.00312351 -0.0117425 0.999931 0.000634433 -0.345253 0.930959 -0.118808 -0.361314 0.408227 0.838334 -0.661549 0.0944091 0.743936 -0.4528 0.0370764 0.890841 -0.943855 0.0113715 0.330164 -0.94366 0.0115782 0.330714 -0.955366 0.0211341 -0.294669 -0.881276 0.079498 -0.465868 -0.855659 -0.0881211 -0.509982 -0.284643 0.79627 0.53379 -0.284066 0.717668 0.635813 -0.865063 -0.0353857 0.500413 -0.492097 0.837727 0.236757 -0.884941 0.078503 -0.459038 -0.475391 -0.0672369 -0.877202 -0.200792 0.107967 -0.973666 0.31533 -0.00939305 -0.948936 0.162494 0.920812 -0.354544 0.176403 0.740862 -0.648078 -0.133816 0.974601 -0.179571 -0.000913797 0.999996 -0.00265759 -0.268756 0.95817 -0.098392 -0.626951 0.779017 0.0080639 -0.999957 0.00923512 2.81846e-09 -0.999911 0.0133269 0.000194833 -0.993847 0.0147179 0.109783 -0.0150166 0.999883 0.00301031 -0.0630824 0.997476 0.0325841 -0.505422 0.0354112 -0.862145 -0.914463 -0.0728302 -0.398062 -0.445868 0.882367 0.150434 -0.433154 -0.0380077 0.900518 -0.72302 0.0627072 0.687975 -0.857725 -0.0468751 0.511968 -0.992192 0.116269 -0.0451269 -0.117364 0.982054 0.147633 -0.0601456 0.997571 0.0351275 -0.00415941 0.999991 -0.000611095 -0.0108752 0.999941 -0.000455082 -0.455241 0.0971297 -0.885055 -0.963251 0.00958541 -0.26843 -0.975064 -0.00739575 -0.221801 0.0203013 0.122908 0.99221 0.238659 0.105134 0.965396 0.0346761 -0.14386 0.98899 0.312499 0.0255358 0.949575 0.162241 0.463775 0.870971 0.284612 0.621605 0.729796 -0.0611429 0.889823 0.45219 -0.317399 0.345891 0.882959 0.0167613 0.999859 -0.00115301 -0.108706 0.994072 0.00188753 -0.973659 0.151575 0.170334 -0.745894 0.659257 0.0949854 -0.916997 0.00929117 0.398785 -0.924206 -0.00604217 0.381846 -0.924811 0.0225016 0.379761 -0.800055 0.52908 -0.282819 -0.90822 0.0312408 0.417326 -0.863682 0.0564203 0.500869 -0.199044 0.962264 0.185554 -0.0114201 0.999933 0.00187278 -0.188518 0.915571 -0.355232 -0.199857 0.846773 -0.492983 0.00237106 0.999997 -0.00110357 -0.000385069 1 0.000349201 -0.00222588 0.999994 0.00251557 -0.0163467 0.999591 0.023448 -0.000191464 1 0.000166087 -0.554172 0.830968 -0.0488336 -0.053664 0.997207 -0.0519451 -0.00052148 1 0.000187164 -0.000276746 1 4.41915e-05 -0.000128339 1 -3.46694e-06 -0.00034656 1 -7.42736e-05 -0.677471 -0.708167 -0.198826 -0.0282507 0.999217 -0.0276866 -0.0128802 0.999743 0.0186381 -0.0172242 0.998971 0.0419468 -0.000795859 0.999999 -0.000744163 -7.15338e-05 1 -5.97346e-05 -0.000182613 1 -0.000199996 -0.00144992 0.99978 -0.0209218 0.428798 0.883438 -0.188864 0.414718 0.890407 -0.187574 0.00178806 0.999998 0.000147778 0.0681097 0.879817 -0.470408 0.00314137 0.999786 -0.020435 -0.0389332 0.999229 0.00511238 -0.000581516 0.999999 -0.00137602 -0.00186876 0.99999 -0.00398941 -0.00984068 0.999891 -0.011037 -0.000258819 1 -4.72478e-05 1.86636e-05 1 0.000308763 0 1 0 0.00035264 1 -0.000252022 0.00751019 0.99996 -0.00489881 0.218673 0.528765 -0.820116 0.259083 0.0508183 -0.964517 0.214988 -0.121493 -0.96903 0.145565 0.0384763 -0.9886 0.952704 0.0211712 0.303163 0.64233 0.156449 -0.750291 0.521292 0.832478 0.187708 0.18512 0.649526 -0.737459 0.000310527 0.999998 -0.00183542 0.0218122 0.999639 0.0157006 0.00392107 0.999987 -0.00318988 0.00217706 0.99998 -0.0059883 -0.00692061 0.999953 -0.00672376 0.00950184 0.999769 -0.0192625 -0.0187578 0.998031 -0.0598549 -0.116118 0.66779 -0.735236 -0.610348 0.722328 -0.325143 -0.672104 0.667609 -0.320272 -0.30197 -0.00295525 -0.953313 -0.150717 0.983362 -0.101408 -0.0240968 0.999704 -0.00345052 0.165303 0.95102 -0.26122 5.9855e-05 1 -5.88464e-05 0.000363211 1 -0.00012226 -5.70453e-05 1 8.17792e-05 0.431423 0.780484 -0.452459 0.681262 -0.104132 -0.724595 0.663743 0.024269 -0.747567 0.547233 0.559416 -0.622566 0.397638 0.735992 -0.547905 0.561218 -0.0187657 -0.827455 0.570316 -0.0908867 -0.816382 0.459458 0.0883616 -0.883793 0.305446 0.0296017 -0.951749 0.322509 0.0781112 -0.943338 0.4632 -0.00990841 -0.886198 0.560608 0.0317685 -0.827472 0.942155 -0.00325735 -0.335161 0.954657 0.0156897 0.297295 0.668671 0.669166 0.324184 0.801994 0.492834 -0.337522 0.488831 0.293532 -0.821513 0.0396206 0.0991234 -0.994286 0.154875 0.0457257 -0.986875 0.825712 0.150531 -0.543636 0.0161178 0.999866 0.0029123 0.0161157 0.999866 0.00290875 -0.0146505 0.999832 -0.0110003 0.0192589 0.998559 -0.0500979 0.706714 -0.0331104 -0.706724 0.708706 -0.0546639 -0.703383 0.61633 -0.477333 -0.626331 0.601967 -0.524654 -0.601975 -0.335975 0.662558 -0.669431 0.366797 0.596402 -0.713978 0.701942 0.701096 -0.125466 0.736106 0.665228 -0.124979 0.73174 0.648894 -0.208551 0.890105 -0.0233259 -0.455157 0.932383 0 -0.361471 0.932305 0.000419644 -0.361673 -0.844225 -0.503895 0.182686 -0.935749 0.00184967 -0.352661 -0.711394 -0.702794 -0.000381327 -0.268466 -0.963289 0.000820178 -0.231827 -0.972729 -0.00742794 -0.968752 -0.248031 0.000643937 -0.630269 -0.312077 0.710893 -0.426407 -0.529715 0.733198 0.0542263 -0.998438 -0.0134632 -0.167363 -0.8528 -0.494693 -0.350674 -0.879939 -0.320522 -0.685969 -0.727627 0.0024677 -0.96829 -0.249828 0.000500429 -0.596745 -0.76466 -0.243292 -0.775644 -0.176045 -0.606123 -0.736507 -0.242442 -0.63149 0.0339425 -0.468141 -0.883001 -0.338823 0.0387065 -0.940054 0.0416569 0.0229472 -0.998868 0.386165 -0.0158376 -0.922294 0.384259 -0.00168383 -0.923224 0.3817 -0.0052285 -0.924272 0.382913 0 -0.923784 -0.0552285 -0.0470832 -0.997363 0.201066 -0.822135 -0.532604 0.267171 -0.713871 -0.647308 -0.00115024 -0.999999 -0.000345906 -0.28107 -0.695147 0.661642 -0.38929 -0.00556268 0.921098 -0.715067 0.015698 0.69888 -0.724182 0.000853655 0.689609 -0.692818 -0.574967 -0.43522 -0.707026 -0.438045 -0.555186 -0.00645097 -0.999966 -0.00512701 -0.0215584 -0.999685 -0.0128464 2.96896e-07 -1 -4.63667e-07 0 -1 0 1.20251e-08 -1 -2.98957e-07 0 -1 0 9.96814e-08 -1 -5.89043e-07 0.0232195 -0.999267 -0.0304472 0.630342 -0.42174 -0.65177 0.566567 -0.609051 -0.55503 0.00920891 -0.999915 -0.00920903 -0.0101153 -0.999924 -0.00701768 0.0078258 -0.999895 -0.0122217 -0.570847 -0.662927 -0.484419 -0.00734553 -0.999944 -0.00767939 -0.627273 -0.679605 -0.380349 -0.221869 -0.0589689 0.973292 -0.379675 -0.00152632 0.925119 -0.240465 -0.90282 0.356502 -0.00918489 -0.999846 -0.0149647 -0.00632671 -0.999948 -0.00800929 -0.977506 -0.0768961 0.196392 -0.928325 -0.0159536 -0.371426 -0.447839 -0.624957 -0.639428 -0.743622 -0.615077 0.262118 -0.92506 -0.0105535 -0.379675 0.432944 0.506659 0.745557 0.989175 0.0124158 0.146216 0.983318 -0.0365338 0.178189 -0.140019 -0.00743593 0.990121 -0.231889 -0.0016981 0.972741 -0.231525 0 0.972829 -0.0866341 -0.0437969 0.995277 -0.095074 0.0347391 0.994864 -0.130162 -0.00140897 0.991492 0.0718081 0 0.997418 0.228023 0 0.973656 0.228023 0 0.973656 0.069118 0.0154007 0.99749 -0.0936149 0.0325153 0.995077 -0.994786 -0.0860183 0.0547813 -0.994944 -0.0520497 0.0858955 -0.0915756 -0.0531415 0.994379 -0.00808692 0.118779 0.992888 0.616501 -0.0724761 0.784011 -0.201554 -0.925239 0.321416 -0.405306 -0.828544 -0.386318 -0.0286372 -0.999214 0.0274155 0.000267892 -1 -0.000475574 -0.0314992 -0.962814 0.268322 -0.188164 -0.25856 0.947492 0.359341 -0.113276 0.926306 0.271459 -0.264249 0.925463 0.299725 -0.328317 0.895753 0.056862 -0.697441 0.714383 0.261397 -0.56691 0.781207 -0.225014 -0.296281 0.928217 -0.180708 -0.742389 0.645138 -0.149748 -0.680972 0.716835 -0.270573 -0.806333 0.525943 0.375323 -0.740699 0.557223 -0.215589 -0.775898 0.592877 0.19334 -0.924846 0.327535 -0.000446945 -1 -0.000838952 -0.449701 -0.636115 -0.626998 -0.787115 -0.0798406 -0.611616 -0.62915 -0.15786 0.761085 -0.799728 -0.561071 0.213622 -0.658592 -0.720583 0.216832 -0.565437 -0.374337 0.734951 -0.445387 -0.729138 0.519604 -0.182931 -0.946218 0.266848 -0.502258 -0.333437 0.797845 -0.502219 -0.376728 0.778365 0.361777 -0.31 0.879214 0.345807 -0.91444 0.21028 0.505508 0.0713101 0.85987 0.0785512 -0.42883 0.899964 -0.358081 -0.0376347 0.932932 -0.457824 -0.213748 0.862965 -0.00820357 -0.99962 0.0263109 -0.00158299 -0.999999 -0.000532314 -1.75436e-05 -1 4.27206e-05 0 -1 0 -0.000792952 -0.999808 -0.0195648 0.248445 -0.962162 -0.111891 0.999987 -0.00390082 0.00337344 0.999989 0 0.00476729 0.966685 -0.25382 -0.033102 0.793965 -0.606428 -0.0431828 0.702912 -0.704525 -0.0977696 0 -1 0 0 -1 0 -0.91737 -0.238799 0.318444 -0.939388 -0.252794 0.231617 -0.96531 0.1237 0.229944 -0.92328 -0.146155 -0.355235 -0.915363 -0.0274705 -0.401692 -0.918625 -0.0366707 -0.393425 -0.924835 0 -0.380369 -0.996578 -0.0711686 -0.0420286 -0.926716 -0.273719 0.257439 -0.97895 -0.128448 0.158615 -0.212775 -0.252942 0.943794 -0.189555 -0.739856 0.64551 -0.207294 -0.279001 0.93765 -0.168383 -0.622117 0.764602 -0.0974444 -0.716142 0.691118 0.00609791 -0.999878 0.0143947 7.5081e-05 -1 -0.000335069 -0.00116051 -0.999986 0.00517907 -0.00959251 -0.999951 -0.00259446 -0.179116 -0.961239 0.209611 -0.317387 -0.928334 0.193548 -0.727749 -0.649748 0.219566 -0.901628 -0.332736 0.276321 -0.865249 -0.43186 0.25464 -0.849616 -0.489178 0.197126 -0.90548 -0.141268 0.400187 -0.837301 -0.276196 0.47185 -0.501786 -0.183247 0.845359 -0.373762 -0.108471 0.92116 -0.413577 -0.0376187 0.909692 -0.360467 -0.0427728 0.931791 -0.183159 -0.924044 0.335551 0.0020729 -0.99996 0.00866856 -0.000850202 -0.999982 -0.005912 0.921755 -0.0660698 0.382103 0.923833 0 0.382796 0.93437 -0.0341444 0.354665 0.916215 -0.0238262 0.399979 -0.000822987 -0.999991 0.00416684 -0.907589 -0.407222 0.102239 -0.998111 -0.0278394 -0.0547607 -0.436163 -0.899514 -0.0252481 0.527285 0 -0.849689 0.650894 0 -0.759168 0.759228 0 -0.650824 0.849646 0 -0.527354 0.849646 0 -0.527354 0.759228 0 -0.650824 0.527285 0 -0.849689 0.650894 0 -0.759168 0.993799 0 -0.111194 1 0 0 0.993799 0 0.111195 0.993799 0 0.111195 1 0 0 0.993546 -0.00271986 -0.113393 0.0349335 0.000254393 -0.99939 -0.918418 -0.383969 -0.0952745 0.667585 0 0.744534 0.669948 0.0435475 0.74113 0.53473 0 0.845023 0.53473 0 0.845023 0.667971 0.00262873 0.744183 0.766853 0.5589 0.315544 0.601993 0.755786 0.257664 0.688117 0.639152 0.343483 0.775997 0.54417 -0.318916 0.76857 0.556052 -0.316396 0.000112121 -1 1.25451e-05 0 -1 -3.05177e-07 0 -1 -7.5084e-05 0.000111883 -1 -1.25184e-05 0 -1 -3.05177e-07 0 -1 7.52403e-05 0 -1 0 0 -1 0 8.13154e-08 -1 -8.65993e-07 0 -1 0 0 -1 0 0 -1 0 0 -1 0 3.0137e-08 -1 -8.37843e-07 0 -1 0 -2.93622e-05 -1 -2.51433e-06 -0.00525687 -0.999967 -0.00623718 1.81832e-05 -1 -7.60082e-05 -0.000330432 -0.999999 0.00127296 0.000271851 -1 0.000112644 8.16822e-07 -1 7.21548e-07 0 -1 0 0.000206643 -1 -0.000953773 1.35944e-05 -1 1.30953e-05 0 -1 0 -0.0300071 -0.99955 -0.00044139 -0.000246402 -1 0.000281534 8.09783e-05 -1 9.80217e-05 -0.144074 -0.989543 -0.0069445 -6.76868e-05 -1 0.000109073 -3.06393e-05 -1 -3.70879e-05 -0.000245762 -1 0.000285841 -0.000316303 -1 0.00027114 -1.87955e-05 -1 -1.55373e-05 5.75064e-05 -1 -3.56928e-05 -0.000108736 -1 -8.98868e-05 0.000217712 -1 -0.000182465 -0.0151548 -0.999872 0.00514272 -0.00304454 -0.999992 0.00256794 -4.45473e-05 -1 -3.05177e-07 -1.69323e-05 -1 -1.31275e-05 7.35994e-05 -0.999999 -0.00104364 0.000364344 -1 4.07661e-05 -0.000184951 -1 1.95988e-05 -0.156183 -0.987728 -7.67172e-05 0.0276591 -0.998176 -0.0536606 -1.55336e-05 -1 5.35561e-06 -0.00323836 -0.999315 -0.0368709 -0.0110283 -0.999938 0.00125926 -0.000404673 -0.999999 -0.00142823 -0.000351133 -1 -0.000299332 -0.0302266 -0.999477 -0.0114511 -0.0222005 -0.999753 -0.000961574 2.40825e-05 -1 1.26073e-05 -0.00195413 -0.999998 -0.000368385 -0.000376956 -1 -0.000282355 -0.0321069 -0.999483 -0.00176592 -1.23754e-05 -1 -1.45396e-05 1.21411e-05 -1 -3.29464e-05 2.89082e-06 -1 -7.84461e-06 4.27712e-05 -1 6.75905e-05 -6.2857e-06 -1 9.4347e-06 -6.26935e-06 -1 6.26945e-06 0.325936 -0.926574 0.187686 -0.0322573 -0.998828 0.0360735 -0.0233057 -0.997711 -0.0634856 7.67738e-05 -1 -0.000436024 -1.08336e-05 -1 -1.02714e-06 -0.000105703 -1 -1.00218e-05 6.79109e-05 -1 0.000289979 1.54959e-05 -1 -8.80065e-05 1.63685e-05 -1 2.12434e-05 -0.0140098 -0.99967 -0.0215302 -0.0065914 -0.999547 -0.029355 -0.0198033 -0.980777 0.194123 0.920649 -0.380206 0.0885979 0.931222 -0.359393 0.0605177 -0.917643 -0.385507 -0.0965193 -0.882038 -0.469154 -0.0436311 0.838422 -0.524566 0.147917 -0.0171531 -0.980293 0.196803 0.077155 0.969295 -0.233484 0.00137945 -0.999993 -0.00348296 0.00294546 -0.999986 -0.00445904 0.00260418 -0.999978 -0.00602077 0 -1 0 0.0264483 -0.994845 -0.0978931 0 -1 0 0 -1 0 0 -1 0 0 -1 0 0 -1 0 0.695799 -0.576499 0.428383 -0.142779 -0.920449 -0.363851 -0.382922 -0.0185753 -0.923594 -0.378804 0 -0.925477 -0.38826 -0.0118977 -0.921473 -0.404066 -0.0726477 -0.91184 0.629476 -0.626293 -0.45991 0.0879057 -0.971968 -0.218062 -0.00019782 -1 -4.85926e-05 0.000528811 -1 -0.000141056 0.207385 -0.975751 -0.0700084 0.0828402 -0.234914 -0.96848 -0.0197186 -0.688298 -0.72516 0.110871 -0.288741 -0.950966 0.651636 -0.542766 0.529883 0.682484 -0.62779 0.374293 0.204945 -0.960138 0.190085 0.690976 -0.244691 0.680205 0.251187 -0.960239 -0.121849 0.00101541 -0.999999 -0.000589589 0.317448 -0.925098 0.208376 0.166679 -0.986007 0.00285808 0.514829 -0.845739 -0.140273 0.333093 0.0237005 0.942596 0.369128 -0.0166734 0.929229 0.382766 0 0.923845 0.386187 -0.112018 0.915593 0.769952 -0.0667814 0.634598 -0.0190777 -0.389191 0.92096 0.84367 -0.177998 -0.506495 0.750684 -0.210526 -0.62622 0.544457 -0.711813 -0.443722 -0.527653 -0.662107 -0.532162 -0.640212 -0.332881 -0.692328 -0.640534 -0.22055 -0.735577 -0.542255 -0.592107 -0.596128 0.0238293 -0.999416 -0.024473 -0.224136 -0.959145 -0.172641 0.477542 -0.80314 -0.356258 0.746312 -0.257927 -0.61359 0.821858 -0.257872 -0.507988 0.624174 -0.674682 -0.393969 0.46549 -0.835671 0.291503 0 -0.791353 0.611359 -0.185235 0.979592 0.0780163 0.229431 -0.918168 -0.322999 -0.23248 0.910439 0.34213 0 1 0 0 1 0 0 -1 0 0.10442 -0.960702 0.257192 -0.000160231 -1 0.000361362 0.0213931 -0.998606 -0.0482469 0.0138131 -0.999849 -0.0105909 0.375806 -0.924539 -0.0632266 0.258318 -0.952599 -0.160707 0.932957 -0.0632135 -0.354395 0.912444 -0.0670285 -0.403675 0.425213 -0.875946 -0.227843 0.920384 -0.101626 -0.377577 0.720605 -0.426088 -0.546971 0.610696 -0.715058 -0.34021 0.197655 -0.922738 -0.330889 0.280853 -0.919239 -0.2759 0.24628 -0.969199 0.000173483 0.696928 -0.717141 0.0005142 -0.0145177 -0.965602 0.25962 0.00676421 -0.707187 0.706994 0.00204932 -0.25888 0.965907 0.229827 -0.518036 0.823904 0.47613 -0.495741 0.72632 0.805651 -0.151362 0.572726 0.695232 -0.718785 0.000316011 5.43064e-15 -1 -7.17098e-16 0.205868 -0.978574 0.00342716 0.238181 -0.956497 -0.168476 0.35045 -0.541566 -0.764128 0.0876566 -0.967398 -0.23761 0.966715 -0.255857 -1.20693e-05 0.965903 -0.258903 -0.000252694 0.863021 -0.350508 -0.363785 0.132465 -0.716673 -0.684714 0.881822 0.0619056 -0.467501 0.734084 -0.608785 -0.300834 0.648233 -0.720536 -0.246215 0.323026 -0.491581 -0.808704 0.339023 -0.101984 -0.935234 -0.167661 0.0503103 -0.98456 -0.153286 -0.902922 -0.401541 0.000761331 -0.999999 -0.000771969 -0.00133687 -0.999995 0.00287712 0.227556 -0.871672 0.434058 0.867774 -0.128377 0.480092 0.923618 -0.0427295 -0.380925 0.806222 -0.591352 -0.0175647 0.0627206 -0.957333 0.282099 0.197803 -0.376105 0.905218 0.0900823 -0.266109 0.959725 -0.00206896 -0.999629 0.0271602 -0.000391979 -0.999996 -0.00297264 -0.000621601 -0.999997 -0.00234076 0.182268 -0.973666 0.136938 0.526706 -0.587052 0.614777 0.969506 -0.242849 0.0328938 0.74747 -0.621781 0.233832 0.846801 -0.524709 0.0872309 0.279452 -0.960099 0.0108174 0.370381 -0.0923404 0.924279 0.102125 -0.9218 0.373973 -0.00337669 -0.999993 -0.00156341 0.217232 -0.969636 -0.112326 0.921292 -0.0188241 -0.388415 0.928403 0 -0.371574 0.92181 -0.0204405 -0.387102 0.88749 -0.147404 -0.436617 0.984498 0.0359049 -0.171682 0.98424 -0.100484 0.145512 0.973082 -0.194741 0.123234 0.643928 -0.724004 -0.247336 -0.910768 -0.0520022 0.40963 0.195089 -0.0384551 0.980031 -0.0185025 0.224267 0.974352 -0.608066 -0.232387 0.759113 -0.544933 -0.692937 0.472109 -0.117729 -0.935833 0.3322 -0.580687 -0.279655 0.764589 0.107912 -0.464156 0.879155 0.192399 -0.897573 0.396668 0.00249577 -0.999988 0.00429987 -0.167251 -0.907232 0.38595 0.1008 -0.414908 0.904262 -0.638905 0.093124 0.763628 0.517776 -0.235525 0.822457 0.614971 -0.266458 0.742166 0.435078 -0.722256 0.537636 0.506168 -0.707534 -0.493142 0.745768 -0.138342 -0.651684 0.70597 -0.258812 -0.659259 0.452611 -0.794464 -0.404933 0.019094 -0.999619 0.0199356 0.172285 -0.965513 -0.1952 0.355115 -0.803048 0.478547 0.61727 -0.258686 0.743007 0.51771 -0.258992 0.815414 0.395152 -0.674286 0.623854 0.126777 -0.778424 0.614803 0.0190203 -0.999697 0.0156432 0.0103606 -0.999855 0.0135076 -0.0618325 -0.940462 0.334227 0.129623 -0.514974 0.847349 -0.701797 -0.634363 0.324137 -0.924344 0 0.38156 -0.91835 -0.00916021 0.395663 -0.927807 -0.0106527 0.372907 -0.335452 -0.92574 0.174576 0.0506157 -0.80056 0.597111 0.377002 -0.46008 0.803863 0.159012 -0.904086 0.396665 0.0019094 -0.999997 0.00136648 0.491917 0.0076189 0.870609 0.382021 -0.109781 0.91761 0.409743 -0.0302541 0.911699 0.444908 -0.883131 -0.148786 0.539087 -0.574505 0.615897 0.0950389 -0.954871 0.281407 -0.710096 -0.704051 0.00870279 -0.966117 -0.255911 0.0335607 -0.988283 -0.137445 0.0663686 -0.606081 -0.794673 0.0340671 -0.262063 -0.96491 -0.0164682 0.242845 -0.230695 0.942235 0.10382 -0.372927 0.922034 0.0520676 -0.734018 0.677131 0.0605556 -0.958584 0.278297 0.784367 -0.615822 0.0743821 -0.619681 -0.476112 0.623949 -0.706635 -0.0330348 0.706806 -0.703443 0 0.710751 -0.701465 -0.160022 0.694507 -0.612083 -0.500902 0.611925 0.472922 0.72421 0.501862 0.321944 0.670666 0.66825 -0.082171 0.668865 0.738828 -0.421662 0.729391 0.538693 -0.636713 0.649284 0.415965 -0.109095 0.688269 0.717206 0.598928 0.686429 0.412432 -0.120906 0 0.992664 0.67259 0.0399407 0.738936 0.693924 0 0.720049 -0.0881071 0.0424068 0.995208 0.677195 -0.735803 -0.000770031 0.144523 -0.989323 0.0187679 0.0388448 -0.99918 0.0113792 0.937728 0.00688399 0.347302 0.123032 -0.991516 0.041947 -0.386183 -0.0161495 0.922281 -0.0623831 0.0958999 0.993434 0.367973 -0.107855 0.92356 0.372542 0.1027 0.922315 0.77426 -0.534308 0.33917 -0.382867 0 0.923804 -0.408179 -0.032065 0.912339 -0.396406 -0.0453184 0.916956 -0.269348 -0.613893 0.742015 -0.00298234 -0.99999 -0.00345823 0.369996 -0.0155751 -0.928903 0.718084 0.0108437 -0.695872 0.724125 0.000958538 -0.689668 0.724384 -0.555486 0.408293 0.700636 -0.452144 0.551973 -0.273682 -0.0510493 0.960465 2.96761e-07 -1 -4.63809e-07 0.00816758 -0.999946 0.00649131 0.00825981 -0.999954 0.00492294 0.0230647 -0.999577 0.0176901 0.0274695 -0.999476 0.0171024 0 -1 0 1.63248e-06 -1 -4.05966e-05 0 -1 0 9.96581e-08 -1 -5.89077e-07 -0.0121401 -0.999654 0.0233367 -0.0191523 -0.999633 0.0191474 -0.00432195 -0.999983 -0.0039062 -0.177486 -0.965917 0.188421 -0.49385 -0.707693 0.505256 -0.630562 -0.466254 0.620483 -0.680666 -0.259542 0.685077 -0.0135355 -0.999685 0.0211546 0.569262 -0.667908 0.479416 0.775722 -0.44044 0.451959 0.11358 -0.0745346 -0.990729 0.371556 -0.016312 -0.928267 0.301486 -0.861617 -0.408315 -0.00155682 -0.999998 -0.00098207 0.973801 -0.0746699 -0.214792 0.930963 -0.0119874 0.364917 0.944144 -0.0316285 0.32801 0.408337 -0.258227 -0.875545 0.648396 -0.626866 -0.431998 0.466329 -0.766774 -0.44113 0.521465 -0.669878 -0.528524 0.344435 -0.928133 -0.141189 0.0778038 -0.993098 0.0877648 0.0459612 -0.998873 0.0118825 -0.121423 -0.956964 -0.263584 0.974942 -0.222412 -0.00449957 0.158257 -0.257096 -0.95334 0.205909 -0.177773 -0.962288 0.123763 -0.627113 -0.769033 -0.0181932 -0.705958 -0.70802 0.0682583 -0.997668 0.000374548 0.672181 -0.740385 -0.00141923 0.965922 -0.258829 -0.00162818 0.857292 -0.354052 0.373762 0.659021 -0.748262 0.0761326 0.744263 -0.190618 0.640108 0.176913 -0.427158 0.8867 0.177662 -0.931557 0.317234 0.673489 -0.660974 0.330947 0.0833006 -0.611186 0.787091 -0.100164 0.924946 -0.366663 -0.906838 0.0805983 -0.413702 -0.958015 -0.0799543 -0.275344 0.113262 -0.015058 -0.993451 0.228229 0.015177 -0.973489 0.231515 0 -0.972831 0.102251 0.0246221 -0.994454 0.0943786 -0.0466646 -0.994442 0.118332 0.00531078 -0.99296 -0.0724565 0 -0.997372 -0.228017 0 -0.973657 -0.228017 0 -0.973657 -0.0700486 0.0137782 -0.997448 0.120949 0.00271219 -0.992655 0.99807 0.00189551 0.0620634 0.99879 -0.0148292 0.0468803 0.125242 -0.0259691 -0.991786 0.114756 -0.0140672 -0.993294 -0.527285 0 0.849689 -0.650825 0 0.759228 -0.759228 0 0.650825 -0.849689 0 0.527285 -0.849689 0 0.527285 -0.759228 0 0.650825 -0.527285 0 0.849689 -0.650825 0 0.759228 -0.993801 0 0.111169 -1 0 0 -0.993795 0 -0.111226 -0.993795 0 -0.111226 -1 0 0 -0.993801 0 0.111169 -0.991043 0.00315233 0.133508 -0.667518 0 -0.744594 -0.669917 0.0445739 -0.741097 -0.534729 0 -0.845024 -0.534729 0 -0.845024 -0.667899 0.00259381 -0.744248 -0.733508 0.616148 -0.286929 -0.000109218 -1 -1.22238e-05 0 -1 -3.05189e-07 0 -0.999972 0.0074961 -0.0110006 -0.999939 0.00123056 0 -1 -3.05189e-07 0 -1 -7.32861e-05 0 -1 0 0 -1 0 8.13158e-08 -1 -8.66021e-07 0 -1 0 0 -1 0 0 -1 0 0 -1 0 3.0155e-08 -1 -8.37869e-07 0 -1 0 5.36049e-05 -1 4.85282e-06 -0.0455467 -0.997908 -0.0458748 -3.43075e-05 -1 0.000143776 -9.85549e-05 -1 0.000510694 -0.000170933 -1 0.000654053 0.000535469 -1 0.000515552 -2.39556e-06 -1 -6.40903e-05 -1.27996e-05 -1 -1.23235e-05 0.000522589 -0.999997 0.00223151 -0.000170818 -1 0.000170817 0.00024015 -1 -0.00060733 -9.46743e-05 -1 -0.000114444 0.16669 -0.985912 -0.013856 0.00681114 -0.999917 -0.0109758 0.00301176 -0.999989 0.00364067 0.000283763 -1 -0.00033183 0.000620837 -1 -0.000532194 1.72481e-05 -1 1.42692e-05 -5.27906e-05 -1 3.27598e-05 0.000211062 -1 0.00017461 -0.000500981 -1 0.000130808 -0.032783 -0.99937 0.0135779 0.00203268 -0.999891 0.0145997 4.32282e-06 -1 -3.05189e-07 -0.000784684 -0.999999 0.00144306 -0.00452551 -0.99999 0 0.00707482 -0.999975 -0.000101116 0.00127417 -0.999999 -0.000177791 1.0236e-05 -1 6.57638e-05 -7.37997e-05 -0.999999 0.00103419 -0.00036179 -1 -4.04918e-05 1.86622e-05 -1 2.53323e-06 0.00814054 -0.995579 0.0935695 0.0412157 -0.99914 -0.0046105 0.00028156 -1 -0.00033769 0.000173914 -1 0.000284926 0.000256265 -1 0.000283217 -1.42684e-05 -1 -6.43378e-06 0.0330774 -0.99945 0.00253201 0.000308652 -1 0.000218443 -0.00015158 -1 -0.000151493 0.000265837 -1 0.000295794 0.213163 -0.976963 -0.0102848 1.89072e-05 -1 -5.12857e-05 -5.12361e-05 -1 0.000138978 6.5441e-05 -1 0.000103415 0.000194418 -1 -0.000194465 -0.0156729 -0.999161 -0.037839 0.0130201 -0.999863 -0.0102567 0.000191963 -1 1.82896e-05 -0.000156104 -1 -1.48731e-05 9.6285e-05 -1 0.000411147 -0.000372351 -0.999998 0.00211822 0 -1 -0.000315224 -0.000402887 -1 -1.35913e-06 -0.00012146 -1 0.000690956 0.0410758 -0.977555 -0.206635 0 -1 0 -0.29139 -0.938371 -0.185882 -0.922416 -0.375864 -0.0887363 -0.924114 -0.372642 -0.0845642 -0.944047 -0.326308 -0.0479456 -0.725288 -0.669301 -0.161227 -0.171127 -0.965875 -0.194427 0.021204 -0.980733 -0.1942 0.918128 -0.386336 0.0882335 0.921614 -0.372929 0.107478 0.903345 0.0201259 -0.428442 0.992946 -0.00871336 -0.118246 1.44955e-09 -1 -1.72617e-10 0.142383 0.00252091 -0.989808 3.10939e-09 -1 -9.04476e-10 0.116892 -0.00333044 -0.993139 0.579553 -0.00233638 -0.814931 0.549388 -0.0171872 -0.835391 0.0542337 -0.997464 -0.0460855 1.68952e-07 -1 -1.55766e-07 -5.23157e-08 -1 -1.15932e-07 3.51301e-08 -1 -1.60371e-07 1.01965e-07 -1 -9.1766e-07 0.995951 -1.43117e-08 0.0898974 1 5.93066e-16 2.90137e-16 4.50008e-07 -1 -1.90131e-07 6.50983e-09 -1 -1.43806e-07 -3.93002e-08 -1 -1.4048e-08 2.17726e-07 -1 -8.11763e-07 0.000202869 -1 0.000173821 7.49763e-08 -1 -1.80883e-07 -9.88863e-05 -1 -0.000332703 0.924252 -0.000202478 0.381783 0.542164 0.000549039 0.840272 0.0491236 -0.610083 0.790813 0.310441 -0.830849 0.461862 0.0620234 -1.64558e-05 0.998075 0.0619306 -2.26598e-07 0.99808 0.0861441 -0.783899 0.614884 0.558914 -0.00283368 0.829221 0.853752 0.00304111 0.520671 0.921933 -0.00736241 0.38728 0.897762 -0.0650938 0.435644 0.837602 -1.24088e-07 0.546281 0.913627 -9.23486e-08 0.406553 0.000632467 -0.999994 0.00343009 0.001257 -0.999999 -0.000784655 -0.000406949 -1 -0.000180175 -0.0029433 -0.999991 -0.00312439 0.98573 -0.0987844 -0.1363 0.997103 -0.0494294 0.0578072 -0.367698 -0.00498709 0.929932 -0.365293 -0.00577236 0.930875 0.167007 -0.985055 -0.0421307 0.0293514 -0.999478 0.0135043 0.00782905 -0.999952 -0.00589777 -0.641707 -0.707815 -0.295313 -0.606545 -0.742517 -0.284202 -0.695007 -0.665768 -0.271511 0.00831947 -0.999961 -0.00287736 -0.938063 -0.0140038 -0.346182 -0.992638 0.000256344 -0.121115 -0.985941 0.0424957 -0.161601 0.372453 -0.00959427 -0.928002 -0.992711 1.91864e-08 -0.120517 0.00696777 -0.999954 -0.00663191 0.939006 -0.00681986 0.343832 0.995074 0.00140615 0.0991242 0.00186298 -0.999935 -0.0112392 -2.45766e-06 -1 -1.55766e-07 1 5.93066e-16 2.90137e-16 -5.06652e-08 -1 -3.05177e-07 0.00185604 -0.999936 0.0111797 0.995432 1.51986e-08 -0.0954689 -1 0 0 0.00692163 -0.999954 0.00663409 -1 0 0 -0.992711 -1.91866e-08 0.120519 -0.992638 0.000257503 0.121119 0.372819 -0.00959232 0.927854 -0.985939 0.0425033 0.161612 -0.159474 -0.987181 0.00652452 0.366034 -0.0128757 0.930512 0.383356 -0.0108099 0.923537 0.538666 -0.273001 0.797063 0.903125 -0.0298751 -0.428338 0.943187 -0.0129701 -0.33201 0.00159685 -0.999967 -0.00793342 -0.695003 -0.665773 0.271509 -0.608295 -0.741164 0.283994 0.00550948 -0.999967 -0.00591949 -0.636141 -0.713878 0.292751 0.00197303 -0.999998 -0.000904638 0.0398898 -0.998847 -0.0266953 -0.00609081 -0.999001 0.0442724 0.71717 0.0048629 0.696881 0.732419 0.00670837 0.680821 -4.13935e-09 -1 1.23284e-09 0.992155 0.0013534 0.125009 -1.19487e-07 -1 -4.92677e-08 0.978686 -0.00399872 0.205325 0 -1 0 -3.46018e-07 -1 1.7529e-07 -2.71631e-08 -1 -1.43565e-07 3.6687e-07 -1 -1.23194e-06 -6.17844e-15 -1 1.81837e-14 -0.185904 0.0040338 -0.98256 -0.675347 0.00345721 -0.737492 -0.618034 -0.011306 -0.78607 0.109497 -0.801944 -0.587279 -0.0041821 -0.999928 0.0112433 -0.309161 0.479985 -0.820996 -0.0987004 -0.994023 -0.0466463 0.924703 0.00200347 0.380685 0.918488 -0.00567906 0.395408 -0.519334 0.00432556 0.85456 -0.516901 0.012027 0.855961 -0.409523 -0.0109452 0.912234 -0.355464 0.0655987 0.932385 -0.126143 -0.846872 0.51662 -0.94017 0.00745384 -0.340623 -0.227903 0.00179345 0.973682 -0.228359 -5.4017e-05 0.973577 -0.22869 6.15705e-05 0.973499 -0.377283 0.000111307 0.926098 -0.516583 -8.92461e-06 0.856237 -0.376943 -3.00651e-05 0.926236 -0.267021 0.705818 0.656141 -0.16158 0.706649 0.688868 -0.161661 0.705818 0.6897 -0.0523715 0.706082 0.706191 -0.0524036 0.706625 0.705645 -0.0739536 -2.40669e-06 0.997262 0.0582313 0.706073 0.70574 0.0821609 3.81919e-06 0.996619 0.0821783 1.07071e-05 0.996618 0.0581703 0.706358 0.705461 0.167138 0.706369 0.687828 0 1 0 0.272509 0.705755 0.653949 0 1 0 0.167336 0.705826 0.688337 0.236172 2.98239e-06 0.971711 0.236222 -1.72241e-05 0.971699 0.384588 -0.000145911 0.923088 0.272306 0.706156 0.6536 0.370856 0.705819 0.60356 0.370729 0.70602 0.603404 0.523513 -1.08427e-06 0.852018 0.460256 0.705821 0.538498 0.649722 -7.1902e-06 0.760172 0.759286 -1.36322e-07 0.650757 0.759275 -5.03544e-06 0.65077 0.649714 -1.89164e-06 0.760178 0.537972 0.705677 0.461092 0.537248 0.706534 0.460624 0.459888 0.706495 0.537929 -2.20009e-07 1 6.4645e-08 2.20017e-07 1 6.71448e-08 3.84601e-07 1 4.39596e-07 -5.61743e-08 1 1.35787e-07 1.26078e-06 1 1.08097e-06 -1.04244e-06 1 -1.21934e-06 0.602184 0.705674 0.373362 0.60178 0.706114 0.373181 0.651738 0.706133 0.276792 0.651556 0.706343 0.276684 0.702365 0.702448 0.11511 0.702179 0.70263 0.115138 0.920431 0.000109154 0.390905 0.92056 -9.55626e-08 0.390602 0.986835 -3.70767e-08 0.161732 0.986835 -2.3364e-08 0.161732 1 2.11425e-11 1.7989e-12 1 -2.86383e-19 1.79889e-12 0.992712 -1.9185e-08 0.120509 0.985943 0.0425036 0.161586 0.992643 0.000243111 0.121075 0.992719 2.09645e-08 -0.120455 1 -7.50703e-12 -2.29106e-18 0.992648 0.000250283 -0.121037 0.985949 0.0425242 -0.161544 -0.385743 -0.00333078 -0.9226 -0.656627 0.0214876 -0.75391 -0.372818 -0.00961932 -0.927854 -0.00692818 -0.999954 -0.00663372 -0.00184767 -0.999936 -0.0111901 -0.995434 -0.00318116 0.0954013 -0.870729 -0.0102226 0.491657 -0.994501 0.00225622 0.104701 -0.995927 -1.43541e-08 0.0901641 2.19377e-06 -1 -2.26821e-06 -0.903505 -0.0011606 0.428576 -1.049e-06 -1 4.97591e-07 -0.568911 -0.00333633 0.822392 -0.5624 -0.0023788 0.826862 0.0550878 -0.997789 0.0371808 -0.00551338 -0.999967 0.00592793 -0.0542602 -0.997448 0.0464141 0.167908 -0.985747 -0.0104573 -0.149802 -0.988672 0.00933726 0.937979 -0.0140877 -0.346406 0.695899 -0.664622 -0.272035 0.607568 -0.741552 -0.284539 0.899503 0.115902 -0.42126 0.382422 0 0.923988 0.888132 0 -0.459589 0.888726 -9.57608e-05 -0.45844 0.390074 -0.89607 -0.211896 0.365989 0.00809568 0.930584 0.919896 0.0081079 -0.392078 0.356722 0.010827 0.934148 -0.887511 0.00261726 0.460779 0.27526 -0.699736 0.659243 0.270044 -0.708072 0.652464 -0.378248 -0.920596 0.0971186 -0.802481 -0.531562 -0.271046 -0.0462618 -0.998264 0.0364595 0.00573369 -0.999033 -0.0435842 -0.982484 -0.00279365 -0.186327 -0.721214 -0.000174801 -0.692713 -0.709965 -0.00289967 -0.704231 -0.919109 -0.00180413 0.394 8.82481e-07 -1 -3.79289e-07 3.42786e-06 -1 -7.51005e-07 -0.915827 0.000616858 0.401573 -0.976822 0.0042853 0.214011 9.22002e-08 -1 -2.60743e-07 -0.969275 -0.00354723 -0.245954 -1.87827e-07 -1 1.94336e-08 5.77551e-09 -1 -2.16844e-07 0.567415 0.00257477 0.823428 1.48612e-09 -1 -3.93389e-09 -0.651328 1.92686e-05 0.758796 3.23609e-07 -1 -1.1816e-06 -0.528408 -0.000139871 0.84899 -0.528721 0.000177632 0.848795 -2.06984e-15 -1 3.32287e-15 -1.24682e-15 -1 7.11242e-15 -0.230767 -0.00431001 0.972999 -0.172659 -0.0107688 0.984923 0.24215 0.00925704 0.970195 0.542306 -0.0163182 0.840023 0.338629 0.548784 0.764308 0.0591655 -0.990857 0.121255 -0.92611 -0.00192911 -0.377249 -0.921695 -0.00715847 -0.387849 -0.927948 -9.68827e-05 -0.372711 -0.528714 -0.000925853 0.848799 -0.00082985 -1 -5.33216e-05 0.000365573 -0.999994 -0.0035067 0.64349 0 -0.765454 0.522406 0 -0.852697 -0.000111979 -1 0.000140697 1.78225e-05 -1 -1.95129e-05 -1.60361e-05 -1 -3.91899e-05 8.63463e-06 -1 -7.41171e-06 -0.758796 1.90645e-05 0.651328 -0.758776 4.20885e-15 0.651352 -0.849383 -0.000946596 0.527777 -0.84865 -0.000110902 0.528955 -0.970587 0.00873428 0.240594 -0.850075 -0.00210382 0.526657 2.73948e-05 -1 1.24955e-05 8.06904e-08 -1 2.16625e-08 -0.993364 -0.0124513 -0.114335 -7.22051e-05 -1 6.85324e-05 -0.000102412 -1 5.30642e-05 0 -1 0 8.2222e-06 -1 -7.83698e-06 -0.651304 -3.37571e-15 0.758817 0.847624 4.41938e-06 -0.530598 0.847728 -0.000252699 -0.530432 0.754752 -0.000307505 -0.65601 0.644984 0.000318601 -0.764196 0.755658 0.000243378 -0.654966 0.755642 -0.00933556 -0.654918 0.64471 -0.0161267 -0.764257 0.649164 -0.0111459 -0.760567 0.717529 0.00169351 -0.696527 0.765375 -0.0242675 -0.643127 0.438659 0.736674 -0.514674 0.423402 0.762182 -0.489704 0.000157117 1 -0.000257742 0.000683382 0.999999 -0.00131045 0.335945 0.763151 -0.552034 0.432308 0.659276 -0.615195 0.347328 0.735491 -0.581735 0.512628 -0.0110306 -0.85854 0.518333 -0.0163011 -0.855024 0.574597 0.00310957 -0.81843 0.518195 -0.00037601 -0.855262 0.37991 0.000906714 -0.925023 0.37975 -0.00890668 -0.925046 0.365325 -0.0240309 -0.93057 0.431389 0.00168695 -0.902164 0.324149 0.659893 -0.677841 0.278648 0.0014653 -0.960392 0.206634 -0.0307496 -0.977935 0.231269 -0.00451085 -0.972879 0.21069 0.655405 -0.725296 0.239917 0.763397 -0.59972 0.244967 0.7415 -0.624635 0.0774975 -0.0206789 -0.996778 0.119856 0.000967821 -0.992791 0.228275 -0.00123384 -0.973596 0.231286 0.000259792 -0.972886 0.377194 -0.00076955 -0.926134 0.228922 0.000904904 -0.973444 0.250619 0.0310823 -0.967587 0.226842 0 -0.973931 0.675127 -0.71169 0.194168 -3.54422e-05 -1 0.000152169 -0.000216412 -0.999975 0.00708133 -0.0760127 2.81208e-05 0.997107 -0.226385 -0.00130592 0.974037 -0.226929 -0.000153516 0.973911 0 -1 0 0 -1 0 -0.0759665 -2.45504e-16 0.99711 -0.226378 0.000344759 0.97404 0 -1 0 -0.997075 0.00157269 0.0764196 0 -1 0 3.84022e-05 -1 0.000119387 -2.55378e-05 -1 -1.11074e-06 -2.53251e-10 -1 3.93837e-08 0.999055 -0.00129381 0.043453 0.846143 -0.000999439 0.532955 0.223121 -0.807288 0.546354 0.223522 -0.805978 0.548121 -0.407245 0.678112 0.611814 -0.160525 -0.880089 0.446851 0.935738 0.0124448 -0.352476 0.461091 0.00246903 0.88735 0.213914 0.0118214 0.976781 0.525457 -0.00333498 0.850814 0.52776 -0.000957145 0.849393 0.651441 -7.15108e-05 0.758699 0.528955 -0.000110205 0.84865 0.651328 1.89193e-05 0.758796 -5.34564e-15 -1 -1.19448e-15 0.725491 -0.00467529 0.688215 3.50823e-07 -1 -3.50804e-07 4.68898e-07 -1 -2.58327e-07 0.716521 -0.000455372 0.697565 0.204331 -0.00607394 0.978883 0.0468334 0.0109083 0.998843 -0.461422 -0.0133348 0.887081 -0.697114 0.0139997 0.716823 -0.96925 -0.0129504 0.245737 4.69094e-05 -1 2.55958e-05 1.11976e-08 -1 6.1099e-09 1.16963e-08 -1 1.95255e-10 1.77619e-08 -1 -3.40369e-09 -0.982129 -0.00166812 0.188204 -7.66626e-08 -1 1.66854e-09 0.819826 -0.0040885 0.572598 0.0611633 0.0168494 0.997986 0.823491 -0.0048576 0.567308 4.45553e-07 -1 2.48181e-07 2.5168e-07 -1 -6.0352e-09 6.97454e-06 -1 -1.47807e-05 -0.678886 -0.00126749 0.734243 2.74062e-08 -1 -1.75851e-07 1.95233e-05 -1 2.58844e-05 -0.153972 -0.0153304 0.987956 -0.675966 -0.000571606 0.736933 -0.290557 -0.000533696 0.956858 3.04517e-07 -1 6.72155e-08 -0.220582 0.00135503 0.975367 -0.282619 -0.00350825 0.959226 4.71577e-07 -1 2.90756e-07 0.179016 0.0057811 0.983829 -3.31132e-08 -1 -1.81982e-07 5.29726e-07 -1 3.45485e-07 0.389751 0.000773023 0.92092 -9.02883e-08 -1 -2.36437e-07 0.379997 -0.00210557 0.924985 -1.53818e-05 -1 3.01271e-06 -7.27112e-08 -1 4.91303e-08 0.775625 -0.00210973 -0.63119 0.828017 -0.0122532 -0.560569 0.999708 0.0031034 -0.0239773 -1.88216e-07 -1 2.67146e-08 0.996979 0.00964369 0.0770686 0.99641 -0.00955155 -0.0841235 0.865599 -0.0124956 0.500582 0.842949 0.00973328 -0.537906 0.75967 0.00292538 0.650302 0.776421 -0.00612297 -0.630185 4.7406e-11 -1 -4.58385e-11 0.719004 0.00224195 -0.695002 -2.7806e-06 -1 2.8569e-06 8.70388e-06 -1 4.07439e-06 2.00643e-09 -1 1.35504e-09 -1.16873e-07 -1 -3.18103e-06 2.2176e-06 -1 1.49817e-06 0.857622 -0.000289904 0.514281 0.997798 -0.00659971 -0.065999 0.857452 -6.73824e-05 0.514563 0.793164 -0.000106243 0.609008 0.857513 0.000137194 0.514462 1.36076e-05 -1 8.12347e-07 0.00417634 -0.999979 0.00503415 -0.00182582 -0.999998 -0.000108998 3.73714e-05 -1 3.20312e-05 -0.759271 -0.000939576 -0.650774 -0.849624 -0.000245526 -0.527389 -0.850798 0.002158 -0.525488 -0.850044 -0.000906888 -0.526711 -0.758853 -0.000265767 -0.651262 -0.649091 -0.00166047 -0.760709 -0.523789 0.00226246 -0.851845 -0.5239 -0.00198051 -0.851778 -0.522996 0.00499167 -0.852321 -0.526463 -2.27977e-05 -0.850198 -0.649789 -0.000513798 -0.760114 -0.518096 0.0018509 -0.85532 -0.644857 0.00204464 -0.7643 -0.517929 -0.0159233 -0.855275 -0.64487 -0.0156398 -0.764132 -0.574351 0.00296123 -0.818604 -0.356661 0.706525 -0.611241 -0.406315 0.706827 -0.579054 -0.505281 -0.00428807 -0.862944 -0.343143 0.726767 -0.595032 -0.270681 0.694369 -0.666771 -0.375035 -0.0140114 -0.926905 -0.265095 0.705145 -0.657644 -0.379624 -0.00918778 -0.925095 -0.00257182 0.999983 -0.00523357 2.72438e-08 1 4.10978e-07 -0.197124 0.725817 -0.659039 0 1 0 -2.2363e-07 1 -8.77031e-07 -6.10654e-08 1 1.40731e-07 -0.078566 0.720567 -0.68892 -0.0802214 0.744916 -0.662318 2.35542e-07 1 1.1022e-07 2.52808e-08 1 1.66177e-07 9.00615e-05 1 -0.000717223 -0.0317488 0.64696 -0.761862 -0.0416053 -0.0386442 -0.998387 -0.119966 0.000882762 -0.992778 -0.0774785 0.00159375 -0.996993 -0.0774752 -0.000215823 -0.996994 -0.231994 -0.00454631 -0.972707 -0.0820963 -0.00150762 -0.996623 -0.0824722 0 -0.996593 -0.236197 0.00793611 -0.971673 -0.23618 -0.00163463 -0.971708 -0.230957 0 -0.972964 -0.235503 0.00575222 -0.971857 -0.231971 0.000810194 -0.972722 -0.383806 -0.000814031 -0.923413 -0.379669 0.00170412 -0.925121 -0.342744 -0.00874788 -0.939388 -0.245049 -0.706754 -0.663664 -0.12474 -0.894147 -0.430048 -0.236187 -0.861953 -0.448611 0.0460627 -0.99771 0.0495303 -0.000408679 -0.999363 0.0356742 -0.296842 -0.706762 -0.642163 0.0155698 -0.999821 -0.0107869 -0.000977635 -0.99996 0.00886601 0.821248 -0.436764 0.367136 0.85417 -4.50037e-06 0.519994 0.533605 -0.000888813 0.845733 0.518836 -0.00274912 0.85487 0.227503 -0.000990005 0.973777 0.226159 0.00022201 0.97409 -0.915431 0.00448096 0.402451 -0.926195 -0.00737039 0.376972 -0.907967 0.00929209 0.418938 0.210087 -0.925336 0.315621 -0.000707627 -1 0.000306755 -0.00209289 -0.999994 -0.00260429 0.226126 -0.000115623 0.974098 1.31815e-15 -1 4.4519e-15 0 -1 0 0.0759669 2.55879e-05 0.99711 3.31764e-05 -1 -4.37926e-06 -0.0821874 -0.000278163 -0.996617 -1.15572e-05 -1 0.000155584 0.074079 -0.000205296 -0.997252 -2.1218e-14 -1 -2.09141e-14 -3.87899e-05 -1 -3.82343e-05 0.858645 -0.00101443 0.512569 0.999042 -0.00124255 0.0437526 0.854223 -0.00217918 0.519902 0.930853 0.00825979 -0.3653 -0.38352 0.0608532 -0.921525 -0.421144 -0.00684169 -0.906968 0.0742891 0 -0.997237 0.0734749 -0.00326626 -0.997292 0.0765486 0.000598116 -0.997066 0.0771169 5.30602e-07 -0.997022 0.00921613 5.32164e-07 -0.999958 -0.146463 0.707109 -0.69177 -0.20727 -0.030334 -0.977813 -0.14597 0.708215 -0.690742 -0.27894 0.00123366 -0.960308 -0.197494 0.707173 -0.678898 0.0231438 0.767847 -0.640215 0.0272284 0.750964 -0.659782 0.0412337 0.000114865 -0.99915 -2.26358e-07 1 2.30116e-07 -7.58475e-07 1 4.17441e-07 2.8816e-08 1 1.1852e-07 -6.17892e-08 1 4.02879e-07 5.06655e-07 1 1.51935e-07 -6.04815e-07 1 1.486e-06 -0.365867 0.706052 0.606327 -0.455485 0.706302 0.541914 0 1 0 -0.365701 0.706316 0.606119 -0.516603 -1.81887e-07 0.856225 -0.643487 1.42916e-06 0.765457 -0.643537 2.06483e-05 0.765415 -0.456082 0.705498 0.542458 -0.754754 6.78458e-06 0.656008 -0.534918 0.705485 0.464923 -0.534616 0.705939 0.464581 -0.600204 0.706119 0.375701 -0.600424 0.705878 0.375801 -0.651481 0.706047 0.277617 1.15786e-07 1 2.223e-07 -0.70236 0.702444 0.115165 -9.87504e-07 1 1.61919e-07 2.75284e-07 1 1.39052e-07 -0.651272 0.706262 0.277559 -0.702238 0.702576 0.115103 -0.707065 0.707149 9.05121e-08 -0.707065 0.707149 9.71146e-08 -0.704358 0.704441 -0.0874283 -0.384804 0.916479 -0.10951 -4.70847e-06 1 -1.09701e-06 -0.986375 0.00129317 -0.164509 -0.93522 0.00243983 -0.354058 -0.652471 0.707279 -0.272099 -0.638252 0.707086 -0.304407 -0.902629 0.000876901 -0.430418 -0.919876 -0.0207743 -0.391658 -0.847997 -0.0048647 -0.529978 -0.847933 0.00157144 -0.530101 -0.758734 -0.000775086 -0.6514 -0.755657 0.00302664 -0.65496 -0.755628 -0.00932835 -0.654935 -0.820947 0.000956348 -0.571003 -0.860777 -0.030898 -0.508043 -0.654904 0.649409 -0.386482 -0.546196 0.746399 -0.380209 -0.51069 0.778917 -0.363983 0.000250178 1 0.000239639 0.001718 0.999997 0.00190234 -0.582113 0.649386 -0.489328 -0.765097 -0.0238359 -0.643473 -0.476119 0.747648 -0.462962 -0.716964 0.00169022 -0.697108 -0.440835 0.782671 -0.43942 -0.496149 0.644321 -0.581968 -0.648734 -0.0112937 -0.760931 -0.385256 0.762717 -0.519462 -0.920251 5.77789e-08 -0.391328 -0.920788 0.000790735 -0.390063 -0.986832 2.28915e-08 -0.161747 -0.986832 2.40948e-08 -0.161747 -0.58081 0.759532 -0.292867 -1 -6.41908e-12 -2.27818e-11 -1 2.16007e-11 6.59206e-18 -0.986832 1.28349e-08 0.16175 -0.986832 -2.73447e-08 0.16175 -0.919924 3.29537e-06 0.392097 -0.847662 -0.000455412 0.530537 -0.921092 0.00113846 0.389343 -0.852638 0.00284855 0.522494 -0.847691 -1.15392e-07 0.53049 -0.000323739 -1 -0.000337012 -0.00199207 -0.999997 0.00123205 -0.193889 -0.695267 -0.692106 0.856867 -0.0201301 -0.515145 0.758804 2.0738e-07 -0.651319 0.848909 1.68287e-07 -0.528539 0.758804 -4.84849e-15 -0.651319 0.848966 -0.000334289 -0.528447 0.848292 0 -0.529529 0.758804 0 -0.651319 0.651389 0 -0.758744 -6.77285e-16 -1 -7.05053e-16 7.84079e-07 -1 -1.03214e-06 3.91204e-07 -1 -1.26028e-06 0.529374 0 -0.848389 -2.46072e-07 -1 -6.45211e-08 0 -1 0 0.516692 -0.0177654 -0.855987 -0.00221088 -0.999976 0.00650514 0.683494 -0.702318 0.198959 -0.643483 -5.33648e-06 0.76546 -0.522427 -1.65096e-07 0.852684 -0.754783 -6.4316e-06 0.655974 0.528387 -0.000334603 -0.849004 0.528487 0 -0.848942 0.651389 0 -0.758744 0.651389 4.0068e-15 -0.758744 0.240405 0.00745219 -0.970644 0.526447 -0.00206603 -0.850205 2.16073e-15 -1 -3.48955e-15 -0.588604 -0.00727617 -0.808388 -8.39035e-16 -1 -1.28866e-14 -0.0649684 -0.0101185 -0.997836 -0.210575 0.0043858 -0.977568 0.970989 0.00878747 -0.238963 0.850168 -0.00209728 -0.526508 0.99785 -0.00923216 0.0648904 0.983181 0.00285165 0.182613 0.968364 -0.133503 0.210825 0.553886 -0.82003 -0.144088 -0.29163 0.0103934 -0.956475 -0.392835 -0.00459947 -0.919597 6.36095e-09 -1 4.13659e-10 0.81512 -0.00876253 0.579226 1.66337e-09 -1 -1.03012e-09 -0.558155 -0.0797158 -0.825899 -0.388764 0.00829101 -0.9213 -0.266958 0.706065 0.655901 0.0925965 0.635294 -0.766699 0.135664 0.766065 -0.628283 0.136408 0.751249 -0.645769 -0.648797 -0.000882161 -0.760961 0.690265 -0.694368 -0.203441 -0.00215959 -0.999979 -0.00606765 0.918439 -0.0066845 -0.395507 -0.00011898 -1 -4.66119e-05 0.792498 -0.000618473 0.609875 7.52039e-06 -1 -4.0604e-06 -5.52365e-05 -1 0.000525596 0.171322 -0.00472971 0.985204 0.529403 0.00633705 0.848347 0.947913 -0.0351562 -0.316584 0.471779 0.0181437 -0.88153 -0.0320712 -0.0314123 -0.998992 -0.756728 0.00636528 0.653699 -0.292379 -0.0104019 0.956246 -0.18133 -0.000705348 -0.983422 -5.16675e-08 -1 -3.25088e-08 -1.33353e-08 -1 -5.92871e-09 0.913763 0.00024353 0.406247 6.76045e-05 -1 0.000354337 9.98222e-10 -1 2.23053e-10 8.56027e-06 -1 -4.71605e-06 -0.000533893 -0.999625 0.0273612 0.0759249 2.499e-16 0.997114 -0.998194 -0.00175445 0.0600505 -0.820513 -0.43998 0.364932 -0.202245 -0.926073 0.318568 0.921605 0.00120374 0.388128 0.15072 -0.859688 -0.488077 0.934801 0.00871527 0.355066 0.00463805 -0.999119 0.0417194 -0.0094449 -0.999955 -0.000260542 0.0161605 -0.999869 2.39667e-05 0.287895 -0.729556 -0.620374 0.294825 -0.706276 -0.643624 0.243268 -0.706272 -0.664831 -0.01199 -0.999594 0.0258367 0.419695 -0.00790093 -0.907631 0.341393 0.113984 -0.932984 0.918346 -0.00259228 0.395769 -0.84793 -0.000596143 0.530107 -0.522184 -0.000409916 0.852833 -0.550472 -0.00439497 0.834842 -0.862228 -0.00368355 0.506507 0 -1 0 -0.0416378 -0.998519 0.035018 -0.182475 -0.76708 0.615053 -0.655486 0.00263449 0.755202 -0.375475 -0.00159764 0.926831 -0.367827 0.000831695 0.929894 -6.29559e-10 -1 -2.79048e-09 -0.646652 0.00164517 0.762784 -6.44335e-10 -1 7.6005e-10 -0.549467 -0.819287 0.163875 0.504855 -0.601593 0.619038 0.622604 -0.00674314 0.782508 0.517005 0.0159824 -0.855833 0.517087 0.00038325 -0.855933 0.6431 -0.000655415 -0.765782 0.512641 0.742927 -0.430417 0.542378 0.655013 -0.526103 0.465347 0.801476 -0.375618 0.821357 0.00101475 -0.570414 0.635013 0.634037 -0.441311 0.861008 -0.0313848 -0.507622 0.663559 0.637789 -0.391043 0.848047 -0.00487905 -0.529899 0.902931 0.000313501 -0.429786 0.63865 0.706826 -0.304176 0.549126 0.785452 -0.285526 6.92446e-06 1 -1.68368e-06 0.386318 0.915844 -0.109492 0.652547 0.707047 -0.272519 0.985967 0.00245415 -0.16692 0.935445 0.00248822 -0.353463 0.986843 2.20493e-08 -0.161682 0.919997 5.30804e-06 -0.391925 0.919785 -0.0208847 -0.391866 0.986843 1.03355e-07 -0.161682 1 2.2124e-12 1.71908e-11 0.707065 0.707149 1.26661e-07 0.707065 0.707149 1.187e-07 2.31419e-06 1 1.84886e-07 -4.54346e-06 1 1.18764e-06 7.00114e-07 1 -1.45296e-07 0.919968 -3.77824e-05 -0.391993 0.84806 0.000109297 -0.5299 0.704241 0.704325 -0.0892802 0.521189 0.00170426 -0.853439 -3.33569e-07 -1 1.70144e-07 -3.00547e-08 -1 -1.76153e-07 -0.97868 0.000163739 -0.205389 -9.45091e-07 -1 -1.55766e-07 -0.142587 0.00252983 0.989779 -0.117093 -0.00332602 0.993115 -0.602334 -0.772582 0.200776 5.32579e-07 -1 -1.53581e-06 -0.000452209 -1 -0.000206965 -0.995955 1.43042e-08 -0.0898507 -1 1.18613e-15 1.84759e-22 -1 -9.23795e-23 5.80274e-16 -6.39393e-08 -1 -7.04163e-08 2.03641e-07 -1 1.75506e-07 0 -1 0 -0.0622184 1.01277e-05 -0.998063 0.000294006 -1 0.000440876 -0.554793 -6.56332e-07 -0.831988 -0.52723 -0.00491188 -0.849708 -0.29766 -0.823516 -0.482929 -0.862998 -0.118441 -0.491127 0.0291521 -0.999517 -0.0107472 -0.382242 -0.00482016 0.92405 0.120501 -0.992646 -0.0115829 -0.372445 -0.00960714 0.928005 -0.939097 -0.00682853 -0.343583 -0.0069205 -0.999954 0.00662035 -0.0018577 -0.999936 0.0111897 -0.995077 0.00140796 -0.0990936 2.58601e-08 -1 -1.55766e-07 -0.850622 -0.0159883 -0.525535 0.60649 -0.742405 0.284614 0.645652 -0.703472 0.297087 0.695887 -0.664638 0.272026 -0.0106097 -0.999937 0.00366736 -0.00407913 -0.99997 -0.0065898 0.0178914 -0.999421 0.0289457 -0.0214569 -0.999721 -0.0098697 -0.123489 -0.990312 0.0635019 -0.78545 -0.618195 0.030054 -0.73514 -0.000902371 0.677914 -0.770867 -0.0104919 0.63691 -5.93839e-08 -1 2.03721e-08 4.03727e-05 -1 -1.36454e-05 -0.000126671 -1 -6.52022e-05 3.52902e-07 -1 1.81713e-07 -0.975648 0.00100714 0.21934 1.86556e-07 -1 2.06038e-08 4.09433e-08 -1 -1.30263e-07 -7.35034e-05 -1 -0.000143317 0.213828 0.00187213 -0.97687 -4.27706e-10 -1 1.64627e-09 1.63414e-10 -1 6.79652e-10 -1.5304e-05 -1 4.52843e-05 0.251455 -0.00210296 -0.967867 0.678661 -0.00242347 -0.734448 0.253205 -0.00189767 -0.967411 -0.207359 -0.00450916 -0.978254 -0.233775 -0.00135119 -0.97229 -0.527563 -0.00108783 -0.849515 -0.651426 -2.23156e-15 -0.758713 -0.651393 2.57283e-05 -0.75874 -0.528875 -0.000132026 -0.8487 4.69055e-07 -1 -2.5825e-07 -0.000659096 -1 0.000362881 -1.60821e-06 -1 -1.88547e-06 0.526506 0 0.850172 0.649711 0 0.760181 0.00035805 -0.999995 0.00315854 3.60385e-05 -1 -3.95489e-05 0.00019972 -1 0.000171432 0.00059179 -1 -0.000417617 -0.00222669 -0.999993 -0.00306366 0.377221 -0.00516054 -0.926109 0.644407 0.0254974 -0.764257 0.378097 -0.00472891 -0.925754 -0.848687 0.000230484 -0.528895 -0.978468 -0.00465222 -0.206348 -0.849504 -0.00110476 -0.52758 -0.758775 1.39755e-15 -0.651353 -0.7588 2.29951e-05 -0.651324 -0.848666 -0.000123712 -0.528929 -0.99252 -0.0145681 -0.121213 -0.965853 0.011031 0.258855 0.849695 0.00130319 0.527273 0.649706 -8.96409e-06 0.760186 0.523636 -5.99217e-05 0.851942 0.523578 3.99625e-05 0.851978 0.384681 -0.000186354 0.923049 0.0821807 -1.89054e-05 0.996617 0.236053 0.00329429 0.971735 0.230985 8.18992e-05 0.972957 0.23825 0.00823003 0.971169 0.92626 -0.00594148 -0.376838 0.921577 -0.000409446 -0.388196 -0.526293 -0.00300457 -0.850298 -0.51833 -0.00394518 -0.855172 -0.22618 0.000275416 -0.974086 -0.227857 -0.00121033 -0.973694 4.32779e-05 -1 4.2692e-05 2.84824e-05 -1 1.2414e-06 -0.0759212 5.71261e-16 -0.997114 -4.28361e-05 -1 -0.000133172 0 -1 0 0 -1 0 -0.999007 -0.00137116 -0.0445377 -0.999051 -0.00119452 -0.0435434 -0.858393 -0.000436018 -0.512993 0 -1 0 -0.840704 -0.00229769 -0.54149 -0.546273 0.00487424 -0.837593 0 -1 0 -0.380489 -0.000767201 -0.924785 -0.378045 -0.00157349 -0.925786 -1.22211e-07 -1 -2.88479e-07 -0.236251 -0.775004 -0.586135 0.674928 -0.00328179 -0.737877 0.229802 0.000630989 -0.973237 0.0234017 -0.99954 0.0193011 0.00613897 -0.999963 0.00602277 0.0765093 -0.996091 -0.0441442 -0.925153 -0.00127529 0.379593 0.52128 0.00772717 0.853351 -0.921685 -0.00534252 0.387902 0.417855 -0.00439736 0.908503 0.523627 -0.000173131 0.851948 0.346728 -0.00699882 0.93794 0.38586 0.0360564 0.921853 -0.00251774 -0.999377 0.035192 -0.015596 -0.999448 0.0293294 0.00558557 -0.999968 0.00579885 0.00355839 -0.999818 -0.0187446 -0.0953005 -0.995043 0.0284093 -0.85447 -0.00283155 -0.519493 -0.858674 -0.00186553 -0.512519 0 -1 0 -0.234562 -0.781227 -0.578502 0.00372259 -0.99984 -0.0175128 0 -1 -1.59685e-07 0 -1 0 0 -1 0 -9.43497e-15 -1 4.66761e-15 0 -1 0 0.550775 -0.00435908 -0.834643 0.616545 -0.0139693 -0.787196 0.226344 0.00034481 -0.974047 0.226889 -0.000147747 -0.973921 0.226351 -0.00128849 -0.974045 -0.921402 -0.00256182 -0.388601 -0.920976 -0.00303477 -0.389608 0.202175 -0.926025 -0.318753 -0.000566445 -0.999993 -0.00371415 -0.000742155 -0.999998 0.00179882 -0.000479992 -0.999998 0.00183868 -5.49609e-05 -1 0.000318908 2.35078e-05 -1 0.000308549 0.00070915 -1 -0.000307891 -0.226145 -0.000122994 -0.974094 -0.0759681 2.85355e-05 -0.99711 -6.01215e-05 -1 2.61029e-05 0.00208735 -0.999994 0.00258771 0.810689 -0.456089 -0.367105 -0.0185532 -0.998484 -0.0518154 0.0221476 -0.999254 0.0316331 0.999493 0.000312251 -0.0318305 0.61808 -0.772653 -0.144863 0.639676 -0.660871 -0.392511 0.851493 -2.38448e-05 -0.524367 0.878508 -0.00415347 -0.47771 0.567996 0.00557693 -0.823012 0.390091 -0.00185714 -0.920775 0.174045 1.52236e-14 -0.984738 0.382911 -2.25757e-15 -0.923785 0.186346 -0.844713 -0.501732 0.244878 -0.777661 -0.579032 0.848164 0.0100346 -0.529639 0.99545 -0.0107328 -0.0946766 0.0760116 2.62531e-05 -0.997107 0.0759685 6.16343e-16 -0.99711 -0.528842 0.000211494 -0.84872 -0.970681 -0.000590609 0.240369 -0.338086 -0.906433 0.253136 -0.494313 -0.698284 0.517738 -0.0695494 -0.997578 -0.000347811 -0.922084 -0.00276949 -0.386981 -0.551556 0.00108782 -0.834137 -0.0622753 1.69838e-07 -0.998059 -0.563179 1.08811e-07 -0.826335 -0.0492958 -0.610554 -0.790439 -0.0688031 -0.705209 -0.705653 -0.925609 -1.17867e-05 -0.378482 0.898923 0.117414 0.42208 0.93798 -0.0140638 0.346404 -0.93177 0.00917183 -0.362933 0.883793 0.0119367 -0.467725 -0.525197 -0.670235 0.52436 2.43305e-06 -1 -3.05189e-07 0.850038 -7.58933e-05 0.526721 0.849854 2.49633e-05 0.527019 -0.0739979 -1.5417e-05 0.997258 0 1 0 -0.0276923 -0.999195 0.0290215 -0.00811578 -0.999902 0.0114199 -0.426834 -0.733703 -0.528671 0.213981 -0.00264475 -0.976834 0.918937 -0.000547189 -0.394405 0.59214 -0.781648 -0.195951 -0.900401 0.113846 0.419901 -0.938063 -0.0140295 0.346181 0.996603 0.00244214 -0.0823213 0.877933 -0.0135422 0.478591 0.870505 0.0251025 0.49152 0.38242 -0.00472438 -0.923977 -0.0294281 -0.999509 0.0107567 -0.120538 -0.992642 0.011543 -0.899383 0.116511 -0.42135 -0.508654 0.00983164 0.860915 0.0421704 -0.998453 0.0362505 0.694736 0.000799171 -0.719264 0.760437 0.106486 -0.640622 0.935774 -0.07463 0.344613 0.517875 1.19799e-07 0.855456 0.538905 -1.8277e-07 0.842367 -2.07946e-07 -1 -3.23275e-07 0.917527 0.00059543 -0.397673 0.649349 -0.0182019 -0.760273 -0.97145 -0.00304348 -0.237224 -0.970934 -0.00729193 -0.239237 1.98333e-06 -1 -3.59492e-06 0.500396 -2.61498e-05 -0.865797 -0.968211 -7.17644e-05 -0.250137 -0.967957 0.00458226 -0.251075 1.18531e-07 -1 -1.44467e-07 -0.962817 -3.60695e-08 -0.270153 -0.964944 0.00539428 -0.262399 -0.966213 -8.91133e-05 -0.257747 -0.955188 0.163693 -0.246619 -0.954349 0.142724 -0.262387 -0.969755 0.120534 -0.212242 -0.976303 -0.000366348 -0.216408 -0.964136 0.0125927 -0.265111 -0.975828 0.138704 -0.168884 -0.975796 0.13931 -0.168566 -0.98562 0.114052 -0.12468 -0.984416 0.132099 -0.11608 -0.88752 0.455176 -0.0715729 -0.888895 0.45225 -0.0730473 -0.514612 0.855678 0.0546717 -0.887516 0.459715 -0.0312589 -0.175861 0.981024 0.0816374 -0.500378 0.865494 0.0232577 -0.180155 0.980595 0.0773145 -0.166304 0.985671 0.0282202 -0.47908 0.877022 -0.0362551 -0.503175 0.863955 0.0199167 -0.159825 0.986425 0.0377058 -0.0457706 0.998951 -0.00135641 -0.0521663 0.998598 -0.00897794 -0.0781399 0.995508 0.0534581 -0.132835 0.990725 -0.0286166 -0.144708 0.988549 -0.0427881 -0.437984 0.891313 -0.117183 -0.439827 0.890078 -0.119634 -0.480953 0.875872 -0.0391493 -0.870699 0.474174 -0.130546 -0.843015 0.489474 -0.223027 -0.873753 0.467376 -0.134594 -0.837117 0.503061 -0.214861 -0.798626 0.512874 -0.31489 -0.425695 0.887018 -0.178839 -0.792148 0.529068 -0.304285 -0.414441 0.88101 -0.228165 -0.401661 0.89594 -0.189631 -0.749079 0.538505 -0.385867 -0.756966 0.529071 -0.383518 -0.875199 0.202757 -0.439223 -0.91142 0.220411 -0.347465 -0.880894 0.187312 -0.434672 -0.910816 0.189012 -0.367 -0.938031 0.162897 -0.305881 -1.33774e-08 -1 -1.36047e-07 0.0758388 -0.988449 -0.131215 -0.950786 0.143095 -0.274828 -0.953334 0.0385409 -0.299448 0.0759424 -0.988413 -0.131421 0.196619 -0.919546 -0.340258 -0.954058 0.00144931 -0.29962 0.252587 -0.843877 -0.473362 -0.955963 -0.00328151 -0.29347 0.373206 -0.666138 -0.645738 0.227194 -0.890987 -0.393096 0.227356 -0.890836 -0.393345 0.37308 -0.666449 -0.645489 0.483324 -0.258886 -0.836287 0.483262 -0.259497 -0.836133 0.97167 0.00886331 0.236177 0.973759 0.0510013 0.221793 0.9705 0.143577 0.193687 0.959307 0.146862 0.241168 0.961849 -0.128124 0.241723 0.978196 0.0724034 0.194654 0.979278 0.0830454 0.184712 0.978318 0.0532822 0.200137 0.974602 0.12524 0.185648 0.990744 0.0376863 0.130411 0.990074 0.0130465 0.139944 0.500421 -0.000164401 -0.865782 0.989623 0.00836657 0.143448 0.500382 0.000563078 -0.865805 0.484131 0.25281 -0.837678 0.48408 0.253346 -0.837545 0.972016 -0.109569 0.207798 0.379412 0.651999 -0.656463 0.972278 -0.114422 0.203918 0.972619 -0.0898606 0.214328 0.964625 -0.0734912 0.253175 0.977278 -0.133489 0.164645 0.980225 -0.126308 0.152331 0.988846 0.0109762 0.148534 0.988907 0.0105996 0.148157 0.990564 0.0241125 0.134914 0.980387 -0.144188 0.134354 0.975738 -0.156367 0.153247 0.8813 -0.434688 0.185357 0.881147 -0.434675 0.18611 0.527571 -0.809625 0.257247 0.556174 -0.809596 0.187684 0.522406 -0.814854 0.251208 0.889529 -0.414243 0.192722 0.874477 -0.442753 0.19814 0.869602 -0.458534 0.183135 0.869287 -0.455162 0.192791 0.514252 -0.812417 0.274816 0.509274 -0.81725 0.269708 0.531351 -0.828372 0.177387 0.615023 -0.753786 0.231414 0.865641 -0.476479 0.153734 0.863417 -0.470724 0.181464 0.937774 -0.319439 0.136154 0.990006 -0.137261 0.0323692 0.810707 -0.573539 0.117503 0.988507 -0.151165 0.00166363 0.999317 0.000659005 -0.0369388 0.998815 -0.00979613 -0.0476686 0.978366 0.203192 -0.0388946 0.801569 0.596381 -0.042627 0.985379 0.161286 -0.0549024 0.829475 0.557738 -0.0299967 0.803467 0.593587 -0.0457708 0.573045 0.819324 -0.0180803 0.454723 0.889199 0.0505234 0.452304 0.891497 -0.0255746 0.357284 0.933979 0.00567863 0.573103 0.818347 0.0431449 0.582133 0.811732 0.0470337 0.35728 0.931975 0.0614235 0.165877 0.984383 0.0589529 0.338806 0.939292 0.0542359 0.165438 0.986159 0.0110104 0.168728 0.985631 0.0078784 0.153333 0.987048 0.0471738 0.0304068 0.999483 0.0104429 0.0290652 0.998436 0.0477601 0.159614 0.987174 0.00328643 0.0316974 0.999447 0.010005 -0.0458814 0.998881 0.011431 0.030314 0.999494 0.00962175 0.160578 0.987021 0.00190073 0.764024 0.64087 -0.0745149 0.395473 0.917616 -0.0397691 0.761792 0.643806 -0.0720154 0.967381 0.226297 -0.113857 0.725956 0.681867 -0.0896916 0.97527 0.201369 -0.0910941 0.967366 0.229393 -0.107616 0.993794 0.00544491 -0.111101 0.996155 -0.00678289 -0.0873493 0.997425 0.0112082 -0.0708419 0.986645 -0.147062 -0.0700257 0.888901 -0.454522 -0.0571359 0.886727 -0.453745 -0.088493 0.902636 -0.423005 -0.0794729 0.991249 -0.0951871 -0.0914616 0.991185 -0.118562 -0.0591189 0.875631 -0.478503 -0.0656141 0.876941 -0.47239 0.0884414 0.812389 -0.575606 0.0932843 0.568843 -0.809725 0.144093 0.554406 -0.800216 0.228666 0.621768 -0.76383 0.173115 0.306455 -0.942114 0.136036 0.222392 -0.974786 0.0182585 0.072195 -0.99739 -0.00127038 0.224037 -0.974491 -0.0132144 0.0718096 -0.988424 0.133648 0.0729625 -0.997334 -0.00106804 0.232801 -0.964056 0.128064 0.192845 -0.944065 0.267493 0.166319 -0.95463 0.247021 0.00218841 -0.969808 0.24386 0.170996 -0.979511 0.106387 0.0395059 -0.976506 0.211836 0.0494383 -0.991703 0.118664 0.161799 -0.968463 0.189473 -0.00718095 -0.990047 0.140555 -0.0477615 -0.976061 0.212188 -0.0312524 -0.992498 0.118203 -0.0981275 -0.985818 0.136139 -0.066798 -0.997739 0.00747501 -0.0404983 -0.997133 0.0639248 0.0221739 -0.999722 0.00798573 -0.0520403 -0.998644 -0.00144589 0.0122656 -0.999923 0.00195698 -0.0398296 -0.999175 0.00789749 -0.0406333 -0.999139 0.00833339 0.074142 -0.997244 0.00279279 0.228926 -0.973203 -0.0216397 0.0660955 -0.99781 0.00255396 0.225232 -0.974098 -0.0200885 0.0133849 -0.999859 0.0101753 0.211781 -0.97702 -0.0241054 0.572256 -0.816034 -0.0813036 0.576883 -0.812174 -0.087061 0.916632 -0.374859 -0.138804 0.912563 -0.384257 -0.139916 0.984375 -0.0801759 -0.156774 0.986357 -0.0605922 -0.153062 0.980099 -0.0086954 -0.19832 0.967647 0.158985 -0.195916 0.973054 0.0953321 -0.209946 0.976747 0.0105023 -0.214137 0.969137 -0.121237 -0.214652 0.884476 -0.429222 -0.182949 0.977123 -0.0690926 -0.201141 0.969027 -0.124955 -0.21301 0.853737 -0.483418 -0.193494 0.886378 -0.430079 -0.171366 0.508012 -0.855168 -0.10301 0.206458 -0.978049 -0.0281922 0.544313 -0.834914 -0.0815 0.0577039 -0.99833 0.00257951 0.196708 -0.980422 -0.00883283 0.0650034 -0.997868 0.00590906 0.00870646 -0.99989 0.0120163 0.00666478 -0.999915 0.0112166 -0.125325 -0.991969 0.0170899 -0.117227 -0.992847 0.0226411 -0.0968829 -0.994895 0.0282401 -0.0272784 -0.999451 0.0188007 -0.0235167 -0.999608 0.0151729 -0.0607409 -0.997894 0.0227821 -0.0968839 -0.995241 0.010446 -0.0285449 -0.999566 0.00732997 -0.0285607 -0.999432 0.0178625 -0.0624898 -0.99696 -0.046548 -0.0524655 -0.99818 -0.0297194 -0.0560784 -0.991125 -0.12053 -0.0227995 -0.994015 -0.106837 -0.00341112 -0.999345 -0.0360263 -0.0104232 -0.99213 -0.124778 -0.0168155 -0.999791 0.0116024 0.00550202 -0.999982 0.00226562 0.029728 -0.999525 0.00818515 0.00117286 -0.998982 -0.0450888 0.0708238 -0.978859 -0.191882 0.000581812 -0.981157 -0.19321 0.0472136 -0.94914 -0.311295 0.0558819 -0.974461 -0.217494 0.0114697 -0.961774 -0.273606 0.00888194 -0.960858 -0.2769 0.0483715 -0.912968 -0.405154 -0.0169372 -0.904932 -0.42522 -0.00312283 -0.915394 -0.402546 -0.0293378 -0.775547 -0.630607 0.0348029 -0.747962 -0.662828 -0.02163 -0.780998 -0.624158 0.0256156 -0.892932 -0.449463 -0.128618 -0.497277 -0.858005 -0.121677 -0.510462 -0.851248 -0.0814403 -0.795247 -0.600791 -0.0305641 -0.493252 -0.869349 -0.0241655 -0.51012 -0.859764 -0.122542 -0.191283 -0.973855 -0.0495036 -0.109762 -0.992724 0.0375893 -0.186744 -0.981689 0.0298078 -0.689021 -0.724128 0.0983379 -0.58407 -0.805725 7.69915e-05 -1 -0.000649831 0.0237785 -0.717901 -0.695739 -0.0858925 -0.749848 -0.656011 0.000775185 -0.999992 0.00397597 1.18341e-06 -1 6.39559e-06 -1.94969e-06 -1 -2.51903e-06 -1.66777e-08 -1 -1.53917e-07 1.88813e-07 -1 -1.53916e-07 -0.0859779 -0.754345 -0.650823 -0.68559 -0.715826 -0.132511 0.000979996 -0.999999 0.000413346 -1.85005e-08 -1 -1.52595e-07 5.58858e-06 -1 2.50735e-06 0.000443486 -1 0.000207578 -0.707108 -0.707106 -1.18691e-07 -0.707108 -0.707105 -1.27043e-07 -0.70123 -0.701228 -0.128669 -1 1.93884e-09 -3.85089e-10 -1 1.17512e-08 0 -1 1.17518e-08 2.72691e-14 -0.928464 0.371422 0 -0.932711 0.358825 0.0359763 -0.944981 0.327124 2.93644e-07 -0.843327 0.53659 0.029506 -0.769487 0.627241 0.120244 -0.811718 0.572692 0.114618 -0.860159 0.502926 0.0848023 -0.972421 0.210983 0.0994209 -0.952209 0.255751 0.166999 -0.952303 0.253108 0.170457 -0.958547 0.167319 0.230633 -0.821012 0.392877 0.414231 -0.829697 0.510701 0.225361 -0.885547 0.419488 0.19959 -0.959413 0.11968 0.25535 -0.972709 0.00847847 0.231874 -0.972438 0.00537929 0.233099 -0.970822 -0.000209849 0.239801 -0.97403 -0.0141621 0.225974 -0.92637 -0.00660851 0.376558 -0.924638 0.0614648 0.375854 -0.91299 -0.00851068 0.407893 -0.935856 -0.0917606 0.340225 -0.893284 0.0139153 0.449276 -0.838098 -0.012573 0.545375 -0.833828 -0.0224587 0.551567 -0.817918 0.0517518 0.573002 -0.895541 0.203123 0.395914 -0.894038 0.162444 0.417502 -0.75429 0.56751 0.33012 -0.779957 0.504046 0.370951 -0.799548 0.181666 0.572469 -0.668271 0.563307 0.4859 -0.804828 0.211032 0.554723 -0.706914 0.222186 0.671496 -0.732552 0.0189128 0.680448 -0.718607 -0.0365325 0.694456 -0.571224 0.00332721 0.820787 -0.652247 0.0153159 0.757852 -0.569428 -0.0793252 0.818205 -0.366723 0 0.93033 -0.347443 0.0444627 0.936646 -0.58016 0.0316156 0.813888 -0.524814 0.00836805 0.851176 -0.316788 -0.0839183 0.944777 -0.347781 -0.00607368 0.937556 -0.462819 0 0.886453 -0.567478 0.22523 0.791985 -0.566286 0.22082 0.794077 -0.451348 0.221265 0.864481 -0.470823 0.575315 0.668834 -0.312176 0.570326 0.759786 -0.377184 0.202569 0.903714 -0.470575 0.570492 0.673126 -0.334565 0.75056 0.569847 -0.348738 0.779734 0.519997 -0.265039 0.747913 0.608589 -0.313726 0.575963 0.75488 -0.237837 0.766374 0.596745 -0.19832 0.851774 0.484923 -0.171827 0.836961 0.519588 -0.145067 0.876912 0.458238 -0.151047 0.891194 0.427735 -0.250399 0.822115 0.5113 -0.259746 0.840118 0.476166 -0.204962 0.878443 0.431659 -0.183982 0.842405 0.506463 -0.349732 0.694456 0.628823 -0.273372 0.728533 0.628098 -0.193732 0.868837 0.45562 -0.352699 0.722439 0.594714 -0.422829 0.68412 0.594303 -0.535659 0.443946 0.718318 -0.554513 0.2299 0.799788 -0.520171 0.20061 0.830167 -0.431826 0.476955 0.765533 -0.644339 -0.0511854 0.763025 -0.667118 0.0791034 0.740741 -0.735382 0.0889911 0.671784 -0.755688 -0.0848673 0.64941 -0.565294 -0.666587 0.485906 -0.79339 0.0561441 0.606118 -0.542927 -0.705077 0.456175 -0.561583 -0.731616 0.386474 0.000443208 -1 -0.000207777 0 -1 0 2.58968e-05 -1 -2.36528e-05 5.45268e-06 -1 -2.77319e-06 -0.359879 -0.73137 0.579297 1.28861e-05 -1 -2.92831e-05 1.28965e-06 -1 -6.85997e-06 -1.86144e-06 -1 2.10229e-06 0 -1 0 -0.258248 -0.706512 0.6589 -0.196525 -0.727798 0.657029 0 -1 0 -2.03846e-07 -1 7.99415e-07 -0.258488 -0.704686 0.660759 -0.416224 0.0723997 0.906375 -0.363766 0.00435516 0.93148 -0.431153 0.0313491 0.901734 -0.305099 -0.706679 0.638373 -0.300751 -0.73074 0.612835 -0.507566 0.0562676 0.859774 -0.370675 -0.700497 0.609839 -0.361388 0.511056 0.779885 -0.279019 0.548708 0.788079 -0.278446 0.529304 0.80144 -0.334325 0.0797087 0.939081 -0.279055 0.0145819 0.960164 -0.23846 0.0920258 0.966782 -0.198351 0.534396 0.821631 -0.145195 0.557521 0.817367 -0.124254 0.0672774 0.989967 -0.101554 0.0234872 0.994553 -0.0524621 0.133942 0.9896 0.022906 -0.741813 0.670216 0.0328771 -0.685956 0.7269 0.0444279 -0.129251 0.990616 0.116932 0.147065 0.982191 0.206136 -0.0932523 0.97407 0.261433 0.13208 0.956142 0.158353 -0.647235 0.745662 -4.54903e-08 -1 -1.82369e-07 0.187394 -0.785327 0.590038 8.2523e-05 -1 0.00079624 0.128589 -0.732773 0.668213 -0.000841054 -0.999998 -0.00194076 -0.000180953 -1 -0.000347732 -2.59749e-06 -1 -1.66493e-06 2.65468e-08 -1 -1.81101e-07 0.707108 -0.707105 -8.82809e-08 0.707108 -0.707105 -9.73997e-08 1.77889e-05 -1 -1.44663e-07 -8.71914e-06 -1 -3.52593e-06 1 -4.09506e-05 1.78813e-10 0.937562 0.347813 0.00157286 0.971393 0.237471 -0.00190439 0.784804 0.619726 0.00477516 0.914396 0.360076 0.185001 0.786805 0.590953 0.178082 0.99958 0.0289314 0.00188907 0.970928 0.0498975 0.234115 0.941665 0.0374411 0.334463 0.916454 0.0447456 0.39763 0.93382 -0.0112382 0.357567 0.660657 -0.70678 0.252971 0.894594 -0.00588328 0.446842 0.660983 -0.706462 0.253009 0.635398 -0.706277 0.312156 0.897169 0.0255279 0.440949 0.601597 -0.739296 0.302526 0.620206 -0.667789 0.411584 0.833082 -0.0160214 0.552918 0.820507 0.074857 0.566714 0.703617 0.627531 0.33336 0.766166 0.55886 0.317278 0.749728 0.536974 0.386737 0.770759 0.562723 0.298786 0.560771 0.783669 0.267206 0.561284 0.783297 0.267221 0.44657 0.885189 0.130443 0.589265 0.788572 0.175846 0.440837 0.887153 0.136463 0.42266 0.883191 0.203304 0.441797 0.876112 0.192987 0.392989 0.898231 0.196825 0.491442 0.85876 0.144971 0.449953 0.86296 0.229875 0.443317 0.866096 0.23097 0.580597 0.756828 0.300198 0.622216 0.76046 0.185871 0.479935 0.868598 0.123286 0.670067 0.72258 0.169965 0.684707 0.723498 0.0879005 0.780608 0.581114 0.230125 0.802155 0.584494 0.12212 0.808074 0.576691 0.120183 0.812773 0.581949 0.027114 0.813573 0.580851 0.0266676 0.725578 0.688019 0.0128832 0.725041 0.68858 0.0131411 0.807115 0.587612 -0.0572421 0.718843 0.692623 -0.0594842 0.81408 0.577335 -0.0629099 0.799236 0.584889 -0.138297 0.700202 0.69556 -0.160976 0.844961 0.500176 -0.189382 0.722171 0.688922 -0.0620881 0.926639 0.2833 -0.247145 0.904327 0.376141 -0.201766 0.916579 0.36855 -0.155093 0.833705 0.504661 -0.224173 0.912577 0.183454 -0.365442 0.902212 0.296605 -0.313111 0.857612 0.382149 -0.344187 0.878231 0.373361 -0.298851 0.777891 0.497148 -0.384355 0.797555 0.4946 -0.345365 0.738192 0.625008 -0.253846 0.878491 0.202655 -0.432649 0.897233 0.192645 -0.397318 0.849662 0.264304 -0.456308 0.814398 0.280853 -0.507817 0.876735 -0.0188948 -0.480602 0.905897 -0.0398311 -0.42162 0.865781 -0.0733942 -0.495012 0.816541 -0.0344907 -0.576256 0.829894 -0.269626 -0.488445 0.858631 -0.294545 -0.41952 0.715008 -0.52714 -0.459225 0.758917 -0.4425 -0.477744 0.718694 -0.396942 -0.57089 0.560212 -0.410635 -0.719404 0.577551 -0.431201 -0.693182 0.50333 -0.717771 -0.481107 0.77157 -0.233647 -0.591683 0.52504 -0.692883 -0.494212 0.54376 -0.713541 -0.441798 0.388331 -0.835434 -0.388907 0.343349 -0.77486 -0.530757 0.34263 -0.775538 -0.530232 0.30898 -0.850683 -0.425288 0.187339 -0.811833 -0.553021 0.224815 -0.8911 -0.394207 0.115976 -0.86543 -0.487423 0.12936 -0.878965 -0.459007 0.105751 -0.901173 -0.420362 0.181751 -0.926853 -0.328496 0.038612 -0.945672 -0.322822 0.281551 -0.910033 -0.304252 0.321633 -0.910297 -0.2606 0.170781 -0.960039 -0.221717 0.190371 -0.973647 -0.125581 0.11925 -0.960543 -0.25127 0.122772 -0.978073 -0.168227 0.0672944 -0.985177 -0.157792 0.10657 -0.991864 -0.06963 0.145922 -0.985356 -0.088211 0.138763 -0.990039 -0.0238071 0.173748 -0.98448 -0.0247128 0.173283 -0.981843 -0.0771824 0.182442 -0.980565 -0.0721583 0.314877 -0.94842 -0.0367626 0.221748 -0.959816 -0.171993 0.607308 -0.780571 -0.147939 0.308834 -0.94506 -0.10716 0.683081 -0.718183 -0.132717 0.605031 -0.777668 -0.170795 0.346668 -0.933267 -0.093994 0.26942 -0.944183 -0.189554 0.430665 -0.897174 -0.098014 0.384434 -0.922689 -0.0292434 0.75667 -0.638696 -0.139704 0.693727 -0.697058 -0.181256 0.788626 -0.584042 -0.192259 0.955232 -0.177133 -0.236973 0.950466 -0.221715 -0.217847 0.828658 -0.537279 -0.157025 0.972471 -0.00890726 -0.232852 0.960577 0.144217 -0.237683 0.841263 0.498102 -0.210172 0.867379 0.452003 -0.208202 0.957247 0.175129 -0.230237 0.842759 0.494624 -0.212377 0.572605 0.806239 -0.148671 0.596293 0.790545 -0.139546 0.602116 0.784476 -0.148508 0.27368 0.959365 -0.068695 0.102551 0.994509 -0.0208497 0.291197 0.955097 -0.0547236 0.10162 0.994646 -0.0187993 0.0279853 0.999589 -0.00624539 0.024332 0.99968 -0.00688191 -0.0301695 0.999544 0.00134193 -0.0196867 0.999786 -0.00641561 -0.0227738 0.999641 -0.014143 -0.0353436 0.999342 -0.00818243 -0.0329759 0.998938 -0.0321748 -0.0828134 0.996165 -0.0282481 -0.0687893 0.996995 -0.0356163 -0.129079 0.991086 -0.032976 -0.118668 0.992508 -0.0290774 -0.191871 0.981024 -0.0278964 -0.17992 0.983042 -0.0354458 -0.31271 0.949101 -0.0376734 -0.313811 0.948984 -0.0308491 -0.552392 0.832793 -0.0363348 -0.59569 0.802813 0.0254003 -0.837672 0.545138 0.0336104 -0.838893 0.543305 0.0328526 -0.950086 0.308668 0.0453939 -0.962073 0.253547 0.100645 -0.864024 0.493788 0.0981637 -0.952105 0.286067 0.107992 -0.958232 0.23603 0.1615 -0.962972 0.212547 0.165857 -0.99379 -0.00230587 0.111251 -0.987484 0.00156016 0.157713 -0.995351 -0.0194679 0.0943233 -0.984918 -0.0121566 0.172591 -0.957615 0.204206 0.203159 -0.791307 0.549506 0.268097 -0.662917 0.722026 0.198038 -0.848765 0.49947 0.173575 -0.892223 0.392723 0.222952 -0.65464 0.739663 0.156032 -0.66413 0.732699 0.148606 -0.895478 0.390534 0.213548 -0.874295 0.459999 0.154947 -0.855154 0.507822 0.104061 -0.631375 0.771266 0.0807177 -0.62881 0.772968 0.0843749 -0.385128 0.920867 0.0606623 -0.35749 0.933914 0.0023975 -0.598574 0.800788 0.0211468 -0.350791 0.936397 0.0102577 -0.21896 0.975725 -0.00419442 -0.210461 0.976757 -0.0406491 -0.327407 0.943999 -0.040881 -0.143146 0.988182 -0.0548222 -0.125885 0.990798 -0.0497192 -0.195962 0.979427 -0.0481812 -0.0796124 0.995145 -0.0578695 -0.0955018 0.993545 -0.0612179 -0.0514332 0.996306 -0.0687733 -0.0370899 0.997176 -0.065308 -0.0553862 0.997875 -0.0343163 -0.110775 0.993307 -0.0327174 -0.101886 0.994478 -0.0251473 -0.120177 0.992587 0.0181496 -0.163103 0.986317 -0.0239849 -0.17709 0.983735 0.0300852 -0.183596 0.982706 0.0241028 -0.285849 0.952867 0.101661 -0.280386 0.953926 0.106815 -0.201399 0.97527 0.0910366 -0.254819 0.966264 0.0374414 -0.248625 0.967619 0.04357 -0.388429 0.919718 0.0569318 -0.419638 0.898987 0.125403 -0.421152 0.8985 0.12381 -0.316106 0.931336 0.180807 -0.229152 0.959032 0.166574 -0.207088 0.974533 0.0860228 -0.137917 0.987481 0.0765545 -0.151783 0.97709 0.149186 -0.220591 0.960017 0.172357 -0.136423 0.987591 0.0777969 -0.0676862 0.997665 0.00912571 -0.124525 0.992112 0.0143958 -0.0781464 0.994469 0.0701689 -0.0703931 0.997496 0.00689133 -0.0339103 0.997316 0.0648971 -0.0792333 0.994445 0.0692967 -0.0285998 0.999586 0.00306467 -0.0296686 0.999557 0.00221669 -0.0340327 0.997318 0.0648019 0.00836045 0.999964 -0.00120805 0.00819722 0.999966 -0.00133324 0.00754831 0.998098 0.0611819 0.0413997 0.997943 -0.048937 0.04075 0.99795 -0.0493387 0.0444541 0.999001 -0.00455839 0.00925248 0.998854 -0.0469608 0.0109784 0.998891 -0.0457846 -0.0210885 0.998945 -0.0407966 -0.0251995 0.998721 -0.0438368 -0.0195935 0.997102 -0.0735062 0.0121662 0.996944 -0.0771625 0.011047 0.99694 -0.0773846 0.0351731 0.996123 -0.0806353 0.0683499 0.995258 -0.0692051 0.0354699 0.997851 -0.0550881 0.0541451 0.997314 -0.0493334 0.0593402 0.997211 -0.0452741 0.0539825 0.99803 -0.0319624 0.0103013 0.999306 -0.0358089 0.0103469 0.999307 -0.0357677 0.0111559 0.998262 -0.0578673 -0.0164762 0.998761 -0.0469673 -0.0466695 0.997588 -0.0513882 -0.029951 0.999068 -0.0310679 0.0112138 0.998264 -0.0578281 0.0225446 0.999577 -0.0183823 0.00897045 0.999891 -0.0117207 0.0730328 0.997091 -0.021789 0.170456 0.984143 -0.0490709 0.286861 0.954208 -0.0848407 0.303374 0.949333 -0.0820373 0.282453 0.953605 -0.104205 0.164827 0.98397 -0.0680774 0.174916 0.982203 -0.068425 0.498972 0.847653 -0.180312 0.267869 0.957902 -0.103298 0.464883 0.867229 -0.178318 0.160005 0.982582 -0.0945034 0.17362 0.980283 -0.0943497 0.260977 0.958022 -0.118677 0.088996 0.993056 -0.0769384 0.106745 0.990335 -0.0885604 0.0706561 0.99414 -0.0818118 0.128166 0.988894 -0.0752447 0.115133 0.991784 -0.0557611 0.076651 0.995736 -0.0513265 0.143581 0.989481 -0.0176736 0.0852509 0.996328 -0.00792665 0.139571 0.990131 -0.0126759 0.0776674 0.995608 -0.0522756 0.244403 0.968912 0.0384328 0.243049 0.96918 0.0402109 0.15782 0.986472 0.0443331 0.21677 0.975906 -0.0248537 0.360228 0.932292 0.0326729 0.331748 0.942768 -0.0336493 0.363754 0.931112 0.0266958 0.214622 0.976431 -0.0228214 0.566257 0.816121 0.115323 0.587114 0.805178 0.0835843 0.410517 0.905571 0.106852 0.55152 0.83387 0.0220341 0.779842 0.614744 0.118055 0.816522 0.570324 0.0895693 0.782894 0.622143 -0.00390643 0.560928 0.827863 0.00149504 0.511401 0.858055 -0.0470218 0.8028 0.596016 -0.0166629 0.935533 0.352691 -0.0196629 0.957762 0.284758 -0.0400483 0.935948 0.327341 -0.129807 0.929463 0.347163 -0.124802 0.919077 0.342577 -0.194779 0.750131 0.640576 -0.164213 0.752149 0.637661 -0.166314 0.774305 0.623473 -0.108318 0.481648 0.868505 -0.117107 0.481963 0.868268 -0.117569 0.526966 0.846265 -0.0783801 0.769376 0.630101 -0.105042 0.289066 0.953432 -0.0860749 0.297691 0.950058 -0.0936462 0.177498 0.981241 -0.0752412 0.189397 0.97827 -0.0843587 0.272201 0.954847 -0.119053 0.446733 0.877768 -0.173068 0.468544 0.868367 -0.162496 0.722406 0.650856 -0.233489 0.701809 0.65969 -0.268837 0.722547 0.65064 -0.233651 0.459802 0.868672 -0.184366 0.724419 0.628244 -0.283772 0.863054 0.380624 -0.332059 0.889175 0.291399 -0.352781 0.882641 0.3729 -0.286165 0.977581 0.0147741 -0.210041 0.990593 0.004974 -0.136748 0.983271 -0.00346616 -0.182117 0.992688 -0.00877219 -0.120386 0.998775 -0.00420874 -0.0492985 0.998743 -0.00354423 -0.0500046 0.998529 -0.00207027 0.0541779 0.998218 -0.00661603 0.0593078 0.98662 0.156547 0.0455455 0.98165 0.182138 0.056471 0.90314 0.426791 0.0467691 0.921311 0.386694 0.040668 0.982538 0.177032 -0.0572617 0.89779 0.43699 -0.0548799 0.979855 0.193491 -0.0494559 0.970598 0.210559 -0.116635 0.974575 0.180038 -0.133381 0.960043 0.214757 -0.179435 0.927077 0.245623 -0.283192 0.956834 -0.0190795 -0.290008 0.914838 0.20294 -0.349122 0.933935 -0.00673363 -0.357379 0.938339 0.00291742 -0.345703 0.931174 0.00115268 -0.364572 0.917376 0.171225 -0.359309 0.914932 0.160291 -0.370414 0.923023 0.134315 -0.36054 0.932573 0.00538029 -0.36094 0.937069 0.0847655 -0.338698 0.898053 -0.274744 -0.343535 0.92052 -0.0878155 -0.380699 0.923587 0.0588336 -0.378848 0.868304 -0.259985 -0.422442 0.871502 -0.393642 -0.292456 0.848077 -0.381546 -0.367679 0.946322 0.00490464 -0.323189 0.943679 -0.131316 -0.303686 0.960284 -0.0077439 -0.278916 0.957425 -0.133167 -0.256132 0.96375 -0.00304545 -0.266789 0.9644 0.000427057 -0.264447 0.945467 0.197063 -0.259344 0.951552 0.185402 -0.245306 0.968191 -0.00238589 -0.2502 0.968023 -0.00140887 -0.250857 0.960748 -0.109864 -0.254741 0.863042 -0.457268 -0.214626 0.948172 -0.205824 -0.242086 0.872701 -0.430969 -0.229475 0.831701 -0.303099 -0.465192 0.912351 -0.349329 -0.213508 0.938913 -0.223596 -0.261625 0.850997 -0.431866 -0.298825 0.865908 -0.441069 -0.235928 0.684128 -0.675786 -0.274378 0.755629 -0.60255 -0.256821 0.765616 -0.610514 -0.202744 0.832739 -0.499429 -0.238991 0.665339 -0.697955 -0.26492 0.677748 -0.710828 -0.188099 0.538046 -0.818845 -0.199999 0.532996 -0.814371 -0.229598 0.482454 -0.841707 -0.24242 0.657877 -0.654091 -0.373315 0.462823 -0.819225 -0.338624 0.479183 -0.813374 -0.329859 0.970295 0.00220081 -0.241914 0.95284 0.1695 -0.251727 0.81838 0.531385 -0.218823 0.819318 0.529377 -0.220179 0.533734 0.832689 -0.147501 0.56203 0.814725 -0.142633 0.567186 0.811908 -0.138224 0.30348 0.949425 -0.0805725 0.253779 0.962343 -0.0974239 0.255033 0.964632 -0.0666553 0.268234 0.961778 -0.0550689 0.0922722 0.995496 -0.0217444 0.0871379 0.995761 -0.029445 0.188017 0.981147 -0.0447278 0.111678 0.993337 -0.028443 0.789383 0.570597 -0.22648 0.800025 0.550372 -0.238853 0.533303 0.832408 -0.150619 0.507464 0.847405 -0.156158 0.946795 0.177447 -0.268498 0.934779 0.222252 -0.277114 0.92586 0.19529 -0.323489 0.937894 -0.0121699 -0.346708 0.907102 0.254132 -0.335535 0.909328 0.222638 -0.351504 0.748657 0.607529 -0.26537 0.724127 0.629293 -0.282187 0.76206 0.582194 -0.283399 0.958176 0.00424589 -0.286147 0.753079 -0.55657 -0.350858 0.924609 0.0568851 -0.376645 0.903282 -0.077244 -0.422036 0.915653 0.181778 -0.358519 0.911479 0.0647768 -0.406215 0.948228 0.000900095 -0.317588 0.929703 0.177728 -0.32259 0.962986 0.163444 -0.214347 0.892398 0.434052 -0.123384 0.902841 0.425788 -0.0598532 0.863956 0.478039 0.1583 0.874553 0.483903 0.0315395 0.909319 0.381661 0.165755 0.94966 0.273195 0.153329 0.965583 0.179157 0.188553 0.981354 -0.00190673 0.192197 0.977148 0.019981 0.211617 0.920979 0.252734 0.296517 0.94408 -0.00498771 0.329679 0.902347 0.293093 0.316016 0.93844 0.0280283 0.344302 0.877979 -0.012274 0.478542 0.836966 0.0568551 0.544293 0.847773 -0.0609509 0.526845 0.935001 -0.0280291 0.353536 0.840988 0.287356 0.458439 0.77145 0.287108 0.567833 0.804976 -0.0154458 0.593106 0.764022 0.247782 0.595714 0.617298 0.296191 0.728844 0.646605 0 0.762825 0.673668 0.0786578 0.734836 0.542921 0 0.839784 0.607775 0.267811 0.747588 0.519143 0.292702 0.803005 0.417522 0.290914 0.860839 0.414336 0.295587 0.860787 0.433478 0.0267949 0.900766 0.435825 0.0328215 0.899433 0.233953 0.291126 0.927638 0.244654 -0.00160362 0.969609 0.242656 0.278833 0.929177 0.111975 0.29112 0.950111 0.0812157 0.249743 0.9649 0.201103 0.593419 0.779366 0.0657359 0.591106 0.803911 0.0712273 0.58414 0.808522 0.169798 0.732661 0.659073 0.0529159 0.729018 0.682446 0.204633 0.589447 0.781459 0.353491 0.589504 0.726312 0.294552 0.734532 0.611312 0.174104 0.728536 0.662513 0.349351 0.593808 0.724808 0.129307 0.852426 0.506606 0.22118 0.857649 0.464239 0.298336 0.73135 0.613289 0.204 0.835899 0.509566 0.0954448 0.898201 0.429098 0.11541 0.831522 0.543371 0.087018 0.900889 0.425237 0.11926 0.883897 0.45222 0.0596477 0.896824 0.438349 0.0540553 0.888331 0.456011 0.163931 0.814656 0.556294 -0.714709 0.664922 0.216955 -0.893649 0.317081 0.317571 0.0292922 0.78827 0.614632 0.000595255 0.905263 0.424851 0.285666 0.943803 0.166227 0.323556 0.825884 0.461764 0.787438 0.45454 0.416336 0.955745 0.138862 0.259361 0.576959 0.0272047 0.81632 0.027482 0.0870533 0.995825 0.0941974 0.0307953 0.995077 0.604809 0.0721938 0.793092 0.334256 0.529967 0.779363 -0.515132 0.0459752 0.855877 -0.564111 0.102232 0.819346 -0.821671 0.0800955 0.564306 -0.44949 0.372144 0.812076 0.0247658 0.899626 0.435958 -0.00115846 0.910204 0.414158 -0.00780669 0.891404 0.453142 0.0130142 0.91564 0.401789 0.0149974 0.898252 0.439225 0.137469 0.526849 0.838768 0.0201488 0.830333 0.556903 -0.0274525 0.852114 0.522635 -0.0372331 0.749902 0.6605 -0.0566861 0.585519 0.808674 -0.179076 0.581695 0.79345 -0.139691 0.753551 0.642376 -0.0477068 0.73749 0.67367 -0.0537154 0.580732 0.812321 0.058424 0.737649 0.672652 -0.17579 0.574568 0.799355 -0.213184 0.205851 0.95508 -0.0962236 0.248162 0.963928 -0.186354 0.248432 0.950555 -0.063811 0.224031 0.972491 -0.0993308 0 0.995054 -0.0130829 0 0.999914 -0.0118932 0.281878 0.959377 0.0196218 0.0567389 0.998196 -0.00469792 -0.0671993 0.997729 0.0196528 -0.00760541 0.999778 0.173001 0.00530048 0.984907 0.211799 -0.060308 0.975451 0.211852 0.0559949 0.975696 0.117867 -0.0186485 0.992854 0.0654084 0.262803 0.96263 0.0579193 0.558339 0.827589 0.156191 0.605017 0.780742 0.183788 0.207342 0.960849 0.167967 0.180045 0.969212 0.00813559 0.62601 0.779772 0.008647 0.855319 0.51803 0.0304261 0.867587 0.496353 -0.081504 0.85785 0.507395 -0.0879496 0.853354 0.51386 -0.122199 0.642134 0.75679 -0.0742216 0.574014 0.815475 -0.0878979 0.244989 0.965533 -0.00175605 0.164398 0.986393 -0.110949 0.210892 0.971192 -0.113578 0.000273752 0.993529 -0.20281 0.000254597 0.979218 -0.198242 0.210972 0.957178 -0.158307 -0.0564134 0.985777 -0.199873 0.213718 0.95623 -0.271918 0.58717 0.762425 -0.32036 0.221112 0.921129 -0.169056 0.591531 0.78836 -0.316058 0.208234 0.925606 -0.284244 0.640675 0.713261 -0.205494 0.841247 0.500076 -0.210049 0.847838 0.486878 -0.331695 0.82467 0.458146 -0.456312 0.552502 0.697511 -0.452879 0.541274 0.708466 -0.142617 0.946063 0.290904 -0.242695 0.931096 0.272323 -0.144214 0.947252 0.286209 -0.332947 0.825372 0.455969 -0.434071 0.781988 0.447299 -0.25097 0.93337 0.256581 -0.372435 0.890651 0.260833 -0.371345 0.888435 0.269789 -0.485977 0.75615 0.438251 -0.731331 0.401361 0.55142 -0.644159 0.485111 0.591376 -0.481141 0.785917 0.388378 -0.758529 0.451889 0.469499 -0.768866 0.0155689 0.63922 -0.750416 0.0103592 0.660884 -0.849023 0.340798 0.403754 -0.769411 0.361901 0.52634 -0.626104 0.686667 0.369434 -0.629386 0.656545 0.415719 -0.726657 0.599035 0.336344 -0.848165 0.349051 0.398471 -0.908315 0.267098 0.321906 -0.906819 0.292546 0.303474 -0.933994 0.230555 0.272945 -0.782074 0.576889 0.235709 -0.71375 0.630933 0.304114 -0.514782 0.818642 0.254608 -0.516214 0.830169 0.210576 -0.644668 0.496273 0.581478 -0.698664 0.19985 0.686971 -0.565483 0.528775 0.63295 -0.640894 0.188397 0.744151 -0.564069 0.520145 0.641308 -0.685961 0.0953935 0.721359 -0.59611 0.770629 0.225354 -0.456208 0.866993 0.200493 -0.456444 0.866923 0.200257 -0.345791 0.91655 0.200911 -0.11876 0.965572 0.231446 -0.0511975 0.974636 0.217859 -0.0453522 0.95518 0.292532 -0.0962006 0.973739 0.206344 -0.0561403 0.950887 0.304406 -0.139179 0.978323 0.153341 -0.0887827 0.985017 0.147848 -0.0889012 0.98502 0.147756 -0.0259967 0.987584 0.154924 -0.0390584 0.988717 0.144615 -0.00333675 0.988544 0.150893 0.00781712 0.990029 0.140648 0.0489952 0.997097 0.0582815 0.0572844 0.988912 0.137011 0.00791 0.998078 0.0614563 0.0669838 0.976908 0.20289 0.06045 0.988411 0.139246 0.110594 0.968194 0.224431 0.128252 0.972419 0.194813 0.1094 0.984397 0.13782 0.112875 0.984697 0.132782 0.218843 0.952335 0.212525 0.231272 0.955367 0.183813 0.37752 0.906022 0.191319 0.236512 0.93577 0.261529 0.403819 0.887683 0.221246 0.287919 0.913828 0.286392 0.382806 0.883562 0.269773 0.378792 0.796924 0.470563 0.495044 0.749569 0.439406 0.497075 0.751326 0.43408 0.755184 0.393223 0.524474 0.75347 0.37769 0.538176 0.61408 0.687418 0.387765 0.640203 0.443365 0.627349 0.645441 0.468654 0.603133 0.802281 0.0233506 0.59649 0.716835 0.0116258 0.697146 0.678938 0.162142 0.716068 0.599502 0 0.800373 0.673405 -0.0834522 0.734549 0.590129 0.176139 0.78786 0.5282 0 0.84912 0.519203 0.183779 0.834658 0.559034 0.219823 0.799474 0.361312 0.588961 0.722896 0.424335 0.193801 0.884523 0.355249 0.560489 0.748098 0.499189 0.522348 0.691348 0.263806 0.825618 0.498759 0.499617 0.524062 0.68974 0.378731 0.796894 0.470662 0.26684 0.827863 0.493396 0.202687 0.932003 0.300479 0.104749 0.947065 0.303473 0.119744 0.951997 0.281716 0.137468 0.851586 0.505869 0.163787 0.621718 0.765924 0.264209 0.536603 0.801406 0.124228 0.842646 0.523942 0.296566 0.226538 0.927755 0.421562 0.187455 0.887213 0.281424 0.201616 0.938164 0.286925 0.00639174 0.957932 0.429035 -0.0469357 0.902067 0.435251 -0.0608893 0.898248 0.828228 0.332089 0.451392 0.6117 0.682129 0.400652 0.731992 0.59667 0.328897 0.731847 0.594687 0.332788 0.831442 0.491174 0.259715 0.889119 0.397026 0.22768 0.825275 0.486163 0.287344 0.982126 -0.048508 0.181869 0.962838 0.0184025 0.269451 0.95284 0.265637 0.146744 0.889833 0.405737 0.208745 0.560544 0.821391 0.105393 0.606745 0.773725 0.182238 0.373557 0.915727 0.147981 0.394958 0.908514 0.136425 0.271004 0.956358 0.109256 0.212805 0.967509 0.136528 0.180516 0.976306 0.11933 0.782833 0.609187 0.126745 0.606423 0.773215 0.185445 0.959987 0.266517 0.0859856 0.950687 0.293436 0.100443 0.559714 0.797289 0.225943 0.89751 0.0918562 0.431322 0.912535 0.0774005 0.401609 0.482876 0.840994 0.244048 0.15466 0.986788 0.0482588 0.0973869 0.993908 0.0516092 0.0948505 0.994004 0.0544032 0.0854612 0.996308 -0.00816044 0.0444769 0.999 -0.00454207 0.0498281 0.997104 0.0574537 0.0270726 0.953577 0.299932 0.0398132 0.973632 0.224622 0.0266113 0.953432 0.300433 -0.515222 0.19395 0.834823 -0.639575 0.182995 0.74663 -0.512823 0.185018 0.838321 -0.158356 0.0506149 0.986084 -0.192349 -0.00641702 0.981306 -0.110975 0.854422 0.507589 -0.113547 0.859292 0.498723 -0.163583 0.730357 0.663189 -0.0474334 0.83706 0.545051 -0.0908388 0.892361 0.442085 -0.150589 0.856417 0.493834 -0.0875395 0.88815 0.451139 -0.194581 0.754139 0.627226 -0.196579 0.79743 0.570493 -0.0647173 0.886794 0.457611 -0.152801 0.758416 0.633606 -0.0936137 0.799687 0.593075 -0.0605447 0.881237 0.468781 -0.0811386 0.745072 0.66203 -0.0374578 0.905175 0.423386 0.0380589 0.849934 0.525513 0.00657575 0.999931 0.00976798 -0.0719087 0.996484 0.0430084 0.000312438 0.999995 0.00315998 0.00223384 0.999924 -0.0121471 -0.0423339 0.735039 0.676702 0.0161958 0.690866 0.722802 -0.0146436 0.669256 0.742888 0.0941877 0.579869 0.809247 0.0898198 0.816286 0.570621 0.102493 0.617591 0.779793 0.252302 0.385126 0.887706 0.393021 0.0438446 0.918484 0.365811 -0.116341 0.923389 0.298454 -0.584281 0.754679 0.258987 -0.811163 0.524347 0.444965 0.163464 0.880503 0.399117 0.53079 0.747641 0.275417 0.444816 0.852223 0.226307 0.759996 0.609255 0.145747 0.802044 0.57921 0.179718 0.616248 0.766772 0.147228 0.804567 0.575323 0.260938 0.787213 0.558754 0.261485 0.784853 0.561811 0.205761 0.870733 0.44664 0.185667 0.88352 0.430024 0.179995 0.891108 0.416568 0.15753 0.902512 0.400821 0.208131 0.904908 0.371245 0.270388 0.838483 0.473114 0.283462 0.901261 0.327686 0.356485 0.841169 0.406636 0.260572 0.886689 0.38195 0.311937 0.863048 0.397296 0.387909 0.866037 0.315446 0.513179 0.752638 0.412533 0.521439 0.746652 0.413052 0.418376 0.741407 0.524669 0.624434 0.606053 0.492729 0.630623 0.599991 0.492266 0.422585 0.738185 0.525837 0.504906 0.595888 0.62449 0.581193 0.7564 0.300122 0.70388 0.610767 0.362652 0.704725 0.609926 0.362427 0.356123 0.896326 0.264151 0.429683 0.845908 0.315931 0.396823 0.870267 0.291834 0.357295 0.895801 0.264348 0.334696 0.865792 0.371999 0.460161 0.756104 0.465358 0.488649 0.656783 0.574333 0.450785 0.657383 0.603854 0.481439 0.555137 0.678262 0.577248 0.144502 0.803682 0.647684 -0.0737788 0.758328 0.526166 -0.586953 0.615333 0.682808 0.112088 0.721948 0.415194 -0.810362 0.413434 0.733596 0.0983593 0.67243 0.759982 -0.0406004 0.648675 0.593919 -0.624749 0.506902 -0.00147629 -0.999998 -0.00124187 0.509125 -0.780629 0.362507 0.693247 0.543916 0.472825 0.663765 0.587992 0.462258 0.493308 0.791969 0.359768 0.524071 0.768705 0.366664 0.498259 0.739461 0.452699 0.62415 0.583474 0.51961 0.396933 0.870212 0.29185 0.340251 -0.812426 0.47349 0.416238 -0.590506 0.691411 0.513338 -0.0983761 0.852529 0.354327 0.779443 0.516643 0.301625 0.859349 0.412967 0.274245 0.873682 0.401833 0.343852 0.861785 0.372951 0.301486 0.893963 0.331566 0.0851242 0.806221 0.585459 0.506148 0.594655 0.624659 0.860187 0.254037 0.442204 0.749059 0.615723 0.244533 0.933134 0.290958 -0.211198 0.877918 0.390247 -0.27743 0.892344 0.271973 -0.360213 0.32939 0.943675 -0.031285 0.0574708 0.994889 -0.0830235 0.112045 0.991645 -0.0639181 0.0933897 0.994559 -0.0461578 0.110982 0.992849 -0.0439817 0.0386194 0.996044 -0.0800273 -0.0140618 0.997283 -0.0723154 -0.0616941 0.997317 -0.0394141 -0.152895 0.988133 -0.0146713 -0.228354 0.973487 -0.0133389 -0.994464 0.00754251 0.104811 -0.999691 0.0240444 0.00636016 -0.999546 -0.0209992 0.0216166 -0.999472 -0.00520324 0.0320804 -0.995739 0.0911223 0.0141637 -0.989094 -0.104936 0.103348 -0.997913 0.0439208 -0.0473314 -0.994765 0.0218866 -0.0998161 -0.995403 -0.0808514 -0.051338 -0.979463 -0.180802 -0.0892312 -0.988222 -0.11802 -0.0974105 -0.925831 -0.223907 -0.304472 -0.958904 -0.269842 -0.0876832 -0.94719 -0.0919493 -0.307208 -0.831545 -0.481963 -0.276123 -0.756333 -0.215454 -0.61769 -0.857471 -0.430955 -0.281108 -0.541024 -0.791552 -0.284146 -0.51363 -0.651418 -0.558426 -0.503743 -0.647425 -0.571913 -0.819274 -0.464959 -0.335564 -0.393265 -0.776675 -0.492056 -0.440447 -0.858075 -0.264035 -0.687678 -0.674557 -0.268461 -0.767255 -0.630934 -0.115072 -0.945865 -0.317783 -0.0659813 -0.692433 -0.710803 -0.123673 -0.943443 -0.311065 -0.114689 -0.707839 -0.698191 -0.107204 -0.343715 -0.912679 -0.22108 -0.304725 -0.930486 -0.20332 -0.130695 -0.947331 -0.292374 -0.141764 -0.958835 -0.246044 -0.145682 -0.955806 -0.255367 -0.34739 -0.919752 -0.182691 -0.0707554 -0.966833 -0.245413 -0.0691282 -0.965724 -0.250195 -0.0446885 -0.982298 -0.181919 -0.13922 -0.974466 -0.176164 -0.132744 -0.970434 -0.201585 -0.102544 -0.928753 -0.356235 -0.146704 -0.840518 -0.521544 -0.111031 -0.774054 -0.623307 -0.0583137 -0.932322 -0.356896 -0.0284473 -0.967956 -0.249505 -0.0513213 -0.91563 -0.398734 -0.0232316 -0.969783 -0.242859 -0.176296 -0.565536 -0.805661 -0.24515 -0.492458 -0.835096 -0.258344 -0.602674 -0.755011 -0.229561 -0.160025 -0.960049 -0.317649 -0.0995776 -0.942965 -0.238661 -0.187219 -0.952885 -0.255561 -0.662671 -0.703957 -0.419777 -0.0347939 -0.90696 -0.375067 0.0763606 -0.923847 -0.211117 -0.851712 -0.479601 -0.311945 -0.727284 -0.611349 1.21661e-05 -1 2.7638e-05 -0.359948 -0.730991 -0.579732 -0.367004 -0.701449 -0.610964 -0.504476 0.0941629 -0.858276 -0.461492 -0.172682 -0.870176 -0.461253 -0.171575 -0.870521 -0.550225 -0.137054 -0.823692 -0.559459 -0.117636 -0.820468 -0.481825 -0.628428 -0.610674 -0.436414 -0.632186 -0.640222 -0.620855 -0.0469561 -0.782518 -0.715409 -0.0396802 -0.697579 -0.696981 -0.103324 -0.709607 -0.774754 -0.131742 -0.618386 -0.766603 0.054411 -0.639812 -0.575493 -0.657347 -0.486521 -0.543172 -0.656965 -0.522839 -0.499526 -0.710159 -0.496133 -3.98594e-06 -1 -3.95887e-06 -0.56719 -0.671711 -0.476551 -0.431833 -0.739504 -0.516386 2.66391e-05 -1 2.40122e-05 -0.519509 -0.776067 -0.357534 -0.841674 0.0769709 -0.534473 -0.617345 -0.68209 -0.391967 -0.893213 -0.0814066 -0.442203 -0.607892 -0.738601 -0.291438 -0.539534 -0.798187 -0.267957 -0.921775 0.0620599 -0.382727 -0.919445 0.0759727 -0.38581 -0.752367 -0.59539 -0.281877 -0.906514 0.197428 -0.373167 -0.927779 0.272661 -0.25472 -0.923133 0.273995 -0.269725 -0.943359 0.282041 -0.174719 -0.992488 -0.0162168 -0.121262 -1 -1.12208e-15 -8.39043e-15 -0.944981 0.327124 1.12875e-15 -0.938759 0.335007 -0.0806385 -0.865861 0.438481 -0.240873 -0.899452 0.429473 -0.0808666 -0.936094 0.133984 -0.325234 -0.928236 0.183923 -0.323341 -0.957864 0.285313 -0.0330718 -0.91449 0.0855204 -0.395466 -0.907769 0.145283 -0.393507 -0.870355 0.099753 -0.482215 -0.838606 0.00411054 -0.544722 -0.640655 -0.166212 -0.749623 -0.443241 -0.686817 -0.576038 -0.43216 -0.650369 -0.624706 -0.394851 -0.679097 -0.618806 -0.308174 -0.857008 -0.412997 -0.311285 -0.827017 -0.468128 -0.356833 -0.577177 -0.734532 -0.351632 -0.614302 -0.706391 -0.209561 -0.861433 -0.46262 -0.147219 -0.931455 -0.332744 -0.112723 -0.942898 -0.313429 -0.209015 -0.818207 -0.535584 -0.306768 -0.857674 -0.412661 -0.337936 -0.905039 -0.258271 -0.397897 -0.271355 -0.876382 -0.203758 -0.653265 -0.729197 -0.202212 -0.675887 -0.708722 -0.263746 -0.0182613 -0.964419 -0.135385 -0.976866 -0.16554 -0.152304 -0.979593 -0.131154 -0.149613 -0.988432 -0.0248436 -0.202144 -0.975716 -0.0843525 -0.365524 -0.917687 -0.155704 -0.375329 -0.925498 -0.0508106 -0.343378 -0.928206 -0.143267 -0.504548 -0.850508 -0.148553 -0.539654 -0.839397 -0.0647039 -0.458159 -0.879715 -0.127249 -0.525314 -0.837553 -0.150168 -0.638944 -0.756617 -0.138856 -0.351012 -0.913632 -0.205102 -0.507778 -0.860576 0.0396275 -0.642015 -0.757939 -0.115523 -0.719275 -0.692345 -0.0574567 -0.854207 -0.502548 -0.133326 -0.954837 -0.290068 -0.0643872 -0.993048 -0.0797695 -0.0865605 -0.995697 -0.0569512 -0.0731064 -0.957083 0.260543 -0.126921 -0.993748 0.100787 -0.0480274 -0.944618 0.324938 -0.0459618 -0.959978 0.276833 -0.0424831 -0.986115 0.158099 -0.050804 -0.998776 0.000733903 -0.0494467 -0.998788 -0.0001433 -0.0492119 -0.996161 -0.0870115 -0.00957423 -0.997844 0.0280908 -0.0593226 -0.966736 0.251817 -0.0448226 -0.992019 0.116367 -0.048555 -0.925413 0.376118 -0.0463186 -0.926557 0.374168 -0.0386134 -0.960377 0.27741 -0.0268108 -0.974419 0.223497 0.0235842 -0.801023 0.597301 -0.0399196 -0.821553 0.569287 -0.0310291 -0.549125 0.835124 -0.0320725 -0.533843 0.844782 -0.0368167 -0.293223 0.955566 -0.030229 -0.298027 0.954413 -0.0165713 -0.53278 0.845991 -0.0210789 -0.295383 0.95526 -0.0151067 -0.301948 0.953289 -0.00815879 -0.550497 0.834732 -0.0132218 -0.537996 0.842614 -0.0237196 -0.298084 0.954522 -0.00584967 -0.182933 0.983107 -0.00605139 -0.113638 0.99352 0.00201557 -0.18835 0.982096 0.00332361 -0.182638 0.98318 0.00109692 -0.255101 0.966106 -0.0395364 -0.306251 0.951951 0.000514188 -0.316731 0.948504 -0.00455024 -0.576095 0.817315 -0.0104779 -0.598467 0.800799 -0.0236024 -0.864468 0.501663 -0.0320783 -0.856168 0.515138 -0.040126 -0.609241 0.792908 -0.0110849 -0.285281 0.958419 -0.00694985 -0.100327 0.994921 0.00815946 -0.0251525 0.999676 0.00401605 -0.0345035 0.999353 0.010191 0.0271906 0.999623 0.0037116 0.0301985 0.999535 0.00430964 -0.0353257 0.999328 0.0097314 -0.123642 0.992238 0.0133031 -0.110348 0.99388 0.00500697 -0.345835 0.938258 0.00831063 -0.360657 0.932541 -0.017167 -0.738295 0.674091 -0.0228421 -0.977157 0.206712 -0.049329 -0.753746 0.655768 -0.0428351 -0.973644 0.221818 -0.0530469 -0.998509 0.000662156 -0.0545815 -0.998601 -0.00519121 -0.0526182 -0.99779 -0.0405494 -0.0526475 -0.904312 -0.424518 -0.0447759 -0.995298 -0.0847273 -0.0469469 -0.922697 -0.384163 -0.0323917 -0.649285 -0.760109 -0.025755 -0.617007 -0.786917 0.00796323 -0.330582 -0.943773 0.00296035 -0.368362 -0.92956 0.0150888 -0.1573 -0.987509 0.0090915 -0.13276 -0.990929 0.0208607 -0.0310835 -0.999418 0.0140395 -0.156906 -0.987612 0.00194181 -0.413151 -0.910652 -0.00443075 -0.385308 -0.922711 -0.0118876 -0.414399 -0.909832 -0.0218967 -0.437168 -0.899237 -0.0160265 -0.195633 -0.980663 -0.0052129 -0.170724 -0.985271 0.00975188 -0.702888 -0.710225 -0.039096 -0.959272 -0.23747 -0.15299 -0.967996 -0.242369 -0.0651305 -0.963891 -0.256288 -0.0723258 -0.997254 0.00239911 -0.0740119 -0.970246 -0.241309 0.019825 -0.991067 -0.113984 -0.0692304 -0.997345 -0.000510351 -0.0728171 -0.990974 -0.1147 -0.0693797 -0.909681 -0.412408 -0.0489813 -0.922843 -0.383969 -0.0304785 -0.698986 -0.714797 0.0220147 -0.719142 -0.694576 -0.0199644 -0.453373 -0.891279 0.00867359 -0.453281 -0.890908 -0.0286169 -0.696749 -0.715902 -0.0450028 -0.702189 -0.710255 -0.0496808 -0.441781 -0.896619 -0.0300508 -0.694253 -0.717881 -0.0515785 -0.194814 -0.980775 -0.0113364 -0.209693 -0.976789 0.0437333 -0.209652 -0.977751 -0.0069697 -0.478363 -0.877898 0.0215317 -0.227095 -0.972284 0.055611 -0.442713 -0.893811 0.0714626 -0.720201 -0.693215 0.0276234 -0.730198 -0.679687 0.0695493 -0.480185 -0.867703 0.128511 -0.510995 -0.853544 0.101724 -0.251797 -0.957696 0.139343 -0.0745598 -0.983377 0.165559 -0.237057 -0.959768 0.150498 0.0090168 -0.964522 0.263849 -0.0391025 -0.972838 0.228159 -0.0743708 -0.968393 0.238085 -0.0206251 -0.96938 0.244699 -0.12138 -0.96826 0.218492 -0.13408 -0.968434 0.210139 -0.279893 -0.942772 0.18122 -0.264524 -0.945273 0.191014 -0.261409 -0.952345 0.157174 -0.137178 -0.974504 0.177552 -0.124689 -0.97376 0.19038 -0.283364 -0.943269 0.173054 -0.621435 -0.777355 0.0976652 -0.620151 -0.778184 0.0992077 -0.914269 -0.404831 -0.0149889 -0.608398 -0.792673 0.0390047 -0.923603 -0.38332 -0.00488172 -0.72069 -0.68895 0.0771643 -0.92513 -0.377651 -0.0389214 -0.988432 -0.115073 -0.0987904 -0.989232 -0.108503 -0.0982178 -0.994588 0.001966 -0.103878 -0.995096 -0.000916212 -0.0989065 -0.996124 -0.000609945 -0.0879533 -0.996127 0.00665849 -0.0876767 -0.99584 0.0018216 -0.091102 -0.992073 -0.106709 -0.0663592 -0.99186 -0.107997 -0.0674607 0.809483 -0.55557 0.189943 -0.714374 0.669149 -0.204718 -0.995294 -0.00441142 -0.0968045 -0.995943 0.00319271 -0.089931 -0.990885 -0.114136 -0.0715493 -0.991593 -0.107707 -0.0717067 -0.995177 -0.0072294 -0.0978329 -0.672333 0.710163 -0.208892 -0.753343 -0.655265 0.0557058 0.87066 -0.455789 0.184952 -0.852011 -0.523525 0 -0.470852 0.854929 -0.217702 0.252355 -0.937941 0.237876 -0.95448 -0.298275 0 0.92167 -0.359505 0.145881 -0.95448 -0.298275 0 -0.995927 0.00296268 -0.0901111 0.860219 -0.483054 0.163346 -1 0 0 -0.921148 -0.389188 -0.00445782 -0.991908 -0.109081 -0.0649655 -0.912814 -0.408094 -0.015139 -0.996261 0.0016966 -0.086381 -0.988225 0.135189 -0.0716633 -0.47557 0.87949 0.018195 -0.496282 0.866687 0.0505787 -0.875468 0.482546 -0.0265493 -0.482171 0.87604 0.00807562 -0.459269 0.888065 -0.0202872 -0.845704 0.531742 -0.0451237 -0.843428 0.535639 -0.0414684 -0.44563 0.895195 -0.00636149 -0.430359 0.902434 -0.0200857 -0.798055 0.601647 -0.0335922 -0.825712 0.561714 -0.051736 -0.983176 0.172728 -0.0594057 -0.980931 0.184194 -0.0620269 -0.998004 0.00226539 -0.0631054 -0.998092 5.76189e-05 -0.0617412 -0.995275 -0.0753034 -0.0613003 -0.995384 -0.0731063 -0.0621735 -0.997819 -0.00112666 -0.066005 -0.984676 0.160335 -0.0686033 -0.802097 0.59654 -0.0279207 -0.395919 0.918092 -0.0188659 -0.415842 0.909436 0.00103321 -0.134887 0.990853 0.00399813 -0.0351025 0.999338 0.00954998 -0.145601 0.989304 0.00881432 -0.380626 0.924713 0.00540579 -0.134896 0.990852 0.00401987 -0.161134 0.98693 0.00223697 -0.989005 0.133777 -0.0630256 -0.155946 0.987489 0.0233751 -0.166101 0.983095 0.0770373 -0.163343 0.986153 0.0286489 -0.0523745 0.997932 0.0372576 -0.0561394 0.993107 0.102894 -0.0644731 0.993336 0.0955372 -0.183277 0.978818 0.0912364 -0.0440051 0.998568 0.0304133 -0.0215393 0.991235 0.130345 -0.0747148 0.98931 0.125236 -0.00304999 0.994511 0.10459 -0.00894147 0.989664 0.143124 -0.176923 0.978371 0.107185 -0.504239 0.861129 0.0648001 -0.493225 0.867885 0.0591976 -0.873809 0.486085 -0.0134147 -0.179356 0.977862 0.107784 -0.0864196 0.989253 0.117938 -0.0483137 0.992909 0.108617 -0.0788308 0.991233 0.106028 0.0715105 0.986789 0.145371 -0.0302542 0.990275 0.135796 0.299723 0.942914 0.145189 0.287353 0.94795 0.137182 0.0850286 0.990301 0.10988 0.326655 0.942037 0.0765713 0.0751843 0.992324 0.098187 0.123249 0.992076 0.024404 0.34896 0.932885 0.0891818 0.145916 0.988237 0.045783 0.015353 0.999874 0.00398612 -0.00426017 0.99995 0.00904875 0.150862 0.987586 0.0437616 0.025811 0.999445 0.0210358 0.157247 0.981795 0.106545 0.010986 0.999454 0.0311599 -0.0503588 0.998657 -0.0121395 -0.075195 0.997135 0.00816146 0.019376 0.998136 0.057876 -0.0567777 0.99818 -0.0203338 -0.0803141 0.99675 -0.00631148 -0.209888 0.974771 -0.0759523 -0.158228 0.983426 -0.0885224 -0.160267 0.983422 -0.0848282 -0.136893 0.989005 -0.0559481 -0.188757 0.974565 -0.120807 -0.44819 0.858367 -0.249664 -0.483013 0.815966 -0.317646 -0.410773 0.844816 -0.342857 -0.44136 0.779311 -0.444833 -0.654686 0.433663 -0.61913 -0.644095 0.444602 -0.622472 -0.691644 0.473983 -0.544949 -0.675891 0.492841 -0.547978 -0.712711 0.529334 -0.460269 -0.720147 0.521098 -0.458089 -0.766125 0.168628 -0.620175 -0.770137 0.157951 -0.618014 -0.834183 0.169131 -0.524912 -0.835051 0.195821 -0.514144 3.45332e-08 -1 -1.90218e-07 5.45771e-06 -1 -3.12566e-06 -3.75962e-06 -1 1.6765e-05 -1.92074e-08 -1 -1.41165e-07 7.3158e-08 -1 -5.89136e-08 -2.00207e-06 -1 -2.69031e-06 -0.653349 0.131349 -0.745575 -1.32518e-08 -1 -1.51927e-07 -0.708622 0.119505 -0.695394 -0.705277 0.127782 -0.69732 -0.587807 0.17488 -0.789873 -0.610895 0.164642 -0.774403 -2.37686e-05 -1 -1.61744e-05 -5.84577e-05 -1 7.11671e-05 -0.468961 -0.122317 -0.874708 -5.80154e-05 -1 -0.000108444 -5.97817e-05 -1 7.33532e-05 0.14202 0.287567 -0.947172 0.0170444 0.393615 -0.919117 0.130222 0.133225 -0.982493 2.0884e-05 -1 -1.88803e-05 9.85087e-05 -1 -0.000167274 3.75198e-05 -1 -7.15637e-05 -0.23099 0.126526 -0.964694 0.737625 0.129683 -0.66264 0.461768 0.123125 -0.878414 0.485566 0.207646 -0.849181 0.410401 0.45832 -0.788361 0.420247 0.561992 -0.712431 0.705993 0.501995 -0.499575 0.765007 0.226435 -0.602902 0.707986 0.531972 -0.464501 0.914014 0.345244 -0.213035 0.932908 0.0439162 -0.357428 0.913809 0.367117 -0.173722 0.777137 0.628782 0.0262867 0.52636 0.814772 -0.243087 0.533829 0.799222 -0.276173 0.391613 0.911788 -0.123622 0.811353 0.577386 -0.0912844 0.576024 0.805786 0.137495 0.932609 0.306384 0.190708 0.937931 0.307287 0.160814 0.781483 0.526092 0.335427 0.645972 0.76332 -0.0079002 0.556591 0.747782 0.361978 0.842659 0.522577 0.129762 0.546705 0.805729 0.227847 0.517946 0.819813 0.24421 0.494821 0.825664 0.270982 0.177812 0.979067 0.0990467 0.191324 0.969088 0.155765 0.262384 0.960868 0.0888086 0.256142 0.959334 0.118619 0.309843 0.948295 0.0688057 0.293772 0.953075 0.0731178 0.396809 0.914336 0.0808287 0.526813 0.833906 0.164525 0.7109 -0.408471 -0.572514 0.143174 0.988833 -0.0413579 -0.0300975 0.986932 -0.158304 -0.0153783 0.985479 -0.1691 -0.225864 0.938794 -0.260099 -0.1808 0.865088 -0.467903 -0.304602 0.778737 -0.54844 -0.324684 0.578163 -0.748537 -0.40561 0.578752 -0.707479 -0.491919 0.722378 -0.48599 -0.594323 0.40754 -0.693319 -0.57154 0.438493 -0.693589 -0.622416 0.414057 -0.664195 -0.450964 0.74757 -0.487617 -0.440231 0.742383 -0.505038 -0.494165 0.860831 -0.121538 -0.467429 0.778198 -0.419425 -0.206438 0.952796 -0.222628 -0.203048 0.936446 -0.286076 -0.232215 0.95108 -0.203769 -0.101607 0.994823 0.00178386 -0.0836325 0.996496 -0.000867953 -0.251047 0.962011 -0.107285 -0.0565437 0.995252 -0.0792251 0.0294553 0.996194 0.0820361 0.0857117 0.996271 0.00992667 0.0845242 0.99608 0.0260707 -0.0654508 0.995073 -0.0744661 -0.63147 0.1577 -0.759195 -0.484037 0.245452 -0.839918 -0.660224 0.306784 -0.685556 -0.314206 0.435076 -0.843791 -0.0924719 0.847491 -0.522692 -0.0502986 0.80961 -0.58481 -0.461691 0.501601 -0.731599 -0.359768 0.344427 -0.867143 0.0435071 0.610697 -0.790668 -0.361438 0.345051 -0.8662 -0.146014 0.837401 -0.526725 -0.0870625 0.681873 -0.726271 0.266987 0.801513 -0.535065 0.152673 0.936168 -0.31667 0.124128 0.944497 -0.304167 0.258484 0.842964 -0.471802 0.19818 0.905721 -0.374693 0.132111 0.99091 -0.0253821 0.331279 0.937712 -0.104646 0.638345 0.615692 -0.461996 0.00075945 0.973845 -0.227213 0.144081 0.988212 -0.0517447 0.0213777 0.99824 0.0553109 0.781383 0.507495 0.363165 0.801388 0.432315 0.413378 0.81457 0.423431 0.396462 0.470361 0.85542 0.216834 0.876167 0.165582 0.452674 0.892631 0.162056 0.420651 0.809788 0.448249 0.378571 0.892674 0.16497 0.419427 0.870064 0.186218 0.456412 0.945797 0.0799142 0.314773 0.893781 0.191634 0.405501 0.917365 0.131363 0.375747 8.5446e-05 -1 0.00013411 5.24007e-06 -1 -0.000112917 -9.53846e-06 -1 0.000248576 0.941163 0.137208 0.308847 0.941072 0.126421 0.313689 0.858507 0.462275 0.221961 0.959463 0.114702 0.257438 0.853824 0.438984 0.279782 0.917468 0.161723 0.363454 0.826556 0.454438 0.332102 0.854634 0.436374 0.281388 0.83097 0.435227 0.346506 0.477575 0.858322 0.187629 0.482127 0.856287 0.185271 0.579787 0.794833 0.179126 0.435467 0.900169 -0.00800075 0.884786 0.421093 0.199583 0.598617 0.7896 0.134866 0.62198 0.768326 0.151049 0.881189 0.441156 0.169963 0.585915 0.790467 0.178506 0.580953 0.794993 0.174586 0.874575 0.450437 0.179514 0.58932 0.788332 0.176733 0.311633 0.933146 0.179228 0.291544 0.940836 0.17271 0.0969645 0.981894 0.162733 0.315236 0.934442 0.16566 0.120069 0.978553 0.167385 0.101194 0.984014 0.146547 0.362499 0.922357 0.133609 0.312381 0.935666 0.164154 0.14737 0.979014 0.140761 0.127402 0.984482 0.120682 0.555894 0.817604 0.150019 0.57786 0.801626 0.153211 0.883962 0.456751 0.099952 0.99252 0.121992 0.00469721 0.8275 0.558125 0.0611572 0.98966 0.142212 0.018674 0.993942 0.0849507 0.0697368 0.992084 0.00340225 0.125527 0.999997 -0.000699456 0.00243947 0.994756 0.0782145 0.0659062 0.99479 0.0784307 0.0651238 0.984461 0.103972 0.141514 0.970096 0.207543 0.125857 0.984475 0.096231 0.146798 0.860224 0.495031 0.122303 0.993692 0.0878353 0.0697206 0.876619 0.451245 0.167084 0.995306 0.0240272 0.0937515 0.999968 -0.00416405 0.00680614 0.074444 -0.988809 -0.129286 0.833243 0.479567 0.275177 0.999448 0.0305368 0.0130567 0.0758533 -0.988446 -0.131232 -0.39512 0.878645 -0.268072 -0.0252781 0.996362 0.0813841 -0.0324585 0.996981 0.0705323 -0.087658 0.991679 0.0942857 -0.0718894 0.995412 0.0631382 0.0134228 0.992681 0.120021 0.018097 0.999127 0.037664 -0.894143 0.446822 -0.0293166 -0.986629 0.145948 -0.072542 -0.99013 0.107032 -0.0904852 -0.992717 0.00702133 -0.120263 -0.990658 -0.00734919 -0.136168 -0.987354 -0.00291805 -0.158503 -0.986538 -0.00664654 -0.163398 -0.977029 0.00524389 -0.213043 -0.871098 -0.4433 -0.21136 -0.96108 -0.142978 -0.236395 -0.958341 -0.14118 -0.248296 -0.961252 -0.136854 -0.2393 -0.927543 -0.227095 -0.296804 -0.822079 -0.505505 -0.262013 -0.934456 -0.205883 -0.290523 -0.821663 -0.5068 -0.260815 0.252306 0.863561 -0.436583 0.105792 0.977474 -0.182625 0.104119 0.978141 -0.179997 6.66259e-05 1 -0.00061873 0.000519618 0.999999 -0.000899011 0.00101393 0.999998 -0.00175434 0.00512377 0.998745 -0.0498154 -0.909286 -0.226812 -0.348934 -0.874931 -0.303625 -0.377236 -0.880113 -0.253769 -0.401251 -0.862664 -0.250481 -0.439398 -0.738325 -0.529738 -0.417437 -0.771709 -0.535467 -0.343133 -0.790552 -0.509652 -0.339531 -0.827022 -0.308333 -0.470069 -0.831535 -0.247109 -0.497481 -0.00682923 0.999972 -0.0028953 -0.000663333 0.999999 0.00135065 -5.71942e-05 1 0.00012957 0.00106326 0.999999 0.000997982 0.00102655 0.999999 0.000170185 0.870656 -0.205111 0.447088 0.874914 -0.148402 0.46098 0.849478 -0.338038 0.405114 0.833401 -0.349289 0.428298 0.899696 -0.141254 0.41303 0.843328 -0.371392 0.388415 0.867501 -0.356142 0.347282 0.85623 -0.401269 0.325352 0.898469 -0.160672 0.408581 0.924831 -0.148255 0.350297 0.883136 -0.38539 0.267481 0.948394 -0.166382 0.269938 0.88001 -0.396079 0.262113 0.922507 -0.173808 0.344634 0.95594 -0.0401498 0.290803 0.000554806 1 -0.00079838 0.00163821 0.999995 -0.0027967 -0.000567956 1 0.00060641 0.00571797 0.999982 0.00170844 -0.0019666 0.999997 0.00115459 0.00199335 0.999992 -0.00360748 0.587722 -0.789622 0.176294 0.898834 -0.390081 0.199835 0.593498 -0.794427 0.129017 0.604509 -0.782886 0.147172 0.246385 -0.96776 0.0522923 0.194025 -0.970583 0.142559 0.562132 -0.803415 0.196296 0.194491 -0.970403 0.143151 0.0288764 -0.99355 0.109653 -0.0103149 -0.981877 0.189239 0.00587249 -0.976714 0.214463 0.151158 -0.960629 0.233115 -0.0658745 -0.981505 0.179747 -0.0898919 -0.976749 0.194631 -0.0183129 -0.995253 0.0955778 0.0257864 -0.994047 0.105856 -0.0601889 -0.990869 0.12065 -0.104613 -0.988193 0.111943 -0.276724 -0.953871 0.11642 -0.238154 -0.968225 0.07631 -0.110638 -0.988603 0.102096 -0.242954 -0.968074 0.0616852 -0.212286 -0.977192 0.00548121 -0.0837865 -0.996129 0.0265991 -0.0785041 -0.995903 0.0448718 -0.578038 -0.815843 -0.0165217 -0.544589 -0.834564 -0.0832158 -0.576114 -0.817303 -0.0103814 -0.215827 -0.976429 -0.00242388 -0.900936 -0.430087 -0.0577847 -0.905974 -0.407882 -0.113332 -0.600523 -0.798321 0.0453424 -0.602244 -0.797197 0.042191 -0.983199 -0.102591 -0.150979 -0.979061 -0.131805 -0.155133 -0.906287 -0.407024 -0.113911 -0.543682 -0.835407 -0.0806535 -0.490037 -0.856584 -0.161639 -0.179289 -0.981672 -0.0646161 -0.059766 -0.998081 -0.0161994 -0.179428 -0.981649 -0.0645888 -0.196571 -0.976569 -0.0875985 -0.028933 -0.998319 0.0502117 -0.0265712 -0.99825 0.0528261 -0.100872 -0.994814 0.013028 0.0873947 -0.991161 0.0998098 0.0753861 -0.993956 0.0798081 0.0866253 -0.995541 0.0373369 0.265873 -0.958118 0.106399 0.0953461 -0.994797 0.0358884 0.0815329 -0.996521 0.0172637 0.257309 -0.963968 0.067516 0.249488 -0.965174 0.0787115 0.00369687 -0.999976 0.00583975 -0.0551289 -0.998404 -0.0122246 0.0094579 -0.999901 0.0104494 0.241971 -0.962492 0.122715 0.588108 -0.762518 0.269618 0.598596 -0.776025 0.198667 0.572569 -0.785944 0.23336 0.257206 -0.952488 0.163131 0.578395 -0.76627 0.279801 0.269643 -0.951101 0.150662 0.587796 -0.746929 0.310795 0.5255 -0.828046 0.195422 0.628025 -0.713311 0.31108 0.399043 -0.908513 0.123969 0.311201 -0.938508 0.14952 0.280921 -0.943496 0.175781 0.620166 -0.732054 0.281941 0.974215 -0.223428 0.0313722 0.665579 -0.690734 0.282649 0.788632 -0.491012 0.370089 0.859654 -0.46697 0.207206 0.885847 -0.307657 0.347307 0.833154 -0.350789 0.427552 0.979285 -0.175523 0.100956 0.819492 -0.468459 0.330119 0.630074 -0.768997 0.107936 0.681463 -0.73068 -0.0414144 0.867088 -0.472844 -0.15677 0.397683 -0.909318 -0.12243 0.410503 -0.893386 -0.182615 0.62417 -0.686625 -0.372772 0.861179 -0.500456 -0.088959 0.350677 -0.727074 -0.590245 0.624204 -0.685599 -0.374597 0.154371 -0.923784 -0.350419 0.0470193 -0.58538 -0.809394 0.345018 -0.656868 -0.670438 -0.124367 -0.8067 -0.577726 0.189863 -0.912639 -0.361997 0.0348502 -0.408159 -0.912246 -0.00920379 -0.77788 -0.628346 -0.426101 -0.477094 -0.768648 -0.221132 -0.298988 -0.928282 -0.388209 -0.400767 -0.829867 0.00033271 1 -0.000444494 -4.96305e-05 1 -6.47517e-07 0.138526 -0.225999 -0.964228 0.468465 -0.231968 -0.852485 0.000719587 1 -0.000609427 0.489205 -0.30516 -0.817041 0.761791 -0.299714 -0.574323 0.737694 -0.343815 -0.581033 0.00175762 0.999998 -0.00111818 0.921086 -0.168739 -0.350896 0.0137804 0.999892 -0.0050434 0.883541 -0.451988 -0.122729 0.00266751 0.999989 0.00372824 -5.96634e-05 1 0.000155343 0.00133898 0.999998 0.00176233 0.00243042 0.99999 0.00364928 -0.648767 -0.141955 -0.747629 -0.700607 -0.256406 -0.665887 -0.695775 -0.143141 -0.703852 -0.611603 -0.494429 -0.617641 -0.428621 -0.553601 -0.71401 -0.476792 -0.357753 -0.802921 -0.629777 -0.326678 -0.704743 -0.291575 -0.417501 -0.860626 -0.411269 -0.60538 -0.681449 -0.27206 -0.581707 -0.766551 -0.545683 -0.174062 -0.819714 -0.213781 -0.825196 -0.522828 -0.0135076 -0.965559 -0.259833 -0.472331 0.017565 0.881246 -0.215727 -0.95311 -0.212233 -0.215924 -0.932235 -0.290371 0.933055 -0.258688 0.249977 -0.254266 -0.958228 -0.130954 -0.236993 -0.968434 -0.0772671 -0.209903 -0.968823 -0.131617 -0.114432 -0.9934 -0.00783446 -0.112447 -0.993565 0.0135888 -0.149131 -0.987876 -0.0431364 0.952722 -0.164198 -0.255655 0.939924 0.0076884 -0.341296 4.94073e-07 -1 -7.53464e-07 0.701284 -0.126254 -0.701613 0.600302 0.160924 -0.783416 0.164593 -0.358733 -0.918814 0.255521 -0.157076 -0.953958 0.0281113 -0.991711 0.125373 -0.824805 -0.520368 -0.221165 0.000248835 -1 0.000944157 -0.714115 -0.302382 -0.631352 -5.97406e-06 -1 -3.7541e-06 1.68634e-05 -1 -9.88016e-06 -0.835182 0.0370803 -0.548723 -0.325151 0.0903777 -0.941333 -0.267815 -0.102526 -0.958 0.000210806 -1 -0.000786314 -0.00020925 -1 -0.000121055 -0.000188071 -1 0.000703555 0.253557 -0.372397 0.892765 0.000565129 -1 -0.000151837 0.443167 -0.0664512 0.893973 0.742534 -0.143021 0.65436 0.790362 0.0234624 0.61219 -0.241846 -0.353812 0.903509 0.0319451 0.162673 0.986163 -0.000380854 -1 0.000219706 -0.896515 -0.371861 0.240792 -0.679531 -0.285047 0.676008 0.337943 -0.93506 -0.107042 0.402019 -0.910127 0.100248 0.316456 -0.948395 -0.0200584 -0.964707 0.254907 0.0660588 0.192273 -0.975545 -0.106499 0.148695 -0.967791 -0.203153 0.154406 -0.937226 -0.312676 -0.788119 0.052592 0.613272 0.103589 -0.988416 0.110921 -5.53412e-07 -1 -1.48266e-07 0.991838 0.072307 0.105015 -0.480896 -0.814259 -0.325147 -0.438018 -0.771019 -0.462244 -0.614287 -0.464061 -0.638199 -0.439774 -0.834457 -0.332085 -0.690472 -0.498089 -0.524553 -0.683854 -0.507242 -0.524451 -0.734261 -0.535013 -0.417878 -0.443294 -0.860986 -0.249386 -0.476888 -0.844765 -0.242796 -0.764158 -0.255019 -0.592475 -0.196673 -0.976624 -0.086751 -0.42191 -0.776879 -0.467388 -0.241089 -0.952037 -0.18842 -0.503705 -0.863276 0.0321905 -0.126055 -0.922746 -0.364212 -0.0894294 -0.945186 -0.314049 -0.0961237 -0.852366 -0.514035 -0.221816 -0.835061 -0.503458 -0.360685 -0.827348 -0.430583 0.757633 -0.640632 -0.124833 0.896637 -0.189599 0.400117 0.000167797 1 0.000789402 0.617314 -0.776517 0.126272 -0.463133 -0.862373 -0.204503 -0.464305 -0.861179 -0.20686 -0.487981 -0.858496 -0.157668 -0.860589 -0.481178 -0.166896 -0.0276501 -0.998016 0.0565627 0.890366 -0.41515 0.186813 -0.755814 -0.276026 -0.593763 -0.922782 -0.226477 -0.31174 0.958708 -0.0883112 0.270332 0.252187 0.863713 -0.43635 0.964698 -0.102068 0.242775 0.379469 0.65185 -0.656578 -0.970577 -0.0132786 -0.240424 -0.977156 -0.00309564 -0.2125 -0.984435 0.00651912 -0.17563 -0.501926 -0.85347 0.14021 0.158299 -0.957621 0.240633 0.146183 -0.950709 0.273464 -0.915734 -0.396428 -0.0653852 -0.924951 -0.37581 -0.0568488 -0.919957 -0.387563 -0.0589408 -0.687731 -0.72472 -0.042506 -0.657186 -0.753414 -0.0217595 -0.574539 -0.818477 -0.000374651 -0.399828 -0.914291 0.0648788 -0.330013 -0.943513 0.0295832 -0.574646 -0.818312 -0.0121535 -0.894841 -0.446298 -0.00883459 -0.871635 -0.489133 -0.0316334 -0.804311 -0.594114 0.0106233 -0.988541 -0.148523 -0.0269804 -0.998939 0.0042921 -0.0458425 -0.965975 0.254398 -0.0466247 -0.961155 0.273764 -0.0351245 -0.890091 0.424265 -0.166543 -0.998999 0.00378523 -0.044582 -0.982204 -0.182714 -0.043479 -0.975138 -0.221234 -0.0127379 -0.925412 -0.360261 -0.117578 -0.711363 -0.702089 -0.032148 -0.899887 -0.435757 -0.0178627 -0.711642 -0.702191 0.0222329 -0.804088 -0.593934 -0.0261638 -0.979408 -0.19841 -0.0373256 -0.850031 -0.524938 -0.0434466 -0.988323 -0.145185 -0.0462486 -0.998857 0.000293201 -0.0477994 -0.879513 0.474251 -0.0392708 -0.989917 0.134543 -0.0442922 -0.902623 0.429066 -0.0342525 -0.998829 -0.00189404 -0.0483451 -0.990561 -0.126256 -0.0533627 -0.998669 -0.00156288 -0.0515448 -0.927649 -0.338266 -0.158251 -0.982776 0.178788 -0.0467494 -0.629052 0.77693 -0.0259523 -0.651429 0.758564 -0.014866 -0.671613 0.740194 -0.0323837 -0.288308 0.957477 -0.0108121 -0.328201 0.944514 -0.0133254 -0.310605 0.950497 0.00895841 -0.688591 0.724985 -0.0154696 -0.718794 0.694243 -0.0369032 -0.968414 0.245839 -0.0416816 -0.778748 -0.627048 -0.0190126 -0.744365 -0.65654 -0.121967 -0.892205 -0.445472 -0.0743293 -0.780212 -0.620106 -0.0820895 -0.469966 -0.882491 0.0185074 -0.597008 -0.801301 -0.0387061 -0.597374 -0.801677 0.0214016 -0.272502 -0.961861 -0.0237794 -0.272393 -0.961096 0.0457768 -0.341962 -0.939696 -0.00578091 -0.938507 -0.333964 -0.087597 -0.400702 -0.916204 -0.00273869 -0.341827 -0.938812 0.0422694 -0.125572 -0.991989 0.0137378 -0.109935 0.993934 0.00314393 0.134606 0.990873 -0.00726134 0.350537 0.935237 -0.0495534 0.389583 0.920463 -0.0311836 0.350361 0.935256 -0.0504329 0.119436 0.992704 -0.0165685 0.134986 0.990809 -0.00868093 0.317572 0.946716 -0.0536415 0.10559 0.994243 -0.018219 0.317286 0.946109 -0.0648643 0.119487 0.992743 -0.0135604 0.0206097 0.999788 -0.00010611 -0.090811 0.995866 0.0020459 0.296908 0.952376 -0.0694701 0.637555 0.757849 -0.138526 0.684116 0.717776 -0.129546 0.63721 0.758285 -0.137724 0.868438 0.457921 -0.19006 0.897407 0.399304 -0.18766 0.900472 0.410005 -0.145073 0.986181 0.0869585 -0.141012 0.914299 -0.391414 -0.104178 0.990206 -0.0763287 -0.116902 0.899817 -0.422226 -0.109796 0.565707 -0.822393 -0.0603777 0.582406 -0.809334 -0.0760429 0.992491 0.000482237 -0.122315 0.988049 -0.108009 -0.109972 0.993572 0.00820739 -0.112906 0.988403 0.00484636 -0.151775 0.98759 0.012706 -0.156541 0.925488 0.353449 -0.136186 0.91992 0.35059 -0.175596 0.685565 0.720381 -0.105131 0.725683 0.681657 -0.0934257 -0.259275 0.965789 0.00525772 -0.557609 0.829824 -0.021527 -0.836721 0.546763 -0.0307869 -0.0948934 0.995478 -0.00423562 -0.0631043 0.998007 0.000570656 -0.0652502 0.997823 -0.0095804 -0.0599894 0.998129 -0.0118062 -0.121695 0.992524 -0.00927375 -0.122222 0.992458 -0.00939743 -0.186911 0.982345 -0.00795979 -0.178423 0.983827 -0.0158222 -0.815098 0.578303 -0.0343582 -0.827089 0.560708 -0.0391365 -0.802333 0.595511 -0.0403512 -0.94004 0.338266 -0.0436037 -0.934046 0.354211 -0.0457351 -0.99901 0.00323219 -0.0443701 -0.99896 0.000431435 -0.0456011 -0.998169 0.0323289 -0.0511309 -0.995389 -0.0823014 -0.0492705 -0.995943 0.0746813 -0.050194 -0.994666 0.090787 -0.0489547 -0.952506 -0.296564 -0.0691592 -0.365877 -0.915408 -0.167814 -0.199465 -0.979611 0.0239896 -0.121889 -0.991254 -0.0505832 -0.121831 -0.992288 0.0228226 -0.0583801 -0.991373 -0.117354 -0.980633 -0.18497 -0.0643857 -0.992344 0.119404 -0.0315734 -0.972014 0.216146 0.0920323 0.46065 -0.88616 -0.0502302 0.506336 -0.855737 -0.106479 0.173462 -0.984587 -0.0223339 0.173424 -0.98484 0.00385531 0.145161 -0.989269 -0.0166118 0.145155 -0.989178 -0.0213759 0.0530448 -0.998564 0.00749903 0.078673 -0.996873 0.00735029 0.053066 -0.998584 -0.00374509 0.0916377 -0.992692 -0.0785194 0.295656 -0.940428 -0.167878 0.174657 -0.704182 -0.688203 0.218139 -0.749838 -0.624627 0.208049 -0.446445 -0.870289 0.191764 -0.480122 -0.855985 0.117177 -0.125808 -0.98511 0.0980078 -0.501914 -0.859347 0.219176 -0.148 -0.964395 0.124616 -0.107825 -0.986329 0.159954 -0.669438 -0.725443 0.135016 -0.735584 -0.663843 0.226531 -0.593636 -0.772192 0.283555 -0.0120786 -0.95888 0.220647 -0.788632 -0.573911 0.322067 -0.620432 -0.715078 0.409708 -0.0822266 -0.908503 0.415834 -0.0670244 -0.906967 0.50305 -0.036591 -0.863482 0.556123 0.131905 -0.820566 0.560537 0.140414 -0.816138 0.565952 0.440502 -0.696891 0.562942 0.403744 -0.72117 0.7203 0.344627 -0.601997 0.614407 0.101066 -0.782489 0.723208 0.0822134 -0.685719 0.723051 0.0765123 -0.686545 0.738855 0.0665112 -0.670574 0.582966 0.433578 -0.687139 0.587804 0.5146 -0.624239 0.568773 0.604834 -0.55738 0.632514 0.470872 -0.614985 0.686184 0.5925 -0.422013 0.622813 0.656043 -0.426276 0.616469 0.705584 -0.349452 0.525844 0.708026 -0.471368 0.511036 0.773143 -0.375622 0.636306 0.594824 -0.491223 0.586899 0.579441 -0.565507 0.63565 0.524152 -0.566756 0.665853 0.560336 -0.492608 0.700433 0.557461 -0.44568 0.68413 0.576326 -0.447005 0.72139 0.588407 -0.365203 0.620172 0.749368 -0.232021 0.714995 0.61187 -0.338228 0.695726 0.614993 -0.371147 0.8695 0.34759 -0.350929 0.878337 0.0757453 -0.472004 0.520259 -0.816867 -0.249118 0.915447 0.0942182 -0.391255 0.740521 -0.604208 -0.294213 0.926964 -0.0714232 -0.368289 0.640155 -0.758267 -0.123423 0.702407 -0.702405 -0.115117 0.977227 0.0343985 -0.209391 0.979288 -0.123434 -0.160495 0.948614 0.316435 -0.000104077 0.999996 0.00289724 -0.000192075 0.973951 0.226674 -0.00623031 0.805535 0.592547 0.00122993 0.615669 0.788002 0.00198323 0.469006 0.882815 0.0259143 0.472533 0.881047 0.0216433 0.499358 0.866395 0.000662578 0.501412 0.865197 0.00448762 0.575433 0.817848 -0.000700977 0.5071 0.861837 -0.00933663 0.581994 0.813169 -0.0063382 0.615692 0.786976 0.0398869 0.494436 0.869205 -0.00399158 0.620811 0.78396 -0.000629775 0.619976 0.78462 -0.000518161 0.774696 0.632334 0.000534154 0.792033 0.610475 -0.00208422 0.640746 0.750097 -0.163707 0.600926 0.788687 -0.129852 0.746315 0.643143 -0.171408 0.862887 0.454571 -0.220888 0.928615 0.315452 -0.195359 0.477611 0.873735 -0.092057 0.486397 0.867412 -0.104954 0.564466 0.817687 -0.112987 0.488108 0.847631 -0.208018 0.532379 0.830126 -0.16572 0.560125 0.803333 -0.202279 0.461989 0.854821 -0.236322 0.56384 0.780594 -0.269736 0.505491 0.803166 -0.315283 0.529717 0.846576 -0.0520401 0.583069 0.812043 0.024829 0.60496 0.794661 0.0503831 0.584683 0.810021 0.0448538 -3.4232e-05 -1 1.97671e-05 -1.4343e-07 -1 -8.82636e-08 -0.00198109 -0.999997 0.0016014 0.486309 -0.73707 -0.469288 0.461326 -0.703275 -0.540908 0 -1 0 -7.10198e-07 -1 9.06716e-07 0.462506 -0.701813 -0.541799 0.648477 0.053132 -0.759378 0.651921 0.0394795 -0.757259 0.729664 0.0477959 -0.682134 0.72991 0.0496588 -0.681737 0.773233 0.118409 -0.622968 0.528092 -0.759855 -0.379129 0.812765 0.00847332 -0.58253 0.543969 -0.744343 -0.387364 0.831484 0.0931217 -0.547688 0.868359 -0.00564511 -0.495905 0.676365 -0.627162 -0.386263 0.541141 -0.672602 -0.50475 0.396837 -0.733186 -0.552231 0.589672 0.0576648 -0.805582 0.423312 -0.651036 -0.630047 0.398398 -0.643341 -0.653752 0.000907393 -0.999998 -0.00194889 0.34147 -0.730082 -0.591928 -0.00114324 -0.999999 0.000444444 0.596259 0.760145 -0.258176 0.804361 0.21463 -0.554019 0.596566 0.0389394 -0.801619 0.5453 -0.190603 -0.816284 0.470305 -0.306966 -0.827397 0.423058 -0.287816 -0.859177 0.411966 -0.472273 -0.779258 0.632831 -0.271701 -0.725054 0.273787 -0.674803 -0.685334 0.484412 -0.571112 -0.662704 0.269366 -0.488716 -0.829818 0.326891 -0.154897 -0.932282 0.208435 -0.123107 -0.970258 0.0658746 -0.773718 -0.630096 0.0935251 -0.482017 -0.871156 0.74857 0.627293 -0.214818 0.714252 0.695709 0.0763767 0.620912 0.783871 0.00369926 0.586925 0.790181 0.176445 0.711373 0.669632 0.213407 6.7192e-05 -1 1.8765e-05 2.33358e-06 -1 3.82514e-07 0.702346 -0.702464 0.115126 0.702407 -0.702405 0.115117 0.980258 -0.115256 0.160654 -0.0762842 -0.673444 0.735291 -0.145835 -0.698104 0.700987 -0.203673 -0.00863221 0.979001 -0.0793138 -0.715722 0.693867 -0.198664 0.538386 0.818946 -0.196836 -0.707134 0.679129 -0.14622 -0.707053 0.691879 -0.361406 0.504115 0.784381 -0.275625 0.749497 0.601901 -0.492212 -0.639136 0.590959 -0.485635 -0.653574 0.580517 -0.453214 -0.769401 0.450133 -0.621467 -0.666038 0.412519 -0.826244 0.256744 0.501401 -0.825643 0.264749 0.498218 -0.851944 0.0921694 0.515457 -0.868464 0.269671 0.41599 -0.758922 0.539401 0.364806 -0.7023 0.568776 0.428099 -0.710129 0.544238 0.446679 -0.561439 0.745989 0.35817 -0.542908 0.722396 0.428247 -0.645222 0.574685 0.503415 -0.45348 0.765299 0.456808 -0.394158 0.824917 0.405156 -0.351447 0.848727 0.395154 -0.351548 0.848519 0.395513 -0.441053 0.761158 0.475511 -0.388919 0.760336 0.520222 -0.306288 0.847314 0.433875 -0.314062 0.853462 0.415894 -0.252258 0.851389 0.459894 -0.260204 0.848081 0.461577 -0.21554 0.844659 0.489995 -0.198068 0.86619 0.458785 -0.257445 0.867499 0.425638 -0.386901 0.777624 0.495588 -0.38919 0.79659 0.462576 -0.317442 0.800185 0.508857 -0.501112 0.637289 0.585448 -0.49704 0.661467 0.561616 -0.424225 0.66843 0.610929 -0.323198 0.819102 0.473935 -0.703007 0.294546 0.64732 -0.569346 0.630343 0.527743 -0.695641 0.408251 0.591114 -0.6043 0.416913 0.678974 -0.758106 0.315924 0.570498 -0.638276 0.599661 0.482712 -0.758888 0.290582 0.582796 -0.574864 0.606262 0.549524 -0.452887 0.77551 0.439862 -0.434903 0.782174 0.446165 -0.416178 0.83885 0.350893 -0.408196 0.850854 0.330793 -0.502223 0.762869 0.407189 -0.456365 0.842003 0.287683 -0.464266 0.828872 0.312136 -0.496967 0.784831 0.370221 -0.547147 0.757334 0.356476 -0.517243 0.812635 0.268483 -0.502673 0.83156 0.236279 -0.580097 0.759397 0.294624 -0.566637 0.78181 0.260183 -0.671985 0.711221 0.206402 -0.571155 0.81218 0.118934 -0.710492 0.694279 0.114791 -0.713446 0.693501 0.10025 -0.793244 0.60751 0.0411701 -0.72883 0.676996 0.102388 -0.790374 0.611825 0.0312898 -0.85513 0.489147 -0.171719 -0.868385 0.494057 0.0425986 -0.928442 0.37016 0.0312627 -0.958165 0.286212 0.00127439 -0.951463 0.307463 0.0135863 -0.832015 0.554568 0.0143401 -0.982748 0.184895 0.00456448 -0.998869 0.0472107 0.00562506 -0.912609 0.397965 -0.0936433 -0.897746 0.437887 0.0480205 -0.96126 0.273262 0.0361483 -0.882258 0.469648 0.032424 -0.781882 0.622337 0.0368462 -0.714099 0.640537 0.282447 -0.822092 0.4886 0.292292 -0.701311 0.667003 0.251536 -0.651818 0.670337 0.354657 -0.525468 0.798487 0.293773 -0.537112 0.776877 0.328593 -0.58343 0.776949 0.236559 -0.642206 0.695502 0.322254 -0.583455 0.698741 0.413934 -0.474232 0.797774 0.372372 -0.457279 0.824542 0.333206 -0.767181 0.516077 0.380917 -0.813049 0.511493 0.278076 -0.814005 0.575 0.0822892 -0.666955 0.741925 0.0686828 -0.600436 0.751511 0.273328 -0.951167 0.20043 0.234753 -0.913736 0.260498 0.311815 -0.912914 0.196549 0.357711 -0.701138 -0.701136 0.129673 -0.738913 -0.662826 0.121118 -0.691269 -0.672224 0.265068 -0.699718 -0.660562 0.272125 -0.980621 -0.138583 0.138478 -0.892324 -0.0534475 0.44822 -0.691643 -0.643787 0.327366 -0.596685 -0.743905 0.300952 -0.000379004 -1 0.000107567 -2.29431e-06 -1 3.76068e-07 -0.89177 0.205397 0.403184 -0.999999 -0.00100431 -4.93055e-05 -0.755956 0.654623 0.000348903 -0.678915 0.723849 0.122952 -0.748599 0.640958 0.169623 -0.583011 0.576462 0.572529 -0.664245 0.577308 0.474861 -0.583318 0.57429 0.574397 -0.828757 -0.108877 0.548915 -0.602897 0.426362 0.674337 -0.356363 0.235731 0.904122 -0.70344 0.203302 0.681059 -0.0203662 -0.621899 -0.782833 -0.128778 -0.0993457 -0.986685 -0.0281761 -0.0647071 -0.997506 -0.179475 0.0081727 -0.983729 0.0334933 -0.992784 -0.115146 0.00548193 -0.999892 0.0136185 0.0576726 -0.998275 0.0110139 0.0066537 -0.999873 0.014511 0.550328 -0.828394 -0.104412 0.906792 -0.383948 -0.174104 0.221219 -0.975122 -0.0140887 0.563334 -0.824522 -0.0530905 0.5709 -0.819515 -0.0496733 0.543535 -0.838709 -0.0337168 0.00604952 -0.99996 0.00652678 0.405016 -0.822672 0.398964 0.39099 -0.883718 0.257232 0.157255 -0.945947 0.283646 0.973544 0.212001 -0.0852505 0.431739 0.901955 -0.00889033 0.858488 0.512619 0.0148159 0.968823 -0.247684 -0.00594359 0.987481 -0.120883 0.101338 0.984356 -0.154838 0.0840765 0.980923 -0.147042 0.127152 0.500376 -4.57496e-05 -0.865808 2.42929e-08 -1 -1.82002e-07 0.50038 -1.7195e-06 -0.865806</float_array>
                    <technique_common>
                        <accessor count="7489" source="#shape0-lib-normals-array" stride="3">
                            <param name="X" type="float"/>
                            <param name="Y" type="float"/>
                            <param name="Z" type="float"/>
                        </accessor>
                    </technique_common>
                </source>
                <source id="shape0-lib-map" name="map">
                    <float_array id="shape0-lib-map-array" count="44934">0 0 0 0 0 0 0 0 0 0 0 0 0 0 0 0 0 0 0 0 0 0 0 0 0 0 0 0 0 0 0 0 0 0 0 0 0 0 0 0 0 0 0 0 0 0 0 0 0 0 0 0 0 0 0 0 0 0 0 0 0 0 0 0 0 0 0 0 0 0 0 0 0 0 0 0 0 0 0 0 0 0 0 0 0 0 0 0 0 0 0 0 0 0 0 0 0 0 0 0 0 0 0 0 0 0 0 0 0 0 0 0 0 0 0 0 0 0 0 0 0 0 0 0 0 0 0 0 0 0 0 0 0 0 0 0 0 0 0 0 0 0 0 0 0 0 0 0 0 0 0 0 0 0 0 0 0 0 0 0 0 0 0 0 0 0 0 0 0 0 0 0 0 0 0 0 0 0 0 0 0 0 0 0 0 0 0 0 0 0 0 0 0 0 0 0 0 0 0 0 0 0 0 0 0 0 0 0 0 0 0 0 0 0 0 0 0 0 0 0 0 0 0 0 0 0 0 0 0 0 0 0 0 0 0 0 0 0 0 0 0 0 0 0 0 0 0 0 0 0 0 0 0 0 0 0 0 0 0 0 0 0 0 0 0 0 0 0 0 0 0 0 0 0 0 0 0 0 0 0 0 0 0 0 0 0 0 0 0 0 0 0 0 0 0 0 0 0 0 0 0 0 0 0 0 0 0 0 0 0 0 0 0 0 0 0 0 0 0 0 0 0 0 0 0 0 0 0 0 0 0 0 0 0 0 0 0 0 0 0 0 0 0 0 0 0 0 0 0 0 0 0 0 0 0 0 0 0 0 0 0 0 0 0 0 0 0 0 0 0 0 0 0 0 0 0 0 0 0 0 0 0 0 0 0 0 0 0 0 0 0 0 0 0 0 0 0 0 0 0 0 0 0 0 0 0 0 0 0 0 0 0 0 0 0 0 0 0 0 0 0 0 0 0 0 0 0 0 0 0 0 0 0 0 0 0 0 0 0 0 0 0 0 0 0 0 0 0 0 0 0 0 0 0 0 0 0 0 0 0 0 0 0 0 0 0 0 0 0 0 0 0 0 0 0 0 0 0 0 0 0 0 0 0 0 0 0 0 0 0 0 0 0 0 0 0 0 0 0 0 0 0 0 0 0 0 0 0 0 0 0 0 0 0 0 0 0 0 0 0 0 0 0 0 0 0 0 0 0 0 0 0 0 0 0 0 0 0 0 0 0 0 0 0 0 0 0 0 0 0 0 0 0 0 0 0 0 0 0 0 0 0 0 0 0 0 0 0 0 0 0 0 0 0 0 0 0 0 0 0 0 0 0 0 0 0 0 0 0 0 0 0 0 0 0 0 0 0 0 0 0 0 0 0 0 0 0 0 0 0 0 0 0 0 0 0 0 0 0 0 0 0 0 0 0 0 0 0 0 0 0 0 0 0 0 0 0 0 0 0 0 0 0 0 0 0 0 0 0 0 0 0 0 0 0 0 0 0 0 0 0 0 0 0 0 0 0 0 0 0 0 0 0 0 0 0 0 0 0 0 0 0 0 0 0 0 0 0 0 0 0 0 0 0 0 0 0 0 0 0 0 0 0 0 0 0 0 0 0 0 0 0 0 0 0 0 0 0 0 0 0 0 0 0 0 0 0 0 0 0 0 0 0 0 0 0 0 0 0 0 0 0 0 0 0 0 0 0 0 0 0 0 0 0 0 0 0 0 0 0 0 0 0 0 0 0 0 0 0 0 0 0 0 0 0 0 0 0 0 0 0 0 0 0 0 0 0 0 0 0 0 0 0 0 0 0 0 0 0 0 0 0 0 0 0 0 0 0 0 0 0 0 0 0 0 0 0 0 0 0 0 0 0 0 0 0 0 0 0 0 0 0 0 0 0 0 0 0 0 0 0 0 0 0 0 0 0 0 0 0 0 0 0 0 0 0 0 0 0 0 0 0 0 0 0 0 0 0 0 0 0 0 0 0 0 0 0 0 0 0 0 0 0 0 0 0 0 0 0 0 0 0 0 0 0 0 0 0 0 0 0 0 0 0 0 0 0 0 0 0 0 0 0 0 0 0 0 0 0 0 0 0 0 0 0 0 0 0 0 0 0 0 0 0 0 0 0 0 0 0 0 0 0 0 0 0 0 0 0 0 0 0 0 0 0 0 0 0 0 0 0 0 0 0 0 0 0 0 0 0 0 0 0 0 0 0 0 0 0 0 0 0 0 0 0 0 0 0 0 0 0 0 0 0 0 0 0 0 0 0 0 0 0 0 0 0 0 0 0 0 0 0 0 0 0 0 0 0 0 0 0 0 0 0 0 0 0 0 0 0 0 0 0 0 0 0 0 0 0 0 0 0 0 0 0 0 0 0 0 0 0 0 0 0 0 0 0 0 0 0 0 0 0 0 0 0 0 0 0 0 0 0 0 0 0 0 0 0 0 0 0 0 0 0 0 0 0 0 0 0 0 0 0 0 0 0 0 0 0 0 0 0 0 0 0 0 0 0 0 0 0 0 0 0 0 0 0 0 0 0 0 0 0 0 0 0 0 0 0 0 0 0 0 0 0 0 0 0 0 0 0 0 0 0 0 0 0 0 0 0 0 0 0 0 0 0 0 0 0 0 0 0 0 0 0 0 0 0 0 0 0 0 0 0 0 0 0 0 0 0 0 0 0 0 0 0 0 0 0 0 0 0 0 0 0 0 0 0 0 0 0 0 0 0 0 0 0 0 0 0 0 0 0 0 0 0 0 0 0 0 0 0 0 0 0 0 0 0 0 0 0 0 0 0 0 0 0 0 0 0 0 0 0 0 0 0 0 0 0 0 0 0 0 0 0 0 0 0 0 0 0 0 0 0 0 0 0 0 0 0 0 0 0 0 0 0 0 0 0 0 0 0 0 0 0 0 0 0 0 0 0 0 0 0 0 0 0 0 0 0 0 0 0 0 0 0 0 0 0 0 0 0 0 0 0 0 0 0 0 0 0 0 0 0 0 0 0 0 0 0 0 0 0 0 0 0 0 0 0 0 0 0 0 0 0 0 0 0 0 0 0 0 0 0 0 0 0 0 0 0 0 0 0 0 0 0 0 0 0 0 0 0 0 0 0 0 0 0 0 0 0 0 0 0 0 0 0 0 0 0 0 0 0 0 0 0 0 0 0 0 0 0 0 0 0 0 0 0 0 0 0 0 0 0 0 0 0 0 0 0 0 0 0 0 0 0 0 0 0 0 0 0 0 0 0 0 0 0 0 0 0 0 0 0 0 0 0 0 0 0 0 0 0 0 0 0 0 0 0 0 0 0 0 0 0 0 0 0 0 0 0 0 0 0 0 0 0 0 0 0 0 0 0 0 0 0 0 0 0 0 0 0 0 0 0 0 0 0 0 0 0 0 0 0 0 0 0 0 0 0 0 0 0 0 0 0 0 0 0 0 0 0 0 0 0 0 0 0 0 0 0 0 0 0 0 0 0 0 0 0 0 0 0 0 0 0 0 0 0 0 0 0 0 0 0 0 0 0 0 0 0 0 0 0 0 0 0 0 0 0 0 0 0 0 0 0 0 0 0 0 0 0 0 0 0 0 0 0 0 0 0 0 0 0 0 0 0 0 0 0 0 0 0 0 0 0 0 0 0 0 0 0 0 0 0 0 0 0 0 0 0 0 0 0 0 0 0 0 0 0 0 0 0 0 0 0 0 0 0 0 0 0 0 0 0 0 0 0 0 0 0 0 0 0 0 0 0 0 0 0 0 0 0 0 0 0 0 0 0 0 0 0 0 0 0 0 0 0 0 0 0 0 0 0 0 0 0 0 0 0 0 0 0 0 0 0 0 0 0 0 0 0 0 0 0 0 0 0 0 0 0 0 0 0 0 0 0 0 0 0 0 0 0 0 0 0 0 0 0 0 0 0 0 0 0 0 0 0 0 0 0 0 0 0 0 0 0 0 0 0 0 0 0 0 0 0 0 0 0 0 0 0 0 0 0 0 0 0 0 0 0 0 0 0 0 0 0 0 0 0 0 0 0 0 0 0 0 0 0 0 0 0 0 0 0 0 0 0 0 0 0 0 0 0 0 0 0 0 0 0 0 0 0 0 0 0 0 0 0 0 0 0 0 0 0 0 0 0 0 0 0 0 0 0 0 0 0 0 0 0 0 0 0 0 0 0 0 0 0 0 0 0 0 0 0 0 0 0 0 0 0 0 0 0 0 0 0 0 0 0 0 0 0 0 0 0 0 0 0 0 0 0 0 0 0 0 0 0 0 0 0 0 0 0 0 0 0 0 0 0 0 0 0 0 0 0 0 0 0 0 0 0 0 0 0 0 0 0 0 0 0 0 0 0 0 0 0 0 0 0 0 0 0 0 0 0 0 0 0 0 0 0 0 0 0 0 0 0 0 0 0 0 0 0 0 0 0 0 0 0 0 0 0 0 0 0 0 0 0 0 0 0 0 0 0 0 0 0 0 0 0 0 0 0 0 0 0 0 0 0 0 0 0 0 0 0 0 0 0 0 0 0 0 0 0 0 0 0 0 0 0 0 0 0 0 0 0 0 0 0 0 0 0 0 0 0 0 0 0 0 0 0 0 0 0 0 0 0 0 0 0 0 0 0 0 0 0 0 0 0 0 0 0 0 0 0 0 0 0 0 0 0 0 0 0 0 0 0 0 0 0 0 0 0 0 0 0 0 0 0 0 0 0 0 0 0 0 0 0 0 0 0 0 0 0 0 0 0 0 0 0 0 0 0 0 0 0 0 0 0 0 0 0 0 0 0 0 0 0 0 0 0 0 0 0 0 0 0 0 0 0 0 0 0 0 0 0 0 0 0 0 0 0 0 0 0 0 0 0 0 0 0 0 0 0 0 0 0 0 0 0 0 0 0 0 0 0 0 0 0 0 0 0 0 0 0 0 0 0 0 0 0 0 0 0 0 0 0 0 0 0 0 0 0 0 0 0 0 0 0 0 0 0 0 0 0 0 0 0 0 0 0 0 0 0 0 0 0 0 0 0 0 0 0 0 0 0 0 0 0 0 0 0 0 0 0 0 0 0 0 0 0 0 0 0 0 0 0 0 0 0 0 0 0 0 0 0 0 0 0 0 0 0 0 0 0 0 0 0 0 0 0 0 0 0 0 0 0 0 0 0 0 0 0 0 0 0 0 0 0 0 0 0 0 0 0 0 0 0 0 0 0 0 0 0 0 0 0 0 0 0 0 0 0 0 0 0 0 0 0 0 0 0 0 0 0 0 0 0 0 0 0 0 0 0 0 0 0 0 0 0 0 0 0 0 0 0 0 0 0 0 0 0 0 0 0 0 0 0 0 0 0 0 0 0 0 0 0 0 0 0 0 0 0 0 0 0 0 0 0 0 0 0 0 0 0 0 0 0 0 0 0 0 0 0 0 0 0 0 0 0 0 0 0 0 0 0 0 0 0 0 0 0 0 0 0 0 0 0 0 0 0 0 0 0 0 0 0 0 0 0 0 0 0 0 0 0 0 0 0 0 0 0 0 0 0 0 0 0 0 0 0 0 0 0 0 0 0 0 0 0 0 0 0 0 0 0 0 0 0 0 0 0 0 0 0 0 0 0 0 0 0 0 0 0 0 0 0 0 0 0 0 0 0 0 0 0 0 0 0 0 0 0 0 0 0 0 0 0 0 0 0 0 0 0 0 0 0 0 0 0 0 0 0 0 0 0 0 0 0 0 0 0 0 0 0 0 0 0 0 0 0 0 0 0 0 0 0 0 0 0 0 0 0 0 0 0 0 0 0 0 0 0 0 0 0 0 0 0 0 0 0 0 0 0 0 0 0 0 0 0 0 0 0 0 0 0 0 0 0 0 0 0 0 0 0 0 0 0 0 0 0 0 0 0 0 0 0 0 0 0 0 0 0 0 0 0 0 0 0 0 0 0 0 0 0 0 0 0 0 0 0 0 0 0 0 0 0 0 0 0 0 0 0 0 0 0 0 0 0 0 0 0 0 0 0 0 0 0 0 0 0 0 0 0 0 0 0 0 0 0 0 0 0 0 0 0 0 0 0 0 0 0 0 0 0 0 0 0 0 0 0 0 0 0 0 0 0 0 0 0 0 0 0 0 0 0 0 0 0 0 0 0 0 0 0 0 0 0 0 0 0 0 0 0 0 0 0 0 0 0 0 0 0 0 0 0 0 0 0 0 0 0 0 0 0 0 0 0 0 0 0 0 0 0 0 0 0 0 0 0 0 0 0 0 0 0 0 0 0 0 0 0 0 0 0 0 0 0 0 0 0 0 0 0 0 0 0 0 0 0 0 0 0 0 0 0 0 0 0 0 0 0 0 0 0 0 0 0 0 0 0 0 0 0 0 0 0 0 0 0 0 0 0 0 0 0 0 0 0 0 0 0 0 0 0 0 0 0 0 0 0 0 0 0 0 0 0 0 0 0 0 0 0 0 0 0 0 0 0 0 0 0 0 0 0 0 0 0 0 0 0 0 0 0 0 0 0 0 0 0 0 0 0 0 0 0 0 0 0 0 0 0 0 0 0 0 0 0 0 0 0 0 0 0 0 0 0 0 0 0 0 0 0 0 0 0 0 0 0 0 0 0 0 0 0 0 0 0 0 0 0 0 0 0 0 0 0 0 0 0 0 0 0 0 0 0 0 0 0 0 0 0 0 0 0 0 0 0 0 0 0 0 0 0 0 0 0 0 0 0 0 0 0 0 0 0 0 0 0 0 0 0 0 0 0 0 0 0 0 0 0 0 0 0 0 0 0 0 0 0 0 0 0 0 0 0 0 0 0 0 0 0 0 0 0 0 0 0 0 0 0 0 0 0 0 0 0 0 0 0 0 0 0 0 0 0 0 0 0 0 0 0 0 0 0 0 0 0 0 0 0 0 0 0 0 0 0 0 0 0 0 0 0 0 0 0 0 0 0 0 0 0 0 0 0 0 0 0 0 0 0 0 0 0 0 0 0 0 0 0 0 0 0 0 0 0 0 0 0 0 0 0 0 0 0 0 0 0 0 0 0 0 0 0 0 0 0 0 0 0 0 0 0 0 0 0 0 0 0 0 0 0 0 0 0 0 0 0 0 0 0 0 0 0 0 0 0 0 0 0 0 0 0 0 0 0 0 0 0 0 0 0 0 0 0 0 0 0 0 0 0 0 0 0 0 0 0 0 0 0 0 0 0 0 0 0 0 0 0 0 0 0 0 0 0 0 0 0 0 0 0 0 0 0 0 0 0 0 0 0 0 0 0 0 0 0 0 0 0 0 0 0 0 0 0 0 0 0 0 0 0 0 0 0 0 0 0 0 0 0 0 0 0 0 0 0 0 0 0 0 0 0 0 0 0 0 0 0 0 0 0 0 0 0 0 0 0 0 0 0 0 0 0 0 0 0 0 0 0 0 0 0 0 0 0 0 0 0 0 0 0 0 0 0 0 0 0 0 0 0 0 0 0 0 0 0 0 0 0 0 0 0 0 0 0 0 0 0 0 0 0 0 0 0 0 0 0 0 0 0 0 0 0 0 0 0 0 0 0 0 0 0 0 0 0 0 0 0 0 0 0 0 0 0 0 0 0 0 0 0 0 0 0 0 0 0 0 0 0 0 0 0 0 0 0 0 0 0 0 0 0 0 0 0 0 0 0 0 0 0 0 0 0 0 0 0 0 0 0 0 0 0 0 0 0 0 0 0 0 0 0 0 0 0 0 0 0 0 0 0 0 0 0 0 0 0 0 0 0 0 0 0 0 0 0 0 0 0 0 0 0 0 0 0 0 0 0 0 0 0 0 0 0 0 0 0 0 0 0 0 0 0 0 0 0 0 0 0 0 0 0 0 0 0 0 0 0 0 0 0 0 0 0 0 0 0 0 0 0 0 0 0 0 0 0 0 0 0 0 0 0 0 0 0 0 0 0 0 0 0 0 0 0 0 0 0 0 0 0 0 0 0 0 0 0 0 0 0 0 0 0 0 0 0 0 0 0 0 0 0 0 0 0 0 0 0 0 0 0 0 0 0 0 0 0 0 0 0 0 0 0 0 0 0 0 0 0 0 0 0 0 0 0 0 0 0 0 0 0 0 0 0 0 0 0 0 0 0 0 0 0 0 0 0 0 0 0 0 0 0 0 0 0 0 0 0 0 0 0 0 0 0 0 0 0 0 0 0 0 0 0 0 0 0 0 0 0 0 0 0 0 0 0 0 0 0 0 0 0 0 0 0 0 0 0 0 0 0 0 0 0 0 0 0 0 0 0 0 0 0 0 0 0 0 0 0 0 0 0 0 0 0 0 0 0 0 0 0 0 0 0 0 0 0 0 0 0 0 0 0 0 0 0 0 0 0 0 0 0 0 0 0 0 0 0 0 0 0 0 0 0 0 0 0 0 0 0 0 0 0 0 0 0 0 0 0 0 0 0 0 0 0 0 0 0 0 0 0 0 0 0 0 0 0 0 0 0 0 0 0 0 0 0 0 0 0 0 0 0 0 0 0 0 0 0 0 0 0 0 0 0 0 0 0 0 0 0 0 0 0 0 0 0 0 0 0 0 0 0 0 0 0 0 0 0 0 0 0 0 0 0 0 0 0 0 0 0 0 0 0 0 0 0 0 0 0 0 0 0 0 0 0 0 0 0 0 0 0 0 0 0 0 0 0 0 0 0 0 0 0 0 0 0 0 0 0 0 0 0 0 0 0 0 0 0 0 0 0 0 0 0 0 0 0 0 0 0 0 0 0 0 0 0 0 0 0 0 0 0 0 0 0 0 0 0 0 0 0 0 0 0 0 0 0 0 0 0 0 0 0 0 0 0 0 0 0 0 0 0 0 0 0 0 0 0 0 0 0 0 0 0 0 0 0 0 0 0 0 0 0 0 0 0 0 0 0 0 0 0 0 0 0 0 0 0 0 0 0 0 0 0 0 0 0 0 0 0 0 0 0 0 0 0 0 0 0 0 0 0 0 0 0 0 0 0 0 0 0 0 0 0 0 0 0 0 0 0 0 0 0 0 0 0 0 0 0 0 0 0 0 0 0 0 0 0 0 0 0 0 0 0 0 0 0 0 0 0 0 0 0 0 0 0 0 0 0 0 0 0 0 0 0 0 0 0 0 0 0 0 0 0 0 0 0 0 0 0 0 0 0 0 0 0 0 0 0 0 0 0 0 0 0 0 0 0 0 0 0 0 0 0 0 0 0 0 0 0 0 0 0 0 0 0 0 0 0 0 0 0 0 0 0 0 0 0 0 0 0 0 0 0 0 0 0 0 0 0 0 0 0 0 0 0 0 0 0 0 0 0 0 0 0 0 0 0 0 0 0 0 0 0 0 0 0 0 0 0 0 0 0 0 0 0 0 0 0 0 0 0 0 0 0 0 0 0 0 0 0 0 0 0 0 0 0 0 0 0 0 0 0 0 0 0 0 0 0 0 0 0 0 0 0 0 0 0 0 0 0 0 0 0 0 0 0 0 0 0 0 0 0 0 0 0 0 0 0 0 0 0 0 0 0 0 0 0 0 0 0 0 0 0 0 0 0 0 0 0 0 0 0 0 0 0 0 0 0 0 0 0 0 0 0 0 0 0 0 0 0 0 0 0 0 0 0 0 0 0 0 0 0 0 0 0 0 0 0 0 0 0 0 0 0 0 0 0 0 0 0 0 0 0 0 0 0 0 0 0 0 0 0 0 0 0 0 0 0 0 0 0 0 0 0 0 0 0 0 0 0 0 0 0 0 0 0 0 0 0 0 0 0 0 0 0 0 0 0 0 0 0 0 0 0 0 0 0 0 0 0 0 0 0 0 0 0 0 0 0 0 0 0 0 0 0 0 0 0 0 0 0 0 0 0 0 0 0 0 0 0 0 0 0 0 0 0 0 0 0 0 0 0 0 0 0 0 0 0 0 0 0 0 0 0 0 0 0 0 0 0 0 0 0 0 0 0 0 0 0 0 0 0 0 0 0 0 0 0 0 0 0 0 0 0 0 0 0 0 0 0 0 0 0 0 0 0 0 0 0 0 0 0 0 0 0 0 0 0 0 0 0 0 0 0 0 0 0 0 0 0 0 0 0 0 0 0 0 0 0 0 0 0 0 0 0 0 0 0 0 0 0 0 0 0 0 0 0 0 0 0 0 0 0 0 0 0 0 0 0 0 0 0 0 0 0 0 0 0 0 0 0 0 0 0 0 0 0 0 0 0 0 0 0 0 0 0 0 0 0 0 0 0 0 0 0 0 0 0 0 0 0 0 0 0 0 0 0 0 0 0 0 0 0 0 0 0 0 0 0 0 0 0 0 0 0 0 0 0 0 0 0 0 0 0 0 0 0 0 0 0 0 0 0 0 0 0 0 0 0 0 0 0 0 0 0 0 0 0 0 0 0 0 0 0 0 0 0 0 0 0 0 0 0 0 0 0 0 0 0 0 0 0 0 0 0 0 0 0 0 0 0 0 0 0 0 0 0 0 0 0 0 0 0 0 0 0 0 0 0 0 0 0 0 0 0 0 0 0 0 0 0 0 0 0 0 0 0 0 0 0 0 0 0 0 0 0 0 0 0 0 0 0 0 0 0 0 0 0 0 0 0 0 0 0 0 0 0 0 0 0 0 0 0 0 0 0 0 0 0 0 0 0 0 0 0 0 0 0 0 0 0 0 0 0 0 0 0 0 0 0 0 0 0 0 0 0 0 0 0 0 0 0 0 0 0 0 0 0 0 0 0 0 0 0 0 0 0 0 0 0 0 0 0 0 0 0 0 0 0 0 0 0 0 0 0 0 0 0 0 0 0 0 0 0 0 0 0 0 0 0 0 0 0 0 0 0 0 0 0 0 0 0 0 0 0 0 0 0 0 0 0 0 0 0 0 0 0 0 0 0 0 0 0 0 0 0 0 0 0 0 0 0 0 0 0 0 0 0 0 0 0 0 0 0 0 0 0 0 0 0 0 0 0 0 0 0 0 0 0 0 0 0 0 0 0 0 0 0 0 0 0 0 0 0 0 0 0 0 0 0 0 0 0 0 0 0 0 0 0 0 0 0 0 0 0 0 0 0 0 0 0 0 0 0 0 0 0 0 0 0 0 0 0 0 0 0 0 0 0 0 0 0 0 0 0 0 0 0 0 0 0 0 0 0 0 0 0 0 0 0 0 0 0 0 0 0 0 0 0 0 0 0 0 0 0 0 0 0 0 0 0 0 0 0 0 0 0 0 0 0 0 0 0 0 0 0 0 0 0 0 0 0 0 0 0 0 0 0 0 0 0 0 0 0 0 0 0 0 0 0 0 0 0 0 0 0 0 0 0 0 0 0 0 0 0 0 0 0 0 0 0 0 0 0 0 0 0 0 0 0 0 0 0 0 0 0 0 0 0 0 0 0 0 0 0 0 0 0 0 0 0 0 0 0 0 0 0 0 0 0 0 0 0 0 0 0 0 0 0 0 0 0 0 0 0 0 0 0 0 0 0 0 0 0 0 0 0 0 0 0 0 0 0 0 0 0 0 0 0 0 0 0 0 0 0 0 0 0 0 0 0 0 0 0 0 0 0 0 0 0 0 0 0 0 0 0 0 0 0 0 0 0 0 0 0 0 0 0 0 0 0 0 0 0 0 0 0 0 0 0 0 0 0 0 0 0 0 0 0 0 0 0 0 0 0 0 0 0 0 0 0 0 0 0 0 0 0 0 0 0 0 0 0 0 0 0 0 0 0 0 0 0 0 0 0 0 0 0 0 0 0 0 0 0 0 0 0 0 0 0 0 0 0 0 0 0 0 0 0 0 0 0 0 0 0 0 0 0 0 0 0 0 0 0 0 0 0 0 0 0 0 0 0 0 0 0 0 0 0 0 0 0 0 0 0 0 0 0 0 0 0 0 0 0 0 0 0 0 0 0 0 0 0 0 0 0 0 0 0 0 0 0 0 0 0 0 0 0 0 0 0 0 0 0 0 0 0 0 0 0 0 0 0 0 0 0 0 0 0 0 0 0 0 0 0 0 0 0 0 0 0 0 0 0 0 0 0 0 0 0 0 0 0 0 0 0 0 0 0 0 0 0 0 0 0 0 0 0 0 0 0 0 0 0 0 0 0 0 0 0 0 0 0 0 0 0 0 0 0 0 0 0 0 0 0 0 0 0 0 0 0 0 0 0 0 0 0 0 0 0 0 0 0 0 0 0 0 0 0 0 0 0 0 0 0 0 0 0 0 0 0 0 0 0 0 0 0 0 0 0 0 0 0 0 0 0 0 0 0 0 0 0 0 0 0 0 0 0 0 0 0 0 0 0 0 0 0 0 0 0 0 0 0 0 0 0 0 0 0 0 0 0 0 0 0 0 0 0 0 0 0 0 0 0 0 0 0 0 0 0 0 0 0 0 0 0 0 0 0 0 0 0 0 0 0 0 0 0 0 0 0 0 0 0 0 0 0 0 0 0 0 0 0 0 0 0 0 0 0 0 0 0 0 0 0 0 0 0 0 0 0 0 0 0 0 0 0 0 0 0 0 0 0 0 0 0 0 0 0 0 0 0 0 0 0 0 0 0 0 0 0 0 0 0 0 0 0 0 0 0 0 0 0 0 0 0 0 0 0 0 0 0 0 0 0 0 0 0 0 0 0 0 0 0 0 0 0 0 0 0 0 0 0 0 0 0 0 0 0 0 0 0 0 0 0 0 0 0 0 0 0 0 0 0 0 0 0 0 0 0 0 0 0 0 0 0 0 0 0 0 0 0 0 0 0 0 0 0 0 0 0 0 0 0 0 0 0 0 0 0 0 0 0 0 0 0 0 0 0 0 0 0 0 0 0 0 0 0 0 0 0 0 0 0 0 0 0 0 0 0 0 0 0 0 0 0 0 0 0 0 0 0 0 0 0 0 0 0 0 0 0 0 0 0 0 0 0 0 0 0 0 0 0 0 0 0 0 0 0 0 0 0 0 0 0 0 0 0 0 0 0 0 0 0 0 0 0 0 0 0 0 0 0 0 0 0 0 0 0 0 0 0 0 0 0 0 0 0 0 0 0 0 0 0 0 0 0 0 0 0 0 0 0 0 0 0 0 0 0 0 0 0 0 0 0 0 0 0 0 0 0 0 0 0 0 0 0 0 0 0 0 0 0 0 0 0 0 0 0 0 0 0 0 0 0 0 0 0 0 0 0 0 0 0 0 0 0 0 0 0 0 0 0 0 0 0 0 0 0 0 0 0 0 0 0 0 0 0 0 0 0 0 0 0 0 0 0 0 0 0 0 0 0 0 0 0 0 0 0 0 0 0 0 0 0 0 0 0 0 0 0 0 0 0 0 0 0 0 0 0 0 0 0 0 0 0 0 0 0 0 0 0 0 0 0 0 0 0 0 0 0 0 0 0 0 0 0 0 0 0 0 0 0 0 0 0 0 0 0 0 0 0 0 0 0 0 0 0 0 0 0 0 0 0 0 0 0 0 0 0 0 0 0 0 0 0 0 0 0 0 0 0 0 0 0 0 0 0 0 0 0 0 0 0 0 0 0 0 0 0 0 0 0 0 0 0 0 0 0 0 0 0 0 0 0 0 0 0 0 0 0 0 0 0 0 0 0 0 0 0 0 0 0 0 0 0 0 0 0 0 0 0 0 0 0 0 0 0 0 0 0 0 0 0 0 0 0 0 0 0 0 0 0 0 0 0 0 0 0 0 0 0 0 0 0 0 0 0 0 0 0 0 0 0 0 0 0 0 0 0 0 0 0 0 0 0 0 0 0 0 0 0 0 0 0 0 0 0 0 0 0 0 0 0 0 0 0 0 0 0 0 0 0 0 0 0 0 0 0 0 0 0 0 0 0 0 0 0 0 0 0 0 0 0 0 0 0 0 0 0 0 0 0 0 0 0 0 0 0 0 0 0 0 0 0 0 0 0 0 0 0 0 0 0 0 0 0 0 0 0 0 0 0 0 0 0 0 0 0 0 0 0 0 0 0 0 0 0 0 0 0 0 0 0 0 0 0 0 0 0 0 0 0 0 0 0 0 0 0 0 0 0 0 0 0 0 0 0 0 0 0 0 0 0 0 0 0 0 0 0 0 0 0 0 0 0 0 0 0 0 0 0 0 0 0 0 0 0 0 0 0 0 0 0 0 0 0 0 0 0 0 0 0 0 0 0 0 0 0 0 0 0 0 0 0 0 0 0 0 0 0 0 0 0 0 0 0 0 0 0 0 0 0 0 0 0 0 0 0 0 0 0 0 0 0 0 0 0 0 0 0 0 0 0 0 0 0 0 0 0 0 0 0 0 0 0 0 0 0 0 0 0 0 0 0 0 0 0 0 0 0 0 0 0 0 0 0 0 0 0 0 0 0 0 0 0 0 0 0 0 0 0 0 0 0 0 0 0 0 0 0 0 0 0 0 0 0 0 0 0 0 0 0 0 0 0 0 0 0 0 0 0 0 0 0 0 0 0 0 0 0 0 0 0 0 0 0 0 0 0 0 0 0 0 0 0 0 0 0 0 0 0 0 0 0 0 0 0 0 0 0 0 0 0 0 0 0 0 0 0 0 0 0 0 0 0 0 0 0 0 0 0 0 0 0 0 0 0 0 0 0 0 0 0 0 0 0 0 0 0 0 0 0 0 0 0 0 0 0 0 0 0 0 0 0 0 0 0 0 0 0 0 0 0 0 0 0 0 0 0 0 0 0 0 0 0 0 0 0 0 0 0 0 0 0 0 0 0 0 0 0 0 0 0 0 0 0 0 0 0 0 0 0 0 0 0 0 0 0 0 0 0 0 0 0 0 0 0 0 0 0 0 0 0 0 0 0 0 0 0 0 0 0 0 0 0 0 0 0 0 0 0 0 0 0 0 0 0 0 0 0 0 0 0 0 0 0 0 0 0 0 0 0 0 0 0 0 0 0 0 0 0 0 0 0 0 0 0 0 0 0 0 0 0 0 0 0 0 0 0 0 0 0 0 0 0 0 0 0 0 0 0 0 0 0 0 0 0 0 0 0 0 0 0 0 0 0 0 0 0 0 0 0 0 0 0 0 0 0 0 0 0 0 0 0 0 0 0 0 0 0 0 0 0 0 0 0 0 0 0 0 0 0 0 0 0 0 0 0 0 0 0 0 0 0 0 0 0 0 0 0 0 0 0 0 0 0 0 0 0 0 0 0 0 0 0 0 0 0 0 0 0 0 0 0 0 0 0 0 0 0 0 0 0 0 0 0 0 0 0 0 0 0 0 0 0 0 0 0 0 0 0 0 0 0 0 0 0 0 0 0 0 0 0 0 0 0 0 0 0 0 0 0 0 0 0 0 0 0 0 0 0 0 0 0 0 0 0 0 0 0 0 0 0 0 0 0 0 0 0 0 0 0 0 0 0 0 0 0 0 0 0 0 0 0 0 0 0 0 0 0 0 0 0 0 0 0 0 0 0 0 0 0 0 0 0 0 0 0 0 0 0 0 0 0 0 0 0 0 0 0 0 0 0 0 0 0 0 0 0 0 0 0 0 0 0 0 0 0 0 0 0 0 0 0 0 0 0 0 0 0 0 0 0 0 0 0 0 0 0 0 0 0 0 0 0 0 0 0 0 0 0 0 0 0 0 0 0 0 0 0 0 0 0 0 0 0 0 0 0 0 0 0 0 0 0 0 0 0 0 0 0 0 0 0 0 0 0 0 0 0 0 0 0 0 0 0 0 0 0 0 0 0 0 0 0 0 0 0 0 0 0 0 0 0 0 0 0 0 0 0 0 0 0 0 0 0 0 0 0 0 0 0 0 0 0 0 0 0 0 0 0 0 0 0 0 0 0 0 0 0 0 0 0 0 0 0 0 0 0 0 0 0 0 0 0 0 0 0 0 0 0 0 0 0 0 0 0 0 0 0 0 0 0 0 0 0 0 0 0 0 0 0 0 0 0 0 0 0 0 0 0 0 0 0 0 0 0 0 0 0 0 0 0 0 0 0 0 0 0 0 0 0 0 0 0 0 0 0 0 0 0 0 0 0 0 0 0 0 0 0 0 0 0 0 0 0 0 0 0 0 0 0 0 0 0 0 0 0 0 0 0 0 0 0 0 0 0 0 0 0 0 0 0 0 0 0 0 0 0 0 0 0 0 0 0 0 0 0 0 0 0 0 0 0 0 0 0 0 0 0 0 0 0 0 0 0 0 0 0 0 0 0 0 0 0 0 0 0 0 0 0 0 0 0 0 0 0 0 0 0 0 0 0 0 0 0 0 0 0 0 0 0 0 0 0 0 0 0 0 0 0 0 0 0 0 0 0 0 0 0 0 0 0 0 0 0 0 0 0 0 0 0 0 0 0 0 0 0 0 0 0 0 0 0 0 0 0 0 0 0 0 0 0 0 0 0 0 0 0 0 0 0 0 0 0 0 0 0 0 0 0 0 0 0 0 0 0 0 0 0 0 0 0 0 0 0 0 0 0 0 0 0 0 0 0 0 0 0 0 0 0 0 0 0 0 0 0 0 0 0 0 0 0 0 0 0 0 0 0 0 0 0 0 0 0 0 0 0 0 0 0 0 0 0 0 0 0 0 0 0 0 0 0 0 0 0 0 0 0 0 0 0 0 0 0 0 0 0 0 0 0 0 0 0 0 0 0 0 0 0 0 0 0 0 0 0 0 0 0 0 0 0 0 0 0 0 0 0 0 0 0 0 0 0 0 0 0 0 0 0 0 0 0 0 0 0 0 0 0 0 0 0 0 0 0 0 0 0 0 0 0 0 0 0 0 0 0 0 0 0 0 0 0 0 0 0 0 0 0 0 0 0 0 0 0 0 0 0 0 0 0 0 0 0 0 0 0 0 0 0 0 0 0 0 0 0 0 0 0 0 0 0 0 0 0 0 0 0 0 0 0 0 0 0 0 0 0 0 0 0 0 0 0 0 0 0 0 0 0 0 0 0 0 0 0 0 0 0 0 0 0 0 0 0 0 0 0 0 0 0 0 0 0 0 0 0 0 0 0 0 0 0 0 0 0 0 0 0 0 0 0 0 0 0 0 0 0 0 0 0 0 0 0 0 0 0 0 0 0 0 0 0 0 0 0 0 0 0 0 0 0 0 0 0 0 0 0 0 0 0 0 0 0 0 0 0 0 0 0 0 0 0 0 0 0 0 0 0 0 0 0 0 0 0 0 0 0 0 0 0 0 0 0 0 0 0 0 0 0 0 0 0 0 0 0 0 0 0 0 0 0 0 0 0 0 0 0 0 0 0 0 0 0 0 0 0 0 0 0 0 0 0 0 0 0 0 0 0 0 0 0 0 0 0 0 0 0 0 0 0 0 0 0 0 0 0 0 0 0 0 0 0 0 0 0 0 0 0 0 0 0 0 0 0 0 0 0 0 0 0 0 0 0 0 0 0 0 0 0 0 0 0 0 0 0 0 0 0 0 0 0 0 0 0 0 0 0 0 0 0 0 0 0 0 0 0 0 0 0 0 0 0 0 0 0 0 0 0 0 0 0 0 0 0 0 0 0 0 0 0 0 0 0 0 0 0 0 0 0 0 0 0 0 0 0 0 0 0 0 0 0 0 0 0 0 0 0 0 0 0 0 0 0 0 0 0 0 0 0 0 0 0 0 0 0 0 0 0 0 0 0 0 0 0 0 0 0 0 0 0 0 0 0 0 0 0 0 0 0 0 0 0 0 0 0 0 0 0 0 0 0 0 0 0 0 0 0 0 0 0 0 0 0 0 0 0 0 0 0 0 0 0 0 0 0 0 0 0 0 0 0 0 0 0 0 0 0 0 0 0 0 0 0 0 0 0 0 0 0 0 0 0 0 0 0 0 0 0 0 0 0 0 0 0 0 0 0 0 0 0 0 0 0 0 0 0 0 0 0 0 0 0 0 0 0 0 0 0 0 0 0 0 0 0 0 0 0 0 0 0 0 0 0 0 0 0 0 0 0 0 0 0 0 0 0 0 0 0 0 0 0 0 0 0 0 0 0 0 0 0 0 0 0 0 0 0 0 0 0 0 0 0 0 0 0 0 0 0 0 0 0 0 0 0 0 0 0 0 0 0 0 0 0 0 0 0 0 0 0 0 0 0 0 0 0 0 0 0 0 0 0 0 0 0 0 0 0 0 0 0 0 0 0 0 0 0 0 0 0 0 0 0 0 0 0 0 0 0 0 0 0 0 0 0 0 0 0 0 0 0 0 0 0 0 0 0 0 0 0 0 0 0 0 0 0 0 0 0 0 0 0 0 0 0 0 0 0 0 0 0 0 0 0 0 0 0 0 0 0 0 0 0 0 0 0 0 0 0 0 0 0 0 0 0 0 0 0 0 0 0 0 0 0 0 0 0 0 0 0 0 0 0 0 0 0 0 0 0 0 0 0 0 0 0 0 0 0 0 0 0 0 0 0 0 0 0 0 0 0 0 0 0 0 0 0 0 0 0 0 0 0 0 0 0 0 0 0 0 0 0 0 0 0 0 0 0 0 0 0 0 0 0 0 0 0 0 0 0 0 0 0 0 0 0 0 0 0 0 0 0 0 0 0 0 0 0 0 0 0 0 0 0 0 0 0 0 0 0 0 0 0 0 0 0 0 0 0 0 0 0 0 0 0 0 0 0 0 0 0 0 0 0 0 0 0 0 0 0 0 0 0 0 0 0 0 0 0 0 0 0 0 0 0 0 0 0 0 0 0 0 0 0 0 0 0 0 0 0 0 0 0 0 0 0 0 0 0 0 0 0 0 0 0 0 0 0 0 0 0 0 0 0 0 0 0 0 0 0 0 0 0 0 0 0 0 0 0 0 0 0 0 0 0 0 0 0 0 0 0 0 0 0 0 0 0 0 0 0 0 0 0 0 0 0 0 0 0 0 0 0 0 0 0 0 0 0 0 0 0 0 0 0 0 0 0 0 0 0 0 0 0 0 0 0 0 0 0 0 0 0 0 0 0 0 0 0 0 0 0 0 0 0 0 0 0 0 0 0 0 0 0 0 0 0 0 0 0 0 0 0 0 0 0 0 0 0 0 0 0 0 0 0 0 0 0 0 0 0 0 0 0 0 0 0 0 0 0 0 0 0 0 0 0 0 0 0 0 0 0 0 0 0 0 0 0 0 0 0 0 0 0 0 0 0 0 0 0 0 0 0 0 0 0 0 0 0 0 0 0 0 0 0 0 0 0 0 0 0 0 0 0 0 0 0 0 0 0 0 0 0 0 0 0 0 0 0 0 0 0 0 0 0 0 0 0 0 0 0 0 0 0 0 0 0 0 0 0 0 0 0 0 0 0 0 0 0 0 0 0 0 0 0 0 0 0 0 0 0 0 0 0 0 0 0 0 0 0 0 0 0 0 0 0 0 0 0 0 0 0 0 0 0 0 0 0 0 0 0 0 0 0 0 0 0 0 0 0 0 0 0 0 0 0 0 0 0 0 0 0 0 0 0 0 0 0 0 0 0 0 0 0 0 0 0 0 0 0 0 0 0 0 0 0 0 0 0 0 0 0 0 0 0 0 0 0 0 0 0 0 0 0 0 0 0 0 0 0 0 0 0 0 0 0 0 0 0 0 0 0 0 0 0 0 0 0 0 0 0 0 0 0 0 0 0 0 0 0 0 0 0 0 0 0 0 0 0 0 0 0 0 0 0 0 0 0 0 0 0 0 0 0 0 0 0 0 0 0 0 0 0 0 0 0 0 0 0 0 0 0 0 0 0 0 0 0 0 0 0 0 0 0 0 0 0 0 0 0 0 0 0 0 0 0 0 0 0 0 0 0 0 0 0 0 0 0 0 0 0 0 0 0 0 0 0 0 0 0 0 0 0 0 0 0 0 0 0 0 0 0 0 0 0 0 0 0 0 0 0 0 0 0 0 0 0 0 0 0 0 0 0 0 0 0 0 0 0 0 0 0 0 0 0 0 0 0 0 0 0 0 0 0 0 0 0 0 0 0 0 0 0 0 0 0 0 0 0 0 0 0 0 0 0 0 0 0 0 0 0 0 0 0 0 0 0 0 0 0 0 0 0 0 0 0 0 0 0 0 0 0 0 0 0 0 0 0 0 0 0 0 0 0 0 0 0 0 0 0 0 0 0 0 0 0 0 0 0 0 0 0 0 0 0 0 0 0 0 0 0 0 0 0 0 0 0 0 0 0 0 0 0 0 0 0 0 0 0 0 0 0 0 0 0 0 0 0 0 0 0 0 0 0 0 0 0 0 0 0 0 0 0 0 0 0 0 0 0 0 0 0 0 0 0 0 0 0 0 0 0 0 0 0 0 0 0 0 0 0 0 0 0 0 0 0 0 0 0 0 0 0 0 0 0 0 0 0 0 0 0 0 0 0 0 0 0 0 0 0 0 0 0 0 0 0 0 0 0 0 0 0 0 0 0 0 0 0 0 0 0 0 0 0 0 0 0 0 0 0 0 0 0 0 0 0 0 0 0 0 0 0 0 0 0 0 0 0 0 0 0 0 0 0 0 0 0 0 0 0 0 0 0 0 0 0 0 0 0 0 0 0 0 0 0 0 0 0 0 0 0 0 0 0 0 0 0 0 0 0 0 0 0 0 0 0 0 0 0 0 0 0 0 0 0 0 0 0 0 0 0 0 0 0 0 0 0 0 0 0 0 0 0 0 0 0 0 0 0 0 0 0 0 0 0 0 0 0 0 0 0 0 0 0 0 0 0 0 0 0 0 0 0 0 0 0 0 0 0 0 0 0 0 0 0 0 0 0 0 0 0 0 0 0 0 0 0 0 0 0 0 0 0 0 0 0 0 0 0 0 0 0 0 0 0 0 0 0 0 0 0 0 0 0 0 0 0 0 0 0 0 0 0 0 0 0 0 0 0 0 0 0 0 0 0 0 0 0 0 0 0 0 0 0 0 0 0 0 0 0 0 0 0 0 0 0 0 0 0 0 0 0 0 0 0 0 0 0 0 0 0 0 0 0 0 0 0 0 0 0 0 0 0 0 0 0 0 0 0 0 0 0 0 0 0 0 0 0 0 0 0 0 0 0 0 0 0 0 0 0 0 0 0 0 0 0 0 0 0 0 0 0 0 0 0 0 0 0 0 0 0 0 0 0 0 0 0 0 0 0 0 0 0 0 0 0 0 0 0 0 0 0 0 0 0 0 0 0 0 0 0 0 0 0 0 0 0 0 0 0 0 0 0 0 0 0 0 0 0 0 0 0 0 0 0 0 0 0 0 0 0 0 0 0 0 0 0 0 0 0 0 0 0 0 0 0 0 0 0 0 0 0 0 0 0 0 0 0 0 0 0 0 0 0 0 0 0 0 0 0 0 0 0 0 0 0 0 0 0 0 0 0 0 0 0 0 0 0 0 0 0 0 0 0 0 0 0 0 0 0 0 0 0 0 0 0 0 0 0 0 0 0 0 0 0 0 0 0 0 0 0 0 0 0 0 0 0 0 0 0 0 0 0 0 0 0 0 0 0 0 0 0 0 0 0 0 0 0 0 0 0 0 0 0 0 0 0 0 0 0 0 0 0 0 0 0 0 0 0 0 0 0 0 0 0 0 0 0 0 0 0 0 0 0 0 0 0 0 0 0 0 0 0 0 0 0 0 0 0 0 0 0 0 0 0 0 0 0 0 0 0 0 0 0 0 0 0 0 0 0 0 0 0 0 0 0 0 0 0 0 0 0 0 0 0 0 0 0 0 0 0 0 0 0 0 0 0 0 0 0 0 0 0 0 0 0 0 0 0 0 0 0 0 0 0 0 0 0 0 0 0 0 0 0 0 0 0 0 0 0 0 0 0 0 0 0 0 0 0 0 0 0 0 0 0 0 0 0 0 0 0 0 0 0 0 0 0 0 0 0 0 0 0 0 0 0 0 0 0 0 0 0 0 0 0 0 0 0 0 0 0 0 0 0 0 0 0 0 0 0 0 0 0 0 0 0 0 0 0 0 0 0 0 0 0 0 0 0 0 0 0 0 0 0 0 0 0 0 0 0 0 0 0 0 0 0 0 0 0 0 0 0 0 0 0 0 0 0 0 0 0 0 0 0 0 0 0 0 0 0 0 0 0 0 0 0 0 0 0 0 0 0 0 0 0 0 0 0 0 0 0 0 0 0 0 0 0 0 0 0 0 0 0 0 0 0 0 0 0 0 0 0 0 0 0 0 0 0 0 0 0 0 0 0 0 0 0 0 0 0 0 0 0 0 0 0 0 0 0 0 0 0 0 0 0 0 0 0 0 0 0 0 0 0 0 0 0 0 0 0 0 0 0 0 0 0 0 0 0 0 0 0 0 0 0 0 0 0 0 0 0 0 0 0 0 0 0 0 0 0 0 0 0 0 0 0 0 0 0 0 0 0 0 0 0 0 0 0 0 0 0 0 0 0 0 0 0 0 0 0 0 0 0 0 0 0 0 0 0 0 0 0 0 0 0 0 0 0 0 0 0 0 0 0 0 0 0 0 0 0 0 0 0 0 0 0 0 0 0 0 0 0 0 0 0 0 0 0 0 0 0 0 0 0 0 0 0 0 0 0 0 0 0 0 0 0 0 0 0 0 0 0 0 0 0 0 0 0 0 0 0 0 0 0 0 0 0 0 0 0 0 0 0 0 0 0 0 0 0 0 0 0 0 0 0 0 0 0 0 0 0 0 0 0 0 0 0 0 0 0 0 0 0 0 0 0 0 0 0 0 0 0 0 0 0 0 0 0 0 0 0 0 0 0 0 0 0 0 0 0 0 0 0 0 0 0 0 0 0 0 0 0 0 0 0 0 0 0 0 0 0 0 0 0 0 0 0 0 0 0 0 0 0 0 0 0 0 0 0 0 0 0 0 0 0 0 0 0 0 0 0 0 0 0 0 0 0 0 0 0 0 0 0 0 0 0 0 0 0 0 0 0 0 0 0 0 0 0 0 0 0 0 0 0 0 0 0 0 0 0 0 0 0 0 0 0 0 0 0 0 0 0 0 0 0 0 0 0 0 0 0 0 0 0 0 0 0 0 0 0 0 0 0 0 0 0 0 0 0 0 0 0 0 0 0 0 0 0 0 0 0 0 0 0 0 0 0 0 0 0 0 0 0 0 0 0 0 0 0 0 0 0 0 0 0 0 0 0 0 0 0 0 0 0 0 0 0 0 0 0 0 0 0 0 0 0 0 0 0 0 0 0 0 0 0 0 0 0 0 0 0 0 0 0 0 0 0 0 0 0 0 0 0 0 0 0 0 0 0 0 0 0 0 0 0 0 0 0 0 0 0 0 0 0 0 0 0 0 0 0 0 0 0 0 0 0 0 0 0 0 0 0 0 0 0 0 0 0 0 0 0 0 0 0 0 0 0 0 0 0 0 0 0 0 0 0 0 0 0 0 0 0 0 0 0 0 0 0 0 0 0 0 0 0 0 0 0 0 0 0 0 0 0 0 0 0 0 0 0 0 0 0 0 0 0 0 0 0 0 0 0 0 0 0 0 0 0 0 0 0 0 0 0 0 0 0 0 0 0 0 0 0 0 0 0 0 0 0 0 0 0 0 0 0 0 0 0 0 0 0 0 0 0 0 0 0 0 0 0 0 0 0 0 0 0 0 0 0 0 0 0 0 0 0 0 0 0 0 0 0 0 0 0 0 0 0 0 0 0 0 0 0 0 0 0 0 0 0 0 0 0 0 0 0 0 0 0 0 0 0 0 0 0 0 0 0 0 0 0 0 0 0 0 0 0 0 0 0 0 0 0 0 0 0 0 0 0 0 0 0 0 0 0 0 0 0 0 0 0 0 0 0 0 0 0 0 0 0 0 0 0 0 0 0 0 0 0 0 0 0 0 0 0 0 0 0 0 0 0 0 0 0 0 0 0 0 0 0 0 0 0 0 0 0 0 0 0 0 0 0 0 0 0 0 0 0 0 0 0 0 0 0 0 0 0 0 0 0 0 0 0 0 0 0 0 0 0 0 0 0 0 0 0 0 0 0 0 0 0 0 0 0 0 0 0 0 0 0 0 0 0 0 0 0 0 0 0 0 0 0 0 0 0 0 0 0 0 0 0 0 0 0 0 0 0 0 0 0 0 0 0 0 0 0 0 0 0 0 0 0 0 0 0 0 0 0 0 0 0 0 0 0 0 0 0 0 0 0 0 0 0 0 0 0 0 0 0 0 0 0 0 0 0 0 0 0 0 0 0 0 0 0 0 0 0 0 0 0 0 0 0 0 0 0 0 0 0 0 0 0 0 0 0 0 0 0 0 0 0 0 0 0 0 0 0 0 0 0 0 0 0 0 0 0 0 0 0 0 0 0 0 0 0 0 0 0 0 0 0 0 0 0 0 0 0 0 0 0 0 0 0 0 0 0 0 0 0 0 0 0 0 0 0 0 0 0 0 0 0 0 0 0 0 0 0 0 0 0 0 0 0 0 0 0 0 0 0 0 0 0 0 0 0 0 0 0 0 0 0 0 0 0 0 0 0 0 0 0 0 0 0 0 0 0 0 0 0 0 0 0 0 0 0 0 0 0 0 0 0 0 0 0 0 0 0 0 0 0 0 0 0 0 0 0 0 0 0 0 0 0 0 0 0 0 0 0 0 0 0 0 0 0 0 0 0 0 0 0 0 0 0 0 0 0 0 0 0 0 0 0 0 0 0 0 0 0 0 0 0 0 0 0 0 0 0 0 0 0 0 0 0 0 0 0 0 0 0 0 0 0 0 0 0 0 0 0 0 0 0 0 0 0 0 0 0 0 0 0 0 0 0 0 0 0 0 0 0 0 0 0 0 0 0 0 0 0 0 0 0 0 0 0 0 0 0 0 0 0 0 0 0 0 0 0 0 0 0 0 0 0 0 0 0 0 0 0 0 0 0 0 0 0 0 0 0 0 0 0 0 0 0 0 0 0 0 0 0 0 0 0 0 0 0 0 0 0 0 0 0 0 0 0 0 0 0 0 0 0 0 0 0 0 0 0 0 0 0 0 0 0 0 0 0 0 0 0 0 0 0 0 0 0 0 0 0 0 0 0 0 0 0 0 0 0 0 0 0 0 0 0 0 0 0 0 0 0 0 0 0 0 0 0 0 0 0 0 0 0 0 0 0 0 0 0 0 0 0 0 0 0 0 0 0 0 0 0 0 0 0 0 0 0 0 0 0 0 0 0 0 0 0 0 0 0 0 0 0 0 0 0 0 0 0 0 0 0 0 0 0 0 0 0 0 0 0 0 0 0 0 0 0 0 0 0 0 0 0 0 0 0 0 0 0 0 0 0 0 0 0 0 0 0 0 0 0 0 0 0 0 0 0 0 0 0 0 0 0 0 0 0 0 0 0 0 0 0 0 0 0 0 0 0 0 0 0 0 0 0 0 0 0 0 0 0 0 0 0 0 0 0 0 0 0 0 0 0 0 0 0 0 0 0 0 0 0 0 0 0 0 0 0 0 0 0 0 0 0 0 0 0 0 0 0 0 0 0 0 0 0 0 0 0 0 0 0 0 0 0 0 0 0 0 0 0 0 0 0 0 0 0 0 0 0 0 0 0 0 0 0 0 0 0 0 0 0 0 0 0 0 0 0 0 0 0 0 0 0 0 0 0 0 0 0 0 0 0 0 0 0 0 0 0 0 0 0 0 0 0 0 0 0 0 0 0 0 0 0 0 0 0 0 0 0 0 0 0 0 0 0 0 0 0 0 0 0 0 0 0 0 0 0 0 0 0 0 0 0 0 0 0 0 0 0 0 0 0 0 0 0 0 0 0 0 0 0 0 0 0 0 0 0 0 0 0 0 0 0 0 0 0 0 0 0 0 0 0 0 0 0 0 0 0 0 0 0 0 0 0 0 0 0 0 0 0 0 0 0 0 0 0 0 0 0 0 0 0 0 0 0 0 0 0 0 0 0 0 0 0 0 0 0 0 0 0 0 0 0 0 0 0 0 0 0 0 0 0 0 0 0 0 0 0 0 0 0 0 0 0 0 0 0 0 0 0 0 0 0 0 0 0 0 0 0 0 0 0 0 0 0 0 0 0 0 0 0 0 0 0 0 0 0 0 0 0 0 0 0 0 0 0 0 0 0 0 0 0 0 0 0 0 0 0 0 0 0 0 0 0 0 0 0 0 0 0 0 0 0 0 0 0 0 0 0 0 0 0 0 0 0 0 0 0 0 0 0 0 0 0 0 0 0 0 0 0 0 0 0 0 0 0 0 0 0 0 0 0 0 0 0 0 0 0 0 0 0 0 0 0 0 0 0 0 0 0 0 0 0 0 0 0 0 0 0 0 0 0 0 0 0 0 0 0 0 0 0 0 0 0 0 0 0 0 0 0 0 0 0 0 0 0 0 0 0 0 0 0 0 0 0 0 0 0 0 0 0 0 0 0 0 0 0 0 0 0 0 0 0 0 0 0 0 0 0 0 0 0 0 0 0 0 0 0 0 0 0 0 0 0 0 0 0 0 0 0 0 0 0 0 0 0 0 0 0 0 0 0 0 0 0 0 0 0 0 0 0 0 0 0 0 0 0 0 0 0 0 0 0 0 0 0 0 0 0 0 0 0 0 0 0 0 0 0 0 0 0 0 0 0 0 0 0 0 0 0 0 0 0 0 0 0 0 0 0 0 0 0 0 0 0 0 0 0 0 0 0 0 0 0 0 0 0 0 0 0 0 0 0 0 0 0 0 0 0 0 0 0 0 0 0 0 0 0 0 0 0 0 0 0 0 0 0 0 0 0 0 0 0 0 0 0 0 0 0 0 0 0 0 0 0 0 0 0 0 0 0 0 0 0 0 0 0 0 0 0 0 0 0 0 0 0 0 0 0 0 0 0 0 0 0 0 0 0 0 0 0 0 0 0 0 0 0 0 0 0 0 0 0 0 0 0 0 0 0 0 0 0 0 0 0 0 0 0 0 0 0 0 0 0 0 0 0 0 0 0 0 0 0 0 0 0 0 0 0 0 0 0 0 0 0 0 0 0 0 0 0 0 0 0 0 0 0 0 0 0 0 0 0 0 0 0 0 0 0 0 0 0 0 0 0 0 0 0 0 0 0 0 0 0 0 0 0 0 0 0 0 0 0 0 0 0 0 0 0 0 0 0 0 0 0 0 0 0 0 0 0 0 0 0 0 0 0 0 0 0 0 0 0 0 0 0 0 0 0 0 0 0 0 0 0 0 0 0 0 0 0 0 0 0 0 0 0 0 0 0 0 0 0 0 0 0 0 0 0 0 0 0 0 0 0 0 0 0 0 0 0 0 0 0 0 0 0 0 0 0 0 0 0 0 0 0 0 0 0 0 0 0 0 0 0 0 0 0 0 0 0 0 0 0 0 0 0 0 0 0 0 0 0 0 0 0 0 0 0 0 0 0 0 0 0 0 0 0 0 0 0 0 0 0 0 0 0 0 0 0 0 0 0 0 0 0 0 0 0 0 0 0 0 0 0 0 0 0 0 0 0 0 0 0 0 0 0 0 0 0 0 0 0 0 0 0 0 0 0 0 0 0 0 0 0 0 0 0 0 0 0 0 0 0 0 0 0 0 0 0 0 0 0 0 0 0 0 0 0 0 0 0 0 0 0 0 0 0 0 0 0 0 0 0 0 0 0 0 0 0 0 0 0 0 0 0 0 0 0 0 0 0 0 0 0 0 0 0 0 0 0 0 0 0 0 0 0 0 0 0 0 0 0 0 0 0 0 0 0 0 0 0 0 0 0 0 0 0 0 0 0 0 0 0 0 0 0 0 0 0 0 0 0 0 0 0 0 0 0 0 0 0 0 0 0 0 0 0 0 0 0 0 0 0 0 0 0 0 0 0 0 0 0 0 0 0 0 0 0 0 0 0 0 0 0 0 0 0 0 0 0 0 0 0 0 0 0 0 0 0 0 0 0 0 0 0 0 0 0 0 0 0 0 0 0 0 0 0 0 0 0 0 0 0 0 0 0 0 0 0 0 0 0 0 0 0 0 0 0 0 0 0 0 0 0 0 0 0 0 0 0 0 0 0 0 0 0 0 0 0 0 0 0 0 0 0 0 0 0 0 0 0 0 0 0 0 0 0 0 0 0 0 0 0 0 0 0 0 0 0 0 0 0 0 0 0 0 0 0 0 0 0 0 0 0 0 0 0 0 0 0 0 0 0 0 0 0 0 0 0 0 0 0 0 0 0 0 0 0 0 0 0 0 0 0 0 0 0 0 0 0 0 0 0 0 0 0 0 0 0 0 0 0 0 0 0 0 0 0 0 0 0 0 0 0 0 0 0 0 0 0 0 0 0 0 0 0 0 0 0 0 0 0 0 0 0 0 0 0 0 0 0 0 0 0 0 0 0 0 0 0 0 0 0 0 0 0 0 0 0 0 0 0 0 0 0 0 0 0 0 0 0 0 0 0 0 0 0 0 0 0 0 0 0 0 0 0 0 0 0 0 0 0 0 0 0 0 0 0 0 0 0 0 0 0 0 0 0 0 0 0 0 0 0 0 0 0 0 0 0 0 0 0 0 0 0 0 0 0 0 0 0 0 0 0 0 0 0 0 0 0 0 0 0 0 0 0 0 0 0 0 0 0 0 0 0 0 0 0 0 0 0 0 0 0 0 0 0 0 0 0 0 0 0 0 0 0 0 0 0 0 0 0 0 0 0 0 0 0 0 0 0 0 0 0 0 0 0 0 0 0 0 0 0 0 0 0 0 0 0 0 0 0 0 0 0 0 0 0 0 0 0 0 0 0 0 0 0 0 0 0 0 0 0 0 0 0 0 0 0 0 0 0 0 0 0 0 0 0 0 0 0 0 0 0 0 0 0 0 0 0 0 0 0 0 0 0 0 0 0 0 0 0 0 0 0 0 0 0 0 0 0 0 0 0 0 0 0 0 0 0 0 0 0 0 0 0 0 0 0 0 0 0 0 0 0 0 0 0 0 0 0 0 0 0 0 0 0 0 0 0 0 0 0 0 0 0 0 0 0 0 0 0 0 0 0 0 0 0 0 0 0 0 0 0 0 0 0 0 0 0 0 0 0 0 0 0 0 0 0 0 0 0 0 0 0 0 0 0 0 0 0 0 0 0 0 0 0 0 0 0 0 0 0 0 0 0 0 0 0 0 0 0 0 0 0 0 0 0 0 0 0 0 0 0 0 0 0 0 0 0 0 0 0 0 0 0 0 0 0 0 0 0 0 0 0 0 0 0 0 0 0 0 0 0 0 0 0 0 0 0 0 0 0 0 0 0 0 0 0 0 0 0 0 0 0 0 0 0 0 0 0 0 0 0 0 0 0 0 0 0 0 0 0 0 0 0 0 0 0 0 0 0 0 0 0 0 0 0 0 0 0 0 0 0 0 0 0 0 0 0 0 0 0 0 0 0 0 0 0 0 0 0 0 0 0 0 0 0 0 0 0 0 0 0 0 0 0 0 0 0 0 0 0 0 0 0 0 0 0 0 0 0 0 0 0 0 0 0 0 0 0 0 0 0 0 0 0 0 0 0 0 0 0 0 0 0 0 0 0 0 0 0 0 0 0 0 0 0 0 0 0 0 0 0 0 0 0 0 0 0 0 0 0 0 0 0 0 0 0 0 0 0 0 0 0 0 0 0 0 0 0 0 0 0 0 0 0 0 0 0 0 0 0 0 0 0 0 0 0 0 0 0 0 0 0 0 0 0 0 0 0 0 0 0 0 0 0 0 0 0 0 0 0 0 0 0 0 0 0 0 0 0 0 0 0 0 0 0 0 0 0 0 0 0 0 0 0 0 0 0 0 0 0 0 0 0 0 0 0 0 0 0 0 0 0 0 0 0 0 0 0 0 0 0 0 0 0 0 0 0 0 0 0 0 0 0 0 0 0 0 0 0 0 0 0 0 0 0 0 0 0 0 0 0 0 0 0 0 0 0 0 0 0 0 0 0 0 0 0 0 0 0 0 0 0 0 0 0 0 0 0 0 0 0 0 0 0 0 0 0 0 0 0 0 0 0 0 0 0 0 0 0 0 0 0 0 0 0 0 0 0 0 0 0 0 0 0 0 0 0 0 0 0 0 0 0 0 0 0 0 0 0 0 0 0 0 0 0 0 0 0 0 0 0 0 0 0 0 0 0 0 0 0 0 0 0 0 0 0 0 0 0 0 0 0 0 0 0 0 0 0 0 0 0 0 0 0 0 0 0 0 0 0 0 0 0 0 0 0 0 0 0 0 0 0 0 0 0 0 0 0 0 0 0 0 0 0 0 0 0 0 0 0 0 0 0 0 0 0 0 0 0 0 0 0 0 0 0 0 0 0 0 0 0 0 0 0 0 0 0 0 0 0 0 0 0 0 0 0 0 0 0 0 0 0 0 0 0 0 0 0 0 0 0 0 0 0 0 0 0 0 0 0 0 0 0 0 0 0 0 0 0 0 0 0 0 0 0 0 0 0 0 0 0 0 0 0 0 0 0 0 0 0 0 0 0 0 0 0 0 0 0 0 0 0 0 0 0 0 0 0 0 0 0 0 0 0 0 0 0 0 0 0 0 0 0 0 0 0 0 0 0 0 0 0 0 0 0 0 0 0 0 0 0 0 0 0 0 0 0 0 0 0 0 0 0 0 0 0 0 0 0 0 0 0 0 0 0 0 0 0 0 0 0 0 0 0 0 0 0 0 0 0 0 0 0 0 0 0 0 0 0 0 0 0 0 0 0 0 0 0 0 0 0 0 0 0 0 0 0 0 0 0 0 0 0 0 0 0 0 0 0 0 0 0 0 0 0 0 0 0 0 0 0 0 0 0 0 0 0 0 0 0 0 0 0 0 0 0 0 0 0 0 0 0 0 0 0 0 0 0 0 0 0 0 0 0 0 0 0 0 0 0 0 0 0 0 0 0 0 0 0 0 0 0 0 0 0 0 0 0 0 0 0 0 0 0 0 0 0 0 0 0 0 0 0 0 0 0 0 0 0 0 0 0 0 0 0 0 0 0 0 0 0 0 0 0 0 0 0 0 0 0 0 0 0 0 0 0 0 0 0 0 0 0 0 0 0 0 0 0 0 0 0 0 0 0 0 0 0 0 0 0 0 0 0 0 0 0 0 0 0 0 0 0 0 0 0 0 0 0 0 0 0 0 0 0 0 0 0 0 0 0 0 0 0 0 0 0 0 0 0 0 0 0 0 0 0 0 0 0 0 0 0 0 0 0 0 0 0 0 0 0 0 0 0 0 0 0 0 0 0 0 0 0 0 0 0 0 0 0 0 0 0 0 0 0 0 0 0 0 0 0 0 0 0 0 0 0 0 0 0 0 0 0 0 0 0 0 0 0 0 0 0 0 0 0 0 0 0 0 0 0 0 0 0 0 0 0 0 0 0 0 0 0 0 0 0 0 0 0 0 0 0 0 0 0 0 0 0 0 0 0 0 0 0 0 0 0 0 0 0 0 0 0 0 0 0 0 0 0 0 0 0 0 0 0 0 0 0 0 0 0 0 0 0 0 0 0 0 0 0 0 0 0 0 0 0 0 0 0 0 0 0 0 0 0 0 0 0 0 0 0 0 0 0 0 0 0 0 0 0 0 0 0 0 0 0 0 0 0 0 0 0 0 0 0 0 0 0 0 0 0 0 0 0 0 0 0 0 0 0 0 0 0 0 0 0 0 0 0 0 0 0 0 0 0 0 0 0 0 0 0 0 0 0 0 0 0 0 0 0 0 0 0 0 0 0 0 0 0 0 0 0 0 0 0 0 0 0 0 0 0 0 0 0 0 0 0 0 0 0 0 0 0 0 0 0 0 0 0 0 0 0 0 0 0 0 0 0 0 0 0 0 0 0 0 0 0 0 0 0 0 0 0 0 0 0 0 0 0 0 0 0 0 0 0 0 0 0 0 0 0 0 0 0 0 0 0 0 0 0 0 0 0 0 0 0 0 0 0 0 0 0 0 0 0 0 0 0 0 0 0 0 0 0 0 0 0 0 0 0 0 0 0 0 0 0 0 0 0 0 0 0 0 0 0 0 0 0 0 0 0 0 0 0 0 0 0 0 0 0 0 0 0 0 0 0 0 0 0 0 0 0 0 0 0 0 0 0 0 0 0 0 0 0 0 0 0 0 0 0 0 0 0 0 0 0 0 0 0 0 0 0 0 0 0 0 0 0 0 0 0 0 0 0 0 0 0 0 0 0 0 0 0 0 0 0 0 0 0 0 0 0 0 0 0 0 0 0 0 0 0 0 0 0 0 0 0 0 0 0 0 0 0 0 0 0 0 0 0 0 0 0 0 0 0 0 0 0 0 0 0 0 0 0 0 0 0 0 0 0 0 0 0 0 0 0 0 0 0 0 0 0 0 0 0 0 0 0 0 0 0 0 0 0 0 0 0 0 0 0 0 0 0 0 0 0 0 0 0 0 0 0 0 0 0 0 0 0 0 0 0 0 0 0 0 0 0 0 0 0 0 0 0 0 0 0 0 0 0 0 0 0 0 0 0 0 0 0 0 0 0 0 0 0 0 0 0 0 0 0 0 0 0 0 0 0 0 0 0 0 0 0 0 0 0 0 0 0 0 0 0 0 0 0 0 0 0 0 0 0 0 0 0 0 0 0 0 0 0 0 0 0 0 0 0 0 0 0 0 0 0 0 0 0 0 0 0 0 0 0 0 0 0 0 0 0 0 0 0 0 0 0 0 0 0 0 0 0 0 0 0 0 0 0 0 0 0 0 0 0 0 0 0 0 0 0 0 0 0 0 0 0 0 0 0 0 0 0 0 0 0 0 0 0 0 0 0 0 0 0 0 0 0 0 0 0 0 0 0 0 0 0 0 0 0 0 0 0 0 0 0 0 0 0 0 0 0 0 0 0 0 0 0 0 0 0 0 0 0 0 0 0 0 0 0 0 0 0 0 0 0 0 0 0 0 0 0 0 0 0 0 0 0 0 0 0 0 0 0 0 0 0 0 0 0 0 0 0 0 0 0 0 0 0 0 0 0 0 0 0 0 0 0 0 0 0 0 0 0 0 0 0 0 0 0 0 0 0 0 0 0 0 0 0 0 0 0 0 0 0 0 0 0 0 0 0 0 0 0 0 0 0 0 0 0 0 0 0 0 0 0 0 0 0 0 0 0 0 0 0 0 0 0 0 0 0 0 0 0 0 0 0 0 0 0 0 0 0 0 0 0 0 0 0 0 0 0 0 0 0 0 0 0 0 0 0 0 0 0 0 0 0 0 0 0 0 0 0 0 0 0 0 0 0 0 0 0 0 0 0 0 0 0 0 0 0 0 0 0 0 0 0 0 0 0 0 0 0 0 0 0 0 0 0 0 0 0 0 0 0 0 0 0 0 0 0 0 0 0 0 0 0 0 0 0 0 0 0 0 0 0 0 0 0 0 0 0 0 0 0 0 0 0 0 0 0 0 0 0 0 0 0 0 0 0 0 0 0 0 0 0 0 0 0 0 0 0 0 0 0 0 0 0 0 0 0 0 0 0 0 0 0 0 0 0 0 0 0 0 0 0 0 0 0 0 0 0 0 0 0 0 0 0 0 0 0 0 0 0 0 0 0 0 0 0 0 0 0 0 0 0 0 0 0 0 0 0 0 0 0 0 0 0 0 0 0 0 0 0 0 0 0 0 0 0 0 0 0 0 0 0 0 0 0 0 0 0 0 0 0 0 0 0 0 0 0 0 0 0 0 0 0 0 0 0 0 0 0 0 0 0 0 0 0 0 0 0 0 0 0 0 0 0 0 0 0 0 0 0 0 0 0 0 0 0 0 0 0 0 0 0 0 0 0 0 0 0 0 0 0 0 0 0 0 0 0 0 0 0 0 0 0 0 0 0 0 0 0 0 0 0 0 0 0 0 0 0 0 0 0 0 0 0 0 0 0 0 0 0 0 0 0 0 0 0 0 0 0 0 0 0 0 0 0 0 0 0 0 0 0 0 0 0 0 0 0 0 0 0 0 0 0 0 0 0 0 0 0 0 0 0 0 0 0 0 0 0 0 0 0 0 0 0 0 0 0 0 0 0 0 0 0 0 0 0 0 0 0 0 0 0 0 0 0 0 0 0 0 0 0 0 0 0 0 0 0 0 0 0 0 0 0 0 0 0 0 0 0 0 0 0 0 0 0 0 0 0 0 0 0 0 0 0 0 0 0 0 0 0 0 0 0 0 0 0 0 0 0 0 0 0 0 0 0 0 0 0 0 0 0 0 0 0 0 0 0 0 0 0 0 0 0 0 0 0 0 0 0 0 0 0 0 0 0 0 0 0 0 0 0 0 0 0 0 0 0 0 0 0 0 0 0 0 0 0 0 0 0 0 0 0 0 0 0 0 0 0 0 0 0 0 0 0 0 0 0 0 0 0 0 0 0 0 0 0 0 0 0 0 0 0 0 0 0 0 0 0 0 0 0 0 0 0 0 0 0 0 0 0 0 0 0 0 0 0 0 0 0 0 0 0 0 0 0 0 0 0 0 0 0 0 0 0 0 0 0 0 0 0 0 0 0 0 0 0 0 0 0 0 0 0 0 0 0 0 0 0 0 0 0 0 0 0 0 0 0 0 0 0 0 0 0 0 0 0 0 0 0 0 0 0 0 0 0 0 0 0 0 0 0 0 0 0 0 0 0 0 0 0 0 0 0 0 0 0 0 0 0 0 0 0 0 0 0 0 0 0 0 0 0 0 0 0 0 0 0 0 0 0 0 0 0 0 0 0 0 0 0 0 0 0 0 0 0 0 0 0 0 0 0 0 0 0 0 0 0 0 0 0 0 0 0 0 0 0 0 0 0 0 0 0 0 0 0 0 0 0 0 0 0 0 0 0 0 0 0 0 0 0 0 0 0 0 0 0 0 0 0 0 0 0 0 0 0 0 0 0 0 0 0 0 0 0 0 0 0 0 0 0 0 0 0 0 0 0 0 0 0 0 0 0 0 0 0 0 0 0 0 0 0 0 0 0 0 0 0 0 0 0 0 0 0 0 0 0 0 0 0 0 0 0 0 0 0 0 0 0 0 0 0 0 0 0 0 0 0 0 0 0 0 0 0 0 0 0 0 0 0 0 0 0 0 0 0 0 0 0 0 0 0 0 0 0 0 0 0 0 0 0 0 0 0 0 0 0 0 0 0 0 0 0 0 0 0 0 0 0 0 0 0 0 0 0 0 0 0 0 0 0 0 0 0 0 0 0 0 0 0 0 0 0 0 0 0 0 0 0 0 0 0 0 0 0 0 0 0 0 0 0 0 0 0 0 0 0 0 0 0 0 0 0 0 0 0 0 0 0 0 0 0 0 0 0 0 0 0 0 0 0 0 0 0 0 0 0 0 0 0 0 0 0 0 0 0 0 0 0 0 0 0 0 0 0 0 0 0 0 0 0 0 0 0 0 0 0 0 0 0 0 0 0 0 0 0 0 0 0 0 0 0 0 0 0 0 0 0 0 0 0 0 0 0 0 0 0 0 0 0 0 0 0 0 0 0 0 0 0 0 0 0 0 0 0 0 0 0 0 0 0 0 0 0 0 0 0 0 0 0 0 0 0 0 0 0 0 0 0 0 0 0 0 0 0 0 0 0 0 0 0 0 0 0 0 0 0 0 0 0 0 0 0 0 0 0 0 0 0 0 0 0 0 0 0 0 0 0 0 0 0 0 0 0 0 0 0 0 0 0 0 0 0 0 0 0 0 0 0 0 0 0 0 0 0 0 0 0 0 0 0 0 0 0 0 0 0 0 0 0 0 0 0 0 0 0 0 0 0 0 0 0 0 0 0 0 0 0 0 0 0 0 0 0 0 0 0 0 0 0 0 0 0 0 0 0 0 0 0 0 0 0 0 0 0 0 0 0 0 0 0 0 0 0 0 0 0 0 0 0 0 0 0 0 0 0 0 0 0 0 0 0 0 0 0 0 0 0 0 0 0 0 0 0 0 0 0 0 0 0 0 0 0 0 0 0 0 0 0 0 0 0 0 0 0 0 0 0 0 0 0 0 0 0 0 0 0 0 0 0 0 0 0 0 0 0 0 0 0 0 0 0 0 0 0 0 0 0 0 0 0 0 0 0 0 0 0 0 0 0 0 0 0 0 0 0 0 0 0 0 0 0 0 0 0 0 0 0 0 0 0 0 0 0 0 0 0 0 0 0 0 0 0 0 0 0 0 0 0 0 0 0 0 0 0 0 0 0 0 0 0 0 0 0 0 0 0 0 0 0 0 0 0 0 0 0 0 0 0 0 0 0 0 0 0 0 0 0 0 0 0 0 0 0 0 0 0 0 0 0 0 0 0 0 0 0 0 0 0 0 0 0 0 0 0 0 0 0 0 0 0 0 0 0 0 0 0 0 0 0 0 0 0 0 0 0 0 0 0 0 0 0 0 0 0 0 0 0 0 0 0 0 0 0 0 0 0 0 0 0 0 0 0 0 0 0 0 0 0 0 0 0 0 0 0 0 0 0 0 0 0 0 0 0 0 0 0 0 0 0 0 0 0 0 0 0 0 0 0 0 0 0 0 0 0 0 0 0 0 0 0 0 0 0 0 0 0 0 0 0 0 0 0 0 0 0 0 0 0 0 0 0 0 0 0 0 0 0 0 0 0 0 0 0 0 0 0 0 0 0 0 0 0 0 0 0 0 0 0 0 0 0 0 0 0 0 0 0 0 0 0 0 0 0 0 0 0 0 0 0 0 0 0 0 0 0 0 0 0 0 0 0 0 0 0 0 0 0 0 0 0 0 0 0 0 0 0 0 0 0 0 0 0 0 0 0 0 0 0 0 0 0 0 0 0 0 0 0 0 0 0 0 0 0 0 0 0 0 0 0 0 0 0 0 0 0 0 0 0 0 0 0 0 0 0 0 0 0 0 0 0 0 0 0 0 0 0 0 0 0 0 0 0 0 0 0 0 0 0 0 0 0 0 0 0 0 0 0 0 0 0 0 0 0 0 0 0 0 0 0 0 0 0 0 0 0 0 0 0 0 0 0 0 0 0 0 0 0 0 0 0 0 0 0 0 0 0 0 0 0 0 0 0 0 0 0 0 0 0 0 0 0 0 0 0 0 0 0 0 0 0 0 0 0 0 0 0 0 0 0 0 0 0 0 0 0 0 0 0 0 0 0 0 0 0 0 0 0 0 0 0 0 0 0 0 0 0 0 0 0 0 0 0 0 0 0 0 0 0 0 0 0 0 0 0 0 0 0 0 0 0 0 0 0 0 0 0 0 0 0 0 0 0 0 0 0 0 0 0 0 0 0 0 0 0 0 0 0 0 0 0 0 0 0 0 0 0 0 0 0 0 0 0 0 0 0 0 0 0 0 0 0 0 0 0 0 0 0 0 0 0 0 0 0 0 0 0 0 0 0 0 0 0 0 0 0 0 0 0 0 0 0 0 0 0 0 0 0 0 0 0 0 0 0 0 0 0 0 0 0 0 0 0 0 0 0 0 0 0 0 0 0 0 0 0 0 0 0 0 0 0 0 0 0 0 0 0 0 0 0 0 0 0 0 0 0 0 0 0 0 0 0 0 0 0 0 0 0 0 0 0 0 0 0 0 0 0 0 0 0 0 0 0 0 0 0 0 0 0 0 0 0 0 0 0 0 0 0 0 0 0 0 0 0 0 0 0 0 0 0 0 0 0 0 0 0 0 0 0 0 0 0 0 0 0 0 0 0 0 0 0 0 0 0 0 0 0 0 0 0 0 0 0 0 0 0 0 0 0 0 0 0 0 0 0 0 0 0 0 0 0 0 0 0 0 0 0 0 0 0 0 0 0 0 0 0 0 0 0 0 0 0 0 0 0 0 0 0 0 0 0 0 0 0 0 0 0 0 0 0 0 0 0 0 0 0 0 0 0 0 0 0 0 0 0 0 0 0 0 0 0 0 0 0 0 0 0 0 0 0 0 0 0 0 0 0 0 0 0 0 0 0 0 0 0 0 0 0 0 0 0 0 0 0 0 0 0 0 0 0 0 0 0 0 0 0 0 0 0 0 0 0 0 0 0 0 0 0 0 0 0 0 0 0 0 0 0 0 0 0 0 0 0 0 0 0 0 0 0 0 0 0 0 0 0 0 0 0 0 0 0 0 0 0 0 0 0 0 0 0 0 0 0 0 0 0 0 0 0 0 0 0 0 0 0 0 0 0 0 0 0 0 0 0 0 0 0 0 0 0 0 0 0 0 0 0 0 0 0 0 0 0 0 0 0 0 0 0 0 0 0 0 0 0 0 0 0 0 0 0 0 0 0 0 0 0 0 0 0 0 0 0 0 0 0 0 0 0 0 0 0 0 0 0 0 0 0 0 0 0 0 0 0 0 0 0 0 0 0 0 0 0 0 0 0 0 0 0 0 0 0 0 0 0 0 0 0 0 0 0 0 0 0 0 0 0 0 0 0 0 0 0 0 0 0 0 0 0 0 0 0 0 0 0 0 0 0 0 0 0 0 0 0 0 0 0 0 0 0 0 0 0 0 0 0 0 0 0 0 0 0 0 0 0 0 0 0 0 0 0 0 0 0 0 0 0 0 0 0 0 0 0 0 0 0 0 0 0 0 0 0 0 0 0 0 0 0 0 0 0 0 0 0 0 0 0 0 0 0 0 0 0 0 0 0 0 0 0 0 0 0 0 0 0 0 0 0 0 0 0 0 0 0 0 0 0 0 0 0 0 0 0 0 0 0 0 0 0 0 0 0 0 0 0 0 0 0 0 0 0 0 0 0 0 0 0 0 0 0 0 0 0 0 0 0 0 0 0 0 0 0 0 0 0 0 0 0 0 0 0 0 0 0 0 0 0 0 0 0 0 0 0 0 0 0 0 0 0 0 0 0 0 0 0 0 0 0 0 0 0 0 0 0 0 0 0 0 0 0 0 0 0 0 0 0 0 0 0 0 0 0 0 0 0 0 0 0 0 0 0 0 0 0 0 0 0 0 0 0 0 0 0 0 0 0 0 0 0 0 0 0 0 0 0 0 0 0 0 0 0 0 0 0 0 0 0 0 0 0 0 0 0 0 0 0 0 0 0 0 0 0 0 0 0 0 0 0 0 0 0 0 0 0 0 0 0 0 0 0 0 0 0 0 0 0 0 0 0 0 0 0 0 0 0 0 0 0 0 0 0 0 0 0 0 0 0 0 0 0 0 0 0 0 0 0 0 0 0 0 0 0 0 0 0 0 0 0 0 0 0 0 0 0 0 0 0 0 0 0 0 0 0 0 0 0 0 0 0 0 0 0 0 0 0 0 0 0 0 0 0 0 0 0 0 0 0 0 0 0 0 0 0 0 0 0 0 0 0 0 0 0 0 0 0 0 0 0 0 0 0 0 0 0 0 0 0 0 0 0 0 0 0 0 0 0 0 0 0 0 0 0 0 0 0 0 0 0 0 0 0 0 0 0 0 0 0 0 0 0 0 0 0 0 0 0 0 0 0 0 0 0 0 0 0 0 0 0 0 0 0 0 0 0 0 0 0 0 0 0 0 0 0 0 0 0 0 0 0 0 0 0 0 0 0 0 0 0 0 0 0 0 0 0 0 0 0 0 0 0 0 0 0 0 0 0 0 0 0 0 0 0 0 0 0 0 0 0 0 0 0 0 0 0 0 0 0 0 0 0 0 0 0 0 0 0 0 0 0 0 0 0 0 0 0 0 0 0 0 0 0 0 0 0 0 0 0 0 0 0 0 0 0 0 0 0 0 0 0 0 0 0 0 0 0 0 0 0 0 0 0 0 0 0 0 0 0 0 0 0 0 0 0 0 0 0 0 0 0 0 0 0 0 0 0 0 0 0 0 0 0 0 0 0 0 0 0 0 0 0 0 0 0 0 0 0 0 0 0 0 0 0 0 0 0 0 0 0 0 0 0 0 0 0 0 0 0 0 0 0 0 0 0 0 0 0 0 0 0 0 0 0 0 0 0 0 0 0 0 0 0 0 0 0 0 0 0 0 0 0 0 0 0 0 0 0 0 0 0 0 0 0 0 0 0 0 0 0 0 0 0 0 0 0 0 0 0 0 0 0 0 0 0 0 0 0 0 0 0 0 0 0 0 0 0 0 0 0 0 0 0 0 0 0 0 0 0 0 0 0 0 0 0 0 0 0 0 0 0 0 0 0 0 0 0 0 0 0 0 0 0 0 0 0 0 0 0 0 0 0 0 0 0 0 0 0 0 0 0 0 0 0 0 0 0 0 0 0 0 0 0 0 0 0 0 0 0 0 0 0 0 0 0 0 0 0 0 0 0 0 0 0 0 0 0 0 0 0 0 0 0 0 0 0 0 0 0 0 0 0 0 0 0 0 0 0 0 0 0 0 0 0 0 0 0 0 0 0 0 0 0 0 0 0 0 0 0 0 0 0 0 0 0 0 0 0 0 0 0 0 0 0 0 0 0 0 0 0 0 0 0 0 0 0 0 0 0 0 0 0 0 0 0 0 0 0 0 0 0 0 0 0 0 0 0 0 0 0 0 0 0 0 0 0 0 0 0 0 0 0 0 0 0 0 0 0 0 0 0 0 0 0 0 0 0 0 0 0 0 0 0 0 0 0 0 0 0 0 0 0 0 0 0 0 0 0 0 0 0 0 0 0 0 0 0 0 0 0 0 0 0 0 0 0 0 0 0 0 0 0 0 0 0 0 0 0 0 0 0 0 0 0 0 0 0 0 0 0 0 0 0 0 0 0 0 0 0 0 0 0 0 0 0 0 0 0 0 0 0 0 0 0 0 0 0 0 0 0 0 0 0 0 0 0 0 0 0 0 0 0 0 0 0 0 0 0 0 0 0 0 0 0 0 0 0 0 0 0 0 0 0 0 0 0 0 0 0 0 0 0 0 0 0 0 0 0 0 0 0 0 0 0 0 0 0 0 0 0 0 0 0 0 0 0 0 0 0 0 0 0 0 0 0 0 0 0 0 0 0 0 0 0 0 0 0 0 0 0 0 0 0 0 0 0 0 0 0 0 0 0 0 0 0 0 0 0 0 0 0 0 0 0 0 0 0 0 0 0 0 0 0 0 0 0 0 0 0 0 0 0 0 0 0 0 0 0 0 0 0 0 0 0 0 0 0 0 0 0 0 0 0 0 0 0 0 0 0 0 0 0 0 0 0 0 0 0 0 0 0 0 0 0 0 0 0 0 0 0 0 0 0 0 0 0 0 0 0 0 0 0 0 0 0 0 0 0 0 0 0 0 0 0 0 0 0 0 0 0 0 0 0 0 0 0 0 0 0 0 0 0 0 0 0 0 0 0 0 0 0 0 0 0 0 0 0 0 0 0 0 0 0 0 0 0 0 0 0 0 0 0 0 0 0 0 0 0 0 0 0 0 0 0 0 0 0 0 0 0 0 0 0 0 0 0 0 0 0 0 0 0 0 0 0 0 0 0 0 0 0 0 0 0 0 0 0 0 0 0 0 0 0 0 0 0 0 0 0 0 0 0 0 0 0 0 0 0 0 0 0 0 0 0 0 0 0 0 0 0 0 0 0 0 0 0 0 0 0 0 0 0 0 0 0 0 0 0 0 0 0 0 0 0 0 0 0 0 0 0 0 0 0 0 0 0 0 0 0 0 0 0 0 0 0 0 0 0 0 0 0 0 0 0 0 0 0 0 0 0 0 0 0 0 0 0 0 0 0 0 0 0 0 0 0 0 0 0 0 0 0 0 0 0 0 0 0 0 0 0 0 0 0 0 0 0 0 0 0 0 0 0 0 0 0 0 0 0 0 0 0 0 0 0 0 0 0 0 0 0 0 0 0 0 0 0 0 0 0 0 0 0 0 0 0 0 0 0 0 0 0 0 0 0 0 0 0 0 0 0 0 0 0 0 0 0 0 0 0 0 0 0 0 0 0 0 0 0 0 0 0 0 0 0 0 0 0 0 0 0 0 0 0 0 0 0 0 0 0 0 0 0 0 0 0 0 0 0 0 0 0 0 0 0 0 0 0 0 0 0 0 0 0 0 0 0 0 0 0 0 0 0 0 0 0 0 0 0 0 0 0 0 0 0 0 0 0 0 0 0 0 0 0 0 0 0 0 0 0 0 0 0 0 0 0 0 0 0 0 0 0 0 0 0 0 0 0 0 0 0 0 0 0 0 0 0 0 0 0 0 0 0 0 0 0 0 0 0 0 0 0 0 0 0 0 0 0 0 0 0 0 0 0 0 0 0 0 0 0 0 0 0 0 0 0 0 0 0 0 0 0 0 0 0 0 0 0 0 0 0 0 0 0 0 0 0 0 0 0 0 0 0 0 0 0 0 0 0 0 0 0 0 0 0 0 0 0 0 0 0 0 0 0 0 0 0 0 0 0 0 0 0 0 0 0 0 0 0 0 0 0 0 0 0 0 0 0 0 0 0 0 0 0 0 0 0 0 0 0 0 0 0 0 0 0 0 0 0 0 0 0 0 0 0 0 0 0 0 0 0 0 0 0 0 0 0 0 0 0 0 0 0 0 0 0 0 0 0 0 0 0 0 0 0 0 0 0 0 0 0 0 0 0 0 0 0 0 0 0 0 0 0 0 0 0 0 0 0 0 0 0 0 0 0 0 0 0 0 0 0 0 0 0 0 0 0 0 0 0 0 0 0 0 0 0 0 0 0 0 0 0 0 0 0 0 0 0 0 0 0 0 0 0 0 0 0 0 0 0 0 0 0 0 0 0 0 0 0 0 0 0 0 0 0 0 0 0 0 0 0 0 0 0 0 0 0 0 0 0 0 0 0 0 0 0 0 0 0 0 0 0 0 0 0 0 0 0 0 0 0 0 0 0 0 0 0 0 0 0 0 0 0 0 0 0 0 0 0 0 0 0 0 0 0 0 0 0 0 0 0 0 0 0 0 0 0 0 0 0 0 0 0 0 0 0 0 0 0 0 0 0 0 0 0 0 0 0 0 0 0 0 0 0 0 0 0 0 0 0 0 0 0 0 0 0 0 0 0 0 0 0 0 0 0 0 0 0 0 0 0 0 0 0 0 0 0 0 0 0 0 0 0 0 0 0 0 0 0 0 0 0 0 0 0 0 0 0 0 0 0 0 0 0 0 0 0 0 0 0 0 0 0 0 0 0 0 0 0 0 0 0 0 0 0 0 0 0 0 0 0 0 0 0 0 0 0 0 0 0 0 0 0 0 0 0 0 0 0 0 0 0 0 0 0 0 0 0 0 0 0 0 0 0 0 0 0 0 0 0 0 0 0 0 0 0 0 0 0 0 0 0 0 0 0 0 0 0 0 0 0 0 0 0 0 0 0 0 0 0 0 0 0 0 0 0 0 0 0 0 0 0 0 0 0 0 0 0 0 0 0 0 0 0 0 0 0 0 0 0 0 0 0 0 0 0 0 0 0 0 0 0 0 0 0 0 0 0 0 0 0 0 0 0 0 0 0 0 0 0 0 0 0 0 0 0 0 0 0 0 0 0 0 0 0 0 0 0 0 0 0 0 0 0 0 0 0 0 0 0 0 0 0 0 0 0 0 0 0 0 0 0 0 0 0 0 0 0 0 0 0 0 0 0 0 0 0 0 0 0 0 0 0 0 0 0 0 0 0 0 0 0 0 0 0 0 0 0 0 0 0 0 0 0 0 0 0 0 0 0 0 0 0 0 0 0 0 0 0 0 0 0 0 0 0 0 0 0 0 0 0 0 0 0 0 0 0 0 0 0 0 0 0 0 0 0 0 0 0 0 0 0 0 0 0 0 0 0 0 0 0 0 0 0 0 0 0 0 0 0 0 0 0 0 0 0 0 0 0 0 0 0 0 0 0 0 0 0 0 0 0 0 0 0 0 0 0 0 0 0 0 0 0 0 0 0 0 0 0 0 0 0 0 0 0 0 0 0 0 0 0 0 0 0 0 0 0 0 0 0 0 0 0 0 0 0 0 0 0 0 0 0 0 0 0 0 0 0 0 0 0 0 0 0 0 0 0 0 0 0 0 0 0 0 0 0 0 0 0 0 0 0 0 0 0 0 0 0 0 0 0 0 0 0 0 0 0 0 0 0 0 0 0 0 0 0 0 0 0 0 0 0 0 0 0 0 0 0 0 0 0 0 0 0 0 0 0 0 0 0 0 0 0 0 0 0 0 0 0 0 0 0 0 0 0 0 0 0 0 0 0 0 0 0 0 0 0 0 0 0 0 0 0 0 0 0 0 0 0 0 0 0 0 0 0 0 0 0 0 0 0 0 0 0 0 0 0 0 0 0 0 0 0 0 0 0 0 0 0 0 0 0 0 0 0 0 0 0 0 0 0 0 0 0 0 0 0 0 0 0 0 0 0 0 0 0 0 0 0 0 0 0 0 0 0 0 0 0 0 0 0 0 0 0 0 0 0 0 0 0 0 0 0 0 0 0 0 0 0 0 0 0 0 0 0 0 0 0 0 0 0 0 0 0 0 0 0 0 0 0 0 0 0 0 0 0 0 0 0 0 0 0 0 0 0 0 0 0 0 0 0 0 0 0 0 0 0 0 0 0 0 0 0 0 0 0 0 0 0 0 0 0 0 0 0 0 0 0 0 0 0 0 0 0 0 0 0 0 0 0 0 0 0 0 0 0 0 0 0 0 0 0 0 0 0 0 0 0 0 0 0 0 0 0 0 0 0 0 0 0 0 0 0 0 0 0 0 0 0 0 0 0 0 0 0 0 0 0 0 0 0 0 0 0 0 0 0 0 0 0 0 0 0 0 0 0 0 0 0 0 0 0 0 0 0 0 0 0 0 0 0 0 0 0 0 0 0 0 0 0 0 0 0 0 0 0 0 0 0 0 0 0 0 0 0 0 0 0 0 0 0 0 0 0 0 0 0 0 0 0 0 0 0 0 0 0 0 0 0 0 0 0 0 0 0 0 0 0 0 0 0 0 0 0 0 0 0 0 0 0 0 0 0 0 0 0 0 0 0 0 0 0 0 0 0 0 0 0 0 0 0 0 0 0 0 0 0 0 0 0 0 0 0 0 0 0 0 0 0 0 0 0 0 0 0 0 0 0 0 0 0 0 0 0 0 0 0 0 0 0 0 0 0 0 0 0 0 0 0 0 0 0 0 0 0 0 0 0 0 0 0 0 0 0 0 0 0 0 0 0 0 0 0 0 0 0 0 0 0 0 0 0 0 0 0 0 0 0 0 0 0 0 0 0 0 0 0 0 0 0 0 0 0 0 0 0 0 0 0 0 0 0 0 0 0 0 0 0 0 0 0 0 0 0 0 0 0 0 0 0 0 0 0 0 0 0 0 0 0 0 0 0 0 0 0 0 0 0 0 0 0 0 0 0 0 0 0 0 0 0 0 0 0 0 0 0 0 0 0 0 0 0 0 0 0 0 0 0 0 0 0 0 0 0 0 0 0 0 0 0 0 0 0 0 0 0 0 0 0 0 0 0 0 0 0 0 0 0 0 0 0 0 0 0 0 0 0 0 0 0 0 0 0 0 0 0 0 0 0 0 0 0 0 0 0 0 0 0 0 0 0 0 0 0 0 0 0 0 0 0 0 0 0 0 0 0 0 0 0 0 0 0 0 0 0 0 0 0 0 0 0 0 0 0 0 0 0 0 0 0 0 0 0 0 0 0 0 0 0 0 0 0 0 0 0 0 0 0 0 0 0 0 0 0 0 0 0 0 0 0 0 0 0 0 0 0 0 0 0 0 0 0 0 0 0 0 0 0 0 0 0 0 0 0 0 0 0 0 0 0 0 0 0 0 0 0 0 0 0 0 0 0 0 0 0 0 0 0 0 0 0 0 0 0 0 0 0 0 0 0 0 0 0 0 0 0 0 0 0 0 0 0 0 0 0 0 0 0 0 0 0 0 0 0 0 0 0 0 0 0 0 0 0 0 0 0 0 0 0 0 0 0 0 0 0 0 0 0 0 0 0 0 0 0 0 0 0 0 0 0 0 0 0 0 0 0 0 0 0 0 0 0 0 0 0 0 0 0 0 0 0 0 0 0 0 0 0 0 0 0 0 0 0 0 0 0 0 0 0 0 0 0 0 0 0 0 0 0 0 0 0 0 0 0 0 0 0 0 0 0 0 0 0 0 0 0 0 0 0 0 0 0 0 0 0 0 0 0 0 0 0 0 0 0 0 0 0 0 0 0 0 0 0 0 0 0 0 0 0 0 0 0 0 0 0 0 0 0 0 0 0 0 0 0 0 0 0 0 0 0 0 0 0 0 0 0 0 0 0 0 0 0 0 0 0 0 0 0 0 0 0 0 0 0 0 0 0 0 0 0 0 0 0 0 0 0 0 0 0 0 0 0 0 0 0 0 0 0 0 0 0 0 0 0 0 0 0 0 0 0 0 0 0 0 0 0 0 0 0 0 0 0 0 0 0 0 0 0 0 0 0 0 0 0 0 0 0 0 0 0 0 0 0 0 0 0 0 0 0 0 0 0 0 0 0 0 0 0 0 0 0 0 0 0 0 0 0 0 0 0 0 0 0 0 0 0 0 0 0 0 0 0 0 0 0 0 0 0 0 0 0 0 0 0 0 0 0 0 0 0 0 0 0 0 0 0 0 0 0 0 0 0 0 0 0 0 0 0 0 0 0 0 0 0 0 0 0 0 0 0 0 0 0 0 0 0 0 0 0 0 0 0 0 0 0 0 0 0 0 0 0 0 0 0 0 0 0 0 0 0 0 0 0 0 0 0 0 0 0 0 0 0 0 0 0 0 0 0 0 0 0 0 0 0 0 0 0 0 0 0 0 0 0 0 0 0 0 0 0 0 0 0 0 0 0 0 0 0 0 0 0 0 0 0 0 0 0 0 0 0 0 0 0 0 0 0 0 0 0 0 0 0 0 0 0 0 0 0 0 0 0 0 0 0 0 0 0 0 0 0 0 0 0 0 0 0 0 0 0 0 0 0 0 0 0 0 0 0 0 0 0 0 0 0 0 0 0 0 0 0 0 0 0 0 0 0 0 0 0 0 0 0 0 0 0 0 0 0 0 0 0 0 0 0 0 0 0 0 0 0 0 0 0 0 0 0 0 0 0 0 0 0 0 0 0 0 0 0 0 0 0 0 0 0 0 0 0 0 0 0 0 0 0 0 0 0 0 0 0 0 0 0 0 0 0 0 0 0 0 0 0 0 0 0 0 0 0 0 0 0 0 0 0 0 0 0 0 0 0 0 0 0 0 0 0 0 0 0 0 0 0 0 0 0 0 0 0 0 0 0 0 0 0 0 0 0 0 0 0 0 0 0 0 0 0 0 0 0 0 0 0 0 0 0 0 0 0 0 0 0 0 0 0 0 0 0 0 0 0 0 0 0 0 0 0 0 0 0 0 0 0 0 0 0 0 0 0 0 0 0 0 0 0 0 0 0 0 0 0 0 0 0 0 0 0 0 0 0 0 0 0 0 0 0 0 0 0 0 0 0 0 0 0 0 0 0 0 0 0 0 0 0 0 0 0 0 0 0 0 0 0 0 0 0 0 0 0 0 0 0 0 0 0 0 0 0 0 0 0 0 0 0 0 0 0 0 0 0 0 0 0 0 0 0 0 0 0 0 0 0 0 0 0 0 0 0 0 0 0 0 0 0 0 0 0 0 0 0 0 0 0 0 0 0 0 0 0 0 0 0 0 0 0 0 0 0 0 0 0 0 0 0 0 0 0 0 0 0 0 0 0 0 0 0 0 0 0 0 0 0 0 0 0 0 0 0 0 0 0 0 0 0 0 0 0 0 0 0 0 0 0 0 0 0 0 0 0 0 0 0 0 0 0 0 0 0 0 0 0 0 0 0 0 0 0 0 0 0 0 0 0 0 0 0 0 0 0 0 0 0 0 0 0 0 0 0 0 0 0 0 0 0 0 0 0 0 0 0 0 0 0 0 0 0 0 0 0 0 0 0 0 0 0 0 0 0 0 0 0 0 0 0 0 0 0 0 0 0 0 0 0 0 0 0 0 0 0 0 0 0 0 0 0 0 0 0 0 0 0 0 0 0 0 0 0 0 0 0 0 0 0 0 0 0 0 0 0 0 0 0 0 0 0 0 0 0 0 0 0 0 0 0 0 0 0 0 0 0 0 0 0 0 0 0 0 0 0 0 0 0 0 0 0 0 0 0 0 0 0 0 0 0 0 0 0 0 0 0 0 0 0 0 0 0 0 0 0 0 0 0 0 0 0 0 0 0 0 0 0 0 0 0 0 0 0 0 0 0 0 0 0 0 0 0 0 0 0 0 0 0 0 0 0 0 0 0 0 0 0 0 0 0 0 0 0 0 0 0 0 0 0 0 0 0 0 0 0 0 0 0 0 0 0 0 0 0 0 0 0 0 0 0 0 0 0 0 0 0 0 0 0 0 0 0 0 0 0 0 0 0 0 0 0 0 0 0 0 0 0 0 0 0 0 0 0 0 0 0 0 0 0 0 0 0 0 0 0 0 0 0 0 0 0 0 0 0 0 0 0 0 0 0 0 0 0 0 0 0 0 0 0 0 0 0 0 0 0 0 0 0 0 0 0 0 0 0 0 0 0 0 0 0 0 0 0 0 0 0 0 0 0 0 0 0 0 0 0 0 0 0 0 0 0 0 0 0 0 0 0 0 0 0 0 0 0 0 0 0 0 0 0 0 0 0 0 0 0 0 0 0 0 0 0 0 0 0 0 0 0 0 0 0 0 0 0 0 0 0 0 0 0 0 0 0 0 0 0 0 0 0 0 0 0 0 0 0 0 0 0 0 0 0 0 0 0 0 0 0 0 0 0 0 0 0 0 0 0 0 0 0 0 0 0 0 0 0 0 0 0 0 0 0 0 0 0 0 0 0 0 0 0 0 0 0 0 0 0 0 0 0 0 0 0 0 0 0 0 0 0 0 0 0 0 0 0 0 0 0 0 0 0 0 0 0 0 0 0 0 0 0 0 0 0 0 0 0 0 0 0 0 0 0 0 0 0 0 0 0 0 0 0 0 0 0 0 0 0 0 0 0 0 0 0 0 0 0 0 0 0 0 0 0 0 0 0 0 0 0 0 0 0 0 0 0 0 0 0 0 0 0 0 0 0 0 0 0 0 0 0 0 0 0 0 0 0 0 0 0 0 0 0 0 0 0 0 0 0 0 0 0 0 0 0 0 0 0 0 0 0 0 0 0 0 0 0 0 0 0 0 0 0 0 0 0 0 0 0 0 0 0 0 0 0 0 0 0 0 0 0 0 0 0 0 0 0 0 0 0 0 0 0 0 0 0 0 0 0 0 0 0 0 0 0 0 0 0 0 0 0 0 0 0 0 0 0 0 0 0 0 0 0 0 0 0 0 0 0 0 0 0 0 0 0 0 0 0 0 0 0 0 0 0 0 0 0 0 0 0 0 0 0 0 0 0 0 0 0 0 0 0 0 0 0 0 0 0 0 0 0 0 0 0 0 0 0 0 0 0 0 0 0 0 0 0 0 0 0 0 0 0 0 0 0 0 0 0 0 0 0 0 0 0 0 0 0 0 0 0 0 0 0 0 0 0 0 0 0 0 0 0 0 0 0 0 0 0 0 0 0 0 0 0 0 0 0 0 0 0 0 0 0 0 0 0 0 0 0 0 0 0 0 0 0 0 0 0 0 0 0 0 0 0 0 0 0 0 0 0 0 0 0 0 0 0 0 0 0 0 0 0 0 0 0 0 0 0 0 0 0 0 0 0 0 0 0 0 0 0 0 0 0 0 0 0 0 0 0 0 0 0 0 0 0 0 0 0 0 0 0 0 0 0 0 0 0 0 0 0 0 0 0 0 0 0 0 0 0 0 0 0 0 0 0 0 0 0 0 0 0 0 0 0 0 0 0 0 0 0 0 0 0 0 0 0 0 0 0 0 0 0 0 0 0 0 0 0 0 0 0 0 0 0 0 0 0 0 0 0 0 0 0 0 0 0 0 0 0 0 0 0 0 0 0 0 0 0 0 0 0 0 0 0 0 0 0 0 0 0 0 0 0 0 0 0 0 0 0 0 0 0 0 0 0 0 0 0 0 0 0 0 0 0 0 0 0 0 0 0 0 0 0 0 0 0 0 0 0 0 0 0 0 0 0 0 0 0 0 0 0 0 0 0 0 0 0 0 0 0 0 0 0 0 0 0 0 0 0 0 0 0 0 0 0 0 0 0 0 0 0 0 0 0 0 0 0 0 0 0 0 0 0 0 0 0 0 0 0 0 0 0 0 0 0 0 0 0 0 0 0 0 0 0 0 0 0 0 0 0 0 0 0 0 0 0 0 0 0 0 0 0 0 0 0 0 0 0 0 0 0 0 0 0 0 0 0 0 0 0 0 0 0 0 0 0 0 0 0 0 0 0 0 0 0 0 0 0 0 0 0 0 0 0 0 0 0 0 0 0 0 0 0 0 0 0 0 0 0 0 0 0 0 0 0 0 0 0 0 0 0 0 0 0 0 0 0 0 0 0 0 0 0 0 0 0 0 0 0 0 0 0 0 0 0 0 0 0 0 0 0 0 0 0 0 0 0 0 0 0 0 0 0 0 0 0 0 0 0 0 0 0 0 0 0 0 0 0 0 0 0 0 0 0 0 0 0 0 0 0 0 0 0 0 0 0 0 0 0 0 0 0 0 0 0 0 0 0 0 0 0 0 0 0 0 0 0 0 0 0 0 0 0 0 0 0 0 0 0 0 0 0 0 0 0 0 0 0 0 0 0 0 0 0 0 0 0 0 0 0 0 0 0 0 0 0 0 0 0 0 0 0 0 0 0 0 0 0 0 0 0 0 0 0 0 0 0 0 0 0 0 0 0 0 0 0 0 0 0 0 0 0 0 0 0 0 0 0 0 0 0 0 0 0 0 0 0 0 0 0 0 0 0 0 0 0 0 0 0 0 0 0 0 0 0 0 0 0 0 0 0 0 0 0 0 0 0 0 0 0 0 0 0 0 0 0 0 0 0 0 0 0 0 0 0 0 0 0 0 0 0 0 0 0 0 0 0 0 0 0 0 0 0 0 0 0 0 0 0 0 0 0 0 0 0 0 0 0 0 0 0 0 0 0 0 0 0 0 0 0 0 0 0 0 0 0 0 0 0 0 0 0 0 0 0 0 0 0 0 0 0 0 0 0 0 0 0 0 0 0 0 0 0 0 0 0 0 0 0 0 0 0 0 0 0 0 0 0 0 0 0 0 0 0 0 0 0 0 0 0 0 0 0 0 0 0 0 0 0 0 0 0 0 0 0 0 0 0 0 0 0 0 0 0 0 0 0 0 0 0 0 0 0 0 0 0 0 0 0 0 0 0 0 0 0 0 0 0 0 0 0 0 0 0 0 0 0 0 0 0 0 0 0 0 0 0 0 0 0 0 0 0 0 0 0 0 0 0 0 0 0 0 0 0 0 0 0 0 0 0 0 0 0 0 0 0 0 0 0 0 0 0 0 0 0 0 0 0 0 0 0 0 0 0 0 0 0 0 0 0 0 0 0 0 0 0 0 0 0 0 0 0 0 0 0 0 0 0 0 0 0 0 0 0 0 0 0 0 0 0 0 0 0 0 0 0 0 0 0 0 0 0 0 0 0 0 0 0 0 0 0 0 0 0 0 0 0 0 0 0 0 0 0 0 0 0 0 0 0 0 0 0 0 0 0 0 0 0 0 0 0 0 0 0 0 0 0 0 0 0 0 0 0 0 0 0 0 0 0 0 0 0 0 0 0 0 0 0 0 0 0 0 0 0 0 0 0 0 0 0 0 0 0 0 0 0 0 0 0 0 0 0 0 0 0 0 0 0 0 0 0 0 0 0 0 0 0 0 0 0 0 0 0 0 0 0 0 0 0 0 0 0 0 0 0 0 0 0 0 0 0 0 0 0 0 0 0 0 0 0 0 0 0 0 0 0 0 0 0 0 0 0 0 0 0 0 0 0 0 0 0 0 0 0 0 0 0 0 0 0 0 0 0 0 0 0 0 0 0 0 0 0 0 0 0 0 0 0 0 0 0 0 0 0 0 0 0 0 0 0 0 0 0 0 0 0 0 0 0 0 0 0 0 0 0 0 0 0 0 0 0 0 0 0 0 0 0 0 0 0 0 0 0 0 0 0 0 0 0 0 0 0 0 0 0 0 0 0 0 0 0 0 0 0 0 0 0 0 0 0 0 0 0 0 0 0 0 0 0 0 0 0 0 0 0 0 0 0 0 0 0 0 0 0 0 0 0 0 0 0 0 0 0 0 0 0 0 0 0 0 0 0 0 0 0 0 0 0 0 0 0 0 0 0 0 0 0 0 0 0 0 0 0 0 0 0 0 0 0 0 0 0 0 0 0 0 0 0 0 0 0 0 0 0 0 0 0 0 0 0 0 0 0 0 0 0 0 0 0 0 0 0 0 0 0 0 0 0 0 0 0 0 0 0 0 0 0 0 0 0 0 0 0 0 0 0 0 0 0 0 0 0 0 0 0 0 0 0 0 0 0 0 0 0 0 0 0 0 0 0 0 0 0 0 0 0 0 0 0 0 0 0 0 0 0 0 0 0 0 0 0 0 0 0 0 0 0 0 0 0 0 0 0 0 0 0 0 0 0 0 0 0 0 0 0 0 0 0 0 0 0 0 0 0 0 0 0 0 0 0 0 0 0 0 0 0 0 0 0 0 0 0 0 0 0 0 0 0 0 0 0 0 0 0 0 0 0 0 0 0 0 0 0 0 0 0 0 0 0 0 0 0 0 0 0 0 0 0 0 0 0 0 0 0 0 0 0 0 0 0 0 0 0 0 0 0 0 0 0 0 0 0 0 0 0 0 0 0 0 0 0 0 0 0 0 0 0 0 0 0 0 0 0 0 0 0 0 0 0 0 0 0 0 0 0 0 0 0 0 0 0 0 0 0 0 0 0 0 0 0 0 0 0 0 0 0 0 0 0 0 0 0 0 0 0 0 0 0 0 0 0 0 0 0 0 0 0 0 0 0 0 0 0 0 0 0 0 0 0 0 0 0 0 0 0 0 0 0 0 0 0 0 0 0 0 0 0 0 0 0 0 0 0 0 0 0 0 0 0 0 0 0 0 0 0 0 0 0 0 0 0 0 0 0 0 0 0 0 0 0 0 0 0 0 0 0 0 0 0 0 0 0 0 0 0 0 0 0 0 0 0 0 0 0 0 0 0 0 0 0 0 0 0 0 0 0 0 0 0 0 0 0 0 0 0 0 0 0 0 0 0 0 0 0 0 0 0 0 0 0 0 0 0 0 0 0 0 0 0 0 0 0 0 0 0 0 0 0 0 0 0 0 0 0 0 0 0 0 0 0 0 0 0 0 0 0 0 0 0 0 0 0 0 0 0 0 0 0 0 0 0 0 0 0 0 0 0 0 0 0 0 0 0 0 0 0 0 0 0 0 0 0 0 0 0 0 0 0 0 0 0 0 0 0 0 0 0 0 0 0 0 0 0 0 0 0 0 0 0 0 0 0 0 0 0 0 0 0 0 0 0 0 0 0 0 0 0 0 0 0 0 0 0 0 0 0 0 0 0 0 0 0 0 0 0 0 0 0 0 0 0 0 0 0 0 0 0 0 0 0 0 0 0 0 0 0 0 0 0 0 0 0 0 0 0 0 0 0 0 0 0 0 0 0 0 0 0 0 0 0 0 0 0 0 0 0 0 0 0 0 0 0 0 0 0 0 0 0 0 0 0 0 0 0 0 0 0 0 0 0 0 0 0 0 0 0 0 0 0 0 0 0 0 0 0 0 0 0 0 0 0 0 0 0 0 0 0 0 0 0 0 0 0 0 0 0 0 0 0 0 0 0 0 0 0 0 0 0 0 0 0 0 0 0 0 0 0 0 0 0 0 0 0 0 0 0 0 0 0 0 0 0 0 0 0 0 0 0 0 0 0 0 0 0 0 0 0 0 0 0 0 0 0 0 0 0 0 0 0 0 0 0 0 0 0 0 0 0 0 0 0 0 0 0 0 0 0 0 0 0 0 0 0 0 0 0 0 0 0 0 0 0 0 0 0 0 0 0 0 0 0 0 0 0 0 0 0 0 0 0 0 0 0 0 0 0 0 0 0 0 0 0 0 0 0 0 0 0 0 0 0 0 0 0 0 0 0 0 0 0 0 0 0 0 0 0 0 0 0 0 0 0 0 0 0 0 0 0 0 0 0 0 0 0 0 0 0 0 0 0 0 0 0 0 0 0 0 0 0 0 0 0 0 0 0 0 0 0 0 0 0 0 0 0 0 0 0 0 0 0 0 0 0 0 0 0 0 0 0 0 0 0 0 0 0 0 0 0 0 0 0 0 0 0 0 0 0 0 0 0 0 0 0 0 0 0 0 0 0 0 0 0 0 0 0 0 0 0 0 0 0 0 0 0 0 0 0 0 0 0 0 0 0 0 0 0 0 0 0 0 0 0 0 0 0 0 0 0 0 0 0 0 0 0 0 0 0 0 0 0 0 0 0 0 0 0 0 0 0 0 0 0 0 0 0 0 0 0 0 0 0 0 0 0 0 0 0 0 0 0 0 0 0 0 0 0 0 0 0 0 0 0 0 0 0 0 0 0 0 0 0 0 0 0 0 0 0 0 0 0 0 0 0 0 0 0 0 0 0 0 0 0 0 0 0 0 0 0 0 0 0 0 0 0 0 0 0 0 0 0 0 0 0 0 0 0 0 0 0 0 0 0 0 0 0 0 0 0 0 0 0 0 0 0 0 0 0 0 0 0 0 0 0 0 0 0 0 0 0 0 0 0 0 0 0 0 0 0 0 0 0 0 0 0 0 0 0 0 0 0 0 0 0 0 0 0 0 0 0 0 0 0 0 0 0 0 0 0 0 0 0 0 0 0 0 0 0 0 0 0 0 0 0 0 0 0 0 0 0 0 0 0 0 0 0 0 0 0 0 0 0 0 0 0 0 0 0 0 0 0 0 0 0 0 0 0 0 0 0 0 0 0 0 0 0 0 0 0 0 0 0 0 0 0 0 0 0 0 0 0 0 0 0 0 0 0 0 0 0 0 0 0 0 0 0 0 0 0 0 0 0 0 0 0 0 0 0 0 0 0 0 0 0 0 0 0 0 0 0 0 0 0 0 0 0 0 0 0 0 0 0 0 0 0 0 0 0 0 0 0 0 0 0 0 0 0 0 0 0 0 0 0 0 0 0 0 0 0 0 0 0 0 0 0 0 0 0 0 0 0 0 0 0 0 0 0 0 0 0 0 0 0 0 0 0 0 0 0 0 0 0 0 0 0 0 0 0 0 0 0 0 0 0 0 0 0 0 0 0 0 0 0 0 0 0 0 0 0 0 0 0 0 0 0 0 0 0 0 0 0 0 0 0 0 0 0 0 0 0 0 0 0 0 0 0 0 0 0 0 0 0 0 0 0 0 0 0 0 0 0 0 0 0 0 0 0 0 0 0 0 0 0 0 0 0 0 0 0 0 0 0 0 0 0 0 0 0 0 0 0 0 0 0 0 0 0 0 0 0 0 0 0 0 0 0 0 0 0 0 0 0 0 0 0 0 0 0 0 0 0 0 0 0 0 0 0 0 0 0 0 0 0 0 0 0 0 0 0 0 0 0 0 0 0 0 0 0 0 0 0 0 0 0 0 0 0 0 0 0 0 0 0 0 0 0 0 0 0 0 0 0 0 0 0 0 0 0 0 0 0 0 0 0 0 0 0 0 0 0 0 0 0 0 0 0 0 0 0 0 0 0 0 0 0 0 0 0 0 0 0 0 0 0 0 0 0 0 0 0 0 0 0 0 0 0 0 0 0 0 0 0 0 0 0 0 0 0 0 0 0 0 0 0 0 0 0 0 0 0 0 0 0 0 0 0 0 0 0 0 0 0 0 0 0 0 0 0 0 0 0 0 0 0 0 0 0 0 0 0 0 0 0 0 0 0 0 0 0 0 0 0 0 0 0 0 0 0 0 0 0 0 0 0 0 0 0 0 0 0 0 0 0 0 0 0 0 0 0 0 0 0 0 0 0 0 0 0 0 0 0 0 0 0 0 0 0 0 0 0 0 0 0 0 0 0 0 0 0 0 0 0 0 0 0 0 0 0 0 0 0 0 0 0 0 0 0 0 0 0 0 0 0 0 0 0 0 0 0 0 0 0 0 0 0 0 0 0 0 0 0 0 0 0 0 0 0 0 0 0 0 0 0 0 0 0 0 0 0 0 0 0 0 0 0 0 0 0 0 0 0 0 0 0 0 0 0 0 0 0 0 0 0 0 0 0 0 0 0 0 0 0 0 0 0 0 0 0 0 0 0 0 0 0 0 0 0 0 0 0 0 0 0 0 0 0 0 0 0 0 0 0 0 0 0 0 0 0 0 0 0 0 0 0 0 0 0 0 0 0 0 0 0 0 0 0 0 0 0 0 0 0 0 0 0 0 0 0 0 0 0 0 0 0 0 0 0 0 0 0 0 0 0 0 0 0 0 0 0 0 0 0 0 0 0 0 0 0 0 0 0 0 0 0 0 0 0 0 0 0 0 0 0 0 0 0 0 0 0 0 0 0 0 0 0 0 0 0 0 0 0 0 0 0 0 0 0 0 0 0 0 0 0 0 0 0 0 0 0 0 0 0 0 0 0 0 0 0 0 0 0 0 0 0 0 0 0 0 0 0 0 0 0 0 0 0 0 0 0 0 0 0 0 0 0 0 0 0 0 0 0 0 0 0 0 0 0 0 0 0 0 0 0 0 0 0 0 0 0 0 0 0 0 0 0 0 0 0 0 0 0 0 0 0 0 0 0 0 0 0 0 0 0 0 0 0 0 0 0 0 0 0 0 0 0 0 0 0 0 0 0 0 0 0 0 0 0 0 0 0 0 0 0 0 0 0 0 0 0 0 0 0 0 0 0 0 0 0 0 0 0 0 0 0 0 0 0 0 0 0 0 0 0 0 0 0 0 0 0 0 0 0 0 0 0 0 0 0 0 0 0 0 0 0 0 0 0 0 0 0 0 0 0 0 0 0 0 0 0 0 0 0 0 0 0 0 0 0 0 0 0 0 0 0 0 0 0 0 0 0 0 0 0 0 0 0 0 0 0 0 0 0 0 0 0 0 0 0 0 0 0 0 0 0 0 0 0 0 0 0 0 0 0 0 0 0 0 0 0 0 0 0 0 0 0 0 0 0 0 0 0 0 0 0 0 0 0 0 0 0 0 0 0 0 0 0 0 0 0 0 0 0 0 0 0 0 0 0 0 0 0 0 0 0 0 0 0 0 0 0 0 0 0 0 0 0 0 0 0 0 0 0 0 0 0 0 0 0 0 0 0 0 0 0 0 0 0 0 0 0 0 0 0 0 0 0 0 0 0 0 0 0 0 0 0 0 0 0 0 0 0 0 0 0 0 0 0 0 0 0 0 0 0 0 0 0 0 0 0 0 0 0 0 0 0 0 0 0 0 0 0 0 0 0 0 0 0 0 0 0 0 0 0 0 0 0 0 0 0 0 0 0 0 0 0 0 0 0 0 0 0 0 0 0 0 0 0 0 0 0 0 0 0 0 0 0 0 0 0 0 0 0 0 0 0 0 0 0 0 0 0 0 0 0 0 0 0 0 0 0 0 0 0 0 0 0 0 0 0 0 0 0 0 0 0 0 0 0 0 0 0 0 0 0 0 0 0 0 0 0 0 0 0 0 0 0 0 0 0 0 0 0 0 0 0 0 0 0 0 0 0 0 0 0 0 0 0 0 0 0 0 0 0 0 0 0 0 0 0 0 0 0 0 0 0 0 0 0 0 0 0 0 0 0 0 0 0 0 0 0 0 0 0 0 0 0 0 0 0 0 0 0 0 0 0 0 0 0 0 0 0 0 0 0 0 0 0 0 0 0 0 0 0 0 0 0 0 0 0 0 0 0 0 0 0 0 0 0 0 0 0 0 0 0 0 0 0 0 0 0 0 0 0 0 0 0 0 0 0 0 0 0 0 0 0 0 0 0 0 0 0 0 0 0 0 0 0 0 0 0 0 0 0 0 0 0 0 0 0 0 0 0 0 0 0 0 0 0 0 0 0 0 0 0 0 0 0 0 0 0 0 0 0 0 0 0 0 0 0 0 0 0 0 0 0 0 0 0 0 0 0 0 0 0 0 0 0 0 0 0 0 0 0 0 0 0 0 0 0 0 0 0 0 0 0 0 0 0 0 0 0 0 0 0 0 0 0 0 0 0 0 0 0 0 0 0 0 0 0 0 0 0 0 0 0 0 0 0 0 0 0 0 0 0 0 0 0 0 0 0 0 0 0 0 0 0 0 0 0 0 0 0 0 0 0 0 0 0 0 0 0 0 0 0 0 0 0 0 0 0 0 0 0 0 0 0 0 0 0 0 0 0 0 0 0 0 0 0 0 0 0 0 0 0 0 0 0 0 0 0 0 0 0 0 0 0 0 0 0 0 0 0 0 0 0 0 0 0 0 0 0 0 0 0 0 0 0 0 0 0 0 0 0 0 0 0 0 0 0 0 0 0 0 0 0 0 0 0 0 0 0 0 0 0 0 0 0 0 0 0 0 0 0 0 0 0 0 0 0 0 0 0 0 0 0 0 0 0 0 0 0 0 0 0 0 0 0 0 0 0 0 0 0 0 0 0 0 0 0 0 0 0 0 0 0 0 0 0 0 0 0 0 0 0 0 0 0 0 0 0 0 0 0 0 0 0 0 0 0 0 0 0 0 0 0 0 0 0 0 0 0 0 0 0 0 0 0 0 0 0 0 0 0 0 0 0 0 0 0 0 0 0 0 0 0 0 0 0 0 0 0 0 0 0 0 0 0 0 0 0 0 0 0 0 0 0 0 0 0 0 0 0 0 0 0 0 0 0 0 0 0 0 0 0 0 0 0 0 0 0 0 0 0 0 0 0 0 0 0 0 0 0 0 0 0 0 0 0 0 0 0 0 0 0 0 0 0 0 0 0 0 0 0 0 0 0 0 0 0 0 0 0 0 0 0 0 0 0 0 0 0 0 0 0 0 0 0 0 0 0 0 0 0 0 0 0 0 0 0 0 0 0 0 0 0 0 0 0 0 0 0 0 0 0 0 0 0 0 0 0 0 0 0 0 0 0 0 0 0 0 0 0 0 0 0 0 0 0 0 0 0 0 0 0 0 0 0 0 0 0 0 0 0 0 0 0 0 0 0 0 0 0 0 0 0 0 0 0 0 0 0 0 0 0 0 0 0 0 0 0 0 0 0 0 0 0 0 0 0 0 0 0 0 0 0 0 0 0 0 0 0 0 0 0 0 0 0 0 0 0 0 0 0 0 0 0 0 0 0 0 0 0 0 0 0 0 0 0 0 0 0 0 0 0 0 0 0 0 0 0 0 0 0 0 0 0 0 0 0 0 0 0 0 0 0 0 0 0 0 0 0 0 0 0 0 0 0 0 0 0 0 0 0 0 0 0 0 0 0 0 0 0 0 0 0 0 0 0 0 0 0 0 0 0 0 0 0 0 0 0 0 0 0 0 0 0 0 0 0 0 0 0 0 0 0 0 0 0 0 0 0 0 0 0 0 0 0 0 0 0 0 0 0 0 0 0 0 0 0 0 0 0 0 0 0 0 0 0 0 0 0 0 0 0 0 0 0 0 0 0 0 0 0 0 0 0 0 0 0 0 0 0 0 0 0 0 0 0 0 0 0 0 0 0 0 0 0 0 0 0 0 0 0 0 0 0 0 0 0 0 0 0 0 0 0 0 0 0 0 0 0 0 0 0 0 0 0 0 0 0 0 0 0 0 0 0 0 0 0 0 0 0 0 0 0 0 0 0 0 0 0 0 0 0 0 0 0 0 0 0 0 0 0 0 0 0 0 0 0 0 0 0 0 0 0 0 0 0 0 0 0 0 0 0 0 0 0 0 0 0 0 0 0 0 0 0 0 0 0 0 0 0 0 0 0 0 0 0 0 0 0 0 0 0 0 0 0 0 0 0 0 0 0 0 0 0 0 0 0 0 0 0 0 0 0 0 0 0 0 0 0 0 0 0 0 0 0 0 0 0 0 0 0 0 0 0 0 0 0 0 0 0 0 0 0 0 0 0 0 0 0 0 0 0 0 0 0 0 0 0 0 0 0 0 0 0 0 0 0 0 0 0 0 0 0 0 0 0 0 0 0 0 0 0 0 0 0 0 0 0 0 0 0 0 0 0 0 0 0 0 0 0 0 0 0 0 0 0 0 0 0 0 0 0 0 0 0 0 0 0 0 0 0 0 0 0 0 0 0 0 0 0 0 0 0 0 0 0 0 0 0 0 0 0 0 0 0 0 0 0 0 0 0 0 0 0 0 0 0 0 0 0 0 0 0 0 0 0 0 0 0 0 0 0 0 0 0 0 0 0 0 0 0 0 0 0 0 0 0 0 0 0 0 0 0 0 0 0 0 0 0 0 0 0 0 0 0 0 0 0 0 0 0 0 0 0 0 0 0 0 0 0 0 0 0 0 0 0 0 0 0 0 0 0 0 0 0 0 0 0 0 0 0 0 0 0 0 0 0 0 0 0 0 0 0 0 0 0 0 0 0 0 0 0 0 0 0 0 0 0 0 0 0 0 0 0 0 0 0 0 0 0 0 0 0 0 0 0 0 0 0 0 0 0 0 0 0 0 0 0 0 0 0 0 0 0 0 0 0 0 0 0 0 0 0 0 0 0 0 0 0 0 0 0 0 0 0 0 0 0 0 0 0 0 0 0 0 0 0 0 0 0 0 0 0 0 0 0 0 0 0 0 0 0 0 0 0 0 0 0 0 0 0 0 0 0 0 0 0 0 0 0 0 0 0 0 0 0 0 0 0 0 0 0 0 0 0 0 0 0 0 0 0 0 0 0 0 0 0 0 0 0 0 0 0 0 0 0 0 0 0 0 0 0 0 0 0 0 0 0 0 0 0 0 0 0 0 0 0 0 0 0 0 0 0 0 0 0 0 0 0 0 0 0 0 0 0 0 0 0 0 0 0 0 0 0 0 0 0 0 0 0 0 0 0 0 0 0 0 0 0 0 0 0 0 0 0 0 0 0 0 0 0 0 0 0 0 0 0 0 0 0 0 0 0 0 0 0 0 0 0 0 0 0 0 0 0 0 0 0 0 0 0 0 0 0 0 0 0 0 0 0 0 0 0 0 0 0 0 0 0 0 0 0 0 0 0 0 0 0 0 0 0 0 0 0 0 0 0 0 0 0 0 0 0 0 0 0 0 0 0 0 0 0 0 0 0 0 0 0 0 0 0 0 0 0 0 0 0 0 0 0 0 0 0 0 0 0 0 0 0 0 0 0 0 0 0 0 0 0 0 0 0 0 0 0 0 0 0 0 0 0 0 0 0 0 0 0 0 0 0 0 0 0 0 0 0 0 0 0 0 0 0 0 0 0 0 0 0 0 0 0 0 0 0 0 0 0 0 0 0 0 0 0 0 0 0 0 0 0 0 0 0 0 0 0 0 0 0 0 0 0 0 0 0 0 0 0 0 0 0 0 0 0 0 0 0 0 0 0 0 0 0 0 0 0 0 0 0 0 0 0 0 0 0 0 0 0 0 0 0 0 0 0 0 0 0 0 0 0 0 0 0 0 0 0 0 0 0 0 0 0 0 0 0 0 0 0 0 0 0 0 0 0 0 0 0 0 0 0 0 0 0 0 0 0 0 0 0 0 0 0 0 0 0 0 0 0 0 0 0 0 0 0 0 0 0 0 0 0 0 0 0 0 0 0 0 0 0 0 0 0 0 0 0 0 0 0 0 0 0 0 0 0 0 0 0 0 0 0 0 0 0 0 0 0 0 0 0 0 0 0 0 0 0 0 0 0 0 0 0 0 0 0 0 0 0 0 0 0 0 0 0 0 0 0 0 0 0 0 0 0 0 0 0 0 0 0 0 0 0 0 0 0 0 0 0 0 0 0 0 0 0 0 0 0 0 0 0 0 0 0 0 0 0 0 0 0 0 0 0 0 0 0 0 0 0 0 0 0 0 0 0 0 0 0 0 0 0 0 0 0 0 0 0 0 0 0 0 0 0 0 0 0 0 0 0 0 0 0 0 0 0 0 0 0 0 0 0 0 0 0 0 0 0 0 0 0 0 0 0 0 0 0 0 0 0 0 0 0 0 0 0 0 0 0 0 0 0 0 0 0 0 0 0 0 0 0 0 0 0 0 0 0 0 0 0 0 0 0 0 0 0 0 0 0 0 0 0 0 0 0 0 0 0 0 0 0 0 0 0 0 0 0 0 0 0 0 0 0 0 0 0 0 0 0 0 0 0 0 0 0 0 0 0 0 0 0 0 0 0 0 0 0 0 0 0 0 0 0 0 0 0 0 0 0 0 0 0 0 0 0 0 0 0 0 0 0 0 0 0 0 0 0 0 0 0 0 0 0 0 0 0 0 0 0 0 0 0 0 0 0 0 0 0 0 0 0 0 0 0 0 0 0 0 0 0 0 0 0 0 0 0 0 0 0 0 0 0 0 0 0 0 0 0 0 0 0 0 0 0 0 0 0 0 0 0 0 0 0 0 0 0 0 0 0 0 0 0 0 0 0 0 0 0 0 0 0 0 0 0 0 0 0 0 0 0 0 0 0 0 0 0 0 0 0 0 0 0 0 0 0 0 0 0 0 0 0 0 0 0 0 0 0 0 0 0 0 0 0 0 0 0 0 0 0 0 0 0 0 0 0 0 0 0 0 0 0 0 0 0 0 0 0 0 0 0 0 0 0 0 0 0 0 0 0 0 0 0 0 0 0 0 0 0 0 0 0 0 0 0 0 0 0 0 0 0 0 0 0 0 0 0 0 0 0 0 0 0 0 0 0 0 0 0 0 0 0 0 0 0 0 0 0 0 0 0 0 0 0 0 0 0 0 0 0 0 0 0 0 0 0 0 0 0 0 0 0 0 0 0 0 0 0 0 0 0 0 0 0 0 0 0 0 0 0 0 0 0 0 0 0 0 0 0 0 0 0 0 0 0 0 0 0 0 0 0 0 0 0 0 0 0 0 0 0 0 0 0 0 0 0 0 0 0 0 0 0 0 0 0 0 0 0 0 0 0 0 0 0 0 0 0 0 0 0 0 0 0 0 0 0 0 0 0 0 0 0 0 0 0 0 0 0 0 0 0 0 0 0 0 0 0 0 0 0 0 0 0 0 0 0 0 0 0 0 0 0 0 0 0 0 0 0 0 0 0 0 0 0 0 0 0 0 0 0 0 0 0 0 0 0 0 0 0 0 0 0 0 0 0 0 0 0 0 0 0 0 0 0 0 0 0 0 0 0 0 0 0 0 0 0 0 0 0 0 0 0 0 0 0 0 0 0 0 0 0 0 0 0 0 0 0 0 0 0 0 0 0 0 0 0 0 0 0 0 0 0 0 0 0 0 0 0 0 0 0 0 0 0 0 0 0 0 0 0 0 0 0 0 0 0 0 0 0 0 0 0 0 0 0 0 0 0 0 0 0 0 0 0 0 0 0 0 0 0 0 0 0 0 0 0 0 0 0 0 0 0 0 0 0 0 0 0 0 0 0 0 0 0 0 0 0 0 0 0 0 0 0 0 0 0 0 0 0 0 0 0 0 0 0 0 0 0 0 0 0 0 0 0 0 0 0 0 0 0 0 0 0 0 0 0 0 0 0 0 0 0 0 0 0 0 0 0 0 0 0 0 0 0 0 0 0 0 0 0 0 0 0 0 0 0 0 0 0 0 0 0 0 0 0 0 0 0 0 0 0 0 0 0 0 0 0 0 0 0 0 0 0 0 0 0 0 0 0 0 0 0 0 0 0 0 0 0 0 0 0 0 0 0 0 0 0 0 0 0 0 0 0 0 0 0 0 0 0 0 0 0 0 0 0 0 0 0 0 0 0 0 0 0 0 0 0 0 0 0 0 0 0 0 0 0 0 0 0 0 0 0 0 0 0 0 0 0 0 0 0 0 0 0 0 0 0 0 0 0 0 0 0 0 0 0 0 0 0 0 0 0 0 0 0 0 0 0 0 0 0 0 0 0 0 0 0 0 0 0 0 0 0 0 0 0 0 0 0 0 0 0 0 0 0 0 0 0 0 0 0 0 0 0 0 0 0 0 0 0 0 0 0 0 0 0 0 0 0 0 0 0 0 0 0 0 0 0 0 0 0 0 0 0 0 0 0 0 0 0 0 0 0 0 0 0 0 0 0 0 0 0 0 0 0 0 0 0 0 0 0 0 0 0 0 0 0 0 0 0 0 0 0 0 0 0 0 0 0 0 0 0 0 0 0 0 0 0 0 0 0 0 0 0 0 0 0 0 0 0 0 0 0 0 0 0 0 0 0 0 0 0 0 0 0 0 0 0 0 0 0 0 0 0 0 0 0 0 0 0 0 0 0 0 0 0 0 0 0 0 0 0 0 0 0 0 0 0 0 0 0 0 0 0 0 0 0 0 0 0 0 0 0 0 0 0 0 0 0 0 0 0 0 0 0 0 0 0 0 0 0 0 0 0 0 0 0 0 0 0 0 0 0 0 0 0 0 0 0 0 0 0 0 0 0 0 0 0 0 0 0 0 0 0 0 0 0 0 0 0 0 0 0 0 0 0 0 0 0 0 0 0 0 0 0 0 0 0 0 0 0 0 0 0 0 0 0 0 0 0 0 0 0 0 0 0 0 0 0 0 0 0 0 0 0 0 0 0 0 0 0 0 0 0 0 0 0 0 0 0 0 0 0 0 0 0 0 0 0 0 0 0 0 0 0 0 0 0 0 0 0 0 0 0 0 0 0 0 0 0 0 0 0 0 0 0 0 0 0 0 0 0 0 0 0 0 0 0 0 0 0 0 0 0 0 0 0 0 0 0 0 0 0 0 0 0 0 0 0 0 0 0 0 0 0 0 0 0 0 0 0 0 0 0 0 0 0 0 0 0 0 0 0 0 0 0 0 0 0 0 0 0 0 0 0 0 0 0 0 0 0 0 0 0 0 0 0 0 0 0 0 0 0 0 0 0 0 0 0 0 0 0 0 0 0 0 0 0 0 0 0 0 0 0 0 0 0 0 0 0 0 0 0 0 0 0 0 0 0 0 0 0 0 0 0 0 0 0 0 0 0 0 0 0 0 0 0 0 0 0 0 0 0 0 0 0 0 0 0 0 0 0 0 0 0 0 0 0 0 0 0 0 0 0 0 0 0 0 0 0 0 0 0 0 0 0 0 0 0 0 0 0 0 0 0 0 0 0 0 0 0 0 0 0 0 0 0 0 0 0 0 0 0 0 0 0 0 0 0 0 0 0 0 0 0 0 0 0 0 0 0 0 0 0 0 0 0 0 0 0 0 0 0 0 0 0 0 0 0 0 0 0 0 0 0 0 0 0 0 0 0 0 0 0 0 0 0 0 0 0 0 0 0 0 0 0 0 0 0 0 0 0 0 0 0 0 0 0 0 0 0 0 0 0 0 0 0 0 0 0 0 0 0 0 0 0 0 0 0 0 0 0 0 0 0 0 0 0 0 0 0 0 0 0 0 0 0 0 0 0 0 0 0 0 0 0 0 0 0 0 0 0 0 0 0 0 0 0 0 0 0 0 0 0 0 0 0 0 0 0 0 0 0 0 0 0 0 0 0 0 0 0 0 0 0 0 0 0 0 0 0 0 0 0 0 0 0 0 0 0 0 0 0 0 0 0 0 0 0 0 0 0 0 0 0 0 0 0 0 0 0 0 0 0 0 0 0 0 0 0 0 0 0 0 0 0 0 0 0 0 0 0 0 0 0 0 0 0 0 0 0 0 0 0 0 0 0 0 0 0 0 0 0 0 0 0 0 0 0 0 0 0 0 0 0 0 0 0 0 0 0 0 0 0 0 0 0 0 0 0 0 0 0 0 0 0 0 0 0 0 0 0 0 0 0 0 0 0 0 0 0 0 0 0 0 0 0 0 0 0 0 0 0 0 0 0 0 0 0 0 0 0 0 0 0 0 0 0 0 0 0 0 0 0 0 0 0 0 0 0 0 0 0 0 0 0 0 0 0 0 0 0 0 0 0 0 0 0 0 0 0 0 0 0 0 0 0 0 0 0 0 0 0 0 0 0 0 0 0 0 0 0 0 0 0 0 0 0 0 0 0 0 0 0 0 0 0 0 0 0 0 0 0 0 0 0 0 0 0 0 0 0 0 0 0 0 0 0 0 0 0 0 0 0 0 0 0 0 0 0 0 0 0 0 0 0 0 0 0 0 0 0 0 0 0 0 0 0 0 0 0 0 0 0 0 0 0 0 0 0 0 0 0 0 0 0 0 0 0 0 0 0 0 0 0 0 0 0 0 0 0 0 0 0 0 0 0 0 0 0 0 0 0 0 0 0 0 0 0 0 0 0 0 0 0 0 0 0 0 0 0 0 0 0 0 0 0 0 0 0 0 0 0 0 0 0 0 0 0 0 0 0 0 0 0 0 0 0 0 0 0 0 0 0 0 0 0 0 0 0 0 0 0 0 0 0 0 0 0 0 0 0 0 0 0 0 0 0 0 0 0 0 0 0 0 0 0 0 0 0 0 0 0 0 0 0 0 0 0 0 0 0 0 0 0 0 0 0 0 0 0 0 0 0 0 0 0 0 0 0 0 0 0 0 0 0 0 0 0 0 0 0 0 0 0 0 0 0 0 0 0 0 0 0 0 0 0 0 0 0 0 0 0 0 0 0 0 0 0 0 0 0 0 0 0 0 0 0 0 0 0 0 0 0 0 0 0 0 0 0 0 0 0 0 0 0 0 0 0 0 0 0 0 0 0 0 0 0 0 0 0 0 0 0 0 0 0 0 0 0 0 0 0 0 0 0 0 0 0 0 0 0 0 0 0 0 0 0 0 0 0 0 0 0 0 0 0 0 0 0 0 0 0 0 0 0 0 0 0 0 0 0 0 0 0 0 0 0 0 0 0 0 0 0 0 0 0 0 0 0 0 0 0 0 0 0 0 0 0 0 0 0 0 0 0 0 0 0 0 0 0 0 0 0 0 0 0 0 0 0 0 0 0 0 0 0 0 0 0 0 0 0 0 0 0 0 0 0 0 0 0 0 0 0 0 0 0 0 0 0 0 0 0 0 0 0 0 0 0 0 0 0 0 0 0 0 0 0 0 0 0 0 0 0 0 0 0 0 0 0 0 0 0 0 0 0 0 0 0 0 0 0 0 0 0 0 0 0 0 0 0 0 0 0 0 0 0 0 0 0 0 0 0 0 0 0 0 0 0 0 0 0 0 0 0 0 0 0 0 0 0 0 0 0 0 0 0 0 0 0 0 0 0 0 0 0 0 0 0 0 0 0 0 0 0 0 0 0 0 0 0 0 0 0 0 0 0 0 0 0 0 0 0 0 0 0 0 0 0 0 0 0 0 0 0 0 0 0 0 0 0 0 0 0 0 0 0 0 0 0 0 0 0 0 0 0 0 0 0 0 0 0 0 0 0 0 0 0 0 0 0 0 0 0 0 0 0 0 0 0 0 0 0 0 0 0 0 0 0 0 0 0 0 0 0 0 0 0 0 0 0 0 0 0 0 0 0 0 0 0 0 0 0 0 0 0 0 0 0 0 0 0 0 0 0 0 0 0 0 0 0 0 0 0 0 0 0 0 0 0 0 0 0 0 0 0 0 0 0 0 0 0 0 0 0 0 0 0 0 0 0 0 0 0 0 0 0 0 0 0 0 0 0 0 0 0 0 0 0 0 0 0 0 0 0 0 0 0 0 0 0 0 0 0 0 0 0 0 0 0 0 0 0 0 0 0 0 0 0 0 0 0 0 0 0 0 0 0 0 0 0 0 0 0 0 0 0 0 0 0 0 0 0 0 0 0 0 0 0 0 0 0 0 0 0 0 0 0 0 0 0 0 0 0 0 0 0 0 0 0 0 0 0 0 0 0 0 0 0 0 0 0 0 0 0 0 0 0 0 0 0 0 0 0 0 0 0 0 0 0 0 0 0 0 0 0 0 0 0 0 0 0 0 0 0 0 0 0 0 0 0 0 0 0 0 0 0 0 0 0 0 0 0 0 0 0 0 0 0 0 0 0 0 0 0 0 0 0 0 0 0 0 0 0 0 0 0 0 0 0 0 0 0 0 0 0 0 0 0 0 0 0 0 0 0 0 0 0 0 0 0 0 0 0 0 0 0 0 0 0 0 0 0 0 0 0 0 0 0 0 0 0 0 0 0 0 0 0 0 0 0 0 0 0 0 0 0 0 0 0 0 0 0 0 0 0 0 0 0 0 0 0 0 0 0 0 0 0 0 0 0 0 0 0 0 0 0 0 0 0 0 0 0 0 0 0 0 0 0 0 0 0 0 0 0 0 0 0 0 0 0 0 0 0 0 0 0 0 0 0 0 0 0 0 0 0 0 0 0 0 0 0 0 0 0 0 0 0 0 0 0 0 0 0 0 0 0 0 0 0 0 0 0 0 0 0 0 0 0 0 0 0 0 0 0 0 0 0 0 0 0 0 0 0 0 0 0 0 0 0 0 0 0 0 0 0 0 0 0 0 0 0 0 0 0 0 0 0 0 0 0 0 0 0 0 0 0 0 0 0 0 0 0 0 0 0 0 0 0 0 0 0 0 0 0 0 0 0 0 0 0 0 0 0 0 0 0 0 0 0 0 0 0 0 0 0 0 0 0 0 0 0 0 0 0 0 0 0 0 0 0 0 0 0 0 0 0 0 0 0 0 0 0 0 0 0 0 0 0 0 0 0 0 0 0 0 0 0 0 0 0 0 0 0 0 0 0 0 0 0 0 0 0 0 0 0 0 0 0 0 0 0 0 0 0 0 0 0 0 0 0 0 0 0 0 0 0 0 0 0 0 0 0 0 0 0 0 0 0 0 0 0 0 0 0 0 0 0 0 0 0 0 0 0 0 0 0 0 0 0 0 0 0 0 0 0 0 0 0 0 0 0 0 0 0 0 0 0 0 0 0 0 0 0 0 0 0 0 0 0 0 0 0 0 0 0 0 0 0 0 0 0 0 0 0 0 0 0 0 0 0 0 0 0 0 0 0 0 0 0 0 0 0 0 0 0 0 0 0 0 0 0 0 0 0 0 0 0 0 0 0 0 0 0 0 0 0 0 0 0 0 0 0 0 0 0 0 0 0 0 0 0 0 0 0 0 0 0 0 0 0 0 0 0 0 0 0 0 0 0 0 0 0 0 0 0 0 0 0 0 0 0 0 0 0 0 0 0 0 0 0 0 0 0 0 0 0 0 0 0 0 0 0 0 0 0 0 0 0 0 0 0 0 0 0 0 0 0 0 0 0 0 0 0 0 0 0 0 0 0 0 0 0 0 0 0 0 0 0 0 0 0 0 0 0 0 0 0 0 0 0 0 0 0 0 0 0 0 0 0 0 0 0 0 0 0 0 0 0 0 0 0 0 0 0 0 0 0 0 0 0 0 0 0 0 0 0 0 0 0 0 0 0 0 0 0 0 0 0 0 0 0 0 0 0 0 0 0 0 0 0 0 0 0 0 0 0 0 0 0 0 0 0 0 0 0 0 0 0 0 0 0 0 0 0 0 0 0 0 0 0 0 0 0 0 0 0 0 0 0 0 0 0 0 0 0 0 0 0 0 0 0 0 0 0 0 0 0 0 0 0 0 0 0 0 0 0 0 0 0 0 0 0 0 0 0 0 0 0 0 0 0 0 0 0 0 0 0 0 0 0 0 0 0 0 0 0 0 0 0 0 0 0 0 0 0 0 0 0 0 0 0 0 0 0 0 0 0 0 0 0 0 0 0 0 0 0 0 0 0 0 0 0 0 0 0 0 0 0 0 0 0 0 0 0 0 0 0 0 0 0 0 0 0 0 0 0 0 0 0 0 0 0 0 0 0 0 0 0 0 0 0 0 0 0 0 0 0 0 0 0 0 0 0 0 0 0 0 0 0 0 0 0 0 0 0 0 0 0 0 0 0 0 0 0 0 0 0 0 0 0 0 0 0 0 0 0 0 0 0 0 0 0 0 0 0 0 0 0 0 0 0 0 0 0 0 0 0 0 0 0 0 0 0 0 0 0 0 0 0 0 0 0 0 0 0 0 0 0 0 0 0 0 0 0 0 0 0 0 0 0 0 0 0 0 0 0 0 0 0 0 0 0 0 0 0 0 0 0 0 0 0 0 0 0 0 0 0 0 0 0 0 0 0 0 0 0 0 0 0 0 0 0 0 0 0 0 0 0 0 0 0 0 0 0 0 0 0 0 0 0 0 0 0 0 0 0 0 0 0 0 0 0 0 0 0 0 0 0 0 0 0 0 0 0 0 0 0 0 0 0 0 0 0 0 0 0 0 0 0 0 0 0 0 0 0 0 0 0 0 0 0 0 0 0 0 0 0 0 0 0 0 0 0 0 0 0 0 0 0 0 0 0 0 0 0 0 0 0 0 0 0 0 0 0 0 0 0 0 0 0 0 0 0 0 0 0 0 0 0 0 0 0 0 0 0 0 0 0 0 0 0 0 0 0 0 0 0 0 0 0 0 0 0 0 0 0 0 0 0 0 0 0 0 0 0 0 0 0 0 0 0 0 0 0 0 0 0 0 0 0 0 0 0 0 0 0 0 0 0 0 0 0 0 0 0 0 0 0 0 0 0 0 0 0 0 0 0 0 0 0 0 0 0 0 0 0 0 0 0 0 0 0 0 0 0 0 0 0 0 0 0 0 0 0 0 0 0 0 0 0 0 0 0 0 0 0 0 0 0 0 0 0 0 0 0 0 0 0 0 0 0 0 0 0 0 0 0 0 0 0 0 0 0 0 0 0 0 0 0 0 0 0 0 0 0 0 0 0 0 0 0 0 0 0 0 0 0 0 0 0 0 0 0 0 0 0 0 0 0 0 0 0 0 0 0 0 0 0 0 0 0 0 0 0 0 0 0 0 0 0 0 0 0 0 0 0 0 0 0 0 0 0 0 0 0 0 0 0 0 0 0 0 0 0 0 0 0 0 0 0 0 0 0 0 0 0 0 0 0 0 0 0 0 0 0 0 0 0 0 0 0 0 0 0 0 0 0 0 0 0 0 0 0 0 0 0 0 0 0 0 0 0 0 0 0 0 0 0 0 0 0 0 0 0 0 0 0 0 0 0 0 0 0 0 0 0 0 0 0 0 0 0 0 0 0 0 0 0 0 0 0 0 0 0 0 0 0 0 0 0 0 0 0 0 0 0 0 0 0 0 0 0 0 0 0 0 0 0 0 0 0 0 0 0 0 0 0 0 0 0 0 0 0 0 0 0 0 0 0 0 0 0 0 0 0 0 0 0 0 0 0 0 0 0 0 0 0 0 0 0 0 0 0 0 0 0 0 0 0 0 0 0 0 0 0 0 0 0 0 0 0 0 0 0 0 0 0 0 0 0 0 0 0 0 0 0 0 0 0 0 0 0 0 0 0 0 0 0 0 0 0 0 0 0 0 0 0 0 0 0 0 0 0 0 0 0 0 0 0 0 0 0 0 0 0 0 0 0 0 0 0 0 0 0 0 0 0 0 0 0 0 0 0 0 0 0 0 0 0 0 0 0 0 0 0 0 0 0 0 0 0 0 0 0 0 0 0 0 0 0 0 0 0 0 0 0 0 0 0 0 0 0 0 0 0 0 0 0 0 0 0 0 0 0 0 0 0 0 0 0 0 0 0 0 0 0 0 0 0 0 0 0 0 0 0 0 0 0 0 0 0 0 0 0 0 0 0 0 0 0 0 0 0 0 0 0 0 0 0 0 0 0 0 0 0 0 0 0 0 0 0 0 0 0 0 0 0 0 0 0 0 0 0 0 0 0 0 0 0 0 0 0 0 0 0 0 0 0 0 0 0 0 0 0 0 0 0 0 0 0 0 0 0 0 0 0 0 0 0 0 0 0 0 0 0 0 0 0 0 0 0 0 0 0 0 0 0 0 0 0 0 0 0 0 0 0 0 0 0 0 0 0 0 0 0 0 0 0 0 0 0 0 0 0 0 0 0 0 0 0 0 0 0 0 0 0 0 0 0 0 0 0 0 0 0 0 0 0 0 0 0 0 0 0 0 0 0 0 0 0 0 0 0 0 0 0 0 0 0 0 0 0 0 0 0 0 0 0 0 0 0 0 0 0 0 0 0 0 0 0 0 0 0 0 0 0 0 0 0 0 0 0 0 0 0 0 0 0 0 0 0 0 0 0 0 0 0 0 0 0 0 0 0 0 0 0 0 0 0 0 0 0 0 0 0 0 0 0 0 0 0 0 0 0 0 0 0 0 0 0 0 0 0 0 0 0 0 0 0 0 0 0 0 0 0 0 0 0 0 0 0 0 0 0 0 0 0 0 0 0 0 0 0 0 0 0 0 0 0 0 0 0 0 0 0 0 0 0 0 0 0 0 0 0 0 0 0 0 0 0 0 0 0 0 0 0 0 0 0 0 0 0 0 0 0 0 0 0 0 0 0 0 0 0 0 0 0 0 0 0 0 0 0 0 0 0 0 0 0 0 0 0 0 0 0 0 0 0 0 0 0 0 0 0 0 0 0 0 0 0 0 0 0 0 0 0 0 0 0 0 0 0 0 0 0 0 0 0 0 0 0 0 0 0 0 0 0 0 0 0 0 0 0 0 0 0 0 0 0 0 0 0 0 0 0 0 0 0 0 0 0 0 0 0 0 0 0 0 0 0 0 0 0 0 0 0 0 0 0 0 0 0 0 0 0 0 0 0 0 0 0 0 0 0 0 0 0 0 0 0 0 0 0 0 0 0 0 0 0 0 0 0 0 0 0 0 0 0 0 0 0 0 0 0 0 0 0 0 0 0 0 0 0 0 0 0 0 0 0 0 0 0 0 0 0 0 0 0 0 0 0 0 0 0 0 0 0 0 0 0 0 0 0 0 0 0 0 0 0 0 0 0 0 0 0 0 0 0 0 0 0 0 0 0 0 0 0 0 0 0 0 0 0 0 0 0 0 0 0 0 0 0 0 0 0 0 0 0 0 0 0 0 0 0 0 0 0 0 0 0 0 0 0 0 0 0 0 0 0 0 0 0 0 0 0 0 0 0 0 0 0 0 0 0 0 0 0 0 0 0 0 0 0 0 0 0 0 0 0 0 0 0 0 0 0 0 0 0 0 0 0 0 0 0 0 0 0 0 0 0 0 0 0 0 0 0 0 0 0 0 0 0 0 0 0 0 0 0 0 0 0 0 0 0 0 0 0 0 0 0 0 0 0 0 0 0 0 0 0 0 0 0 0 0 0 0 0 0 0 0 0 0 0 0 0 0 0 0 0 0 0 0 0 0 0 0 0 0 0 0 0 0 0 0 0 0 0 0 0 0 0 0 0 0 0 0 0 0 0 0 0 0 0 0 0 0 0 0 0 0 0 0 0 0 0 0 0 0 0 0 0 0 0 0 0 0 0 0 0 0 0 0 0 0 0 0 0 0 0 0 0 0 0 0 0 0 0 0 0 0 0 0 0 0 0 0 0 0 0 0 0 0 0 0 0 0 0 0 0 0 0 0 0 0 0 0 0 0 0 0 0 0 0 0 0 0 0 0 0 0 0 0 0 0 0 0 0 0 0 0 0 0 0 0 0 0 0 0 0 0 0 0 0 0 0 0 0 0 0 0 0 0 0 0 0 0 0 0 0 0 0 0 0 0 0 0 0 0 0 0 0 0 0 0 0 0 0 0 0 0 0 0 0 0 0 0 0 0 0 0 0 0 0 0 0 0 0 0 0 0 0 0 0 0 0 0 0 0 0 0 0 0 0 0 0 0 0 0 0 0 0 0 0 0 0 0 0 0 0 0 0 0 0 0 0 0 0 0 0 0 0 0 0 0 0 0 0 0 0 0 0 0 0 0 0 0 0 0 0 0 0 0 0 0 0 0 0 0 0 0 0 0 0 0 0 0 0 0 0 0 0 0 0 0 0 0 0 0 0 0 0 0 0 0 0 0 0 0 0 0 0 0 0 0 0 0 0 0 0 0 0 0 0 0 0 0 0 0 0 0 0 0 0 0 0 0 0 0 0 0 0 0 0 0 0 0 0 0 0 0 0 0 0 0 0 0 0 0 0 0 0 0 0 0 0 0 0 0 0 0 0 0 0 0 0 0 0 0 0 0 0 0 0 0 0 0 0 0 0 0 0 0 0 0 0 0 0 0 0 0 0 0 0 0 0 0 0 0 0 0 0 0 0 0 0 0 0 0 0 0 0 0 0 0 0 0 0 0 0 0 0 0 0 0 0 0 0 0 0 0 0 0 0 0 0 0 0 0 0 0 0 0 0 0 0 0 0 0 0 0 0 0 0 0 0 0 0 0 0 0 0 0 0 0 0 0 0 0 0 0 0 0 0 0 0 0 0 0 0 0 0 0 0 0 0 0 0 0 0 0 0 0 0 0 0 0 0 0 0 0 0 0 0 0 0 0 0 0 0 0 0 0 0 0 0 0 0 0 0 0 0 0 0 0 0 0 0 0 0 0 0 0 0 0 0 0 0 0 0 0 0 0 0 0 0 0 0 0 0 0 0 0 0 0 0 0 0 0 0 0 0 0 0 0 0 0 0 0 0 0 0 0 0 0 0 0 0 0 0 0 0 0 0 0 0 0 0 0 0 0 0 0 0 0 0 0 0 0 0 0 0 0 0 0 0 0 0 0 0 0 0 0 0 0 0 0 0 0 0 0 0 0 0 0 0 0 0 0 0 0 0 0 0 0 0 0 0 0 0 0 0 0 0 0 0 0 0 0 0 0 0 0 0 0 0 0 0 0 0 0 0 0 0 0 0 0 0 0 0 0 0 0 0 0 0 0 0 0 0 0 0 0 0 0 0 0 0 0 0 0 0 0 0 0 0 0 0 0 0 0 0 0 0 0 0 0 0 0 0 0 0 0 0 0 0 0 0 0 0 0 0 0 0 0 0 0 0 0 0 0 0 0 0 0 0 0 0 0 0 0 0 0 0 0 0 0 0 0 0 0 0 0 0 0 0 0 0 0 0 0 0 0 0 0 0 0 0 0 0 0 0 0 0 0 0 0 0 0 0 0 0 0 0 0 0 0 0 0 0 0 0 0 0 0 0 0 0 0 0 0 0 0 0 0 0 0 0 0 0 0 0 0 0 0 0 0 0 0 0 0 0 0 0 0 0 0 0 0 0 0 0 0 0 0 0 0 0 0 0 0 0 0 0 0 0 0 0 0 0 0 0 0 0 0 0 0 0 0 0 0 0 0 0 0 0 0 0 0 0 0 0 0 0 0 0 0 0 0 0 0 0 0 0 0 0 0 0 0 0 0 0 0 0 0 0 0 0 0 0 0 0 0 0 0 0 0 0 0 0 0 0 0 0 0 0 0 0 0 0 0 0 0 0 0 0 0 0 0 0 0 0 0 0 0 0 0 0 0 0 0 0 0 0 0 0 0 0 0 0 0 0 0 0 0 0 0 0 0 0 0 0 0 0 0 0 0 0 0 0 0 0 0 0 0 0 0 0 0 0 0 0 0 0 0 0 0 0 0 0 0 0 0 0 0 0 0 0 0 0 0 0 0 0 0 0 0 0 0 0 0 0 0 0 0 0 0 0 0 0 0 0 0 0 0 0 0 0 0 0 0 0 0 0 0 0 0 0 0 0 0 0 0 0 0 0 0 0 0 0 0 0 0 0 0 0 0 0 0 0 0 0 0 0 0 0 0 0 0 0 0 0 0 0 0 0 0 0 0 0 0 0 0 0 0 0 0 0 0 0 0 0 0 0 0 0 0 0 0 0 0 0 0 0 0 0 0 0 0 0 0 0 0 0 0 0 0 0 0 0 0 0 0 0 0 0 0 0 0 0 0 0 0 0 0 0 0 0 0 0 0 0 0 0 0 0 0 0 0 0 0 0 0 0 0 0 0 0 0 0 0 0 0 0 0 0 0 0 0 0 0 0 0 0 0 0 0 0 0 0 0 0 0 0 0 0 0 0 0 0 0 0 0 0 0 0 0 0 0 0 0 0 0 0 0 0 0 0 0 0 0 0 0 0 0 0 0 0 0 0 0 0 0 0 0 0 0 0 0 0 0 0 0 0 0 0 0 0 0 0 0 0 0 0 0 0 0 0 0 0 0 0 0 0 0 0 0 0 0 0 0 0 0 0 0 0 0 0 0 0 0 0 0 0 0 0 0 0 0 0 0 0 0 0 0 0 0 0 0 0 0 0 0 0 0 0 0 0 0 0 0 0 0 0 0 0 0 0 0 0 0 0 0 0 0 0 0 0 0 0 0 0 0 0 0 0 0 0 0 0 0 0 0 0 0 0 0 0 0 0 0 0 0 0 0 0 0 0 0 0 0 0 0 0 0 0 0 0 0 0 0 0 0 0 0 0 0 0 0 0 0 0 0 0 0 0 0 0 0 0 0 0 0 0 0 0 0 0 0 0 0 0 0 0 0 0 0 0 0 0 0 0 0 0 0 0 0 0 0 0 0 0 0 0 0 0 0 0 0 0 0 0 0 0 0 0 0 0 0 0 0 0 0 0 0 0 0 0 0 0 0 0 0 0 0 0 0 0 0 0 0 0 0 0 0 0 0 0 0 0 0 0 0 0 0 0 0 0 0 0 0 0 0 0 0 0 0 0 0 0 0 0 0 0 0 0 0 0 0 0 0 0 0 0 0 0 0 0 0 0 0 0 0 0 0 0 0 0 0 0 0 0 0 0 0 0 0 0 0 0 0 0 0 0 0 0 0 0 0 0 0 0 0 0 0 0 0 0 0 0 0 0 0 0 0 0 0 0 0 0 0 0 0 0 0 0 0 0 0 0 0 0 0 0 0 0 0 0 0 0 0 0 0 0 0 0 0 0 0 0 0 0 0 0 0 0 0 0 0 0 0 0 0 0 0 0 0 0 0 0 0 0 0 0 0 0 0 0 0 0 0 0 0 0 0 0 0 0 0 0 0 0 0 0 0 0 0 0 0 0 0 0 0 0 0 0 0 0 0 0 0 0 0 0 0 0 0 0 0 0 0 0 0 0 0 0 0 0 0 0 0 0 0 0 0 0 0 0 0 0 0 0 0 0 0 0 0 0 0 0 0 0 0 0 0 0 0 0 0 0 0 0 0 0 0 0 0 0 0 0 0 0 0 0 0 0 0 0 0 0 0 0 0 0 0 0 0 0 0 0 0 0 0 0 0 0 0 0 0 0 0 0 0 0 0 0 0 0 0 0 0 0 0 0 0 0 0 0 0 0 0 0 0 0 0 0 0 0 0 0 0 0 0 0 0 0 0 0 0 0 0 0 0 0 0 0 0 0 0 0 0 0 0 0 0 0 0 0 0 0 0 0 0 0 0 0 0 0 0 0 0 0 0 0 0 0 0 0 0 0 0 0 0 0 0 0 0 0 0 0 0 0 0 0 0 0 0 0 0 0 0 0 0 0 0 0 0 0 0 0 0 0 0 0 0 0 0 0 0 0 0 0 0 0 0 0 0 0 0 0 0 0 0 0 0 0 0 0 0 0 0 0 0 0 0 0 0 0 0 0 0 0 0 0 0 0 0 0 0 0 0 0 0 0 0 0 0 0 0 0 0 0 0 0 0 0 0 0 0 0 0 0 0 0 0 0 0 0 0 0 0 0 0 0 0 0 0 0 0 0 0 0 0 0 0 0 0 0 0 0 0 0 0 0 0 0 0 0 0 0 0 0 0 0 0 0 0 0 0 0 0 0 0 0 0 0 0 0 0 0 0 0 0 0 0 0 0 0 0 0 0 0 0 0 0 0 0 0 0 0 0 0 0 0 0 0 0 0 0 0 0 0 0 0 0 0 0 0 0 0 0 0 0 0 0 0 0 0 0 0 0 0 0 0 0 0 0 0 0 0 0 0 0 0 0 0 0 0 0 0 0 0 0 0 0 0 0 0 0 0 0 0 0 0 0 0 0 0 0 0 0 0 0 0 0 0 0 0 0 0 0 0 0 0 0 0 0 0 0 0 0 0 0 0 0 0 0 0 0 0 0 0 0 0 0 0 0 0 0 0 0 0 0 0 0 0 0 0 0 0 0 0 0 0 0 0 0 0 0 0 0 0 0 0 0 0 0 0 0 0 0 0 0 0 0 0 0 0 0 0 0 0 0 0 0 0 0 0 0 0 0 0 0 0 0 0 0 0 0 0 0 0 0 0 0 0 0 0 0 0 0 0 0 0 0 0 0 0 0 0 0 0 0 0 0 0 0 0 0 0 0 0 0 0 0 0 0 0 0 0 0 0 0 0 0 0 0 0 0 0 0 0 0 0 0 0 0 0 0 0 0 0 0 0 0 0 0 0 0 0 0 0 0 0 0 0 0 0 0 0 0 0 0 0 0 0 0 0 0 0 0 0 0 0 0 0 0 0 0 0 0 0 0 0 0 0 0 0 0 0 0 0 0 0 0 0 0 0 0 0 0 0 0 0 0 0 0 0 0 0 0 0 0 0 0 0 0 0 0 0 0 0 0 0 0 0 0 0 0 0 0 0 0 0 0 0 0 0 0 0 0 0 0 0 0 0 0 0 0 0 0 0 0 0 0 0 0 0 0 0 0 0 0 0 0 0 0 0 0 0 0 0 0 0 0 0 0 0 0 0 0 0 0 0 0 0 0 0 0 0 0 0 0 0 0 0 0 0 0 0 0 0 0 0 0 0 0 0 0 0 0 0 0 0 0 0 0 0 0 0 0 0 0 0 0 0 0 0 0 0 0 0 0 0 0 0 0 0 0 0 0 0 0 0 0 0 0 0 0 0 0 0 0 0 0 0 0 0 0 0 0 0 0 0 0 0 0 0 0 0 0 0 0 0 0 0 0 0 0 0 0 0 0 0 0 0 0 0 0 0 0 0 0 0 0 0 0 0 0 0 0 0 0 0 0 0 0 0 0 0 0 0 0 0 0 0 0 0 0 0 0 0 0 0 0 0 0 0 0 0 0 0 0 0 0 0 0 0 0 0 0 0 0 0 0 0 0 0 0 0 0 0 0 0 0 0 0 0 0 0 0 0 0 0 0 0 0 0 0 0 0 0 0 0 0 0 0 0 0 0 0 0 0 0 0 0 0 0 0 0 0 0 0 0 0 0 0 0 0 0 0 0 0 0 0 0 0 0 0 0 0 0 0 0 0 0 0 0 0 0 0 0 0 0 0 0 0 0 0 0 0 0 0 0 0 0 0 0 0 0 0 0 0 0 0 0 0 0 0 0 0 0 0 0 0 0 0 0 0 0 0 0 0 0 0 0 0 0 0 0 0 0 0 0 0 0 0 0 0 0 0 0 0 0 0 0 0 0 0 0 0 0 0 0 0 0 0 0 0 0 0 0 0 0 0 0 0 0 0 0 0 0 0 0 0 0 0 0 0 0 0 0 0 0 0 0 0 0 0 0 0 0 0 0 0 0 0 0 0 0 0 0 0 0 0 0 0 0 0 0 0 0 0 0 0 0 0 0 0 0 0 0 0 0 0 0 0 0 0 0 0 0 0 0 0 0 0 0 0 0 0 0 0 0 0 0 0 0 0 0 0 0 0 0 0 0 0 0 0 0 0 0 0 0 0 0 0 0 0 0 0 0 0 0 0 0 0 0 0 0 0 0 0 0 0 0 0 0 0 0 0 0 0 0 0 0 0 0 0 0 0 0 0 0 0 0 0 0 0 0 0 0 0 0 0 0 0 0 0 0 0 0 0 0 0 0 0 0 0 0 0 0 0 0 0 0 0 0 0 0 0 0 0 0 0 0 0 0 0 0 0 0 0 0 0 0 0 0 0 0 0 0 0 0 0 0 0 0 0 0 0 0 0 0 0 0 0 0 0 0 0 0 0 0 0 0 0 0 0 0 0 0 0 0 0 0 0 0 0 0 0 0 0 0 0 0 0 0 0 0 0 0 0 0 0 0 0 0 0 0 0 0 0 0 0 0 0 0 0 0 0 0 0 0 0 0 0 0 0 0 0 0 0 0 0 0 0 0 0 0 0 0 0 0 0 0 0 0 0 0 0 0 0 0 0 0 0 0 0 0 0 0 0 0 0 0 0 0 0 0 0 0 0 0 0 0 0 0 0 0 0 0 0 0 0 0 0 0 0 0 0 0 0 0 0 0 0 0 0 0 0 0 0 0 0 0 0 0 0 0 0 0 0 0 0 0 0 0 0 0 0 0 0 0 0 0 0 0 0 0 0 0 0 0 0 0 0 0 0 0 0 0 0 0 0 0 0 0 0 0 0 0 0 0 0 0 0 0 0 0 0 0 0 0 0 0 0 0 0 0 0 0 0 0 0 0 0 0 0 0 0 0 0 0 0 0 0 0 0 0 0 0 0 0 0 0 0 0 0 0 0 0 0 0 0 0 0 0 0 0 0 0 0 0 0 0 0 0 0 0 0 0 0 0 0 0 0 0 0 0 0 0 0 0 0 0 0 0 0 0 0 0 0 0 0 0 0 0 0 0 0 0 0 0 0 0 0 0 0 0 0 0 0 0 0 0 0 0 0 0 0 0 0 0 0 0 0 0 0 0 0 0 0 0 0 0 0 0 0 0 0 0 0 0 0 0 0 0 0 0 0 0 0 0 0 0 0 0 0 0 0 0 0 0 0 0 0 0 0 0 0 0 0 0 0 0 0 0 0 0 0 0 0 0 0 0 0 0 0 0 0 0 0 0 0 0 0 0 0 0 0 0 0 0 0 0 0 0 0 0 0 0 0 0 0 0 0 0 0 0 0 0 0 0 0 0 0 0 0 0 0 0 0 0 0 0 0 0 0 0 0 0 0 0 0 0 0 0 0 0 0 0 0 0 0 0 0 0 0 0 0 0 0 0 0 0 0 0 0 0 0 0 0 0 0 0 0 0 0 0 0 0 0 0 0 0 0 0 0 0 0 0 0 0 0 0 0 0 0 0 0 0 0 0 0 0 0 0 0 0 0 0 0 0 0 0 0 0 0 0 0 0 0 0 0 0 0 0 0 0 0 0 0 0 0 0 0 0 0 0 0 0 0 0 0 0 0 0 0 0 0 0 0 0 0 0 0 0 0 0 0 0 0 0 0 0 0 0 0 0 0 0 0 0 0 0 0 0 0 0 0 0 0 0 0 0 0 0 0 0 0 0 0 0 0 0 0 0 0 0 0 0 0 0 0 0 0 0 0 0 0 0 0 0 0 0 0 0 0 0 0 0 0 0 0 0 0 0 0 0 0 0 0 0 0 0 0 0 0 0 0 0 0 0 0 0 0 0 0 0 0 0 0 0 0 0 0 0 0 0 0 0 0 0 0 0 0 0 0 0 0 0 0 0 0 0 0 0 0 0 0 0 0 0 0 0 0 0 0 0 0 0 0 0 0 0 0 0 0 0 0 0 0 0 0 0 0 0 0 0 0 0 0 0 0 0 0 0 0 0 0 0 0 0 0 0 0 0 0 0 0 0 0 0 0 0 0 0 0 0 0 0 0 0 0 0 0 0 0 0 0 0 0 0 0 0 0 0 0 0 0 0 0 0 0 0 0 0 0 0 0 0 0 0 0 0 0 0 0 0 0 0 0 0 0 0 0 0 0 0 0 0 0 0 0 0 0 0 0 0 0 0 0 0 0 0 0 0 0 0 0 0 0 0 0 0 0 0 0 0 0 0 0 0 0 0 0 0 0 0 0 0 0 0 0 0 0 0 0 0 0 0 0 0 0 0 0 0 0 0 0 0 0 0 0 0 0 0 0 0 0 0 0 0 0 0 0 0 0 0 0 0 0 0 0 0 0 0 0 0 0 0 0 0 0 0 0 0 0 0 0 0 0 0 0 0 0 0 0 0 0 0 0 0 0 0 0 0 0 0 0 0 0 0 0 0 0 0 0 0 0 0 0 0 0 0 0 0 0 0 0 0 0 0 0 0 0 0 0 0 0 0 0 0 0 0 0 0 0 0 0 0 0 0 0 0 0 0 0 0 0 0 0 0 0 0 0 0 0 0 0 0 0 0 0 0 0 0 0 0 0 0 0 0 0 0 0 0 0 0 0 0 0 0 0 0 0 0 0 0 0 0 0 0 0 0 0 0 0 0 0 0 0 0 0 0 0 0 0 0 0 0 0 0 0 0 0 0 0 0 0 0 0 0 0 0 0 0 0 0 0 0 0 0 0 0 0 0 0 0 0 0 0 0 0 0 0 0 0 0 0 0 0 0 0 0 0 0 0 0 0 0 0 0 0 0 0 0 0 0 0 0 0 0 0 0 0 0 0 0 0 0 0 0 0 0 0 0 0 0 0 0 0 0 0 0 0 0 0 0 0 0 0 0 0 0 0 0 0 0 0 0 0 0 0 0 0 0 0 0 0 0 0 0 0 0 0 0 0 0 0 0 0 0 0 0 0 0 0 0 0 0 0 0 0 0 0 0 0 0 0 0 0 0 0 0 0 0 0 0 0 0 0 0 0 0 0 0 0 0 0 0 0 0 0 0 0 0 0 0 0 0 0 0 0 0 0 0 0 0 0 0 0 0 0 0 0 0 0 0 0 0 0 0 0 0 0 0 0 0 0 0 0 0 0 0 0 0 0 0 0 0 0 0 0 0 0 0 0 0 0 0 0 0 0 0 0 0 0 0 0 0 0 0 0 0 0 0 0 0 0 0 0 0 0 0 0 0 0 0 0 0 0 0 0 0 0 0 0 0 0 0 0 0 0 0 0 0 0 0 0 0 0 0 0 0 0 0 0 0 0 0 0 0 0 0 0 0 0 0 0 0 0 0 0 0 0 0 0 0 0 0 0 0 0 0 0 0 0 0 0 0 0 0 0 0 0 0 0 0 0 0 0 0 0 0 0 0 0 0 0 0 0 0 0 0 0 0 0 0 0 0 0 0 0 0 0 0 0 0 0 0 0 0 0 0 0 0 0 0 0 0 0 0 0 0 0 0 0 0 0 0 0 0 0 0 0 0 0 0 0 0 0 0 0 0 0 0 0 0 0 0 0 0 0 0 0 0 0 0 0 0 0 0 0 0 0 0 0 0 0 0 0 0 0 0 0 0 0 0 0 0 0 0 0 0 0 0 0 0 0 0 0 0 0 0 0 0 0 0 0 0 0 0 0 0 0 0 0 0 0 0 0 0 0 0 0 0 0 0 0 0 0 0 0 0 0 0 0 0 0 0 0 0 0 0 0 0 0 0 0 0 0 0 0 0 0 0 0 0 0 0 0 0 0 0 0 0 0 0 0 0 0 0 0 0 0 0 0 0 0 0 0 0 0 0 0 0 0 0 0 0 0 0 0 0 0 0 0 0 0 0 0 0 0 0 0 0 0 0 0 0 0 0 0 0 0 0 0 0 0 0 0 0 0 0 0 0 0 0 0 0 0 0 0 0 0 0 0 0 0 0 0 0 0 0 0 0 0 0 0 0 0 0 0 0 0 0 0 0 0 0 0 0 0 0 0 0 0 0 0 0 0 0 0 0 0 0 0 0 0 0 0 0 0 0 0 0 0 0 0 0 0 0 0 0 0 0 0 0 0 0 0 0 0 0 0 0 0 0 0 0 0 0 0 0 0 0 0 0 0 0 0 0 0 0 0 0 0 0 0 0 0 0 0 0 0 0 0 0 0 0 0 0 0 0 0 0 0 0 0 0 0 0 0 0 0 0 0 0 0 0 0 0 0 0 0 0 0 0 0 0 0 0 0 0 0 0 0 0 0 0 0 0 0 0 0 0 0 0 0 0 0 0 0 0 0 0 0 0 0 0 0 0 0 0 0 0 0 0 0 0 0 0 0 0 0 0 0 0 0 0 0 0 0 0 0 0 0 0 0 0 0 0 0 0 0 0 0 0 0 0 0 0 0 0 0 0 0 0 0 0 0 0 0 0 0 0 0 0 0 0 0 0 0 0 0 0 0 0 0 0 0 0 0 0 0 0 0 0 0 0 0 0 0 0 0 0 0 0 0 0 0 0 0 0 0 0 0 0 0 0 0 0 0 0 0 0 0 0 0 0 0 0 0 0 0 0 0 0 0 0 0 0 0 0 0 0 0 0 0 0 0 0 0 0 0 0 0 0 0 0 0 0 0 0 0 0 0 0 0 0 0 0 0 0 0 0 0 0 0 0 0 0 0 0 0 0 0 0 0 0 0 0 0 0 0 0 0 0 0 0 0 0 0 0 0 0 0 0 0 0 0 0 0 0 0 0 0 0 0 0 0 0 0 0 0 0 0 0 0 0 0 0 0 0 0 0 0 0 0 0 0 0 0 0 0 0 0 0 0 0 0 0 0 0 0 0 0 0 0 0 0 0 0 0 0 0 0 0 0 0 0 0 0 0 0 0 0 0 0 0 0 0 0 0 0 0 0 0 0 0 0 0 0 0 0 0 0 0 0 0 0 0 0 0 0 0 0 0 0 0 0 0 0 0 0 0 0 0 0 0 0 0 0 0 0 0 0 0 0 0 0 0 0 0 0 0 0 0 0 0 0 0 0 0 0 0 0 0 0 0 0 0 0 0 0 0 0 0 0 0 0 0 0 0 0 0 0 0 0 0 0 0 0 0 0 0 0 0 0 0 0 0 0 0 0 0 0 0 0 0 0 0 0 0 0 0 0 0 0 0 0 0 0 0 0 0 0 0 0 0 0 0 0 0 0 0 0 0 0 0 0 0 0 0 0 0 0 0 0 0 0 0 0 0 0 0 0 0 0 0 0 0 0 0 0 0 0 0 0 0 0 0 0 0 0 0 0 0 0 0 0 0 0 0 0 0 0 0 0 0 0 0 0 0 0 0 0 0 0 0 0 0 0 0 0 0 0 0 0 0 0 0 0 0 0 0 0 0 0 0 0 0 0 0 0 0 0 0 0 0 0 0 0 0 0 0 0 0 0 0 0 0 0 0 0 0 0 0 0 0 0 0 0 0 0 0 0 0 0 0 0 0 0 0 0 0 0 0 0 0 0 0 0 0 0 0 0 0 0 0 0 0 0 0 0 0 0 0 0 0 0 0 0 0 0 0 0 0 0 0 0 0 0 0 0 0 0 0 0 0 0 0 0 0 0 0 0 0 0 0 0 0 0 0 0 0 0 0 0 0 0 0 0 0 0 0 0 0 0 0 0 0 0 0 0 0 0 0 0 0 0 0 0 0 0 0 0 0 0 0 0 0 0 0 0 0 0 0 0 0 0 0 0 0 0 0 0 0 0 0 0 0 0 0 0 0 0 0 0 0 0 0 0 0 0 0 0 0 0 0 0 0 0 0 0 0 0 0 0 0 0 0 0 0 0 0 0 0 0 0 0 0 0 0 0 0 0 0 0 0 0 0 0 0 0 0 0 0 0 0 0 0 0 0 0 0 0 0 0 0 0 0 0 0 0 0 0 0 0 0 0 0 0 0 0 0 0 0 0 0 0 0 0 0 0 0 0 0 0 0 0 0 0 0 0 0 0 0 0 0 0 0 0 0 0 0 0 0 0 0 0 0 0 0 0 0 0 0 0 0 0 0 0 0 0 0 0 0 0 0 0 0 0 0 0 0 0 0 0 0 0 0 0 0 0 0 0 0 0 0 0 0 0 0 0 0 0 0 0 0 0 0 0 0 0 0 0 0 0 0 0 0 0 0 0 0 0 0 0 0 0 0 0 0 0 0 0 0 0 0 0 0 0 0 0 0 0 0 0 0 0 0 0 0 0 0 0 0 0 0 0 0 0 0 0 0 0 0 0 0 0 0 0 0 0 0 0 0 0 0 0 0 0 0 0 0 0 0 0 0 0 0 0 0 0 0 0 0 0 0 0 0 0 0 0 0 0 0 0 0 0 0 0 0 0 0 0 0 0 0 0 0 0 0 0 0 0 0 0 0 0 0 0 0 0 0 0 0 0 0 0 0 0 0 0 0 0 0 0 0 0 0 0 0 0 0 0 0 0 0 0 0 0 0 0 0 0 0 0 0 0 0 0 0 0 0 0 0 0 0 0 0 0 0 0 0 0 0 0 0 0 0 0 0 0 0 0 0 0 0 0 0 0 0 0 0 0 0 0 0 0 0 0 0 0 0 0 0 0 0 0 0 0 0 0 0 0 0 0 0 0 0 0 0 0 0 0 0 0 0 0 0 0 0 0 0 0 0 0 0 0 0 0 0 0 0 0 0 0 0 0 0 0 0 0 0 0 0 0 0 0 0 0 0 0 0 0 0 0 0 0 0 0 0 0 0 0 0 0 0 0 0 0 0 0 0 0 0 0 0 0 0 0 0 0 0 0 0 0 0 0 0 0 0 0 0 0 0 0 0 0 0 0 0 0 0 0 0 0 0 0 0 0 0 0 0 0 0 0 0 0 0 0 0 0 0 0 0 0 0 0 0 0 0 0 0 0 0 0 0 0 0 0 0 0 0 0 0 0 0 0 0 0 0 0 0 0 0 0 0 0 0 0 0 0 0 0 0 0 0 0 0 0 0 0 0 0 0 0 0 0 0 0 0 0 0 0 0 0 0 0 0 0 0 0 0 0 0 0 0 0 0 0 0 0 0 0 0 0 0 0 0 0 0 0 0 0 0 0 0 0 0 0 0 0 0 0 0 0 0 0 0 0 0 0 0 0 0 0 0 0 0 0 0 0 0 0 0 0 0 0 0 0 0 0 0 0 0 0 0 0 0 0 0 0 0 0 0 0 0 0 0 0 0 0 0 0 0 0 0 0 0 0 0 0 0 0 0 0 0 0 0 0 0 0 0 0 0 0 0 0 0 0 0 0 0 0 0 0 0 0 0 0 0 0 0 0 0 0 0 0 0 0 0 0 0 0 0 0 0 0 0 0 0 0 0 0 0 0 0 0 0 0 0 0 0 0 0 0 0 0 0 0 0 0 0 0 0 0 0 0 0 0 0 0 0 0 0 0 0 0 0 0 0 0 0 0 0 0 0 0 0 0 0 0 0 0 0 0 0 0 0 0 0 0 0 0 0 0 0 0 0 0 0 0 0 0 0 0 0 0 0 0 0 0 0 0 0 0 0 0 0 0 0 0 0 0 0 0 0 0 0 0 0 0 0 0 0 0 0 0 0 0 0 0 0 0 0 0 0 0 0 0 0 0 0 0 0 0 0 0 0 0 0 0 0 0 0 0 0 0 0 0 0 0 0 0 0 0 0 0 0 0 0 0 0 0 0 0 0 0 0 0 0 0 0 0 0 0 0 0 0 0 0 0 0 0 0 0 0 0 0 0 0 0 0 0 0 0 0 0 0 0 0 0 0 0 0 0 0 0 0 0 0 0 0 0 0 0 0 0 0 0 0 0 0 0 0 0 0 0 0 0 0 0 0 0 0 0 0 0 0 0 0 0 0 0 0 0 0 0 0 0 0 0 0 0 0 0 0 0 0 0 0 0 0 0 0 0 0 0 0 0 0 0 0 0 0 0 0 0 0 0 0 0 0 0 0 0 0 0 0 0 0 0 0 0 0 0 0 0 0 0 0 0 0 0 0 0 0 0 0 0 0 0 0 0 0 0 0 0 0 0 0 0 0 0 0 0 0 0 0 0 0 0 0 0 0 0 0 0 0 0 0 0 0 0 0 0 0 0 0 0 0 0 0 0 0 0 0 0 0 0 0 0 0 0 0 0 0 0 0 0 0 0 0 0 0 0 0 0 0 0 0 0 0 0 0 0 0 0 0 0 0 0 0 0 0 0 0 0 0 0 0 0 0 0 0 0 0 0 0 0 0 0 0 0 0 0 0 0 0 0 0 0 0 0 0 0 0 0 0 0 0 0 0 0 0 0 0 0 0 0 0 0 0 0 0 0 0 0 0 0 0 0 0 0 0 0 0 0 0 0 0 0 0 0 0 0 0 0 0 0 0 0 0 0 0 0 0 0 0 0 0 0 0 0 0 0 0 0 0 0 0 0 0 0 0 0 0 0 0 0 0 0 0 0 0 0 0 0 0 0 0 0 0 0 0 0 0 0 0 0 0 0 0 0 0 0 0 0 0 0 0 0 0 0 0 0 0 0 0 0 0 0 0 0 0 0 0 0 0 0 0 0 0 0 0 0 0 0 0 0 0 0 0 0 0 0 0 0 0 0 0 0 0 0 0 0 0 0 0 0 0 0 0 0 0 0 0 0 0 0 0 0 0 0 0 0 0 0 0 0 0 0 0 0 0 0 0 0 0 0 0 0 0 0 0 0 0 0 0 0 0 0 0 0 0 0 0 0 0 0 0 0 0 0 0 0 0 0 0 0 0 0 0 0 0 0 0 0 0 0 0 0 0 0 0 0 0 0 0 0 0 0 0 0 0 0 0 0 0 0 0 0 0 0 0 0 0 0 0 0 0 0 0 0 0 0 0 0 0 0 0 0 0 0 0 0 0 0 0 0 0 0 0 0 0 0 0 0 0 0 0 0 0 0 0 0 0 0 0 0 0 0 0 0 0 0 0 0 0 0 0 0 0 0 0 0 0 0 0 0 0 0 0 0 0 0 0 0 0 0 0 0 0 0 0 0 0 0 0 0 0 0 0 0 0 0 0 0 0 0 0 0 0 0 0 0 0 0 0 0 0 0 0 0 0 0 0 0 0 0 0 0 0 0 0 0 0 0 0 0 0 0 0 0 0 0 0 0 0 0 0 0 0 0 0 0 0 0 0 0 0 0 0 0 0 0 0 0 0 0 0 0 0 0 0 0 0 0 0 0 0 0 0 0 0 0 0 0 0 0 0 0 0 0 0 0 0 0 0 0 0 0 0 0 0 0 0 0 0 0 0 0 0 0 0 0 0 0 0 0 0 0 0 0 0 0 0 0 0 0 0 0 0 0 0 0 0 0 0 0 0 0 0 0 0 0 0 0 0 0 0 0 0 0 0 0 0 0 0 0 0 0 0 0 0 0 0 0 0 0 0 0 0 0 0 0 0 0 0 0 0 0 0 0 0 0 0 0 0 0 0 0 0 0 0 0 0 0 0 0 0 0 0 0 0 0 0 0 0 0 0 0 0 0 0 0 0 0 0 0 0 0 0 0 0 0 0 0 0 0 0 0 0 0 0 0 0 0 0 0 0 0 0 0 0 0 0 0 0 0 0 0 0 0 0 0 0 0 0 0 0 0 0 0 0 0 0 0 0 0 0 0 0 0 0 0 0 0 0 0 0 0 0 0 0 0 0 0 0 0 0 0 0 0 0 0 0 0 0 0 0 0 0 0 0 0 0 0 0 0 0 0 0 0 0 0 0 0 0 0 0 0 0 0 0 0 0 0 0 0 0 0 0 0 0 0 0 0 0 0 0 0 0 0 0 0 0 0 0 0 0 0 0 0 0 0 0 0 0 0 0 0 0 0 0 0 0 0 0 0 0 0 0 0 0 0 0 0 0 0 0 0 0 0 0 0 0 0 0 0 0 0 0 0 0 0 0 0 0 0 0 0 0 0 0 0 0 0 0 0 0 0 0 0 0 0 0 0 0 0 0 0 0 0 0 0 0 0 0 0 0 0 0 0 0 0 0 0 0 0 0 0 0 0 0 0 0 0 0 0 0 0 0 0 0 0 0 0 0 0 0 0 0 0 0 0 0 0 0 0 0 0 0 0 0 0 0 0 0 0 0 0 0 0 0 0 0 0 0 0 0 0 0 0 0 0 0 0 0 0 0 0 0 0 0 0 0 0 0 0 0 0 0 0 0 0 0 0 0 0 0 0 0 0 0 0 0 0 0 0 0 0 0 0 0 0 0 0 0 0 0 0 0 0 0 0 0 0 0 0 0 0 0 0 0 0 0 0 0 0 0 0 0 0 0 0 0 0 0 0 0 0 0 0 0 0 0 0 0 0 0 0 0 0 0 0 0 0 0 0 0 0 0 0 0 0 0 0 0 0 0 0 0 0 0 0 0 0 0 0 0 0 0 0 0 0 0 0 0 0 0 0 0 0 0 0 0 0 0 0 0 0 0 0 0 0 0 0 0 0 0 0 0 0 0 0 0 0 0 0 0 0 0 0 0 0 0 0 0 0 0 0 0 0 0 0 0 0 0 0 0 0 0 0 0 0 0 0 0 0 0 0 0 0 0 0 0 0 0 0 0 0 0 0 0 0 0 0 0 0 0 0 0 0 0 0 0 0 0 0 0 0 0 0 0 0 0 0 0 0 0 0 0 0 0 0 0 0 0 0 0 0 0 0 0 0 0 0 0 0 0 0 0 0 0 0 0 0 0 0 0 0 0 0 0 0 0 0 0 0 0 0 0 0 0 0 0 0 0 0 0 0 0 0 0 0 0 0 0 0 0 0 0 0 0 0 0 0 0 0 0 0 0 0 0 0 0 0 0 0 0 0 0 0 0 0 0 0 0 0 0 0 0 0 0 0 0 0 0 0 0 0 0 0 0 0 0 0 0 0 0 0 0 0 0 0 0 0 0 0 0 0 0 0 0 0 0 0 0 0 0 0 0 0 0 0 0 0 0 0 0 0 0 0 0 0 0 0 0 0 0 0 0 0 0 0 0 0 0 0 0 0 0 0 0 0 0 0 0 0 0 0 0 0 0 0 0 0 0 0 0 0 0 0 0 0 0 0 0 0 0 0 0 0 0 0 0 0 0 0 0 0 0 0 0 0 0 0 0 0 0 0 0 0 0 0 0 0 0 0 0 0 0 0 0 0 0 0 0 0 0 0 0 0 0 0 0 0 0 0 0 0 0 0 0 0 0 0 0 0 0 0 0 0 0 0 0 0 0 0 0 0 0 0 0 0 0 0 0 0 0 0 0 0 0 0 0 0 0 0 0 0 0 0 0 0 0 0 0 0 0 0 0 0 0 0 0 0 0 0 0 0 0 0 0 0 0 0 0 0 0 0 0 0 0 0 0 0 0 0 0 0 0 0 0 0 0 0 0 0 0 0 0 0 0 0 0 0 0 0 0 0 0 0 0 0 0 0 0 0 0 0 0 0 0 0 0 0 0 0 0 0 0 0 0 0 0 0 0 0 0 0 0 0 0 0 0 0 0 0 0 0 0 0 0 0 0 0 0 0 0 0 0 0 0 0 0 0 0 0 0 0 0 0 0 0 0 0 0 0 0 0 0 0 0 0 0 0 0 0 0 0 0 0 0 0 0 0 0 0 0 0 0 0 0 0 0 0 0 0 0 0 0 0 0 0 0 0 0 0 0 0 0 0 0 0 0 0 0 0 0 0 0 0 0 0 0 0 0 0 0 0 0 0 0 0 0 0 0 0 0 0 0 0 0 0 0 0 0 0 0 0 0 0 0 0 0 0 0 0 0 0 0 0 0 0 0 0 0 0 0 0 0 0 0 0 0 0 0 0 0 0 0 0 0 0 0 0 0 0 0 0 0 0 0 0 0 0 0 0 0 0 0 0 0 0 0 0 0 0 0 0 0 0 0 0 0 0 0 0 0 0 0 0 0 0 0 0 0 0 0 0 0 0 0 0 0 0 0 0 0 0 0 0 0 0 0 0 0 0 0 0 0 0 0 0 0 0 0 0 0 0 0 0 0 0 0 0 0 0 0 0 0 0 0 0 0 0 0 0 0 0 0 0 0 0 0 0 0 0 0 0 0 0 0 0 0 0 0 0 0 0 0 0 0 0 0 0 0 0 0 0 0 0 0 0 0 0 0 0 0 0 0 0 0 0 0 0 0 0 0 0 0 0 0 0 0 0 0 0 0 0 0 0 0 0 0 0 0 0 0 0 0 0 0 0 0 0 0 0 0 0 0 0 0 0 0 0 0 0 0 0 0 0 0 0 0 0 0 0 0 0 0 0 0 0 0 0 0 0 0 0 0 0 0 0 0 0 0 0 0 0 0 0 0 0 0 0 0 0 0 0 0 0 0 0 0 0 0 0 0 0 0 0 0 0 0 0 0 0 0 0 0 0 0 0 0 0 0 0 0 0 0 0 0 0 0 0 0 0 0 0 0 0 0 0 0 0 0 0 0 0 0 0 0 0 0 0 0 0 0 0 0 0 0 0 0 0 0 0 0 0 0 0 0 0 0 0 0 0 0 0 0 0 0 0 0 0 0 0 0 0 0 0 0 0 0 0 0 0 0 0 0 0 0 0 0 0 0 0 0 0 0 0 0 0 0 0 0 0 0 0 0 0 0 0 0 0 0 0 0 0 0 0 0 0 0 0 0 0 0 0 0 0 0 0 0 0 0 0 0 0 0 0 0 0 0 0 0 0 0 0 0 0 0 0 0 0 0 0 0 0 0 0 0 0 0 0 0 0 0 0 0 0 0 0 0 0 0 0 0 0 0 0 0 0 0 0 0 0 0 0 0 0 0 0 0 0 0 0 0 0 0 0 0 0 0 0 0 0 0 0 0 0 0 0 0 0 0 0 0 0 0 0 0 0 0 0 0 0 0 0 0 0 0 0 0 0 0 0 0 0 0 0 0 0 0 0 0 0 0 0 0 0 0 0 0 0 0 0 0 0 0 0 0 0 0 0 0 0 0 0 0 0 0 0 0 0 0 0 0 0 0 0 0 0 0 0 0 0 0 0 0 0 0 0 0 0 0 0 0 0 0 0 0 0 0 0 0 0 0 0 0 0 0 0 0 0 0 0 0 0 0 0 0 0 0 0 0 0 0 0 0 0 0 0 0 0 0 0 0 0 0 0 0 0 0 0 0 0 0 0 0 0 0 0 0 0 0 0 0 0 0 0 0 0 0 0 0 0 0 0 0 0 0 0 0 0 0 0 0 0 0 0 0 0 0 0 0 0 0 0 0 0 0 0 0 0 0 0 0 0 0 0 0 0 0 0 0 0 0 0 0 0 0 0 0 0 0 0 0 0 0 0 0 0 0 0 0 0 0 0 0 0 0 0 0 0 0 0 0 0 0 0 0 0 0 0 0 0 0 0 0 0 0 0 0 0 0 0 0 0 0 0 0 0 0 0 0 0 0 0 0 0 0 0 0 0 0 0 0 0 0 0 0 0 0 0 0 0 0 0 0 0 0 0 0 0 0 0 0 0 0 0 0 0 0 0 0 0 0 0 0 0 0 0 0 0 0 0 0 0 0 0 0 0 0 0 0 0 0 0 0 0 0 0 0 0 0 0 0 0 0 0 0 0 0 0 0 0 0 0 0 0 0 0 0 0 0 0 0 0 0 0 0 0 0 0 0 0 0 0 0 0 0 0 0 0 0 0 0 0 0 0 0 0 0 0 0 0 0 0 0 0 0 0 0 0 0 0 0 0 0 0 0 0 0 0 0 0 0 0 0 0 0 0 0 0 0 0 0 0 0 0 0 0 0 0 0 0 0 0 0 0 0 0 0 0 0 0 0 0 0 0 0 0 0 0 0 0 0 0 0 0 0 0 0 0 0 0 0 0 0 0 0 0 0 0 0 0 0 0 0 0 0 0 0 0 0 0 0 0 0 0 0 0 0 0 0 0 0 0 0 0 0 0 0 0 0 0 0 0 0 0 0 0 0 0 0 0 0 0 0 0 0 0 0 0 0 0 0 0 0 0 0 0 0 0 0 0 0 0 0 0 0 0 0 0 0 0 0 0 0 0 0 0 0 0 0 0 0 0 0 0 0 0 0 0 0 0 0 0 0 0 0 0 0 0 0 0 0 0 0 0 0 0 0 0 0 0 0 0 0 0 0 0 0 0 0 0 0 0 0 0 0 0 0 0 0 0 0 0 0 0 0 0 0 0 0 0 0 0 0 0 0 0 0 0 0 0 0 0 0 0 0 0 0 0 0 0 0 0 0 0 0 0 0 0 0 0 0 0 0 0 0 0 0 0 0 0 0 0 0 0 0 0 0 0 0 0 0 0 0 0 0 0 0 0 0 0 0 0 0 0 0 0 0 0 0 0 0 0 0 0 0 0 0 0 0 0 0 0 0 0 0 0 0 0 0 0 0 0 0 0 0 0 0 0 0 0 0 0 0 0 0 0 0 0 0 0 0 0 0 0 0 0 0 0 0 0 0 0 0 0 0 0 0 0 0 0 0 0 0 0 0 0 0 0 0 0 0 0 0 0 0 0 0 0 0 0 0 0 0 0 0 0 0 0 0 0 0 0 0 0 0 0 0 0 0 0 0 0 0 0 0 0 0 0 0 0 0 0 0 0 0 0 0 0 0 0 0 0 0 0 0 0 0 0 0 0 0 0 0 0 0 0 0 0 0 0 0 0 0 0 0 0 0 0 0 0 0 0 0 0 0 0 0 0 0 0 0 0 0 0 0 0 0 0 0 0 0 0 0 0 0 0 0 0 0 0 0 0 0 0 0 0 0 0 0 0 0 0 0 0 0 0 0 0 0 0 0 0 0 0 0 0 0 0 0 0 0 0 0 0 0 0 0 0 0 0 0 0 0 0 0 0 0 0 0 0 0 0 0 0 0 0 0 0 0 0 0 0 0 0 0 0 0 0 0 0 0 0 0 0 0 0 0 0 0 0 0 0 0 0 0 0 0 0 0 0 0 0 0 0 0 0 0 0 0 0 0 0 0 0 0 0 0 0 0 0 0 0 0 0 0 0 0 0 0 0 0 0 0 0 0 0 0 0 0 0 0 0 0 0 0 0 0 0 0 0 0 0 0 0 0 0 0 0 0 0 0 0 0 0 0 0 0 0 0 0 0 0 0 0 0 0 0 0 0 0 0 0 0 0 0 0 0 0 0 0 0 0 0 0 0 0 0 0 0 0 0 0 0 0 0 0 0 0 0 0 0 0 0 0 0 0 0 0 0 0 0 0 0 0 0 0 0 0 0 0 0 0 0 0 0 0 0 0 0 0 0 0 0 0 0 0 0 0 0 0 0 0 0 0 0 0 0 0 0 0 0 0 0 0 0 0 0 0 0 0 0 0 0 0 0 0 0 0 0 0 0 0 0 0 0 0 0 0 0 0 0 0 0 0 0 0 0 0 0 0 0 0 0 0 0 0 0 0 0 0 0 0 0 0 0 0 0 0 0 0 0 0 0 0 0 0 0 0 0 0 0 0 0 0 0 0 0 0 0 0 0 0 0 0 0 0 0 0 0 0 0 0 0 0 0 0 0 0 0 0 0 0 0 0 0 0 0 0 0 0 0 0 0 0 0 0 0 0 0 0 0 0 0 0 0 0 0 0 0 0 0 0 0 0 0 0 0 0 0 0 0 0 0 0 0 0 0 0 0 0 0 0 0 0 0 0 0 0 0 0 0 0 0 0 0 0 0 0 0 0 0 0 0 0 0 0 0 0 0 0 0 0 0 0 0 0 0 0 0 0 0 0 0 0 0 0 0 0 0 0 0 0 0 0 0 0 0 0 0 0 0 0 0 0 0 0 0 0 0 0 0 0 0 0 0 0 0 0 0 0 0 0 0 0 0 0 0 0 0 0 0 0 0 0 0 0 0 0 0 0 0 0 0 0 0 0 0 0 0 0 0 0 0 0 0 0 0 0 0 0 0 0 0 0 0 0 0 0 0 0 0 0 0 0 0 0 0 0 0 0 0 0 0 0 0 0 0 0 0 0 0 0 0 0 0 0 0 0 0 0 0 0 0 0 0 0 0 0 0 0 0 0 0 0 0 0 0 0 0 0 0 0 0 0 0 0 0 0 0 0 0 0 0 0 0 0 0 0 0 0 0 0 0 0 0 0 0 0 0 0 0 0 0 0 0 0 0 0 0 0 0 0 0 0 0 0 0 0 0 0 0 0 0 0 0 0 0 0 0 0 0 0 0 0 0 0 0 0 0 0 0 0 0 0 0 0 0 0 0 0 0 0 0 0 0 0 0 0 0 0 0 0 0 0 0 0 0 0 0 0 0 0 0 0 0 0 0 0 0 0 0 0 0 0 0 0 0 0 0 0 0 0 0 0 0 0 0 0 0 0 0 0 0 0 0 0 0 0 0 0 0 0 0 0 0 0 0 0 0 0 0 0 0 0 0 0 0 0 0 0 0 0 0 0 0 0 0 0 0 0 0 0 0 0 0 0 0 0 0 0 0 0 0 0 0 0 0 0 0 0 0 0 0 0 0 0 0 0 0 0 0 0 0 0 0 0 0 0 0 0 0 0 0 0 0 0 0 0 0 0 0 0 0 0 0 0 0 0 0 0 0 0 0 0 0 0 0 0 0 0 0 0 0 0 0 0 0 0 0 0 0 0 0 0 0 0 0 0 0 0 0 0 0 0 0 0 0 0 0 0 0 0 0 0 0 0 0 0 0 0 0 0 0 0 0 0 0 0 0 0 0 0 0 0 0 0 0 0 0 0 0 0 0 0 0 0 0 0 0 0 0 0 0 0 0 0 0 0 0 0 0 0 0 0 0 0 0 0 0 0 0 0 0 0 0 0 0 0 0 0 0 0 0 0 0 0 0 0 0 0 0 0 0 0 0 0 0 0 0 0 0 0 0 0 0 0 0 0 0 0 0 0 0 0 0 0 0 0 0 0 0 0 0 0 0 0 0 0 0 0 0 0 0 0 0 0 0 0 0 0 0 0 0 0 0 0 0 0 0 0 0 0 0 0 0 0 0 0 0 0 0 0 0 0 0 0 0 0 0 0 0 0 0 0 0 0 0 0 0 0 0 0 0 0 0 0 0 0 0 0 0 0 0 0 0 0 0 0 0 0 0 0 0 0 0 0 0 0 0 0 0 0 0 0 0 0 0 0 0 0 0 0 0 0 0 0 0 0 0 0 0 0 0 0 0 0 0 0 0 0 0 0 0 0 0 0 0 0 0 0 0 0 0 0 0 0 0 0 0 0 0 0 0 0 0 0 0 0 0 0 0 0 0 0 0 0 0 0 0 0 0 0 0 0 0 0 0 0 0 0 0 0 0 0 0 0 0 0 0 0 0 0 0 0 0 0 0 0 0 0 0 0 0 0 0 0 0 0 0 0 0 0 0 0 0 0 0 0 0 0 0 0 0 0 0 0 0 0 0 0 0 0 0 0 0 0 0 0 0 0 0 0 0 0 0 0 0 0 0 0 0 0 0 0 0 0 0 0 0 0 0 0 0 0 0 0 0 0 0 0 0 0 0 0 0 0 0 0 0 0 0 0 0 0 0 0 0 0 0 0 0 0 0 0 0 0 0 0 0 0 0 0 0 0 0 0 0 0 0 0 0 0 0 0 0 0 0 0 0 0 0 0 0 0 0 0 0 0 0 0 0 0 0 0 0 0 0 0 0 0 0 0 0 0 0 0 0 0 0 0 0 0 0 0 0 0 0 0 0 0 0 0 0 0 0 0 0 0 0 0 0 0 0 0 0 0 0 0 0 0 0 0 0 0 0 0 0 0 0 0 0 0 0 0 0 0 0 0 0 0 0 0 0 0 0 0 0 0 0 0 0 0 0 0 0 0 0 0 0 0 0 0 0 0 0 0 0 0 0 0 0 0 0 0 0 0 0 0 0 0 0 0 0 0 0 0 0 0 0 0 0 0 0 0 0 0 0 0 0 0 0 0 0 0 0 0 0 0 0 0 0 0 0 0 0 0 0 0 0 0 0 0 0 0 0 0 0 0 0 0 0 0 0 0 0 0 0 0 0 0 0 0 0 0 0 0 0 0 0 0 0 0 0 0 0 0 0 0 0 0 0 0 0 0 0 0 0 0 0 0 0 0 0 0 0 0 0 0 0 0 0 0 0 0 0 0 0 0 0 0 0 0 0 0 0 0 0 0 0 0 0 0 0 0 0 0 0 0 0 0 0 0 0 0 0 0 0 0 0 0 0 0 0 0 0 0 0 0 0 0 0 0 0 0 0 0 0 0 0 0 0 0 0 0 0 0 0 0 0 0 0 0 0 0 0 0 0 0 0 0 0 0 0 0 0 0 0 0 0 0 0 0 0 0 0 0 0 0 0 0 0 0 0 0 0 0 0 0 0 0 0 0 0 0 0 0 0 0 0 0 0 0 0 0 0 0 0 0 0 0 0 0 0 0 0 0 0 0 0 0 0 0 0 0 0 0 0 0 0 0 0 0 0 0 0 0 0 0 0 0 0 0 0 0 0 0 0 0 0 0 0 0 0 0 0 0 0 0 0 0 0 0 0 0 0 0 0 0 0 0 0 0 0 0 0 0 0 0 0 0 0 0 0 0 0 0 0 0 0 0 0 0 0 0 0 0 0 0 0 0 0 0 0 0 0 0 0 0 0 0 0 0 0 0 0 0 0 0 0 0 0 0 0 0 0 0 0 0 0 0 0 0 0 0 0 0 0 0 0 0 0 0 0 0 0 0 0 0 0 0 0 0 0 0 0 0 0 0 0 0 0 0 0 0 0 0 0 0 0 0 0 0 0 0 0 0 0 0 0 0 0 0 0 0 0 0 0 0 0 0 0 0 0 0 0 0 0 0 0 0 0 0 0 0 0 0 0 0 0 0 0 0 0 0 0 0 0 0 0 0 0 0 0 0 0 0 0 0 0 0 0 0 0 0 0 0 0 0 0 0 0 0 0 0 0 0 0 0 0 0 0 0 0 0 0 0 0 0 0 0 0 0 0 0 0 0 0 0 0 0 0 0 0 0 0 0 0 0 0 0 0 0 0 0 0 0 0 0 0 0 0 0 0 0 0 0 0 0 0 0 0 0 0 0 0 0 0 0 0 0 0 0 0 0 0 0 0 0 0 0 0 0 0 0 0 0 0 0 0 0 0 0 0 0 0 0 0 0 0 0 0 0 0 0 0 0 0 0 0 0 0 0 0 0 0 0 0 0 0 0 0 0 0 0 0 0 0 0 0 0 0 0 0 0 0 0 0 0 0 0 0 0 0 0 0 0 0 0 0 0 0 0 0 0 0 0 0 0 0 0 0 0 0 0 0 0 0 0 0 0 0 0 0 0 0 0 0 0 0 0 0 0 0 0 0 0 0 0 0 0 0 0 0 0 0 0 0 0 0 0 0 0 0 0 0 0 0 0 0 0 0 0 0 0 0 0 0 0 0 0 0 0 0 0 0 0 0 0 0 0 0 0 0 0 0 0 0 0 0 0 0 0 0 0 0 0 0 0 0 0 0 0 0 0 0 0 0 0 0 0 0 0 0 0 0 0 0 0 0 0 0 0 0 0 0 0 0 0 0 0 0 0 0 0 0 0 0 0 0 0 0 0 0 0 0 0 0 0 0 0 0 0 0 0 0 0 0 0 0 0 0 0 0 0 0 0 0 0 0 0 0 0 0 0 0 0 0 0 0 0 0 0 0 0 0 0 0 0 0 0 0 0 0 0 0 0 0 0 0 0 0 0 0 0 0 0 0 0 0 0 0 0 0 0 0 0 0 0 0 0 0 0 0 0 0 0 0 0 0 0 0 0 0 0 0 0 0 0 0 0 0 0 0 0 0 0 0 0 0 0 0 0 0 0 0 0 0 0 0 0 0 0 0 0 0 0 0 0 0 0 0 0 0 0 0 0 0 0 0 0 0 0 0 0 0 0 0 0 0 0 0 0 0 0 0 0 0 0 0 0 0 0 0 0 0 0 0 0 0 0 0 0 0 0 0 0 0 0 0 0 0 0 0 0 0 0 0 0 0 0 0 0 0 0 0 0 0 0 0 0 0 0 0 0 0 0 0 0 0 0 0 0 0 0 0 0 0 0 0 0 0 0 0 0 0 0 0 0 0 0 0 0 0 0 0 0 0 0 0 0 0 0 0 0 0 0 0 0 0 0 0 0 0 0 0 0 0 0 0 0 0 0 0 0 0 0 0 0 0 0 0 0 0 0 0 0 0 0 0 0 0 0 0 0 0 0 0 0 0 0 0 0 0 0 0 0 0 0 0 0 0 0 0 0 0 0 0 0 0 0 0 0 0 0 0 0 0 0 0 0 0 0 0 0 0 0 0 0 0 0 0 0 0 0 0 0 0 0 0 0 0 0 0 0 0 0 0 0 0 0 0 0 0 0 0 0 0 0 0 0 0 0 0 0 0 0 0 0 0 0 0 0 0 0 0 0 0 0 0 0 0 0 0 0 0 0 0 0 0 0 0 0 0 0 0 0 0 0 0 0 0 0 0 0 0 0 0 0 0 0 0 0 0 0 0 0 0 0 0 0 0 0 0 0 0 0 0 0 0 0 0 0 0 0 0 0 0 0 0 0 0 0 0 0 0 0 0 0 0 0 0 0 0 0 0 0 0 0 0 0 0 0 0 0 0 0 0 0 0 0 0 0 0 0 0 0 0 0 0 0 0 0 0 0 0 0 0 0 0 0 0 0 0 0 0 0 0 0 0 0 0 0 0 0 0 0 0 0 0 0 0 0 0 0 0 0 0 0 0 0 0 0 0 0 0 0 0 0 0 0 0 0 0 0 0 0 0 0 0 0 0 0 0 0 0 0 0 0 0 0 0 0 0 0 0 0 0 0 0 0 0 0 0 0 0 0 0 0 0 0 0 0 0 0 0 0 0 0 0 0 0 0 0 0 0 0 0 0 0 0 0 0 0 0 0 0 0 0 0 0 0 0 0 0 0 0 0 0 0 0 0 0 0 0 0 0 0 0 0 0 0 0 0 0 0 0 0 0 0 0 0 0 0 0 0 0 0 0 0 0 0 0 0 0 0 0 0 0 0 0 0 0 0 0 0 0 0 0 0 0 0 0 0 0 0 0 0 0 0 0 0 0 0 0 0 0 0 0 0 0 0 0 0 0 0 0 0 0 0 0 0 0 0 0 0 0 0 0 0 0 0 0 0 0 0 0 0 0 0 0 0 0 0 0 0 0 0 0 0 0 0 0 0 0 0 0 0 0 0 0 0 0 0 0 0 0 0 0 0 0 0 0 0 0 0 0 0 0 0 0 0 0 0 0 0 0 0 0 0 0 0 0 0 0 0 0 0 0 0 0 0 0 0 0 0 0 0 0 0 0 0 0 0 0 0 0 0 0 0 0 0 0 0 0 0 0 0 0 0 0 0 0 0 0 0 0 0 0 0 0 0 0 0 0 0 0 0 0 0 0 0 0 0 0 0 0 0 0 0 0 0 0 0 0 0 0 0 0 0 0 0 0 0 0 0 0 0 0 0 0 0 0 0 0 0 0 0 0 0 0 0 0 0 0 0 0 0 0 0 0 0 0 0 0 0 0 0 0 0 0 0 0 0 0 0 0 0 0 0 0 0 0 0 0 0 0 0 0 0 0 0 0 0 0 0 0 0 0 0 0 0 0 0 0 0 0 0 0 0 0 0 0 0 0 0 0 0 0 0 0 0 0 0 0 0 0 0 0 0 0 0 0 0 0 0 0 0 0 0 0 0 0 0 0 0 0 0 0 0 0 0 0 0 0 0 0 0 0 0 0 0 0 0 0 0 0 0 0 0 0 0 0 0 0 0 0 0 0 0 0 0 0 0 0 0 0 0 0 0 0 0 0 0 0 0 0 0 0 0 0 0 0 0 0 0 0 0 0 0 0 0 0 0 0 0 0 0 0 0 0 0 0 0 0 0 0 0 0 0 0 0 0 0 0 0 0 0 0 0 0 0 0 0 0 0 0 0 0 0 0 0 0 0 0 0 0 0 0 0 0 0 0 0 0 0 0 0 0 0 0 0 0 0 0 0 0 0 0 0 0 0 0 0 0 0 0 0 0</float_array>
                    <technique_common>
                        <accessor count="22467" source="#shape0-lib-map-array" stride="2">
                            <param name="U" type="float"/>
                            <param name="V" type="float"/>
                        </accessor>
                    </technique_common>
                </source>
                <vertices id="shape0-lib-vertices">
                    <input semantic="POSITION" source="#shape0-lib-positions"/>
                </vertices>
                <triangles count="7489">
                    <input offset="0" semantic="VERTEX" source="#shape0-lib-vertices"/>
                    <input offset="1" semantic="NORMAL" source="#shape0-lib-normals"/>
                    <input offset="2" semantic="TEXCOORD" source="#shape0-lib-map"/>
                    <p>300 0 0 303 0 1 302 0 2 303 1 3 300 1 4 1 1 5 1 2 6 0 2 7 303 2 8 300 3 9 2 3 10 1 3 11 3 4 12 1 4 13 2 4 14 3 5 15 4 5 16 1 5 17 4 6 18 8 6 19 5 6 20 4 7 21 7 7 22 6 7 23 6 8 24 8 8 25 4 8 26 306 9 27 5 9 28 8 9 29 306 10 30 8 10 31 9 10 32 9 11 33 11 11 34 307 11 35 307 12 36 308 12 37 287 12 38 10 13 39 20 13 40 308 13 41 10 14 42 308 14 43 307 14 44 11 15 45 10 15 46 307 15 47 13 16 48 10 16 49 11 16 50 11 17 51 12 17 52 13 17 53 9 18 54 8 18 55 11 18 56 30 19 57 11 19 58 8 19 59 12 20 60 11 20 61 30 20 62 16 21 63 17 21 64 13 21 65 17 22 66 15 22 67 14 22 68 15 23 69 17 23 70 16 23 71 14 24 72 18 24 73 17 24 74 18 25 75 20 25 76 10 25 77 18 26 78 153 26 79 20 26 80 20 27 81 153 27 82 19 27 83 19 28 84 21 28 85 20 28 86 20 29 87 21 29 88 316 29 89 151 30 90 148 30 91 21 30 92 25 31 93 21 31 94 148 31 95 21 32 96 25 32 97 24 32 98 21 33 99 24 33 100 22 33 101 21 34 102 19 34 103 151 34 104 21 35 105 315 35 106 316 35 107 21 36 108 22 36 109 315 36 110 24 37 111 23 37 112 22 37 113 22 38 114 23 38 115 270 38 116 315 39 117 22 39 118 270 39 119 25 40 120 23 40 121 24 40 122 23 41 123 25 41 124 26 41 125 27 42 126 23 42 127 26 42 128 26 43 129 149 43 130 268 43 131 268 44 132 149 44 133 266 44 134 266 45 135 149 45 136 325 45 137 266 46 138 325 46 139 275 46 140 28 47 141 325 47 142 149 47 143 28 48 144 264 48 145 325 48 146 28 49 147 29 49 148 264 49 149 7 50 150 29 50 151 30 50 152 12 51 153 173 51 154 31 51 155 30 52 156 173 52 157 12 52 158 31 53 159 173 53 160 146 53 161 31 54 162 146 54 163 16 54 164 133 55 165 14 55 166 136 55 167 14 56 168 15 56 169 136 56 170 33 57 171 133 57 172 32 57 173 133 58 174 33 58 175 14 58 176 33 59 177 32 59 178 163 59 179 34 60 180 167 60 181 165 60 182 35 61 183 167 61 184 34 61 185 32 62 186 34 62 187 163 62 188 36 63 189 34 63 190 32 63 191 34 64 192 36 64 193 35 64 194 139 65 195 35 65 196 36 65 197 35 66 198 139 66 199 37 66 200 35 67 201 37 67 202 168 67 203 169 68 204 37 68 205 38 68 206 168 69 207 37 69 208 169 69 209 170 70 210 169 70 211 171 70 212 169 71 213 39 71 214 171 71 215 39 72 216 169 72 217 38 72 218 41 73 219 39 73 220 40 73 221 171 74 222 39 74 223 41 74 224 41 75 225 42 75 226 46 75 227 42 76 228 41 76 229 40 76 230 44 77 231 42 77 232 83 77 233 40 78 234 84 78 235 42 78 236 46 79 237 42 79 238 44 79 239 45 80 240 43 80 241 44 80 242 45 81 243 44 81 244 83 81 245 46 82 246 79 82 247 41 82 248 41 83 249 49 83 250 171 83 251 109 84 252 47 84 253 73 84 254 109 85 255 73 85 256 108 85 257 109 86 258 48 86 259 47 86 260 109 87 261 79 87 262 48 87 263 109 88 264 49 88 265 79 88 266 109 89 267 50 89 268 49 89 269 122 90 270 109 90 271 119 90 272 115 91 273 119 91 274 109 91 275 50 92 276 109 92 277 125 92 278 125 93 279 109 93 280 122 93 281 51 94 282 73 94 283 70 94 284 51 95 285 228 95 286 73 95 287 108 96 288 73 96 289 228 96 290 52 97 291 53 97 292 51 97 293 53 98 294 54 98 295 56 98 296 53 99 297 52 99 298 54 99 299 55 100 300 54 100 301 66 100 302 66 101 303 54 101 304 52 101 305 58 102 306 227 102 307 57 102 308 57 103 309 59 103 310 58 103 311 59 104 312 61 104 313 232 104 314 232 105 315 58 105 316 59 105 317 61 106 318 59 106 319 60 106 320 55 107 321 62 107 322 60 107 323 55 108 324 63 108 325 62 108 326 63 109 327 238 109 328 62 109 329 63 110 330 64 110 331 238 110 332 64 111 333 65 111 334 238 111 335 67 112 336 64 112 337 63 112 338 63 113 339 55 113 340 66 113 341 63 114 342 66 114 343 67 114 344 67 115 345 68 115 346 64 115 347 69 116 348 68 116 349 67 116 350 68 117 351 69 117 352 89 117 353 69 118 354 52 118 355 71 118 356 67 119 357 66 119 358 69 119 359 66 120 360 52 120 361 69 120 362 71 121 363 51 121 364 70 121 365 51 122 366 71 122 367 52 122 368 70 123 369 73 123 370 72 123 371 72 124 372 71 124 373 70 124 374 74 125 375 71 125 376 72 125 377 74 126 378 72 126 379 75 126 380 72 127 381 73 127 382 75 127 383 73 128 384 47 128 385 75 128 386 77 129 387 74 129 388 75 129 389 76 130 390 77 130 391 78 130 392 77 131 393 76 131 394 74 131 395 78 132 396 47 132 397 48 132 398 77 133 399 47 133 400 78 133 401 78 134 402 48 134 403 43 134 404 76 135 405 78 135 406 43 135 407 43 136 408 48 136 409 44 136 410 44 137 411 79 137 412 46 137 413 44 138 414 48 138 415 79 138 416 75 139 417 47 139 418 77 139 419 76 140 420 80 140 421 74 140 422 43 141 423 45 141 424 76 141 425 80 142 426 76 142 427 86 142 428 76 143 429 45 143 430 86 143 431 81 144 432 80 144 433 86 144 434 83 145 435 82 145 436 45 145 437 42 146 438 82 146 439 83 146 440 42 147 441 84 147 442 82 147 443 82 148 444 187 148 445 85 148 446 85 149 447 187 149 448 87 149 449 85 150 450 87 150 451 86 150 452 86 151 453 87 151 454 81 151 455 81 152 456 87 152 457 88 152 458 87 153 459 187 153 460 90 153 461 88 154 462 87 154 463 90 154 464 81 155 465 88 155 466 89 155 467 89 156 468 88 156 469 68 156 470 89 157 471 69 157 472 80 157 473 89 158 474 80 158 475 81 158 476 69 159 477 74 159 478 80 159 479 88 160 480 90 160 481 68 160 482 64 161 483 90 161 484 65 161 485 90 162 486 92 162 487 65 162 488 90 163 489 187 163 490 92 163 491 68 164 492 90 164 493 64 164 494 92 165 495 187 165 496 113 165 497 65 166 498 92 166 499 91 166 500 188 167 501 93 167 502 92 167 503 92 168 504 93 168 505 95 168 506 94 169 507 93 169 508 190 169 509 190 170 510 93 170 511 188 170 512 107 171 513 94 171 514 190 171 515 97 172 516 96 172 517 94 172 518 97 173 519 94 173 520 107 173 521 93 174 522 94 174 523 96 174 524 93 175 525 96 175 526 95 175 527 96 176 528 97 176 529 98 176 530 98 177 531 95 177 532 96 177 533 104 178 534 98 178 535 105 178 536 262 179 537 98 179 538 99 179 539 98 180 540 262 180 541 95 180 542 99 181 543 98 181 544 104 181 545 262 182 546 99 182 547 100 182 548 91 183 549 262 183 550 100 183 551 91 184 552 100 184 553 102 184 554 65 185 555 91 185 556 101 185 557 91 186 558 102 186 559 101 186 560 243 187 561 102 187 562 103 187 563 100 188 564 103 188 565 102 188 566 100 189 567 99 189 568 103 189 569 104 190 570 105 190 571 258 190 572 106 191 573 105 191 574 98 191 575 97 192 576 106 192 577 98 192 578 108 193 579 106 193 580 97 193 581 107 194 582 108 194 583 97 194 584 108 195 585 228 195 586 106 195 587 107 196 588 190 196 589 108 196 590 108 197 591 190 197 592 189 197 593 108 198 594 189 198 595 109 198 596 189 199 597 110 199 598 109 199 599 110 200 600 111 200 601 112 200 602 113 201 603 112 201 604 111 201 605 113 202 606 116 202 607 112 202 608 110 203 609 112 203 610 114 203 611 114 204 612 112 204 613 116 204 614 109 205 615 110 205 616 114 205 617 114 206 618 116 206 619 115 206 620 117 207 621 115 207 622 116 207 623 187 208 624 118 208 625 116 208 626 116 209 627 118 209 628 117 209 629 187 210 630 177 210 631 118 210 632 118 211 633 120 211 634 117 211 635 119 212 636 120 212 637 121 212 638 119 213 639 121 213 640 122 213 641 115 214 642 117 214 643 119 214 644 122 215 645 121 215 646 123 215 647 122 216 648 123 216 649 124 216 650 122 217 651 124 217 652 125 217 653 125 218 654 124 218 655 126 218 656 125 219 657 126 219 658 128 219 659 124 220 660 175 220 661 126 220 662 126 221 663 175 221 664 174 221 665 126 222 666 174 222 667 127 222 668 128 223 669 126 223 670 127 223 671 129 224 672 128 224 673 127 224 674 128 225 675 129 225 676 186 225 677 130 226 678 128 226 679 186 226 680 130 227 681 186 227 682 185 227 683 131 228 684 130 228 685 185 228 686 131 229 687 161 229 688 130 229 689 164 230 690 130 230 691 161 230 692 161 231 693 131 231 694 160 231 695 132 232 696 131 232 697 184 232 698 132 233 699 160 233 700 131 233 701 158 234 702 132 234 703 183 234 704 183 235 705 132 235 706 184 235 707 183 236 708 135 236 709 158 236 710 183 237 711 134 237 712 135 237 713 136 238 714 134 238 715 133 238 716 179 239 717 134 239 718 178 239 719 178 240 720 134 240 721 183 240 722 135 241 723 134 241 724 142 241 725 32 242 726 133 242 727 137 242 728 133 243 729 134 243 730 137 243 731 137 244 732 134 244 733 138 244 734 179 245 735 138 245 736 134 245 737 32 246 738 137 246 739 36 246 740 137 247 741 138 247 742 36 247 743 187 248 744 138 248 745 179 248 746 36 249 747 138 249 748 139 249 749 139 250 750 138 250 751 140 250 752 138 251 753 187 251 754 140 251 755 139 252 756 140 252 757 37 252 758 37 253 759 140 253 760 141 253 761 38 254 762 37 254 763 141 254 764 38 255 765 141 255 766 39 255 767 141 256 768 140 256 769 84 256 770 39 257 771 141 257 772 84 257 773 140 258 774 187 258 775 82 258 776 84 259 777 140 259 778 82 259 779 39 260 780 84 260 781 40 260 782 136 261 783 145 261 784 134 261 785 142 262 786 134 262 787 145 262 788 143 263 789 142 263 790 150 263 791 150 264 792 142 264 793 144 264 794 144 265 795 145 265 796 146 265 797 142 266 798 145 266 799 144 266 800 144 267 801 146 267 802 28 267 803 25 268 804 148 268 805 147 268 806 25 269 807 147 269 808 26 269 809 26 270 810 147 270 811 149 270 812 149 271 813 147 271 814 144 271 815 144 272 816 28 272 817 149 272 818 147 273 819 148 273 820 150 273 821 144 274 822 147 274 823 150 274 824 151 275 825 143 275 826 150 275 827 19 276 828 143 276 829 151 276 830 172 277 831 143 277 832 19 277 833 172 278 834 157 278 835 143 278 836 152 279 837 157 279 838 172 279 839 161 280 840 154 280 841 153 280 842 154 281 843 162 281 844 155 281 845 155 282 846 156 282 847 152 282 848 155 283 849 162 283 850 156 283 851 135 284 852 142 284 853 157 284 854 135 285 855 156 285 856 162 285 857 154 286 858 158 286 859 162 286 860 159 287 861 158 287 862 154 287 863 161 288 864 159 288 865 154 288 866 132 289 867 159 289 868 160 289 869 158 290 870 159 290 871 132 290 872 160 291 873 159 291 874 161 291 875 158 292 876 135 292 877 162 292 878 157 293 879 156 293 880 135 293 881 157 294 882 142 294 883 143 294 884 152 295 885 156 295 886 157 295 887 153 296 888 154 296 889 155 296 890 153 297 891 155 297 892 152 297 893 164 298 894 161 298 895 153 298 896 164 299 897 153 299 898 18 299 899 172 300 900 153 300 901 152 300 902 14 301 903 164 301 904 18 301 905 163 302 906 164 302 907 33 302 908 33 303 909 164 303 910 14 303 911 163 304 912 165 304 913 164 304 914 166 305 915 125 305 916 164 305 917 165 306 918 166 306 919 164 306 920 167 307 921 166 307 922 165 307 923 167 308 924 50 308 925 166 308 926 169 309 927 50 309 928 168 309 929 169 310 930 170 310 931 50 310 932 170 311 933 49 311 934 50 311 935 171 312 936 49 312 937 170 312 938 168 313 939 50 313 940 167 313 941 35 314 942 168 314 943 167 314 944 50 315 945 125 315 946 166 315 947 34 316 948 165 316 949 163 316 950 19 317 951 153 317 952 172 317 953 151 318 954 150 318 955 148 318 956 28 319 957 146 319 958 29 319 959 173 320 960 29 320 961 146 320 962 16 321 963 146 321 964 145 321 965 16 322 966 145 322 967 15 322 968 15 323 969 145 323 970 136 323 971 174 324 972 177 324 973 179 324 974 187 325 975 179 325 976 177 325 977 174 326 978 175 326 979 177 326 980 177 327 981 175 327 982 176 327 983 176 328 984 120 328 985 118 328 986 177 329 987 176 329 988 118 329 989 123 330 990 176 330 991 175 330 992 176 331 993 121 331 994 120 331 995 121 332 996 176 332 997 123 332 998 123 333 999 175 333 1000 124 333 1001 179 334 1002 181 334 1003 174 334 1004 178 335 1005 181 335 1006 179 335 1007 178 336 1008 180 336 1009 181 336 1010 127 337 1011 181 337 1012 129 337 1013 127 338 1014 174 338 1015 181 338 1016 180 339 1017 129 339 1018 181 339 1019 178 340 1020 182 340 1021 180 340 1022 183 341 1023 184 341 1024 178 341 1025 178 342 1026 184 342 1027 182 342 1028 185 343 1029 182 343 1030 184 343 1031 186 344 1032 182 344 1033 185 344 1034 185 345 1035 184 345 1036 131 345 1037 182 346 1038 186 346 1039 129 346 1040 182 347 1041 129 347 1042 180 347 1043 164 348 1044 125 348 1045 130 348 1046 130 349 1047 125 349 1048 128 349 1049 119 350 1050 117 350 1051 120 350 1052 187 351 1053 116 351 1054 113 351 1055 115 352 1056 109 352 1057 114 352 1058 113 353 1059 111 353 1060 188 353 1061 189 354 1062 188 354 1063 111 354 1064 190 355 1065 188 355 1066 189 355 1067 189 356 1068 111 356 1069 110 356 1070 113 357 1071 188 357 1072 92 357 1073 106 358 1074 228 358 1075 192 358 1076 192 359 1077 259 359 1078 106 359 1079 192 360 1080 191 360 1081 259 360 1082 192 361 1083 193 361 1084 191 361 1085 226 362 1086 194 362 1087 193 362 1088 193 363 1089 192 363 1090 226 363 1091 193 364 1092 220 364 1093 195 364 1094 193 365 1095 195 365 1096 191 365 1097 195 366 1098 196 366 1099 197 366 1100 197 367 1101 196 367 1102 198 367 1103 197 368 1104 198 368 1105 199 368 1106 200 369 1107 199 369 1108 198 369 1109 202 370 1110 104 370 1111 200 370 1112 104 371 1113 258 371 1114 200 371 1115 258 372 1116 199 372 1117 200 372 1118 201 373 1119 200 373 1120 203 373 1121 202 374 1122 200 374 1123 201 374 1124 200 375 1125 198 375 1126 203 375 1127 198 376 1128 196 376 1129 203 376 1130 203 377 1131 196 377 1132 204 377 1133 204 378 1134 196 378 1135 218 378 1136 218 379 1137 206 379 1138 204 379 1139 206 380 1140 218 380 1141 205 380 1142 206 381 1143 207 381 1144 203 381 1145 206 382 1146 210 382 1147 207 382 1148 203 383 1149 204 383 1150 206 383 1151 205 384 1152 210 384 1153 206 384 1154 210 385 1155 208 385 1156 207 385 1157 210 386 1158 209 386 1159 208 386 1160 213 387 1161 210 387 1162 205 387 1163 213 388 1164 211 388 1165 210 388 1166 211 389 1167 212 389 1168 210 389 1169 210 390 1170 212 390 1171 209 390 1172 205 391 1173 217 391 1174 213 391 1175 217 392 1176 214 392 1177 213 392 1178 214 393 1179 211 393 1180 213 393 1181 215 394 1182 216 394 1183 214 394 1184 215 395 1185 214 395 1186 217 395 1187 216 396 1188 211 396 1189 214 396 1190 195 397 1191 220 397 1192 218 397 1193 220 398 1194 217 398 1195 218 398 1196 195 399 1197 218 399 1198 196 399 1199 205 400 1200 218 400 1201 217 400 1202 220 401 1203 219 401 1204 221 401 1205 220 402 1206 194 402 1207 219 402 1208 101 403 1209 261 403 1210 221 403 1211 101 404 1212 221 404 1213 222 404 1214 238 405 1215 222 405 1216 234 405 1217 234 406 1218 222 406 1219 223 406 1220 224 407 1221 223 407 1222 222 407 1223 222 408 1224 219 408 1225 224 408 1226 222 409 1227 221 409 1228 219 409 1229 219 410 1230 236 410 1231 224 410 1232 219 411 1233 225 411 1234 236 411 1235 219 412 1236 194 412 1237 225 412 1238 226 413 1239 228 413 1240 227 413 1241 225 414 1242 226 414 1243 229 414 1244 226 415 1245 227 415 1246 229 415 1247 225 416 1248 194 416 1249 226 416 1250 229 417 1251 230 417 1252 237 417 1253 231 418 1254 237 418 1255 230 418 1256 231 419 1257 230 419 1258 61 419 1259 230 420 1260 233 420 1261 232 420 1262 230 421 1263 229 421 1264 233 421 1265 229 422 1266 227 422 1267 233 422 1268 227 423 1269 58 423 1270 233 423 1271 58 424 1272 232 424 1273 233 424 1274 61 425 1275 230 425 1276 232 425 1277 234 426 1278 223 426 1279 61 426 1280 224 427 1281 235 427 1282 223 427 1283 224 428 1284 236 428 1285 235 428 1286 235 429 1287 236 429 1288 237 429 1289 235 430 1290 237 430 1291 231 430 1292 236 431 1293 225 431 1294 237 431 1295 61 432 1296 223 432 1297 231 432 1298 223 433 1299 235 433 1300 231 433 1301 62 434 1302 234 434 1303 60 434 1304 62 435 1305 238 435 1306 234 435 1307 60 436 1308 234 436 1309 61 436 1310 225 437 1311 229 437 1312 237 437 1313 57 438 1314 227 438 1315 228 438 1316 57 439 1317 228 439 1318 56 439 1319 238 440 1320 101 440 1321 222 440 1322 65 441 1323 101 441 1324 238 441 1325 101 442 1326 242 442 1327 261 442 1328 101 443 1329 102 443 1330 242 443 1331 242 444 1332 239 444 1333 261 444 1334 239 445 1335 241 445 1336 240 445 1337 241 446 1338 239 446 1339 242 446 1340 244 447 1341 241 447 1342 243 447 1343 245 448 1344 243 448 1345 103 448 1346 244 449 1347 243 449 1348 245 449 1349 245 450 1350 103 450 1351 257 450 1352 245 451 1353 246 451 1354 244 451 1355 246 452 1356 245 452 1357 247 452 1358 247 453 1359 245 453 1360 257 453 1361 247 454 1362 250 454 1363 246 454 1364 247 455 1365 248 455 1366 250 455 1367 247 456 1368 249 456 1369 248 456 1370 249 457 1371 250 457 1372 248 457 1373 251 458 1374 250 458 1375 249 458 1376 208 459 1377 250 459 1378 251 459 1379 252 460 1380 250 460 1381 212 460 1382 212 461 1383 250 461 1384 209 461 1385 209 462 1386 250 462 1387 208 462 1388 254 463 1389 252 463 1390 211 463 1391 211 464 1392 252 464 1393 212 464 1394 254 465 1395 216 465 1396 253 465 1397 211 466 1398 216 466 1399 254 466 1400 253 467 1401 246 467 1402 254 467 1403 246 468 1404 252 468 1405 254 468 1406 244 469 1407 246 469 1408 253 469 1409 253 470 1410 241 470 1411 244 470 1412 216 471 1413 240 471 1414 253 471 1415 253 472 1416 240 472 1417 241 472 1418 207 473 1419 251 473 1420 255 473 1421 207 474 1422 208 474 1423 251 474 1424 256 475 1425 201 475 1426 255 475 1427 255 476 1428 251 476 1429 256 476 1430 255 477 1431 201 477 1432 203 477 1433 247 478 1434 202 478 1435 256 478 1436 256 479 1437 249 479 1438 247 479 1439 256 480 1440 251 480 1441 249 480 1442 256 481 1443 202 481 1444 201 481 1445 203 482 1446 207 482 1447 255 482 1448 246 483 1449 250 483 1450 252 483 1451 247 484 1452 257 484 1453 202 484 1454 257 485 1455 103 485 1456 99 485 1457 99 486 1458 104 486 1459 257 486 1460 257 487 1461 104 487 1462 202 487 1463 259 488 1464 191 488 1465 199 488 1466 106 489 1467 259 489 1468 105 489 1469 259 490 1470 199 490 1471 105 490 1472 105 491 1473 199 491 1474 258 491 1475 241 492 1476 242 492 1477 243 492 1478 102 493 1479 243 493 1480 242 493 1481 239 494 1482 240 494 1483 260 494 1484 260 495 1485 240 495 1486 215 495 1487 215 496 1488 240 496 1489 216 496 1490 220 497 1491 260 497 1492 215 497 1493 215 498 1494 217 498 1495 220 498 1496 260 499 1497 221 499 1498 261 499 1499 260 500 1500 261 500 1501 239 500 1502 220 501 1503 221 501 1504 260 501 1505 194 502 1506 220 502 1507 193 502 1508 199 503 1509 191 503 1510 197 503 1511 191 504 1512 195 504 1513 197 504 1514 192 505 1515 228 505 1516 226 505 1517 53 506 1518 228 506 1519 51 506 1520 56 507 1521 228 507 1522 53 507 1523 92 508 1524 95 508 1525 262 508 1526 262 509 1527 91 509 1528 92 509 1529 45 510 1530 85 510 1531 86 510 1532 45 511 1533 82 511 1534 85 511 1535 74 512 1536 69 512 1537 71 512 1538 54 513 1539 55 513 1540 59 513 1541 59 514 1542 55 514 1543 60 514 1544 57 515 1545 54 515 1546 59 515 1547 54 516 1548 57 516 1549 56 516 1550 41 517 1551 79 517 1552 49 517 1553 31 518 1554 16 518 1555 12 518 1556 30 519 1557 29 519 1558 173 519 1559 6 520 1560 7 520 1561 30 520 1562 7 521 1563 263 521 1564 29 521 1565 3 522 1566 263 522 1567 7 522 1568 7 523 1569 4 523 1570 3 523 1571 296 524 1572 264 524 1573 298 524 1574 264 525 1575 263 525 1576 298 525 1577 264 526 1578 295 526 1579 265 526 1580 264 527 1581 265 527 1582 325 527 1583 265 528 1584 275 528 1585 325 528 1586 273 529 1587 267 529 1588 266 529 1589 266 530 1590 276 530 1591 273 530 1592 269 531 1593 27 531 1594 267 531 1595 272 532 1596 269 532 1597 267 532 1598 272 533 1599 267 533 1600 273 533 1601 267 534 1602 268 534 1603 266 534 1604 267 535 1605 27 535 1606 268 535 1607 23 536 1608 27 536 1609 269 536 1610 270 537 1611 23 537 1612 269 537 1613 272 538 1614 271 538 1615 269 538 1616 270 539 1617 269 539 1618 271 539 1619 273 540 1620 276 540 1621 274 540 1622 278 541 1623 274 541 1624 276 541 1625 278 542 1626 276 542 1627 277 542 1628 277 543 1629 276 543 1630 275 543 1631 275 544 1632 276 544 1633 266 544 1634 265 545 1635 277 545 1636 275 545 1637 279 546 1638 323 546 1639 278 546 1640 265 547 1641 278 547 1642 277 547 1643 265 548 1644 279 548 1645 278 548 1646 279 549 1647 281 549 1648 282 549 1649 283 550 1650 281 550 1651 280 550 1652 281 551 1653 283 551 1654 322 551 1655 282 552 1656 322 552 1657 321 552 1658 281 553 1659 322 553 1660 282 553 1661 283 554 1662 280 554 1663 319 554 1664 319 555 1665 284 555 1666 318 555 1667 280 556 1668 285 556 1669 319 556 1670 319 557 1671 285 557 1672 284 557 1673 285 558 1674 280 558 1675 310 558 1676 287 559 1677 286 559 1678 288 559 1679 287 560 1680 288 560 1681 293 560 1682 292 561 1683 289 561 1684 287 561 1685 287 562 1686 293 562 1687 292 562 1688 290 563 1689 287 563 1690 289 563 1691 303 564 1692 289 564 1693 302 564 1694 292 565 1695 291 565 1696 289 565 1697 293 566 1698 294 566 1699 292 566 1700 292 567 1701 294 567 1702 291 567 1703 294 568 1704 296 568 1705 301 568 1706 302 569 1707 294 569 1708 301 569 1709 302 570 1710 291 570 1711 294 570 1712 293 571 1713 295 571 1714 294 571 1715 294 572 1716 295 572 1717 296 572 1718 301 573 1719 296 573 1720 298 573 1721 301 574 1722 298 574 1723 297 574 1724 298 575 1725 299 575 1726 297 575 1727 3 576 1728 299 576 1729 263 576 1730 298 577 1731 263 577 1732 299 577 1733 2 578 1734 299 578 1735 3 578 1736 2 579 1737 300 579 1738 299 579 1739 297 580 1740 299 580 1741 300 580 1742 300 581 1743 302 581 1744 297 581 1745 302 582 1746 301 582 1747 297 582 1748 296 583 1749 295 583 1750 264 583 1751 288 584 1752 295 584 1753 293 584 1754 288 585 1755 265 585 1756 295 585 1757 291 586 1758 302 586 1759 289 586 1760 303 587 1761 304 587 1762 289 587 1763 305 588 1764 304 588 1765 303 588 1766 5 589 1767 305 589 1768 0 589 1769 305 590 1770 5 590 1771 306 590 1772 1 591 1773 5 591 1774 0 591 1775 4 592 1776 5 592 1777 1 592 1778 306 593 1779 307 593 1780 290 593 1781 307 594 1782 287 594 1783 290 594 1784 308 595 1785 312 595 1786 287 595 1787 287 596 1788 312 596 1789 286 596 1790 312 597 1791 309 597 1792 286 597 1793 309 598 1794 310 598 1795 286 598 1796 309 599 1797 285 599 1798 310 599 1799 309 600 1800 311 600 1801 285 600 1802 309 601 1803 312 601 1804 311 601 1805 314 602 1806 284 602 1807 311 602 1808 314 603 1809 315 603 1810 317 603 1811 314 604 1812 317 604 1813 284 604 1814 313 605 1815 315 605 1816 314 605 1817 316 606 1818 315 606 1819 313 606 1820 308 607 1821 316 607 1822 313 607 1823 20 608 1824 316 608 1825 308 608 1826 308 609 1827 313 609 1828 312 609 1829 311 610 1830 312 610 1831 313 610 1832 311 611 1833 313 611 1834 314 611 1835 318 612 1836 284 612 1837 317 612 1838 315 613 1839 270 613 1840 317 613 1841 324 614 1842 318 614 1843 317 614 1844 324 615 1845 317 615 1846 270 615 1847 322 616 1848 283 616 1849 319 616 1850 319 617 1851 321 617 1852 322 617 1853 324 618 1854 321 618 1855 319 618 1856 272 619 1857 321 619 1858 324 619 1859 274 620 1860 321 620 1861 272 620 1862 320 621 1863 321 621 1864 274 621 1865 320 622 1866 323 622 1867 321 622 1868 320 623 1869 278 623 1870 323 623 1871 321 624 1872 323 624 1873 282 624 1874 279 625 1875 282 625 1876 323 625 1877 274 626 1878 278 626 1879 320 626 1880 272 627 1881 273 627 1882 274 627 1883 319 628 1884 318 628 1885 324 628 1886 270 629 1887 271 629 1888 324 629 1889 324 630 1890 271 630 1891 272 630 1892 311 631 1893 284 631 1894 285 631 1895 9 632 1896 307 632 1897 306 632 1898 306 633 1899 290 633 1900 305 633 1901 305 634 1902 303 634 1903 0 634 1904 305 635 1905 290 635 1906 304 635 1907 290 636 1908 289 636 1909 304 636 1910 288 637 1911 279 637 1912 265 637 1913 279 638 1914 288 638 1915 286 638 1916 279 639 1917 286 639 1918 310 639 1919 310 640 1920 281 640 1921 279 640 1922 310 641 1923 280 641 1924 281 641 1925 26 642 1926 268 642 1927 27 642 1928 264 643 1929 29 643 1930 263 643 1931 13 644 1932 18 644 1933 10 644 1934 17 645 1935 18 645 1936 13 645 1937 13 646 1938 12 646 1939 16 646 1940 8 647 1941 6 647 1942 30 647 1943 422 648 1944 460 648 1945 459 648 1946 882 649 1947 460 649 1948 883 649 1949 883 650 1950 353 650 1951 868 650 1952 326 651 1953 329 651 1954 353 651 1955 371 652 1956 387 652 1957 372 652 1958 340 653 1959 344 653 1960 408 653 1961 344 654 1962 346 654 1963 415 654 1964 346 655 1965 347 655 1966 365 655 1967 430 656 1968 347 656 1969 431 656 1970 616 657 1971 347 657 1972 673 657 1973 674 658 1974 617 658 1975 629 658 1976 673 659 1977 617 659 1978 616 659 1979 365 660 1980 430 660 1981 614 660 1982 366 661 1983 433 661 1984 613 661 1985 438 662 1986 439 662 1987 612 662 1988 653 663 1989 612 663 1990 654 663 1991 642 664 1992 654 664 1993 655 664 1994 643 665 1995 655 665 1996 656 665 1997 644 666 1998 656 666 1999 657 666 2000 644 667 2001 657 667 2002 658 667 2003 645 668 2004 658 668 2005 659 668 2006 646 669 2007 659 669 2008 660 669 2009 647 670 2010 660 670 2011 661 670 2012 661 671 2013 674 671 2014 662 671 2015 671 672 2016 607 672 2017 606 672 2018 649 673 2019 607 673 2020 650 673 2021 634 674 2022 650 674 2023 600 674 2024 600 675 2025 615 675 2026 626 675 2027 630 676 2028 615 676 2029 608 676 2030 630 677 2031 608 677 2032 627 677 2033 797 678 2034 827 678 2035 627 678 2036 799 679 2037 815 679 2038 827 679 2039 800 680 2040 814 680 2041 815 680 2042 805 681 2043 800 681 2044 820 681 2045 821 682 2046 820 682 2047 802 682 2048 822 683 2049 802 683 2050 801 683 2051 801 684 2052 361 684 2053 804 684 2054 339 685 2055 361 685 2056 340 685 2057 339 686 2058 340 686 2059 386 686 2060 338 687 2061 339 687 2062 386 687 2063 424 688 2064 327 688 2065 422 688 2066 806 689 2067 422 689 2068 807 689 2069 812 690 2070 826 690 2071 807 690 2072 811 691 2073 825 691 2074 826 691 2075 808 692 2076 817 692 2077 825 692 2078 805 693 2079 817 693 2080 816 693 2081 817 694 2082 805 694 2083 823 694 2084 813 695 2085 830 695 2086 818 695 2087 828 696 2088 874 696 2089 830 696 2090 828 697 2091 867 697 2092 874 697 2093 867 698 2094 829 698 2095 881 698 2096 881 699 2097 809 699 2098 882 699 2099 459 700 2100 882 700 2101 809 700 2102 809 701 2103 881 701 2104 829 701 2105 829 702 2106 867 702 2107 828 702 2108 875 703 2109 830 703 2110 874 703 2111 830 704 2112 875 704 2113 818 704 2114 828 705 2115 830 705 2116 810 705 2117 810 706 2118 830 706 2119 813 706 2120 825 707 2121 823 707 2122 824 707 2123 817 708 2124 823 708 2125 825 708 2126 811 709 2127 829 709 2128 828 709 2129 810 710 2130 808 710 2131 811 710 2132 810 711 2133 811 711 2134 828 711 2135 808 712 2136 825 712 2137 811 712 2138 825 713 2139 824 713 2140 826 713 2141 812 714 2142 809 714 2143 829 714 2144 812 715 2145 829 715 2146 811 715 2147 811 716 2148 826 716 2149 812 716 2150 812 717 2151 807 717 2152 809 717 2153 826 718 2154 824 718 2155 806 718 2156 826 719 2157 806 719 2158 807 719 2159 422 720 2160 806 720 2161 424 720 2162 424 721 2163 425 721 2164 359 721 2165 359 722 2166 425 722 2167 360 722 2168 425 723 2169 424 723 2170 806 723 2171 424 724 2172 338 724 2173 327 724 2174 338 725 2175 424 725 2176 359 725 2177 425 726 2178 339 726 2179 360 726 2180 359 727 2181 339 727 2182 338 727 2183 360 728 2184 339 728 2185 359 728 2186 339 729 2187 425 729 2188 361 729 2189 426 730 2190 361 730 2191 801 730 2192 425 731 2193 806 731 2194 804 731 2195 824 732 2196 804 732 2197 806 732 2198 804 733 2199 361 733 2200 425 733 2201 824 734 2202 822 734 2203 804 734 2204 823 735 2205 822 735 2206 824 735 2207 822 736 2208 801 736 2209 804 736 2210 819 737 2211 798 737 2212 803 737 2213 426 738 2214 802 738 2215 803 738 2216 802 739 2217 426 739 2218 801 739 2219 802 740 2220 819 740 2221 803 740 2222 823 741 2223 821 741 2224 822 741 2225 805 742 2226 821 742 2227 823 742 2228 821 743 2229 802 743 2230 822 743 2231 820 744 2232 819 744 2233 802 744 2234 805 745 2235 820 745 2236 821 745 2237 800 746 2238 816 746 2239 814 746 2240 805 747 2241 816 747 2242 800 747 2243 820 748 2244 799 748 2245 819 748 2246 800 749 2247 799 749 2248 820 749 2249 800 750 2250 815 750 2251 799 750 2252 819 751 2253 797 751 2254 798 751 2255 799 752 2256 797 752 2257 819 752 2258 799 753 2259 827 753 2260 797 753 2261 797 754 2262 606 754 2263 798 754 2264 627 755 2265 827 755 2266 630 755 2267 628 756 2268 615 756 2269 630 756 2270 628 757 2271 626 757 2272 615 757 2273 600 758 2274 626 758 2275 622 758 2276 683 759 2277 665 759 2278 621 759 2279 684 760 2280 620 760 2281 665 760 2282 591 761 2283 633 761 2284 620 761 2285 633 762 2286 591 762 2287 631 762 2288 619 763 2289 632 763 2290 591 763 2291 632 764 2292 619 764 2293 599 764 2294 670 765 2295 599 765 2296 619 765 2297 599 766 2298 670 766 2299 597 766 2300 686 767 2301 669 767 2302 670 767 2303 669 768 2304 687 768 2305 668 768 2306 688 769 2307 625 769 2308 668 769 2309 667 770 2310 595 770 2311 625 770 2312 595 771 2313 639 771 2314 594 771 2315 639 772 2316 651 772 2317 640 772 2318 651 773 2319 610 773 2320 652 773 2321 440 774 2322 611 774 2323 610 774 2324 369 775 2325 611 775 2326 441 775 2327 441 776 2328 611 776 2329 440 776 2330 442 777 2331 609 777 2332 605 777 2333 667 778 2334 637 778 2335 638 778 2336 636 779 2337 604 779 2338 637 779 2339 443 780 2340 604 780 2341 603 780 2342 370 781 2343 603 781 2344 602 781 2345 364 782 2346 602 782 2347 445 782 2348 714 783 2349 445 783 2350 618 783 2351 727 784 2352 725 784 2353 724 784 2354 728 785 2355 724 785 2356 735 785 2357 735 786 2358 721 786 2359 736 786 2360 721 787 2361 732 787 2362 722 787 2363 737 788 2364 722 788 2365 723 788 2366 745 789 2367 739 789 2368 734 789 2369 739 790 2370 740 790 2371 726 790 2372 470 791 2373 880 791 2374 873 791 2375 470 792 2376 873 792 2377 879 792 2378 469 793 2379 879 793 2380 878 793 2381 467 794 2382 878 794 2383 877 794 2384 466 795 2385 877 795 2386 876 795 2387 451 796 2388 466 796 2389 458 796 2390 332 797 2391 451 797 2392 356 797 2393 356 798 2394 378 798 2395 379 798 2396 378 799 2397 391 799 2398 392 799 2399 377 800 2400 390 800 2401 391 800 2402 390 801 2403 406 801 2404 400 801 2405 406 802 2406 410 802 2407 411 802 2408 410 803 2409 417 803 2410 418 803 2411 417 804 2412 348 804 2413 366 804 2414 433 805 2415 348 805 2416 434 805 2417 348 806 2418 432 806 2419 434 806 2420 435 807 2421 349 807 2422 366 807 2423 438 808 2424 352 808 2425 349 808 2426 441 809 2427 440 809 2428 352 809 2429 609 810 2430 442 810 2431 440 810 2432 345 811 2433 443 811 2434 370 811 2435 727 812 2436 364 812 2437 448 812 2438 427 813 2439 364 813 2440 444 813 2441 437 814 2442 444 814 2443 728 814 2444 437 815 2445 728 815 2446 729 815 2447 351 816 2448 447 816 2449 350 816 2450 350 817 2451 447 817 2452 368 817 2453 726 818 2454 447 818 2455 730 818 2456 367 819 2457 455 819 2458 358 819 2459 357 820 2460 455 820 2461 454 820 2462 335 821 2463 454 821 2464 453 821 2465 452 822 2466 334 822 2467 333 822 2468 334 823 2469 380 823 2470 381 823 2471 380 824 2472 392 824 2473 393 824 2474 393 825 2475 401 825 2476 402 825 2477 402 826 2478 407 826 2479 403 826 2480 407 827 2481 420 827 2482 413 827 2483 413 828 2484 421 828 2485 414 828 2486 404 829 2487 414 829 2488 341 829 2489 362 830 2490 341 830 2491 427 830 2492 341 831 2493 362 831 2494 343 831 2495 341 832 2496 343 832 2497 342 832 2498 397 833 2499 404 833 2500 342 833 2501 396 834 2502 404 834 2503 397 834 2504 423 835 2505 384 835 2506 385 835 2507 454 836 2508 337 836 2509 336 836 2510 335 837 2511 383 837 2512 337 837 2513 382 838 2514 395 838 2515 383 838 2516 382 839 2517 394 839 2518 395 839 2519 335 840 2520 382 840 2521 383 840 2522 333 841 2523 382 841 2524 335 841 2525 336 842 2526 384 842 2527 423 842 2528 337 843 2529 383 843 2530 384 843 2531 337 844 2532 384 844 2533 336 844 2534 384 845 2535 396 845 2536 397 845 2537 383 846 2538 396 846 2539 384 846 2540 383 847 2541 395 847 2542 396 847 2543 385 848 2544 397 848 2545 398 848 2546 384 849 2547 397 849 2548 385 849 2549 397 850 2550 342 850 2551 398 850 2552 342 851 2553 404 851 2554 341 851 2555 413 852 2556 420 852 2557 421 852 2558 404 853 2559 413 853 2560 414 853 2561 407 854 2562 419 854 2563 420 854 2564 412 855 2565 419 855 2566 407 855 2567 403 856 2568 413 856 2569 404 856 2570 403 857 2571 407 857 2572 413 857 2573 396 858 2574 403 858 2575 404 858 2576 403 859 2577 396 859 2578 395 859 2579 402 860 2580 412 860 2581 407 860 2582 401 861 2583 412 861 2584 402 861 2585 395 862 2586 402 862 2587 403 862 2588 402 863 2589 395 863 2590 394 863 2591 393 864 2592 402 864 2593 394 864 2594 401 865 2595 393 865 2596 392 865 2597 381 866 2598 393 866 2599 394 866 2600 380 867 2601 393 867 2602 381 867 2603 381 868 2604 394 868 2605 382 868 2606 333 869 2607 381 869 2608 382 869 2609 334 870 2610 381 870 2611 333 870 2612 452 871 2613 333 871 2614 453 871 2615 335 872 2616 453 872 2617 333 872 2618 454 873 2619 335 873 2620 337 873 2621 357 874 2622 336 874 2623 423 874 2624 454 875 2625 336 875 2626 357 875 2627 455 876 2628 357 876 2629 423 876 2630 358 877 2631 455 877 2632 423 877 2633 367 878 2634 726 878 2635 740 878 2636 726 879 2637 367 879 2638 368 879 2639 730 880 2640 738 880 2641 726 880 2642 726 881 2643 368 881 2644 447 881 2645 358 882 2646 368 882 2647 367 882 2648 423 883 2649 385 883 2650 368 883 2651 358 884 2652 423 884 2653 368 884 2654 385 885 2655 398 885 2656 350 885 2657 368 886 2658 385 886 2659 350 886 2660 351 887 2661 342 887 2662 343 887 2663 398 888 2664 342 888 2665 351 888 2666 350 889 2667 398 889 2668 351 889 2669 730 890 2670 447 890 2671 729 890 2672 447 891 2673 437 891 2674 729 891 2675 351 892 2676 437 892 2677 447 892 2678 437 893 2679 351 893 2680 343 893 2681 437 894 2682 343 894 2683 362 894 2684 444 895 2685 437 895 2686 362 895 2687 444 896 2688 362 896 2689 427 896 2690 727 897 2691 728 897 2692 444 897 2693 727 898 2694 444 898 2695 364 898 2696 370 899 2697 364 899 2698 345 899 2699 427 900 2700 345 900 2701 364 900 2702 345 901 2703 427 901 2704 341 901 2705 341 902 2706 414 902 2707 345 902 2708 414 903 2709 443 903 2710 345 903 2711 414 904 2712 421 904 2713 443 904 2714 421 905 2715 442 905 2716 443 905 2717 421 906 2718 440 906 2719 442 906 2720 420 907 2721 440 907 2722 421 907 2723 441 908 2724 352 908 2725 369 908 2726 420 909 2727 352 909 2728 440 909 2729 419 910 2730 352 910 2731 420 910 2732 352 911 2733 438 911 2734 369 911 2735 438 912 2736 349 912 2737 439 912 2738 419 913 2739 349 913 2740 352 913 2741 349 914 2742 435 914 2743 439 914 2744 433 915 2745 366 915 2746 348 915 2747 416 916 2748 348 916 2749 417 916 2750 409 917 2751 416 917 2752 417 917 2753 418 918 2754 349 918 2755 419 918 2756 418 919 2757 366 919 2758 349 919 2759 417 920 2760 366 920 2761 418 920 2762 412 921 2763 418 921 2764 419 921 2765 409 922 2766 417 922 2767 410 922 2768 375 923 2769 388 923 2770 389 923 2771 376 924 2772 389 924 2773 390 924 2774 376 925 2775 390 925 2776 377 925 2777 331 926 2778 377 926 2779 355 926 2780 355 927 2781 450 927 2782 449 927 2783 356 928 2784 450 928 2785 436 928 2786 450 929 2787 458 929 2788 465 929 2789 457 930 2790 871 930 2791 870 930 2792 464 931 2793 870 931 2794 869 931 2795 885 932 2796 462 932 2797 869 932 2798 354 933 2799 463 933 2800 429 933 2801 330 934 2802 374 934 2803 429 934 2804 330 935 2805 373 935 2806 374 935 2807 328 936 2808 373 936 2809 330 936 2810 461 937 2811 428 937 2812 462 937 2813 884 938 2814 462 938 2815 885 938 2816 884 939 2817 461 939 2818 462 939 2819 428 940 2820 328 940 2821 330 940 2822 463 941 2823 428 941 2824 330 941 2825 463 942 2826 330 942 2827 429 942 2828 462 943 2829 428 943 2830 463 943 2831 463 944 2832 869 944 2833 462 944 2834 464 945 2835 869 945 2836 463 945 2837 457 946 2838 870 946 2839 464 946 2840 457 947 2841 872 947 2842 871 947 2843 458 948 2844 872 948 2845 465 948 2846 872 949 2847 457 949 2848 465 949 2849 450 950 2850 465 950 2851 457 950 2852 464 951 2853 450 951 2854 457 951 2855 354 952 2856 449 952 2857 463 952 2858 464 953 2859 449 953 2860 450 953 2861 463 954 2862 449 954 2863 464 954 2864 450 955 2865 355 955 2866 436 955 2867 449 956 2868 331 956 2869 355 956 2870 449 957 2871 354 957 2872 331 957 2873 331 958 2874 376 958 2875 377 958 2876 354 959 2877 376 959 2878 331 959 2879 375 960 2880 389 960 2881 376 960 2882 354 961 2883 375 961 2884 376 961 2885 429 962 2886 375 962 2887 354 962 2888 429 963 2889 374 963 2890 375 963 2891 374 964 2892 388 964 2893 375 964 2894 373 965 2895 388 965 2896 374 965 2897 373 966 2898 387 966 2899 388 966 2900 399 967 2901 389 967 2902 388 967 2903 387 968 2904 399 968 2905 388 968 2906 411 969 2907 418 969 2908 412 969 2909 410 970 2910 418 970 2911 411 970 2912 409 971 2913 410 971 2914 406 971 2915 399 972 2916 409 972 2917 406 972 2918 401 973 2919 411 973 2920 412 973 2921 389 974 2922 399 974 2923 406 974 2924 389 975 2925 406 975 2926 390 975 2927 400 976 2928 411 976 2929 401 976 2930 406 977 2931 411 977 2932 400 977 2933 355 978 2934 377 978 2935 436 978 2936 390 979 2937 400 979 2938 391 979 2939 392 980 2940 400 980 2941 401 980 2942 400 981 2943 392 981 2944 391 981 2945 377 982 2946 391 982 2947 378 982 2948 436 983 2949 377 983 2950 378 983 2951 378 984 2952 392 984 2953 379 984 2954 379 985 2955 392 985 2956 380 985 2957 436 986 2958 378 986 2959 356 986 2960 332 987 2961 380 987 2962 334 987 2963 332 988 2964 379 988 2965 380 988 2966 356 989 2967 379 989 2968 332 989 2969 452 990 2970 451 990 2971 334 990 2972 451 991 2973 332 991 2974 334 991 2975 356 992 2976 451 992 2977 450 992 2978 466 993 2979 451 993 2980 452 993 2981 451 994 2982 458 994 2983 450 994 2984 458 995 2985 876 995 2986 872 995 2987 876 996 2988 458 996 2989 466 996 2990 467 997 2991 877 997 2992 466 997 2993 466 998 2994 452 998 2995 467 998 2996 467 999 2997 452 999 2998 453 999 2999 468 1000 3000 878 1000 3001 467 1000 3002 467 1001 3003 453 1001 3004 468 1001 3005 468 1002 3006 453 1002 3007 454 1002 3008 469 1003 3009 878 1003 3010 468 1003 3011 468 1004 3012 454 1004 3013 469 1004 3014 469 1005 3015 454 1005 3016 455 1005 3017 470 1006 3018 879 1006 3019 469 1006 3020 469 1007 3021 455 1007 3022 470 1007 3023 446 1008 3024 880 1008 3025 470 1008 3026 446 1009 3027 455 1009 3028 367 1009 3029 455 1010 3030 446 1010 3031 470 1010 3032 740 1011 3033 880 1011 3034 446 1011 3035 367 1012 3036 740 1012 3037 446 1012 3038 740 1013 3039 749 1013 3040 880 1013 3041 739 1014 3042 747 1014 3043 749 1014 3044 739 1015 3045 745 1015 3046 747 1015 3047 739 1016 3048 749 1016 3049 740 1016 3050 738 1017 3051 739 1017 3052 726 1017 3053 738 1018 3054 723 1018 3055 739 1018 3056 723 1019 3057 734 1019 3058 739 1019 3059 723 1020 3060 733 1020 3061 734 1020 3062 730 1021 3063 737 1021 3064 738 1021 3065 729 1022 3066 737 1022 3067 730 1022 3068 737 1023 3069 723 1023 3070 738 1023 3071 722 1024 3072 733 1024 3073 723 1024 3074 722 1025 3075 732 1025 3076 733 1025 3077 721 1026 3078 731 1026 3079 732 1026 3080 720 1027 3081 703 1027 3082 731 1027 3083 715 1028 3084 704 1028 3085 703 1028 3086 693 1029 3087 681 1029 3088 702 1029 3089 711 1030 3090 680 1030 3091 681 1030 3092 710 1031 3093 679 1031 3094 680 1031 3095 709 1032 3096 678 1032 3097 679 1032 3098 708 1033 3099 677 1033 3100 678 1033 3101 707 1034 3102 676 1034 3103 677 1034 3104 706 1035 3105 675 1035 3106 676 1035 3107 682 1036 3108 695 1036 3109 675 1036 3110 682 1037 3111 701 1037 3112 694 1037 3113 682 1038 3114 694 1038 3115 695 1038 3116 682 1039 3117 675 1039 3118 705 1039 3119 719 1040 3120 675 1040 3121 696 1040 3122 695 1041 3123 712 1041 3124 675 1041 3125 675 1042 3126 712 1042 3127 696 1042 3128 705 1043 3129 675 1043 3130 706 1043 3131 717 1044 3132 676 1044 3133 716 1044 3134 675 1045 3135 719 1045 3136 676 1045 3137 676 1046 3138 719 1046 3139 716 1046 3140 706 1047 3141 676 1047 3142 707 1047 3143 676 1048 3144 717 1048 3145 677 1048 3146 707 1049 3147 677 1049 3148 708 1049 3149 677 1050 3150 717 1050 3151 678 1050 3152 678 1051 3153 717 1051 3154 718 1051 3155 689 1052 3156 709 1052 3157 690 1052 3158 690 1053 3159 624 1053 3160 666 1053 3161 593 1054 3162 635 1054 3163 624 1054 3164 593 1055 3165 601 1055 3166 635 1055 3167 592 1056 3168 601 1056 3169 623 1056 3170 623 1057 3171 691 1057 3172 672 1057 3173 672 1058 3174 691 1058 3175 692 1058 3176 672 1059 3177 592 1059 3178 623 1059 3179 623 1060 3180 601 1060 3181 593 1060 3182 691 1061 3183 623 1061 3184 593 1061 3185 624 1062 3186 690 1062 3187 593 1062 3188 593 1063 3189 690 1063 3190 691 1063 3191 667 1064 3192 689 1064 3193 666 1064 3194 666 1065 3195 689 1065 3196 690 1065 3197 689 1066 3198 708 1066 3199 709 1066 3200 708 1067 3201 678 1067 3202 709 1067 3203 678 1068 3204 718 1068 3205 679 1068 3206 679 1069 3207 718 1069 3208 697 1069 3209 690 1070 3210 710 1070 3211 691 1070 3212 690 1071 3213 709 1071 3214 710 1071 3215 709 1072 3216 679 1072 3217 710 1072 3218 679 1073 3219 697 1073 3220 680 1073 3221 680 1074 3222 697 1074 3223 698 1074 3224 691 1075 3225 711 1075 3226 692 1075 3227 691 1076 3228 710 1076 3229 711 1076 3230 710 1077 3231 680 1077 3232 711 1077 3233 681 1078 3234 698 1078 3235 699 1078 3236 680 1079 3237 698 1079 3238 681 1079 3239 692 1080 3240 711 1080 3241 693 1080 3242 711 1081 3243 681 1081 3244 693 1081 3245 681 1082 3246 699 1082 3247 702 1082 3248 702 1083 3249 704 1083 3250 693 1083 3251 704 1084 3252 702 1084 3253 703 1084 3254 703 1085 3255 720 1085 3256 715 1085 3257 720 1086 3258 731 1086 3259 721 1086 3260 729 1087 3261 736 1087 3262 737 1087 3263 736 1088 3264 722 1088 3265 737 1088 3266 736 1089 3267 721 1089 3268 722 1089 3269 735 1090 3270 720 1090 3271 721 1090 3272 728 1091 3273 735 1091 3274 736 1091 3275 728 1092 3276 736 1092 3277 729 1092 3278 724 1093 3279 720 1093 3280 735 1093 3281 715 1094 3282 720 1094 3283 724 1094 3284 727 1095 3285 724 1095 3286 728 1095 3287 715 1096 3288 724 1096 3289 725 1096 3290 715 1097 3291 725 1097 3292 714 1097 3293 714 1098 3294 713 1098 3295 715 1098 3296 704 1099 3297 715 1099 3298 713 1099 3299 713 1100 3300 693 1100 3301 704 1100 3302 713 1101 3303 672 1101 3304 692 1101 3305 693 1102 3306 713 1102 3307 692 1102 3308 672 1103 3309 713 1103 3310 618 1103 3311 714 1104 3312 618 1104 3313 713 1104 3314 448 1105 3315 725 1105 3316 727 1105 3317 448 1106 3318 714 1106 3319 725 1106 3320 714 1107 3321 448 1107 3322 445 1107 3323 445 1108 3324 448 1108 3325 364 1108 3326 445 1109 3327 601 1109 3328 592 1109 3329 592 1110 3330 672 1110 3331 445 1110 3332 618 1111 3333 445 1111 3334 672 1111 3335 445 1112 3336 602 1112 3337 601 1112 3338 370 1113 3339 602 1113 3340 364 1113 3341 601 1114 3342 602 1114 3343 635 1114 3344 635 1115 3345 602 1115 3346 603 1115 3347 443 1116 3348 603 1116 3349 370 1116 3350 442 1117 3351 604 1117 3352 443 1117 3353 636 1118 3354 603 1118 3355 604 1118 3356 635 1119 3357 603 1119 3358 636 1119 3359 624 1120 3360 635 1120 3361 636 1120 3362 624 1121 3363 636 1121 3364 666 1121 3365 666 1122 3366 636 1122 3367 637 1122 3368 666 1123 3369 637 1123 3370 667 1123 3371 637 1124 3372 605 1124 3373 638 1124 3374 442 1125 3375 605 1125 3376 604 1125 3377 637 1126 3378 604 1126 3379 605 1126 3380 440 1127 3381 610 1127 3382 609 1127 3383 652 1128 3384 610 1128 3385 611 1128 3386 651 1129 3387 609 1129 3388 610 1129 3389 605 1130 3390 609 1130 3391 651 1130 3392 640 1131 3393 651 1131 3394 652 1131 3395 640 1132 3396 652 1132 3397 641 1132 3398 598 1133 3399 641 1133 3400 642 1133 3401 596 1134 3402 641 1134 3403 598 1134 3404 596 1135 3405 640 1135 3406 641 1135 3407 639 1136 3408 605 1136 3409 651 1136 3410 638 1137 3411 605 1137 3412 639 1137 3413 594 1138 3414 639 1138 3415 640 1138 3416 594 1139 3417 640 1139 3418 596 1139 3419 595 1140 3420 638 1140 3421 639 1140 3422 667 1141 3423 638 1141 3424 595 1141 3425 625 1142 3426 595 1142 3427 594 1142 3428 625 1143 3429 688 1143 3430 667 1143 3431 667 1144 3432 688 1144 3433 689 1144 3434 688 1145 3435 708 1145 3436 689 1145 3437 688 1146 3438 707 1146 3439 708 1146 3440 596 1147 3441 668 1147 3442 594 1147 3443 594 1148 3444 668 1148 3445 625 1148 3446 668 1149 3447 596 1149 3448 669 1149 3449 669 1150 3450 596 1150 3451 598 1150 3452 668 1151 3453 687 1151 3454 688 1151 3455 687 1152 3456 707 1152 3457 688 1152 3458 687 1153 3459 706 1153 3460 707 1153 3461 669 1154 3462 686 1154 3463 687 1154 3464 686 1155 3465 619 1155 3466 663 1155 3467 664 1156 3468 685 1156 3469 663 1156 3470 686 1157 3471 663 1157 3472 685 1157 3473 686 1158 3474 706 1158 3475 687 1158 3476 686 1159 3477 705 1159 3478 706 1159 3479 685 1160 3480 705 1160 3481 686 1160 3482 597 1161 3483 670 1161 3484 669 1161 3485 669 1162 3486 598 1162 3487 597 1162 3488 619 1163 3489 686 1163 3490 670 1163 3491 591 1164 3492 632 1164 3493 631 1164 3494 663 1165 3495 619 1165 3496 591 1165 3497 663 1166 3498 591 1166 3499 664 1166 3500 664 1167 3501 591 1167 3502 620 1167 3503 664 1168 3504 684 1168 3505 685 1168 3506 620 1169 3507 684 1169 3508 664 1169 3509 684 1170 3510 682 1170 3511 705 1170 3512 684 1171 3513 705 1171 3514 685 1171 3515 684 1172 3516 665 1172 3517 683 1172 3518 683 1173 3519 682 1173 3520 684 1173 3521 682 1174 3522 683 1174 3523 701 1174 3524 683 1175 3525 700 1175 3526 701 1175 3527 683 1176 3528 621 1176 3529 700 1176 3530 700 1177 3531 621 1177 3532 622 1177 3533 621 1178 3534 600 1178 3535 622 1178 3536 665 1179 3537 620 1179 3538 600 1179 3539 665 1180 3540 600 1180 3541 621 1180 3542 620 1181 3543 634 1181 3544 600 1181 3545 634 1182 3546 620 1182 3547 633 1182 3548 650 1183 3549 608 1183 3550 615 1183 3551 600 1184 3552 650 1184 3553 615 1184 3554 634 1185 3555 649 1185 3556 650 1185 3557 633 1186 3558 648 1186 3559 649 1186 3560 633 1187 3561 649 1187 3562 634 1187 3563 650 1188 3564 607 1188 3565 608 1188 3566 606 1189 3567 797 1189 3568 671 1189 3569 797 1190 3570 627 1190 3571 671 1190 3572 671 1191 3573 608 1191 3574 607 1191 3575 608 1192 3576 671 1192 3577 627 1192 3578 798 1193 3579 606 1193 3580 674 1193 3581 662 1194 3582 674 1194 3583 606 1194 3584 662 1195 3585 606 1195 3586 607 1195 3587 649 1196 3588 662 1196 3589 607 1196 3590 648 1197 3591 662 1197 3592 649 1197 3593 648 1198 3594 661 1198 3595 662 1198 3596 647 1199 3597 661 1199 3598 648 1199 3599 633 1200 3600 647 1200 3601 648 1200 3602 631 1201 3603 647 1201 3604 633 1201 3605 632 1202 3606 646 1202 3607 631 1202 3608 646 1203 3609 660 1203 3610 647 1203 3611 631 1204 3612 646 1204 3613 647 1204 3614 645 1205 3615 659 1205 3616 646 1205 3617 632 1206 3618 645 1206 3619 646 1206 3620 599 1207 3621 645 1207 3622 632 1207 3623 644 1208 3624 658 1208 3625 645 1208 3626 599 1209 3627 644 1209 3628 645 1209 3629 597 1210 3630 644 1210 3631 599 1210 3632 598 1211 3633 643 1211 3634 597 1211 3635 643 1212 3636 656 1212 3637 644 1212 3638 597 1213 3639 643 1213 3640 644 1213 3641 642 1214 3642 655 1214 3643 643 1214 3644 598 1215 3645 642 1215 3646 643 1215 3647 642 1216 3648 653 1216 3649 654 1216 3650 641 1217 3651 653 1217 3652 642 1217 3653 652 1218 3654 611 1218 3655 653 1218 3656 641 1219 3657 652 1219 3658 653 1219 3659 369 1220 3660 612 1220 3661 611 1220 3662 653 1221 3663 611 1221 3664 612 1221 3665 612 1222 3666 369 1222 3667 438 1222 3668 654 1223 3669 612 1223 3670 439 1223 3671 654 1224 3672 439 1224 3673 655 1224 3674 613 1225 3675 439 1225 3676 435 1225 3677 655 1226 3678 439 1226 3679 613 1226 3680 366 1227 3681 613 1227 3682 435 1227 3683 655 1228 3684 613 1228 3685 433 1228 3686 655 1229 3687 433 1229 3688 434 1229 3689 655 1230 3690 434 1230 3691 656 1230 3692 614 1231 3693 434 1231 3694 432 1231 3695 656 1232 3696 434 1232 3697 614 1232 3698 656 1233 3699 614 1233 3700 657 1233 3701 365 1234 3702 614 1234 3703 432 1234 3704 657 1235 3705 614 1235 3706 430 1235 3707 657 1236 3708 430 1236 3709 658 1236 3710 658 1237 3711 430 1237 3712 431 1237 3713 658 1238 3714 431 1238 3715 659 1238 3716 659 1239 3717 431 1239 3718 616 1239 3719 659 1240 3720 616 1240 3721 660 1240 3722 660 1241 3723 616 1241 3724 617 1241 3725 660 1242 3726 617 1242 3727 661 1242 3728 661 1243 3729 617 1243 3730 674 1243 3731 803 1244 3732 798 1244 3733 629 1244 3734 798 1245 3735 674 1245 3736 629 1245 3737 617 1246 3738 673 1246 3739 629 1246 3740 363 1247 3741 803 1247 3742 629 1247 3743 629 1248 3744 673 1248 3745 363 1248 3746 347 1249 3747 616 1249 3748 431 1249 3749 673 1250 3750 347 1250 3751 363 1250 3752 432 1251 3753 348 1251 3754 365 1251 3755 416 1252 3756 365 1252 3757 348 1252 3758 430 1253 3759 365 1253 3760 347 1253 3761 363 1254 3762 347 1254 3763 346 1254 3764 415 1255 3765 365 1255 3766 416 1255 3767 346 1256 3768 365 1256 3769 415 1256 3770 363 1257 3771 346 1257 3772 344 1257 3773 363 1258 3774 344 1258 3775 803 1258 3776 803 1259 3777 344 1259 3778 426 1259 3779 408 1260 3780 415 1260 3781 416 1260 3782 408 1261 3783 416 1261 3784 409 1261 3785 344 1262 3786 415 1262 3787 408 1262 3788 426 1263 3789 344 1263 3790 340 1263 3791 426 1264 3792 340 1264 3793 361 1264 3794 405 1265 3795 408 1265 3796 409 1265 3797 340 1266 3798 408 1266 3799 405 1266 3800 399 1267 3801 405 1267 3802 409 1267 3803 386 1268 3804 340 1268 3805 405 1268 3806 387 1269 3807 405 1269 3808 399 1269 3809 386 1270 3810 405 1270 3811 387 1270 3812 338 1271 3813 386 1271 3814 371 1271 3815 327 1272 3816 338 1272 3817 371 1272 3818 371 1273 3819 386 1273 3820 387 1273 3821 372 1274 3822 387 1274 3823 373 1274 3824 328 1275 3825 372 1275 3826 373 1275 3827 329 1276 3828 372 1276 3829 328 1276 3830 428 1277 3831 329 1277 3832 328 1277 3833 326 1278 3834 372 1278 3835 329 1278 3836 326 1279 3837 371 1279 3838 372 1279 3839 327 1280 3840 371 1280 3841 326 1280 3842 353 1281 3843 327 1281 3844 326 1281 3845 456 1282 3846 327 1282 3847 353 1282 3848 428 1283 3849 461 1283 3850 329 1283 3851 461 1284 3852 353 1284 3853 329 1284 3854 461 1285 3855 884 1285 3856 868 1285 3857 461 1286 3858 868 1286 3859 353 1286 3860 883 1287 3861 456 1287 3862 353 1287 3863 456 1288 3864 883 1288 3865 460 1288 3866 882 1289 3867 459 1289 3868 460 1289 3869 327 1290 3870 456 1290 3871 460 1290 3872 807 1291 3873 459 1291 3874 809 1291 3875 459 1292 3876 807 1292 3877 422 1292 3878 422 1293 3879 327 1293 3880 460 1293 3881 498 1294 3882 891 1294 3883 576 1294 3884 922 1295 3885 902 1295 3886 891 1295 3887 887 1296 3888 891 1296 3889 893 1296 3890 891 1297 3891 575 1297 3892 576 1297 3893 574 1298 3894 886 1298 3895 744 1298 3896 886 1299 3897 894 1299 3898 888 1299 3899 900 1300 3900 895 1300 3901 894 1300 3902 901 1301 3903 892 1301 3904 895 1301 3905 910 1302 3906 897 1302 3907 912 1302 3908 945 1303 3909 936 1303 3910 912 1303 3911 944 1304 3912 935 1304 3913 936 1304 3914 943 1305 3915 934 1305 3916 935 1305 3917 942 1306 3918 933 1306 3919 934 1306 3920 941 1307 3921 932 1307 3922 933 1307 3923 940 1308 3924 907 1308 3925 932 1308 3926 939 1309 3927 931 1309 3928 907 1309 3929 938 1310 3930 930 1310 3931 931 1310 3932 937 1311 3933 929 1311 3934 930 1311 3935 913 1312 3936 911 1312 3937 929 1312 3938 911 1313 3939 791 1313 3940 792 1313 3941 786 1314 3942 761 1314 3943 759 1314 3944 780 1315 3945 761 1315 3946 763 1315 3947 780 1316 3948 763 1316 3949 795 1316 3950 846 1317 3951 780 1317 3952 795 1317 3953 846 1318 3954 833 1318 3955 780 1318 3956 903 1319 3957 833 1319 3958 847 1319 3959 834 1320 3960 849 1320 3961 847 1320 3962 848 1321 3963 836 1321 3964 849 1321 3965 905 1322 3966 836 1322 3967 850 1322 3968 837 1323 3969 852 1323 3970 850 1323 3971 851 1324 3972 853 1324 3973 852 1324 3974 853 1325 3975 855 1325 3976 908 1325 3977 854 1326 3978 839 1326 3979 855 1326 3980 856 1327 3981 859 1327 3982 857 1327 3983 858 1328 3984 861 1328 3985 859 1328 3986 860 1329 3987 863 1329 3988 861 1329 3989 862 1330 3990 865 1330 3991 863 1330 3992 864 1331 3993 841 1331 3994 865 1331 3995 864 1332 3996 866 1332 3997 841 1332 3998 864 1333 3999 843 1333 4000 866 1333 4001 742 1334 4002 889 1334 4003 890 1334 4004 743 1335 4005 889 1335 4006 742 1335 4007 742 1336 4008 890 1336 4009 741 1336 4010 741 1337 4011 890 1337 4012 843 1337 4013 741 1338 4014 843 1338 4015 746 1338 4016 746 1339 4017 842 1339 4018 748 1339 4019 746 1340 4020 843 1340 4021 842 1340 4022 843 1341 4023 864 1341 4024 842 1341 4025 864 1342 4026 865 1342 4027 840 1342 4028 841 1343 4029 910 1343 4030 865 1343 4031 865 1344 4032 862 1344 4033 840 1344 4034 936 1345 4035 863 1345 4036 910 1345 4037 935 1346 4038 863 1346 4039 936 1346 4040 863 1347 4041 865 1347 4042 910 1347 4043 863 1348 4044 860 1348 4045 862 1348 4046 935 1349 4047 861 1349 4048 863 1349 4049 909 1350 4050 861 1350 4051 935 1350 4052 861 1351 4053 858 1351 4054 860 1351 4055 861 1352 4056 909 1352 4057 859 1352 4058 859 1353 4059 856 1353 4060 858 1353 4061 933 1354 4062 857 1354 4063 909 1354 4064 908 1355 4065 857 1355 4066 933 1355 4067 857 1356 4068 859 1356 4069 909 1356 4070 856 1357 4071 857 1357 4072 839 1357 4073 839 1358 4074 854 1358 4075 856 1358 4076 838 1359 4077 855 1359 4078 853 1359 4079 855 1360 4080 838 1360 4081 854 1360 4082 908 1361 4083 839 1361 4084 857 1361 4085 839 1362 4086 908 1362 4087 855 1362 4088 907 1363 4089 853 1363 4090 908 1363 4091 853 1364 4092 851 1364 4093 838 1364 4094 851 1365 4095 852 1365 4096 837 1365 4097 906 1366 4098 853 1366 4099 907 1366 4100 853 1367 4101 906 1367 4102 852 1367 4103 837 1368 4104 850 1368 4105 835 1368 4106 905 1369 4107 852 1369 4108 906 1369 4109 852 1370 4110 905 1370 4111 850 1370 4112 835 1371 4113 850 1371 4114 836 1371 4115 836 1372 4116 848 1372 4117 835 1372 4118 848 1373 4119 849 1373 4120 834 1373 4121 904 1374 4122 836 1374 4123 905 1374 4124 836 1375 4125 904 1375 4126 849 1375 4127 834 1376 4128 847 1376 4129 832 1376 4130 903 1377 4131 849 1377 4132 904 1377 4133 849 1378 4134 903 1378 4135 847 1378 4136 832 1379 4137 847 1379 4138 833 1379 4139 833 1380 4140 846 1380 4141 832 1380 4142 845 1381 4143 793 1381 4144 831 1381 4145 793 1382 4146 768 1382 4147 767 1382 4148 787 1383 4149 768 1383 4150 788 1383 4151 785 1384 4152 787 1384 4153 788 1384 4154 758 1385 4155 760 1385 4156 785 1385 4157 776 1386 4158 762 1386 4159 760 1386 4160 762 1387 4161 764 1387 4162 766 1387 4163 778 1388 4164 781 1388 4165 844 1388 4166 781 1389 4167 765 1389 4168 764 1389 4169 765 1390 4170 781 1390 4171 778 1390 4172 764 1391 4173 765 1391 4174 766 1391 4175 762 1392 4176 776 1392 4177 764 1392 4178 776 1393 4179 760 1393 4180 774 1393 4181 774 1394 4182 760 1394 4183 758 1394 4184 774 1395 4185 757 1395 4186 772 1395 4187 782 1396 4188 757 1396 4189 783 1396 4190 755 1397 4191 783 1397 4192 784 1397 4193 789 1398 4194 784 1398 4195 790 1398 4196 917 1399 4197 790 1399 4198 915 1399 4199 955 1400 4200 915 1400 4201 946 1400 4202 956 1401 4203 946 1401 4204 947 1401 4205 957 1402 4206 947 1402 4207 948 1402 4208 958 1403 4209 948 1403 4210 949 1403 4211 964 1404 4212 958 1404 4213 959 1404 4214 918 1405 4215 899 1405 4216 896 1405 4217 918 1406 4218 896 1406 4219 920 1406 4220 918 1407 4221 898 1407 4222 899 1407 4223 954 1408 4224 914 1408 4225 916 1408 4226 916 1409 4227 898 1409 4228 918 1409 4229 928 1410 4230 967 1410 4231 920 1410 4232 498 1411 4233 529 1411 4234 481 1411 4235 504 1412 4236 472 1412 4237 506 1412 4238 506 1413 4239 472 1413 4240 473 1413 4241 505 1414 4242 473 1414 4243 495 1414 4244 507 1415 4245 495 1415 4246 532 1415 4247 509 1416 4248 532 1416 4249 474 1416 4250 510 1417 4251 474 1417 4252 475 1417 4253 511 1418 4254 475 1418 4255 476 1418 4256 513 1419 4257 476 1419 4258 477 1419 4259 514 1420 4260 477 1420 4261 478 1420 4262 478 1421 4263 497 1421 4264 480 1421 4265 471 1422 4266 494 1422 4267 497 1422 4268 528 1423 4269 552 1423 4270 471 1423 4271 551 1424 4272 572 1424 4273 552 1424 4274 551 1425 4275 553 1425 4276 581 1425 4277 554 1426 4278 534 1426 4279 533 1426 4280 496 1427 4281 554 1427 4282 533 1427 4283 532 1428 4284 556 1428 4285 496 1428 4286 495 1429 4287 557 1429 4288 532 1429 4289 557 1430 4290 531 1430 4291 558 1430 4292 558 1431 4293 531 1431 4294 530 1431 4295 559 1432 4296 529 1432 4297 560 1432 4298 560 1433 4299 529 1433 4300 479 1433 4301 561 1434 4302 575 1434 4303 590 1434 4304 573 1435 4305 590 1435 4306 574 1435 4307 570 1436 4308 548 1436 4309 550 1436 4310 549 1437 4311 587 1437 4312 548 1437 4313 549 1438 4314 586 1438 4315 587 1438 4316 580 1439 4317 585 1439 4318 586 1439 4319 579 1440 4320 584 1440 4321 585 1440 4322 578 1441 4323 583 1441 4324 584 1441 4325 577 1442 4326 582 1442 4327 583 1442 4328 541 1443 4329 582 1443 4330 577 1443 4331 569 1444 4332 547 1444 4333 541 1444 4334 568 1445 4335 547 1445 4336 569 1445 4337 542 1446 4338 589 1446 4339 541 1446 4340 562 1447 4341 542 1447 4342 563 1447 4343 563 1448 4344 543 1448 4345 544 1448 4346 564 1449 4347 544 1449 4348 545 1449 4349 565 1450 4350 545 1450 4351 546 1450 4352 566 1451 4353 546 1451 4354 567 1451 4355 565 1452 4356 546 1452 4357 566 1452 4358 564 1453 4359 545 1453 4360 565 1453 4361 563 1454 4362 544 1454 4363 564 1454 4364 563 1455 4365 542 1455 4366 543 1455 4367 589 1456 4368 542 1456 4369 562 1456 4370 588 1457 4371 541 1457 4372 589 1457 4373 569 1458 4374 541 1458 4375 588 1458 4376 541 1459 4377 577 1459 4378 542 1459 4379 577 1460 4380 583 1460 4381 578 1460 4382 542 1461 4383 577 1461 4384 578 1461 4385 542 1462 4386 578 1462 4387 543 1462 4388 578 1463 4389 584 1463 4390 579 1463 4391 543 1464 4392 578 1464 4393 579 1464 4394 543 1465 4395 579 1465 4396 544 1465 4397 579 1466 4398 585 1466 4399 580 1466 4400 544 1467 4401 579 1467 4402 580 1467 4403 544 1468 4404 580 1468 4405 545 1468 4406 580 1469 4407 586 1469 4408 549 1469 4409 545 1470 4410 580 1470 4411 549 1470 4412 545 1471 4413 549 1471 4414 546 1471 4415 548 1472 4416 546 1472 4417 549 1472 4418 546 1473 4419 548 1473 4420 567 1473 4421 567 1474 4422 548 1474 4423 570 1474 4424 550 1475 4425 590 1475 4426 573 1475 4427 550 1476 4428 561 1476 4429 590 1476 4430 548 1477 4431 587 1477 4432 561 1477 4433 548 1478 4434 561 1478 4435 550 1478 4436 561 1479 4437 479 1479 4438 575 1479 4439 560 1480 4440 479 1480 4441 561 1480 4442 587 1481 4443 560 1481 4444 561 1481 4445 586 1482 4446 560 1482 4447 587 1482 4448 586 1483 4449 559 1483 4450 560 1483 4451 585 1484 4452 559 1484 4453 586 1484 4454 558 1485 4455 530 1485 4456 559 1485 4457 585 1486 4458 558 1486 4459 559 1486 4460 584 1487 4461 558 1487 4462 585 1487 4463 584 1488 4464 557 1488 4465 558 1488 4466 583 1489 4467 557 1489 4468 584 1489 4469 557 1490 4470 495 1490 4471 531 1490 4472 556 1491 4473 532 1491 4474 557 1491 4475 583 1492 4476 556 1492 4477 557 1492 4478 582 1493 4479 556 1493 4480 583 1493 4481 555 1494 4482 496 1494 4483 556 1494 4484 582 1495 4485 555 1495 4486 556 1495 4487 554 1496 4488 496 1496 4489 555 1496 4490 553 1497 4491 534 1497 4492 554 1497 4493 553 1498 4494 528 1498 4495 493 1498 4496 553 1499 4497 493 1499 4498 534 1499 4499 581 1500 4500 554 1500 4501 555 1500 4502 581 1501 4503 555 1501 4504 582 1501 4505 581 1502 4506 553 1502 4507 554 1502 4508 541 1503 4509 581 1503 4510 582 1503 4511 541 1504 4512 551 1504 4513 581 1504 4514 547 1505 4515 551 1505 4516 541 1505 4517 568 1506 4518 551 1506 4519 547 1506 4520 572 1507 4521 551 1507 4522 568 1507 4523 551 1508 4524 552 1508 4525 553 1508 4526 571 1509 4527 552 1509 4528 572 1509 4529 528 1510 4530 553 1510 4531 552 1510 4532 471 1511 4533 552 1511 4534 571 1511 4535 471 1512 4536 571 1512 4537 494 1512 4538 480 1513 4539 497 1513 4540 503 1513 4541 769 1514 4542 750 1514 4543 503 1514 4544 502 1515 4545 750 1515 4546 752 1515 4547 753 1516 4548 752 1516 4549 756 1516 4550 539 1517 4551 796 1517 4552 921 1517 4553 923 1518 4554 488 1518 4555 921 1518 4556 488 1519 4557 523 1519 4558 489 1519 4559 489 1520 4560 490 1520 4561 539 1520 4562 502 1521 4563 751 1521 4564 492 1521 4565 492 1522 4566 525 1522 4567 526 1522 4568 525 1523 4569 512 1523 4570 526 1523 4571 502 1524 4572 526 1524 4573 527 1524 4574 492 1525 4575 526 1525 4576 502 1525 4577 492 1526 4578 751 1526 4579 501 1526 4580 492 1527 4581 501 1527 4582 540 1527 4583 540 1528 4584 524 1528 4585 525 1528 4586 523 1529 4587 511 1529 4588 524 1529 4589 540 1530 4590 525 1530 4591 492 1530 4592 490 1531 4593 524 1531 4594 540 1531 4595 490 1532 4596 523 1532 4597 524 1532 4598 489 1533 4599 523 1533 4600 490 1533 4601 488 1534 4602 522 1534 4603 523 1534 4604 538 1535 4605 521 1535 4606 522 1535 4607 486 1536 4608 520 1536 4609 521 1536 4610 484 1537 4611 518 1537 4612 520 1537 4613 535 1538 4614 519 1538 4615 518 1538 4616 483 1539 4617 517 1539 4618 519 1539 4619 499 1540 4620 516 1540 4621 517 1540 4622 499 1541 4623 927 1541 4624 482 1541 4625 927 1542 4626 499 1542 4627 926 1542 4628 926 1543 4629 483 1543 4630 925 1543 4631 925 1544 4632 483 1544 4633 535 1544 4634 925 1545 4635 484 1545 4636 536 1545 4637 536 1546 4638 485 1546 4639 537 1546 4640 538 1547 4641 924 1547 4642 500 1547 4643 487 1548 4644 924 1548 4645 538 1548 4646 924 1549 4647 962 1549 4648 963 1549 4649 924 1550 4650 961 1550 4651 962 1550 4652 924 1551 4653 963 1551 4654 500 1551 4655 537 1552 4656 486 1552 4657 500 1552 4658 484 1553 4659 925 1553 4660 535 1553 4661 483 1554 4662 926 1554 4663 499 1554 4664 515 1555 4665 516 1555 4666 482 1555 4667 482 1556 4668 516 1556 4669 499 1556 4670 499 1557 4671 517 1557 4672 483 1557 4673 483 1558 4674 519 1558 4675 535 1558 4676 485 1559 4677 536 1559 4678 484 1559 4679 535 1560 4680 518 1560 4681 484 1560 4682 484 1561 4683 520 1561 4684 485 1561 4685 518 1562 4686 508 1562 4687 520 1562 4688 486 1563 4689 538 1563 4690 500 1563 4691 537 1564 4692 485 1564 4693 486 1564 4694 485 1565 4695 520 1565 4696 486 1565 4697 520 1566 4698 508 1566 4699 521 1566 4700 521 1567 4701 538 1567 4702 486 1567 4703 538 1568 4704 522 1568 4705 487 1568 4706 487 1569 4707 522 1569 4708 488 1569 4709 924 1570 4710 487 1570 4711 923 1570 4712 488 1571 4713 923 1571 4714 487 1571 4715 923 1572 4716 961 1572 4717 924 1572 4718 923 1573 4719 919 1573 4720 961 1573 4721 919 1574 4722 771 1574 4723 789 1574 4724 921 1575 4725 919 1575 4726 923 1575 4727 771 1576 4728 919 1576 4729 921 1576 4730 921 1577 4731 488 1577 4732 539 1577 4733 489 1578 4734 539 1578 4735 488 1578 4736 771 1579 4737 921 1579 4738 796 1579 4739 796 1580 4740 539 1580 4741 490 1580 4742 796 1581 4743 756 1581 4744 771 1581 4745 756 1582 4746 796 1582 4747 753 1582 4748 490 1583 4749 753 1583 4750 796 1583 4751 753 1584 4752 490 1584 4753 540 1584 4754 501 1585 4755 751 1585 4756 753 1585 4757 501 1586 4758 753 1586 4759 540 1586 4760 751 1587 4761 752 1587 4762 753 1587 4763 502 1588 4764 752 1588 4765 751 1588 4766 750 1589 4767 502 1589 4768 491 1589 4769 769 1590 4770 754 1590 4771 750 1590 4772 770 1591 4773 754 1591 4774 769 1591 4775 503 1592 4776 750 1592 4777 491 1592 4778 502 1593 4779 527 1593 4780 491 1593 4781 527 1594 4782 480 1594 4783 491 1594 4784 480 1595 4785 503 1595 4786 491 1595 4787 471 1596 4788 497 1596 4789 478 1596 4790 478 1597 4791 528 1597 4792 471 1597 4793 527 1598 4794 514 1598 4795 480 1598 4796 526 1599 4797 514 1599 4798 527 1599 4799 526 1600 4800 512 1600 4801 514 1600 4802 514 1601 4803 478 1601 4804 480 1601 4805 477 1602 4806 514 1602 4807 512 1602 4808 477 1603 4809 528 1603 4810 478 1603 4811 477 1604 4812 493 1604 4813 528 1604 4814 525 1605 4815 513 1605 4816 512 1605 4817 524 1606 4818 513 1606 4819 525 1606 4820 524 1607 4821 511 1607 4822 513 1607 4823 513 1608 4824 477 1608 4825 512 1608 4826 476 1609 4827 513 1609 4828 511 1609 4829 476 1610 4830 493 1610 4831 477 1610 4832 493 1611 4833 476 1611 4834 534 1611 4835 476 1612 4836 533 1612 4837 534 1612 4838 475 1613 4839 533 1613 4840 476 1613 4841 533 1614 4842 475 1614 4843 496 1614 4844 523 1615 4845 510 1615 4846 511 1615 4847 522 1616 4848 510 1616 4849 523 1616 4850 475 1617 4851 511 1617 4852 510 1617 4853 474 1618 4854 496 1618 4855 475 1618 4856 522 1619 4857 509 1619 4858 510 1619 4859 521 1620 4860 509 1620 4861 522 1620 4862 521 1621 4863 508 1621 4864 509 1621 4865 509 1622 4866 474 1622 4867 510 1622 4868 508 1623 4869 532 1623 4870 509 1623 4871 532 1624 4872 496 1624 4873 474 1624 4874 518 1625 4875 507 1625 4876 508 1625 4877 519 1626 4878 507 1626 4879 518 1626 4880 507 1627 4881 532 1627 4882 508 1627 4883 516 1628 4884 505 1628 4885 517 1628 4886 519 1629 4887 505 1629 4888 507 1629 4889 505 1630 4890 519 1630 4891 517 1630 4892 505 1631 4893 495 1631 4894 507 1631 4895 495 1632 4896 473 1632 4897 531 1632 4898 473 1633 4899 530 1633 4900 531 1633 4901 516 1634 4902 506 1634 4903 505 1634 4904 506 1635 4905 473 1635 4906 505 1635 4907 472 1636 4908 530 1636 4909 473 1636 4910 530 1637 4911 472 1637 4912 559 1637 4913 472 1638 4914 529 1638 4915 559 1638 4916 504 1639 4917 529 1639 4918 472 1639 4919 498 1640 4920 479 1640 4921 529 1640 4922 481 1641 4923 529 1641 4924 504 1641 4925 515 1642 4926 504 1642 4927 506 1642 4928 515 1643 4929 506 1643 4930 516 1643 4931 481 1644 4932 504 1644 4933 515 1644 4934 928 1645 4935 482 1645 4936 927 1645 4937 482 1646 4938 928 1646 4939 515 1646 4940 515 1647 4941 928 1647 4942 481 1647 4943 927 1648 4944 967 1648 4945 928 1648 4946 967 1649 4947 918 1649 4948 920 1649 4949 967 1650 4950 954 1650 4951 916 1650 4952 967 1651 4953 916 1651 4954 918 1651 4955 927 1652 4956 966 1652 4957 967 1652 4958 926 1653 4959 966 1653 4960 927 1653 4961 966 1654 4962 953 1654 4963 954 1654 4964 966 1655 4965 954 1655 4966 967 1655 4967 926 1656 4968 965 1656 4969 966 1656 4970 925 1657 4971 965 1657 4972 926 1657 4973 965 1658 4974 952 1658 4975 953 1658 4976 965 1659 4977 953 1659 4978 966 1659 4979 925 1660 4980 960 1660 4981 965 1660 4982 536 1661 4983 960 1661 4984 925 1661 4985 960 1662 4986 951 1662 4987 952 1662 4988 960 1663 4989 952 1663 4990 965 1663 4991 536 1664 4992 959 1664 4993 960 1664 4994 537 1665 4995 959 1665 4996 536 1665 4997 959 1666 4998 950 1666 4999 951 1666 5000 959 1667 5001 951 1667 5002 960 1667 5003 537 1668 5004 964 1668 5005 959 1668 5006 500 1669 5007 963 1669 5008 964 1669 5009 500 1670 5010 964 1670 5011 537 1670 5012 958 1671 5013 949 1671 5014 950 1671 5015 958 1672 5016 950 1672 5017 959 1672 5018 964 1673 5019 957 1673 5020 958 1673 5021 963 1674 5022 957 1674 5023 964 1674 5024 957 1675 5025 948 1675 5026 958 1675 5027 963 1676 5028 956 1676 5029 957 1676 5030 962 1677 5031 956 1677 5032 963 1677 5033 956 1678 5034 947 1678 5035 957 1678 5036 962 1679 5037 955 1679 5038 956 1679 5039 961 1680 5040 955 1680 5041 962 1680 5042 955 1681 5043 946 1681 5044 956 1681 5045 961 1682 5046 917 1682 5047 955 1682 5048 919 1683 5049 917 1683 5050 961 1683 5051 919 1684 5052 789 1684 5053 917 1684 5054 917 1685 5055 915 1685 5056 955 1685 5057 915 1686 5058 790 1686 5059 773 1686 5060 917 1687 5061 789 1687 5062 790 1687 5063 755 1688 5064 784 1688 5065 789 1688 5066 755 1689 5067 789 1689 5068 771 1689 5069 755 1690 5070 771 1690 5071 756 1690 5072 782 1691 5073 783 1691 5074 755 1691 5075 756 1692 5076 782 1692 5077 755 1692 5078 752 1693 5079 782 1693 5080 756 1693 5081 750 1694 5082 754 1694 5083 782 1694 5084 750 1695 5085 782 1695 5086 752 1695 5087 754 1696 5088 757 1696 5089 782 1696 5090 772 1697 5091 757 1697 5092 754 1697 5093 772 1698 5094 754 1698 5095 770 1698 5096 757 1699 5097 758 1699 5098 783 1699 5099 774 1700 5100 758 1700 5101 757 1700 5102 783 1701 5103 785 1701 5104 784 1701 5105 783 1702 5106 758 1702 5107 785 1702 5108 785 1703 5109 760 1703 5110 787 1703 5111 762 1704 5112 766 1704 5113 767 1704 5114 787 1705 5115 767 1705 5116 768 1705 5117 760 1706 5118 762 1706 5119 767 1706 5120 760 1707 5121 767 1707 5122 787 1707 5123 793 1708 5124 767 1708 5125 766 1708 5126 793 1709 5127 766 1709 5128 765 1709 5129 793 1710 5130 765 1710 5131 778 1710 5132 778 1711 5133 831 1711 5134 793 1711 5135 845 1712 5136 777 1712 5137 793 1712 5138 794 1713 5139 768 1713 5140 777 1713 5141 768 1714 5142 793 1714 5143 777 1714 5144 777 1715 5145 845 1715 5146 794 1715 5147 845 1716 5148 779 1716 5149 794 1716 5150 795 1717 5151 779 1717 5152 846 1717 5153 795 1718 5154 763 1718 5155 779 1718 5156 794 1719 5157 763 1719 5158 768 1719 5159 763 1720 5160 794 1720 5161 779 1720 5162 788 1721 5163 768 1721 5164 763 1721 5165 903 1722 5166 775 1722 5167 780 1722 5168 903 1723 5169 780 1723 5170 833 1723 5171 761 1724 5172 780 1724 5173 775 1724 5174 788 1725 5175 763 1725 5176 761 1725 5177 786 1726 5178 788 1726 5179 761 1726 5180 785 1727 5181 788 1727 5182 786 1727 5183 784 1728 5184 786 1728 5185 790 1728 5186 784 1729 5187 785 1729 5188 786 1729 5189 759 1730 5190 773 1730 5191 790 1730 5192 790 1731 5193 786 1731 5194 759 1731 5195 759 1732 5196 791 1732 5197 773 1732 5198 792 1733 5199 761 1733 5200 775 1733 5201 761 1734 5202 792 1734 5203 759 1734 5204 759 1735 5205 792 1735 5206 791 1735 5207 911 1736 5208 903 1736 5209 904 1736 5210 911 1737 5211 792 1737 5212 775 1737 5213 911 1738 5214 775 1738 5215 903 1738 5216 915 1739 5217 913 1739 5218 946 1739 5219 915 1740 5220 773 1740 5221 913 1740 5222 913 1741 5223 773 1741 5224 791 1741 5225 913 1742 5226 791 1742 5227 911 1742 5228 929 1743 5229 904 1743 5230 905 1743 5231 911 1744 5232 904 1744 5233 929 1744 5234 946 1745 5235 937 1745 5236 947 1745 5237 946 1746 5238 913 1746 5239 937 1746 5240 913 1747 5241 929 1747 5242 937 1747 5243 930 1748 5244 905 1748 5245 906 1748 5246 929 1749 5247 905 1749 5248 930 1749 5249 947 1750 5250 937 1750 5251 938 1750 5252 937 1751 5253 930 1751 5254 938 1751 5255 931 1752 5256 906 1752 5257 907 1752 5258 930 1753 5259 906 1753 5260 931 1753 5261 947 1754 5262 938 1754 5263 939 1754 5264 947 1755 5265 939 1755 5266 948 1755 5267 938 1756 5268 931 1756 5269 939 1756 5270 948 1757 5271 939 1757 5272 940 1757 5273 948 1758 5274 940 1758 5275 949 1758 5276 939 1759 5277 907 1759 5278 940 1759 5279 932 1760 5280 908 1760 5281 933 1760 5282 907 1761 5283 908 1761 5284 932 1761 5285 949 1762 5286 940 1762 5287 941 1762 5288 949 1763 5289 941 1763 5290 950 1763 5291 940 1764 5292 932 1764 5293 941 1764 5294 950 1765 5295 941 1765 5296 942 1765 5297 950 1766 5298 942 1766 5299 951 1766 5300 941 1767 5301 933 1767 5302 942 1767 5303 934 1768 5304 909 1768 5305 935 1768 5306 933 1769 5307 909 1769 5308 934 1769 5309 951 1770 5310 942 1770 5311 943 1770 5312 951 1771 5313 943 1771 5314 952 1771 5315 942 1772 5316 934 1772 5317 943 1772 5318 952 1773 5319 943 1773 5320 944 1773 5321 952 1774 5322 944 1774 5323 953 1774 5324 943 1775 5325 935 1775 5326 944 1775 5327 954 1776 5328 945 1776 5329 914 1776 5330 953 1777 5331 944 1777 5332 945 1777 5333 953 1778 5334 945 1778 5335 954 1778 5336 944 1779 5337 936 1779 5338 945 1779 5339 945 1780 5340 912 1780 5341 914 1780 5342 936 1781 5343 910 1781 5344 912 1781 5345 910 1782 5346 841 1782 5347 897 1782 5348 866 1783 5349 897 1783 5350 841 1783 5351 892 1784 5352 897 1784 5353 866 1784 5354 843 1785 5355 890 1785 5356 892 1785 5357 843 1786 5358 892 1786 5359 866 1786 5360 889 1787 5361 892 1787 5362 890 1787 5363 912 1788 5364 901 1788 5365 914 1788 5366 912 1789 5367 897 1789 5368 901 1789 5369 892 1790 5370 901 1790 5371 897 1790 5372 889 1791 5373 895 1791 5374 892 1791 5375 914 1792 5376 900 1792 5377 916 1792 5378 916 1793 5379 900 1793 5380 898 1793 5381 914 1794 5382 901 1794 5383 900 1794 5384 895 1795 5385 900 1795 5386 901 1795 5387 900 1796 5388 894 1796 5389 898 1796 5390 894 1797 5391 899 1797 5392 898 1797 5393 888 1798 5394 894 1798 5395 895 1798 5396 888 1799 5397 895 1799 5398 889 1799 5399 743 1800 5400 888 1800 5401 889 1800 5402 744 1801 5403 886 1801 5404 888 1801 5405 744 1802 5406 888 1802 5407 743 1802 5408 574 1803 5409 744 1803 5410 573 1803 5411 575 1804 5412 891 1804 5413 887 1804 5414 575 1805 5415 887 1805 5416 590 1805 5417 886 1806 5418 574 1806 5419 887 1806 5420 887 1807 5421 574 1807 5422 590 1807 5423 887 1808 5424 893 1808 5425 886 1808 5426 899 1809 5427 893 1809 5428 896 1809 5429 893 1810 5430 899 1810 5431 894 1810 5432 886 1811 5433 893 1811 5434 894 1811 5435 920 1812 5436 896 1812 5437 902 1812 5438 893 1813 5439 902 1813 5440 896 1813 5441 902 1814 5442 893 1814 5443 891 1814 5444 922 1815 5445 481 1815 5446 928 1815 5447 902 1816 5448 922 1816 5449 920 1816 5450 928 1817 5451 920 1817 5452 922 1817 5453 922 1818 5454 891 1818 5455 498 1818 5456 922 1819 5457 498 1819 5458 481 1819 5459 498 1820 5460 576 1820 5461 479 1820 5462 576 1821 5463 575 1821 5464 479 1821 5465 716 1822 5466 562 1822 5467 563 1822 5468 696 1823 5469 562 1823 5470 719 1823 5471 696 1824 5472 589 1824 5473 562 1824 5474 712 1825 5475 589 1825 5476 696 1825 5477 589 1826 5478 712 1826 5479 588 1826 5480 588 1827 5481 712 1827 5482 695 1827 5483 569 1828 5484 695 1828 5485 568 1828 5486 568 1829 5487 694 1829 5488 701 1829 5489 572 1830 5490 701 1830 5491 700 1830 5492 571 1831 5493 700 1831 5494 622 1831 5495 494 1832 5496 622 1832 5497 497 1832 5498 497 1833 5499 626 1833 5500 628 1833 5501 497 1834 5502 628 1834 5503 630 1834 5504 503 1835 5505 827 1835 5506 769 1835 5507 769 1836 5508 827 1836 5509 815 1836 5510 770 1837 5511 815 1837 5512 814 1837 5513 772 1838 5514 814 1838 5515 816 1838 5516 774 1839 5517 816 1839 5518 817 1839 5519 776 1840 5520 817 1840 5521 808 1840 5522 776 1841 5523 808 1841 5524 810 1841 5525 813 1842 5526 764 1842 5527 776 1842 5528 764 1843 5529 813 1843 5530 818 1843 5531 818 1844 5532 844 1844 5533 781 1844 5534 844 1845 5535 875 1845 5536 778 1845 5537 778 1846 5538 875 1846 5539 874 1846 5540 867 1847 5541 831 1847 5542 874 1847 5543 867 1848 5544 845 1848 5545 831 1848 5546 881 1849 5547 779 1849 5548 845 1849 5549 882 1850 5550 846 1850 5551 881 1850 5552 882 1851 5553 832 1851 5554 846 1851 5555 883 1852 5556 834 1852 5557 832 1852 5558 868 1853 5559 834 1853 5560 883 1853 5561 884 1854 5562 848 1854 5563 868 1854 5564 884 1855 5565 835 1855 5566 848 1855 5567 885 1856 5568 837 1856 5569 835 1856 5570 869 1857 5571 837 1857 5572 885 1857 5573 837 1858 5574 869 1858 5575 851 1858 5576 838 1859 5577 871 1859 5578 854 1859 5579 854 1860 5580 871 1860 5581 872 1860 5582 854 1861 5583 872 1861 5584 856 1861 5585 856 1862 5586 872 1862 5587 876 1862 5588 856 1863 5589 877 1863 5590 858 1863 5591 858 1864 5592 877 1864 5593 860 1864 5594 860 1865 5595 878 1865 5596 862 1865 5597 840 1866 5598 873 1866 5599 880 1866 5600 842 1867 5601 880 1867 5602 749 1867 5603 842 1868 5604 747 1868 5605 748 1868 5606 748 1869 5607 747 1869 5608 745 1869 5609 746 1870 5610 745 1870 5611 741 1870 5612 734 1871 5613 742 1871 5614 741 1871 5615 733 1872 5616 743 1872 5617 742 1872 5618 731 1873 5619 744 1873 5620 743 1873 5621 703 1874 5622 573 1874 5623 744 1874 5624 573 1875 5625 702 1875 5626 550 1875 5627 550 1876 5628 702 1876 5629 699 1876 5630 570 1877 5631 699 1877 5632 698 1877 5633 567 1878 5634 698 1878 5635 566 1878 5636 566 1879 5637 697 1879 5638 565 1879 5639 565 1880 5640 697 1880 5641 718 1880 5642 564 1881 5643 718 1881 5644 717 1881 5645 563 1882 5646 717 1882 5647 716 1882 5648 564 1883 5649 717 1883 5650 563 1883 5651 565 1884 5652 718 1884 5653 564 1884 5654 566 1885 5655 698 1885 5656 697 1885 5657 570 1886 5658 698 1886 5659 567 1886 5660 550 1887 5661 699 1887 5662 570 1887 5663 702 1888 5664 573 1888 5665 703 1888 5666 703 1889 5667 744 1889 5668 731 1889 5669 731 1890 5670 743 1890 5671 732 1890 5672 732 1891 5673 743 1891 5674 733 1891 5675 733 1892 5676 742 1892 5677 734 1892 5678 734 1893 5679 741 1893 5680 745 1893 5681 748 1894 5682 745 1894 5683 746 1894 5684 842 1895 5685 749 1895 5686 747 1895 5687 864 1896 5688 880 1896 5689 842 1896 5690 840 1897 5691 880 1897 5692 864 1897 5693 840 1898 5694 879 1898 5695 873 1898 5696 879 1899 5697 840 1899 5698 862 1899 5699 862 1900 5700 878 1900 5701 879 1900 5702 860 1901 5703 877 1901 5704 878 1901 5705 856 1902 5706 876 1902 5707 877 1902 5708 838 1903 5709 870 1903 5710 871 1903 5711 838 1904 5712 869 1904 5713 870 1904 5714 869 1905 5715 838 1905 5716 851 1905 5717 885 1906 5718 835 1906 5719 884 1906 5720 868 1907 5721 848 1907 5722 834 1907 5723 883 1908 5724 832 1908 5725 882 1908 5726 881 1909 5727 846 1909 5728 779 1909 5729 881 1910 5730 845 1910 5731 867 1910 5732 874 1911 5733 831 1911 5734 778 1911 5735 875 1912 5736 844 1912 5737 818 1912 5738 764 1913 5739 818 1913 5740 781 1913 5741 776 1914 5742 810 1914 5743 813 1914 5744 774 1915 5745 817 1915 5746 776 1915 5747 772 1916 5748 816 1916 5749 774 1916 5750 770 1917 5751 814 1917 5752 772 1917 5753 769 1918 5754 815 1918 5755 770 1918 5756 503 1919 5757 630 1919 5758 827 1919 5759 497 1920 5760 630 1920 5761 503 1920 5762 497 1921 5763 622 1921 5764 626 1921 5765 571 1922 5766 622 1922 5767 494 1922 5768 572 1923 5769 700 1923 5770 571 1923 5771 568 1924 5772 701 1924 5773 572 1924 5774 568 1925 5775 695 1925 5776 694 1925 5777 588 1926 5778 695 1926 5779 569 1926 5780 719 1927 5781 562 1927 5782 716 1927 5783 2527 1928 5784 2246 1928 5785 2539 1928 5786 2246 1929 5787 2536 1929 5788 2539 1929 5789 2246 1930 5790 2247 1930 5791 2536 1930 5792 2248 1931 5793 2252 1931 5794 2247 1931 5795 2252 1932 5796 2536 1932 5797 2247 1932 5798 2256 1933 5799 2252 1933 5800 2248 1933 5801 2249 1934 5802 2248 1934 5803 2251 1934 5804 2248 1935 5805 2249 1935 5806 2256 1935 5807 2250 1936 5808 2249 1936 5809 2251 1936 5810 2255 1937 5811 2252 1937 5812 2256 1937 5813 2252 1938 5814 2253 1938 5815 2536 1938 5816 2255 1939 5817 2253 1939 5818 2252 1939 5819 2255 1940 5820 2254 1940 5821 2253 1940 5822 2257 1941 5823 2550 1941 5824 2255 1941 5825 2257 1942 5826 2255 1942 5827 2256 1942 5828 2257 1943 5829 2259 1943 5830 2258 1943 5831 2250 1944 5832 2257 1944 5833 2249 1944 5834 2256 1945 5835 2249 1945 5836 2257 1945 5837 2259 1946 5838 2257 1946 5839 2250 1946 5840 2250 1947 5841 2534 1947 5842 2259 1947 5843 2258 1948 5844 2259 1948 5845 2491 1948 5846 2260 1949 5847 2261 1949 5848 2263 1949 5849 2262 1950 5850 2265 1950 5851 2264 1950 5852 2266 1951 5853 2267 1951 5854 2264 1951 5855 2272 1952 5856 2266 1952 5857 2264 1952 5858 2267 1953 5859 2262 1953 5860 2264 1953 5861 2266 1954 5862 2270 1954 5863 2267 1954 5864 2268 1955 5865 2262 1955 5866 2267 1955 5867 2266 1956 5868 2269 1956 5869 2270 1956 5870 2271 1957 5871 2459 1957 5872 2269 1957 5873 2266 1958 5874 2271 1958 5875 2269 1958 5876 2453 1959 5877 2459 1959 5878 2271 1959 5879 2271 1960 5880 2266 1960 5881 2272 1960 5882 2265 1961 5883 2274 1961 5884 2264 1961 5885 2264 1962 5886 2274 1962 5887 2272 1962 5888 2439 1963 5889 2274 1963 5890 2275 1963 5891 2273 1964 5892 2274 1964 5893 2439 1964 5894 2277 1965 5895 2275 1965 5896 2474 1965 5897 2277 1966 5898 2276 1966 5899 2439 1966 5900 2439 1967 5901 2275 1967 5902 2277 1967 5903 2277 1968 5904 2472 1968 5905 2276 1968 5906 2276 1969 5907 2278 1969 5908 2279 1969 5909 2276 1970 5910 2279 1970 5911 2280 1970 5912 2439 1971 5913 2276 1971 5914 2280 1971 5915 2439 1972 5916 2280 1972 5917 2281 1972 5918 2281 1973 5919 2279 1973 5920 2282 1973 5921 2283 1974 5922 2282 1974 5923 2279 1974 5924 2284 1975 5925 2282 1975 5926 2283 1975 5927 2478 1976 5928 2284 1976 5929 2283 1976 5930 2284 1977 5931 2287 1977 5932 2286 1977 5933 2287 1978 5934 2285 1978 5935 2286 1978 5936 2287 1979 5937 2284 1979 5938 2467 1979 5939 2467 1980 5940 2288 1980 5941 2287 1980 5942 2288 1981 5943 2289 1981 5944 2285 1981 5945 2287 1982 5946 2288 1982 5947 2285 1982 5948 2290 1983 5949 2289 1983 5950 2292 1983 5951 2291 1984 5952 2292 1984 5953 2289 1984 5954 2291 1985 5955 2289 1985 5956 2288 1985 5957 2292 1986 5958 2434 1986 5959 2433 1986 5960 2434 1987 5961 2292 1987 5962 2291 1987 5963 2467 1988 5964 2434 1988 5965 2291 1988 5966 2284 1989 5967 2293 1989 5968 2467 1989 5969 2293 1990 5970 2295 1990 5971 2294 1990 5972 2293 1991 5973 2341 1991 5974 2428 1991 5975 2293 1992 5976 2294 1992 5977 2341 1992 5978 2293 1993 5979 2428 1993 5980 2429 1993 5981 2293 1994 5982 2299 1994 5983 2295 1994 5984 2296 1995 5985 2293 1995 5986 2284 1995 5987 2293 1996 5988 2297 1996 5989 2299 1996 5990 2293 1997 5991 2461 1997 5992 2297 1997 5993 2293 1998 5994 2460 1998 5995 2461 1998 5996 2293 1999 5997 2298 1999 5998 2460 1999 5999 2293 2000 6000 2296 2000 6001 2298 2000 6002 2467 2001 6003 2293 2001 6004 2429 2001 6005 2341 2002 6006 2294 2002 6007 2301 2002 6008 2302 2003 6009 2301 2003 6010 2300 2003 6011 2302 2004 6012 2303 2004 6013 2377 2004 6014 2304 2005 6015 2377 2005 6016 2303 2005 6017 2303 2006 6018 2302 2006 6019 2300 2006 6020 2420 2007 6021 2304 2007 6022 2305 2007 6023 2304 2008 6024 2303 2008 6025 2305 2008 6026 2304 2009 6027 2420 2009 6028 2419 2009 6029 2420 2010 6030 2305 2010 6031 2323 2010 6032 2310 2011 6033 2305 2011 6034 2307 2011 6035 2305 2012 6036 2310 2012 6037 2306 2012 6038 2323 2013 6039 2305 2013 6040 2306 2013 6041 2308 2014 6042 2307 2014 6043 2303 2014 6044 2305 2015 6045 2303 2015 6046 2307 2015 6047 2308 2016 6048 2303 2016 6049 2300 2016 6050 2308 2017 6051 2294 2017 6052 2309 2017 6053 2307 2018 6054 2308 2018 6055 2309 2018 6056 2309 2019 6057 2310 2019 6058 2307 2019 6059 2310 2020 6060 2309 2020 6061 2312 2020 6062 2312 2021 6063 2309 2021 6064 2295 2021 6065 2309 2022 6066 2294 2022 6067 2295 2022 6068 2311 2023 6069 2312 2023 6070 2313 2023 6071 2312 2024 6072 2311 2024 6073 2310 2024 6074 2312 2025 6075 2295 2025 6076 2313 2025 6077 2313 2026 6078 2295 2026 6079 2299 2026 6080 2313 2027 6081 2299 2027 6082 2314 2027 6083 2315 2028 6084 2313 2028 6085 2314 2028 6086 2311 2029 6087 2313 2029 6088 2315 2029 6089 2315 2030 6090 2314 2030 6091 2316 2030 6092 2315 2031 6093 2318 2031 6094 2311 2031 6095 2317 2032 6096 2315 2032 6097 2316 2032 6098 2315 2033 6099 2317 2033 6100 2318 2033 6101 2316 2034 6102 2443 2034 6103 2317 2034 6104 2319 2035 6105 2320 2035 6106 2318 2035 6107 2311 2036 6108 2318 2036 6109 2320 2036 6110 2322 2037 6111 2311 2037 6112 2320 2037 6113 2321 2038 6114 2322 2038 6115 2320 2038 6116 2321 2039 6117 2320 2039 6118 2319 2039 6119 2310 2040 6120 2322 2040 6121 2306 2040 6122 2311 2041 6123 2322 2041 6124 2310 2041 6125 2323 2042 6126 2306 2042 6127 2322 2042 6128 2328 2043 6129 2325 2043 6130 2442 2043 6131 2326 2044 6132 2325 2044 6133 2324 2044 6134 2442 2045 6135 2325 2045 6136 2441 2045 6137 2327 2046 6138 2325 2046 6139 2334 2046 6140 2421 2047 6141 2325 2047 6142 2327 2047 6143 2329 2048 6144 2325 2048 6145 2456 2048 6146 2441 2049 6147 2325 2049 6148 2326 2049 6149 2324 2050 6150 2325 2050 6151 2421 2050 6152 2456 2051 6153 2325 2051 6154 2328 2051 6155 2325 2052 6156 2273 2052 6157 2330 2052 6158 2325 2053 6159 2329 2053 6160 2273 2053 6161 2325 2054 6162 2330 2054 6163 2331 2054 6164 2325 2055 6165 2331 2055 6166 2332 2055 6167 2331 2056 6168 2431 2056 6169 2332 2056 6170 2431 2057 6171 2333 2057 6172 2332 2057 6173 2325 2058 6174 2332 2058 6175 2333 2058 6176 2430 2059 6177 2333 2059 6178 2431 2059 6179 2430 2060 6180 2335 2060 6181 2333 2060 6182 2334 2061 6183 2333 2061 6184 2335 2061 6185 2338 2062 6186 2334 2062 6187 2335 2062 6188 2334 2063 6189 2338 2063 6190 2327 2063 6191 2336 2064 6192 2337 2064 6193 2338 2064 6194 2327 2065 6195 2338 2065 6196 2337 2065 6197 2327 2066 6198 2337 2066 6199 2345 2066 6200 2337 2067 6201 2339 2067 6202 2345 2067 6203 2340 2068 6204 2339 2068 6205 2427 2068 6206 2337 2069 6207 2427 2069 6208 2339 2069 6209 2341 2070 6210 2340 2070 6211 2427 2070 6212 2341 2071 6213 2301 2071 6214 2343 2071 6215 2343 2072 6216 2340 2072 6217 2341 2072 6218 2343 2073 6219 2342 2073 6220 2340 2073 6221 2354 2074 6222 2340 2074 6223 2342 2074 6224 2344 2075 6225 2340 2075 6226 2354 2075 6227 2344 2076 6228 2357 2076 6229 2347 2076 6230 2344 2077 6231 2354 2077 6232 2357 2077 6233 2344 2078 6234 2339 2078 6235 2340 2078 6236 2345 2079 6237 2339 2079 6238 2344 2079 6239 2421 2080 6240 2327 2080 6241 2346 2080 6242 2346 2081 6243 2327 2081 6244 2345 2081 6245 2345 2082 6246 2344 2082 6247 2346 2082 6248 2346 2083 6249 2344 2083 6250 2347 2083 6251 2347 2084 6252 2348 2084 6253 2346 2084 6254 2346 2085 6255 2349 2085 6256 2350 2085 6257 2346 2086 6258 2348 2086 6259 2349 2086 6260 2421 2087 6261 2346 2087 6262 2350 2087 6263 2349 2088 6264 2351 2088 6265 2404 2088 6266 2348 2089 6267 2351 2089 6268 2349 2089 6269 2403 2090 6270 2351 2090 6271 2352 2090 6272 2352 2091 6273 2353 2091 6274 2403 2091 6275 2358 2092 6276 2353 2092 6277 2352 2092 6278 2358 2093 6279 2400 2093 6280 2353 2093 6281 2358 2094 6282 2357 2094 6283 2400 2094 6284 2357 2095 6285 2399 2095 6286 2400 2095 6287 2357 2096 6288 2354 2096 6289 2399 2096 6290 2354 2097 6291 2356 2097 6292 2399 2097 6293 2356 2098 6294 2355 2098 6295 2393 2098 6296 2355 2099 6297 2397 2099 6298 2393 2099 6299 2356 2100 6300 2342 2100 6301 2355 2100 6302 2355 2101 6303 2342 2101 6304 2359 2101 6305 2347 2102 6306 2357 2102 6307 2348 2102 6308 2358 2103 6309 2348 2103 6310 2357 2103 6311 2348 2104 6312 2358 2104 6313 2351 2104 6314 2352 2105 6315 2351 2105 6316 2358 2105 6317 2354 2106 6318 2342 2106 6319 2356 2106 6320 2359 2107 6321 2343 2107 6322 2360 2107 6323 2359 2108 6324 2342 2108 6325 2343 2108 6326 2343 2109 6327 2301 2109 6328 2360 2109 6329 2360 2110 6330 2301 2110 6331 2366 2110 6332 2360 2111 6333 2398 2111 6334 2359 2111 6335 2360 2112 6336 2361 2112 6337 2398 2112 6338 2366 2113 6339 2361 2113 6340 2360 2113 6341 2363 2114 6342 2386 2114 6343 2362 2114 6344 2363 2115 6345 2362 2115 6346 2361 2115 6347 2386 2116 6348 2363 2116 6349 2364 2116 6350 2366 2117 6351 2365 2117 6352 2363 2117 6353 2425 2118 6354 2367 2118 6355 2365 2118 6356 2366 2119 6357 2425 2119 6358 2365 2119 6359 2368 2120 6360 2365 2120 6361 2367 2120 6362 2364 2121 6363 2368 2121 6364 2369 2121 6365 2364 2122 6366 2365 2122 6367 2368 2122 6368 2368 2123 6369 2367 2123 6370 2425 2123 6371 2369 2124 6372 2368 2124 6373 2415 2124 6374 2416 2125 6375 2415 2125 6376 2368 2125 6377 2416 2126 6378 2368 2126 6379 2425 2126 6380 2425 2127 6381 2371 2127 6382 2416 2127 6383 2425 2128 6384 2370 2128 6385 2371 2128 6386 2370 2129 6387 2374 2129 6388 2371 2129 6389 2371 2130 6390 2374 2130 6391 2373 2130 6392 2417 2131 6393 2371 2131 6394 2372 2131 6395 2372 2132 6396 2371 2132 6397 2373 2132 6398 2375 2133 6399 2373 2133 6400 2374 2133 6401 2375 2134 6402 2422 2134 6403 2373 2134 6404 2377 2135 6405 2375 2135 6406 2376 2135 6407 2375 2136 6408 2377 2136 6409 2422 2136 6410 2377 2137 6411 2378 2137 6412 2422 2137 6413 2422 2138 6414 2378 2138 6415 2379 2138 6416 2380 2139 6417 2381 2139 6418 2414 2139 6419 2382 2140 6420 2414 2140 6421 2381 2140 6422 2382 2141 6423 2413 2141 6424 2414 2141 6425 2383 2142 6426 2382 2142 6427 2381 2142 6428 2418 2143 6429 2382 2143 6430 2383 2143 6431 2418 2144 6432 2384 2144 6433 2382 2144 6434 2421 2145 6435 2350 2145 6436 2382 2145 6437 2384 2146 6438 2421 2146 6439 2382 2146 6440 2382 2147 6441 2350 2147 6442 2413 2147 6443 2385 2148 6444 2413 2148 6445 2350 2148 6446 2350 2149 6447 2349 2149 6448 2385 2149 6449 2386 2150 6450 2364 2150 6451 2385 2150 6452 2386 2151 6453 2385 2151 6454 2412 2151 6455 2412 2152 6456 2385 2152 6457 2349 2152 6458 2389 2153 6459 2388 2153 6460 2387 2153 6461 2391 2154 6462 2388 2154 6463 2389 2154 6464 2387 2155 6465 2390 2155 6466 2389 2155 6467 2391 2156 6468 2389 2156 6469 2390 2156 6470 2390 2157 6471 2401 2157 6472 2391 2157 6473 2391 2158 6474 2401 2158 6475 2392 2158 6476 2392 2159 6477 2393 2159 6478 2391 2159 6479 2394 2160 6480 2393 2160 6481 2392 2160 6482 2394 2161 6483 2356 2161 6484 2393 2161 6485 2393 2162 6486 2395 2162 6487 2391 2162 6488 2395 2163 6489 2388 2163 6490 2391 2163 6491 2395 2164 6492 2397 2164 6493 2396 2164 6494 2393 2165 6495 2397 2165 6496 2395 2165 6497 2388 2166 6498 2395 2166 6499 2396 2166 6500 2362 2167 6501 2387 2167 6502 2388 2167 6503 2386 2168 6504 2387 2168 6505 2362 2168 6506 2386 2169 6507 2411 2169 6508 2387 2169 6509 2362 2170 6510 2388 2170 6511 2396 2170 6512 2396 2171 6513 2361 2171 6514 2362 2171 6515 2398 2172 6516 2397 2172 6517 2355 2172 6518 2398 2173 6519 2355 2173 6520 2359 2173 6521 2396 2174 6522 2398 2174 6523 2361 2174 6524 2397 2175 6525 2398 2175 6526 2396 2175 6527 2392 2176 6528 2401 2176 6529 2394 2176 6530 2394 2177 6531 2401 2177 6532 2399 2177 6533 2399 2178 6534 2356 2178 6535 2394 2178 6536 2399 2179 6537 2401 2179 6538 2400 2179 6539 2401 2180 6540 2353 2180 6541 2400 2180 6542 2401 2181 6543 2403 2181 6544 2353 2181 6545 2402 2182 6546 2403 2182 6547 2401 2182 6548 2404 2183 6549 2403 2183 6550 2406 2183 6551 2402 2184 6552 2406 2184 6553 2403 2184 6554 2407 2185 6555 2406 2185 6556 2405 2185 6557 2405 2186 6558 2406 2186 6559 2402 2186 6560 2386 2187 6561 2407 2187 6562 2411 2187 6563 2407 2188 6564 2408 2188 6565 2411 2188 6566 2409 2189 6567 2411 2189 6568 2410 2189 6569 2411 2190 6570 2408 2190 6571 2410 2190 6572 2409 2191 6573 2387 2191 6574 2411 2191 6575 2408 2192 6576 2401 2192 6577 2410 2192 6578 2410 2193 6579 2401 2193 6580 2409 2193 6581 2409 2194 6582 2401 2194 6583 2390 2194 6584 2390 2195 6585 2387 2195 6586 2409 2195 6587 2407 2196 6588 2405 2196 6589 2408 2196 6590 2405 2197 6591 2401 2197 6592 2408 2197 6593 2386 2198 6594 2412 2198 6595 2407 2198 6596 2412 2199 6597 2406 2199 6598 2407 2199 6599 2412 2200 6600 2349 2200 6601 2404 2200 6602 2412 2201 6603 2404 2201 6604 2406 2201 6605 2351 2202 6606 2403 2202 6607 2404 2202 6608 2402 2203 6609 2401 2203 6610 2405 2203 6611 2385 2204 6612 2364 2204 6613 2413 2204 6614 2372 2205 6615 2415 2205 6616 2417 2205 6617 2380 2206 6618 2414 2206 6619 2415 2206 6620 2380 2207 6621 2415 2207 6622 2372 2207 6623 2416 2208 6624 2417 2208 6625 2415 2208 6626 2417 2209 6627 2416 2209 6628 2371 2209 6629 2414 2210 6630 2369 2210 6631 2415 2210 6632 2364 2211 6633 2369 2211 6634 2414 2211 6635 2413 2212 6636 2364 2212 6637 2414 2212 6638 2378 2213 6639 2384 2213 6640 2418 2213 6641 2384 2214 6642 2378 2214 6643 2304 2214 6644 2384 2215 6645 2304 2215 6646 2419 2215 6647 2420 2216 6648 2421 2216 6649 2419 2216 6650 2419 2217 6651 2421 2217 6652 2384 2217 6653 2383 2218 6654 2378 2218 6655 2418 2218 6656 2378 2219 6657 2383 2219 6658 2379 2219 6659 2379 2220 6660 2383 2220 6661 2380 2220 6662 2381 2221 6663 2380 2221 6664 2383 2221 6665 2372 2222 6666 2379 2222 6667 2380 2222 6668 2379 2223 6669 2372 2223 6670 2373 2223 6671 2373 2224 6672 2422 2224 6673 2379 2224 6674 2378 2225 6675 2377 2225 6676 2304 2225 6677 2302 2226 6678 2423 2226 6679 2301 2226 6680 2366 2227 6681 2301 2227 6682 2423 2227 6683 2366 2228 6684 2363 2228 6685 2361 2228 6686 2366 2229 6687 2423 2229 6688 2370 2229 6689 2370 2230 6690 2423 2230 6691 2374 2230 6692 2424 2231 6693 2374 2231 6694 2423 2231 6695 2375 2232 6696 2374 2232 6697 2424 2232 6698 2375 2233 6699 2424 2233 6700 2376 2233 6701 2424 2234 6702 2423 2234 6703 2376 2234 6704 2425 2235 6705 2366 2235 6706 2370 2235 6707 2376 2236 6708 2423 2236 6709 2302 2236 6710 2302 2237 6711 2377 2237 6712 2376 2237 6713 2364 2238 6714 2363 2238 6715 2365 2238 6716 2341 2239 6717 2427 2239 6718 2426 2239 6719 2428 2240 6720 2341 2240 6721 2426 2240 6722 2426 2241 6723 2336 2241 6724 2428 2241 6725 2428 2242 6726 2336 2242 6727 2440 2242 6728 2428 2243 6729 2430 2243 6730 2429 2243 6731 2429 2244 6732 2430 2244 6733 2431 2244 6734 2429 2245 6735 2431 2245 6736 2432 2245 6737 2432 2246 6738 2331 2246 6739 2433 2246 6740 2330 2247 6741 2433 2247 6742 2331 2247 6743 2432 2248 6744 2433 2248 6745 2434 2248 6746 2330 2249 6747 2292 2249 6748 2433 2249 6749 2273 2250 6750 2292 2250 6751 2330 2250 6752 2290 2251 6753 2292 2251 6754 2273 2251 6755 2438 2252 6756 2435 2252 6757 2290 2252 6758 2436 2253 6759 2438 2253 6760 2290 2253 6761 2290 2254 6762 2435 2254 6763 2289 2254 6764 2285 2255 6765 2289 2255 6766 2435 2255 6767 2285 2256 6768 2435 2256 6769 2286 2256 6770 2273 2257 6771 2439 2257 6772 2436 2257 6773 2436 2258 6774 2290 2258 6775 2273 2258 6776 2436 2259 6777 2437 2259 6778 2438 2259 6779 2437 2260 6780 2286 2260 6781 2438 2260 6782 2282 2261 6783 2437 2261 6784 2281 2261 6785 2286 2262 6786 2437 2262 6787 2282 2262 6788 2284 2263 6789 2286 2263 6790 2282 2263 6791 2438 2264 6792 2286 2264 6793 2435 2264 6794 2439 2265 6795 2281 2265 6796 2437 2265 6797 2439 2266 6798 2437 2266 6799 2436 2266 6800 2429 2267 6801 2434 2267 6802 2467 2267 6803 2429 2268 6804 2432 2268 6805 2434 2268 6806 2331 2269 6807 2432 2269 6808 2431 2269 6809 2428 2270 6810 2440 2270 6811 2430 2270 6812 2440 2271 6813 2335 2271 6814 2430 2271 6815 2336 2272 6816 2335 2272 6817 2440 2272 6818 2335 2273 6819 2336 2273 6820 2338 2273 6821 2427 2274 6822 2337 2274 6823 2426 2274 6824 2426 2275 6825 2337 2275 6826 2336 2275 6827 2325 2276 6828 2333 2276 6829 2334 2276 6830 2319 2277 6831 2326 2277 6832 2321 2277 6833 2441 2278 6834 2326 2278 6835 2319 2278 6836 2318 2279 6837 2441 2279 6838 2319 2279 6839 2317 2280 6840 2441 2280 6841 2318 2280 6842 2317 2281 6843 2442 2281 6844 2441 2281 6845 2443 2282 6846 2442 2282 6847 2317 2282 6848 2443 2283 6849 2445 2283 6850 2442 2283 6851 2445 2284 6852 2328 2284 6853 2442 2284 6854 2444 2285 6855 2328 2285 6856 2445 2285 6857 2446 2286 6858 2328 2286 6859 2444 2286 6860 2446 2287 6861 2447 2287 6862 2448 2287 6863 2444 2288 6864 2447 2288 6865 2446 2288 6866 2448 2289 6867 2449 2289 6868 2446 2289 6869 2451 2290 6870 2449 2290 6871 2450 2290 6872 2450 2291 6873 2449 2291 6874 2448 2291 6875 2449 2292 6876 2451 2292 6877 2452 2292 6878 2451 2293 6879 2453 2293 6880 2452 2293 6881 2452 2294 6882 2453 2294 6883 2455 2294 6884 2453 2295 6885 2454 2295 6886 2455 2295 6887 2454 2296 6888 2329 2296 6889 2455 2296 6890 2273 2297 6891 2329 2297 6892 2274 2297 6893 2454 2298 6894 2274 2298 6895 2329 2298 6896 2271 2299 6897 2454 2299 6898 2453 2299 6899 2272 2300 6900 2274 2300 6901 2454 2300 6902 2271 2301 6903 2272 2301 6904 2454 2301 6905 2455 2302 6906 2329 2302 6907 2456 2302 6908 2452 2303 6909 2455 2303 6910 2456 2303 6911 2452 2304 6912 2456 2304 6913 2449 2304 6914 2449 2305 6915 2456 2305 6916 2446 2305 6917 2446 2306 6918 2456 2306 6919 2328 2306 6920 2457 2307 6921 2451 2307 6922 2450 2307 6923 2459 2308 6924 2453 2308 6925 2451 2308 6926 2450 2309 6927 2298 2309 6928 2457 2309 6929 2298 2310 6930 2296 2310 6931 2457 2310 6932 2457 2311 6933 2296 2311 6934 2458 2311 6935 2459 2312 6936 2457 2312 6937 2458 2312 6938 2459 2313 6939 2458 2313 6940 2269 2313 6941 2451 2314 6942 2457 2314 6943 2459 2314 6944 2269 2315 6945 2458 2315 6946 2270 2315 6947 2458 2316 6948 2296 2316 6949 2478 2316 6950 2458 2317 6951 2478 2317 6952 2270 2317 6953 2296 2318 6954 2284 2318 6955 2478 2318 6956 2448 2319 6957 2460 2319 6958 2298 2319 6959 2448 2320 6960 2298 2320 6961 2450 2320 6962 2463 2321 6963 2460 2321 6964 2448 2321 6965 2463 2322 6966 2461 2322 6967 2460 2322 6968 2462 2323 6969 2461 2323 6970 2463 2323 6971 2447 2324 6972 2462 2324 6973 2463 2324 6974 2464 2325 6975 2462 2325 6976 2447 2325 6977 2464 2326 6978 2465 2326 6979 2462 2326 6980 2465 2327 6981 2464 2327 6982 2466 2327 6983 2466 2328 6984 2443 2328 6985 2316 2328 6986 2464 2329 6987 2443 2329 6988 2466 2329 6989 2466 2330 6990 2297 2330 6991 2465 2330 6992 2466 2331 6993 2316 2331 6994 2297 2331 6995 2314 2332 6996 2297 2332 6997 2316 2332 6998 2314 2333 6999 2299 2333 7000 2297 2333 7001 2465 2334 7002 2297 2334 7003 2461 2334 7004 2465 2335 7005 2461 2335 7006 2462 2335 7007 2447 2336 7008 2444 2336 7009 2464 2336 7010 2443 2337 7011 2464 2337 7012 2445 2337 7013 2464 2338 7014 2444 2338 7015 2445 2338 7016 2463 2339 7017 2448 2339 7018 2447 2339 7019 2321 2340 7020 2326 2340 7021 2323 2340 7022 2322 2341 7023 2321 2341 7024 2323 2341 7025 2420 2342 7026 2324 2342 7027 2421 2342 7028 2323 2343 7029 2326 2343 7030 2324 2343 7031 2323 2344 7032 2324 2344 7033 2420 2344 7034 2300 2345 7035 2294 2345 7036 2308 2345 7037 2300 2346 7038 2301 2346 7039 2294 2346 7040 2467 2347 7041 2291 2347 7042 2288 2347 7043 2283 2348 7044 2279 2348 7045 2469 2348 7046 2469 2349 7047 2278 2349 7048 2468 2349 7049 2469 2350 7050 2279 2350 7051 2278 2350 7052 2478 2351 7053 2283 2351 7054 2469 2351 7055 2468 2352 7056 2278 2352 7057 2470 2352 7058 2468 2353 7059 2470 2353 7060 2471 2353 7061 2470 2354 7062 2472 2354 7063 2471 2354 7064 2471 2355 7065 2277 2355 7066 2473 2355 7067 2471 2356 7068 2472 2356 7069 2277 2356 7070 2473 2357 7071 2277 2357 7072 2474 2357 7073 2275 2358 7074 2475 2358 7075 2474 2358 7076 2476 2359 7077 2474 2359 7078 2475 2359 7079 2473 2360 7080 2474 2360 7081 2476 2360 7082 2477 2361 7083 2473 2361 7084 2476 2361 7085 2477 2362 7086 2469 2362 7087 2468 2362 7088 2468 2363 7089 2471 2363 7090 2473 2363 7091 2468 2364 7092 2473 2364 7093 2477 2364 7094 2478 2365 7095 2469 2365 7096 2477 2365 7097 2267 2366 7098 2478 2366 7099 2546 2366 7100 2478 2367 7101 2477 2367 7102 2546 2367 7103 2267 2368 7104 2546 2368 7105 2547 2368 7106 2546 2369 7107 2477 2369 7108 2479 2369 7109 2476 2370 7110 2480 2370 7111 2479 2370 7112 2476 2371 7113 2481 2371 7114 2480 2371 7115 2482 2372 7116 2481 2372 7117 2475 2372 7118 2482 2373 7119 2475 2373 7120 2275 2373 7121 2482 2374 7122 2274 2374 7123 2265 2374 7124 2482 2375 7125 2265 2375 7126 2493 2375 7127 2482 2376 7128 2483 2376 7129 2481 2376 7130 2482 2377 7131 2490 2377 7132 2483 2377 7133 2484 2378 7134 2483 2378 7135 2490 2378 7136 2480 2379 7137 2481 2379 7138 2484 2379 7139 2484 2380 7140 2481 2380 7141 2483 2380 7142 2479 2381 7143 2480 2381 7144 2484 2381 7145 2479 2382 7146 2484 2382 7147 2485 2382 7148 2485 2383 7149 2486 2383 7150 2544 2383 7151 2485 2384 7152 2488 2384 7153 2486 2384 7154 2486 2385 7155 2488 2385 7156 2503 2385 7157 2486 2386 7158 2503 2386 7159 2487 2386 7160 2509 2387 7161 2486 2387 7162 2487 2387 7163 2485 2388 7164 2553 2388 7165 2488 2388 7166 2553 2389 7167 2490 2389 7168 2489 2389 7169 2482 2390 7170 2493 2390 7171 2489 2390 7172 2489 2391 7173 2490 2391 7174 2482 2391 7175 2493 2392 7176 2261 2392 7177 2492 2392 7178 2493 2393 7179 2265 2393 7180 2261 2393 7181 2491 2394 7182 2492 2394 7183 2261 2394 7184 2493 2395 7185 2492 2395 7186 2525 2395 7187 2493 2396 7188 2523 2396 7189 2494 2396 7190 2496 2397 7191 2494 2397 7192 2497 2397 7193 2496 2398 7194 2489 2398 7195 2494 2398 7196 2495 2399 7197 2489 2399 7198 2496 2399 7199 2553 2400 7200 2489 2400 7201 2495 2400 7202 2553 2401 7203 2495 2401 7204 2504 2401 7205 2505 2402 7206 2504 2402 7207 2495 2402 7208 2505 2403 7209 2495 2403 7210 2496 2403 7211 2517 2404 7212 2552 2404 7213 2497 2404 7214 2552 2405 7215 2517 2405 7216 2498 2405 7217 2506 2406 7218 2552 2406 7219 2502 2406 7220 2498 2407 7221 2502 2407 7222 2552 2407 7223 2552 2408 7224 2506 2408 7225 2496 2408 7226 2502 2409 7227 2498 2409 7228 2507 2409 7229 2507 2410 7230 2498 2410 7231 2519 2410 7232 2519 2411 7233 2499 2411 7234 2507 2411 7235 2520 2412 7236 2499 2412 7237 2519 2412 7238 2500 2413 7239 2520 2413 7240 2521 2413 7241 2521 2414 7242 2501 2414 7243 2500 2414 7244 2501 2415 7245 2521 2415 7246 2511 2415 7247 2499 2416 7248 2500 2416 7249 2510 2416 7250 2510 2417 7251 2500 2417 7252 2501 2417 7253 2510 2418 7254 2503 2418 7255 2499 2418 7256 2512 2419 7257 2503 2419 7258 2510 2419 7259 2499 2420 7260 2503 2420 7261 2502 2420 7262 2505 2421 7263 2503 2421 7264 2504 2421 7265 2506 2422 7266 2503 2422 7267 2505 2422 7268 2502 2423 7269 2503 2423 7270 2506 2423 7271 2505 2424 7272 2496 2424 7273 2506 2424 7274 2502 2425 7275 2507 2425 7276 2499 2425 7277 2487 2426 7278 2503 2426 7279 2512 2426 7280 2512 2427 7281 2508 2427 7282 2487 2427 7283 2511 2428 7284 2509 2428 7285 2508 2428 7286 2511 2429 7287 2508 2429 7288 2510 2429 7289 2508 2430 7290 2509 2430 7291 2487 2430 7292 2510 2431 7293 2508 2431 7294 2512 2431 7295 2510 2432 7296 2501 2432 7297 2511 2432 7298 2511 2433 7299 2513 2433 7300 2509 2433 7301 2522 2434 7302 2543 2434 7303 2513 2434 7304 2513 2435 7305 2543 2435 7306 2544 2435 7307 2253 2436 7308 2514 2436 7309 2515 2436 7310 2253 2437 7311 2515 2437 7312 2538 2437 7313 2515 2438 7314 2518 2438 7315 2524 2438 7316 2518 2439 7317 2515 2439 7318 2516 2439 7319 2516 2440 7320 2515 2440 7321 2514 2440 7322 2524 2441 7323 2518 2441 7324 2517 2441 7325 2517 2442 7326 2518 2442 7327 2498 2442 7328 2518 2443 7329 2516 2443 7330 2519 2443 7331 2520 2444 7332 2519 2444 7333 2516 2444 7334 2516 2445 7335 2522 2445 7336 2520 2445 7337 2522 2446 7338 2521 2446 7339 2520 2446 7340 2521 2447 7341 2513 2447 7342 2511 2447 7343 2522 2448 7344 2513 2448 7345 2521 2448 7346 2518 2449 7347 2519 2449 7348 2498 2449 7349 2524 2450 7350 2517 2450 7351 2497 2450 7352 2524 2451 7353 2497 2451 7354 2523 2451 7355 2497 2452 7356 2494 2452 7357 2523 2452 7358 2525 2453 7359 2524 2453 7360 2523 2453 7361 2525 2454 7362 2535 2454 7363 2526 2454 7364 2542 2455 7365 2525 2455 7366 2526 2455 7367 2542 2456 7368 2526 2456 7369 2541 2456 7370 2526 2457 7371 2527 2457 7372 2541 2457 7373 2526 2458 7374 2528 2458 7375 2527 2458 7376 2529 2459 7377 2528 2459 7378 2526 2459 7379 2528 2460 7380 2246 2460 7381 2527 2460 7382 2529 2461 7383 2246 2461 7384 2528 2461 7385 2529 2462 7386 2530 2462 7387 2246 2462 7388 2251 2463 7389 2530 2463 7390 2529 2463 7391 2248 2464 7392 2247 2464 7393 2530 2464 7394 2530 2465 7395 2247 2465 7396 2246 2465 7397 2251 2466 7398 2248 2466 7399 2530 2466 7400 2529 2467 7401 2531 2467 7402 2251 2467 7403 2532 2468 7404 2250 2468 7405 2531 2468 7406 2532 2469 7407 2531 2469 7408 2529 2469 7409 2250 2470 7410 2251 2470 7411 2531 2470 7412 2529 2471 7413 2526 2471 7414 2533 2471 7415 2526 2472 7416 2535 2472 7417 2533 2472 7418 2532 2473 7419 2533 2473 7420 2535 2473 7421 2532 2474 7422 2529 2474 7423 2533 2474 7424 2250 2475 7425 2532 2475 7426 2534 2475 7427 2534 2476 7428 2535 2476 7429 2492 2476 7430 2534 2477 7431 2492 2477 7432 2259 2477 7433 2259 2478 7434 2492 2478 7435 2491 2478 7436 2525 2479 7437 2492 2479 7438 2535 2479 7439 2534 2480 7440 2532 2480 7441 2535 2480 7442 2536 2481 7443 2527 2481 7444 2539 2481 7445 2538 2482 7446 2537 2482 7447 2536 2482 7448 2538 2483 7449 2536 2483 7450 2253 2483 7451 2540 2484 7452 2537 2484 7453 2538 2484 7454 2540 2485 7455 2542 2485 7456 2537 2485 7457 2537 2486 7458 2542 2486 7459 2541 2486 7460 2515 2487 7461 2542 2487 7462 2540 2487 7463 2542 2488 7464 2515 2488 7465 2524 2488 7466 2542 2489 7467 2524 2489 7468 2525 2489 7469 2527 2490 7470 2537 2490 7471 2541 2490 7472 2538 2491 7473 2515 2491 7474 2540 2491 7475 2536 2492 7476 2537 2492 7477 2527 2492 7478 2493 2493 7479 2525 2493 7480 2523 2493 7481 2516 2494 7482 2514 2494 7483 2522 2494 7484 2254 2495 7485 2514 2495 7486 2253 2495 7487 2254 2496 7488 2543 2496 7489 2514 2496 7490 2543 2497 7491 2254 2497 7492 2545 2497 7493 2545 2498 7494 2544 2498 7495 2543 2498 7496 2513 2499 7497 2544 2499 7498 2509 2499 7499 2544 2500 7500 2486 2500 7501 2509 2500 7502 2545 2501 7503 2485 2501 7504 2544 2501 7505 2545 2502 7506 2254 2502 7507 2479 2502 7508 2546 2503 7509 2479 2503 7510 2254 2503 7511 2545 2504 7512 2479 2504 7513 2485 2504 7514 2547 2505 7515 2546 2505 7516 2551 2505 7517 2547 2506 7518 2551 2506 7519 2548 2506 7520 2268 2507 7521 2267 2507 7522 2547 2507 7523 2547 2508 7524 2548 2508 7525 2268 2508 7526 2549 2509 7527 2260 2509 7528 2548 2509 7529 2550 2510 7530 2258 2510 7531 2549 2510 7532 2491 2511 7533 2549 2511 7534 2258 2511 7535 2260 2512 7536 2549 2512 7537 2491 2512 7538 2549 2513 7539 2551 2513 7540 2550 2513 7541 2548 2514 7542 2551 2514 7543 2549 2514 7544 2551 2515 7545 2546 2515 7546 2550 2515 7547 2546 2516 7548 2254 2516 7549 2255 2516 7550 2550 2517 7551 2546 2517 7552 2255 2517 7553 2258 2518 7554 2550 2518 7555 2257 2518 7556 2548 2519 7557 2260 2519 7558 2263 2519 7559 2263 2520 7560 2268 2520 7561 2548 2520 7562 2543 2521 7563 2522 2521 7564 2514 2521 7565 2520 2522 7566 2500 2522 7567 2499 2522 7568 2497 2523 7569 2552 2523 7570 2496 2523 7571 2503 2524 7572 2553 2524 7573 2504 2524 7574 2493 2525 7575 2494 2525 7576 2489 2525 7577 2260 2526 7578 2491 2526 7579 2261 2526 7580 2488 2527 7581 2553 2527 7582 2503 2527 7583 2553 2528 7584 2485 2528 7585 2490 2528 7586 2484 2529 7587 2490 2529 7588 2485 2529 7589 2261 2530 7590 2265 2530 7591 2262 2530 7592 2275 2531 7593 2274 2531 7594 2482 2531 7595 2476 2532 7596 2475 2532 7597 2481 2532 7598 2477 2533 7599 2476 2533 7600 2479 2533 7601 2270 2534 7602 2478 2534 7603 2267 2534 7604 2470 2535 7605 2276 2535 7606 2472 2535 7607 2278 2536 7608 2276 2536 7609 2470 2536 7610 2280 2537 7611 2279 2537 7612 2281 2537 7613 2262 2538 7614 2268 2538 7615 2263 2538 7616 2263 2539 7617 2261 2539 7618 2262 2539 7619 1071 2540 7620 968 2540 7621 969 2540 7622 970 2541 7623 974 2541 7624 969 2541 7625 974 2542 7626 1009 2542 7627 973 2542 7628 973 2543 7629 1009 2543 7630 972 2543 7631 971 2544 7632 970 2544 7633 975 2544 7634 1012 2545 7635 1010 2545 7636 975 2545 7637 1010 2546 7638 1012 2546 7639 977 2546 7640 1010 2547 7641 977 2547 7642 1011 2547 7643 1012 2548 7644 976 2548 7645 1013 2548 7646 1013 2549 7647 978 2549 7648 979 2549 7649 980 2550 7650 1014 2550 7651 978 2550 7652 1015 2551 7653 981 2551 7654 982 2551 7655 1014 2552 7656 981 2552 7657 1015 2552 7658 985 2553 7659 980 2553 7660 983 2553 7661 988 2554 7662 983 2554 7663 987 2554 7664 989 2555 7665 990 2555 7666 987 2555 7667 990 2556 7668 1016 2556 7669 1306 2556 7670 991 2557 7671 1017 2557 7672 989 2557 7673 1313 2558 7674 992 2558 7675 993 2558 7676 994 2559 7677 993 2559 7678 992 2559 7679 998 2560 7680 1318 2560 7681 994 2560 7682 1020 2561 7683 996 2561 7684 997 2561 7685 1318 2562 7686 996 2562 7687 1020 2562 7688 998 2563 7689 1004 2563 7690 1026 2563 7691 1004 2564 7692 1000 2564 7693 1003 2564 7694 1007 2565 7695 1005 2565 7696 1006 2565 7697 1000 2566 7698 1005 2566 7699 1007 2566 7700 1003 2567 7701 1000 2567 7702 1001 2567 7703 1003 2568 7704 1001 2568 7705 1002 2568 7706 1000 2569 7707 1004 2569 7708 1005 2569 7709 1005 2570 7710 1004 2570 7711 999 2570 7712 999 2571 7713 1004 2571 7714 998 2571 7715 996 2572 7716 1318 2572 7717 998 2572 7718 996 2573 7719 998 2573 7720 1026 2573 7721 994 2574 7722 1318 2574 7723 995 2574 7724 993 2575 7725 994 2575 7726 995 2575 7727 991 2576 7728 1313 2576 7729 1019 2576 7730 1313 2577 7731 991 2577 7732 992 2577 7733 991 2578 7734 1019 2578 7735 1018 2578 7736 1017 2579 7737 991 2579 7738 1310 2579 7739 1310 2580 7740 991 2580 7741 1018 2580 7742 1016 2581 7743 990 2581 7744 989 2581 7745 1016 2582 7746 989 2582 7747 1017 2582 7748 987 2583 7749 990 2583 7750 988 2583 7751 984 2584 7752 983 2584 7753 988 2584 7754 985 2585 7755 983 2585 7756 984 2585 7757 986 2586 7758 985 2586 7759 1144 2586 7760 980 2587 7761 985 2587 7762 986 2587 7763 980 2588 7764 986 2588 7765 981 2588 7766 981 2589 7767 1014 2589 7768 980 2589 7769 978 2590 7770 1014 2590 7771 979 2590 7772 1013 2591 7773 976 2591 7774 978 2591 7775 975 2592 7776 1010 2592 7777 1295 2592 7778 1012 2593 7779 975 2593 7780 976 2593 7781 971 2594 7782 975 2594 7783 1295 2594 7784 1009 2595 7785 974 2595 7786 970 2595 7787 1009 2596 7788 970 2596 7789 971 2596 7790 1071 2597 7791 969 2597 7792 974 2597 7793 1071 2598 7794 1008 2598 7795 968 2598 7796 1024 2599 7797 1023 2599 7798 1022 2599 7799 1008 2600 7800 1071 2600 7801 1344 2600 7802 1345 2601 7803 1067 2601 7804 1344 2601 7805 1033 2602 7806 1344 2602 7807 1245 2602 7808 1343 2603 7809 1025 2603 7810 1342 2603 7811 1065 2604 7812 1025 2604 7813 1062 2604 7814 1476 2605 7815 1736 2605 7816 1347 2605 7817 1738 2606 7818 1459 2606 7819 1732 2606 7820 1738 2607 7821 1460 2607 7822 1459 2607 7823 1460 2608 7824 1738 2608 7825 1740 2608 7826 1741 2609 7827 1643 2609 7828 1743 2609 7829 1746 2610 7830 1643 2610 7831 1744 2610 7832 1746 2611 7833 1748 2611 7834 1747 2611 7835 1746 2612 7836 1640 2612 7837 1748 2612 7838 1640 2613 7839 1746 2613 7840 1744 2613 7841 1746 2614 7842 1747 2614 7843 1745 2614 7844 1745 2615 7845 1747 2615 7846 1458 2615 7847 1458 2616 7848 1742 2616 7849 1745 2616 7850 1643 2617 7851 1746 2617 7852 1743 2617 7853 1743 2618 7854 1746 2618 7855 1745 2618 7856 1743 2619 7857 1745 2619 7858 1742 2619 7859 1741 2620 7860 1740 2620 7861 1739 2620 7862 1739 2621 7863 1476 2621 7864 1424 2621 7865 1476 2622 7866 1083 2622 7867 1425 2622 7868 1033 2623 7869 1081 2623 7870 1082 2623 7871 1134 2624 7872 1081 2624 7873 1245 2624 7874 1349 2625 7875 1083 2625 7876 1084 2625 7877 1475 2626 7878 1500 2626 7879 1424 2626 7880 1500 2627 7881 1625 2627 7882 1499 2627 7883 1475 2628 7884 1625 2628 7885 1500 2628 7886 1424 2629 7887 1500 2629 7888 1739 2629 7889 1424 2630 7890 1425 2630 7891 1475 2630 7892 1349 2631 7893 1475 2631 7894 1425 2631 7895 1081 2632 7896 1084 2632 7897 1083 2632 7898 1084 2633 7899 1134 2633 7900 1247 2633 7901 1134 2634 7902 1084 2634 7903 1081 2634 7904 1247 2635 7905 1134 2635 7906 1135 2635 7907 1083 2636 7908 1082 2636 7909 1081 2636 7910 1476 2637 7911 1347 2637 7912 1083 2637 7913 1349 2638 7914 1425 2638 7915 1083 2638 7916 1476 2639 7917 1425 2639 7918 1424 2639 7919 1743 2640 7920 1740 2640 7921 1741 2640 7922 1740 2641 7923 1743 2641 7924 1742 2641 7925 1740 2642 7926 1738 2642 7927 1739 2642 7928 1460 2643 7929 1740 2643 7930 1742 2643 7931 1460 2644 7932 1742 2644 7933 1458 2644 7934 1733 2645 7935 1732 2645 7936 1459 2645 7937 1732 2646 7938 1733 2646 7939 1734 2646 7940 1732 2647 7941 1734 2647 7942 1735 2647 7943 1736 2648 7944 1735 2648 7945 1737 2648 7946 1732 2649 7947 1735 2649 7948 1736 2649 7949 1738 2650 7950 1732 2650 7951 1739 2650 7952 1739 2651 7953 1732 2651 7954 1736 2651 7955 1476 2652 7956 1739 2652 7957 1736 2652 7958 1347 2653 7959 1736 2653 7960 1062 2653 7961 1083 2654 7962 1347 2654 7963 1082 2654 7964 1033 2655 7965 1082 2655 7966 1062 2655 7967 1062 2656 7968 1082 2656 7969 1347 2656 7970 1063 2657 7971 1025 2657 7972 1065 2657 7973 1025 2658 7974 1063 2658 7975 1064 2658 7976 1342 2659 7977 1025 2659 7978 1064 2659 7979 1025 2660 7980 1343 2660 7981 1070 2660 7982 1043 2661 7983 1025 2661 7984 1070 2661 7985 1008 2662 7986 1025 2662 7987 1043 2662 7988 1008 2663 7989 1344 2663 7990 1025 2663 7991 1025 2664 7992 1033 2664 7993 1062 2664 7994 1081 2665 7995 1033 2665 7996 1245 2665 7997 1067 2666 7998 1246 2666 7999 1066 2666 8000 1245 2667 8001 1067 2667 8002 1066 2667 8003 1344 2668 8004 1067 2668 8005 1245 2668 8006 1067 2669 8007 1286 2669 8008 1246 2669 8009 1067 2670 8010 1345 2670 8011 1286 2670 8012 1345 2671 8013 1071 2671 8014 1286 2671 8015 1344 2672 8016 1071 2672 8017 1345 2672 8018 1344 2673 8019 1033 2673 8020 1025 2673 8021 1058 2674 8022 1104 2674 8023 1094 2674 8024 1093 2675 8025 1265 2675 8026 1092 2675 8027 1265 2676 8028 1203 2676 8029 1122 2676 8030 1093 2677 8031 1203 2677 8032 1265 2677 8033 1058 2678 8034 1090 2678 8035 1089 2678 8036 1317 2679 8037 1315 2679 8038 995 2679 8039 1269 2680 8040 1314 2680 8041 1317 2680 8042 1312 2681 8043 1315 2681 8044 1314 2681 8045 1315 2682 8046 1313 2682 8047 993 2682 8048 1019 2683 8049 1312 2683 8050 1266 2683 8051 1312 2684 8052 1019 2684 8053 1313 2684 8054 1312 2685 8055 1313 2685 8056 1315 2685 8057 1314 2686 8058 1270 2686 8059 1312 2686 8060 1312 2687 8061 1270 2687 8062 1266 2687 8063 1270 2688 8064 1314 2688 8065 1269 2688 8066 1091 2689 8067 1269 2689 8068 1316 2689 8069 1269 2690 8070 1317 2690 8071 1316 2690 8072 1315 2691 8073 1317 2691 8074 1314 2691 8075 993 2692 8076 995 2692 8077 1315 2692 8078 1318 2693 8079 1020 2693 8080 1262 2693 8081 1316 2694 8082 995 2694 8083 1318 2694 8084 995 2695 8085 1316 2695 8086 1317 2695 8087 1091 2696 8088 1316 2696 8089 1262 2696 8090 1318 2697 8091 1262 2697 8092 1316 2697 8093 1090 2698 8094 1262 2698 8095 1035 2698 8096 1026 2699 8097 1324 2699 8098 996 2699 8099 1323 2700 8100 1026 2700 8101 1021 2700 8102 1320 2701 8103 1036 2701 8104 1319 2701 8105 1258 2702 8106 1319 2702 8107 1257 2702 8108 1319 2703 8109 1003 2703 8110 1002 2703 8111 1319 2704 8112 1002 2704 8113 1257 2704 8114 1036 2705 8115 1003 2705 8116 1319 2705 8117 1321 2706 8118 1258 2706 8119 1259 2706 8120 1259 2707 8121 1323 2707 8122 1321 2707 8123 1022 2708 8124 1322 2708 8125 1024 2708 8126 1323 2709 8127 1322 2709 8128 1321 2709 8129 1259 2710 8130 1088 2710 8131 1324 2710 8132 1118 2711 8133 1059 2711 8134 1259 2711 8135 1086 2712 8136 1118 2712 8137 1239 2712 8138 1118 2713 8139 1086 2713 8140 1059 2713 8141 1239 2714 8142 1118 2714 8143 1119 2714 8144 1259 2715 8145 1059 2715 8146 1088 2715 8147 1324 2716 8148 1323 2716 8149 1259 2716 8150 1319 2717 8151 1258 2717 8152 1320 2717 8153 1258 2718 8154 1321 2718 8155 1320 2718 8156 1003 2719 8157 1036 2719 8158 1004 2719 8159 1321 2720 8160 1322 2720 8161 1021 2720 8162 1021 2721 8163 1322 2721 8164 1022 2721 8165 1024 2722 8166 1322 2722 8167 1021 2722 8168 1021 2723 8169 1022 2723 8170 1023 2723 8171 1021 2724 8172 1023 2724 8173 1024 2724 8174 1021 2725 8175 1322 2725 8176 1323 2725 8177 1320 2726 8178 1321 2726 8179 1021 2726 8180 1320 2727 8181 1021 2727 8182 1036 2727 8183 1026 2728 8184 1004 2728 8185 1021 2728 8186 1021 2729 8187 1004 2729 8188 1036 2729 8189 1324 2730 8190 1026 2730 8191 1323 2730 8192 996 2731 8193 1035 2731 8194 997 2731 8195 1324 2732 8196 1035 2732 8197 996 2732 8198 1262 2733 8199 1090 2733 8200 1091 2733 8201 1090 2734 8202 1035 2734 8203 1088 2734 8204 1091 2735 8205 1090 2735 8206 1058 2735 8207 1269 2736 8208 1091 2736 8209 1092 2736 8210 1269 2737 8211 1092 2737 8212 1265 2737 8213 1093 2738 8214 1092 2738 8215 1094 2738 8216 1092 2739 8217 1091 2739 8218 1058 2739 8219 1094 2740 8220 1092 2740 8221 1058 2740 8222 1086 2741 8223 1087 2741 8224 1059 2741 8225 1058 2742 8226 1089 2742 8227 1104 2742 8228 1089 2743 8229 1087 2743 8230 1104 2743 8231 1059 2744 8232 1087 2744 8233 1089 2744 8234 1059 2745 8235 1089 2745 8236 1088 2745 8237 1089 2746 8238 1090 2746 8239 1088 2746 8240 1324 2747 8241 1088 2747 8242 1035 2747 8243 1028 2748 8244 1298 2748 8245 1297 2748 8246 1296 2749 8247 1280 2749 8248 1298 2749 8249 1037 2750 8250 1280 2750 8251 1281 2750 8252 971 2751 8253 1297 2751 8254 1299 2751 8255 1078 2752 8256 1077 2752 8257 1076 2752 8258 1012 2753 8259 1277 2753 8260 977 2753 8261 1013 2754 8262 979 2754 8263 1304 2754 8264 1274 2755 8265 1277 2755 8266 1305 2755 8267 1076 2756 8268 1077 2756 8269 1277 2756 8270 1142 2757 8271 1187 2757 8272 1076 2757 8273 1187 2758 8274 1103 2758 8275 1076 2758 8276 1187 2759 8277 1142 2759 8278 1255 2759 8279 1255 2760 8280 1142 2760 8281 1143 2760 8282 1142 2761 8283 1076 2761 8284 1274 2761 8285 1277 2762 8286 1274 2762 8287 1076 2762 8288 1305 2763 8289 1276 2763 8290 1274 2763 8291 1276 2764 8292 1301 2764 8293 1273 2764 8294 1303 2765 8295 1068 2765 8296 1301 2765 8297 1275 2766 8298 1301 2766 8299 1300 2766 8300 1273 2767 8301 1301 2767 8302 1275 2767 8303 1015 2768 8304 1300 2768 8305 1014 2768 8306 1300 2769 8307 1015 2769 8308 1275 2769 8309 1014 2770 8310 1300 2770 8311 1068 2770 8312 1068 2771 8313 1300 2771 8314 1301 2771 8315 1068 2772 8316 1303 2772 8317 1302 2772 8318 1301 2773 8319 1276 2773 8320 1303 2773 8321 1276 2774 8322 1305 2774 8323 1303 2774 8324 1303 2775 8325 1305 2775 8326 1304 2775 8327 1303 2776 8328 1304 2776 8329 1302 2776 8330 1304 2777 8331 1305 2777 8332 1277 2777 8333 1304 2778 8334 979 2778 8335 1302 2778 8336 1302 2779 8337 979 2779 8338 1068 2779 8339 1068 2780 8340 979 2780 8341 1014 2780 8342 1277 2781 8343 1013 2781 8344 1304 2781 8345 1013 2782 8346 1277 2782 8347 1012 2782 8348 1076 2783 8349 1103 2783 8350 1078 2783 8351 1078 2784 8352 1103 2784 8353 1080 2784 8354 1078 2785 8355 1080 2785 8356 1079 2785 8357 1080 2786 8358 1252 2786 8359 1129 2786 8360 1079 2787 8361 1129 2787 8362 1279 2787 8363 1129 2788 8364 1252 2788 8365 1128 2788 8366 1080 2789 8367 1129 2789 8368 1079 2789 8369 1027 2790 8370 1079 2790 8371 1279 2790 8372 1079 2791 8373 1027 2791 8374 1278 2791 8375 1079 2792 8376 1278 2792 8377 1061 2792 8378 1061 2793 8379 1277 2793 8380 1077 2793 8381 1078 2794 8382 1079 2794 8383 1061 2794 8384 1077 2795 8385 1078 2795 8386 1061 2795 8387 1278 2796 8388 1010 2796 8389 1011 2796 8390 1278 2797 8391 1027 2797 8392 1010 2797 8393 1010 2798 8394 1027 2798 8395 1295 2798 8396 971 2799 8397 1299 2799 8398 1009 2799 8399 1037 2800 8400 972 2800 8401 1009 2800 8402 972 2801 8403 1037 2801 8404 1282 2801 8405 1037 2802 8406 1009 2802 8407 1299 2802 8408 1282 2803 8409 1037 2803 8410 1281 2803 8411 1280 2804 8412 1296 2804 8413 1279 2804 8414 1280 2805 8415 1037 2805 8416 1298 2805 8417 1298 2806 8418 1037 2806 8419 1299 2806 8420 1298 2807 8421 1028 2807 8422 1296 2807 8423 1298 2808 8424 1299 2808 8425 1297 2808 8426 971 2809 8427 1295 2809 8428 1028 2809 8429 971 2810 8430 1028 2810 8431 1297 2810 8432 1279 2811 8433 1296 2811 8434 1027 2811 8435 1295 2812 8436 1027 2812 8437 1028 2812 8438 1027 2813 8439 1296 2813 8440 1028 2813 8441 1355 2814 8442 1029 2814 8443 1055 2814 8444 1758 2815 8445 1353 2815 8446 1779 2815 8447 1758 2816 8448 1760 2816 8449 1761 2816 8450 1563 2817 8451 1565 2817 8452 1601 2817 8453 1631 2818 8454 1603 2818 8455 1565 2818 8456 1474 2819 8457 1355 2819 8458 1085 2819 8459 1188 2820 8460 1085 2820 8461 1355 2820 8462 1189 2821 8463 1240 2821 8464 1188 2821 8465 1240 2822 8466 1228 2822 8467 1244 2822 8468 1005 2823 8469 1229 2823 8470 1233 2823 8471 1192 2824 8472 1228 2824 8473 1189 2824 8474 1191 2825 8475 1055 2825 8476 1029 2825 8477 1190 2826 8478 1188 2826 8479 1055 2826 8480 1190 2827 8481 1055 2827 8482 1191 2827 8483 1191 2828 8484 1029 2828 8485 1352 2828 8486 1761 2829 8487 1357 2829 8488 1353 2829 8489 1760 2830 8490 1397 2830 8491 1761 2830 8492 1601 2831 8493 1396 2831 8494 1397 2831 8495 1491 2832 8496 1764 2832 8497 1396 2832 8498 1393 2833 8499 1764 2833 8500 1394 2833 8501 1568 2834 8502 1766 2834 8503 1765 2834 8504 1571 2835 8505 1767 2835 8506 1766 2835 8507 1573 2836 8508 1768 2836 8509 1767 2836 8510 1573 2837 8511 1769 2837 8512 1768 2837 8513 1545 2838 8514 1770 2838 8515 1769 2838 8516 1546 2839 8517 1771 2839 8518 1770 2839 8519 1598 2840 8520 1772 2840 8521 1546 2840 8522 1557 2841 8523 1774 2841 8524 1598 2841 8525 1555 2842 8526 1775 2842 8527 1557 2842 8528 1558 2843 8529 1776 2843 8530 1775 2843 8531 1762 2844 8532 1776 2844 8533 1558 2844 8534 1611 2845 8535 1617 2845 8536 1618 2845 8537 1584 2846 8538 1624 2846 8539 1562 2846 8540 1618 2847 8541 1624 2847 8542 1626 2847 8543 1625 2848 8544 1580 2848 8545 1629 2848 8546 1629 2849 8547 1616 2849 8548 1628 2849 8549 1688 2850 8550 1625 2850 8551 1475 2850 8552 1084 2851 8553 1287 2851 8554 1354 2851 8555 1247 2852 8556 1215 2852 8557 1287 2852 8558 1173 2853 8559 1038 2853 8560 1039 2853 8561 970 2854 8562 1105 2854 8563 1177 2854 8564 1178 2855 8565 1179 2855 8566 1177 2855 8567 1185 2856 8568 1050 2856 8569 1031 2856 8570 1184 2857 8571 1052 2857 8572 1180 2857 8573 1178 2858 8574 1174 2858 8575 1202 2858 8576 1202 2859 8577 1174 2859 8578 1054 2859 8579 1202 2860 8580 1052 2860 8581 1051 2860 8582 1202 2861 8583 1051 2861 8584 1053 2861 8585 1221 2862 8586 1031 2862 8587 1187 2862 8588 1103 2863 8589 1187 2863 8590 1054 2863 8591 1174 2864 8592 1080 2864 8593 1054 2864 8594 1174 2865 8595 1252 2865 8596 1080 2865 8597 1174 2866 8598 1176 2866 8599 1175 2866 8600 1108 2867 8601 1251 2867 8602 1109 2867 8603 1109 2868 8604 1251 2868 8605 1250 2868 8606 1253 2869 8607 1251 2869 8608 1108 2869 8609 1249 2870 8610 1253 2870 8611 1254 2870 8612 1253 2871 8613 1249 2871 8614 1251 2871 8615 1250 2872 8616 1251 2872 8617 1249 2872 8618 1250 2873 8619 1249 2873 8620 1175 2873 8621 1176 2874 8622 1177 2874 8623 1175 2874 8624 1249 2875 8625 1252 2875 8626 1175 2875 8627 1252 2876 8628 1249 2876 8629 1254 2876 8630 1174 2877 8631 1175 2877 8632 1252 2877 8633 1054 2878 8634 1080 2878 8635 1103 2878 8636 1221 2879 8637 1235 2879 8638 1217 2879 8639 1217 2880 8640 1236 2880 8641 1222 2880 8642 1237 2881 8643 1224 2881 8644 1236 2881 8645 1151 2882 8646 1218 2882 8647 1223 2882 8648 1153 2883 8649 1218 2883 8650 1151 2883 8651 1151 2884 8652 1234 2884 8653 1150 2884 8654 1150 2885 8655 1234 2885 8656 1101 2885 8657 1097 2886 8658 1194 2886 8659 1102 2886 8660 1194 2887 8661 1204 2887 8662 1161 2887 8663 989 2888 8664 1157 2888 8665 1160 2888 8666 1046 2889 8667 1158 2889 8668 1159 2889 8669 1155 2890 8670 1159 2890 8671 1156 2890 8672 1220 2891 8673 1221 2891 8674 1217 2891 8675 976 2892 8676 1183 2892 8677 1184 2892 8678 976 2893 8679 1184 2893 8680 1181 2893 8681 976 2894 8682 1181 2894 8683 978 2894 8684 978 2895 8685 1220 2895 8686 980 2895 8687 978 2896 8688 1181 2896 8689 1220 2896 8690 1220 2897 8691 1181 2897 8692 1186 2897 8693 1186 2898 8694 1221 2898 8695 1220 2898 8696 1220 2899 8697 1217 2899 8698 1222 2899 8699 980 2900 8700 1220 2900 8701 1216 2900 8702 1216 2901 8703 1220 2901 8704 1222 2901 8705 980 2902 8706 1216 2902 8707 983 2902 8708 983 2903 8709 1159 2903 8710 987 2903 8711 1216 2904 8712 1218 2904 8713 1153 2904 8714 1152 2905 8715 1289 2905 8716 1155 2905 8717 1291 2906 8718 1290 2906 8719 1289 2906 8720 1046 2907 8721 1201 2907 8722 1047 2907 8723 1196 2908 8724 1047 2908 8725 1201 2908 8726 1196 2909 8727 1201 2909 8728 1194 2909 8729 1290 2910 8730 1291 2910 8731 1195 2910 8732 1047 2911 8733 1196 2911 8734 1049 2911 8735 1049 2912 8736 1157 2912 8737 1045 2912 8738 1045 2913 8739 1158 2913 8740 1046 2913 8741 1158 2914 8742 1045 2914 8743 1157 2914 8744 1045 2915 8745 1047 2915 8746 1049 2915 8747 1045 2916 8748 1046 2916 8749 1047 2916 8750 1288 2917 8751 1046 2917 8752 1048 2917 8753 1048 2918 8754 1155 2918 8755 1288 2918 8756 1290 2919 8757 1201 2919 8758 1046 2919 8759 1290 2920 8760 1046 2920 8761 1288 2920 8762 1289 2921 8763 1290 2921 8764 1288 2921 8765 1289 2922 8766 1152 2922 8767 1291 2922 8768 1151 2923 8769 1154 2923 8770 1153 2923 8771 1291 2924 8772 1152 2924 8773 1154 2924 8774 1288 2925 8775 1155 2925 8776 1289 2925 8777 1154 2926 8778 1156 2926 8779 1153 2926 8780 1156 2927 8781 1154 2927 8782 1152 2927 8783 983 2928 8784 1216 2928 8785 1156 2928 8786 1156 2929 8787 1216 2929 8788 1153 2929 8789 983 2930 8790 1156 2930 8791 1159 2930 8792 1152 2931 8793 1155 2931 8794 1156 2931 8795 1155 2932 8796 1048 2932 8797 1159 2932 8798 1046 2933 8799 1159 2933 8800 1048 2933 8801 987 2934 8802 1159 2934 8803 1158 2934 8804 1160 2935 8805 1157 2935 8806 1049 2935 8807 1161 2936 8808 1049 2936 8809 1196 2936 8810 1161 2937 8811 1196 2937 8812 1194 2937 8813 1161 2938 8814 1160 2938 8815 1049 2938 8816 987 2939 8817 1158 2939 8818 1157 2939 8819 987 2940 8820 1157 2940 8821 989 2940 8822 1206 2941 8823 1160 2941 8824 1161 2941 8825 989 2942 8826 1160 2942 8827 1206 2942 8828 989 2943 8829 1206 2943 8830 991 2943 8831 1203 2944 8832 1163 2944 8833 1211 2944 8834 1164 2945 8835 1209 2945 8836 1163 2945 8837 992 2946 8838 1164 2946 8839 994 2946 8840 994 2947 8841 1167 2947 8842 1165 2947 8843 1163 2948 8844 1293 2948 8845 1164 2948 8846 1198 2949 8847 1199 2949 8848 1171 2949 8849 1232 2950 8850 1226 2950 8851 1170 2950 8852 1232 2951 8853 1230 2951 8854 1226 2951 8855 1229 2952 8856 1230 2952 8857 1227 2952 8858 1168 2953 8859 1169 2953 8860 1170 2953 8861 1200 2954 8862 1030 2954 8863 1292 2954 8864 1030 2955 8865 1044 2955 8866 1292 2955 8867 1030 2956 8868 1198 2956 8869 1044 2956 8870 1199 2957 8871 1198 2957 8872 1030 2957 8873 1164 2958 8874 1200 2958 8875 1167 2958 8876 1167 2959 8877 1200 2959 8878 1292 2959 8879 1167 2960 8880 1292 2960 8881 1165 2960 8882 1165 2961 8883 1292 2961 8884 1044 2961 8885 1044 2962 8886 1166 2962 8887 1165 2962 8888 1165 2963 8889 1166 2963 8890 1168 2963 8891 998 2964 8892 1165 2964 8893 1168 2964 8894 998 2965 8895 1168 2965 8896 1170 2965 8897 998 2966 8898 1170 2966 8899 999 2966 8900 999 2967 8901 1170 2967 8902 1226 2967 8903 999 2968 8904 1226 2968 8905 1229 2968 8906 1226 2969 8907 1230 2969 8908 1229 2969 8909 1227 2970 8910 1242 2970 8911 1225 2970 8912 1227 2971 8913 1225 2971 8914 1229 2971 8915 1227 2972 8916 1241 2972 8917 1242 2972 8918 1241 2973 8919 1227 2973 8920 1230 2973 8921 1232 2974 8922 1239 2974 8923 1241 2974 8924 1239 2975 8925 1171 2975 8926 1086 2975 8927 1104 2976 8928 1171 2976 8929 1197 2976 8930 1162 2977 8931 1094 2977 8932 1104 2977 8933 1293 2978 8934 1162 2978 8935 1199 2978 8936 1162 2979 8937 1104 2979 8938 1197 2979 8939 1086 2980 8940 1171 2980 8941 1104 2980 8942 1086 2981 8943 1104 2981 8944 1087 2981 8945 1232 2982 8946 1241 2982 8947 1230 2982 8948 1171 2983 8949 1239 2983 8950 1170 2983 8951 1170 2984 8952 1239 2984 8953 1232 2984 8954 1170 2985 8955 1169 2985 8956 1171 2985 8957 1169 2986 8958 1044 2986 8959 1198 2986 8960 1166 2987 8961 1044 2987 8962 1169 2987 8963 1168 2988 8964 1166 2988 8965 1169 2988 8966 1169 2989 8967 1198 2989 8968 1171 2989 8969 1199 2990 8970 1030 2990 8971 1293 2990 8972 1200 2991 8973 1164 2991 8974 1030 2991 8975 1164 2992 8976 1293 2992 8977 1030 2992 8978 994 2993 8979 1165 2993 8980 998 2993 8981 994 2994 8982 1164 2994 8983 1167 2994 8984 1209 2995 8985 1211 2995 8986 1163 2995 8987 1293 2996 8988 1163 2996 8989 1162 2996 8990 1094 2997 8991 1162 2997 8992 1203 2997 8993 1203 2998 8994 1162 2998 8995 1163 2998 8996 1094 2999 8997 1203 2999 8998 1093 2999 8999 1208 3000 9000 1211 3000 9001 1207 3000 9002 1207 3001 9003 1211 3001 9004 1209 3001 9005 992 3002 9006 1209 3002 9007 1164 3002 9008 1203 3003 9009 1211 3003 9010 1213 3003 9011 1213 3004 9012 1211 3004 9013 1208 3004 9014 991 3005 9015 1209 3005 9016 992 3005 9017 991 3006 9018 1206 3006 9019 1209 3006 9020 1206 3007 9021 1207 3007 9022 1209 3007 9023 1208 3008 9024 1207 3008 9025 1210 3008 9026 1206 3009 9027 1210 3009 9028 1207 3009 9029 1213 3010 9030 1208 3010 9031 1212 3010 9032 1212 3011 9033 1208 3011 9034 1210 3011 9035 1206 3012 9036 1205 3012 9037 1210 3012 9038 1161 3013 9039 1205 3013 9040 1206 3013 9041 1205 3014 9042 1212 3014 9043 1210 3014 9044 1204 3015 9045 1212 3015 9046 1205 3015 9047 1161 3016 9048 1204 3016 9049 1205 3016 9050 1194 3017 9051 1097 3017 9052 1204 3017 9053 1204 3018 9054 1097 3018 9055 1096 3018 9056 1102 3019 9057 1194 3019 9058 1195 3019 9059 1150 3020 9060 1101 3020 9061 1102 3020 9062 1150 3021 9063 1102 3021 9064 1195 3021 9065 1154 3022 9066 1150 3022 9067 1291 3022 9068 1154 3023 9069 1151 3023 9070 1150 3023 9071 1234 3024 9072 1151 3024 9073 1223 3024 9074 1234 3025 9075 1223 3025 9076 1238 3025 9077 1223 3026 9078 1218 3026 9079 1219 3026 9080 1216 3027 9081 1219 3027 9082 1218 3027 9083 1216 3028 9084 1224 3028 9085 1219 3028 9086 1216 3029 9087 1222 3029 9088 1224 3029 9089 1223 3030 9090 1237 3030 9091 1238 3030 9092 1237 3031 9093 1223 3031 9094 1219 3031 9095 1237 3032 9096 1219 3032 9097 1224 3032 9098 1236 3033 9099 1224 3033 9100 1222 3033 9101 1217 3034 9102 1235 3034 9103 1236 3034 9104 1187 3035 9105 1255 3035 9106 1221 3035 9107 1221 3036 9108 1255 3036 9109 1235 3036 9110 1221 3037 9111 1186 3037 9112 1185 3037 9113 1185 3038 9114 1031 3038 9115 1221 3038 9116 1202 3039 9117 1054 3039 9118 1052 3039 9119 1052 3040 9120 1054 3040 9121 1050 3040 9122 1050 3041 9123 1054 3041 9124 1031 3041 9125 1176 3042 9126 1174 3042 9127 1178 3042 9128 1053 3043 9129 1179 3043 9130 1178 3043 9131 1053 3044 9132 1178 3044 9133 1202 3044 9134 1053 3045 9135 1183 3045 9136 1179 3045 9137 1183 3046 9138 1053 3046 9139 1051 3046 9140 1180 3047 9141 1052 3047 9142 1050 3047 9143 1180 3048 9144 1050 3048 9145 1185 3048 9146 1180 3049 9147 1186 3049 9148 1181 3049 9149 1186 3050 9150 1180 3050 9151 1185 3050 9152 1184 3051 9153 1180 3051 9154 1181 3051 9155 1183 3052 9156 1051 3052 9157 1184 3052 9158 1184 3053 9159 1051 3053 9160 1052 3053 9161 1182 3054 9162 1179 3054 9163 1183 3054 9164 1176 3055 9165 1178 3055 9166 1177 3055 9167 1179 3056 9168 1182 3056 9169 1177 3056 9170 975 3057 9171 1177 3057 9172 1182 3057 9173 975 3058 9174 1182 3058 9175 1183 3058 9176 975 3059 9177 1183 3059 9178 976 3059 9179 1177 3060 9180 1250 3060 9181 1175 3060 9182 970 3061 9183 1177 3061 9184 975 3061 9185 1177 3062 9186 1105 3062 9187 1250 3062 9188 1250 3063 9189 1105 3063 9190 1109 3063 9191 969 3064 9192 1105 3064 9193 970 3064 9194 968 3065 9195 1105 3065 9196 969 3065 9197 1038 3066 9198 1105 3066 9199 968 3066 9200 1105 3067 9201 1038 3067 9202 1106 3067 9203 1173 3068 9204 1039 3068 9205 1294 3068 9206 1346 3069 9207 1294 3069 9208 1356 3069 9209 1778 3070 9210 1763 3070 9211 1356 3070 9212 1351 3071 9213 1780 3071 9214 1362 3071 9215 1362 3072 9216 1370 3072 9217 1354 3072 9218 1417 3073 9219 1688 3073 9220 1370 3073 9221 1780 3074 9222 1585 3074 9223 1370 3074 9224 1370 3075 9225 1585 3075 9226 1417 3075 9227 1780 3076 9228 1351 3076 9229 1585 3076 9230 1417 3077 9231 1585 3077 9232 1763 3077 9233 1762 3078 9234 1417 3078 9235 1763 3078 9236 1417 3079 9237 1762 3079 9238 1580 3079 9239 1354 3080 9240 1370 3080 9241 1688 3080 9242 1287 3081 9243 1172 3081 9244 1032 3081 9245 1172 3082 9246 1287 3082 9247 1215 3082 9248 1346 3083 9249 1350 3083 9250 1173 3083 9251 1361 3084 9252 1346 3084 9253 1362 3084 9254 1350 3085 9255 1032 3085 9256 1172 3085 9257 1361 3086 9258 1362 3086 9259 1032 3086 9260 1032 3087 9261 1350 3087 9262 1361 3087 9263 1350 3088 9264 1346 3088 9265 1361 3088 9266 1350 3089 9267 1172 3089 9268 1173 3089 9269 1215 3090 9270 1173 3090 9271 1172 3090 9272 1354 3091 9273 1287 3091 9274 1032 3091 9275 1370 3092 9276 1362 3092 9277 1780 3092 9278 1354 3093 9279 1032 3093 9280 1362 3093 9281 1346 3094 9282 1351 3094 9283 1362 3094 9284 1585 3095 9285 1351 3095 9286 1763 3095 9287 1777 3096 9288 1763 3096 9289 1778 3096 9290 1356 3097 9291 1763 3097 9292 1351 3097 9293 1346 3098 9294 1356 3098 9295 1351 3098 9296 1173 3099 9297 1294 3099 9298 1346 3099 9299 1106 3100 9300 1038 3100 9301 1173 3100 9302 1106 3101 9303 1173 3101 9304 1215 3101 9305 1106 3102 9306 1215 3102 9307 1214 3102 9308 1215 3103 9309 1248 3103 9310 1214 3103 9311 1215 3104 9312 1247 3104 9313 1248 3104 9314 1247 3105 9315 1287 3105 9316 1084 3105 9317 1084 3106 9318 1354 3106 9319 1349 3106 9320 1688 3107 9321 1475 3107 9322 1349 3107 9323 1688 3108 9324 1349 3108 9325 1354 3108 9326 1580 3109 9327 1625 3109 9328 1688 3109 9329 1417 3110 9330 1580 3110 9331 1688 3110 9332 1629 3111 9333 1580 3111 9334 1616 3111 9335 1762 3112 9336 1616 3112 9337 1580 3112 9338 1615 3113 9339 1616 3113 9340 1762 3113 9341 1628 3114 9342 1616 3114 9343 1615 3114 9344 1613 3115 9345 1627 3115 9346 1628 3115 9347 1613 3116 9348 1628 3116 9349 1615 3116 9350 1612 3117 9351 1613 3117 9352 1615 3117 9353 1614 3118 9354 1627 3118 9355 1613 3118 9356 1612 3119 9357 1614 3119 9358 1613 3119 9359 1618 3120 9360 1627 3120 9361 1614 3120 9362 1618 3121 9363 1614 3121 9364 1611 3121 9365 1618 3122 9366 1626 3122 9367 1627 3122 9368 1624 3123 9369 1584 3123 9370 1477 3123 9371 1552 3124 9372 1483 3124 9373 1477 3124 9374 1483 3125 9375 1592 3125 9376 1482 3125 9377 1595 3126 9378 1551 3126 9379 1553 3126 9380 1554 3127 9381 1598 3127 9382 1553 3127 9383 1596 3128 9384 1595 3128 9385 1597 3128 9386 1598 3129 9387 1597 3129 9388 1595 3129 9389 1549 3130 9390 1685 3130 9391 1583 3130 9392 1549 3131 9393 1407 3131 9394 1685 3131 9395 1547 3132 9396 1408 3132 9397 1544 3132 9398 1408 3133 9399 1547 3133 9400 1589 3133 9401 1540 3134 9402 1547 3134 9403 1543 3134 9404 1545 3135 9405 1541 3135 9406 1543 3135 9407 1545 3136 9408 1610 3136 9409 1541 3136 9410 1577 3137 9411 1607 3137 9412 1605 3137 9413 1607 3138 9414 1579 3138 9415 1620 3138 9416 1576 3139 9417 1578 3139 9418 1577 3139 9419 1372 3140 9420 1415 3140 9421 1578 3140 9422 1413 3141 9423 1570 3141 9424 1571 3141 9425 1413 3142 9426 1409 3142 9427 1570 3142 9428 1575 3143 9429 1410 3143 9430 1372 3143 9431 1574 3144 9432 1591 3144 9433 1411 3144 9434 1634 3145 9435 1567 3145 9436 1568 3145 9437 1416 3146 9438 1566 3146 9439 1470 3146 9440 1463 3147 9441 1578 3147 9442 1415 3147 9443 1463 3148 9444 1415 3148 9445 1490 3148 9446 1416 3149 9447 1567 3149 9448 1566 3149 9449 1567 3150 9450 1590 3150 9451 1572 3150 9452 1572 3151 9453 1590 3151 9454 1591 3151 9455 1566 3152 9456 1567 3152 9457 1634 3152 9458 1416 3153 9459 1470 3153 9460 1490 3153 9461 1416 3154 9462 1490 3154 9463 1415 3154 9464 1636 3155 9465 1637 3155 9466 1566 3155 9467 1637 3156 9468 1635 3156 9469 1496 3156 9470 1497 3157 9471 1633 3157 9472 1491 3157 9473 1633 3158 9474 1636 3158 9475 1632 3158 9476 1633 3159 9477 1635 3159 9478 1636 3159 9479 1497 3160 9480 1635 3160 9481 1633 3160 9482 1496 3161 9483 1635 3161 9484 1497 3161 9485 1637 3162 9486 1636 3162 9487 1635 3162 9488 1566 3163 9489 1634 3163 9490 1636 3163 9491 1632 3164 9492 1636 3164 9493 1634 3164 9494 1567 3165 9495 1572 3165 9496 1568 3165 9497 1568 3166 9498 1572 3166 9499 1569 3166 9500 1591 3167 9501 1574 3167 9502 1572 3167 9503 1572 3168 9504 1574 3168 9505 1569 3168 9506 1413 3169 9507 1411 3169 9508 1409 3169 9509 1411 3170 9510 1413 3170 9511 1574 3170 9512 1570 3171 9513 1409 3171 9514 1410 3171 9515 1570 3172 9516 1410 3172 9517 1575 3172 9518 1569 3173 9519 1574 3173 9520 1413 3173 9521 1569 3174 9522 1413 3174 9523 1571 3174 9524 1570 3175 9525 1575 3175 9526 1571 3175 9527 1576 3176 9528 1575 3176 9529 1372 3176 9530 1578 3177 9531 1576 3177 9532 1372 3177 9533 1591 3178 9534 1410 3178 9535 1411 3178 9536 1411 3179 9537 1410 3179 9538 1409 3179 9539 1590 3180 9540 1567 3180 9541 1416 3180 9542 1590 3181 9543 1415 3181 9544 1591 3181 9545 1591 3182 9546 1415 3182 9547 1410 3182 9548 1410 3183 9549 1415 3183 9550 1372 3183 9551 1577 3184 9552 1578 3184 9553 1579 3184 9554 1463 3185 9555 1579 3185 9556 1578 3185 9557 1607 3186 9558 1621 3186 9559 1604 3186 9560 1622 3187 9561 1604 3187 9562 1621 3187 9563 1608 3188 9564 1623 3188 9565 1610 3188 9566 1606 3189 9567 1604 3189 9568 1609 3189 9569 1605 3190 9570 1604 3190 9571 1606 3190 9572 1622 3191 9573 1609 3191 9574 1604 3191 9575 1608 3192 9576 1622 3192 9577 1623 3192 9578 1622 3193 9579 1608 3193 9580 1609 3193 9581 1607 3194 9582 1620 3194 9583 1621 3194 9584 1577 3195 9585 1579 3195 9586 1607 3195 9587 1605 3196 9588 1607 3196 9589 1604 3196 9590 1606 3197 9591 1609 3197 9592 1608 3197 9593 1606 3198 9594 1608 3198 9595 1545 3198 9596 1545 3199 9597 1608 3199 9598 1610 3199 9599 1541 3200 9600 1619 3200 9601 1582 3200 9602 1484 3201 9603 1583 3201 9604 1489 3201 9605 1583 3202 9606 1593 3202 9607 1549 3202 9608 1549 3203 9609 1594 3203 9610 1548 3203 9611 1594 3204 9612 1599 3204 9613 1597 3204 9614 1593 3205 9615 1599 3205 9616 1594 3205 9617 1549 3206 9618 1593 3206 9619 1594 3206 9620 1583 3207 9621 1484 3207 9622 1593 3207 9623 1489 3208 9624 1583 3208 9625 1581 3208 9626 1582 3209 9627 1489 3209 9628 1581 3209 9629 1542 3210 9630 1686 3210 9631 1540 3210 9632 1406 3211 9633 1684 3211 9634 1407 3211 9635 1685 3212 9636 1407 3212 9637 1684 3212 9638 1685 3213 9639 1684 3213 9640 1583 3213 9641 1588 3214 9642 1406 3214 9643 1408 3214 9644 1581 3215 9645 1684 3215 9646 1406 3215 9647 1581 3216 9648 1406 3216 9649 1588 3216 9650 1582 3217 9651 1581 3217 9652 1686 3217 9653 1588 3218 9654 1686 3218 9655 1581 3218 9656 1589 3219 9657 1540 3219 9658 1588 3219 9659 1540 3220 9660 1686 3220 9661 1588 3220 9662 1686 3221 9663 1542 3221 9664 1541 3221 9665 1686 3222 9666 1541 3222 9667 1582 3222 9668 1582 3223 9669 1619 3223 9670 1489 3223 9671 1619 3224 9672 1541 3224 9673 1610 3224 9674 1619 3225 9675 1610 3225 9676 1623 3225 9677 1542 3226 9678 1543 3226 9679 1541 3226 9680 1543 3227 9681 1542 3227 9682 1540 3227 9683 1540 3228 9684 1589 3228 9685 1547 3228 9686 1589 3229 9687 1588 3229 9688 1408 3229 9689 1406 3230 9690 1544 3230 9691 1408 3230 9692 1544 3231 9693 1406 3231 9694 1414 3231 9695 1406 3232 9696 1407 3232 9697 1414 3232 9698 1414 3233 9699 1407 3233 9700 1549 3233 9701 1549 3234 9702 1548 3234 9703 1414 3234 9704 1414 3235 9705 1548 3235 9706 1546 3235 9707 1546 3236 9708 1544 3236 9709 1414 3236 9710 1598 3237 9711 1546 3237 9712 1548 3237 9713 1548 3238 9714 1594 3238 9715 1598 3238 9716 1598 3239 9717 1594 3239 9718 1597 3239 9719 1600 3240 9720 1597 3240 9721 1599 3240 9722 1597 3241 9723 1600 3241 9724 1596 3241 9725 1600 3242 9726 1592 3242 9727 1596 3242 9728 1557 3243 9729 1598 3243 9730 1559 3243 9731 1586 3244 9732 1552 3244 9733 1584 3244 9734 1561 3245 9735 1405 3245 9736 1586 3245 9737 1555 3246 9738 1405 3246 9739 1556 3246 9740 1560 3247 9741 1555 3247 9742 1557 3247 9743 1559 3248 9744 1587 3248 9745 1560 3248 9746 1560 3249 9747 1587 3249 9748 1687 3249 9749 1560 3250 9750 1687 3250 9751 1555 3250 9752 1555 3251 9753 1687 3251 9754 1405 3251 9755 1587 3252 9756 1371 3252 9757 1687 3252 9758 1371 3253 9759 1405 3253 9760 1687 3253 9761 1552 3254 9762 1586 3254 9763 1371 3254 9764 1371 3255 9765 1586 3255 9766 1405 3255 9767 1556 3256 9768 1405 3256 9769 1561 3256 9770 1561 3257 9771 1586 3257 9772 1562 3257 9773 1562 3258 9774 1586 3258 9775 1584 3258 9776 1551 3259 9777 1552 3259 9778 1550 3259 9779 1587 3260 9780 1559 3260 9781 1550 3260 9782 1587 3261 9783 1550 3261 9784 1371 3261 9785 1550 3262 9786 1552 3262 9787 1371 3262 9788 1550 3263 9789 1553 3263 9790 1551 3263 9791 1554 3264 9792 1553 3264 9793 1550 3264 9794 1550 3265 9795 1559 3265 9796 1554 3265 9797 1559 3266 9798 1560 3266 9799 1557 3266 9800 1559 3267 9801 1598 3267 9802 1554 3267 9803 1598 3268 9804 1595 3268 9805 1553 3268 9806 1592 3269 9807 1551 3269 9808 1596 3269 9809 1596 3270 9810 1551 3270 9811 1595 3270 9812 1483 3271 9813 1552 3271 9814 1592 3271 9815 1592 3272 9816 1552 3272 9817 1551 3272 9818 1552 3273 9819 1477 3273 9820 1584 3273 9821 1617 3274 9822 1561 3274 9823 1562 3274 9824 1562 3275 9825 1624 3275 9826 1617 3275 9827 1617 3276 9828 1624 3276 9829 1618 3276 9830 1612 3277 9831 1611 3277 9832 1614 3277 9833 1611 3278 9834 1558 3278 9835 1617 3278 9836 1558 3279 9837 1561 3279 9838 1617 3279 9839 1561 3280 9840 1558 3280 9841 1556 3280 9842 1777 3281 9843 1762 3281 9844 1763 3281 9845 1762 3282 9846 1558 3282 9847 1611 3282 9848 1762 3283 9849 1611 3283 9850 1612 3283 9851 1762 3284 9852 1612 3284 9853 1615 3284 9854 1776 3285 9855 1762 3285 9856 1777 3285 9857 1558 3286 9858 1555 3286 9859 1556 3286 9860 1558 3287 9861 1775 3287 9862 1555 3287 9863 1557 3288 9864 1775 3288 9865 1774 3288 9866 1598 3289 9867 1774 3289 9868 1773 3289 9869 1598 3290 9870 1773 3290 9871 1772 3290 9872 1546 3291 9873 1772 3291 9874 1771 3291 9875 1546 3292 9876 1547 3292 9877 1544 3292 9878 1546 3293 9879 1770 3293 9880 1547 3293 9881 1547 3294 9882 1770 3294 9883 1543 3294 9884 1543 3295 9885 1770 3295 9886 1545 3295 9887 1545 3296 9888 1605 3296 9889 1606 3296 9890 1545 3297 9891 1769 3297 9892 1573 3297 9893 1545 3298 9894 1573 3298 9895 1605 3298 9896 1605 3299 9897 1573 3299 9898 1577 3299 9899 1573 3300 9900 1575 3300 9901 1576 3300 9902 1573 3301 9903 1576 3301 9904 1577 3301 9905 1573 3302 9906 1767 3302 9907 1571 3302 9908 1571 3303 9909 1575 3303 9910 1573 3303 9911 1571 3304 9912 1766 3304 9913 1569 3304 9914 1569 3305 9915 1766 3305 9916 1568 3305 9917 1568 3306 9918 1491 3306 9919 1633 3306 9920 1568 3307 9921 1633 3307 9922 1632 3307 9923 1568 3308 9924 1632 3308 9925 1634 3308 9926 1568 3309 9927 1765 3309 9928 1491 3309 9929 1491 3310 9930 1765 3310 9931 1764 3310 9932 1396 3311 9933 1764 3311 9934 1393 3311 9935 1491 3312 9936 1396 3312 9937 1493 3312 9938 1493 3313 9939 1396 3313 9940 1495 3313 9941 1601 3314 9942 1603 3314 9943 1602 3314 9944 1603 3315 9945 1631 3315 9946 1602 3315 9947 1602 3316 9948 1631 3316 9949 1494 3316 9950 1602 3317 9951 1494 3317 9952 1495 3317 9953 1563 3318 9954 1759 3318 9955 1683 3318 9956 1565 3319 9957 1563 3319 9958 1683 3319 9959 1760 3320 9960 1563 3320 9961 1601 3320 9962 1495 3321 9963 1601 3321 9964 1602 3321 9965 1495 3322 9966 1396 3322 9967 1601 3322 9968 1601 3323 9969 1397 3323 9970 1760 3323 9971 1761 3324 9972 1397 3324 9973 1400 3324 9974 1761 3325 9975 1400 3325 9976 1357 3325 9977 1006 3326 9978 1193 3326 9979 1352 3326 9980 1006 3327 9981 1352 3327 9982 1357 3327 9983 1357 3328 9984 1352 3328 9985 1353 3328 9986 1191 3329 9987 1352 3329 9988 1193 3329 9989 1190 3330 9990 1191 3330 9991 1193 3330 9992 1193 3331 9993 1189 3331 9994 1190 3331 9995 1190 3332 9996 1189 3332 9997 1188 3332 9998 1192 3333 9999 1189 3333 10000 1193 3333 10001 1006 3334 10002 1192 3334 10003 1193 3334 10004 1233 3335 10005 1228 3335 10006 1192 3335 10007 999 3336 10008 1229 3336 10009 1005 3336 10010 1005 3337 10011 1233 3337 10012 1192 3337 10013 1005 3338 10014 1192 3338 10015 1006 3338 10016 1229 3339 10017 1225 3339 10018 1233 3339 10019 1225 3340 10020 1242 3340 10021 1243 3340 10022 1225 3341 10023 1243 3341 10024 1231 3341 10025 1233 3342 10026 1225 3342 10027 1231 3342 10028 1233 3343 10029 1231 3343 10030 1228 3343 10031 1231 3344 10032 1244 3344 10033 1228 3344 10034 1244 3345 10035 1231 3345 10036 1243 3345 10037 1240 3346 10038 1189 3346 10039 1228 3346 10040 1188 3347 10041 1240 3347 10042 1085 3347 10043 1474 3348 10044 1565 3348 10045 1355 3348 10046 1631 3349 10047 1565 3349 10048 1474 3349 10049 1603 3350 10050 1601 3350 10051 1565 3350 10052 1564 3351 10053 1758 3351 10054 1759 3351 10055 1564 3352 10056 1759 3352 10057 1563 3352 10058 1563 3353 10059 1760 3353 10060 1564 3353 10061 1564 3354 10062 1760 3354 10063 1758 3354 10064 1353 3355 10065 1758 3355 10066 1761 3355 10067 1352 3356 10068 1029 3356 10069 1779 3356 10070 1352 3357 10071 1779 3357 10072 1353 3357 10073 1759 3358 10074 1758 3358 10075 1779 3358 10076 1355 3359 10077 1683 3359 10078 1759 3359 10079 1355 3360 10080 1759 3360 10081 1779 3360 10082 1779 3361 10083 1029 3361 10084 1355 3361 10085 1355 3362 10086 1055 3362 10087 1188 3362 10088 1139 3363 10089 1140 3363 10090 982 3363 10091 1139 3364 10092 982 3364 10093 981 3364 10094 1034 3365 10095 1139 3365 10096 981 3365 10097 1034 3366 10098 981 3366 10099 986 3366 10100 1008 3367 10101 1038 3367 10102 968 3367 10103 1040 3368 10104 1039 3368 10105 1038 3368 10106 1039 3369 10107 1040 3369 10108 1042 3369 10109 1294 3370 10110 1039 3370 10111 1042 3370 10112 1042 3371 10113 1040 3371 10114 1041 3371 10115 1040 3372 10116 1038 3372 10117 1008 3372 10118 1040 3373 10119 1043 3373 10120 1041 3373 10121 1040 3374 10122 1008 3374 10123 1043 3374 10124 990 3375 10125 1306 3375 10126 1272 3375 10127 1271 3376 10128 1272 3376 10129 1099 3376 10130 1311 3377 10131 1308 3377 10132 1309 3377 10133 1309 3378 10134 1072 3378 10135 1017 3378 10136 1309 3379 10137 1017 3379 10138 1310 3379 10139 1268 3380 10140 1311 3380 10141 1267 3380 10142 1267 3381 10143 1311 3381 10144 1018 3381 10145 1311 3382 10146 1310 3382 10147 1018 3382 10148 1017 3383 10149 1072 3383 10150 1016 3383 10151 1072 3384 10152 1307 3384 10153 1306 3384 10154 1309 3385 10155 1307 3385 10156 1072 3385 10157 1310 3386 10158 1311 3386 10159 1309 3386 10160 1268 3387 10161 1308 3387 10162 1311 3387 10163 1307 3388 10164 1309 3388 10165 1308 3388 10166 1264 3389 10167 1307 3389 10168 1308 3389 10169 1264 3390 10170 1308 3390 10171 1268 3390 10172 1263 3391 10173 1307 3391 10174 1264 3391 10175 1263 3392 10176 1306 3392 10177 1307 3392 10178 1095 3393 10179 1263 3393 10180 1264 3393 10181 1125 3394 10182 1095 3394 10183 1264 3394 10184 1204 3395 10185 1096 3395 10186 1125 3395 10187 1125 3396 10188 1096 3396 10189 1095 3396 10190 1204 3397 10191 1125 3397 10192 1126 3397 10193 1098 3398 10194 1263 3398 10195 1095 3398 10196 1095 3399 10197 1097 3399 10198 1098 3399 10199 1096 3400 10200 1097 3400 10201 1095 3400 10202 1100 3401 10203 1097 3401 10204 1102 3401 10205 1102 3402 10206 1101 3402 10207 1057 3402 10208 1145 3403 10209 1057 3403 10210 1101 3403 10211 1057 3404 10212 1149 3404 10213 1271 3404 10214 1057 3405 10215 1271 3405 10216 1100 3405 10217 1146 3406 10218 1148 3406 10219 1145 3406 10220 1147 3407 10221 1148 3407 10222 1056 3407 10223 1146 3408 10224 1238 3408 10225 1237 3408 10226 1145 3409 10227 1234 3409 10228 1238 3409 10229 1034 3410 10230 1237 3410 10231 1236 3410 10232 1138 3411 10233 1236 3411 10234 1235 3411 10235 1143 3412 10236 1235 3412 10237 1255 3412 10238 1138 3413 10239 1235 3413 10240 1143 3413 10241 1034 3414 10242 1236 3414 10243 1138 3414 10244 1056 3415 10245 986 3415 10246 1144 3415 10247 1147 3416 10248 1144 3416 10249 985 3416 10250 1056 3417 10251 1144 3417 10252 1147 3417 10253 1056 3418 10254 1034 3418 10255 986 3418 10256 1146 3419 10257 1237 3419 10258 1056 3419 10259 1056 3420 10260 1237 3420 10261 1034 3420 10262 1056 3421 10263 1148 3421 10264 1146 3421 10265 1145 3422 10266 1238 3422 10267 1146 3422 10268 1149 3423 10269 1145 3423 10270 1148 3423 10271 1145 3424 10272 1149 3424 10273 1057 3424 10274 1145 3425 10275 1101 3425 10276 1234 3425 10277 1102 3426 10278 1057 3426 10279 1100 3426 10280 1097 3427 10281 1100 3427 10282 1099 3427 10283 1097 3428 10284 1099 3428 10285 1098 3428 10286 1271 3429 10287 1099 3429 10288 1100 3429 10289 1099 3430 10290 1272 3430 10291 1098 3430 10292 1306 3431 10293 1016 3431 10294 1072 3431 10295 1272 3432 10296 1306 3432 10297 1263 3432 10298 1098 3433 10299 1272 3433 10300 1263 3433 10301 1054 3434 10302 1187 3434 10303 1031 3434 10304 1214 3435 10305 1107 3435 10306 1106 3435 10307 1107 3436 10308 1214 3436 10309 1248 3436 10310 1136 3437 10311 1107 3437 10312 1133 3437 10313 1133 3438 10314 1107 3438 10315 1135 3438 10316 1133 3439 10317 1135 3439 10318 1134 3439 10319 1106 3440 10320 1136 3440 10321 1105 3440 10322 1105 3441 10323 1136 3441 10324 1285 3441 10325 1131 3442 10326 1285 3442 10327 1132 3442 10328 1127 3443 10329 1132 3443 10330 1130 3443 10331 1128 3444 10332 1130 3444 10333 1129 3444 10334 1127 3445 10335 1130 3445 10336 1128 3445 10337 1131 3446 10338 1132 3446 10339 1127 3446 10340 1105 3447 10341 1285 3447 10342 1131 3447 10343 1105 3448 10344 1131 3448 10345 1108 3448 10346 1105 3449 10347 1108 3449 10348 1109 3449 10349 1136 3450 10350 1106 3450 10351 1107 3450 10352 1060 3451 10353 1283 3451 10354 1284 3451 10355 1256 3452 10356 1335 3452 10357 1283 3452 10358 1338 3453 10359 1075 3453 10360 1337 3453 10361 1340 3454 10362 1000 3454 10363 1074 3454 10364 1000 3455 10365 1075 3455 10366 1074 3455 10367 1075 3456 10368 1007 3456 10369 1073 3456 10370 1336 3457 10371 1335 3457 10372 1073 3457 10373 1325 3458 10374 1329 3458 10375 1284 3458 10376 1329 3459 10377 1332 3459 10378 1330 3459 10379 1325 3460 10380 1332 3460 10381 1329 3460 10382 1332 3461 10383 1325 3461 10384 1328 3461 10385 1325 3462 10386 1327 3462 10387 1331 3462 10388 1325 3463 10389 1331 3463 10390 1328 3463 10391 1325 3464 10392 1284 3464 10393 1334 3464 10394 1327 3465 10395 1334 3465 10396 1326 3465 10397 1325 3466 10398 1334 3466 10399 1327 3466 10400 1326 3467 10401 1334 3467 10402 1333 3467 10403 1335 3468 10404 1336 3468 10405 1334 3468 10406 1334 3469 10407 1336 3469 10408 1333 3469 10409 1073 3470 10410 1335 3470 10411 1075 3470 10412 1007 3471 10413 1075 3471 10414 1000 3471 10415 1340 3472 10416 1001 3472 10417 1000 3472 10418 1001 3473 10419 1340 3473 10420 1261 3473 10421 1339 3474 10422 1260 3474 10423 1261 3474 10424 1261 3475 10425 1340 3475 10426 1339 3475 10427 1340 3476 10428 1074 3476 10429 1339 3476 10430 1260 3477 10431 1339 3477 10432 1338 3477 10433 1338 3478 10434 1339 3478 10435 1074 3478 10436 1338 3479 10437 1074 3479 10438 1075 3479 10439 1260 3480 10440 1337 3480 10441 1256 3480 10442 1337 3481 10443 1260 3481 10444 1338 3481 10445 1337 3482 10446 1335 3482 10447 1256 3482 10448 1335 3483 10449 1337 3483 10450 1075 3483 10451 1334 3484 10452 1283 3484 10453 1335 3484 10454 1334 3485 10455 1284 3485 10456 1283 3485 10457 1431 3486 10458 1348 3486 10459 1359 3486 10460 1443 3487 10461 1431 3487 10462 1373 3487 10463 1403 3488 10464 1443 3488 10465 1440 3488 10466 1753 3489 10467 1444 3489 10468 1754 3489 10469 1444 3490 10470 1402 3490 10471 1404 3490 10472 1445 3491 10473 1404 3491 10474 1441 3491 10475 1441 3492 10476 1442 3492 10477 1751 3492 10478 1749 3493 10479 1751 3493 10480 1442 3493 10481 1752 3494 10482 1672 3494 10483 1524 3494 10484 1672 3495 10485 1752 3495 10486 1671 3495 10487 1752 3496 10488 1750 3496 10489 1671 3496 10490 1751 3497 10491 1750 3497 10492 1752 3497 10493 1751 3498 10494 1749 3498 10495 1750 3498 10496 1441 3499 10497 1404 3499 10498 1442 3499 10499 1444 3500 10500 1404 3500 10501 1445 3500 10502 1473 3501 10503 1753 3501 10504 1432 3501 10505 1443 3502 10506 1753 3502 10507 1473 3502 10508 1472 3503 10509 1431 3503 10510 1473 3503 10511 1474 3504 10512 1471 3504 10513 1473 3504 10514 1474 3505 10515 1522 3505 10516 1631 3505 10517 1522 3506 10518 1474 3506 10519 1473 3506 10520 1631 3507 10521 1522 3507 10522 1523 3507 10523 1471 3508 10524 1472 3508 10525 1473 3508 10526 1443 3509 10527 1473 3509 10528 1431 3509 10529 1432 3510 10530 1753 3510 10531 1433 3510 10532 1433 3511 10533 1630 3511 10534 1432 3511 10535 1754 3512 10536 1433 3512 10537 1753 3512 10538 1433 3513 10539 1680 3513 10540 1630 3513 10541 1433 3514 10542 1754 3514 10543 1680 3514 10544 1680 3515 10545 1754 3515 10546 1689 3515 10547 1754 3516 10548 1444 3516 10549 1689 3516 10550 1402 3517 10551 1444 3517 10552 1403 3517 10553 1403 3518 10554 1444 3518 10555 1753 3518 10556 1403 3519 10557 1753 3519 10558 1443 3519 10559 1440 3520 10560 1443 3520 10561 1373 3520 10562 1373 3521 10563 1755 3521 10564 1440 3521 10565 1373 3522 10566 1756 3522 10567 1755 3522 10568 1756 3523 10569 1373 3523 10570 1757 3523 10571 1757 3524 10572 1373 3524 10573 1428 3524 10574 1373 3525 10575 1427 3525 10576 1428 3525 10577 1427 3526 10578 1429 3526 10579 1430 3526 10580 1373 3527 10581 1429 3527 10582 1427 3527 10583 1373 3528 10584 1431 3528 10585 1429 3528 10586 1060 3529 10587 1284 3529 10588 1348 3529 10589 1348 3530 10590 1284 3530 10591 1359 3530 10592 1431 3531 10593 1472 3531 10594 1348 3531 10595 1348 3532 10596 1472 3532 10597 1471 3532 10598 1471 3533 10599 1085 3533 10600 1348 3533 10601 1085 3534 10602 1471 3534 10603 1474 3534 10604 1085 3535 10605 1112 3535 10606 1060 3535 10607 1112 3536 10608 1240 3536 10609 1111 3536 10610 1085 3537 10611 1240 3537 10612 1112 3537 10613 1060 3538 10614 1112 3538 10615 1283 3538 10616 1085 3539 10617 1060 3539 10618 1348 3539 10619 973 3540 10620 1341 3540 10621 974 3540 10622 1137 3541 10623 1341 3541 10624 973 3541 10625 974 3542 10626 1341 3542 10627 1069 3542 10628 1110 3543 10629 1113 3543 10630 1111 3543 10631 1113 3544 10632 1115 3544 10633 1114 3544 10634 1114 3545 10635 1115 3545 10636 1117 3545 10637 1116 3546 10638 1117 3546 10639 1119 3546 10640 1116 3547 10641 1119 3547 10642 1118 3547 10643 1114 3548 10644 1117 3548 10645 1116 3548 10646 1111 3549 10647 1113 3549 10648 1112 3549 10649 1113 3550 10650 1110 3550 10651 1115 3550 10652 1120 3551 10653 1122 3551 10654 1121 3551 10655 1124 3552 10656 1121 3552 10657 1123 3552 10658 1125 3553 10659 1123 3553 10660 1126 3553 10661 1125 3554 10662 1124 3554 10663 1123 3554 10664 1124 3555 10665 1120 3555 10666 1121 3555 10667 1120 3556 10668 1265 3556 10669 1122 3556 10670 1137 3557 10671 1069 3557 10672 1341 3557 10673 1132 3558 10674 1069 3558 10675 1137 3558 10676 1140 3559 10677 1138 3559 10678 1141 3559 10679 1138 3560 10680 1139 3560 10681 1034 3560 10682 1141 3561 10683 1138 3561 10684 1143 3561 10685 1141 3562 10686 1143 3562 10687 1142 3562 10688 1139 3563 10689 1138 3563 10690 1140 3563 10691 1201 3564 10692 1195 3564 10693 1194 3564 10694 1195 3565 10695 1201 3565 10696 1290 3565 10697 1195 3566 10698 1291 3566 10699 1150 3566 10700 1197 3567 10701 1199 3567 10702 1162 3567 10703 1199 3568 10704 1197 3568 10705 1171 3568 10706 1123 3569 10707 1204 3569 10708 1126 3569 10709 1123 3570 10710 1213 3570 10711 1212 3570 10712 1213 3571 10713 1121 3571 10714 1203 3571 10715 1203 3572 10716 1121 3572 10717 1122 3572 10718 1213 3573 10719 1123 3573 10720 1121 3573 10721 1123 3574 10722 1212 3574 10723 1204 3574 10724 1244 3575 10725 1111 3575 10726 1240 3575 10727 1243 3576 10728 1110 3576 10729 1244 3576 10730 1242 3577 10731 1115 3577 10732 1243 3577 10733 1241 3578 10734 1117 3578 10735 1242 3578 10736 1241 3579 10737 1119 3579 10738 1117 3579 10739 1119 3580 10740 1241 3580 10741 1239 3580 10742 1242 3581 10743 1117 3581 10744 1115 3581 10745 1243 3582 10746 1115 3582 10747 1110 3582 10748 1244 3583 10749 1110 3583 10750 1111 3583 10751 1133 3584 10752 1066 3584 10753 1246 3584 10754 1134 3585 10755 1245 3585 10756 1066 3585 10757 1134 3586 10758 1066 3586 10759 1133 3586 10760 1135 3587 10761 1107 3587 10762 1248 3587 10763 1135 3588 10764 1248 3588 10765 1247 3588 10766 1254 3589 10767 1128 3589 10768 1252 3589 10769 1253 3590 10770 1127 3590 10771 1254 3590 10772 1108 3591 10773 1131 3591 10774 1253 3591 10775 1253 3592 10776 1131 3592 10777 1127 3592 10778 1254 3593 10779 1127 3593 10780 1128 3593 10781 1261 3594 10782 1002 3594 10783 1001 3594 10784 1261 3595 10785 1114 3595 10786 1257 3595 10787 1260 3596 10788 1113 3596 10789 1261 3596 10790 1112 3597 10791 1256 3597 10792 1283 3597 10793 1113 3598 10794 1256 3598 10795 1112 3598 10796 1256 3599 10797 1113 3599 10798 1260 3599 10799 1261 3600 10800 1113 3600 10801 1114 3600 10802 1257 3601 10803 1114 3601 10804 1116 3601 10805 1258 3602 10806 1116 3602 10807 1259 3602 10808 1259 3603 10809 1116 3603 10810 1118 3603 10811 1257 3604 10812 1116 3604 10813 1258 3604 10814 1261 3605 10815 1257 3605 10816 1002 3605 10817 1035 3606 10818 1262 3606 10819 1020 3606 10820 1035 3607 10821 1020 3607 10822 997 3607 10823 1266 3608 10824 1120 3608 10825 1124 3608 10826 1267 3609 10827 1124 3609 10828 1268 3609 10829 1268 3610 10830 1124 3610 10831 1264 3610 10832 1264 3611 10833 1124 3611 10834 1125 3611 10835 1266 3612 10836 1124 3612 10837 1267 3612 10838 1266 3613 10839 1267 3613 10840 1019 3613 10841 1019 3614 10842 1267 3614 10843 1018 3614 10844 1120 3615 10845 1266 3615 10846 1270 3615 10847 1120 3616 10848 1270 3616 10849 1269 3616 10850 1120 3617 10851 1269 3617 10852 1265 3617 10853 985 3618 10854 1148 3618 10855 1147 3618 10856 984 3619 10857 1271 3619 10858 1148 3619 10859 1272 3620 10860 988 3620 10861 990 3620 10862 1271 3621 10863 988 3621 10864 1272 3621 10865 1271 3622 10866 984 3622 10867 988 3622 10868 1148 3623 10869 1271 3623 10870 1149 3623 10871 984 3624 10872 1148 3624 10873 985 3624 10874 982 3625 10875 1275 3625 10876 1015 3625 10877 1141 3626 10878 1273 3626 10879 1140 3626 10880 1141 3627 10881 1274 3627 10882 1276 3627 10883 1141 3628 10884 1276 3628 10885 1273 3628 10886 1274 3629 10887 1141 3629 10888 1142 3629 10889 1140 3630 10890 1273 3630 10891 1275 3630 10892 1140 3631 10893 1275 3631 10894 982 3631 10895 1061 3632 10896 977 3632 10897 1277 3632 10898 1061 3633 10899 1278 3633 10900 1011 3633 10901 1061 3634 10902 1011 3634 10903 977 3634 10904 1137 3635 10905 1130 3635 10906 1132 3635 10907 1130 3636 10908 1281 3636 10909 1280 3636 10910 1130 3637 10911 1280 3637 10912 1279 3637 10913 1130 3638 10914 1279 3638 10915 1129 3638 10916 1137 3639 10917 1281 3639 10918 1130 3639 10919 1281 3640 10920 1137 3640 10921 1282 3640 10922 1282 3641 10923 973 3641 10924 972 3641 10925 1282 3642 10926 1137 3642 10927 973 3642 10928 1285 3643 10929 1136 3643 10930 974 3643 10931 1246 3644 10932 1136 3644 10933 1133 3644 10934 1136 3645 10935 1246 3645 10936 1286 3645 10937 1132 3646 10938 1285 3646 10939 1069 3646 10940 1069 3647 10941 1285 3647 10942 974 3647 10943 1286 3648 10944 1071 3648 10945 1136 3648 10946 974 3649 10947 1136 3649 10948 1071 3649 10949 1355 3650 10950 1565 3650 10951 1683 3650 10952 1062 3651 10953 1358 3651 10954 1065 3651 10955 1062 3652 10956 1736 3652 10957 1358 3652 10958 1358 3653 10959 1736 3653 10960 1737 3653 10961 1359 3654 10962 1330 3654 10963 1360 3654 10964 1431 3655 10965 1359 3655 10966 1429 3655 10967 1429 3656 10968 1359 3656 10969 1430 3656 10970 1430 3657 10971 1359 3657 10972 1360 3657 10973 1359 3658 10974 1284 3658 10975 1329 3658 10976 1359 3659 10977 1329 3659 10978 1330 3659 10979 1365 3660 10980 1364 3660 10981 1366 3660 10982 1478 3661 10983 1479 3661 10984 1677 3661 10985 1483 3662 10986 1482 3662 10987 1422 3662 10988 1482 3663 10989 1511 3663 10990 1481 3663 10991 1511 3664 10992 1592 3664 10993 1510 3664 10994 1482 3665 10995 1592 3665 10996 1511 3665 10997 1481 3666 10998 1511 3666 10999 1717 3666 11000 1718 3667 11001 1717 3667 11002 1716 3667 11003 1718 3668 11004 1453 3668 11005 1722 3668 11006 1450 3669 11007 1454 3669 11008 1453 3669 11009 1453 3670 11010 1454 3670 11011 1451 3670 11012 1721 3671 11013 1722 3671 11014 1451 3671 11015 1646 3672 11016 1724 3672 11017 1644 3672 11018 1720 3673 11019 1723 3673 11020 1724 3673 11021 1720 3674 11022 1724 3674 11023 1646 3674 11024 1379 3675 11025 1730 3675 11026 1378 3675 11027 1379 3676 11028 1731 3676 11029 1730 3676 11030 1378 3677 11031 1730 3677 11032 1377 3677 11033 1731 3678 11034 1379 3678 11035 1645 3678 11036 1378 3679 11037 1377 3679 11038 1368 3679 11039 1457 3680 11040 1455 3680 11041 1368 3680 11042 1729 3681 11043 1455 3681 11044 1363 3681 11045 1456 3682 11046 1727 3682 11047 1363 3682 11048 1456 3683 11049 1728 3683 11050 1727 3683 11051 1506 3684 11052 1477 3684 11053 1639 3684 11054 1477 3685 11055 1506 3685 11056 1624 3685 11057 1624 3686 11058 1506 3686 11059 1507 3686 11060 1639 3687 11061 1477 3687 11062 1677 3687 11063 1728 3688 11064 1677 3688 11065 1729 3688 11066 1677 3689 11067 1728 3689 11068 1639 3689 11069 1728 3690 11070 1642 3690 11071 1639 3690 11072 1642 3691 11073 1382 3691 11074 1641 3691 11075 1726 3692 11076 1725 3692 11077 1382 3692 11078 1381 3693 11079 1725 3693 11080 1380 3693 11081 1382 3694 11082 1638 3694 11083 1641 3694 11084 1638 3695 11085 1382 3695 11086 1381 3695 11087 1725 3696 11088 1381 3696 11089 1382 3696 11090 1456 3697 11091 1383 3697 11092 1725 3697 11093 1380 3698 11094 1725 3698 11095 1383 3698 11096 1725 3699 11097 1726 3699 11098 1456 3699 11099 1382 3700 11100 1642 3700 11101 1726 3700 11102 1642 3701 11103 1728 3701 11104 1726 3701 11105 1726 3702 11106 1728 3702 11107 1456 3702 11108 1727 3703 11109 1728 3703 11110 1729 3703 11111 1366 3704 11112 1727 3704 11113 1365 3704 11114 1365 3705 11115 1727 3705 11116 1364 3705 11117 1363 3706 11118 1727 3706 11119 1366 3706 11120 1364 3707 11121 1727 3707 11122 1363 3707 11123 1363 3708 11124 1366 3708 11125 1364 3708 11126 1364 3709 11127 1363 3709 11128 1367 3709 11129 1363 3710 11130 1364 3710 11131 1367 3710 11132 1363 3711 11133 1727 3711 11134 1729 3711 11135 1455 3712 11136 1457 3712 11137 1363 3712 11138 1363 3713 11139 1457 3713 11140 1456 3713 11141 1456 3714 11142 1457 3714 11143 1383 3714 11144 1729 3715 11145 1368 3715 11146 1455 3715 11147 1729 3716 11148 1378 3716 11149 1368 3716 11150 1646 3717 11151 1480 3717 11152 1423 3717 11153 1480 3718 11154 1379 3718 11155 1479 3718 11156 1479 3719 11157 1478 3719 11158 1480 3719 11159 1480 3720 11160 1646 3720 11161 1379 3720 11162 1719 3721 11163 1720 3721 11164 1646 3721 11165 1719 3722 11166 1722 3722 11167 1720 3722 11168 1720 3723 11169 1721 3723 11170 1723 3723 11171 1720 3724 11172 1722 3724 11173 1721 3724 11174 1718 3725 11175 1449 3725 11176 1450 3725 11177 1716 3726 11178 1715 3726 11179 1449 3726 11180 1449 3727 11181 1712 3727 11182 1452 3727 11183 1712 3728 11184 1449 3728 11185 1713 3728 11186 1713 3729 11187 1714 3729 11188 1650 3729 11189 1714 3730 11190 1713 3730 11191 1449 3730 11192 1449 3731 11193 1715 3731 11194 1714 3731 11195 1714 3732 11196 1715 3732 11197 1649 3732 11198 1716 3733 11199 1449 3733 11200 1718 3733 11201 1450 3734 11202 1452 3734 11203 1454 3734 11204 1452 3735 11205 1450 3735 11206 1449 3735 11207 1722 3736 11208 1453 3736 11209 1451 3736 11210 1722 3737 11211 1719 3737 11212 1718 3737 11213 1718 3738 11214 1450 3738 11215 1453 3738 11216 1715 3739 11217 1653 3739 11218 1649 3739 11219 1653 3740 11220 1715 3740 11221 1716 3740 11222 1653 3741 11223 1716 3741 11224 1717 3741 11225 1719 3742 11226 1717 3742 11227 1718 3742 11228 1423 3743 11229 1719 3743 11230 1646 3743 11231 1422 3744 11232 1480 3744 11233 1478 3744 11234 1423 3745 11235 1480 3745 11236 1422 3745 11237 1422 3746 11238 1481 3746 11239 1423 3746 11240 1719 3747 11241 1423 3747 11242 1481 3747 11243 1719 3748 11244 1481 3748 11245 1717 3748 11246 1422 3749 11247 1482 3749 11248 1481 3749 11249 1422 3750 11250 1478 3750 11251 1483 3750 11252 1483 3751 11253 1478 3751 11254 1477 3751 11255 1677 3752 11256 1477 3752 11257 1478 3752 11258 1479 3753 11259 1729 3753 11260 1677 3753 11261 1729 3754 11262 1479 3754 11263 1379 3754 11264 1729 3755 11265 1379 3755 11266 1378 3755 11267 1692 3756 11268 1690 3756 11269 1691 3756 11270 1691 3757 11271 1675 3757 11272 1692 3757 11273 1693 3758 11274 1675 3758 11275 1676 3758 11276 1386 3759 11277 1690 3759 11278 1387 3759 11279 1462 3760 11280 1690 3760 11281 1386 3760 11282 1690 3761 11283 1462 3761 11284 1461 3761 11285 1690 3762 11286 1461 3762 11287 1388 3762 11288 1369 3763 11289 1388 3763 11290 1665 3763 11291 1665 3764 11292 1391 3764 11293 1392 3764 11294 1665 3765 11295 1390 3765 11296 1391 3765 11297 1388 3766 11298 1390 3766 11299 1665 3766 11300 1390 3767 11301 1388 3767 11302 1389 3767 11303 1467 3768 11304 1665 3768 11305 1666 3768 11306 1469 3769 11307 1426 3769 11308 1467 3769 11309 1490 3770 11310 1466 3770 11311 1463 3770 11312 1490 3771 11313 1470 3771 11314 1469 3771 11315 1470 3772 11316 1518 3772 11317 1468 3772 11318 1518 3773 11319 1566 3773 11320 1517 3773 11321 1470 3774 11322 1566 3774 11323 1518 3774 11324 1468 3775 11325 1518 3775 11326 1673 3775 11327 1468 3776 11328 1673 3776 11329 1369 3776 11330 1369 3777 11331 1426 3777 11332 1468 3777 11333 1468 3778 11334 1426 3778 11335 1469 3778 11336 1469 3779 11337 1470 3779 11338 1468 3779 11339 1529 3780 11340 1463 3780 11341 1678 3780 11342 1678 3781 11343 1464 3781 11344 1666 3781 11345 1666 3782 11346 1464 3782 11347 1465 3782 11348 1700 3783 11349 1666 3783 11350 1664 3783 11351 1697 3784 11352 1700 3784 11353 1699 3784 11354 1697 3785 11355 1699 3785 11356 1698 3785 11357 1697 3786 11358 1666 3786 11359 1700 3786 11360 1697 3787 11361 1678 3787 11362 1666 3787 11363 1697 3788 11364 1698 3788 11365 1667 3788 11366 1667 3789 11367 1670 3789 11368 1668 3789 11369 1669 3790 11370 1696 3790 11371 1668 3790 11372 1661 3791 11373 1696 3791 11374 1695 3791 11375 1678 3792 11376 1696 3792 11377 1661 3792 11378 1695 3793 11379 1660 3793 11380 1661 3793 11381 1660 3794 11382 1438 3794 11383 1659 3794 11384 1694 3795 11385 1439 3795 11386 1438 3795 11387 1434 3796 11388 1438 3796 11389 1436 3796 11390 1438 3797 11391 1435 3797 11392 1659 3797 11393 1435 3798 11394 1438 3798 11395 1434 3798 11396 1436 3799 11397 1438 3799 11398 1439 3799 11399 1669 3800 11400 1437 3800 11401 1439 3800 11402 1436 3801 11403 1439 3801 11404 1437 3801 11405 1439 3802 11406 1694 3802 11407 1669 3802 11408 1438 3803 11409 1660 3803 11410 1694 3803 11411 1660 3804 11412 1695 3804 11413 1694 3804 11414 1694 3805 11415 1695 3805 11416 1669 3805 11417 1695 3806 11418 1696 3806 11419 1669 3806 11420 1668 3807 11421 1670 3807 11422 1669 3807 11423 1669 3808 11424 1670 3808 11425 1437 3808 11426 1668 3809 11427 1697 3809 11428 1667 3809 11429 1678 3810 11430 1697 3810 11431 1668 3810 11432 1668 3811 11433 1696 3811 11434 1678 3811 11435 1579 3812 11436 1529 3812 11437 1530 3812 11438 1678 3813 11439 1463 3813 11440 1464 3813 11441 1463 3814 11442 1529 3814 11443 1579 3814 11444 1466 3815 11445 1464 3815 11446 1463 3815 11447 1465 3816 11448 1464 3816 11449 1466 3816 11450 1465 3817 11451 1469 3817 11452 1467 3817 11453 1469 3818 11454 1465 3818 11455 1466 3818 11456 1466 3819 11457 1490 3819 11458 1469 3819 11459 1426 3820 11460 1369 3820 11461 1665 3820 11462 1426 3821 11463 1665 3821 11464 1467 3821 11465 1467 3822 11466 1666 3822 11467 1465 3822 11468 1369 3823 11469 1691 3823 11470 1690 3823 11471 1690 3824 11472 1388 3824 11473 1369 3824 11474 1389 3825 11475 1388 3825 11476 1461 3825 11477 1693 3826 11478 1384 3826 11479 1385 3826 11480 1693 3827 11481 1674 3827 11482 1384 3827 11483 1674 3828 11484 1693 3828 11485 1676 3828 11486 1693 3829 11487 1385 3829 11488 1387 3829 11489 1387 3830 11490 1385 3830 11491 1386 3830 11492 1675 3831 11493 1691 3831 11494 1673 3831 11495 1675 3832 11496 1693 3832 11497 1692 3832 11498 1692 3833 11499 1693 3833 11500 1387 3833 11501 1692 3834 11502 1387 3834 11503 1690 3834 11504 1691 3835 11505 1369 3835 11506 1673 3835 11507 1376 3836 11508 1375 3836 11509 1526 3836 11510 1527 3837 11511 1657 3837 11512 1526 3837 11513 1526 3838 11514 1657 3838 11515 1658 3838 11516 1658 3839 11517 1376 3839 11518 1526 3839 11519 1376 3840 11520 1374 3840 11521 1375 3840 11522 1401 3841 11523 1393 3841 11524 1395 3841 11525 1393 3842 11526 1401 3842 11527 1396 3842 11528 1398 3843 11529 1397 3843 11530 1401 3843 11531 1397 3844 11532 1398 3844 11533 1399 3844 11534 1397 3845 11535 1399 3845 11536 1400 3845 11537 1396 3846 11538 1401 3846 11539 1397 3846 11540 1395 3847 11541 1393 3847 11542 1394 3847 11543 1401 3848 11544 1403 3848 11545 1398 3848 11546 1402 3849 11547 1401 3849 11548 1404 3849 11549 1404 3850 11550 1401 3850 11551 1395 3850 11552 1403 3851 11553 1401 3851 11554 1402 3851 11555 1708 3852 11556 1707 3852 11557 1706 3852 11558 1709 3853 11559 1448 3853 11560 1446 3853 11561 1448 3854 11562 1706 3854 11563 1704 3854 11564 1654 3855 11565 1701 3855 11566 1487 3855 11567 1486 3856 11568 1488 3856 11569 1487 3856 11570 1514 3857 11571 1485 3857 11572 1648 3857 11573 1485 3858 11574 1703 3858 11575 1648 3858 11576 1703 3859 11577 1485 3859 11578 1412 3859 11579 1412 3860 11580 1485 3860 11581 1486 3860 11582 1486 3861 11583 1487 3861 11584 1412 3861 11585 1593 3862 11586 1514 3862 11587 1515 3862 11588 1593 3863 11589 1484 3863 11590 1514 3863 11591 1514 3864 11592 1484 3864 11593 1485 3864 11594 1485 3865 11595 1484 3865 11596 1486 3865 11597 1488 3866 11598 1484 3866 11599 1489 3866 11600 1538 3867 11601 1421 3867 11602 1489 3867 11603 1421 3868 11604 1539 3868 11605 1654 3868 11606 1421 3869 11607 1654 3869 11608 1488 3869 11609 1538 3870 11610 1535 3870 11611 1537 3870 11612 1419 3871 11613 1537 3871 11614 1536 3871 11615 1419 3872 11616 1536 3872 11617 1418 3872 11618 1375 3873 11619 1622 3873 11620 1621 3873 11621 1535 3874 11622 1623 3874 11623 1622 3874 11624 1535 3875 11625 1619 3875 11626 1623 3875 11627 1538 3876 11628 1619 3876 11629 1535 3876 11630 1535 3877 11631 1622 3877 11632 1536 3877 11633 1525 3878 11634 1621 3878 11635 1620 3878 11636 1530 3879 11637 1620 3879 11638 1579 3879 11639 1525 3880 11640 1620 3880 11641 1530 3880 11642 1375 3881 11643 1621 3881 11644 1525 3881 11645 1536 3882 11646 1375 3882 11647 1418 3882 11648 1418 3883 11649 1375 3883 11650 1374 3883 11651 1418 3884 11652 1374 3884 11653 1532 3884 11654 1531 3885 11655 1418 3885 11656 1532 3885 11657 1533 3886 11658 1418 3886 11659 1531 3886 11660 1419 3887 11661 1418 3887 11662 1533 3887 11663 1419 3888 11664 1533 3888 11665 1534 3888 11666 1536 3889 11667 1622 3889 11668 1375 3889 11669 1536 3890 11670 1537 3890 11671 1535 3890 11672 1538 3891 11673 1537 3891 11674 1539 3891 11675 1539 3892 11676 1421 3892 11677 1538 3892 11678 1538 3893 11679 1489 3893 11680 1619 3893 11681 1489 3894 11682 1421 3894 11683 1488 3894 11684 1484 3895 11685 1488 3895 11686 1486 3895 11687 1654 3896 11688 1487 3896 11689 1488 3896 11690 1487 3897 11691 1701 3897 11692 1412 3897 11693 1412 3898 11694 1701 3898 11695 1703 3898 11696 1663 3899 11697 1702 3899 11698 1655 3899 11699 1655 3900 11700 1702 3900 11701 1701 3900 11702 1701 3901 11703 1702 3901 11704 1703 3901 11705 1702 3902 11706 1663 3902 11707 1662 3902 11708 1447 3903 11709 1702 3903 11710 1662 3903 11711 1447 3904 11712 1704 3904 11713 1702 3904 11714 1448 3905 11715 1704 3905 11716 1447 3905 11717 1711 3906 11718 1709 3906 11719 1446 3906 11720 1652 3907 11721 1708 3907 11722 1651 3907 11723 1708 3908 11724 1710 3908 11725 1647 3908 11726 1708 3909 11727 1647 3909 11728 1651 3909 11729 1710 3910 11730 1708 3910 11731 1709 3910 11732 1710 3911 11733 1709 3911 11734 1711 3911 11735 1448 3912 11736 1709 3912 11737 1706 3912 11738 1709 3913 11739 1708 3913 11740 1706 3913 11741 1652 3914 11742 1707 3914 11743 1708 3914 11744 1707 3915 11745 1652 3915 11746 1705 3915 11747 1705 3916 11748 1706 3916 11749 1707 3916 11750 1648 3917 11751 1705 3917 11752 1652 3917 11753 1705 3918 11754 1648 3918 11755 1703 3918 11756 1704 3919 11757 1706 3919 11758 1705 3919 11759 1704 3920 11760 1703 3920 11761 1702 3920 11762 1705 3921 11763 1703 3921 11764 1704 3921 11765 1416 3922 11766 1415 3922 11767 1590 3922 11768 1493 3923 11769 1494 3923 11770 1420 3923 11771 1494 3924 11772 1493 3924 11773 1495 3924 11774 1681 3925 11775 1420 3925 11776 1521 3925 11777 1521 3926 11778 1420 3926 11779 1523 3926 11780 1521 3927 11781 1523 3927 11782 1522 3927 11783 1493 3928 11784 1679 3928 11785 1491 3928 11786 1491 3929 11787 1679 3929 11788 1682 3929 11789 1492 3930 11790 1682 3930 11791 1520 3930 11792 1516 3931 11793 1520 3931 11794 1519 3931 11795 1517 3932 11796 1519 3932 11797 1518 3932 11798 1516 3933 11799 1519 3933 11800 1517 3933 11801 1492 3934 11802 1520 3934 11803 1516 3934 11804 1491 3935 11805 1682 3935 11806 1492 3935 11807 1497 3936 11808 1492 3936 11809 1496 3936 11810 1497 3937 11811 1491 3937 11812 1492 3937 11813 1679 3938 11814 1493 3938 11815 1681 3938 11816 1681 3939 11817 1493 3939 11818 1420 3939 11819 1498 3940 11820 1501 3940 11821 1499 3940 11822 1501 3941 11823 1503 3941 11824 1502 3941 11825 1502 3942 11826 1503 3942 11827 1505 3942 11828 1504 3943 11829 1505 3943 11830 1507 3943 11831 1504 3944 11832 1507 3944 11833 1506 3944 11834 1502 3945 11835 1505 3945 11836 1504 3945 11837 1499 3946 11838 1501 3946 11839 1500 3946 11840 1501 3947 11841 1498 3947 11842 1503 3947 11843 1508 3948 11844 1510 3948 11845 1509 3948 11846 1513 3949 11847 1509 3949 11848 1512 3949 11849 1514 3950 11850 1512 3950 11851 1515 3950 11852 1514 3951 11853 1513 3951 11854 1512 3951 11855 1513 3952 11856 1508 3952 11857 1509 3952 11858 1508 3953 11859 1511 3953 11860 1510 3953 11861 1751 3954 11862 1752 3954 11863 1524 3954 11864 1527 3955 11865 1525 3955 11866 1528 3955 11867 1525 3956 11868 1526 3956 11869 1375 3956 11870 1528 3957 11871 1525 3957 11872 1530 3957 11873 1528 3958 11874 1530 3958 11875 1529 3958 11876 1526 3959 11877 1525 3959 11878 1527 3959 11879 1684 3960 11880 1581 3960 11881 1583 3960 11882 1512 3961 11883 1593 3961 11884 1515 3961 11885 1512 3962 11886 1600 3962 11887 1599 3962 11888 1600 3963 11889 1509 3963 11890 1592 3963 11891 1592 3964 11892 1509 3964 11893 1510 3964 11894 1600 3965 11895 1512 3965 11896 1509 3965 11897 1512 3966 11898 1599 3966 11899 1593 3966 11900 1629 3967 11901 1499 3967 11902 1625 3967 11903 1628 3968 11904 1498 3968 11905 1629 3968 11906 1627 3969 11907 1503 3969 11908 1628 3969 11909 1626 3970 11910 1505 3970 11911 1627 3970 11912 1626 3971 11913 1507 3971 11914 1505 3971 11915 1507 3972 11916 1626 3972 11917 1624 3972 11918 1627 3973 11919 1505 3973 11920 1503 3973 11921 1628 3974 11922 1503 3974 11923 1498 3974 11924 1629 3975 11925 1498 3975 11926 1499 3975 11927 1521 3976 11928 1432 3976 11929 1630 3976 11930 1522 3977 11931 1473 3977 11932 1432 3977 11933 1522 3978 11934 1432 3978 11935 1521 3978 11936 1494 3979 11937 1523 3979 11938 1420 3979 11939 1523 3980 11940 1494 3980 11941 1631 3980 11942 1637 3981 11943 1516 3981 11944 1566 3981 11945 1496 3982 11946 1492 3982 11947 1637 3982 11948 1637 3983 11949 1492 3983 11950 1516 3983 11951 1566 3984 11952 1516 3984 11953 1517 3984 11954 1744 3985 11955 1638 3985 11956 1640 3985 11957 1744 3986 11958 1502 3986 11959 1641 3986 11960 1643 3987 11961 1501 3987 11962 1744 3987 11963 1500 3988 11964 1741 3988 11965 1739 3988 11966 1501 3989 11967 1741 3989 11968 1500 3989 11969 1741 3990 11970 1501 3990 11971 1643 3990 11972 1744 3991 11973 1501 3991 11974 1502 3991 11975 1641 3992 11976 1502 3992 11977 1504 3992 11978 1642 3993 11979 1504 3993 11980 1639 3993 11981 1639 3994 11982 1504 3994 11983 1506 3994 11984 1641 3995 11985 1504 3995 11986 1642 3995 11987 1744 3996 11988 1641 3996 11989 1638 3996 11990 1379 3997 11991 1644 3997 11992 1645 3997 11993 1379 3998 11994 1646 3998 11995 1644 3998 11996 1513 3999 11997 1649 3999 11998 1508 3999 11999 1714 4000 12000 1651 4000 12001 1647 4000 12002 1714 4001 12003 1647 4001 12004 1650 4001 12005 1649 4002 12006 1651 4002 12007 1714 4002 12008 1649 4003 12009 1513 4003 12010 1651 4003 12011 1651 4004 12012 1513 4004 12013 1652 4004 12014 1652 4005 12015 1513 4005 12016 1648 4005 12017 1648 4006 12018 1513 4006 12019 1514 4006 12020 1508 4007 12021 1649 4007 12022 1653 4007 12023 1508 4008 12024 1653 4008 12025 1717 4008 12026 1508 4009 12027 1717 4009 12028 1511 4009 12029 1534 4010 12030 1537 4010 12031 1419 4010 12032 1656 4011 12033 1654 4011 12034 1537 4011 12035 1537 4012 12036 1654 4012 12037 1539 4012 12038 1655 4013 12039 1654 4013 12040 1656 4013 12041 1654 4014 12042 1655 4014 12043 1701 4014 12044 1656 4015 12045 1537 4015 12046 1534 4015 12047 1657 4016 12048 1659 4016 12049 1435 4016 12050 1528 4017 12051 1659 4017 12052 1527 4017 12053 1661 4018 12054 1529 4018 12055 1678 4018 12056 1528 4019 12057 1661 4019 12058 1660 4019 12059 1528 4020 12060 1660 4020 12061 1659 4020 12062 1661 4021 12063 1528 4021 12064 1529 4021 12065 1527 4022 12066 1659 4022 12067 1657 4022 12068 1664 4023 12069 1665 4023 12070 1392 4023 12071 1666 4024 12072 1665 4024 12073 1664 4024 12074 1519 4025 12075 1676 4025 12076 1675 4025 12077 1519 4026 12078 1675 4026 12079 1673 4026 12080 1519 4027 12081 1673 4027 12082 1518 4027 12083 1524 4028 12084 1676 4028 12085 1519 4028 12086 1676 4029 12087 1672 4029 12088 1674 4029 12089 1676 4030 12090 1524 4030 12091 1672 4030 12092 1524 4031 12093 1519 4031 12094 1520 4031 12095 1751 4032 12096 1682 4032 12097 1441 4032 12098 1444 4033 12099 1445 4033 12100 1441 4033 12101 1444 4034 12102 1679 4034 12103 1681 4034 12104 1630 4035 12105 1681 4035 12106 1521 4035 12107 1681 4036 12108 1630 4036 12109 1680 4036 12110 1681 4037 12111 1680 4037 12112 1689 4037 12113 1444 4038 12114 1681 4038 12115 1689 4038 12116 1444 4039 12117 1441 4039 12118 1679 4039 12119 1441 4040 12120 1682 4040 12121 1679 4040 12122 1682 4041 12123 1524 4041 12124 1520 4041 12125 1524 4042 12126 1682 4042 12127 1751 4042 12128 1781 4043 12129 1782 4043 12130 1784 4043 12131 1784 4044 12132 1783 4044 12133 1781 4044 12134 1783 4045 12135 1785 4045 12136 1781 4045 12137 1787 4046 12138 1785 4046 12139 1786 4046 12140 1783 4047 12141 1786 4047 12142 1785 4047 12143 1787 4048 12144 1788 4048 12145 1785 4048 12146 1785 4049 12147 1788 4049 12148 1782 4049 12149 1826 4050 12150 1782 4050 12151 1788 4050 12152 1835 4051 12153 1788 4051 12154 1787 4051 12155 1789 4052 12156 1786 4052 12157 1783 4052 12158 1789 4053 12159 1791 4053 12160 1790 4053 12161 1789 4054 12162 1794 4054 12163 1791 4054 12164 1793 4055 12165 1789 4055 12166 1801 4055 12167 1820 4056 12168 1792 4056 12169 1789 4056 12170 1783 4057 12171 1820 4057 12172 1789 4057 12173 1789 4058 12174 1790 4058 12175 1786 4058 12176 1789 4059 12177 2177 4059 12178 1796 4059 12179 1789 4060 12180 1795 4060 12181 2177 4060 12182 1793 4061 12183 1795 4061 12184 1789 4061 12185 1801 4062 12186 1789 4062 12187 1792 4062 12188 1789 4063 12189 1796 4063 12190 1794 4063 12191 1801 4064 12192 1792 4064 12193 1797 4064 12194 1792 4065 12195 2243 4065 12196 1797 4065 12197 2243 4066 12198 1798 4066 12199 1797 4066 12200 1798 4067 12201 1799 4067 12202 1800 4067 12203 1799 4068 12204 1798 4068 12205 2243 4068 12206 1801 4069 12207 1798 4069 12208 1800 4069 12209 1802 4070 12210 1798 4070 12211 1801 4070 12212 1803 4071 12213 1800 4071 12214 1799 4071 12215 1800 4072 12216 1803 4072 12217 1793 4072 12218 1804 4073 12219 1793 4073 12220 1803 4073 12221 1806 4074 12222 1804 4074 12223 1803 4074 12224 2015 4075 12225 1804 4075 12226 1806 4075 12227 1793 4076 12228 1804 4076 12229 1805 4076 12230 1804 4077 12231 2015 4077 12232 1805 4077 12233 2015 4078 12234 1807 4078 12235 2016 4078 12236 2015 4079 12237 1806 4079 12238 1807 4079 12239 1807 4080 12240 1806 4080 12241 1808 4080 12242 1807 4081 12243 1808 4081 12244 1811 4081 12245 1808 4082 12246 1809 4082 12247 1811 4082 12248 1810 4083 12249 1811 4083 12250 1809 4083 12251 1810 4084 12252 2021 4084 12253 2123 4084 12254 1812 4085 12255 2021 4085 12256 1810 4085 12257 1809 4086 12258 1812 4086 12259 1810 4086 12260 1809 4087 12261 1813 4087 12262 1812 4087 12263 2245 4088 12264 1813 4088 12265 1809 4088 12266 1813 4089 12267 2023 4089 12268 1812 4089 12269 1813 4090 12270 1814 4090 12271 2023 4090 12272 1814 4091 12273 1813 4091 12274 1817 4091 12275 2245 4092 12276 1799 4092 12277 1813 4092 12278 1815 4093 12279 1814 4093 12280 1817 4093 12281 1818 4094 12282 1816 4094 12283 1817 4094 12284 1817 4095 12285 1816 4095 12286 1815 4095 12287 1817 4096 12288 1819 4096 12289 1818 4096 12290 1816 4097 12291 1818 4097 12292 1212 4097 12293 1819 4098 12294 1212 4098 12295 1818 4098 12296 2244 4099 12297 1792 4099 12298 1819 4099 12299 1792 4100 12300 1820 4100 12301 1819 4100 12302 1820 4101 12303 1212 4101 12304 1819 4101 12305 1821 4102 12306 1212 4102 12307 1820 4102 12308 1820 4103 12309 1783 4103 12310 1821 4103 12311 1821 4104 12312 1213 4104 12313 1212 4104 12314 1213 4105 12315 1821 4105 12316 1823 4105 12317 1783 4106 12318 1823 4106 12319 1821 4106 12320 1212 4107 12321 1213 4107 12322 1816 4107 12323 1213 4108 12324 1823 4108 12325 1824 4108 12326 1816 4109 12327 1213 4109 12328 1822 4109 12329 1824 4110 12330 1822 4110 12331 1213 4110 12332 1822 4111 12333 1824 4111 12334 1825 4111 12335 1823 4112 12336 1825 4112 12337 1824 4112 12338 1822 4113 12339 1825 4113 12340 2100 4113 12341 1826 4114 12342 1828 4114 12343 1825 4114 12344 1825 4115 12345 1823 4115 12346 1826 4115 12347 1826 4116 12348 1823 4116 12349 1827 4116 12350 1827 4117 12351 1782 4117 12352 1826 4117 12353 1827 4118 12354 1784 4118 12355 1782 4118 12356 1784 4119 12357 1827 4119 12358 1823 4119 12359 1788 4120 12360 1828 4120 12361 1826 4120 12362 1828 4121 12363 1829 4121 12364 1825 4121 12365 1829 4122 12366 1828 4122 12367 1832 4122 12368 1788 4123 12369 1835 4123 12370 1828 4123 12371 1832 4124 12372 1828 4124 12373 1830 4124 12374 1828 4125 12375 1831 4125 12376 1830 4125 12377 1828 4126 12378 1833 4126 12379 1831 4126 12380 1828 4127 12381 1835 4127 12382 1833 4127 12383 1833 4128 12384 1835 4128 12385 1834 4128 12386 1835 4129 12387 1836 4129 12388 1834 4129 12389 1836 4130 12390 1839 4130 12391 1834 4130 12392 1837 4131 12393 1790 4131 12394 1836 4131 12395 1790 4132 12396 1791 4132 12397 1836 4132 12398 1837 4133 12399 1836 4133 12400 1835 4133 12401 1836 4134 12402 1838 4134 12403 1839 4134 12404 1836 4135 12405 1840 4135 12406 1838 4135 12407 1836 4136 12408 1791 4136 12409 1840 4136 12410 1838 4137 12411 1840 4137 12412 1841 4137 12413 1841 4138 12414 1840 4138 12415 1843 4138 12416 1842 4139 12417 1840 4139 12418 1791 4139 12419 1840 4140 12420 1846 4140 12421 1843 4140 12422 1840 4141 12423 1842 4141 12424 1846 4141 12425 1844 4142 12426 1842 4142 12427 2237 4142 12428 1844 4143 12429 2236 4143 12430 1845 4143 12431 1846 4144 12432 1844 4144 12433 1847 4144 12434 1847 4145 12435 1851 4145 12436 1848 4145 12437 1851 4146 12438 2114 4146 12439 1848 4146 12440 2114 4147 12441 1851 4147 12442 1849 4147 12443 1855 4148 12444 1849 4148 12445 1851 4148 12446 1855 4149 12447 1851 4149 12448 1850 4149 12449 1845 4150 12450 1850 4150 12451 1851 4150 12452 1852 4151 12453 1850 4151 12454 1845 4151 12455 1852 4152 12456 1845 4152 12457 1853 4152 12458 1853 4153 12459 2228 4153 12460 1852 4153 12461 2228 4154 12462 1854 4154 12463 1852 4154 12464 1857 4155 12465 1852 4155 12466 1860 4155 12467 1860 4156 12468 1852 4156 12469 1854 4156 12470 1857 4157 12471 1850 4157 12472 1852 4157 12473 1850 4158 12474 1856 4158 12475 1855 4158 12476 1850 4159 12477 1857 4159 12478 1856 4159 12479 1857 4160 12480 1859 4160 12481 1856 4160 12482 1860 4161 12483 1858 4161 12484 1857 4161 12485 1857 4162 12486 1858 4162 12487 1859 4162 12488 1862 4163 12489 1861 4163 12490 1860 4163 12491 1860 4164 12492 1861 4164 12493 1858 4164 12494 2200 4165 12495 1862 4165 12496 1860 4165 12497 1862 4166 12498 1865 4166 12499 1861 4166 12500 1863 4167 12501 1862 4167 12502 2200 4167 12503 1863 4168 12504 1864 4168 12505 1862 4168 12506 1864 4169 12507 1865 4169 12508 1862 4169 12509 1864 4170 12510 1866 4170 12511 1865 4170 12512 1866 4171 12513 1861 4171 12514 1865 4171 12515 1868 4172 12516 1867 4172 12517 1866 4172 12518 1867 4173 12519 1861 4173 12520 1866 4173 12521 1868 4174 12522 1866 4174 12523 1864 4174 12524 1869 4175 12525 1868 4175 12526 1863 4175 12527 1863 4176 12528 1868 4176 12529 1864 4176 12530 1869 4177 12531 1870 4177 12532 1868 4177 12533 1870 4178 12534 1867 4178 12535 1868 4178 12536 1872 4179 12537 1871 4179 12538 1870 4179 12539 1870 4180 12540 1871 4180 12541 1867 4180 12542 2196 4181 12543 1872 4181 12544 1870 4181 12545 1871 4182 12546 1872 4182 12547 1873 4182 12548 2196 4183 12549 1873 4183 12550 1872 4183 12551 2191 4184 12552 1873 4184 12553 1874 4184 12554 2191 4185 12555 1876 4185 12556 1873 4185 12557 2196 4186 12558 1874 4186 12559 1873 4186 12560 1876 4187 12561 1875 4187 12562 1873 4187 12563 1873 4188 12564 1875 4188 12565 1877 4188 12566 1871 4189 12567 1873 4189 12568 1877 4189 12569 1878 4190 12570 1877 4190 12571 1879 4190 12572 1880 4191 12573 1877 4191 12574 1878 4191 12575 1879 4192 12576 1877 4192 12577 1881 4192 12578 1880 4193 12579 1867 4193 12580 1877 4193 12581 1881 4194 12582 1877 4194 12583 1875 4194 12584 1877 4195 12585 1867 4195 12586 1871 4195 12587 1876 4196 12588 1881 4196 12589 1875 4196 12590 1882 4197 12591 1881 4197 12592 1876 4197 12593 1881 4198 12594 1882 4198 12595 1885 4198 12596 1881 4199 12597 1885 4199 12598 1879 4199 12599 1883 4200 12600 1885 4200 12601 2150 4200 12602 1883 4201 12603 1879 4201 12604 1885 4201 12605 1884 4202 12606 1885 4202 12607 1882 4202 12608 1884 4203 12609 1886 4203 12610 1885 4203 12611 1886 4204 12612 1887 4204 12613 1885 4204 12614 1885 4205 12615 1887 4205 12616 2150 4205 12617 1887 4206 12618 2149 4206 12619 2150 4206 12620 1599 4207 12621 2149 4207 12622 1887 4207 12623 1887 4208 12624 2162 4208 12625 1599 4208 12626 2165 4209 12627 1887 4209 12628 1886 4209 12629 2162 4210 12630 1887 4210 12631 2165 4210 12632 1888 4211 12633 2149 4211 12634 1600 4211 12635 1599 4212 12636 1600 4212 12637 2149 4212 12638 2149 4213 12639 1888 4213 12640 1899 4213 12641 2149 4214 12642 1899 4214 12643 2148 4214 12644 1899 4215 12645 1889 4215 12646 1890 4215 12647 1890 4216 12648 1889 4216 12649 2242 4216 12650 1889 4217 12651 1899 4217 12652 1888 4217 12653 1600 4218 12654 1889 4218 12655 1888 4218 12656 1600 4219 12657 1891 4219 12658 1889 4219 12659 1891 4220 12660 2242 4220 12661 1889 4220 12662 1892 4221 12663 1897 4221 12664 2242 4221 12665 2242 4222 12666 1891 4222 12667 1892 4222 12668 1892 4223 12669 1891 4223 12670 1893 4223 12671 1893 4224 12672 1895 4224 12673 1892 4224 12674 1894 4225 12675 1897 4225 12676 1892 4225 12677 1892 4226 12678 1895 4226 12679 1894 4226 12680 1895 4227 12681 1897 4227 12682 1894 4227 12683 1895 4228 12684 1896 4228 12685 1897 4228 12686 1896 4229 12687 1898 4229 12688 1897 4229 12689 1896 4230 12690 1910 4230 12691 1898 4230 12692 1910 4231 12693 1896 4231 12694 2152 4231 12695 1890 4232 12696 1898 4232 12697 1899 4232 12698 1897 4233 12699 1898 4233 12700 1890 4233 12701 1900 4234 12702 2148 4234 12703 1899 4234 12704 1898 4235 12705 1900 4235 12706 1899 4235 12707 1900 4236 12708 1898 4236 12709 1901 4236 12710 1901 4237 12711 2148 4237 12712 1900 4237 12713 1901 4238 12714 1905 4238 12715 1902 4238 12716 1903 4239 12717 1901 4239 12718 1902 4239 12719 2151 4240 12720 1901 4240 12721 1903 4240 12722 1901 4241 12723 1898 4241 12724 1904 4241 12725 1905 4242 12726 1901 4242 12727 1904 4242 12728 1901 4243 12729 2151 4243 12730 2148 4243 12731 1905 4244 12732 1904 4244 12733 1940 4244 12734 1940 4245 12735 1939 4245 12736 1905 4245 12737 1906 4246 12738 1905 4246 12739 1939 4246 12740 1905 4247 12741 1906 4247 12742 1902 4247 12743 1904 4248 12744 1909 4248 12745 1940 4248 12746 1904 4249 12747 1907 4249 12748 1909 4249 12749 1898 4250 12750 1907 4250 12751 1904 4250 12752 1898 4251 12753 1910 4251 12754 1907 4251 12755 1908 4252 12756 1909 4252 12757 1907 4252 12758 1907 4253 12759 1910 4253 12760 1908 4253 12761 1916 4254 12762 1908 4254 12763 1910 4254 12764 1911 4255 12765 2152 4255 12766 1912 4255 12767 1913 4256 12768 1912 4256 12769 1914 4256 12770 1913 4257 12771 1915 4257 12772 1912 4257 12773 1912 4258 12774 2152 4258 12775 1914 4258 12776 1911 4259 12777 1912 4259 12778 1915 4259 12779 1913 4260 12780 1917 4260 12781 1915 4260 12782 1911 4261 12783 1915 4261 12784 1916 4261 12785 1915 4262 12786 1917 4262 12787 1916 4262 12788 1913 4263 12789 1977 4263 12790 1917 4263 12791 1918 4264 12792 1919 4264 12793 1917 4264 12794 1920 4265 12795 1917 4265 12796 1919 4265 12797 1920 4266 12798 1922 4266 12799 1921 4266 12800 1921 4267 12801 1917 4267 12802 1920 4267 12803 1923 4268 12804 1922 4268 12805 1920 4268 12806 1923 4269 12807 1920 4269 12808 1924 4269 12809 1920 4270 12810 1919 4270 12811 1924 4270 12812 1924 4271 12813 1919 4271 12814 1926 4271 12815 1924 4272 12816 1925 4272 12817 1923 4272 12818 1926 4273 12819 1925 4273 12820 1924 4273 12821 1926 4274 12822 1927 4274 12823 1925 4274 12824 1919 4275 12825 1927 4275 12826 1926 4275 12827 1925 4276 12828 1927 4276 12829 1928 4276 12830 1925 4277 12831 1929 4277 12832 1923 4277 12833 1929 4278 12834 1931 4278 12835 1923 4278 12836 1931 4279 12837 2130 4279 12838 1930 4279 12839 1931 4280 12840 1929 4280 12841 2130 4280 12842 1931 4281 12843 1922 4281 12844 1923 4281 12845 1932 4282 12846 1922 4282 12847 1931 4282 12848 1932 4283 12849 1931 4283 12850 1930 4283 12851 1933 4284 12852 1934 4284 12853 1932 4284 12854 1930 4285 12855 1933 4285 12856 1932 4285 12857 1934 4286 12858 1922 4286 12859 1932 4286 12860 1935 4287 12861 1936 4287 12862 1934 4287 12863 1934 4288 12864 1936 4288 12865 1922 4288 12866 1935 4289 12867 1937 4289 12868 1936 4289 12869 1937 4290 12870 1938 4290 12871 1936 4290 12872 1921 4291 12873 1936 4291 12874 1938 4291 12875 1940 4292 12876 1938 4292 12877 1939 4292 12878 1939 4293 12879 1938 4293 12880 1937 4293 12881 1940 4294 12882 1909 4294 12883 1941 4294 12884 1938 4295 12885 1940 4295 12886 1941 4295 12887 1916 4296 12888 1938 4296 12889 1941 4296 12890 1916 4297 12891 1941 4297 12892 1908 4297 12893 1941 4298 12894 1909 4298 12895 1908 4298 12896 1937 4299 12897 1906 4299 12898 1939 4299 12899 1916 4300 12900 1921 4300 12901 1938 4300 12902 1906 4301 12903 1937 4301 12904 1903 4301 12905 1903 4302 12906 1937 4302 12907 1935 4302 12908 1921 4303 12909 1922 4303 12910 1936 4303 12911 2151 4304 12912 1903 4304 12913 1935 4304 12914 1935 4305 12915 1943 4305 12916 2151 4305 12917 1942 4306 12918 1935 4306 12919 1934 4306 12920 1942 4307 12921 1934 4307 12922 1945 4307 12923 1943 4308 12924 1935 4308 12925 1942 4308 12926 2138 4309 12927 1943 4309 12928 1942 4309 12929 1945 4310 12930 1944 4310 12931 1942 4310 12932 1942 4311 12933 1944 4311 12934 1947 4311 12935 1946 4312 12936 1942 4312 12937 1947 4312 12938 2138 4313 12939 1942 4313 12940 1946 4313 12941 1944 4314 12942 1948 4314 12943 1947 4314 12944 1947 4315 12945 1948 4315 12946 1878 4315 12947 1880 4316 12948 1878 4316 12949 1948 4316 12950 1880 4317 12951 1948 4317 12952 1949 4317 12953 1950 4318 12954 1949 4318 12955 1948 4318 12956 1948 4319 12957 1944 4319 12958 1950 4319 12959 1953 4320 12960 1949 4320 12961 1950 4320 12962 1950 4321 12963 1951 4321 12964 1953 4321 12965 1951 4322 12966 1950 4322 12967 1945 4322 12968 1945 4323 12969 1950 4323 12970 1944 4323 12971 1951 4324 12972 1945 4324 12973 1963 4324 12974 1951 4325 12975 1963 4325 12976 1954 4325 12977 1954 4326 12978 1957 4326 12979 1951 4326 12980 1951 4327 12981 1957 4327 12982 1952 4327 12983 1951 4328 12984 1952 4328 12985 1953 4328 12986 1949 4329 12987 1953 4329 12988 1952 4329 12989 1954 4330 12990 1955 4330 12991 1957 4330 12992 1954 4331 12993 1959 4331 12994 1955 4331 12995 1956 4332 12996 1959 4332 12997 1954 4332 12998 1880 4333 12999 1957 4333 13000 1955 4333 13001 1952 4334 13002 1880 4334 13003 1949 4334 13004 1957 4335 13005 1880 4335 13006 1952 4335 13007 1958 4336 13008 1960 4336 13009 1956 4336 13010 1956 4337 13011 1960 4337 13012 1959 4337 13013 1961 4338 13014 1956 4338 13015 1962 4338 13016 1962 4339 13017 1956 4339 13018 1954 4339 13019 1962 4340 13020 1954 4340 13021 1963 4340 13022 1964 4341 13023 1961 4341 13024 1962 4341 13025 1961 4342 13026 1964 4342 13027 1965 4342 13028 1961 4343 13029 1965 4343 13030 1968 4343 13031 1967 4344 13032 1965 4344 13033 1964 4344 13034 1966 4345 13035 1968 4345 13036 1965 4345 13037 1966 4346 13038 1965 4346 13039 1967 4346 13040 1970 4347 13041 2068 4347 13042 1966 4347 13043 1969 4348 13044 1966 4348 13045 1967 4348 13046 1966 4349 13047 1969 4349 13048 1970 4349 13049 1973 4350 13050 1970 4350 13051 2133 4350 13052 2133 4351 13053 1970 4351 13054 1972 4351 13055 1971 4352 13056 2068 4352 13057 1970 4352 13058 1970 4353 13059 1969 4353 13060 1972 4353 13061 1973 4354 13062 1971 4354 13063 1970 4354 13064 2126 4355 13065 1973 4355 13066 2133 4355 13067 1973 4356 13068 1975 4356 13069 1971 4356 13070 1971 4357 13071 1975 4357 13072 1974 4357 13073 1974 4358 13074 1975 4358 13075 1976 4358 13076 1973 4359 13077 1977 4359 13078 1975 4359 13079 1975 4360 13080 2061 4360 13081 1976 4360 13082 1975 4361 13083 1977 4361 13084 1978 4361 13085 2061 4362 13086 1978 4362 13087 1980 4362 13088 1980 4363 13089 1978 4363 13090 1979 4363 13091 1981 4364 13092 1982 4364 13093 1980 4364 13094 2058 4365 13095 1982 4365 13096 1984 4365 13097 1983 4366 13098 2058 4366 13099 1984 4366 13100 1984 4367 13101 1987 4367 13102 1983 4367 13103 1984 4368 13104 1982 4368 13105 1985 4368 13106 1986 4369 13107 1984 4369 13108 1985 4369 13109 1984 4370 13110 1986 4370 13111 1987 4370 13112 1989 4371 13113 1986 4371 13114 2011 4371 13115 1987 4372 13116 1986 4372 13117 1988 4372 13118 1988 4373 13119 1986 4373 13120 1989 4373 13121 1990 4374 13122 1991 4374 13123 1989 4374 13124 1989 4375 13125 1993 4375 13126 1990 4375 13127 1989 4376 13128 1991 4376 13129 1992 4376 13130 1989 4377 13131 1992 4377 13132 1988 4377 13133 1990 4378 13134 1993 4378 13135 1994 4378 13136 1994 4379 13137 2121 4379 13138 1995 4379 13139 1994 4380 13140 1995 4380 13141 1990 4380 13142 2121 4381 13143 1994 4381 13144 1996 4381 13145 1994 4382 13146 1998 4382 13147 1996 4382 13148 1996 4383 13149 1998 4383 13150 1997 4383 13151 1994 4384 13152 2000 4384 13153 1998 4384 13154 1998 4385 13155 2000 4385 13156 1999 4385 13157 1998 4386 13158 1999 4386 13159 2001 4386 13160 1998 4387 13161 2001 4387 13162 2125 4387 13163 1997 4388 13164 1998 4388 13165 2125 4388 13166 2001 4389 13167 1999 4389 13168 2002 4389 13169 2003 4390 13170 2001 4390 13171 2002 4390 13172 2001 4391 13173 2004 4391 13174 2005 4391 13175 2003 4392 13176 2004 4392 13177 2001 4392 13178 2007 4393 13179 2004 4393 13180 2003 4393 13181 2007 4394 13182 2003 4394 13183 2006 4394 13184 2007 4395 13185 1986 4395 13186 1985 4395 13187 2008 4396 13188 1980 4396 13189 2007 4396 13190 2007 4397 13191 1985 4397 13192 2008 4397 13193 2007 4398 13194 2006 4398 13195 1986 4398 13196 1985 4399 13197 1982 4399 13198 2008 4399 13199 2008 4400 13200 1981 4400 13201 1980 4400 13202 2008 4401 13203 1982 4401 13204 1981 4401 13205 2009 4402 13206 2004 4402 13207 2007 4402 13208 1979 4403 13209 2007 4403 13210 1980 4403 13211 1979 4404 13212 2009 4404 13213 2007 4404 13214 2009 4405 13215 1805 4405 13216 2004 4405 13217 1979 4406 13218 2010 4406 13219 2009 4406 13220 2010 4407 13221 1793 4407 13222 2009 4407 13223 2009 4408 13224 1793 4408 13225 1805 4408 13226 2010 4409 13227 1978 4409 13228 1977 4409 13229 1977 4410 13230 1793 4410 13231 2010 4410 13232 1979 4411 13233 1978 4411 13234 2010 4411 13235 1986 4412 13236 2006 4412 13237 2011 4412 13238 2011 4413 13239 2006 4413 13240 2012 4413 13241 2006 4414 13242 1999 4414 13243 2012 4414 13244 2006 4415 13245 2002 4415 13246 1999 4415 13247 2003 4416 13248 2002 4416 13249 2006 4416 13250 2011 4417 13251 2012 4417 13252 2013 4417 13253 1993 4418 13254 2013 4418 13255 2000 4418 13256 2000 4419 13257 2013 4419 13258 2012 4419 13259 2013 4420 13260 1993 4420 13261 2011 4420 13262 2000 4421 13263 2012 4421 13264 1999 4421 13265 1993 4422 13266 1989 4422 13267 2011 4422 13268 2014 4423 13269 2015 4423 13270 2016 4423 13271 2005 4424 13272 2014 4424 13273 2017 4424 13274 2016 4425 13275 2017 4425 13276 2014 4425 13277 2019 4426 13278 2017 4426 13279 2018 4426 13280 2122 4427 13281 2017 4427 13282 2019 4427 13283 2005 4428 13284 2017 4428 13285 1997 4428 13286 2018 4429 13287 2017 4429 13288 2124 4429 13289 1997 4430 13290 2017 4430 13291 2122 4430 13292 1810 4431 13293 2019 4431 13294 2018 4431 13295 2018 4432 13296 1811 4432 13297 1810 4432 13298 2019 4433 13299 1810 4433 13300 2020 4433 13301 2120 4434 13302 2019 4434 13303 2020 4434 13304 2020 4435 13305 1810 4435 13306 2123 4435 13307 2020 4436 13308 2022 4436 13309 2120 4436 13310 2021 4437 13311 2020 4437 13312 2123 4437 13313 2022 4438 13314 2020 4438 13315 2021 4438 13316 2120 4439 13317 2022 4439 13318 1991 4439 13319 2024 4440 13320 1991 4440 13321 2022 4440 13322 2021 4441 13323 2024 4441 13324 2022 4441 13325 2024 4442 13326 2021 4442 13327 2023 4442 13328 2023 4443 13329 2025 4443 13330 2024 4443 13331 2024 4444 13332 2026 4444 13333 1991 4444 13334 2027 4445 13335 1991 4445 13336 2026 4445 13337 2029 4446 13338 2027 4446 13339 2028 4446 13340 2027 4447 13341 2031 4447 13342 2028 4447 13343 2027 4448 13344 2029 4448 13345 2030 4448 13346 2027 4449 13347 2030 4449 13348 1992 4449 13349 2027 4450 13350 1992 4450 13351 1991 4450 13352 2032 4451 13353 2028 4451 13354 2031 4451 13355 2031 4452 13356 2027 4452 13357 2033 4452 13358 2031 4453 13359 2035 4453 13360 2032 4453 13361 2033 4454 13362 2034 4454 13363 2031 4454 13364 2035 4455 13365 2031 4455 13366 2034 4455 13367 2035 4456 13368 2036 4456 13369 2037 4456 13370 2034 4457 13371 2036 4457 13372 2035 4457 13373 2032 4458 13374 2035 4458 13375 2037 4458 13376 2037 4459 13377 2036 4459 13378 2038 4459 13379 2037 4460 13380 2038 4460 13381 2039 4460 13382 2039 4461 13383 2032 4461 13384 2037 4461 13385 2039 4462 13386 2038 4462 13387 2040 4462 13388 2039 4463 13389 2054 4463 13390 2032 4463 13391 2036 4464 13392 2040 4464 13393 2038 4464 13394 2036 4465 13395 2043 4465 13396 2040 4465 13397 2039 4466 13398 2040 4466 13399 2041 4466 13400 2040 4467 13401 2042 4467 13402 2041 4467 13403 2040 4468 13404 2043 4468 13405 2042 4468 13406 2045 4469 13407 2043 4469 13408 2036 4469 13409 2048 4470 13410 2042 4470 13411 2043 4470 13412 2048 4471 13413 2043 4471 13414 2046 4471 13415 2043 4472 13416 1867 4472 13417 1880 4472 13418 1867 4473 13419 2043 4473 13420 2045 4473 13421 2043 4474 13422 1880 4474 13423 2044 4474 13424 2046 4475 13425 2043 4475 13426 2072 4475 13427 2072 4476 13428 2047 4476 13429 2046 4476 13430 2046 4477 13431 2047 4477 13432 2048 4477 13433 1958 4478 13434 2049 4478 13435 2047 4478 13436 2072 4479 13437 1958 4479 13438 2047 4479 13439 2048 4480 13440 2047 4480 13441 2054 4480 13442 2050 4481 13443 2047 4481 13444 2049 4481 13445 2049 4482 13446 2052 4482 13447 2050 4482 13448 2050 4483 13449 2053 4483 13450 2051 4483 13451 2051 4484 13452 2054 4484 13453 2050 4484 13454 2065 4485 13455 2050 4485 13456 2052 4485 13457 2053 4486 13458 2050 4486 13459 2065 4486 13460 2050 4487 13461 2054 4487 13462 2047 4487 13463 2032 4488 13464 2051 4488 13465 2028 4488 13466 2054 4489 13467 2051 4489 13468 2032 4489 13469 2055 4490 13470 2051 4490 13471 2053 4490 13472 2053 4491 13473 2057 4491 13474 2055 4491 13475 2057 4492 13476 2053 4492 13477 2056 4492 13478 2029 4493 13479 2057 4493 13480 2058 4493 13481 2057 4494 13482 1982 4494 13483 2058 4494 13484 2059 4495 13485 2057 4495 13486 2056 4495 13487 2057 4496 13488 2029 4496 13489 2055 4496 13490 2061 4497 13491 2057 4497 13492 2059 4497 13493 2061 4498 13494 1982 4498 13495 2057 4498 13496 2059 4499 13497 2056 4499 13498 2060 4499 13499 2059 4500 13500 2060 4500 13501 2069 4500 13502 2062 4501 13503 2069 4501 13504 2060 4501 13505 2069 4502 13506 2062 4502 13507 2063 4502 13508 2064 4503 13509 1974 4503 13510 2062 4503 13511 2062 4504 13512 1974 4504 13513 2063 4504 13514 2064 4505 13515 2056 4505 13516 2053 4505 13517 2064 4506 13518 2053 4506 13519 2065 4506 13520 2056 4507 13521 2064 4507 13522 2062 4507 13523 2060 4508 13524 2056 4508 13525 2062 4508 13526 2052 4509 13527 2066 4509 13528 2064 4509 13529 2052 4510 13530 2064 4510 13531 2065 4510 13532 1974 4511 13533 2064 4511 13534 2066 4511 13535 2067 4512 13536 2068 4512 13537 2066 4512 13538 2067 4513 13539 2066 4513 13540 2052 4513 13541 2066 4514 13542 2068 4514 13543 1974 4514 13544 2067 4515 13545 1966 4515 13546 2068 4515 13547 2049 4516 13548 2067 4516 13549 2052 4516 13550 1968 4517 13551 1966 4517 13552 2067 4517 13553 2049 4518 13554 1968 4518 13555 2067 4518 13556 2063 4519 13557 1976 4519 13558 2069 4519 13559 1974 4520 13560 1976 4520 13561 2063 4520 13562 1976 4521 13563 2059 4521 13564 2069 4521 13565 2061 4522 13566 2059 4522 13567 1976 4522 13568 1975 4523 13569 1978 4523 13570 2061 4523 13571 1983 4524 13572 2029 4524 13573 2058 4524 13574 2051 4525 13575 2055 4525 13576 2028 4525 13577 2028 4526 13578 2055 4526 13579 2029 4526 13580 1961 4527 13581 1968 4527 13582 2049 4527 13583 2049 4528 13584 2070 4528 13585 1961 4528 13586 1961 4529 13587 2070 4529 13588 1956 4529 13589 1958 4530 13590 1956 4530 13591 2070 4530 13592 1958 4531 13593 2070 4531 13594 2049 4531 13595 2071 4532 13596 2041 4532 13597 2048 4532 13598 2048 4533 13599 2054 4533 13600 2071 4533 13601 2048 4534 13602 2041 4534 13603 2042 4534 13604 2071 4535 13605 2054 4535 13606 2039 4535 13607 2039 4536 13608 2041 4536 13609 2071 4536 13610 2072 4537 13611 2043 4537 13612 2044 4537 13613 2072 4538 13614 2044 4538 13615 1960 4538 13616 1960 4539 13617 1958 4539 13618 2072 4539 13619 2045 4540 13620 2084 4540 13621 2076 4540 13622 2045 4541 13623 2073 4541 13624 2084 4541 13625 1867 4542 13626 2045 4542 13627 1861 4542 13628 1861 4543 13629 2045 4543 13630 1859 4543 13631 2045 4544 13632 2036 4544 13633 2073 4544 13634 1859 4545 13635 2045 4545 13636 2074 4545 13637 1856 4546 13638 2074 4546 13639 2045 4546 13640 2077 4547 13641 2045 4547 13642 2075 4547 13643 2045 4548 13644 2076 4548 13645 2075 4548 13646 1856 4549 13647 2045 4549 13648 2077 4549 13649 1855 4550 13650 1856 4550 13651 2077 4550 13652 1855 4551 13653 2077 4551 13654 2113 4551 13655 2113 4552 13656 2077 4552 13657 2078 4552 13658 2077 4553 13659 2075 4553 13660 2078 4553 13661 2113 4554 13662 2078 4554 13663 2079 4554 13664 2078 4555 13665 2075 4555 13666 2079 4555 13667 2079 4556 13668 2075 4556 13669 2076 4556 13670 2079 4557 13671 2081 4557 13672 2080 4557 13673 2079 4558 13674 2076 4558 13675 2081 4558 13676 2080 4559 13677 2081 4559 13678 2082 4559 13679 2076 4560 13680 2082 4560 13681 2081 4560 13682 2082 4561 13683 2083 4561 13684 2085 4561 13685 2082 4562 13686 2084 4562 13687 2083 4562 13688 2076 4563 13689 2084 4563 13690 2082 4563 13691 2080 4564 13692 2082 4564 13693 2086 4564 13694 2082 4565 13695 2085 4565 13696 2086 4565 13697 2083 4566 13698 2087 4566 13699 2085 4566 13700 2084 4567 13701 2087 4567 13702 2083 4567 13703 2084 4568 13704 2089 4568 13705 2087 4568 13706 2084 4569 13707 2088 4569 13708 2089 4569 13709 2084 4570 13710 2073 4570 13711 2088 4570 13712 2099 4571 13713 2087 4571 13714 2089 4571 13715 2090 4572 13716 2099 4572 13717 2089 4572 13718 2088 4573 13719 2090 4573 13720 2089 4573 13721 2088 4574 13722 2091 4574 13723 2090 4574 13724 2025 4575 13725 2090 4575 13726 2091 4575 13727 2025 4576 13728 2099 4576 13729 2090 4576 13730 2025 4577 13731 2091 4577 13732 2092 4577 13733 2092 4578 13734 2024 4578 13735 2025 4578 13736 2092 4579 13737 2026 4579 13738 2024 4579 13739 2033 4580 13740 2026 4580 13741 2092 4580 13742 2092 4581 13743 2093 4581 13744 2033 4581 13745 2092 4582 13746 2094 4582 13747 2093 4582 13748 2092 4583 13749 2091 4583 13750 2094 4583 13751 2091 4584 13752 2073 4584 13753 2094 4584 13754 2073 4585 13755 2093 4585 13756 2094 4585 13757 2093 4586 13758 2073 4586 13759 2095 4586 13760 2073 4587 13761 2036 4587 13762 2095 4587 13763 2095 4588 13764 2036 4588 13765 2098 4588 13766 2093 4589 13767 2095 4589 13768 2096 4589 13769 2033 4590 13770 2093 4590 13771 2096 4590 13772 2095 4591 13773 2097 4591 13774 2096 4591 13775 2033 4592 13776 2096 4592 13777 2097 4592 13778 2097 4593 13779 2095 4593 13780 2098 4593 13781 2097 4594 13782 2098 4594 13783 2034 4594 13784 2034 4595 13785 2033 4595 13786 2097 4595 13787 2034 4596 13788 2098 4596 13789 2036 4596 13790 2025 4597 13791 1815 4597 13792 2099 4597 13793 2023 4598 13794 1815 4598 13795 2025 4598 13796 2099 4599 13797 1816 4599 13798 2087 4599 13799 1815 4600 13800 1816 4600 13801 2099 4600 13802 2091 4601 13803 2088 4601 13804 2073 4601 13805 2087 4602 13806 1822 4602 13807 2085 4602 13808 1816 4603 13809 1822 4603 13810 2087 4603 13811 2086 4604 13812 2085 4604 13813 2100 4604 13814 1822 4605 13815 2100 4605 13816 2085 4605 13817 2080 4606 13818 2086 4606 13819 2100 4606 13820 1832 4607 13821 2079 4607 13822 2080 4607 13823 1832 4608 13824 2080 4608 13825 2100 4608 13826 1832 4609 13827 2103 4609 13828 2079 4609 13829 2079 4610 13830 2103 4610 13831 2101 4610 13832 2103 4611 13833 2102 4611 13834 2101 4611 13835 2104 4612 13836 2102 4612 13837 2103 4612 13838 2105 4613 13839 2104 4613 13840 2103 4613 13841 2105 4614 13842 2106 4614 13843 2104 4614 13844 1838 4615 13845 2106 4615 13846 1839 4615 13847 2106 4616 13848 2107 4616 13849 1839 4616 13850 1838 4617 13851 2108 4617 13852 2106 4617 13853 2107 4618 13854 2106 4618 13855 2105 4618 13856 2104 4619 13857 2106 4619 13858 2102 4619 13859 2102 4620 13860 2106 4620 13861 2108 4620 13862 2108 4621 13863 2109 4621 13864 2110 4621 13865 2101 4622 13866 2102 4622 13867 2108 4622 13868 2101 4623 13869 2108 4623 13870 2113 4623 13871 2113 4624 13872 2108 4624 13873 2110 4624 13874 2109 4625 13875 2112 4625 13876 2110 4625 13877 2113 4626 13878 2110 4626 13879 2111 4626 13880 2111 4627 13881 2110 4627 13882 2112 4627 13883 2112 4628 13884 2109 4628 13885 2114 4628 13886 2111 4629 13887 2112 4629 13888 1849 4629 13889 2114 4630 13890 1849 4630 13891 2112 4630 13892 1855 4631 13893 2113 4631 13894 2111 4631 13895 1849 4632 13896 1855 4632 13897 2111 4632 13898 2079 4633 13899 2101 4633 13900 2113 4633 13901 2114 4634 13902 2109 4634 13903 1848 4634 13904 1848 4635 13905 2109 4635 13906 1841 4635 13907 1841 4636 13908 2109 4636 13909 1838 4636 13910 1838 4637 13911 2109 4637 13912 2108 4637 13913 2115 4638 13914 1847 4638 13915 1848 4638 13916 1848 4639 13917 1841 4639 13918 2115 4639 13919 1841 4640 13920 1843 4640 13921 2115 4640 13922 1843 4641 13923 1846 4641 13924 2116 4641 13925 2115 4642 13926 1843 4642 13927 2116 4642 13928 2116 4643 13929 1847 4643 13930 2115 4643 13931 2116 4644 13932 1846 4644 13933 1847 4644 13934 2107 4645 13935 2119 4645 13936 2118 4645 13937 1839 4646 13938 2107 4646 13939 2118 4646 13940 2118 4647 13941 2119 4647 13942 2117 4647 13943 2117 4648 13944 2119 4648 13945 1833 4648 13946 1831 4649 13947 1833 4649 13948 2119 4649 13949 1831 4650 13950 2119 4650 13951 2107 4650 13952 2105 4651 13953 1831 4651 13954 2107 4651 13955 2105 4652 13956 1830 4652 13957 1831 4652 13958 1834 4653 13959 2118 4653 13960 2117 4653 13961 2117 4654 13962 1833 4654 13963 1834 4654 13964 1834 4655 13965 1839 4655 13966 2118 4655 13967 2105 4656 13968 1832 4656 13969 1830 4656 13970 1832 4657 13971 2105 4657 13972 2103 4657 13973 1856 4658 13974 1859 4658 13975 2074 4658 13976 2044 4659 13977 1959 4659 13978 1960 4659 13979 1955 4660 13980 2044 4660 13981 1880 4660 13982 1959 4661 13983 2044 4661 13984 1955 4661 13985 2033 4662 13986 2027 4662 13987 2026 4662 13988 2030 4663 13989 1983 4663 13990 1987 4663 13991 1987 4664 13992 1992 4664 13993 2030 4664 13994 2029 4665 13995 1983 4665 13996 2030 4665 13997 2120 4666 13998 1991 4666 13999 1995 4666 14000 2019 4667 14001 2120 4667 14002 2122 4667 14003 1997 4668 14004 2122 4668 14005 1996 4668 14006 1996 4669 14007 2122 4669 14008 2121 4669 14009 2122 4670 14010 1995 4670 14011 2121 4670 14012 2120 4671 14013 1995 4671 14014 2122 4671 14015 1811 4672 14016 2018 4672 14017 2124 4672 14018 1811 4673 14019 2124 4673 14020 1807 4673 14021 2017 4674 14022 1807 4674 14023 2124 4674 14024 2005 4675 14025 1997 4675 14026 2125 4675 14027 2005 4676 14028 2125 4676 14029 2001 4676 14030 2016 4677 14031 1807 4677 14032 2017 4677 14033 2004 4678 14034 2014 4678 14035 2005 4678 14036 2004 4679 14037 1805 4679 14038 2014 4679 14039 1805 4680 14040 2015 4680 14041 2014 4680 14042 1994 4681 14043 1993 4681 14044 2000 4681 14045 1995 4682 14046 1991 4682 14047 1990 4682 14048 1988 4683 14049 1992 4683 14050 1987 4683 14051 1982 4684 14052 2061 4684 14053 1980 4684 14054 1974 4685 14055 2068 4685 14056 1971 4685 14057 2134 4686 14058 2126 4686 14059 2133 4686 14060 2134 4687 14061 2127 4687 14062 2128 4687 14063 2128 4688 14064 2127 4688 14065 1969 4688 14066 1964 4689 14067 2128 4689 14068 1969 4689 14069 1962 4690 14070 2129 4690 14071 2128 4690 14072 2128 4691 14073 1964 4691 14074 1962 4691 14075 2129 4692 14076 2134 4692 14077 2128 4692 14078 1928 4693 14079 2134 4693 14080 2129 4693 14081 1928 4694 14082 2129 4694 14083 1925 4694 14084 2129 4695 14085 2130 4695 14086 1929 4695 14087 2130 4696 14088 2129 4696 14089 2131 4696 14090 2131 4697 14091 2129 4697 14092 1962 4697 14093 1925 4698 14094 2129 4698 14095 1929 4698 14096 2131 4699 14097 1963 4699 14098 2130 4699 14099 1962 4700 14100 1963 4700 14101 2131 4700 14102 1964 4701 14103 1969 4701 14104 1967 4701 14105 2132 4702 14106 2127 4702 14107 2134 4702 14108 1972 4703 14109 2127 4703 14110 2132 4703 14111 1969 4704 14112 2127 4704 14113 1972 4704 14114 2132 4705 14115 2134 4705 14116 2133 4705 14117 2133 4706 14118 1972 4706 14119 2132 4706 14120 2134 4707 14121 1928 4707 14122 2135 4707 14123 1928 4708 14124 1918 4708 14125 2135 4708 14126 2126 4709 14127 2135 4709 14128 2136 4709 14129 2135 4710 14130 1918 4710 14131 2136 4710 14132 2136 4711 14133 1918 4711 14134 1917 4711 14135 1917 4712 14136 1977 4712 14137 2136 4712 14138 2126 4713 14139 2136 4713 14140 1973 4713 14141 2136 4714 14142 1977 4714 14143 1973 4714 14144 2135 4715 14145 2126 4715 14146 2134 4715 14147 1928 4716 14148 1927 4716 14149 1918 4716 14150 1919 4717 14151 1918 4717 14152 1927 4717 14153 1933 4718 14154 2130 4718 14155 1963 4718 14156 1933 4719 14157 1963 4719 14158 1945 4719 14159 1933 4720 14160 1945 4720 14161 1934 4720 14162 1946 4721 14163 1878 4721 14164 2138 4721 14165 1947 4722 14166 1878 4722 14167 1946 4722 14168 2138 4723 14169 1878 4723 14170 2137 4723 14171 2139 4724 14172 1943 4724 14173 2138 4724 14174 2138 4725 14175 2137 4725 14176 2139 4725 14177 2141 4726 14178 1943 4726 14179 2139 4726 14180 2139 4727 14181 2137 4727 14182 2141 4727 14183 2141 4728 14184 2140 4728 14185 1943 4728 14186 2142 4729 14187 2140 4729 14188 2141 4729 14189 2141 4730 14190 2143 4730 14191 2142 4730 14192 2141 4731 14193 2137 4731 14194 2143 4731 14195 2137 4732 14196 2144 4732 14197 2143 4732 14198 2143 4733 14199 2144 4733 14200 2145 4733 14201 2142 4734 14202 2143 4734 14203 2145 4734 14204 2146 4735 14205 2147 4735 14206 2145 4735 14207 2147 4736 14208 2142 4736 14209 2145 4736 14210 2149 4737 14211 2147 4737 14212 2146 4737 14213 2140 4738 14214 2147 4738 14215 2148 4738 14216 2140 4739 14217 2142 4739 14218 2147 4739 14219 2147 4740 14220 2149 4740 14221 2148 4740 14222 2150 4741 14223 2149 4741 14224 2146 4741 14225 2144 4742 14226 2150 4742 14227 2146 4742 14228 1883 4743 14229 2150 4743 14230 2144 4743 14231 2137 4744 14232 1883 4744 14233 2144 4744 14234 1878 4745 14235 1883 4745 14236 2137 4745 14237 1878 4746 14238 1879 4746 14239 1883 4746 14240 2140 4747 14241 2148 4747 14242 2151 4747 14243 2151 4748 14244 1943 4748 14245 2140 4748 14246 2145 4749 14247 2144 4749 14248 2146 4749 14249 1933 4750 14250 1930 4750 14251 2130 4750 14252 1916 4751 14253 1917 4751 14254 1921 4751 14255 1913 4752 14256 1793 4752 14257 1977 4752 14258 1911 4753 14259 1916 4753 14260 1910 4753 14261 1913 4754 14262 1914 4754 14263 1893 4754 14264 2152 4755 14265 1895 4755 14266 1914 4755 14267 2152 4756 14268 1896 4756 14269 1895 4756 14270 1910 4757 14271 2152 4757 14272 1911 4757 14273 1893 4758 14274 1914 4758 14275 1895 4758 14276 2156 4759 14277 1913 4759 14278 2153 4759 14279 2164 4760 14280 2153 4760 14281 1913 4760 14282 1891 4761 14283 1913 4761 14284 1893 4761 14285 1891 4762 14286 2164 4762 14287 1913 4762 14288 1795 4763 14289 1793 4763 14290 1913 4763 14291 1795 4764 14292 1913 4764 14293 2154 4764 14294 2154 4765 14295 1913 4765 14296 2156 4765 14297 2155 4766 14298 2154 4766 14299 2156 4766 14300 2156 4767 14301 2153 4767 14302 2157 4767 14303 2157 4768 14304 2155 4768 14305 2156 4768 14306 2158 4769 14307 2155 4769 14308 2157 4769 14309 2159 4770 14310 2155 4770 14311 2158 4770 14312 2158 4771 14313 2161 4771 14314 2159 4771 14315 2160 4772 14316 2159 4772 14317 2161 4772 14318 2163 4773 14319 2165 4773 14320 2161 4773 14321 2160 4774 14322 2161 4774 14323 2165 4774 14324 2165 4775 14325 2163 4775 14326 2162 4775 14327 2161 4776 14328 2153 4776 14329 2163 4776 14330 2163 4777 14331 1599 4777 14332 2162 4777 14333 2164 4778 14334 1599 4778 14335 2163 4778 14336 2153 4779 14337 2164 4779 14338 2163 4779 14339 1891 4780 14340 1599 4780 14341 2164 4780 14342 2153 4781 14343 2161 4781 14344 2158 4781 14345 2160 4782 14346 2166 4782 14347 1884 4782 14348 2160 4783 14349 1884 4783 14350 2167 4783 14351 2166 4784 14352 2160 4784 14353 2165 4784 14354 2160 4785 14355 2241 4785 14356 2159 4785 14357 2241 4786 14358 2160 4786 14359 2171 4786 14360 2171 4787 14361 2160 4787 14362 2168 4787 14363 2168 4788 14364 2160 4788 14365 2167 4788 14366 2168 4789 14367 2167 4789 14368 2169 4789 14369 2170 4790 14370 2171 4790 14371 2168 4790 14372 2172 4791 14373 2239 4791 14374 2170 4791 14375 2172 4792 14376 2170 4792 14377 2173 4792 14378 2174 4793 14379 2172 4793 14380 2173 4793 14381 2175 4794 14382 2172 4794 14383 2174 4794 14384 2176 4795 14385 2172 4795 14386 2175 4795 14387 2179 4796 14388 2172 4796 14389 2176 4796 14390 2238 4797 14391 2172 4797 14392 2177 4797 14393 2178 4798 14394 2177 4798 14395 2172 4798 14396 2178 4799 14397 2172 4799 14398 2179 4799 14399 2179 4800 14400 2176 4800 14401 2186 4800 14402 2212 4801 14403 2178 4801 14404 2179 4801 14405 2179 4802 14406 2180 4802 14407 2182 4802 14408 2179 4803 14409 2181 4803 14410 2180 4803 14411 2179 4804 14412 2186 4804 14413 2181 4804 14414 2180 4805 14415 2184 4805 14416 2182 4805 14417 2182 4806 14418 2214 4806 14419 2179 4806 14420 2182 4807 14421 2184 4807 14422 2214 4807 14423 2183 4808 14424 2184 4808 14425 2181 4808 14426 2181 4809 14427 2184 4809 14428 2180 4809 14429 2183 4810 14430 2186 4810 14431 2185 4810 14432 2187 4811 14433 2186 4811 14434 2176 4811 14435 2188 4812 14436 2186 4812 14437 2187 4812 14438 2185 4813 14439 2186 4813 14440 2188 4813 14441 2187 4814 14442 2189 4814 14443 2188 4814 14444 2188 4815 14445 2189 4815 14446 2185 4815 14447 2189 4816 14448 2187 4816 14449 1874 4816 14450 2190 4817 14451 2217 4817 14452 2189 4817 14453 2190 4818 14454 2189 4818 14455 1874 4818 14456 2185 4819 14457 2189 4819 14458 2217 4819 14459 1874 4820 14460 2187 4820 14461 2191 4820 14462 2191 4821 14463 2187 4821 14464 2192 4821 14465 2191 4822 14466 2192 4822 14467 2194 4822 14468 2194 4823 14469 2192 4823 14470 2193 4823 14471 2169 4824 14472 2194 4824 14473 2193 4824 14474 2194 4825 14475 2167 4825 14476 1884 4825 14477 2194 4826 14478 2169 4826 14479 2167 4826 14480 2169 4827 14481 2175 4827 14482 2174 4827 14483 2174 4828 14484 2168 4828 14485 2169 4828 14486 2193 4829 14487 2175 4829 14488 2169 4829 14489 2176 4830 14490 2175 4830 14491 2187 4830 14492 2187 4831 14493 2175 4831 14494 2192 4831 14495 2175 4832 14496 2193 4832 14497 2192 4832 14498 2173 4833 14499 2168 4833 14500 2174 4833 14501 2173 4834 14502 2170 4834 14503 2168 4834 14504 2191 4835 14505 2194 4835 14506 1884 4835 14507 2190 4836 14508 1874 4836 14509 2196 4836 14510 2196 4837 14511 2195 4837 14512 2190 4837 14513 1870 4838 14514 2195 4838 14515 2196 4838 14516 1870 4839 14517 1869 4839 14518 2195 4839 14519 2200 4840 14520 2197 4840 14521 1863 4840 14522 1863 4841 14523 2199 4841 14524 1869 4841 14525 2198 4842 14526 1863 4842 14527 2197 4842 14528 2199 4843 14529 1863 4843 14530 2198 4843 14531 2232 4844 14532 2199 4844 14533 2198 4844 14534 2199 4845 14535 2232 4845 14536 2201 4845 14537 2201 4846 14538 2220 4846 14539 2219 4846 14540 2220 4847 14541 2201 4847 14542 2202 4847 14543 2201 4848 14544 2203 4848 14545 2202 4848 14546 2232 4849 14547 2203 4849 14548 2201 4849 14549 2203 4850 14550 2204 4850 14551 2202 4850 14552 2203 4851 14553 2206 4851 14554 2204 4851 14555 2203 4852 14556 2230 4852 14557 2205 4852 14558 2205 4853 14559 2206 4853 14560 2203 4853 14561 2207 4854 14562 2206 4854 14563 2222 4854 14564 2207 4855 14565 2209 4855 14566 2206 4855 14567 2208 4856 14568 2218 4856 14569 2206 4856 14570 2206 4857 14571 2218 4857 14572 2204 4857 14573 2208 4858 14574 2206 4858 14575 2209 4858 14576 2222 4859 14577 2206 4859 14578 2205 4859 14579 2208 4860 14580 2209 4860 14581 2211 4860 14582 2210 4861 14583 2211 4861 14584 2209 4861 14585 2207 4862 14586 2210 4862 14587 2209 4862 14588 2212 4863 14589 2211 4863 14590 2178 4863 14591 2178 4864 14592 2211 4864 14593 2210 4864 14594 2210 4865 14595 2177 4865 14596 2178 4865 14597 2213 4866 14598 2211 4866 14599 2212 4866 14600 2179 4867 14601 2214 4867 14602 2213 4867 14603 2179 4868 14604 2213 4868 14605 2212 4868 14606 2215 4869 14607 2184 4869 14608 2216 4869 14609 2215 4870 14610 2214 4870 14611 2184 4870 14612 2216 4871 14613 2184 4871 14614 2183 4871 14615 2185 4872 14616 2216 4872 14617 2183 4872 14618 2190 4873 14619 2216 4873 14620 2217 4873 14621 2216 4874 14622 2185 4874 14623 2217 4874 14624 2195 4875 14625 2215 4875 14626 2216 4875 14627 2216 4876 14628 2190 4876 14629 2195 4876 14630 2215 4877 14631 1869 4877 14632 2199 4877 14633 1869 4878 14634 2215 4878 14635 2195 4878 14636 2219 4879 14637 2215 4879 14638 2199 4879 14639 2208 4880 14640 2215 4880 14641 2218 4880 14642 2208 4881 14643 2214 4881 14644 2215 4881 14645 2218 4882 14646 2215 4882 14647 2219 4882 14648 2219 4883 14649 2199 4883 14650 2201 4883 14651 2219 4884 14652 2204 4884 14653 2218 4884 14654 2204 4885 14655 2219 4885 14656 2220 4885 14657 2202 4886 14658 2204 4886 14659 2220 4886 14660 2208 4887 14661 2211 4887 14662 2213 4887 14663 2214 4888 14664 2208 4888 14665 2213 4888 14666 1796 4889 14667 2177 4889 14668 2210 4889 14669 1796 4890 14670 2210 4890 14671 2207 4890 14672 2222 4891 14673 2205 4891 14674 2221 4891 14675 2222 4892 14676 2224 4892 14677 2223 4892 14678 2222 4893 14679 2221 4893 14680 2224 4893 14681 2225 4894 14682 2227 4894 14683 2224 4894 14684 2224 4895 14685 2227 4895 14686 2223 4895 14687 2221 4896 14688 2225 4896 14689 2224 4896 14690 2229 4897 14691 2225 4897 14692 2221 4897 14693 2225 4898 14694 2229 4898 14695 2226 4898 14696 2228 4899 14697 2225 4899 14698 2226 4899 14699 2228 4900 14700 1853 4900 14701 2225 4900 14702 1853 4901 14703 2227 4901 14704 2225 4901 14705 2229 4902 14706 2228 4902 14707 2226 4902 14708 2229 4903 14709 1854 4903 14710 2228 4903 14711 1854 4904 14712 2229 4904 14713 2200 4904 14714 2200 4905 14715 2229 4905 14716 2230 4905 14717 2200 4906 14718 2230 4906 14719 2231 4906 14720 2197 4907 14721 2231 4907 14722 2232 4907 14723 2203 4908 14724 2232 4908 14725 2231 4908 14726 2231 4909 14727 2230 4909 14728 2203 4909 14729 2200 4910 14730 2231 4910 14731 2197 4910 14732 2197 4911 14733 2232 4911 14734 2198 4911 14735 2233 4912 14736 2227 4912 14737 1853 4912 14738 1845 4913 14739 2233 4913 14740 1853 4913 14741 1845 4914 14742 2236 4914 14743 2233 4914 14744 2222 4915 14745 2233 4915 14746 2234 4915 14747 2236 4916 14748 2234 4916 14749 2233 4916 14750 2234 4917 14751 2236 4917 14752 2235 4917 14753 2222 4918 14754 2234 4918 14755 2235 4918 14756 2235 4919 14757 2207 4919 14758 2222 4919 14759 2235 4920 14760 1796 4920 14761 2207 4920 14762 2235 4921 14763 2237 4921 14764 1796 4921 14765 1842 4922 14766 1794 4922 14767 2237 4922 14768 1796 4923 14769 2237 4923 14770 1794 4923 14771 1844 4924 14772 2237 4924 14773 2236 4924 14774 2236 4925 14775 2237 4925 14776 2235 4925 14777 2223 4926 14778 2227 4926 14779 2233 4926 14780 2223 4927 14781 2233 4927 14782 2222 4927 14783 2221 4928 14784 2230 4928 14785 2229 4928 14786 2205 4929 14787 2230 4929 14788 2221 4929 14789 2186 4930 14790 2183 4930 14791 2181 4930 14792 2238 4931 14793 2239 4931 14794 2172 4931 14795 2238 4932 14796 2171 4932 14797 2239 4932 14798 2170 4933 14799 2239 4933 14800 2171 4933 14801 2241 4934 14802 2171 4934 14803 2238 4934 14804 2238 4935 14805 1795 4935 14806 2241 4935 14807 2240 4936 14808 2241 4936 14809 1795 4936 14810 2240 4937 14811 2154 4937 14812 2155 4937 14813 2240 4938 14814 1795 4938 14815 2154 4938 14816 2159 4939 14817 2240 4939 14818 2155 4939 14819 2241 4940 14820 2240 4940 14821 2159 4940 14822 1795 4941 14823 2238 4941 14824 2177 4941 14825 1886 4942 14826 1884 4942 14827 2166 4942 14828 1886 4943 14829 2166 4943 14830 2165 4943 14831 2153 4944 14832 2158 4944 14833 2157 4944 14834 1903 4945 14835 1902 4945 14836 1906 4945 14837 2242 4946 14838 1897 4946 14839 1890 4946 14840 1891 4947 14841 1600 4947 14842 1599 4947 14843 1884 4948 14844 1882 4948 14845 2191 4948 14846 2191 4949 14847 1882 4949 14848 1876 4949 14849 1860 4950 14850 1854 4950 14851 2200 4950 14852 1861 4951 14853 1859 4951 14854 1858 4951 14855 1847 4952 14856 1845 4952 14857 1851 4952 14858 1844 4953 14859 1845 4953 14860 1847 4953 14861 1842 4954 14862 1844 4954 14863 1846 4954 14864 1842 4955 14865 1791 4955 14866 1794 4955 14867 1837 4956 14868 1787 4956 14869 1790 4956 14870 1835 4957 14871 1787 4957 14872 1837 4957 14873 1832 4958 14874 2100 4958 14875 1829 4958 14876 1829 4959 14877 2100 4959 14878 1825 4959 14879 1783 4960 14880 1784 4960 14881 1823 4960 14882 1792 4961 14883 2244 4961 14884 2243 4961 14885 2243 4962 14886 2244 4962 14887 1799 4962 14888 1819 4963 14889 1817 4963 14890 2244 4963 14891 1813 4964 14892 1799 4964 14893 2244 4964 14894 1813 4965 14895 2244 4965 14896 1817 4965 14897 1815 4966 14898 2023 4966 14899 1814 4966 14900 2021 4967 14901 1812 4967 14902 2023 4967 14903 1799 4968 14904 2245 4968 14905 1803 4968 14906 2245 4969 14907 1808 4969 14908 1806 4969 14909 1808 4970 14910 2245 4970 14911 1809 4970 14912 1806 4971 14913 1803 4971 14914 2245 4971 14915 1800 4972 14916 1793 4972 14917 1801 4972 14918 1797 4973 14919 1798 4973 14920 1802 4973 14921 1801 4974 14922 1797 4974 14923 1802 4974 14924 1790 4975 14925 1787 4975 14926 1786 4975 14927 1785 4976 14928 1782 4976 14929 1781 4976 14930 2604 4977 14931 2554 4977 14932 2556 4977 14933 2554 4978 14934 2604 4978 14935 3553 4978 14936 2555 4979 14937 2600 4979 14938 2602 4979 14939 2602 4980 14940 2604 4980 14941 2555 4980 14942 2604 4981 14943 2556 4981 14944 2555 4981 14945 2556 4982 14946 2558 4982 14947 2555 4982 14948 2600 4983 14949 2555 4983 14950 2557 4983 14951 2555 4984 14952 2558 4984 14953 2557 4984 14954 2558 4985 14955 2560 4985 14956 2559 4985 14957 2556 4986 14958 2560 4986 14959 2558 4986 14960 2560 4987 14961 2562 4987 14962 2561 4987 14963 2560 4988 14964 2561 4988 14965 2563 4988 14966 2564 4989 14967 2562 4989 14968 2560 4989 14969 2560 4990 14970 2556 4990 14971 2564 4990 14972 2559 4991 14973 2560 4991 14974 2563 4991 14975 2565 4992 14976 2562 4992 14977 2564 4992 14978 2565 4993 14979 2566 4993 14980 2562 4993 14981 3401 4994 14982 2566 4994 14983 2565 4994 14984 3401 4995 14985 2567 4995 14986 2566 4995 14987 2569 4996 14988 2566 4996 14989 2567 4996 14990 2569 4997 14991 2567 4997 14992 2568 4997 14993 2571 4998 14994 2568 4998 14995 2570 4998 14996 2568 4999 14997 2567 4999 14998 2570 4999 14999 2573 5000 15000 2571 5000 15001 2572 5000 15002 2574 5001 15003 2568 5001 15004 2571 5001 15005 2573 5002 15006 2574 5002 15007 2571 5002 15008 2576 5003 15009 2575 5003 15010 2574 5003 15011 2575 5004 15012 2569 5004 15013 2574 5004 15014 2574 5005 15015 2569 5005 15016 2568 5005 15017 2576 5006 15018 2574 5006 15019 2573 5006 15020 2579 5007 15021 2576 5007 15022 2577 5007 15023 2579 5008 15024 2578 5008 15025 2576 5008 15026 2577 5009 15027 2576 5009 15028 2573 5009 15029 2578 5010 15030 2575 5010 15031 2576 5010 15032 2578 5011 15033 2580 5011 15034 2575 5011 15035 2580 5012 15036 2581 5012 15037 2582 5012 15038 2580 5013 15039 2582 5013 15040 2575 5013 15041 2575 5014 15042 2582 5014 15043 2569 5014 15044 2582 5015 15045 2562 5015 15046 2566 5015 15047 2581 5016 15048 2562 5016 15049 2582 5016 15050 2582 5017 15051 2566 5017 15052 2569 5017 15053 2581 5018 15054 2561 5018 15055 2562 5018 15056 2583 5019 15057 2561 5019 15058 2581 5019 15059 2580 5020 15060 2583 5020 15061 2581 5020 15062 2583 5021 15063 2587 5021 15064 2561 5021 15065 2584 5022 15066 2585 5022 15067 2583 5022 15068 2584 5023 15069 2583 5023 15070 2580 5023 15071 2585 5024 15072 2586 5024 15073 2583 5024 15074 2583 5025 15075 2586 5025 15076 2587 5025 15077 2588 5026 15078 2587 5026 15079 2586 5026 15080 2590 5027 15081 2561 5027 15082 2587 5027 15083 2589 5028 15084 2587 5028 15085 2588 5028 15086 2590 5029 15087 2587 5029 15088 2589 5029 15089 2561 5030 15090 2590 5030 15091 2591 5030 15092 2589 5031 15093 3521 5031 15094 2590 5031 15095 3521 5032 15096 2591 5032 15097 2590 5032 15098 2561 5033 15099 2591 5033 15100 2563 5033 15101 2563 5034 15102 2591 5034 15103 2593 5034 15104 2592 5035 15105 2591 5035 15106 3521 5035 15107 2592 5036 15108 2593 5036 15109 2591 5036 15110 2594 5037 15111 2563 5037 15112 2593 5037 15113 2593 5038 15114 2592 5038 15115 2594 5038 15116 2559 5039 15117 2563 5039 15118 2594 5039 15119 2595 5040 15120 2559 5040 15121 2594 5040 15122 2594 5041 15123 2592 5041 15124 2595 5041 15125 2596 5042 15126 2595 5042 15127 2592 5042 15128 2597 5043 15129 2559 5043 15130 2595 5043 15131 2597 5044 15132 2601 5044 15133 2558 5044 15134 2597 5045 15135 2558 5045 15136 2559 5045 15137 2596 5046 15138 2598 5046 15139 2595 5046 15140 2595 5047 15141 2598 5047 15142 2597 5047 15143 2599 5048 15144 3539 5048 15145 2598 5048 15146 3523 5049 15147 2599 5049 15148 2598 5049 15149 2598 5050 15150 2596 5050 15151 3523 5050 15152 2597 5051 15153 2598 5051 15154 3539 5051 15155 2601 5052 15156 3539 5052 15157 2610 5052 15158 2597 5053 15159 3539 5053 15160 2601 5053 15161 3539 5054 15162 2599 5054 15163 3528 5054 15164 2601 5055 15165 2610 5055 15166 2600 5055 15167 2602 5056 15168 2610 5056 15169 2603 5056 15170 2604 5057 15171 2602 5057 15172 2603 5057 15173 2610 5058 15174 2602 5058 15175 2600 5058 15176 2604 5059 15177 2603 5059 15178 2605 5059 15179 2606 5060 15180 2604 5060 15181 2605 5060 15182 3553 5061 15183 2604 5061 15184 2606 5061 15185 2605 5062 15186 2608 5062 15187 2606 5062 15188 3553 5063 15189 2606 5063 15190 2607 5063 15191 2606 5064 15192 2608 5064 15193 2607 5064 15194 2607 5065 15195 2608 5065 15196 3576 5065 15197 2605 5066 15198 2603 5066 15199 2608 5066 15200 2608 5067 15201 2609 5067 15202 2614 5067 15203 2608 5068 15204 2603 5068 15205 2609 5068 15206 2603 5069 15207 2610 5069 15208 2609 5069 15209 2610 5070 15210 2611 5070 15211 2609 5070 15212 2609 5071 15213 2611 5071 15214 2612 5071 15215 2614 5072 15216 2609 5072 15217 2612 5072 15218 2614 5073 15219 2612 5073 15220 2613 5073 15221 2615 5074 15222 2608 5074 15223 2614 5074 15224 2613 5075 15225 2615 5075 15226 2614 5075 15227 2616 5076 15228 2615 5076 15229 2617 5076 15230 2616 5077 15231 2618 5077 15232 2615 5077 15233 2617 5078 15234 2615 5078 15235 2619 5078 15236 2618 5079 15237 2608 5079 15238 2615 5079 15239 2613 5080 15240 2619 5080 15241 2615 5080 15242 2619 5081 15243 2627 5081 15244 2621 5081 15245 2619 5082 15246 2613 5082 15247 2627 5082 15248 2617 5083 15249 2619 5083 15250 2620 5083 15251 2620 5084 15252 2619 5084 15253 2621 5084 15254 2623 5085 15255 2620 5085 15256 2621 5085 15257 2623 5086 15258 2621 5086 15259 2622 5086 15260 2622 5087 15261 2621 5087 15262 2624 5087 15263 2621 5088 15264 2627 5088 15265 2624 5088 15266 2626 5089 15267 2624 5089 15268 2625 5089 15269 2625 5090 15270 2624 5090 15271 2628 5090 15272 2622 5091 15273 2624 5091 15274 2626 5091 15275 2629 5092 15276 2625 5092 15277 2656 5092 15278 2625 5093 15279 2630 5093 15280 2656 5093 15281 2630 5094 15282 2654 5094 15283 2656 5094 15284 2630 5095 15285 2631 5095 15286 2654 5095 15287 2631 5096 15288 2633 5096 15289 2648 5096 15290 2654 5097 15291 2631 5097 15292 2648 5097 15293 2631 5098 15294 2632 5098 15295 2633 5098 15296 2648 5099 15297 2633 5099 15298 2647 5099 15299 2635 5100 15300 2633 5100 15301 2632 5100 15302 2633 5101 15303 2635 5101 15304 2634 5101 15305 2633 5102 15306 2634 5102 15307 2647 5102 15308 2634 5103 15309 2635 5103 15310 2637 5103 15311 3534 5104 15312 2635 5104 15313 2632 5104 15314 3534 5105 15315 2636 5105 15316 2635 5105 15317 2636 5106 15318 2637 5106 15319 2635 5106 15320 2638 5107 15321 2639 5107 15322 2637 5107 15323 2636 5108 15324 2638 5108 15325 2637 5108 15326 2637 5109 15327 2639 5109 15328 2634 5109 15329 2634 5110 15330 2639 5110 15331 2644 5110 15332 2638 5111 15333 2640 5111 15334 2639 5111 15335 2639 5112 15336 2641 5112 15337 2644 5112 15338 2640 5113 15339 2641 5113 15340 2639 5113 15341 2634 5114 15342 2644 5114 15343 2646 5114 15344 2644 5115 15345 2641 5115 15346 2642 5115 15347 2641 5116 15348 2643 5116 15349 2642 5116 15350 2644 5117 15351 2642 5117 15352 2645 5117 15353 2646 5118 15354 2644 5118 15355 2645 5118 15356 2648 5119 15357 2647 5119 15358 2650 5119 15359 2647 5120 15360 2646 5120 15361 2649 5120 15362 2650 5121 15363 2647 5121 15364 2649 5121 15365 2653 5122 15366 2650 5122 15367 2651 5122 15368 2650 5123 15369 2649 5123 15370 2651 5123 15371 2652 5124 15372 2648 5124 15373 2650 5124 15374 2650 5125 15375 2653 5125 15376 2652 5125 15377 2655 5126 15378 2652 5126 15379 2653 5126 15380 2654 5127 15381 2652 5127 15382 2655 5127 15383 2654 5128 15384 2655 5128 15385 2656 5128 15386 2657 5129 15387 2656 5129 15388 2655 5129 15389 2658 5130 15390 2629 5130 15391 2657 5130 15392 2658 5131 15393 2657 5131 15394 2660 5131 15395 2660 5132 15396 2657 5132 15397 2659 5132 15398 2655 5133 15399 2659 5133 15400 2657 5133 15401 2629 5134 15402 2656 5134 15403 2657 5134 15404 2661 5135 15405 2629 5135 15406 2658 5135 15407 2626 5136 15408 2629 5136 15409 2661 5136 15410 2661 5137 15411 2622 5137 15412 2626 5137 15413 2622 5138 15414 2661 5138 15415 2662 5138 15416 2662 5139 15417 2661 5139 15418 3813 5139 15419 2622 5140 15420 2662 5140 15421 2623 5140 15422 2623 5141 15423 2662 5141 15424 2663 5141 15425 2664 5142 15426 2662 5142 15427 3813 5142 15428 2676 5143 15429 2664 5143 15430 2678 5143 15431 2664 5144 15432 3813 5144 15433 2678 5144 15434 2665 5145 15435 2666 5145 15436 2664 5145 15437 2665 5146 15438 2664 5146 15439 2676 5146 15440 2662 5147 15441 2664 5147 15442 2666 5147 15443 2666 5148 15444 2620 5148 15445 2668 5148 15446 2620 5149 15447 2666 5149 15448 2667 5149 15449 2669 5150 15450 2667 5150 15451 2666 5150 15452 2666 5151 15453 2668 5151 15454 2663 5151 15455 2669 5152 15456 2666 5152 15457 2670 5152 15458 2670 5153 15459 2666 5153 15460 2665 5153 15461 2662 5154 15462 2666 5154 15463 2663 5154 15464 2670 5155 15465 2671 5155 15466 3386 5155 15467 3386 5156 15468 2669 5156 15469 2670 5156 15470 2671 5157 15471 2670 5157 15472 2665 5157 15473 3387 5158 15474 3386 5158 15475 2671 5158 15476 2672 5159 15477 2671 5159 15478 2673 5159 15479 3387 5160 15480 2671 5160 15481 2672 5160 15482 2665 5161 15483 2673 5161 15484 2671 5161 15485 2672 5162 15486 2673 5162 15487 2674 5162 15488 2673 5163 15489 2665 5163 15490 2676 5163 15491 2674 5164 15492 2673 5164 15493 2680 5164 15494 2674 5165 15495 2680 5165 15496 2677 5165 15497 2676 5166 15498 2678 5166 15499 2698 5166 15500 2678 5167 15501 2681 5167 15502 2699 5167 15503 2698 5168 15504 2678 5168 15505 2699 5168 15506 2678 5169 15507 2679 5169 15508 2681 5169 15509 2698 5170 15510 2680 5170 15511 2676 5170 15512 2699 5171 15513 2681 5171 15514 3812 5171 15515 2681 5172 15516 2682 5172 15517 2683 5172 15518 2681 5173 15519 2683 5173 15520 3812 5173 15521 2682 5174 15522 2684 5174 15523 2683 5174 15524 2683 5175 15525 2684 5175 15526 2685 5175 15527 2685 5176 15528 2686 5176 15529 2687 5176 15530 2686 5177 15531 2685 5177 15532 2684 5177 15533 2687 5178 15534 2688 5178 15535 2690 5178 15536 3696 5179 15537 2690 5179 15538 2688 5179 15539 2690 5180 15540 3696 5180 15541 2689 5180 15542 2690 5181 15543 2914 5181 15544 2687 5181 15545 2691 5182 15546 2687 5182 15547 2914 5182 15548 2692 5183 15549 2685 5183 15550 2691 5183 15551 2687 5184 15552 2691 5184 15553 2685 5184 15554 2914 5185 15555 2912 5185 15556 2691 5185 15557 2694 5186 15558 2691 5186 15559 2912 5186 15560 2692 5187 15561 2691 5187 15562 2694 5187 15563 2693 5188 15564 2692 5188 15565 2694 5188 15566 2699 5189 15567 3812 5189 15568 2693 5189 15569 3812 5190 15570 2692 5190 15571 2693 5190 15572 2696 5191 15573 2699 5191 15574 2695 5191 15575 2699 5192 15576 2693 5192 15577 2695 5192 15578 2698 5193 15579 2699 5193 15580 2696 5193 15581 2680 5194 15582 2698 5194 15583 2697 5194 15584 2697 5195 15585 2698 5195 15586 2696 5195 15587 2701 5196 15588 2700 5196 15589 2702 5196 15590 2702 5197 15591 2700 5197 15592 2703 5197 15593 2703 5198 15594 2700 5198 15595 2704 5198 15596 2700 5199 15597 2697 5199 15598 2704 5199 15599 2700 5200 15600 2680 5200 15601 2697 5200 15602 2705 5201 15603 2704 5201 15604 2707 5201 15605 2705 5202 15606 2703 5202 15607 2704 5202 15608 2707 5203 15609 2704 5203 15610 2706 5203 15611 2704 5204 15612 2697 5204 15613 2706 5204 15614 2707 5205 15615 2708 5205 15616 2705 5205 15617 2707 5206 15618 2709 5206 15619 2708 5206 15620 3271 5207 15621 2708 5207 15622 2709 5207 15623 2713 5208 15624 2709 5208 15625 2710 5208 15626 2707 5209 15627 2710 5209 15628 2709 5209 15629 3271 5210 15630 2709 5210 15631 2713 5210 15632 2706 5211 15633 2710 5211 15634 2707 5211 15635 2710 5212 15636 2706 5212 15637 2711 5212 15638 2710 5213 15639 2711 5213 15640 3703 5213 15641 3703 5214 15642 2712 5214 15643 2710 5214 15644 2899 5215 15645 2714 5215 15646 2712 5215 15647 2713 5216 15648 2712 5216 15649 2714 5216 15650 2716 5217 15651 2714 5217 15652 2893 5217 15653 2714 5218 15654 2899 5218 15655 2893 5218 15656 2715 5219 15657 2713 5219 15658 2714 5219 15659 2715 5220 15660 2714 5220 15661 2716 5220 15662 2718 5221 15663 2716 5221 15664 2894 5221 15665 2717 5222 15666 2716 5222 15667 2718 5222 15668 2717 5223 15669 2715 5223 15670 2716 5223 15671 2720 5224 15672 2717 5224 15673 2718 5224 15674 2719 5225 15675 2718 5225 15676 2892 5225 15677 2720 5226 15678 2718 5226 15679 2719 5226 15680 2718 5227 15681 2894 5227 15682 2892 5227 15683 2721 5228 15684 2720 5228 15685 2722 5228 15686 2721 5229 15687 3274 5229 15688 2720 5229 15689 3274 5230 15690 2717 5230 15691 2720 5230 15692 2722 5231 15693 2720 5231 15694 2719 5231 15695 2722 5232 15696 2719 5232 15697 2724 5232 15698 2723 5233 15699 2721 5233 15700 2722 5233 15701 2722 5234 15702 2724 5234 15703 3811 5234 15704 3811 5235 15705 2724 5235 15706 2725 5235 15707 2726 5236 15708 3811 5236 15709 2725 5236 15710 3707 5237 15711 2726 5237 15712 2725 5237 15713 3709 5238 15714 2727 5238 15715 2726 5238 15716 2727 5239 15717 3811 5239 15718 2726 5239 15719 3306 5240 15720 3307 5240 15721 2727 5240 15722 2727 5241 15723 2728 5241 15724 3306 5241 15725 2727 5242 15726 3287 5242 15727 2728 5242 15728 2727 5243 15729 2730 5243 15730 3287 5243 15731 2727 5244 15732 2815 5244 15733 2730 5244 15734 3709 5245 15735 2815 5245 15736 2727 5245 15737 2727 5246 15738 3307 5246 15739 2729 5246 15740 2730 5247 15741 3300 5247 15742 2731 5247 15743 2734 5248 15744 2730 5248 15745 2731 5248 15746 2730 5249 15747 2815 5249 15748 2732 5249 15749 3287 5250 15750 2730 5250 15751 2733 5250 15752 2733 5251 15753 2730 5251 15754 2734 5251 15755 2732 5252 15756 2736 5252 15757 2730 5252 15758 2730 5253 15759 2736 5253 15760 2735 5253 15761 2735 5254 15762 3300 5254 15763 2730 5254 15764 2736 5255 15765 3302 5255 15766 2735 5255 15767 2736 5256 15768 2737 5256 15769 2738 5256 15770 3302 5257 15771 2736 5257 15772 2738 5257 15773 2739 5258 15774 2738 5258 15775 2737 5258 15776 2738 5259 15777 2739 5259 15778 2740 5259 15779 2738 5260 15780 2740 5260 15781 3302 5260 15782 2739 5261 15783 2741 5261 15784 2740 5261 15785 2741 5262 15786 3794 5262 15787 2743 5262 15788 3794 5263 15789 2741 5263 15790 2739 5263 15791 2742 5264 15792 2740 5264 15793 2741 5264 15794 2744 5265 15795 2742 5265 15796 2741 5265 15797 2741 5266 15798 2743 5266 15799 2745 5266 15800 2741 5267 15801 2745 5267 15802 2744 5267 15803 2745 5268 15804 2746 5268 15805 2749 5268 15806 2745 5269 15807 2743 5269 15808 2746 5269 15809 2746 5270 15810 2747 5270 15811 2748 5270 15812 2743 5271 15813 2747 5271 15814 2746 5271 15815 2746 5272 15816 2748 5272 15817 2749 5272 15818 2745 5273 15819 2749 5273 15820 2750 5273 15821 2939 5274 15822 2745 5274 15823 2750 5274 15824 2940 5275 15825 2750 5275 15826 2751 5275 15827 2939 5276 15828 2750 5276 15829 2940 5276 15830 2751 5277 15831 2750 5277 15832 2752 5277 15833 2750 5278 15834 2749 5278 15835 2752 5278 15836 2752 5279 15837 2749 5279 15838 2753 5279 15839 2751 5280 15840 2752 5280 15841 3161 5280 15842 3161 5281 15843 2752 5281 15844 3160 5281 15845 2752 5282 15846 3159 5282 15847 3160 5282 15848 3159 5283 15849 2752 5283 15850 2757 5283 15851 2752 5284 15852 2753 5284 15853 2757 5284 15854 2748 5285 15855 2753 5285 15856 2749 5285 15857 2753 5286 15858 2748 5286 15859 2754 5286 15860 2747 5287 15861 2756 5287 15862 2754 5287 15863 2747 5288 15864 2754 5288 15865 2748 5288 15866 2757 5289 15867 2754 5289 15868 2755 5289 15869 2756 5290 15870 2755 5290 15871 2754 5290 15872 2754 5291 15873 2757 5291 15874 2753 5291 15875 2757 5292 15876 2755 5292 15877 2758 5292 15878 2757 5293 15879 2758 5293 15880 2759 5293 15881 2761 5294 15882 2757 5294 15883 2759 5294 15884 2759 5295 15885 2758 5295 15886 2762 5295 15887 2759 5296 15888 2760 5296 15889 2761 5296 15890 2760 5297 15891 2759 5297 15892 2762 5297 15893 3126 5298 15894 2762 5298 15895 2764 5298 15896 2762 5299 15897 3126 5299 15898 2765 5299 15899 2762 5300 15900 2758 5300 15901 2766 5300 15902 2760 5301 15903 2762 5301 15904 2763 5301 15905 2762 5302 15906 3145 5302 15907 2763 5302 15908 2765 5303 15909 3145 5303 15910 2762 5303 15911 2762 5304 15912 2766 5304 15913 2764 5304 15914 2758 5305 15915 2767 5305 15916 2766 5305 15917 2766 5306 15918 2767 5306 15919 2768 5306 15920 2768 5307 15921 2764 5307 15922 2766 5307 15923 2770 5308 15924 2768 5308 15925 2767 5308 15926 2771 5309 15927 2769 5309 15928 2768 5309 15929 2764 5310 15930 2768 5310 15931 2769 5310 15932 2770 5311 15933 2771 5311 15934 2768 5311 15935 2771 5312 15936 3776 5312 15937 2772 5312 15938 2770 5313 15939 3776 5313 15940 2771 5313 15941 2775 5314 15942 2771 5314 15943 2772 5314 15944 2771 5315 15945 2773 5315 15946 2769 5315 15947 2771 5316 15948 2775 5316 15949 2773 5316 15950 2772 5317 15951 2774 5317 15952 2775 5317 15953 2774 5318 15954 2776 5318 15955 2775 5318 15956 2777 5319 15957 2776 5319 15958 2774 5319 15959 2777 5320 15960 3211 5320 15961 2776 5320 15962 2778 5321 15963 2777 5321 15964 2779 5321 15965 2778 5322 15966 2780 5322 15967 2777 5322 15968 2779 5323 15969 2777 5323 15970 2774 5323 15971 2780 5324 15972 3211 5324 15973 2777 5324 15974 2783 5325 15975 2780 5325 15976 2778 5325 15977 2782 5326 15978 2781 5326 15979 2780 5326 15980 2780 5327 15981 2781 5327 15982 3211 5327 15983 2783 5328 15984 2782 5328 15985 2780 5328 15986 2784 5329 15987 2783 5329 15988 2778 5329 15989 2786 5330 15990 2783 5330 15991 2784 5330 15992 2785 5331 15993 2783 5331 15994 2786 5331 15995 2785 5332 15996 2804 5332 15997 2783 5332 15998 2783 5333 15999 2804 5333 16000 2782 5333 16001 2786 5334 16002 2787 5334 16003 2785 5334 16004 2788 5335 16005 2787 5335 16006 2786 5335 16007 2789 5336 16008 2787 5336 16009 2788 5336 16010 2787 5337 16011 2789 5337 16012 2791 5337 16013 2791 5338 16014 2790 5338 16015 2787 5338 16016 2791 5339 16017 2789 5339 16018 3766 5339 16019 2791 5340 16020 2792 5340 16021 2790 5340 16022 2791 5341 16023 2793 5341 16024 2792 5341 16025 2732 5342 16026 2792 5342 16027 2793 5342 16028 2792 5343 16029 2794 5343 16030 2790 5343 16031 2792 5344 16032 2795 5344 16033 2794 5344 16034 2732 5345 16035 2795 5345 16036 2792 5345 16037 2785 5346 16038 2795 5346 16039 2796 5346 16040 2795 5347 16041 2797 5347 16042 2796 5347 16043 2795 5348 16044 2815 5348 16045 2797 5348 16046 2732 5349 16047 2815 5349 16048 2795 5349 16049 2796 5350 16050 2797 5350 16051 2798 5350 16052 2802 5351 16053 2798 5351 16054 2797 5351 16055 2801 5352 16056 2797 5352 16057 2799 5352 16058 2797 5353 16059 2800 5353 16060 2799 5353 16061 2797 5354 16062 2815 5354 16063 2800 5354 16064 2802 5355 16065 2797 5355 16066 2801 5355 16067 2802 5356 16068 2805 5356 16069 2804 5356 16070 2805 5357 16071 2802 5357 16072 2801 5357 16073 2802 5358 16074 2804 5358 16075 2803 5358 16076 2803 5359 16077 2798 5359 16078 2802 5359 16079 2803 5360 16080 2796 5360 16081 2798 5360 16082 2785 5361 16083 2803 5361 16084 2804 5361 16085 2785 5362 16086 2796 5362 16087 2803 5362 16088 2804 5363 16089 2805 5363 16090 2807 5363 16091 2805 5364 16092 2806 5364 16093 2808 5364 16094 2805 5365 16095 2808 5365 16096 2807 5365 16097 2805 5366 16098 2801 5366 16099 2806 5366 16100 2809 5367 16101 2806 5367 16102 2801 5367 16103 2806 5368 16104 2809 5368 16105 2810 5368 16106 2806 5369 16107 2810 5369 16108 2812 5369 16109 2810 5370 16110 2811 5370 16111 2812 5370 16112 2813 5371 16113 2811 5371 16114 2810 5371 16115 2814 5372 16116 2811 5372 16117 2813 5372 16118 2814 5373 16119 3244 5373 16120 2811 5373 16121 2814 5374 16122 2815 5374 16123 2819 5374 16124 2814 5375 16125 2819 5375 16126 2816 5375 16127 3244 5376 16128 2814 5376 16129 2816 5376 16130 3244 5377 16131 2816 5377 16132 2817 5377 16133 2817 5378 16134 2816 5378 16135 3217 5378 16136 2817 5379 16137 3217 5379 16138 3218 5379 16139 2816 5380 16140 2818 5380 16141 3217 5380 16142 2818 5381 16143 3709 5381 16144 2823 5381 16145 3217 5382 16146 2818 5382 16147 2820 5382 16148 2815 5383 16149 2818 5383 16150 2819 5383 16151 2816 5384 16152 2819 5384 16153 2818 5384 16154 2818 5385 16155 2821 5385 16156 2820 5385 16157 2818 5386 16158 2822 5386 16159 2821 5386 16160 2818 5387 16161 2823 5387 16162 2822 5387 16163 2815 5388 16164 3709 5388 16165 2818 5388 16166 2823 5389 16167 2824 5389 16168 2825 5389 16169 2823 5390 16170 2826 5390 16171 2824 5390 16172 2839 5391 16173 2823 5391 16174 2825 5391 16175 2822 5392 16176 2823 5392 16177 2839 5392 16178 2826 5393 16179 3738 5393 16180 2824 5393 16181 2829 5394 16182 2831 5394 16183 3739 5394 16184 3738 5395 16185 3739 5395 16186 2831 5395 16187 2829 5396 16188 2827 5396 16189 2828 5396 16190 2831 5397 16191 2829 5397 16192 2830 5397 16193 2828 5398 16194 2830 5398 16195 2829 5398 16196 2824 5399 16197 3738 5399 16198 2831 5399 16199 2832 5400 16200 2831 5400 16201 2830 5400 16202 2833 5401 16203 2832 5401 16204 2830 5401 16205 2841 5402 16206 2834 5402 16207 2833 5402 16208 2833 5403 16209 2834 5403 16210 2832 5403 16211 2834 5404 16212 2835 5404 16213 2832 5404 16214 2840 5405 16215 2834 5405 16216 2841 5405 16217 2834 5406 16218 2836 5406 16219 2835 5406 16220 2837 5407 16221 2836 5407 16222 2834 5407 16223 2834 5408 16224 2840 5408 16225 2837 5408 16226 2837 5409 16227 2839 5409 16228 2836 5409 16229 2838 5410 16230 2839 5410 16231 2837 5410 16232 2837 5411 16233 2840 5411 16234 2838 5411 16235 2838 5412 16236 2840 5412 16237 3239 5412 16238 2841 5413 16239 2842 5413 16240 2843 5413 16241 2842 5414 16242 2841 5414 16243 2833 5414 16244 2841 5415 16245 2843 5415 16246 2840 5415 16247 2830 5416 16248 2842 5416 16249 2833 5416 16250 2843 5417 16251 2844 5417 16252 3241 5417 16253 2842 5418 16254 2844 5418 16255 2843 5418 16256 2845 5419 16257 2848 5419 16258 2844 5419 16259 2842 5420 16260 2845 5420 16261 2844 5420 16262 2844 5421 16263 2848 5421 16264 2847 5421 16265 2844 5422 16266 2847 5422 16267 3241 5422 16268 3241 5423 16269 2847 5423 16270 2846 5423 16271 2846 5424 16272 2847 5424 16273 3231 5424 16274 2848 5425 16275 2849 5425 16276 2847 5425 16277 2849 5426 16278 3231 5426 16279 2847 5426 16280 3231 5427 16281 2849 5427 16282 2850 5427 16283 2849 5428 16284 2851 5428 16285 2850 5428 16286 2849 5429 16287 2853 5429 16288 2851 5429 16289 2848 5430 16290 2852 5430 16291 2849 5430 16292 2852 5431 16293 2853 5431 16294 2849 5431 16295 2856 5432 16296 2853 5432 16297 2852 5432 16298 2853 5433 16299 2854 5433 16300 2851 5433 16301 2855 5434 16302 2854 5434 16303 2853 5434 16304 2855 5435 16305 2853 5435 16306 2856 5435 16307 2856 5436 16308 2857 5436 16309 2855 5436 16310 2856 5437 16311 2858 5437 16312 2857 5437 16313 2859 5438 16314 2860 5438 16315 2858 5438 16316 2859 5439 16317 2858 5439 16318 2856 5439 16319 2861 5440 16320 2857 5440 16321 2858 5440 16322 2862 5441 16323 2858 5441 16324 2860 5441 16325 2861 5442 16326 2858 5442 16327 2862 5442 16328 2865 5443 16329 2861 5443 16330 2862 5443 16331 2863 5444 16332 2862 5444 16333 2864 5444 16334 2865 5445 16335 2862 5445 16336 2863 5445 16337 2862 5446 16338 2860 5446 16339 2864 5446 16340 2866 5447 16341 2865 5447 16342 2868 5447 16343 2866 5448 16344 2867 5448 16345 2865 5448 16346 2867 5449 16347 2861 5449 16348 2865 5449 16349 2868 5450 16350 2865 5450 16351 2863 5450 16352 2869 5451 16353 2868 5451 16354 2870 5451 16355 2869 5452 16356 2866 5452 16357 2868 5452 16358 2870 5453 16359 2868 5453 16360 2871 5453 16361 2868 5454 16362 2863 5454 16363 2871 5454 16364 2873 5455 16365 2871 5455 16366 3722 5455 16367 2871 5456 16368 2872 5456 16369 3722 5456 16370 2871 5457 16371 2863 5457 16372 2872 5457 16373 2870 5458 16374 2871 5458 16375 2873 5458 16376 2875 5459 16377 2870 5459 16378 2873 5459 16379 2876 5460 16380 2873 5460 16381 2874 5460 16382 2873 5461 16383 3722 5461 16384 2874 5461 16385 2875 5462 16386 2873 5462 16387 2876 5462 16388 2878 5463 16389 2875 5463 16390 2876 5463 16391 2879 5464 16392 2876 5464 16393 2877 5464 16394 2876 5465 16395 2874 5465 16396 2877 5465 16397 2878 5466 16398 2876 5466 16399 2879 5466 16400 2880 5467 16401 2878 5467 16402 2879 5467 16403 2880 5468 16404 2879 5468 16405 2881 5468 16406 2881 5469 16407 2879 5469 16408 2882 5469 16409 2879 5470 16410 2877 5470 16411 2882 5470 16412 2884 5471 16413 2882 5471 16414 2883 5471 16415 2882 5472 16416 2885 5472 16417 2883 5472 16418 2886 5473 16419 2882 5473 16420 2884 5473 16421 2882 5474 16422 2877 5474 16423 2885 5474 16424 2881 5475 16425 2882 5475 16426 2886 5475 16427 2887 5476 16428 2881 5476 16429 2886 5476 16430 2887 5477 16431 2886 5477 16432 2888 5477 16433 2886 5478 16434 2884 5478 16435 2888 5478 16436 2888 5479 16437 2884 5479 16438 2889 5479 16439 2887 5480 16440 2888 5480 16441 2890 5480 16442 2888 5481 16443 2889 5481 16444 2891 5481 16445 2890 5482 16446 2888 5482 16447 2891 5482 16448 2892 5483 16449 2891 5483 16450 2889 5483 16451 2894 5484 16452 2891 5484 16453 2892 5484 16454 2890 5485 16455 2891 5485 16456 2894 5485 16457 2890 5486 16458 2894 5486 16459 2893 5486 16460 2716 5487 16461 2893 5487 16462 2894 5487 16463 2895 5488 16464 2887 5488 16465 2890 5488 16466 2896 5489 16467 2895 5489 16468 2890 5489 16469 2896 5490 16470 2890 5490 16471 2893 5490 16472 2896 5491 16473 2899 5491 16474 2897 5491 16475 2893 5492 16476 2899 5492 16477 2896 5492 16478 2899 5493 16479 2898 5493 16480 2897 5493 16481 2898 5494 16482 2899 5494 16483 2712 5494 16484 2900 5495 16485 2898 5495 16486 2712 5495 16487 2901 5496 16488 2898 5496 16489 2900 5496 16490 2900 5497 16491 2902 5497 16492 2901 5497 16493 2901 5498 16494 2902 5498 16495 2903 5498 16496 2903 5499 16497 2898 5499 16498 2901 5499 16499 2898 5500 16500 2903 5500 16501 2897 5500 16502 2903 5501 16503 2902 5501 16504 2904 5501 16505 2903 5502 16506 2904 5502 16507 2897 5502 16508 2907 5503 16509 2904 5503 16510 2906 5503 16511 2897 5504 16512 2904 5504 16513 2907 5504 16514 2908 5505 16515 2905 5505 16516 2904 5505 16517 2904 5506 16518 2905 5506 16519 2906 5506 16520 2904 5507 16521 2902 5507 16522 2908 5507 16523 2907 5508 16524 2895 5508 16525 2896 5508 16526 2908 5509 16527 2909 5509 16528 2911 5509 16529 2909 5510 16530 2908 5510 16531 2902 5510 16532 2911 5511 16533 2910 5511 16534 2908 5511 16535 2908 5512 16536 2910 5512 16537 2905 5512 16538 2911 5513 16539 2912 5513 16540 2910 5513 16541 2913 5514 16542 2912 5514 16543 2914 5514 16544 2913 5515 16545 2910 5515 16546 2912 5515 16547 2694 5516 16548 2912 5516 16549 2911 5516 16550 2915 5517 16551 2914 5517 16552 2690 5517 16553 2915 5518 16554 2689 5518 16555 3057 5518 16556 2689 5519 16557 2916 5519 16558 3057 5519 16559 2689 5520 16560 3694 5520 16561 2916 5520 16562 2689 5521 16563 2915 5521 16564 2690 5521 16565 3057 5522 16566 2916 5522 16567 3066 5522 16568 2916 5523 16569 2917 5523 16570 3066 5523 16571 2916 5524 16572 2918 5524 16573 2917 5524 16574 3694 5525 16575 2918 5525 16576 2916 5525 16577 2918 5526 16578 2919 5526 16579 2917 5526 16580 2920 5527 16581 3693 5527 16582 2919 5527 16583 2918 5528 16584 2920 5528 16585 2919 5528 16586 2919 5529 16587 3693 5529 16588 2990 5529 16589 3693 5530 16590 2921 5530 16591 2990 5530 16592 3693 5531 16593 3348 5531 16594 2921 5531 16595 3348 5532 16596 2922 5532 16597 2921 5532 16598 2921 5533 16599 2922 5533 16600 2923 5533 16601 2921 5534 16602 2923 5534 16603 2985 5534 16604 2923 5535 16605 2924 5535 16606 2985 5535 16607 2985 5536 16608 2924 5536 16609 2989 5536 16610 2924 5537 16611 2925 5537 16612 2989 5537 16613 2989 5538 16614 2925 5538 16615 2951 5538 16616 2925 5539 16617 2926 5539 16618 2951 5539 16619 2925 5540 16620 3699 5540 16621 2926 5540 16622 3699 5541 16623 3330 5541 16624 2926 5541 16625 2926 5542 16626 3330 5542 16627 2927 5542 16628 3330 5543 16629 2928 5543 16630 2927 5543 16631 2927 5544 16632 2928 5544 16633 2929 5544 16634 2928 5545 16635 2930 5545 16636 2929 5545 16637 2929 5546 16638 2930 5546 16639 2931 5546 16640 2930 5547 16641 2933 5547 16642 2931 5547 16643 2930 5548 16644 2932 5548 16645 2933 5548 16646 2932 5549 16647 2936 5549 16648 2933 5549 16649 2933 5550 16650 2936 5550 16651 2937 5550 16652 2931 5551 16653 2933 5551 16654 2934 5551 16655 2933 5552 16656 2937 5552 16657 2934 5552 16658 2934 5553 16659 2937 5553 16660 2935 5553 16661 2937 5554 16662 2939 5554 16663 2935 5554 16664 2936 5555 16665 2744 5555 16666 2937 5555 16667 2937 5556 16668 2744 5556 16669 2939 5556 16670 2936 5557 16671 2938 5557 16672 2744 5557 16673 2939 5558 16674 2744 5558 16675 2745 5558 16676 2940 5559 16677 2935 5559 16678 2939 5559 16679 2944 5560 16680 2942 5560 16681 2941 5560 16682 2944 5561 16683 2941 5561 16684 2943 5561 16685 2946 5562 16686 2935 5562 16687 2944 5562 16688 2940 5563 16689 2944 5563 16690 2935 5563 16691 2945 5564 16692 2944 5564 16693 2943 5564 16694 2945 5565 16695 2946 5565 16696 2944 5565 16697 2942 5566 16698 2944 5566 16699 2940 5566 16700 2946 5567 16701 2934 5567 16702 2935 5567 16703 2931 5568 16704 2934 5568 16705 2946 5568 16706 2947 5569 16707 2931 5569 16708 2946 5569 16709 2947 5570 16710 2946 5570 16711 2945 5570 16712 2948 5571 16713 2947 5571 16714 2945 5571 16715 2949 5572 16716 2947 5572 16717 2948 5572 16718 2929 5573 16719 2931 5573 16720 2947 5573 16721 2949 5574 16722 2929 5574 16723 2947 5574 16724 2950 5575 16725 2949 5575 16726 2948 5575 16727 2950 5576 16728 2927 5576 16729 2949 5576 16730 2927 5577 16731 2929 5577 16732 2949 5577 16733 2951 5578 16734 2950 5578 16735 2952 5578 16736 2951 5579 16737 2926 5579 16738 2950 5579 16739 2926 5580 16740 2927 5580 16741 2950 5580 16742 2989 5581 16743 2951 5581 16744 2952 5581 16745 2989 5582 16746 2952 5582 16747 2953 5582 16748 2988 5583 16749 2953 5583 16750 2954 5583 16751 2988 5584 16752 2989 5584 16753 2953 5584 16754 2954 5585 16755 2953 5585 16756 2955 5585 16757 2953 5586 16758 2956 5586 16759 2955 5586 16760 2953 5587 16761 2952 5587 16762 2956 5587 16763 2955 5588 16764 2956 5588 16765 2958 5588 16766 2952 5589 16767 2957 5589 16768 2956 5589 16769 2956 5590 16770 2957 5590 16771 2959 5590 16772 2956 5591 16773 2959 5591 16774 2958 5591 16775 2959 5592 16776 2960 5592 16777 2961 5592 16778 2959 5593 16779 2962 5593 16780 2960 5593 16781 2958 5594 16782 2959 5594 16783 2961 5594 16784 2957 5595 16785 2962 5595 16786 2959 5595 16787 2957 5596 16788 2948 5596 16789 2962 5596 16790 2948 5597 16791 2945 5597 16792 2962 5597 16793 2962 5598 16794 2943 5598 16795 2960 5598 16796 2962 5599 16797 2945 5599 16798 2943 5599 16799 3155 5600 16800 2961 5600 16801 2960 5600 16802 3155 5601 16803 2963 5601 16804 2961 5601 16805 2958 5602 16806 2961 5602 16807 2963 5602 16808 2966 5603 16809 2963 5603 16810 2964 5603 16811 2965 5604 16812 2964 5604 16813 2963 5604 16814 2963 5605 16815 3155 5605 16816 2965 5605 16817 2966 5606 16818 2958 5606 16819 2963 5606 16820 2967 5607 16821 2955 5607 16822 2966 5607 16823 2955 5608 16824 2958 5608 16825 2966 5608 16826 2968 5609 16827 2966 5609 16828 2964 5609 16829 2967 5610 16830 2966 5610 16831 2968 5610 16832 2971 5611 16833 2968 5611 16834 2969 5611 16835 2968 5612 16836 2964 5612 16837 2969 5612 16838 2970 5613 16839 2967 5613 16840 2968 5613 16841 2970 5614 16842 2968 5614 16843 2971 5614 16844 2971 5615 16845 2969 5615 16846 2973 5615 16847 2974 5616 16848 2970 5616 16849 2971 5616 16850 2974 5617 16851 2971 5617 16852 2972 5617 16853 2972 5618 16854 2971 5618 16855 2973 5618 16856 2975 5619 16857 2974 5619 16858 2976 5619 16859 2975 5620 16860 2977 5620 16861 2974 5620 16862 2976 5621 16863 2974 5621 16864 2972 5621 16865 2977 5622 16866 2970 5622 16867 2974 5622 16868 2977 5623 16869 2978 5623 16870 2970 5623 16871 2978 5624 16872 2954 5624 16873 2967 5624 16874 2978 5625 16875 2967 5625 16876 2970 5625 16877 2987 5626 16878 2954 5626 16879 2978 5626 16880 2979 5627 16881 2987 5627 16882 2978 5627 16883 2979 5628 16884 2978 5628 16885 2977 5628 16886 2980 5629 16887 2979 5629 16888 2977 5629 16889 3003 5630 16890 2981 5630 16891 2980 5630 16892 2981 5631 16893 2979 5631 16894 2980 5631 16895 2982 5632 16896 2981 5632 16897 3003 5632 16898 2982 5633 16899 2983 5633 16900 2981 5633 16901 2984 5634 16902 2983 5634 16903 2982 5634 16904 2983 5635 16905 2986 5635 16906 2981 5635 16907 2983 5636 16908 2985 5636 16909 2986 5636 16910 2981 5637 16911 2986 5637 16912 2987 5637 16913 2986 5638 16914 2988 5638 16915 2987 5638 16916 2986 5639 16917 2989 5639 16918 2988 5639 16919 2985 5640 16920 2989 5640 16921 2986 5640 16922 2981 5641 16923 2987 5641 16924 2979 5641 16925 2990 5642 16926 2921 5642 16927 2983 5642 16928 2921 5643 16929 2985 5643 16930 2983 5643 16931 2984 5644 16932 2990 5644 16933 2983 5644 16934 2992 5645 16935 2991 5645 16936 2993 5645 16937 2994 5646 16938 2993 5646 16939 2995 5646 16940 2994 5647 16941 2992 5647 16942 2993 5647 16943 2995 5648 16944 2993 5648 16945 2999 5648 16946 2993 5649 16947 3000 5649 16948 2999 5649 16949 2993 5650 16950 2991 5650 16951 3000 5650 16952 2996 5651 16953 2995 5651 16954 2998 5651 16955 2995 5652 16956 2999 5652 16957 2998 5652 16958 2996 5653 16959 2998 5653 16960 2997 5653 16961 2999 5654 16962 3000 5654 16963 3002 5654 16964 2999 5655 16965 3002 5655 16966 3001 5655 16967 2998 5656 16968 2999 5656 16969 3001 5656 16970 3000 5657 16971 3003 5657 16972 3002 5657 16973 3002 5658 16974 3003 5658 16975 3004 5658 16976 3003 5659 16977 2975 5659 16978 3004 5659 16979 3002 5660 16980 3004 5660 16981 3005 5660 16982 3005 5661 16983 3004 5661 16984 3006 5661 16985 3004 5662 16986 2975 5662 16987 3006 5662 16988 3005 5663 16989 3006 5663 16990 3008 5663 16991 3006 5664 16992 2976 5664 16993 3007 5664 16994 3008 5665 16995 3006 5665 16996 3007 5665 16997 3006 5666 16998 2975 5666 16999 2976 5666 17000 3010 5667 17001 3008 5667 17002 3207 5667 17003 3207 5668 17004 3008 5668 17005 3009 5668 17006 3008 5669 17007 3007 5669 17008 3009 5669 17009 3010 5670 17010 3005 5670 17011 3008 5670 17012 3013 5671 17013 3010 5671 17014 3207 5671 17015 3011 5672 17016 3012 5672 17017 3010 5672 17018 3011 5673 17019 3010 5673 17020 3013 5673 17021 3012 5674 17022 3005 5674 17023 3010 5674 17024 3014 5675 17025 3013 5675 17026 3015 5675 17027 3013 5676 17028 3014 5676 17029 3016 5676 17030 3015 5677 17031 3013 5677 17032 3207 5677 17033 3016 5678 17034 3011 5678 17035 3013 5678 17036 3206 5679 17037 3016 5679 17038 3014 5679 17039 3016 5680 17040 3206 5680 17041 3017 5680 17042 3017 5681 17043 3018 5681 17044 3016 5681 17045 3018 5682 17046 3011 5682 17047 3016 5682 17048 3018 5683 17049 3019 5683 17050 3011 5683 17051 3020 5684 17052 3018 5684 17053 3017 5684 17054 3021 5685 17055 3020 5685 17056 3017 5685 17057 3022 5686 17058 3020 5686 17059 3021 5686 17060 3023 5687 17061 3024 5687 17062 3022 5687 17063 3022 5688 17064 3024 5688 17065 3020 5688 17066 3023 5689 17067 3025 5689 17068 3024 5689 17069 3025 5690 17070 3026 5690 17071 3024 5690 17072 3024 5691 17073 3026 5691 17074 3027 5691 17075 3024 5692 17076 3027 5692 17077 3020 5692 17078 3026 5693 17079 3028 5693 17080 3027 5693 17081 3027 5694 17082 3028 5694 17083 3019 5694 17084 3027 5695 17085 3019 5695 17086 3018 5695 17087 3020 5696 17088 3027 5696 17089 3018 5696 17090 3028 5697 17091 3001 5697 17092 3019 5697 17093 3019 5698 17094 3001 5698 17095 3012 5698 17096 3001 5699 17097 3002 5699 17098 3012 5699 17099 3012 5700 17100 3002 5700 17101 3005 5700 17102 2998 5701 17103 3001 5701 17104 3028 5701 17105 3029 5702 17106 2998 5702 17107 3028 5702 17108 3029 5703 17109 3028 5703 17110 3026 5703 17111 3030 5704 17112 3029 5704 17113 3025 5704 17114 3030 5705 17115 2997 5705 17116 3029 5705 17117 3025 5706 17118 3029 5706 17119 3026 5706 17120 2997 5707 17121 2998 5707 17122 3029 5707 17123 3031 5708 17124 2997 5708 17125 3030 5708 17126 3032 5709 17127 3031 5709 17128 3030 5709 17129 3044 5710 17130 3031 5710 17131 3032 5710 17132 3032 5711 17133 3030 5711 17134 3033 5711 17135 3034 5712 17136 3033 5712 17137 3023 5712 17138 3023 5713 17139 3022 5713 17140 3036 5713 17141 3034 5714 17142 3023 5714 17143 3036 5714 17144 3036 5715 17145 3022 5715 17146 3035 5715 17147 3021 5716 17148 3035 5716 17149 3022 5716 17150 3035 5717 17151 3021 5717 17152 3037 5717 17153 3038 5718 17154 3037 5718 17155 3204 5718 17156 3037 5719 17157 3021 5719 17158 3204 5719 17159 3039 5720 17160 3040 5720 17161 3037 5720 17162 3039 5721 17163 3037 5721 17164 3038 5721 17165 3040 5722 17166 3041 5722 17167 2857 5722 17168 3041 5723 17169 3040 5723 17170 3039 5723 17171 3035 5724 17172 3040 5724 17173 3042 5724 17174 3042 5725 17175 3040 5725 17176 2857 5725 17177 3040 5726 17178 3035 5726 17179 3037 5726 17180 3042 5727 17181 3036 5727 17182 3035 5727 17183 3036 5728 17184 3042 5728 17185 2867 5728 17186 2867 5729 17187 3034 5729 17188 3036 5729 17189 2866 5730 17190 3043 5730 17191 3034 5730 17192 3033 5731 17193 3034 5731 17194 3043 5731 17195 2869 5732 17196 3045 5732 17197 3043 5732 17198 3043 5733 17199 3045 5733 17200 3044 5733 17201 3032 5734 17202 3043 5734 17203 3044 5734 17204 3045 5735 17205 3048 5735 17206 3044 5735 17207 3045 5736 17208 2869 5736 17209 3046 5736 17210 3045 5737 17211 3046 5737 17212 3047 5737 17213 3047 5738 17214 3049 5738 17215 3045 5738 17216 3048 5739 17217 3045 5739 17218 3049 5739 17219 3049 5740 17220 3050 5740 17221 3051 5740 17222 3051 5741 17223 3050 5741 17224 2880 5741 17225 3050 5742 17226 3047 5742 17227 2878 5742 17228 3049 5743 17229 3047 5743 17230 3050 5743 17231 3050 5744 17232 2878 5744 17233 2880 5744 17234 3052 5745 17235 3061 5745 17236 3051 5745 17237 3051 5746 17238 2880 5746 17239 3052 5746 17240 3049 5747 17241 3051 5747 17242 3072 5747 17243 3061 5748 17244 3053 5748 17245 3051 5748 17246 3051 5749 17247 3053 5749 17248 3072 5749 17249 3061 5750 17250 3059 5750 17251 3053 5750 17252 3056 5751 17253 3053 5751 17254 3059 5751 17255 3056 5752 17256 3054 5752 17257 3053 5752 17258 3056 5753 17259 3055 5753 17260 3054 5753 17261 3057 5754 17262 3056 5754 17263 2915 5754 17264 3056 5755 17265 2913 5755 17266 2915 5755 17267 2913 5756 17268 3056 5756 17269 3059 5756 17270 2913 5757 17271 3059 5757 17272 3058 5757 17273 2905 5758 17274 3060 5758 17275 2906 5758 17276 3058 5759 17277 3059 5759 17278 3060 5759 17279 2905 5760 17280 3058 5760 17281 3060 5760 17282 2910 5761 17283 2913 5761 17284 3058 5761 17285 2910 5762 17286 3058 5762 17287 2905 5762 17288 3059 5763 17289 3061 5763 17290 3060 5763 17291 3061 5764 17292 3052 5764 17293 3062 5764 17294 3062 5765 17295 3060 5765 17296 3061 5765 17297 3063 5766 17298 3062 5766 17299 3052 5766 17300 3062 5767 17301 3063 5767 17302 3064 5767 17303 2906 5768 17304 3062 5768 17305 3064 5768 17306 3062 5769 17307 2906 5769 17308 3060 5769 17309 3064 5770 17310 3063 5770 17311 3065 5770 17312 3065 5771 17313 2906 5771 17314 3064 5771 17315 2907 5772 17316 2906 5772 17317 3065 5772 17318 3065 5773 17319 2895 5773 17320 2907 5773 17321 3065 5774 17322 3063 5774 17323 2895 5774 17324 3052 5775 17325 2881 5775 17326 3063 5775 17327 3063 5776 17328 2887 5776 17329 2895 5776 17330 3063 5777 17331 2881 5777 17332 2887 5777 17333 2914 5778 17334 2915 5778 17335 2913 5778 17336 3056 5779 17337 3057 5779 17338 3055 5779 17339 3057 5780 17340 3066 5780 17341 3055 5780 17342 3055 5781 17343 3066 5781 17344 3067 5781 17345 3066 5782 17346 2994 5782 17347 3067 5782 17348 3066 5783 17349 3068 5783 17350 2994 5783 17351 3066 5784 17352 2917 5784 17353 3068 5784 17354 3068 5785 17355 2992 5785 17356 2994 5785 17357 3068 5786 17358 3069 5786 17359 2992 5786 17360 2917 5787 17361 3069 5787 17362 3068 5787 17363 2917 5788 17364 2919 5788 17365 3069 5788 17366 2919 5789 17367 2990 5789 17368 3069 5789 17369 3069 5790 17370 2990 5790 17371 2984 5790 17372 2992 5791 17373 3069 5791 17374 2991 5791 17375 3069 5792 17376 2984 5792 17377 2991 5792 17378 3055 5793 17379 3067 5793 17380 3070 5793 17381 3070 5794 17382 3067 5794 17383 2996 5794 17384 3067 5795 17385 2994 5795 17386 2995 5795 17387 3067 5796 17388 2995 5796 17389 2996 5796 17390 3054 5797 17391 3055 5797 17392 3070 5797 17393 3070 5798 17394 3072 5798 17395 3054 5798 17396 3072 5799 17397 3070 5799 17398 3071 5799 17399 3049 5800 17400 3072 5800 17401 3048 5800 17402 3071 5801 17403 3048 5801 17404 3072 5801 17405 3048 5802 17406 3071 5802 17407 3031 5802 17408 3070 5803 17409 2996 5803 17410 3071 5803 17411 3071 5804 17412 2997 5804 17413 3031 5804 17414 3071 5805 17415 2996 5805 17416 2997 5805 17417 3053 5806 17418 3054 5806 17419 3072 5806 17420 3052 5807 17421 2880 5807 17422 2881 5807 17423 3047 5808 17424 3046 5808 17425 2875 5808 17426 3047 5809 17427 2875 5809 17428 2878 5809 17429 3046 5810 17430 2869 5810 17431 2870 5810 17432 3046 5811 17433 2870 5811 17434 2875 5811 17435 3043 5812 17436 3032 5812 17437 3033 5812 17438 3043 5813 17439 2866 5813 17440 2869 5813 17441 3034 5814 17442 2867 5814 17443 2866 5814 17444 2867 5815 17445 3042 5815 17446 2861 5815 17447 3042 5816 17448 2857 5816 17449 2861 5816 17450 2854 5817 17451 2855 5817 17452 3041 5817 17453 2857 5818 17454 3041 5818 17455 2855 5818 17456 3039 5819 17457 2854 5819 17458 3041 5819 17459 2854 5820 17460 3039 5820 17461 3074 5820 17462 3074 5821 17463 3039 5821 17464 3038 5821 17465 3204 5822 17466 3074 5822 17467 3038 5822 17468 3073 5823 17469 3074 5823 17470 3204 5823 17471 3074 5824 17472 3075 5824 17473 2854 5824 17474 3073 5825 17475 3076 5825 17476 3074 5825 17477 3075 5826 17478 3074 5826 17479 3076 5826 17480 3078 5827 17481 3076 5827 17482 3073 5827 17483 3078 5828 17484 3079 5828 17485 3076 5828 17486 3077 5829 17487 3079 5829 17488 3078 5829 17489 3186 5830 17490 3077 5830 17491 3078 5830 17492 3202 5831 17493 3078 5831 17494 3073 5831 17495 3080 5832 17496 3076 5832 17497 3079 5832 17498 3082 5833 17499 3080 5833 17500 3079 5833 17501 3079 5834 17502 3077 5834 17503 3082 5834 17504 3082 5835 17505 3081 5835 17506 3080 5835 17507 3084 5836 17508 3081 5836 17509 3082 5836 17510 3082 5837 17511 3083 5837 17512 3084 5837 17513 3083 5838 17514 3082 5838 17515 3077 5838 17516 3083 5839 17517 3086 5839 17518 3084 5839 17519 3084 5840 17520 3085 5840 17521 3081 5840 17522 3085 5841 17523 3084 5841 17524 3086 5841 17525 3086 5842 17526 3087 5842 17527 3085 5842 17528 3089 5843 17529 3087 5843 17530 3086 5843 17531 3086 5844 17532 3088 5844 17533 3089 5844 17534 3088 5845 17535 3086 5845 17536 3083 5845 17537 3091 5846 17538 3089 5846 17539 3090 5846 17540 3088 5847 17541 3090 5847 17542 3089 5847 17543 3089 5848 17544 3091 5848 17545 3087 5848 17546 3129 5849 17547 3091 5849 17548 3090 5849 17549 3093 5850 17550 3091 5850 17551 3129 5850 17552 3094 5851 17553 3087 5851 17554 3091 5851 17555 3092 5852 17556 3094 5852 17557 3091 5852 17558 3092 5853 17559 3091 5853 17560 3093 5853 17561 3095 5854 17562 3096 5854 17563 3094 5854 17564 3092 5855 17565 3095 5855 17566 3094 5855 17567 3096 5856 17568 3087 5856 17569 3094 5856 17570 3097 5857 17571 3085 5857 17572 3096 5857 17573 3098 5858 17574 3097 5858 17575 3096 5858 17576 3098 5859 17577 3096 5859 17578 3095 5859 17579 3096 5860 17580 3085 5860 17581 3087 5860 17582 3101 5861 17583 3098 5861 17584 3095 5861 17585 3100 5862 17586 3099 5862 17587 3098 5862 17588 3099 5863 17589 3097 5863 17590 3098 5863 17591 3100 5864 17592 3098 5864 17593 3101 5864 17594 3223 5865 17595 3101 5865 17596 3103 5865 17597 3101 5866 17598 3095 5866 17599 3104 5866 17600 3103 5867 17601 3101 5867 17602 3104 5867 17603 3102 5868 17604 3223 5868 17605 3103 5868 17606 3103 5869 17607 3104 5869 17608 3105 5869 17609 3103 5870 17610 3105 5870 17611 3107 5870 17612 3109 5871 17613 3106 5871 17614 3107 5871 17615 3108 5872 17616 3109 5872 17617 3107 5872 17618 3107 5873 17619 3105 5873 17620 3108 5873 17621 3110 5874 17622 3106 5874 17623 3109 5874 17624 3109 5875 17625 3213 5875 17626 3110 5875 17627 3115 5876 17628 3111 5876 17629 3114 5876 17630 3112 5877 17631 3213 5877 17632 3113 5877 17633 3115 5878 17634 3113 5878 17635 3213 5878 17636 3114 5879 17637 3113 5879 17638 3115 5879 17639 3111 5880 17640 3113 5880 17641 3114 5880 17642 3214 5881 17643 3117 5881 17644 3111 5881 17645 3111 5882 17646 3117 5882 17647 3116 5882 17648 3113 5883 17649 3111 5883 17650 3116 5883 17651 3113 5884 17652 3116 5884 17653 3112 5884 17654 3214 5885 17655 3118 5885 17656 3117 5885 17657 3118 5886 17658 3214 5886 17659 3108 5886 17660 3108 5887 17661 3105 5887 17662 3118 5887 17663 3117 5888 17664 3118 5888 17665 3120 5888 17666 3104 5889 17667 3120 5889 17668 3118 5889 17669 3104 5890 17670 3118 5890 17671 3105 5890 17672 3120 5891 17673 3119 5891 17674 3116 5891 17675 3120 5892 17676 3104 5892 17677 3119 5892 17678 3116 5893 17679 3119 5893 17680 3112 5893 17681 3116 5894 17682 3117 5894 17683 3120 5894 17684 3104 5895 17685 3121 5895 17686 3119 5895 17687 3123 5896 17688 3119 5896 17689 3121 5896 17690 3121 5897 17691 3122 5897 17692 3123 5897 17693 3093 5898 17694 3122 5898 17695 3092 5898 17696 2773 5899 17697 3122 5899 17698 3124 5899 17699 2773 5900 17700 3123 5900 17701 3122 5900 17702 3092 5901 17703 3122 5901 17704 3121 5901 17705 3122 5902 17706 3093 5902 17707 3124 5902 17708 3121 5903 17709 3095 5903 17710 3092 5903 17711 2773 5904 17712 3124 5904 17713 2769 5904 17714 3126 5905 17715 2769 5905 17716 3124 5905 17717 3124 5906 17718 3127 5906 17719 3125 5906 17720 3126 5907 17721 3124 5907 17722 3125 5907 17723 3127 5908 17724 3124 5908 17725 3093 5908 17726 3128 5909 17727 3125 5909 17728 3127 5909 17729 3129 5910 17730 3128 5910 17731 3127 5910 17732 3127 5911 17733 3093 5911 17734 3129 5911 17735 3128 5912 17736 3129 5912 17737 3130 5912 17738 3143 5913 17739 3130 5913 17740 3132 5913 17741 3143 5914 17742 3128 5914 17743 3130 5914 17744 3130 5915 17745 3131 5915 17746 3132 5915 17747 3131 5916 17748 3130 5916 17749 3088 5916 17750 3130 5917 17751 3090 5917 17752 3088 5917 17753 3090 5918 17754 3130 5918 17755 3129 5918 17756 3132 5919 17757 3133 5919 17758 3142 5919 17759 3135 5920 17760 3142 5920 17761 3133 5920 17762 3135 5921 17763 3133 5921 17764 3134 5921 17765 3131 5922 17766 3134 5922 17767 3133 5922 17768 3131 5923 17769 3133 5923 17770 3132 5923 17771 3138 5924 17772 3142 5924 17773 3135 5924 17774 3135 5925 17775 3136 5925 17776 3138 5925 17777 3136 5926 17778 3135 5926 17779 3137 5926 17780 3139 5927 17781 3138 5927 17782 3136 5927 17783 3139 5928 17784 3140 5928 17785 3138 5928 17786 3140 5929 17787 3141 5929 17788 3138 5929 17789 3138 5930 17790 3141 5930 17791 3142 5930 17792 3143 5931 17793 3142 5931 17794 3141 5931 17795 3132 5932 17796 3142 5932 17797 3143 5932 17798 3143 5933 17799 3141 5933 17800 3144 5933 17801 3144 5934 17802 3128 5934 17803 3143 5934 17804 2765 5935 17805 3144 5935 17806 3145 5935 17807 3141 5936 17808 3145 5936 17809 3144 5936 17810 3144 5937 17811 2765 5937 17812 3128 5937 17813 3146 5938 17814 3145 5938 17815 3141 5938 17816 3140 5939 17817 3147 5939 17818 3146 5939 17819 2763 5940 17820 3146 5940 17821 3147 5940 17822 3141 5941 17823 3140 5941 17824 3146 5941 17825 3145 5942 17826 3146 5942 17827 2763 5942 17828 3148 5943 17829 3147 5943 17830 3140 5943 17831 3151 5944 17832 3148 5944 17833 3139 5944 17834 3139 5945 17835 3148 5945 17836 3140 5945 17837 3151 5946 17838 3149 5946 17839 3148 5946 17840 3149 5947 17841 3150 5947 17842 3148 5947 17843 3148 5948 17844 3150 5948 17845 3147 5948 17846 2965 5949 17847 3151 5949 17848 3152 5949 17849 2965 5950 17850 3153 5950 17851 3151 5950 17852 3152 5951 17853 3151 5951 17854 3139 5951 17855 3153 5952 17856 3149 5952 17857 3151 5952 17858 3153 5953 17859 3154 5953 17860 3149 5953 17861 3155 5954 17862 3153 5954 17863 2965 5954 17864 3166 5955 17865 3156 5955 17866 3155 5955 17867 3155 5956 17868 3156 5956 17869 3153 5956 17870 3156 5957 17871 3157 5957 17872 3153 5957 17873 3157 5958 17874 3159 5958 17875 3158 5958 17876 3157 5959 17877 3158 5959 17878 3154 5959 17879 3153 5960 17880 3157 5960 17881 3154 5960 17882 3157 5961 17883 3160 5961 17884 3159 5961 17885 3159 5962 17886 2757 5962 17887 3158 5962 17888 2757 5963 17889 2761 5963 17890 3158 5963 17891 3162 5964 17892 3161 5964 17893 3160 5964 17894 3162 5965 17895 3160 5965 17896 3157 5965 17897 3156 5966 17898 3162 5966 17899 3157 5966 17900 3163 5967 17901 3162 5967 17902 3156 5967 17903 3163 5968 17904 3164 5968 17905 3162 5968 17906 3164 5969 17907 3161 5969 17908 3162 5969 17909 2942 5970 17910 2751 5970 17911 3164 5970 17912 3164 5971 17913 2751 5971 17914 3161 5971 17915 2940 5972 17916 2751 5972 17917 2942 5972 17918 2941 5973 17919 2942 5973 17920 3164 5973 17921 3163 5974 17922 2941 5974 17923 3164 5974 17924 3166 5975 17925 3163 5975 17926 3156 5975 17927 2941 5976 17928 3163 5976 17929 3166 5976 17930 3154 5977 17931 3158 5977 17932 3165 5977 17933 2761 5978 17934 3165 5978 17935 3158 5978 17936 3149 5979 17937 3165 5979 17938 3150 5979 17939 2761 5980 17940 3150 5980 17941 3165 5980 17942 3154 5981 17943 3165 5981 17944 3149 5981 17945 3167 5982 17946 2941 5982 17947 3166 5982 17948 2941 5983 17949 3167 5983 17950 2943 5983 17951 3166 5984 17952 2960 5984 17953 3167 5984 17954 3167 5985 17955 2960 5985 17956 2943 5985 17957 3155 5986 17958 2960 5986 17959 3166 5986 17960 3170 5987 17961 2965 5987 17962 3152 5987 17963 3169 5988 17964 3152 5988 17965 3168 5988 17966 3152 5989 17967 3136 5989 17968 3168 5989 17969 3170 5990 17970 3152 5990 17971 3169 5990 17972 3152 5991 17973 3139 5991 17974 3136 5991 17975 2964 5992 17976 2965 5992 17977 3170 5992 17978 3170 5993 17979 2969 5993 17980 2964 5993 17981 3169 5994 17982 2969 5994 17983 3170 5994 17984 3168 5995 17985 2973 5995 17986 3169 5995 17987 3169 5996 17988 2973 5996 17989 2969 5996 17990 3171 5997 17991 2973 5997 17992 3168 5997 17993 3171 5998 17994 3172 5998 17995 2973 5998 17996 3173 5999 17997 2972 5999 17998 3172 5999 17999 3171 6000 18000 3173 6000 18001 3172 6000 18002 2972 6001 18003 2973 6001 18004 3172 6001 18005 3174 6002 18006 3175 6002 18007 3171 6002 18008 3173 6003 18009 3171 6003 18010 3175 6003 18011 3175 6004 18012 3174 6004 18013 3176 6004 18014 3175 6005 18015 3176 6005 18016 3178 6005 18017 3178 6006 18018 3173 6006 18019 3175 6006 18020 3178 6007 18021 3177 6007 18022 3173 6007 18023 3178 6008 18024 3176 6008 18025 3179 6008 18026 3178 6009 18027 3179 6009 18028 3208 6009 18029 3208 6010 18030 3179 6010 18031 3180 6010 18032 3176 6011 18033 3181 6011 18034 3179 6011 18035 3179 6012 18036 3182 6012 18037 3180 6012 18038 3179 6013 18039 3181 6013 18040 3183 6013 18041 3182 6014 18042 3179 6014 18043 3183 6014 18044 3181 6015 18045 3184 6015 18046 3183 6015 18047 3183 6016 18048 3185 6016 18049 3182 6016 18050 3183 6017 18051 3184 6017 18052 3185 6017 18053 3185 6018 18054 3188 6018 18055 3186 6018 18056 3185 6019 18057 3186 6019 18058 3187 6019 18059 3182 6020 18060 3185 6020 18061 3187 6020 18062 3184 6021 18063 3188 6021 18064 3185 6021 18065 3184 6022 18066 3189 6022 18067 3188 6022 18068 3077 6023 18069 3186 6023 18070 3188 6023 18071 3190 6024 18072 3077 6024 18073 3188 6024 18074 3188 6025 18075 3189 6025 18076 3190 6025 18077 3083 6026 18078 3190 6026 18079 3191 6026 18080 3190 6027 18081 3083 6027 18082 3077 6027 18083 3189 6028 18084 3191 6028 18085 3190 6028 18086 3192 6029 18087 3083 6029 18088 3191 6029 18089 3191 6030 18090 3193 6030 18091 3192 6030 18092 3191 6031 18093 3189 6031 18094 3193 6031 18095 3195 6032 18096 3194 6032 18097 3193 6032 18098 3192 6033 18099 3193 6033 18100 3194 6033 18101 3195 6034 18102 3193 6034 18103 3196 6034 18104 3196 6035 18105 3193 6035 18106 3189 6035 18107 3197 6036 18108 3195 6036 18109 3196 6036 18110 3196 6037 18111 3189 6037 18112 3184 6037 18113 3181 6038 18114 3196 6038 18115 3184 6038 18116 3197 6039 18117 3196 6039 18118 3181 6039 18119 3181 6040 18120 3176 6040 18121 3197 6040 18122 3197 6041 18123 3174 6041 18124 3137 6041 18125 3174 6042 18126 3197 6042 18127 3176 6042 18128 3137 6043 18129 3195 6043 18130 3197 6043 18131 3135 6044 18132 3134 6044 18133 3195 6044 18134 3195 6045 18135 3134 6045 18136 3194 6045 18137 3137 6046 18138 3135 6046 18139 3195 6046 18140 3198 6047 18141 3194 6047 18142 3134 6047 18143 3192 6048 18144 3194 6048 18145 3198 6048 18146 3198 6049 18147 3134 6049 18148 3131 6049 18149 3131 6050 18150 3088 6050 18151 3198 6050 18152 3088 6051 18153 3192 6051 18154 3198 6051 18155 3192 6052 18156 3088 6052 18157 3083 6052 18158 3187 6053 18159 3186 6053 18160 3200 6053 18161 3182 6054 18162 3187 6054 18163 3199 6054 18164 3199 6055 18165 3187 6055 18166 3200 6055 18167 3199 6056 18168 3200 6056 18169 3201 6056 18170 3201 6057 18171 3200 6057 18172 3202 6057 18173 3203 6058 18174 3202 6058 18175 3205 6058 18176 3201 6059 18177 3202 6059 18178 3203 6059 18179 3205 6060 18180 3073 6060 18181 3204 6060 18182 3202 6061 18183 3073 6061 18184 3205 6061 18185 3204 6062 18186 3206 6062 18187 3205 6062 18188 3203 6063 18189 3205 6063 18190 3206 6063 18191 3180 6064 18192 3201 6064 18193 3203 6064 18194 3015 6065 18195 3180 6065 18196 3203 6065 18197 3208 6066 18198 3180 6066 18199 3207 6066 18200 3180 6067 18201 3015 6067 18202 3207 6067 18203 3208 6068 18204 3207 6068 18205 3009 6068 18206 3208 6069 18207 3009 6069 18208 3178 6069 18209 3178 6070 18210 3009 6070 18211 3177 6070 18212 3014 6071 18213 3203 6071 18214 3206 6071 18215 3015 6072 18216 3203 6072 18217 3014 6072 18218 3017 6073 18219 3204 6073 18220 3021 6073 18221 3017 6074 18222 3206 6074 18223 3204 6074 18224 3180 6075 18225 3199 6075 18226 3201 6075 18227 3078 6076 18228 3200 6076 18229 3186 6076 18230 3202 6077 18231 3200 6077 18232 3078 6077 18233 3180 6078 18234 3182 6078 18235 3199 6078 18236 3009 6079 18237 3007 6079 18238 3177 6079 18239 3007 6080 18240 3209 6080 18241 3177 6080 18242 3177 6081 18243 3209 6081 18244 3173 6081 18245 3007 6082 18246 2976 6082 18247 3209 6082 18248 2976 6083 18249 2972 6083 18250 3209 6083 18251 3209 6084 18252 2972 6084 18253 3173 6084 18254 3168 6085 18255 3137 6085 18256 3174 6085 18257 3171 6086 18258 3168 6086 18259 3174 6086 18260 3168 6087 18261 3136 6087 18262 3137 6087 18263 2760 6088 18264 3147 6088 18265 3150 6088 18266 3150 6089 18267 2761 6089 18268 2760 6089 18269 2763 6090 18270 3147 6090 18271 2760 6090 18272 2765 6091 18273 3125 6091 18274 3128 6091 18275 3125 6092 18276 2765 6092 18277 3126 6092 18278 2776 6093 18279 3210 6093 18280 3123 6093 18281 2775 6094 18282 2776 6094 18283 3123 6094 18284 3123 6095 18285 2773 6095 18286 2775 6095 18287 3210 6096 18288 3119 6096 18289 3123 6096 18290 3211 6097 18291 3210 6097 18292 2776 6097 18293 2781 6098 18294 3212 6098 18295 3211 6098 18296 3212 6099 18297 3210 6099 18298 3211 6099 18299 2807 6100 18300 3212 6100 18301 2781 6100 18302 2807 6101 18303 2808 6101 18304 3212 6101 18305 3212 6102 18306 3112 6102 18307 3210 6102 18308 2808 6103 18309 2812 6103 18310 3212 6103 18311 2812 6104 18312 3213 6104 18313 3212 6104 18314 3212 6105 18315 3213 6105 18316 3112 6105 18317 2812 6106 18318 2811 6106 18319 3213 6106 18320 3210 6107 18321 3112 6107 18322 3119 6107 18323 3095 6108 18324 3121 6108 18325 3104 6108 18326 3111 6109 18327 3115 6109 18328 3214 6109 18329 3108 6110 18330 3214 6110 18331 3109 6110 18332 3115 6111 18333 3109 6111 18334 3214 6111 18335 3115 6112 18336 3213 6112 18337 3109 6112 18338 2811 6113 18339 3110 6113 18340 3213 6113 18341 3244 6114 18342 3106 6114 18343 3110 6114 18344 3110 6115 18345 2811 6115 18346 3244 6115 18347 2817 6116 18348 3106 6116 18349 3244 6116 18350 3215 6117 18351 3107 6117 18352 3106 6117 18353 2817 6118 18354 3215 6118 18355 3106 6118 18356 3218 6119 18357 3216 6119 18358 2817 6119 18359 3218 6120 18360 3219 6120 18361 3220 6120 18362 3218 6121 18363 3217 6121 18364 3219 6121 18365 3217 6122 18366 2820 6122 18367 3219 6122 18368 3219 6123 18369 2820 6123 18370 2821 6123 18371 3219 6124 18372 3221 6124 18373 3220 6124 18374 3222 6125 18375 3220 6125 18376 3221 6125 18377 3218 6126 18378 3220 6126 18379 3216 6126 18380 3220 6127 18381 3102 6127 18382 3216 6127 18383 3216 6128 18384 3102 6128 18385 3103 6128 18386 2817 6129 18387 3216 6129 18388 3215 6129 18389 3216 6130 18390 3103 6130 18391 3215 6130 18392 3222 6131 18393 3102 6131 18394 3220 6131 18395 3222 6132 18396 3243 6132 18397 3102 6132 18398 3243 6133 18399 3224 6133 18400 3102 6133 18401 3102 6134 18402 3224 6134 18403 3223 6134 18404 3224 6135 18405 3100 6135 18406 3223 6135 18407 3223 6136 18408 3100 6136 18409 3101 6136 18410 3224 6137 18411 3225 6137 18412 3100 6137 18413 3099 6138 18414 3100 6138 18415 3225 6138 18416 3227 6139 18417 3226 6139 18418 3225 6139 18419 3228 6140 18420 3225 6140 18421 3226 6140 18422 3227 6141 18423 3225 6141 18424 3224 6141 18425 3225 6142 18426 3228 6142 18427 3099 6142 18428 3226 6143 18429 2850 6143 18430 3228 6143 18431 2850 6144 18432 3229 6144 18433 3228 6144 18434 3228 6145 18435 3229 6145 18436 3230 6145 18437 3228 6146 18438 3230 6146 18439 3099 6146 18440 3229 6147 18441 3080 6147 18442 3230 6147 18443 3230 6148 18444 3080 6148 18445 3081 6148 18446 3099 6149 18447 3230 6149 18448 3097 6149 18449 3230 6150 18450 3081 6150 18451 3097 6150 18452 2850 6151 18453 2851 6151 18454 3229 6151 18455 2851 6152 18456 3075 6152 18457 3229 6152 18458 3229 6153 18459 3075 6153 18460 3080 6153 18461 3232 6154 18462 3231 6154 18463 3226 6154 18464 2850 6155 18465 3226 6155 18466 3231 6155 18467 3233 6156 18468 2846 6156 18469 3232 6156 18470 2846 6157 18471 3231 6157 18472 3232 6157 18473 3233 6158 18474 3232 6158 18475 3234 6158 18476 3237 6159 18477 3233 6159 18478 3234 6159 18479 3235 6160 18480 3237 6160 18481 3234 6160 18482 3235 6161 18483 3234 6161 18484 3222 6161 18485 3235 6162 18486 3222 6162 18487 3221 6162 18488 3242 6163 18489 3235 6163 18490 3221 6163 18491 3235 6164 18492 3242 6164 18493 3236 6164 18494 3242 6165 18495 2822 6165 18496 3236 6165 18497 3235 6166 18498 3236 6166 18499 3237 6166 18500 3236 6167 18501 2822 6167 18502 3238 6167 18503 3236 6168 18504 3239 6168 18505 3237 6168 18506 3239 6169 18507 3236 6169 18508 2838 6169 18509 3236 6170 18510 3238 6170 18511 2838 6170 18512 2822 6171 18513 2839 6171 18514 3238 6171 18515 2838 6172 18516 3238 6172 18517 2839 6172 18518 2843 6173 18519 3239 6173 18520 2840 6173 18521 3239 6174 18522 2843 6174 18523 3240 6174 18524 3240 6175 18525 3241 6175 18526 3233 6175 18527 2843 6176 18528 3241 6176 18529 3240 6176 18530 3240 6177 18531 3233 6177 18532 3237 6177 18533 3239 6178 18534 3240 6178 18535 3237 6178 18536 3241 6179 18537 2846 6179 18538 3233 6179 18539 3242 6180 18540 2821 6180 18541 2822 6180 18542 3219 6181 18543 2821 6181 18544 3242 6181 18545 3221 6182 18546 3219 6182 18547 3242 6182 18548 3222 6183 18549 3234 6183 18550 3243 6183 18551 3234 6184 18552 3227 6184 18553 3243 6184 18554 3243 6185 18555 3227 6185 18556 3224 6185 18557 3234 6186 18558 3232 6186 18559 3227 6186 18560 3232 6187 18561 3226 6187 18562 3227 6187 18563 3215 6188 18564 3103 6188 18565 3107 6188 18566 3097 6189 18567 3081 6189 18568 3085 6189 18569 3076 6190 18570 3080 6190 18571 3075 6190 18572 2851 6191 18573 2854 6191 18574 3075 6191 18575 3033 6192 18576 3025 6192 18577 3023 6192 18578 3033 6193 18579 3030 6193 18580 3025 6193 18581 3048 6194 18582 3031 6194 18583 3044 6194 18584 3019 6195 18585 3012 6195 18586 3011 6195 18587 3003 6196 18588 2980 6196 18589 2975 6196 18590 3000 6197 18591 2982 6197 18592 3003 6197 18593 2991 6198 18594 2982 6198 18595 3000 6198 18596 2991 6199 18597 2984 6199 18598 2982 6199 18599 2980 6200 18600 2977 6200 18601 2975 6200 18602 2987 6201 18603 2988 6201 18604 2954 6201 18605 2954 6202 18606 2955 6202 18607 2967 6202 18608 2952 6203 18609 2950 6203 18610 2957 6203 18611 2950 6204 18612 2948 6204 18613 2957 6204 18614 2744 6205 18615 2938 6205 18616 3245 6205 18617 3245 6206 18618 2938 6206 18619 3247 6206 18620 2938 6207 18621 3327 6207 18622 3247 6207 18623 3327 6208 18624 2938 6208 18625 2936 6208 18626 3247 6209 18627 3246 6209 18628 3245 6209 18629 3250 6210 18630 3247 6210 18631 3248 6210 18632 3248 6211 18633 3247 6211 18634 3249 6211 18635 3247 6212 18636 3250 6212 18637 3246 6212 18638 3251 6213 18639 3250 6213 18640 3248 6213 18641 3251 6214 18642 3253 6214 18643 3250 6214 18644 3250 6215 18645 3252 6215 18646 3246 6215 18647 3252 6216 18648 3250 6216 18649 3254 6216 18650 3253 6217 18651 3254 6217 18652 3250 6217 18653 3254 6218 18654 3256 6218 18655 3252 6218 18656 3253 6219 18657 3257 6219 18658 3254 6219 18659 3256 6220 18660 3254 6220 18661 3255 6220 18662 3257 6221 18663 3255 6221 18664 3254 6221 18665 3258 6222 18666 3257 6222 18667 3259 6222 18668 3255 6223 18669 3257 6223 18670 3288 6223 18671 3288 6224 18672 3257 6224 18673 3258 6224 18674 3253 6225 18675 3259 6225 18676 3257 6225 18677 3258 6226 18678 3259 6226 18679 3260 6226 18680 3264 6227 18681 3260 6227 18682 3259 6227 18683 3259 6228 18684 3261 6228 18685 3264 6228 18686 3261 6229 18687 3259 6229 18688 3253 6229 18689 3263 6230 18690 3262 6230 18691 3261 6230 18692 3262 6231 18693 3264 6231 18694 3261 6231 18695 3263 6232 18696 3261 6232 18697 3253 6232 18698 3264 6233 18699 3262 6233 18700 3265 6233 18701 3266 6234 18702 3264 6234 18703 3265 6234 18704 3267 6235 18705 3264 6235 18706 3266 6235 18707 3266 6236 18708 3268 6236 18709 3267 6236 18710 3266 6237 18711 3270 6237 18712 3268 6237 18713 3269 6238 18714 3270 6238 18715 3266 6238 18716 3265 6239 18717 3269 6239 18718 3266 6239 18719 3270 6240 18720 3275 6240 18721 3268 6240 18722 3275 6241 18723 3270 6241 18724 3271 6241 18725 3270 6242 18726 3308 6242 18727 3271 6242 18728 3270 6243 18729 3701 6243 18730 3308 6243 18731 3701 6244 18732 3270 6244 18733 3269 6244 18734 3272 6245 18735 3268 6245 18736 3275 6245 18737 3273 6246 18738 3272 6246 18739 3274 6246 18740 3274 6247 18741 3272 6247 18742 2717 6247 18743 3272 6248 18744 3275 6248 18745 2717 6248 18746 3275 6249 18747 2713 6249 18748 2715 6249 18749 2717 6250 18750 3275 6250 18751 2715 6250 18752 3275 6251 18753 3271 6251 18754 2713 6251 18755 3276 6252 18756 3274 6252 18757 2721 6252 18758 3276 6253 18759 3273 6253 18760 3274 6253 18761 3277 6254 18762 3273 6254 18763 3276 6254 18764 2723 6255 18765 3276 6255 18766 2721 6255 18767 3277 6256 18768 3276 6256 18769 3278 6256 18770 2723 6257 18771 3278 6257 18772 3276 6257 18773 2728 6258 18774 3279 6258 18775 3278 6258 18776 3283 6259 18777 3279 6259 18778 3281 6259 18779 3278 6260 18780 3279 6260 18781 3283 6260 18782 2728 6261 18783 3280 6261 18784 3279 6261 18785 3280 6262 18786 3281 6262 18787 3279 6262 18788 2728 6263 18789 3287 6263 18790 3280 6263 18791 3287 6264 18792 3282 6264 18793 3280 6264 18794 3280 6265 18795 3282 6265 18796 3281 6265 18797 3281 6266 18798 3282 6266 18799 3283 6266 18800 3284 6267 18801 3283 6267 18802 3282 6267 18803 3283 6268 18804 3284 6268 18805 3277 6268 18806 3286 6269 18807 3285 6269 18808 3284 6269 18809 3286 6270 18810 3284 6270 18811 3282 6270 18812 3286 6271 18813 3287 6271 18814 3289 6271 18815 3287 6272 18816 3286 6272 18817 3282 6272 18818 3286 6273 18819 3289 6273 18820 3288 6273 18821 3289 6274 18822 3290 6274 18823 3288 6274 18824 3255 6275 18825 3288 6275 18826 3290 6275 18827 3255 6276 18828 3290 6276 18829 3256 6276 18830 3290 6277 18831 3293 6277 18832 3256 6277 18833 3291 6278 18834 3293 6278 18835 3290 6278 18836 3289 6279 18837 3291 6279 18838 3290 6279 18839 3291 6280 18840 3289 6280 18841 3292 6280 18842 3292 6281 18843 2733 6281 18844 3291 6281 18845 2733 6282 18846 3293 6282 18847 3291 6282 18848 3292 6283 18849 3289 6283 18850 3287 6283 18851 3287 6284 18852 2733 6284 18853 3292 6284 18854 2734 6285 18855 3293 6285 18856 2733 6285 18857 3256 6286 18858 3293 6286 18859 3294 6286 18860 2734 6287 18861 3294 6287 18862 3293 6287 18863 3296 6288 18864 3295 6288 18865 3294 6288 18866 2731 6289 18867 3294 6289 18868 2734 6289 18869 3294 6290 18870 2731 6290 18871 3296 6290 18872 3295 6291 18873 3296 6291 18874 3297 6291 18875 3297 6292 18876 3296 6292 18877 3300 6292 18878 3296 6293 18879 2731 6293 18880 3300 6293 18881 3297 6294 18882 3298 6294 18883 3295 6294 18884 3297 6295 18885 3299 6295 18886 3298 6295 18887 3300 6296 18888 3299 6296 18889 3297 6296 18890 3301 6297 18891 3299 6297 18892 3300 6297 18893 2735 6298 18894 3301 6298 18895 3300 6298 18896 2735 6299 18897 3302 6299 18898 3301 6299 18899 3302 6300 18900 2740 6300 18901 3301 6300 18902 3301 6301 18903 2740 6301 18904 3299 6301 18905 2742 6302 18906 3298 6302 18907 3299 6302 18908 2740 6303 18909 2742 6303 18910 3299 6303 18911 3298 6304 18912 3246 6304 18913 3303 6304 18914 3295 6305 18915 3298 6305 18916 3303 6305 18917 3246 6306 18918 3298 6306 18919 2742 6306 18920 3294 6307 18921 3303 6307 18922 3252 6307 18923 3246 6308 18924 3252 6308 18925 3303 6308 18926 3295 6309 18927 3303 6309 18928 3294 6309 18929 3294 6310 18930 3252 6310 18931 3256 6310 18932 3286 6311 18933 3288 6311 18934 3285 6311 18935 3258 6312 18936 3285 6312 18937 3288 6312 18938 3285 6313 18939 3258 6313 18940 3304 6313 18941 3285 6314 18942 3304 6314 18943 3284 6314 18944 3305 6315 18945 3304 6315 18946 3260 6315 18947 3260 6316 18948 3304 6316 18949 3258 6316 18950 3277 6317 18951 3304 6317 18952 3273 6317 18953 3284 6318 18954 3304 6318 18955 3277 6318 18956 3304 6319 18957 3305 6319 18958 3273 6319 18959 3305 6320 18960 3267 6320 18961 3268 6320 18962 3305 6321 18963 3268 6321 18964 3272 6321 18965 3273 6322 18966 3305 6322 18967 3272 6322 18968 3264 6323 18969 3305 6323 18970 3260 6323 18971 3305 6324 18972 3264 6324 18973 3267 6324 18974 3283 6325 18975 3277 6325 18976 3278 6325 18977 3306 6326 18978 3278 6326 18979 3307 6326 18980 2728 6327 18981 3278 6327 18982 3306 6327 18983 2723 6328 18984 3307 6328 18985 3278 6328 18986 3701 6329 18987 3312 6329 18988 3308 6329 18989 2708 6330 18990 3308 6330 18991 3312 6330 18992 3312 6331 18993 3309 6331 18994 2708 6331 18995 3312 6332 18996 3310 6332 18997 3309 6332 18998 3311 6333 18999 3312 6333 19000 3701 6333 19001 3313 6334 19002 3310 6334 19003 3312 6334 19004 3312 6335 19005 3311 6335 19006 3313 6335 19007 3314 6336 19008 3313 6336 19009 3311 6336 19010 3687 6337 19011 3313 6337 19012 3315 6337 19013 3313 6338 19014 3687 6338 19015 3310 6338 19016 3313 6339 19017 3314 6339 19018 3315 6339 19019 3265 6340 19020 3317 6340 19021 3314 6340 19022 3314 6341 19023 3269 6341 19024 3265 6341 19025 3269 6342 19026 3314 6342 19027 3311 6342 19028 3315 6343 19029 3314 6343 19030 3317 6343 19031 3317 6344 19032 3265 6344 19033 3262 6344 19034 3316 6345 19035 3317 6345 19036 3262 6345 19037 3316 6346 19038 3262 6346 19039 3318 6346 19040 3320 6347 19041 3316 6347 19042 3318 6347 19043 3319 6348 19044 3316 6348 19045 3320 6348 19046 3344 6349 19047 3321 6349 19048 3322 6349 19049 3321 6350 19050 3324 6350 19051 3322 6350 19052 3323 6351 19053 3322 6351 19054 3324 6351 19055 3344 6352 19056 3322 6352 19057 3323 6352 19058 3321 6353 19059 3325 6353 19060 3324 6353 19061 3320 6354 19062 3325 6354 19063 3321 6354 19064 3249 6355 19065 3325 6355 19066 3320 6355 19067 3263 6356 19068 3249 6356 19069 3326 6356 19070 3249 6357 19071 3263 6357 19072 3251 6357 19073 3324 6358 19074 3325 6358 19075 3327 6358 19076 3324 6359 19077 3327 6359 19078 3328 6359 19079 3329 6360 19080 3324 6360 19081 3328 6360 19082 3329 6361 19083 3328 6361 19084 2932 6361 19085 3328 6362 19086 3327 6362 19087 2932 6362 19088 2936 6363 19089 2932 6363 19090 3327 6363 19091 3332 6364 19092 3329 6364 19093 2930 6364 19094 2930 6365 19095 3329 6365 19096 2932 6365 19097 2928 6366 19098 3332 6366 19099 2930 6366 19100 3331 6367 19101 3332 6367 19102 2928 6367 19103 3330 6368 19104 3331 6368 19105 2928 6368 19106 3333 6369 19107 3331 6369 19108 3330 6369 19109 3334 6370 19110 3332 6370 19111 3331 6370 19112 3333 6371 19113 3334 6371 19114 3331 6371 19115 3337 6372 19116 3335 6372 19117 3334 6372 19118 3335 6373 19119 3336 6373 19120 3334 6373 19121 3334 6374 19122 3336 6374 19123 3332 6374 19124 3337 6375 19125 3334 6375 19126 3333 6375 19127 3338 6376 19128 3337 6376 19129 3333 6376 19130 3698 6377 19131 3339 6377 19132 3338 6377 19133 3339 6378 19134 3340 6378 19135 3338 6378 19136 3338 6379 19137 3340 6379 19138 3337 6379 19139 3339 6380 19140 3341 6380 19141 3340 6380 19142 3340 6381 19143 3335 6381 19144 3337 6381 19145 3340 6382 19146 3341 6382 19147 3335 6382 19148 3341 6383 19149 3342 6383 19150 3335 6383 19151 3341 6384 19152 3343 6384 19153 3342 6384 19154 3343 6385 19155 3344 6385 19156 3342 6385 19157 3342 6386 19158 3344 6386 19159 3323 6386 19160 3346 6387 19161 3343 6387 19162 3341 6387 19163 3345 6388 19164 3346 6388 19165 3341 6388 19166 3347 6389 19167 3345 6389 19168 2922 6389 19169 3348 6390 19170 3347 6390 19171 2922 6390 19172 2642 6391 19173 3347 6391 19174 3348 6391 19175 2645 6392 19176 3348 6392 19177 3349 6392 19178 2645 6393 19179 2642 6393 19180 3348 6393 19181 2642 6394 19182 3430 6394 19183 3347 6394 19184 3430 6395 19185 3350 6395 19186 3347 6395 19187 3347 6396 19188 3350 6396 19189 3351 6396 19190 3350 6397 19191 3352 6397 19192 3351 6397 19193 3350 6398 19194 3353 6398 19195 3352 6398 19196 3353 6399 19197 3354 6399 19198 3352 6399 19199 3426 6400 19200 3354 6400 19201 3355 6400 19202 3353 6401 19203 3355 6401 19204 3354 6401 19205 3356 6402 19206 3354 6402 19207 3426 6402 19208 3426 6403 19209 3357 6403 19210 3356 6403 19211 3356 6404 19212 3357 6404 19213 3686 6404 19214 3358 6405 19215 3686 6405 19216 3357 6405 19217 3358 6406 19218 3359 6406 19219 3673 6406 19220 3686 6407 19221 3358 6407 19222 3673 6407 19223 3358 6408 19224 3360 6408 19225 3359 6408 19226 3360 6409 19227 3361 6409 19228 3359 6409 19229 3359 6410 19230 3361 6410 19231 3363 6410 19232 3361 6411 19233 3362 6411 19234 3363 6411 19235 3361 6412 19236 3364 6412 19237 3362 6412 19238 3364 6413 19239 2677 6413 19240 3362 6413 19241 3362 6414 19242 2677 6414 19243 2700 6414 19244 2677 6415 19245 2680 6415 19246 2700 6415 19247 3366 6416 19248 2677 6416 19249 3364 6416 19250 3365 6417 19251 3366 6417 19252 3364 6417 19253 3365 6418 19254 3364 6418 19255 3361 6418 19256 3379 6419 19257 3366 6419 19258 3365 6419 19259 3379 6420 19260 2675 6420 19261 3366 6420 19262 2675 6421 19263 2674 6421 19264 3366 6421 19265 3366 6422 19266 2674 6422 19267 2677 6422 19268 3368 6423 19269 3379 6423 19270 3365 6423 19271 3427 6424 19272 3368 6424 19273 3367 6424 19274 3369 6425 19275 3368 6425 19276 3427 6425 19277 3369 6426 19278 3370 6426 19279 3368 6426 19280 3425 6427 19281 3372 6427 19282 3369 6427 19283 3369 6428 19284 3371 6428 19285 3370 6428 19286 3371 6429 19287 3369 6429 19288 3372 6429 19289 3373 6430 19290 3372 6430 19291 3425 6430 19292 3372 6431 19293 3374 6431 19294 3371 6431 19295 3374 6432 19296 3375 6432 19297 3371 6432 19298 3374 6433 19299 3382 6433 19300 3375 6433 19301 3382 6434 19302 3376 6434 19303 3375 6434 19304 3375 6435 19305 3376 6435 19306 3378 6435 19307 3376 6436 19308 3377 6436 19309 3378 6436 19310 3378 6437 19311 3377 6437 19312 2675 6437 19313 3375 6438 19314 3378 6438 19315 3370 6438 19316 3370 6439 19317 3378 6439 19318 3379 6439 19319 3378 6440 19320 2675 6440 19321 3379 6440 19322 3370 6441 19323 3379 6441 19324 3368 6441 19325 3377 6442 19326 2674 6442 19327 2675 6442 19328 3380 6443 19329 2672 6443 19330 3377 6443 19331 3377 6444 19332 2672 6444 19333 2674 6444 19334 3376 6445 19335 3380 6445 19336 3377 6445 19337 3380 6446 19338 3387 6446 19339 2672 6446 19340 3381 6447 19341 3380 6447 19342 3376 6447 19343 3382 6448 19344 3381 6448 19345 3376 6448 19346 3382 6449 19347 3383 6449 19348 3381 6449 19349 3383 6450 19350 3384 6450 19351 3381 6450 19352 3381 6451 19353 3384 6451 19354 3380 6451 19355 3384 6452 19356 3385 6452 19357 3380 6452 19358 3385 6453 19359 3386 6453 19360 3387 6453 19361 3380 6454 19362 3385 6454 19363 3387 6454 19364 2669 6455 19365 3389 6455 19366 2667 6455 19367 3390 6456 19368 2669 6456 19369 3386 6456 19370 3390 6457 19371 3388 6457 19372 2669 6457 19373 3388 6458 19374 3389 6458 19375 2669 6458 19376 3385 6459 19377 3390 6459 19378 3386 6459 19379 3392 6460 19380 3390 6460 19381 3385 6460 19382 3391 6461 19383 3392 6461 19384 3384 6461 19385 3384 6462 19386 3392 6462 19387 3385 6462 19388 3395 6463 19389 3393 6463 19390 3392 6463 19391 3393 6464 19392 3394 6464 19393 3392 6464 19394 3392 6465 19395 3394 6465 19396 3390 6465 19397 3395 6466 19398 3392 6466 19399 3391 6466 19400 3396 6467 19401 3395 6467 19402 3397 6467 19403 3397 6468 19404 3395 6468 19405 3391 6468 19406 3398 6469 19407 3396 6469 19408 3397 6469 19409 3397 6470 19410 3391 6470 19411 3383 6470 19412 3398 6471 19413 3397 6471 19414 3382 6471 19415 3397 6472 19416 3383 6472 19417 3382 6472 19418 3399 6473 19419 3396 6473 19420 3398 6473 19421 3543 6474 19422 3399 6474 19423 3398 6474 19424 3543 6475 19425 3398 6475 19426 3400 6475 19427 3400 6476 19428 3541 6476 19429 3401 6476 19430 3400 6477 19431 3402 6477 19432 3541 6477 19433 3541 6478 19434 3402 6478 19435 3372 6478 19436 3402 6479 19437 3403 6479 19438 3372 6479 19439 3402 6480 19440 3406 6480 19441 3403 6480 19442 3403 6481 19443 3404 6481 19444 3372 6481 19445 3407 6482 19446 3404 6482 19447 3403 6482 19448 3405 6483 19449 3403 6483 19450 3406 6483 19451 3407 6484 19452 3403 6484 19453 3405 6484 19454 3407 6485 19455 3402 6485 19456 3400 6485 19457 3405 6486 19458 3402 6486 19459 3407 6486 19460 3404 6487 19461 3407 6487 19462 3400 6487 19463 3400 6488 19464 3398 6488 19465 3404 6488 19466 3402 6489 19467 3408 6489 19468 3406 6489 19469 3405 6490 19470 3406 6490 19471 3408 6490 19472 3409 6491 19473 3406 6491 19474 3408 6491 19475 3410 6492 19476 3406 6492 19477 3409 6492 19478 3411 6493 19479 3406 6493 19480 3410 6493 19481 3408 6494 19482 3406 6494 19483 3411 6494 19484 3408 6495 19485 3413 6495 19486 3412 6495 19487 3408 6496 19488 3411 6496 19489 3413 6496 19490 3408 6497 19491 3410 6497 19492 3409 6497 19493 3408 6498 19494 3411 6498 19495 3410 6498 19496 3405 6499 19497 3408 6499 19498 3402 6499 19499 3409 6500 19500 3408 6500 19501 3414 6500 19502 3412 6501 19503 3413 6501 19504 3415 6501 19505 3398 6502 19506 3382 6502 19507 3404 6502 19508 3372 6503 19509 3404 6503 19510 3374 6503 19511 3404 6504 19512 3382 6504 19513 3374 6504 19514 3372 6505 19515 3373 6505 19516 3541 6505 19517 3373 6506 19518 3416 6506 19519 3541 6506 19520 3421 6507 19521 3419 6507 19522 3418 6507 19523 3417 6508 19524 3418 6508 19525 3419 6508 19526 3418 6509 19527 3416 6509 19528 3421 6509 19529 3419 6510 19530 3421 6510 19531 3420 6510 19532 3420 6511 19533 3421 6511 19534 3423 6511 19535 3421 6512 19536 3416 6512 19537 3422 6512 19538 3421 6513 19539 3422 6513 19540 3423 6513 19541 3420 6514 19542 3423 6514 19543 3424 6514 19544 3424 6515 19545 3423 6515 19546 3428 6515 19547 3423 6516 19548 3355 6516 19549 3428 6516 19550 3423 6517 19551 3422 6517 19552 3355 6517 19553 3425 6518 19554 3355 6518 19555 3422 6518 19556 3426 6519 19557 3355 6519 19558 3425 6519 19559 3425 6520 19560 3427 6520 19561 3426 6520 19562 3357 6521 19563 3426 6521 19564 3427 6521 19565 3427 6522 19566 3367 6522 19567 3357 6522 19568 3357 6523 19569 3367 6523 19570 3358 6523 19571 3427 6524 19572 3425 6524 19573 3369 6524 19574 3422 6525 19575 3373 6525 19576 3425 6525 19577 3428 6526 19578 3355 6526 19579 3353 6526 19580 3429 6527 19581 3428 6527 19582 3353 6527 19583 3424 6528 19584 3428 6528 19585 3429 6528 19586 3430 6529 19587 3424 6529 19588 3429 6529 19589 2642 6530 19590 2643 6530 19591 3430 6530 19592 2643 6531 19593 3424 6531 19594 3430 6531 19595 3429 6532 19596 3353 6532 19597 3350 6532 19598 3430 6533 19599 3429 6533 19600 3350 6533 19601 2643 6534 19602 3420 6534 19603 3424 6534 19604 3373 6535 19605 3422 6535 19606 3416 6535 19607 2643 6536 19608 3419 6536 19609 3420 6536 19610 3431 6537 19611 3417 6537 19612 3419 6537 19613 3431 6538 19614 3419 6538 19615 2643 6538 19616 3432 6539 19617 3431 6539 19618 2641 6539 19619 3433 6540 19620 3431 6540 19621 3432 6540 19622 3433 6541 19623 3436 6541 19624 3431 6541 19625 3436 6542 19626 3417 6542 19627 3431 6542 19628 2641 6543 19629 3431 6543 19630 2643 6543 19631 3435 6544 19632 3437 6544 19633 3433 6544 19634 3437 6545 19635 3436 6545 19636 3433 6545 19637 3434 6546 19638 3433 6546 19639 3432 6546 19640 3435 6547 19641 3433 6547 19642 3434 6547 19643 3436 6548 19644 2571 6548 19645 3417 6548 19646 2571 6549 19647 2570 6549 19648 3417 6549 19649 3417 6550 19650 2570 6550 19651 3418 6550 19652 2570 6551 19653 3416 6551 19654 3418 6551 19655 2572 6552 19656 2571 6552 19657 3436 6552 19658 3436 6553 19659 3437 6553 19660 2572 6553 19661 3439 6554 19662 3438 6554 19663 3437 6554 19664 3438 6555 19665 2572 6555 19666 3437 6555 19667 3440 6556 19668 3439 6556 19669 3435 6556 19670 3439 6557 19671 3437 6557 19672 3435 6557 19673 3441 6558 19674 3440 6558 19675 3529 6558 19676 3441 6559 19677 3442 6559 19678 3440 6559 19679 3442 6560 19680 3439 6560 19681 3440 6560 19682 3445 6561 19683 3442 6561 19684 3441 6561 19685 3442 6562 19686 3443 6562 19687 3439 6562 19688 3444 6563 19689 3443 6563 19690 3442 6563 19691 3445 6564 19692 3444 6564 19693 3442 6564 19694 3444 6565 19695 3446 6565 19696 3443 6565 19697 3446 6566 19698 2579 6566 19699 3443 6566 19700 3443 6567 19701 2579 6567 19702 2577 6567 19703 3447 6568 19704 3446 6568 19705 3444 6568 19706 3446 6569 19707 3449 6569 19708 2579 6569 19709 3447 6570 19710 3448 6570 19711 3446 6570 19712 3448 6571 19713 3449 6571 19714 3446 6571 19715 3449 6572 19716 2578 6572 19717 2579 6572 19718 3450 6573 19719 3451 6573 19720 3449 6573 19721 3448 6574 19722 3450 6574 19723 3449 6574 19724 3449 6575 19725 3451 6575 19726 2578 6575 19727 3450 6576 19728 3452 6576 19729 3451 6576 19730 3452 6577 19731 3453 6577 19732 3451 6577 19733 3451 6578 19734 3453 6578 19735 2584 6578 19736 3451 6579 19737 2584 6579 19738 2580 6579 19739 3451 6580 19740 2580 6580 19741 2578 6580 19742 3452 6581 19743 3454 6581 19744 3453 6581 19745 3453 6582 19746 3455 6582 19747 2584 6582 19748 3454 6583 19749 3456 6583 19750 3453 6583 19751 3453 6584 19752 3456 6584 19753 3455 6584 19754 3454 6585 19755 3458 6585 19756 3456 6585 19757 3458 6586 19758 3457 6586 19759 3456 6586 19760 3456 6587 19761 3457 6587 19762 3459 6587 19763 3456 6588 19764 3459 6588 19765 3455 6588 19766 3455 6589 19767 3459 6589 19768 3460 6589 19769 2585 6590 19770 3460 6590 19771 2586 6590 19772 3455 6591 19773 3460 6591 19774 2585 6591 19775 3461 6592 19776 3460 6592 19777 3459 6592 19778 3462 6593 19779 3460 6593 19780 3461 6593 19781 2588 6594 19782 3460 6594 19783 3462 6594 19784 3460 6595 19785 2588 6595 19786 2586 6595 19787 3462 6596 19788 3521 6596 19789 2588 6596 19790 3462 6597 19791 3463 6597 19792 3521 6597 19793 3462 6598 19794 3518 6598 19795 3463 6598 19796 3464 6599 19797 3518 6599 19798 3462 6599 19799 3464 6600 19800 3462 6600 19801 3461 6600 19802 3466 6601 19803 3464 6601 19804 3465 6601 19805 3457 6602 19806 3465 6602 19807 3464 6602 19808 3466 6603 19809 3518 6603 19810 3464 6603 19811 3464 6604 19812 3459 6604 19813 3457 6604 19814 3461 6605 19815 3459 6605 19816 3464 6605 19817 3465 6606 19818 3467 6606 19819 3466 6606 19820 3466 6607 19821 3467 6607 19822 3469 6607 19823 3540 6608 19824 3466 6608 19825 3476 6608 19826 3487 6609 19827 3466 6609 19828 3540 6609 19829 3468 6610 19830 3466 6610 19831 3469 6610 19832 3476 6611 19833 3466 6611 19834 3468 6611 19835 3466 6612 19836 3487 6612 19837 3518 6612 19838 3476 6613 19839 3470 6613 19840 3471 6613 19841 3476 6614 19842 3471 6614 19843 3472 6614 19844 3476 6615 19845 3472 6615 19846 3474 6615 19847 3473 6616 19848 3476 6616 19849 3475 6616 19850 3540 6617 19851 3476 6617 19852 3473 6617 19853 3475 6618 19854 3476 6618 19855 3474 6618 19856 3468 6619 19857 3470 6619 19858 3476 6619 19859 3475 6620 19860 3477 6620 19861 3473 6620 19862 3474 6621 19863 3472 6621 19864 3475 6621 19865 3475 6622 19866 3472 6622 19867 3477 6622 19868 3472 6623 19869 3471 6623 19870 3477 6623 19871 3477 6624 19872 3471 6624 19873 3478 6624 19874 3477 6625 19875 3478 6625 19876 3479 6625 19877 3473 6626 19878 3477 6626 19879 3479 6626 19880 3479 6627 19881 3478 6627 19882 3480 6627 19883 3480 6628 19884 3540 6628 19885 3479 6628 19886 3473 6629 19887 3479 6629 19888 3540 6629 19889 3540 6630 19890 3480 6630 19891 3481 6630 19892 3480 6631 19893 3483 6631 19894 3481 6631 19895 3478 6632 19896 3482 6632 19897 3480 6632 19898 3480 6633 19899 3482 6633 19900 3483 6633 19901 3482 6634 19902 3484 6634 19903 3483 6634 19904 3481 6635 19905 3483 6635 19906 3485 6635 19907 3483 6636 19908 3484 6636 19909 3485 6636 19910 3487 6637 19911 3481 6637 19912 3485 6637 19913 3487 6638 19914 3485 6638 19915 3486 6638 19916 3485 6639 19917 3488 6639 19918 3486 6639 19919 3485 6640 19920 3484 6640 19921 3488 6640 19922 3488 6641 19923 3490 6641 19924 3489 6641 19925 3486 6642 19926 3488 6642 19927 3489 6642 19928 3489 6643 19929 3490 6643 19930 3491 6643 19931 3490 6644 19932 3488 6644 19933 3493 6644 19934 3491 6645 19935 3490 6645 19936 3447 6645 19937 3490 6646 19938 3448 6646 19939 3447 6646 19940 3490 6647 19941 3492 6647 19942 3448 6647 19943 3493 6648 19944 3492 6648 19945 3490 6648 19946 3493 6649 19947 3494 6649 19948 3492 6649 19949 3493 6650 19950 3496 6650 19951 3494 6650 19952 3484 6651 19953 3496 6651 19954 3493 6651 19955 3484 6652 19956 3493 6652 19957 3495 6652 19958 3493 6653 19959 3488 6653 19960 3495 6653 19961 3495 6654 19962 3488 6654 19963 3484 6654 19964 3496 6655 19965 3497 6655 19966 3498 6655 19967 3497 6656 19968 3500 6656 19969 3498 6656 19970 3498 6657 19971 3500 6657 19972 3499 6657 19973 3500 6658 19974 3502 6658 19975 3499 6658 19976 3500 6659 19977 3501 6659 19978 3502 6659 19979 3502 6660 19980 3501 6660 19981 3504 6660 19982 3504 6661 19983 3467 6661 19984 3503 6661 19985 3504 6662 19986 3501 6662 19987 3467 6662 19988 3504 6663 19989 3503 6663 19990 3505 6663 19991 3503 6664 19992 3506 6664 19993 3505 6664 19994 3458 6665 19995 3506 6665 19996 3457 6665 19997 3505 6666 19998 3506 6666 19999 3458 6666 20000 3502 6667 20001 3505 6667 20002 3507 6667 20003 3507 6668 20004 3505 6668 20005 3458 6668 20006 3502 6669 20007 3504 6669 20008 3505 6669 20009 3507 6670 20010 3458 6670 20011 3454 6670 20012 3508 6671 20013 3507 6671 20014 3454 6671 20015 3499 6672 20016 3502 6672 20017 3507 6672 20018 3499 6673 20019 3507 6673 20020 3508 6673 20021 3509 6674 20022 3508 6674 20023 3450 6674 20024 3450 6675 20025 3508 6675 20026 3452 6675 20027 3508 6676 20028 3454 6676 20029 3452 6676 20030 3509 6677 20031 3499 6677 20032 3508 6677 20033 3492 6678 20034 3509 6678 20035 3450 6678 20036 3494 6679 20037 3509 6679 20038 3492 6679 20039 3494 6680 20040 3498 6680 20041 3509 6680 20042 3498 6681 20043 3499 6681 20044 3509 6681 20045 3506 6682 20046 3465 6682 20047 3457 6682 20048 3503 6683 20049 3465 6683 20050 3506 6683 20051 3503 6684 20052 3467 6684 20053 3465 6684 20054 3469 6685 20055 3467 6685 20056 3501 6685 20057 3500 6686 20058 3513 6686 20059 3501 6686 20060 3510 6687 20061 3501 6687 20062 3513 6687 20063 3469 6688 20064 3501 6688 20065 3510 6688 20066 3468 6689 20067 3510 6689 20068 3470 6689 20069 3470 6690 20070 3510 6690 20071 3511 6690 20072 3468 6691 20073 3469 6691 20074 3510 6691 20075 3510 6692 20076 3513 6692 20077 3511 6692 20078 3470 6693 20079 3511 6693 20080 3471 6693 20081 3471 6694 20082 3511 6694 20083 3478 6694 20084 3511 6695 20085 3513 6695 20086 3512 6695 20087 3511 6696 20088 3512 6696 20089 3482 6696 20090 3478 6697 20091 3511 6697 20092 3482 6697 20093 3497 6698 20094 3512 6698 20095 3513 6698 20096 3496 6699 20097 3512 6699 20098 3497 6699 20099 3482 6700 20100 3512 6700 20101 3484 6700 20102 3496 6701 20103 3484 6701 20104 3512 6701 20105 3513 6702 20106 3500 6702 20107 3497 6702 20108 3496 6703 20109 3498 6703 20110 3494 6703 20111 3492 6704 20112 3450 6704 20113 3448 6704 20114 3489 6705 20115 3491 6705 20116 3516 6705 20117 3516 6706 20118 3491 6706 20119 3515 6706 20120 3515 6707 20121 3491 6707 20122 3514 6707 20123 3491 6708 20124 3447 6708 20125 3514 6708 20126 3516 6709 20127 3515 6709 20128 3463 6709 20129 3463 6710 20130 3515 6710 20131 3517 6710 20132 3515 6711 20133 3514 6711 20134 3517 6711 20135 3463 6712 20136 3517 6712 20137 3520 6712 20138 3516 6713 20139 3463 6713 20140 3518 6713 20141 3487 6714 20142 3486 6714 20143 3518 6714 20144 3516 6715 20145 3518 6715 20146 3486 6715 20147 3520 6716 20148 3519 6716 20149 3522 6716 20150 3521 6717 20151 3463 6717 20152 3520 6717 20153 3521 6718 20154 3520 6718 20155 3522 6718 20156 3521 6719 20157 3522 6719 20158 3523 6719 20159 3522 6720 20160 3524 6720 20161 3523 6720 20162 3522 6721 20163 3519 6721 20164 3524 6721 20165 3524 6722 20166 3525 6722 20167 2599 6722 20168 3523 6723 20169 3524 6723 20170 2599 6723 20171 3519 6724 20172 3525 6724 20173 3524 6724 20174 3520 6725 20175 3517 6725 20176 3519 6725 20177 3517 6726 20178 3526 6726 20179 3519 6726 20180 3519 6727 20181 3526 6727 20182 3525 6727 20183 3517 6728 20184 3514 6728 20185 3526 6728 20186 3514 6729 20187 3447 6729 20188 3526 6729 20189 3526 6730 20190 3447 6730 20191 3444 6730 20192 3526 6731 20193 3445 6731 20194 3525 6731 20195 3526 6732 20196 3444 6732 20197 3445 6732 20198 2599 6733 20199 3525 6733 20200 3527 6733 20201 3525 6734 20202 3441 6734 20203 3527 6734 20204 3525 6735 20205 3445 6735 20206 3441 6735 20207 3528 6736 20208 3527 6736 20209 3533 6736 20210 3527 6737 20211 3529 6737 20212 3533 6737 20213 3527 6738 20214 3441 6738 20215 3529 6738 20216 2599 6739 20217 3527 6739 20218 3528 6739 20219 3533 6740 20220 3529 6740 20221 3530 6740 20222 3529 6741 20223 3531 6741 20224 3530 6741 20225 3529 6742 20226 3440 6742 20227 3531 6742 20228 3440 6743 20229 3435 6743 20230 3531 6743 20231 3530 6744 20232 3531 6744 20233 3532 6744 20234 3531 6745 20235 3434 6745 20236 3532 6745 20237 3531 6746 20238 3435 6746 20239 3434 6746 20240 2636 6747 20241 3532 6747 20242 2638 6747 20243 3530 6748 20244 3532 6748 20245 2636 6748 20246 3532 6749 20247 2640 6749 20248 2638 6749 20249 3532 6750 20250 3434 6750 20251 2640 6750 20252 3533 6751 20253 3530 6751 20254 2636 6751 20255 3533 6752 20256 2636 6752 20257 3534 6752 20258 3535 6753 20259 3533 6753 20260 3534 6753 20261 2630 6754 20262 3535 6754 20263 2631 6754 20264 3535 6755 20265 3534 6755 20266 2631 6755 20267 3537 6756 20268 3535 6756 20269 2630 6756 20270 3536 6757 20271 3535 6757 20272 3537 6757 20273 2612 6758 20274 3537 6758 20275 2628 6758 20276 2630 6759 20277 2628 6759 20278 3537 6759 20279 3536 6760 20280 3537 6760 20281 2611 6760 20282 2611 6761 20283 3538 6761 20284 3536 6761 20285 3538 6762 20286 2610 6762 20287 3539 6762 20288 3539 6763 20289 3528 6763 20290 3538 6763 20291 3538 6764 20292 2611 6764 20293 2610 6764 20294 3538 6765 20295 3533 6765 20296 3535 6765 20297 3536 6766 20298 3538 6766 20299 3535 6766 20300 3528 6767 20301 3533 6767 20302 3538 6767 20303 3537 6768 20304 2612 6768 20305 2611 6768 20306 2630 6769 20307 2625 6769 20308 2628 6769 20309 2596 6770 20310 3521 6770 20311 3523 6770 20312 3486 6771 20313 3489 6771 20314 3516 6771 20315 3540 6772 20316 3481 6772 20317 3487 6772 20318 2592 6773 20319 3521 6773 20320 2596 6773 20321 2584 6774 20322 3455 6774 20323 2585 6774 20324 3443 6775 20325 3438 6775 20326 3439 6775 20327 3443 6776 20328 2577 6776 20329 3438 6776 20330 3438 6777 20331 2573 6777 20332 2572 6777 20333 2577 6778 20334 2573 6778 20335 3438 6778 20336 3434 6779 20337 3432 6779 20338 2640 6779 20339 2640 6780 20340 3432 6780 20341 2641 6780 20342 2570 6781 20343 2567 6781 20344 3416 6781 20345 3541 6782 20346 3416 6782 20347 2567 6782 20348 3541 6783 20349 2567 6783 20350 3401 6783 20351 2565 6784 20352 3543 6784 20353 3400 6784 20354 2565 6785 20355 3400 6785 20356 3401 6785 20357 3542 6786 20358 3543 6786 20359 2565 6786 20360 3543 6787 20361 3542 6787 20362 2554 6787 20363 2554 6788 20364 3542 6788 20365 2556 6788 20366 3546 6789 20367 3545 6789 20368 3544 6789 20369 2554 6790 20370 3546 6790 20371 3544 6790 20372 3550 6791 20373 3546 6791 20374 3552 6791 20375 3546 6792 20376 2554 6792 20377 3552 6792 20378 3549 6793 20379 3547 6793 20380 3546 6793 20381 3547 6794 20382 3548 6794 20383 3546 6794 20384 3549 6795 20385 3546 6795 20386 3550 6795 20387 3546 6796 20388 3548 6796 20389 3545 6796 20390 3550 6797 20391 3552 6797 20392 3551 6797 20393 3551 6798 20394 3554 6798 20395 3549 6798 20396 3551 6799 20397 3549 6799 20398 3550 6799 20399 3558 6800 20400 3556 6800 20401 3555 6800 20402 3555 6801 20403 3556 6801 20404 3559 6801 20405 3557 6802 20406 3555 6802 20407 3559 6802 20408 3555 6803 20409 3557 6803 20410 3549 6803 20411 3559 6804 20412 3547 6804 20413 3557 6804 20414 3559 6805 20415 3560 6805 20416 3547 6805 20417 3560 6806 20418 3559 6806 20419 3556 6806 20420 3558 6807 20421 3560 6807 20422 3556 6807 20423 3562 6808 20424 3561 6808 20425 3560 6808 20426 3560 6809 20427 3561 6809 20428 3548 6809 20429 3560 6810 20430 3548 6810 20431 3547 6810 20432 3558 6811 20433 3562 6811 20434 3560 6811 20435 3562 6812 20436 3558 6812 20437 3563 6812 20438 3558 6813 20439 3564 6813 20440 3563 6813 20441 3565 6814 20442 3564 6814 20443 3558 6814 20444 3625 6815 20445 3564 6815 20446 3565 6815 20447 3565 6816 20448 3566 6816 20449 3625 6816 20450 3566 6817 20451 3565 6817 20452 3567 6817 20453 3566 6818 20454 3569 6818 20455 3568 6818 20456 3566 6819 20457 3567 6819 20458 3569 6819 20459 3570 6820 20460 3569 6820 20461 3571 6820 20462 3570 6821 20463 3568 6821 20464 3569 6821 20465 3569 6822 20466 3567 6822 20467 3572 6822 20468 3571 6823 20469 3569 6823 20470 3572 6823 20471 3571 6824 20472 3572 6824 20473 3573 6824 20474 3573 6825 20475 3572 6825 20476 3575 6825 20477 3572 6826 20478 3567 6826 20479 3574 6826 20480 3572 6827 20481 3574 6827 20482 3575 6827 20483 3573 6828 20484 3575 6828 20485 3577 6828 20486 3575 6829 20487 3578 6829 20488 3576 6829 20489 3577 6830 20490 3575 6830 20491 3576 6830 20492 3575 6831 20493 3574 6831 20494 3578 6831 20495 3554 6832 20496 3576 6832 20497 3578 6832 20498 3578 6833 20499 3558 6833 20500 3555 6833 20501 3578 6834 20502 3555 6834 20503 3549 6834 20504 3565 6835 20505 3558 6835 20506 3578 6835 20507 3578 6836 20508 3574 6836 20509 3565 6836 20510 3565 6837 20511 3574 6837 20512 3567 6837 20513 3549 6838 20514 3554 6838 20515 3578 6838 20516 3579 6839 20517 3573 6839 20518 3577 6839 20519 3577 6840 20520 3576 6840 20521 2618 6840 20522 3580 6841 20523 3577 6841 20524 2618 6841 20525 3579 6842 20526 3577 6842 20527 3580 6842 20528 3581 6843 20529 3579 6843 20530 3580 6843 20531 3581 6844 20532 3580 6844 20533 3582 6844 20534 3580 6845 20535 2618 6845 20536 2616 6845 20537 3582 6846 20538 3580 6846 20539 2616 6846 20540 3583 6847 20541 3581 6847 20542 3582 6847 20543 3582 6848 20544 3388 6848 20545 3583 6848 20546 3388 6849 20547 3582 6849 20548 3389 6849 20549 3582 6850 20550 2616 6850 20551 3389 6850 20552 3394 6851 20553 3583 6851 20554 3388 6851 20555 3394 6852 20556 3388 6852 20557 3390 6852 20558 3584 6853 20559 3603 6853 20560 3583 6853 20561 3603 6854 20562 3581 6854 20563 3583 6854 20564 3584 6855 20565 3583 6855 20566 3394 6855 20567 3393 6856 20568 3584 6856 20569 3394 6856 20570 3585 6857 20571 3393 6857 20572 3395 6857 20573 3585 6858 20574 3586 6858 20575 3393 6858 20576 3586 6859 20577 3584 6859 20578 3393 6859 20579 3587 6860 20580 3586 6860 20581 3585 6860 20582 3587 6861 20583 3590 6861 20584 3586 6861 20585 3590 6862 20586 3604 6862 20587 3586 6862 20588 3586 6863 20589 3604 6863 20590 3584 6863 20591 3589 6864 20592 3587 6864 20593 3585 6864 20594 3588 6865 20595 3591 6865 20596 3587 6865 20597 3588 6866 20598 3587 6866 20599 3589 6866 20600 3591 6867 20601 3590 6867 20602 3587 6867 20603 3399 6868 20604 3589 6868 20605 3396 6868 20606 3399 6869 20607 3588 6869 20608 3589 6869 20609 3589 6870 20610 3585 6870 20611 3396 6870 20612 3396 6871 20613 3585 6871 20614 3395 6871 20615 2554 6872 20616 3399 6872 20617 3543 6872 20618 2554 6873 20619 3544 6873 20620 3399 6873 20621 3544 6874 20622 3588 6874 20623 3399 6874 20624 3545 6875 20625 3591 6875 20626 3588 6875 20627 3545 6876 20628 3592 6876 20629 3591 6876 20630 3592 6877 20631 3590 6877 20632 3591 6877 20633 3595 6878 20634 3593 6878 20635 3590 6878 20636 3592 6879 20637 3595 6879 20638 3590 6879 20639 3594 6880 20640 3595 6880 20641 3592 6880 20642 3597 6881 20643 3596 6881 20644 3593 6881 20645 3593 6882 20646 3596 6882 20647 3599 6882 20648 3595 6883 20649 3597 6883 20650 3593 6883 20651 3596 6884 20652 3598 6884 20653 3599 6884 20654 3599 6885 20655 3598 6885 20656 3600 6885 20657 3599 6886 20658 3600 6886 20659 3602 6886 20660 3600 6887 20661 3601 6887 20662 3602 6887 20663 3602 6888 20664 3603 6888 20665 3599 6888 20666 3603 6889 20667 3602 6889 20668 3581 6889 20669 3602 6890 20670 3579 6890 20671 3581 6890 20672 3602 6891 20673 3601 6891 20674 3579 6891 20675 3604 6892 20676 3599 6892 20677 3603 6892 20678 3590 6893 20679 3593 6893 20680 3604 6893 20681 3593 6894 20682 3599 6894 20683 3604 6894 20684 3600 6895 20685 3605 6895 20686 3601 6895 20687 3605 6896 20688 3571 6896 20689 3601 6896 20690 3601 6897 20691 3573 6897 20692 3579 6897 20693 3601 6898 20694 3571 6898 20695 3573 6898 20696 3605 6899 20697 3600 6899 20698 3598 6899 20699 3605 6900 20700 3570 6900 20701 3571 6900 20702 3598 6901 20703 3606 6901 20704 3605 6901 20705 3606 6902 20706 3570 6902 20707 3605 6902 20708 3607 6903 20709 3606 6903 20710 3608 6903 20711 3609 6904 20712 3606 6904 20713 3607 6904 20714 3608 6905 20715 3606 6905 20716 3664 6905 20717 3664 6906 20718 3606 6906 20719 3653 6906 20720 3653 6907 20721 3606 6907 20722 3598 6907 20723 3609 6908 20724 3570 6908 20725 3606 6908 20726 3609 6909 20727 3610 6909 20728 3611 6909 20729 3610 6910 20730 3609 6910 20731 3607 6910 20732 3611 6911 20733 3570 6911 20734 3609 6911 20735 3612 6912 20736 3611 6912 20737 3610 6912 20738 3612 6913 20739 3568 6913 20740 3611 6913 20741 3568 6914 20742 3570 6914 20743 3611 6914 20744 3612 6915 20745 3613 6915 20746 3625 6915 20747 3612 6916 20748 3610 6916 20749 3613 6916 20750 3614 6917 20751 3613 6917 20752 3663 6917 20753 3663 6918 20754 3613 6918 20755 3610 6918 20756 3614 6919 20757 3625 6919 20758 3613 6919 20759 3617 6920 20760 3614 6920 20761 3615 6920 20762 3615 6921 20763 3614 6921 20764 3663 6921 20765 3617 6922 20766 3616 6922 20767 3614 6922 20768 3625 6923 20769 3614 6923 20770 3616 6923 20771 3619 6924 20772 3618 6924 20773 3617 6924 20774 3618 6925 20775 3616 6925 20776 3617 6925 20777 3619 6926 20778 3617 6926 20779 3615 6926 20780 3621 6927 20781 3620 6927 20782 3619 6927 20783 3620 6928 20784 3618 6928 20785 3619 6928 20786 3621 6929 20787 3619 6929 20788 3666 6929 20789 3619 6930 20790 3615 6930 20791 3666 6930 20792 3623 6931 20793 3620 6931 20794 3621 6931 20795 3621 6932 20796 3666 6932 20797 3622 6932 20798 3622 6933 20799 3637 6933 20800 3621 6933 20801 3621 6934 20802 3624 6934 20803 3623 6934 20804 3624 6935 20805 3621 6935 20806 3637 6935 20807 3623 6936 20808 3624 6936 20809 3625 6936 20810 3626 6937 20811 3623 6937 20812 3625 6937 20813 3623 6938 20814 3626 6938 20815 3620 6938 20816 3627 6939 20817 3620 6939 20818 3626 6939 20819 3626 6940 20820 3625 6940 20821 3627 6940 20822 3627 6941 20823 3618 6941 20824 3620 6941 20825 3627 6942 20826 3616 6942 20827 3618 6942 20828 3616 6943 20829 3627 6943 20830 3628 6943 20831 3625 6944 20832 3628 6944 20833 3627 6944 20834 3629 6945 20835 3616 6945 20836 3628 6945 20837 3625 6946 20838 3629 6946 20839 3628 6946 20840 3625 6947 20841 3616 6947 20842 3629 6947 20843 3624 6948 20844 3633 6948 20845 3564 6948 20846 3625 6949 20847 3624 6949 20848 3564 6949 20849 3633 6950 20850 3624 6950 20851 3630 6950 20852 3637 6951 20853 3630 6951 20854 3624 6951 20855 3630 6952 20856 3632 6952 20857 3633 6952 20858 3632 6953 20859 3564 6953 20860 3633 6953 20861 3632 6954 20862 3631 6954 20863 3564 6954 20864 3632 6955 20865 3634 6955 20866 3631 6955 20867 3636 6956 20868 3635 6956 20869 3634 6956 20870 3632 6957 20871 3630 6957 20872 3634 6957 20873 3634 6958 20874 3630 6958 20875 3636 6958 20876 3637 6959 20877 3622 6959 20878 3636 6959 20879 3622 6960 20880 3638 6960 20881 3636 6960 20882 3636 6961 20883 3638 6961 20884 3635 6961 20885 3637 6962 20886 3636 6962 20887 3630 6962 20888 3639 6963 20889 3646 6963 20890 3638 6963 20891 3640 6964 20892 3642 6964 20893 3666 6964 20894 3641 6965 20895 3657 6965 20896 3640 6965 20897 3645 6966 20898 3643 6966 20899 3644 6966 20900 3646 6967 20901 3643 6967 20902 3645 6967 20903 3648 6968 20904 3644 6968 20905 3647 6968 20906 3645 6969 20907 3644 6969 20908 3649 6969 20909 3595 6970 20910 3650 6970 20911 3649 6970 20912 3645 6971 20913 3649 6971 20914 3650 6971 20915 3649 6972 20916 3597 6972 20917 3595 6972 20918 3649 6973 20919 3667 6973 20920 3597 6973 20921 3649 6974 20922 3644 6974 20923 3667 6974 20924 3651 6975 20925 3667 6975 20926 3648 6975 20927 3597 6976 20928 3667 6976 20929 3651 6976 20930 3648 6977 20931 3659 6977 20932 3651 6977 20933 3597 6978 20934 3651 6978 20935 3659 6978 20936 3597 6979 20937 3659 6979 20938 3596 6979 20939 3658 6980 20940 3596 6980 20941 3659 6980 20942 3658 6981 20943 3659 6981 20944 3652 6981 20945 3658 6982 20946 3598 6982 20947 3596 6982 20948 3654 6983 20949 3664 6983 20950 3655 6983 20951 3659 6984 20952 3655 6984 20953 3656 6984 20954 3655 6985 20955 3653 6985 20956 3656 6985 20957 3657 6986 20958 3655 6986 20959 3659 6986 20960 3657 6987 20961 3654 6987 20962 3655 6987 20963 3655 6988 20964 3664 6988 20965 3653 6988 20966 3656 6989 20967 3653 6989 20968 3658 6989 20969 3656 6990 20970 3658 6990 20971 3652 6990 20972 3652 6991 20973 3659 6991 20974 3656 6991 20975 3661 6992 20976 3657 6992 20977 3659 6992 20978 3657 6993 20979 3661 6993 20980 3660 6993 20981 3661 6994 20982 3642 6994 20983 3660 6994 20984 3659 6995 20985 3647 6995 20986 3661 6995 20987 3642 6996 20988 3661 6996 20989 3643 6996 20990 3643 6997 20991 3661 6997 20992 3647 6997 20993 3643 6998 20994 3647 6998 20995 3644 6998 20996 3660 6999 20997 3640 6999 20998 3657 6999 20999 3660 7000 21000 3642 7000 21001 3640 7000 21002 3657 7001 21003 3662 7001 21004 3654 7001 21005 3662 7002 21006 3665 7002 21007 3654 7002 21008 3657 7003 21009 3641 7003 21010 3662 7003 21011 3665 7004 21012 3615 7004 21013 3663 7004 21014 3608 7005 21015 3664 7005 21016 3663 7005 21017 3663 7006 21018 3664 7006 21019 3665 7006 21020 3654 7007 21021 3665 7007 21022 3664 7007 21023 3615 7008 21024 3665 7008 21025 3641 7008 21026 3640 7009 21027 3615 7009 21028 3641 7009 21029 3640 7010 21030 3666 7010 21031 3615 7010 21032 3662 7011 21033 3641 7011 21034 3665 7011 21035 3653 7012 21036 3598 7012 21037 3658 7012 21038 3659 7013 21039 3648 7013 21040 3647 7013 21041 3644 7014 21042 3648 7014 21043 3667 7014 21044 3668 7015 21045 3645 7015 21046 3650 7015 21047 3634 7016 21048 3645 7016 21049 3668 7016 21050 3631 7017 21051 3634 7017 21052 3668 7017 21053 3668 7018 21054 3650 7018 21055 3669 7018 21056 3631 7019 21057 3668 7019 21058 3669 7019 21059 3631 7020 21060 3669 7020 21061 3562 7020 21062 3562 7021 21063 3669 7021 21064 3561 7021 21065 3669 7022 21066 3594 7022 21067 3561 7022 21068 3669 7023 21069 3650 7023 21070 3594 7023 21071 3562 7024 21072 3564 7024 21073 3631 7024 21074 3650 7025 21075 3595 7025 21076 3594 7025 21077 3634 7026 21078 3646 7026 21079 3645 7026 21080 3646 7027 21081 3639 7027 21082 3642 7027 21083 3634 7028 21084 3635 7028 21085 3646 7028 21086 3646 7029 21087 3642 7029 21088 3643 7029 21089 3642 7030 21090 3639 7030 21091 3666 7030 21092 3622 7031 21093 3666 7031 21094 3639 7031 21095 3622 7032 21096 3639 7032 21097 3638 7032 21098 3635 7033 21099 3638 7033 21100 3646 7033 21101 3608 7034 21102 3663 7034 21103 3610 7034 21104 3568 7035 21105 3612 7035 21106 3566 7035 21107 3625 7036 21108 3566 7036 21109 3612 7036 21110 3608 7037 21111 3610 7037 21112 3607 7037 21113 3548 7038 21114 3594 7038 21115 3592 7038 21116 3561 7039 21117 3594 7039 21118 3548 7039 21119 3548 7040 21120 3592 7040 21121 3545 7040 21122 3544 7041 21123 3545 7041 21124 3588 7041 21125 3603 7042 21126 3584 7042 21127 3604 7042 21128 2618 7043 21129 3576 7043 21130 2608 7043 21131 3564 7044 21132 3562 7044 21133 3563 7044 21134 3557 7045 21135 3547 7045 21136 3549 7045 21137 3551 7046 21138 3576 7046 21139 3554 7046 21140 3551 7047 21141 3552 7047 21142 2607 7047 21143 2607 7048 21144 3576 7048 21145 3551 7048 21146 3553 7049 21147 2607 7049 21148 3552 7049 21149 2554 7050 21150 3553 7050 21151 3552 7050 21152 2564 7051 21153 2556 7051 21154 3542 7051 21155 3542 7052 21156 2565 7052 21157 2564 7052 21158 3383 7053 21159 3391 7053 21160 3384 7053 21161 3389 7054 21162 2616 7054 21163 2617 7054 21164 3389 7055 21165 2617 7055 21166 2667 7055 21167 3370 7056 21168 3371 7056 21169 3375 7056 21170 3367 7057 21171 3360 7057 21172 3358 7057 21173 3367 7058 21174 3368 7058 21175 3360 7058 21176 3368 7059 21177 3365 7059 21178 3360 7059 21179 3360 7060 21180 3365 7060 21181 3361 7060 21182 3363 7061 21183 3670 7061 21184 3671 7061 21185 3670 7062 21186 3363 7062 21187 2701 7062 21188 2701 7063 21189 3363 7063 21190 3362 7063 21191 3359 7064 21192 3363 7064 21193 3671 7064 21194 3673 7065 21195 3359 7065 21196 3671 7065 21197 3673 7066 21198 3671 7066 21199 3672 7066 21200 3672 7067 21201 3671 7067 21202 3670 7067 21203 3686 7068 21204 3673 7068 21205 3672 7068 21206 3686 7069 21207 3683 7069 21208 3356 7069 21209 3685 7070 21210 3356 7070 21211 3683 7070 21212 3683 7071 21213 3682 7071 21214 3685 7071 21215 3682 7072 21216 3683 7072 21217 3681 7072 21218 3683 7073 21219 3686 7073 21220 3674 7073 21221 3672 7074 21222 3674 7074 21223 3686 7074 21224 3674 7075 21225 3672 7075 21226 3675 7075 21227 3674 7076 21228 3675 7076 21229 3678 7076 21230 3675 7077 21231 3677 7077 21232 3676 7077 21233 3678 7078 21234 3675 7078 21235 3676 7078 21236 3675 7079 21237 3670 7079 21238 3677 7079 21239 3672 7080 21240 3670 7080 21241 3675 7080 21242 3680 7081 21243 3678 7081 21244 3679 7081 21245 3679 7082 21246 3678 7082 21247 3676 7082 21248 3678 7083 21249 3680 7083 21250 3674 7083 21251 3683 7084 21252 3674 7084 21253 3680 7084 21254 3343 7085 21255 3681 7085 21256 3344 7085 21257 3683 7086 21258 3344 7086 21259 3681 7086 21260 3682 7087 21261 3681 7087 21262 3343 7087 21263 3683 7088 21264 3680 7088 21265 3321 7088 21266 3680 7089 21267 3319 7089 21268 3320 7089 21269 3320 7090 21270 3321 7090 21271 3680 7090 21272 3680 7091 21273 3679 7091 21274 3319 7091 21275 3321 7092 21276 3344 7092 21277 3683 7092 21278 3346 7093 21279 3682 7093 21280 3343 7093 21281 3684 7094 21282 3682 7094 21283 3346 7094 21284 3684 7095 21285 3685 7095 21286 3682 7095 21287 3345 7096 21288 3684 7096 21289 3346 7096 21290 3351 7097 21291 3352 7097 21292 3684 7097 21293 3351 7098 21294 3684 7098 21295 3345 7098 21296 3352 7099 21297 3685 7099 21298 3684 7099 21299 3352 7100 21300 3354 7100 21301 3685 7100 21302 3356 7101 21303 3685 7101 21304 3354 7101 21305 3679 7102 21306 3676 7102 21307 3687 7102 21308 3679 7103 21309 3315 7103 21310 3317 7103 21311 3316 7104 21312 3679 7104 21313 3317 7104 21314 3687 7105 21315 3315 7105 21316 3679 7105 21317 3310 7106 21318 3687 7106 21319 3688 7106 21320 3688 7107 21321 3687 7107 21322 3676 7107 21323 3676 7108 21324 3677 7108 21325 3688 7108 21326 3310 7109 21327 3688 7109 21328 2703 7109 21329 3688 7110 21330 2702 7110 21331 2703 7110 21332 3677 7111 21333 2702 7111 21334 3688 7111 21335 3316 7112 21336 3319 7112 21337 3679 7112 21338 3670 7113 21339 2701 7113 21340 3677 7113 21341 3677 7114 21342 2701 7114 21343 2702 7114 21344 3362 7115 21345 2700 7115 21346 2701 7115 21347 3347 7116 21348 3351 7116 21349 3345 7116 21350 2646 7117 21351 2645 7117 21352 3689 7117 21353 2649 7118 21354 3689 7118 21355 3690 7118 21356 2649 7119 21357 2646 7119 21358 3689 7119 21359 3690 7120 21360 3689 7120 21361 3691 7120 21362 3689 7121 21363 3349 7121 21364 3691 7121 21365 3689 7122 21366 2645 7122 21367 3349 7122 21368 3692 7123 21369 3691 7123 21370 2920 7123 21371 3691 7124 21372 3693 7124 21373 2920 7124 21374 3690 7125 21375 3691 7125 21376 3692 7125 21377 3691 7126 21378 3349 7126 21379 3693 7126 21380 3349 7127 21381 3348 7127 21382 3693 7127 21383 2922 7128 21384 3345 7128 21385 3339 7128 21386 3692 7129 21387 2920 7129 21388 2918 7129 21389 3695 7130 21390 3692 7130 21391 3694 7130 21392 3695 7131 21393 3690 7131 21394 3692 7131 21395 3694 7132 21396 3692 7132 21397 2918 7132 21398 3696 7133 21399 3694 7133 21400 2689 7133 21401 3696 7134 21402 3695 7134 21403 3694 7134 21404 3697 7135 21405 3695 7135 21406 3696 7135 21407 3697 7136 21408 3696 7136 21409 2688 7136 21410 2682 7137 21411 2659 7137 21412 2684 7137 21413 2686 7138 21414 2684 7138 21415 2659 7138 21416 2660 7139 21417 2659 7139 21418 2682 7139 21419 2679 7140 21420 2660 7140 21421 2682 7140 21422 2679 7141 21423 2682 7141 21424 2681 7141 21425 3697 7142 21426 2686 7142 21427 2653 7142 21428 2686 7143 21429 2659 7143 21430 2655 7143 21431 2653 7144 21432 2686 7144 21433 2655 7144 21434 2686 7145 21435 3697 7145 21436 2688 7145 21437 2688 7146 21438 2687 7146 21439 2686 7146 21440 3697 7147 21441 2651 7147 21442 3695 7147 21443 2653 7148 21444 2651 7148 21445 3697 7148 21446 2651 7149 21447 3690 7149 21448 3695 7149 21449 2651 7150 21450 2649 7150 21451 3690 7150 21452 3345 7151 21453 3341 7151 21454 3339 7151 21455 3335 7152 21456 3342 7152 21457 3336 7152 21458 3342 7153 21459 3323 7153 21460 3336 7153 21461 2922 7154 21462 3339 7154 21463 3698 7154 21464 2922 7155 21465 3698 7155 21466 2923 7155 21467 2923 7156 21468 3698 7156 21469 2924 7156 21470 2924 7157 21471 3698 7157 21472 2925 7157 21473 3698 7158 21474 3699 7158 21475 2925 7158 21476 3698 7159 21477 3338 7159 21478 3699 7159 21479 3338 7160 21480 3333 7160 21481 3699 7160 21482 3699 7161 21483 3333 7161 21484 3330 7161 21485 3336 7162 21486 3700 7162 21487 3332 7162 21488 3336 7163 21489 3323 7163 21490 3700 7163 21491 3332 7164 21492 3700 7164 21493 3329 7164 21494 3323 7165 21495 3324 7165 21496 3700 7165 21497 3700 7166 21498 3324 7166 21499 3329 7166 21500 3325 7167 21501 3247 7167 21502 3327 7167 21503 3325 7168 21504 3249 7168 21505 3247 7168 21506 3249 7169 21507 3251 7169 21508 3248 7169 21509 3318 7170 21510 3263 7170 21511 3326 7170 21512 3320 7171 21513 3318 7171 21514 3326 7171 21515 3320 7172 21516 3326 7172 21517 3249 7172 21518 3318 7173 21519 3262 7173 21520 3263 7173 21521 3269 7174 21522 3311 7174 21523 3701 7174 21524 3310 7175 21525 2703 7175 21526 3309 7175 21527 2708 7176 21528 3309 7176 21529 2705 7176 21530 2703 7177 21531 2705 7177 21532 3309 7177 21533 3308 7178 21534 2708 7178 21535 3271 7178 21536 3263 7179 21537 3253 7179 21538 3251 7179 21539 3245 7180 21540 3246 7180 21541 2742 7180 21542 3245 7181 21543 2742 7181 21544 2744 7181 21545 2693 7182 21546 2911 7182 21547 2909 7182 21548 2911 7183 21549 2693 7183 21550 2694 7183 21551 2695 7184 21552 2693 7184 21553 2909 7184 21554 2695 7185 21555 2909 7185 21556 3702 7185 21557 3702 7186 21558 2909 7186 21559 2902 7186 21560 2900 7187 21561 3702 7187 21562 2902 7187 21563 2711 7188 21564 2695 7188 21565 3702 7188 21566 3702 7189 21567 2900 7189 21568 3703 7189 21569 3703 7190 21570 2711 7190 21571 3702 7190 21572 2712 7191 21573 3703 7191 21574 2900 7191 21575 2907 7192 21576 2896 7192 21577 2897 7192 21578 2892 7193 21579 2889 7193 21580 3704 7193 21581 3704 7194 21582 2889 7194 21583 3761 7194 21584 3761 7195 21585 3705 7195 21586 3704 7195 21587 3706 7196 21588 3704 7196 21589 3705 7196 21590 3707 7197 21591 2724 7197 21592 3706 7197 21593 2724 7198 21594 3704 7198 21595 3706 7198 21596 3707 7199 21597 3706 7199 21598 3705 7199 21599 2724 7200 21600 3707 7200 21601 2725 7200 21602 3709 7201 21603 3707 7201 21604 3708 7201 21605 2726 7202 21606 3707 7202 21607 3709 7202 21608 3710 7203 21609 3709 7203 21610 3708 7203 21611 3710 7204 21612 3708 7204 21613 3762 7204 21614 3709 7205 21615 3710 7205 21616 3711 7205 21617 3712 7206 21618 3711 7206 21619 3710 7206 21620 3712 7207 21621 3710 7207 21622 3762 7207 21623 3714 7208 21624 3712 7208 21625 3762 7208 21626 3713 7209 21627 3712 7209 21628 3714 7209 21629 3713 7210 21630 3714 7210 21631 3715 7210 21632 3715 7211 21633 3716 7211 21634 3713 7211 21635 3717 7212 21636 3716 7212 21637 3715 7212 21638 3717 7213 21639 3718 7213 21640 3716 7213 21641 3719 7214 21642 3718 7214 21643 3717 7214 21644 3719 7215 21645 3717 7215 21646 3715 7215 21647 2885 7216 21648 3719 7216 21649 3715 7216 21650 2885 7217 21651 2877 7217 21652 3719 7217 21653 2877 7218 21654 3718 7218 21655 3719 7218 21656 3718 7219 21657 3754 7219 21658 3716 7219 21659 3718 7220 21660 3720 7220 21661 3754 7220 21662 3721 7221 21663 3720 7221 21664 3718 7221 21665 3718 7222 21666 2874 7222 21667 3721 7222 21668 2874 7223 21669 3722 7223 21670 3721 7223 21671 3721 7224 21672 3722 7224 21673 3720 7224 21674 3722 7225 21675 3723 7225 21676 3724 7225 21677 3720 7226 21678 3722 7226 21679 3724 7226 21680 3724 7227 21681 3723 7227 21682 3725 7227 21683 3724 7228 21684 3725 7228 21685 3756 7228 21686 3754 7229 21687 3724 7229 21688 3756 7229 21689 3720 7230 21690 3724 7230 21691 3754 7230 21692 3756 7231 21693 3725 7231 21694 3758 7231 21695 3725 7232 21696 3726 7232 21697 3758 7232 21698 3758 7233 21699 3726 7233 21700 3732 7233 21701 3726 7234 21702 3727 7234 21703 3732 7234 21704 3727 7235 21705 3728 7235 21706 3729 7235 21707 3727 7236 21708 3729 7236 21709 3730 7236 21710 3732 7237 21711 3727 7237 21712 3730 7237 21713 3731 7238 21714 3730 7238 21715 3729 7238 21716 3733 7239 21717 3732 7239 21718 3730 7239 21719 3735 7240 21720 3733 7240 21721 3734 7240 21722 3733 7241 21723 3730 7241 21724 3731 7241 21725 3734 7242 21726 3733 7242 21727 3736 7242 21728 3733 7243 21729 3731 7243 21730 3736 7243 21731 3736 7244 21732 2823 7244 21733 3734 7244 21734 3736 7245 21735 2826 7245 21736 2823 7245 21737 3737 7246 21738 3736 7246 21739 3731 7246 21740 3736 7247 21741 3737 7247 21742 2826 7247 21743 3747 7248 21744 3738 7248 21745 3737 7248 21746 2826 7249 21747 3737 7249 21748 3738 7249 21749 3738 7250 21750 3747 7250 21751 3739 7250 21752 3739 7251 21753 2827 7251 21754 2829 7251 21755 2827 7252 21756 3740 7252 21757 2845 7252 21758 2845 7253 21759 3741 7253 21760 2848 7253 21761 2845 7254 21762 3742 7254 21763 3741 7254 21764 3740 7255 21765 3742 7255 21766 2845 7255 21767 3740 7256 21768 3743 7256 21769 3742 7256 21770 2860 7257 21771 3743 7257 21772 3744 7257 21773 3744 7258 21774 3743 7258 21775 3740 7258 21776 2859 7259 21777 3743 7259 21778 2860 7259 21779 2859 7260 21780 3742 7260 21781 3743 7260 21782 3744 7261 21783 3740 7261 21784 3745 7261 21785 3745 7262 21786 3740 7262 21787 2827 7262 21788 3745 7263 21789 2827 7263 21790 3746 7263 21791 3746 7264 21792 3739 7264 21793 3747 7264 21794 3746 7265 21795 2827 7265 21796 3739 7265 21797 3728 7266 21798 3746 7266 21799 3729 7266 21800 3728 7267 21801 3745 7267 21802 3746 7267 21803 3729 7268 21804 3746 7268 21805 3747 7268 21806 3731 7269 21807 3729 7269 21808 3747 7269 21809 3731 7270 21810 3747 7270 21811 3737 7270 21812 3748 7271 21813 3744 7271 21814 3745 7271 21815 3748 7272 21816 3745 7272 21817 3728 7272 21818 2864 7273 21819 3744 7273 21820 3748 7273 21821 3727 7274 21822 3748 7274 21823 3728 7274 21824 2872 7275 21825 2864 7275 21826 3748 7275 21827 2872 7276 21828 3748 7276 21829 3726 7276 21830 3726 7277 21831 3748 7277 21832 3727 7277 21833 3723 7278 21834 2872 7278 21835 3725 7278 21836 3725 7279 21837 2872 7279 21838 3726 7279 21839 2864 7280 21840 2860 7280 21841 3744 7280 21842 3742 7281 21843 2852 7281 21844 3741 7281 21845 2859 7282 21846 2852 7282 21847 3742 7282 21848 2852 7283 21849 2848 7283 21850 3741 7283 21851 2823 7284 21852 3749 7284 21853 3735 7284 21854 2823 7285 21855 3709 7285 21856 3749 7285 21857 3735 7286 21858 3749 7286 21859 3750 7286 21860 3749 7287 21861 3753 7287 21862 3750 7287 21863 3751 7288 21864 3759 7288 21865 3749 7288 21866 3749 7289 21867 3752 7289 21868 3751 7289 21869 3749 7290 21870 3709 7290 21871 3752 7290 21872 3749 7291 21873 3759 7291 21874 3753 7291 21875 3759 7292 21876 3754 7292 21877 3753 7292 21878 3754 7293 21879 3759 7293 21880 3716 7293 21881 3754 7294 21882 3755 7294 21883 3753 7294 21884 3756 7295 21885 3755 7295 21886 3754 7295 21887 3758 7296 21888 3755 7296 21889 3756 7296 21890 3735 7297 21891 3755 7297 21892 3757 7297 21893 3758 7298 21894 3757 7298 21895 3755 7298 21896 3750 7299 21897 3755 7299 21898 3735 7299 21899 3732 7300 21900 3757 7300 21901 3758 7300 21902 3757 7301 21903 3732 7301 21904 3733 7301 21905 3735 7302 21906 3757 7302 21907 3733 7302 21908 3750 7303 21909 3753 7303 21910 3755 7303 21911 3752 7304 21912 3759 7304 21913 3751 7304 21914 3713 7305 21915 3716 7305 21916 3759 7305 21917 3759 7306 21918 3752 7306 21919 3713 7306 21920 3752 7307 21921 3712 7307 21922 3713 7307 21923 3752 7308 21924 3709 7308 21925 3711 7308 21926 3711 7309 21927 3712 7309 21928 3752 7309 21929 2823 7310 21930 3735 7310 21931 3734 7310 21932 3722 7311 21933 2872 7311 21934 3723 7311 21935 2877 7312 21936 2874 7312 21937 3718 7312 21938 3714 7313 21939 3760 7313 21940 3715 7313 21941 2885 7314 21942 3715 7314 21943 3760 7314 21944 3760 7315 21945 3762 7315 21946 3761 7315 21947 3762 7316 21948 3760 7316 21949 3714 7316 21950 2883 7317 21951 3760 7317 21952 3761 7317 21953 2883 7318 21954 2885 7318 21955 3760 7318 21956 2884 7319 21957 3761 7319 21958 2889 7319 21959 2884 7320 21960 2883 7320 21961 3761 7320 21962 3762 7321 21963 3705 7321 21964 3761 7321 21965 3705 7322 21966 3762 7322 21967 3708 7322 21968 3707 7323 21969 3705 7323 21970 3708 7323 21971 2892 7324 21972 3704 7324 21973 2719 7324 21974 2724 7325 21975 2719 7325 21976 3704 7325 21977 2863 7326 21978 2864 7326 21979 2872 7326 21980 2856 7327 21981 2852 7327 21982 2859 7327 21983 2827 7328 21984 2845 7328 21985 2828 7328 21986 2828 7329 21987 2845 7329 21988 2842 7329 21989 2830 7330 21990 2828 7330 21991 2842 7330 21992 2839 7331 21993 2825 7331 21994 2836 7331 21995 2836 7332 21996 2825 7332 21997 2835 7332 21998 2835 7333 21999 2825 7333 22000 2832 7333 22001 2832 7334 22002 2825 7334 22003 2824 7334 22004 2824 7335 22005 2831 7335 22006 2832 7335 22007 2813 7336 22008 2815 7336 22009 2814 7336 22010 2809 7337 22011 2800 7337 22012 2813 7337 22013 2810 7338 22014 2809 7338 22015 2813 7338 22016 2813 7339 22017 2800 7339 22018 2815 7339 22019 2806 7340 22020 2812 7340 22021 2808 7340 22022 2801 7341 22023 2799 7341 22024 2809 7341 22025 2809 7342 22026 2799 7342 22027 2800 7342 22028 2804 7343 22029 2807 7343 22030 2782 7343 22031 2782 7344 22032 2807 7344 22033 2781 7344 22034 2787 7345 22035 2795 7345 22036 2785 7345 22037 2787 7346 22038 2794 7346 22039 2795 7346 22040 2787 7347 22041 2790 7347 22042 2794 7347 22043 2793 7348 22044 2791 7348 22045 3763 7348 22046 3764 7349 22047 3765 7349 22048 3767 7349 22049 3766 7350 22050 3765 7350 22051 3764 7350 22052 3764 7351 22053 3763 7351 22054 3766 7351 22055 3764 7352 22056 3767 7352 22057 3768 7352 22058 3768 7353 22059 3767 7353 22060 3769 7353 22061 3767 7354 22062 3765 7354 22063 3770 7354 22064 3767 7355 22065 3770 7355 22066 3769 7355 22067 3769 7356 22068 3770 7356 22069 3772 7356 22070 3770 7357 22071 3771 7357 22072 3772 7357 22073 3765 7358 22074 3771 7358 22075 3770 7358 22076 3771 7359 22077 3773 7359 22078 3772 7359 22079 3772 7360 22080 3773 7360 22081 3774 7360 22082 3774 7361 22083 3773 7361 22084 3775 7361 22085 3774 7362 22086 3775 7362 22087 3784 7362 22088 2770 7363 22089 3784 7363 22090 3775 7363 22091 3776 7364 22092 2770 7364 22093 3775 7364 22094 3773 7365 22095 3776 7365 22096 3775 7365 22097 3773 7366 22098 3777 7366 22099 3776 7366 22100 3777 7367 22101 3778 7367 22102 3776 7367 22103 3776 7368 22104 3778 7368 22105 2772 7368 22106 3778 7369 22107 2774 7369 22108 2772 7369 22109 2779 7370 22110 2774 7370 22111 3778 7370 22112 3777 7371 22113 2779 7371 22114 3778 7371 22115 3779 7372 22116 3777 7372 22117 3773 7372 22118 3779 7373 22119 3780 7373 22120 3777 7373 22121 3780 7374 22122 2779 7374 22123 3777 7374 22124 3781 7375 22125 3780 7375 22126 3779 7375 22127 3781 7376 22128 2784 7376 22129 3780 7376 22130 2784 7377 22131 2778 7377 22132 3780 7377 22133 3780 7378 22134 2778 7378 22135 2779 7378 22136 2789 7379 22137 3781 7379 22138 3782 7379 22139 3782 7380 22140 3781 7380 22141 3779 7380 22142 2789 7381 22143 2788 7381 22144 3781 7381 22145 2788 7382 22146 2784 7382 22147 3781 7382 22148 3766 7383 22149 3782 7383 22150 3765 7383 22151 3765 7384 22152 3782 7384 22153 3771 7384 22154 3782 7385 22155 3766 7385 22156 2789 7385 22157 3782 7386 22158 3779 7386 22159 3771 7386 22160 3771 7387 22161 3779 7387 22162 3773 7387 22163 3783 7388 22164 3784 7388 22165 2770 7388 22166 3785 7389 22167 3784 7389 22168 3786 7389 22169 3785 7390 22170 3774 7390 22171 3784 7390 22172 3783 7391 22173 3786 7391 22174 3784 7391 22175 3787 7392 22176 3785 7392 22177 3786 7392 22178 3787 7393 22179 3786 7393 22180 3788 7393 22181 2756 7394 22182 3786 7394 22183 3783 7394 22184 3786 7395 22185 2756 7395 22186 3788 7395 22187 3789 7396 22188 3788 7396 22189 3790 7396 22190 3789 7397 22191 3787 7397 22192 3788 7397 22193 2756 7398 22194 3790 7398 22195 3788 7398 22196 2747 7399 22197 3790 7399 22198 2756 7399 22199 3790 7400 22200 2747 7400 22201 3791 7400 22202 3791 7401 22203 3789 7401 22204 3790 7401 22205 3792 7402 22206 3789 7402 22207 3791 7402 22208 3792 7403 22209 3791 7403 22210 3793 7403 22211 3795 7404 22212 3792 7404 22213 3793 7404 22214 3793 7405 22215 3791 7405 22216 3794 7405 22217 3793 7406 22218 2739 7406 22219 3795 7406 22220 3795 7407 22221 2737 7407 22222 3796 7407 22223 3796 7408 22224 3792 7408 22225 3795 7408 22226 3795 7409 22227 2739 7409 22228 2737 7409 22229 3796 7410 22230 2737 7410 22231 3798 7410 22232 3798 7411 22233 3797 7411 22234 3796 7411 22235 3796 7412 22236 3797 7412 22237 3792 7412 22238 3799 7413 22239 3800 7413 22240 3798 7413 22241 3798 7414 22242 2736 7414 22243 3799 7414 22244 3797 7415 22245 3798 7415 22246 3800 7415 22247 3800 7416 22248 3802 7416 22249 3797 7416 22250 3799 7417 22251 3801 7417 22252 3800 7417 22253 3800 7418 22254 3801 7418 22255 3802 7418 22256 3797 7419 22257 3802 7419 22258 3803 7419 22259 3802 7420 22260 3805 7420 22261 3803 7420 22262 3801 7421 22263 3804 7421 22264 3802 7421 22265 3802 7422 22266 3804 7422 22267 3805 7422 22268 3804 7423 22269 3806 7423 22270 3805 7423 22271 3805 7424 22272 3806 7424 22273 3785 7424 22274 3805 7425 22275 3785 7425 22276 3787 7425 22277 3803 7426 22278 3805 7426 22279 3787 7426 22280 3804 7427 22281 3769 7427 22282 3806 7427 22283 3769 7428 22284 3772 7428 22285 3806 7428 22286 3806 7429 22287 3774 7429 22288 3785 7429 22289 3806 7430 22290 3772 7430 22291 3774 7430 22292 3768 7431 22293 3769 7431 22294 3804 7431 22295 3801 7432 22296 3768 7432 22297 3804 7432 22298 3797 7433 22299 3803 7433 22300 3792 7433 22301 3792 7434 22302 3803 7434 22303 3789 7434 22304 3803 7435 22305 3787 7435 22306 3789 7435 22307 3807 7436 22308 3801 7436 22309 3799 7436 22310 3807 7437 22311 3768 7437 22312 3801 7437 22313 3768 7438 22314 3807 7438 22315 3808 7438 22316 2732 7439 22317 3807 7439 22318 2736 7439 22319 2732 7440 22320 3809 7440 22321 3807 7440 22322 3810 7441 22323 3807 7441 22324 3809 7441 22325 3810 7442 22326 3808 7442 22327 3807 7442 22328 3807 7443 22329 3799 7443 22330 2736 7443 22331 3764 7444 22332 3808 7444 22333 3763 7444 22334 3810 7445 22335 3763 7445 22336 3808 7445 22337 3763 7446 22338 3810 7446 22339 2793 7446 22340 2732 7447 22341 2793 7447 22342 3810 7447 22343 2732 7448 22344 3810 7448 22345 3809 7448 22346 3764 7449 22347 3768 7449 22348 3808 7449 22349 2737 7450 22350 2736 7450 22351 3798 7450 22352 3794 7451 22353 2739 7451 22354 3793 7451 22355 2747 7452 22356 3794 7452 22357 3791 7452 22358 2747 7453 22359 2743 7453 22360 3794 7453 22361 3783 7454 22362 2767 7454 22363 2755 7454 22364 2756 7455 22365 3783 7455 22366 2755 7455 22367 3783 7456 22368 2770 7456 22369 2767 7456 22370 3766 7457 22371 3763 7457 22372 2791 7457 22373 2788 7458 22374 2786 7458 22375 2784 7458 22376 2764 7459 22377 2769 7459 22378 3126 7459 22379 2767 7460 22380 2758 7460 22381 2755 7460 22382 2727 7461 22383 2729 7461 22384 3811 7461 22385 2722 7462 22386 2729 7462 22387 3307 7462 22388 3811 7463 22389 2729 7463 22390 2722 7463 22391 2722 7464 22392 3307 7464 22393 2723 7464 22394 2712 7465 22395 2713 7465 22396 2710 7465 22397 2706 7466 22398 2696 7466 22399 2711 7466 22400 2696 7467 22401 2695 7467 22402 2711 7467 22403 2697 7468 22404 2696 7468 22405 2706 7468 22406 3812 7469 22407 2683 7469 22408 2692 7469 22409 2683 7470 22410 2685 7470 22411 2692 7470 22412 2678 7471 22413 3813 7471 22414 2679 7471 22415 3813 7472 22416 2658 7472 22417 2679 7472 22418 2679 7473 22419 2658 7473 22420 2660 7473 22421 3813 7474 22422 2661 7474 22423 2658 7474 22424 2673 7475 22425 2676 7475 22426 2680 7475 22427 2623 7476 22428 2663 7476 22429 2668 7476 22430 2620 7477 22431 2623 7477 22432 2668 7477 22433 2667 7478 22434 2617 7478 22435 2620 7478 22436 2654 7479 22437 2648 7479 22438 2652 7479 22439 2647 7480 22440 2634 7480 22441 2646 7480 22442 2631 7481 22443 3534 7481 22444 2632 7481 22445 2629 7482 22446 2626 7482 22447 2625 7482 22448 2624 7483 22449 2612 7483 22450 2628 7483 22451 2627 7484 22452 2612 7484 22453 2624 7484 22454 2613 7485 22455 2612 7485 22456 2627 7485 22457 2601 7486 22458 2600 7486 22459 2558 7486 22460 2588 7487 22461 3521 7487 22462 2589 7487 22463 2558 7488 22464 2600 7488 22465 2557 7488 22466</p>
                </triangles>
            </mesh>
        </geometry>
    </library_geometries>
    <library_visual_scenes>
        <visual_scene id="VisualSceneNode" name="VisualScene">
            <node id="node" name="node">
                <instance_geometry url="#shape0-lib"/>
            </node>
        </visual_scene>
    </library_visual_scenes>
    <scene>
        <instance_visual_scene url="#VisualSceneNode"/>
    </scene>
</COLLADA>
