theta1_deg,theta2_deg,r_max_mm,center_x_mm,center_z_mm,phi_deg,g_mm,secure_wrap,caged,self_collision_ok,self_collision_clearance_mm,self_collision_pair
-36.0,-36.0,,,,,,False,False,False,-44.226,housing|node6
-36.0,-34.0,,,,,,False,False,False,-41.603,housing|node6
-36.0,-32.0,,,,,,False,False,False,-38.72,housing|node6
-36.0,-30.0,,,,,,False,False,False,-35.585,housing|node6
-36.0,-28.0,,,,,,False,False,False,-32.21,housing|node6
-36.0,-26.0,,,,,,False,False,False,-28.603,housing|node6
-36.0,-24.0,,,,,,False,False,False,-24.778,housing|node6
-36.0,-22.0,,,,,,False,False,False,-20.748,housing|node6
-36.0,-20.0,,,,,,False,False,False,-16.525,housing|node6
-36.0,-18.0,,,,,,False,False,False,-12.125,housing|node6
-36.0,-16.0,,,,,,False,False,False,-7.563,housing|node6
-36.0,-14.0,,,,,,False,False,False,-2.854,housing|node6
-36.0,-12.0,,,,,,False,False,False,-27.406,housing|node7
-36.0,-10.0,,,,,,False,False,False,-18.068,housing|node7
-36.0,-8.0,,,,,,False,False,False,-8.362,housing|node7
-36.0,-6.0,,,,,,False,False,False,-18.695,housing|node8
-36.0,-4.0,,,,,,False,False,False,-1.909,housing|node8
-36.0,-2.0,37.739,-285.328,181.895,82.0,72.554,False,True,True,12.141,housing|node9
-36.0,0.0,46.0,-287.0,192.567,60.0,92.0,False,False,True,12.229,housing|node1
-36.0,2.0,44.772,-285.328,226.783,62.0,89.545,False,False,True,12.229,housing|node1
-36.0,4.0,46.886,-280.347,247.709,60.0,93.771,False,False,True,12.229,housing|node1
-36.0,6.0,51.404,98.902,400.294,36.0,102.808,False,False,True,12.229,housing|node1
-36.0,8.0,70.633,98.902,423.597,24.0,141.266,False,False,True,12.229,housing|node1
-36.0,10.0,89.349,98.902,445.109,20.0,178.698,False,False,True,12.229,housing|node1
-36.0,12.0,106.752,98.902,464.464,16.0,213.503,False,False,True,12.229,housing|node1
-36.0,14.0,122.246,98.902,481.347,14.0,244.491,False,False,True,12.229,housing|node1
-36.0,16.0,135.408,98.902,495.499,14.0,270.815,False,False,True,12.229,housing|node1
-36.0,18.0,145.942,98.902,506.728,14.0,291.884,False,False,True,12.229,housing|node1
-36.0,20.0,153.659,98.902,514.907,12.0,307.317,False,False,True,12.229,housing|node1
-36.0,22.0,144.526,98.902,519.979,14.0,289.051,False,False,True,12.229,housing|node1
-36.0,24.0,122.693,98.902,482.134,28.0,245.386,False,False,True,12.229,housing|node1
-36.0,26.0,104.411,98.902,461.901,32.0,208.821,False,False,True,12.229,housing|node1
-36.0,28.0,88.396,98.902,444.118,40.0,176.792,False,False,True,12.229,housing|node1
-36.0,30.0,74.208,98.902,427.779,46.0,148.415,False,False,True,12.229,housing|node1
-36.0,32.0,61.536,98.902,413.304,54.0,123.072,False,False,True,12.229,housing|node1
-36.0,34.0,50.361,98.902,399.005,66.0,100.722,False,False,True,12.229,housing|node1
-36.0,36.0,39.986,98.902,386.18,82.0,79.972,False,False,True,12.229,housing|node1
-34.0,-36.0,,,,,,False,False,False,-20.593,housing|node6
-34.0,-34.0,,,,,,False,False,False,-17.266,housing|node6
-34.0,-32.0,,,,,,False,False,False,-13.708,housing|node6
-34.0,-30.0,,,,,,False,False,False,-9.93,housing|node6
-34.0,-28.0,,,,,,False,False,False,-5.945,housing|node6
-34.0,-26.0,,,,,,False,False,False,-1.766,housing|node6
-34.0,-24.0,,,,,,False,False,False,-41.553,housing|node7
-34.0,-22.0,,,,,,False,False,False,-34.334,housing|node7
-34.0,-20.0,,,,,,False,False,False,-26.512,housing|node7
-34.0,-18.0,,,,,,False,False,False,-18.137,housing|node7
-34.0,-16.0,,,,,,False,False,False,-9.267,housing|node7
-34.0,-14.0,,,,,,False,False,False,-35.929,housing|node8
-34.0,-12.0,,,,,,False,False,False,-21.07,housing|node8
-34.0,-10.0,,,,,,False,False,False,-5.311,housing|node8
-34.0,-8.0,,,,,,False,False,False,-12.089,housing|node9
-34.0,-6.0,26.281,-267.281,192.159,54.0,52.563,False,False,True,13.23,housing|node1
-34.0,-4.0,30.052,-271.052,194.191,50.0,60.105,False,False,True,13.23,housing|node1
-34.0,-2.0,35.515,-271.508,240.212,58.0,71.03,False,False,True,13.23,housing|node1
-34.0,0.0,43.953,-268.623,257.764,58.0,87.906,False,False,True,13.23,housing|node1
-34.0,2.0,46.787,103.182,405.467,32.0,93.573,False,False,True,13.23,housing|node1
-34.0,4.0,67.784,103.182,429.837,24.0,135.569,False,False,True,13.23,housing|node1
-34.0,6.0,88.421,103.182,452.726,20.0,176.843,False,False,True,13.23,housing|node1
-34.0,8.0,107.86,103.182,473.729,16.0,215.72,False,False,True,13.23,housing|node1
-34.0,10.0,125.501,103.182,492.485,16.0,251.002,False,False,True,13.23,housing|node1
-34.0,12.0,140.897,103.182,508.686,14.0,281.794,False,False,True,13.23,housing|node1
-34.0,14.0,153.715,103.182,522.08,12.0,307.429,False,False,True,13.23,housing|node1
-34.0,16.0,163.715,103.182,532.482,14.0,327.43,False,False,True,13.23,housing|node1
-34.0,18.0,145.991,103.182,539.776,14.0,291.982,False,False,True,13.23,housing|node1
-34.0,20.0,125.372,103.182,492.39,32.0,250.744,False,False,True,13.23,housing|node1
-34.0,22.0,107.693,103.182,473.895,32.0,215.387,False,False,True,13.23,housing|node1
-34.0,24.0,92.3,103.182,457.069,40.0,184.6,False,False,True,13.23,housing|node1
-34.0,26.0,78.459,103.182,442.215,42.0,156.917,False,False,True,13.23,housing|node1
-34.0,28.0,66.027,103.182,428.519,48.0,132.054,False,False,True,13.23,housing|node1
-34.0,30.0,54.852,103.182,415.612,52.0,109.703,False,False,True,13.23,housing|node1
-34.0,32.0,44.675,103.182,403.4,64.0,89.351,False,False,True,13.23,housing|node1
-34.0,34.0,35.221,103.182,391.214,72.0,70.443,False,False,True,13.23,housing|node1
-34.0,36.0,15.221,103.182,109.628,140.0,30.442,False,False,True,13.23,housing|node1
-32.0,-36.0,,,,,,False,False,False,-46.657,housing|node7
-32.0,-34.0,,,,,,False,False,False,-42.272,housing|node7
-32.0,-32.0,,,,,,False,False,False,-37.148,housing|node7
-32.0,-30.0,,,,,,False,False,False,-31.311,housing|node7
-32.0,-28.0,,,,,,False,False,False,-24.793,housing|node7
-32.0,-26.0,,,,,,False,False,False,-17.63,housing|node7
-32.0,-24.0,,,,,,False,False,False,-9.867,housing|node7
-32.0,-22.0,,,,,,False,False,False,-1.554,housing|node7
-32.0,-20.0,,,,,,False,False,False,-36.047,housing|node8
-32.0,-18.0,,,,,,False,False,False,-22.902,housing|node8
-32.0,-16.0,,,,,,False,False,False,-8.62,housing|node8
-32.0,-14.0,,,,,,False,False,False,-31.659,housing|node9
-32.0,-12.0,,,,,,False,False,False,-9.429,housing|node9
-32.0,-10.0,17.452,107.321,107.919,130.0,34.904,False,False,True,14.18,housing|node1
-32.0,-8.0,22.622,-155.41,250.858,118.0,41.647,False,True,True,14.18,housing|node1
-32.0,-6.0,27.964,-252.789,249.977,70.0,55.928,False,False,True,14.18,housing|node1
-32.0,-4.0,40.065,-252.035,264.082,58.0,80.13,False,False,True,14.18,housing|node1
-32.0,-2.0,41.417,107.321,408.07,36.0,82.833,False,False,True,14.18,housing|node1
-32.0,0.0,63.969,107.321,433.168,28.0,127.938,False,False,True,14.18,housing|node1
-32.0,2.0,86.247,107.321,457.123,26.0,172.493,False,False,True,14.18,housing|node1
-32.0,4.0,107.273,107.321,479.498,24.0,214.546,False,False,True,14.18,housing|node1
-32.0,6.0,126.441,107.321,499.896,24.0,252.881,False,False,True,14.18,housing|node1
-32.0,8.0,143.416,107.321,517.961,26.0,286.832,False,False,True,14.18,housing|node1
-32.0,10.0,157.915,107.321,533.391,30.0,315.831,False,False,True,14.18,housing|node1
-32.0,12.0,166.597,107.321,545.944,66.0,333.195,False,False,True,14.18,housing|node1
-32.0,14.0,144.788,107.321,555.442,16.0,289.577,False,False,True,14.18,housing|node1
-32.0,16.0,125.653,107.321,499.695,60.0,251.305,False,False,True,14.18,housing|node1
-32.0,18.0,109.623,107.321,482.018,48.0,219.246,False,False,True,14.18,housing|node1
-32.0,20.0,95.311,107.321,466.892,52.0,190.621,False,False,True,14.18,housing|node1
-32.0,22.0,82.323,107.321,453.444,48.0,164.646,False,False,True,14.18,housing|node1
-32.0,24.0,70.867,107.321,440.714,52.0,141.733,False,False,True,14.18,housing|node1
-32.0,26.0,60.105,107.321,429.371,54.0,120.211,False,False,True,14.18,housing|node1
-32.0,28.0,50.268,107.321,418.062,60.0,100.536,False,False,True,14.18,housing|node1
-32.0,30.0,29.341,-46.495,257.576,94.0,58.458,False,True,True,14.18,housing|node1
-32.0,32.0,27.931,-41.683,255.878,100.0,55.318,False,True,True,14.18,housing|node1
-32.0,34.0,27.415,114.606,386.267,88.0,54.829,False,False,True,14.18,housing|node1
-32.0,36.0,29.335,123.943,104.647,92.0,58.669,False,False,True,14.18,housing|node1
-30.0,-36.0,,,,,,False,False,False,-22.156,housing|node7
-30.0,-34.0,,,,,,False,False,False,-16.389,housing|node7
-30.0,-32.0,,,,,,False,False,False,-9.948,housing|node7
-30.0,-30.0,,,,,,False,False,False,-2.867,housing|node7
-30.0,-28.0,,,,,,False,False,False,-44.703,housing|node8
-30.0,-26.0,,,,,,False,False,False,-35.028,housing|node8
-30.0,-24.0,,,,,,False,False,False,-23.924,housing|node8
-30.0,-22.0,,,,,,False,False,False,-11.495,housing|node8
-30.0,-20.0,,,,,,False,False,False,-44.853,housing|node9
-30.0,-18.0,,,,,,False,False,False,-26.491,housing|node9
-30.0,-16.0,,,,,,False,False,False,-5.928,housing|node9
-30.0,-14.0,32.157,-62.521,260.104,112.0,58.288,False,True,True,10.904,housing|gripper_claw_left
-30.0,-12.0,34.019,-83.609,261.966,100.0,63.084,False,True,True,15.079,housing|node1
-30.0,-10.0,34.987,-139.086,262.934,100.0,66.55,False,True,True,15.079,housing|node1
-30.0,-8.0,41.66,-159.686,269.607,90.0,78.781,False,True,True,15.079,housing|node1
-30.0,-6.0,50.87,-228.864,278.817,60.0,100.487,False,True,True,15.079,housing|node1
-30.0,-4.0,56.997,111.301,433.481,38.0,113.994,False,False,True,15.079,housing|node1
-30.0,-2.0,78.372,111.301,458.163,30.0,156.744,False,False,True,15.079,housing|node1
-30.0,0.0,98.671,111.301,481.603,30.0,197.343,False,False,True,15.079,housing|node1
-30.0,2.0,117.107,111.301,503.37,28.0,234.213,False,False,True,15.079,housing|node1
-30.0,4.0,132.803,111.301,523.071,28.0,265.606,False,False,True,15.079,housing|node1
-30.0,6.0,144.447,111.301,540.358,28.0,288.894,False,False,True,15.079,housing|node1
-30.0,8.0,149.304,111.301,554.935,32.0,298.608,False,False,True,15.079,housing|node1
-30.0,10.0,139.801,111.301,566.57,28.0,279.602,False,False,True,15.079,housing|node1
-30.0,12.0,116.979,111.301,575.095,18.0,233.959,False,False,True,15.079,housing|node1
-30.0,14.0,99.44,111.301,507.012,48.0,198.88,False,False,True,15.079,housing|node1
-30.0,16.0,86.551,111.301,481.518,64.0,173.101,False,False,True,15.079,housing|node1
-30.0,18.0,76.514,111.301,466.469,76.0,153.029,False,False,True,15.079,housing|node1
-30.0,20.0,68.319,111.301,453.107,92.0,136.638,False,False,True,15.079,housing|node1
-30.0,22.0,61.743,111.301,440.142,138.0,123.486,False,False,True,15.079,housing|node1
-30.0,24.0,54.595,111.301,431.214,156.0,109.19,False,False,True,15.079,housing|node1
-30.0,26.0,46.981,111.301,422.51,92.0,93.962,False,False,True,15.079,housing|node1
-30.0,28.0,43.687,121.994,412.096,80.0,87.374,False,False,True,15.079,housing|node1
-30.0,30.0,40.841,136.301,399.217,68.0,81.683,False,False,True,15.079,housing|node1
-30.0,32.0,47.468,148.003,98.437,64.0,94.937,False,False,True,15.079,housing|node1
-30.0,34.0,55.046,156.996,97.028,58.0,110.093,False,False,True,15.079,housing|node1
-30.0,36.0,60.288,163.243,95.772,56.0,120.576,False,False,True,15.079,housing|node1
-28.0,-36.0,,,,,,False,False,False,-45.9,housing|node8
-28.0,-34.0,,,,,,False,False,False,-40.139,housing|node8
-28.0,-32.0,,,,,,False,False,False,-32.818,housing|node8
-28.0,-30.0,,,,,,False,False,False,-23.979,housing|node8
-28.0,-28.0,,,,,,False,False,False,-13.69,housing|node8
-28.0,-26.0,,,,,,False,False,False,-2.04,housing|node8
-28.0,-24.0,,,,,,False,False,False,-38.383,housing|node9
-28.0,-22.0,,,,,,False,False,False,-22.115,housing|node9
-28.0,-20.0,,,,,,False,False,False,-3.459,housing|node9
-28.0,-18.0,38.409,-39.303,266.747,106.0,70.177,False,True,True,3.834,housing|gripper_claw_left
-28.0,-16.0,40.624,-53.777,268.571,98.0,75.332,False,True,True,15.926,housing|node1
-28.0,-14.0,43.6,-74.41,271.568,94.0,81.941,False,True,True,15.926,housing|node1
-28.0,-12.0,36.839,-205.286,264.786,82.0,70.824,False,True,True,15.926,housing|node1
-28.0,-10.0,53.313,-130.824,281.397,86.0,100.818,False,True,True,15.926,housing|node1
-28.0,-8.0,62.095,-202.355,290.042,58.0,121.908,False,True,True,15.926,housing|node1
-28.0,-6.0,74.496,-195.961,302.564,62.0,146.728,False,True,True,15.926,housing|node1
-28.0,-4.0,84.743,120.333,479.947,30.0,169.485,False,False,True,15.926,housing|node1
-28.0,-2.0,101.973,120.333,502.778,26.0,203.947,False,False,True,15.926,housing|node1
-28.0,0.0,116.67,120.333,523.847,26.0,233.341,False,False,True,15.926,housing|node1
-28.0,2.0,127.555,120.333,542.766,26.0,255.11,False,False,True,15.926,housing|node1
-28.0,4.0,132.918,120.333,559.194,26.0,265.835,False,False,True,15.926,housing|node1
-28.0,6.0,130.092,120.333,572.844,30.0,260.184,False,False,True,15.926,housing|node1
-28.0,8.0,115.155,120.333,583.492,26.0,230.311,False,False,True,15.926,housing|node1
-28.0,10.0,91.457,120.333,590.979,22.0,182.914,False,False,True,15.926,housing|node1
-28.0,12.0,73.913,120.333,520.803,46.0,147.826,False,False,True,15.926,housing|node1
-28.0,14.0,61.932,120.333,486.954,48.0,123.865,False,False,True,15.926,housing|node1
-28.0,16.0,52.462,120.333,474.751,54.0,104.924,False,False,True,15.926,housing|node1
-28.0,18.0,45.429,120.333,449.149,60.0,90.858,False,False,True,15.926,housing|node1
-28.0,20.0,39.886,120.333,440.69,66.0,79.772,False,False,True,15.926,housing|node1
-28.0,22.0,37.113,122.467,432.778,68.0,74.227,False,False,True,15.926,housing|node1
-28.0,24.0,51.665,141.319,422.347,154.0,103.331,False,False,True,15.926,housing|node1
-28.0,26.0,55.09,157.874,95.122,58.0,110.18,False,False,True,15.926,housing|node1
-28.0,28.0,67.111,171.904,92.458,52.0,134.222,False,False,True,15.926,housing|node1
-28.0,30.0,77.146,183.247,90.588,48.0,154.292,False,False,True,15.926,housing|node1
-28.0,32.0,84.815,191.805,89.158,44.0,169.631,False,False,True,15.926,housing|node1
-28.0,34.0,90.034,197.55,88.285,46.0,180.067,False,False,True,15.926,housing|node1
-28.0,36.0,92.707,200.518,87.714,42.0,185.414,False,False,True,15.926,housing|node1
-26.0,-36.0,,,,,,False,False,False,-23.039,housing|node8
-26.0,-34.0,,,,,,False,False,False,-15.072,housing|node8
-26.0,-32.0,,,,,,False,False,False,-5.644,housing|node8
-26.0,-30.0,,,,,,False,False,False,-44.07,housing|node9
-26.0,-28.0,,,,,,False,False,False,-32.728,housing|node9
-26.0,-26.0,,,,,,False,False,False,-18.698,housing|node9
-26.0,-24.0,,,,,,False,False,False,-2.143,housing|node9
-26.0,-22.0,,,,,,False,False,False,-0.192,housing|gripper_claw_left
-26.0,-20.0,45.809,-23.767,273.756,102.0,83.034,False,True,True,16.718,housing|node1
-26.0,-18.0,48.453,-34.894,276.715,92.0,89.85,False,True,True,16.718,housing|node1
-26.0,-16.0,52.252,-56.639,280.199,92.0,98.201,False,True,True,16.718,housing|node1
-26.0,-14.0,56.755,-73.167,284.702,86.0,105.97,False,True,True,16.718,housing|node1
-26.0,-12.0,59.087,-177.182,287.034,62.0,115.592,False,True,True,16.718,housing|node1
-26.0,-10.0,71.777,-172.946,299.724,58.0,140.917,False,True,True,16.718,housing|node1
-26.0,-8.0,83.699,-165.459,311.953,58.0,165.336,False,True,True,16.718,housing|node1
-26.0,-6.0,93.048,-154.811,321.171,66.0,185.387,False,True,True,16.718,housing|node1
-26.0,-4.0,96.898,129.118,520.21,28.0,193.795,False,False,True,16.718,housing|node1
-26.0,-2.0,107.553,129.118,540.497,26.0,215.106,False,False,True,16.718,housing|node1
-26.0,0.0,113.897,129.118,558.555,26.0,227.794,False,False,True,16.718,housing|node1
-26.0,2.0,114.117,129.118,574.05,28.0,228.233,False,False,True,16.718,housing|node1
-26.0,4.0,106.179,129.118,586.706,30.0,212.359,False,False,True,16.718,housing|node1
-26.0,6.0,87.938,129.118,596.305,28.0,175.876,False,False,True,16.718,housing|node1
-26.0,8.0,63.47,129.118,602.7,26.0,126.94,False,False,True,16.718,housing|node1
-26.0,10.0,45.796,129.118,502.342,52.0,91.592,False,False,True,16.718,housing|node1
-26.0,12.0,48.901,-15.0,277.213,76.0,97.802,False,False,True,16.718,housing|node1
-26.0,14.0,49.01,-15.0,277.043,76.0,98.021,False,False,True,16.718,housing|node1
-26.0,16.0,48.803,-15.0,277.367,72.0,97.605,False,False,True,16.718,housing|node1
-26.0,18.0,46.628,-15.0,586.337,42.0,93.256,False,False,True,16.718,housing|node1
-26.0,20.0,56.553,160.324,93.059,56.0,113.107,False,False,True,16.718,housing|node1
-26.0,22.0,72.861,178.98,89.813,52.0,145.722,False,False,True,16.718,housing|node1
-26.0,24.0,87.41,195.248,86.84,50.0,174.819,False,False,True,16.718,housing|node1
-26.0,26.0,99.796,208.905,84.16,44.0,199.592,False,False,True,16.718,housing|node1
-26.0,28.0,109.721,219.795,81.694,42.0,219.443,False,False,True,16.718,housing|node1
-26.0,30.0,117.184,227.829,80.183,46.0,234.368,False,False,True,16.718,housing|node1
-26.0,32.0,121.927,232.984,78.889,42.0,243.855,False,False,True,16.718,housing|node1
-26.0,34.0,124.164,235.306,78.74,44.0,248.327,False,False,True,16.718,housing|node1
-26.0,36.0,123.762,234.904,78.696,44.0,247.524,False,False,True,16.718,housing|node1
-24.0,-36.0,,,,,,False,False,False,-0.036,housing|node8
-24.0,-34.0,,,,,,False,False,False,-37.09,housing|node9
-24.0,-32.0,,,,,,False,False,False,-28.097,housing|node9
-24.0,-30.0,,,,,,False,False,False,-16.395,housing|node9
-24.0,-28.0,,,,,,False,False,False,-2.088,housing|node9
-24.0,-26.0,,,,,,False,False,False,-3.452,housing|gripper_claw_left
-24.0,-24.0,49.038,3.498,276.962,164.0,76.219,False,True,True,16.704,housing|gripper_claw_left
-24.0,-22.0,51.781,-6.789,279.728,118.0,91.44,False,True,True,17.456,housing|node1
-24.0,-20.0,55.003,-21.951,282.95,108.0,101.996,False,True,True,17.456,housing|node1
-24.0,-18.0,58.753,-36.85,287.084,94.0,111.103,False,True,True,17.456,housing|node1
-24.0,-16.0,63.83,-58.467,291.777,84.0,123.311,False,True,True,17.456,housing|node1
-24.0,-14.0,67.198,-146.449,295.231,58.0,131.927,False,True,True,17.456,housing|node1
-24.0,-12.0,79.364,-141.134,307.552,52.0,156.316,False,True,True,17.456,housing|node1
-24.0,-10.0,90.93,-132.61,319.398,54.0,180.091,False,True,True,17.456,housing|node1
-24.0,-8.0,99.432,-120.975,327.678,62.0,198.592,False,True,True,17.456,housing|node1
-24.0,-6.0,101.709,-106.397,329.773,56.0,203.417,False,False,True,17.456,housing|node1
-24.0,-4.0,92.688,137.585,552.956,30.0,185.375,False,False,True,17.456,housing|node1
-24.0,-2.0,94.687,137.585,570.082,28.0,189.375,False,False,True,17.456,housing|node1
-24.0,0.0,90.698,137.585,584.581,30.0,181.395,False,False,True,17.456,housing|node1
-24.0,2.0,78.842,137.585,596.182,32.0,157.684,False,False,True,17.456,housing|node1
-24.0,4.0,58.632,137.585,604.681,36.0,117.263,False,False,True,17.456,housing|node1
-24.0,6.0,60.861,-15.0,288.856,68.0,121.722,False,False,True,17.456,housing|node1
-24.0,8.0,60.78,-15.0,289.019,68.0,121.56,False,False,True,17.456,housing|node1
-24.0,10.0,60.718,-15.0,289.142,66.0,121.437,False,False,True,17.456,housing|node1
-24.0,12.0,57.944,-15.0,605.933,32.0,115.889,False,False,True,17.456,housing|node1
-24.0,14.0,70.725,-15.0,598.256,32.0,141.449,False,False,True,17.456,housing|node1
-24.0,16.0,78.549,-15.0,587.703,30.0,157.097,False,False,True,17.456,housing|node1
-24.0,18.0,90.28,199.284,83.257,48.0,180.56,False,False,True,17.456,housing|node1
-24.0,20.0,106.994,217.645,79.35,46.0,213.988,False,False,True,17.456,housing|node1
-24.0,22.0,121.654,233.528,75.005,42.0,243.308,False,False,True,17.456,housing|node1
-24.0,24.0,133.914,246.716,71.28,38.0,267.828,False,False,True,17.456,housing|node1
-24.0,26.0,143.894,257.061,-15.0,16.0,287.789,False,False,True,17.456,housing|node1
-24.0,28.0,151.217,264.481,-15.0,16.0,302.434,False,False,True,17.456,housing|node1
-24.0,30.0,155.641,268.961,-15.0,16.0,311.283,False,False,True,17.456,housing|node1
-24.0,32.0,157.217,270.556,-15.0,16.0,314.434,False,False,True,17.456,housing|node1
-24.0,34.0,156.06,269.384,-15.0,16.0,312.12,False,False,True,17.456,housing|node1
-24.0,36.0,152.348,265.626,-15.0,16.0,304.696,False,False,True,17.456,housing|node1
-22.0,-36.0,,,,,,False,False,False,-24.69,housing|node9
-22.0,-34.0,,,,,,False,False,False,-15.353,housing|node9
-22.0,-32.0,,,,,,False,False,False,-3.385,housing|node9
-22.0,-30.0,,,,,,False,False,False,-5.952,housing|gripper_claw_left
-22.0,-28.0,44.513,147.408,93.186,70.0,89.026,False,False,True,9.834,housing|gripper_claw_left
-22.0,-26.0,44.575,147.408,92.82,70.0,89.151,False,False,True,18.138,housing|node1
-22.0,-24.0,55.413,11.901,282.233,182.0,76.986,True,True,True,18.138,housing|node1
-22.0,-22.0,59.895,2.549,288.153,136.0,101.587,False,True,True,18.138,housing|node1
-22.0,-20.0,64.138,-12.177,292.245,102.0,120.539,False,True,True,18.138,housing|node1
-22.0,-18.0,69.351,-30.321,297.298,84.0,133.977,False,True,True,18.138,housing|node1
-22.0,-16.0,76.278,-45.704,304.225,80.0,144.245,False,True,True,18.138,housing|node1
-22.0,-14.0,84.777,-107.472,313.33,48.0,167.467,False,True,True,18.138,housing|node1
-22.0,-12.0,96.217,-97.973,324.164,56.0,190.066,False,True,True,18.138,housing|node1
-22.0,-10.0,103.586,-85.421,331.533,62.0,207.171,False,False,True,18.138,housing|node1
-22.0,-8.0,103.446,-69.991,331.393,58.0,206.892,False,False,True,18.138,housing|node1
-22.0,-6.0,96.765,-51.926,324.789,64.0,193.53,False,False,True,18.138,housing|node1
-22.0,-4.0,85.161,-31.528,313.108,60.0,170.322,False,False,True,18.138,housing|node1
-22.0,-2.0,66.065,147.408,590.52,32.0,132.129,False,False,True,18.138,housing|node1
-22.0,0.0,74.587,-15.0,303.257,62.0,149.174,False,False,True,18.138,housing|node1
-22.0,2.0,74.74,-15.0,302.809,62.0,149.481,False,False,True,18.138,housing|node1
-22.0,4.0,74.712,-15.0,302.892,60.0,149.424,False,False,True,18.138,housing|node1
-22.0,6.0,74.581,-15.0,303.274,58.0,149.163,False,False,True,18.138,housing|node1
-22.0,8.0,79.426,-15.0,610.65,30.0,158.851,False,False,True,18.138,housing|node1
-22.0,10.0,94.296,-15.0,604.861,24.0,188.592,False,False,True,18.138,housing|node1
-22.0,12.0,105.685,-15.0,595.999,26.0,211.371,False,False,True,18.138,housing|node1
-22.0,14.0,110.143,-15.0,584.284,18.0,220.286,False,False,True,18.138,housing|node1
-22.0,16.0,125.82,238.723,-15.0,18.0,251.639,False,False,True,18.138,housing|node1
-22.0,18.0,143.527,256.689,-15.0,16.0,287.053,False,False,True,18.138,housing|node1
-22.0,20.0,158.732,272.089,-15.0,16.0,317.463,False,False,True,18.138,housing|node1
-22.0,22.0,171.213,284.715,-15.0,14.0,342.426,False,False,True,18.138,housing|node1
-22.0,24.0,180.819,294.424,-15.0,14.0,361.638,False,False,True,18.138,housing|node1
-22.0,26.0,187.47,301.142,-15.0,14.0,374.94,False,False,True,18.138,housing|node1
-22.0,28.0,191.157,304.865,-15.0,14.0,382.314,False,False,True,18.138,housing|node1
-22.0,30.0,191.94,305.656,-15.0,14.0,383.88,False,False,True,18.138,housing|node1
-22.0,32.0,189.946,303.642,-15.0,14.0,379.892,False,False,True,18.138,housing|node1
-22.0,34.0,185.362,299.013,-15.0,14.0,370.724,False,False,True,18.138,housing|node1
-22.0,36.0,178.432,292.012,-15.0,14.0,356.864,False,False,True,18.138,housing|node1
-20.0,-36.0,,,,,,False,False,False,-6.108,housing|node9
-20.0,-34.0,,,,,,False,False,False,-7.744,housing|gripper_claw_left
-20.0,-32.0,56.112,161.969,88.004,68.0,112.223,False,False,True,3.557,housing|gripper_claw_left
-20.0,-30.0,56.083,161.969,87.54,64.0,112.165,False,False,True,18.763,housing|node1
-20.0,-28.0,56.166,161.969,87.781,66.0,112.333,False,False,True,18.763,housing|node1
-20.0,-26.0,50.796,161.969,-15.0,32.0,101.592,False,False,True,18.763,housing|node1
-20.0,-24.0,59.333,17.166,285.055,150.0,98.379,False,True,True,18.763,housing|node1
-20.0,-22.0,67.184,12.919,294.083,174.0,112.691,False,True,True,18.763,housing|node1
-20.0,-20.0,73.211,3.761,301.071,132.0,131.604,False,True,True,18.763,housing|node1
-20.0,-18.0,79.644,-12.945,308.125,90.0,149.682,False,True,True,18.763,housing|node1
-20.0,-16.0,88.272,-72.554,316.642,48.0,174.371,False,True,True,18.763,housing|node1
-20.0,-14.0,99.201,-62.151,327.602,54.0,196.472,False,True,True,18.763,housing|node1
-20.0,-12.0,105.414,-48.757,333.549,66.0,210.828,False,False,True,18.763,housing|node1
-20.0,-10.0,100.89,-32.557,329.072,64.0,201.78,False,False,True,18.763,housing|node1
-20.0,-8.0,90.117,-15.0,318.336,62.0,180.235,False,False,True,18.763,housing|node1
-20.0,-6.0,90.623,-15.0,318.824,62.0,181.246,False,False,True,18.763,housing|node1
-20.0,-4.0,91.038,-15.0,319.04,60.0,182.077,False,False,True,18.763,housing|node1
-20.0,-2.0,91.264,-15.0,319.333,60.0,182.527,False,False,True,18.763,housing|node1
-20.0,0.0,91.289,-15.0,319.796,54.0,182.579,False,False,True,18.763,housing|node1
-20.0,2.0,91.372,-15.0,319.322,56.0,182.744,False,False,True,18.763,housing|node1
-20.0,4.0,97.891,-15.0,609.654,28.0,195.781,False,False,True,18.763,housing|node1
-20.0,6.0,117.288,-15.0,605.883,22.0,234.575,False,False,True,18.763,housing|node1
-20.0,8.0,131.552,-15.0,598.893,24.0,263.104,False,False,True,18.763,housing|node1
-20.0,10.0,139.243,-15.0,588.851,18.0,278.486,False,False,True,18.763,housing|node1
-20.0,12.0,144.951,258.132,-15.0,16.0,289.901,False,False,True,18.763,housing|node1
-20.0,14.0,164.563,277.99,-15.0,14.0,329.126,False,False,True,18.763,housing|node1
-20.0,16.0,181.847,295.462,-15.0,14.0,363.693,False,False,True,18.763,housing|node1
-20.0,18.0,196.525,310.285,-15.0,12.0,393.051,False,False,True,18.763,housing|node1
-20.0,20.0,208.39,322.256,-15.0,12.0,416.78,False,False,True,18.763,housing|node1
-20.0,22.0,217.301,331.242,-15.0,12.0,434.601,False,False,True,18.763,housing|node1
-20.0,24.0,223.188,337.176,-15.0,12.0,446.375,False,False,True,18.763,housing|node1
-20.0,26.0,226.053,340.064,-15.0,12.0,452.106,False,False,True,18.763,housing|node1
-20.0,28.0,225.967,339.977,-15.0,12.0,451.934,False,False,True,18.763,housing|node1
-20.0,30.0,223.067,337.054,-15.0,12.0,446.134,False,False,True,18.763,housing|node1
-20.0,32.0,217.55,331.494,-15.0,12.0,435.101,False,False,True,18.763,housing|node1
-20.0,34.0,209.67,323.547,-15.0,12.0,419.341,False,False,True,18.763,housing|node1
-20.0,36.0,199.727,313.516,-15.0,12.0,399.453,False,False,True,18.456,node5|node9
-18.0,-36.0,,,,,,False,False,False,-2.103,housing|gripper_claw_left
-18.0,-34.0,64.25,175.844,-15.0,28.0,128.501,False,False,True,10.216,housing|gripper_claw_left
-18.0,-32.0,64.25,175.844,-15.0,28.0,128.501,False,False,True,19.331,housing|node1
-18.0,-30.0,64.25,175.844,-15.0,28.0,128.501,False,False,True,19.331,housing|node1
-18.0,-28.0,64.25,175.844,-15.0,28.0,128.501,False,False,True,19.331,housing|node1
-18.0,-26.0,64.25,175.844,-15.0,28.0,128.501,False,False,True,19.331,housing|node1
-18.0,-24.0,64.25,175.844,-15.0,28.0,128.501,False,False,True,19.331,housing|node1
-18.0,-22.0,72.86,18.237,298.738,128.0,129.838,False,True,True,19.331,housing|node1
-18.0,-20.0,81.14,14.544,308.411,174.0,151.501,False,True,True,19.331,housing|node1
-18.0,-18.0,89.569,-37.0,317.629,52.0,176.417,False,True,True,19.331,housing|node1
-18.0,-16.0,99.965,-25.771,327.912,56.0,197.469,False,True,True,19.331,housing|node1
-18.0,-14.0,104.979,-15.0,332.926,78.0,209.957,False,False,True,19.331,housing|node1
-18.0,-12.0,107.638,-15.0,335.818,68.0,215.276,False,False,True,19.331,housing|node1
-18.0,-10.0,109.075,-15.0,337.121,60.0,218.15,False,False,True,19.331,housing|node1
-18.0,-8.0,109.896,-15.0,337.843,58.0,219.792,False,False,True,19.331,housing|node1
-18.0,-6.0,110.524,-15.0,339.123,50.0,221.048,False,False,True,19.331,housing|node1
-18.0,-4.0,111.088,-15.0,339.344,54.0,222.176,False,False,True,19.331,housing|node1
-18.0,-2.0,111.438,-15.0,340.03,48.0,222.875,False,False,True,19.331,housing|node1
-18.0,0.0,112.26,-15.0,602.844,18.0,224.519,False,False,True,19.331,housing|node1
-18.0,2.0,137.258,-15.0,601.171,24.0,274.516,False,False,True,19.331,housing|node1
-18.0,4.0,155.183,-15.0,596.19,20.0,310.365,False,False,True,19.331,housing|node1
-18.0,6.0,167.097,-15.0,588.009,20.0,334.194,False,False,True,19.331,housing|node1
-18.0,8.0,172.871,-15.0,576.802,18.0,345.742,False,False,True,19.331,housing|node1
-18.0,10.0,183.437,297.069,-15.0,14.0,366.874,False,False,True,19.331,housing|node1
-18.0,12.0,202.609,316.424,-15.0,12.0,405.218,False,False,True,19.331,housing|node1
-18.0,14.0,219.349,333.307,-15.0,12.0,438.697,False,False,True,19.331,housing|node1
-18.0,16.0,233.392,347.459,-15.0,12.0,466.784,False,False,True,19.331,housing|node1
-18.0,18.0,244.54,358.688,-15.0,10.0,489.08,False,False,True,19.331,housing|node1
-18.0,20.0,252.663,366.866,-15.0,10.0,505.326,False,False,True,19.331,housing|node1
-18.0,22.0,257.702,371.938,-15.0,10.0,515.404,False,False,True,19.331,housing|node1
-18.0,24.0,259.669,373.918,-15.0,10.0,519.338,False,False,True,19.331,housing|node1
-18.0,26.0,258.645,372.887,-15.0,10.0,517.29,False,False,True,19.331,housing|node1
-18.0,28.0,254.777,368.994,-15.0,10.0,509.554,False,False,True,19.331,housing|node1
-18.0,30.0,248.273,362.446,-15.0,10.0,496.546,False,False,True,19.331,housing|node1
-18.0,32.0,239.396,353.507,-15.0,12.0,478.792,False,False,True,19.331,housing|node1
-18.0,34.0,228.456,342.485,-15.0,12.0,456.911,False,False,True,19.331,housing|node1
-18.0,36.0,215.799,329.728,-15.0,12.0,431.598,False,False,True,18.456,node3|node7
-16.0,-36.0,85.387,197.523,-15.0,22.0,170.774,False,False,True,14.796,node0|gripper_claw_left
-16.0,-34.0,85.387,197.523,-15.0,22.0,170.774,False,False,True,19.842,housing|node1
-16.0,-32.0,85.387,197.523,-15.0,22.0,170.774,False,False,True,19.842,housing|node1
-16.0,-30.0,85.387,197.523,-15.0,22.0,170.774,False,False,True,19.842,housing|node1
-16.0,-28.0,85.387,197.523,-15.0,22.0,170.774,False,False,True,19.842,housing|node1
-16.0,-26.0,85.387,197.523,-15.0,22.0,170.774,False,False,True,19.842,housing|node1
-16.0,-24.0,85.387,197.523,-15.0,22.0,170.774,False,False,True,19.842,housing|node1
-16.0,-22.0,85.387,197.523,-15.0,22.0,170.774,False,False,True,19.842,housing|node1
-16.0,-20.0,89.318,-15.0,317.265,48.0,177.304,False,True,True,19.842,housing|node1
-16.0,-18.0,100.751,-15.0,329.272,44.0,201.011,False,True,True,19.842,housing|node1
-16.0,-16.0,112.54,-15.0,340.487,46.0,225.046,False,True,True,19.842,housing|node1
-16.0,-14.0,123.455,-15.0,351.402,70.0,246.909,False,False,True,19.842,housing|node1
-16.0,-12.0,130.193,-15.0,358.176,72.0,260.387,False,False,True,19.842,housing|node1
-16.0,-10.0,132.97,-15.0,361.235,56.0,265.94,False,False,True,19.842,housing|node1
-16.0,-8.0,134.67,-15.0,369.31,34.0,269.34,False,False,True,19.842,housing|node1
-16.0,-6.0,136.532,-15.0,379.844,30.0,273.064,False,False,True,19.842,housing|node1
-16.0,-4.0,140.138,-15.0,426.055,26.0,280.276,False,False,True,19.842,housing|node1
-16.0,-2.0,151.241,-15.0,590.702,16.0,302.482,False,False,True,19.842,housing|node1
-16.0,0.0,175.657,-15.0,587.817,22.0,351.313,False,False,True,19.842,housing|node1
-16.0,2.0,191.98,-15.0,581.638,20.0,383.96,False,False,True,19.842,housing|node1
-16.0,4.0,200.536,-15.0,572.283,16.0,401.072,False,False,True,19.842,housing|node1
-16.0,6.0,204.097,-15.0,559.939,16.0,408.193,False,False,True,19.842,housing|node1
-16.0,8.0,220.642,334.611,-15.0,12.0,441.285,False,False,True,19.842,housing|node1
-16.0,10.0,239.257,353.367,-15.0,12.0,478.514,False,False,True,19.842,housing|node1
-16.0,12.0,255.346,369.567,-15.0,10.0,510.692,False,False,True,19.842,housing|node1
-16.0,14.0,268.656,382.961,-15.0,10.0,537.311,False,False,True,19.842,housing|node1
-16.0,16.0,278.996,393.364,-15.0,20.0,557.992,False,False,True,19.842,housing|node1
-16.0,18.0,286.19,400.657,-15.0,24.0,572.38,False,False,True,19.842,housing|node1
-16.0,20.0,289.264,404.794,-15.0,20.0,578.529,False,False,True,19.842,housing|node1
-16.0,22.0,290.011,405.799,-15.0,20.0,580.022,False,False,True,19.842,housing|node1
-16.0,24.0,288.498,403.764,-15.0,18.0,576.997,False,False,True,19.842,housing|node1
-16.0,26.0,271.926,386.373,-15.0,14.0,543.851,False,False,True,19.842,housing|node1
-16.0,28.0,248.339,362.924,-15.0,12.0,496.678,False,False,True,19.842,housing|node1
-16.0,30.0,228.118,342.625,-15.0,14.0,456.235,False,False,True,19.842,housing|node1
-16.0,32.0,212.812,369.245,-15.0,10.0,425.623,False,False,True,19.842,housing|node1
-16.0,34.0,199.796,324.609,-15.0,14.0,399.591,False,False,True,19.842,housing|node1
-16.0,36.0,187.75,301.588,-15.0,28.0,375.5,False,False,True,18.456,node4|node8
-14.0,-36.0,105.33,217.88,-15.0,20.0,210.66,False,False,True,18.456,node5|node9
-14.0,-34.0,105.33,217.88,-15.0,20.0,210.66,False,False,True,20.293,housing|node1
-14.0,-32.0,105.33,217.88,-15.0,20.0,210.66,False,False,True,20.293,housing|node1
-14.0,-30.0,105.33,217.88,-15.0,20.0,210.66,False,False,True,20.293,housing|node1
-14.0,-28.0,105.33,217.88,-15.0,20.0,210.66,False,False,True,20.293,housing|node1
-14.0,-26.0,105.33,217.88,-15.0,20.0,210.66,False,False,True,20.293,housing|node1
-14.0,-24.0,105.33,217.88,-15.0,20.0,210.66,False,False,True,20.293,housing|node1
-14.0,-22.0,105.33,217.88,-15.0,20.0,210.66,False,False,True,20.293,housing|node1
-14.0,-20.0,105.33,217.88,-15.0,20.0,210.66,False,False,True,20.293,housing|node1
-14.0,-18.0,115.02,-10.906,342.967,38.0,230.04,False,False,True,20.293,housing|node1
-14.0,-16.0,129.018,-15.0,356.965,38.0,258.035,False,False,True,20.293,housing|node1
-14.0,-14.0,142.151,-15.0,370.098,38.0,284.302,False,False,True,20.293,housing|node1
-14.0,-12.0,154.609,-15.0,382.556,60.0,309.219,False,False,True,20.293,housing|node1
-14.0,-10.0,162.34,-15.0,390.649,60.0,324.679,False,False,True,20.293,housing|node1
-14.0,-8.0,166.972,-15.0,411.304,34.0,333.945,False,False,True,20.293,housing|node1
-14.0,-6.0,174.156,-15.0,456.441,28.0,348.312,False,False,True,20.293,housing|node1
-14.0,-4.0,188.726,-15.0,573.825,12.0,377.453,False,False,True,20.293,housing|node1
-14.0,-2.0,212.441,-15.0,569.741,20.0,424.882,False,False,True,20.293,housing|node1
-14.0,0.0,225.996,-15.0,562.386,18.0,451.993,False,False,True,20.293,housing|node1
-14.0,2.0,231.331,-15.0,551.888,18.0,462.661,False,False,True,20.293,housing|node1
-14.0,4.0,235.632,349.715,-15.0,12.0,471.263,False,False,True,20.293,housing|node1
-14.0,6.0,255.46,370.113,-15.0,24.0,510.921,False,False,True,20.293,housing|node1
-14.0,8.0,267.739,388.178,-15.0,10.0,535.477,False,False,True,20.293,housing|node1
-14.0,10.0,278.626,403.608,-15.0,10.0,557.252,False,False,True,20.293,housing|node1
-14.0,12.0,287.734,416.16,-15.0,10.0,575.468,False,False,True,20.293,housing|node1
-14.0,14.0,294.764,425.659,-15.0,8.0,589.528,False,False,True,20.293,housing|node1
-14.0,16.0,299.516,431.996,-15.0,8.0,599.032,False,False,True,20.293,housing|node1
-14.0,18.0,301.886,435.132,-15.0,8.0,603.773,False,False,True,20.293,housing|node1
-14.0,20.0,301.85,435.103,-15.0,16.0,603.699,False,False,True,20.293,housing|node1
-14.0,22.0,275.663,399.615,-15.0,14.0,551.325,False,False,True,20.293,housing|node1
-14.0,24.0,252.177,366.377,-15.0,24.0,504.354,False,False,True,20.293,housing|node1
-14.0,26.0,229.465,343.503,-15.0,16.0,458.931,False,False,True,20.293,housing|node1
-14.0,28.0,209.214,323.331,-15.0,16.0,418.428,False,False,True,20.293,housing|node1
-14.0,30.0,191.605,305.73,-15.0,14.0,383.21,False,False,True,20.293,housing|node1
-14.0,32.0,177.341,290.944,-15.0,20.0,354.682,False,False,True,20.293,housing|node1
-14.0,34.0,167.144,280.764,-15.0,28.0,334.288,False,False,True,20.293,housing|node1
-14.0,36.0,156.708,270.146,-15.0,30.0,313.416,False,False,True,18.456,node5|node9
-12.0,-36.0,123.624,236.492,-15.0,18.0,247.248,False,False,True,18.456,node5|node9
-12.0,-34.0,123.624,236.492,-15.0,18.0,247.248,False,False,True,20.458,node5|node9
-12.0,-32.0,123.624,236.492,-15.0,18.0,247.248,False,False,True,20.686,housing|node1
-12.0,-30.0,123.624,236.492,-15.0,18.0,247.248,False,False,True,20.686,housing|node1
-12.0,-28.0,125.342,238.237,-15.0,18.0,250.683,False,False,True,20.686,housing|node1
-12.0,-26.0,127.058,239.98,-15.0,18.0,254.115,False,False,True,20.686,housing|node1
-12.0,-24.0,128.77,241.718,-15.0,18.0,257.539,False,False,True,20.686,housing|node1
-12.0,-22.0,130.476,243.451,-15.0,18.0,260.952,False,False,True,20.686,housing|node1
-12.0,-20.0,132.174,245.174,-15.0,18.0,264.348,False,False,True,20.686,housing|node1
-12.0,-18.0,133.862,246.888,-15.0,18.0,267.725,False,False,True,20.686,housing|node1
-12.0,-16.0,150.058,-15.0,378.005,30.0,300.115,False,False,True,20.686,housing|node1
-12.0,-14.0,165.304,-15.0,393.468,32.0,330.608,False,False,True,20.686,housing|node1
-12.0,-12.0,180.941,-15.0,408.888,32.0,361.882,False,False,True,20.686,housing|node1
-12.0,-10.0,196.678,-15.0,424.965,52.0,393.355,False,False,True,20.686,housing|node1
-12.0,-8.0,207.814,-15.0,449.984,38.0,415.628,False,False,True,20.686,housing|node1
-12.0,-6.0,224.069,-15.0,552.444,10.0,448.139,False,False,True,20.686,housing|node1
-12.0,-4.0,246.956,-15.0,547.187,22.0,493.911,False,False,True,20.686,housing|node1
-12.0,-2.0,255.937,-15.0,538.688,18.0,511.875,False,False,True,20.686,housing|node1
-12.0,0.0,256.339,-15.0,527.087,18.0,512.677,False,False,True,20.686,housing|node1
-12.0,2.0,254.297,383.259,-15.0,12.0,508.593,False,False,True,20.686,housing|node1
-12.0,4.0,268.223,402.96,-15.0,12.0,536.445,False,False,True,20.686,housing|node1
-12.0,6.0,280.904,420.247,-15.0,12.0,561.808,False,False,True,20.686,housing|node1
-12.0,8.0,291.738,434.825,-15.0,14.0,583.475,False,False,True,20.686,housing|node1
-12.0,10.0,300.384,446.46,-15.0,14.0,600.768,False,False,True,20.686,housing|node1
-12.0,12.0,306.719,454.984,-15.0,14.0,613.438,False,False,True,20.686,housing|node1
-12.0,14.0,310.668,460.299,-15.0,14.0,621.337,False,False,True,20.686,housing|node1
-12.0,16.0,294.684,462.377,-15.0,6.0,589.369,False,False,True,20.686,housing|node1
-12.0,18.0,272.093,408.295,-15.0,20.0,544.186,False,False,True,20.686,housing|node1
-12.0,20.0,252.317,380.93,-15.0,16.0,504.635,False,False,True,20.686,housing|node1
-12.0,22.0,234.95,354.212,-15.0,24.0,469.901,False,False,True,20.686,housing|node1
-12.0,24.0,214.936,328.858,-15.0,16.0,429.872,False,False,True,20.686,housing|node1
-12.0,26.0,194.992,308.737,-15.0,18.0,389.985,False,False,True,20.686,housing|node1
-12.0,28.0,176.964,290.794,-15.0,18.0,353.928,False,False,True,20.686,housing|node1
-12.0,30.0,161.174,274.855,-15.0,20.0,322.348,False,False,True,20.686,housing|node1
-12.0,32.0,148.235,261.459,-15.0,22.0,296.469,False,False,True,20.686,housing|node1
-12.0,34.0,139.308,252.841,-15.0,30.0,278.616,False,False,True,20.458,node5|node9
-12.0,36.0,130.133,243.166,-15.0,36.0,260.267,False,False,True,18.456,node4|node8
-10.0,-36.0,143.297,256.456,-15.0,16.0,286.594,False,False,True,18.456,node3|node7
-10.0,-34.0,145.012,258.194,-15.0,16.0,290.024,False,False,True,20.458,node3|node7
-10.0,-32.0,146.722,259.927,-15.0,16.0,293.443,False,False,True,21.019,housing|node1
-10.0,-30.0,148.423,261.65,-15.0,16.0,296.846,False,False,True,21.019,housing|node1
-10.0,-28.0,150.114,263.363,-15.0,16.0,300.228,False,False,True,21.019,housing|node1
-10.0,-26.0,151.793,265.064,-15.0,16.0,303.586,False,False,True,21.019,housing|node1
-10.0,-24.0,153.458,266.75,-15.0,16.0,306.915,False,False,True,21.019,housing|node1
-10.0,-22.0,155.106,268.419,-15.0,16.0,310.212,False,False,True,21.019,housing|node1
-10.0,-20.0,156.736,270.069,-15.0,16.0,313.472,False,False,True,21.019,housing|node1
-10.0,-18.0,161.792,275.186,-15.0,14.0,323.584,False,False,True,21.019,housing|node1
-10.0,-16.0,177.774,-15.0,405.927,28.0,355.549,False,False,True,21.019,housing|node1
-10.0,-14.0,195.631,-15.0,424.119,24.0,391.262,False,False,True,21.019,housing|node1
-10.0,-12.0,214.85,-15.0,442.797,24.0,429.7,False,False,True,21.019,housing|node1
-10.0,-10.0,235.251,-15.0,463.819,28.0,470.501,False,False,True,21.019,housing|node1
-10.0,-8.0,256.669,-15.0,526.881,10.0,513.338,False,False,True,21.019,housing|node1
-10.0,-6.0,277.346,-15.0,520.487,30.0,554.692,False,False,True,21.019,housing|node1
-10.0,-4.0,278.146,-15.0,510.888,22.0,556.292,False,False,True,21.019,housing|node1
-10.0,-2.0,270.285,-15.0,498.232,28.0,540.57,False,False,True,21.019,housing|node1
-10.0,0.0,263.122,413.665,-15.0,14.0,526.244,False,False,True,21.019,housing|node1
-10.0,2.0,275.465,432.584,-15.0,12.0,550.93,False,False,True,21.019,housing|node1
-10.0,4.0,286.645,449.012,-15.0,10.0,573.29,False,False,True,21.019,housing|node1
-10.0,6.0,296.24,462.662,-15.0,10.0,592.48,False,False,True,21.019,housing|node1
-10.0,8.0,303.903,473.31,-15.0,10.0,607.805,False,False,True,21.019,housing|node1
-10.0,10.0,309.378,480.796,-15.0,18.0,618.755,False,False,True,21.019,housing|node1
-10.0,12.0,285.561,447.947,-15.0,18.0,571.121,False,False,True,21.019,housing|node1
-10.0,14.0,264.36,416.175,-15.0,22.0,528.719,False,False,True,21.019,housing|node1
-10.0,16.0,246.007,387.039,-15.0,24.0,492.014,False,False,True,21.019,housing|node1
-10.0,18.0,229.484,361.514,-15.0,24.0,458.968,False,False,True,21.019,housing|node1
-10.0,20.0,214.547,337.961,-15.0,20.0,429.094,False,False,True,21.019,housing|node1
-10.0,22.0,201.219,315.022,-15.0,34.0,402.439,False,False,True,21.019,housing|node1
-10.0,24.0,184.42,298.062,-15.0,22.0,368.84,False,False,True,21.019,housing|node1
-10.0,26.0,166.423,280.072,-15.0,18.0,332.846,False,False,True,21.019,housing|node1
-10.0,28.0,149.841,263.389,-15.0,22.0,299.681,False,False,True,21.019,housing|node1
-10.0,30.0,135.165,248.209,-15.0,22.0,270.33,False,False,True,21.019,housing|node1
-10.0,32.0,123.249,236.111,-15.0,26.0,246.499,False,False,True,21.019,housing|node1
-10.0,34.0,115.278,228.188,-15.0,36.0,230.557,False,False,True,20.458,node3|node7
-10.0,36.0,106.915,219.495,-15.0,40.0,213.83,False,False,True,18.456,node3|node7
-8.0,-36.0,165.616,279.054,-15.0,14.0,331.231,False,False,True,18.456,node4|node8
-8.0,-34.0,167.282,280.74,-15.0,14.0,334.565,False,False,True,20.458,node3|node7
-8.0,-32.0,168.933,282.409,-15.0,14.0,337.865,False,False,True,21.292,housing|node1
-8.0,-30.0,170.565,284.059,-15.0,14.0,341.129,False,False,True,21.292,housing|node1
-8.0,-28.0,172.176,285.689,-15.0,14.0,344.352,False,False,True,21.292,housing|node1
-8.0,-26.0,173.765,287.295,-15.0,16.0,347.53,False,False,True,21.292,housing|node1
-8.0,-24.0,177.056,290.622,-15.0,26.0,354.113,False,False,True,21.292,housing|node1
-8.0,-22.0,180.788,295.658,-15.0,26.0,361.576,False,False,True,21.292,housing|node1
-8.0,-20.0,183.355,300.641,-15.0,16.0,366.71,False,False,True,21.292,housing|node1
-8.0,-18.0,193.657,-15.0,421.604,28.0,387.314,False,False,True,21.292,housing|node1
-8.0,-16.0,214.132,-15.0,442.528,22.0,428.265,False,False,True,21.292,housing|node1
-8.0,-14.0,236.399,-15.0,464.347,22.0,472.797,False,False,True,21.292,housing|node1
-8.0,-12.0,260.942,-15.0,501.778,8.0,521.884,False,False,True,21.292,housing|node1
-8.0,-10.0,269.596,0.964,497.541,20.0,539.192,False,False,True,21.292,housing|node1
-8.0,-8.0,263.085,22.996,490.055,56.0,526.17,False,False,True,21.292,housing|node1
-8.0,-6.0,252.785,26.255,479.407,52.0,505.57,False,False,True,21.292,housing|node1
-8.0,-4.0,250.484,420.125,-15.0,14.0,500.969,False,False,True,21.292,housing|node1
-8.0,-2.0,263.524,440.411,-15.0,16.0,527.049,False,False,True,21.292,housing|node1
-8.0,0.0,275.132,458.469,-15.0,18.0,550.264,False,False,True,21.292,housing|node1
-8.0,2.0,284.995,473.965,-15.0,20.0,569.99,False,False,True,21.292,housing|node1
-8.0,4.0,291.911,486.621,-15.0,22.0,583.821,False,False,True,21.292,housing|node1
-8.0,6.0,292.975,496.22,-15.0,30.0,585.949,False,False,True,21.292,housing|node1
-8.0,8.0,273.397,502.615,-15.0,10.0,546.793,False,False,True,21.292,housing|node1
-8.0,10.0,254.045,426.278,-15.0,38.0,508.09,False,False,True,21.292,housing|node1
-8.0,12.0,236.531,398.729,-15.0,24.0,473.063,False,False,True,21.292,housing|node1
-8.0,14.0,221.399,372.208,-15.0,22.0,442.798,False,False,True,21.292,housing|node1
-8.0,16.0,208.038,347.236,-15.0,24.0,416.075,False,False,True,21.292,housing|node1
-8.0,18.0,195.885,324.912,-15.0,28.0,391.771,False,False,True,21.292,housing|node1
-8.0,20.0,184.683,303.626,-15.0,26.0,369.366,False,False,True,21.292,housing|node1
-8.0,22.0,172.527,286.044,-15.0,24.0,345.054,False,False,True,21.292,housing|node1
-8.0,24.0,158.732,272.09,-15.0,32.0,317.464,False,False,True,21.292,housing|node1
-8.0,26.0,142.334,255.48,-15.0,22.0,284.668,False,False,True,21.292,housing|node1
-8.0,28.0,126.734,239.891,-15.0,24.0,253.468,False,False,True,21.292,housing|node1
-8.0,30.0,112.822,225.666,-15.0,26.0,225.644,False,False,True,21.292,housing|node1
-8.0,32.0,101.439,214.109,-15.0,30.0,202.879,False,False,True,21.292,housing|node1
-8.0,34.0,93.958,206.282,-15.0,44.0,187.916,False,False,True,20.458,node5|node9
-8.0,36.0,86.121,198.759,-15.0,46.0,172.242,False,False,True,18.456,node4|node8
-6.0,-36.0,170.03,298.502,-15.0,20.0,340.06,False,False,True,18.456,node3|node7
-6.0,-34.0,170.673,300.083,-15.0,20.0,341.347,False,False,True,20.458,node3|node7
-6.0,-32.0,171.306,301.638,-15.0,20.0,342.612,False,False,True,21.505,housing|node1
-6.0,-30.0,171.927,303.165,-15.0,20.0,343.853,False,False,True,21.505,housing|node1
-6.0,-28.0,173.954,308.149,-15.0,20.0,347.908,False,False,True,21.505,housing|node1
-6.0,-26.0,175.961,313.083,-15.0,18.0,351.922,False,False,True,21.505,housing|node1
-6.0,-24.0,177.94,317.95,-15.0,18.0,355.881,False,False,True,21.505,housing|node1
-6.0,-22.0,186.278,-15.0,414.739,20.0,372.556,False,False,True,21.505,housing|node1
-6.0,-20.0,211.648,-15.0,440.126,22.0,423.296,False,False,True,21.505,housing|node1
-6.0,-18.0,237.939,-15.0,471.179,10.0,475.878,False,False,True,21.505,housing|node1
-6.0,-16.0,244.36,2.572,472.294,18.0,488.721,False,False,True,21.505,housing|node1
-6.0,-14.0,243.83,27.995,470.216,18.0,487.661,False,False,True,21.505,housing|node1
-6.0,-12.0,240.816,43.663,464.902,40.0,481.631,False,False,True,21.505,housing|node1
-6.0,-10.0,232.47,43.993,456.378,42.0,464.941,False,False,True,21.505,housing|node1
-6.0,-8.0,229.085,422.262,-15.0,12.0,458.171,False,False,True,21.505,housing|node1
-6.0,-6.0,241.195,443.619,-15.0,14.0,482.39,False,False,True,21.505,housing|node1
-6.0,-4.0,251.833,463.047,-15.0,16.0,503.665,False,False,True,21.505,housing|node1
-6.0,-2.0,259.76,480.173,-15.0,16.0,519.519,False,False,True,21.505,housing|node1
-6.0,0.0,264.927,494.671,-15.0,18.0,529.855,False,False,True,21.505,housing|node1
-6.0,2.0,264.997,506.273,-15.0,18.0,529.995,False,False,True,21.505,housing|node1
-6.0,4.0,256.579,514.772,-15.0,22.0,513.158,False,False,True,21.505,housing|node1
-6.0,6.0,233.974,520.028,-15.0,10.0,467.948,False,False,True,21.505,housing|node1
-6.0,8.0,217.716,417.844,-15.0,38.0,435.432,False,False,True,21.505,housing|node1
-6.0,10.0,207.97,384.797,-15.0,64.0,415.941,False,False,True,21.505,housing|node1
-6.0,12.0,197.741,360.589,-15.0,48.0,395.482,False,False,True,21.505,housing|node1
-6.0,14.0,186.744,338.025,-15.0,30.0,373.488,False,False,True,21.505,housing|node1
-6.0,16.0,177.159,316.591,-15.0,30.0,354.318,False,False,True,21.505,housing|node1
-6.0,18.0,168.592,294.965,-15.0,30.0,337.183,False,False,True,21.505,housing|node1
-6.0,20.0,160.427,274.892,-15.0,44.0,320.854,False,False,True,21.505,housing|node1
-6.0,22.0,148.269,261.495,-15.0,28.0,296.539,False,False,True,21.505,housing|node1
-6.0,24.0,135.658,248.709,-15.0,30.0,271.315,False,False,True,21.505,housing|node1
-6.0,26.0,121.962,235.25,-15.0,26.0,243.925,False,False,True,21.505,housing|node1
-6.0,28.0,106.785,219.67,-15.0,28.0,213.571,False,False,True,21.505,housing|node1
-6.0,30.0,93.157,205.464,-15.0,30.0,186.315,False,False,True,21.505,housing|node1
-6.0,32.0,81.933,194.198,-15.0,32.0,163.867,False,False,True,21.505,housing|node1
-6.0,34.0,74.85,187.085,-15.0,52.0,149.7,False,False,True,20.458,node5|node9
-6.0,36.0,67.626,179.315,-15.0,56.0,135.253,False,False,True,18.456,node4|node8
-4.0,-36.0,158.824,314.306,-15.0,20.0,317.647,False,False,True,18.456,node4|node8
-4.0,-34.0,159.909,317.481,-15.0,22.0,319.819,False,False,True,20.458,node3|node7
-4.0,-32.0,161.577,322.356,-15.0,22.0,323.154,False,False,True,21.657,housing|node1
-4.0,-30.0,163.223,327.168,-15.0,22.0,326.445,False,False,True,21.657,housing|node1
-4.0,-28.0,164.841,331.899,-15.0,20.0,329.681,False,False,True,21.657,housing|node1
-4.0,-26.0,177.688,-15.0,405.959,22.0,355.376,False,False,True,21.657,housing|node1
-4.0,-24.0,201.666,-15.0,429.866,18.0,403.332,False,False,True,21.657,housing|node1
-4.0,-22.0,208.028,7.214,435.854,14.0,416.056,False,False,True,21.657,housing|node1
-4.0,-20.0,213.338,32.079,438.948,26.0,426.675,False,False,True,21.657,housing|node1
-4.0,-18.0,216.268,53.553,438.977,38.0,432.536,False,False,True,21.657,housing|node1
-4.0,-16.0,213.434,56.294,435.84,34.0,426.869,False,False,True,21.657,housing|node1
-4.0,-14.0,207.132,56.31,429.504,34.0,414.265,False,False,True,21.657,housing|node1
-4.0,-12.0,202.632,420.088,-15.0,16.0,405.264,False,False,True,21.657,housing|node1
-4.0,-10.0,213.219,442.191,-15.0,16.0,426.437,False,False,True,21.657,housing|node1
-4.0,-8.0,221.767,462.695,-15.0,14.0,443.535,False,False,True,21.657,housing|node1
-4.0,-6.0,229.787,481.196,-15.0,16.0,459.575,False,False,True,21.657,housing|node1
-4.0,-4.0,234.152,497.327,-15.0,16.0,468.304,False,False,True,21.657,housing|node1
-4.0,-2.0,234.786,510.772,-15.0,18.0,469.573,False,False,True,21.657,housing|node1
-4.0,0.0,229.609,521.27,-15.0,18.0,459.219,False,False,True,21.657,housing|node1
-4.0,2.0,216.227,528.625,-15.0,20.0,432.455,False,False,True,21.657,housing|node1
-4.0,4.0,192.565,532.709,-15.0,12.0,385.129,False,False,True,21.657,housing|node1
-4.0,6.0,178.002,414.99,-15.0,28.0,356.004,False,False,True,21.657,housing|node1
-4.0,8.0,170.791,370.43,-15.0,34.0,341.582,False,False,True,21.657,housing|node1
-4.0,10.0,166.185,345.076,-15.0,38.0,332.369,False,False,True,21.657,housing|node1
-4.0,12.0,163.329,329.096,-15.0,74.0,326.659,False,False,True,21.657,housing|node1
-4.0,14.0,157.884,311.675,-15.0,54.0,315.768,False,False,True,21.657,housing|node1
-4.0,16.0,151.21,291.743,-15.0,34.0,302.419,False,False,True,21.657,housing|node1
-4.0,18.0,145.558,271.83,-15.0,34.0,291.117,False,False,True,21.657,housing|node1
-4.0,20.0,139.559,252.869,-15.0,50.0,279.118,False,False,True,21.657,housing|node1
-4.0,22.0,127.598,240.836,-15.0,32.0,255.196,False,False,True,21.657,housing|node1
-4.0,24.0,115.924,228.882,-15.0,34.0,231.847,False,False,True,21.657,housing|node1
-4.0,26.0,104.456,217.277,-15.0,46.0,208.626,False,True,True,21.657,housing|node1
-4.0,28.0,89.141,203.667,-2.037,32.0,176.548,False,True,True,21.657,housing|node1
-4.0,30.0,75.588,187.487,-15.0,34.0,151.175,False,False,True,21.657,housing|node1
-4.0,32.0,65.334,181.516,44.477,74.0,115.373,False,True,True,21.657,housing|node1
-4.0,34.0,57.467,169.243,-15.0,62.0,114.934,False,False,True,20.458,node5|node9
-4.0,36.0,50.649,161.817,-15.0,66.0,101.297,False,False,True,18.456,node4|node8
-2.0,-36.0,139.908,333.019,-15.0,16.0,279.815,False,False,True,18.456,node5|node9
-2.0,-34.0,141.254,337.69,-15.0,14.0,282.508,False,False,True,20.458,node4|node8
-2.0,-32.0,142.667,342.267,-15.0,14.0,285.334,False,False,True,21.748,housing|node1
-2.0,-30.0,152.213,9.666,379.868,16.0,304.425,False,False,True,21.748,housing|node1
-2.0,-28.0,162.92,18.746,389.841,16.0,325.841,False,False,True,21.748,housing|node1
-2.0,-26.0,172.527,33.05,397.423,22.0,345.054,False,False,True,21.748,housing|node1
-2.0,-24.0,179.929,54.496,402.341,28.0,359.857,False,False,True,21.748,housing|node1
-2.0,-22.0,183.558,67.189,404.377,30.0,367.115,False,False,True,21.748,housing|node1
-2.0,-20.0,182.562,67.088,403.372,30.0,365.125,False,False,True,21.748,housing|node1
-2.0,-18.0,178.438,66.596,399.234,30.0,356.875,False,False,True,21.748,housing|node1
-2.0,-16.0,172.252,413.702,-15.0,20.0,344.504,False,False,True,21.748,housing|node1
-2.0,-14.0,180.496,436.208,-15.0,12.0,360.992,False,False,True,21.748,housing|node1
-2.0,-12.0,189.388,457.469,-15.0,14.0,378.776,False,False,True,21.748,housing|node1
-2.0,-10.0,197.286,477.055,-15.0,18.0,394.573,False,False,True,21.748,housing|node1
-2.0,-8.0,200.958,494.569,-15.0,14.0,401.916,False,False,True,21.748,housing|node1
-2.0,-6.0,202.84,509.651,-15.0,18.0,405.681,False,False,True,21.748,housing|node1
-2.0,-4.0,199.227,521.995,-15.0,18.0,398.453,False,False,True,21.748,housing|node1
-2.0,-2.0,190.627,531.35,-15.0,20.0,381.254,False,False,True,21.748,housing|node1
-2.0,0.0,174.256,537.53,-15.0,22.0,348.511,False,False,True,21.748,housing|node1
-2.0,2.0,149.822,540.415,-15.0,16.0,299.643,False,False,True,21.748,housing|node1
-2.0,4.0,138.721,376.13,-15.0,26.0,277.443,False,False,True,21.748,housing|node1
-2.0,6.0,135.109,330.066,-15.0,32.0,270.218,False,False,True,21.748,housing|node1
-2.0,8.0,133.247,319.002,-15.0,34.0,266.495,False,False,True,21.748,housing|node1
-2.0,10.0,131.878,296.591,-15.0,38.0,263.755,False,False,True,21.748,housing|node1
-2.0,12.0,131.278,290.031,-15.0,44.0,262.556,False,False,True,21.748,housing|node1
-2.0,14.0,130.655,286.444,-15.0,64.0,261.31,False,False,True,21.748,housing|node1
-2.0,16.0,128.287,272.81,-15.0,52.0,256.575,False,False,True,21.748,housing|node1
-2.0,18.0,125.058,253.575,-15.0,42.0,250.115,False,False,True,21.748,housing|node1
-2.0,20.0,121.511,234.368,-15.0,56.0,243.022,False,False,True,21.748,housing|node1
-2.0,22.0,110.018,222.655,-15.0,34.0,220.037,False,False,True,21.748,housing|node1
-2.0,24.0,99.353,211.209,-17.789,40.0,198.677,False,True,True,21.748,housing|node1
-2.0,26.0,88.465,199.383,-20.677,40.0,176.929,False,False,True,21.748,housing|node1
-2.0,28.0,76.011,189.371,-7.99,60.0,145.38,False,True,True,21.748,housing|node1
-2.0,30.0,66.469,183.475,34.668,84.0,123.258,False,True,True,21.748,housing|node1
-2.0,32.0,57.379,173.846,42.795,102.0,91.65,False,True,True,21.748,housing|node1
-2.0,34.0,46.468,161.385,52.458,94.0,78.814,False,True,True,20.458,node5|node9
-2.0,36.0,34.862,145.436,-15.0,86.0,69.046,False,True,True,18.456,node4|node8
0.0,-36.0,119.97,348.902,-15.0,16.0,239.94,False,False,True,18.456,node3|node7
0.0,-34.0,121.66,353.182,-15.0,14.0,243.32,False,False,True,20.458,node3|node7
0.0,-32.0,125.375,52.406,347.663,24.0,250.751,False,False,True,21.779,housing|node1
0.0,-30.0,135.514,61.343,356.603,30.0,271.027,False,False,True,21.779,housing|node1
0.0,-28.0,143.927,72.77,363.15,30.0,287.855,False,False,True,21.779,housing|node1
0.0,-26.0,147.821,83.53,367.043,26.0,295.641,False,False,True,21.779,housing|node1
0.0,-24.0,148.851,85.646,368.074,22.0,297.703,False,False,True,21.779,housing|node1
0.0,-22.0,146.872,88.102,366.095,22.0,293.744,False,False,True,21.779,housing|node1
0.0,-20.0,142.11,411.969,-15.0,14.0,284.22,False,False,True,21.779,housing|node1
0.0,-18.0,146.61,425.844,-15.0,14.0,293.219,False,False,True,21.779,housing|node1
0.0,-16.0,155.997,447.523,-15.0,18.0,311.994,False,False,True,21.779,housing|node1
0.0,-14.0,162.926,467.88,-15.0,20.0,325.851,False,False,True,21.779,housing|node1
0.0,-12.0,166.577,486.492,-15.0,14.0,333.153,False,False,True,21.779,housing|node1
0.0,-10.0,169.702,502.968,-15.0,20.0,339.404,False,False,True,21.779,housing|node1
0.0,-8.0,167.538,516.958,-15.0,18.0,335.076,False,False,True,21.779,housing|node1
0.0,-6.0,161.758,528.165,-15.0,20.0,323.517,False,False,True,21.779,housing|node1
0.0,-4.0,149.583,536.347,-15.0,20.0,299.167,False,False,True,21.779,housing|node1
0.0,-2.0,131.503,541.328,-15.0,24.0,263.006,False,False,True,21.779,housing|node1
0.0,0.0,106.438,543.0,-15.0,18.0,212.875,False,False,True,21.779,housing|node1
0.0,2.0,105.777,263.164,-15.0,28.0,211.554,False,False,True,21.779,housing|node1
0.0,4.0,105.777,260.673,-15.0,28.0,211.554,False,False,True,21.779,housing|node1
0.0,6.0,105.777,256.582,-15.0,30.0,211.554,False,False,True,21.779,housing|node1
0.0,8.0,105.777,250.979,-15.0,28.0,211.554,False,False,True,21.779,housing|node1
0.0,10.0,105.777,243.984,-15.0,26.0,211.554,False,False,True,21.779,housing|node1
0.0,12.0,105.777,235.746,-15.0,26.0,211.554,False,False,True,21.779,housing|node1
0.0,14.0,108.24,226.44,-17.463,26.0,216.48,False,False,True,21.779,housing|node1
0.0,16.0,122.392,241.315,-31.615,32.0,244.785,False,False,True,21.779,housing|node1
0.0,18.0,120.397,226.376,-42.844,34.0,240.793,False,False,True,21.779,housing|node1
0.0,20.0,110.937,213.771,-51.022,34.0,221.873,False,False,True,21.779,housing|node1
0.0,22.0,100.756,201.012,-56.095,38.0,201.511,False,False,True,21.779,housing|node1
0.0,24.0,90.322,188.46,-58.074,40.0,180.644,False,False,True,21.779,housing|node1
0.0,26.0,76.35,176.135,-51.419,38.0,151.563,False,True,True,21.779,housing|node1
0.0,28.0,66.2,182.977,22.763,74.0,119.0,False,True,True,21.779,housing|node1
0.0,30.0,57.709,174.495,32.85,90.0,98.933,False,True,True,21.779,housing|node1
0.0,32.0,49.292,165.564,41.322,100.0,80.756,False,True,True,21.779,housing|node1
0.0,34.0,41.22,156.577,49.557,134.0,57.268,False,True,True,20.458,node3|node7
0.0,36.0,29.812,143.07,60.856,120.0,51.109,False,True,True,18.456,node5|node9
2.0,-36.0,101.679,359.741,-15.0,26.0,203.359,False,False,True,18.456,node5|node9
2.0,-34.0,102.693,363.501,-15.0,26.0,205.385,False,False,True,20.458,node3|node7
2.0,-32.0,105.852,101.404,322.106,34.0,211.704,False,False,True,21.748,housing|node1
2.0,-30.0,112.611,118.772,327.667,34.0,225.222,False,False,True,21.748,housing|node1
2.0,-28.0,117.161,142.102,330.59,30.0,234.322,False,False,True,21.748,housing|node1
2.0,-26.0,119.884,167.916,330.677,40.0,239.768,False,False,True,21.748,housing|node1
2.0,-24.0,119.412,190.877,327.789,40.0,238.824,False,False,True,21.748,housing|node1
2.0,-22.0,116.872,420.042,-15.0,18.0,233.745,False,False,True,21.748,housing|node1
2.0,-20.0,121.688,433.11,-15.0,24.0,243.376,False,False,True,21.748,housing|node1
2.0,-18.0,127.507,453.904,-15.0,20.0,255.014,False,False,True,21.748,housing|node1
2.0,-16.0,131.621,473.304,-15.0,16.0,263.242,False,False,True,21.748,housing|node1
2.0,-14.0,135.944,490.894,-15.0,24.0,271.889,False,False,True,21.748,housing|node1
2.0,-12.0,135.191,506.292,-15.0,20.0,270.381,False,False,True,21.748,housing|node1
2.0,-10.0,131.032,519.156,-15.0,20.0,262.065,False,False,True,21.748,housing|node1
2.0,-8.0,122.848,529.199,-15.0,24.0,245.697,False,False,True,21.748,housing|node1
2.0,-6.0,108.467,536.188,-15.0,24.0,216.933,False,False,True,21.748,housing|node1
2.0,-4.0,88.646,539.959,-15.0,28.0,177.292,False,False,True,21.748,housing|node1
2.0,-2.0,90.274,202.52,-15.0,54.0,180.549,False,False,True,21.748,housing|node1
2.0,0.0,90.288,202.558,-15.0,54.0,180.577,False,False,True,21.748,housing|node1
2.0,2.0,90.237,202.481,-15.0,54.0,180.474,False,False,True,21.748,housing|node1
2.0,4.0,90.283,202.595,-15.0,54.0,180.566,False,False,True,21.748,housing|node1
2.0,6.0,90.233,202.949,-15.0,54.0,180.466,False,False,True,21.748,housing|node1
2.0,8.0,97.378,208.239,-23.188,50.0,194.756,False,False,True,21.748,housing|node1
2.0,10.0,113.806,219.751,-41.944,50.0,227.612,False,False,True,21.748,housing|node1
2.0,12.0,127.117,228.503,-58.144,60.0,254.233,False,False,True,21.748,housing|node1
2.0,14.0,130.269,226.194,-71.538,50.0,260.538,False,False,True,21.748,housing|node1
2.0,16.0,122.273,212.391,-81.941,34.0,244.546,False,False,True,21.748,housing|node1
2.0,18.0,113.423,198.267,-89.234,34.0,226.846,False,False,True,21.748,housing|node1
2.0,20.0,103.782,184.435,-93.372,36.0,207.564,False,False,True,21.748,housing|node1
2.0,22.0,93.434,171.316,-94.377,40.0,186.867,False,False,True,21.748,housing|node1
2.0,24.0,79.944,155.852,-92.341,34.0,159.888,False,False,True,21.748,housing|node1
2.0,26.0,65.21,141.328,-86.963,40.0,130.42,False,False,True,21.748,housing|node1
2.0,28.0,58.441,174.972,20.876,92.0,95.745,False,True,True,21.748,housing|node1
2.0,30.0,50.28,167.158,30.377,102.0,77.033,False,True,True,21.748,housing|node1
2.0,32.0,42.48,158.71,39.145,116.0,62.136,False,True,True,21.748,housing|node1
2.0,34.0,34.706,150.239,47.814,126.0,49.931,False,True,True,20.458,node3|node7
2.0,36.0,26.628,142.77,56.739,162.0,36.321,False,True,True,18.456,node5|node9
4.0,-36.0,76.127,366.938,-15.0,24.0,152.253,False,False,True,18.456,node4|node8
4.0,-34.0,77.437,375.277,-15.0,22.0,154.874,False,False,True,20.458,node5|node9
4.0,-32.0,84.944,152.389,291.611,36.0,169.887,False,False,True,21.657,housing|node1
4.0,-30.0,91.324,174.293,293.624,36.0,182.648,False,False,True,21.657,housing|node1
4.0,-28.0,95.354,197.31,292.833,46.0,190.707,False,False,True,21.657,housing|node1
4.0,-26.0,96.302,218.226,289.111,44.0,192.604,False,False,True,21.657,housing|node1
4.0,-24.0,95.874,240.177,282.392,48.0,191.747,False,False,True,21.657,housing|node1
4.0,-22.0,91.941,435.457,-15.0,22.0,183.883,False,False,True,21.657,housing|node1
4.0,-20.0,96.69,455.316,-15.0,18.0,193.381,False,False,True,21.657,housing|node1
4.0,-18.0,102.155,473.715,-15.0,26.0,204.309,False,False,True,21.657,housing|node1
4.0,-16.0,102.697,490.247,-15.0,22.0,205.395,False,False,True,21.657,housing|node1
4.0,-14.0,99.851,504.536,-15.0,20.0,199.702,False,False,True,21.657,housing|node1
4.0,-12.0,95.062,516.251,-15.0,30.0,190.124,False,False,True,21.657,housing|node1
4.0,-10.0,83.174,525.113,-15.0,24.0,166.347,False,False,True,21.657,housing|node1
4.0,-8.0,68.119,530.902,-15.0,34.0,136.239,False,False,True,21.657,housing|node1
4.0,-6.0,75.561,187.605,-15.0,60.0,151.121,False,False,True,21.657,housing|node1
4.0,-4.0,75.431,187.327,-15.0,58.0,150.862,False,False,True,21.657,housing|node1
4.0,-2.0,75.583,187.483,-15.0,60.0,151.167,False,False,True,21.657,housing|node1
4.0,0.0,83.957,521.27,170.0,30.0,167.914,False,False,True,21.657,housing|node1
4.0,2.0,96.636,510.772,170.0,30.0,193.272,False,False,True,21.657,housing|node1
4.0,4.0,101.811,497.327,170.0,26.0,203.622,False,False,True,21.657,housing|node1
4.0,6.0,112.699,210.635,-63.958,48.0,225.399,False,False,True,21.657,housing|node1
4.0,8.0,125.294,215.801,-82.023,50.0,250.587,False,False,True,21.657,housing|node1
4.0,10.0,132.931,216.057,-97.452,56.0,265.862,False,False,True,21.657,housing|node1
4.0,12.0,132.48,207.996,-110.005,46.0,264.96,False,False,True,21.657,housing|node1
4.0,14.0,125.463,192.384,-119.504,34.0,250.925,False,False,True,21.657,housing|node1
4.0,16.0,117.28,176.672,-125.84,36.0,234.56,False,False,True,21.657,housing|node1
4.0,18.0,108.208,161.49,-128.977,34.0,216.417,False,False,True,21.657,housing|node1
4.0,20.0,98.451,147.632,-128.948,38.0,196.902,False,False,True,21.657,housing|node1
4.0,22.0,85.326,131.614,-125.854,34.0,170.652,False,False,True,21.657,housing|node1
4.0,24.0,70.969,116.165,-119.866,36.0,141.937,False,False,True,21.657,housing|node1
4.0,26.0,57.261,104.949,-111.21,48.0,114.522,False,False,True,21.657,housing|node1
4.0,28.0,44.935,99.137,-100.17,60.0,89.871,False,False,True,21.657,housing|node1
4.0,30.0,44.145,160.921,25.832,112.0,68.615,False,True,True,21.657,housing|node1
4.0,32.0,36.741,153.256,35.732,126.0,56.291,False,True,True,21.657,housing|node1
4.0,34.0,29.279,144.868,45.119,144.0,43.517,False,True,True,20.458,node3|node7
4.0,36.0,21.991,136.275,54.525,164.0,30.553,False,True,True,18.456,node3|node7
6.0,-36.0,61.64,173.157,-15.0,66.0,123.28,False,False,True,18.456,node3|node7
6.0,-34.0,61.746,173.266,-15.0,66.0,123.491,False,False,True,20.458,node3|node7
6.0,-32.0,69.37,197.598,256.788,46.0,138.74,False,False,True,21.505,housing|node1
6.0,-30.0,74.366,218.691,255.193,50.0,148.732,False,False,True,21.505,housing|node1
6.0,-28.0,76.985,236.912,250.713,50.0,153.97,False,False,True,21.505,housing|node1
6.0,-26.0,78.096,256.432,243.294,52.0,156.193,False,False,True,21.505,housing|node1
6.0,-24.0,77.219,277.294,232.949,50.0,154.438,False,False,True,21.505,housing|node1
6.0,-22.0,75.211,297.883,219.76,62.0,150.421,False,False,True,21.505,housing|node1
6.0,-20.0,70.6,469.187,-15.0,30.0,141.199,False,False,True,21.505,housing|node1
6.0,-18.0,69.125,484.633,-15.0,24.0,138.249,False,False,True,21.505,housing|node1
6.0,-16.0,67.135,497.793,-15.0,34.0,134.269,False,False,True,21.505,housing|node1
6.0,-14.0,58.35,508.347,-15.0,32.0,116.7,False,False,True,21.505,housing|node1
6.0,-12.0,61.757,173.309,-15.0,66.0,123.514,False,False,True,21.505,housing|node1
6.0,-10.0,52.97,386.711,170.0,40.0,105.941,False,False,True,21.505,housing|node1
6.0,-8.0,63.002,412.363,170.0,42.0,126.003,False,False,True,21.505,housing|node1
6.0,-6.0,79.382,520.028,170.0,22.0,158.764,False,False,True,21.505,housing|node1
6.0,-4.0,104.113,514.772,170.0,26.0,208.226,False,False,True,21.505,housing|node1
6.0,-2.0,122.06,506.273,170.0,28.0,244.12,False,False,True,21.505,housing|node1
6.0,0.0,130.694,494.671,170.0,26.0,261.387,False,False,True,21.505,housing|node1
6.0,2.0,132.05,480.173,170.0,24.0,264.101,False,False,True,21.505,housing|node1
6.0,4.0,127.386,463.047,170.0,22.0,254.771,False,False,True,21.505,housing|node1
6.0,6.0,131.382,199.294,-120.165,46.0,262.764,False,False,True,21.505,housing|node1
6.0,8.0,136.854,194.795,-134.743,46.0,273.708,False,False,True,21.505,housing|node1
6.0,10.0,136.049,183.376,-146.378,42.0,272.099,False,False,True,21.505,housing|node1
6.0,12.0,130.293,166.475,-154.902,34.0,260.587,False,False,True,21.505,housing|node1
6.0,14.0,123.032,149.04,-160.216,32.0,246.064,False,False,True,21.505,housing|node1
6.0,16.0,114.81,132.496,-162.294,36.0,229.621,False,False,True,21.505,housing|node1
6.0,18.0,105.629,117.52,-161.179,36.0,211.258,False,False,True,21.505,housing|node1
6.0,20.0,93.205,100.358,-156.983,30.0,186.41,False,False,True,21.505,housing|node1
6.0,22.0,79.586,83.937,-149.886,34.0,159.173,False,False,True,21.505,housing|node1
6.0,24.0,65.94,72.41,-140.126,40.0,131.881,False,False,True,21.505,housing|node1
6.0,26.0,52.831,67.431,-127.996,54.0,105.661,False,False,True,21.505,housing|node1
6.0,28.0,45.777,161.53,9.153,110.0,72.145,False,True,True,21.505,housing|node1
6.0,30.0,34.94,303.165,170.0,46.0,69.881,False,False,True,21.505,housing|node1
6.0,32.0,34.177,301.638,170.0,50.0,68.354,False,False,True,21.505,housing|node1
6.0,34.0,33.4,300.083,170.0,50.0,66.799,False,False,True,20.458,node3|node7
6.0,36.0,32.609,298.502,170.0,50.0,65.218,False,False,True,18.456,node4|node8
8.0,-36.0,48.609,159.707,-15.0,72.0,97.218,False,False,True,18.456,node4|node8
8.0,-34.0,50.524,213.852,220.563,54.0,101.047,False,False,True,20.458,node5|node9
8.0,-32.0,56.559,232.007,218.388,60.0,113.118,False,False,True,21.292,housing|node1
8.0,-30.0,60.634,247.939,213.233,62.0,121.269,False,False,True,21.292,housing|node1
8.0,-28.0,63.009,265.277,205.2,58.0,126.018,False,False,True,21.292,housing|node1
8.0,-26.0,63.511,283.85,194.31,54.0,127.022,False,False,True,21.292,housing|node1
8.0,-24.0,63.407,301.625,180.652,64.0,126.814,False,False,True,21.292,housing|node1
8.0,-22.0,64.459,315.442,170.0,144.0,128.917,False,False,True,21.292,housing|node1
8.0,-20.0,67.591,325.422,170.0,86.0,135.182,False,False,True,21.292,housing|node1
8.0,-18.0,71.538,336.206,170.0,72.0,143.076,False,False,True,21.292,housing|node1
8.0,-16.0,76.391,347.236,170.0,54.0,152.782,False,False,True,21.292,housing|node1
8.0,-14.0,82.264,358.708,170.0,44.0,164.528,False,False,True,21.292,housing|node1
8.0,-12.0,90.457,388.346,170.0,42.0,180.914,False,False,True,21.292,housing|node1
8.0,-10.0,101.273,418.938,170.0,38.0,202.547,False,False,True,21.292,housing|node1
8.0,-8.0,118.679,502.615,170.0,18.0,237.359,False,False,True,21.292,housing|node1
8.0,-6.0,142.573,496.22,170.0,24.0,285.145,False,False,True,21.292,housing|node1
8.0,-4.0,156.86,486.621,170.0,24.0,313.721,False,False,True,21.292,housing|node1
8.0,-2.0,160.256,473.965,170.0,24.0,320.512,False,False,True,21.292,housing|node1
8.0,0.0,156.395,458.469,170.0,22.0,312.79,False,False,True,21.292,housing|node1
8.0,2.0,147.46,440.411,170.0,22.0,294.92,False,False,True,21.292,housing|node1
8.0,4.0,135.113,420.125,170.0,24.0,270.225,False,False,True,21.292,housing|node1
8.0,6.0,141.468,166.901,-169.407,42.0,282.936,False,False,True,21.292,housing|node1
8.0,8.0,141.264,153.115,-180.055,40.0,282.528,False,False,True,21.292,housing|node1
8.0,10.0,136.801,134.156,-187.541,34.0,273.602,False,False,True,21.292,housing|node1
8.0,12.0,130.896,114.889,-191.778,32.0,261.792,False,False,True,21.292,housing|node1
8.0,14.0,123.974,96.924,-192.747,32.0,247.948,False,False,True,21.292,housing|node1
8.0,16.0,115.706,80.418,-190.503,34.0,231.412,False,False,True,21.292,housing|node1
8.0,18.0,104.685,61.351,-185.17,28.0,209.371,False,False,True,21.292,housing|node1
8.0,20.0,92.473,44.061,-176.935,32.0,184.946,False,False,True,21.292,housing|node1
8.0,22.0,79.491,31.814,-166.05,32.0,158.981,False,False,True,21.292,housing|node1
8.0,24.0,65.709,27.268,-152.815,44.0,131.417,False,False,True,21.292,housing|node1
8.0,26.0,50.944,28.969,-137.579,72.0,101.889,False,False,True,21.292,housing|node1
8.0,28.0,45.334,285.689,170.0,38.0,90.667,False,False,True,21.292,housing|node1
8.0,30.0,44.286,284.059,170.0,38.0,88.573,False,False,True,21.292,housing|node1
8.0,32.0,43.226,282.409,170.0,38.0,86.453,False,False,True,21.292,housing|node1
8.0,34.0,42.166,280.74,170.0,38.0,84.333,False,False,True,20.458,node3|node7
8.0,36.0,41.111,279.054,170.0,40.0,82.223,False,False,True,18.456,node3|node7
10.0,-36.0,36.579,147.224,-15.0,88.0,73.158,False,False,True,18.456,node5|node9
10.0,-34.0,36.565,147.209,-15.0,88.0,73.129,False,False,True,20.458,node3|node7
10.0,-32.0,46.322,252.431,177.279,72.0,92.644,False,False,True,21.019,housing|node1
10.0,-30.0,50.339,267.515,170.0,68.0,100.677,False,False,True,21.019,housing|node1
10.0,-28.0,58.245,279.655,170.0,64.0,116.49,False,False,True,21.019,housing|node1
10.0,-26.0,66.175,292.268,170.0,52.0,132.349,False,False,True,21.019,housing|node1
10.0,-24.0,74.856,304.757,170.0,48.0,149.713,False,False,True,21.019,housing|node1
10.0,-22.0,84.17,317.325,170.0,48.0,168.34,False,False,True,21.019,housing|node1
10.0,-20.0,94.144,330.395,170.0,52.0,188.289,False,False,True,21.019,housing|node1
10.0,-18.0,104.529,343.951,170.0,56.0,209.058,False,False,True,21.019,housing|node1
10.0,-16.0,115.632,358.445,170.0,106.0,231.264,False,False,True,21.019,housing|node1
10.0,-14.0,125.683,377.626,170.0,72.0,251.366,False,False,True,21.019,housing|node1
10.0,-12.0,137.911,406.173,170.0,44.0,275.822,False,False,True,21.019,housing|node1
10.0,-10.0,155.438,480.796,170.0,16.0,310.876,False,False,True,21.019,housing|node1
10.0,-8.0,178.373,473.31,170.0,28.0,356.745,False,False,True,21.019,housing|node1
10.0,-6.0,185.994,462.662,170.0,28.0,371.989,False,False,True,21.019,housing|node1
10.0,-4.0,181.716,449.012,170.0,24.0,363.432,False,False,True,21.019,housing|node1
10.0,-2.0,171.557,432.584,170.0,22.0,343.115,False,False,True,21.019,housing|node1
10.0,0.0,157.933,413.665,170.0,22.0,315.865,False,False,True,21.019,housing|node1
10.0,2.0,141.793,392.596,170.0,22.0,283.586,False,False,True,21.019,housing|node1
10.0,4.0,147.708,133.146,-200.888,40.0,295.417,False,False,True,21.019,housing|node1
10.0,6.0,148.537,117.004,-210.487,38.0,297.075,False,False,True,21.019,housing|node1
10.0,8.0,145.787,96.068,-216.881,32.0,291.574,False,False,True,21.019,housing|node1
10.0,10.0,141.771,74.383,-219.992,30.0,283.543,False,False,True,21.019,housing|node1
10.0,12.0,136.562,54.372,-219.812,30.0,273.123,False,False,True,21.019,housing|node1
10.0,14.0,129.881,35.923,-216.406,32.0,259.761,False,False,True,21.019,housing|node1
10.0,16.0,121.172,14.125,-209.909,24.0,242.344,False,False,True,21.019,housing|node1
10.0,18.0,111.362,-15.0,-200.519,26.0,222.725,False,False,True,21.019,housing|node1
10.0,20.0,96.419,-15.0,-188.497,14.0,192.837,False,False,True,21.019,housing|node1
10.0,22.0,77.785,-15.0,-174.153,14.0,155.569,False,False,True,21.019,housing|node1
10.0,24.0,65.041,-15.0,-157.846,34.0,130.082,False,False,True,21.019,housing|node1
10.0,26.0,50.81,-15.0,-139.966,74.0,101.619,False,False,True,21.019,housing|node1
10.0,28.0,47.773,263.363,170.0,42.0,95.546,False,False,True,21.019,housing|node1
10.0,30.0,46.672,261.65,170.0,42.0,93.344,False,False,True,21.019,housing|node1
10.0,32.0,45.564,259.927,170.0,42.0,91.128,False,False,True,21.019,housing|node1
10.0,34.0,44.451,258.194,170.0,42.0,88.901,False,False,True,20.458,node5|node9
10.0,36.0,43.333,256.456,170.0,42.0,86.666,False,False,True,18.456,node5|node9
12.0,-36.0,36.602,230.284,170.0,62.0,73.204,False,False,True,18.456,node4|node8
12.0,-34.0,46.904,244.926,170.0,68.0,93.809,False,False,True,20.458,node3|node7
12.0,-32.0,55.787,257.185,170.0,64.0,111.574,False,False,True,20.686,housing|node1
12.0,-30.0,65.145,269.704,170.0,58.0,130.291,False,False,True,20.686,housing|node1
12.0,-28.0,74.791,282.458,170.0,54.0,149.583,False,False,True,20.686,housing|node1
12.0,-26.0,85.04,296.249,170.0,50.0,170.08,False,False,True,20.686,housing|node1
12.0,-24.0,95.953,310.934,170.0,44.0,191.907,False,False,True,20.686,housing|node1
12.0,-22.0,107.361,326.737,170.0,36.0,214.722,False,False,True,20.686,housing|node1
12.0,-20.0,120.113,342.688,170.0,30.0,240.226,False,False,True,20.686,housing|node1
12.0,-18.0,134.36,360.287,170.0,32.0,268.721,False,False,True,20.686,housing|node1
12.0,-16.0,150.319,379.716,170.0,32.0,300.638,False,False,True,20.686,housing|node1
12.0,-14.0,168.412,400.362,170.0,36.0,336.823,False,False,True,20.686,housing|node1
12.0,-12.0,189.081,454.984,170.0,12.0,378.162,False,False,True,20.686,housing|node1
12.0,-10.0,208.118,446.46,170.0,62.0,416.235,False,False,True,20.686,housing|node1
12.0,-8.0,198.319,434.825,170.0,24.0,396.638,False,False,True,20.686,housing|node1
12.0,-6.0,185.694,420.247,170.0,20.0,371.389,False,False,True,20.686,housing|node1
12.0,-4.0,170.724,402.96,170.0,18.0,341.447,False,False,True,20.686,housing|node1
12.0,-2.0,153.696,383.259,170.0,16.0,307.392,False,False,True,20.686,housing|node1
12.0,0.0,150.361,107.125,-217.087,36.0,300.722,False,False,True,20.686,housing|node1
12.0,2.0,155.998,93.479,-228.688,36.0,311.995,False,False,True,20.686,housing|node1
12.0,4.0,158.424,74.902,-237.187,38.0,316.849,False,False,True,20.686,housing|node1
12.0,6.0,158.035,50.851,-242.444,26.0,316.07,False,False,True,20.686,housing|node1
12.0,8.0,156.554,26.823,-244.39,26.0,313.107,False,False,True,20.686,housing|node1
12.0,10.0,153.897,3.56,-243.03,28.0,307.794,False,False,True,20.686,housing|node1
12.0,12.0,147.801,-15.0,-238.439,32.0,295.601,False,False,True,20.686,housing|node1
12.0,14.0,122.215,-15.0,-211.797,42.0,244.431,False,False,True,20.686,housing|node1
12.0,16.0,97.279,-15.0,-186.607,34.0,194.559,False,False,True,20.686,housing|node1
12.0,18.0,74.591,-15.0,-163.961,40.0,149.183,False,False,True,20.686,housing|node1
12.0,20.0,47.088,245.174,170.0,36.0,94.176,False,False,True,20.686,housing|node1
12.0,22.0,45.822,243.451,170.0,36.0,91.644,False,False,True,20.686,housing|node1
12.0,24.0,44.563,241.718,170.0,36.0,89.125,False,False,True,20.686,housing|node1
12.0,26.0,43.312,239.98,170.0,36.0,86.624,False,False,True,20.686,housing|node1
12.0,28.0,42.072,238.237,170.0,38.0,84.144,False,False,True,20.686,housing|node1
12.0,30.0,40.844,236.492,170.0,36.0,81.689,False,False,True,20.686,housing|node1
12.0,32.0,40.844,236.492,170.0,36.0,81.689,False,False,True,12.092,housing|gripper_claw_left
12.0,34.0,,,,,,False,False,False,-2.494,housing|gripper_claw_left
12.0,36.0,40.844,236.492,170.0,36.0,81.689,False,False,True,6.574,housing|gripper_claw_left
14.0,-36.0,46.771,230.376,170.0,54.0,93.542,False,False,True,18.456,node5|node9
14.0,-34.0,58.15,246.783,170.0,42.0,116.299,False,False,True,20.293,housing|node1
14.0,-32.0,70.618,263.279,170.0,44.0,141.236,False,False,True,20.293,housing|node1
14.0,-30.0,83.038,278.755,170.0,46.0,166.076,False,False,True,20.293,housing|node1
14.0,-28.0,94.862,293.533,170.0,42.0,189.724,False,False,True,20.293,housing|node1
14.0,-26.0,107.877,308.733,170.0,42.0,215.755,False,False,True,20.293,housing|node1
14.0,-24.0,121.703,325.702,170.0,42.0,243.406,False,False,True,20.293,housing|node1
14.0,-22.0,136.947,343.956,170.0,36.0,273.893,False,False,True,20.293,housing|node1
14.0,-20.0,153.815,364.26,170.0,30.0,307.629,False,False,True,20.293,housing|node1
14.0,-18.0,172.84,387.163,170.0,24.0,345.68,False,False,True,20.293,housing|node1
14.0,-16.0,195.182,431.996,170.0,10.0,390.365,False,False,True,20.293,housing|node1
14.0,-14.0,206.493,425.659,170.0,12.0,412.987,False,False,True,20.293,housing|node1
14.0,-12.0,198.113,416.16,170.0,12.0,396.227,False,False,True,20.293,housing|node1
14.0,-10.0,187.161,403.608,170.0,12.0,374.323,False,False,True,20.293,housing|node1
14.0,-8.0,173.916,388.178,170.0,14.0,347.831,False,False,True,20.293,housing|node1
14.0,-6.0,158.763,370.113,170.0,18.0,317.527,False,False,True,20.293,housing|node1
14.0,-4.0,150.89,77.938,-228.443,38.0,301.78,False,False,True,20.293,housing|node1
14.0,-2.0,160.192,64.2,-241.888,34.0,320.384,False,False,True,20.293,housing|node1
14.0,0.0,167.228,47.481,-252.386,36.0,334.456,False,False,True,20.293,housing|node1
14.0,2.0,171.781,26.244,-259.741,36.0,343.562,False,False,True,20.293,housing|node1
14.0,4.0,174.668,-15.0,-263.825,20.0,349.336,False,False,True,20.293,housing|node1
14.0,6.0,162.783,-15.0,-264.579,12.0,325.566,False,False,True,20.293,housing|node1
14.0,8.0,137.563,-15.0,-226.89,36.0,275.125,False,False,True,20.293,housing|node1
14.0,10.0,115.32,-15.0,-204.477,42.0,230.64,False,False,True,20.293,housing|node1
14.0,12.0,95.103,-15.0,-184.472,44.0,190.205,False,False,True,20.293,housing|node1
14.0,14.0,76.605,-15.0,-165.846,52.0,153.211,False,False,True,20.293,housing|node1
14.0,16.0,59.465,-15.0,-148.622,64.0,118.931,False,False,True,20.293,housing|node1
14.0,18.0,39.577,219.625,170.0,44.0,79.154,False,False,True,20.293,housing|node1
14.0,20.0,38.409,217.88,170.0,46.0,76.819,False,False,True,20.293,housing|node1
14.0,22.0,38.409,217.88,170.0,46.0,76.819,False,False,True,20.293,housing|node1
14.0,24.0,38.409,217.88,170.0,46.0,76.819,False,False,True,20.293,housing|node1
14.0,26.0,38.409,217.88,170.0,46.0,76.819,False,False,True,20.293,housing|node1
14.0,28.0,38.409,217.88,170.0,46.0,76.819,False,False,True,20.293,housing|node1
14.0,30.0,38.409,217.88,170.0,46.0,76.819,False,False,True,2.138,housing|gripper_claw_left
14.0,32.0,,,,,,False,False,False,-1.819,housing|node9
14.0,34.0,,,,,,False,False,False,-13.176,housing|node9
14.0,36.0,,,,,,False,False,False,-14.256,housing|node9
16.0,-36.0,60.876,237.031,170.0,50.0,121.753,False,False,True,18.456,node4|node8
16.0,-34.0,73.159,253.843,170.0,38.0,146.318,False,False,True,19.842,housing|node1
16.0,-32.0,86.89,271.811,170.0,30.0,173.78,False,False,True,19.842,housing|node1
16.0,-30.0,102.321,290.651,170.0,26.0,204.642,False,False,True,19.842,housing|node1
16.0,-28.0,119.281,310.801,170.0,34.0,238.562,False,False,True,19.842,housing|node1
16.0,-26.0,136.685,330.315,170.0,34.0,273.371,False,False,True,19.842,housing|node1
16.0,-24.0,154.718,350.432,170.0,32.0,309.436,False,False,True,19.842,housing|node1
16.0,-22.0,174.978,373.086,170.0,30.0,349.956,False,False,True,19.842,housing|node1
16.0,-20.0,198.262,404.794,170.0,10.0,396.524,False,False,True,19.842,housing|node1
16.0,-18.0,199.86,400.657,170.0,18.0,399.719,False,False,True,19.842,housing|node1
16.0,-16.0,193.304,393.364,170.0,18.0,386.609,False,False,True,19.842,housing|node1
16.0,-14.0,183.955,382.961,170.0,20.0,367.909,False,False,True,19.842,housing|node1
16.0,-12.0,171.916,369.567,170.0,20.0,343.832,False,False,True,19.842,housing|node1
16.0,-10.0,157.356,353.367,170.0,18.0,314.711,False,False,True,19.842,housing|node1
16.0,-8.0,149.773,46.412,-234.856,34.0,299.546,False,False,True,19.842,housing|node1
16.0,-6.0,162.619,31.974,-249.939,36.0,325.237,False,False,True,19.842,housing|node1
16.0,-4.0,173.486,14.447,-262.283,32.0,346.973,False,False,True,19.842,housing|node1
16.0,-2.0,182.481,-15.0,-271.638,20.0,364.963,False,False,True,19.842,housing|node1
16.0,0.0,175.657,-15.0,-277.817,22.0,351.313,False,False,True,19.842,housing|node1
16.0,2.0,151.241,-15.0,-280.702,16.0,302.482,False,False,True,19.842,housing|node1
16.0,4.0,129.716,-15.0,-218.873,48.0,259.432,False,False,True,19.842,housing|node1
16.0,6.0,110.198,-15.0,-199.644,48.0,220.396,False,False,True,19.842,housing|node1
16.0,8.0,92.152,-15.0,-181.344,52.0,184.304,False,False,True,19.842,housing|node1
16.0,10.0,75.319,-15.0,-164.475,54.0,150.638,False,False,True,19.842,housing|node1
16.0,12.0,59.687,-15.0,-148.844,64.0,119.374,False,False,True,19.842,housing|node1
16.0,14.0,45.221,-15.0,-134.48,74.0,90.442,False,False,True,19.842,housing|node1
16.0,16.0,31.516,197.523,170.0,50.0,63.033,False,False,True,19.842,housing|node1
16.0,18.0,31.516,197.523,170.0,50.0,63.033,False,False,True,19.842,housing|node1
16.0,20.0,31.516,197.523,170.0,50.0,63.033,False,False,True,19.842,housing|node1
16.0,22.0,31.516,197.523,170.0,50.0,63.033,False,False,True,19.842,housing|node1
16.0,24.0,31.516,197.523,170.0,50.0,63.033,False,False,True,19.842,housing|node1
16.0,26.0,31.516,197.523,170.0,50.0,63.033,False,False,True,19.842,housing|node1
16.0,28.0,31.516,197.523,170.0,50.0,63.033,False,False,True,6.002,housing|gripper_claw_left
16.0,30.0,,,,,,False,False,False,-7.203,housing|node9
16.0,32.0,,,,,,False,False,False,-26.826,housing|node9
16.0,34.0,,,,,,False,False,False,-39.967,housing|node9
16.0,36.0,,,,,,False,False,False,-2.952,housing|node8
18.0,-36.0,79.358,250.081,170.0,42.0,158.717,False,False,True,18.456,node4|node8
18.0,-34.0,93.19,267.14,170.0,38.0,186.38,False,False,True,19.331,housing|node1
18.0,-32.0,109.102,286.792,170.0,28.0,218.204,False,False,True,19.331,housing|node1
18.0,-30.0,127.243,308.491,170.0,24.0,254.487,False,False,True,19.331,housing|node1
18.0,-28.0,147.82,332.488,170.0,20.0,295.641,False,False,True,19.331,housing|node1
18.0,-26.0,171.385,358.69,170.0,18.0,342.771,False,False,True,19.331,housing|node1
18.0,-24.0,185.341,373.918,170.0,12.0,370.682,False,False,True,19.331,housing|node1
18.0,-22.0,183.529,371.938,170.0,12.0,367.059,False,False,True,19.331,housing|node1
18.0,-20.0,178.9,366.866,170.0,12.0,357.8,False,False,True,19.331,housing|node1
18.0,-18.0,171.474,358.688,170.0,12.0,342.948,False,False,True,19.331,housing|node1
18.0,-16.0,161.363,347.459,170.0,12.0,322.726,False,False,True,19.331,housing|node1
18.0,-14.0,148.779,333.307,170.0,14.0,297.558,False,False,True,19.331,housing|node1
18.0,-12.0,147.501,13.033,-236.336,34.0,295.002,False,False,True,19.331,housing|node1
18.0,-10.0,163.655,-15.0,-252.812,20.0,327.31,False,False,True,19.331,housing|node1
18.0,-8.0,172.871,-15.0,-266.802,18.0,345.742,False,False,True,19.331,housing|node1
18.0,-6.0,167.097,-15.0,-278.009,20.0,334.194,False,False,True,19.331,housing|node1
18.0,-4.0,155.183,-15.0,-286.19,20.0,310.365,False,False,True,19.331,housing|node1
18.0,-2.0,137.258,-15.0,-291.171,24.0,274.516,False,False,True,19.331,housing|node1
18.0,0.0,112.26,-15.0,-292.844,18.0,224.519,False,False,True,19.331,housing|node1
18.0,2.0,98.144,-15.0,-187.539,56.0,196.287,False,False,True,19.331,housing|node1
18.0,4.0,85.2,-15.0,-174.599,64.0,170.4,False,False,True,19.331,housing|node1
18.0,6.0,72.397,-15.0,-161.993,68.0,144.795,False,False,True,19.331,housing|node1
18.0,8.0,59.971,-15.0,-149.321,74.0,119.942,False,False,True,19.331,housing|node1
18.0,10.0,41.091,175.844,-252.812,46.0,82.182,False,False,True,19.331,housing|node1
18.0,12.0,40.844,175.844,-236.336,36.0,81.689,False,False,True,19.331,housing|node1
18.0,14.0,38.409,175.844,-217.724,46.0,76.819,False,False,True,19.331,housing|node1
18.0,16.0,31.516,175.844,-197.367,50.0,63.033,False,False,True,19.331,housing|node1
18.0,18.0,20.404,175.844,-175.688,56.0,40.808,False,False,True,19.331,housing|node1
18.0,20.0,20.404,175.844,170.0,56.0,40.808,False,False,True,19.331,housing|node1
18.0,22.0,20.404,175.844,170.0,56.0,40.808,False,False,True,19.331,housing|node1
18.0,24.0,20.404,175.844,170.0,56.0,40.808,False,False,True,19.331,housing|node1
18.0,26.0,20.404,175.844,170.0,56.0,40.808,False,False,True,5.58,housing|gripper_claw_left
18.0,28.0,,,,,,False,False,False,-8.077,housing|node9
18.0,30.0,,,,,,False,False,False,-28.378,housing|node9
18.0,32.0,,,,,,False,False,False,-0.066,housing|node8
18.0,34.0,,,,,,False,False,False,-14.458,housing|node8
18.0,36.0,,,,,,False,False,False,-27.521,housing|node8
20.0,-36.0,105.321,313.516,170.0,20.0,210.641,False,False,True,18.456,node5|node9
20.0,-34.0,119.397,288.564,170.0,32.0,238.794,False,False,True,18.763,housing|node1
20.0,-32.0,138.607,310.776,170.0,26.0,277.214,False,False,True,18.763,housing|node1
20.0,-30.0,161.122,336.426,170.0,22.0,322.245,False,False,True,18.763,housing|node1
20.0,-28.0,164.347,339.977,170.0,14.0,328.695,False,False,True,18.763,housing|node1
20.0,-26.0,164.424,340.064,170.0,14.0,328.847,False,False,True,18.763,housing|node1
20.0,-24.0,161.879,337.176,170.0,16.0,323.759,False,False,True,18.763,housing|node1
20.0,-22.0,156.677,331.242,170.0,16.0,313.354,False,False,True,18.763,housing|node1
20.0,-20.0,148.87,322.256,170.0,18.0,297.74,False,False,True,18.763,housing|node1
20.0,-18.0,138.503,310.285,170.0,20.0,277.005,False,False,True,18.763,housing|node1
20.0,-16.0,139.724,-15.0,-232.999,14.0,279.448,False,False,True,18.763,housing|node1
20.0,-14.0,143.905,-15.0,-250.589,20.0,287.81,False,False,True,18.763,housing|node1
20.0,-12.0,143.628,-15.0,-265.986,18.0,287.255,False,False,True,18.763,housing|node1
20.0,-10.0,139.243,-15.0,-278.851,18.0,278.486,False,False,True,18.763,housing|node1
20.0,-8.0,131.552,-15.0,-288.893,24.0,263.104,False,False,True,18.763,housing|node1
20.0,-6.0,117.288,-15.0,-295.883,22.0,234.575,False,False,True,18.763,housing|node1
20.0,-4.0,97.891,-15.0,-299.654,28.0,195.781,False,False,True,18.763,housing|node1
20.0,-2.0,74.526,-15.0,-164.072,62.0,149.051,False,False,True,18.763,housing|node1
20.0,0.0,65.974,-15.0,-155.582,64.0,131.948,False,False,True,18.763,housing|node1
20.0,2.0,57.652,-15.0,-147.242,74.0,115.304,False,False,True,18.763,housing|node1
20.0,4.0,44.497,161.969,-281.69,40.0,88.994,False,False,True,18.763,housing|node1
20.0,6.0,54.811,161.969,-269.346,38.0,109.622,False,False,True,18.763,housing|node1
20.0,8.0,58.331,161.969,-254.263,34.0,116.662,False,False,True,18.763,housing|node1
20.0,10.0,57.161,161.969,-236.75,36.0,114.321,False,False,True,18.763,housing|node1
20.0,12.0,51.798,161.969,-217.163,38.0,103.596,False,False,True,18.763,housing|node1
20.0,14.0,41.564,161.969,-195.903,36.0,83.127,False,False,True,18.763,housing|node1
20.0,16.0,31.516,161.969,-173.397,50.0,63.033,False,False,True,18.763,housing|node1
20.0,18.0,25.082,161.969,-158.78,58.0,50.164,False,False,True,18.763,housing|node1
20.0,20.0,16.281,161.969,-143.564,70.0,32.561,False,False,True,18.763,housing|node1
20.0,22.0,16.281,161.969,170.0,70.0,32.561,False,False,True,18.763,housing|node1
20.0,24.0,16.281,161.969,170.0,70.0,32.561,False,False,True,0.861,housing|gripper_claw_left
20.0,26.0,,,,,,False,False,False,-13.169,housing|node9
20.0,28.0,,,,,,False,False,False,-33.747,housing|node9
20.0,30.0,,,,,,False,False,False,-5.618,housing|node8
20.0,32.0,,,,,,False,False,False,-20.199,housing|node8
20.0,34.0,,,,,,False,False,False,-34.019,housing|node8
20.0,36.0,,,,,,False,False,False,-1.295,housing|node7
22.0,-36.0,129.602,292.012,170.0,24.0,259.204,False,False,True,18.138,housing|node1
22.0,-34.0,135.998,299.013,170.0,24.0,271.996,False,False,True,18.138,housing|node1
22.0,-32.0,140.227,303.642,170.0,22.0,280.454,False,False,True,18.138,housing|node1
22.0,-30.0,142.066,305.656,170.0,22.0,284.133,False,False,True,18.138,housing|node1
22.0,-28.0,141.344,304.865,170.0,22.0,282.688,False,False,True,18.138,housing|node1
22.0,-26.0,137.943,301.142,170.0,22.0,275.886,False,False,True,18.138,housing|node1
22.0,-24.0,131.806,294.424,170.0,24.0,263.611,False,False,True,18.138,housing|node1
22.0,-22.0,122.936,284.715,170.0,22.0,245.872,False,False,True,18.138,housing|node1
22.0,-20.0,111.401,272.089,170.0,22.0,222.803,False,False,True,18.138,housing|node1
22.0,-18.0,112.13,-15.0,-243.463,24.0,224.259,False,False,True,18.138,housing|node1
22.0,-16.0,113.321,-15.0,-259.995,24.0,226.642,False,False,True,18.138,housing|node1
22.0,-14.0,110.143,-15.0,-274.284,18.0,220.286,False,False,True,18.138,housing|node1
22.0,-12.0,105.685,-15.0,-285.999,26.0,211.371,False,False,True,18.138,housing|node1
22.0,-10.0,94.296,-15.0,-294.861,24.0,188.592,False,False,True,18.138,housing|node1
22.0,-8.0,79.426,-15.0,-300.65,30.0,158.851,False,False,True,18.138,housing|node1
22.0,-6.0,58.211,-15.0,-303.211,36.0,116.422,False,False,True,18.138,housing|node1
22.0,-4.0,41.831,-15.0,-131.191,84.0,83.661,False,False,True,18.138,housing|node1
22.0,-2.0,36.502,-15.0,-125.743,92.0,73.005,False,False,True,18.138,housing|node1
22.0,0.0,51.421,147.408,-291.018,38.0,102.842,False,False,True,18.138,housing|node1
22.0,2.0,66.065,147.408,-280.52,32.0,132.129,False,False,True,18.138,housing|node1
22.0,4.0,73.733,147.408,-267.075,32.0,147.466,False,False,True,18.138,housing|node1
22.0,6.0,74.647,147.408,-250.944,30.0,149.294,False,False,True,18.138,housing|node1
22.0,8.0,71.05,147.408,-232.443,34.0,142.1,False,False,True,18.138,housing|node1
22.0,10.0,61.982,147.408,-211.939,28.0,123.964,False,False,True,18.138,housing|node1
22.0,12.0,51.798,147.408,-189.836,38.0,103.596,False,False,True,18.138,housing|node1
22.0,14.0,38.409,147.408,-166.573,46.0,76.819,False,False,True,18.138,housing|node1
22.0,16.0,28.754,147.408,-151.285,46.0,57.508,False,False,True,18.138,housing|node1
22.0,18.0,20.477,147.408,-137.237,56.0,40.953,False,False,True,18.138,housing|node1
22.0,20.0,16.281,147.408,-128.079,70.0,32.561,False,False,True,18.138,housing|node1
22.0,22.0,,,,,,False,False,False,-0.154,housing|node9
22.0,24.0,,,,,,False,False,False,-22.395,housing|node9
22.0,26.0,,,,,,False,False,False,-43.162,housing|node9
22.0,28.0,,,,,,False,False,False,-15.127,housing|node8
22.0,30.0,,,,,,False,False,False,-29.708,housing|node8
22.0,32.0,,,,,,False,False,False,-1.036,housing|node7
22.0,34.0,,,,,,False,False,False,-10.489,housing|node7
22.0,36.0,,,,,,False,False,False,-19.695,housing|node7
24.0,-36.0,110.062,265.626,170.0,16.0,220.124,False,False,True,17.456,housing|node1
24.0,-34.0,113.487,269.384,170.0,16.0,226.973,False,False,True,17.456,housing|node1
24.0,-32.0,114.557,270.556,170.0,18.0,229.114,False,False,True,17.456,housing|node1
24.0,-30.0,113.1,268.961,170.0,16.0,226.2,False,False,True,17.456,housing|node1
24.0,-28.0,109.021,264.481,170.0,16.0,218.042,False,False,True,17.456,housing|node1
24.0,-26.0,102.312,257.061,170.0,18.0,204.623,False,False,True,17.456,housing|node1
24.0,-24.0,93.063,246.716,170.0,18.0,186.125,False,False,True,17.456,housing|node1
24.0,-22.0,81.485,233.528,170.0,22.0,162.97,False,False,True,17.456,housing|node1
24.0,-20.0,82.523,-15.0,-249.097,28.0,165.046,False,False,True,17.456,housing|node1
24.0,-18.0,80.573,-15.0,-264.542,22.0,161.146,False,False,True,17.456,housing|node1
24.0,-16.0,78.549,-15.0,-277.703,30.0,157.097,False,False,True,17.456,housing|node1
24.0,-14.0,70.725,-15.0,-288.256,32.0,141.449,False,False,True,17.456,housing|node1
24.0,-12.0,57.944,-15.0,-295.933,32.0,115.889,False,False,True,17.456,housing|node1
24.0,-10.0,41.791,-15.0,-300.524,42.0,83.583,False,False,True,17.456,housing|node1
24.0,-8.0,18.875,-15.0,-301.884,62.0,37.75,False,False,True,17.456,housing|node1
24.0,-6.0,33.571,137.585,-299.938,40.0,67.141,False,False,True,17.456,housing|node1
24.0,-4.0,58.632,137.585,-294.681,36.0,117.263,False,False,True,17.456,housing|node1
24.0,-2.0,78.842,137.585,-286.182,32.0,157.684,False,False,True,17.456,housing|node1
24.0,0.0,90.698,137.585,-274.581,30.0,181.395,False,False,True,17.456,housing|node1
24.0,2.0,94.687,137.585,-260.082,28.0,189.375,False,False,True,17.456,housing|node1
24.0,4.0,92.688,137.585,-242.956,30.0,185.375,False,False,True,17.456,housing|node1
24.0,6.0,84.965,137.585,-223.528,26.0,169.929,False,False,True,17.456,housing|node1
24.0,8.0,74.681,137.585,-202.172,34.0,149.361,False,False,True,17.456,housing|node1
24.0,10.0,60.52,137.585,-179.299,34.0,121.04,False,False,True,17.456,housing|node1
24.0,12.0,44.563,137.585,-155.353,36.0,89.125,False,False,True,17.456,housing|node1
24.0,14.0,35.277,137.585,-139.476,46.0,70.553,False,False,True,17.456,housing|node1
24.0,16.0,27.332,137.585,-126.676,54.0,54.665,False,False,True,17.456,housing|node1
24.0,18.0,21.047,137.585,-117.094,62.0,42.094,False,False,True,10.048,housing|gripper_claw_left
24.0,20.0,,,,,,False,False,False,-13.147,housing|node9
24.0,22.0,,,,,,False,False,False,-35.585,housing|node9
24.0,24.0,,,,,,False,False,False,-13.148,housing|node8
24.0,26.0,,,,,,False,False,False,-28.413,housing|node8
24.0,28.0,,,,,,False,False,False,-3.501,housing|node7
24.0,30.0,,,,,,False,False,False,-13.148,housing|node7
24.0,32.0,,,,,,False,False,False,-22.551,housing|node7
24.0,34.0,,,,,,False,False,False,-31.644,housing|node7
24.0,36.0,,,,,,False,False,False,-3.207,housing|node6
26.0,-36.0,87.544,234.904,170.0,22.0,175.088,False,False,True,16.718,housing|node1
26.0,-34.0,87.891,235.306,170.0,20.0,175.783,False,False,True,16.718,housing|node1
26.0,-32.0,85.887,232.984,170.0,22.0,171.774,False,False,True,16.718,housing|node1
26.0,-30.0,81.472,227.829,170.0,22.0,162.943,False,False,True,16.718,housing|node1
26.0,-28.0,74.692,219.795,170.0,24.0,149.385,False,False,True,16.718,housing|node1
26.0,-26.0,65.731,208.905,170.0,28.0,131.462,False,False,True,16.718,housing|node1
26.0,-24.0,63.575,195.248,-91.457,64.0,127.149,False,False,True,16.718,housing|node1
26.0,-22.0,58.936,178.98,-105.169,114.0,117.872,False,False,True,16.718,housing|node1
26.0,-20.0,51.133,-15.0,-264.315,36.0,102.266,False,False,True,16.718,housing|node1
26.0,-18.0,46.628,-15.0,-276.337,42.0,93.256,False,False,True,16.718,housing|node1
26.0,-16.0,36.008,-15.0,-285.727,38.0,72.016,False,False,True,16.718,housing|node1
26.0,-14.0,26.984,129.118,-144.105,68.0,53.969,False,False,True,16.718,housing|node1
26.0,-12.0,35.245,129.118,-180.304,58.0,70.491,False,False,True,16.718,housing|node1
26.0,-10.0,45.796,129.118,-218.175,50.0,91.592,False,False,True,16.718,housing|node1
26.0,-8.0,63.47,129.118,-292.7,26.0,126.94,False,False,True,16.718,housing|node1
26.0,-6.0,87.938,129.118,-286.305,28.0,175.876,False,False,True,16.718,housing|node1
26.0,-4.0,106.179,129.118,-276.706,30.0,212.359,False,False,True,16.718,housing|node1
26.0,-2.0,114.117,129.118,-264.05,28.0,228.233,False,False,True,16.718,housing|node1
26.0,0.0,113.897,129.118,-248.555,26.0,227.794,False,False,True,16.718,housing|node1
26.0,2.0,107.553,129.118,-230.497,26.0,215.106,False,False,True,16.718,housing|node1
26.0,4.0,96.898,129.118,-210.21,28.0,193.795,False,False,True,16.718,housing|node1
26.0,6.0,82.238,129.118,-188.075,26.0,164.477,False,False,True,16.718,housing|node1
26.0,8.0,66.425,129.118,-164.511,34.0,132.85,False,False,True,16.718,housing|node1
26.0,10.0,48.866,129.118,-139.966,42.0,97.733,False,False,True,16.718,housing|node1
26.0,12.0,36.503,129.118,-123.586,44.0,73.006,False,False,True,16.718,housing|node1
26.0,14.0,27.537,129.118,-112.122,48.0,55.073,False,False,True,16.718,housing|node1
26.0,16.0,,,,,,False,False,False,-6.119,housing|node9
26.0,18.0,,,,,,False,False,False,-29.944,housing|node9
26.0,20.0,,,,,,False,False,False,-14.178,housing|node8
26.0,22.0,,,,,,False,False,False,-30.043,housing|node8
26.0,24.0,,,,,,False,False,False,-9.245,housing|node7
26.0,26.0,,,,,,False,False,False,-19.06,housing|node7
26.0,28.0,,,,,,False,False,False,-0.675,housing|node6
26.0,30.0,,,,,,False,False,False,-5.76,housing|node6
26.0,32.0,,,,,,False,False,False,-10.824,housing|node6
26.0,34.0,,,,,,False,False,False,-15.848,housing|node6
26.0,36.0,,,,,,False,False,False,-20.813,housing|node6
28.0,-36.0,63.715,200.518,170.0,34.0,127.431,False,False,True,5.328,housing|node4
28.0,-34.0,61.255,197.55,170.0,36.0,122.51,False,False,True,5.328,housing|node4
28.0,-32.0,56.492,191.805,170.0,38.0,112.984,False,False,True,5.328,housing|node4
28.0,-30.0,49.397,183.247,170.0,42.0,98.794,False,False,True,5.328,housing|node4
28.0,-28.0,51.396,171.904,-84.519,58.0,102.793,False,False,True,5.328,housing|node4
28.0,-26.0,53.036,157.874,-99.278,72.0,106.072,False,False,True,5.328,housing|node4
28.0,-24.0,51.663,141.319,-112.271,152.0,103.325,False,False,True,5.328,housing|node4
28.0,-22.0,37.114,122.467,-122.781,68.0,74.228,False,False,True,5.328,housing|node5
28.0,-20.0,39.849,120.333,-130.908,66.0,79.697,False,False,True,5.328,housing|node5
28.0,-18.0,45.443,120.333,-138.95,60.0,90.886,False,False,True,5.327,housing|node5
28.0,-16.0,52.457,120.333,-164.607,54.0,104.914,False,False,True,5.327,housing|node5
28.0,-14.0,61.949,120.333,-176.795,48.0,123.898,False,False,True,5.327,housing|node5
28.0,-12.0,73.919,120.333,-210.972,46.0,147.838,False,False,True,5.327,housing|node5
28.0,-10.0,91.457,120.333,-280.979,22.0,182.914,False,False,True,5.3,housing|node5
28.0,-8.0,115.155,120.333,-273.492,26.0,230.311,False,False,True,5.199,housing|node5
28.0,-6.0,130.092,120.333,-262.844,30.0,260.184,False,False,True,5.023,housing|node5
28.0,-4.0,132.918,120.333,-249.194,26.0,265.835,False,False,True,4.773,housing|node5
28.0,-2.0,127.555,120.333,-232.766,26.0,255.11,False,False,True,4.448,housing|node5
28.0,0.0,116.67,120.333,-213.847,26.0,233.341,False,False,True,4.049,housing|node5
28.0,2.0,101.973,120.333,-192.778,26.0,203.947,False,False,True,3.577,housing|node5
28.0,4.0,84.743,120.333,-169.947,30.0,169.485,False,False,True,3.032,housing|node5
28.0,6.0,65.285,120.333,-145.778,30.0,130.57,False,False,True,2.415,housing|node5
28.0,8.0,45.334,120.333,-120.723,38.0,90.667,False,False,True,1.726,housing|node5
28.0,10.0,32.472,120.333,-103.934,50.0,64.944,False,False,True,0.967,housing|node5
28.0,12.0,,,,,,False,False,False,-1.388,housing|node9
28.0,14.0,,,,,,False,False,False,-0.76,housing|node5
28.0,16.0,,,,,,False,False,False,-1.725,housing|node5
28.0,18.0,,,,,,False,False,False,-2.757,housing|node5
28.0,20.0,,,,,,False,False,False,-3.854,housing|node5
28.0,22.0,,,,,,False,False,False,-5.014,housing|node5
28.0,24.0,,,,,,False,False,False,-6.237,housing|node5
28.0,26.0,,,,,,False,False,False,-7.521,housing|node5
28.0,28.0,,,,,,False,False,False,-8.864,housing|node5
28.0,30.0,,,,,,False,False,False,-10.265,housing|node5
28.0,32.0,,,,,,False,False,False,-11.722,housing|node5
28.0,34.0,,,,,,False,False,False,-13.233,housing|node5
28.0,36.0,,,,,,False,False,False,-14.796,housing|node5
30.0,-36.0,,,,,,False,False,False,-14.0,housing|node4
30.0,-34.0,,,,,,False,False,False,-14.0,housing|node4
30.0,-32.0,,,,,,False,False,False,-14.0,housing|node4
30.0,-30.0,,,,,,False,False,False,-14.0,housing|node4
30.0,-28.0,,,,,,False,False,False,-14.0,housing|node4
30.0,-26.0,,,,,,False,False,False,-14.0,housing|node4
30.0,-24.0,,,,,,False,False,False,-14.0,housing|node4
30.0,-22.0,,,,,,False,False,False,-14.0,housing|node4
30.0,-20.0,,,,,,False,False,False,-14.0,housing|node4
30.0,-18.0,,,,,,False,False,False,-14.0,housing|node4
30.0,-16.0,,,,,,False,False,False,-14.0,housing|node4
30.0,-14.0,,,,,,False,False,False,-14.0,housing|node4
30.0,-12.0,,,,,,False,False,False,-14.0,housing|node4
30.0,-10.0,,,,,,False,False,False,-14.0,housing|node4
30.0,-8.0,,,,,,False,False,False,-14.0,housing|node4
30.0,-6.0,,,,,,False,False,False,-14.0,housing|node4
30.0,-4.0,,,,,,False,False,False,-14.0,housing|node4
30.0,-2.0,,,,,,False,False,False,-14.0,housing|node4
30.0,0.0,,,,,,False,False,False,-14.0,housing|node4
30.0,2.0,,,,,,False,False,False,-14.0,housing|node4
30.0,4.0,,,,,,False,False,False,-14.0,housing|node4
30.0,6.0,,,,,,False,False,False,-14.0,housing|node4
30.0,8.0,,,,,,False,False,False,-14.0,housing|node4
30.0,10.0,,,,,,False,False,False,-14.0,housing|node4
30.0,12.0,,,,,,False,False,False,-14.0,housing|node4
30.0,14.0,,,,,,False,False,False,-14.0,housing|node4
30.0,16.0,,,,,,False,False,False,-14.0,housing|node4
30.0,18.0,,,,,,False,False,False,-14.0,housing|node4
30.0,20.0,,,,,,False,False,False,-14.0,housing|node4
30.0,22.0,,,,,,False,False,False,-14.0,housing|node4
30.0,24.0,,,,,,False,False,False,-14.0,housing|node4
30.0,26.0,,,,,,False,False,False,-14.0,housing|node4
30.0,28.0,,,,,,False,False,False,-14.0,housing|node4
30.0,30.0,,,,,,False,False,False,-14.0,housing|node4
30.0,32.0,,,,,,False,False,False,-14.0,housing|node4
30.0,34.0,,,,,,False,False,False,-14.0,housing|node4
30.0,36.0,,,,,,False,False,False,-14.0,housing|node4
32.0,-36.0,,,,,,False,False,False,-31.715,housing|node4
32.0,-34.0,,,,,,False,False,False,-31.715,housing|node4
32.0,-32.0,,,,,,False,False,False,-31.715,housing|node4
32.0,-30.0,,,,,,False,False,False,-31.715,housing|node4
32.0,-28.0,,,,,,False,False,False,-31.715,housing|node4
32.0,-26.0,,,,,,False,False,False,-31.715,housing|node4
32.0,-24.0,,,,,,False,False,False,-31.715,housing|node4
32.0,-22.0,,,,,,False,False,False,-31.715,housing|node4
32.0,-20.0,,,,,,False,False,False,-31.715,housing|node4
32.0,-18.0,,,,,,False,False,False,-31.715,housing|node4
32.0,-16.0,,,,,,False,False,False,-31.715,housing|node4
32.0,-14.0,,,,,,False,False,False,-31.715,housing|node4
32.0,-12.0,,,,,,False,False,False,-31.715,housing|node4
32.0,-10.0,,,,,,False,False,False,-31.715,housing|node4
32.0,-8.0,,,,,,False,False,False,-31.715,housing|node4
32.0,-6.0,,,,,,False,False,False,-31.715,housing|node4
32.0,-4.0,,,,,,False,False,False,-31.715,housing|node4
32.0,-2.0,,,,,,False,False,False,-31.715,housing|node4
32.0,0.0,,,,,,False,False,False,-31.715,housing|node4
32.0,2.0,,,,,,False,False,False,-31.715,housing|node4
32.0,4.0,,,,,,False,False,False,-31.715,housing|node4
32.0,6.0,,,,,,False,False,False,-31.715,housing|node4
32.0,8.0,,,,,,False,False,False,-31.715,housing|node4
32.0,10.0,,,,,,False,False,False,-31.715,housing|node4
32.0,12.0,,,,,,False,False,False,-31.715,housing|node4
32.0,14.0,,,,,,False,False,False,-31.715,housing|node4
32.0,16.0,,,,,,False,False,False,-31.715,housing|node4
32.0,18.0,,,,,,False,False,False,-31.715,housing|node4
32.0,20.0,,,,,,False,False,False,-31.715,housing|node4
32.0,22.0,,,,,,False,False,False,-31.715,housing|node4
32.0,24.0,,,,,,False,False,False,-31.715,housing|node4
32.0,26.0,,,,,,False,False,False,-31.715,housing|node4
32.0,28.0,,,,,,False,False,False,-31.715,housing|node4
32.0,30.0,,,,,,False,False,False,-31.715,housing|node4
32.0,32.0,,,,,,False,False,False,-31.715,housing|node4
32.0,34.0,,,,,,False,False,False,-31.715,housing|node4
32.0,36.0,,,,,,False,False,False,-31.715,housing|node4
34.0,-36.0,,,,,,False,False,False,-14.297,housing|node3
34.0,-34.0,,,,,,False,False,False,-14.297,housing|node3
34.0,-32.0,,,,,,False,False,False,-14.297,housing|node3
34.0,-30.0,,,,,,False,False,False,-14.297,housing|node3
34.0,-28.0,,,,,,False,False,False,-14.297,housing|node3
34.0,-26.0,,,,,,False,False,False,-14.297,housing|node3
34.0,-24.0,,,,,,False,False,False,-14.297,housing|node3
34.0,-22.0,,,,,,False,False,False,-14.297,housing|node3
34.0,-20.0,,,,,,False,False,False,-14.297,housing|node3
34.0,-18.0,,,,,,False,False,False,-14.297,housing|node3
34.0,-16.0,,,,,,False,False,False,-14.297,housing|node3
34.0,-14.0,,,,,,False,False,False,-14.297,housing|node3
34.0,-12.0,,,,,,False,False,False,-14.297,housing|node3
34.0,-10.0,,,,,,False,False,False,-14.297,housing|node3
34.0,-8.0,,,,,,False,False,False,-14.297,housing|node3
34.0,-6.0,,,,,,False,False,False,-14.297,housing|node3
34.0,-4.0,,,,,,False,False,False,-14.297,housing|node3
34.0,-2.0,,,,,,False,False,False,-14.297,housing|node3
34.0,0.0,,,,,,False,False,False,-14.297,housing|node3
34.0,2.0,,,,,,False,False,False,-14.297,housing|node3
34.0,4.0,,,,,,False,False,False,-14.297,housing|node3
34.0,6.0,,,,,,False,False,False,-14.297,housing|node3
34.0,8.0,,,,,,False,False,False,-14.297,housing|node3
34.0,10.0,,,,,,False,False,False,-14.297,housing|node3
34.0,12.0,,,,,,False,False,False,-14.297,housing|node3
34.0,14.0,,,,,,False,False,False,-14.297,housing|node3
34.0,16.0,,,,,,False,False,False,-14.297,housing|node3
34.0,18.0,,,,,,False,False,False,-14.297,housing|node3
34.0,20.0,,,,,,False,False,False,-14.297,housing|node3
34.0,22.0,,,,,,False,False,False,-14.297,housing|node3
34.0,24.0,,,,,,False,False,False,-14.297,housing|node3
34.0,26.0,,,,,,False,False,False,-14.297,housing|node3
34.0,28.0,,,,,,False,False,False,-14.297,housing|node3
34.0,30.0,,,,,,False,False,False,-14.297,housing|node3
34.0,32.0,,,,,,False,False,False,-14.297,housing|node3
34.0,34.0,,,,,,False,False,False,-14.297,housing|node3
34.0,36.0,,,,,,False,False,False,-14.297,housing|node3
36.0,-36.0,,,,,,False,False,False,-28.221,housing|node3
36.0,-34.0,,,,,,False,False,False,-28.221,housing|node3
36.0,-32.0,,,,,,False,False,False,-28.221,housing|node3
36.0,-30.0,,,,,,False,False,False,-28.221,housing|node3
36.0,-28.0,,,,,,False,False,False,-28.221,housing|node3
36.0,-26.0,,,,,,False,False,False,-28.221,housing|node3
36.0,-24.0,,,,,,False,False,False,-28.221,housing|node3
36.0,-22.0,,,,,,False,False,False,-28.221,housing|node3
36.0,-20.0,,,,,,False,False,False,-28.221,housing|node3
36.0,-18.0,,,,,,False,False,False,-28.221,housing|node3
36.0,-16.0,,,,,,False,False,False,-28.221,housing|node3
36.0,-14.0,,,,,,False,False,False,-28.221,housing|node3
36.0,-12.0,,,,,,False,False,False,-28.221,housing|node3
36.0,-10.0,,,,,,False,False,False,-28.221,housing|node3
36.0,-8.0,,,,,,False,False,False,-28.221,housing|node3
36.0,-6.0,,,,,,False,False,False,-28.221,housing|node3
36.0,-4.0,,,,,,False,False,False,-28.221,housing|node3
36.0,-2.0,,,,,,False,False,False,-28.221,housing|node3
36.0,0.0,,,,,,False,False,False,-28.221,housing|node3
36.0,2.0,,,,,,False,False,False,-28.221,housing|node3
36.0,4.0,,,,,,False,False,False,-28.221,housing|node3
36.0,6.0,,,,,,False,False,False,-28.221,housing|node3
36.0,8.0,,,,,,False,False,False,-28.221,housing|node3
36.0,10.0,,,,,,False,False,False,-28.221,housing|node3
36.0,12.0,,,,,,False,False,False,-28.221,housing|node3
36.0,14.0,,,,,,False,False,False,-28.221,housing|node3
36.0,16.0,,,,,,False,False,False,-28.221,housing|node3
36.0,18.0,,,,,,False,False,False,-28.221,housing|node3
36.0,20.0,,,,,,False,False,False,-28.221,housing|node3
36.0,22.0,,,,,,False,False,False,-28.221,housing|node3
36.0,24.0,,,,,,False,False,False,-28.221,housing|node3
36.0,26.0,,,,,,False,False,False,-28.221,housing|node3
36.0,28.0,,,,,,False,False,False,-28.221,housing|node3
36.0,30.0,,,,,,False,False,False,-28.221,housing|node3
36.0,32.0,,,,,,False,False,False,-28.221,housing|node3
36.0,34.0,,,,,,False,False,False,-28.221,housing|node3
36.0,36.0,,,,,,False,False,False,-28.221,housing|node3
