theta1_deg,theta2_deg,r_max_mm,center_x_mm,center_z_mm,phi_deg,g_mm,secure_wrap,caged,self_collision_ok,self_collision_clearance_mm,self_collision_pair
-36.0,-36.0,,,,,,False,False,False,-44.226,housing|node6
-36.0,-34.0,,,,,,False,False,False,-41.603,housing|node6
-36.0,-32.0,,,,,,False,False,False,-38.72,housing|node6
-36.0,-30.0,,,,,,False,False,False,-35.585,housing|node6
-36.0,-28.0,,,,,,False,False,False,-32.21,housing|node6
-36.0,-26.0,,,,,,False,False,False,-28.603,housing|node6
-36.0,-24.0,,,,,,False,False,False,-24.778,housing|node6
-36.0,-22.0,,,,,,False,False,False,-20.748,housing|node6
-36.0,-20.0,,,,,,False,False,False,-16.525,housing|node6
-36.0,-18.0,,,,,,False,False,False,-12.125,housing|node6
-36.0,-16.0,,,,,,False,False,False,-7.563,housing|node6
-36.0,-14.0,,,,,,False,False,False,-2.854,housing|node6
-36.0,-12.0,,,,,,False,False,False,-27.406,housing|node7
-36.0,-10.0,,,,,,False,False,False,-18.068,housing|node7
-36.0,-8.0,,,,,,False,False,False,-8.362,housing|node7
-36.0,-6.0,,,,,,False,False,False,-18.695,housing|node8
-36.0,-4.0,,,,,,False,False,False,-1.909,housing|node8
-36.0,-2.0,45.739,-285.328,181.895,74.0,88.76,False,True,True,12.141,housing|node9
-36.0,0.0,54.0,-287.0,192.567,56.0,108.0,False,False,True,12.229,housing|node1
-36.0,2.0,52.772,-285.328,226.783,50.0,105.545,False,False,True,12.229,housing|node1
-36.0,4.0,54.886,-280.347,247.709,48.0,109.771,False,False,True,12.229,housing|node1
-36.0,6.0,59.404,98.902,400.294,34.0,118.808,False,False,True,12.229,housing|node1
-36.0,8.0,78.633,98.902,423.597,24.0,157.266,False,False,True,12.229,housing|node1
-36.0,10.0,97.349,98.902,445.109,18.0,194.698,False,False,True,12.229,housing|node1
-36.0,12.0,114.752,98.902,464.464,16.0,229.503,False,False,True,12.229,housing|node1
-36.0,14.0,130.246,98.902,481.347,14.0,260.491,False,False,True,12.229,housing|node1
-36.0,16.0,143.408,98.902,495.499,12.0,286.815,False,False,True,12.229,housing|node1
-36.0,18.0,153.942,98.902,506.728,12.0,307.884,False,False,True,12.229,housing|node1
-36.0,20.0,161.659,98.902,514.907,12.0,323.317,False,False,True,12.229,housing|node1
-36.0,22.0,152.526,98.902,519.979,12.0,305.051,False,False,True,12.229,housing|node1
-36.0,24.0,130.693,98.902,482.134,28.0,261.386,False,False,True,12.229,housing|node1
-36.0,26.0,112.411,98.902,461.901,32.0,224.821,False,False,True,12.229,housing|node1
-36.0,28.0,96.396,98.902,444.118,36.0,192.792,False,False,True,12.229,housing|node1
-36.0,30.0,82.208,98.902,427.779,42.0,164.415,False,False,True,12.229,housing|node1
-36.0,32.0,69.536,98.902,413.304,46.0,139.072,False,False,True,12.229,housing|node1
-36.0,34.0,58.361,98.902,399.005,60.0,116.722,False,False,True,12.229,housing|node1
-36.0,36.0,47.986,98.902,386.18,68.0,95.972,False,False,True,12.229,housing|node1
-34.0,-36.0,,,,,,False,False,False,-20.593,housing|node6
-34.0,-34.0,,,,,,False,False,False,-17.266,housing|node6
-34.0,-32.0,,,,,,False,False,False,-13.708,housing|node6
-34.0,-30.0,,,,,,False,False,False,-9.93,housing|node6
-34.0,-28.0,,,,,,False,False,False,-5.945,housing|node6
-34.0,-26.0,,,,,,False,False,False,-1.766,housing|node6
-34.0,-24.0,,,,,,False,False,False,-41.553,housing|node7
-34.0,-22.0,,,,,,False,False,False,-34.334,housing|node7
-34.0,-20.0,,,,,,False,False,False,-26.512,housing|node7
-34.0,-18.0,,,,,,False,False,False,-18.137,housing|node7
-34.0,-16.0,,,,,,False,False,False,-9.267,housing|node7
-34.0,-14.0,,,,,,False,False,False,-35.929,housing|node8
-34.0,-12.0,,,,,,False,False,False,-21.07,housing|node8
-34.0,-10.0,,,,,,False,False,False,-5.311,housing|node8
-34.0,-8.0,,,,,,False,False,False,-12.089,housing|node9
-34.0,-6.0,34.281,-267.281,192.159,50.0,68.563,False,False,True,13.23,housing|node1
-34.0,-4.0,38.052,-271.052,194.191,46.0,76.105,False,False,True,13.23,housing|node1
-34.0,-2.0,43.515,-271.508,240.212,44.0,87.03,False,False,True,13.23,housing|node1
-34.0,0.0,51.953,-268.623,257.764,42.0,103.906,False,False,True,13.23,housing|node1
-34.0,2.0,54.787,103.182,405.467,28.0,109.573,False,False,True,13.23,housing|node1
-34.0,4.0,75.784,103.182,429.837,22.0,151.569,False,False,True,13.23,housing|node1
-34.0,6.0,96.421,103.182,452.726,18.0,192.843,False,False,True,13.23,housing|node1
-34.0,8.0,115.86,103.182,473.729,16.0,231.72,False,False,True,13.23,housing|node1
-34.0,10.0,133.501,103.182,492.485,14.0,267.002,False,False,True,13.23,housing|node1
-34.0,12.0,148.897,103.182,508.686,14.0,297.794,False,False,True,13.23,housing|node1
-34.0,14.0,161.715,103.182,522.08,12.0,323.429,False,False,True,13.23,housing|node1
-34.0,16.0,171.715,103.182,532.482,12.0,343.43,False,False,True,13.23,housing|node1
-34.0,18.0,153.991,103.182,539.776,12.0,307.982,False,False,True,13.23,housing|node1
-34.0,20.0,133.372,103.182,492.39,28.0,266.744,False,False,True,13.23,housing|node1
-34.0,22.0,115.693,103.182,473.895,32.0,231.387,False,False,True,13.23,housing|node1
-34.0,24.0,100.3,103.182,457.069,32.0,200.6,False,False,True,13.23,housing|node1
-34.0,26.0,86.459,103.182,442.215,38.0,172.917,False,False,True,13.23,housing|node1
-34.0,28.0,74.027,103.182,428.519,40.0,148.054,False,False,True,13.23,housing|node1
-34.0,30.0,62.852,103.182,415.612,48.0,125.703,False,False,True,13.23,housing|node1
-34.0,32.0,52.675,103.182,403.4,54.0,105.351,False,False,True,13.23,housing|node1
-34.0,34.0,43.221,103.182,391.214,64.0,86.443,False,False,True,13.23,housing|node1
-34.0,36.0,23.221,103.182,109.628,112.0,46.442,False,False,True,13.23,housing|node1
-32.0,-36.0,,,,,,False,False,False,-46.657,housing|node7
-32.0,-34.0,,,,,,False,False,False,-42.272,housing|node7
-32.0,-32.0,,,,,,False,False,False,-37.148,housing|node7
-32.0,-30.0,,,,,,False,False,False,-31.311,housing|node7
-32.0,-28.0,,,,,,False,False,False,-24.793,housing|node7
-32.0,-26.0,,,,,,False,False,False,-17.63,housing|node7
-32.0,-24.0,,,,,,False,False,False,-9.867,housing|node7
-32.0,-22.0,,,,,,False,False,False,-1.554,housing|node7
-32.0,-20.0,,,,,,False,False,False,-36.047,housing|node8
-32.0,-18.0,,,,,,False,False,False,-22.902,housing|node8
-32.0,-16.0,,,,,,False,False,False,-8.62,housing|node8
-32.0,-14.0,,,,,,False,False,False,-31.659,housing|node9
-32.0,-12.0,,,,,,False,False,False,-9.429,housing|node9
-32.0,-10.0,25.452,107.321,107.919,106.0,50.904,False,False,True,14.18,housing|node1
-32.0,-8.0,30.622,-155.41,250.858,102.0,57.907,False,True,True,14.18,housing|node1
-32.0,-6.0,35.964,-252.789,249.977,50.0,71.928,False,False,True,14.18,housing|node1
-32.0,-4.0,48.065,-252.035,264.082,42.0,96.13,False,False,True,14.18,housing|node1
-32.0,-2.0,49.417,107.321,408.07,28.0,98.833,False,False,True,14.18,housing|node1
-32.0,0.0,71.969,107.321,433.168,24.0,143.938,False,False,True,14.18,housing|node1
-32.0,2.0,94.247,107.321,457.123,24.0,188.493,False,False,True,14.18,housing|node1
-32.0,4.0,115.273,107.321,479.498,24.0,230.546,False,False,True,14.18,housing|node1
-32.0,6.0,134.441,107.321,499.896,24.0,268.881,False,False,True,14.18,housing|node1
-32.0,8.0,151.416,107.321,517.961,26.0,302.832,False,False,True,14.18,housing|node1
-32.0,10.0,165.915,107.321,533.391,30.0,331.831,False,False,True,14.18,housing|node1
-32.0,12.0,174.597,107.321,545.944,66.0,349.195,False,False,True,14.18,housing|node1
-32.0,14.0,152.788,107.321,555.442,14.0,305.577,False,False,True,14.18,housing|node1
-32.0,16.0,133.653,107.321,499.695,58.0,267.305,False,False,True,14.18,housing|node1
-32.0,18.0,117.623,107.321,482.018,48.0,235.246,False,False,True,14.18,housing|node1
-32.0,20.0,103.311,107.321,466.892,44.0,206.621,False,False,True,14.18,housing|node1
-32.0,22.0,90.323,107.321,453.444,46.0,180.646,False,False,True,14.18,housing|node1
-32.0,24.0,78.867,107.321,440.714,50.0,157.733,False,False,True,14.18,housing|node1
-32.0,26.0,68.105,107.321,429.371,50.0,136.211,False,False,True,14.18,housing|node1
-32.0,28.0,58.268,107.321,418.062,52.0,116.536,False,False,True,14.18,housing|node1
-32.0,30.0,37.341,-46.495,257.576,78.0,74.67,False,True,True,14.18,housing|node1
-32.0,32.0,35.931,-41.683,255.878,84.0,71.687,False,True,True,14.18,housing|node1
-32.0,34.0,35.415,114.606,386.267,72.0,70.829,False,False,True,14.18,housing|node1
-32.0,36.0,37.335,123.943,104.647,78.0,74.669,False,False,True,14.18,housing|node1
-30.0,-36.0,,,,,,False,False,False,-22.156,housing|node7
-30.0,-34.0,,,,,,False,False,False,-16.389,housing|node7
-30.0,-32.0,,,,,,False,False,False,-9.948,housing|node7
-30.0,-30.0,,,,,,False,False,False,-2.867,housing|node7
-30.0,-28.0,,,,,,False,False,False,-44.703,housing|node8
-30.0,-26.0,,,,,,False,False,False,-35.028,housing|node8
-30.0,-24.0,,,,,,False,False,False,-23.924,housing|node8
-30.0,-22.0,,,,,,False,False,False,-11.495,housing|node8
-30.0,-20.0,,,,,,False,False,False,-44.853,housing|node9
-30.0,-18.0,,,,,,False,False,False,-26.491,housing|node9
-30.0,-16.0,,,,,,False,False,False,-5.928,housing|node9
-30.0,-14.0,40.157,-62.521,260.104,102.0,73.929,False,True,True,10.904,housing|gripper_claw_left
-30.0,-12.0,42.019,-83.609,261.966,84.0,79.925,False,True,True,15.079,housing|node1
-30.0,-10.0,42.987,-139.086,262.934,92.0,82.644,False,True,True,15.079,housing|node1
-30.0,-8.0,49.66,-159.686,269.607,88.0,94.459,False,True,True,15.079,housing|node1
-30.0,-6.0,58.87,-228.864,278.817,52.0,117.095,False,True,True,15.079,housing|node1
-30.0,-4.0,64.997,111.301,433.481,34.0,129.994,False,False,True,15.079,housing|node1
-30.0,-2.0,86.372,111.301,458.163,30.0,172.744,False,False,True,15.079,housing|node1
-30.0,0.0,106.671,111.301,481.603,26.0,213.343,False,False,True,15.079,housing|node1
-30.0,2.0,125.107,111.301,503.37,26.0,250.213,False,False,True,15.079,housing|node1
-30.0,4.0,140.803,111.301,523.071,26.0,281.606,False,False,True,15.079,housing|node1
-30.0,6.0,152.447,111.301,540.358,28.0,304.894,False,False,True,15.079,housing|node1
-30.0,8.0,157.304,111.301,554.935,32.0,314.608,False,False,True,15.079,housing|node1
-30.0,10.0,147.801,111.301,566.57,28.0,295.602,False,False,True,15.079,housing|node1
-30.0,12.0,124.979,111.301,575.095,16.0,249.959,False,False,True,15.079,housing|node1
-30.0,14.0,107.44,111.301,507.012,48.0,214.88,False,False,True,15.079,housing|node1
-30.0,16.0,94.551,111.301,481.518,64.0,189.101,False,False,True,15.079,housing|node1
-30.0,18.0,84.514,111.301,466.469,74.0,169.029,False,False,True,15.079,housing|node1
-30.0,20.0,76.319,111.301,453.107,90.0,152.638,False,False,True,15.079,housing|node1
-30.0,22.0,69.743,111.301,440.142,136.0,139.486,False,False,True,15.079,housing|node1
-30.0,24.0,62.595,111.301,431.214,154.0,125.19,False,False,True,15.079,housing|node1
-30.0,26.0,54.981,111.301,422.51,82.0,109.962,False,False,True,15.079,housing|node1
-30.0,28.0,51.687,121.994,412.096,70.0,103.374,False,False,True,15.079,housing|node1
-30.0,30.0,48.841,136.301,399.217,60.0,97.683,False,False,True,15.079,housing|node1
-30.0,32.0,55.468,148.003,98.437,56.0,110.937,False,False,True,15.079,housing|node1
-30.0,34.0,63.046,156.996,97.028,56.0,126.093,False,False,True,15.079,housing|node1
-30.0,36.0,68.288,163.243,95.772,50.0,136.576,False,False,True,15.079,housing|node1
-28.0,-36.0,,,,,,False,False,False,-45.9,housing|node8
-28.0,-34.0,,,,,,False,False,False,-40.139,housing|node8
-28.0,-32.0,,,,,,False,False,False,-32.818,housing|node8
-28.0,-30.0,,,,,,False,False,False,-23.979,housing|node8
-28.0,-28.0,,,,,,False,False,False,-13.69,housing|node8
-28.0,-26.0,,,,,,False,False,False,-2.04,housing|node8
-28.0,-24.0,,,,,,False,False,False,-38.383,housing|node9
-28.0,-22.0,,,,,,False,False,False,-22.115,housing|node9
-28.0,-20.0,,,,,,False,False,False,-3.459,housing|node9
-28.0,-18.0,46.409,-39.303,266.747,98.0,86.06,False,True,True,3.834,housing|gripper_claw_left
-28.0,-16.0,48.624,-53.777,268.571,90.0,91.384,False,True,True,15.926,housing|node1
-28.0,-14.0,51.6,-74.41,271.568,88.0,98.149,False,True,True,15.926,housing|node1
-28.0,-12.0,44.839,-205.286,264.786,74.0,87.014,False,True,True,15.926,housing|node1
-28.0,-10.0,61.313,-130.824,281.397,78.0,117.269,False,True,True,15.926,housing|node1
-28.0,-8.0,70.095,-202.355,290.042,58.0,137.614,False,True,True,15.926,housing|node1
-28.0,-6.0,82.496,-195.961,302.564,58.0,162.96,False,True,True,15.926,housing|node1
-28.0,-4.0,92.743,120.333,479.947,30.0,185.485,False,False,True,15.926,housing|node1
-28.0,-2.0,109.973,120.333,502.778,26.0,219.947,False,False,True,15.926,housing|node1
-28.0,0.0,124.67,120.333,523.847,26.0,249.341,False,False,True,15.926,housing|node1
-28.0,2.0,135.555,120.333,542.766,26.0,271.11,False,False,True,15.926,housing|node1
-28.0,4.0,140.918,120.333,559.194,26.0,281.835,False,False,True,15.926,housing|node1
-28.0,6.0,138.092,120.333,572.844,30.0,276.184,False,False,True,15.926,housing|node1
-28.0,8.0,123.155,120.333,583.492,24.0,246.311,False,False,True,15.926,housing|node1
-28.0,10.0,99.457,120.333,590.979,18.0,198.914,False,False,True,15.926,housing|node1
-28.0,12.0,81.913,120.333,520.803,42.0,163.826,False,False,True,15.926,housing|node1
-28.0,14.0,69.932,120.333,486.954,48.0,139.865,False,False,True,15.926,housing|node1
-28.0,16.0,60.462,120.333,474.751,54.0,120.924,False,False,True,15.926,housing|node1
-28.0,18.0,53.429,120.333,449.149,56.0,106.858,False,False,True,15.926,housing|node1
-28.0,20.0,47.886,120.333,440.69,62.0,95.772,False,False,True,15.926,housing|node1
-28.0,22.0,45.113,122.467,432.778,64.0,90.227,False,False,True,15.926,housing|node1
-28.0,24.0,59.665,141.319,422.347,150.0,119.331,False,False,True,15.926,housing|node1
-28.0,26.0,63.09,157.874,95.122,52.0,126.18,False,False,True,15.926,housing|node1
-28.0,28.0,75.111,171.904,92.458,44.0,150.222,False,False,True,15.926,housing|node1
-28.0,30.0,85.146,183.247,90.588,44.0,170.292,False,False,True,15.926,housing|node1
-28.0,32.0,92.815,191.805,89.158,42.0,185.631,False,False,True,15.926,housing|node1
-28.0,34.0,98.034,197.55,88.285,40.0,196.067,False,False,True,15.926,housing|node1
-28.0,36.0,100.707,200.518,87.714,40.0,201.414,False,False,True,15.926,housing|node1
-26.0,-36.0,,,,,,False,False,False,-23.039,housing|node8
-26.0,-34.0,,,,,,False,False,False,-15.072,housing|node8
-26.0,-32.0,,,,,,False,False,False,-5.644,housing|node8
-26.0,-30.0,,,,,,False,False,False,-44.07,housing|node9
-26.0,-28.0,,,,,,False,False,False,-32.728,housing|node9
-26.0,-26.0,,,,,,False,False,False,-18.698,housing|node9
-26.0,-24.0,,,,,,False,False,False,-2.143,housing|node9
-26.0,-22.0,,,,,,False,False,False,-0.192,housing|gripper_claw_left
-26.0,-20.0,53.809,-23.767,273.756,94.0,99.063,False,True,True,16.718,housing|node1
-26.0,-18.0,56.453,-34.894,276.715,86.0,106.097,False,True,True,16.718,housing|node1
-26.0,-16.0,60.252,-56.639,280.199,90.0,113.236,False,True,True,16.718,housing|node1
-26.0,-14.0,64.755,-73.167,284.702,78.0,122.453,False,True,True,16.718,housing|node1
-26.0,-12.0,67.087,-177.182,287.034,54.0,132.136,False,True,True,16.718,housing|node1
-26.0,-10.0,79.777,-172.946,299.724,50.0,157.59,False,True,True,16.718,housing|node1
-26.0,-8.0,91.699,-165.459,311.953,54.0,181.612,False,True,True,16.718,housing|node1
-26.0,-6.0,101.048,-154.811,321.171,58.0,201.819,False,True,True,16.718,housing|node1
-26.0,-4.0,104.898,129.118,520.21,26.0,209.795,False,False,True,16.718,housing|node1
-26.0,-2.0,115.553,129.118,540.497,24.0,231.106,False,False,True,16.718,housing|node1
-26.0,0.0,121.897,129.118,558.555,26.0,243.794,False,False,True,16.718,housing|node1
-26.0,2.0,122.117,129.118,574.05,28.0,244.233,False,False,True,16.718,housing|node1
-26.0,4.0,114.179,129.118,586.706,30.0,228.359,False,False,True,16.718,housing|node1
-26.0,6.0,95.938,129.118,596.305,28.0,191.876,False,False,True,16.718,housing|node1
-26.0,8.0,71.47,129.118,602.7,24.0,142.94,False,False,True,16.718,housing|node1
-26.0,10.0,53.796,129.118,502.342,48.0,107.592,False,False,True,16.718,housing|node1
-26.0,12.0,56.901,-15.0,277.213,68.0,113.802,False,False,True,16.718,housing|node1
-26.0,14.0,57.01,-15.0,277.043,70.0,114.021,False,False,True,16.718,housing|node1
-26.0,16.0,56.803,-15.0,277.367,68.0,113.605,False,False,True,16.718,housing|node1
-26.0,18.0,54.628,-15.0,586.337,38.0,109.256,False,False,True,16.718,housing|node1
-26.0,20.0,64.553,160.324,93.059,52.0,129.107,False,False,True,16.718,housing|node1
-26.0,22.0,80.861,178.98,89.813,48.0,161.722,False,False,True,16.718,housing|node1
-26.0,24.0,95.41,195.248,86.84,44.0,190.819,False,False,True,16.718,housing|node1
-26.0,26.0,107.796,208.905,84.16,44.0,215.592,False,False,True,16.718,housing|node1
-26.0,28.0,117.721,219.795,81.694,42.0,235.443,False,False,True,16.718,housing|node1
-26.0,30.0,125.184,227.829,80.183,40.0,250.368,False,False,True,16.718,housing|node1
-26.0,32.0,129.927,232.984,78.889,38.0,259.855,False,False,True,16.718,housing|node1
-26.0,34.0,132.164,235.306,78.74,40.0,264.327,False,False,True,16.718,housing|node1
-26.0,36.0,131.762,234.904,78.696,40.0,263.524,False,False,True,16.718,housing|node1
-24.0,-36.0,,,,,,False,False,False,-0.036,housing|node8
-24.0,-34.0,,,,,,False,False,False,-37.09,housing|node9
-24.0,-32.0,,,,,,False,False,False,-28.097,housing|node9
-24.0,-30.0,,,,,,False,False,False,-16.395,housing|node9
-24.0,-28.0,,,,,,False,False,False,-2.088,housing|node9
-24.0,-26.0,,,,,,False,False,False,-3.452,housing|gripper_claw_left
-24.0,-24.0,57.038,3.498,276.962,156.0,92.289,False,True,True,16.704,housing|gripper_claw_left
-24.0,-22.0,59.781,-6.789,279.728,112.0,107.462,False,True,True,17.456,housing|node1
-24.0,-20.0,63.003,-21.951,282.95,102.0,118.408,False,True,True,17.456,housing|node1
-24.0,-18.0,66.753,-36.85,287.084,92.0,126.232,False,True,True,17.456,housing|node1
-24.0,-16.0,71.83,-58.467,291.777,82.0,138.766,False,True,True,17.456,housing|node1
-24.0,-14.0,75.198,-146.449,295.231,56.0,147.633,False,True,True,17.456,housing|node1
-24.0,-12.0,87.364,-141.134,307.552,50.0,172.576,False,True,True,17.456,housing|node1
-24.0,-10.0,98.93,-132.61,319.398,54.0,195.935,False,True,True,17.456,housing|node1
-24.0,-8.0,107.432,-120.975,327.678,58.0,214.733,False,True,True,17.456,housing|node1
-24.0,-6.0,109.709,-106.397,329.773,56.0,219.417,False,False,True,17.456,housing|node1
-24.0,-4.0,100.688,137.585,552.956,28.0,201.375,False,False,True,17.456,housing|node1
-24.0,-2.0,102.687,137.585,570.082,26.0,205.375,False,False,True,17.456,housing|node1
-24.0,0.0,98.698,137.585,584.581,30.0,197.395,False,False,True,17.456,housing|node1
-24.0,2.0,86.842,137.585,596.182,32.0,173.684,False,False,True,17.456,housing|node1
-24.0,4.0,66.632,137.585,604.681,32.0,133.263,False,False,True,17.456,housing|node1
-24.0,6.0,68.861,-15.0,288.856,62.0,137.722,False,False,True,17.456,housing|node1
-24.0,8.0,68.78,-15.0,289.019,62.0,137.56,False,False,True,17.456,housing|node1
-24.0,10.0,68.718,-15.0,289.142,60.0,137.437,False,False,True,17.456,housing|node1
-24.0,12.0,65.944,-15.0,605.933,28.0,131.889,False,False,True,17.456,housing|node1
-24.0,14.0,78.725,-15.0,598.256,28.0,157.449,False,False,True,17.456,housing|node1
-24.0,16.0,86.549,-15.0,587.703,28.0,173.097,False,False,True,17.456,housing|node1
-24.0,18.0,98.28,199.284,83.257,46.0,196.56,False,False,True,17.456,housing|node1
-24.0,20.0,114.994,217.645,79.35,44.0,229.988,False,False,True,17.456,housing|node1
-24.0,22.0,129.654,233.528,75.005,40.0,259.308,False,False,True,17.456,housing|node1
-24.0,24.0,141.914,246.716,71.28,34.0,283.828,False,False,True,17.456,housing|node1
-24.0,26.0,151.894,257.061,-15.0,16.0,303.789,False,False,True,17.456,housing|node1
-24.0,28.0,159.217,264.481,-15.0,16.0,318.434,False,False,True,17.456,housing|node1
-24.0,30.0,163.641,268.961,-15.0,14.0,327.283,False,False,True,17.456,housing|node1
-24.0,32.0,165.217,270.556,-15.0,14.0,330.434,False,False,True,17.456,housing|node1
-24.0,34.0,164.06,269.384,-15.0,14.0,328.12,False,False,True,17.456,housing|node1
-24.0,36.0,160.348,265.626,-15.0,16.0,320.696,False,False,True,17.456,housing|node1
-22.0,-36.0,,,,,,False,False,False,-24.69,housing|node9
-22.0,-34.0,,,,,,False,False,False,-15.353,housing|node9
-22.0,-32.0,,,,,,False,False,False,-3.385,housing|node9
-22.0,-30.0,,,,,,False,False,False,-5.952,housing|gripper_claw_left
-22.0,-28.0,52.513,147.408,93.186,62.0,105.026,False,False,True,9.834,housing|gripper_claw_left
-22.0,-26.0,52.575,147.408,92.82,62.0,105.151,False,False,True,18.138,housing|node1
-22.0,-24.0,63.413,11.901,282.233,172.0,91.231,False,True,True,18.138,housing|node1
-22.0,-22.0,67.895,2.549,288.153,132.0,117.597,False,True,True,18.138,housing|node1
-22.0,-20.0,72.138,-12.177,292.245,96.0,137.971,False,True,True,18.138,housing|node1
-22.0,-18.0,77.351,-30.321,297.298,82.0,149.432,False,True,True,18.138,housing|node1
-22.0,-16.0,84.278,-45.704,304.225,76.0,160.307,False,True,True,18.138,housing|node1
-22.0,-14.0,92.777,-107.472,313.33,46.0,183.748,False,True,True,18.138,housing|node1
-22.0,-12.0,104.217,-97.973,324.164,50.0,206.881,False,True,True,18.138,housing|node1
-22.0,-10.0,111.586,-85.421,331.533,60.0,223.171,False,False,True,18.138,housing|node1
-22.0,-8.0,111.446,-69.991,331.393,58.0,222.892,False,False,True,18.138,housing|node1
-22.0,-6.0,104.765,-51.926,324.789,56.0,209.53,False,False,True,18.138,housing|node1
-22.0,-4.0,93.161,-31.528,313.108,60.0,186.322,False,False,True,18.138,housing|node1
-22.0,-2.0,74.065,147.408,590.52,32.0,148.129,False,False,True,18.138,housing|node1
-22.0,0.0,82.587,-15.0,303.257,54.0,165.174,False,False,True,18.138,housing|node1
-22.0,2.0,82.74,-15.0,302.809,56.0,165.481,False,False,True,18.138,housing|node1
-22.0,4.0,82.712,-15.0,302.892,56.0,165.424,False,False,True,18.138,housing|node1
-22.0,6.0,82.581,-15.0,303.274,50.0,165.163,False,False,True,18.138,housing|node1
-22.0,8.0,87.426,-15.0,610.65,28.0,174.851,False,False,True,18.138,housing|node1
-22.0,10.0,102.296,-15.0,604.861,22.0,204.592,False,False,True,18.138,housing|node1
-22.0,12.0,113.685,-15.0,595.999,26.0,227.371,False,False,True,18.138,housing|node1
-22.0,14.0,118.143,-15.0,584.284,18.0,236.286,False,False,True,18.138,housing|node1
-22.0,16.0,133.82,238.723,-15.0,18.0,267.639,False,False,True,18.138,housing|node1
-22.0,18.0,151.527,256.689,-15.0,16.0,303.053,False,False,True,18.138,housing|node1
-22.0,20.0,166.732,272.089,-15.0,14.0,333.463,False,False,True,18.138,housing|node1
-22.0,22.0,179.213,284.715,-15.0,12.0,358.426,False,False,True,18.138,housing|node1
-22.0,24.0,188.819,294.424,-15.0,14.0,377.638,False,False,True,18.138,housing|node1
-22.0,26.0,195.47,301.142,-15.0,14.0,390.94,False,False,True,18.138,housing|node1
-22.0,28.0,199.157,304.865,-15.0,12.0,398.314,False,False,True,18.138,housing|node1
-22.0,30.0,199.94,305.656,-15.0,12.0,399.88,False,False,True,18.138,housing|node1
-22.0,32.0,197.946,303.642,-15.0,12.0,395.892,False,False,True,18.138,housing|node1
-22.0,34.0,193.362,299.013,-15.0,14.0,386.724,False,False,True,18.138,housing|node1
-22.0,36.0,186.432,292.012,-15.0,14.0,372.864,False,False,True,18.138,housing|node1
-20.0,-36.0,,,,,,False,False,False,-6.108,housing|node9
-20.0,-34.0,,,,,,False,False,False,-7.744,housing|gripper_claw_left
-20.0,-32.0,64.112,161.969,88.004,62.0,128.223,False,False,True,3.557,housing|gripper_claw_left
-20.0,-30.0,64.083,161.969,87.54,60.0,128.165,False,False,True,18.763,housing|node1
-20.0,-28.0,64.166,161.969,87.781,62.0,128.333,False,False,True,18.763,housing|node1
-20.0,-26.0,58.796,161.969,-15.0,30.0,117.592,False,False,True,18.763,housing|node1
-20.0,-24.0,67.333,17.166,285.055,140.0,112.941,False,True,True,18.763,housing|node1
-20.0,-22.0,75.184,12.919,294.083,168.0,126.109,False,True,True,18.763,housing|node1
-20.0,-20.0,81.211,3.761,301.071,126.0,147.205,False,True,True,18.763,housing|node1
-20.0,-18.0,87.644,-12.945,308.125,86.0,165.739,False,True,True,18.763,housing|node1
-20.0,-16.0,96.272,-72.554,316.642,46.0,190.671,False,True,True,18.763,housing|node1
-20.0,-14.0,107.201,-62.151,327.602,52.0,212.316,False,True,True,18.763,housing|node1
-20.0,-12.0,113.414,-48.757,333.549,66.0,226.828,False,False,True,18.763,housing|node1
-20.0,-10.0,108.89,-32.557,329.072,62.0,217.78,False,False,True,18.763,housing|node1
-20.0,-8.0,98.117,-15.0,318.336,58.0,196.235,False,False,True,18.763,housing|node1
-20.0,-6.0,98.623,-15.0,318.824,58.0,197.246,False,False,True,18.763,housing|node1
-20.0,-4.0,99.038,-15.0,319.04,58.0,198.077,False,False,True,18.763,housing|node1
-20.0,-2.0,99.264,-15.0,319.333,54.0,198.527,False,False,True,18.763,housing|node1
-20.0,0.0,99.289,-15.0,319.796,52.0,198.579,False,False,True,18.763,housing|node1
-20.0,2.0,99.372,-15.0,319.322,54.0,198.744,False,False,True,18.763,housing|node1
-20.0,4.0,105.891,-15.0,609.654,26.0,211.781,False,False,True,18.763,housing|node1
-20.0,6.0,125.288,-15.0,605.883,22.0,250.575,False,False,True,18.763,housing|node1
-20.0,8.0,139.552,-15.0,598.893,22.0,279.104,False,False,True,18.763,housing|node1
-20.0,10.0,147.243,-15.0,588.851,16.0,294.486,False,False,True,18.763,housing|node1
-20.0,12.0,152.951,258.132,-15.0,16.0,305.901,False,False,True,18.763,housing|node1
-20.0,14.0,172.563,277.99,-15.0,12.0,345.126,False,False,True,18.763,housing|node1
-20.0,16.0,189.847,295.462,-15.0,14.0,379.693,False,False,True,18.763,housing|node1
-20.0,18.0,204.525,310.285,-15.0,12.0,409.051,False,False,True,18.763,housing|node1
-20.0,20.0,216.39,322.256,-15.0,12.0,432.78,False,False,True,18.763,housing|node1
-20.0,22.0,225.301,331.242,-15.0,12.0,450.601,False,False,True,18.763,housing|node1
-20.0,24.0,231.188,337.176,-15.0,12.0,462.375,False,False,True,18.763,housing|node1
-20.0,26.0,234.053,340.064,-15.0,12.0,468.106,False,False,True,18.763,housing|node1
-20.0,28.0,233.967,339.977,-15.0,12.0,467.934,False,False,True,18.763,housing|node1
-20.0,30.0,231.067,337.054,-15.0,12.0,462.134,False,False,True,18.763,housing|node1
-20.0,32.0,225.55,331.494,-15.0,12.0,451.101,False,False,True,18.763,housing|node1
-20.0,34.0,217.67,323.547,-15.0,12.0,435.341,False,False,True,18.763,housing|node1
-20.0,36.0,207.727,313.516,-15.0,12.0,415.453,False,False,True,18.456,node5|node9
-18.0,-36.0,,,,,,False,False,False,-2.103,housing|gripper_claw_left
-18.0,-34.0,72.25,175.844,-15.0,26.0,144.501,False,False,True,10.216,housing|gripper_claw_left
-18.0,-32.0,72.25,175.844,-15.0,26.0,144.501,False,False,True,19.331,housing|node1
-18.0,-30.0,72.25,175.844,-15.0,26.0,144.501,False,False,True,19.331,housing|node1
-18.0,-28.0,72.25,175.844,-15.0,26.0,144.501,False,False,True,19.331,housing|node1
-18.0,-26.0,72.25,175.844,-15.0,26.0,144.501,False,False,True,19.331,housing|node1
-18.0,-24.0,72.25,175.844,-15.0,26.0,144.501,False,False,True,19.331,housing|node1
-18.0,-22.0,80.86,18.237,298.738,124.0,144.094,False,True,True,19.331,housing|node1
-18.0,-20.0,89.14,14.544,308.411,166.0,166.438,False,True,True,19.331,housing|node1
-18.0,-18.0,97.569,-37.0,317.629,44.0,193.239,False,True,True,19.331,housing|node1
-18.0,-16.0,107.965,-25.771,327.912,50.0,214.321,False,True,True,19.331,housing|node1
-18.0,-14.0,112.979,-15.0,332.926,76.0,225.957,False,False,True,19.331,housing|node1
-18.0,-12.0,115.638,-15.0,335.818,64.0,231.276,False,False,True,19.331,housing|node1
-18.0,-10.0,117.075,-15.0,337.121,58.0,234.15,False,False,True,19.331,housing|node1
-18.0,-8.0,117.896,-15.0,337.843,54.0,235.792,False,False,True,19.331,housing|node1
-18.0,-6.0,118.524,-15.0,339.123,50.0,237.048,False,False,True,19.331,housing|node1
-18.0,-4.0,119.088,-15.0,339.344,50.0,238.176,False,False,True,19.331,housing|node1
-18.0,-2.0,119.438,-15.0,340.03,48.0,238.875,False,False,True,19.331,housing|node1
-18.0,0.0,120.26,-15.0,602.844,18.0,240.519,False,False,True,19.331,housing|node1
-18.0,2.0,145.258,-15.0,601.171,22.0,290.516,False,False,True,19.331,housing|node1
-18.0,4.0,163.183,-15.0,596.19,18.0,326.365,False,False,True,19.331,housing|node1
-18.0,6.0,175.097,-15.0,588.009,20.0,350.194,False,False,True,19.331,housing|node1
-18.0,8.0,180.871,-15.0,576.802,18.0,361.742,False,False,True,19.331,housing|node1
-18.0,10.0,191.437,297.069,-15.0,14.0,382.874,False,False,True,19.331,housing|node1
-18.0,12.0,210.609,316.424,-15.0,12.0,421.218,False,False,True,19.331,housing|node1
-18.0,14.0,227.349,333.307,-15.0,12.0,454.697,False,False,True,19.331,housing|node1
-18.0,16.0,241.392,347.459,-15.0,12.0,482.784,False,False,True,19.331,housing|node1
-18.0,18.0,252.54,358.688,-15.0,10.0,505.08,False,False,True,19.331,housing|node1
-18.0,20.0,260.663,366.866,-15.0,10.0,521.326,False,False,True,19.331,housing|node1
-18.0,22.0,265.702,371.938,-15.0,10.0,531.404,False,False,True,19.331,housing|node1
-18.0,24.0,267.669,373.918,-15.0,10.0,535.338,False,False,True,19.331,housing|node1
-18.0,26.0,266.645,372.887,-15.0,10.0,533.29,False,False,True,19.331,housing|node1
-18.0,28.0,262.777,368.994,-15.0,10.0,525.554,False,False,True,19.331,housing|node1
-18.0,30.0,256.273,362.446,-15.0,10.0,512.546,False,False,True,19.331,housing|node1
-18.0,32.0,247.396,353.507,-15.0,10.0,494.792,False,False,True,19.331,housing|node1
-18.0,34.0,236.456,342.485,-15.0,12.0,472.911,False,False,True,19.331,housing|node1
-18.0,36.0,223.799,329.728,-15.0,12.0,447.598,False,False,True,18.456,node3|node7
-16.0,-36.0,93.387,197.523,-15.0,22.0,186.774,False,False,True,14.796,node0|gripper_claw_left
-16.0,-34.0,93.387,197.523,-15.0,22.0,186.774,False,False,True,19.842,housing|node1
-16.0,-32.0,93.387,197.523,-15.0,22.0,186.774,False,False,True,19.842,housing|node1
-16.0,-30.0,93.387,197.523,-15.0,22.0,186.774,False,False,True,19.842,housing|node1
-16.0,-28.0,93.387,197.523,-15.0,22.0,186.774,False,False,True,19.842,housing|node1
-16.0,-26.0,93.387,197.523,-15.0,22.0,186.774,False,False,True,19.842,housing|node1
-16.0,-24.0,93.387,197.523,-15.0,22.0,186.774,False,False,True,19.842,housing|node1
-16.0,-22.0,93.387,197.523,-15.0,22.0,186.774,False,False,True,19.842,housing|node1
-16.0,-20.0,97.318,-15.0,317.265,42.0,193.569,False,True,True,19.842,housing|node1
-16.0,-18.0,108.751,-15.0,329.272,40.0,217.204,False,True,True,19.842,housing|node1
-16.0,-16.0,120.54,-15.0,340.487,44.0,241.043,False,True,True,19.842,housing|node1
-16.0,-14.0,131.455,-15.0,351.402,66.0,262.909,False,False,True,19.842,housing|node1
-16.0,-12.0,138.193,-15.0,358.176,68.0,276.387,False,False,True,19.842,housing|node1
-16.0,-10.0,140.97,-15.0,361.235,54.0,281.94,False,False,True,19.842,housing|node1
-16.0,-8.0,142.67,-15.0,369.31,30.0,285.34,False,False,True,19.842,housing|node1
-16.0,-6.0,144.532,-15.0,379.844,28.0,289.064,False,False,True,19.842,housing|node1
-16.0,-4.0,148.138,-15.0,426.055,26.0,296.276,False,False,True,19.842,housing|node1
-16.0,-2.0,159.241,-15.0,590.702,14.0,318.482,False,False,True,19.842,housing|node1
-16.0,0.0,183.657,-15.0,587.817,22.0,367.313,False,False,True,19.842,housing|node1
-16.0,2.0,199.98,-15.0,581.638,18.0,399.96,False,False,True,19.842,housing|node1
-16.0,4.0,208.536,-15.0,572.283,16.0,417.072,False,False,True,19.842,housing|node1
-16.0,6.0,212.097,-15.0,559.939,16.0,424.193,False,False,True,19.842,housing|node1
-16.0,8.0,228.642,334.611,-15.0,12.0,457.285,False,False,True,19.842,housing|node1
-16.0,10.0,247.257,353.367,-15.0,10.0,494.514,False,False,True,19.842,housing|node1
-16.0,12.0,263.346,369.567,-15.0,10.0,526.692,False,False,True,19.842,housing|node1
-16.0,14.0,276.656,382.961,-15.0,10.0,553.311,False,False,True,19.842,housing|node1
-16.0,16.0,286.996,393.364,-15.0,20.0,573.992,False,False,True,19.842,housing|node1
-16.0,18.0,294.19,400.657,-15.0,22.0,588.38,False,False,True,19.842,housing|node1
-16.0,20.0,297.264,404.794,-15.0,18.0,594.529,False,False,True,19.842,housing|node1
-16.0,22.0,298.011,405.799,-15.0,18.0,596.022,False,False,True,19.842,housing|node1
-16.0,24.0,296.498,403.764,-15.0,18.0,592.997,False,False,True,19.842,housing|node1
-16.0,26.0,279.926,386.373,-15.0,12.0,559.851,False,False,True,19.842,housing|node1
-16.0,28.0,256.339,362.924,-15.0,10.0,512.678,False,False,True,19.842,housing|node1
-16.0,30.0,236.118,342.625,-15.0,10.0,472.235,False,False,True,19.842,housing|node1
-16.0,32.0,220.812,369.245,-15.0,6.0,441.623,False,False,True,19.842,housing|node1
-16.0,34.0,207.796,324.609,-15.0,12.0,415.591,False,False,True,19.842,housing|node1
-16.0,36.0,195.75,301.588,-15.0,22.0,391.5,False,False,True,18.456,node4|node8
-14.0,-36.0,113.33,217.88,-15.0,20.0,226.66,False,False,True,18.456,node5|node9
-14.0,-34.0,113.33,217.88,-15.0,20.0,226.66,False,False,True,20.293,housing|node1
-14.0,-32.0,113.33,217.88,-15.0,20.0,226.66,False,False,True,20.293,housing|node1
-14.0,-30.0,113.33,217.88,-15.0,20.0,226.66,False,False,True,20.293,housing|node1
-14.0,-28.0,113.33,217.88,-15.0,20.0,226.66,False,False,True,20.293,housing|node1
-14.0,-26.0,113.33,217.88,-15.0,20.0,226.66,False,False,True,20.293,housing|node1
-14.0,-24.0,113.33,217.88,-15.0,20.0,226.66,False,False,True,20.293,housing|node1
-14.0,-22.0,113.33,217.88,-15.0,20.0,226.66,False,False,True,20.293,housing|node1
-14.0,-20.0,113.33,217.88,-15.0,20.0,226.66,False,False,True,20.293,housing|node1
-14.0,-18.0,123.02,-10.906,342.967,34.0,246.04,False,False,True,20.293,housing|node1
-14.0,-16.0,137.018,-15.0,356.965,34.0,274.035,False,False,True,20.293,housing|node1
-14.0,-14.0,150.151,-15.0,370.098,36.0,300.302,False,False,True,20.293,housing|node1
-14.0,-12.0,162.609,-15.0,382.556,60.0,325.219,False,False,True,20.293,housing|node1
-14.0,-10.0,170.34,-15.0,390.649,58.0,340.679,False,False,True,20.293,housing|node1
-14.0,-8.0,174.972,-15.0,411.304,34.0,349.945,False,False,True,20.293,housing|node1
-14.0,-6.0,182.156,-15.0,456.441,28.0,364.312,False,False,True,20.293,housing|node1
-14.0,-4.0,196.726,-15.0,573.825,12.0,393.453,False,False,True,20.293,housing|node1
-14.0,-2.0,220.441,-15.0,569.741,20.0,440.882,False,False,True,20.293,housing|node1
-14.0,0.0,233.996,-15.0,562.386,18.0,467.993,False,False,True,20.293,housing|node1
-14.0,2.0,239.331,-15.0,551.888,18.0,478.661,False,False,True,20.293,housing|node1
-14.0,4.0,243.632,349.715,-15.0,10.0,487.263,False,False,True,20.293,housing|node1
-14.0,6.0,263.46,370.113,-15.0,22.0,526.921,False,False,True,20.293,housing|node1
-14.0,8.0,275.739,388.178,-15.0,10.0,551.477,False,False,True,20.293,housing|node1
-14.0,10.0,286.626,403.608,-15.0,8.0,573.252,False,False,True,20.293,housing|node1
-14.0,12.0,295.734,416.16,-15.0,8.0,591.468,False,False,True,20.293,housing|node1
-14.0,14.0,302.764,425.659,-15.0,8.0,605.528,False,False,True,20.293,housing|node1
-14.0,16.0,307.516,431.996,-15.0,8.0,615.032,False,False,True,20.293,housing|node1
-14.0,18.0,309.886,435.132,-15.0,8.0,619.773,False,False,True,20.293,housing|node1
-14.0,20.0,309.85,435.103,-15.0,16.0,619.699,False,False,True,20.293,housing|node1
-14.0,22.0,283.663,399.615,-15.0,12.0,567.325,False,False,True,20.293,housing|node1
-14.0,24.0,260.177,366.377,-15.0,24.0,520.354,False,False,True,20.293,housing|node1
-14.0,26.0,237.465,343.503,-15.0,14.0,474.931,False,False,True,20.293,housing|node1
-14.0,28.0,217.214,323.331,-15.0,12.0,434.428,False,False,True,20.293,housing|node1
-14.0,30.0,199.605,305.73,-15.0,12.0,399.21,False,False,True,20.293,housing|node1
-14.0,32.0,185.341,290.944,-15.0,18.0,370.682,False,False,True,20.293,housing|node1
-14.0,34.0,175.144,280.764,-15.0,24.0,350.288,False,False,True,20.293,housing|node1
-14.0,36.0,164.708,270.146,-15.0,26.0,329.416,False,False,True,18.456,node5|node9
-12.0,-36.0,131.624,236.492,-15.0,18.0,263.248,False,False,True,18.456,node5|node9
-12.0,-34.0,131.624,236.492,-15.0,18.0,263.248,False,False,True,20.458,node5|node9
-12.0,-32.0,131.624,236.492,-15.0,18.0,263.248,False,False,True,20.686,housing|node1
-12.0,-30.0,131.624,236.492,-15.0,18.0,263.248,False,False,True,20.686,housing|node1
-12.0,-28.0,133.342,238.237,-15.0,18.0,266.683,False,False,True,20.686,housing|node1
-12.0,-26.0,135.058,239.98,-15.0,18.0,270.115,False,False,True,20.686,housing|node1
-12.0,-24.0,136.77,241.718,-15.0,18.0,273.539,False,False,True,20.686,housing|node1
-12.0,-22.0,138.476,243.451,-15.0,16.0,276.952,False,False,True,20.686,housing|node1
-12.0,-20.0,140.174,245.174,-15.0,16.0,280.348,False,False,True,20.686,housing|node1
-12.0,-18.0,141.862,246.888,-15.0,16.0,283.725,False,False,True,20.686,housing|node1
-12.0,-16.0,158.058,-15.0,378.005,28.0,316.115,False,False,True,20.686,housing|node1
-12.0,-14.0,173.304,-15.0,393.468,30.0,346.608,False,False,True,20.686,housing|node1
-12.0,-12.0,188.941,-15.0,408.888,30.0,377.882,False,False,True,20.686,housing|node1
-12.0,-10.0,204.678,-15.0,424.965,50.0,409.355,False,False,True,20.686,housing|node1
-12.0,-8.0,215.814,-15.0,449.984,38.0,431.628,False,False,True,20.686,housing|node1
-12.0,-6.0,232.069,-15.0,552.444,10.0,464.139,False,False,True,20.686,housing|node1
-12.0,-4.0,254.956,-15.0,547.187,22.0,509.911,False,False,True,20.686,housing|node1
-12.0,-2.0,263.937,-15.0,538.688,18.0,527.875,False,False,True,20.686,housing|node1
-12.0,0.0,264.339,-15.0,527.087,18.0,528.677,False,False,True,20.686,housing|node1
-12.0,2.0,262.297,383.259,-15.0,10.0,524.593,False,False,True,20.686,housing|node1
-12.0,4.0,276.223,402.96,-15.0,12.0,552.445,False,False,True,20.686,housing|node1
-12.0,6.0,288.904,420.247,-15.0,12.0,577.808,False,False,True,20.686,housing|node1
-12.0,8.0,299.738,434.825,-15.0,14.0,599.475,False,False,True,20.686,housing|node1
-12.0,10.0,308.384,446.46,-15.0,12.0,616.768,False,False,True,20.686,housing|node1
-12.0,12.0,314.719,454.984,-15.0,14.0,629.438,False,False,True,20.686,housing|node1
-12.0,14.0,318.668,460.299,-15.0,14.0,637.337,False,False,True,20.686,housing|node1
-12.0,16.0,302.684,462.377,-15.0,6.0,605.369,False,False,True,20.686,housing|node1
-12.0,18.0,280.093,408.295,-15.0,18.0,560.186,False,False,True,20.686,housing|node1
-12.0,20.0,260.317,380.93,-15.0,16.0,520.635,False,False,True,20.686,housing|node1
-12.0,22.0,242.95,354.212,-15.0,20.0,485.901,False,False,True,20.686,housing|node1
-12.0,24.0,222.936,328.858,-15.0,14.0,445.872,False,False,True,20.686,housing|node1
-12.0,26.0,202.992,308.737,-15.0,16.0,405.985,False,False,True,20.686,housing|node1
-12.0,28.0,184.964,290.794,-15.0,16.0,369.928,False,False,True,20.686,housing|node1
-12.0,30.0,169.174,274.855,-15.0,14.0,338.348,False,False,True,20.686,housing|node1
-12.0,32.0,156.235,261.459,-15.0,20.0,312.469,False,False,True,20.686,housing|node1
-12.0,34.0,147.308,252.841,-15.0,28.0,294.616,False,False,True,20.458,node5|node9
-12.0,36.0,138.133,243.166,-15.0,28.0,276.267,False,False,True,18.456,node4|node8
-10.0,-36.0,151.297,256.456,-15.0,16.0,302.594,False,False,True,18.456,node3|node7
-10.0,-34.0,153.012,258.194,-15.0,16.0,306.024,False,False,True,20.458,node3|node7
-10.0,-32.0,154.722,259.927,-15.0,16.0,309.443,False,False,True,21.019,housing|node1
-10.0,-30.0,156.423,261.65,-15.0,16.0,312.846,False,False,True,21.019,housing|node1
-10.0,-28.0,158.114,263.363,-15.0,16.0,316.228,False,False,True,21.019,housing|node1
-10.0,-26.0,159.793,265.064,-15.0,16.0,319.586,False,False,True,21.019,housing|node1
-10.0,-24.0,161.458,266.75,-15.0,16.0,322.915,False,False,True,21.019,housing|node1
-10.0,-22.0,163.106,268.419,-15.0,14.0,326.212,False,False,True,21.019,housing|node1
-10.0,-20.0,164.736,270.069,-15.0,14.0,329.472,False,False,True,21.019,housing|node1
-10.0,-18.0,169.792,275.186,-15.0,12.0,339.584,False,False,True,21.019,housing|node1
-10.0,-16.0,185.774,-15.0,405.927,24.0,371.549,False,False,True,21.019,housing|node1
-10.0,-14.0,203.631,-15.0,424.119,24.0,407.262,False,False,True,21.019,housing|node1
-10.0,-12.0,222.85,-15.0,442.797,24.0,445.7,False,False,True,21.019,housing|node1
-10.0,-10.0,243.251,-15.0,463.819,26.0,486.501,False,False,True,21.019,housing|node1
-10.0,-8.0,264.669,-15.0,526.881,10.0,529.338,False,False,True,21.019,housing|node1
-10.0,-6.0,285.346,-15.0,520.487,30.0,570.692,False,False,True,21.019,housing|node1
-10.0,-4.0,286.146,-15.0,510.888,22.0,572.292,False,False,True,21.019,housing|node1
-10.0,-2.0,278.285,-15.0,498.232,24.0,556.57,False,False,True,21.019,housing|node1
-10.0,0.0,271.122,413.665,-15.0,14.0,542.244,False,False,True,21.019,housing|node1
-10.0,2.0,283.465,432.584,-15.0,12.0,566.93,False,False,True,21.019,housing|node1
-10.0,4.0,294.645,449.012,-15.0,10.0,589.29,False,False,True,21.019,housing|node1
-10.0,6.0,304.24,462.662,-15.0,10.0,608.48,False,False,True,21.019,housing|node1
-10.0,8.0,311.903,473.31,-15.0,10.0,623.805,False,False,True,21.019,housing|node1
-10.0,10.0,317.378,480.796,-15.0,18.0,634.755,False,False,True,21.019,housing|node1
-10.0,12.0,293.561,447.947,-15.0,18.0,587.121,False,False,True,21.019,housing|node1
-10.0,14.0,272.36,416.175,-15.0,18.0,544.719,False,False,True,21.019,housing|node1
-10.0,16.0,254.007,387.039,-15.0,22.0,508.014,False,False,True,21.019,housing|node1
-10.0,18.0,237.484,361.514,-15.0,22.0,474.968,False,False,True,21.019,housing|node1
-10.0,20.0,222.547,337.961,-15.0,20.0,445.094,False,False,True,21.019,housing|node1
-10.0,22.0,209.219,315.022,-15.0,32.0,418.439,False,False,True,21.019,housing|node1
-10.0,24.0,192.42,298.062,-15.0,18.0,384.84,False,False,True,21.019,housing|node1
-10.0,26.0,174.423,280.072,-15.0,16.0,348.846,False,False,True,21.019,housing|node1
-10.0,28.0,157.841,263.389,-15.0,16.0,315.681,False,False,True,21.019,housing|node1
-10.0,30.0,143.165,248.209,-15.0,18.0,286.33,False,False,True,21.019,housing|node1
-10.0,32.0,131.249,236.111,-15.0,24.0,262.499,False,False,True,21.019,housing|node1
-10.0,34.0,123.278,228.188,-15.0,32.0,246.557,False,False,True,20.458,node3|node7
-10.0,36.0,114.915,219.495,-15.0,38.0,229.83,False,False,True,18.456,node3|node7
-8.0,-36.0,173.616,279.054,-15.0,12.0,347.231,False,False,True,18.456,node4|node8
-8.0,-34.0,175.282,280.74,-15.0,12.0,350.565,False,False,True,20.458,node3|node7
-8.0,-32.0,176.933,282.409,-15.0,12.0,353.865,False,False,True,21.292,housing|node1
-8.0,-30.0,178.565,284.059,-15.0,12.0,357.129,False,False,True,21.292,housing|node1
-8.0,-28.0,180.176,285.689,-15.0,12.0,360.352,False,False,True,21.292,housing|node1
-8.0,-26.0,181.765,287.295,-15.0,14.0,363.53,False,False,True,21.292,housing|node1
-8.0,-24.0,185.056,290.622,-15.0,26.0,370.113,False,False,True,21.292,housing|node1
-8.0,-22.0,188.788,295.658,-15.0,26.0,377.576,False,False,True,21.292,housing|node1
-8.0,-20.0,191.355,300.641,-15.0,16.0,382.71,False,False,True,21.292,housing|node1
-8.0,-18.0,201.657,-15.0,421.604,22.0,403.314,False,False,True,21.292,housing|node1
-8.0,-16.0,222.132,-15.0,442.528,22.0,444.265,False,False,True,21.292,housing|node1
-8.0,-14.0,244.399,-15.0,464.347,22.0,488.797,False,False,True,21.292,housing|node1
-8.0,-12.0,268.942,-15.0,501.778,8.0,537.884,False,False,True,21.292,housing|node1
-8.0,-10.0,277.596,0.964,497.541,20.0,555.192,False,False,True,21.292,housing|node1
-8.0,-8.0,271.085,22.996,490.055,52.0,542.17,False,False,True,21.292,housing|node1
-8.0,-6.0,260.785,26.255,479.407,52.0,521.57,False,False,True,21.292,housing|node1
-8.0,-4.0,258.484,420.125,-15.0,14.0,516.969,False,False,True,21.292,housing|node1
-8.0,-2.0,271.524,440.411,-15.0,16.0,543.049,False,False,True,21.292,housing|node1
-8.0,0.0,283.132,458.469,-15.0,18.0,566.264,False,False,True,21.292,housing|node1
-8.0,2.0,292.995,473.965,-15.0,20.0,585.99,False,False,True,21.292,housing|node1
-8.0,4.0,299.911,486.621,-15.0,22.0,599.821,False,False,True,21.292,housing|node1
-8.0,6.0,300.975,496.22,-15.0,30.0,601.949,False,False,True,21.292,housing|node1
-8.0,8.0,281.397,502.615,-15.0,10.0,562.793,False,False,True,21.292,housing|node1
-8.0,10.0,262.045,426.278,-15.0,38.0,524.09,False,False,True,21.292,housing|node1
-8.0,12.0,244.531,398.729,-15.0,22.0,489.063,False,False,True,21.292,housing|node1
-8.0,14.0,229.399,372.208,-15.0,20.0,458.798,False,False,True,21.292,housing|node1
-8.0,16.0,216.038,347.236,-15.0,24.0,432.075,False,False,True,21.292,housing|node1
-8.0,18.0,203.885,324.912,-15.0,26.0,407.771,False,False,True,21.292,housing|node1
-8.0,20.0,192.683,303.626,-15.0,24.0,385.366,False,False,True,21.292,housing|node1
-8.0,22.0,180.527,286.044,-15.0,22.0,361.054,False,False,True,21.292,housing|node1
-8.0,24.0,166.732,272.09,-15.0,28.0,333.464,False,False,True,21.292,housing|node1
-8.0,26.0,150.334,255.48,-15.0,20.0,300.668,False,False,True,21.292,housing|node1
-8.0,28.0,134.734,239.891,-15.0,18.0,269.468,False,False,True,21.292,housing|node1
-8.0,30.0,120.822,225.666,-15.0,20.0,241.644,False,False,True,21.292,housing|node1
-8.0,32.0,109.439,214.109,-15.0,26.0,218.879,False,False,True,21.292,housing|node1
-8.0,34.0,101.958,206.282,-15.0,38.0,203.916,False,False,True,20.458,node5|node9
-8.0,36.0,94.121,198.759,-15.0,38.0,188.242,False,False,True,18.456,node4|node8
-6.0,-36.0,178.03,298.502,-15.0,20.0,356.06,False,False,True,18.456,node3|node7
-6.0,-34.0,178.673,300.083,-15.0,20.0,357.347,False,False,True,20.458,node3|node7
-6.0,-32.0,179.306,301.638,-15.0,20.0,358.612,False,False,True,21.505,housing|node1
-6.0,-30.0,179.927,303.165,-15.0,20.0,359.853,False,False,True,21.505,housing|node1
-6.0,-28.0,181.954,308.149,-15.0,18.0,363.908,False,False,True,21.505,housing|node1
-6.0,-26.0,183.961,313.083,-15.0,18.0,367.922,False,False,True,21.505,housing|node1
-6.0,-24.0,185.94,317.95,-15.0,18.0,371.881,False,False,True,21.505,housing|node1
-6.0,-22.0,194.278,-15.0,414.739,16.0,388.556,False,False,True,21.505,housing|node1
-6.0,-20.0,219.648,-15.0,440.126,20.0,439.296,False,False,True,21.505,housing|node1
-6.0,-18.0,245.939,-15.0,471.179,10.0,491.878,False,False,True,21.505,housing|node1
-6.0,-16.0,252.36,2.572,472.294,18.0,504.721,False,False,True,21.505,housing|node1
-6.0,-14.0,251.83,27.995,470.216,18.0,503.661,False,False,True,21.505,housing|node1
-6.0,-12.0,248.816,43.663,464.902,40.0,497.631,False,False,True,21.505,housing|node1
-6.0,-10.0,240.47,43.993,456.378,40.0,480.941,False,False,True,21.505,housing|node1
-6.0,-8.0,237.085,422.262,-15.0,12.0,474.171,False,False,True,21.505,housing|node1
-6.0,-6.0,249.195,443.619,-15.0,14.0,498.39,False,False,True,21.505,housing|node1
-6.0,-4.0,259.833,463.047,-15.0,16.0,519.665,False,False,True,21.505,housing|node1
-6.0,-2.0,267.76,480.173,-15.0,16.0,535.519,False,False,True,21.505,housing|node1
-6.0,0.0,272.927,494.671,-15.0,18.0,545.855,False,False,True,21.505,housing|node1
-6.0,2.0,272.997,506.273,-15.0,18.0,545.995,False,False,True,21.505,housing|node1
-6.0,4.0,264.579,514.772,-15.0,22.0,529.158,False,False,True,21.505,housing|node1
-6.0,6.0,241.974,520.028,-15.0,10.0,483.948,False,False,True,21.505,housing|node1
-6.0,8.0,225.716,417.844,-15.0,38.0,451.432,False,False,True,21.505,housing|node1
-6.0,10.0,215.97,384.797,-15.0,64.0,431.941,False,False,True,21.505,housing|node1
-6.0,12.0,205.741,360.589,-15.0,48.0,411.482,False,False,True,21.505,housing|node1
-6.0,14.0,194.744,338.025,-15.0,28.0,389.488,False,False,True,21.505,housing|node1
-6.0,16.0,185.159,316.591,-15.0,28.0,370.318,False,False,True,21.505,housing|node1
-6.0,18.0,176.592,294.965,-15.0,30.0,353.183,False,False,True,21.505,housing|node1
-6.0,20.0,168.427,274.892,-15.0,42.0,336.854,False,False,True,21.505,housing|node1
-6.0,22.0,156.269,261.495,-15.0,28.0,312.539,False,False,True,21.505,housing|node1
-6.0,24.0,143.658,248.709,-15.0,28.0,287.315,False,False,True,21.505,housing|node1
-6.0,26.0,129.962,235.25,-15.0,18.0,259.925,False,False,True,21.505,housing|node1
-6.0,28.0,114.785,219.67,-15.0,20.0,229.571,False,False,True,21.505,housing|node1
-6.0,30.0,101.157,205.464,-15.0,24.0,202.315,False,False,True,21.505,housing|node1
-6.0,32.0,89.933,194.198,-15.0,30.0,179.867,False,False,True,21.505,housing|node1
-6.0,34.0,82.85,187.085,-15.0,44.0,165.7,False,False,True,20.458,node5|node9
-6.0,36.0,75.626,179.315,-15.0,46.0,151.253,False,False,True,18.456,node4|node8
-4.0,-36.0,166.824,314.306,-15.0,20.0,333.647,False,False,True,18.456,node4|node8
-4.0,-34.0,167.909,317.481,-15.0,20.0,335.819,False,False,True,20.458,node3|node7
-4.0,-32.0,169.577,322.356,-15.0,22.0,339.154,False,False,True,21.657,housing|node1
-4.0,-30.0,171.223,327.168,-15.0,22.0,342.445,False,False,True,21.657,housing|node1
-4.0,-28.0,172.841,331.899,-15.0,20.0,345.681,False,False,True,21.657,housing|node1
-4.0,-26.0,185.688,-15.0,405.959,16.0,371.376,False,False,True,21.657,housing|node1
-4.0,-24.0,209.666,-15.0,429.866,18.0,419.332,False,False,True,21.657,housing|node1
-4.0,-22.0,216.028,7.214,435.854,10.0,432.056,False,False,True,21.657,housing|node1
-4.0,-20.0,221.338,32.079,438.948,24.0,442.675,False,False,True,21.657,housing|node1
-4.0,-18.0,224.268,53.553,438.977,38.0,448.536,False,False,True,21.657,housing|node1
-4.0,-16.0,221.434,56.294,435.84,32.0,442.869,False,False,True,21.657,housing|node1
-4.0,-14.0,215.132,56.31,429.504,32.0,430.265,False,False,True,21.657,housing|node1
-4.0,-12.0,210.632,420.088,-15.0,16.0,421.264,False,False,True,21.657,housing|node1
-4.0,-10.0,221.219,442.191,-15.0,16.0,442.437,False,False,True,21.657,housing|node1
-4.0,-8.0,229.767,462.695,-15.0,12.0,459.535,False,False,True,21.657,housing|node1
-4.0,-6.0,237.787,481.196,-15.0,16.0,475.575,False,False,True,21.657,housing|node1
-4.0,-4.0,242.152,497.327,-15.0,16.0,484.304,False,False,True,21.657,housing|node1
-4.0,-2.0,242.786,510.772,-15.0,18.0,485.573,False,False,True,21.657,housing|node1
-4.0,0.0,237.609,521.27,-15.0,18.0,475.219,False,False,True,21.657,housing|node1
-4.0,2.0,224.227,528.625,-15.0,20.0,448.455,False,False,True,21.657,housing|node1
-4.0,4.0,200.565,532.709,-15.0,12.0,401.129,False,False,True,21.657,housing|node1
-4.0,6.0,186.002,414.99,-15.0,28.0,372.004,False,False,True,21.657,housing|node1
-4.0,8.0,178.791,370.43,-15.0,34.0,357.582,False,False,True,21.657,housing|node1
-4.0,10.0,174.185,345.076,-15.0,38.0,348.369,False,False,True,21.657,housing|node1
-4.0,12.0,171.329,329.096,-15.0,74.0,342.659,False,False,True,21.657,housing|node1
-4.0,14.0,165.884,311.675,-15.0,54.0,331.768,False,False,True,21.657,housing|node1
-4.0,16.0,159.21,291.743,-15.0,32.0,318.419,False,False,True,21.657,housing|node1
-4.0,18.0,153.558,271.83,-15.0,32.0,307.117,False,False,True,21.657,housing|node1
-4.0,20.0,147.559,252.869,-15.0,44.0,295.118,False,False,True,21.657,housing|node1
-4.0,22.0,135.598,240.836,-15.0,28.0,271.196,False,False,True,21.657,housing|node1
-4.0,24.0,123.924,228.882,-15.0,30.0,247.847,False,False,True,21.657,housing|node1
-4.0,26.0,112.456,217.277,-15.0,36.0,224.878,False,True,True,21.657,housing|node1
-4.0,28.0,97.141,203.667,-2.037,30.0,192.835,False,True,True,21.657,housing|node1
-4.0,30.0,83.588,187.487,-15.0,30.0,167.175,False,False,True,21.657,housing|node1
-4.0,32.0,73.334,181.516,44.477,66.0,132.927,False,True,True,21.657,housing|node1
-4.0,34.0,65.467,169.243,-15.0,52.0,130.934,False,False,True,20.458,node5|node9
-4.0,36.0,58.649,161.817,-15.0,60.0,117.297,False,False,True,18.456,node4|node8
-2.0,-36.0,147.908,333.019,-15.0,14.0,295.815,False,False,True,18.456,node5|node9
-2.0,-34.0,149.254,337.69,-15.0,14.0,298.508,False,False,True,20.458,node4|node8
-2.0,-32.0,150.667,342.267,-15.0,12.0,301.334,False,False,True,21.748,housing|node1
-2.0,-30.0,160.213,9.666,379.868,14.0,320.425,False,False,True,21.748,housing|node1
-2.0,-28.0,170.92,18.746,389.841,10.0,341.841,False,False,True,21.748,housing|node1
-2.0,-26.0,180.527,33.05,397.423,20.0,361.054,False,False,True,21.748,housing|node1
-2.0,-24.0,187.929,54.496,402.341,24.0,375.857,False,False,True,21.748,housing|node1
-2.0,-22.0,191.558,67.189,404.377,30.0,383.115,False,False,True,21.748,housing|node1
-2.0,-20.0,190.562,67.088,403.372,30.0,381.125,False,False,True,21.748,housing|node1
-2.0,-18.0,186.438,66.596,399.234,30.0,372.875,False,False,True,21.748,housing|node1
-2.0,-16.0,180.252,413.702,-15.0,18.0,360.504,False,False,True,21.748,housing|node1
-2.0,-14.0,188.496,436.208,-15.0,12.0,376.992,False,False,True,21.748,housing|node1
-2.0,-12.0,197.388,457.469,-15.0,14.0,394.776,False,False,True,21.748,housing|node1
-2.0,-10.0,205.286,477.055,-15.0,18.0,410.573,False,False,True,21.748,housing|node1
-2.0,-8.0,208.958,494.569,-15.0,14.0,417.916,False,False,True,21.748,housing|node1
-2.0,-6.0,210.84,509.651,-15.0,16.0,421.681,False,False,True,21.748,housing|node1
-2.0,-4.0,207.227,521.995,-15.0,16.0,414.453,False,False,True,21.748,housing|node1
-2.0,-2.0,198.627,531.35,-15.0,18.0,397.254,False,False,True,21.748,housing|node1
-2.0,0.0,182.256,537.53,-15.0,22.0,364.511,False,False,True,21.748,housing|node1
-2.0,2.0,157.822,540.415,-15.0,14.0,315.643,False,False,True,21.748,housing|node1
-2.0,4.0,146.721,376.13,-15.0,26.0,293.443,False,False,True,21.748,housing|node1
-2.0,6.0,143.109,330.066,-15.0,28.0,286.218,False,False,True,21.748,housing|node1
-2.0,8.0,141.247,319.002,-15.0,30.0,282.495,False,False,True,21.748,housing|node1
-2.0,10.0,139.878,296.591,-15.0,38.0,279.755,False,False,True,21.748,housing|node1
-2.0,12.0,139.278,290.031,-15.0,42.0,278.556,False,False,True,21.748,housing|node1
-2.0,14.0,138.655,286.444,-15.0,62.0,277.31,False,False,True,21.748,housing|node1
-2.0,16.0,136.287,272.81,-15.0,50.0,272.575,False,False,True,21.748,housing|node1
-2.0,18.0,133.058,253.575,-15.0,42.0,266.115,False,False,True,21.748,housing|node1
-2.0,20.0,129.511,234.368,-15.0,54.0,259.022,False,False,True,21.748,housing|node1
-2.0,22.0,118.018,222.655,-15.0,32.0,236.037,False,False,True,21.748,housing|node1
-2.0,24.0,107.353,211.209,-17.789,34.0,214.707,False,False,True,21.748,housing|node1
-2.0,26.0,96.465,199.383,-20.677,38.0,192.929,False,False,True,21.748,housing|node1
-2.0,28.0,84.011,189.371,-7.99,52.0,163.032,False,True,True,21.748,housing|node1
-2.0,30.0,74.469,183.475,34.668,76.0,139.956,False,True,True,21.748,housing|node1
-2.0,32.0,65.379,173.846,42.795,86.0,107.111,False,True,True,21.748,housing|node1
-2.0,34.0,54.468,161.385,52.458,78.0,94.341,False,True,True,20.458,node5|node9
-2.0,36.0,42.862,145.436,-15.0,74.0,85.515,False,True,True,18.456,node4|node8
0.0,-36.0,127.97,348.902,-15.0,14.0,255.94,False,False,True,18.456,node3|node7
0.0,-34.0,129.66,353.182,-15.0,14.0,259.32,False,False,True,20.458,node3|node7
0.0,-32.0,133.375,52.406,347.663,20.0,266.751,False,False,True,21.779,housing|node1
0.0,-30.0,143.514,61.343,356.603,28.0,287.027,False,False,True,21.779,housing|node1
0.0,-28.0,151.927,72.77,363.15,30.0,303.855,False,False,True,21.779,housing|node1
0.0,-26.0,155.821,83.53,367.043,26.0,311.641,False,False,True,21.779,housing|node1
0.0,-24.0,156.851,85.646,368.074,22.0,313.703,False,False,True,21.779,housing|node1
0.0,-22.0,154.872,88.102,366.095,22.0,309.744,False,False,True,21.779,housing|node1
0.0,-20.0,150.11,411.969,-15.0,14.0,300.22,False,False,True,21.779,housing|node1
0.0,-18.0,154.61,425.844,-15.0,14.0,309.219,False,False,True,21.779,housing|node1
0.0,-16.0,163.997,447.523,-15.0,18.0,327.994,False,False,True,21.779,housing|node1
0.0,-14.0,170.926,467.88,-15.0,18.0,341.851,False,False,True,21.779,housing|node1
0.0,-12.0,174.577,486.492,-15.0,14.0,349.153,False,False,True,21.779,housing|node1
0.0,-10.0,177.702,502.968,-15.0,20.0,355.404,False,False,True,21.779,housing|node1
0.0,-8.0,175.538,516.958,-15.0,16.0,351.076,False,False,True,21.779,housing|node1
0.0,-6.0,169.758,528.165,-15.0,20.0,339.517,False,False,True,21.779,housing|node1
0.0,-4.0,157.583,536.347,-15.0,18.0,315.167,False,False,True,21.779,housing|node1
0.0,-2.0,139.503,541.328,-15.0,22.0,279.006,False,False,True,21.779,housing|node1
0.0,0.0,114.438,543.0,-15.0,18.0,228.875,False,False,True,21.779,housing|node1
0.0,2.0,113.777,263.164,-15.0,28.0,227.554,False,False,True,21.779,housing|node1
0.0,4.0,113.777,260.673,-15.0,28.0,227.554,False,False,True,21.779,housing|node1
0.0,6.0,113.777,256.582,-15.0,28.0,227.554,False,False,True,21.779,housing|node1
0.0,8.0,113.777,250.979,-15.0,28.0,227.554,False,False,True,21.779,housing|node1
0.0,10.0,113.777,243.984,-15.0,26.0,227.554,False,False,True,21.779,housing|node1
0.0,12.0,113.777,235.746,-15.0,26.0,227.554,False,False,True,21.779,housing|node1
0.0,14.0,116.24,226.44,-17.463,26.0,232.48,False,False,True,21.779,housing|node1
0.0,16.0,130.392,241.315,-31.615,32.0,260.785,False,False,True,21.779,housing|node1
0.0,18.0,128.397,226.376,-42.844,30.0,256.793,False,False,True,21.779,housing|node1
0.0,20.0,118.937,213.771,-51.022,34.0,237.873,False,False,True,21.779,housing|node1
0.0,22.0,108.756,201.012,-56.095,34.0,217.511,False,False,True,21.779,housing|node1
0.0,24.0,98.322,188.46,-58.074,38.0,196.644,False,False,True,21.779,housing|node1
0.0,26.0,84.35,176.135,-51.419,28.0,168.29,False,True,True,21.779,housing|node1
0.0,28.0,74.2,182.977,22.763,68.0,134.496,False,True,True,21.779,housing|node1
0.0,30.0,65.709,174.495,32.85,84.0,114.941,False,True,True,21.779,housing|node1
0.0,32.0,57.292,165.564,41.322,92.0,96.099,False,True,True,21.779,housing|node1
0.0,34.0,49.22,156.577,49.557,120.0,69.608,False,True,True,20.458,node3|node7
0.0,36.0,37.812,143.07,60.856,96.0,66.773,False,True,True,18.456,node5|node9
2.0,-36.0,109.679,359.741,-15.0,24.0,219.359,False,False,True,18.456,node5|node9
2.0,-34.0,110.693,363.501,-15.0,26.0,221.385,False,False,True,20.458,node3|node7
2.0,-32.0,113.852,101.404,322.106,30.0,227.704,False,False,True,21.748,housing|node1
2.0,-30.0,120.611,118.772,327.667,30.0,241.222,False,False,True,21.748,housing|node1
2.0,-28.0,125.161,142.102,330.59,26.0,250.322,False,False,True,21.748,housing|node1
2.0,-26.0,127.884,167.916,330.677,38.0,255.768,False,False,True,21.748,housing|node1
2.0,-24.0,127.412,190.877,327.789,38.0,254.824,False,False,True,21.748,housing|node1
2.0,-22.0,124.872,420.042,-15.0,18.0,249.745,False,False,True,21.748,housing|node1
2.0,-20.0,129.688,433.11,-15.0,24.0,259.376,False,False,True,21.748,housing|node1
2.0,-18.0,135.507,453.904,-15.0,20.0,271.014,False,False,True,21.748,housing|node1
2.0,-16.0,139.621,473.304,-15.0,16.0,279.242,False,False,True,21.748,housing|node1
2.0,-14.0,143.944,490.894,-15.0,20.0,287.889,False,False,True,21.748,housing|node1
2.0,-12.0,143.191,506.292,-15.0,18.0,286.381,False,False,True,21.748,housing|node1
2.0,-10.0,139.032,519.156,-15.0,18.0,278.065,False,False,True,21.748,housing|node1
2.0,-8.0,130.848,529.199,-15.0,24.0,261.697,False,False,True,21.748,housing|node1
2.0,-6.0,116.467,536.188,-15.0,22.0,232.933,False,False,True,21.748,housing|node1
2.0,-4.0,96.646,539.959,-15.0,28.0,193.292,False,False,True,21.748,housing|node1
2.0,-2.0,98.274,202.52,-15.0,54.0,196.549,False,False,True,21.748,housing|node1
2.0,0.0,98.288,202.558,-15.0,54.0,196.577,False,False,True,21.748,housing|node1
2.0,2.0,98.237,202.481,-15.0,54.0,196.474,False,False,True,21.748,housing|node1
2.0,4.0,98.283,202.595,-15.0,54.0,196.566,False,False,True,21.748,housing|node1
2.0,6.0,98.233,202.949,-15.0,50.0,196.466,False,False,True,21.748,housing|node1
2.0,8.0,105.378,208.239,-23.188,46.0,210.756,False,False,True,21.748,housing|node1
2.0,10.0,121.806,219.751,-41.944,48.0,243.612,False,False,True,21.748,housing|node1
2.0,12.0,135.117,228.503,-58.144,60.0,270.233,False,False,True,21.748,housing|node1
2.0,14.0,138.269,226.194,-71.538,48.0,276.538,False,False,True,21.748,housing|node1
2.0,16.0,130.273,212.391,-81.941,30.0,260.546,False,False,True,21.748,housing|node1
2.0,18.0,121.423,198.267,-89.234,32.0,242.846,False,False,True,21.748,housing|node1
2.0,20.0,111.782,184.435,-93.372,36.0,223.564,False,False,True,21.748,housing|node1
2.0,22.0,101.434,171.316,-94.377,36.0,202.867,False,False,True,21.748,housing|node1
2.0,24.0,87.944,155.852,-92.341,28.0,175.888,False,False,True,21.748,housing|node1
2.0,26.0,73.21,141.328,-86.963,30.0,146.42,False,False,True,21.748,housing|node1
2.0,28.0,66.441,174.972,20.876,84.0,110.165,False,True,True,21.748,housing|node1
2.0,30.0,58.28,167.158,30.377,94.0,91.85,False,True,True,21.748,housing|node1
2.0,32.0,50.48,158.71,39.145,104.0,76.195,False,True,True,21.748,housing|node1
2.0,34.0,42.706,150.239,47.814,108.0,64.462,False,True,True,20.458,node3|node7
2.0,36.0,34.628,142.77,56.739,132.0,50.651,False,True,True,18.456,node5|node9
4.0,-36.0,84.127,366.938,-15.0,24.0,168.253,False,False,True,18.456,node4|node8
4.0,-34.0,85.437,375.277,-15.0,20.0,170.874,False,False,True,20.458,node5|node9
4.0,-32.0,92.944,152.389,291.611,30.0,185.887,False,False,True,21.657,housing|node1
4.0,-30.0,99.324,174.293,293.624,34.0,198.648,False,False,True,21.657,housing|node1
4.0,-28.0,103.354,197.31,292.833,42.0,206.707,False,False,True,21.657,housing|node1
4.0,-26.0,104.302,218.226,289.111,40.0,208.604,False,False,True,21.657,housing|node1
4.0,-24.0,103.874,240.177,282.392,42.0,207.747,False,False,True,21.657,housing|node1
4.0,-22.0,99.941,435.457,-15.0,22.0,199.883,False,False,True,21.657,housing|node1
4.0,-20.0,104.69,455.316,-15.0,18.0,209.381,False,False,True,21.657,housing|node1
4.0,-18.0,110.155,473.715,-15.0,24.0,220.309,False,False,True,21.657,housing|node1
4.0,-16.0,110.697,490.247,-15.0,22.0,221.395,False,False,True,21.657,housing|node1
4.0,-14.0,107.851,504.536,-15.0,20.0,215.702,False,False,True,21.657,housing|node1
4.0,-12.0,103.062,516.251,-15.0,26.0,206.124,False,False,True,21.657,housing|node1
4.0,-10.0,91.174,525.113,-15.0,22.0,182.347,False,False,True,21.657,housing|node1
4.0,-8.0,76.119,530.902,-15.0,32.0,152.239,False,False,True,21.657,housing|node1
4.0,-6.0,83.561,187.605,-15.0,58.0,167.121,False,False,True,21.657,housing|node1
4.0,-4.0,83.431,187.327,-15.0,56.0,166.862,False,False,True,21.657,housing|node1
4.0,-2.0,83.583,187.483,-15.0,58.0,167.167,False,False,True,21.657,housing|node1
4.0,0.0,91.957,521.27,170.0,30.0,183.914,False,False,True,21.657,housing|node1
4.0,2.0,104.636,510.772,170.0,26.0,209.272,False,False,True,21.657,housing|node1
4.0,4.0,109.811,497.327,170.0,22.0,219.622,False,False,True,21.657,housing|node1
4.0,6.0,120.699,210.635,-63.958,46.0,241.399,False,False,True,21.657,housing|node1
4.0,8.0,133.294,215.801,-82.023,48.0,266.587,False,False,True,21.657,housing|node1
4.0,10.0,140.931,216.057,-97.452,52.0,281.862,False,False,True,21.657,housing|node1
4.0,12.0,140.48,207.996,-110.005,46.0,280.96,False,False,True,21.657,housing|node1
4.0,14.0,133.463,192.384,-119.504,30.0,266.925,False,False,True,21.657,housing|node1
4.0,16.0,125.28,176.672,-125.84,28.0,250.56,False,False,True,21.657,housing|node1
4.0,18.0,116.208,161.49,-128.977,34.0,232.417,False,False,True,21.657,housing|node1
4.0,20.0,106.451,147.632,-128.948,36.0,212.902,False,False,True,21.657,housing|node1
4.0,22.0,93.326,131.614,-125.854,26.0,186.652,False,False,True,21.657,housing|node1
4.0,24.0,78.969,116.165,-119.866,30.0,157.937,False,False,True,21.657,housing|node1
4.0,26.0,65.261,104.949,-111.21,36.0,130.522,False,False,True,21.657,housing|node1
4.0,28.0,52.935,99.137,-100.17,50.0,105.871,False,False,True,21.657,housing|node1
4.0,30.0,52.145,160.921,25.832,100.0,83.29,False,True,True,21.657,housing|node1
4.0,32.0,44.741,153.256,35.732,114.0,70.513,False,True,True,21.657,housing|node1
4.0,34.0,37.279,144.868,45.119,124.0,57.943,False,True,True,20.458,node3|node7
4.0,36.0,29.991,136.275,54.525,136.0,45.269,False,True,True,18.456,node3|node7
6.0,-36.0,69.64,173.157,-15.0,62.0,139.28,False,False,True,18.456,node3|node7
6.0,-34.0,69.746,173.266,-15.0,62.0,139.491,False,False,True,20.458,node3|node7
6.0,-32.0,77.37,197.598,256.788,40.0,154.74,False,False,True,21.505,housing|node1
6.0,-30.0,82.366,218.691,255.193,46.0,164.732,False,False,True,21.505,housing|node1
6.0,-28.0,84.985,236.912,250.713,46.0,169.97,False,False,True,21.505,housing|node1
6.0,-26.0,86.096,256.432,243.294,48.0,172.193,False,False,True,21.505,housing|node1
6.0,-24.0,85.219,277.294,232.949,46.0,170.438,False,False,True,21.505,housing|node1
6.0,-22.0,83.211,297.883,219.76,56.0,166.421,False,False,True,21.505,housing|node1
6.0,-20.0,78.6,469.187,-15.0,26.0,157.199,False,False,True,21.505,housing|node1
6.0,-18.0,77.125,484.633,-15.0,22.0,154.249,False,False,True,21.505,housing|node1
6.0,-16.0,75.135,497.793,-15.0,34.0,150.269,False,False,True,21.505,housing|node1
6.0,-14.0,66.35,508.347,-15.0,30.0,132.7,False,False,True,21.505,housing|node1
6.0,-12.0,69.757,173.309,-15.0,62.0,139.514,False,False,True,21.505,housing|node1
6.0,-10.0,60.97,386.711,170.0,38.0,121.941,False,False,True,21.505,housing|node1
6.0,-8.0,71.002,412.363,170.0,42.0,142.003,False,False,True,21.505,housing|node1
6.0,-6.0,87.382,520.028,170.0,20.0,174.764,False,False,True,21.505,housing|node1
6.0,-4.0,112.113,514.772,170.0,24.0,224.226,False,False,True,21.505,housing|node1
6.0,-2.0,130.06,506.273,170.0,26.0,260.12,False,False,True,21.505,housing|node1
6.0,0.0,138.694,494.671,170.0,22.0,277.387,False,False,True,21.505,housing|node1
6.0,2.0,140.05,480.173,170.0,22.0,280.101,False,False,True,21.505,housing|node1
6.0,4.0,135.386,463.047,170.0,22.0,270.771,False,False,True,21.505,housing|node1
6.0,6.0,139.382,199.294,-120.165,44.0,278.764,False,False,True,21.505,housing|node1
6.0,8.0,144.854,194.795,-134.743,44.0,289.708,False,False,True,21.505,housing|node1
6.0,10.0,144.049,183.376,-146.378,42.0,288.099,False,False,True,21.505,housing|node1
6.0,12.0,138.293,166.475,-154.902,32.0,276.587,False,False,True,21.505,housing|node1
6.0,14.0,131.032,149.04,-160.216,30.0,262.064,False,False,True,21.505,housing|node1
6.0,16.0,122.81,132.496,-162.294,30.0,245.621,False,False,True,21.505,housing|node1
6.0,18.0,113.629,117.52,-161.179,34.0,227.258,False,False,True,21.505,housing|node1
6.0,20.0,101.205,100.358,-156.983,26.0,202.41,False,False,True,21.505,housing|node1
6.0,22.0,87.586,83.937,-149.886,26.0,175.173,False,False,True,21.505,housing|node1
6.0,24.0,73.94,72.41,-140.126,32.0,147.881,False,False,True,21.505,housing|node1
6.0,26.0,60.831,67.431,-127.996,44.0,121.661,False,False,True,21.505,housing|node1
6.0,28.0,53.777,161.53,9.153,100.0,85.896,False,True,True,21.505,housing|node1
6.0,30.0,42.94,303.165,170.0,42.0,85.881,False,False,True,21.505,housing|node1
6.0,32.0,42.177,301.638,170.0,42.0,84.354,False,False,True,21.505,housing|node1
6.0,34.0,41.4,300.083,170.0,42.0,82.799,False,False,True,20.458,node3|node7
6.0,36.0,40.609,298.502,170.0,46.0,81.218,False,False,True,18.456,node4|node8
8.0,-36.0,56.609,159.707,-15.0,66.0,113.218,False,False,True,18.456,node4|node8
8.0,-34.0,58.524,213.852,220.563,44.0,117.047,False,False,True,20.458,node5|node9
8.0,-32.0,64.559,232.007,218.388,52.0,129.118,False,False,True,21.292,housing|node1
8.0,-30.0,68.634,247.939,213.233,56.0,137.269,False,False,True,21.292,housing|node1
8.0,-28.0,71.009,265.277,205.2,56.0,142.018,False,False,True,21.292,housing|node1
8.0,-26.0,71.511,283.85,194.31,52.0,143.022,False,False,True,21.292,housing|node1
8.0,-24.0,71.407,301.625,180.652,60.0,142.814,False,False,True,21.292,housing|node1
8.0,-22.0,72.459,315.442,170.0,144.0,144.917,False,False,True,21.292,housing|node1
8.0,-20.0,75.591,325.422,170.0,84.0,151.182,False,False,True,21.292,housing|node1
8.0,-18.0,79.538,336.206,170.0,72.0,159.076,False,False,True,21.292,housing|node1
8.0,-16.0,84.391,347.236,170.0,54.0,168.782,False,False,True,21.292,housing|node1
8.0,-14.0,90.264,358.708,170.0,44.0,180.528,False,False,True,21.292,housing|node1
8.0,-12.0,98.457,388.346,170.0,42.0,196.914,False,False,True,21.292,housing|node1
8.0,-10.0,109.273,418.938,170.0,36.0,218.547,False,False,True,21.292,housing|node1
8.0,-8.0,126.679,502.615,170.0,16.0,253.359,False,False,True,21.292,housing|node1
8.0,-6.0,150.573,496.22,170.0,24.0,301.145,False,False,True,21.292,housing|node1
8.0,-4.0,164.86,486.621,170.0,24.0,329.721,False,False,True,21.292,housing|node1
8.0,-2.0,168.256,473.965,170.0,22.0,336.512,False,False,True,21.292,housing|node1
8.0,0.0,164.395,458.469,170.0,22.0,328.79,False,False,True,21.292,housing|node1
8.0,2.0,155.46,440.411,170.0,20.0,310.92,False,False,True,21.292,housing|node1
8.0,4.0,143.113,420.125,170.0,20.0,286.225,False,False,True,21.292,housing|node1
8.0,6.0,149.468,166.901,-169.407,40.0,298.936,False,False,True,21.292,housing|node1
8.0,8.0,149.264,153.115,-180.055,38.0,298.528,False,False,True,21.292,housing|node1
8.0,10.0,144.801,134.156,-187.541,28.0,289.602,False,False,True,21.292,housing|node1
8.0,12.0,138.896,114.889,-191.778,28.0,277.792,False,False,True,21.292,housing|node1
8.0,14.0,131.974,96.924,-192.747,30.0,263.948,False,False,True,21.292,housing|node1
8.0,16.0,123.706,80.418,-190.503,32.0,247.412,False,False,True,21.292,housing|node1
8.0,18.0,112.685,61.351,-185.17,22.0,225.371,False,False,True,21.292,housing|node1
8.0,20.0,100.473,44.061,-176.935,28.0,200.946,False,False,True,21.292,housing|node1
8.0,22.0,87.491,31.814,-166.05,28.0,174.981,False,False,True,21.292,housing|node1
8.0,24.0,73.709,27.268,-152.815,38.0,147.417,False,False,True,21.292,housing|node1
8.0,26.0,58.944,28.969,-137.579,64.0,117.889,False,False,True,21.292,housing|node1
8.0,28.0,53.334,285.689,170.0,34.0,106.667,False,False,True,21.292,housing|node1
8.0,30.0,52.286,284.059,170.0,34.0,104.573,False,False,True,21.292,housing|node1
8.0,32.0,51.226,282.409,170.0,34.0,102.453,False,False,True,21.292,housing|node1
8.0,34.0,50.166,280.74,170.0,34.0,100.333,False,False,True,20.458,node3|node7
8.0,36.0,49.111,279.054,170.0,36.0,98.223,False,False,True,18.456,node3|node7
10.0,-36.0,44.579,147.224,-15.0,76.0,89.158,False,False,True,18.456,node5|node9
10.0,-34.0,44.565,147.209,-15.0,78.0,89.129,False,False,True,20.458,node3|node7
10.0,-32.0,54.322,252.431,177.279,64.0,108.644,False,False,True,21.019,housing|node1
10.0,-30.0,58.339,267.515,170.0,62.0,116.677,False,False,True,21.019,housing|node1
10.0,-28.0,66.245,279.655,170.0,56.0,132.49,False,False,True,21.019,housing|node1
10.0,-26.0,74.175,292.268,170.0,48.0,148.349,False,False,True,21.019,housing|node1
10.0,-24.0,82.856,304.757,170.0,46.0,165.713,False,False,True,21.019,housing|node1
10.0,-22.0,92.17,317.325,170.0,46.0,184.34,False,False,True,21.019,housing|node1
10.0,-20.0,102.144,330.395,170.0,46.0,204.289,False,False,True,21.019,housing|node1
10.0,-18.0,112.529,343.951,170.0,50.0,225.058,False,False,True,21.019,housing|node1
10.0,-16.0,123.632,358.445,170.0,104.0,247.264,False,False,True,21.019,housing|node1
10.0,-14.0,133.683,377.626,170.0,72.0,267.366,False,False,True,21.019,housing|node1
10.0,-12.0,145.911,406.173,170.0,44.0,291.822,False,False,True,21.019,housing|node1
10.0,-10.0,163.438,480.796,170.0,12.0,326.876,False,False,True,21.019,housing|node1
10.0,-8.0,186.373,473.31,170.0,26.0,372.745,False,False,True,21.019,housing|node1
10.0,-6.0,193.994,462.662,170.0,28.0,387.989,False,False,True,21.019,housing|node1
10.0,-4.0,189.716,449.012,170.0,24.0,379.432,False,False,True,21.019,housing|node1
10.0,-2.0,179.557,432.584,170.0,22.0,359.115,False,False,True,21.019,housing|node1
10.0,0.0,165.933,413.665,170.0,22.0,331.865,False,False,True,21.019,housing|node1
10.0,2.0,149.793,392.596,170.0,22.0,299.586,False,False,True,21.019,housing|node1
10.0,4.0,155.708,133.146,-200.888,40.0,311.417,False,False,True,21.019,housing|node1
10.0,6.0,156.537,117.004,-210.487,38.0,313.075,False,False,True,21.019,housing|node1
10.0,8.0,153.787,96.068,-216.881,28.0,307.574,False,False,True,21.019,housing|node1
10.0,10.0,149.771,74.383,-219.992,28.0,299.543,False,False,True,21.019,housing|node1
10.0,12.0,144.562,54.372,-219.812,28.0,289.123,False,False,True,21.019,housing|node1
10.0,14.0,137.881,35.923,-216.406,28.0,275.761,False,False,True,21.019,housing|node1
10.0,16.0,129.172,14.125,-209.909,22.0,258.344,False,False,True,21.019,housing|node1
10.0,18.0,119.362,-15.0,-200.519,24.0,238.725,False,False,True,21.019,housing|node1
10.0,20.0,104.419,-15.0,-188.497,12.0,208.837,False,False,True,21.019,housing|node1
10.0,22.0,85.785,-15.0,-174.153,10.0,171.569,False,False,True,21.019,housing|node1
10.0,24.0,73.041,-15.0,-157.846,30.0,146.082,False,False,True,21.019,housing|node1
10.0,26.0,58.81,-15.0,-139.966,68.0,117.619,False,False,True,21.019,housing|node1
10.0,28.0,55.773,263.363,170.0,38.0,111.546,False,False,True,21.019,housing|node1
10.0,30.0,54.672,261.65,170.0,38.0,109.344,False,False,True,21.019,housing|node1
10.0,32.0,53.564,259.927,170.0,38.0,107.128,False,False,True,21.019,housing|node1
10.0,34.0,52.451,258.194,170.0,38.0,104.901,False,False,True,20.458,node5|node9
10.0,36.0,51.333,256.456,170.0,38.0,102.666,False,False,True,18.456,node5|node9
12.0,-36.0,44.602,230.284,170.0,50.0,89.204,False,False,True,18.456,node4|node8
12.0,-34.0,54.904,244.926,170.0,58.0,109.809,False,False,True,20.458,node3|node7
12.0,-32.0,63.787,257.185,170.0,56.0,127.574,False,False,True,20.686,housing|node1
12.0,-30.0,73.145,269.704,170.0,52.0,146.291,False,False,True,20.686,housing|node1
12.0,-28.0,82.791,282.458,170.0,48.0,165.583,False,False,True,20.686,housing|node1
12.0,-26.0,93.04,296.249,170.0,46.0,186.08,False,False,True,20.686,housing|node1
12.0,-24.0,103.953,310.934,170.0,40.0,207.907,False,False,True,20.686,housing|node1
12.0,-22.0,115.361,326.737,170.0,36.0,230.722,False,False,True,20.686,housing|node1
12.0,-20.0,128.113,342.688,170.0,30.0,256.226,False,False,True,20.686,housing|node1
12.0,-18.0,142.36,360.287,170.0,30.0,284.721,False,False,True,20.686,housing|node1
12.0,-16.0,158.319,379.716,170.0,32.0,316.638,False,False,True,20.686,housing|node1
12.0,-14.0,176.412,400.362,170.0,36.0,352.823,False,False,True,20.686,housing|node1
12.0,-12.0,197.081,454.984,170.0,12.0,394.162,False,False,True,20.686,housing|node1
12.0,-10.0,216.118,446.46,170.0,62.0,432.235,False,False,True,20.686,housing|node1
12.0,-8.0,206.319,434.825,170.0,24.0,412.638,False,False,True,20.686,housing|node1
12.0,-6.0,193.694,420.247,170.0,18.0,387.389,False,False,True,20.686,housing|node1
12.0,-4.0,178.724,402.96,170.0,18.0,357.447,False,False,True,20.686,housing|node1
12.0,-2.0,161.696,383.259,170.0,16.0,323.392,False,False,True,20.686,housing|node1
12.0,0.0,158.361,107.125,-217.087,36.0,316.722,False,False,True,20.686,housing|node1
12.0,2.0,163.998,93.479,-228.688,36.0,327.995,False,False,True,20.686,housing|node1
12.0,4.0,166.424,74.902,-237.187,38.0,332.849,False,False,True,20.686,housing|node1
12.0,6.0,166.035,50.851,-242.444,26.0,332.07,False,False,True,20.686,housing|node1
12.0,8.0,164.554,26.823,-244.39,24.0,329.107,False,False,True,20.686,housing|node1
12.0,10.0,161.897,3.56,-243.03,28.0,323.794,False,False,True,20.686,housing|node1
12.0,12.0,155.801,-15.0,-238.439,28.0,311.601,False,False,True,20.686,housing|node1
12.0,14.0,130.215,-15.0,-211.797,40.0,260.431,False,False,True,20.686,housing|node1
12.0,16.0,105.279,-15.0,-186.607,32.0,210.559,False,False,True,20.686,housing|node1
12.0,18.0,82.591,-15.0,-163.961,36.0,165.183,False,False,True,20.686,housing|node1
12.0,20.0,55.088,245.174,170.0,32.0,110.176,False,False,True,20.686,housing|node1
12.0,22.0,53.822,243.451,170.0,32.0,107.644,False,False,True,20.686,housing|node1
12.0,24.0,52.563,241.718,170.0,32.0,105.125,False,False,True,20.686,housing|node1
12.0,26.0,51.312,239.98,170.0,32.0,102.624,False,False,True,20.686,housing|node1
12.0,28.0,50.072,238.237,170.0,32.0,100.144,False,False,True,20.686,housing|node1
12.0,30.0,48.844,236.492,170.0,32.0,97.689,False,False,True,20.686,housing|node1
12.0,32.0,48.844,236.492,170.0,32.0,97.689,False,False,True,12.092,housing|gripper_claw_left
12.0,34.0,,,,,,False,False,False,-2.494,housing|gripper_claw_left
12.0,36.0,48.844,236.492,170.0,32.0,97.689,False,False,True,6.574,housing|gripper_claw_left
14.0,-36.0,54.771,230.376,170.0,42.0,109.542,False,False,True,18.456,node5|node9
14.0,-34.0,66.15,246.783,170.0,34.0,132.299,False,False,True,20.293,housing|node1
14.0,-32.0,78.618,263.279,170.0,40.0,157.236,False,False,True,20.293,housing|node1
14.0,-30.0,91.038,278.755,170.0,44.0,182.076,False,False,True,20.293,housing|node1
14.0,-28.0,102.862,293.533,170.0,40.0,205.724,False,False,True,20.293,housing|node1
14.0,-26.0,115.877,308.733,170.0,40.0,231.755,False,False,True,20.293,housing|node1
14.0,-24.0,129.703,325.702,170.0,36.0,259.406,False,False,True,20.293,housing|node1
14.0,-22.0,144.947,343.956,170.0,32.0,289.893,False,False,True,20.293,housing|node1
14.0,-20.0,161.815,364.26,170.0,30.0,323.629,False,False,True,20.293,housing|node1
14.0,-18.0,180.84,387.163,170.0,24.0,361.68,False,False,True,20.293,housing|node1
14.0,-16.0,203.182,431.996,170.0,10.0,406.365,False,False,True,20.293,housing|node1
14.0,-14.0,214.493,425.659,170.0,10.0,428.987,False,False,True,20.293,housing|node1
14.0,-12.0,206.113,416.16,170.0,10.0,412.227,False,False,True,20.293,housing|node1
14.0,-10.0,195.161,403.608,170.0,12.0,390.323,False,False,True,20.293,housing|node1
14.0,-8.0,181.916,388.178,170.0,14.0,363.831,False,False,True,20.293,housing|node1
14.0,-6.0,166.763,370.113,170.0,16.0,333.527,False,False,True,20.293,housing|node1
14.0,-4.0,158.89,77.938,-228.443,38.0,317.78,False,False,True,20.293,housing|node1
14.0,-2.0,168.192,64.2,-241.888,34.0,336.384,False,False,True,20.293,housing|node1
14.0,0.0,175.228,47.481,-252.386,36.0,350.456,False,False,True,20.293,housing|node1
14.0,2.0,179.781,26.244,-259.741,36.0,359.562,False,False,True,20.293,housing|node1
14.0,4.0,182.668,-15.0,-263.825,20.0,365.336,False,False,True,20.293,housing|node1
14.0,6.0,170.783,-15.0,-264.579,10.0,341.566,False,False,True,20.293,housing|node1
14.0,8.0,145.563,-15.0,-226.89,34.0,291.125,False,False,True,20.293,housing|node1
14.0,10.0,123.32,-15.0,-204.477,38.0,246.64,False,False,True,20.293,housing|node1
14.0,12.0,103.103,-15.0,-184.472,42.0,206.205,False,False,True,20.293,housing|node1
14.0,14.0,84.605,-15.0,-165.846,50.0,169.211,False,False,True,20.293,housing|node1
14.0,16.0,67.465,-15.0,-148.622,56.0,134.931,False,False,True,20.293,housing|node1
14.0,18.0,47.577,219.625,170.0,40.0,95.154,False,False,True,20.293,housing|node1
14.0,20.0,46.409,217.88,170.0,42.0,92.819,False,False,True,20.293,housing|node1
14.0,22.0,46.409,217.88,170.0,42.0,92.819,False,False,True,20.293,housing|node1
14.0,24.0,46.409,217.88,170.0,42.0,92.819,False,False,True,20.293,housing|node1
14.0,26.0,46.409,217.88,170.0,42.0,92.819,False,False,True,20.293,housing|node1
14.0,28.0,46.409,217.88,170.0,42.0,92.819,False,False,True,20.293,housing|node1
14.0,30.0,46.409,217.88,170.0,42.0,92.819,False,False,True,2.138,housing|gripper_claw_left
14.0,32.0,,,,,,False,False,False,-1.819,housing|node9
14.0,34.0,,,,,,False,False,False,-13.176,housing|node9
14.0,36.0,,,,,,False,False,False,-14.256,housing|node9
16.0,-36.0,68.876,237.031,170.0,38.0,137.753,False,False,True,18.456,node4|node8
16.0,-34.0,81.159,253.843,170.0,30.0,162.318,False,False,True,19.842,housing|node1
16.0,-32.0,94.89,271.811,170.0,24.0,189.78,False,False,True,19.842,housing|node1
16.0,-30.0,110.321,290.651,170.0,22.0,220.642,False,False,True,19.842,housing|node1
16.0,-28.0,127.281,310.801,170.0,30.0,254.562,False,False,True,19.842,housing|node1
16.0,-26.0,144.685,330.315,170.0,30.0,289.371,False,False,True,19.842,housing|node1
16.0,-24.0,162.718,350.432,170.0,28.0,325.436,False,False,True,19.842,housing|node1
16.0,-22.0,182.978,373.086,170.0,28.0,365.956,False,False,True,19.842,housing|node1
16.0,-20.0,206.262,404.794,170.0,8.0,412.524,False,False,True,19.842,housing|node1
16.0,-18.0,207.86,400.657,170.0,18.0,415.719,False,False,True,19.842,housing|node1
16.0,-16.0,201.304,393.364,170.0,18.0,402.609,False,False,True,19.842,housing|node1
16.0,-14.0,191.955,382.961,170.0,20.0,383.909,False,False,True,19.842,housing|node1
16.0,-12.0,179.916,369.567,170.0,18.0,359.832,False,False,True,19.842,housing|node1
16.0,-10.0,165.356,353.367,170.0,18.0,330.711,False,False,True,19.842,housing|node1
16.0,-8.0,157.773,46.412,-234.856,32.0,315.546,False,False,True,19.842,housing|node1
16.0,-6.0,170.619,31.974,-249.939,34.0,341.237,False,False,True,19.842,housing|node1
16.0,-4.0,181.486,14.447,-262.283,32.0,362.973,False,False,True,19.842,housing|node1
16.0,-2.0,190.481,-15.0,-271.638,20.0,380.963,False,False,True,19.842,housing|node1
16.0,0.0,183.657,-15.0,-277.817,22.0,367.313,False,False,True,19.842,housing|node1
16.0,2.0,159.241,-15.0,-280.702,14.0,318.482,False,False,True,19.842,housing|node1
16.0,4.0,137.716,-15.0,-218.873,42.0,275.432,False,False,True,19.842,housing|node1
16.0,6.0,118.198,-15.0,-199.644,46.0,236.396,False,False,True,19.842,housing|node1
16.0,8.0,100.152,-15.0,-181.344,48.0,200.304,False,False,True,19.842,housing|node1
16.0,10.0,83.319,-15.0,-164.475,52.0,166.638,False,False,True,19.842,housing|node1
16.0,12.0,67.687,-15.0,-148.844,56.0,135.374,False,False,True,19.842,housing|node1
16.0,14.0,53.221,-15.0,-134.48,66.0,106.442,False,False,True,19.842,housing|node1
16.0,16.0,39.516,197.523,170.0,46.0,79.033,False,False,True,19.842,housing|node1
16.0,18.0,39.516,197.523,170.0,46.0,79.033,False,False,True,19.842,housing|node1
16.0,20.0,39.516,197.523,170.0,46.0,79.033,False,False,True,19.842,housing|node1
16.0,22.0,39.516,197.523,170.0,46.0,79.033,False,False,True,19.842,housing|node1
16.0,24.0,39.516,197.523,170.0,46.0,79.033,False,False,True,19.842,housing|node1
16.0,26.0,39.516,197.523,170.0,46.0,79.033,False,False,True,19.842,housing|node1
16.0,28.0,39.516,197.523,170.0,46.0,79.033,False,False,True,6.002,housing|gripper_claw_left
16.0,30.0,,,,,,False,False,False,-7.203,housing|node9
16.0,32.0,,,,,,False,False,False,-26.826,housing|node9
16.0,34.0,,,,,,False,False,False,-39.967,housing|node9
16.0,36.0,,,,,,False,False,False,-2.952,housing|node8
18.0,-36.0,87.358,250.081,170.0,36.0,174.717,False,False,True,18.456,node4|node8
18.0,-34.0,101.19,267.14,170.0,28.0,202.38,False,False,True,19.331,housing|node1
18.0,-32.0,117.102,286.792,170.0,24.0,234.204,False,False,True,19.331,housing|node1
18.0,-30.0,135.243,308.491,170.0,20.0,270.487,False,False,True,19.331,housing|node1
18.0,-28.0,155.82,332.488,170.0,18.0,311.641,False,False,True,19.331,housing|node1
18.0,-26.0,179.385,358.69,170.0,16.0,358.771,False,False,True,19.331,housing|node1
18.0,-24.0,193.341,373.918,170.0,12.0,386.682,False,False,True,19.331,housing|node1
18.0,-22.0,191.529,371.938,170.0,12.0,383.059,False,False,True,19.331,housing|node1
18.0,-20.0,186.9,366.866,170.0,12.0,373.8,False,False,True,19.331,housing|node1
18.0,-18.0,179.474,358.688,170.0,12.0,358.948,False,False,True,19.331,housing|node1
18.0,-16.0,169.363,347.459,170.0,12.0,338.726,False,False,True,19.331,housing|node1
18.0,-14.0,156.779,333.307,170.0,14.0,313.558,False,False,True,19.331,housing|node1
18.0,-12.0,155.501,13.033,-236.336,30.0,311.002,False,False,True,19.331,housing|node1
18.0,-10.0,171.655,-15.0,-252.812,20.0,343.31,False,False,True,19.331,housing|node1
18.0,-8.0,180.871,-15.0,-266.802,18.0,361.742,False,False,True,19.331,housing|node1
18.0,-6.0,175.097,-15.0,-278.009,20.0,350.194,False,False,True,19.331,housing|node1
18.0,-4.0,163.183,-15.0,-286.19,18.0,326.365,False,False,True,19.331,housing|node1
18.0,-2.0,145.258,-15.0,-291.171,22.0,290.516,False,False,True,19.331,housing|node1
18.0,0.0,120.26,-15.0,-292.844,18.0,240.519,False,False,True,19.331,housing|node1
18.0,2.0,106.144,-15.0,-187.539,54.0,212.287,False,False,True,19.331,housing|node1
18.0,4.0,93.2,-15.0,-174.599,58.0,186.4,False,False,True,19.331,housing|node1
18.0,6.0,80.397,-15.0,-161.993,66.0,160.795,False,False,True,19.331,housing|node1
18.0,8.0,67.971,-15.0,-149.321,70.0,135.942,False,False,True,19.331,housing|node1
18.0,10.0,49.091,175.844,-252.812,42.0,98.182,False,False,True,19.331,housing|node1
18.0,12.0,48.844,175.844,-236.336,32.0,97.689,False,False,True,19.331,housing|node1
18.0,14.0,46.409,175.844,-217.724,42.0,92.819,False,False,True,19.331,housing|node1
18.0,16.0,39.516,175.844,-197.367,46.0,79.033,False,False,True,19.331,housing|node1
18.0,18.0,28.404,175.844,-175.688,44.0,56.808,False,False,True,19.331,housing|node1
18.0,20.0,28.404,175.844,170.0,44.0,56.808,False,False,True,19.331,housing|node1
18.0,22.0,28.404,175.844,170.0,44.0,56.808,False,False,True,19.331,housing|node1
18.0,24.0,28.404,175.844,170.0,44.0,56.808,False,False,True,19.331,housing|node1
18.0,26.0,28.404,175.844,170.0,44.0,56.808,False,False,True,5.58,housing|gripper_claw_left
18.0,28.0,,,,,,False,False,False,-8.077,housing|node9
18.0,30.0,,,,,,False,False,False,-28.378,housing|node9
18.0,32.0,,,,,,False,False,False,-0.066,housing|node8
18.0,34.0,,,,,,False,False,False,-14.458,housing|node8
18.0,36.0,,,,,,False,False,False,-27.521,housing|node8
20.0,-36.0,113.321,313.516,170.0,18.0,226.641,False,False,True,18.456,node5|node9
20.0,-34.0,127.397,288.564,170.0,26.0,254.794,False,False,True,18.763,housing|node1
20.0,-32.0,146.607,310.776,170.0,20.0,293.214,False,False,True,18.763,housing|node1
20.0,-30.0,169.122,336.426,170.0,16.0,338.245,False,False,True,18.763,housing|node1
20.0,-28.0,172.347,339.977,170.0,14.0,344.695,False,False,True,18.763,housing|node1
20.0,-26.0,172.424,340.064,170.0,14.0,344.847,False,False,True,18.763,housing|node1
20.0,-24.0,169.879,337.176,170.0,14.0,339.759,False,False,True,18.763,housing|node1
20.0,-22.0,164.677,331.242,170.0,16.0,329.354,False,False,True,18.763,housing|node1
20.0,-20.0,156.87,322.256,170.0,18.0,313.74,False,False,True,18.763,housing|node1
20.0,-18.0,146.503,310.285,170.0,20.0,293.005,False,False,True,18.763,housing|node1
20.0,-16.0,147.724,-15.0,-232.999,14.0,295.448,False,False,True,18.763,housing|node1
20.0,-14.0,151.905,-15.0,-250.589,20.0,303.81,False,False,True,18.763,housing|node1
20.0,-12.0,151.628,-15.0,-265.986,18.0,303.255,False,False,True,18.763,housing|node1
20.0,-10.0,147.243,-15.0,-278.851,16.0,294.486,False,False,True,18.763,housing|node1
20.0,-8.0,139.552,-15.0,-288.893,22.0,279.104,False,False,True,18.763,housing|node1
20.0,-6.0,125.288,-15.0,-295.883,22.0,250.575,False,False,True,18.763,housing|node1
20.0,-4.0,105.891,-15.0,-299.654,26.0,211.781,False,False,True,18.763,housing|node1
20.0,-2.0,82.526,-15.0,-164.072,60.0,165.051,False,False,True,18.763,housing|node1
20.0,0.0,73.974,-15.0,-155.582,64.0,147.948,False,False,True,18.763,housing|node1
20.0,2.0,65.652,-15.0,-147.242,68.0,131.304,False,False,True,18.763,housing|node1
20.0,4.0,52.497,161.969,-281.69,36.0,104.994,False,False,True,18.763,housing|node1
20.0,6.0,62.811,161.969,-269.346,34.0,125.622,False,False,True,18.763,housing|node1
20.0,8.0,66.331,161.969,-254.263,30.0,132.662,False,False,True,18.763,housing|node1
20.0,10.0,65.161,161.969,-236.75,32.0,130.321,False,False,True,18.763,housing|node1
20.0,12.0,59.798,161.969,-217.163,36.0,119.596,False,False,True,18.763,housing|node1
20.0,14.0,49.564,161.969,-195.903,32.0,99.127,False,False,True,18.763,housing|node1
20.0,16.0,39.516,161.969,-173.397,46.0,79.033,False,False,True,18.763,housing|node1
20.0,18.0,33.082,161.969,-158.78,50.0,66.164,False,False,True,18.763,housing|node1
20.0,20.0,24.281,161.969,-143.564,56.0,48.561,False,False,True,18.763,housing|node1
20.0,22.0,24.281,161.969,170.0,56.0,48.561,False,False,True,18.763,housing|node1
20.0,24.0,24.281,161.969,170.0,56.0,48.561,False,False,True,0.861,housing|gripper_claw_left
20.0,26.0,,,,,,False,False,False,-13.169,housing|node9
20.0,28.0,,,,,,False,False,False,-33.747,housing|node9
20.0,30.0,,,,,,False,False,False,-5.618,housing|node8
20.0,32.0,,,,,,False,False,False,-20.199,housing|node8
20.0,34.0,,,,,,False,False,False,-34.019,housing|node8
20.0,36.0,,,,,,False,False,False,-1.295,housing|node7
22.0,-36.0,137.602,292.012,170.0,20.0,275.204,False,False,True,18.138,housing|node1
22.0,-34.0,143.998,299.013,170.0,20.0,287.996,False,False,True,18.138,housing|node1
22.0,-32.0,148.227,303.642,170.0,20.0,296.454,False,False,True,18.138,housing|node1
22.0,-30.0,150.066,305.656,170.0,22.0,300.133,False,False,True,18.138,housing|node1
22.0,-28.0,149.344,304.865,170.0,20.0,298.688,False,False,True,18.138,housing|node1
22.0,-26.0,145.943,301.142,170.0,20.0,291.886,False,False,True,18.138,housing|node1
22.0,-24.0,139.806,294.424,170.0,20.0,279.611,False,False,True,18.138,housing|node1
22.0,-22.0,130.936,284.715,170.0,22.0,261.872,False,False,True,18.138,housing|node1
22.0,-20.0,119.401,272.089,170.0,22.0,238.803,False,False,True,18.138,housing|node1
22.0,-18.0,120.13,-15.0,-243.463,22.0,240.259,False,False,True,18.138,housing|node1
22.0,-16.0,121.321,-15.0,-259.995,22.0,242.642,False,False,True,18.138,housing|node1
22.0,-14.0,118.143,-15.0,-274.284,18.0,236.286,False,False,True,18.138,housing|node1
22.0,-12.0,113.685,-15.0,-285.999,26.0,227.371,False,False,True,18.138,housing|node1
22.0,-10.0,102.296,-15.0,-294.861,22.0,204.592,False,False,True,18.138,housing|node1
22.0,-8.0,87.426,-15.0,-300.65,28.0,174.851,False,False,True,18.138,housing|node1
22.0,-6.0,66.211,-15.0,-303.211,32.0,132.422,False,False,True,18.138,housing|node1
22.0,-4.0,49.831,-15.0,-131.191,76.0,99.661,False,False,True,18.138,housing|node1
22.0,-2.0,44.502,-15.0,-125.743,84.0,89.005,False,False,True,18.138,housing|node1
22.0,0.0,59.421,147.408,-291.018,38.0,118.842,False,False,True,18.138,housing|node1
22.0,2.0,74.065,147.408,-280.52,32.0,148.129,False,False,True,18.138,housing|node1
22.0,4.0,81.733,147.408,-267.075,30.0,163.466,False,False,True,18.138,housing|node1
22.0,6.0,82.647,147.408,-250.944,28.0,165.294,False,False,True,18.138,housing|node1
22.0,8.0,79.05,147.408,-232.443,30.0,158.1,False,False,True,18.138,housing|node1
22.0,10.0,69.982,147.408,-211.939,28.0,139.964,False,False,True,18.138,housing|node1
22.0,12.0,59.798,147.408,-189.836,36.0,119.596,False,False,True,18.138,housing|node1
22.0,14.0,46.409,147.408,-166.573,42.0,92.819,False,False,True,18.138,housing|node1
22.0,16.0,36.754,147.408,-151.285,38.0,73.508,False,False,True,18.138,housing|node1
22.0,18.0,28.477,147.408,-137.237,44.0,56.953,False,False,True,18.138,housing|node1
22.0,20.0,24.281,147.408,-128.079,56.0,48.561,False,False,True,18.138,housing|node1
22.0,22.0,,,,,,False,False,False,-0.154,housing|node9
22.0,24.0,,,,,,False,False,False,-22.395,housing|node9
22.0,26.0,,,,,,False,False,False,-43.162,housing|node9
22.0,28.0,,,,,,False,False,False,-15.127,housing|node8
22.0,30.0,,,,,,False,False,False,-29.708,housing|node8
22.0,32.0,,,,,,False,False,False,-1.036,housing|node7
22.0,34.0,,,,,,False,False,False,-10.489,housing|node7
22.0,36.0,,,,,,False,False,False,-19.695,housing|node7
24.0,-36.0,118.062,265.626,170.0,16.0,236.124,False,False,True,17.456,housing|node1
24.0,-34.0,121.487,269.384,170.0,16.0,242.973,False,False,True,17.456,housing|node1
24.0,-32.0,122.557,270.556,170.0,16.0,245.114,False,False,True,17.456,housing|node1
24.0,-30.0,121.1,268.961,170.0,16.0,242.2,False,False,True,17.456,housing|node1
24.0,-28.0,117.021,264.481,170.0,16.0,234.042,False,False,True,17.456,housing|node1
24.0,-26.0,110.312,257.061,170.0,18.0,220.623,False,False,True,17.456,housing|node1
24.0,-24.0,101.063,246.716,170.0,18.0,202.125,False,False,True,17.456,housing|node1
24.0,-22.0,89.485,233.528,170.0,18.0,178.97,False,False,True,17.456,housing|node1
24.0,-20.0,90.523,-15.0,-249.097,28.0,181.046,False,False,True,17.456,housing|node1
24.0,-18.0,88.573,-15.0,-264.542,20.0,177.146,False,False,True,17.456,housing|node1
24.0,-16.0,86.549,-15.0,-277.703,28.0,173.097,False,False,True,17.456,housing|node1
24.0,-14.0,78.725,-15.0,-288.256,28.0,157.449,False,False,True,17.456,housing|node1
24.0,-12.0,65.944,-15.0,-295.933,28.0,131.889,False,False,True,17.456,housing|node1
24.0,-10.0,49.791,-15.0,-300.524,38.0,99.583,False,False,True,17.456,housing|node1
24.0,-8.0,26.875,-15.0,-301.884,50.0,53.75,False,False,True,17.456,housing|node1
24.0,-6.0,41.571,137.585,-299.938,32.0,83.141,False,False,True,17.456,housing|node1
24.0,-4.0,66.632,137.585,-294.681,32.0,133.263,False,False,True,17.456,housing|node1
24.0,-2.0,86.842,137.585,-286.182,32.0,173.684,False,False,True,17.456,housing|node1
24.0,0.0,98.698,137.585,-274.581,30.0,197.395,False,False,True,17.456,housing|node1
24.0,2.0,102.687,137.585,-260.082,26.0,205.375,False,False,True,17.456,housing|node1
24.0,4.0,100.688,137.585,-242.956,28.0,201.375,False,False,True,17.456,housing|node1
24.0,6.0,92.965,137.585,-223.528,24.0,185.929,False,False,True,17.456,housing|node1
24.0,8.0,82.681,137.585,-202.172,30.0,165.361,False,False,True,17.456,housing|node1
24.0,10.0,68.52,137.585,-179.299,30.0,137.04,False,False,True,17.456,housing|node1
24.0,12.0,52.563,137.585,-155.353,32.0,105.125,False,False,True,17.456,housing|node1
24.0,14.0,43.277,137.585,-139.476,42.0,86.553,False,False,True,17.456,housing|node1
24.0,16.0,35.332,137.585,-126.676,46.0,70.665,False,False,True,17.456,housing|node1
24.0,18.0,29.047,137.585,-117.094,54.0,58.094,False,False,True,10.048,housing|gripper_claw_left
24.0,20.0,,,,,,False,False,False,-13.147,housing|node9
24.0,22.0,,,,,,False,False,False,-35.585,housing|node9
24.0,24.0,,,,,,False,False,False,-13.148,housing|node8
24.0,26.0,,,,,,False,False,False,-28.413,housing|node8
24.0,28.0,,,,,,False,False,False,-3.501,housing|node7
24.0,30.0,,,,,,False,False,False,-13.148,housing|node7
24.0,32.0,,,,,,False,False,False,-22.551,housing|node7
24.0,34.0,,,,,,False,False,False,-31.644,housing|node7
24.0,36.0,,,,,,False,False,False,-3.207,housing|node6
26.0,-36.0,95.544,234.904,170.0,18.0,191.088,False,False,True,16.718,housing|node1
26.0,-34.0,95.891,235.306,170.0,18.0,191.783,False,False,True,16.718,housing|node1
26.0,-32.0,93.887,232.984,170.0,18.0,187.774,False,False,True,16.718,housing|node1
26.0,-30.0,89.472,227.829,170.0,20.0,178.943,False,False,True,16.718,housing|node1
26.0,-28.0,82.692,219.795,170.0,22.0,165.385,False,False,True,16.718,housing|node1
26.0,-26.0,73.731,208.905,170.0,26.0,147.462,False,False,True,16.718,housing|node1
26.0,-24.0,71.575,195.248,-91.457,62.0,143.149,False,False,True,16.718,housing|node1
26.0,-22.0,66.936,178.98,-105.169,112.0,133.872,False,False,True,16.718,housing|node1
26.0,-20.0,59.133,-15.0,-264.315,34.0,118.266,False,False,True,16.718,housing|node1
26.0,-18.0,54.628,-15.0,-276.337,38.0,109.256,False,False,True,16.718,housing|node1
26.0,-16.0,44.008,-15.0,-285.727,34.0,88.016,False,False,True,16.718,housing|node1
26.0,-14.0,34.984,129.118,-144.105,60.0,69.969,False,False,True,16.718,housing|node1
26.0,-12.0,43.245,129.118,-180.304,54.0,86.491,False,False,True,16.718,housing|node1
26.0,-10.0,53.796,129.118,-218.175,46.0,107.592,False,False,True,16.718,housing|node1
26.0,-8.0,71.47,129.118,-292.7,24.0,142.94,False,False,True,16.718,housing|node1
26.0,-6.0,95.938,129.118,-286.305,28.0,191.876,False,False,True,16.718,housing|node1
26.0,-4.0,114.179,129.118,-276.706,30.0,228.359,False,False,True,16.718,housing|node1
26.0,-2.0,122.117,129.118,-264.05,28.0,244.233,False,False,True,16.718,housing|node1
26.0,0.0,121.897,129.118,-248.555,26.0,243.794,False,False,True,16.718,housing|node1
26.0,2.0,115.553,129.118,-230.497,24.0,231.106,False,False,True,16.718,housing|node1
26.0,4.0,104.898,129.118,-210.21,26.0,209.795,False,False,True,16.718,housing|node1
26.0,6.0,90.238,129.118,-188.075,24.0,180.477,False,False,True,16.718,housing|node1
26.0,8.0,74.425,129.118,-164.511,32.0,148.85,False,False,True,16.718,housing|node1
26.0,10.0,56.866,129.118,-139.966,38.0,113.733,False,False,True,16.718,housing|node1
26.0,12.0,44.503,129.118,-123.586,38.0,89.006,False,False,True,16.718,housing|node1
26.0,14.0,35.537,129.118,-112.122,40.0,71.073,False,False,True,16.718,housing|node1
26.0,16.0,,,,,,False,False,False,-6.119,housing|node9
26.0,18.0,,,,,,False,False,False,-29.944,housing|node9
26.0,20.0,,,,,,False,False,False,-14.178,housing|node8
26.0,22.0,,,,,,False,False,False,-30.043,housing|node8
26.0,24.0,,,,,,False,False,False,-9.245,housing|node7
26.0,26.0,,,,,,False,False,False,-19.06,housing|node7
26.0,28.0,,,,,,False,False,False,-0.675,housing|node6
26.0,30.0,,,,,,False,False,False,-5.76,housing|node6
26.0,32.0,,,,,,False,False,False,-10.824,housing|node6
26.0,34.0,,,,,,False,False,False,-15.848,housing|node6
26.0,36.0,,,,,,False,False,False,-20.813,housing|node6
28.0,-36.0,71.715,200.518,170.0,32.0,143.431,False,False,True,5.328,housing|node4
28.0,-34.0,69.255,197.55,170.0,32.0,138.51,False,False,True,5.328,housing|node4
28.0,-32.0,64.492,191.805,170.0,34.0,128.984,False,False,True,5.328,housing|node4
28.0,-30.0,57.397,183.247,170.0,38.0,114.794,False,False,True,5.328,housing|node4
28.0,-28.0,59.396,171.904,-84.519,52.0,118.793,False,False,True,5.328,housing|node4
28.0,-26.0,61.036,157.874,-99.278,66.0,122.072,False,False,True,5.328,housing|node4
28.0,-24.0,59.663,141.319,-112.271,152.0,119.325,False,False,True,5.328,housing|node4
28.0,-22.0,45.114,122.467,-122.781,64.0,90.228,False,False,True,5.328,housing|node5
28.0,-20.0,47.849,120.333,-130.908,62.0,95.697,False,False,True,5.328,housing|node5
28.0,-18.0,53.443,120.333,-138.95,56.0,106.886,False,False,True,5.327,housing|node5
28.0,-16.0,60.457,120.333,-164.607,52.0,120.914,False,False,True,5.327,housing|node5
28.0,-14.0,69.949,120.333,-176.795,48.0,139.898,False,False,True,5.327,housing|node5
28.0,-12.0,81.919,120.333,-210.972,42.0,163.838,False,False,True,5.327,housing|node5
28.0,-10.0,99.457,120.333,-280.979,18.0,198.914,False,False,True,5.3,housing|node5
28.0,-8.0,123.155,120.333,-273.492,24.0,246.311,False,False,True,5.199,housing|node5
28.0,-6.0,138.092,120.333,-262.844,30.0,276.184,False,False,True,5.023,housing|node5
28.0,-4.0,140.918,120.333,-249.194,26.0,281.835,False,False,True,4.773,housing|node5
28.0,-2.0,135.555,120.333,-232.766,26.0,271.11,False,False,True,4.448,housing|node5
28.0,0.0,124.67,120.333,-213.847,26.0,249.341,False,False,True,4.049,housing|node5
28.0,2.0,109.973,120.333,-192.778,26.0,219.947,False,False,True,3.577,housing|node5
28.0,4.0,92.743,120.333,-169.947,30.0,185.485,False,False,True,3.032,housing|node5
28.0,6.0,73.285,120.333,-145.778,30.0,146.57,False,False,True,2.415,housing|node5
28.0,8.0,53.334,120.333,-120.723,34.0,106.667,False,False,True,1.726,housing|node5
28.0,10.0,40.472,120.333,-103.934,46.0,80.944,False,False,True,0.967,housing|node5
28.0,12.0,,,,,,False,False,False,-1.388,housing|node9
28.0,14.0,,,,,,False,False,False,-0.76,housing|node5
28.0,16.0,,,,,,False,False,False,-1.725,housing|node5
28.0,18.0,,,,,,False,False,False,-2.757,housing|node5
28.0,20.0,,,,,,False,False,False,-3.854,housing|node5
28.0,22.0,,,,,,False,False,False,-5.014,housing|node5
28.0,24.0,,,,,,False,False,False,-6.237,housing|node5
28.0,26.0,,,,,,False,False,False,-7.521,housing|node5
28.0,28.0,,,,,,False,False,False,-8.864,housing|node5
28.0,30.0,,,,,,False,False,False,-10.265,housing|node5
28.0,32.0,,,,,,False,False,False,-11.722,housing|node5
28.0,34.0,,,,,,False,False,False,-13.233,housing|node5
28.0,36.0,,,,,,False,False,False,-14.796,housing|node5
30.0,-36.0,,,,,,False,False,False,-14.0,housing|node4
30.0,-34.0,,,,,,False,False,False,-14.0,housing|node4
30.0,-32.0,,,,,,False,False,False,-14.0,housing|node4
30.0,-30.0,,,,,,False,False,False,-14.0,housing|node4
30.0,-28.0,,,,,,False,False,False,-14.0,housing|node4
30.0,-26.0,,,,,,False,False,False,-14.0,housing|node4
30.0,-24.0,,,,,,False,False,False,-14.0,housing|node4
30.0,-22.0,,,,,,False,False,False,-14.0,housing|node4
30.0,-20.0,,,,,,False,False,False,-14.0,housing|node4
30.0,-18.0,,,,,,False,False,False,-14.0,housing|node4
30.0,-16.0,,,,,,False,False,False,-14.0,housing|node4
30.0,-14.0,,,,,,False,False,False,-14.0,housing|node4
30.0,-12.0,,,,,,False,False,False,-14.0,housing|node4
30.0,-10.0,,,,,,False,False,False,-14.0,housing|node4
30.0,-8.0,,,,,,False,False,False,-14.0,housing|node4
30.0,-6.0,,,,,,False,False,False,-14.0,housing|node4
30.0,-4.0,,,,,,False,False,False,-14.0,housing|node4
30.0,-2.0,,,,,,False,False,False,-14.0,housing|node4
30.0,0.0,,,,,,False,False,False,-14.0,housing|node4
30.0,2.0,,,,,,False,False,False,-14.0,housing|node4
30.0,4.0,,,,,,False,False,False,-14.0,housing|node4
30.0,6.0,,,,,,False,False,False,-14.0,housing|node4
30.0,8.0,,,,,,False,False,False,-14.0,housing|node4
30.0,10.0,,,,,,False,False,False,-14.0,housing|node4
30.0,12.0,,,,,,False,False,False,-14.0,housing|node4
30.0,14.0,,,,,,False,False,False,-14.0,housing|node4
30.0,16.0,,,,,,False,False,False,-14.0,housing|node4
30.0,18.0,,,,,,False,False,False,-14.0,housing|node4
30.0,20.0,,,,,,False,False,False,-14.0,housing|node4
30.0,22.0,,,,,,False,False,False,-14.0,housing|node4
30.0,24.0,,,,,,False,False,False,-14.0,housing|node4
30.0,26.0,,,,,,False,False,False,-14.0,housing|node4
30.0,28.0,,,,,,False,False,False,-14.0,housing|node4
30.0,30.0,,,,,,False,False,False,-14.0,housing|node4
30.0,32.0,,,,,,False,False,False,-14.0,housing|node4
30.0,34.0,,,,,,False,False,False,-14.0,housing|node4
30.0,36.0,,,,,,False,False,False,-14.0,housing|node4
32.0,-36.0,,,,,,False,False,False,-31.715,housing|node4
32.0,-34.0,,,,,,False,False,False,-31.715,housing|node4
32.0,-32.0,,,,,,False,False,False,-31.715,housing|node4
32.0,-30.0,,,,,,False,False,False,-31.715,housing|node4
32.0,-28.0,,,,,,False,False,False,-31.715,housing|node4
32.0,-26.0,,,,,,False,False,False,-31.715,housing|node4
32.0,-24.0,,,,,,False,False,False,-31.715,housing|node4
32.0,-22.0,,,,,,False,False,False,-31.715,housing|node4
32.0,-20.0,,,,,,False,False,False,-31.715,housing|node4
32.0,-18.0,,,,,,False,False,False,-31.715,housing|node4
32.0,-16.0,,,,,,False,False,False,-31.715,housing|node4
32.0,-14.0,,,,,,False,False,False,-31.715,housing|node4
32.0,-12.0,,,,,,False,False,False,-31.715,housing|node4
32.0,-10.0,,,,,,False,False,False,-31.715,housing|node4
32.0,-8.0,,,,,,False,False,False,-31.715,housing|node4
32.0,-6.0,,,,,,False,False,False,-31.715,housing|node4
32.0,-4.0,,,,,,False,False,False,-31.715,housing|node4
32.0,-2.0,,,,,,False,False,False,-31.715,housing|node4
32.0,0.0,,,,,,False,False,False,-31.715,housing|node4
32.0,2.0,,,,,,False,False,False,-31.715,housing|node4
32.0,4.0,,,,,,False,False,False,-31.715,housing|node4
32.0,6.0,,,,,,False,False,False,-31.715,housing|node4
32.0,8.0,,,,,,False,False,False,-31.715,housing|node4
32.0,10.0,,,,,,False,False,False,-31.715,housing|node4
32.0,12.0,,,,,,False,False,False,-31.715,housing|node4
32.0,14.0,,,,,,False,False,False,-31.715,housing|node4
32.0,16.0,,,,,,False,False,False,-31.715,housing|node4
32.0,18.0,,,,,,False,False,False,-31.715,housing|node4
32.0,20.0,,,,,,False,False,False,-31.715,housing|node4
32.0,22.0,,,,,,False,False,False,-31.715,housing|node4
32.0,24.0,,,,,,False,False,False,-31.715,housing|node4
32.0,26.0,,,,,,False,False,False,-31.715,housing|node4
32.0,28.0,,,,,,False,False,False,-31.715,housing|node4
32.0,30.0,,,,,,False,False,False,-31.715,housing|node4
32.0,32.0,,,,,,False,False,False,-31.715,housing|node4
32.0,34.0,,,,,,False,False,False,-31.715,housing|node4
32.0,36.0,,,,,,False,False,False,-31.715,housing|node4
34.0,-36.0,,,,,,False,False,False,-14.297,housing|node3
34.0,-34.0,,,,,,False,False,False,-14.297,housing|node3
34.0,-32.0,,,,,,False,False,False,-14.297,housing|node3
34.0,-30.0,,,,,,False,False,False,-14.297,housing|node3
34.0,-28.0,,,,,,False,False,False,-14.297,housing|node3
34.0,-26.0,,,,,,False,False,False,-14.297,housing|node3
34.0,-24.0,,,,,,False,False,False,-14.297,housing|node3
34.0,-22.0,,,,,,False,False,False,-14.297,housing|node3
34.0,-20.0,,,,,,False,False,False,-14.297,housing|node3
34.0,-18.0,,,,,,False,False,False,-14.297,housing|node3
34.0,-16.0,,,,,,False,False,False,-14.297,housing|node3
34.0,-14.0,,,,,,False,False,False,-14.297,housing|node3
34.0,-12.0,,,,,,False,False,False,-14.297,housing|node3
34.0,-10.0,,,,,,False,False,False,-14.297,housing|node3
34.0,-8.0,,,,,,False,False,False,-14.297,housing|node3
34.0,-6.0,,,,,,False,False,False,-14.297,housing|node3
34.0,-4.0,,,,,,False,False,False,-14.297,housing|node3
34.0,-2.0,,,,,,False,False,False,-14.297,housing|node3
34.0,0.0,,,,,,False,False,False,-14.297,housing|node3
34.0,2.0,,,,,,False,False,False,-14.297,housing|node3
34.0,4.0,,,,,,False,False,False,-14.297,housing|node3
34.0,6.0,,,,,,False,False,False,-14.297,housing|node3
34.0,8.0,,,,,,False,False,False,-14.297,housing|node3
34.0,10.0,,,,,,False,False,False,-14.297,housing|node3
34.0,12.0,,,,,,False,False,False,-14.297,housing|node3
34.0,14.0,,,,,,False,False,False,-14.297,housing|node3
34.0,16.0,,,,,,False,False,False,-14.297,housing|node3
34.0,18.0,,,,,,False,False,False,-14.297,housing|node3
34.0,20.0,,,,,,False,False,False,-14.297,housing|node3
34.0,22.0,,,,,,False,False,False,-14.297,housing|node3
34.0,24.0,,,,,,False,False,False,-14.297,housing|node3
34.0,26.0,,,,,,False,False,False,-14.297,housing|node3
34.0,28.0,,,,,,False,False,False,-14.297,housing|node3
34.0,30.0,,,,,,False,False,False,-14.297,housing|node3
34.0,32.0,,,,,,False,False,False,-14.297,housing|node3
34.0,34.0,,,,,,False,False,False,-14.297,housing|node3
34.0,36.0,,,,,,False,False,False,-14.297,housing|node3
36.0,-36.0,,,,,,False,False,False,-28.221,housing|node3
36.0,-34.0,,,,,,False,False,False,-28.221,housing|node3
36.0,-32.0,,,,,,False,False,False,-28.221,housing|node3
36.0,-30.0,,,,,,False,False,False,-28.221,housing|node3
36.0,-28.0,,,,,,False,False,False,-28.221,housing|node3
36.0,-26.0,,,,,,False,False,False,-28.221,housing|node3
36.0,-24.0,,,,,,False,False,False,-28.221,housing|node3
36.0,-22.0,,,,,,False,False,False,-28.221,housing|node3
36.0,-20.0,,,,,,False,False,False,-28.221,housing|node3
36.0,-18.0,,,,,,False,False,False,-28.221,housing|node3
36.0,-16.0,,,,,,False,False,False,-28.221,housing|node3
36.0,-14.0,,,,,,False,False,False,-28.221,housing|node3
36.0,-12.0,,,,,,False,False,False,-28.221,housing|node3
36.0,-10.0,,,,,,False,False,False,-28.221,housing|node3
36.0,-8.0,,,,,,False,False,False,-28.221,housing|node3
36.0,-6.0,,,,,,False,False,False,-28.221,housing|node3
36.0,-4.0,,,,,,False,False,False,-28.221,housing|node3
36.0,-2.0,,,,,,False,False,False,-28.221,housing|node3
36.0,0.0,,,,,,False,False,False,-28.221,housing|node3
36.0,2.0,,,,,,False,False,False,-28.221,housing|node3
36.0,4.0,,,,,,False,False,False,-28.221,housing|node3
36.0,6.0,,,,,,False,False,False,-28.221,housing|node3
36.0,8.0,,,,,,False,False,False,-28.221,housing|node3
36.0,10.0,,,,,,False,False,False,-28.221,housing|node3
36.0,12.0,,,,,,False,False,False,-28.221,housing|node3
36.0,14.0,,,,,,False,False,False,-28.221,housing|node3
36.0,16.0,,,,,,False,False,False,-28.221,housing|node3
36.0,18.0,,,,,,False,False,False,-28.221,housing|node3
36.0,20.0,,,,,,False,False,False,-28.221,housing|node3
36.0,22.0,,,,,,False,False,False,-28.221,housing|node3
36.0,24.0,,,,,,False,False,False,-28.221,housing|node3
36.0,26.0,,,,,,False,False,False,-28.221,housing|node3
36.0,28.0,,,,,,False,False,False,-28.221,housing|node3
36.0,30.0,,,,,,False,False,False,-28.221,housing|node3
36.0,32.0,,,,,,False,False,False,-28.221,housing|node3
36.0,34.0,,,,,,False,False,False,-28.221,housing|node3
36.0,36.0,,,,,,False,False,False,-28.221,housing|node3
