{
  "unit": {
    "mass": "kg",
    "length": "m"
  },
  "mass": 0.1,
  "com": [
    0.0277214464114129,
    0.0,
    0.0
  ],
  "inertia": {
    "ixx": 0.0001027469223906377,
    "iyy": 5.511532329418182e-05,
    "izz": 8.143506757021079e-05,
    "ixy": 0.0,
    "ixz": -0.0,
    "iyz": 0.0
  }
}