<?xml version="1.0" encoding="UTF-8"?>
<COLLADA xmlns="http://www.collada.org/2005/11/COLLADASchema" version="1.4.1">
    <asset>
        <contributor>
            <author>VCGLab</author>
            <authoring_tool>VCGLib | MeshLab</authoring_tool>
        </contributor>
        <created>Wed Jun 24 09:23:19 2026 GMT</created>
        <modified>Wed Jun 24 09:23:19 2026 GMT</modified>
        <up_axis>Y_UP</up_axis>
    </asset>
    <library_geometries>
        <geometry id="shape0-lib" name="shape0">
            <mesh>
                <source id="shape0-lib-positions" name="position">
                    <float_array id="shape0-lib-positions-array" count="11439">0.0373611 0.0489937 -0.000379449 0.0370775 0.0486428 -0.000517929 0.0360153 0.049766 -0.00790585 0.036754 0.0486835 -0.00417045 0.0359879 0.0487042 -0.00822003 0.034097 0.0490888 -0.0136687 0.0355725 0.0566168 -0.00986413 0.0337521 0.0554284 -0.0145656 0.0333302 0.0564721 -0.015499 0.0342263 0.0567933 -0.0143395 0.0434734 0.056794 -0.0200087 0.0410874 0.0566169 -0.0249991 0.0311517 0.0567938 -0.0200101 0.0307698 0.0563809 -0.0198393 0.0292703 0.0565007 -0.021928 0.0334661 0.048882 -0.0151228 0.03072 0.049747 -0.019906 0.0264262 0.0564149 -0.0251735 0.0242024 0.0564006 -0.0272444 0.0257048 0.0567939 -0.0264178 0.0300663 0.0567942 -0.0370402 0.036978 0.056585 -0.0306631 0.0391457 0.0567931 -0.0274863 0.0387601 0.0564582 -0.0284321 0.0408296 0.0526131 -0.0254351 0.0412206 0.0540923 -0.0248542 0.0412294 0.0511798 -0.0248401 0.0445779 0.0488116 -0.0183874 0.0426016 0.0488572 -0.0225007 0.0428112 0.0484961 -0.0214185 0.0452789 0.0484966 -0.0157503 0.0322727 0.048686 -0.017502 0.0306699 0.0488289 -0.0200651 0.0293303 0.0489451 -0.0218344 0.0264877 0.0488748 -0.0251102 0.0242429 0.0488655 -0.0272096 0.0211648 0.0489215 -0.0295971 0.0180723 0.048886 -0.0315173 0.0182445 0.0564039 -0.0314248 0.0144726 0.0564837 -0.033277 0.0110949 0.0488813 -0.0344984 0.00398099 0.049747 -0.035938 0.00688958 0.0564185 -0.0355326 0.000184743 0.0564773 -0.0361837 0.00393398 0.0564079 -0.0359451 -0.000946 0.055544 -0.03611 -0.000922488 0.0488954 -0.0361152 -0.00377008 0.0488 -0.0359225 -0.00350594 0.055544 -0.035938 -0.0043727 0.0565958 -0.0359082 -0.00896017 0.0563777 -0.0349855 -0.00863977 0.0488971 -0.0350445 -0.0110346 0.0489235 -0.0343626 -0.0111163 0.056123 -0.0343313 -0.0100046 0.0567921 -0.0350898 -6.58917e-05 0.0567928 -0.0365692 -0.0124065 0.0567948 -0.0455987 -0.0214189 0.056795 -0.0298051 -0.0170582 0.0566859 -0.0442718 0.00661356 0.0567913 -0.0359811 0.0148061 0.0567938 -0.033634 -0.00757601 0.0567847 -0.0466774 0.000597294 0.056795 -0.0472214 -0.0285187 0.0567941 -0.023085 -0.0324692 0.0564756 -0.0162175 -0.0327448 0.055524 -0.0156597 -0.0353945 0.0555412 -0.00844598 -0.0353951 0.0497516 -0.00844158 -0.0327576 0.0497658 -0.0156335 -0.0343442 0.0564982 -0.0119881 -0.0359274 0.0564891 -0.00628857 -0.0361335 0.0567927 -0.00670926 -0.0365087 0.0555488 -0.000685866 -0.0368555 0.0567863 -0.000799003 -0.036483 0.049747 -0.000858992 -0.0360763 0.0487938 -0.00557578 -0.0333088 0.0485624 -0.0152118 -0.0330167 0.048495 -0.0164389 -0.0343441 0.0487918 -0.0119881 -0.0319743 0.0488031 -0.0172097 -0.0286329 0.04868 -0.0222616 -0.0286787 0.0491426 -0.0221436 -0.0286613 0.0556533 -0.0221488 -0.0320362 0.056637 -0.0172192 -0.0290644 0.056602 -0.0217105 -0.0233666 0.0554461 -0.027613 -0.025118 0.0564809 -0.0260464 -0.0229755 0.0565965 -0.0279421 -0.020838 0.0566 -0.0295536 -0.0177089 0.055544 -0.031449 -0.0186913 0.0565677 -0.0309451 -0.0159773 0.0563832 -0.0323614 -0.0149627 0.0567932 -0.0333083 -0.0178896 0.0488079 -0.0313594 -0.015935 0.0489525 -0.0323811 -0.0100045 0.0484979 -0.0350899 -0.015828 0.048495 -0.044345 -0.0149624 0.0484968 -0.0333085 -0.0214189 0.048495 -0.0298051 -0.024857 0.0485635 -0.0266472 -0.0267107 0.0487798 -0.0244474 -0.0232858 0.0498549 -0.0276809 -0.0225507 0.0487598 -0.0283217 -0.0277563 0.048495 -0.0240428 -0.0237084 0.0485214 -0.0410241 -0.0325628 0.0484957 -0.0344257 -0.033034 0.0488959 -0.0343567 -0.0295595 0.0488062 -0.0373324 -0.0306242 0.056607 -0.0364868 -0.0340986 0.0565264 -0.033292 -0.0367515 0.0488094 -0.0303927 -0.0368435 0.0562951 -0.0302752 -0.0407488 0.0540902 -0.0248726 -0.0392682 0.0490457 -0.0271097 -0.0411947 0.048683 -0.024064 -0.0425755 0.0498248 -0.0216418 -0.0403596 0.0526408 -0.025452 -0.0386758 0.0564356 -0.0279135 -0.0359929 0.0567937 -0.0307549 -0.0392944 0.056794 -0.0264832 -0.0284878 0.0567948 -0.0377765 -0.0266548 0.056472 -0.0394524 -0.0218555 0.0567577 -0.0420419 -0.0202892 0.0564293 -0.043056 -0.0232616 0.0562881 -0.0415222 -0.0230446 0.0488411 -0.0416412 -0.0264981 0.0488526 -0.0395547 -0.0201325 0.0488215 -0.043127 -0.0175642 0.0562613 -0.0442293 -0.0159629 0.0486957 -0.0448176 -0.0126338 0.0486961 -0.045886 -0.00896056 0.0485084 -0.0464787 -0.0102296 0.0488142 -0.04648 -0.014271 0.056295 -0.045396 -0.0102447 0.0563042 -0.0464821 -0.00742721 0.0564995 -0.0470298 -0.0127211 0.0564726 -0.0458546 -0.00544661 0.0564654 -0.0472918 0.00289713 0.0488636 -0.0475615 0.00322865 0.0562857 -0.0475434 0.00916341 0.0564558 -0.0468254 0.0115885 0.0567946 -0.0459178 0.0058289 0.0566382 -0.0472893 0.0222325 0.0567934 -0.0419827 0.0141475 0.0564382 -0.0455902 0.0174892 0.0565959 -0.0444357 0.01788 0.0488657 -0.0443045 0.0150049 0.0484954 -0.0449964 0.0249269 0.0484961 -0.0271398 0.00095391 0.048496 -0.0473736 0.0215187 0.0486734 -0.029479 0.0184929 0.048495 -0.0319743 0.0165035 0.0485632 -0.0326446 0.0144004 0.0488768 -0.0332989 0.0117191 0.0484957 -0.0346877 0.00620665 0.0484976 -0.036091 0.00153821 0.0486944 -0.0361677 0.00662549 0.0488063 -0.0355887 -0.00230153 0.0484968 -0.0364334 0.0344497 0.0487203 -0.0334117 0.0293593 0.0484962 -0.0224774 0.0381237 0.0484971 -0.0288622 0.0402318 0.048818 -0.0263762 0.0426072 0.0498819 -0.0224993 0.0379935 0.049017 -0.0294697 0.0343719 0.056472 -0.0334877 0.0308487 0.04901 -0.0367022 0.0317451 0.0565799 -0.0359283 0.0287158 0.0563098 -0.0383404 0.0241016 0.0564195 -0.0413217 0.0208648 0.0564374 -0.0430098 0.0244013 0.048847 -0.0411491 0.0266456 0.0564823 -0.0397574 0.0274253 0.0488476 -0.0392479 0.0302512 0.0484968 -0.0368537 0.0235434 0.0484959 -0.0412798 0.0216126 0.0487074 -0.0426333 0.0212662 0.05642 -0.029521 0.0213484 0.0567946 -0.029922 0.0111704 0.0565068 -0.0344739 0.0344533 0.0484962 -0.0138616 -0.00176535 0.0488441 -0.0476096 -0.0052229 0.0488506 -0.047318 -0.00771552 0.0488456 -0.0469733 -0.00140815 0.0564218 -0.0476263 0.00741689 0.0488305 -0.0471223 0.0112098 0.0486712 -0.0463509 0.0138188 0.0488481 -0.0456877 0.000218898 0.0567071 -0.0474867 -0.034262 0.0567944 -0.0132456 -0.0437906 0.0567925 -0.0186081 -0.0418288 0.0564431 -0.0230895 -0.0446708 0.0564554 -0.0170637 -0.0464304 0.0567932 -0.010646 -0.0463255 0.0564361 -0.0120783 -0.0459085 0.053876 -0.0132065 -0.0447804 0.055082 -0.016409 -0.0433245 0.0555222 -0.0201705 -0.04189 0.055023 -0.00737899 -0.040885 0.054018 -0.00737899 -0.0432632 0.0553913 -0.00737899 -0.04564 0.054018 -0.00737899 -0.044635 0.055023 -0.00737899 -0.044213 0.054291 -0.00737899 -0.0451729 0.0531553 -0.00737899 -0.044213 0.054291 -0.00217896 -0.0451273 0.0531429 -0.00217896 -0.044908 0.051696 -0.00737899 -0.044908 0.051696 -0.00217896 -0.046008 0.052645 -0.00737899 -0.04564 0.051273 -0.00737899 -0.044635 0.050268 -0.00737899 -0.0471163 0.0566183 -0.00862815 -0.0470893 0.0488664 -0.00880958 -0.0462479 0.0484952 -0.011306 -0.0358159 0.0484963 -0.00827773 -0.0475113 0.0486886 -0.00624533 -0.0475214 0.05645 -0.00625418 -0.0475245 0.056795 -0.00087866 -0.047973 0.05657 -0.00141058 -0.0474992 0.0565089 -0.000381621 -0.0366247 0.0566008 -0.000437086 -0.0368163 0.0488444 -0.00038162 -0.0365919 0.0486122 -0.000568862 -0.0369533 0.0484961 -0.000927223 -0.0476959 0.0484969 -0.000767689 -0.0479724 0.0488587 -0.0020673 -0.0478678 0.0487034 -0.000531343 -0.047989 0.052645 -0.000894991 -0.0479661 0.0564635 -0.000606515 -0.0474996 0.0488375 -0.000382851 -0.044835 0.0488069 -0.0166007 -0.0434995 0.0486486 -0.0196592 -0.044662 0.050222 -0.013385 -0.0447866 0.0502368 -0.0159878 -0.0446147 0.0499504 -0.0171779 -0.0432676 0.0497884 -0.0198108 -0.0407522 0.0511959 -0.0248443 -0.04189 0.050268 -0.00737899 -0.040885 0.051273 -0.00737899 -0.042313 0.051 -0.00737899 -0.0405166 0.0526453 -0.00737899 -0.0413533 0.0521316 -0.00737899 -0.041399 0.0521437 -0.00217896 -0.041617 0.0535949 -0.00217896 -0.042313 0.051 -0.00217896 -0.0437743 0.0507351 -0.00217896 -0.0427501 0.0545547 -0.00217896 -0.043263 0.0499 -0.00737899 -0.043762 0.0507808 -0.00737899 -0.0427622 0.054509 -0.00737899 -0.041617 0.0535949 -0.00737899 -0.0418674 0.0551841 -0.0229508 -0.0418473 0.0501288 -0.0227137 -0.0464758 0.0524818 -0.0114207 -0.0461016 0.0525729 -0.0116717 -0.0458548 0.0508961 -0.0136686 -0.0461983 0.0488135 -0.0124919 -0.0457226 0.0512714 -0.0131587 -0.0385214 0.0484956 -0.0275714 0.0369755 0.048495 -0.00588067 0.0475438 0.0484968 -0.00753849 0.048078 0.048495 -0.000879834 0.047265 0.0488401 -0.0102558 0.0459529 0.0488157 -0.0148091 0.0458541 0.0504175 -0.015108 0.0449614 0.0499039 -0.0174673 0.0437919 0.0498038 -0.0190483 0.0423422 0.0501822 -0.0179235 0.041311 0.051245 -0.013519 0.0412218 0.0514441 -0.00749405 0.0409893 0.0526448 -0.00737997 0.0436892 0.0498478 -0.0073886 0.0421728 0.0503413 -0.00738624 0.0452532 0.0502429 -0.0160673 0.0461389 0.0511609 -0.0132357 0.0452973 0.0503818 -0.0074534 0.0468478 0.0520593 -0.0118357 0.046581 0.0525756 -0.0115708 0.046733 0.0535447 -0.0122506 0.045138 0.0550719 -0.013519 0.0460245 0.0542336 -0.0077415 0.042337 0.0550719 -0.013519 0.0437371 0.0553947 -0.0075231 0.0451712 0.0550866 -0.0161525 0.0464791 0.0540262 -0.0131332 0.0465993 0.0564343 -0.0127541 0.0474824 0.0565888 -0.00920167 0.0479883 0.0565919 -0.00621971 0.0483056 0.0562668 -0.00366374 0.048464 0.052645 -0.000893991 0.0480908 0.0488092 -0.00556306 0.0481026 0.0486859 -0.000435377 0.0372971 0.0485022 -0.000866677 0.0481439 0.0564558 -0.000383108 0.0484509 0.0487035 -0.000661858 0.0484631 0.0564126 -0.000760799 0.0481591 0.0567937 -0.000732531 0.0372924 0.0567722 -0.000698592 0.0360194 0.0558541 -0.00788609 0.0367083 0.0564877 -0.00429079 0.0370189 0.0562866 -0.000599638 0.036958 0.049747 -0.000858992 0.0365494 0.0567939 -0.00782514 0.0456756 0.0567941 -0.0146672 0.0450918 0.0564866 -0.0171961 0.0449795 0.0554175 -0.0174722 0.0437239 0.0555273 -0.0200863 0.0426616 0.05643 -0.0223942 0.0423481 0.0551922 -0.0229227 0.041311 0.054046 -0.0135195 0.0412938 0.0540029 -0.00738795 0.042691 0.0552069 -0.00740175 0.0461838 0.0514093 -0.00737856 0.0449216 0.0551644 -0.00738576 0.0465408 0.0526884 -0.00737957 0.0461572 0.0541007 -0.0130386 0.0372964 0.0564272 -0.000381671 0.0175927 0.0115351 0.0470264 0.011417 0.011322 0.048538 0.00303996 0.011185 0.0494 -0.013567 0.010987 0.046959 -0.00934323 0.0114526 0.048268 -0.0211229 0.0110398 0.0438926 -0.0172498 0.0114339 0.0457987 -0.028443 0.010879 0.039252 -0.0245891 0.0114291 0.0421111 -0.0430001 0.0111471 0.0221728 -0.046784 0.010806 0.011539 -0.0455688 0.010757 0.0158708 0.019018 0.00816797 0.045207 0.018377 0.00537198 0.043045 0.0198954 0.00335255 0.039216 0.014917 0.0031758 0.0408244 -0.039857 0.000397998 0.011699 -0.041651 0.00240594 0.012834 -0.04292 0.002482 0.00903499 0.013214 -0.000151006 0.033945 -0.038127 -0.00140494 0.010557 0.012982 -0.00171096 0.031714 -0.0371252 -0.00266771 0.0100447 0.012871 -0.00250298 0.031239 1.1e-05 -0.002648 0.0334589 -0.013073 -0.00279499 0.031682 -0.045851 0.00770294 0.010735 -0.044556 0.00490296 0.00989997 -0.019296 -0.00286597 0.029228 -0.0249643 -0.00292516 0.0254619 -0.0309683 -0.00300385 0.0194585 -0.0339109 -0.00266339 0.0156681 0.0239612 0.0168671 0.0447548 0.0195788 0.0171975 0.0467604 0.00125423 0.0157068 0.0502315 -0.00341419 0.0111155 0.0491661 -0.0311434 0.0113509 0.0372645 -0.0393858 0.0156147 0.0302454 -0.0400179 0.0110822 0.0270445 -0.043876 0.0156877 0.0232779 -0.047474 0.0141539 0.012357 0.022871 0.00819194 0.043618 0.022086 0.00540798 0.041473 -0.043569 0.00261199 0.00547898 0.0187901 -0.00157632 0.0289896 -0.03948 -0.00256008 0.00322417 0.0189529 -0.00249658 0.0282799 0.00653762 -0.00257357 0.0328796 -0.00658767 -0.00271707 0.0330646 -0.019494 -0.00339896 0.029028 0.015065 0.00811999 0.046452 0.00882109 0.00806219 0.0477328 0.00068641 0.00791358 0.0480988 -0.00547796 0.00784897 0.047465 -0.00952297 0.00781696 0.0466609 -0.0154833 0.00777916 0.0448774 -0.021082 0.00776594 0.042334 -0.024654 0.00775497 0.040266 -0.028022 0.00773697 0.037891 -0.031141 0.00769996 0.035226 -0.0354126 0.00762192 0.0307677 -0.039059 0.00758296 0.025861 -0.0422047 0.00756015 0.0205613 -0.044604 0.00757795 0.014948 0.014562 0.00532895 0.044252 0.00864277 0.00526912 0.045491 0.000400871 0.00514368 0.0458324 -0.00528497 0.00507598 0.045238 -0.0114124 0.00506051 0.0439668 -0.016784 0.00500094 0.042035 -0.0224071 0.00490282 0.0392441 -0.0271389 0.00495594 0.0361079 -0.030164 0.00491899 0.033529 -0.0344013 0.00478681 0.029024 -0.0378449 0.00479996 0.024471 -0.0410635 0.00483974 0.0191729 -0.043296 0.00479197 0.013936 0.00824661 0.0031099 0.0423961 0.000273106 0.00295859 0.0428067 -0.00804328 0.002795 0.0416719 -0.015867 0.00277995 0.039462 -0.0227 0.00270599 0.036095 -0.028786 0.00261199 0.031521 -0.0147121 -0.000686212 0.0336506 -0.0334928 0.00215237 0.0258963 -0.0378134 0.00198096 0.0196025 0.00663996 -0.000307006 0.035472 -0.000884431 -0.000483783 0.0359139 -0.00694597 -0.000642006 0.03532 -0.0203812 -0.000883051 0.0310265 -0.0262646 -0.000836996 0.027214 -0.030557 -0.00124198 0.022263 -0.034787 -0.001342 0.016714 0.00663698 -0.00182599 0.033328 7.1e-05 -0.00194598 0.033888 -0.00654495 -0.00206799 0.033463 -0.013068 -0.00218899 0.032055 -0.0193 -0.00230498 0.029585 -0.024927 -0.00240899 0.025864 -0.029767 -0.002491 0.021139 0.0235079 0.011673 0.0445974 -0.028129 0.0157006 0.0410773 -0.0343751 0.0159794 0.0360106 -0.0362223 0.0108065 0.0319239 0.02303 0.00899398 0.043974 0.021961 0.00507896 0.041093 0.020237 0.00172898 0.0349855 0.0214154 0.00234756 0.0360098 -0.041564 0.000104106 0.0047392 0.0215721 -0.00035875 0.0287793 0.0160116 0.0178407 0.0481111 0.00765601 0.0115184 0.0491833 -0.0141959 0.0158798 0.0479529 0.0164511 -0.00563124 0.0291772 0.00365299 -0.00340498 0.033119 -0.00923598 -0.003402 0.032509 -0.0464245 0.00814999 0.0059508 -0.04508 0.00509247 0.00617045 -0.0174439 -0.00339997 0.03 -0.021307 -0.00339896 0.028008 -0.0279369 -0.00530006 0.0222852 -0.0483751 0.0187928 0.0115892 -0.0456489 0.00537104 0.000152305 -0.0436929 0.00220597 0.00227594 -0.0479262 0.0159702 0.00876833 -0.0442631 0.00281284 0.000521068 -0.0417118 -0.000497392 0.000739877 -0.00726834 0.0183512 0.0500038 -0.021515 0.016135 0.0450979 -0.04697 0.015946 0.016398 0.00861052 0.0184113 0.049913 -0.0150729 0.018636 0.048234 -0.0315567 0.0188007 0.0392891 -0.0477302 0.0188051 0.0161168 0.0111118 0.0178772 0.0494092 0.000545234 0.0187114 0.0506727 -0.0211155 0.0187692 0.0458221 -0.024646 0.018791 0.0439939 -0.028213 0.018793 0.041774 -0.0375449 0.0188153 0.0335845 -0.0419798 0.0189428 0.0277732 -0.0449998 0.018782 0.0226376 -0.0364473 -0.00530282 0.00274656 -0.00956398 -0.011812 0.018819 -0.00228596 -0.011956 0.019674 0.00495157 -0.0122179 0.0180332 0.012204 -0.0112939 0.018363 0.018921 -0.010406 0.015773 0.024645 -0.00900298 0.01162 -0.0343213 -0.00700068 0.00564241 0.0260908 -0.00750811 0.0132444 -0.0349022 -0.00485136 0.0078109 -0.0306337 -0.00487712 0.015243 -0.0222516 -0.00547281 0.0238144 -0.011536 -0.00576097 0.0288849 0.000270124 -0.00585176 0.0302619 0.012137 -0.00563497 0.028184 0.0194471 -0.00527485 0.0242738 0.0226279 -0.00515396 0.021287 0.0255049 -0.0046098 0.0177624 0.0275779 -0.00502835 0.0139682 0.019122 -0.0112847 0.0110825 0.0242761 -0.00989853 0.0082376 0.0260975 -0.00924791 0.00653666 -0.0165561 -0.0115334 0.0162869 0.0281258 -0.00731731 0.00868064 -0.0337733 -0.00184456 0.0113838 -0.0264801 -0.00521262 0.0201056 -0.0188138 -0.00558155 0.0260404 0.00808647 -0.0057675 0.029324 0.016042 -0.00545456 0.0264689 0.022671 -0.00339198 0.021664 0.0293153 -0.00462132 0.00993646 -0.029891 -0.007918 0.0122319 -0.03245 -0.00715399 0.009408 -0.025032 -0.00895028 0.0166001 -0.017656 -0.00986696 0.021051 -0.0104589 -0.010292 0.023385 -0.00294697 -0.01043 0.0244459 0.00466597 -0.010301 0.0243119 0.0107644 -0.010006 0.0232654 0.019162 -0.00913 0.019604 0.015783 -0.00955797 0.02145 0.022261 -0.00858396 0.0172279 -0.0330969 -0.00529366 0.0112267 -0.03053 -0.00613797 0.014381 -0.0266821 -0.00667888 0.018692 -0.01857 -0.00744695 0.024726 -0.0219549 -0.00720698 0.022648 -0.0112579 -0.00774098 0.027465 -0.00353795 -0.00784296 0.028709 0.00434196 -0.00776798 0.028551 0.0104697 -0.00759145 0.0273899 0.015892 -0.007285 0.025192 0.019377 -0.00700295 0.023026 0.022533 -0.00664097 0.020239 0.025221 -0.00620794 0.016981 -0.0373256 -0.00424377 0.000292227 -0.0289936 -0.0093126 0.00947909 -0.0227309 -0.0107718 0.0132026 -0.00923851 -0.0124499 0.0161253 -0.00142164 -0.0127252 0.0161777 0.0128576 -0.0121073 0.0142012 -0.0361827 -0.00192629 0.00591193 -0.00382712 -0.00581901 0.0301817 0.00431483 -0.00577778 0.0300104 0.0120433 -0.00334552 0.0287234 -0.00318599 -0.013769 -0.010583 -0.010575 -0.013625 -0.011089 -0.017886 -0.013127 -0.012033 -0.025014 -0.0121559 -0.013542 -0.031781 -0.0106789 -0.0158229 0.00473411 -0.0138606 -0.00508832 -0.037352 -0.00814497 -0.0131 -0.031521 -0.01077 -0.00940997 0.012801 -0.013286 0.00120496 0.01998 -0.011856 0.004686 0.013124 -0.012931 0.00755697 0.00590897 -0.013487 0.00915396 -0.00143897 -0.01368 0.00955194 -0.00878197 -0.013517 0.00914395 -0.016058 -0.012955 0.00812 -0.023149 -0.011861 0.00630897 -0.0298435 -0.0102429 0.00343905 -0.035564 -0.00778896 -0.000886001 -0.037666 -0.00601596 -0.00364 -0.0399438 -0.00379074 -0.0135773 -0.0384463 -0.00445064 -0.00460412 0.00760188 -0.0132545 -0.0128418 -0.0104632 -0.0132096 -0.0173458 -0.0180449 -0.012805 -0.017343 -0.025044 -0.011982 -0.017346 -0.031781 -0.010636 -0.017349 -0.03488 -0.00959396 -0.017351 0.0136271 -0.013111 -0.00663919 -0.03757 -0.008147 -0.017352 -0.0396296 -0.00603866 -0.0173507 0.022804 -0.011141 0.00305599 0.0193369 -0.0122457 -0.000608559 -0.040258 -0.00454141 -0.0173529 -0.00259596 -0.014078 -0.00386 -0.010068 -0.013921 -0.004336 -0.017467 -0.01338 -0.00531095 -0.024683 -0.012332 -0.00692499 0.005467 -0.013885 0.00257098 -0.00199699 -0.01409 0.00285697 -0.00945598 -0.0139249 0.00241297 -0.016845 -0.013361 0.00141197 -0.024052 -0.0122679 -0.000302002 -0.030874 -0.0106529 -0.00298596 -0.036671 -0.00804496 -0.00699896 -0.038726 -0.00609696 -0.00956696 -0.0395572 -0.00455759 -0.0109624 0.00319938 -0.0132482 -0.0156179 -0.00143096 -0.0132707 -0.0170626 0.00474937 -0.0150391 0.0164765 0.011993 -0.014492 0.01566 0.018835 -0.0137509 0.0126 0.025003 -0.0113252 0.0134021 -0.0387959 -0.00609297 0.00299096 -0.0239792 -0.0127906 0.014662 -0.028883 -0.0114635 0.0121896 -0.018504 -0.013175 0.0185969 -0.02203 -0.012714 0.016915 -0.00938565 -0.013824 0.0212458 -0.014871 -0.013504 0.019888 -0.00343197 -0.013927 0.021953 0.0026644 -0.01385 0.0221164 0.0288771 -0.00981936 0.00948771 -0.037231 -0.006881 0.00676799 -0.0380329 -0.00534793 0.00659309 -0.035635 -0.005992 0.01147 -0.033273 -0.00655997 0.0149929 0.026633 -0.00680095 0.019404 0.029142 -0.00623399 0.0155719 -0.0290911 -0.00715958 0.0200385 -0.024794 -0.00571996 0.025059 -0.02118 -0.005889 0.027625 -0.017329 -0.00600797 0.029582 -0.0133415 -0.00607781 0.03103 -0.00915599 -0.00613499 0.032053 -0.00478697 -0.00603037 0.0327294 -0.000707906 -0.00612491 0.03288 0.00366998 -0.006127 0.032658 0.00807768 -0.00596456 0.0320284 0.0122362 -0.00596783 0.0308556 0.028649 -0.00846499 0.0136099 0.020323 -0.00567895 0.026734 0.0240841 -0.00516958 0.0235459 -0.0400028 -0.00337828 0.000367179 -0.0397976 -0.00479827 0.000737906 0.024653 -0.012486 0.00817197 0.0269576 -0.0115159 0.00744389 -0.0382863 -0.00719974 0.00276985 -0.0367379 -0.00815971 0.0054939 -0.0313742 -0.0107272 0.0103773 -0.017487 -0.0142339 0.014826 -0.00902301 -0.0149962 0.0162451 0.029339 -0.003393 0.016301 0.0270061 -0.00460388 0.0201138 0.030306 -0.00768298 0.010984 0.0310948 -0.00537912 0.0118157 0.011975 -0.013325 0.020744 0.00816399 -0.013608 0.021516 0.0179462 -0.0126779 0.0186391 0.022486 -0.011769 0.016059 -0.034993 -0.00807798 0.010005 -0.032424 -0.00899399 0.013037 -0.029572 -0.00973398 0.015875 -0.026498 -0.010345 0.018507 -0.023286 -0.010853 0.0208819 -0.019727 -0.011274 0.022962 -0.01601 -0.011572 0.024555 -0.0104037 -0.0118288 0.0262528 -0.00416297 -0.011958 0.027095 0.0021737 -0.0119205 0.0272515 0.00799894 -0.011709 0.026562 0.0120209 -0.011473 0.0256129 0.015911 -0.011143 0.024212 0.019628 -0.010691 0.022291 0.023045 -0.010096 0.019824 0.026048 -0.00936097 0.016908 -0.024421 -0.00775999 0.024098 -0.020821 -0.00805098 0.02654 -0.017007 -0.008254 0.0284049 -0.013009 -0.00839097 0.0298009 -0.00691615 -0.00845665 0.0311903 -0.000543 -0.00850899 0.03155 0.003721 -0.00845898 0.031352 0.00795597 -0.008362 0.030728 0.012178 -0.00820899 0.02962 0.016256 -0.00799096 0.027978 0.020131 -0.00768596 0.025718 0.023636 -0.00728399 0.022815 0.005799 -0.015021 0.0161869 0.01262 -0.0146126 0.014602 0.020017 -0.013635 0.011188 -0.0345971 -0.00931083 0.00786529 -0.016287 -0.014382 0.015091 -0.00114166 -0.0151732 0.0166384 0.028558 -0.00339395 0.017726 0.00430196 -0.016312 -0.00646097 -0.00339997 -0.016495 -0.00637299 -0.0110919 -0.016305 -0.00689197 -0.018696 -0.0157159 -0.00789899 -0.026094 -0.014608 -0.00953496 -0.033101 -0.012926 -0.011985 -0.0391999 -0.00999695 -0.015338 0.012611 -0.015837 -0.000156003 0.020236 -0.0143999 0.00436097 0.013071 -0.015502 0.00715494 0.00555396 -0.016064 0.00869494 -0.00209099 -0.016241 0.00902199 -0.00972295 -0.016035 0.00856399 -0.01728 -0.015395 0.00747996 -0.024659 -0.014178 0.00560295 -0.031606 -0.0123719 0.00271398 -0.037565 -0.00950795 -0.00131196 -0.03976 -0.00746 -0.003586 -0.040874 -0.00761497 -0.010396 0.0178529 -0.0150827 -0.00217676 0.00998168 -0.0157443 -0.0105414 0.00285102 -0.0157779 -0.0157381 -0.00115123 -0.0158251 -0.01698 -0.0269167 -0.014236 -0.0173467 -0.03316 -0.012844 -0.01735 -0.039246 -0.0100199 -0.017353 -0.0414867 -0.00771224 -0.0173537 0.0227809 -0.013784 0.00303197 0.020068 -0.014621 0.000163998 -0.042272 -0.00457096 -0.0124879 -0.0413077 -0.00455964 -0.00612127 0.00500297 -0.016434 0.00112599 -0.00273096 -0.016621 0.00133395 -0.010456 -0.0164159 0.000843997 -0.018102 -0.015785 -0.000202003 -0.025547 -0.014601 -0.00196099 -0.032587 -0.012828 -0.00463098 -0.038668 -0.00983494 -0.00831896 0.00606532 -0.015743 -0.0140021 -0.00580429 -0.0158411 -0.0173536 -0.0143471 -0.0155967 -0.0173412 -0.0206169 -0.015115 -0.0173437 -0.041181 -0.00335596 -0.00520805 -0.0427273 -0.00453102 -0.0173559 -0.0421611 -0.00338292 -0.011414 -0.0427099 0.000226002 -0.012086 -0.043655 0.00326097 -0.0124209 -0.044805 0.00612599 -0.0125649 -0.0469555 0.0113822 -0.0124227 -0.048085 0.015705 -0.012253 -0.042228 -0.000449999 -0.006347 -0.041477 -0.00223797 -0.00606996 -0.0481657 0.015359 -0.0027365 -0.0403958 -0.00236229 8.38481e-05 -0.046856 0.00888997 -0.000471999 -0.0475265 0.0120777 0.00210129 -0.042826 0.000981003 -0.017354 -0.043094 0.00414998 -0.017354 -0.043778 0.006791 -0.017355 -0.0465054 0.0140953 -0.0173556 -0.047181 0.016808 -0.017356 -0.047579 0.0191352 -0.0168444 -0.0483683 0.0187695 -0.0124945 -0.043867 0.00257599 -0.00656897 -0.045412 0.00566196 -0.00657999 -0.0466779 0.008874 -0.00647795 -0.04761 0.012201 -0.00634795 -0.0483793 0.0185195 0.000650953 -0.0443776 0.0164861 -0.0173627 -0.042255 0.010418 -0.0173539 -0.040811 0.00594795 -0.017353 -0.040333 0.00114399 -0.017353 -0.0449111 0.0190997 -0.016863 -0.048123 0.021139 -0.014857 -0.045562 0.021138 -0.014856 -0.0458616 0.0218075 -0.0123619 0.027172 0.000324997 0.015315 0.0240028 -0.00286106 0.0201129 0.023965 -0.000327003 0.020612 0.019296 -0.001741 0.0250609 0.028453 0.00435495 0.016451 0.0231759 0.00304794 0.027798 0.020328 0.000236996 0.025647 0.030751 0.00750196 0.018033 0.0222171 0.0052835 0.0360399 0.033525 0.0102169 0.019693 0.025209 0.00759494 0.037671 0.036604 0.012781 0.021289 0.027172 0.0109079 0.0388639 0.039944 0.015471 0.022746 0.028427 0.015355 0.038994 0.041495 0.016981 0.023363 0.038288 0.016931 0.029372 0.03746 0.014987 0.029158 0.033411 0.0148269 0.03442 0.029414 0.00152498 0.01004 0.0175618 -0.000926677 0.0267004 0.0303039 0.00597799 0.010981 0.0181669 0.00101095 0.028372 0.032213 0.00899696 0.012999 0.0207519 0.00578194 0.037862 0.0344939 0.0113551 0.0154088 0.022353 0.012038 0.042394 0.0420657 0.0177941 0.0235304 0.0404559 0.01576 0.0217087 0.0341909 0.0188079 0.034257 0.0384411 0.0179728 0.0294717 0.025861 0.00326395 0.0220309 0.0286299 0.00610995 0.024049 0.026131 0.00529998 0.030081 0.031663 0.00878995 0.026084 0.028965 0.00778198 0.0321259 0.034733 0.011646 0.027894 0.031505 0.01086 0.033683 0.0194444 0.00343898 0.0327873 0.0216591 0.00811761 0.0408801 0.022243 0.011192 0.042258 0.0227603 0.0155778 0.0424978 0.037574 0.0188079 0.030568 0.032039 0.0188079 0.036247 0.025647 0.0188079 0.040942 0.0284989 -0.00142598 0.017808 0.024729 -0.00201094 0.023204 0.02027 -0.00201536 0.027537 0.02891 0.000918997 0.0180449 0.030845 0.00404894 0.01907 0.025309 0.00205594 0.030652 0.0339279 0.00722465 0.0211116 0.024592 0.00442498 0.038331 0.027191 0.00767594 0.040368 0.0408905 0.0129852 0.0221769 0.028711 0.011912 0.041358 0.039343 0.016893 0.032147 0.03879 0.014635 0.031883 0.034499 0.015202 0.0370679 0.032886 0.00575995 0.01371 0.031595 0.00257498 0.0123449 0.0352956 0.00861709 0.0162544 0.0427317 0.0147004 0.0241234 0.0437802 0.0164785 0.0251769 0.025644 -0.000198004 0.02329 0.028264 0.00268894 0.024818 0.031216 0.00527894 0.026786 0.028429 0.00441998 0.03283 0.034151 0.00794398 0.02875 0.031171 0.00732397 0.034838 0.0368209 0.010915 0.0305459 0.033273 0.0109849 0.036398 0.0312936 -0.000576518 0.0120271 0.039103 0.0187949 0.032636 0.0351516 0.0183462 0.0368693 0.0293255 0.0168593 0.0415289 0.04164 0.018784 0.02938 0.037574 0.021808 0.030568 0.0395419 0.021808 0.028018 0.0333641 0.0218079 0.0351296 0.0234304 0.0218073 0.0422633 0.018573 0.021808 0.044527 0.018573 0.0188079 0.044527 0.00315398 0.021808 0.048011 0.00315398 0.0188079 0.048011 -0.0141133 0.0185594 0.0459082 -0.0219116 0.0218074 0.0426895 -0.0285661 0.0218074 0.0385102 -0.026892 0.0188079 0.03965 -0.0344703 0.0218074 0.0332889 -0.0394466 0.0218075 0.0271805 -0.0390524 0.0186038 0.0277158 -0.0432756 0.0218072 0.0205026 -0.045746 0.0187744 0.0140337 -0.0458804 0.018808 0.00668836 0.0409819 0.0211379 0.025901 0.0420766 0.0190698 0.0241404 0.028846 0.0218062 0.0388234 0.0126533 0.0218086 0.0465425 0.015969 0.0188079 0.0455019 0.00687599 0.021808 0.04765 0.00974155 0.0189332 0.0472242 -0.00299021 0.0218086 0.0480094 0.000791 0.0188079 0.04809 -0.00872099 0.021808 0.047226 -0.00589447 0.0188453 0.0477301 -0.0146733 0.0218074 0.0457341 -0.020871 0.0187822 0.043209 -0.0336552 0.0187894 0.0341027 -0.0454888 0.021808 0.014901 -0.0458898 0.021808 0.0117021 -0.0458761 0.0188083 -0.00123609 -0.045862 0.0188315 -0.0098176 0.0317716 0.0218082 0.0397538 0.0247618 0.0218074 0.0444133 0.0169201 0.0218075 0.0478664 0.0113 0.021808 0.049401 0.000721125 0.0218075 0.0506352 -0.020975 0.021808 0.045884 -0.0362806 0.0218081 0.0349978 -0.0414742 0.0218082 0.0286218 -0.0454429 0.0218083 0.0217311 -0.0483839 0.0218079 0.0117718 -0.0483617 0.0218081 -0.0125499 0.0415806 0.0218045 0.0295397 0.0438678 0.0191291 0.0260588 0.042749 0.0211379 0.027769 -0.00750152 0.0218076 0.050021 -0.0155451 0.0218076 0.048077 -0.0261021 0.0218081 0.0431823 -0.0314425 0.021808 0.0393805 0.0375573 0.0218083 0.0344172 0.00722399 0.021808 0.0501255 -0.0477487 0.021808 0.0159967 -0.040208 0.000828002 -0.0100059 -0.0395769 -0.00159198 -0.00997096 -0.042057 0.00524098 -0.00997996 -0.04398 0.00969797 -0.00994998 -0.045391 0.014345 -0.00990295 -0.0454439 0.014087 -0.00226694 -0.039893 0.000805 -0.00251198 -0.042586 0.00491697 -0.00240898 -0.0443889 0.00936395 -0.00234097 -0.039745 0.001158 0.00114 -0.0384155 -0.00147968 -0.00196728 -0.0421123 0.00426816 0.00230669 -0.040072 0.00155896 0.00128597 -0.043466 0.00697094 0.00298596 -0.0445369 0.0104195 0.00384376 -0.0452344 0.0144152 0.00480759 -0.0382873 -0.000790029 0.000479935 0.015488 0.014954 0.045379 0.00796598 0.014923 0.047058 0.000279 0.014893 0.047516 -0.00737596 0.01487 0.046749 -0.0284454 0.0183517 0.038502 -0.0430981 0.0185336 0.0208312 -0.045179 0.0154878 0.0125184 0.014995 0.011157 0.044992 -0.044154 0.0106699 0.011239 0.014457 0.00782096 0.043225 -0.0427819 0.00692195 0.010044 0.0138979 0.00532197 0.039768 -0.040884 0.00393998 0.00882 0.013331 0.00332695 0.0354 -0.038801 0.00162899 0.00765598 0.01271 0.000932995 0.030982 -0.036855 -0.000567001 0.00654697 0.012358 -0.000901005 0.029308 0.00632019 -0.00100631 0.0308892 0.000727 -0.00108099 0.031433 -0.00524809 -0.00120881 0.0311585 -0.0112758 -0.00133154 0.0300258 -0.0168023 -0.0014488 0.0280857 -0.02195 -0.00152499 0.0251459 -0.026459 -0.00162 0.02115 -0.030436 -0.00171 0.016576 0.00745499 0.011093 0.046465 -0.000181 0.011029 0.04671 -0.00772697 0.010979 0.045757 -0.0146218 0.0111237 0.0438877 -0.0218991 0.0161127 0.0420133 -0.021873 0.010912 0.040433 -0.0278631 0.011016 0.0364155 -0.0341308 0.0161444 0.0326197 -0.033524 0.010785 0.030884 -0.0379464 0.0108476 0.0252092 -0.0416335 0.0107573 0.0185226 0.00708699 0.00771695 0.044567 -0.000349 0.00760894 0.044708 -0.007671 0.00751495 0.043701 -0.014726 0.00743496 0.0416019 -0.021359 0.00736099 0.038441 -0.027381 0.00727099 0.0342179 -0.032542 0.00714194 0.029067 -0.036885 0.00703299 0.023283 -0.040346 0.00695097 0.016944 0.00692999 0.00517898 0.041097 -0.000124 0.00502699 0.0412919 -0.00708896 0.00487994 0.040416 -0.013823 0.00474095 0.038523 -0.0201729 0.00460499 0.035628 -0.025939 0.00445795 0.031699 -0.03088 0.00428694 0.026817 -0.0350799 0.00413698 0.021336 -0.038464 0.00401395 0.015338 0.00689495 0.00316595 0.0368 0.00032 0.00298899 0.037155 -0.00622499 0.00280696 0.036529 -0.0126009 0.00262296 0.034967 -0.0313165 -0.00019098 0.0172915 -0.034656 -0.000311791 0.0120079 0.006809 0.000798995 0.032479 0.000712 0.000649995 0.033021 -0.00541794 0.000487995 0.032672 -0.011445 0.000316995 0.031459 -0.0174322 0.000364455 0.0295036 -0.0226676 0.000152731 0.0263268 -0.0272434 -5.17039e-05 0.0221049 0.00638381 0.0469102 -0.0406273 0.0114545 0.0469002 -0.0395565 0.00946599 0.048396 -0.040039 0.00360197 0.048396 -0.0409369 -0.00388795 0.048396 -0.040869 -0.00388795 0.046896 -0.040869 -0.000935768 0.0454469 -0.0410571 0.00148696 0.045396 -0.0410539 -0.0112449 0.048396 -0.0394609 -0.018231 0.048396 -0.03676 -0.0119801 0.046879 -0.039317 -0.024621 0.048396 -0.032852 -0.024621 0.046896 -0.032852 -0.0192794 0.0468745 -0.0362655 -0.030209 0.048396 -0.027865 -0.0301515 0.0463622 -0.0279247 -0.030116 0.045396 -0.027964 -0.034815 0.048396 -0.021958 -0.034815 0.047396 -0.021958 -0.03129 0.047396 -0.0266639 -0.030377 0.046896 -0.027685 -0.038289 0.048396 -0.015322 -0.038289 0.047396 -0.015322 -0.0405199 0.048396 -0.00817095 -0.0398983 0.0469058 -0.0107287 -0.03918 0.047396 -0.01297 -0.041435 0.048396 -0.000736992 -0.041006 0.048396 0.00673998 -0.0409381 0.0468981 0.00732065 -0.0414385 0.045413 -0.000520684 -0.039246 0.048396 0.014021 -0.0366652 0.0468751 0.0201707 -0.0387864 0.0454021 0.015314 -0.036211 0.048396 0.020869 -0.032 0.046896 0.027063 -0.032 0.048396 0.027063 -0.0300486 0.0454178 0.0292785 -0.0307077 0.0467939 0.0285397 -0.0267489 0.048396 0.032404 -0.020627 0.048396 0.03672 -0.020627 0.046896 0.03672 0.00153124 0.0466077 -0.0410523 -0.00194438 0.0468108 -0.0410056 -0.0132239 0.0467092 -0.038842 -0.0145047 0.0454208 -0.0383925 -0.0170054 0.0453976 -0.0373422 -0.0276063 0.0468541 -0.030413 -0.0284041 0.0454478 -0.0296799 -0.0414588 0.0467682 -0.00164696 -0.0389252 0.0465282 0.0148724 -0.037542 0.0464852 0.0182501 -0.0284073 0.045448 0.0309251 -0.0275489 0.0468887 0.0317711 -0.037154 0.046896 0.021958 -0.0371567 0.046896 0.0219551 -0.03716 0.046895 0.021953 -0.037159 0.046896 0.021954 -0.0190893 0.0454874 0.0412175 -0.0422737 0.045333 0.0157168 -0.0409477 0.0451952 0.0161286 0.0154325 0.0452222 -0.0424614 0.0124277 0.0468927 -0.041249 -0.0335703 0.0462447 -0.0313786 -0.033813 0.046896 -0.0311209 -0.0377335 0.0453986 0.0178893 -0.0379553 0.0453945 0.0192227 -0.00214888 0.0468524 -0.0428814 0.010278 0.048396 -0.040572 0.011247 0.048396 -0.040635 0.0117789 0.047396 -0.0387199 0.012621 0.048263 -0.038463 0.0125033 0.0483939 -0.0398529 0.0114892 0.0473094 -0.0394676 0.0117789 0.046896 -0.0387199 -0.0409179 0.0452156 0.020253 -0.0402939 0.0452089 -0.0154777 -0.0447172 0.0452811 -0.0153071 -0.0416965 0.0453595 -0.014482 -0.0177472 0.0452081 -0.0394421 -0.0191561 0.0452334 -0.0401561 -0.0153174 0.0452122 -0.043449 -0.0164793 0.045275 -0.039561 -0.0149929 0.0453526 -0.0408387 -0.012868 0.0453968 -0.0418307 -0.0128563 0.0437364 -0.0399429 -0.0182511 0.0453878 -0.0376564 -0.0177564 0.0482969 -0.0393206 -0.0191827 0.0476494 -0.0400707 -0.0422942 0.0478856 -0.0143768 -0.017898 0.0451819 -0.0440754 0.00742923 0.0483959 -0.045403 -0.0408333 0.0437121 -0.0206707 -0.0402854 0.0440034 0.0136707 -0.0376354 0.0440076 0.020072 -0.038299 0.0439737 0.020892 -0.0379814 0.0436974 0.0201486 -0.0199797 0.0440521 0.0389956 0.014358 0.0467127 -0.0386318 0.0134725 0.0442896 -0.0398397 0.01456 0.0453884 -0.0393465 0.0146069 0.046083 -0.037778 0.0141719 0.046618 -0.037938 0.014763 0.045396 -0.0377189 0.0132774 0.0454243 -0.0414461 0.0126287 0.0454154 -0.0422605 -0.0299118 0.0462393 -0.0318115 0.00211248 0.0468975 -0.0438895 0.013824 0.046896 -0.038062 0.00690136 0.0468745 -0.0425936 -0.0414553 0.0467696 -0.0109696 -0.0401041 0.047015 0.0110529 -0.0396235 0.0468745 0.0129513 -0.019837 0.046896 0.037165 -0.0288095 0.0468633 0.0330685 -0.0207131 0.0468821 0.0380799 -0.0217871 0.0437167 -0.0423234 -0.0196346 0.0437752 -0.0372077 -0.0160481 0.0437149 -0.0387053 -0.0126683 0.0440416 -0.0409606 0.0133373 0.0436989 -0.0402517 0.0130337 0.0440578 -0.0406951 0.0150396 0.0437323 -0.0453155 -0.0218487 0.044029 0.0435197 -0.0428566 0.0436978 0.022416 -0.042659 0.0440348 0.0227115 -0.0390673 0.043914 0.0168724 -0.0405958 0.0436971 0.0138292 -0.041348 0.0439231 0.0135475 -0.0457161 0.0440363 0.0153317 -0.0456102 0.0436986 0.0156795 -0.0409329 0.0439434 -0.012145 -0.0456165 0.0436982 -0.0144214 -0.0403596 0.0437479 -0.0123644 -0.0457161 0.0440362 -0.0140897 -0.0382234 0.0437237 -0.017847 -0.0427339 0.0437282 -0.0214505 -0.014866 0.0436963 -0.0452732 0.00207319 0.048396 -0.045905 0.00178343 0.0468957 -0.0459605 0.00175079 0.048396 -0.0462543 0.00758578 0.0468958 -0.0453549 0.00186598 0.046896 -0.047601 0.00185326 0.0483471 -0.0475073 -0.027266 0.046896 0.038178 -0.021207 0.046896 0.0419379 -0.021207 0.045396 0.0419379 -0.027266 0.045396 0.038178 -0.032679 0.045396 0.033537 -0.032679 0.046896 0.033537 -0.03732 0.045396 0.028123 -0.03732 0.046896 0.028123 -0.04108 0.045396 0.022065 -0.04108 0.046896 0.022065 -0.044313 0.045396 0.012828 -0.044313 0.046896 0.012828 -0.044108 0.046896 0.01466 -0.0441046 0.045396 0.0146533 -0.044313 0.046896 -0.0115859 -0.044313 0.045396 -0.0115859 -0.044108 0.045396 -0.0134179 -0.044108 0.046896 -0.0134179 -0.00687295 0.046896 -0.045383 -0.013816 0.046896 -0.043757 -0.013816 0.045396 -0.043757 -0.00687295 0.045396 -0.045383 0.000237 0.046896 -0.0459289 0.000237 0.045396 -0.0459289 0.00170296 0.045396 -0.0459059 0.00666107 0.0478888 -0.0454931 0.00767494 0.045396 -0.045331 0.014289 0.045396 -0.043757 0.014289 0.046896 -0.043757 0.00148696 0.045396 -0.043911 0.00151098 0.045396 -0.043911 -0.0279199 0.046896 -0.036448 -0.033551 0.045396 -0.0313989 -0.0279199 0.045396 -0.036448 -0.021207 0.045396 -0.040696 -0.021207 0.046896 -0.040696 -0.031152 0.0469402 -0.0268255 -0.0348243 0.0473835 -0.0301132 -0.0349182 0.0469222 -0.030641 -0.0392291 0.0469199 -0.0248977 -0.0385674 0.047396 -0.0255316 -0.0413156 0.0470734 -0.020934 -0.0407528 0.0473881 -0.0206307 -0.0426926 0.0454661 -0.0200519 -0.0428327 0.0479692 -0.0201741 -0.0428797 0.0451033 -0.0209062 -0.0409725 0.0483686 -0.0146421 -0.0405274 0.0476358 -0.0188836 -0.0396996 0.0483436 -0.0176235 -0.0401895 0.0483891 -0.0196304 -0.0431569 0.0483855 -0.0143401 -0.0398321 0.0483156 -0.0161905 -0.0455838 0.0481663 -0.0147093 -0.0448968 0.0483192 -0.0152742 -0.045366 0.045058 -0.0150694 -0.0447924 0.0479516 0.0165331 -0.0453901 0.0450593 0.0162548 -0.0449882 0.045196 0.0169893 -0.0424149 0.0483927 0.0152101 -0.0422963 0.0479482 0.0156596 -0.040164 0.0483276 0.0205854 -0.04072 0.0483278 0.0161814 -0.0396046 0.0483496 0.018051 -0.0412692 0.0476107 0.0205636 -0.0428537 0.0482108 0.0218145 -0.0425312 0.04755 0.021094 -0.0427549 0.0450669 0.0226086 0.0152675 0.0476421 -0.0419293 0.0155869 0.0483419 -0.0447878 0.0160362 0.0478523 -0.0444981 0.0151055 0.048069 -0.0452888 -0.0144676 0.046896 -0.045332 -0.0144708 0.0443358 -0.04539 -0.0149022 0.0483668 -0.0450787 -0.0155036 0.0480147 -0.0444685 -0.0150134 0.0476034 -0.0427958 -0.0139347 0.0483923 -0.0421118 -0.0151095 0.0483686 -0.0401432 -0.0164412 0.0483659 -0.0394907 -0.0198703 0.048392 -0.0395627 -0.0151896 0.0476498 -0.0406569 -0.020376 0.0479359 -0.0422692 -0.0212198 0.0480928 -0.0425304 -0.0214008 0.0483849 -0.0421447 -0.0212099 0.0452126 -0.0425154 -0.0202706 0.0453938 -0.0422066 -0.0212036 0.0452017 0.0437773 -0.0215296 0.0483736 0.0435777 -0.0207807 0.0481274 0.0437246 -0.0431807 0.0451974 -0.0199633 -0.0449731 0.045196 -0.0157799 -0.0431161 0.0450459 -0.0205585 -0.0428838 0.0452131 0.0219069 -0.0448004 0.0453729 0.016565 -0.0426511 0.0452116 0.0211361 -0.0396584 0.0453713 0.0179811 -0.0457083 0.0468962 0.0153233 -0.0457083 0.0468962 -0.0140813 -0.0460018 0.0480578 -0.0115628 -0.045763 0.048329 -0.011586 -0.045513 0.048396 -0.011586 -0.045513 0.048396 0.012828 -0.0459707 0.0481898 0.0127988 -0.0458487 0.0481928 0.0145025 -0.0452497 0.048342 0.016321 -0.046013 0.046896 -0.0115859 -0.046013 0.046896 0.012828 0.00788775 0.0483929 -0.0468253 0.00785676 0.048061 -0.0470892 -0.0249297 0.048041 -0.0405712 -0.0281759 0.0480562 -0.0383831 -0.0337792 0.0482245 -0.0335778 -0.040881 0.0480574 -0.0246261 -0.0413664 0.0483852 -0.0233322 -0.027017 0.0483945 -0.0388234 -0.0347857 0.0483949 -0.0320876 -0.0388136 0.0478417 -0.0277711 -0.0369591 0.048211 -0.030053 -0.0427742 0.0483219 -0.0211735 -0.0303746 0.0469069 -0.0367148 -0.0427614 0.0482062 0.0224142 -0.0263802 0.048393 0.0405515 -0.0404529 0.0480334 0.0266196 -0.0374116 0.0480628 0.0308137 -0.0337837 0.0480416 0.0348662 -0.029357 0.0481622 0.0387584 -0.0423388 0.0483959 0.0222527 -0.0249256 0.0480316 0.0418155 -0.0387522 0.0483937 0.028568 -0.0342017 0.0483949 0.0339248 -0.042656 0.046896 -0.0214749 -0.0244639 0.046896 -0.040827 -0.035267 0.046896 -0.032052 -0.039608 0.046896 -0.02659 -0.042656 0.046896 0.022717 -0.02186 0.046896 0.043514 -0.039608 0.046896 0.027832 -0.035267 0.046896 0.033294 -0.030184 0.046896 0.038073 -0.0244639 0.046896 0.042069 0.014942 0.046896 -0.045333 0.00789733 0.0468981 -0.0470746 -0.0104351 0.0481481 -0.0464502 -0.00249407 0.0480569 -0.0475676 -0.00666661 0.0480584 -0.0471208 -0.00610492 0.0483942 -0.0468427 -0.00498199 0.046896 -0.047346 -0.011726 0.046896 -0.046123 -0.02186 0.046896 -0.0422719 -0.0155695 0.0455091 -0.0444262 -0.0390583 0.0454081 0.0213502 -0.0205028 0.0453967 0.0399127 -0.0323029 0.0453968 0.0310075 -0.0360039 0.045396 0.026531 -0.025673 0.045396 0.036862 -0.0301499 0.0453967 0.033161 -0.0398345 0.0453896 0.0146521 -0.0423084 0.0453961 0.00255406 -0.0414696 0.0455485 0.00163437 -0.0423061 0.0453961 -0.00128248 -0.0423128 0.045396 -0.0114102 -0.0414685 0.0453962 -0.0122985 -0.041379 0.0454276 0.0134269 -0.0423129 0.045396 0.0126532 -0.0395561 0.0473931 -0.0142777 -0.0381752 0.047396 -0.0179161 -0.0299274 0.045396 -0.0313802 -0.0297059 0.045396 -0.0323756 -0.025673 0.045396 -0.03562 -0.0137335 0.0453918 -0.0394652 -0.00128549 0.0453971 -0.0438746 -0.00706798 0.045396 -0.043326 -0.0197394 0.045943 0.0386534 0.00293395 0.0478955 -0.0458539 0.00219584 0.0469241 -0.0410269 0.00261986 0.0476768 -0.0458679 0.00745669 0.0454725 -0.0434345 0.00193157 0.0468954 -0.041457 0.0160042 0.0454099 -0.0447724 -0.0406553 0.0454683 -0.0189094 -0.0397455 0.0452032 -0.0172825 -0.0202598 0.0452345 0.0434855 0.012748 0.048396 -0.038423 -0.0137677 0.0461505 -0.0391563 -0.0125938 0.0459487 -0.0401605 -0.0115226 0.0468788 -0.0408289 -0.0120877 0.046462 -0.0418128 -0.00694964 0.0465326 -0.0428795 -0.00137792 0.0462378 -0.0436313 -0.0288961 0.0468316 -0.0318279 -0.0250085 0.0468181 -0.0349088 -0.025556 0.046146 -0.035456 -0.0214192 0.04542 -0.038397 -0.0212175 0.0468396 -0.0373412 -0.0203352 0.0456403 -0.0384379 -0.0195887 0.0463738 -0.0371777 -0.0174097 0.0465597 -0.0371448 -0.0400496 0.0457425 -0.012629 -0.0415532 0.0465174 -0.0117199 -0.0394327 0.0467261 -0.0122352 -0.0421242 0.0461271 -0.0113496 -0.0421154 0.0461414 -0.00144056 -0.0413921 0.0468118 0.00305493 -0.0421154 0.0461405 0.00277055 -0.0415761 0.0466825 0.0121729 -0.0421241 0.046128 0.0125913 -0.041518 0.0465006 0.0129568 -0.0404006 0.046012 0.0134655 -0.0318643 0.0464287 0.0304733 -0.0323292 0.0468232 0.0296397 -0.0327224 0.0461377 0.0303068 -0.0352922 0.0468208 0.0258606 -0.03584 0.046146 0.026414 -0.037754 0.046794 0.021822 -0.03837 0.0464542 0.0221156 -0.0375022 0.0462935 0.0202667 -0.018267 0.046725 0.037985 -0.017883 0.0466559 0.0381719 -0.017286 0.046173 0.0384549 -0.0183377 0.0454592 0.0388046 -0.017056 0.045396 0.03856 -0.017551 0.046466 0.038331 -0.017115 0.045804 0.038533 -0.0183369 0.046725 0.037949 -0.0190617 0.0462379 0.0383228 -0.0190729 0.046807 0.037574 -0.0210301 0.0464995 0.0393235 -0.0254409 0.046533 0.0364614 -0.0299115 0.0462393 0.033054 0.00152077 0.04661 -0.0439101 0.013973 0.046819 -0.038009 0.013918 0.046869 -0.0380289 0.0128334 0.0468781 -0.0400527 0.0173077 0.0483691 -0.039225 0.016701 0.0452092 -0.0396755 0.0154318 0.0454023 -0.0412201 0.0163632 0.0436996 -0.0390806 0.0165229 0.0440407 -0.038643 -0.0192894 0.0437166 0.0386165 -0.0160137 0.0453614 0.0398515 -0.0215357 0.0436963 0.0437526 0.0144203 0.0483863 -0.0421149 0.0159476 0.048368 -0.0398507 -0.0193425 0.0476164 0.041492 -0.020279 0.0483915 0.0413899 -0.016464 0.0483148 0.0407285 -0.017878 0.0483413 0.0405248 0.016385 0.0451862 -0.0448903 -0.0182227 0.0451884 0.0451869 -0.0154655 0.0452097 0.0415057 -0.018901 0.0452011 0.0414137 -0.0169969 0.0453372 0.0406059 0.0159269 0.048396 -0.037258 -0.015719 0.048396 0.039141 0.0159269 0.045396 -0.037258 -0.015719 0.045396 0.039141 0.037627 0.046896 -0.0207159 0.037631 0.046896 -0.020713 0.037633 0.046895 -0.020711 0.037634 0.046895 -0.020711 0.0379817 0.0463751 -0.0190619 0.0366737 0.0468953 -0.0192606 0.036944 0.046896 -0.017644 0.0128452 0.046407 0.0427188 0.0207524 0.0452211 -0.0422402 0.016055 0.045298 0.0456284 0.0209331 0.0452678 0.0436672 -0.014892 0.0452465 0.0432358 0.030359 0.046896 0.028435 0.034286 0.046896 0.032363 0.03015 0.046367 0.028659 0.0369779 0.046896 -0.0175739 0.038648 0.0453919 -0.0173938 0.030572 0.046663 -0.0269599 0.030197 0.046037 -0.027367 0.0311069 0.046896 -0.02636 0.001683 0.046137 0.041595 0.00223297 0.0466919 0.041572 0.00298697 0.046896 0.041528 0.00255145 0.046823 0.0441814 0.013351 0.046896 0.039467 0.014058 0.046693 0.039221 0.014573 0.046145 0.039032 0.014763 0.045396 0.038961 -0.00917095 0.048396 0.041456 -0.008618 0.048396 0.040653 -0.00960499 0.047396 0.040422 -0.0101178 0.0474036 0.0409162 -0.010049 0.048396 0.041879 -0.0114356 0.0483952 0.0416673 -0.010768 0.047396 0.040837 -0.011204 0.0475579 0.040715 -0.012267 0.048396 0.040396 -0.010768 0.046896 0.040837 -0.0101236 0.0468959 0.040894 -0.00960499 0.046896 0.040422 0.0402942 0.0452435 -0.0173997 0.0410237 0.0452446 -0.0187924 0.0403045 0.0452307 0.0177827 0.0412284 0.045201 0.0161433 0.0430706 0.0454857 0.0157176 0.018221 0.0452081 0.040684 0.0193741 0.0452267 0.041198 0.0158799 0.0452345 0.0416076 0.0169523 0.0452749 0.040804 0.0132402 0.0453951 0.0425208 0.0130254 0.0439007 0.0418448 0.013412 0.0454381 0.0410756 0.0404866 0.046133 0.0139238 0.0208553 0.0480163 0.0433622 0.0182091 0.0479292 0.0406293 0.0186966 0.045187 0.0451868 0.0355683 0.0469303 0.0315429 0.03489 0.0469266 0.0313493 0.0353387 0.0473962 0.0314534 -0.00681899 0.0468958 0.0466394 -0.00695484 0.0483959 0.046645 0.0413073 0.0437121 0.021913 0.0406996 0.0440304 -0.012524 0.0382969 0.0437088 -0.0193177 0.0203236 0.0437097 -0.0375794 0.0134264 0.043731 0.0411265 -0.0142699 0.045896 0.03971 -0.013991 0.046339 0.039813 -0.013587 0.0468002 0.0403875 -0.014363 0.045396 0.039676 -0.013856 0.046493 0.040065 -0.012537 0.0468792 0.0409218 -0.0123102 0.046148 0.0431725 -0.0127274 0.0453966 0.0423859 -0.0122058 0.0453962 0.0434065 0.028184 0.046146 0.03062 0.028331 0.045396 0.0304829 0.027779 0.046695 0.030992 0.027218 0.046896 0.031491 -0.013568 0.046896 0.039964 -0.00578398 0.046896 0.041733 -0.00178695 0.046896 0.041571 -0.00598395 0.046896 0.041909 -0.00587598 0.046896 0.0417719 0.041144 0.046896 0.00337101 0.039219 0.046896 0.0133229 0.0401692 0.046857 0.0129212 0.0418789 0.0467995 0.0121326 0.0418532 0.0468049 0.00271346 0.04049 0.046896 0.008407 0.039108 0.046896 -0.012419 0.041144 0.046896 -0.00212895 0.040456 0.046896 -0.00733893 0.034305 0.046896 -0.022189 0.027218 0.046896 -0.030249 0.0199267 0.0468523 -0.0362847 0.018502 0.046896 -0.036086 0.0254174 0.0468543 -0.0348777 0.023047 0.046896 -0.033447 0.013277 0.046896 0.039492 0.0122272 0.0468534 0.0409122 0.00819695 0.046896 0.040841 0.0223607 0.0448034 0.0435332 0.0203103 0.0439856 0.0387913 0.0201012 0.0438084 0.0385851 0.0220873 0.0437004 0.0436478 0.0192396 0.0440522 0.0386486 0.0198173 0.0436974 0.0389104 0.016503 0.0440326 0.0398935 0.0149792 0.043903 0.0465638 0.0157968 0.0436936 0.0463375 -0.0128074 0.0453941 0.0411402 -0.0127568 0.0437097 0.0413834 -0.0147987 0.0437014 0.0464737 -0.012631 0.0440406 0.0421122 -0.0144748 0.0440349 0.046574 0.0222951 0.0438931 -0.0422901 0.0215604 0.0436936 -0.0427078 0.0194455 0.0440222 -0.0373299 0.0381656 0.0438865 -0.0187229 0.0410385 0.0437013 -0.0125886 0.0394993 0.0440307 -0.015684 0.0415929 0.043964 -0.0122075 0.0461821 0.0438964 -0.0141115 0.0461799 0.0439142 0.0153613 0.0460358 0.043696 0.0158036 0.0413213 0.0436964 0.0137522 0.0406952 0.0439202 0.0138048 0.0416067 0.0440557 0.013439 0.0389046 0.0437384 0.0194097 0.0387923 0.0440217 0.0186489 0.0432081 0.043712 -0.0214489 0.0432076 0.0437284 0.0226934 -0.0012927 0.0468959 0.0472316 -0.0013217 0.0483959 0.0472065 -0.00725299 0.048396 0.047101 -0.00715697 0.046896 0.046851 -0.007392 0.0468959 0.0482589 -0.0073636 0.0480509 0.0482535 -0.00733075 0.0483949 0.0479117 -0.00139296 0.046896 0.048844 -0.00138548 0.0482932 0.0487664 0.027739 0.046896 -0.036936 0.02168 0.046896 -0.040696 0.02168 0.045396 -0.040696 0.027739 0.045396 -0.036936 0.033153 0.045396 -0.032295 0.033153 0.046896 -0.032295 0.037794 0.045396 -0.026881 0.037794 0.046896 -0.026881 0.041554 0.045396 -0.020822 0.041554 0.046896 -0.020822 0.044787 0.045396 -0.011585 0.044787 0.046896 -0.011585 0.0445819 0.046896 -0.0134179 0.0445819 0.045396 -0.0134179 0.044787 0.046896 0.012828 0.044787 0.045396 0.012828 0.0445819 0.045396 0.01466 0.0445819 0.046896 0.01466 0.00734597 0.046896 0.046625 0.014289 0.046896 0.044999 0.014289 0.045396 0.044999 0.00734597 0.045396 0.046625 -0.0012256 0.0453945 0.0472477 -0.00720191 0.045396 0.046573 -0.013816 0.045396 0.044999 -0.013816 0.046896 0.044999 -0.00102496 0.045396 0.0451535 -0.00102988 0.0466626 0.0451469 0.028393 0.046896 0.03769 0.0340443 0.0462437 0.0326207 0.034025 0.045396 0.032641 0.028393 0.045396 0.03769 0.02168 0.046896 0.0419379 0.0311069 0.046962 0.027602 0.030942 0.046896 0.02779 0.031228 0.047146 0.027464 0.031272 0.047396 0.027413 0.0388193 0.0469221 0.0275008 0.0390418 0.047396 0.0267729 0.0419741 0.0469294 0.022265 0.0416213 0.0473944 0.0222249 0.0433314 0.0482092 0.0218778 0.0433824 0.0452465 0.0220178 0.0432695 0.0483156 0.022255 0.0430505 0.0477469 0.0211568 0.0410123 0.047653 0.0201397 0.0410078 0.0483946 0.0211435 0.0423652 0.0481536 0.0156831 0.0401808 0.0483219 0.0189058 0.0403188 0.0483959 0.0162351 0.0429239 0.048396 0.0149387 0.0405621 0.0481589 0.0167854 0.0451948 0.0480032 0.0164298 0.0459462 0.0483266 0.016178 0.0452126 0.0454782 0.0165369 0.0455607 0.048158 -0.0153149 0.0460209 0.0436964 -0.0146285 0.0436934 0.0483499 -0.0145925 0.0422511 0.0483923 -0.0140665 0.0404159 0.0483947 -0.0151291 0.0416594 0.04796 -0.0146381 0.0400662 0.0482963 -0.0173115 0.040953 0.0478116 -0.0188736 0.0401384 0.048396 -0.0195481 0.0403888 0.0480337 -0.0160799 0.0431856 0.0481139 -0.0213955 0.0432988 0.0479707 -0.0201421 0.0429866 0.0483892 -0.0210191 -0.0148258 0.047278 0.0430952 -0.0140401 0.0483768 0.0431287 -0.0155335 0.0479976 0.0457489 -0.0147991 0.0483638 0.046361 -0.0153158 0.0452064 0.0461758 0.0155186 0.0450671 0.0463572 0.015979 0.048019 0.0457399 0.0152813 0.0476492 0.0431947 0.0168882 0.048032 0.040802 0.019768 0.0479299 0.0412879 0.0144484 0.0483938 0.0433967 0.0153033 0.0483517 0.0416809 0.0176515 0.048391 0.0401189 0.0203836 0.048396 0.0405052 0.0158445 0.047708 0.0416145 0.0216951 0.0483264 0.043734 0.0217818 0.0451654 -0.0425031 0.0219111 0.0483754 -0.0422112 0.0213895 0.0481983 -0.042483 0.0206205 0.047524 -0.041853 0.0436544 0.0451974 0.0212064 0.0454866 0.0451973 0.0169168 0.0458398 0.0450586 0.0163118 0.0435899 0.045046 0.021801 0.045428 0.0453758 -0.015357 0.0452369 0.0451832 -0.016563 0.0427389 0.0452149 -0.0144944 0.0406632 0.0453491 -0.0154299 0.0153471 0.0452148 0.0429387 0.0461819 0.0468962 -0.0140811 0.046182 0.0468962 0.0153231 0.045987 0.048396 0.012828 0.0464497 0.0481651 0.01283 0.046237 0.048329 -0.011585 0.0456718 0.048396 -0.0149081 0.045987 0.048396 0.00271902 0.0464758 0.0480583 -0.0115324 0.0463227 0.0481927 -0.0132603 0.046487 0.046896 0.012828 0.046487 0.046896 -0.011585 -0.0111344 0.0480549 0.0475283 0.0337564 0.0482406 0.0352595 0.0261118 0.048013 0.0414032 0.0373685 0.0480384 0.0314799 0.0413014 0.0480347 0.0259828 0.0389037 0.0483904 0.0291566 0.0274817 0.0483948 0.0400711 0.0314863 0.0480452 0.0374359 0.0271479 0.0482115 -0.0394061 0.0369857 0.0480222 -0.0306833 0.0335795 0.0480375 -0.0342658 0.0387391 0.0483943 -0.0280831 0.0405543 0.048193 -0.0259158 0.0300844 0.0483915 -0.0370936 0.0295109 0.0480155 -0.0377914 0.0222451 0.0480462 -0.0423292 0.0223343 0.046896 0.0435229 0.04313 0.046896 0.022718 0.024938 0.046896 0.042069 0.030657 0.046896 0.038073 0.035741 0.046896 0.033294 0.040082 0.046896 0.027832 0.04313 0.046896 -0.0214749 0.022333 0.046896 -0.042272 0.040082 0.046896 -0.02659 0.035741 0.046896 -0.032052 0.030657 0.046896 -0.036831 0.024938 0.046896 -0.040827 -0.00700998 0.045396 0.044578 -0.0144875 0.0468948 0.0466317 0.00280882 0.0482615 0.0487843 0.00920663 0.048372 0.0479787 0.0152982 0.0483583 0.0463889 0.00545597 0.046896 0.048588 0.0149668 0.046892 0.0466854 0.030098 0.045396 -0.027473 0.0326707 0.0453976 -0.0298512 0.0202307 0.0456872 -0.0374121 0.028331 0.045396 -0.0292399 0.036477 0.045396 -0.025289 0.0390546 0.0453958 -0.0198082 0.0217216 0.0454198 -0.0385002 0.0261469 0.045396 -0.035619 0.030634 0.0453968 -0.0318962 0.038577 0.045396 -0.013905 0.037619 0.045396 -0.0162179 0.040133 0.0453909 -0.0137731 0.041217 0.045396 0.001871 0.041995 0.045395 -0.0123338 0.0410011 0.0459327 -0.0122073 0.0427384 0.0453962 -0.00095516 0.041217 0.045396 -0.000628993 0.0427384 0.0453967 0.00219668 0.0427868 0.045396 0.0126544 0.0416347 0.0454375 0.0134557 0.0427869 0.045396 -0.0114114 0.0401598 0.047396 0.0149799 0.0389794 0.047396 0.0195845 0.03906 0.047396 0.0138029 0.035822 0.047396 0.020984 0.0388058 0.047396 0.0185467 0.030098 0.045396 0.028715 0.030098 0.045896 0.028715 0.0215729 0.0453962 0.0397414 0.0209874 0.0455097 0.0397213 0.0216803 0.045396 0.0419377 0.0306467 0.0453967 0.0331331 0.0261469 0.045396 0.036862 0.03914 0.046962 0.013564 0.039081 0.047146 0.013739 0.017076 0.045396 0.038003 0.0146595 0.0453925 0.0406029 0.0182612 0.045387 0.0389982 0.018502 0.046896 0.037328 0.023047 0.046896 0.03469 -0.00101298 0.046136 0.041602 -0.00101298 0.045396 0.041602 0.00148696 0.045396 0.041602 0.0125904 0.045396 0.043432 0.00754195 0.045396 0.044568 0.00172296 0.0453971 0.0451139 0.0401979 0.0463368 0.0150884 -0.0058671 0.047895 0.0467692 -0.00625013 0.0477658 0.0467175 -0.00644241 0.0468763 0.0438295 -0.00669396 0.046145 0.044425 -0.00226032 0.0478847 0.047111 -0.0013575 0.0469188 0.0427209 0.0415607 0.0452172 0.0203459 0.0405162 0.0454747 0.019496 0.0430655 0.0454784 0.0211217 0.0434638 0.0452148 -0.0202483 0.0143459 0.0464914 0.0399901 0.0130429 0.0460425 0.0412658 0.0123702 0.0461431 0.0432845 0.0118656 0.0468445 0.0426347 0.00753175 0.0468543 0.0435277 0.00750899 0.046146 0.04437 0.00182365 0.0462383 0.0448712 0.0304023 0.0462406 0.0330326 0.0294033 0.046823 0.0330587 0.0254137 0.0468541 0.0361239 0.02603 0.046146 0.036698 0.0218198 0.0461377 0.0393737 0.0214045 0.0468319 0.0387793 0.0199805 0.0459473 0.0385164 0.0202918 0.0468492 0.0376007 0.018432 0.046896 0.037362 0.0182835 0.046707 0.0381067 0.0181362 0.0462005 0.0386562 0.017757 0.046695 0.037689 0.017259 0.046146 0.03792 0.0397237 0.0468021 0.0139373 0.0421921 0.0464316 0.0130375 0.0425841 0.0461508 0.0124043 0.0425653 0.0461575 0.0023002 0.0412109 0.046145 0.00207198 0.041188 0.046695 0.002621 0.041188 0.046695 -0.00137895 0.0412109 0.046146 -0.000829992 0.0418285 0.04682 -0.00186128 0.0425041 0.0462271 -0.00105037 0.0418438 0.0468184 -0.0106495 0.0425855 0.0461475 -0.011165 0.0422236 0.0464758 -0.0116584 0.0402129 0.0466888 -0.0120329 0.039083 0.046896 -0.0124929 0.039738 0.0463888 -0.0135162 0.038836 0.046695 -0.013201 0.0386479 0.046146 -0.013717 0.0327239 0.0461785 -0.029525 0.0325452 0.0468034 -0.0287418 0.0357375 0.0468542 -0.024557 0.036314 0.046146 -0.025172 0.0394129 0.0454251 -0.0207697 0.0383594 0.0467308 -0.0208751 0.038228 0.046794 -0.020579 0.0387784 0.0463313 -0.0200634 0.0381522 0.0464467 -0.0173559 0.037304 0.046693 -0.0169 0.0375349 0.046145 -0.016402 0.018432 0.046896 -0.03612 0.017757 0.046695 -0.036447 0.017259 0.046146 -0.0366779 0.0182704 0.0453868 -0.0377701 0.017076 0.045396 -0.036761 0.0181923 0.0464439 -0.0372737 0.0212953 0.0467936 -0.0377131 0.02603 0.046146 -0.035456 0.0304184 0.0462544 -0.0317902 0.0294468 0.0468149 -0.0318141 0.027779 0.046695 -0.02975 0.028184 0.046146 -0.029378 -0.00139195 0.046796 0.0415879 -0.00111395 0.04652 0.041598 -0.0121065 0.0468924 0.042382 -0.0136689 0.046869 0.039928 -0.013742 0.046796 0.039902 -0.0137589 0.0467549 0.039896 -0.0150972 0.0477878 0.0419481 -0.0150386 0.0483884 0.0412663 0.020231 0.0482371 -0.0398134 0.0203939 0.048396 -0.0392689 0.0188176 0.0478548 -0.0394038 0.0188879 0.0453136 -0.0394877 -0.001086 0.048396 0.041599 0.00649094 0.048396 0.041141 0.013854 0.048396 0.039293 0.02075 0.048396 0.03612 0.0269419 0.048396 0.03173 0.0322199 0.048396 0.026274 0.036401 0.048396 0.019938 0.039342 0.048396 0.012941 0.040943 0.048396 0.00551999 0.0411479 0.048396 -0.00206798 0.039951 0.048396 -0.00956397 0.037393 0.048396 -0.016711 0.033561 0.048396 -0.023263 0.028587 0.048396 -0.028997 0.022641 0.048396 -0.033716 -0.0439048 0.0433374 0.0153359 -0.0443548 0.0351974 0.0143283 -0.044513 0.0351959 0.012579 -0.043907 0.0351959 0.015313 -0.043057 0.0351959 0.015902 -0.0415591 0.0351959 0.0160183 -0.0430409 0.0433901 0.0159225 -0.0414727 0.0436972 0.0164193 -0.041116 0.0433914 0.0161829 -0.0410849 0.0351959 0.0163048 -0.044513 0.0351959 -0.011337 -0.0177447 0.0351959 0.0409534 -0.04155 0.0351959 -0.014775 -0.044346 0.0468955 -0.0131736 -0.041142 0.0351959 -0.015022 -0.0400861 0.0351959 0.0186327 0.0415087 0.0351959 0.0163483 -0.015751 0.0351959 0.041775 -0.0431993 0.0351959 -0.0146403 -0.0442936 0.0351959 -0.0134497 -0.0442686 0.0436199 -0.0135075 -0.0432617 0.0434045 -0.0146301 -0.0434847 0.0436957 -0.0148858 -0.041518 0.0436741 -0.0147922 -0.041054 0.0434058 -0.0150902 -0.040917 0.039296 -0.015367 -0.0399379 0.0416967 -0.0177433 -0.040917 0.0351959 -0.015367 -0.0389912 0.041694 -0.0196964 -0.0415183 0.0416958 -0.0192699 -0.0417809 0.041696 -0.0207069 -0.041679 0.041696 -0.020926 -0.041834 0.0436488 -0.0201692 -0.0417095 0.0436422 -0.0210823 -0.041564 0.046896 -0.0214069 -0.041701 0.0466959 -0.0210799 -0.0440327 0.0436574 -0.0184619 -0.0426471 0.0435784 -0.0214942 -0.0456947 0.0436341 -0.0140733 -0.046013 0.041046 -0.0115859 -0.0457143 0.0468673 -0.0140611 -0.0442586 0.0468669 -0.0134686 -0.044513 0.046896 -0.011337 -0.0445103 0.046896 0.0129424 -0.046013 0.041046 0.012828 -0.0442586 0.0468669 0.0147105 -0.0457143 0.0468673 0.0153031 -0.0454899 0.0410466 0.0160193 -0.0457086 0.0434901 0.0153276 -0.0446747 0.0436891 0.0149108 -0.0442523 0.0433779 0.0147476 -0.0439979 0.0436617 0.0197698 -0.0421695 0.0437126 0.0225122 -0.040688 0.0433938 0.0197801 -0.041286 0.0436692 0.020506 -0.0402423 0.0351959 0.0193973 -0.03282 0.0351959 0.033678 -0.0374422 0.0351962 0.0282934 -0.027427 0.0351959 0.038308 -0.0184325 0.0351959 0.0410457 -0.0178476 0.0434113 0.0409351 -0.0185283 0.0434021 0.0410958 -0.0180762 0.0436973 0.0413409 -0.018113 0.043696 0.044921 -0.0195708 0.0433952 0.0421086 -0.0205813 0.043666 0.0423025 -0.0212921 0.0435872 0.0421271 -0.0217439 0.043696 0.043236 -0.0212871 0.0466971 0.0421314 -0.0218823 0.0468854 0.0435111 -0.02186 0.043396 0.043514 -0.0277563 0.0468946 0.039929 -0.0213863 0.0410453 0.0437548 -0.021386 0.043396 0.043755 -0.018228 0.043396 0.045198 -0.014353 0.043696 0.046297 -0.01446 0.0468906 0.0465875 -0.0144473 0.0433961 0.0465833 -0.00707744 0.021196 0.048314 -0.00708872 0.0468945 0.0483128 -0.0278348 0.0211959 0.0398641 -0.021386 0.0211959 0.043755 -0.0144098 0.021196 0.046594 -0.00700098 0.020696 0.047819 -0.014258 0.020696 0.046118 0.000432 0.020696 0.048371 0.000433779 0.0211959 0.048871 0.00794206 0.0351959 0.0482519 0.00794095 0.0211959 0.048252 0.00786096 0.020696 0.047758 0.015104 0.020696 0.045998 0.021984 0.020696 0.043131 0.015259 0.0211959 0.046473 0.0222106 0.0211959 0.0435767 0.028335 0.020696 0.039229 0.0286297 0.0211959 0.0396324 0.0343549 0.0211959 0.034739 0.038768 0.020696 0.028825 0.039171 0.0211959 0.02912 0.034001 0.020696 0.034385 0.04549 0.020696 0.0158589 0.042627 0.020696 0.0226009 0.043071 0.0211959 0.022831 0.045964 0.0211959 0.016019 0.046487 0.0211959 0.012828 0.045964 0.041046 0.016019 0.046487 0.041046 0.012828 0.0461883 0.0468673 0.0153031 0.046487 0.041046 -0.011585 0.045964 0.0410466 -0.0147773 0.0461876 0.0468775 -0.0140525 0.0447808 0.0468715 -0.0134873 0.044987 0.046896 -0.011337 0.0447793 0.0433563 -0.0133858 0.044379 0.0433382 -0.0140935 0.044824 0.0351959 -0.013137 0.044987 0.0351959 -0.011337 0.043531 0.0351959 -0.01466 0.044381 0.0351959 -0.014071 0.0420322 0.0351959 -0.0147762 0.045148 0.043689 -0.013668 0.0445081 0.0436537 -0.0184579 0.0461687 0.0436348 -0.0140734 0.04313 0.043396 -0.0214749 0.04313 0.0466959 -0.0214749 0.043011 0.046896 -0.021705 0.0430146 0.0411447 -0.0216991 0.0417359 0.0466959 -0.020898 0.0417275 0.0433964 -0.020933 0.043038 0.046896 -0.0216539 0.0424847 0.0437376 -0.0212182 0.0419108 0.0433937 -0.0201935 0.0417648 0.0436708 -0.0192648 0.0410714 0.0433794 -0.0184652 0.0416491 0.0351959 -0.0190457 0.0406443 0.0436791 -0.0179607 0.0405516 0.0433957 -0.0174224 0.040559 0.0351959 -0.0173938 0.044987 0.0351959 0.012579 0.04063 0.0351959 -0.017953 0.01842 0.0351959 -0.0396989 -0.015751 0.0351959 -0.040532 0.0180319 0.0351959 -0.0397839 0.018811 0.0351959 -0.039772 0.0182753 0.0433973 -0.0396935 0.019142 0.0351959 -0.039992 0.0279 0.0351959 -0.037066 0.033294 0.0351959 -0.0324359 0.021867 0.0351959 -0.040824 0.0205697 0.0351959 -0.0410514 0.0199709 0.0433824 -0.0408238 0.0195261 0.0351959 -0.0404644 0.0209775 0.0436573 -0.0410724 0.0217661 0.0435873 -0.0408851 0.022218 0.043696 -0.041994 0.0217727 0.0468904 -0.0408845 0.0223554 0.0468854 -0.0422694 0.0223316 0.0434105 -0.042277 0.0278906 0.0468957 -0.0370738 0.0282563 0.0468944 -0.0386629 0.034073 0.0468959 -0.0337764 0.0390105 0.046896 -0.0280956 0.033294 0.046896 -0.0324359 0.037924 0.046896 -0.027042 0.0379176 0.0351961 -0.0270497 0.0416449 0.0468958 -0.0210721 0.041864 0.0351959 -0.0206798 0.0390462 0.0281762 -0.0280475 0.034127 0.028196 -0.033723 0.035885 0.0211959 -0.031895 0.0334497 0.0211944 -0.0344037 0.0283868 0.0206964 -0.0380059 0.0295922 0.0211977 -0.0376961 0.0216156 0.0206972 -0.0421277 0.026738 0.0211959 -0.0397 0.02197 0.028196 -0.042457 0.0218764 0.0410548 -0.042508 0.019705 0.0211959 -0.0435269 0.0228363 0.0211961 -0.0420296 0.0150137 0.0280755 -0.0453138 0.012137 0.0211959 -0.046138 0.015651 0.0211973 -0.0451184 0.0142536 0.020696 -0.0450713 0.000254225 0.0281553 -0.0476303 0.00803364 0.0211962 -0.047005 0.00423998 0.0211959 -0.047463 0.00770481 0.0280517 -0.0470514 0.00755095 0.041046 -0.047071 0.0149145 0.043396 -0.0453415 0.0149438 0.0466976 -0.0453377 0.014751 0.046896 -0.045394 0.00755095 0.046896 -0.047071 0.00733886 0.0468958 -0.0455876 0.0143489 0.0468857 -0.0439583 0.00732499 0.0351959 -0.045589 0.000237 0.0351959 -0.046129 0.014248 0.0351959 -0.04398 0.015697 0.0351959 -0.0409796 -0.015165 0.0351959 -0.0410989 -0.0152656 0.0434123 -0.0407728 -0.0169266 0.0436829 -0.0400267 -0.0182528 0.0434552 -0.0397158 -0.0194897 0.0436637 -0.040818 -0.0204365 0.0436603 -0.041066 -0.0212938 0.0435864 -0.0408837 -0.0212987 0.0468906 -0.0408846 -0.021393 0.0351959 -0.040824 -0.027426 0.0351959 -0.037066 -0.0274166 0.0468956 -0.0370737 -0.0329936 0.0351959 -0.0322858 -0.03282 0.046896 -0.0324359 -0.0338952 0.0468952 -0.033486 -0.033422 0.041696 -0.031545 -0.033039 0.041696 -0.0322159 -0.0345255 0.046896 -0.0306475 -0.0345191 0.041696 -0.0306465 -0.0340954 0.0416959 -0.0304495 -0.034095 0.0351959 -0.030449 -0.0338064 0.0351959 -0.0300743 -0.0333854 0.041696 -0.030594 -0.0329124 0.041696 -0.0285507 -0.0323975 0.041696 -0.0294213 -0.0335105 0.041696 -0.0287353 -0.032764 0.0351959 -0.0286524 -0.0335418 0.0351959 -0.0287283 -0.032433 0.0351959 -0.02917 -0.0184513 0.0351959 -0.03983 -0.01951 0.0351959 -0.0408069 -0.02045 0.0351959 -0.041051 -0.018014 0.0351959 -0.039701 -0.017558 0.0351959 -0.0397839 -0.0324606 0.0351959 -0.0295048 -0.0333576 0.0351959 -0.0305553 -0.033422 0.0351959 -0.031545 -0.0389836 0.0351959 -0.0197053 -0.0394358 0.0351959 -0.0201799 -0.038809 0.0351959 -0.025985 -0.04155 0.0351959 -0.020449 -0.041564 0.0351959 -0.0214069 -0.0415638 0.0416958 -0.0214075 -0.041679 0.0351959 -0.020926 -0.0388074 0.046896 -0.0259907 -0.042564 0.046896 -0.0216539 -0.038697 0.046896 -0.027878 -0.038697 0.041046 -0.027878 -0.0426654 0.0466986 -0.0214792 -0.0385855 0.0280617 -0.0280361 -0.0218576 0.0434029 -0.0422705 -0.0281535 0.046893 -0.0383954 -0.0278961 0.0282464 -0.0385803 -0.021496 0.028196 -0.042457 -0.033653 0.028196 -0.033723 -0.0290893 0.0211961 -0.0377176 -0.026264 0.0211959 -0.0397 -0.0259899 0.020696 -0.039282 -0.0205698 0.0206984 -0.0424106 -0.0211039 0.021205 -0.0427213 -0.0151877 0.0211974 -0.0451152 -0.014535 0.0281742 -0.0453137 -0.015328 0.020696 -0.044521 -0.01154 0.020696 -0.045654 -0.00771195 0.020696 -0.0464629 -0.00203216 0.020696 -0.0471107 -0.027544 0.020696 0.039457 -0.003766 0.0211959 -0.047463 -0.00724798 0.028196 -0.047045 -0.00760566 0.0211969 -0.046999 3.53905e-05 0.0391642 -0.0476308 -0.00743391 0.040964 -0.0470201 -0.00746697 0.046896 -0.04701 -0.0144522 0.0468857 -0.0453519 -0.0144697 0.0434116 -0.0453271 -0.0148065 0.0410655 -0.045226 -0.0217031 0.0411213 -0.0423595 -0.018228 0.043396 -0.043956 -0.014353 0.043696 -0.045055 -0.018113 0.043696 -0.043679 -0.0217439 0.043696 -0.041994 -0.0140843 0.0436938 -0.0443676 -0.015127 0.0436529 -0.0426325 -0.0145805 0.0433999 -0.0434999 -0.0138503 0.0433913 -0.0439606 -0.00684013 0.0351962 -0.0455901 -0.013775 0.0351959 -0.04398 -0.0137044 0.0468959 -0.0439985 -0.013891 0.0466959 -0.043939 -0.00685096 0.046896 -0.045589 3.9e-05 0.046896 -0.047629 0.000237 0.046896 -0.046129 -0.014589 0.0351959 -0.043486 -0.015091 0.0351959 -0.042645 -0.011663 0.0211959 -0.046139 0.0002175 0.0211959 -0.047629 -0.045513 0.020696 -0.0115859 -0.021162 0.020696 0.043308 -0.03325 0.020696 0.034661 -0.038139 0.020696 0.029035 -0.0336 0.0211959 0.035017 -0.0425367 0.0211956 0.0229478 -0.042094 0.020696 0.022716 -0.045016 0.020696 0.0158589 -0.045513 0.020696 0.012828 -0.046013 0.0211959 0.012828 -0.04549 0.0211959 0.016019 -0.046013 0.0211959 -0.0115859 -0.0454879 0.0210615 -0.0147333 -0.043598 0.020696 -0.0183149 -0.04549 0.028196 -0.014777 -0.0440569 0.0211959 -0.018514 -0.0425599 0.0280337 -0.0216674 -0.0424056 0.0211962 -0.021977 -0.0381777 0.0211972 -0.0286023 -0.040275 0.0211959 -0.025587 -0.0408231 0.020696 -0.023818 -0.0362674 0.0206956 -0.0302091 -0.0307227 0.0206945 -0.0357698 -0.035374 0.0211959 -0.031936 -0.032966 0.021196 -0.0344126 -0.04549 0.041046 -0.014777 -0.042646 0.0433947 0.0227541 -0.0385404 0.021196 0.0293329 -0.0426706 0.0468924 0.022733 -0.0385409 0.046896 0.029332 -0.0374499 0.046896 0.028284 -0.0412651 0.0468873 0.0221629 -0.03282 0.046896 0.033678 -0.027427 0.041046 0.038308 -0.027427 0.046896 0.038308 -0.021462 0.046896 0.04203 -0.0335987 0.046896 0.0350187 -0.0210638 0.0351959 0.042248 -0.0194893 0.0351959 0.0420608 -0.04139 0.0351959 0.0219219 -0.0413775 0.0435479 0.0219767 -0.0412103 0.0351959 0.0203671 0.00618478 0.0206965 -0.0468143 -0.0218846 0.046886 -0.0422743 -0.0350119 0.046896 -0.030621 -0.0354909 0.0468959 -0.0303096 -0.035451 0.0351959 -0.030354 -0.0348033 0.0351959 -0.0306821 -0.041631 0.046896 -0.021267 -0.04155 0.041696 -0.020449 -0.0410907 0.041696 -0.020007 -0.0408425 0.0351959 -0.0199352 -0.0393965 0.041696 -0.0201875 0.0155704 0.0351959 -0.0426314 0.0156846 0.0433962 -0.0409724 0.0155829 0.0436679 -0.0426718 0.0150813 0.0433977 -0.0434737 0.014356 0.0434038 -0.043952 0.0146999 0.0437595 -0.0447675 0.018587 0.043696 -0.043679 0.0187009 0.043396 -0.043956 0.015076 0.0351959 -0.043473 0.0161301 0.0436175 -0.0405849 0.016225 0.0351959 -0.040532 0.0185457 0.0436966 -0.0399668 0.0188674 0.0434 -0.0397915 0.0283954 0.0281681 -0.0385602 0.0343828 0.020696 -0.0328212 0.0404024 0.020696 -0.0253635 0.0386551 0.0211974 -0.0285982 0.040779 0.0211959 -0.02554 0.0428811 0.0211969 -0.0219744 0.044553 0.0211959 -0.018462 0.044094 0.020696 -0.018264 0.045987 0.020696 -0.011585 0.0459472 0.0210601 -0.0147712 0.045964 0.028196 -0.014777 0.046487 0.0211959 -0.011585 0.0459869 0.020696 0.012828 0.0430199 0.0281857 -0.021688 0.0415126 0.0351959 -0.0151069 0.0435052 0.0436739 -0.0146986 0.0416611 0.0435933 -0.0149153 0.044768 0.0351959 0.0146891 0.0448199 0.0468954 0.0144167 0.0420239 0.0351959 0.016017 0.0436726 0.0351959 0.0158825 0.0447142 0.0433857 0.0147869 0.0442766 0.0435966 0.0154375 0.0434566 0.0436596 0.0159364 0.0461654 0.0436444 0.0153073 0.0447326 0.046867 0.0147105 0.044987 0.046896 0.012579 0.0444678 0.043665 0.0197756 0.0431221 0.0436004 0.0227376 0.0421761 0.0436927 0.0223011 0.0419123 0.0433973 0.0213087 0.0416832 0.0433982 0.0203778 0.0409044 0.0436976 0.0189569 0.04069 0.043396 0.019317 0.0416573 0.035196 0.020359 0.041682 0.0351959 0.022251 0.037924 0.0351959 0.028284 0.041909 0.0351959 0.021308 0.04069 0.0351959 0.019317 0.033294 0.0351959 0.033678 0.0405496 0.0351959 0.0186937 0.0183239 0.0351959 0.0409246 0.0405401 0.0434089 0.0187021 0.0279104 0.0351962 0.0383003 0.0189271 0.0351959 0.0410724 0.0209229 0.0351959 0.042293 0.021867 0.0351959 0.042066 0.0199839 0.0351959 0.042049 0.0217678 0.0435863 0.0421257 0.033294 0.046896 0.033678 0.0217728 0.0468905 0.0421268 0.027901 0.046896 0.038308 0.0286299 0.046896 0.039632 0.0286299 0.041046 0.039632 0.0223576 0.046886 0.0435164 0.034355 0.046896 0.034739 0.039171 0.041046 0.02912 0.039171 0.046896 0.02912 0.0379326 0.0468957 0.0282743 0.043038 0.046896 0.022896 0.0417378 0.0468857 0.0221647 0.0431381 0.0466983 0.0227216 0.0417385 0.0434033 0.0221552 0.0286295 0.0351959 0.0396325 0.0150022 0.0435673 0.0465718 0.015261 0.0351959 0.046472 0.0222347 0.0403389 0.0435628 0.0152589 0.0351953 0.0464733 0.00794196 0.041046 0.048252 0.00794196 0.046896 0.048252 0.0149259 0.0468857 0.046594 0.0150638 0.0436618 0.0447574 0.014358 0.0468905 0.0451982 0.0143577 0.0435817 0.0451942 0.014248 0.0351959 0.045222 0.00731284 0.0351962 0.0468322 0.000237 0.0351959 0.047371 0.000237101 0.046896 0.047371 0.015629 0.0351959 0.04242 -0.0153699 0.0351959 0.042038 0.01588 0.0351959 0.042 0.0159396 0.0434136 0.0419267 0.016225 0.0351959 0.041775 0.0185674 0.0435793 0.0408659 0.0199668 0.0436675 0.0420611 0.0209097 0.0436603 0.0423079 0.0223325 0.0436039 0.043502 0.0187096 0.0436566 0.045168 0.0155748 0.0436463 0.0439075 0.0156385 0.0436892 0.0424165 0.0155651 0.0351959 0.0438868 0.015063 0.0351959 0.044728 -0.0151507 0.0351959 0.0424412 -0.00685096 0.0351959 0.046831 -0.015094 0.0351959 0.043879 -0.0142927 0.0351959 0.0450646 -0.00686425 0.0468958 0.0468296 -0.0138903 0.0435866 0.0451932 -0.013875 0.0468857 0.0452004 0.000435137 0.0468957 0.048871 0.00732499 0.046896 0.046831 -0.0146301 0.0436659 0.0447112 -0.0150996 0.0433933 0.0438822 -0.015148 0.043396 0.042446 -0.0154804 0.0433971 0.0419062 -0.0155651 0.0436974 0.0422735 0.0415101 0.0434052 0.0163545 0.0420239 0.043396 0.016017 0.0418155 0.0436961 0.0163865 -0.0400379 0.0436323 0.0188313 -0.0399952 0.0434237 -0.0178589 -0.0405128 0.0436981 -0.0177337 -0.0476174 0.0564603 0.00162984 -0.0476608 0.0567946 0.00201622 -0.0368079 0.0567646 0.00192257 -0.036324 0.0566067 0.00500788 -0.0353961 0.0566371 0.010238 -0.0355403 0.0497656 0.00914784 -0.0355456 0.0558023 0.0091213 -0.0360176 0.0567959 0.00997202 -0.0472822 0.0567254 0.00790236 -0.0459452 0.0567955 0.0133726 -0.0438025 0.0567955 0.0195943 -0.0329479 0.0565511 0.0165965 -0.033276 0.0554283 0.0158108 -0.0342932 0.0487063 0.0134144 -0.0332299 0.0498765 0.0159143 -0.0303526 0.048895 0.0209976 -0.0284051 0.0484975 0.024303 -0.0289988 0.0489039 0.0229091 -0.026014 0.0488764 0.0263509 -0.0236569 0.0488808 0.0285513 -0.0225969 0.0484963 0.0300162 -0.0237979 0.0564237 0.0284245 -0.0209055 0.0563988 0.0306889 -0.0176447 0.0564025 0.0327431 -0.0139273 0.0564113 0.0345375 -0.01768 0.0488672 0.0327102 -0.0206153 0.048745 0.0309011 -0.0159832 0.0484961 0.0457896 -0.0235135 0.0485574 0.0423751 -0.018574 0.0487764 0.0450516 -0.020602 0.0489917 0.0441527 -0.0209873 0.0564551 0.0439538 -0.0176028 0.0564338 0.0454645 -0.015892 0.0487738 0.0460956 -0.0133376 0.0489873 0.0469331 -0.0120367 0.0562824 0.047298 -0.0143841 0.0564695 0.0466003 -0.0148024 0.0567951 0.0462094 -0.00885628 0.056795 0.0477991 -0.00488633 0.0564334 0.0486146 -0.000798272 0.0565936 0.0488571 0.00268951 0.0488516 0.0488159 0.000133059 0.0486874 0.0488641 0.00282754 0.0564349 0.0488136 0.00663775 0.0488807 0.0484513 0.00725596 0.0564528 0.0483613 0.00619274 0.0567833 0.0482412 0.0231244 0.0567935 0.0298633 -0.00357855 0.0567935 0.0375881 0.0148857 0.0567955 0.0462975 0.0293353 0.0567959 0.024077 0.0338778 0.0567953 0.0163713 0.0332198 0.055524 0.0169017 0.0332326 0.0497657 0.0168754 0.0291468 0.0497809 0.0233841 0.0324463 0.0488043 0.0184577 0.0238443 0.0554466 0.0288524 0.0237633 0.0498539 0.0289205 0.0289912 0.0563538 0.02357 0.0294379 0.0555439 0.022934 0.0313276 0.0566275 0.020361 0.0272373 0.0565111 0.0256377 0.0239438 0.0564602 0.028753 0.0279942 0.0567275 0.0251734 0.018183 0.0555439 0.032691 0.0197263 0.0564889 0.0318463 0.016562 0.0555439 0.033546 0.0164534 0.0489084 0.0336031 0.0113119 0.049747 0.0356629 0.00919598 0.049747 0.036263 0.0141044 0.0488042 0.0346881 0.023944 0.0488317 0.0287529 0.0275017 0.0486874 0.0253957 0.027644 0.0484969 0.0400677 0.0115479 0.048498 0.0360503 0.0311699 0.0484958 0.0218913 0.0231244 0.0484984 0.0298635 0.0182157 0.0488681 0.0454172 0.0186273 0.0564313 0.0452487 0.022806 0.0486683 0.043278 0.0270644 0.0488523 0.0407345 0.0298846 0.0490015 0.0386928 0.0329441 0.0488065 0.0361113 0.0358786 0.0489914 0.0331576 0.0355305 0.0562876 0.0335313 0.0317781 0.0564678 0.0371458 0.0316657 0.0567954 0.0368217 0.034154 0.0565058 0.0349461 0.0368975 0.0567939 0.0315146 0.0385761 0.0564634 0.0299227 0.0374955 0.056299 0.0312837 0.0380935 0.0486928 0.0304988 0.0354097 0.048589 0.0334686 0.0399307 0.0484965 0.0276762 0.045141 0.0488359 0.0183186 0.0430168 0.0485007 0.022712 0.0413596 0.0512732 0.00862099 0.0409915 0.0526465 0.00862099 0.0423164 0.0551619 0.0242377 0.0412297 0.054099 0.0260612 0.0407577 0.056449 0.0268394 0.0408346 0.0526505 0.0266849 0.0408567 0.0488678 0.0266989 0.0436703 0.049771 0.0216248 0.0412245 0.0511993 0.0260921 0.0423199 0.0501258 0.0242366 0.041211 0.0567942 0.0255109 0.0439045 0.0564771 0.0211885 0.0449158 0.0567941 0.0180783 0.0463267 0.0564371 0.0149636 0.045963 0.0546006 0.0159304 0.047422 0.0565033 0.0106693 0.0469167 0.0526611 0.0128076 0.0479609 0.0564625 0.00774422 0.0476166 0.0567944 0.00831573 0.048306 0.0490033 0.00490168 0.048483 0.0522979 0.00189776 0.0484306 0.0567898 0.00196565 0.0374095 0.0567727 0.00193095 0.0373233 0.0488508 0.00162383 0.0371757 0.0564558 0.00162587 0.0481235 0.0564084 0.00162374 0.0370123 0.0565441 0.00226156 0.036958 0.0555438 0.00210097 0.0365725 0.0566135 0.00670717 0.0358695 0.0555412 0.00968769 0.0358702 0.0497516 0.00968328 0.0369916 0.0497025 0.00189203 0.0369698 0.0488191 0.00256723 0.0373049 0.0485124 0.00193719 0.0366145 0.0486899 0.00638859 0.0357954 0.0486841 0.0102397 0.0361972 0.0484959 0.0108648 0.0469635 0.0487395 0.0126832 0.0451952 0.0550761 0.017322 0.045136 0.055069 0.014627 0.0437371 0.0553912 0.00862099 0.04511 0.055023 0.00862099 0.042365 0.055023 0.00862099 0.04136 0.054018 0.00862099 0.0436583 0.0555254 0.0215668 0.0448423 0.0554338 0.0190624 0.0467056 0.0537365 0.0136488 0.042365 0.050268 0.00862099 0.043737 0.0499 0.00862099 0.0463025 0.0514101 0.014103 0.04511 0.050268 0.00862099 0.0465298 0.052608 0.0129371 0.046115 0.051273 0.00862099 0.046115 0.054018 0.00862099 0.046483 0.052646 0.00862099 0.0464733 0.053275 0.0131736 0.0461855 0.0540272 0.0143708 0.0463158 0.0511263 0.0147617 0.0455433 0.0501879 0.0172698 0.0452362 0.050233 0.0169606 0.0479597 0.0488224 0.00776733 0.0471094 0.0484973 0.011296 0.0480475 0.0485016 0.00186093 0.047964 0.048996 0.00162096 0.0484456 0.0486802 0.00190369 0.0348267 0.0487192 0.0132648 0.030967 0.0486875 0.020964 0.0356033 0.0565931 0.0108674 0.0368326 0.0567959 0.00806949 0.0482948 0.0564399 0.00500705 0.0256049 0.0564712 0.0416774 0.0241688 0.0567695 0.0422754 0.015346 0.0564554 0.0464671 0.0131637 0.0487825 0.0471138 0.0111267 0.0564817 0.0476529 0.0109961 0.0486477 0.0476399 0.00505858 0.048509 0.0483392 -0.00671445 0.0484966 0.0480924 -0.00358019 0.0488402 0.0487365 -0.0108865 0.0488275 0.0475698 -0.00820601 0.0488687 0.0481361 -0.0083916 0.0564572 0.0481167 0.0225136 0.0564755 0.0434247 0.0287706 0.0564169 0.0395435 0.0182307 0.0484962 0.0450479 0.0177331 0.0484992 0.0333966 0.0187549 0.0489734 0.0323637 0.00993554 0.0488497 0.0361201 0.00661995 0.0488094 0.036844 0.00325109 0.0484982 0.0376609 0.00142097 0.049747 0.037352 0.00408533 0.0488908 0.0371729 0.000299287 0.0488132 0.0374259 -0.00401571 0.0484984 0.0375421 -0.00346198 0.048884 0.037187 0.00166861 0.0563978 0.0373629 -0.00350594 0.0555439 0.0371799 -0.00640671 0.0488806 0.0367716 -0.0107565 0.0487682 0.0357109 -0.0141637 0.0489049 0.0344449 -0.016157 0.0484994 0.0339382 -0.00836786 0.0484969 0.036779 -0.0108621 0.0563978 0.0356605 -0.0134528 0.0567959 0.0354153 -0.0142936 0.0567271 0.0347497 -0.0224279 0.0567954 0.0301124 -0.00641483 0.0564195 0.0367746 -0.00206868 0.0564803 0.0373504 -0.00736735 0.0566198 0.0366709 0.00418675 0.0562876 0.0371604 0.00904597 0.0563861 0.0363067 0.0104868 0.0567931 0.0363301 0.0115018 0.0563672 0.0356077 0.0154659 0.0564827 0.0341127 0.016744 0.0567939 0.0339588 0.00341886 0.0567935 0.0376398 0.033883 0.0564761 0.0156337 -0.0239449 0.0488482 0.042381 -0.0243051 0.0565722 0.0421806 -0.0269542 0.0488465 0.0404871 -0.0294318 0.0487161 0.0386657 -0.0281878 0.0564665 0.0396184 -0.0312704 0.0564421 0.037174 -0.0312068 0.0567953 0.0367628 -0.0250573 0.0567947 0.0414613 -0.0284052 0.0567944 0.0243028 -0.0357562 0.0566032 0.0327424 -0.0339826 0.0563199 0.0346454 -0.0347378 0.0488068 0.033854 -0.0324118 0.0484964 0.0357471 -0.0389398 0.048497 0.0282181 -0.0364584 0.0487176 0.0319478 -0.0388814 0.0488411 0.0288747 -0.037934 0.0564318 0.0301518 -0.0391759 0.0565805 0.0284219 -0.0407472 0.054091 0.0260968 -0.0403541 0.0526556 0.0267096 -0.0315983 0.0484959 0.0201208 -0.032309 0.0486973 0.0178317 -0.0418731 0.0484965 0.0234792 -0.0433706 0.0496997 0.0213442 -0.0415913 0.0488083 0.0246652 -0.0420338 0.0499579 0.0238854 -0.040836 0.051245 0.014761 -0.0418671 0.0501822 0.0191588 -0.0431997 0.0498863 0.00878972 -0.043268 0.0497908 0.0207188 -0.0454632 0.0503874 0.0161774 -0.0447628 0.050236 0.0172463 -0.0455268 0.0510364 0.00863556 -0.0460627 0.052692 0.0086255 -0.0457295 0.0512388 0.0142679 -0.0460974 0.0525495 0.0129156 -0.0453741 0.0544871 0.00863522 -0.0407504 0.0514443 0.00863681 -0.040836 0.054046 0.0147615 -0.0405966 0.0533 0.00862237 -0.040513 0.052646 0.00881896 -0.0444694 0.0501367 0.00863623 -0.0418255 0.0502475 0.00862979 -0.040881 0.054021 0.00881899 -0.0418383 0.0550732 0.0178221 -0.0415377 0.0548136 0.00862606 -0.0432666 0.0554113 0.00862879 -0.0420257 0.0553318 0.0238827 -0.0441416 0.05558 0.0196024 -0.044081 0.0564727 0.0196851 -0.0432819 0.0555016 0.0207134 -0.0458125 0.0564818 0.0150771 -0.0468233 0.056469 0.01126 -0.0468063 0.048996 0.0113437 -0.0464301 0.052709 0.0128671 -0.0458047 0.0539582 0.0140496 -0.0459507 0.0542022 0.0146232 -0.0447838 0.0550453 0.0171775 -0.0445486 0.0488008 0.0185975 -0.0447366 0.0485574 0.0176641 -0.0462761 0.048839 0.0134535 -0.0467402 0.0484965 0.0101029 -0.0477374 0.0484995 0.00197419 -0.0478205 0.0488605 0.00500745 -0.0479884 0.048879 0.00212513 -0.0477072 0.0487423 0.00169164 -0.0479042 0.0490131 0.00181297 -0.047519 0.0489959 0.001621 -0.036977 0.0564446 0.00162231 -0.0365275 0.0562454 0.00183504 -0.0365087 0.0497352 0.00192173 -0.0368145 0.0488424 0.00163538 -0.036714 0.0485209 0.00187647 -0.0364074 0.0484968 0.00677294 -0.0364365 0.0487932 0.00371322 -0.0355231 0.048693 0.00944308 -0.0347527 0.0484959 0.0134873 -0.0479807 0.0564192 0.00191934 -0.047989 0.052646 0.00213695 -0.0476078 0.0564772 0.00689671 -0.0474864 0.0489969 0.0077304 -0.0471266 0.0487453 0.00959236 -0.0413242 0.0567959 0.0246654 -0.0417149 0.0564304 0.0245222 -0.0319001 0.0567949 0.0192779 -0.028813 0.0563646 0.023139 -0.0259522 0.0564153 0.0264145 -0.0301919 0.0563923 0.021256 -0.0407501 0.0511792 0.0261043 -0.0322426 0.0489958 0.0363347 -0.027937 0.00909517 -0.196365 -0.0280379 0.000196032 -0.196 -0.027756 0.000196032 -0.197005 -0.027659 -0.00555077 -0.197336 -0.027756 -0.00430392 -0.197005 -0.028489 -0.00680396 -0.194258 -0.027109 -0.00952193 -0.197799 -0.02886 -0.00949797 -0.191033 -0.029634 -0.00663162 -0.18903 -0.030182 -0.00908294 -0.183723 -0.029022 -0.0114569 -0.18301 -0.0313023 -0.00825004 -0.175243 -0.0323019 -0.00707655 -0.165446 -0.0301343 -0.010617 -0.174675 -0.0259308 -0.0129762 -0.172033 -0.0311144 -0.00939642 -0.164797 -0.0200019 -0.014542 -0.178077 -0.024797 -0.0138629 -0.180638 -0.023485 -0.014287 -0.187717 -0.018745 -0.015005 -0.184862 -0.013919 -0.01523 -0.181998 -0.0117224 -0.0153187 -0.19077 -0.0166261 -0.0150373 -0.193578 -0.0212261 -0.0142445 -0.196338 -0.0258869 -0.011854 -0.1971 -0.027681 -0.011868 -0.190288 -0.0234719 -0.0117409 -0.203409 -0.016736 -0.0140949 -0.206555 -0.020964 -0.0116139 -0.208455 -0.022329 -0.00942996 -0.208853 -0.024762 -0.00947997 -0.203982 -0.022795 -0.00730392 -0.208906 -0.0251639 -0.00730392 -0.204105 -0.027402 -0.00651664 -0.198184 -0.0270664 -0.00709594 -0.199269 0.00312283 -0.00651674 -0.180541 0.00340294 -0.00710689 -0.181716 0.002967 -0.00555124 -0.179635 0.00257498 -0.00730392 -0.178317 0.00228494 -0.00956795 -0.178542 0.00164333 -0.00726699 -0.173621 0.000848497 -0.00927211 -0.170801 0.00295986 -0.00430427 -0.179253 0.00310698 0.000196029 -0.179168 0.00295991 0.000196029 -0.178085 0.00300699 0.00527802 -0.178058 -0.0280375 0.00769543 -0.196 0.002877 0.007696 -0.178133 0.00281691 0.00909497 -0.17859 0.0029059 0.0101956 -0.179632 0.0016279 0.012268 -0.174701 0.00258873 0.00521887 -0.175202 0.00272504 -0.000988157 -0.176533 0.000881 -0.00108794 -0.164232 0.00102895 0.00515797 -0.164202 0.000666292 0.0115313 -0.168395 0.000417 0.011218 -0.166489 -0.000357 0.013678 -0.16857 -0.00384897 0.01641 -0.170007 -0.00470698 0.014974 -0.163728 0.000594 0.014404 -0.17452 -0.000968 0.012265 -0.162716 0.000123269 0.0104362 -0.163319 -0.00520599 0.013239 -0.157665 -0.00127697 0.010586 -0.157045 -0.00133896 0.00941899 -0.153079 -0.00341398 0.011097 -0.15303 -0.000704 0.00852802 -0.153111 -8.36363e-05 0.00852511 -0.157377 0.000233132 0.00635897 -0.15788 0.000192825 0.0050667 -0.151167 0.000780471 -0.00282505 -0.138443 0.00059697 -0.00548181 -0.133932 -7.90874e-05 -0.00553419 -0.145912 -0.00142497 -0.00769994 -0.14286 -0.00118697 -0.00766394 -0.136948 -0.006064 -0.0101449 -0.136718 -0.000706885 -0.00766106 -0.128558 -0.00365597 -0.00926093 -0.142833 -0.00620794 -0.0102369 -0.142798 -0.00627196 -0.0105909 -0.148529 -0.011614 -0.0111429 -0.142715 -0.0170467 -0.0113102 -0.142906 -0.011616 -0.0114339 -0.148797 -0.0113226 -0.0109595 -0.126007 -0.0224544 -0.0110557 -0.142375 -0.00544389 -0.00999503 -0.121811 0.000338 -0.00770793 -0.117086 0.00150198 -0.00554595 -0.124101 0.00231099 -0.00560395 -0.117112 0.00230324 -0.00280562 -0.12274 0.00131523 0.0032405 -0.131874 0.00162736 -0.00281992 -0.128785 0.000459313 0.00324437 -0.143925 0.000543 0.00561096 -0.137776 -0.00056 0.00777098 -0.137753 0.001243 0.00552597 -0.130278 0.000243 0.00766697 -0.13024 -0.00115918 0.00786556 -0.145059 0.000112849 0.00552361 -0.145163 -0.00520393 0.0105091 -0.144504 -0.00470171 0.0104109 -0.145378 -0.00666398 0.011924 -0.151436 -0.00996399 0.0116 -0.144763 -0.014803 0.011954 -0.144781 -0.010062 0.012549 -0.151729 -0.00977194 0.014264 -0.158552 -0.00537294 0.011817 -0.152526 -0.014752 0.012837 -0.152182 -0.0192475 0.0131571 -0.154666 -0.0195656 0.012078 -0.147081 -0.0242076 0.0121264 -0.150778 -0.024421 0.011736 -0.144823 -0.0196225 0.0119976 -0.136859 -0.0300847 0.010701 -0.130596 -0.0249436 0.0117304 -0.129889 -0.0140307 0.0119141 -0.129252 -0.0190894 0.0118783 -0.119082 -0.0089452 0.0115429 -0.131702 -0.000997625 0.0101125 -0.111952 -0.0100065 0.0115218 -0.0959938 0.00102456 0.00997254 -0.0998586 0.00340282 0.00738252 -0.108115 0.00379544 0.0031769 -0.111756 0.00453465 0.00532968 -0.106481 0.00501961 0.00735843 -0.0994185 0.00441602 -0.00431551 -0.106868 0.00504775 -0.00277005 -0.104667 0.00568138 0.00326109 -0.101637 0.00699927 -0.00278451 -0.0958602 0.00678021 0.00537099 -0.0956831 0.00624729 0.00740525 -0.0930056 0.00244528 0.00993508 -0.0907538 -0.00338871 0.0110779 -0.0938321 -0.00243097 0.010992 -0.082032 -0.008744 0.011357 -0.082053 -0.01546 0.011402 -0.082075 -0.0298009 0.010522 -0.089831 -0.0289 0.010503 -0.082124 -0.0233874 0.0113403 -0.0902979 -0.027717 0.010463 -0.074245 -0.021193 0.011098 -0.074233 -0.023849 0.010757 -0.066378 -0.014711 0.011283 -0.0742209 -0.024122 0.010917 -0.062585 -0.017039 0.01128 -0.062895 -0.0106974 0.0112392 -0.0646283 -0.00968773 0.0119857 -0.0578979 -0.0165214 0.0120066 -0.0571606 -0.0175049 0.0111469 -0.0665433 -0.00835598 0.011248 -0.07421 -0.00501914 0.0110952 -0.0676704 -0.00247766 0.0114 -0.0608504 -0.00252599 0.012164 -0.0569709 0.00478313 0.0116517 -0.0574278 -0.00182295 0.0130579 -0.053991 0.00534689 0.0126673 -0.0542964 -0.00107294 0.014364 -0.051168 -0.00469297 0.016368 -0.048535 -0.00880599 0.017794 -0.047092 -0.0106479 0.0164287 -0.0476471 -0.00451278 0.0180637 -0.0475792 0.00215821 0.017763 -0.0479451 0.00174471 0.0163632 -0.048764 0.00436802 0.0201679 -0.047403 0.012013 0.020696 -0.045653 0.00584623 0.0206956 -0.0468401 -0.00204738 0.020696 -0.0471095 -0.00982054 0.020698 -0.0460895 -0.015328 0.020696 -0.04452 -0.0278795 0.020696 -0.0380306 -0.003766 0.020196 -0.047462 -0.0447191 0.0206969 -0.0156876 -0.045513 0.020696 0.012828 -0.0375709 0.020696 -0.0285439 -0.045513 0.020696 -0.011585 -0.046013 0.020196 -0.011585 -0.0454774 0.0200273 -0.0152055 -0.046013 0.0193959 -0.00346797 -0.046013 0.0193959 -0.00755697 -0.046013 0.0193959 -0.00548195 -0.043758 0.013759 -0.00324195 -0.043957 0.013843 -0.00711196 -0.044127 0.013921 -0.011032 -0.040541 0.008515 -0.006661 -0.0401814 0.00963126 0.00146295 -0.041308 0.00858796 -0.014008 -0.039188 0.0082589 0.000661461 -0.0395576 0.00317743 -0.00895901 -0.0383978 0.00321705 -0.00255432 -0.038115 0.00597495 0.000622001 -0.037613 0.00828099 0.00769597 -0.036331 0.00604999 0.00735998 -0.0370163 0.00323394 0.00340181 -0.035815 0.00319594 0.00723398 -0.036641 0.000195999 0.00470495 -0.0375709 -0.00374521 0.000943826 -0.033807 0.000195998 0.011677 -0.0351874 -0.00330431 0.0088239 -0.0310185 -0.00374931 0.0160531 -0.0333573 -0.00356212 0.0124546 -0.0296199 0.00289032 0.0178971 -0.0333957 0.00319537 0.0125349 -0.033433 0.00616598 0.013611 -0.029487 0.00626599 0.019154 -0.034875 0.00850898 0.014344 -0.024437 0.000195996 0.023402 -0.0246295 0.00328263 0.0232805 -0.022303 -0.00280399 0.025178 -0.0257171 -0.00286528 0.0222383 -0.018267 0.000195995 0.027696 -0.0172555 -0.00268789 0.0282913 -0.018267 0.00319594 0.027696 -0.011212 0.000195995 0.0303129 -0.018878 0.00319594 0.0273769 -0.024767 0.00636297 0.024058 -0.019255 0.00644999 0.028013 -0.013019 0.00652694 0.030633 -0.02596 0.00902497 0.025508 -0.020205 0.00927597 0.029744 -0.0215396 0.0117391 0.0322331 -0.013688 0.00948899 0.0326149 -0.0166111 0.0119849 0.0346757 -0.0144034 0.0136631 0.0381655 -0.0150635 0.0151628 0.0410571 -0.020736 0.015026 0.0387689 -0.025713 0.0168 0.039184 -0.019791 0.0168817 0.0424445 -0.026238 0.018123 0.040373 -0.0301166 0.018966 0.0380765 -0.030033 0.018094 0.0376 -0.0266939 0.0190252 0.0406368 -0.0219502 0.0186141 0.0433277 -0.0278513 0.0202064 0.0399166 -0.0337631 0.0189205 0.0347877 -0.036993 0.0193959 0.031315 -0.0339321 0.0201983 0.0347718 -0.03506 0.020696 0.032915 -0.0382274 0.0201992 0.0297736 -0.039451 0.0193546 0.0280937 -0.0408193 0.0206964 0.0250659 -0.0278894 0.0206959 0.0392667 -0.0211227 0.0206935 0.0433822 -0.015328 0.020696 0.045763 -0.00981999 0.0206979 0.0473326 -0.0151053 0.0201985 0.0463806 -0.0211918 0.0201993 0.0439198 -0.0176824 0.0186099 0.0452664 -0.0135358 0.0186297 0.0467206 -0.00902751 0.0201835 0.0480196 -0.00473826 0.0187268 0.048492 -0.00860973 0.0186654 0.0479288 -0.00137038 0.0202067 0.0488709 -0.00204777 0.020696 0.0483524 0.0063581 0.0202031 0.0485247 0.00186874 0.0190142 0.0488812 0.012137 0.020196 0.047381 0.0170102 0.0201921 0.0458986 0.0163089 0.0192224 0.0461558 0.00584642 0.0206955 0.0480831 0.0136376 0.020696 0.046498 0.027873 0.0206956 0.0396173 0.046487 0.020196 0.012828 0.045987 0.020696 0.012828 0.046487 0.020196 -0.011585 0.0457633 0.0179936 0.005098 0.0458942 0.0181724 0.0139541 0.045458 0.0186125 0.0172141 0.0464553 0.019164 0.0137613 0.046487 0.019399 0.000605656 0.0457608 0.0201773 0.0168584 0.045196 0.0206969 0.0169239 0.0430269 0.0189398 0.0229274 0.0421676 0.0201969 0.0245575 0.0413165 0.0206961 0.02503 0.0406023 0.0185391 0.026815 0.042436 0.018024 0.022599 0.03979 0.0166818 0.0240642 0.042693 0.016641 0.0178519 0.0439579 0.016628 0.013539 0.0377324 0.0132806 0.0120307 0.0368533 0.0135233 0.0164487 0.033848 0.011539 0.014882 0.030584 0.011578 0.021293 0.0313229 0.00926596 0.014035 0.035597 0.011508 0.007855 0.033222 0.00921196 0.00745696 0.031261 0.00645697 0.00715196 0.0330959 0.00761098 0.000622001 0.0345357 0.00961992 0.000581213 0.0334009 0.00772297 -0.00611698 0.035077 0.010056 -0.00643396 0.037384 0.012482 -0.00680297 0.033004 0.00784695 -0.0129869 0.034636 0.010209 -0.013545 0.033135 0.010309 -0.020506 0.036882 0.012623 -0.014206 0.031884 0.00792599 -0.019794 0.029589 0.00558395 -0.025714 0.031039 0.00557 -0.019189 0.030137 0.00797397 -0.0263989 0.027371 0.00558699 -0.0321079 0.0275839 0.00799698 -0.0327859 0.030881 0.010366 -0.027201 0.0320866 0.012848 -0.0279713 0.027757 0.010391 -0.033556 0.027995 0.012741 -0.0344739 0.024712 0.00786996 -0.03921 0.024319 0.010181 -0.039836 0.023726 0.012408 -0.040543 0.021677 0.007585 -0.0457579 0.020747 0.00973899 -0.0461489 0.018494 0.00726397 -0.052498 0.017045 0.00921197 -0.052518 0.019339 0.011749 -0.046524 0.0176139 0.013582 -0.046821 0.0146829 0.013101 -0.049378 0.0204419 0.014035 -0.0441829 0.014856 0.010942 -0.052418 0.013192 0.010217 -0.055637 0.012006 0.012398 -0.052136 0.0116765 0.0146145 -0.049041 0.00488312 0.0142676 -0.0510057 0.00799929 0.0134468 -0.0519372 0.012113 0.00938399 -0.059127 0.00958037 0.0109419 -0.0568109 0.00775802 0.00993167 -0.0625888 0.00655623 0.00979469 -0.0654727 0.00271195 0.010684 -0.063108 0.00331395 0.0111091 -0.0601968 0.0009853 0.0106145 -0.0667404 0.00396895 0.010205 -0.066379 0.00374198 0.010049 -0.074189 0.00442797 0.010124 -0.066379 0.009866 0.00816698 -0.0702889 0.0105503 0.00840322 -0.0662334 0.0110555 0.00594309 -0.0762012 0.00881822 0.00782867 -0.0775125 0.00330996 0.00998099 -0.082014 0.00979596 0.00568898 -0.081999 0.00816 0.00766696 -0.082001 0.00752598 0.00754799 -0.085892 0.00893897 0.00556399 -0.08589 0.00827414 0.00320282 -0.0904797 0.00806499 0.005466 -0.089849 0.0118686 -0.00450936 -0.0750841 0.00728053 -0.00441147 -0.0935484 0.0106074 -0.00600033 -0.0763985 0.00793397 -0.00803594 -0.0757559 0.00560853 -0.00795494 -0.0861517 0.000451754 -0.00993224 -0.0790821 -0.00137299 -0.00990795 -0.089216 -0.00527979 -0.010654 -0.0707647 -0.0126652 -0.0108643 -0.0618154 -0.0201012 -0.0106175 -0.0669102 -0.00501258 -0.0108115 -0.0574911 -0.01192 -0.0110643 -0.0458784 -0.0185857 -0.0108232 -0.046532 -0.0173894 -0.011364 -0.0309664 -0.0225921 -0.0106484 -0.0409496 -0.0221001 -0.0111216 -0.0286552 -0.0269745 -0.0101048 -0.041619 -0.0268378 -0.0104748 -0.0295478 -0.0312058 -0.00941583 -0.0367461 -0.031536 -0.0098349 -0.0234481 -0.0356956 -0.00843683 -0.024143 -0.035939 -0.00859296 -0.016864 -0.03902 -0.00620996 -0.025616 -0.039216 -0.00625294 -0.019552 -0.0389539 -0.00625598 -0.013708 -0.0402444 -0.00476807 -0.0215489 -0.0397183 -0.00419939 -0.010495 -0.0403492 -0.00405987 -0.0156394 -0.039696 0.000196002 -0.010052 -0.040102 0.00319594 -0.01325 -0.040484 0.000196003 -0.017549 -0.0387938 -0.00328336 -0.00435655 -0.0384643 -0.00458602 -0.0041126 -0.0365698 -0.00452996 0.00370662 -0.034445 -0.00648695 0.00596696 -0.0368134 -0.00589961 0.00018025 -0.0339091 -0.00815001 0.00169735 -0.035009 -0.008497 -0.00456196 -0.038269 -0.00619799 -0.00779599 -0.035685 -0.00862098 -0.010736 -0.031374 -0.010265 -0.00832296 -0.031649 -0.010176 -0.014667 -0.0266202 -0.0113097 -0.0134625 -0.0214229 -0.0121325 -0.012202 -0.0160953 -0.0127002 -0.0112926 -0.0121483 -0.0117944 -0.0273722 -0.0105938 -0.0130284 -0.0106569 -0.015907 -0.0129599 -0.00407595 -0.021312 -0.012324 -0.00508398 -0.02652 -0.0114289 -0.00647396 -0.020683 -0.012279 0.00154197 -0.025883 -0.011344 5.49982e-05 -0.0297069 -0.00972897 0.00443995 -0.024951 -0.010927 0.00658399 -0.030723 -0.0101449 -0.00194198 -0.019837 -0.011874 0.00816697 -0.014525 -0.01253 0.00927496 -0.0234699 -0.0100168 0.0138615 -0.015286 -0.012941 0.00260198 -0.0103609 -0.01333 -0.00339395 -0.00974798 -0.013327 0.00329899 -0.00907296 -0.012915 0.00998395 -0.00117622 -0.0135183 0.00397493 -0.0008918 -0.0130814 0.0107006 -0.00211634 -0.0135179 -0.00283463 0.00645095 -0.013192 -0.00325799 0.00573848 -0.0128536 -0.0107611 0.000294427 -0.0130939 -0.0103981 -0.00516004 -0.0131531 -0.0104136 -0.00706361 -0.0119007 -0.0268941 0.000636958 -0.0118224 -0.0263341 0.00668911 -0.0110451 -0.0326021 2.28977e-05 -0.0114304 -0.0327457 0.00421995 -0.010703 -0.042543 -0.00270885 -0.0109878 -0.0453494 -0.010814 -0.0113929 -0.0363783 0.00181199 -0.0104707 -0.0538623 0.00479495 -0.0100268 -0.057319 0.00749999 -0.00929599 -0.062316 0.0077292 -0.0101666 -0.0458753 0.0106074 -0.00937596 -0.0502526 0.0164857 -0.00618576 -0.0548406 0.0140864 -0.00821455 -0.0516523 0.015832 -0.00974221 -0.0336758 0.0201639 -0.00628894 -0.044624 0.0198648 -0.00848588 -0.0349202 0.0199269 -0.0104072 -0.0193828 0.0150419 -0.0113632 -0.0184393 0.00986818 -0.0118567 -0.0193194 0.0167207 -0.0119516 -0.00784649 0.0118087 -0.0126712 -0.00605669 0.012424 -0.012724 0.00215596 0.017542 -0.0119809 0.000469998 0.017773 -0.0116709 0.00654596 0.022262 -0.0108769 -0.00171298 0.026496 -0.009296 -0.004264 0.026541 -0.00912297 0.001158 0.0291532 -0.00696268 0.00361938 0.026024 -0.00872797 0.00649196 0.03006 -0.00687694 -0.00192398 0.031403 -0.00517797 -0.00334895 0.029958 -0.00695929 -0.00925216 0.0312523 -0.00518304 -0.0104267 0.0319069 -0.00375838 -0.00414358 0.0317646 -0.0038141 -0.00908208 0.0304007 -0.00487117 -0.0181132 0.0313012 -0.0038166 -0.0140201 0.028974 -0.00683599 -0.017199 0.0241171 -0.00893761 -0.0215887 0.0258015 -0.00927577 -0.0121861 0.0215039 -0.0108536 -0.00984005 0.0275668 -0.00668438 -0.0239242 0.0233711 -0.00640628 -0.0360584 0.0273897 -0.00491551 -0.0291573 0.0233827 -0.00478731 -0.0396811 0.0243035 -0.00383347 -0.0385011 0.0220839 -0.00279918 -0.0444324 0.0279066 -0.0036115 -0.0292235 0.029311 -0.00479732 -0.0234214 0.0299747 -0.0033755 -0.0223192 0.0315934 0.00307484 -0.011044 0.0319038 0.00310007 -0.0048807 0.0315981 0.00297211 0.000569833 0.0320189 0.00542694 0.000622001 0.032325 0.00547695 -0.00583499 0.032432 0.00641096 0.000622001 0.0319469 0.005539 -0.012513 0.0308445 0.00308234 -0.0172523 0.0298005 0.0031242 -0.0228882 0.028802 0.00319595 -0.02659 0.0287711 -0.00240367 -0.0267066 0.0235504 0.00313485 -0.0406941 0.0270538 0.0031621 -0.031598 0.0259179 -0.00322848 -0.0346269 0.024806 0.00551797 -0.038624 0.022057 0.00536997 -0.04535 0.0195778 0.00321346 -0.0508826 0.0168918 0.00499857 -0.058435 0.019168 0.00522096 -0.0523699 0.015874 0.006499 -0.059335 0.0134685 -0.0027806 -0.0703173 0.0093503 -0.00284686 -0.0861333 0.0101489 0.00320693 -0.0829851 0.0124872 0.00368704 -0.0739593 0.0102869 0.00444968 -0.0819287 0.0145954 0.00407978 -0.0662951 0.0135934 0.00511049 -0.0683258 0.014366 0.00804997 -0.059275 0.0128651 0.00641039 -0.0678292 0.0141759 -0.00611197 -0.062747 0.00962728 -0.0081156 -0.0682036 0.002379 -0.00997494 -0.068949 0.0165296 -0.00462436 -0.0582913 0.0172611 -0.00273909 -0.0573359 0.019149 -0.00468796 -0.050756 0.0199606 -0.002798 -0.0499034 0.030087 0.000195999 0.00800097 0.0302731 0.00317507 0.00742305 0.029274 0.00650799 0.013367 0.028336 0.00319594 0.013042 0.0274309 0.00319594 0.015048 0.0274309 0.000195998 0.015048 0.02341 0.000195997 0.0214069 0.0295554 -0.00377903 0.00973696 0.025579 0.00319594 0.018385 0.026423 0.00650996 0.018914 0.0225789 0.00651699 0.023847 0.0225059 0.00318806 0.022556 0.017872 0.000195996 0.0264839 0.017872 0.00319594 0.0264839 0.017746 0.00653898 0.027784 0.017196 0.00319594 0.026921 0.012183 0.00657397 0.030494 0.011107 0.000195995 0.029762 0.0115182 0.00319387 0.0296532 0.00607395 0.00319594 0.031027 0.00626296 0.00661396 0.032052 0.000206821 0.0096044 0.034746 0.000237 0.00656294 0.032546 0.00669396 0.00952196 0.034155 0.00727296 0.011924 0.036676 0.0130309 0.00944697 0.032439 0.018975 0.00937294 0.029486 0.014142 0.011835 0.034773 0.0205499 0.011737 0.031539 0.019047 0.0136379 0.035767 0.0135985 0.0137032 0.0380553 0.0148815 0.0150846 0.0406615 0.00610507 0.0138021 0.0397982 0.00868797 0.015314 0.04261 0.013668 0.016938 0.044654 0.00924897 0.0169549 0.045727 0.00472715 0.0169547 0.0463584 0.00353022 0.0173607 0.0446632 0.00283791 0.0170528 0.0428092 0.00398152 0.0159046 0.0443833 0.00252012 0.0173954 0.0429365 0.00454682 0.0175181 0.0472634 5.0018e-05 0.0176197 0.0475891 -0.000965311 0.0173666 0.0418946 -0.00253293 0.0171766 0.0430194 -0.00360615 0.017396 0.0471203 -0.00376722 0.0171073 0.0466531 -0.00349603 0.0158816 0.0443555 0.00108497 0.01455 0.0415765 -0.00189508 0.0148593 0.0421735 0.0028746 0.0151219 0.0426601 -0.00247347 0.0138434 0.04017 0.000237 0.012119 0.037501 -0.00530415 0.0120892 0.0372213 -0.00679594 0.00961798 0.034265 -0.010992 0.0119809 0.036175 -0.00644797 0.00656998 0.032109 -0.006311 0.00319594 0.031254 -0.0121384 0.00319668 0.0301117 -0.00377697 0.00319594 0.0315069 -0.00377697 0.000195995 0.0315069 0.00145241 0.00320817 0.0315754 0.00375199 0.000195995 0.0313589 0.00257392 -0.00272532 0.0315502 0.00861299 -0.00280399 0.030489 -0.00123777 -0.00522468 0.0311268 0.00461894 -0.00519497 0.030737 0.00863194 -0.00513196 0.029983 0.0030574 -0.00722062 0.0294796 -0.00265199 -0.00985098 0.0252319 0.00502998 -0.009704 0.025018 -0.00322896 -0.007267 0.029508 -0.010241 -0.00972498 0.0242259 -0.011032 -0.00717396 0.028327 -0.00741994 -0.00522495 0.030564 -0.00360054 -0.00280258 0.0315263 -0.007505 -0.00280399 0.0310799 -0.0113354 -0.00280404 0.0302866 -0.011309 -0.00518495 0.02976 -0.017431 -0.00508265 0.0276554 -0.0184359 -0.006885 0.0256359 -0.021873 -0.00664699 0.023576 -0.022192 -0.00488496 0.024763 -0.017524 -0.009309 0.0219329 -0.00935697 -0.011244 0.019644 -0.0249669 -0.006347 0.0210979 -0.0224324 -0.00881782 0.019238 -0.0289199 -0.00771072 0.0139541 -0.0293544 -0.00580155 0.0167664 -0.0287118 -0.00415407 0.0188177 -0.032987 -0.00507897 0.011953 -0.032514 -0.00659496 0.0102749 -0.035013 -0.00500755 0.00770311 -0.0366071 -0.00303108 0.00484493 -0.025269 -0.00471497 0.022156 -0.0292021 -0.0085517 0.0106795 -0.032398 -0.00754196 0.00777399 -0.00858723 -0.0119695 0.0165792 -0.013684 -0.011615 0.015876 -0.0167954 -0.0110591 0.0165987 -0.00194299 -0.0117346 0.0191914 0.00743896 -0.012801 0.00974899 0.00240989 -0.0121261 0.0167231 0.00536996 -0.011184 0.020282 0.00755095 -0.011892 0.016153 0.012589 -0.0106609 0.018981 0.012749 -0.012364 0.00847596 0.013745 -0.0115019 0.0140221 0.019308 -0.00972796 0.016243 0.0248637 -0.00774183 0.0143009 0.016202 -0.00891799 0.02195 0.02263 -0.00789696 0.017526 0.019565 -0.00846798 0.020005 0.019795 -0.00636995 0.0233729 0.022909 -0.00599099 0.020463 0.0256847 -0.00368456 0.0181956 0.02554 -0.00553996 0.017096 0.0231103 -0.00402831 0.0216446 0.019876 -0.00474495 0.0245489 0.019904 -0.00280399 0.0249619 0.017872 -0.00280399 0.0264839 0.016393 -0.00280399 0.027404 0.016377 -0.00491095 0.02695 0.012579 -0.00503898 0.028744 0.016332 -0.00666798 0.025655 0.0111752 -0.00939009 0.0238765 0.0109134 -0.00699121 0.0279859 0.0121046 -0.00279648 0.0294432 0.0277498 -0.00352282 0.0143558 0.0277721 -0.00581993 0.0121077 0.02938 -0.00540894 0.00797397 0.0308173 -0.00335564 0.00507903 0.0315857 -0.00351436 0.000547562 0.0308621 -0.00499293 0.00239135 0.0292355 -0.00648265 0.00542554 0.027322 -0.00727695 0.00932097 0.024667 -0.00901097 0.00913298 0.0224739 -0.0105794 0.00443991 0.022005 -0.01006 0.00974399 0.0190368 -0.010639 0.012171 0.00702596 -0.013196 0.00325197 -0.00787598 0.0138079 0.039627 -0.00821644 0.0167876 0.0456278 -0.013271 0.016967 0.044799 0.00120636 0.017174 0.04179 0.00428215 0.0173961 0.0470591 0.00490099 0.018174 0.048001 0.00951499 0.018169 0.047326 0.0096069 0.0189778 0.0479545 0.0228354 0.0202009 0.0432696 0.0210481 0.0206948 0.0436496 0.0218942 0.0189928 0.0437221 0.0227899 0.018141 0.042594 0.0185136 0.0182755 0.0447676 0.0143196 0.0183428 0.0463396 0.0179419 0.016918 0.043158 0.0242174 0.0168355 0.0399966 0.0224736 0.0151144 0.0374447 0.0239591 0.0135576 0.0328173 0.026124 0.011647 0.026967 0.0296024 0.0134614 0.0276708 0.028277 0.00928199 0.019974 0.024147 0.00931698 0.025251 0.0340532 0.0133875 0.0214198 0.0334009 0.014995 0.027925 0.035954 0.016749 0.029671 0.036744 0.0148648 0.022789 0.0325936 0.0164108 0.0326903 0.0292543 0.0164527 0.0357832 0.0306449 0.018109 0.037308 0.0268429 0.018127 0.0401559 0.0267378 0.0189371 0.0409314 0.0313707 0.0189802 0.0374762 0.0284742 0.0202046 0.0398129 0.0345803 0.0201975 0.0345984 0.0352565 0.020696 0.0332495 0.0378428 0.0189381 0.030855 0.0387306 0.0201972 0.0297359 0.03729 0.018067 0.030541 0.0346803 0.0185809 0.0342528 0.0113541 -0.0105334 -0.0331026 -0.0405673 0.00351435 -0.0181008 -0.041088 0.00869996 -0.021346 -0.0405918 0.00271278 -0.0249786 -0.040582 0.00613195 -0.028357 -0.040344 0.008793 -0.028781 -0.0402 0.006109 -0.0358 -0.039983 0.014179 -0.0259179 -0.039671 0.00876695 -0.036221 -0.038781 0.014062 -0.029659 -0.0389257 0.0194977 -0.0275857 -0.036582 0.01366 -0.0369829 -0.0312957 0.0169309 -0.0379363 -0.0353759 0.013197 -0.0405689 -0.029988 0.015998 -0.040454 -0.0346503 0.0123176 -0.0446375 -0.038896 0.00833101 -0.0437789 -0.039737 0.00588901 -0.043484 -0.035601 0.010305 -0.051468 -0.0297909 0.01318 -0.0479738 -0.031402 0.011912 -0.051362 -0.024684 0.0132329 -0.0500849 -0.03173 0.011574 -0.05244 -0.024526 0.012166 -0.054334 -0.0247289 0.0113286 -0.0588058 -0.0320637 0.0107817 -0.0560345 -0.0174283 0.0132354 -0.0521671 -0.0174813 0.0145217 -0.0487984 -0.00675995 0.0144064 -0.0508513 -0.00699425 0.0131386 -0.0537324 -0.00921833 0.0193649 -0.0467315 -0.0129318 0.0179504 -0.0460793 -0.0152407 0.0201456 -0.0450697 -0.0193959 0.0203199 -0.0433972 -0.022315 0.0201996 -0.0420508 -0.0225429 0.020696 -0.041344 -0.0254991 0.0201669 -0.0401756 -0.0213625 0.0193959 -0.0425225 -0.0191466 0.0179027 -0.0439908 -0.0247738 0.0181711 -0.0409563 -0.0286396 0.0182953 -0.0383534 -0.0280844 0.0201676 -0.0384127 -0.0322249 0.0201864 -0.0351264 -0.0322037 0.018608 -0.035238 -0.035694 0.0188214 -0.0317787 -0.0390342 0.0201906 -0.0275146 -0.0353626 0.0201515 -0.0319105 -0.035005 0.020696 -0.031598 -0.032227 0.020696 -0.034395 -0.0408194 0.0206964 -0.0238229 -0.0416062 0.0201903 -0.0234644 -0.0435707 0.0200429 -0.0198381 -0.042777 0.014063 -0.018694 -0.043816 0.013997 -0.014839 -0.04549 0.0193959 -0.014776 -0.046013 0.0193959 -0.011692 -0.0414939 0.014124 -0.022412 -0.0270427 0.0167737 -0.0410422 -0.0285132 0.0147498 -0.0441447 -0.0190275 0.0165293 -0.0451279 -0.00897196 0.0201881 -0.0467833 -0.0275719 0.0102997 -0.0663686 -0.035628 0.00942297 -0.055675 -0.0326821 0.00925512 -0.0662047 -0.0320586 0.00972317 -0.0622849 -0.034933 0.008501 -0.063314 -0.0366897 0.00712683 -0.0664888 -0.0369473 0.00718215 -0.0636235 -0.035975 0.00921799 -0.05567 -0.0378544 0.00760228 -0.0558258 -0.038748 0.00694272 -0.0525865 -0.0392232 0.00462714 -0.0559706 -0.0389259 0.00490568 -0.0591247 -0.038421 0.00442196 -0.066379 -0.0384827 -0.0028025 -0.0685149 -0.0382591 -0.00449542 -0.0666864 -0.0384821 -0.00374316 -0.0665489 -0.0387101 -0.00458529 -0.0559101 -0.04003 0.00321615 -0.0372899 -0.0397861 -0.00279129 -0.0424216 -0.039855 0.00455499 -0.043328 -0.0395594 -0.00355824 -0.0454887 -0.0406656 -0.00354938 -0.0213987 -0.0405786 -0.00325123 -0.0253921 -0.0403746 -0.00383651 -0.0274678 -0.0393575 -0.00463497 -0.0415295 -0.0384703 -0.00608517 -0.0378689 -0.0351771 -0.00814964 -0.0382499 -0.031113 -0.00927996 -0.046242 -0.034916 -0.00808494 -0.047447 -0.0272384 -0.00994956 -0.0545857 -0.0311147 -0.0092293 -0.0544189 -0.023255 -0.0104113 -0.0576246 -0.027518 -0.00994997 -0.070552 -0.0310709 -0.00924896 -0.064757 -0.034726 -0.00806858 -0.0563896 -0.0344055 -0.0081045 -0.0712069 -0.0374939 -0.00602859 -0.0633301 -0.0342678 -0.00807563 -0.0808407 -0.0277136 -0.00995182 -0.0807 -0.0210959 -0.0105992 -0.0852243 -0.027924 -0.00995193 -0.0892309 -0.0144807 -0.0107883 -0.0866173 -0.0102647 -0.0107524 -0.107826 -0.0163967 -0.0109371 -0.107691 -0.0218912 -0.010647 -0.0978465 -0.028328 -0.00998495 -0.108292 -0.0281941 -0.00995435 -0.099266 -0.0339449 -0.00788148 -0.104552 -0.033742 -0.00778894 -0.113843 -0.0357958 -0.00565935 -0.110304 -0.0358134 -0.00279845 -0.121944 -0.0358448 0.0031617 -0.121443 -0.0361669 0.00549802 -0.113539 -0.036655 0.00556187 -0.103076 -0.035485 0.00787397 -0.104785 -0.0351709 0.0078157 -0.114423 -0.0334162 0.0095294 -0.108082 -0.030402 0.010552 -0.097494 -0.033245 0.00955601 -0.097443 -0.0307732 0.0106082 -0.110016 -0.0247062 0.0115714 -0.109667 -0.032996 0.00955101 -0.120025 -0.030536 0.010666 -0.120253 -0.0340344 0.00787771 -0.131753 -0.0324401 0.00957351 -0.129611 -0.035292 0.00553997 -0.127497 -0.033387 0.00788601 -0.140352 -0.0345813 0.003154 -0.141204 -0.03404 0.00563201 -0.144873 -0.0335593 0.00593664 -0.151234 -0.0328339 0.007969 -0.147595 -0.0321116 0.00896323 -0.156941 -0.03099 0.00982698 -0.149375 -0.02914 0.010724 -0.144846 -0.0313213 0.00961435 -0.14484 -0.0287388 0.011103 -0.151389 -0.0304992 0.010602 -0.156028 -0.029835 0.012089 -0.163586 -0.0280781 0.0125031 -0.159817 -0.0236863 0.0134667 -0.158504 -0.0147765 0.0138715 -0.156946 -0.00913 0.016058 -0.165132 -0.0179435 0.0161444 -0.16718 -0.027344 0.014192 -0.16747 -0.0225364 0.0159911 -0.169404 -0.0264977 0.0158235 -0.174977 -0.031022 0.011437 -0.168851 -0.0310977 0.0109218 -0.17736 -0.0310491 0.00883058 -0.179873 -0.0319066 0.00736552 -0.172675 -0.0319519 -0.00515925 -0.172192 -0.0325859 -0.00444447 -0.16594 -0.0326 0.00319597 -0.165728 -0.0336197 0.00363576 -0.154176 -0.032866 0.00524297 -0.162861 -0.032437 0.00809221 -0.164723 -0.032846 0.00528702 -0.163078 -0.032856 0.00526502 -0.162971 -0.0327375 0.005537 -0.164257 -0.0328529 0.00526997 -0.162997 -0.032852 0.00527301 -0.163011 -0.0328529 0.00527098 -0.163 -0.0328529 0.00526997 -0.162998 -0.0328529 0.00527098 -0.163002 -0.0328529 0.00526997 -0.162998 -0.032852 0.005272 -0.163008 -0.0328529 0.00527098 -0.162999 -0.0337026 -0.00309468 -0.153088 -0.0334691 -0.00559438 -0.151348 -0.0273299 -0.0109148 -0.155527 -0.0319961 -0.00812361 -0.153483 -0.0276149 -0.0104159 -0.149775 -0.0324592 -0.00771204 -0.145693 -0.0279379 -0.0101574 -0.141006 -0.034077 -0.00543097 -0.142254 -0.0330239 -0.00766996 -0.134751 -0.028296 -0.0100699 -0.128224 -0.033453 -0.00770698 -0.123896 -0.0349881 -0.00549861 -0.126978 -0.0347606 -0.00279835 -0.138595 -0.0352159 0.00319767 -0.13161 -0.0283899 -0.0100152 -0.117822 -0.0226105 -0.010792 -0.115344 -0.022373 -0.011274 -0.149422 -0.017015 -0.0115429 -0.149095 -0.022092 -0.0120368 -0.157216 -0.0170779 -0.0122906 -0.156254 -0.0115279 -0.012168 -0.154878 -0.0109793 -0.0135858 -0.164594 -0.0209957 -0.0136944 -0.170146 -0.015905 -0.0140139 -0.169223 -0.01013 -0.014696 -0.173146 -0.015104 -0.0147369 -0.175574 -0.00524837 -0.0138925 -0.169655 -0.00186598 -0.0136459 -0.175036 -0.00416651 -0.0145722 -0.176618 -0.000841 -0.0144469 -0.18832 0.000970256 -0.0135876 -0.186418 -0.00885962 -0.0152305 -0.179678 -0.00374224 -0.0152157 -0.195667 0.00254399 -0.0142875 -0.196392 0.000191 -0.015409 -0.203253 -0.00731295 -0.015418 -0.200896 -0.00425798 -0.0156959 -0.206713 -0.0120209 -0.0150879 -0.203951 -0.00900596 -0.0152949 -0.209626 -0.0137809 -0.0140919 -0.21187 -0.010368 -0.0141179 -0.216993 -0.018042 -0.0114789 -0.213201 -0.014678 -0.0113299 -0.217601 -0.0128249 -0.0112149 -0.219641 -0.0161192 -0.00915738 -0.217661 -0.0196678 -0.00916822 -0.213275 -0.016853 -0.00730392 -0.217259 -0.02003 -0.00730392 -0.2133 -0.0265999 -0.00730392 -0.200541 -0.013345 -0.00730392 -0.220807 -0.0120349 -0.00730392 -0.221955 -0.00894296 -0.00730392 -0.224256 -0.00943798 -0.00981792 -0.223331 0.0150789 -0.00730319 -0.214715 -0.00522 -0.00730392 -0.226252 0.015014 -0.00730355 -0.209746 -0.00806628 -0.00793256 -0.224814 -0.00161099 -0.00968393 -0.226804 0.00393599 -0.0120399 -0.225257 0.00474995 -0.00937094 -0.226385 0.012935 -0.00730392 -0.220311 0.00477397 -0.00730392 -0.226662 0.00942695 -0.00730392 -0.224216 -0.00055688 -0.00730377 -0.227369 0.00968099 -0.0101209 -0.223382 0.00900698 -0.0126899 -0.221753 0.013309 -0.00928893 -0.219091 0.01292 -0.0115529 -0.217091 0.014999 -0.00877192 -0.212032 0.00739294 -0.0143579 -0.219657 0.011494 -0.013228 -0.215 0.013953 -0.010589 -0.209836 0.014126 -0.00881895 -0.207463 0.0121886 -0.0120994 -0.208094 0.012527 -0.0112449 -0.206849 0.00729895 -0.0143089 -0.20514 0.00962698 -0.011581 -0.201079 0.003703 -0.0156589 -0.209122 0.00899094 -0.0141199 -0.208094 0.00556999 -0.0155279 -0.212094 0.00945612 -0.0143607 -0.213101 0.010655 -0.0136649 -0.211116 0.00747146 -0.0151055 -0.214849 0.00299523 -0.0156222 -0.218017 0.00125295 -0.0159819 -0.215444 -0.00355697 -0.0154789 -0.217938 -0.00710549 -0.0138036 -0.220903 -0.00480396 -0.0128969 -0.223469 -0.0103979 -0.0113818 -0.221707 -0.00839564 -0.0130039 -0.221322 -0.0134035 -0.00923599 -0.220415 -0.0118169 -0.011137 -0.220634 -0.0126697 -0.00922262 -0.221029 -0.00845098 -0.0139699 -0.219404 -0.00550395 -0.015584 -0.215229 -0.000689 -0.0160709 -0.212548 -0.00313997 -0.011599 -0.225409 0.00232697 -0.0138209 -0.223392 0.005346 -0.0153219 -0.217499 0.000398599 -0.0148925 -0.221154 -0.00242944 -0.0150838 -0.220343 0.0132621 -0.00937933 -0.205824 0.00689196 -0.0116899 -0.195576 0.0100459 -0.00939396 -0.199604 0.00751495 -0.00944796 -0.194254 0.0102641 -0.00730404 -0.199262 0.0137121 -0.00730392 -0.205835 0.00779447 -0.00730454 -0.194006 0.00573514 -0.00730586 -0.188899 0.0037592 -0.00730536 -0.183028 0.00375529 -0.00944024 -0.183965 0.00217018 -0.01196 -0.18308 0.00541598 -0.00949493 -0.18908 0.004614 -0.011791 -0.19024 0.000105 -0.0119629 -0.173931 -0.00127878 -0.0105266 -0.163028 -0.00282525 -0.0130215 -0.169001 -0.00358695 -0.011392 -0.159192 -0.00608396 -0.0123359 -0.159765 -0.00624698 -0.0113949 -0.154147 -0.00381363 -0.00975686 -0.149441 -0.00158736 -0.00816388 -0.149503 -0.000179746 -0.00671596 -0.155335 0.000241348 -0.00416571 -0.15823 0.000420937 -0.00827144 -0.165856 0.000336735 -0.00671919 -0.1627 0.000221245 -0.00325772 -0.15025 -0.0310439 -0.00602189 -0.18008 -0.0301813 0.0097149 -0.185872 -0.0288288 0.000180031 -0.192853 -0.0292726 0.0102575 -0.190909 -0.0290151 0.0126239 -0.190524 -0.0272775 0.0149087 -0.192892 -0.027635 0.012676 -0.196104 -0.0276869 0.0101963 -0.197314 -0.02642 0.012689 -0.199891 -0.025262 0.014877 -0.199303 -0.026756 0.011254 -0.199939 -0.0272578 0.010944 -0.198545 0.00316468 0.0109488 -0.180973 0.00353199 0.011251 -0.182378 -0.0197602 0.011264 -0.19942 -0.024044 0.011268 -0.206344 -0.026729 0.011258 -0.200016 -0.02565 0.011264 -0.202824 -0.023649 0.012725 -0.206289 -0.022346 0.014872 -0.205869 -0.020306 0.012776 -0.212137 -0.0230359 0.0112693 -0.208322 -0.0204268 0.0112641 -0.212686 0.00871867 0.011254 -0.204105 0.00979327 0.0112581 -0.198511 0.0133139 0.0112707 -0.205052 0.00971097 0.012446 -0.198738 0.00946098 0.014444 -0.199881 0.006513 0.014398 -0.193661 0.00693399 0.012414 -0.192678 0.00392699 0.014349 -0.187151 0.00453395 0.012389 -0.186331 0.00290973 0.0121062 -0.18045 0.00203496 0.014369 -0.180933 0.00468422 0.011267 -0.186167 0.00701176 0.0112696 -0.192399 -0.000846 0.017021 -0.183207 -0.00261396 0.017102 -0.176376 -0.00663596 0.018254 -0.178745 -0.008093 0.017544 -0.171928 -0.0124789 0.017904 -0.174035 -0.0133887 0.0168603 -0.168669 -0.016138 0.018415 -0.180057 -0.0171782 0.017678 -0.174523 -0.0215927 0.0174639 -0.176759 -0.025622 0.016797 -0.180872 -0.020535 0.018181 -0.182556 -0.024853 0.017257 -0.185062 -0.028516 0.014647 -0.187266 -0.0237666 0.0174851 -0.189882 -0.029272 0.014169 -0.182943 -0.030249 0.011925 -0.183573 -0.0300964 0.01322 -0.177153 -0.021492 0.017426 -0.197092 -0.0197593 0.018377 -0.187452 -0.0133201 0.0185034 -0.203418 -0.018473 0.017417 -0.203967 -0.00233894 0.019133 -0.203032 -0.00990447 0.0187817 -0.199343 0.00128597 0.018499 -0.199934 -0.00138987 0.0182433 -0.194222 -0.00612275 0.0187015 -0.195458 0.00139695 0.016979 -0.189801 -0.00458497 0.018211 -0.185947 -0.0107589 0.0186361 -0.181329 -0.0152223 0.0186687 -0.184086 0.00438994 0.017104 -0.196683 0.00773996 0.017191 -0.203228 0.011987 0.015727 -0.208445 0.011235 0.016592 -0.210088 0.00644755 0.0188404 -0.211015 0.00471083 0.0190383 -0.208212 0.01264 0.014272 -0.206427 0.012455 0.015407 -0.208765 0.01285 0.013224 -0.205484 0.0151174 0.011258 -0.213701 0.0145335 0.0112569 -0.208036 0.014437 0.013438 -0.210891 0.012091 0.016068 -0.215934 0.00579095 0.018554 -0.217934 0.013221 0.013677 -0.218446 0.00812697 0.017185 -0.220514 0.00955295 0.01463 -0.222814 0.00317097 0.016643 -0.224126 0.00468194 0.013954 -0.225983 -0.00222397 0.014452 -0.226024 -0.000777904 0.0112581 -0.2274 -0.00421298 0.016191 -0.223842 -0.00716442 0.0112474 -0.225284 -0.00402648 0.0112517 -0.226644 0.00490216 0.011253 -0.226596 0.00953096 0.011254 -0.224099 0.0108639 0.011255 -0.222904 0.0130232 0.0112531 -0.220131 0.014918 0.0112533 -0.215157 -0.0131605 0.0112504 -0.220944 -0.0109506 0.0112496 -0.22277 -0.0171088 0.0112538 -0.216914 -0.0120693 0.0133652 -0.221222 -0.015961 0.0128907 -0.217692 -0.0106632 0.0149143 -0.221305 -0.00710554 0.0169196 -0.221505 -0.00888497 0.013124 -0.223747 0.000758072 0.0182299 -0.221391 -0.00268347 0.018321 -0.220575 0.00398813 0.0189942 -0.217156 0.00537657 0.0189342 -0.215657 0.00195104 0.0190869 -0.218253 -0.0036098 0.0191633 -0.217158 -0.00830767 0.0175136 -0.219279 -0.00495899 0.018196 -0.215378 -0.00576299 0.018196 -0.212377 -0.00585509 0.0193568 -0.211981 -0.010512 0.018787 -0.208477 -0.014826 0.017559 -0.210636 -0.0107689 0.017665 -0.216417 -0.00470091 0.0194523 -0.208902 -0.00495797 0.018196 -0.209377 -0.0030039 0.0194516 -0.207291 -0.000763124 0.0193932 -0.206398 0.00256212 0.0191643 -0.206758 0.00642257 0.0187743 -0.212369 0.00623697 0.018196 -0.212378 0.00543416 0.0181961 -0.209384 0.00360953 0.0181956 -0.207321 0.000237 0.018196 -0.206378 -0.00276095 0.018196 -0.207181 0.00323695 0.018196 -0.217575 -0.00316772 0.0181947 -0.21741 0.000237 0.018196 -0.218378 -0.00539352 0.019304 -0.214691 -0.000994023 0.019043 -0.21831 0.00543455 0.0181964 -0.215366 0.00892668 0.0179935 -0.213082 0.00980896 0.0176035 -0.213552 -0.0142698 0.0149603 -0.217903 -0.0188349 0.014905 -0.211996 -0.0352999 0.00811697 -0.0898279 -0.035513 0.00796397 -0.0974 -0.036973 0.005852 -0.089827 -0.0372175 0.00321481 -0.095386 -0.0362778 -0.00579953 -0.0982787 -0.0373078 -0.00280456 -0.093245 -0.036591 -0.00588994 -0.0892399 -0.0372749 -0.00441496 -0.089242 -0.0376206 0.00319767 -0.0863521 -0.0376109 0.00494057 -0.0810882 -0.037007 0.006144 -0.082154 -0.036971 0.00654198 -0.074259 -0.034838 0.00834198 -0.082147 -0.0380816 0.00540493 -0.066267 -0.037874 -0.00281633 -0.0808886 -0.0376451 -0.00446793 -0.0804662 -0.0369779 -0.00598376 -0.0778167 -0.0384452 0.00307367 -0.0691188 -0.034159 -0.00802098 -0.089237 -0.0340829 -0.00796996 -0.09538 -0.0368074 -0.00278403 -0.103762 -0.034158 0.00863798 -0.074255 -0.00443798 -0.00993095 -0.110138 0.00113195 -0.00775294 -0.110341 -0.00307365 -0.00990316 -0.0994428 0.00259944 -0.00784346 -0.100846 -0.00841385 -0.0106523 -0.0922769 0.00373936 -0.00569612 -0.107166 0.00643394 -0.00584094 -0.0939721 0.002859 -0.00424896 -0.117103 0.00272125 0.00310142 -0.119314 0.00257382 0.00539481 -0.119091 0.00154489 0.00751059 -0.120172 0.00345869 -0.00287376 -0.113954 -0.0378771 -0.00605209 -0.0524996 -0.0388128 0.00320146 -0.0619928 -0.00220197 0.010921 -0.074199 0.0154853 0.0152659 -0.0469258 0.00846308 0.0163912 -0.0480272 0.013174 0.017869 -0.046143 0.00876695 0.0178339 -0.0471499 0.00820564 0.0201947 -0.0469152 0.0125104 0.0201641 -0.0459943 0.0180823 0.0181712 -0.0443718 0.0170751 0.0201783 -0.0446443 0.0225253 0.0201823 -0.0421861 0.0269675 0.0200558 -0.0396035 0.0231094 0.0169535 -0.0417195 0.025978 0.017107 -0.039487 0.0259161 0.0150678 -0.0383937 0.023193 0.014523 -0.04134 0.032538 0.017069 -0.033808 0.030361 0.0149556 -0.0337361 0.035632 0.014938 -0.025937 0.035428 0.017039 -0.030539 0.0382894 0.017259 -0.0270989 0.0365516 0.0185925 -0.0309646 0.0391316 0.0188934 -0.0278195 0.0406084 0.0173157 -0.0235251 0.041771 0.0189224 -0.0238174 0.0425104 0.0172963 -0.019737 0.043521 0.016906 -0.015775 0.0450238 0.0182852 -0.0162128 0.0435534 0.0189387 -0.0205033 0.0437643 0.020196 -0.0203126 0.0451966 0.0206969 -0.0156789 0.045964 0.020196 -0.014776 0.0458241 0.0193565 -0.0152908 0.0464845 0.0193958 -0.0122152 0.0462194 0.0186011 -0.0121921 0.0463236 0.0187201 0.000610613 0.044048 0.0166475 0.00550658 0.0384354 0.0134571 0.00513769 0.0399174 0.0142607 -0.00237802 0.0367557 0.0119698 0.00122489 0.0443753 0.0169085 -0.0118368 0.0406657 0.0147946 -0.0110193 0.0456782 0.0179382 -0.0120611 0.0394671 0.0146923 -0.0162671 0.0351517 0.0128484 -0.0208936 0.0459869 0.020696 -0.011585 0.0327009 0.020696 -0.034395 0.036756 0.0206973 -0.0301908 0.029697 0.020696 -0.036957 0.026463 0.020696 -0.0392809 0.0295951 0.0201987 -0.0376903 0.0334492 0.0201996 -0.0343992 0.0334485 0.0186996 -0.0342949 0.0298094 0.0187782 -0.0374318 0.0376513 0.0201924 -0.0299038 0.040779 0.020196 -0.02554 0.0413104 0.0206961 -0.0237975 0.019563 0.0206964 -0.0431411 0.019164 0.015888 -0.044604 0.0218888 0.0176768 -0.0426631 -0.0417 0.0202073 0.0245289 -0.0424192 0.0193917 0.0231944 -0.039543 0.0180049 0.027224 -0.0419829 0.0179829 0.023192 -0.044015 0.0179649 0.018938 -0.041163 0.016437 0.022612 -0.038758 0.016499 0.026511 -0.0358877 0.0143257 0.0264836 -0.0359819 0.01657 0.03015 -0.0312511 0.0145809 0.0315141 -0.0339534 0.0125635 0.0247775 -0.027598 0.011143 0.027379 -0.0247988 0.0113803 0.0298185 -0.0265282 0.0147866 0.0354001 -0.0328619 0.016648 0.0335 -0.029433 0.016727 0.036521 -0.033534 0.0180629 0.034465 -0.036718 0.0180319 0.030993 -0.0308559 0.00875997 0.020271 -0.0318255 0.0108426 0.022977 -0.037208 0.0122639 0.019991 -0.034924 0.010559 0.0186239 -0.039144 0.0120979 0.016434 -0.036836 0.0103879 0.015326 -0.040688 0.0119589 0.01266 -0.038414 0.010239 0.011835 -0.0409925 0.0114178 0.00750196 -0.0433466 0.0139282 0.00811464 -0.0417246 0.0114137 0.002264 -0.0436513 0.0138203 0.000653416 -0.045104 0.016371 0.000622003 -0.0460134 0.0194414 0.00641684 -0.0450041 0.0164457 0.00931095 -0.046013 0.020196 0.012828 -0.045721 0.017971 0.00981599 -0.045542 0.017955 0.014455 -0.044697 0.016346 0.014142 -0.042825 0.013953 0.013448 -0.043173 0.016384 0.018492 -0.041299 0.0140459 0.017517 -0.0393299 0.0141629 0.021357 -0.0459685 0.0193887 0.0139509 -0.045576 0.0200299 0.0160888 -0.045016 0.020696 0.01586 -0.043598 0.020696 0.019558 -0.0442589 0.0200384 0.0194549 -2.99745e-05 0.0201845 -0.0475682 -0.00337252 0.0103355 -0.127769</float_array>
                    <technique_common>
                        <accessor count="3813" source="#shape0-lib-positions-array" stride="3">
                            <param name="X" type="float"/>
                            <param name="Y" type="float"/>
                            <param name="Z" type="float"/>
                        </accessor>
                    </technique_common>
                </source>
                <source id="shape0-lib-normals" name="normal">
                    <float_array id="shape0-lib-normals-array" count="22461">-0.00180244 0.718885 0.695126 0.000131724 0.000299989 1 -0.435292 -0.00351758 0.900282 -0.618749 0.00364918 0.78558 -0.992936 -0.080633 0.087046 -0.982168 -0.0296199 0.185657 -0.967904 -0.215747 0.128898 -0.946928 -0.000405135 0.321446 -0.948553 -0.00681952 0.316545 -0.943879 -0.0711126 0.322544 -0.925148 0.233713 0.299133 -0.927856 -0.0438766 0.370347 -0.61281 0.710171 0.346585 -0.709501 0.590412 0.384737 -7.07805e-05 1 -6.1627e-05 -6.8832e-05 1 6.45015e-06 -1.64545e-05 1 -0.000108732 -1.64772e-05 1 9.18451e-05 -0.559884 0.700743 0.442141 -0.812327 0.00024006 0.583202 -0.857601 0.103808 0.503731 -0.870742 -0.00380323 0.491726 -0.86712 0.00150628 0.498097 -0.752116 0.00218895 0.659028 -0.681491 0.000581159 0.731826 -0.75528 -0.000661979 0.655402 -0.463975 0.735895 0.493138 -0.628743 0.56328 0.536095 -0.638046 0.546544 0.54239 5.56777e-05 1 -3.1603e-05 6.23624e-05 1 5.24886e-05 0.23202 0.947415 -0.22039 0.637571 0.60669 -0.474795 0.781493 0.00647965 -0.62388 0.820042 -0.00468587 -0.572284 0.825108 0.00374768 -0.564963 0.964143 0.265231 -0.00899577 0.967538 -0.252594 -0.00811594 0.86083 -0.00400505 -0.508876 0.901335 -0.00432695 -0.4331 0.905015 0.0389958 -0.423588 0.701831 -0.623713 -0.344116 5.08938e-05 -1 7.29544e-05 -0.724975 -0.564374 0.394833 -0.848138 -0.0452223 0.527841 -0.860414 -0.237047 0.451106 -0.805456 -0.341108 0.484651 -0.622981 -0.654296 0.42871 -0.551508 -0.453129 0.700366 -0.612901 0.000358122 0.79016 -0.683032 -0.000294506 0.730388 -0.527488 -0.00148523 0.849561 -0.612765 0.00026971 0.790265 -0.533045 0.00179184 0.846085 -0.440811 -0.000955223 0.897599 -0.436521 0.00156236 0.899693 -0.340742 0.000537206 0.940157 -0.341129 0.000351746 0.940016 -0.240117 0.00118199 0.970743 -0.236981 -0.000780391 0.971514 -0.130882 0.000143675 0.991398 -0.138211 -0.00249814 0.9904 -0.0600126 0.150704 0.986756 -0.0336021 -0.000898894 0.999435 -0.0362579 0.000820095 0.999342 0.00289352 -0.219664 0.975571 0.0675036 -0.000362702 0.997719 0.0670452 -0.000541655 0.99775 0.189652 0.128729 0.973376 0.0670207 0.0269996 0.997386 0.17196 -0.000401795 0.985104 0.177352 -0.00469611 0.984136 0.27386 -0.00107215 0.961769 0.289837 0.004868 0.957064 0.375556 -0.000311911 0.9268 0.374869 0.000225272 0.927078 0.138508 0.555427 0.819949 -0.000300289 1 -0.000185069 -0.0173285 0.999215 -0.0356251 2.25887e-05 1 4.60017e-05 -0.082236 0.974599 -0.208314 0.000385659 1 0.000206356 0.000285827 1 0.000185594 -2.50342e-05 1 0.000256645 0.00022747 1 -8.84508e-05 -0.000940784 0.999997 0.00222193 -5.34118e-06 1 9.43556e-05 -0.00268216 0.999768 -0.0213569 0.464314 0.833045 0.300746 0.768148 -0.457056 0.448384 0.000125353 1 4.62176e-05 0.913802 -0.0271127 0.405254 0.912141 0.236909 0.334473 0.961376 -0.0670193 0.266956 0.938856 0.000160545 0.344311 0.93868 -0.000512867 0.344788 0.724954 0.658378 0.202438 0.668298 0.718815 0.191527 0.992636 0.0904985 0.0805209 0.669915 0.717727 0.18995 0.557112 0.827569 0.0689575 0.874466 -0.0181332 0.484749 0.943346 -0.00572469 0.33176 0.992569 -0.0697836 0.0996882 0.953335 -0.269239 0.136613 0.961205 0.0931845 0.25962 0.52864 -0.836703 0.143064 0.851857 -0.42657 0.303937 0.457136 -0.875442 0.156935 0.472548 -0.855275 0.212611 0.912566 -0.235646 0.334206 0.9087 0.0638237 0.412541 0.833067 -0.0373344 0.551911 0.831976 -0.0585991 0.551708 0.749781 -0.09311 0.655102 0.84638 -0.00182531 0.532576 0.820134 -0.206465 0.533622 0.84743 0.000538637 0.530907 0.830201 0.0992768 0.548553 0.825941 0.208208 0.5239 0.919435 -0.0367943 0.391518 0.300906 0.920806 0.248135 0.739594 0.00325705 0.673045 0.710903 0.170146 0.682398 0.662932 -0.0112632 0.748595 0.658786 0.0712838 0.748946 0.394333 0.819052 0.416719 0.601822 0.0237243 0.798278 0.541791 0.109723 0.833321 0.551369 0.166553 0.817467 0.288289 0.796892 0.530898 0.194894 0.940357 0.278828 0.401281 0.601761 0.690549 0.463075 0.00812638 0.886282 0.292482 0.722634 0.626303 0.163803 0.608279 0.776637 0.301946 0.450677 0.840071 0.200361 0.942413 0.267794 0.561204 -0.00194191 0.827675 0.466056 0.000315043 0.884755 0.562714 -0.00410678 0.826641 0.463252 -0.000647507 0.886226 0.542817 -0.121848 0.830965 0.305988 -0.566683 0.765011 0.185369 -0.710802 0.678527 0.136328 -0.559 0.817883 0.000270071 -1 0.000138865 0.000345985 -1 0.000132912 0.334678 -0.712746 0.616428 0.229892 -0.912534 0.338277 0.389188 -0.808593 0.44126 -5.14935e-07 -1 -3.27091e-07 0.636259 -0.324824 0.69976 0.346439 -0.859224 0.376448 0.74167 -0.189002 0.643587 0.703305 -0.294344 0.647089 0.681305 0.0293642 0.73141 0.716271 0.0018788 0.69782 0.201009 -0.959259 0.19854 1.45446e-06 -1 8.3001e-07 0.439609 -0.845137 0.304118 -6.70306e-05 -1 -4.13533e-05 0.165399 -0.9818 0.093335 -0.0114858 -0.999748 -0.0193061 -3.13804e-05 -1 -4.04536e-05 -0.582644 -0.589685 -0.559284 -0.553994 -0.543673 -0.630484 -0.65056 -0.00646649 -0.759428 -0.676949 0.00825683 -0.735984 -0.335977 0.877093 -0.34326 -0.739694 0.00147485 -0.672942 -0.729337 -0.00628794 -0.684126 -0.612459 0.603112 -0.511028 -0.789521 -0.0893807 -0.60718 -0.807839 -0.000674484 -0.589403 -0.813107 0.0142462 -0.58194 -0.791567 0.0408426 -0.609716 -0.706274 -0.495379 -0.505743 -0.676205 -0.553846 -0.4858 -3.29673e-05 -1 -3.9669e-05 -0.124418 -0.990467 -0.0591257 -0.245904 -0.959684 -0.136155 -0.868898 -0.000720899 -0.49499 -0.844027 -0.017835 -0.536003 -0.837453 -0.00223318 -0.546505 -0.846552 0.0629524 -0.528571 -0.836578 -0.0345846 -0.546754 -0.671612 0.596173 -0.439903 -0.538929 0.732131 -0.416581 -0.232741 0.940223 -0.24862 -0.000170608 1 -2.34467e-05 -0.416361 0.692781 -0.58881 -0.319856 0.802099 -0.504311 -0.440085 0.472671 -0.763484 -0.43356 0.410038 -0.80243 -0.458606 0.000832929 -0.888639 -0.517116 -0.00139529 -0.855914 -0.449736 -0.497681 -0.741654 -0.36451 -0.606688 -0.706443 -0.454479 -0.0010604 -0.890757 -0.395416 0.00041517 -0.918502 -0.375933 -0.00751277 -0.926616 -0.305567 0.00936422 -0.952124 -0.15399 -0.642064 -0.751027 -0.101612 -0.93746 -0.332931 -0.11546 -0.925739 -0.360105 -0.145638 -0.607524 -0.780835 -0.282282 -0.0135003 -0.959236 -0.192556 -0.00067438 -0.981286 -0.245713 -0.000777976 -0.969342 -0.201713 0.386898 -0.89979 -0.145592 0.738018 -0.658888 -0.157363 0.703773 -0.692778 -0.204968 0.723543 -0.659146 -0.302334 0.370289 -0.878339 -0.321904 0.293466 -0.900142 -0.333816 -0.0111384 -0.942572 -0.354967 0.335625 -0.872556 -0.0723601 0.760062 -0.645809 -0.0547068 0.795734 -0.60317 -0.054065 0.670364 -0.74006 -0.0203785 0.957406 -0.288026 0.010319 -0.0026939 -0.999943 0.017934 0.00164462 -0.999838 0.0262132 0.314755 -0.948811 0.0371702 0.389182 -0.920411 0.0236568 0.938465 -0.344564 0.129691 0.764232 -0.631767 0.000139094 1 -8.49429e-05 0.100317 0.95732 -0.271064 0.185746 0.746011 -0.639505 0.322412 -0.00180137 -0.946598 0.326527 0.000466286 -0.945188 0.259099 -0.604863 -0.752999 0.163769 -0.911985 -0.376116 8.4656e-05 -1 -5.6525e-05 0.000159463 -1 1.58958e-05 -0.425436 -0.705867 0.566354 -3.6143e-05 -1 -2.41688e-05 0.00014242 -1 -2.51743e-05 -0.496283 -0.324412 0.80527 -0.489036 -0.374459 0.787797 -0.096493 -0.977629 0.186898 -0.321877 -0.548304 0.771853 -0.186338 -0.865518 0.464927 -0.24022 -0.712508 0.659262 -0.301978 -0.718878 0.626118 -0.000154854 -1 0.000111036 4.86846e-05 -1 -6.16858e-05 -0.00132272 -0.999992 0.00385023 -0.0441959 -0.834322 0.549504 -0.0282571 -0.5621 0.826586 -7.70817e-05 -1 0.000357301 0.132254 -0.637757 0.758798 0.0692709 -0.757689 0.648929 -0.0349858 -0.490623 0.870669 9.75047e-05 -1 5.88107e-05 -0.185822 -0.658731 0.729071 -0.132252 -0.791537 0.596639 -0.432631 -0.692009 0.577887 0.257785 -0.932241 -0.253916 6.75555e-05 -1 -4.21157e-05 6.8629e-05 -1 -3.38909e-05 -4.07836e-07 -1 -0.000135408 0.810572 0.017474 -0.585379 0.853046 -0.0212227 -0.521404 0.83527 0.00476618 -0.549819 0.59393 -0.72153 -0.355866 0.485125 -0.819304 -0.305606 0.707328 -0.454896 -0.541069 0.666369 -0.48981 -0.562173 0.743871 -0.00557341 -0.6683 0.734951 0.000725927 -0.67812 0.680665 -0.000353044 -0.732594 0.67436 -0.0043787 -0.73839 0.622545 0.00627219 -0.782559 0.309733 0.904432 -0.293375 0.526801 0.462154 -0.713369 0.534825 0.436632 -0.723405 -3.82289e-05 1 -9.79414e-05 0.293506 0.835054 -0.465338 0.357093 0.708073 -0.609194 0.370132 0.607008 -0.703238 0.523771 0.00131499 -0.851858 0.564981 0.00263127 -0.8251 0.532262 -0.00214333 -0.846577 0.379093 -0.702128 -0.602747 0.372967 -0.674267 -0.637385 0.469876 -0.00152091 -0.882731 0.462435 0.00154727 -0.886652 0.389279 0.00404754 -0.921111 0.408468 -0.00494525 -0.912759 0.307191 0.695108 -0.649969 0.244892 -0.747285 -0.617732 0.342679 -0.782951 -0.519191 0.574219 -0.470703 -0.669859 0.551487 -0.431164 -0.714114 0.596883 -0.00565793 -0.802308 9.58112e-05 1 6.62225e-05 -0.499873 0.603151 0.62156 -0.434173 0.700884 0.565912 -0.375747 0.714301 0.590414 -0.427719 0.498934 0.753738 -0.000406269 1 0.000513618 -0.189031 0.82184 0.537444 -0.185825 0.696342 0.693237 -0.0962359 0.735503 0.670652 -0.0715396 0.576378 0.814045 -0.0268022 0.764911 0.643578 0.0574327 0.790507 0.609754 0.0604978 0.00560293 0.998153 -0.228091 0.561334 0.795537 -0.23099 0.830941 0.506143 0.379987 0.84141 -0.384238 -1.13866e-05 -1 4.07221e-06 -0.853814 -0.127169 0.504807 -0.525321 -0.708623 0.471053 -0.592214 -0.576451 0.563016 -0.45283 -0.746486 0.487549 -0.00256695 -0.999891 -0.0145552 -0.0522709 -0.821553 -0.567732 -0.0514802 -0.803893 -0.592541 -0.0977494 -0.690402 -0.716791 -0.0839978 0.0133392 -0.996377 -0.136999 0.0187648 -0.990393 -0.189594 -0.0176455 -0.981704 -0.131505 -0.022199 -0.991067 -0.0825244 0.00168999 -0.996588 0.0110099 -0.500813 -0.865485 0.063896 -0.701036 -0.710257 0.0640827 -0.867019 -0.494137 0.0404152 -0.97015 -0.239114 0.0974453 -0.00147171 -0.99524 0.096716 -0.00188541 -0.99531 0.228085 -0.651479 -0.723569 0.245994 0.00558259 -0.969255 0.240562 0.00205246 -0.970632 0.184882 0.650402 -0.736747 0.136424 -0.024506 -0.990347 0.200046 0.0197306 -0.979588 4.4733e-05 1 -2.73686e-05 0.0263381 0.974753 -0.221727 -0.240336 0.0108113 -0.970629 -0.233801 -0.824528 -0.515258 -0.150453 -0.92471 -0.349679 -0.312325 0.649905 -0.692876 -0.365219 -0.77267 -0.519227 -0.587437 -0.00121622 -0.809269 -0.598405 0.00517747 -0.801177 -0.520721 0.000752732 -0.853726 -0.290826 -0.872042 -0.393653 -0.000290774 1 0.000170254 -0.000228875 1 6.02657e-05 4.82359e-05 1 -4.5081e-05 -0.838412 0.374288 -0.396199 -0.653655 0.725866 -0.214134 -0.67666 0.701264 -0.224408 -0.949227 -0.0161581 -0.314176 -0.948957 -0.0157454 -0.315013 -0.259054 -0.965807 -0.0103677 -0.707082 -0.707082 -0.00833979 -0.706487 -0.707676 -0.00842178 -0.241886 -0.970265 -0.00876962 0.262929 -0.964751 -0.0111346 0.708623 -0.705405 -0.0160227 0.70702 -0.707027 -0.015353 -4.92642e-07 -2.84009e-07 -1 1.25053e-07 7.20932e-08 -1 0.259294 -0.965741 -0.0104899 -1.51849e-07 1.5185e-07 -1 0.763717 -0.645552 0 0.782212 -0.622956 -0.00834926 1.29842e-07 3.04355e-07 -1 1.84876e-07 2.14303e-07 -1 0.983912 0.178652 0 0.988676 0.149833 -0.00833018 0.965773 -0.258852 -0.0167095 0.965548 0.258984 -0.0253923 0 0 -1 0.707065 0.707073 -0.0103067 0.955721 0.293954 -0.0137458 0 0 -1 -0.256537 -0.720635 -0.644107 0.980375 -0.192942 -0.0404663 -0.974072 0.00189683 -0.226229 -0.971957 -0.00487506 -0.235108 0.000102563 -1 -3.99566e-06 -0.772945 -0.611385 -0.169602 -0.802005 -0.567654 -0.185897 -0.986707 -0.00146763 -0.162502 -0.993384 0.0299904 -0.110856 -0.996129 -0.00139475 -0.0878928 -0.985757 0.000497312 -0.168173 0.000109647 1 -0.000177003 -0.774335 0.626665 -0.0877251 -0.407422 0.912261 -0.0422638 -0.355871 0.933677 -0.0400373 -0.550387 0.827042 0.11435 -0.313344 0.816075 0.48563 -0.00477844 0.866578 0.499018 -0.0026928 0.889211 0.45749 0.000804226 0.999999 0.00117997 0.00504083 0.00702615 0.999963 0.643758 0.00518184 0.765212 0.00444432 -0.952632 0.304093 -0.00731408 -0.632036 0.774904 -7.29213e-05 -1 0.000153157 -0.320761 -0.946141 -0.0439189 -0.70179 -0.71073 -0.0485194 -0.774674 -0.632262 -0.0111675 -0.99755 -0.0246273 0.0654856 -0.999942 0.00528507 0.00939369 -0.976809 -0.0103005 0.213863 -0.434245 0.00322579 0.900789 -0.995667 -0.00813483 -0.092638 -0.373964 -0.000131799 0.927443 0.00704041 -0.75064 0.660674 0.000406047 -0.748981 0.662591 -0.000115121 -0.000160235 1 0.8754 -0.464036 0.135444 0.308288 -0.951289 -0.00274743 5.04772e-05 -1 0.000175431 -0.916627 -0.0248107 -0.398973 0.133398 0.96776 -0.213647 -0.478188 0.761913 -0.436834 0.266265 0.963873 -0.00725014 -0.422282 0.865538 -0.269299 0.50851 0.835357 0.208798 -0.909357 0.0134868 -0.415798 -0.641262 0.732715 -0.227841 -0.251336 0.967853 -0.00948209 -0.7063 0.707862 -0.00849196 -0.707082 0.707082 -0.00838473 -0.965782 0.259217 -0.00848405 0 0 -1 1.38134e-08 -7.22572e-08 -1 -6.64266e-07 -4.42101e-07 -1 -0.762672 0.646786 -4.94019e-16 -0.781191 0.624236 -0.00832502 -0.988877 -0.148498 -0.00835392 -1.79479e-07 2.33511e-07 -1 1.27079e-07 1.51289e-07 -1 -2.31259e-08 1.32816e-07 -1 -8.17338e-09 -8.3881e-09 -1 6.67471e-08 2.70947e-07 -1 -5.04417e-08 1.17046e-07 -1 0.624006 0.781375 0.00835411 0.646604 0.762826 0 -2.50136e-07 3.32787e-07 -1 -4.91173e-08 -9.38964e-09 -1 -3.57854e-08 4.54233e-07 -1 -0.149536 0.988721 0.00834607 2.93673e-07 1.69707e-07 -1 -0.25888 0.965871 -0.0085696 0.259047 0.965827 -0.00856484 0.259842 0.965612 -0.00876134 0.148649 -0.988855 0.00834682 0.177467 -0.984127 0 0 0 -1 -0.623787 -0.78155 0.00832331 3.90534e-07 -6.62861e-07 -1 -1.91061e-07 3.30613e-07 -1 -0.984151 -0.177333 0 -0.646324 -0.763063 0 0 0 -1 1.22519e-07 -8.15032e-07 -1 -0.178371 0.983963 -1.12258e-14 -1.30908e-06 6.08182e-07 -1 -0.965801 -0.259144 -0.00858617 -0.965861 0.258923 -0.00845859 -0.966569 -0.256271 -0.00833869 -0.886663 -0.0236941 -0.461809 -0.898324 0.115324 -0.423926 -0.48632 0.828547 -0.277496 0.699845 0.713688 -0.0294388 0.702375 0.711755 -0.00861117 -0.552962 0.55203 -0.624096 -0.0463448 0.810181 -0.584344 -0.948913 -0.0213814 -0.314811 -0.94179 0.0118243 -0.335993 -0.664831 -0.714034 -0.21944 -0.535685 -0.82245 -0.191359 -0.962771 0.00608181 -0.27025 -0.974721 -9.72771e-05 -0.223424 -0.766219 0.608073 -0.20774 -0.923583 -0.102448 -0.369458 -0.926181 -0.099502 -0.363714 6.42242e-05 1 -5.81938e-05 0.472819 0.850296 0.231169 -0.641687 0.547764 -0.536836 0.647898 0.493583 0.580176 -0.88246 -0.0862235 -0.462417 -0.392496 -0.854117 -0.34122 0.414347 -0.566065 0.712662 0.21737 -0.766367 0.60451 0.718132 -0.00135098 0.695906 0.989849 1.22777e-06 0.142123 0.989864 0.000143035 0.142019 0.963923 0.227508 0.138177 0.912634 0.0605601 0.404267 0.146486 0.0996958 0.984176 -0.113997 0.0479517 0.992323 -0.797709 -0.0604798 0.600002 -0.737343 -0.533917 0.413832 -0.79657 -0.556072 0.237192 -0.339696 -0.938654 0.0594575 0.000126716 -1 -0.000278521 0.601557 -0.781413 -0.165899 0.571425 -0.804839 -0.160334 0.960865 0.00758653 -0.276913 0.933152 -0.0256538 -0.358565 0.935833 -0.00803661 -0.352353 0.305828 0.908815 -0.283767 0.2145 0.975361 -0.0515876 0.706044 0.708146 -0.00558146 0.693873 0.720039 -0.00914363 0.965852 0.258956 -0.00844575 0.688538 0.72507 -0.0137639 0.981888 0.189283 0.0082817 0.757175 0.653208 0.00230445 0.309445 0.950917 -0.000861556 0.244694 0.969541 -0.0107098 -0.276379 0.96103 -0.00606049 -0.315586 0.948798 -0.0136829 -0.707545 0.706626 -0.00777336 0.379955 0.838455 -0.390676 0.137247 0.955803 -0.260006 -0.210891 0.972941 0.0943994 0.506273 0.586194 -0.632506 0.958813 -0.0149551 -0.283644 -0.857012 -0.198983 -0.475328 -0.313596 -0.868579 -0.383703 -0.346905 -0.682316 -0.643507 -0.686548 -0.726964 -0.0132562 -0.644427 -0.764659 0.00304389 -0.948408 -0.317051 -0.000546858 -0.959034 -0.282786 -0.0169271 -0.547462 -0.359895 -0.755487 -0.191688 -0.981423 0.00804013 0.177962 -0.983971 0.0114057 -0.259403 -0.965731 -0.00862524 0.27304 -0.961928 -0.0119832 -0.266582 -0.963761 -0.00988854 0.25691 -0.966379 -0.0104698 0.94696 0.00333673 -0.321335 0.688706 0.696476 -0.201505 0.249535 0.967396 -0.0433371 -2.39924e-07 1 3.24634e-05 0.238967 0.970095 -0.0425579 0.779123 0.625089 -0.0472338 0.928173 0.365749 -0.0687163 0.998524 0.00215132 -0.0542759 0.99727 -0.00763565 -0.073439 0.99929 -0.00109883 0.0376669 0.989917 -0.0561645 -0.130041 0.9964 0.00598574 -0.0845597 0.985909 -0.00113189 -0.167281 0.984853 -0.00405096 -0.173346 0.660788 -0.74778 -0.0646904 -0.00555766 -0.363145 0.931716 0.000635605 -0.91888 0.394536 -0.00016205 -0.927504 0.373812 -0.489507 -0.871388 0.0326437 -0.000664762 -0.999999 0.00147865 -0.499457 -0.865648 0.0345941 0.282322 -0.887073 0.365235 0.505521 -0.86185 -0.0407814 0.0050129 -0.00675345 0.999965 0.545442 -0.00853466 0.838105 0.764128 0.00706852 0.645026 0.685513 0.508231 0.521319 0.842893 -0.516245 -0.151733 0.00096523 0.676451 0.736487 -0.00196337 0.999993 0.00324586 -0.81255 0.576443 0.0864698 -0.902069 0.420133 0.0987953 -0.990746 0.003847 0.135672 -0.991171 0.000237493 0.132592 -0.566225 0.799153 0.20185 0.542597 0.809651 -0.223726 0.943686 -0.0137389 -0.330558 0.507943 -0.815226 -0.278209 0.899345 -0.0517029 -0.434172 0.905734 0.0142842 -0.423606 0.900905 -0.0438034 -0.4318 0.705737 -0.708423 -0.0085196 0.864772 -0.00461835 -0.502144 0.827424 0.011452 -0.561461 0.856248 0.0155639 -0.51633 0.66134 0.580381 -0.47517 0.325692 0.926473 -0.188606 0.701218 0.629505 -0.334689 0.61368 0.722223 -0.319048 0.707069 -0.707097 -0.00821118 0.965558 -0.260042 -0.00875904 0.707088 -0.707119 -0.00299308 0.97577 -0.218794 0.00118906 0.652533 -0.757467 -0.0210545 -0.00393459 -0.527174 -0.849748 0.00130518 0.00434608 -0.99999 -0.00596411 -0.00453974 -0.999972 0.00691979 -0.0130965 -0.99989 9.17109e-05 -0.00244024 -0.999997 -0.000812187 0.00230226 -0.999997 7.89262e-05 -0.000809461 -1 -0.963054 0.268805 -0.0164541 -0.756188 0.653987 -0.0219468 -0.952582 0.30423 -0.00560704 0.425097 -0.563558 -0.708304 -0.0889939 0.148506 -0.984899 0.274075 0.143395 -0.950958 0.751534 0.611365 -0.247849 -0.546097 0.814375 0.196396 -0.369398 0.924228 0.0966832 -0.978379 -0.0597818 0.197993 -0.947512 -0.00385386 0.319697 -0.677895 0.49297 0.545379 -0.858134 0.503664 0.0996476 0.969781 0.00597033 -0.243904 0.969545 0.00654068 -0.244828 0.970434 0.00283965 -0.241351 0.96044 -0.00408766 -0.278456 -0.323433 -0.927846 -0.185725 -0.612674 -0.790243 -0.0120991 -0.55265 0.800019 -0.233554 0.688185 -0.675918 -0.263698 0.000166998 -1 -2.17325e-05 -0.63087 -0.749865 0.199264 1.156e-05 -1 -0.000152504 0.55905 -0.79263 -0.243312 -0.811448 0.000794263 0.584424 -0.91767 0.00628542 0.397295 0.411354 -0.0634535 0.909264 0.402978 0.0128586 0.91512 0.263388 -0.010598 0.964632 0.161621 -0.122616 0.979206 0.162579 -0.623912 0.764396 0.116453 -0.905127 0.408881 0.15601 -0.817046 0.555065 0.219016 -0.524219 0.822938 0.268067 -0.15433 0.950959 0.435747 -0.0914704 0.895409 0.650955 -0.153551 0.743424 0.523413 -0.179302 0.833001 0.145576 -0.178163 0.973173 -0.146383 -0.178011 0.97308 -0.339281 -0.163438 0.926378 -0.304401 -0.476013 0.825077 -0.151477 -0.763158 0.628207 -0.0420629 -0.773194 0.632773 0.0385755 -0.770687 0.636045 0.108754 -0.779446 0.616958 0.189405 -0.764508 0.61616 0.281406 -0.749368 0.599382 0.389359 -0.723579 0.569941 0.617269 -0.370704 0.693943 0.863457 -0.281817 0.418355 0.621599 -0.615033 0.485129 0.478384 -0.819184 0.316363 0.582011 -0.762452 0.28272 0.824107 -0.465688 0.322462 0.889617 -0.170415 0.423721 0.896727 0.045679 0.440221 0.91105 -0.126697 0.392347 0.877393 -0.438789 0.194024 0.669461 -0.731833 0.12745 0.56714 -0.798821 0.200593 0.405122 -0.848456 0.340586 0.275317 -0.872357 0.403972 0.196693 -0.83291 0.517275 0.17906 -0.824639 0.53657 0.241254 -0.627643 0.740176 0.370898 -0.272729 0.887724 0.504264 -0.363965 0.783101 0.672593 -0.302811 0.675221 0.717642 -0.538556 0.441529 0.615441 -0.781012 0.106075 0.64054 -0.766909 -0.0394833 0.631561 -0.773416 0.0543912 0.822709 -0.203759 0.53069 0.677171 0.0494328 0.734163 0.553398 0.0250946 0.832539 0.515174 -0.0242691 0.856742 0.629314 -0.0325403 0.776469 0.732178 -0.0267352 0.680589 0.771278 0.01956 0.636198 0.80342 -0.0511256 0.593213 0.832369 -0.0129522 0.554071 0.775368 -0.0181539 0.631249 0.830935 -0.0107752 0.556265 0.818383 -0.213196 0.533663 0.644579 -0.725346 0.241644 0.68533 -0.711026 0.157371 0.728958 -0.174653 0.661903 0.346778 -0.192259 0.918031 0.700848 -0.621101 0.350779 0.807559 -0.259689 0.529537 0.754693 -0.53564 0.378851 0.693374 -0.580203 0.427313 0.635307 -0.0833489 0.767749 0.758779 -0.117001 0.640753 0.716206 -0.307731 0.626378 0.629955 -0.104831 0.769524 0.642292 -0.581538 0.499275 0.642186 -0.385308 0.662673 0.576014 -0.281342 0.767499 0.965503 -0.0816895 -0.247247 0.965732 -0.0827769 -0.245989 0.398482 -0.611705 0.683395 0.338905 -0.332178 0.880228 0.34523 -0.43711 0.830513 0.254878 -0.770931 0.583697 0.300767 -0.625575 0.719857 0.307096 -0.633667 0.710042 0.216372 -0.825552 0.521198 0.163854 -0.91649 0.364963 0.426951 -0.700014 0.572446 0.547153 -0.712585 0.439143 0.279445 -0.840005 0.465083 0.532562 -0.760181 0.372159 0.623672 -0.747338 0.22917 0.38266 -0.884251 0.267714 0.741702 -0.399908 0.538471 0.36833 -0.854349 0.366635 0.272127 -0.929659 0.248357 0.416225 -0.863953 0.283449 0.600006 -0.782703 0.165436 0.651954 -0.75646 0.0521989 0.539305 -0.831946 0.130447 0.64753 -0.719908 0.249875 0.641992 -0.765426 0.0443637 0.734162 -0.675973 0.0637711 0.716871 -0.697203 0.00199398 0.647525 -0.719909 0.249887 0.794705 -0.564431 0.223295 0.798499 -0.563242 0.212502 0.767689 -0.410811 0.491822 0.850416 -0.198311 0.487305 0.893655 -0.197372 0.40302 0.817616 0.0330087 0.574817 0.921256 -0.055083 0.385037 0.818339 -0.421316 0.390915 0.712043 -0.654418 0.254423 0.522355 -0.829444 0.197907 0.309207 -0.943932 0.115687 0.207369 -0.973771 0.0936395 0.193119 -0.960757 0.199125 0.181617 -0.958303 0.220616 0.0971897 -0.972773 0.210395 0.0678109 -0.970881 0.229764 0.0281576 -0.975949 0.216174 0.00610124 -0.972986 0.230783 -0.0293233 -0.989381 0.14236 -0.105884 -0.984081 0.142734 -0.153636 -0.976671 0.150033 -0.216996 -0.95104 0.220082 -0.27738 -0.900591 0.334658 -0.409213 -0.725508 0.553338 -0.528426 -0.438951 0.726697 -0.576981 -0.150881 0.8027 -0.484244 -0.157098 0.860713 -0.577897 -0.152795 0.801679 -0.756105 -0.257583 0.601628 -0.412671 -0.866515 0.280811 -0.634356 -0.606479 0.47935 -0.82571 -0.224823 0.517356 -0.886126 -0.223064 0.406232 -0.949287 -0.210114 0.233892 -0.974739 -0.087148 0.205644 -0.923577 -0.377906 0.0647446 -0.877802 -0.477881 -0.0330736 -0.890872 -0.446323 -0.0845187 -0.911337 -0.374412 -0.171116 -0.920516 -0.373517 -0.114613 -0.946857 -0.235849 -0.218718 -0.998365 -0.0561923 -0.0105169 -0.988887 -0.000139547 0.148666 -0.927765 0.00920766 0.373051 -0.866325 0.0226003 0.498968 -0.775001 0.0292864 0.631281 -0.671363 0.00299009 0.741123 -0.585507 -0.193243 0.787299 -0.550069 -0.264119 0.792253 -0.460037 -0.391985 0.796689 -0.343387 -0.61091 0.713354 -0.256657 -0.629856 0.733081 -0.158359 -0.808962 0.56613 -0.0941082 -0.882314 0.461157 -0.112477 -0.799684 0.589791 -0.0455111 -0.520387 0.852717 -0.0400537 -0.156063 0.986935 0.0553611 -0.175134 0.982987 -0.208648 0.0134328 0.977899 -0.366643 0.0696377 0.927752 -0.545141 0.185458 0.817574 -0.705312 -0.0617973 0.706199 -0.648291 -0.664851 0.371068 -0.770665 -0.609374 0.186383 -0.755277 -0.647719 0.100079 -0.843875 -0.528711 0.09132 -0.881288 -0.468543 0.0616311 -0.897828 -0.435225 0.066959 -0.947905 -0.307018 0.0849421 -0.971224 -0.235091 0.0381617 -0.988212 -0.150403 0.0285682 -0.992237 -0.00134387 0.124353 -0.813985 -0.255056 0.521896 -0.678328 -0.290827 0.674752 -0.594877 -0.392159 0.701665 -0.455131 -0.578501 0.676899 -0.383366 -0.759386 0.525702 -0.411386 -0.813666 0.410743 -0.44904 -0.770556 0.452334 -0.541149 -0.725279 0.425591 -0.561182 -0.771553 0.299636 -0.733396 -0.647448 0.207222 -0.608498 -0.789287 0.0821968 -0.667712 -0.714554 0.208743 -0.648538 -0.688561 0.324473 -0.638184 -0.668043 0.382674 -0.856223 -0.365772 0.36482 -0.791476 -0.379056 0.479459 -0.669549 -0.547525 0.501917 -0.592863 -0.564629 0.574202 -0.738011 -0.388782 0.551533 -0.73795 -0.388093 0.552099 -0.857091 -0.356959 0.371449 -0.791977 -0.387583 0.471755 -0.727278 -0.528543 0.437845 -0.72639 -0.533364 0.433452 -0.669772 -0.544403 0.505006 -0.795798 -0.498509 0.343793 -0.793991 -0.505456 0.337777 -0.710497 -0.632398 0.308651 -0.618068 -0.724573 0.304936 -0.466284 -0.736259 0.49041 -0.489069 -0.781738 0.386908 -0.34653 -0.763214 0.545364 -0.341566 -0.784478 0.517616 -0.485074 -0.799281 0.354759 -0.411092 -0.807783 0.42248 -0.568281 -0.713672 0.409548 -0.567897 -0.703379 0.427494 -0.314009 -0.822265 0.474635 -0.321438 -0.835921 0.444875 -0.493002 -0.730697 0.472261 -0.495181 -0.719551 0.486869 -0.442077 -0.724436 0.528924 -0.37523 -0.743495 0.55355 -0.529173 -0.56965 0.628868 -0.529557 -0.570586 0.627695 -0.592861 -0.560894 0.577853 -0.658568 -0.39909 0.637977 -0.654441 -0.368933 0.659997 -0.722754 -0.250694 0.644033 -0.761103 -0.299995 0.575087 -0.820519 -0.279615 0.498561 -0.887568 -0.263224 0.37807 -0.880224 -0.27683 0.385449 -0.931224 -0.275663 0.238394 -0.995157 -0.0948604 0.0257622 -0.977482 -0.210916 0.00658371 -0.972585 -0.227992 0.0457946 -0.978319 -0.206238 0.018901 -0.980586 -0.189166 0.0516561 -0.904069 -0.346869 0.249682 -0.931709 -0.255166 0.258472 -0.844022 -0.481824 0.235525 -0.90484 -0.33885 0.257768 -0.761493 -0.601166 0.24234 -0.753468 -0.620233 0.218168 -0.8476 -0.467106 0.251765 -0.947009 -0.320092 0.0267418 -0.91507 -0.397503 0.0681132 -0.912864 -0.393649 0.108257 -0.811307 -0.578468 0.0845969 -0.829866 -0.542215 0.131629 -0.836988 -0.537898 0.100582 -0.760118 -0.640306 0.110588 -0.792674 -0.607806 0.047333 -0.755405 -0.638142 0.148789 -0.712562 -0.660876 0.235582 -0.696088 -0.678308 0.235288 -0.645707 -0.739669 0.189608 -0.574546 -0.753586 0.319381 -0.630013 -0.693816 0.348859 -0.549339 -0.711289 0.438514 -0.789244 -0.122748 0.601687 -0.57933 -0.565713 0.586809 -0.618191 -0.45475 0.641126 -0.485268 -0.143358 0.862533 -0.46835 -0.521655 0.713109 -0.47972 -0.473521 0.738679 -0.42172 -0.177002 0.889282 -0.33568 -0.156988 0.928802 -0.31005 -0.512018 0.801066 -0.233372 -0.171003 0.957233 -0.0577632 -0.131522 0.989629 -0.0453091 -0.518113 0.854111 -0.0221017 -0.815577 0.578226 -0.311902 -0.496168 0.810268 -0.172775 -0.515268 0.839433 -0.172881 -0.50694 0.844467 -0.221631 -0.772205 0.595465 -0.0383244 -0.79653 0.603383 -0.073558 -0.627583 0.775067 -0.155574 -0.633872 0.75763 -0.226518 -0.596966 0.769624 -0.319668 -0.373983 0.870603 -0.362409 -0.192882 0.911842 -0.464999 -0.237536 0.85285 -0.51021 -0.260805 0.819553 -0.374496 -0.00155354 0.927227 -0.234901 0.0131196 0.971931 -0.0744732 0.0163178 0.99709 -0.157744 -0.196076 0.967818 -0.0301408 -0.350604 0.936039 0.0884761 -0.124241 0.9883 0.0781424 0.00764561 0.996913 0.0928587 -0.0243654 0.995381 -0.0334443 -0.193531 0.980524 -0.0739475 -0.153474 0.985382 -0.0767186 -0.162549 0.983713 -0.0848007 -0.0106801 0.996341 -0.221803 -0.0198159 0.97489 -0.370864 -0.00926288 0.928641 -0.466175 0.00355189 0.884685 -0.528214 -0.0266098 0.848694 -0.459682 0.0170157 0.88792 -0.453848 -0.171561 0.874408 -0.367329 -0.194344 0.90956 -0.221691 -0.174708 0.959338 -0.361751 -0.207788 0.908824 -0.223839 -0.169107 0.959843 -0.408933 -0.239763 0.880504 -0.317632 -0.227806 0.920442 -0.265797 -0.224607 0.937499 -0.258786 -0.41226 0.87354 -0.234615 -0.383286 0.893335 -0.147334 -0.625552 0.766145 -0.176488 -0.390639 0.903467 -0.159644 -0.374758 0.913275 -0.0887381 -0.415402 0.905299 -0.0731771 -0.627041 0.775542 0.0416118 -0.635285 0.771156 -0.051649 -0.808578 0.586118 0.0365343 -0.810887 0.584062 -0.220927 -0.813273 0.538311 -0.126252 -0.783773 0.60808 -0.0233122 -0.880944 0.472646 -0.044191 -0.890777 0.452287 -0.203265 -0.840524 0.502198 -0.0618574 -0.818389 0.571326 -0.122542 -0.790322 0.600312 -0.220785 -0.856322 0.46687 -0.13602 -0.862514 0.487409 -0.373675 -0.392482 0.840432 -0.205867 -0.775872 0.596356 -0.271239 -0.777395 0.567526 -0.270405 -0.774362 0.572053 -0.331439 -0.594426 0.73267 -0.377962 -0.401816 0.834079 -0.408404 -0.575557 0.708477 -0.459924 -0.597614 0.656755 -0.455469 -0.387313 0.801584 -0.589594 -0.386264 0.709351 -0.52772 -0.396175 0.75137 -0.516559 -0.376981 0.768799 -0.619385 -0.229033 0.750937 -0.60198 -0.248141 0.758977 -0.497919 -0.208939 0.841677 -0.616516 -0.251249 0.746178 -0.498804 -0.203332 0.842527 -0.579758 0.0254999 0.81439 -0.596464 -0.00172449 0.802638 -0.688946 -0.0504067 0.723057 -0.682124 -0.15022 0.71564 -0.721506 -0.256132 0.643293 -0.794759 -0.0391332 0.605662 -0.785224 -0.169643 0.59552 -0.815662 -0.247191 0.52306 -0.862029 0.0020002 0.506855 -0.841474 -0.201904 0.501155 -0.888315 -0.241834 0.390401 -0.922252 -0.0193921 0.386103 -0.903432 -0.203102 0.377571 -0.989941 -0.0114306 0.141021 -0.955291 -0.270721 0.118867 -0.960516 -0.241895 0.13746 -0.999996 -0.00295107 0.000462511 -0.986885 -0.161362 0.0044153 -0.999998 0.00169389 -0.000911022 -0.994681 0.00027827 -0.103004 -0.979317 -0.0827182 -0.184653 -0.999997 0.00215293 -0.000796666 -0.983429 -0.181158 0.0070764 -0.995731 -0.0922667 -0.00258857 -0.987398 -0.157627 -0.0141113 -0.974998 -0.105559 -0.195542 -0.974252 -0.125466 -0.187328 -0.965791 -0.249579 -0.070413 -0.946379 -0.238726 -0.217663 -0.902613 -0.337048 -0.267748 -0.962836 -0.26865 -0.0278276 -0.944067 -0.328637 -0.0271117 -0.961405 -0.266694 -0.0676336 -0.900037 -0.361658 -0.243181 -0.940796 -0.243758 -0.235551 -0.988317 -0.0835753 -0.127457 -0.99965 -0.0179086 0.019455 -0.995611 0.00862808 0.0931921 -0.73684 -0.671973 0.074284 -0.456712 -0.887906 0.0551074 -0.243186 -0.969518 0.0299145 -0.150656 -0.988516 0.0117898 -0.0768324 -0.997039 -0.00301188 -0.0238594 -0.999639 -0.0123808 0.0235371 -0.999554 -0.0183863 0.07887 -0.996467 -0.0288602 0.126824 -0.99108 -0.0409527 0.0743738 -0.996968 -0.0228972 0.031071 -0.997575 -0.0622872 0.0547954 -0.996547 -0.0623818 0.0456957 -0.996869 -0.0645339 0.0236826 -0.999553 -0.018255 0.00837248 -0.998087 -0.061263 0.023047 -0.998042 -0.0581491 -0.0256356 -0.999572 -0.0141181 -0.0209602 -0.998275 -0.0548515 -0.0286413 -0.997864 -0.0587156 -0.081206 -0.996668 -0.00762363 -0.071176 -0.996431 -0.0453681 -0.0764911 -0.995923 -0.0478097 -0.284307 -0.954798 0.0867748 -0.41057 -0.888899 0.203203 -0.580409 -0.747416 0.323257 -0.710673 -0.65841 0.247872 -0.812881 -0.537339 0.224701 -0.75838 -0.615639 0.214123 -0.77237 -0.601616 0.203721 -0.835783 -0.448221 0.31712 -0.710157 -0.615112 0.342511 -0.641844 -0.733595 0.223328 -0.517717 -0.833155 0.194479 -0.525657 -0.829704 0.187818 -0.335195 -0.927202 0.167153 -0.31707 -0.931091 0.18038 -0.173946 -0.98187 0.0753327 -0.157822 -0.987462 0.00332381 -0.140593 -0.989471 -0.0343617 -0.138103 -0.989882 -0.0325882 -0.494506 -0.86092 0.119503 -0.277305 -0.955934 0.0963914 -0.250951 -0.967813 0.019014 -0.22588 -0.973893 -0.0225816 -0.2176 -0.975958 -0.0125272 -0.752455 -0.64171 0.148391 -0.495262 -0.860675 0.118124 -0.462591 -0.885473 0.0441287 -0.420836 -0.906917 0.019963 -0.428829 -0.90334 -0.00909353 -0.76454 -0.629324 0.139388 -0.740174 -0.668601 0.0715292 -0.717227 -0.696415 0.0243292 -0.926588 -0.365945 0.0867156 -0.928404 -0.361984 0.0838658 -0.984712 -0.127677 0.118491 -0.953866 -0.299433 -0.0219013 -0.92978 -0.364908 -0.0484919 -0.924743 -0.360595 -0.121747 -0.918924 -0.375003 -0.122274 -0.950226 -0.303604 -0.0699638 -0.893595 -0.447509 -0.0349705 -0.874961 -0.481437 -0.0515982 -0.879709 -0.475175 0.0179066 -0.988202 -0.137841 0.0667529 -0.792622 -0.607347 0.0536717 -0.914946 -0.354397 0.193069 -0.978027 -0.139343 0.15507 -0.987644 -0.0144258 0.156046 -0.987792 -0.0431655 0.14968 -0.932924 -0.330942 0.141882 -0.92764 -0.296399 0.227225 -0.921984 -0.353142 0.158858 -0.894384 -0.408286 0.1827 -0.975355 -0.0586945 0.212689 -0.789001 -0.601235 0.126468 -0.977212 -0.128321 0.169086 -0.931742 -0.305885 0.195682 -0.924211 -0.287422 0.251443 -0.926358 -0.0511714 0.373152 -0.909193 -0.416191 -0.0124098 -0.768781 0.0552581 0.63712 -0.883971 -0.446582 0.138416 -0.941199 -0.097747 0.323404 -0.820514 -0.380516 0.426573 -0.809103 -0.483554 0.333959 -0.854931 -0.173677 0.488804 -0.778814 -0.228706 0.584073 -0.722978 -0.568109 0.393135 -0.717592 -0.534464 0.446554 -0.587038 -0.764454 0.26645 -0.483368 -0.808373 0.335988 -0.499939 -0.816212 0.289585 -0.397294 -0.857089 0.327956 -0.549909 -0.680496 0.484278 -0.758521 -0.259198 0.597881 -0.639405 -0.618737 0.456427 -0.665507 -0.146076 0.731958 -0.531201 -0.44883 0.718594 -0.630932 -0.422037 0.651006 -0.627872 -0.409773 0.661712 -0.420744 -0.73426 0.532764 -0.309822 -0.751614 0.582311 -0.145675 -0.928883 0.340521 -0.140497 -0.926446 0.349226 -0.214506 -0.919847 0.328433 -0.517224 -0.700728 0.491386 -0.50608 -0.671948 0.540711 -0.289778 -0.904556 0.312741 -0.20462 -0.917124 0.342075 -0.361318 -0.882933 0.299799 -0.347505 -0.877506 0.33049 -0.223376 -0.952448 0.207233 -0.218208 -0.964867 0.146348 -0.200782 -0.965979 0.163006 -0.179409 -0.98135 0.0690177 -0.0902625 -0.994101 0.0601259 -0.166886 -0.959967 0.224973 -0.167968 -0.95994 0.22428 -0.115702 -0.970444 0.211783 -0.110814 -0.969369 0.219189 -0.104067 -0.984011 0.144543 -0.0924781 -0.994034 0.0578371 -0.0297984 -0.998198 0.0520911 -0.0349444 -0.989946 0.137063 0.0488801 -0.99215 0.115109 0.0903153 -0.986799 0.134426 0.0287779 -0.990166 0.136907 -0.0300532 -0.998203 0.0518451 0.0254198 -0.99856 0.047245 0.0251256 -0.99858 0.0469812 -0.0326414 -0.976108 0.214818 -0.0435634 -0.973383 0.225006 0.0262714 -0.990419 0.135576 0.116962 -0.967872 0.222584 0.108401 -0.936188 0.334367 0.0982041 -0.980541 0.169989 0.206128 -0.950969 0.230583 0.0992045 -0.987321 0.123921 0.176321 -0.976073 0.127247 0.0849091 -0.995574 0.0402733 0.0831676 -0.995624 0.0426115 0.19481 -0.97403 0.11539 0.16516 -0.985654 0.0347691 0.159238 -0.986217 0.0449455 0.157385 -0.986482 0.0456486 0.255048 -0.966073 0.0406652 0.297139 -0.945855 0.130639 0.408296 -0.909257 0.0809133 0.427174 -0.888317 0.168569 0.335026 -0.919651 0.204939 0.346013 -0.920574 0.18116 0.341585 -0.924501 0.16917 0.305286 -0.928826 0.209961 0.727247 -0.536831 0.427696 0.587782 -0.767793 0.254963 0.486399 -0.822973 0.293482 0.372853 -0.876307 0.305068 0.363334 -0.870212 0.332747 0.731583 -0.554237 0.396998 0.837927 0.00239566 0.545776 0.876915 0.00627893 0.480605 0.831046 -0.217405 0.511955 0.86249 -0.18107 0.472573 0.765567 -0.0872919 0.637406 0.740017 -0.354437 0.57162 0.73402 -0.318465 0.59983 0.628192 -0.624977 0.463442 0.504911 -0.676441 0.536183 0.511334 -0.681961 0.52294 0.385267 -0.721133 0.575793 0.289697 -0.890419 0.351041 0.216505 -0.918118 0.331941 0.139833 -0.925926 0.350866 0.279944 -0.748656 0.600953 0.20249 -0.915943 0.346477 0.190116 -0.764823 0.615549 0.137549 -0.92553 0.35281 0.0796 -0.932086 0.353382 0.101971 -0.774996 0.623684 0.0760753 -0.930973 0.357075 0.00238704 -0.936023 0.351931 -0.0577283 -0.93503 0.349837 -0.0106042 -0.786493 0.617508 -0.00329879 -0.934026 0.35719 -0.0983194 -0.788075 0.607677 -0.0675205 -0.931488 0.35745 -0.230708 -0.777982 0.584396 -0.218061 -0.766488 0.604107 -0.409194 -0.462633 0.786468 -0.31901 -0.757211 0.569969 -0.449591 -0.187654 0.873301 -0.411678 -0.468616 0.781614 -0.42285 -0.161561 0.891681 -0.306759 -0.480614 0.821528 -0.199729 -0.482003 0.853101 -0.236246 -0.16663 0.957299 -0.210478 -0.512422 0.83254 -0.1609 -0.167001 0.972739 -0.126079 -0.450127 0.884019 -0.0435331 -0.507629 0.860475 -0.053149 -0.489291 0.870499 0.0498549 -0.166464 0.984786 0.0440725 -0.484378 0.873748 0.0462089 -0.487339 0.871989 0.128659 -0.164806 0.977899 0.141306 -0.481373 0.865051 0.138765 -0.47761 0.867544 0.238902 -0.472326 0.84843 0.23959 -0.473511 0.847575 0.360264 -0.457546 0.812934 0.354616 -0.446731 0.821388 0.478262 -0.42897 0.766323 0.479417 -0.432443 0.763644 0.623596 -0.399746 0.671812 0.472551 -0.735501 0.485524 0.695496 -0.0645202 0.715627 0.53122 -0.174074 0.829158 0.361394 -0.724331 0.587144 0.557717 -0.442773 0.702071 0.376265 -0.169713 0.910836 0.372981 -0.524353 0.765467 0.0886409 -0.0207931 0.995847 0.0812063 -0.524793 0.847348 0.250051 -0.127363 0.959819 0.373774 -0.515002 0.771405 0.0819923 -0.520662 0.849817 0.218997 -0.523155 0.823619 0.268629 -0.802309 0.533047 0.356916 -0.710828 0.60608 0.193505 -0.916563 0.349954 0.0640787 -0.814329 0.576855 0.0540304 -0.797408 0.601017 0.151832 -0.806604 0.57126 0.183563 -0.902005 0.390758 0.150479 -0.91885 0.364788 0.0465936 -0.900029 0.433332 0.107802 -0.901228 0.419721 0.0397267 -0.896581 0.441094 0.134772 -0.832712 0.537054 0.0448326 -0.821985 0.567741 0.124872 -0.821137 0.556903 0.240883 -0.627222 0.740653 0.28425 -0.359864 0.888651 0.165403 -0.628733 0.759827 0.0464444 -0.627074 0.777574 0.0484912 -0.399062 0.915641 0.0699834 -0.365885 0.928025 0.0577092 -0.15848 0.985674 0.141528 -0.342146 0.928927 0.189607 -0.375112 0.907381 0.235253 -0.328015 0.914911 0.239913 -0.116914 0.963728 0.254045 -0.101758 0.961824 0.0857225 -0.116613 0.989471 0.169733 -0.126956 0.977278 0.174995 0.00984234 0.98452 0.195943 -0.00733703 0.980588 0.256089 0.000981992 0.966653 0.350472 -0.0225049 0.936303 0.415865 -0.00453495 0.909415 0.341139 -0.0756434 0.936964 0.51301 -0.0931992 0.853308 0.529536 -0.0718275 0.845241 0.380116 -0.0900861 0.920541 0.951727 0.16233 -0.260508 0.809618 0.552511 -0.198119 0.84644 0.516353 -0.13007 0.997592 0.0679141 -0.0140505 0.919475 0.384775 0.0807116 0.926741 0.375611 0.0081635 0.975807 0.21819 -0.0138862 0.97537 0.21741 -0.0372412 0.858049 0.415451 -0.301914 0.78407 0.439488 -0.438276 0.702783 0.460069 -0.542616 0.611871 0.457419 -0.645276 0.494804 0.478535 -0.725378 0.36511 0.482887 -0.795937 0.236541 0.498736 -0.833853 0.105361 0.498511 -0.860457 -0.0320286 0.492461 -0.869745 -0.171873 0.482603 -0.85881 -0.31923 0.437403 -0.840697 -0.689282 0.569621 -0.447686 -0.51347 0.169502 -0.8412 -0.52336 0.0582349 -0.85012 -0.491705 0.0201155 -0.870529 -0.428502 0.0120769 -0.90346 -0.349686 0.0734426 -0.933984 -0.265583 0.0405506 -0.963235 -0.119071 0.0282883 -0.992483 -0.0330312 0.149215 -0.988253 0.0539425 0.0411799 -0.997695 0.214957 0.0390358 -0.975843 0.365587 0.259559 -0.893854 0.508751 0.0272184 -0.860483 0.646176 0.0244011 -0.762799 0.762957 0.0319744 -0.645658 0.861867 0.0214077 -0.506682 0.931873 0.0141436 -0.362508 0.999277 0.0334274 -0.0181273 0.999997 0.00222951 0.000541069 0.999996 -0.00246842 0.00163026 0.928732 0.279523 0.243564 0.922807 0.298152 0.243995 0.921178 0.322538 0.217715 0.981701 0.0999952 0.162061 0.975238 0.172659 0.138202 0.963649 0.263345 0.0450542 0.983589 0.117148 0.137216 0.999999 0.000839816 0.0011727 0.991066 -0.0485145 -0.124232 0.983942 0.177662 -0.0171868 0.929719 0.0261946 -0.367336 0.907126 0.267343 -0.32504 0.834998 0.295132 -0.464408 0.890036 0.308354 -0.335788 0.867514 -0.00288508 -0.497404 0.827432 0.276029 -0.489044 0.744366 0.299088 -0.597048 0.775252 -0.0101163 -0.631571 0.741626 0.221636 -0.633142 0.662282 -0.0230558 -0.7489 0.645318 0.255941 -0.719763 0.525344 0.271101 -0.806547 0.631604 0.289642 -0.719155 0.589891 0.0225412 -0.807168 0.531673 -0.0249292 -0.846583 0.371299 0.0142678 -0.928404 0.387611 -0.0249252 -0.921486 0.523813 0.258701 -0.8116 0.500569 0.18592 -0.845497 0.380942 0.218104 -0.898507 0.243098 -0.010065 -0.96995 0.135348 -0.0393281 -0.990017 0.247663 0.238248 -0.939096 0.208287 0.160483 -0.964812 0.000259032 -0.0265212 -0.999648 0.0969867 0.204254 -0.974102 0.0540135 0.137936 -0.988967 -0.0334052 0 -0.999442 -0.0965462 0 -0.995329 -0.188099 -0.0421836 -0.981244 -0.0592839 0.167957 -0.98401 -0.119826 0.0940293 -0.988332 -0.322179 -0.0278684 -0.946268 -0.216364 0.13588 -0.966811 -0.264827 0.0637512 -0.962186 -0.350633 0 -0.936513 -0.422416 0 -0.906402 -0.734865 0 -0.678214 -0.772906 0.239846 -0.587444 -0.80188 0.456814 -0.38511 -0.589947 0.77586 -0.223616 -0.635887 0.771673 -0.0129618 -0.604641 0.792718 -0.0775029 -0.596131 0.739788 -0.311996 -0.690592 0.575071 -0.438606 -0.828371 0.0256658 -0.559592 -0.817291 0.0556608 -0.57353 -0.823047 0.250685 -0.509658 -0.824013 0.556394 0.106906 -0.869651 0.172099 -0.462698 -0.666426 0.735182 -0.124032 -0.613487 0.78918 0.0287781 -0.654879 0.753931 0.0521791 -0.71788 0.696165 -0.0017407 -0.687503 0.72227 -0.0752674 -0.544871 0.830709 -0.114187 -0.344287 0.911848 -0.223608 -0.170984 0.904418 -0.390887 -0.0988886 0.901427 -0.421485 -0.0315735 0.895261 -0.444421 0.0395819 0.885295 -0.463342 0.116515 0.870389 -0.478379 0.170483 0.848249 -0.501408 0.73741 0.65757 -0.154365 0.700423 0.69738 -0.151884 0.759124 0.631378 -0.15841 0.751055 0.595269 -0.285607 0.713623 0.693408 -0.0996404 0.753649 0.568409 -0.330038 0.877704 0.192116 -0.439007 0.807307 0.512817 -0.292019 0.516983 0.819669 -0.246722 0.355042 0.902596 -0.243447 0.266822 0.912951 -0.308749 0.145046 0.943898 -0.296677 0.053797 0.953242 -0.297381 -0.0318784 0.955525 -0.293181 -0.108603 0.95316 -0.282298 -0.226101 0.937366 -0.264996 -0.386457 0.89291 -0.231005 -0.56992 0.791409 -0.221048 -0.520459 0.818173 -0.244366 -0.322394 0.938046 -0.127014 -0.170942 0.983925 -0.0516704 -0.0907211 0.994571 -0.0509728 -0.086525 0.984879 -0.15009 -0.0372633 0.989103 -0.142428 0.0358108 0.988232 -0.148709 0.119058 0.97938 -0.163215 0.191299 0.967651 -0.16449 0.316695 0.933757 -0.166739 0.509061 0.837638 -0.198041 0.773419 0.594847 -0.219045 0.934427 0.287371 -0.21039 0.922902 0.34689 -0.167089 0.985705 0.12951 -0.107766 0.714828 0.698321 -0.036987 0.443111 0.894171 -0.0641172 0.444345 0.893774 -0.0610326 0.24232 0.969653 -0.0324608 0.153884 0.987942 -0.0170317 0.0769646 0.997013 -0.00638979 0.022133 0.999755 -0.000181458 -0.0289134 0.999572 0.00437015 -0.0752168 0.995911 0.050028 -0.0319419 0.997523 0.0626697 0.00429738 0.996957 0.0778347 0.0591694 0.995985 0.0671736 0.123032 0.990799 0.0563956 0.199124 0.979021 0.0432103 0.318575 0.947522 0.02668 0.195832 0.980249 0.0276015 0.116652 0.992177 0.044462 0.0532231 0.996847 0.0588522 0.0148912 0.997676 0.0664946 -0.0265267 0.997229 0.0695069 -0.0386995 0.997222 0.0636371 -0.0216087 0.998623 0.0477935 0.0210911 0.999777 -0.00132142 0.0181646 0.998853 0.0443134 0.0165562 0.998957 0.0425441 0.0741854 0.997197 -0.00968448 0.0678039 0.996951 0.0386086 0.0636042 0.99741 0.0335798 0.148887 0.988569 -0.0237414 0.137378 0.990103 0.028706 0.130831 0.991207 0.0198215 0.236823 0.970665 -0.0415321 0.217456 0.975953 0.0150827 0.21154 0.977355 0.00529555 0.412492 0.910953 -0.00379378 0.371737 0.9231 -0.0984791 0.47358 0.880404 -0.0247033 0.917536 0.384965 -0.0996445 0.911229 0.398867 -0.102796 0.744222 0.661298 -0.093909 0.75556 0.64982 -0.0828453 0.920278 0.320677 -0.224175 0.91972 0.354181 -0.169328 0.770711 0.620159 -0.146313 0.778498 0.589887 -0.214416 0.752118 0.638568 -0.162941 0.476608 0.870502 -0.122763 0.473101 0.871143 -0.131469 0.2677 0.957866 -0.104063 0.305737 0.933607 -0.186821 0.272604 0.957308 -0.0961686 0.168811 0.982104 -0.0835177 0.171815 0.981909 -0.0795905 0.0853658 0.993876 -0.0701721 0.197487 0.967748 -0.156406 0.0963683 0.98484 -0.144231 0.0864645 0.99387 -0.0689001 0.0258298 0.997675 -0.0630591 0.029889 0.989324 -0.142635 0.0256628 0.997668 -0.0632388 -0.0338254 0.988857 -0.144976 -0.104012 0.986504 -0.126459 -0.191655 0.97304 -0.128303 -0.0293703 0.997864 -0.0583545 -0.0296579 0.997839 -0.0586383 -0.0886366 0.99459 -0.0541776 -0.027238 0.999612 0.00579066 -0.0794012 0.996785 0.0107729 -0.0816189 0.99657 0.0136352 -0.155655 0.987795 0.00564194 -0.173579 0.983738 -0.0461541 -0.266114 0.963169 -0.0385837 -0.200226 0.973123 -0.113761 -0.31591 0.939075 -0.135424 -0.415321 0.904289 -0.0988403 -0.795309 0.506239 -0.333475 -0.921849 0.021318 -0.386963 -0.856798 0.0342639 -0.514512 -0.669448 0.509455 -0.540643 -0.431316 0.261963 -0.863332 -0.250856 0.217065 -0.943374 -0.244868 0.53645 -0.807627 -0.401968 0.194373 -0.894785 -0.776991 0.153253 -0.610572 -0.61038 0.481977 -0.628597 -0.477438 0.759388 -0.442022 -0.73245 0.399632 -0.551191 -0.733005 0.422505 -0.533098 -0.774918 0.150289 -0.613934 -0.678033 0.16959 -0.7152 -0.479094 0.526555 -0.702288 -0.25042 0.82759 -0.502379 -0.610165 0.479938 -0.630364 -0.479601 0.52816 -0.700735 -0.338881 0.556824 -0.758358 -0.347058 0.591222 -0.728016 -0.164644 0.608249 -0.776483 -0.0214912 0.640061 -0.768023 0.135465 0.595522 -0.791835 0.307246 0.57465 -0.758536 0.465677 0.547389 -0.695349 0.580932 0.522045 -0.624489 0.695548 0.443628 -0.565161 0.749667 0.216421 -0.625428 0.739998 0.183733 -0.647028 0.646045 0.209559 -0.733969 0.653334 0.196658 -0.731082 0.485113 0.186679 -0.854293 0.319071 0.21876 -0.922138 0.0396061 0.234632 -0.971277 -0.0970364 0.246028 -0.964393 -0.0644698 0.206898 -0.976236 0.0240711 0.675931 -0.736571 -0.0817732 0.673365 -0.734774 0.019974 0.666634 -0.745118 0.173556 0.255031 -0.951229 0.53369 0.233374 -0.812842 0.828748 0.186549 -0.527614 0.758227 0.409347 -0.507471 0.69517 0.446995 -0.562969 0.580962 0.520369 -0.625859 0.356333 0.269354 -0.894693 0.466285 0.54947 -0.693297 0.30829 0.582603 -0.752018 0.216372 0.846304 -0.486778 0.0208205 0.213362 -0.976751 0.16289 0.237102 -0.957731 0.138262 0.589929 -0.795529 0.0941623 0.852321 -0.514473 0.0205106 0.590155 -0.80703 -0.0608463 0.589724 -0.805309 -0.146928 0.583639 -0.79861 -0.174079 0.248653 -0.952821 -0.0806162 0.67093 -0.737125 -0.195304 0.677403 -0.709212 -0.214535 0.880727 -0.422249 -0.196551 0.681316 -0.705107 -0.327907 0.670442 -0.665571 -0.297507 0.258092 -0.919172 -0.271247 0.210205 -0.939276 -0.328409 0.673704 -0.66202 -0.407994 0.182667 -0.894524 -0.493495 0.651361 -0.57636 -0.479818 0.469863 -0.740948 -0.604283 0.241638 -0.759245 -0.540752 0.160785 -0.825673 -0.732722 -0.11932 -0.669986 -0.669652 0.134068 -0.730474 -0.704149 0.127094 -0.698585 -0.801078 0.104146 -0.58943 -0.873641 0.0553788 -0.48341 -0.884213 0.363689 -0.293082 -0.93899 0.239771 -0.246593 -0.91903 0.0292178 -0.393104 -0.795838 0.374166 -0.47607 -0.746683 0.554861 -0.366871 -0.784205 0.552638 -0.282159 -0.53683 0.828236 -0.160742 -0.357024 0.911882 -0.202499 -0.597251 0.70414 -0.384029 -0.594351 0.699132 -0.397445 -0.47567 0.758058 -0.446191 -0.519013 0.807272 -0.280957 -0.366215 0.889515 -0.273222 -0.359544 0.91426 -0.186698 -0.219654 0.957147 -0.188736 -0.361459 0.801892 -0.475728 -0.360994 0.801678 -0.476441 -0.253795 0.82996 -0.496743 -0.273754 0.91755 -0.288377 -0.19255 0.933712 -0.301839 -0.210491 0.95269 -0.219259 -0.114321 0.971463 -0.207824 -0.128351 0.851831 -0.507848 -0.122186 0.847849 -0.515968 -0.0965502 0.950714 -0.294654 -0.0141453 0.975802 -0.218196 0.0358307 0.977835 -0.206289 -0.0235755 0.857388 -0.51413 -0.0185615 0.853609 -0.520583 0.0874768 0.856955 -0.507913 -0.0215263 0.951394 -0.307224 0.0604779 0.950565 -0.30458 0.0456865 0.973295 -0.224967 0.211802 0.839603 -0.500206 0.338943 0.822264 -0.457165 0.148652 0.946633 -0.285988 0.116668 0.969511 -0.215494 0.358309 0.832632 -0.422302 0.466096 0.758333 -0.455725 0.272581 0.926057 -0.260993 0.53893 0.748103 -0.387165 0.507923 0.837742 -0.200507 0.542921 0.718922 -0.434037 0.439494 0.850892 -0.287799 0.519498 0.824423 -0.224606 0.75222 0.557563 -0.351126 0.650353 0.634498 -0.417676 0.656233 0.665325 -0.35595 0.751019 0.57627 -0.322309 0.929621 0.210621 -0.302396 0.826353 0.173845 -0.535648 0.680655 0.576211 -0.452427 0.638622 0.712598 -0.290458 0.628465 0.739324 -0.241726 0.635785 0.717009 -0.285789 0.672338 0.596325 -0.438587 0.598952 0.598042 -0.532544 0.543914 0.774586 -0.32276 0.544201 0.757182 -0.361277 0.593814 0.613783 -0.520246 0.51367 0.618802 -0.59433 0.464971 0.80048 -0.378199 0.460574 0.785959 -0.41248 0.511186 0.630078 -0.584544 0.37579 0.635482 -0.674496 0.387669 0.820006 -0.421073 0.379777 0.807845 -0.450728 0.375626 0.648321 -0.662257 0.239899 0.648338 -0.72257 0.288241 0.842791 -0.454556 0.268522 0.824851 -0.497511 0.240375 0.650793 -0.7202 0.128717 0.667261 -0.733617 0.12607 0.658201 -0.742212 0.18833 0.870876 -0.45399 0.176919 0.844471 -0.505538 0.103526 0.846458 -0.522295 0.0765785 0.861505 -0.50194 0.0856188 0.886897 -0.453964 0.0250048 0.859061 -0.511262 0.00500822 0.87054 -0.492072 0.0171513 0.897652 -0.44037 -0.0500907 0.867212 -0.495413 -0.0639352 0.875777 -0.478464 -0.0472132 0.904694 -0.423437 -0.125059 0.871196 -0.474739 -0.135935 0.878938 -0.457154 -0.205621 0.87225 -0.443735 -0.109993 0.909413 -0.401085 -0.167519 0.90835 -0.383194 -0.17443 0.912912 -0.369007 -0.380357 0.855432 -0.351517 -0.386749 0.850729 -0.355929 -0.3729 0.771864 -0.514948 -0.599111 0.760487 -0.250448 -0.582702 0.775744 -0.242237 -0.646446 0.550182 -0.52859 -0.868293 0.369353 -0.331128 -0.745172 0.545189 -0.384042 -0.734065 0.644129 -0.215051 -0.794217 0.605504 -0.0508357 -0.808688 0.579372 -0.101737 -0.676463 0.733253 -0.0688335 -0.707572 0.706104 0.0275565 -0.599835 0.787279 -0.142789 -0.653812 0.756348 -0.0216061 -0.661163 0.747938 -0.0587628 -0.863836 0.401445 -0.30435 -0.604076 0.661303 -0.444714 -0.575046 0.801871 -0.162247 -0.751701 0.651734 -0.100941 -0.520368 0.309261 -0.795974 -0.70601 0.169583 -0.687599 -0.791653 -0.00434273 -0.610955 -0.784325 0 -0.620351 -0.736992 -0.00655136 -0.675869 -0.675359 0.102426 -0.730342 -0.732037 0.115947 -0.671325 -0.678693 0.0264114 -0.733947 -0.632925 -0.00878362 -0.774163 -0.536006 -0.0243723 -0.843862 -0.561568 0.0146006 -0.827302 -0.665798 0.109276 -0.738087 -0.616835 0.0192588 -0.786857 -0.591691 0.412911 -0.692392 -0.37261 0.0700177 -0.925343 -0.373702 0.0951716 -0.922653 -0.574725 0.0899892 -0.813384 -0.745705 0.228746 -0.625779 -0.551154 0.69124 -0.467352 -0.703478 0.681885 -0.200377 -0.485363 0.815002 -0.316534 -0.596294 0.791464 -0.134234 -0.345387 0.796851 -0.495719 -0.47782 0.827172 -0.29576 -0.343112 0.789944 -0.508195 -0.547554 0.201775 -0.812078 -0.460254 0.529351 -0.712708 -0.572439 0.423407 -0.702169 -0.216591 0.126785 -0.967995 -0.347134 0.192707 -0.917803 -0.344484 0.139354 -0.928392 -0.125008 0.813559 -0.567886 -0.207433 0.808421 -0.550843 -0.214309 0.802595 -0.556698 -0.288859 0.484076 -0.825973 -0.0593289 0.160466 -0.985257 -0.190207 0.174951 -0.96603 -0.0336773 0.807415 -0.589021 -0.117468 0.804085 -0.582794 -0.16224 0.496948 -0.852479 0.0972672 0.192128 -0.976538 -0.033105 0.207869 -0.977596 -0.0230195 0.796817 -0.603783 -0.0236944 0.505908 -0.862262 0.259698 0.216506 -0.941107 0.120249 0.235054 -0.964515 0.0720494 0.797962 -0.598386 0.0611641 0.783857 -0.617921 0.110897 0.508573 -0.853847 0.169126 0.783229 -0.598288 0.159383 0.765663 -0.623183 0.240637 0.506326 -0.828087 0.542743 0.246686 -0.802855 0.408086 0.267306 -0.872934 0.271446 0.762381 -0.587446 0.264757 0.742263 -0.615588 0.369357 0.494743 -0.786641 0.381561 0.735566 -0.55978 0.379625 0.717531 -0.583981 0.496948 0.485884 -0.718999 0.759448 0.276683 -0.5888 0.66091 0.297914 -0.6888 0.490441 0.707298 -0.509114 0.491431 0.697303 -0.52179 0.614268 0.478521 -0.62745 0.575637 0.68592 -0.445146 0.579095 0.671632 -0.462124 0.70303 0.466621 -0.536669 0.740107 0.61855 -0.263889 0.657885 0.657255 -0.367699 0.664802 0.638251 -0.388168 0.783621 0.444891 -0.433601 0.858828 0.411619 -0.304932 0.906953 0.27719 -0.317179 0.987081 0.157578 -0.0290019 0.989392 0.14527 0.00054004 0.994559 0.0984619 -0.0340334 0.994499 0.104224 0.010423 0.995873 0.0907419 0.00187551 0.956783 0.290339 0.0164504 0.93097 0.360063 -0.060405 0.981079 0.185005 -0.0570708 0.982843 0.180591 -0.0374964 0.974284 0.216662 0.0618733 0.826685 0.557474 -0.0762481 0.870675 0.471382 -0.140445 0.944673 0.315605 -0.089362 0.952547 0.303016 -0.0289197 0.891039 0.453112 -0.0271664 0.799243 0.601004 0.00240264 0.924145 0.373452 0.0805533 0.916306 0.394904 0.0665819 0.901986 0.387898 0.189621 0.922316 0.386436 0.000929553 0.979745 0.0974918 0.174916 0.996251 0.0131348 -0.0855066 0.955004 0.191294 -0.226657 0.982503 0.117846 -0.144222 0.982853 0.0643121 -0.17281 0.939534 0.241484 -0.242821 0.990018 0.0505676 -0.131555 0.967014 0.251584 -0.0398759 0.754666 0.649433 -0.093358 0.833742 0.54777 -0.0694494 0.835707 0.548156 -0.0334463 0.750657 0.629578 -0.200365 0.782246 0.616248 -0.091268 0.844711 0.501969 -0.185715 0.905917 0.136277 -0.400929 0.831677 0.511876 -0.215166 0.766822 0.540793 -0.345725 0.948613 0.173644 -0.26454 0.0316734 0.0590683 -0.997751 0.296345 0.0015509 -0.95508 0.297828 0.0043335 -0.95461 0.475263 -0.0236668 -0.879525 0.532334 0.0648735 -0.844045 0.660997 -0.0593389 -0.748038 0.716213 0.0408857 -0.696683 0.726334 -6.58358e-06 -0.687342 0.726455 7.23132e-05 -0.687214 0.726226 -7.50163e-05 -0.687456 0.72624 0.000424956 -0.687441 0.725949 -0.00384582 -0.687738 0.726222 -0.000470408 -0.68746 0.72645 -8.80986e-05 -0.68722 0.726408 -0.000166865 -0.687263 0.726403 0.000114591 -0.687269 0.726108 -5.65632e-05 -0.68758 0.726696 0.000621483 -0.686959 0.727314 -0.00187819 -0.686303 0.72366 -0.017974 -0.689923 0.714555 0.0588119 -0.697102 0.75106 0.185981 -0.633499 0.512898 0.697491 -0.500441 0.187994 0.965937 -0.177832 0.180654 0.953854 -0.239847 0.000846075 1 -8.36957e-05 -0.000117118 1 -8.78684e-05 -0.000583506 1 -0.000273572 -0.000114301 1 -7.59249e-06 8.17189e-05 1 -0.000128976 0.000198465 1 0.000246046 0.00017535 1 0.000320536 0 1 0 0 1 0 9.85262e-05 1 0.000267542 -2.42574e-05 1 0.000441085 -0.000132748 1 0.000197786 7.80239e-05 1 -0.000199067 0.000141727 1 -0.000217744 0.000141676 1 -0.000218178 0.000122592 1 -0.000208113 0.000186663 1 -0.00022225 0.000236425 1 -0.000169536 0.00023587 1 -0.000175096 3.97733e-06 1 -8.27657e-06 0.000213793 1 5.65832e-06 0.000483708 0.965814 -0.259234 0.000558245 0.704274 -0.709928 -0.00395365 0.214055 -0.976814 0.0196411 0.191644 -0.981268 -0.00124054 -0.00187846 -0.999997 0.000663496 -2.65341e-07 -1 0.000382267 3.84261e-05 -1 0.00119766 5.1346e-06 -0.999999 0.002184 -0.000597503 -0.999997 0.00102893 0.000684271 -0.999999 0.00053021 6.55646e-05 -1 0.000645093 2.73338e-05 -1 0.000446502 -2.35951e-05 -1 0.000471857 -4.46617e-05 -1 0.000400535 -0.00012069 -1 -0.001449 0.00043482 -0.999999 -0.000430793 -0.00122186 -0.999999 0.000410332 -0.000131598 -1 0.000535057 9.60575e-05 -1 0.000288482 -0.000161397 -1 -4.55192e-05 0.000580745 -1 0.00119674 -0.00021493 -0.999999 0.000361376 0.000357967 -1 0.00039471 3.3378e-05 -1 0.000599257 -0.000226344 -1 0.000458806 8.56863e-05 -1 -0.00249413 -0.000762769 -0.999997 0.00438061 0.702326 -0.711842 0.0210015 0.960789 -0.276484 -2.85279e-06 1 -1.69843e-05 -2.44347e-06 1 -2.33621e-06 -1.67499e-05 1 -5.10264e-05 0.000464151 1 -5.42561e-05 0.000377804 1 -0.000206586 0.000239063 1 -0.000170604 0.000145601 1 -0.000132065 8.18618e-05 1 -3.76439e-05 1.84093e-05 1 -6.12532e-05 -0.000137729 1 0.000199959 -6.17825e-05 1 0.000118922 -7.91729e-05 1 0.000200032 8.76e-05 1 0.000191171 -0.000383521 1 -0.000902442 -0.000121645 1 -0.000114516 0.00108206 0.999999 0.000835806 0.516362 0.70341 -0.488451 0.690865 0.307069 -0.654533 0.727007 -0.00198082 -0.686627 0.726127 0.000269173 -0.68756 0.726401 7.24678e-05 -0.687271 0.726353 7.45918e-05 -0.687322 0.726162 0.000209791 -0.687524 0.726103 -8.48034e-05 -0.687586 0.729553 -0.00153306 -0.683923 0.726247 0.000430831 -0.687433 0.726423 -7.86248e-05 -0.687248 0.726146 0.000201252 -0.687541 0.727907 0.00830982 -0.685626 0.0801042 -0.0234702 -0.99651 -0.000705202 0.00117458 -0.999999 0.000497513 0.684049 -0.729436 0.68257 0.727474 -0.0698497 0.00273191 0.999988 -0.00416157 0.268611 0.961777 -0.0532356 0.922338 0.372777 -0.101634 0.982927 0.057738 -0.174704 0.991043 0.000288729 -0.133543 -3.92856e-05 1 1.4604e-05 0.285204 0.953554 -0.0969232 0.946971 -0.000575666 -0.321318 0.924107 0.236298 -0.300314 0.946344 0.00183775 -0.323156 0.932913 -0.0210514 -0.359487 0.932906 -0.173265 -0.315698 0.911257 0.0462223 -0.409235 0.842855 -0.171284 -0.510154 0.645074 -0.61465 -0.453966 0.488197 -0.759756 -0.429458 0.50839 -0.668147 -0.543249 0.608779 -0.496204 -0.619008 0.61129 -0.00187927 -0.791404 0.682394 0.000465641 -0.730984 0.616445 0.00155041 -0.787396 0.682204 0.000570041 -0.731161 0.388319 0.782077 -0.487406 0.413075 0.630787 -0.656869 0.434701 0.0018916 -0.900573 0.533016 0.00119246 -0.846104 0.44244 -0.00287339 -0.896794 0.524808 -0.00369352 -0.851213 0.30295 -0.844845 -0.440975 5.85106e-05 -1 -3.47046e-05 -1.29195e-05 -1 -4.75431e-06 -0.0313936 -0.998188 0.0513308 -0.231928 -0.836491 0.49648 -0.372573 -0.56776 0.734056 -0.400034 -0.46093 0.792159 -0.407578 0.00329139 0.913164 -0.40501 0.00205466 0.91431 -0.362767 -0.00425012 0.93187 -0.269257 -0.671834 0.690029 -0.218692 -0.00980939 0.975745 -0.284707 0.00281918 0.95861 -0.198927 0.63775 0.744112 -0.212202 0.490182 0.845394 1.22891e-05 1 1.12704e-05 -0.0685629 0.744663 0.66391 -0.108802 0.597423 0.794511 -0.00603728 0.972892 0.231182 0.0401633 0.731103 0.681084 0.0120994 0.00230754 0.999924 0.0188486 -4.03904e-05 0.999822 0.101629 -0.0015486 0.994821 0.0919372 0.00432955 0.995755 0.180045 -0.00300774 0.983654 0.1279 0.675229 0.726435 0.000522853 0.999963 0.00861365 -0.000955984 0.999999 -0.000603008 0.0120399 0.9997 0.0213097 2.63339e-05 1 3.57766e-05 -2.31531e-05 1 -0.000135363 -1.67572e-05 1 8.14346e-05 -0.000191993 1 -0.000160791 1.40702e-05 1 -0.000251731 5.9796e-06 1 -0.000241016 0.000549785 0.999999 -0.0013939 -0.604246 0.71272 -0.356255 0.000154535 1 1.23348e-05 -0.93272 0.137698 -0.333276 -0.921425 0.191674 -0.337989 -0.938681 -0.000513032 -0.344785 -0.833491 -0.178795 -0.522805 -0.84695 0.000543418 -0.531673 -0.824239 -0.267646 -0.498994 -0.786697 0.0519303 -0.615152 -0.716465 0.00278052 -0.697618 -0.716927 0.001892 -0.697146 -0.70439 -0.195522 -0.682353 -0.820267 -0.00323073 -0.571972 -0.828111 0.209697 -0.519865 -0.847258 0.00131885 -0.53118 -0.808963 0.0153256 -0.58766 -0.879793 -0.0197205 -0.474948 -0.790396 0.263644 -0.552961 -0.500191 0.72126 -0.479158 -0.699162 0.355828 -0.620129 -0.687136 -0.00379782 -0.726519 -0.558038 0.585864 -0.587671 -0.520134 0.662477 -0.539059 -0.353663 0.85504 -0.379247 -0.591383 -0.0210145 -0.806117 -0.551069 0.169629 -0.817036 -0.473817 0.480111 -0.738235 -0.364243 0.783204 -0.503904 -0.261522 0.831969 -0.48932 -0.46958 -0.0153633 -0.882756 -0.466327 -0.0287576 -0.884145 -0.352802 0.146021 -0.924234 -0.46652 1.70439e-05 -0.884511 -0.376883 0.00306992 -0.926256 -0.372162 -0.00190304 -0.928166 -0.272821 -0.000212891 -0.962065 -0.324667 0.0162366 -0.945689 -0.272124 -0.071451 -0.959606 -0.39535 -0.260073 -0.880943 -0.474196 0.00258082 -0.880416 -0.565531 -0.00814473 -0.824687 -0.570228 0.0338087 -0.820791 -0.561223 -0.00194833 -0.827662 -0.686361 -0.00204876 -0.727258 -5.78977e-05 -1 -0.000156147 -0.000676897 -1 -0.000362857 0.0442765 -0.982484 0.181013 0.000118455 -1 8.15597e-05 0.00079832 -0.999996 -0.00265845 8.81741e-05 -1 -0.000264639 -2.00385e-05 -1 -0.00023292 -0.000318274 -1 -0.000247278 0.000896017 -0.999972 0.0074705 -1.92479e-05 -1 -2.85648e-05 0.188741 -0.797242 0.573395 0.244202 -0.678371 0.692949 0.318289 0.0038015 0.947986 0.422315 -0.00278586 0.906445 0.424878 -0.00110254 0.90525 0.559003 0.00447024 0.829154 0.586572 -0.00478188 0.809883 0.538 -0.454496 0.709922 0.527143 -0.529373 0.664745 0.338712 -0.857786 0.386622 0.709469 -0.00224048 0.704733 0.716172 -0.00691816 0.697889 0.679337 0.00430693 0.733814 0.483201 0.693892 0.533883 0.000323482 1 3.06092e-05 0.381771 0.844272 0.376107 0.629121 0.550105 0.549173 0.476128 0.813848 0.333098 0.785262 -0.0582948 0.616414 0.810418 0.00326049 0.585843 0.704157 -0.337834 0.624525 0.768011 -0.00570395 0.640411 0.752844 0.00221232 0.658195 0.681356 0.422346 0.597811 0.688395 -0.287474 0.665936 -3.81578e-06 -1 3.17777e-05 0.0750863 -0.994391 0.0744866 0.364644 -0.88194 0.298692 0.721538 -0.476041 0.502761 0.686123 -0.589689 0.42603 0.00105637 -0.999999 -0.00020367 0.51351 -0.838049 0.184342 0.916808 0.0356945 0.397731 0.898939 -0.0967836 0.427249 0.707178 0.706985 0.00845911 0.965861 0.258921 0.00856455 0.966557 0.256318 0.00833964 0.965636 -0.259762 0.00844378 0.858373 0.00251552 0.513021 0.815954 -0.0273462 0.57747 0.860346 -0.00308158 0.509701 0.877527 -0.104814 0.467932 0.876899 -0.0412317 0.478902 0.807943 0.0257466 0.588698 0.818932 -0.0143261 0.573712 0.828372 0.0151675 0.559973 0.525171 0.762755 0.37736 5.10254e-05 1 8.4939e-05 0.000106709 1 4.02608e-05 0.491508 0.835705 0.244985 0.817361 0.482428 0.314937 0.940835 -0.0079634 0.33877 0.948312 -0.0210964 0.316637 0.968804 0.015517 0.247341 0.971531 0.00408144 0.236878 0.980082 -0.00638193 0.198489 0.983445 0.000382798 0.181207 0.97129 0.00465551 0.237853 0.796818 0.588104 0.138619 0.762923 0.640504 0.0877662 0.991545 -0.0460265 0.121326 0.990568 0.0593887 0.123485 0.996043 0.00010145 0.0888685 0.998888 0.0109534 0.0458639 0.998814 -0.0102455 0.0476 0.00131378 0.666898 -0.745148 0.0028609 0.692433 -0.721477 -0.000275541 0.00038138 -1 -0.000193221 0.00026374 -1 -0.636816 0.724305 -0.264285 -0.961018 0.0939324 -0.260042 -0.992604 0.069841 -0.0992921 -0.959323 0.246538 -0.137543 -0.9739 0.00790827 -0.226838 -0.989865 9.60206e-07 -0.14201 -0.9898 -0.000600909 -0.14246 -0.915576 0.00911152 -0.402041 -0.899955 -0.250487 -0.356843 -0.00589505 -0.679269 -0.733866 -0.00102313 -0.999998 -0.00197178 -0.329501 -0.941443 -0.0715126 0.000142989 -1 -0.000436996 -0.798352 -0.593804 -0.100155 0.000112294 -1 0.000339768 0.955376 0.00203351 0.295386 0.339156 -0.288844 0.895289 -0.67337 -0.71982 0.168616 -0.508675 -0.860853 0.0134484 -0.257874 -0.966144 0.00821768 -0.703421 -0.710722 0.00848797 -0.259092 -0.965815 0.00851901 1.51569e-07 -3.49577e-07 1 -1.75139e-07 -2.62077e-07 1 0.259224 -0.965771 0.00939939 0.707081 -0.707081 0.00848852 0.706508 -0.707653 0.0085655 0.282996 -0.95905 0.0116606 -0.259079 -0.965819 0.00843149 0.510501 -0.815988 0.271206 0.927524 0.0995373 0.360265 -0.360896 -0.92524 0.116985 -0.0566112 -0.939644 0.337438 0.353455 -0.751481 0.557087 -0.259924 -0.626096 0.735148 0.8952 -0.0558485 0.442151 0.871141 0.0736518 0.485478 0.701688 0.593829 0.393701 0.901377 -0.0628953 0.428444 -6.64621e-07 -2.62077e-07 1 1.22833e-06 2.45233e-07 1 0.965714 -0.259473 0.00841864 6.76105e-07 -7.3644e-08 1 0.707049 0.707114 0.00847658 0.27138 0.962425 0.00954446 0.259042 0.965805 0.0109122 -0.260304 0.965492 0.00824519 0.0441024 0.91782 0.394539 -0.724108 0.689547 0.0138555 -0.258882 0.965876 0.00797417 0.149091 0.675001 0.722596 -0.976726 0.212642 0.0280889 -0.965827 -0.259059 0.00818936 -0.992544 -0.105589 0.0608907 -0.965829 0.258867 0.0127434 -0.927377 -0.373937 0.0119707 -9.04551e-08 2.42443e-08 1 -6.62013e-08 -1.77568e-08 1 4.21364e-07 -5.0533e-07 1 -0.707069 -0.707077 0.0098016 -0.707088 0.707096 0.00649701 -1.14696e-07 1.14697e-07 1 -0.701965 0.648815 0.29374 0.950343 -0.0438081 0.308106 -0.164975 0.939363 0.300634 0.034832 0.993311 0.110087 0.955452 0.00227177 0.295136 -1.14696e-07 4.27927e-07 1 0.573395 -0.794734 0.199039 0.87807 -0.447172 0.170386 0.40556 -0.913197 0.0399144 0.267231 -0.383842 -0.883885 0.503008 -0.00661547 -0.864257 0.523917 -0.0109549 -0.851699 0.73326 0.0188218 -0.679688 0.91369 -0.397347 0.0853571 0.00570366 -0.435869 -0.899992 0.591452 -0.803425 0.0684988 -0.948703 -0.0912785 -0.302707 -0.977329 -0.0398805 -0.207935 -0.912264 -0.236977 -0.334092 -0.907269 0.0560031 -0.416805 -0.732596 -0.597503 -0.326028 -0.191587 -0.968635 -0.158243 0.000259701 -1 0.000108958 -0.604321 -0.74758 -0.275537 -0.307529 -0.947511 -0.0874622 -0.994442 -0.0473186 -0.0940575 -0.958898 -0.248791 -0.136448 -0.76114 -0.641963 -0.0924627 -0.911203 -0.252266 -0.325684 -0.647745 -0.0123663 -0.761757 -0.938857 0.000160723 -0.344308 -0.763491 0.590699 -0.261068 -0.638366 0.73545 -0.227158 0.000141149 1 7.17781e-05 9.62243e-05 1 0.00010806 0.531693 0.834062 0.147116 0.542849 0.826107 0.151202 0.000158969 1 -0.00070864 -0.00153613 0.999991 -0.00392952 -0.414995 0.908833 -0.0424409 -0.538649 0.839909 -0.0664083 0.806586 0.582078 0.102977 -0.310462 0.948174 -0.0676694 0.672475 0.449233 0.58819 0.347517 0.804577 0.481548 0.435262 0.704208 0.560926 0.382912 0.742851 0.549136 0.417272 0.531821 0.736919 0.260355 0.776683 0.573567 0.257354 0.687065 0.679493 0.224314 0.828968 0.512342 0.270512 -0.00610014 0.962697 0.234962 0.0150864 0.971887 0.182771 -0.00467101 0.983144 0.102959 -0.66135 0.742977 0.0791281 -0.580444 0.810446 0.0563653 -0.656643 0.752092 -0.00486989 -0.959838 0.280512 -0.0535109 -0.749293 0.660073 -0.0344707 -0.00317874 0.999401 -0.0594522 0.00580306 0.998214 -0.111315 -0.543849 0.831768 -0.144528 -0.665295 0.732458 -0.207062 0.0290181 0.977897 -0.250642 0.012572 0.967998 -0.140748 -0.0249214 0.989732 -0.212716 0.497938 0.84072 -0.128744 -0.00622121 0.991658 -0.254645 -0.402516 0.879282 -0.195873 -0.696375 0.690431 -0.133331 -0.833094 0.536822 0.209678 0.64857 0.731705 0.113003 0.852274 0.510745 0.347896 -0.0199477 0.937321 0.492069 0.00206514 0.870554 0.513015 -0.00795255 0.858343 0.644681 -0.00510219 0.764434 0.623326 0.00394348 0.781952 0.436091 -0.579871 0.688168 0.133867 -0.958188 0.252894 0.290064 -0.668467 0.684846 -0.461617 -0.539349 -0.704281 -0.375728 -0.774046 -0.509589 -0.325679 -0.694852 -0.641182 -0.311673 -0.604761 -0.732887 -0.308112 -0.623645 -0.718424 -0.199977 -0.806378 -0.556565 -0.164197 -0.596953 -0.785294 -0.169505 -0.45709 -0.873119 -0.116957 -0.666574 -0.736207 -0.0283385 -0.754627 -0.655541 -0.0667002 0.00108254 -0.997772 0.0140531 -0.509933 -0.860099 0.0320131 -0.70148 -0.71197 0.0598622 -0.150079 -0.98686 0.0354628 -0.000825097 -0.999371 0.0336961 0.00038267 -0.999432 0.139688 -0.000127352 -0.990195 0.242998 0.000648704 -0.970027 0.138176 0.000543915 -0.990407 0.236978 -0.00313844 -0.97151 0.348255 -0.00137323 -0.937399 0.302427 -0.413938 -0.8586 0.282639 -0.564586 -0.775473 -0.000325768 -1 1.62319e-05 0.00102971 -0.999999 -0.000888036 0.302913 -0.74213 -0.597901 0.348466 -0.742877 -0.571581 0.471715 -0.491358 -0.732156 0.15724 -0.81447 -0.558492 0.113098 -0.593463 -0.796876 0.113265 -0.7561 -0.64458 0.202269 0.538568 -0.817944 0.344019 0.000746557 -0.938962 0.266623 0.141626 -0.953339 0.0666896 0.980347 -0.185665 0.289862 0.742299 -0.60413 0.241969 0.718762 -0.651791 0.483406 0.23035 -0.844546 0.217634 0.903818 -0.36844 -0.000137606 1 0.00012629 0.131609 -0.0215798 -0.991067 0.090521 0.841099 -0.533252 0.129206 0.103802 -0.98617 0.00578349 0.622104 -0.782914 0.0145118 0.529487 -0.848194 -0.273789 0.000151667 -0.96179 -0.173071 0.00257982 -0.984906 -0.151943 0.583758 -0.797584 -0.152355 0.548133 -0.822398 -0.188621 0.70694 -0.681659 -0.304512 0.569543 -0.763474 -0.251506 0.704749 -0.66338 -0.0312224 0.662158 -0.748713 -0.0799577 0.00461016 -0.996788 -0.175409 0.000732293 -0.984495 -0.0672937 -0.000772661 -0.997733 0.00700502 0.168689 -0.985644 0.194816 0.423162 -0.884862 -0.132516 -0.232909 -0.963428 -0.213033 -0.020004 -0.97684 -0.585349 -0.548916 -0.596705 -0.633012 -0.437464 -0.638687 -0.199734 -0.967322 -0.156189 -0.153637 0.979961 -0.126779 -0.566879 0.754549 -0.330611 0.0818096 0.562069 0.823034 -0.279114 0.569552 0.773115 -0.332773 0.00336546 0.943001 -0.220301 0.851555 0.475732 -0.25419 0.77364 0.580403 -6.31046e-05 1 4.69862e-05 -0.243257 0.825285 0.509638 -0.550894 0.00596183 0.834554 -0.532646 -0.00287734 0.846333 -0.365079 -0.75088 0.550361 -0.41424 -0.628041 0.658764 -0.193867 -0.943441 0.268952 -0.638542 -0.00336948 0.76958 -0.592173 -0.00399863 0.805801 -0.621336 0.00341944 0.783537 -0.438288 0.71429 0.545612 -0.365174 0.798823 0.478047 -0.450529 0.603585 0.657807 4.18518e-05 1 7.13038e-05 -8.12099e-05 1 -9.11466e-05 -0.158462 0.978424 0.132574 0.000114084 1 -4.72348e-05 -0.621869 0.44328 0.645586 -0.682069 0.00663342 0.731258 -0.704905 -0.00385853 0.709291 -0.55787 -0.568701 0.60445 -0.583834 -0.506823 0.634246 -8.60739e-05 -1 -0.000130042 1.68374e-05 -1 -9.40119e-05 -0.479787 -0.74227 0.467804 -0.273686 -0.932104 0.237228 -0.569571 -0.706108 0.420714 -0.785378 -0.00611571 0.618986 -0.765562 0.00334739 0.643353 -0.731408 0.00168691 0.681938 -0.742275 -0.00142121 0.670094 -0.663507 0.535649 0.52234 -0.8132 -0.0295695 0.581233 -0.838208 0.0200747 0.544981 -0.825521 0.0147837 0.564178 -0.965389 -0.26067 0.00871446 -0.965757 -0.259305 0.00859534 -0.703802 -0.710347 0.00833741 -0.802346 -0.0292086 0.596144 -0.840343 -0.0303517 0.541204 -0.535431 -0.776802 0.3315 -0.622583 -0.669004 0.405986 0.000150217 -1 0.000264883 0.189353 -0.971262 -0.144206 -1.60668e-05 -1 0.000114122 -4.61294e-05 -1 2.21462e-05 -5.34473e-05 -1 1.69313e-05 -0.0811048 -0.996269 0.0295082 -0.923568 0.0479172 0.38043 -0.887364 -0.159249 0.432696 -0.883801 -0.0232717 0.467283 -0.866687 0.00471569 0.49883 -0.697777 0.716253 0.00943452 -0.698084 0.715954 0.00935202 -0.256473 0.965851 0.0367883 -0.262605 0.964884 0.00621661 -0.140715 0.982732 0.120153 0.265626 0.964032 0.00923479 -0.0292445 0.989794 0.13947 -0.462477 0.784 0.414075 0.194039 0.980983 -0.00469816 0.69651 0.717381 0.0154637 0.648006 0.761624 -0.00404771 0.951221 0.307989 0.0179321 0.955837 0.292924 0.0238733 0.933665 -0.358121 -0.00434166 0.968314 -0.244011 0.0531678 0.738981 -0.673689 -0.00704359 0.401488 -0.915303 0.0320677 0.00282185 0.00052864 0.999996 0.001227 -0.0058898 0.999982 0.000932489 -0.00186073 0.999998 -0.0001007 0.00604712 0.999982 -0.0167365 0.009167 0.999818 0.00237422 0.00147382 0.999996 0.00151748 0.00252272 0.999996 -0.809556 0.0716165 0.582658 -0.980799 0.194884 -0.00736614 -0.990804 -0.133438 -0.0224194 -0.688111 0.72547 0.0139901 -0.743911 0.668278 0.00120787 -0.253675 0.967277 0.00500079 -0.0170417 0.458283 0.888643 -0.929426 -0.368908 0.00858624 -0.690556 -0.430794 0.580989 -0.703206 -0.710937 0.00831051 -0.769127 -0.639057 -0.00709998 -0.326684 -0.944998 0.016002 -0.271859 -0.962313 0.00684756 -0.702722 -0.711412 0.00862831 -0.219603 -0.974968 0.0348126 -0.0449323 -0.998353 -0.0356699 -0.898039 0.0202828 0.439449 0.494768 -0.866944 0.0601162 -0.472381 -0.826105 0.307258 -0.523395 0.841203 0.135776 -0.751607 0.635821 0.175551 -0.973514 -0.00410168 0.228591 -0.969831 0.000527936 0.243776 -0.966659 0.00760933 0.255953 -0.966487 0.00859341 0.256571 -0.958971 0.00479044 0.283464 0.853403 0.50987 0.108333 0.256528 0.727979 0.635798 -0.367566 -0.535638 0.760255 0.562989 -0.699113 0.440777 -0.124063 -0.924025 0.361643 0.274406 -0.961585 0.00753234 -0.94632 -0.0614419 0.317339 -0.857036 -0.429507 0.284627 -0.589233 -0.791452 0.162506 -0.680353 -0.713565 0.167166 -8.96813e-05 -1 -0.000359025 -0.825052 -0.563306 0.0444474 -0.817293 -0.415669 -0.399063 -0.825931 -0.380909 -0.415628 -0.623451 0.0047847 -0.781848 -0.446249 -0.00481999 -0.894896 0.00131946 -0.00169093 -0.999998 0.430586 0.00765035 -0.902517 0.866491 0.486689 -0.111023 0.532568 0.412242 -0.739207 0.695161 -0.00755981 -0.718814 0.976359 -0.1726 -0.130125 0.979142 -0.16089 -0.12408 0.991137 0.0010989 -0.132838 0.846372 -0.123764 -0.518012 -0.00252749 -0.266596 -0.963805 0.00137704 -0.59956 -0.800328 -0.00431331 -0.758219 -0.651985 0.00188999 -0.999986 -0.00503312 0.864547 -0.499355 -0.056588 0.466129 -0.880159 -0.0896858 0.987079 -0.0276934 -0.157822 0.953216 -0.0659928 -0.295 0.386616 -0.905386 -0.175514 0.458887 -0.861282 -0.218211 0.397413 -0.909755 -0.120039 0.647471 -0.745178 -0.159657 -1.37901e-05 -1 -0.000123533 -0.441864 0.0790162 -0.893596 -0.997189 0.00647864 0.0746445 -0.70492 0.707253 0.0536667 -0.766547 0.64024 0.0499782 -0.535748 0.607759 -0.586177 -0.00355591 0.756004 -0.654557 -0.135257 0.990601 0.0203583 -0.855056 0.494933 0.154662 -0.996345 -0.00666828 0.0851592 -0.991772 0.0463442 0.119333 -0.926302 -0.353158 0.131315 -0.984212 0.003759 0.176953 -0.982743 -0.000160166 0.184974 -0.982081 -0.036751 0.184841 -0.625937 -0.776236 0.0752338 -0.60737 -0.790944 0.0742195 -0.998307 -0.000325666 0.05817 -0.965541 0.000678716 -0.260249 -0.985212 -0.00772449 -0.171168 -0.932121 -0.2933 0.212428 -0.557675 0.807534 0.192058 -0.693225 0.671482 0.261822 -0.668385 0.668274 0.326605 -0.705116 0.616527 0.350295 -0.896543 -0.00416543 0.442937 -0.873831 -0.035057 0.484964 -0.695651 0.574868 0.430809 4.48908e-05 1 -9.16246e-05 0.000116346 1 3.33682e-05 0.631882 0.628527 -0.453518 0.500716 0.740181 -0.448793 0.526423 0.633705 -0.566831 0.619588 0.457864 -0.637551 0.8068 0.00308071 -0.590816 0.857752 0.101935 -0.503857 0.870277 -0.00195186 -0.492559 0.870121 -0.00165348 -0.492835 0.508651 0.816542 -0.273007 0.679565 0.56112 -0.472585 4.96275e-05 1 8.65393e-05 0.811577 0.460899 -0.359046 0.816076 -0.00252244 -0.57794 0.753165 0.00150613 -0.65783 -0.938783 -0.0116774 0.344312 -0.935622 0.0309623 0.351643 0.0338137 0.992392 0.118388 -0.965566 0.26001 0.00881685 -0.689853 -0.642832 0.332972 -0.638533 -0.703474 0.31209 0.846775 -0.133454 -0.514939 -0.966687 0.255822 0.00844604 -0.82579 0.00819333 0.563919 -0.268221 0.94078 0.20734 -0.491186 0.696924 0.522525 -0.468313 0.00108883 0.883562 -0.471382 -0.000835235 0.881929 -0.31144 -0.00129108 0.950265 0.755479 -0.000672091 -0.655173 -6.67937e-05 1 -6.57019e-05 0.150911 0.0771885 -0.985529 -0.00904971 0.0696345 -0.997532 0.00131394 0.00129688 -0.999998 -0.0117352 0.029027 -0.99951 -0.0077564 0.0961761 -0.995334 -0.187976 0 -0.982174 -0.3769 0.104482 -0.920342 -0.376839 0.0519419 -0.924821 -0.387307 0.0218162 -0.921693 -0.425664 -0.000730615 -0.904881 -0.53849 0 -0.842632 -0.661921 0.108376 -0.741698 -0.707981 0.00264916 -0.706226 -0.701448 0.0266427 -0.712222 -0.78353 0.113211 -0.610953 -0.885942 0 -0.463796 -0.944043 0.148449 -0.294526 -0.953824 0.0323219 -0.298622 -0.86329 0.483715 0.144051 -0.989125 0.0825141 -0.121752 -0.994369 -0.00397826 0.105899 -0.970931 0.0470141 0.234699 -0.913883 0.0276913 0.405031 -0.924959 0.0373727 0.378225 -0.9247 0.0346588 0.379116 -0.828071 -0.0100123 0.560534 -0.752536 0 0.658551 -0.576199 0 0.81731 -0.581259 -0.0329018 0.813053 -0.71524 0.0158275 0.698699 -0.708027 0.0394663 0.705081 -0.713665 0.0869106 0.695075 -0.711298 0.0708395 0.699312 -0.826987 0 0.562221 -0.917941 0.122096 0.377462 -0.91278 0.0896911 0.398483 -0.940173 -0.00617477 0.340642 -0.966404 0.146235 0.211374 -0.966257 0.0644566 0.249384 -0.999137 0.0330824 0.0251308 -0.992364 0.109411 0.0569431 -0.999895 0.000107269 -0.0144768 -0.99977 0.00270122 0.0212964 -0.978539 -0.11659 -0.169905 -0.953918 0.0921808 -0.285559 -0.935143 0 -0.35427 -0.885942 0 -0.463796 -0.800368 0 -0.599509 -0.742246 0.0128178 -0.670005 -0.744631 0.00328312 -0.667468 -0.72904 -0.000503292 -0.684471 -0.69919 0.00123509 -0.714935 -0.632677 0 -0.774416 -0.519983 0.0820209 -0.85023 -0.365951 0.0894406 -0.926326 -0.360402 0.0341755 -0.932171 -0.188353 -0.00191885 -0.982099 -0.00724166 0.0770506 -0.997001 -0.070124 0 -0.997538 0.0948447 -0.0297667 -0.995047 0.206374 -0.0409996 -0.977614 0.401844 0.412589 -0.817491 0.0025943 0.999992 -0.00296537 0.687134 0.471795 -0.552501 0.602703 0.760127 0.242808 0.969279 0.213624 -0.121914 0.409422 0.0588737 -0.910443 -0.0202842 0.936152 -0.351011 0.0246686 0.998793 -0.0424838 0.0125226 0.999497 -0.0291395 0.528116 0.258122 -0.808991 0.618591 0.247711 -0.745644 0.50238 0.707438 0.497137 0.702623 0.259641 0.662501 0.7511 0.108308 0.651244 0.448526 0.794917 0.408572 0.172246 0.965511 0.195244 0.0236065 0.999556 -0.0181919 0.615669 0.257792 -0.744644 0.431216 0.724571 -0.537634 0.396937 0.761589 -0.512273 -0.529034 0.292287 -0.796675 -0.249589 0.0700124 -0.965817 0.175182 0.866182 -0.468018 0.251556 0.7167 -0.650431 0.86568 0.137613 -0.481312 0.914871 0.0565356 0.399769 0.00290264 0.999967 0.00757482 -0.922463 0.0306998 -0.384862 -0.923845 0 -0.382766 -0.928383 0.0139572 -0.371362 -0.915118 -0.00889331 -0.403088 -0.230403 0.971328 -0.0586162 0.6046 0.768807 0.208315 0.912843 0.0303983 0.407178 0.917535 0.0436913 0.395248 0.923832 0 0.382799 0.00025788 0.999999 -0.00127981 0.297401 0.697371 -0.652094 -0.00125146 0.999993 -0.00344242 0.420227 0.545799 -0.724923 0.362565 0.757205 -0.543311 -0.63826 0.442806 -0.62972 0.00248979 0.999684 -0.0250244 0.00984598 0.999869 -0.0128418 0.190591 0.899916 -0.392208 -0.111982 0.932904 -0.342273 -0.533038 0.689678 -0.490116 -0.626188 0.235128 -0.743373 -0.579911 0.310751 -0.753085 0.216966 0.707436 -0.672651 0.0982641 0.428924 -0.89798 0.198798 -0.141632 -0.969752 0.389516 0.0887929 -0.916729 0.354158 0.479124 -0.803126 0.368392 0.0520278 -0.928214 0.637654 0.438887 -0.633068 0.969414 0.209156 -0.128418 0.702993 0.654684 0.27783 0.635261 0.723892 0.269116 0.288205 0.956826 -0.0377143 0.00344167 0.999937 -0.0106969 0.211566 0.970694 -0.11399 0.0156641 0.999877 -0.00102576 0.394575 0.0218011 -0.918605 0.869071 -0.348144 -0.351441 0.96836 0.243542 0.0544697 0.816962 0.509122 -0.270865 0.192122 0.572111 -0.797357 0.189381 0.559108 -0.807176 0.0010588 0.999839 -0.0178892 0.0181934 0.999816 0.00600536 0.000291684 1 -1.00701e-05 0.378407 0.0133144 0.925544 0.382872 -0.00325997 0.923796 0.386804 0.00167359 0.92216 -0.606597 0.754375 0.250915 -0.191871 0.973975 0.120658 -0.608335 0.251004 0.752944 -0.711173 0.703017 0.000263307 -0.208653 0.977859 0.0160142 -0.262301 0.96495 0.00838651 -0.718358 0.35947 -0.595603 -0.409448 0.692726 -0.593703 -0.679533 0.733637 -0.00331621 -0.968336 0.249648 -0.000542676 -0.967956 0.251119 -0.000424283 -0.626143 0.224573 0.746667 -0.0963173 0.0956847 0.990741 -0.251104 0.360907 0.898161 -0.604334 0.76506 0.222405 -0.0453281 0.972359 0.229048 -0.518301 0.256059 0.815964 -0.58563 0.733454 0.345083 -0.112436 0.581682 0.805608 -0.904176 -0.00825843 0.427081 -0.694558 0.445361 0.565015 -0.921089 0.0908054 0.378614 -0.561494 0.82265 0.0892884 -0.575528 0.800609 -0.166711 -0.0316344 0.999207 0.0241685 -0.535762 0.72632 0.430602 -0.760293 0.163911 0.62856 0.648198 0.577105 0.496779 0.600712 0.151094 0.785058 -0.33333 0.541282 0.771949 -0.845339 0.191245 0.498825 0.0903392 -0.94384 0.317811 -0.572296 0.749072 -0.33372 -0.60704 0.102494 -0.788034 -0.331437 0.12338 -0.935375 -0.38052 0.00217054 -0.92477 -0.38502 0.00829287 -0.922871 -0.382285 0 -0.924044 -0.757161 -0.202401 -0.621081 -0.637597 0.681857 -0.358526 -0.36165 0.748416 0.555952 -0.753643 0.259013 0.604098 -0.824215 0.258777 0.503691 -0.518007 0.753064 0.405664 -0.545283 0.749833 0.374723 0.227152 0.92311 0.310275 0.0406837 0.998614 0.0333911 -0.24937 0.851189 0.461835 -0.167683 0.985841 0.000511083 0.20783 -0.95778 -0.198656 -0.616543 -0.155064 0.7719 0 1 0 -0.088343 0.943941 -0.318073 -0.317086 0.933175 0.169234 0.00908647 0.999917 -0.00917367 -0.0361101 0.998683 0.0364566 -0.961853 0.222384 -0.159327 -0.916145 0.396941 0.0558324 -0.932945 0.0511661 0.356366 -0.9125 0.0389453 0.40722 -0.61082 0.750147 0.253337 -0.120624 0.0768455 0.989719 0.408197 0.0812901 0.909267 0.274471 0.730279 0.625586 -0.137104 0.561211 0.816238 0.137102 0.918538 0.370798 -0.259347 0.718305 -0.645583 5.40063e-05 1 -7.26481e-05 -0.191946 0.89033 -0.412879 -0.638839 0.591027 -0.492516 -0.614153 0.747545 0.252968 -0.923682 0.0212701 0.382568 -0.0848443 0.934061 -0.346889 -0.193301 0.376044 -0.906215 -0.0910558 0.267575 -0.959225 -0.325985 0.0166672 -0.945228 0.23555 0.241841 -0.941291 -0.00775042 0.9998 -0.0184255 0.919941 0.0579759 -0.387746 0.93239 0.0272015 -0.360429 0.923841 0 -0.382777 0.92395 0.104356 -0.368002 0.862731 -0.00937913 -0.505576 -0.152232 0.603671 -0.782564 -0.588208 0.345519 -0.731182 -0.432068 0.726021 -0.534986 -0.97193 -0.0926731 -0.216249 -0.523926 0.60813 0.596389 -0.707574 0.332034 0.623773 -0.456158 0.793288 0.403254 -0.407216 0.752802 -0.517169 -0.616584 0.258755 -0.743553 -0.52901 0.259196 -0.808063 -0.400433 0.582812 -0.707095 -0.361515 0.747847 -0.556805 0.275055 0.751141 -0.60011 -0.0267315 0.999104 -0.0328073 -0.0230616 0.999173 -0.0335013 -0.0154758 0.999879 -0.00178994 0.281653 0.797648 -0.533319 -0.0684623 0.884188 -0.462087 -0.0214711 0.412925 -0.910512 0.00188281 0.999995 -0.00249299 0.0102238 0.999824 -0.0157237 -0.00840522 0.999955 -0.00434449 -0.767687 0.538007 0.348145 -0.926481 -0.00736295 0.376271 -0.88718 0.149508 0.436531 -0.924048 0 0.382277 -0.926396 -0.00772429 0.376471 -0.472905 0.8642 0.171813 -0.98435 -0.0340704 0.172898 -0.983264 0.1018 -0.151094 -0.512185 -0.0236698 -0.858549 -0.360899 0.0769541 -0.929425 -0.383264 0.0726083 -0.92078 -0.370196 0.092074 -0.924379 -0.595888 0.279672 -0.752795 -0.793246 0.198626 -0.575593 -0.711971 0.702021 -0.0162642 -0.338571 0.689619 -0.640152 -0.354552 0.745563 -0.564295 0.0450095 0.998837 0.0172696 0.804039 0.592941 0.0440632 0.981736 0.143942 -0.124402 0.594371 0.802818 -0.0469732 -0.244809 0.195245 -0.949709 -0.104648 0.372981 -0.921918 -0.0499994 0.746584 -0.663409 -0.0634835 0.951148 -0.302138 -0.0022587 0.999997 -0.000809214 -0.00237816 0.999716 -0.0236994 -0.713501 0.666525 -0.216009 -0.639795 0.767373 0.0424462 -0.804587 0.590485 -0.0629853 -0.0232919 -0.999728 0.000817953 0.00650846 -0.988491 -0.151142 0.50246 -0.0543928 -0.862888 0.748091 -0.522401 -0.409215 0.542468 -0.039538 -0.839145 0.354004 -0.0630733 -0.933115 0.373801 0.0597352 -0.925583 0.42585 -0.0791508 -0.901325 0.308947 -0.0280769 -0.950665 0.485221 0.00207161 -0.874389 6.74967e-05 -1 -0.000367252 0.000811055 -0.99997 -0.0077154 -0.254873 -0.655234 -0.711131 -0.885619 -0.0457418 -0.462154 -0.296102 0.0255792 -0.954814 -0.846832 -0.109485 -0.52047 -0.5641 0.0392509 -0.824773 -0.286088 -0.109603 -0.951914 0.0601661 -0.997928 -0.0228132 0.0027362 -0.999967 -0.00771062 0.00064544 -1 -0.000469811 -2.70211e-07 -1 -8.64894e-06 0 -1 0 -0.000127831 -1 -0.000509326 -0.00088497 -0.999998 -0.00192334 -5.08443e-07 -1 -1.56573e-06 -5.38979e-06 -1 -5.21392e-06 -0.000262121 -1 -0.000172971 -2.09143e-05 -1 -8.79079e-06 -2.84459e-06 -1 -5.12254e-06 -0.000399057 -1 0.000196101 -0.0261839 -0.998444 0.0492283 -1.2785e-06 -1 7.4774e-07 -1.61644e-06 -1 1.34608e-06 -0.279989 -0.948779 0.14637 -0.516985 -0.797782 0.310275 -0.955617 0.024461 0.293595 -0.858108 0.0467108 0.51134 -0.69401 -0.479923 0.536678 -0.485061 0.00648574 0.874456 -0.568889 0.11607 0.814183 -0.38484 -0.000724781 0.922983 0.0832398 -0.349926 0.933072 -0.43669 0.0270412 0.899205 -0.00244843 -0.999996 0.00127027 1.99569e-07 -1 3.06961e-06 -8.95588e-05 -1 3.1184e-05 0.000329604 -1 0.000345117 0.562252 -0.82447 0.0642074 -0.879139 -0.0247163 0.475923 -0.452143 -0.0363993 0.891203 0.963258 -0.0504013 -0.263807 0.0863512 -0.946816 -0.309972 0.0557154 -0.997908 0.0327786 0.0884981 -0.995168 0.0425308 -0.251469 0.944682 0.210571 0.42528 -0.0481143 0.903782 0.348214 -0.0442862 0.936368 0.706044 0.020915 0.707859 0.106374 -0.0382981 0.993588 -0.00954055 -0.0645254 0.99787 0.0451552 -0.800566 0.597541 0.0369831 0.110345 0.993205 0.177964 0.0730261 0.981324 0.176327 0.0652953 0.982164 0.0749958 -0.707399 0.702825 0.10271 -0.730674 0.674956 0.0905069 -0.894662 0.437479 0.404531 -0.906059 -0.124145 0.656699 -0.00453172 0.75414 0.289052 -0.078863 0.954059 0.277027 -0.0346161 0.960238 0.449954 -0.0207725 0.89281 0.391552 0.0587483 0.918279 0.558558 0.0421585 0.828393 0.716186 -0.482861 0.503908 0.652539 -0.639311 0.406785 0.93074 -0.000136333 0.36568 0.951195 -0.0210279 0.307873 0.92516 0.0104173 0.379435 0.963454 0.0367766 0.265336 -0.00708724 -0.999964 0.00473043 0.99575 -0.00457707 0.091979 0.642713 -0.134752 0.754163 0.42926 -0.636013 0.641268 0.0586807 -0.997052 0.0494433 -0.048309 -0.998392 0.0296677 0.000637705 -0.999999 0.00104176 0.000165962 -1 0.000185964 -0.000304514 -1 0.000374745 -0.368723 -0.902865 0.221084 -0.30207 -0.822863 0.481301 -5.22997e-05 -0.999996 0.00281275 0.360162 -0.654596 0.664671 0.314781 -0.784329 0.534548 0.413669 -0.754979 0.508807 9.65833e-05 -1 0.000165755 0.22457 -0.939393 0.259056 0.000145116 -1 0.000113153 0.0200153 -0.999745 0.0104781 0.26595 -0.943253 0.19886 0.486375 -0.0182785 -0.873559 0.317208 -0.762255 -0.564222 -0.00905055 -0.983259 0.181989 0.323636 -0.94617 -0.00476857 0.501472 -0.82388 0.264097 -0.259709 -0.101441 0.960344 0.569632 -0.0936147 0.816551 0.194937 0.00527815 0.980802 -0.0110103 -0.990867 0.134391 0.868756 -0.0453652 -0.493158 0.00269547 -0.999996 0.000808943 -0.000632646 -0.999995 0.00295077 0.214397 -0.937903 -0.272713 0.971945 0.0431131 -0.231223 0.489073 -0.0151974 -0.87211 0.246597 -0.735842 -0.630655 0.0313051 -0.99947 -0.00891735 0.211629 -0.925467 -0.314204 0.00133706 -0.999999 0.000116599 0.0019948 -0.999998 0.000401924 -0.00770411 -0.999755 -0.0207597 0.798926 -0.564396 -0.207786 0.851138 -0.0689546 -0.520393 0.954027 -0.0752515 0.290119 0.805355 0.0162451 0.59257 0.0598535 -0.998109 -0.0139769 -0.330277 -0.0297439 0.943415 0.640377 -0.0439732 0.766801 0.340966 0.00997648 0.940023 -0.343259 -0.642614 0.684996 0.136316 0.163652 0.977055 0.0231738 -0.998419 0.0512185 0.011089 -0.999933 0.00345909 0.0246964 -0.999384 0.0249359 -0.00164483 -0.999996 0.00240418 -4.27389e-07 -1 -5.26075e-08 0.948096 -0.0903572 -0.304875 0.0114996 -0.999801 -0.016316 -0.0010462 -0.999999 -2.47284e-07 0.000937708 -1 -0.000227179 0.0337435 -0.999394 -0.00851273 -0.330303 -0.0106383 -0.943815 0.51617 -0.847351 -0.124758 0.00215177 -0.999994 0.00255644 0.339506 -0.920562 -0.193134 0.837096 -0.0279411 0.546342 -0.0608832 -0.988997 -0.134828 0.129704 -0.991545 0.00397366 0.00482416 -0.999976 0.00491737 0.000545226 -0.999994 0.00346192 -0.0889068 -0.904772 -0.416513 0.294783 -0.0183326 -0.955388 0.315741 -0.00694687 -0.94882 0.821981 -0.0501741 -0.5673 0.858783 -0.00349625 -0.512327 0.870886 0.0645319 0.48723 0.539242 -0.834699 0.111786 0.359999 -0.577249 0.732929 0.387362 -0.919513 -0.0666885 0.147932 -0.961311 0.232374 0.0176481 -0.999833 -0.00477751 0.0131145 -0.998228 0.0580338 -6.11737e-05 -1 -0.000315623 0.000292529 -1 -0.000198873 0.000325664 -1 -5.02114e-05 0.744041 -0.0488745 -0.666344 0.550554 -0.671185 -0.496388 0.463794 -0.793608 -0.393803 0.777619 0.11555 -0.618026 0.809404 -0.0241916 -0.586754 0.673148 -0.558947 -0.4842 0.855395 0.0920724 -0.509727 0.734278 0.000546548 -0.678849 0.925609 0.0102544 -0.378342 0.466389 -0.00210952 -0.884577 0.411874 -0.0125428 -0.911155 0.923609 -0.0147725 -0.38305 0.982841 -0.0155148 -0.183799 0.8207 0.0193266 -0.571032 0.540475 -0.774573 -0.328515 0.907118 -0.0241242 -0.420185 0.875157 -0.0410048 -0.482098 0.988324 -0.00735825 -0.152188 0.32975 -0.617643 0.71399 0.454001 -0.00723154 0.890972 0.389232 -0.0621053 0.919044 0.898529 -0.0381897 0.43725 0.957325 -0.0006841 0.289014 -0.318488 -0.023469 -0.947636 -0.229545 -0.721601 -0.653147 -0.258072 -0.676784 -0.689465 0.377659 -0.606576 -0.699599 0.0216453 -0.99972 -0.00959313 -0.0145272 -0.999036 -0.041437 0.358064 -0.932779 -0.0414016 0.940783 -0.00887673 -0.338892 0.924889 -0.0319174 -0.378895 0.955656 -0.00347025 -0.294466 0.411959 -0.910774 -0.0279265 0.410638 -0.911798 -2.53268e-07 0.258899 -0.965899 -0.00330599 0.000929066 -1 -0.000228617 0.750573 -0.660782 0.0026242 0.999465 -0.0326859 -0.00109827 0.99216 0.0307157 -0.121142 0.996866 -0.0341869 -0.0713405 -6.69557e-07 -1 3.842e-08 0.999954 -0.00963358 -2.93995e-09 0.751486 -0.655213 0.0772312 0.267148 -0.961484 0.06465 0.258357 -0.963859 0.0650239 0.991273 -0.0121654 0.131264 0.991935 -0.0373168 0.121126 0.939264 -0.00951456 0.343065 0.956723 -0.00347441 0.290979 0.925239 0.0116806 0.379204 0.829827 -0.127105 0.543353 0.998423 -0.0287124 0.0482503 0.875499 -0.0293787 0.482326 0.856576 0.0757762 0.510426 0.835073 -0.0146176 0.549945 0.5778 -0.7129 0.397392 0.426984 -0.819582 0.382059 0.68865 0.0588525 0.722702 0.777336 0.118623 0.6178 0.773112 0.0318633 0.633468 0.74118 -0.0623363 0.668405 0.568467 0.0982405 0.816819 0.466817 -0.0591153 0.882376 0.364545 0.00612122 0.931165 0.485209 0.00204622 0.874396 0.333312 -0.00762042 0.942786 -0.293784 0.0113719 0.955804 -0.31303 0.00387547 0.949735 0.0104347 -0.999931 0.00531763 -0.0211521 -0.999756 0.00634434 -0.00362405 -0.999922 0.011973 0.957186 -0.0300245 -0.287912 0.993669 0.0787321 0.0801501 0.98862 -0.0934906 -0.117857 0.681871 0.000509743 0.731473 0.65242 -0.0252588 0.757436 -0.452246 -0.036474 0.891147 -0.880013 -0.0264485 0.474212 -0.623941 -0.743105 0.24185 -0.116191 -0.631797 0.766376 0.129456 -0.024139 0.991291 0.0953076 -0.0388413 0.99469 0.363021 -0.568188 0.738497 0.68826 -0.631538 -0.357013 0.782557 -0.41734 0.461987 0.00831942 -0.999941 -0.00703062 0.00574547 -0.999955 0.00754943 0.00570376 -0.999875 0.0147526 0.00453598 -0.999965 0.00709 0.000226133 -0.999999 0.00118154 0.000227856 -1 -4.01476e-05 -0.0026802 -0.999244 0.0387846 4.89624e-11 -1 5.39703e-09 -5.82486e-07 -1 3.80394e-06 1.10277e-06 -1 1.68005e-06 -2.09006e-05 -1 3.97998e-05 -0.00185429 -0.999997 0.00177379 -0.00394599 -0.999934 0.0107671 -0.00526931 -0.999936 0.00998721 -0.0838151 -0.0352117 0.995859 0.00551666 -0.999976 0.00408295 0.826285 -0.0470843 0.561281 0.805499 0.00271146 0.592591 0.340561 -0.865392 0.367579 0.761761 -0.552348 0.338575 0.259179 -0.957528 0.126359 -0.240671 -0.534597 0.810113 0.248619 0.025749 0.968259 0.674857 -0.0846432 0.733078 -0.0355944 -0.996784 0.0717931 -0.646935 -0.628862 0.431286 -0.76791 0.0564603 0.638064 -0.541634 -0.816407 -0.200281 -0.309021 -0.941236 0.136309 -0.997493 -0.0701127 0.00954124 -0.394643 -0.327727 0.858401 -0.952745 0.0259746 0.30266 -0.606819 -0.753724 -0.252329 -0.660813 -0.174568 0.729967 -0.635235 -0.730776 -0.249886 -0.957975 -0.00224119 -0.286842 -0.970732 0.0393461 -0.23692 0.0422486 -0.997174 0.0621175 -0.0230105 -0.999718 0.00581068 0.0646599 -0.152995 0.986109 0.201769 0.264547 0.943029 0.0123162 -0.96086 0.276761 -5.50623e-08 -1 6.93795e-08 0.00867175 -0.999956 -0.00350914 -0.00416069 -0.999933 0.0107653 -0.00950527 -0.999953 -0.00169191 -0.00987126 -0.999876 0.012309 -0.00187916 -0.999997 0.00152769 -0.00223765 -0.999996 0.00172223 -0.241045 0.0037117 0.970507 -0.192268 -0.599692 0.77679 -0.160489 -0.793827 0.586585 -0.240009 -0.00306336 0.970766 -0.477475 -0.00988617 0.87859 -0.655791 -0.0757654 0.751131 -0.369999 0.0714864 0.926278 -0.483617 -0.0487833 0.873919 -0.40385 -0.0661402 0.912431 -0.421139 0.0129829 0.906903 -0.182002 -0.0300575 0.982839 -0.509024 -0.0713911 0.857786 -0.381947 -0.629928 0.676245 -0.209422 -0.917789 0.33735 -0.560721 0.0491947 0.826542 -0.516095 -0.501472 0.694386 -0.680337 0.115399 0.723757 -0.654646 -0.0219659 0.755616 -0.60527 -0.377435 0.700851 -0.724313 -0.036209 0.68852 -0.366439 -0.864225 0.344727 -0.410281 -0.822292 0.394342 -0.778247 0.108457 0.618522 -0.800051 -0.0203014 0.599589 -0.971886 -0.0219402 0.234428 -0.954305 -0.00310944 0.298819 -0.930313 -0.118654 0.347042 -0.416383 -0.907671 0.0525239 0.00106062 -0.999999 -1.76939e-05 -0.750084 -0.661339 0.00209386 -0.258848 -0.965918 -3.55953e-07 -0.362352 -0.0420644 -0.931092 0.356929 -0.0370929 -0.933395 -0.214476 -0.0693043 -0.974267 -0.983543 0.025598 -0.17885 -0.986959 -0.0883899 0.134533 -0.59164 -0.718091 -0.366481 -0.35686 -0.734288 -0.577471 -0.487536 -0.00807915 -0.873066 0.430078 -0.0875105 -0.89854 -0.138108 -0.80474 -0.577338 -0.129942 -0.00376468 -0.991514 0.407312 -0.0290005 -0.912828 -0.928268 -0.0122648 -0.371709 -0.370651 -0.923973 0.0942924 -0.422539 0.0350946 -0.905665 -0.410701 0.00711232 -0.911742 -0.392596 0.0549566 -0.918068 -0.699831 -0.0399906 -0.713188 -0.962313 -0.0379314 0.269285 -0.965303 -0.052973 0.255703 -0.276595 -0.0421835 -0.96006 -0.343204 -0.0559987 -0.93759 -0.585609 -0.0314123 -0.809985 -0.195267 0.0931892 -0.976313 -0.0372572 0.0711 -0.996773 0.00489599 -0.995211 -0.0976282 -0.00725498 -0.997791 -0.0660385 0.00384927 -0.0554621 -0.998453 -0.122727 -0.0958821 -0.987798 -0.250425 -0.137176 -0.958368 -0.603144 -0.749042 0.274141 -0.673488 -0.666723 -0.31921 -0.942043 0.00979569 -0.335349 -0.747375 -0.59845 -0.288597 -0.599237 -0.0145345 -0.80044 -0.612985 -0.00659216 -0.790067 -0.0952075 -0.0204567 -0.995247 0.389114 -0.0168366 -0.921036 -0.507487 -0.345086 -0.78954 -0.505532 -0.389703 -0.769785 0.341487 -0.480418 -0.807827 0.881937 -0.113295 -0.457549 0.845303 -0.0352094 -0.533126 -0.0203301 -0.99953 -0.0229511 -0.0649508 -0.988526 -0.136372 -0.80566 0.00178147 -0.592375 -0.0352537 -0.998571 0.0401598 -0.00555119 -0.999976 -0.00411211 0.01907 -0.999796 -0.00671157 0.033188 -0.99944 -0.00430993 -0.177395 0.0656551 -0.981947 -0.0953741 -0.00611742 -0.995423 -0.593727 -0.0175436 -0.804475 -0.682141 0.0899446 -0.725667 -0.780755 -0.280362 -0.558407 -0.811095 -0.073712 -0.580252 -0.510253 -0.733895 -0.448375 -0.374839 -0.803157 -0.463071 -0.723211 -0.0619626 -0.687842 -0.693086 0.0298535 -0.720237 -0.776599 0.126253 -0.617214 -0.569116 0.112543 -0.814519 -0.469678 -0.0801062 -0.879196 -0.48602 -0.569353 -0.66304 -0.120966 -0.984602 -0.126195 -0.948194 -0.0103348 -0.317524 -0.925047 0.00858961 -0.379756 -0.955216 0.0190036 -0.295299 -0.988672 -0.0288186 -0.147299 -0.988517 -0.0907513 -0.120825 -0.940166 -0.00818249 -0.340619 -0.950296 -0.00332244 -0.31133 -0.925242 0.0116435 -0.3792 -0.786592 -0.173178 -0.59269 -0.445822 -0.0167961 0.894964 0.0630553 -0.934012 -0.351633 0.261053 -0.676537 -0.688585 -0.588221 -0.792367 -0.16171 -0.0221382 -0.999739 0.0055962 -0.000820091 -1 -0.000318598 -0.0113927 -0.999924 0.00474738 -0.418942 -0.903954 -0.0857605 -0.340032 -0.466369 0.816626 -0.640932 -0.0796513 0.763454 -0.454349 -0.0268995 0.890418 -0.929107 -0.0118836 0.36962 -0.942825 -0.000487848 0.333289 -0.987598 -0.0243346 -0.155109 -0.955364 -0.0211311 -0.294675 -0.880264 -0.0666676 -0.469776 -0.855659 0.0881211 -0.509982 -0.0306789 -0.999492 -0.00857858 -0.1538 -0.957255 0.244965 -0.247637 -0.768913 0.589448 -0.250791 -0.779167 0.574459 -0.836197 -0.442911 0.323426 -0.823968 0.0203064 0.566273 -0.367992 -0.913108 0.175542 -0.868367 -0.0897345 -0.487735 -0.520295 0.0676033 -0.851307 0.257533 0.0556222 -0.964667 -0.306389 -0.0289898 -0.951465 0.190008 -0.838733 -0.510317 0.0261349 -0.956159 -0.29168 -0.194772 -0.929171 -0.314175 -0.223648 -0.864865 -0.449434 2.74745e-05 -1 7.59211e-06 -4.28298e-06 -1 -3.68513e-07 -0.0143858 -0.999679 -0.0208714 -0.446538 -0.894762 -0.00211793 -0.446337 -0.894544 -0.0239537 -0.999568 -0.0293659 -0.000943024 -0.999954 -0.00960532 -2.93144e-09 -0.992136 0.0309902 0.121269 -0.996098 -0.0135132 0.0872097 -0.00163909 -0.999998 0.00058316 0.357836 -0.0311919 0.933264 -0.512352 0.00242671 -0.858772 -0.00665295 -0.999969 -0.00424677 -0.875271 -0.0514799 -0.480885 -0.885151 -0.0390602 -0.463661 -0.917923 -0.361549 0.163403 -0.425346 -0.842002 0.331834 -0.414325 -0.115678 0.902748 -0.745474 0.0839097 0.661231 -0.968323 -0.0791726 0.236819 -0.980877 -0.055033 0.186686 -0.0962734 -0.992802 0.0712378 -0.0141402 -0.999898 -0.00176641 -0.0131726 -0.999912 -0.0016445 -0.473081 -0.0408913 -0.880069 0.104047 -0.984567 0.140722 -0.0301752 0.0404145 0.998727 0.308272 -0.0641791 0.949131 0.0972882 -0.870375 0.482683 0.153447 -0.85809 0.490037 -0.456053 -0.416053 0.786712 -0.131287 -0.991342 0.00234852 0.062174 -0.966629 0.248521 -0.751263 -0.659827 0.0152294 -0.924772 -0.159084 0.345671 -0.90388 -0.0275598 0.426897 -0.745792 0.0254808 0.665691 -0.948708 -0.252223 0.190625 -0.924429 0.00861525 0.381257 -0.885611 -0.188449 0.424477 -0.994598 -0.0627342 0.0826973 -0.806909 -0.590651 0.00543962 -0.864175 0.0066138 0.503148 -0.00210286 -0.999998 0.000537677 -0.191379 -0.910584 -0.366348 -0.205739 -0.848843 -0.486967 -0.000230746 -1 0.000230751 -0.000684807 -0.999999 0.000975434 -0.00182575 -0.99998 0.00605814 0.325004 -0.92955 0.174097 -3.64593e-07 -1 3.16268e-07 -0.551606 -0.832295 -0.0549141 -0.0475548 -0.997808 -0.0460156 -0.000520916 -1 0.00018592 0 -1 0 0 -1 0 -2.82868e-05 -1 -6.60449e-06 -0.631468 -0.773513 -0.0540875 -0.0275407 -0.999196 -0.0291262 -0.00974225 -0.999302 0.036056 -0.00117993 -0.999999 -0.000832929 -0.000314064 -1 -0.000261943 -0.000177771 -1 -0.000116763 -0.00145227 -0.999779 -0.0209565 0.429406 -0.883267 -0.188282 0.411903 -0.891929 -0.186543 0.0017882 -0.999998 0.000147891 0.0681096 -0.879817 -0.470408 0.00314137 -0.999786 -0.020435 -0.0389332 -0.999229 0.00511238 -0.00177683 -0.999975 -0.00679915 -0.00498198 -0.999933 -0.0104656 -0.000197746 -1 -0.000262691 -5.2344e-07 -1 -8.65958e-06 0 -1 0 1.41474e-05 -1 -3.22673e-05 -0.000202859 -1 0.000108616 0.222232 0.106684 -0.96914 0.188853 -0.00917685 -0.981962 0.133224 -0.705029 -0.696553 0.984744 0.0987463 0.14328 0.385582 -0.918578 0.0868444 0.131573 -0.774983 -0.618134 0.00210961 -0.999997 -0.00112954 0.00514097 -0.999981 -0.00342505 0.0047706 -0.999984 -0.00290549 0.00210054 -0.999996 -0.00199937 0.00146393 -0.999991 -0.00402673 0.0110073 -0.99969 -0.0223143 -0.0106654 -0.99837 -0.0560747 -0.306456 -0.478635 -0.822796 -0.608229 -0.763499 -0.217089 -0.278311 -0.945892 -0.166826 -0.0206845 -0.999786 0.000581133 0.000118637 -1 -0.000116638 -0.000200411 -1 -0.000355128 0.000713818 -0.999999 -0.00101338 0.248185 -0.923277 -0.293197 0.443381 -0.756462 -0.48081 0.680657 0.112254 -0.723951 0.660496 -0.0251564 -0.750408 0.458122 -0.562666 -0.688136 0.401055 -0.64849 -0.647005 0.568152 0.0475787 -0.821547 0.571299 0.0695634 -0.817789 0.464809 -0.0658485 -0.882959 0.371472 -0.000399915 -0.928444 0.522324 -0.101334 -0.846705 0.178468 -0.0435211 -0.982983 0.321556 -0.0763383 -0.943808 0.450512 0.0199918 -0.892546 0.292913 -0.112811 -0.949461 0.657443 -0.0635311 -0.750821 0.959246 -0.0911124 -0.267482 0.948234 -0.052579 -0.313191 0.965234 -0.0133767 0.261045 0.756484 -0.551626 0.351341 0.745741 -0.530462 -0.403089 0.272765 -0.733462 -0.622601 0.672093 0.0309576 -0.73982 0.142848 0.015188 -0.989628 0.0103096 -0.999873 -0.0121374 0.0249988 -0.999604 0.0129472 0.00259399 -0.999989 -0.00383649 0.0192589 -0.998559 -0.0500979 -0.61931 -0.678401 -0.395255 0.706714 0.0331104 -0.706724 0.708706 0.0546639 -0.703383 0.61633 0.477333 -0.626331 0.601967 0.524654 -0.601975 -0.388179 -0.706811 -0.591385 -0.0439368 -0.735774 -0.6758 0.412902 -0.622328 -0.664997 0.702028 -0.70101 -0.125466 0.736106 -0.665228 -0.124979 0.731742 -0.648956 -0.208348 0.71397 0.090184 -0.694344 0.932439 0 -0.361326 0.932328 -0.00059813 -0.361614 -0.83796 0.490164 0.239922 -0.93492 0.00559808 -0.354815 -0.692619 0.721304 -0.000424706 -0.968752 0.248031 0.000643936 -0.630269 0.312077 0.710893 -0.342482 0.597464 0.725082 -0.0343061 0.948664 -0.31442 -0.0871288 0.996197 0.000113182 -0.690566 0.723269 -0.000153007 -0.96829 0.249828 0.000500437 -0.629629 0.757501 -0.172511 -0.656441 0.306212 -0.689434 -0.704147 0.237223 -0.669255 -0.301739 0.419103 -0.856333 0.390033 0.0466516 -0.919618 0.384259 0.00168383 -0.923224 0.37681 0.01197 -0.926213 0.382913 0 -0.923784 -0.183976 -0.170109 -0.968099 0.151028 0.900525 -0.407731 0.27577 0.713385 -0.64423 0.00575974 0.999961 0.00663511 -0.379358 0.0180241 0.925074 -0.72516 0.00836996 0.688529 -0.734237 0.0224005 0.678524 -0.75945 0.49764 -0.419035 -0.763417 0.298292 -0.572902 -0.0138671 0.999843 -0.0110211 -0.0172304 0.999799 -0.0102674 -0.0954529 0.991479 -0.0886415 -0.000896651 0.999999 0.00140031 0.0040944 0.999986 0.0032314 1.20251e-08 1 -2.98957e-07 0 1 0 0.00396839 0.999982 0.00439073 0.0247111 0.999271 -0.0291023 0.632552 0.421666 -0.649674 0.592415 0.551425 -0.587346 0.0165304 0.999727 -0.0165306 -0.0190137 0.999723 -0.013871 0.0141269 0.999657 -0.0220621 -0.579644 0.661849 -0.475362 -0.474823 0.000802399 0.880081 -0.376042 0.0164046 0.926457 -0.00374475 0.999993 -0.000639396 -0.0067039 0.999953 -0.00702593 -0.931646 0.0148116 -0.363065 -0.978105 0.130548 -0.162073 -0.134743 0.978155 -0.158296 -0.251014 0.491342 -0.834012 -0.375751 -0.064223 -0.924493 0.197518 -0.505171 0.840113 0.946212 0.108521 0.304804 0.988291 -0.140188 0.0602316 0.983318 0.0365338 0.178189 -0.140019 0.00743593 0.990121 -0.231889 0.0016981 0.972741 -0.231525 0 0.972829 -0.0932529 -0.0355713 0.995007 -0.0962702 -0.064268 0.993278 -0.0525081 0.0115379 0.998554 -0.150334 0.0439759 0.987657 -0.015695 0 0.999877 0.0765659 0 0.997065 0.228023 0 0.973656 0.228023 0 0.973656 0.0765659 0 0.997065 0.0203699 0.0352355 0.999171 -0.0924294 -0.0189629 0.995539 -0.998721 -0.00551131 -0.0502575 -0.996094 -0.0373439 -0.0800081 -0.729931 0.116065 0.673594 -0.128469 0.0183898 0.991543 -0.388527 0.0848397 0.917523 0.523024 0.768009 0.369605 -0.15729 0.95445 0.253543 -0.443985 0.793697 -0.41584 -0.00830357 0.999919 0.00966245 -0.00554156 0.999936 0.00983764 0.0712099 0.993982 0.0832457 0.19109 0.0923107 0.977222 0.137208 0.265388 0.954329 -0.12424 0.50025 0.856921 0.0256487 0.409098 0.91213 -0.180708 0.742389 0.645138 -0.0600144 0.484272 0.872857 -0.270573 0.806333 0.525943 0.217213 0.778754 0.588525 -0.215589 0.775898 0.592877 -0.00888459 0.9999 0.0109646 -0.49503 0.640013 -0.587646 -0.782096 0.144283 -0.606225 -0.613826 0.267966 0.742571 -0.57769 0.373594 0.725742 -0.431377 0.750055 0.501331 -0.155304 0.956407 0.247319 -0.496645 0.212187 0.841618 -0.502219 0.376727 0.778365 0.557988 0.58259 0.590964 0.120399 0.605324 0.786821 0.122746 0.602204 0.788849 -0.121112 -0.0409368 0.991794 -0.455865 0.210196 0.864872 -0.846313 0.461492 0.266045 -0.00820357 0.99962 0.0263109 0.000203175 0.999947 0.0102797 -1.75436e-05 1 4.27206e-05 0 1 0 -0.000792952 0.999808 -0.0195648 0.248445 0.962162 -0.111891 0.999987 0.00390082 0.00337344 0.999989 0 0.00476729 0.966685 0.25382 -0.033102 0.793965 0.606428 -0.0431828 0.702912 0.704525 -0.0977696 0 1 0 0 1 0 -0.890296 0.0180197 0.455025 -0.938067 0.211196 0.274638 -0.923041 0.0119331 -0.384516 -0.649672 0.711573 -0.267565 -0.603536 0.760085 -0.240862 -0.92365 0.00363648 -0.38322 -0.924181 0.0054012 -0.381917 -0.924835 0 -0.380369 -0.994437 -0.0836561 0.0640037 -0.985046 -0.00470778 0.17223 -0.921953 0.38287 0.0584256 -0.916524 0.380781 0.122431 -0.212158 0.263436 0.941058 -0.164863 0.738922 0.653311 -0.208834 0.279547 0.937145 -0.163916 0.656121 0.736639 7.5081e-05 1 -0.000335069 -0.000439552 0.999998 0.00196162 -0.00976108 0.999934 -0.00611399 -0.178842 0.961354 0.209318 -0.317917 0.92775 0.195471 -0.727788 0.647287 0.226591 -0.925363 0.37562 0.0511142 -0.872699 0.448155 0.193786 -0.851981 0.501623 0.150008 -0.683276 0.0777421 0.72601 -0.700211 -0.00609582 0.71391 -0.855152 0.38988 0.341626 -0.403342 0.122375 0.906829 -0.371221 0.121751 0.920528 -0.000521475 0.999993 0.0037204 -0.00121914 0.999999 0.00113529 0.924195 0.00799375 0.381837 0.923833 0 0.382796 0.925305 0.00442043 0.379199 0.93495 0.141935 0.32515 0.60863 0.751267 0.255279 0.525707 0.81809 0.233152 0.512467 0.0893979 0.854041 0.858133 -0.016202 0.513172 -0.58167 0.81342 0.00277977 -0.999612 0.0278418 0 -0.999326 0.0365121 0.00368876 -0.435903 0.899437 -0.0316368 0.527285 0 -0.849689 0.650894 0 -0.759168 0.759228 0 -0.650824 0.849646 0 -0.527354 0.849646 0 -0.527354 0.759228 0 -0.650824 0.527285 0 -0.849689 0.650894 0 -0.759168 0.993799 0 -0.111194 1 0 0 0.993799 0 0.111195 0.993799 0 0.111195 1 0 0 0.993546 0.00271986 -0.113393 0.0349335 -0.000254393 -0.99939 0 0.0143059 -0.999898 0.667585 0 0.744534 0.669948 -0.0435475 0.74113 0.53473 0 0.845023 0.53473 0 0.845023 0.667971 -0.00262873 0.744183 0.766853 -0.5589 0.315544 0.601993 -0.755786 0.257664 0.533877 -0.814012 0.228822 0.770617 -0.551737 -0.31896 0.631363 -0.727832 -0.267659 0.000112121 1 1.25451e-05 0 1 3.05177e-07 0 1 -7.5084e-05 0.000111883 1 -1.25184e-05 0 1 3.05177e-07 0 1 7.52403e-05 0 1 0 0 1 0 -8.13154e-08 1 8.65993e-07 0 1 0 0 1 0 0 1 0 0 1 0 -3.0137e-08 1 8.37843e-07 0 1 0 0.0196583 0.999083 -0.0380424 0.00107445 0.99993 -0.0118017 0.00244654 0.999944 -0.0102796 -0.000330432 0.999999 0.00127296 0.000271851 1 0.000112644 8.16822e-07 1 7.21548e-07 0 1 0 0 1 0 0.000191228 1 0.000186305 0 1 0 0 1 0 -0.0232596 0.999718 0.00482106 -0.000246298 1 0.000283477 8.18621e-05 1 9.90916e-05 -0.000196051 1 0.000315925 -8.77659e-05 1 -0.000106238 -0.000245716 1 0.000287392 -0.00031822 1 0.000272784 0.00165379 0.999998 0.00136711 -0.00492177 0.999983 0.00305482 -0.000109393 1 -9.04299e-05 -0.00525566 0.999972 0.00529174 -0.0151572 0.999872 0.00514323 -0.00304454 0.999992 0.00256794 -4.52035e-05 1 3.05177e-07 -1.33837e-05 1 -1.30935e-05 -2.97077e-05 1 0.000172723 -7.50801e-05 1 -8.40063e-06 -0.000181031 1 1.95604e-05 -0.178855 0.983875 -9.0794e-05 0.0351395 0.997447 -0.062164 -1.65508e-05 1 5.89552e-06 -0.00323896 0.999315 -0.0368654 -0.0110275 0.999938 0.00125917 3.76535e-06 1 -4.28358e-06 -0.00323443 0.999995 0.000162462 -0.404928 0.896631 -0.179126 -0.00328678 0.999994 -0.00124517 -0.00233547 0.999997 -9.08198e-05 2.40825e-05 1 1.26073e-05 -1.8334e-07 1 -1.37329e-07 -0.00048699 0.999995 -0.00312884 -0.0320433 0.999485 -0.00176241 -1.18977e-05 1 -1.25313e-05 -0.200149 0.979345 -0.0287128 -0.00203781 0.999983 0.00552986 2.32015e-06 1 -6.29602e-06 -0.00702301 0.999914 -0.0110983 -6.28635e-06 1 9.56012e-06 -6.26935e-06 1 6.26945e-06 -0.0164153 0.999112 -0.0387913 -0.00838086 0.999963 0.00214067 0 1 0 0 1 0 -0.000191105 1 -1.81188e-05 0.000152581 1 1.44664e-05 -9.41171e-05 1 -0.000401879 0.000367583 0.999998 -0.00208762 0.0210344 0.999573 -0.020287 0.000395003 1 0 0 1 0 -0.0172216 0.980413 0.196196 0.920438 0.380249 0.0905785 0.937445 0.345448 0.0431592 -0.923649 0.372788 -0.0888883 -0.924016 0.371453 -0.0906517 -0.905322 0.419414 -0.0669661 -0.572233 0.818201 0.0556559 0.717037 0.674325 0.176475 -0.42709 0.880962 0.203713 -0.32645 0.935047 0.138265 -0.015361 0.980679 0.195018 0.00194425 0.999986 -0.00490902 0.0027339 0.999982 -0.00542585 0.00260398 0.999978 -0.00602032 -0.0178913 0.998992 0.04117 -0.0186839 0.999603 0.0211007 -0.0164741 0.998992 0.0417579 0.04714 0.998824 -0.0113155 0 0.887557 0.460697 -0.130851 0.937708 -0.32184 -0.382922 0.0185753 -0.923594 -0.382884 0 -0.923797 -0.390313 0.00932021 -0.920635 -0.386371 0.0271701 -0.921943 0.16113 0.498275 -0.851915 0.671179 0.741295 0.000971023 0.150519 0.951987 -0.266578 0.05563 0.998451 -8.71778e-05 0.0342263 0.999373 -0.00908141 0.207385 0.975751 -0.0700084 0.0828402 0.234914 -0.96848 -0.0197186 0.688298 -0.72516 0.110871 0.288741 -0.950966 0.48755 0.690758 0.533993 0.335393 0.9345 0.119253 0.731101 0.23907 0.639012 0.742405 0.328035 0.584147 0.380934 0.905949 -0.184788 0.00101541 0.999999 -0.000589589 0.331906 0.917814 0.217843 0.193034 0.973573 -0.122041 0.589736 0.802505 0.0905352 0.87428 0.349851 0.336511 0.563166 -0.0126856 0.826247 0.375745 0.0242243 0.926406 0.369128 0.0166734 0.929229 0.382766 0 0.923845 0.396492 0.0876448 0.913845 0.734356 0.371684 0.567954 0.778425 0.620266 -0.0965662 0.750684 0.210526 -0.62622 0.544457 0.711813 -0.443722 -0.527653 0.662107 -0.532162 -0.640212 0.332881 -0.692328 -0.640534 0.22055 -0.735577 -0.542255 0.592107 -0.596128 0.0195457 0.999443 -0.0270607 -0.224136 0.959145 -0.172641 0.510588 0.761765 -0.398766 0.746312 0.257927 -0.61359 0.80938 0.258201 -0.52748 0.722916 0.549451 -0.418922 0.543975 0.757005 -0.361988 0.429476 0.850206 0.304466 0 0.794315 0.607506 -0.0644668 -0.911373 -0.406501 0.177614 0.982958 -0.0473932 -0.226025 -0.926072 0.302165 0.586647 0.2019 -0.784271 0.0983415 0.955051 0.279656 0.196487 0.974624 -0.107245 -0.000160231 1 0.000361362 0.00616227 0.999884 -0.0138975 0.0128493 0.999869 -0.00985194 0.377092 0.924001 -0.0634414 0.363258 0.928643 -0.075271 0.932956 0.0632031 -0.354398 0.912711 0.0638235 -0.403591 0.349016 0.916255 -0.196634 0.920444 0.101458 -0.377478 0.720605 0.426088 -0.546971 0.610696 0.715058 -0.34021 0.197655 0.922738 -0.330889 0.280853 0.919239 -0.2759 0.659975 0.751287 -0.000603743 0.00615355 0.965989 0.25851 0.0755565 0.706618 0.70355 0.146641 0.257165 0.955177 0.20658 0.1687 0.963776 0.188019 0.860897 0.472764 0.671203 0.741273 0.00103364 0.116251 0.993101 -0.0153505 0.313485 0.837297 -0.447952 0.208993 0.421407 -0.882461 0.962315 0.271901 0.00444984 0.966378 0.257062 0.00575103 0.850696 0.355029 -0.387648 0.736573 0.239464 -0.632549 0.881825 -0.0619318 -0.467493 0.726697 0.62021 -0.295383 0.65047 0.718232 -0.247047 0.323155 0.491437 -0.80874 0.339024 0.101984 -0.935234 -0.150093 -0.0450295 -0.987646 -0.152834 0.903474 -0.40047 0.00123044 0.999999 0.000616132 0.000289831 0.999998 0.00216548 0.977547 0.0976637 0.186718 0.932424 0.0197453 -0.360825 0.898235 0.426132 -0.107639 0.133581 0.756693 0.639978 0.210681 0.258184 0.942844 0.0900823 0.266109 0.959725 -0.00273351 0.99963 0.0270512 0.00211476 0.999869 0.0160376 0.00989176 0.999257 0.0372494 0.255483 0.942132 0.21706 0.939401 0.326461 0.104642 0.968828 0.239958 0.061585 0.711638 0.697563 -0.0835257 0.314797 0.940398 0.128667 0.317509 0.529355 0.786748 0.658423 0.171535 0.73284 0.354105 -0.00776432 0.935173 0.295868 0.442619 0.846493 0.260469 0.768312 0.584681 -0.138434 -0.677503 0.722375 -0.00110928 0.999999 -9.0917e-05 0.222436 0.970384 -0.0942193 0.923623 0.0261997 -0.382406 0.927844 0 -0.372968 0.921535 0.0195794 -0.387802 0.920034 0.0439198 -0.389369 0.981216 -0.0577328 -0.184071 0.674745 0.187484 0.713841 0.234524 0.967201 -0.0975706 -0.926004 0.227636 0.301161 0.149471 0.706795 0.691447 0.282787 -0.0437031 0.958187 -0.624042 0.234757 0.745292 -0.496643 0.67833 0.541492 -0.18589 0.960579 0.206717 -0.444523 0.714892 0.539749 -0.635738 0.214096 0.74162 0.130083 0.954543 0.26819 0.0206811 0.999151 0.0356307 -0.000720347 0.999881 0.0153845 -0.124203 0.601449 0.789197 0.0522652 0.42968 0.901467 0.517776 0.235525 0.822457 0.614971 0.266458 0.742167 0.435078 0.722256 0.537637 0.506168 0.707534 -0.493142 0.745768 0.138342 -0.651684 0.70597 0.258812 -0.659259 0.45261 0.794464 -0.404933 0.0210411 0.99963 0.0172214 0.172285 0.965513 -0.1952 0.398708 0.761381 0.511205 0.358536 0.755981 0.547672 0.61727 0.258686 0.743007 0.51771 0.258992 0.815414 0.37011 0.721987 0.584597 0.00657598 0.999811 0.0183139 0.00987295 0.999868 0.0128741 0.123853 0.400666 0.907814 -0.0101133 0.972382 0.233176 0.132525 0.683276 0.718033 -0.521301 0.689896 0.502284 -0.490693 0.602946 0.629028 -0.774058 -0.0415868 0.631747 -0.924344 -0.000240677 0.38156 -0.918448 0.0100152 0.395416 -0.921098 -0.00973951 0.389209 -0.745653 0.63118 0.213574 -0.897135 0.25954 0.357474 -0.243532 0.96292 0.116091 -0.124055 0.117248 0.985324 0.229931 0.841963 0.488088 0.00669023 0.999969 0.00413119 0.875123 0.0218055 0.483409 0.405908 0.075166 0.910818 0.412841 0.0646391 0.908507 0.369226 0.0308252 0.928828 0.389923 0.668402 0.633403 0.142433 0.895461 0.421738 -0.710096 0.704051 0.00870279 -0.966117 0.255911 0.0335607 -0.988283 0.137445 0.0663686 -0.606081 0.794673 0.0340671 -0.262063 0.96491 -0.0164682 0.212601 0.249191 0.944831 0.643384 0.32638 0.692484 0.0889983 0.25791 0.962061 0.0724 0.72184 0.688263 0.149853 0.727814 0.669201 0.0795903 0.761845 0.642851 0.0104274 0.999919 0.00734419 0.00573754 0.99984 0.0169341 0.39987 0.912274 0.0886613 0.285893 0.753814 0.591633 0.797838 0.200121 0.568688 0.933354 0.357002 0.0374086 0.719281 0.690618 -0.0753809 -0.619681 0.476112 0.623949 -0.706635 0.0330348 0.706806 -0.703443 0 0.710751 -0.701465 0.160022 0.694507 -0.612083 0.500902 0.611925 0.472922 -0.72421 0.501862 0.321944 -0.670666 0.66825 -0.082171 -0.668865 0.738828 -0.421662 -0.729391 0.538693 -0.636713 -0.649284 0.415965 -0.109095 -0.688269 0.717206 0.598928 -0.686429 0.412432 -0.120906 0 0.992664 0.67259 -0.0399407 0.738936 0.693924 0 0.720049 -0.0881071 -0.0424068 0.995208 0.677196 0.735802 -0.000769251 0.144519 0.989324 0.0187673 0.038846 0.99918 0.0113807 0.928434 0.00752971 0.371422 0.0129439 0.999914 -0.00190336 -0.378284 -0.00355171 0.925683 0.374754 -0.0188011 0.926934 0.575316 0.790664 0.209432 0.252606 0.513854 0.819844 0.369641 -0.0151483 0.929051 -0.382867 0 0.923804 -0.392453 0.0120417 0.919693 -0.386923 0.0190576 0.921915 -0.241303 0.739426 0.628508 -0.170015 0.904597 0.390896 -0.00567668 0.999959 -0.00702903 0.379596 0.0225016 -0.924878 0.7069 -0.000366087 -0.707314 0.721438 0.0183521 -0.692235 0.711857 0.574813 0.403546 0.696153 0.450457 0.55898 -0.274377 0.049287 0.960358 -2.96761e-07 1 4.63809e-07 0.0171445 0.99976 0.0136258 0.0179177 0.999782 0.0106791 0.0229295 0.999622 0.0151971 0.0239702 0.999564 0.0172519 0 1 0 1.63248e-06 1 -4.05966e-05 0 1 0 -9.96581e-08 1 5.89077e-07 -0.012041 0.999662 0.0230585 -0.0189472 0.999641 0.0189423 -0.00427867 0.999983 -0.00386708 -0.174987 0.966887 0.185768 -0.495244 0.705745 0.506614 -0.630905 0.465232 0.620901 -0.680666 0.259542 0.685077 -0.0133973 0.999691 0.0209387 0.676977 0.504843 0.535571 0.797414 0.364405 0.480978 0.198003 0.065943 -0.977981 0.365228 0.016175 -0.930778 0.000919418 0.999998 -0.00192406 0.343727 0.928587 0.139922 0.988487 -0.012987 -0.150747 0.986269 -0.00893826 -0.164905 0.932626 0.0698692 0.354016 0.930742 -0.00272333 0.365666 0.970714 0.0792708 0.226782 0.923725 -0.00600431 -0.38301 0.408337 0.258227 -0.875545 0.609222 0.552016 -0.569321 0.659362 0.751146 0.0319634 0.521465 0.669878 -0.528524 0.344435 0.928133 -0.141189 0.0778051 0.993098 0.0877637 0.0459593 0.998873 0.0118835 -0.121427 0.956963 -0.263584 0.974943 0.222411 -0.00449948 0.158257 0.257096 -0.95334 0.205909 0.177774 -0.962288 0.123762 0.627114 -0.769032 -0.0181937 0.705958 -0.70802 0.0682605 0.997667 0.000375602 0.672179 0.740387 -0.00141885 0.965922 0.25883 -0.00162793 0.857292 0.354052 0.373762 0.659022 0.74826 0.076134 0.571409 0.0247 0.820294 0.177655 0.931557 0.317238 0.629106 0.710966 0.314249 0.0256531 0.375383 0.926515 0.585201 0.733953 0.34475 -0.31001 -0.809068 -0.499302 -0.100164 -0.924946 -0.366663 -0.530058 -0.0448729 -0.846773 -0.83638 0.0375991 -0.546859 -0.995798 0.0240777 -0.0883537 -0.995432 0.000182237 -0.0954722 -0.985722 -0.035676 -0.164556 0.113264 0.0150574 -0.993451 0.228229 -0.015177 -0.973489 0.231515 0 -0.972831 0.0991434 -0.031403 -0.994578 0.0943775 0.0126107 -0.995457 0.118332 -0.00531078 -0.99296 -0.0724565 0 -0.997372 -0.228017 0 -0.973657 -0.228017 0 -0.973657 -0.0700486 -0.0137782 -0.997448 0.109014 -0.0145472 -0.993934 0.99807 -0.00189551 0.0620634 0.99891 0.0200214 0.0421604 0.125241 0.0259675 -0.991786 0.114757 0.0140673 -0.993294 -0.527285 0 0.849689 -0.650825 0 0.759228 -0.759228 0 0.650825 -0.849689 0 0.527285 -0.849689 0 0.527285 -0.759228 0 0.650825 -0.527285 0 0.849689 -0.650825 0 0.759228 -0.993801 0 0.111169 -1 0 0 -0.993795 0 -0.111226 -0.993795 0 -0.111226 -1 0 0 -0.993801 0 0.111169 -0.991043 -0.00315233 0.133508 -0.667518 0 -0.744594 -0.669917 -0.0445739 -0.741097 -0.534729 0 -0.845024 -0.534728 7.87285e-06 -0.845024 -0.667899 -0.00259381 -0.744248 -0.759556 -0.570384 -0.312628 -0.60338 -0.75467 -0.257692 -0.78993 -0.568256 -0.230426 -0.000109218 1 -1.22238e-05 0 1 3.05189e-07 0 1 7.2241e-05 -0.00010771 1 1.20488e-05 0 1 3.05189e-07 0 1 -7.32861e-05 0 1 0 0 1 0 -8.13158e-08 1 8.66021e-07 0 1 0 0 1 0 0 1 0 0 1 0 -3.0155e-08 1 8.37869e-07 0 1 0 5.36049e-05 1 4.85282e-06 0.00011028 1 0.000289971 -3.43075e-05 1 0.000143776 0.000134855 1 -0.000484892 -0.00029583 1 0.000602685 -1.21307e-05 1 4.36175e-05 0.000513438 1 0.00049434 -2.39556e-06 1 -6.40903e-05 -1.27996e-05 1 -1.23235e-05 0.000500414 0.999998 0.00213682 -0.000170727 1 0.000170726 0.000239965 1 -0.000607367 -9.37949e-05 1 -0.000113381 0.16669 0.985912 -0.013856 0.00681114 0.999917 -0.0109758 0.00301176 0.999989 0.00364067 0.000283826 1 -0.000330298 0.000620837 1 -0.000532194 -0.00436236 0.999984 -0.00360894 0.0144655 0.999252 0.0358765 0.0133953 0.999876 -0.00831259 0.000211062 1 0.00017461 -0.000501088 1 0.000130693 0.00268753 0.999996 -0.00111311 0.0033634 0.999994 -0.00109933 0.000128425 1 3.05189e-07 -0.00044458 1 -0.000146084 -0.000173229 1 0 0.00111315 0.999999 -0.000146051 1.12554e-05 1 6.62792e-05 0.004005 0.998935 -0.0459577 0.01347 0.999908 0.00150757 1.29867e-05 1 -2.19417e-05 -7.59385e-05 0.999999 -0.0010464 -0.000367627 1 4.11238e-05 -4.22272e-06 1 -5.00485e-05 -4.75149e-08 1 -1.072e-07 0.000601616 1 -5.33457e-06 -7.77734e-06 1 -3.50689e-06 -2.58747e-05 1 -4.47648e-06 5.8288e-06 1 1.31506e-05 -1.05723e-07 1 -7.48238e-08 -0.000151647 1 -0.00015156 0.000266211 1 0.000297687 0.190636 0.981618 -0.00921372 1.89072e-05 1 -5.12857e-05 -5.17686e-05 1 0.000140422 6.54499e-05 1 0.000103445 0.000194504 1 -0.000194551 0.000902945 0.999997 0.00217997 0.00360707 0.999982 0.00469328 0.000191963 1 1.82896e-05 -7.28515e-06 1 -6.94107e-07 0.000537436 1 -0.000559575 4.28982e-06 1 1.8318e-05 -0.000372351 0.999998 0.00211822 0 1 -0.000315224 -0.000402887 1 -1.35913e-06 -0.00012146 1 0.000690956 0.0410758 0.977555 -0.206635 0 1 0 -0.291357 0.93838 -0.185885 -0.922417 0.375864 -0.0887363 -0.924114 0.372642 -0.0845644 -0.952458 0.303191 -0.0299723 -0.711987 0.683019 -0.162974 -0.171127 0.965875 -0.194427 0.021204 0.980733 -0.1942 0.918128 0.386336 0.0882335 0.921614 0.372929 0.107478 0.910293 0.000916173 -0.413964 0.995932 0.00257042 -0.0900754 0.00105608 0.999999 -0.000907033 -0.00145872 0.999997 0.00210508 -7.48096e-05 1 0.000963789 0.0773879 0.00233924 -0.996998 0.561735 0.000967444 -0.827317 0.098144 0.677787 -0.728679 0.510124 0.812704 -0.281576 0.517182 -0.0107687 -0.855808 -1.69657e-07 1 1.55766e-07 -9.26844e-09 1 8.195e-09 5.22176e-08 1 1.15947e-07 1.37162e-06 1 2.26569e-06 4.91785e-07 1 1.50741e-06 0.995893 -1.44135e-08 0.090537 0.99465 0.00201885 0.103284 1 0 0 -4.67049e-07 1 1.92648e-07 -6.50983e-09 1 1.43806e-07 3.79903e-08 1 1.77583e-08 -2.17592e-07 1 8.11885e-07 2.20742e-06 1 2.18969e-06 -8.09344e-08 1 1.84109e-07 0.971431 -0.00124772 0.237321 0.744642 0.00237778 0.667459 0.736263 0.00475681 0.676678 0.092338 0.00168077 0.995726 0.0813513 -0.00062728 0.996685 -0.0291673 0.646872 0.76204 0.922858 0.00483565 0.385109 0.898018 0.064548 0.435198 0.837602 -1.24088e-07 0.546281 0.913688 -9.23173e-08 0.406415 0.864132 -0.00507768 0.50324 0.00038908 0.999993 0.00365255 0.00105629 0.999999 -0.000856676 -0.105912 -0.0150312 -0.994262 -0.000537529 1 -4.49597e-05 -0.000164798 1 0.00017124 -0.000192083 1 0.000171973 0.980864 0.0760048 -0.179245 -0.00127448 0.999999 -0.000593365 0.95495 0.0220091 0.295949 1.31835e-11 1 -5.80493e-12 0.990766 -0.0103069 0.135194 0.912617 -1.75489e-05 0.408816 0.922969 -0.00287048 0.384864 -0.382472 0.000364913 0.923967 -0.401846 -0.00676981 0.915682 -0.0610338 0.998015 -0.0155371 -0.00831271 0.999842 -0.0157414 -0.0252492 0.998976 -0.0375482 -0.0301083 0.999528 -0.00609528 -0.00966011 0.999911 -0.0092325 -0.934989 0.0222694 -0.353978 -0.991162 -0.00549755 -0.132541 -0.986259 -0.0340789 -0.161653 0.37702 0.00577383 -0.926187 0.00472687 0.999928 -0.0110372 -0.992797 1.90736e-08 -0.119809 -0.125867 0.983162 -0.132477 0.95861 -0.0063752 0.284652 4.83974e-05 1 -0.000276625 2.4206e-06 1 3.79034e-07 3.62617e-06 1 3.05177e-07 -1 0 0 -0.00126079 0.999861 0.0166105 0.00472509 0.999928 0.0110333 -1 0 0 -0.992797 -1.90738e-08 0.11981 -0.992576 -0.000783001 0.121625 0.377017 0.0073394 0.926177 -0.985939 -0.0425033 0.161612 -0.177124 0.983725 0.0302209 0.372192 0.00976346 0.928104 0.367188 0.0105437 0.930087 0.511595 0.823421 -0.245456 0.990021 0.000306136 -0.140918 0.861354 0.0152339 -0.507777 0.98861 -0.00467658 -0.150426 -0.00556154 0.999964 0.00641457 0.34683 -0.585101 -0.733052 0.542005 0.200246 -0.816169 -0.00468019 0.999964 0.00707884 -0.43394 0.858467 0.273367 0.00278831 0.999787 -0.0204298 0.0364592 0.999322 0.00519565 0.771114 -0.00355177 0.636687 0.707706 0.0054857 0.706486 0.97972 -0.0103041 0.200107 1.65992e-07 1 2.06726e-09 0.000138749 1 -7.21112e-05 3.48837e-07 1 -1.78255e-07 5.8726e-08 1 1.14018e-07 -3.82848e-07 1 1.25055e-06 -0.229833 0.00325369 -0.973225 -0.132991 -0.00388224 -0.99111 -0.158316 0.762812 -0.62694 -0.361467 0.85745 -0.366226 -0.000148036 1 0.000381948 -0.295857 -0.539525 -0.788278 -0.0778528 0.988625 -0.128685 0.92599 -0.00200117 0.377543 0.921984 0.00217157 0.387223 0.91851 0.00617815 0.39535 -0.520654 -0.0026315 0.853764 -0.527778 -0.0193555 0.849162 -0.453253 -1.24686e-05 0.891382 -0.320277 0.707594 0.629868 -0.415599 -1.97171e-05 0.909548 -0.293997 0.706808 0.643419 -0.287842 0.729675 0.620259 -0.243436 0.706705 0.664309 -0.341816 -0.113482 0.93289 -0.24243 0.708778 0.662466 -0.948842 -0.00307187 -0.315737 -0.377409 -0.000187349 0.926046 -0.22884 8.63277e-05 0.973464 -0.227889 -0.00202443 0.973685 -0.516603 -2.4124e-07 0.856225 -0.267017 -0.705833 0.656127 -0.161579 -0.70667 0.688847 -0.161663 -0.70581 0.689708 -0.0523739 -0.706098 0.706175 -0.0524044 -0.706615 0.705655 0.058232 -0.706065 0.705749 0.0821755 -2.03208e-06 0.996618 0.0581692 -0.706357 0.705461 0.167138 -0.706369 0.687828 0 -1 0 0.272509 -0.705755 0.653949 0 -1 0 0.167336 -0.705826 0.688337 0.236201 -2.59714e-05 0.971704 0.236222 -1.43561e-05 0.971699 0.384589 -2.45091e-05 0.923088 0.272306 -0.706156 0.6536 0.370889 -0.705768 0.6036 0.370729 -0.70602 0.603404 0.460228 -0.705872 0.538456 0.537971 -0.705677 0.461093 0.537252 -0.706528 0.460628 0.459884 -0.706501 0.537925 -9.47101e-08 -1 -2.59819e-07 2.15047e-07 -1 -2.58059e-07 -3.84601e-07 -1 -4.39596e-07 5.15062e-09 -1 -2.05893e-07 -1.26078e-06 -1 -1.08097e-06 1.04244e-06 -1 1.21934e-06 0.602184 -0.705674 0.373361 0.60178 -0.706114 0.373181 0.651738 -0.706133 0.276791 0.651556 -0.706343 0.276683 0.702365 -0.702448 0.11511 0.702178 -0.70263 0.115138 0.920431 -9.56402e-08 0.390905 0.986835 -3.70767e-08 0.161732 0.986835 -2.31274e-08 0.161732 1 -2.92237e-13 -1.79889e-12 1 2.86383e-19 -1.79889e-12 0.992799 -1.90715e-08 0.119796 0.986323 -0.0321931 0.161648 0.990732 -0.00685149 0.135661 0.992719 2.09645e-08 -0.120455 1 -7.50703e-12 -2.29106e-18 0.991252 -0.00491318 -0.131888 0.986269 -0.0340795 -0.161595 -0.368619 0.0102334 -0.929524 -0.594437 -0.0229552 -0.803815 -0.372818 0.00813293 -0.927869 -0.0069274 0.999954 -0.00663382 -0.00185191 0.999936 -0.0111857 -0.995434 0.00318112 0.0954014 -0.870442 0.0102394 0.492165 -0.994501 -0.00225625 0.104701 -0.995927 -1.43541e-08 0.0901641 -1.38795e-06 1 2.19526e-06 -0.903505 0.000962409 0.428576 -1.97355e-07 1 1.67549e-07 0 1 0 -0.569592 0.00213045 0.821925 -0.0773249 0.00430874 0.996997 -0.568853 0.00201787 0.822437 0.0288804 0.997742 -0.0606362 0.0149993 0.999887 -0.0013713 0.0072265 0.999968 -0.00344537 0.00461767 0.999986 -0.00245103 -0.0488674 0.997816 0.0444545 0.934971 0.0223128 -0.354023 0.909612 -0.0701571 -0.409492 0.382422 0 0.923988 0.888132 0 -0.459589 0.888726 9.57787e-05 -0.458439 0.374603 0.893559 -0.247436 0.365989 -0.00809568 0.930584 0.919896 -0.00810785 -0.392078 0.356723 -0.0108267 0.934148 -0.887511 -0.00261705 0.460779 0.27526 0.699736 0.659243 0.270044 0.708072 0.652464 -0.378249 0.920595 0.0971183 -0.810004 0.514775 -0.280892 -0.00347274 0.999452 0.0329191 -0.987392 0.00939783 -0.158017 -0.754251 -0.00666849 -0.656552 -0.758309 0.0163317 -0.65169 -0.922969 0.000508193 0.384873 -1.16285e-06 1 4.1897e-07 -9.26597e-08 1 2.60867e-07 -0.992033 -0.00133674 -0.125973 8.38011e-08 1 8.57201e-08 0 1 0 -5.27697e-09 1 2.1646e-07 -0.213979 -0.00442828 0.976828 2.68675e-08 1 1.43869e-07 0.183576 0.0025828 0.983002 0.163271 0.00122221 0.986581 0.55355 -0.00182483 0.832814 3.85871e-15 1 -1.15498e-14 0 1 0 -0.651328 -1.92686e-05 0.758796 -3.6675e-07 1 1.23186e-06 -0.528408 0.000139871 0.84899 -0.528721 -0.000177632 0.848795 -2.37786e-15 1 3.81735e-15 -1.57989e-15 1 9.0124e-15 -0.230767 0.00431001 0.972999 -0.172659 0.0107688 0.984923 0.24215 -0.00925704 0.970195 0.490182 0.0116291 0.871542 0.338629 -0.548784 0.764308 0.0591655 0.990857 0.121255 -0.92611 0.00192911 -0.377249 -0.921695 0.00715847 -0.387849 -0.927948 9.68827e-05 -0.372711 -0.528714 0.000925853 0.848799 -0.000304406 1 -0.000896875 0.000561616 0.999994 -0.00342421 0.000360938 1 -0.000743744 1.78064e-05 1 -1.94924e-05 -1.51322e-05 1 -3.86348e-05 8.63307e-06 1 -7.41037e-06 -0.758796 -1.91473e-05 0.651328 -0.758776 4.13706e-15 0.651352 -0.849383 0.00094679 0.527776 -0.84865 0.000110801 0.528955 -0.970586 -0.00873443 0.240594 -0.850075 0.00210349 0.526657 3.92379e-05 1 5.1585e-06 -0.991372 0.0133926 -0.130392 -0.731317 -0.00324183 -0.68203 1.67627e-05 1 1.56365e-05 -7.22051e-05 1 6.85324e-05 -9.90332e-05 1 5.0163e-05 0 1 0 8.22071e-06 1 -7.83556e-06 -0.651304 -4.97715e-15 0.758817 0.847624 -4.4241e-06 -0.530598 0.847728 0.000252943 -0.530432 0.754752 0.000307876 -0.65601 0.644966 -0.000318245 -0.764211 0.755658 -0.00024303 -0.654966 0.755642 0.00933556 -0.654918 0.644838 0.0159847 -0.764152 0.649164 0.0111459 -0.760567 0.717529 -0.00169351 -0.696527 0.765375 0.0242675 -0.643127 0.438659 -0.736675 -0.514673 0.423402 -0.762182 -0.489704 0.000156395 -1 -0.000256889 0.0006845 -0.999999 -0.00131328 0.335944 -0.763152 -0.552034 0.432309 -0.659275 -0.615196 0.347328 -0.735491 -0.581735 0.512628 0.0110306 -0.85854 0.518533 0.0164862 -0.854899 0.574598 -0.00280342 -0.818431 0.515954 0.000354941 -0.856616 0.518548 -0.000835217 -0.855048 0.37991 -0.000906005 -0.925023 0.37975 0.00890691 -0.925046 0.365325 0.0240309 -0.93057 0.431389 -0.00168695 -0.902164 0.324149 -0.659893 -0.677841 0.278648 -0.0014651 -0.960392 0.206634 0.0307497 -0.977935 0.231269 0.00451113 -0.972879 0.21069 -0.655405 -0.725296 0.239917 -0.763397 -0.599721 0.244967 -0.7415 -0.624635 0.077731 0.02056 -0.996762 0.119856 -0.000967617 -0.992791 0.228275 0.00123424 -0.973596 0.231286 -0.000259391 -0.972886 0.377195 0.000769877 -0.926134 0.228922 -0.000904904 -0.973444 0.250619 -0.0310823 -0.967587 0.226842 0 -0.973931 0.675127 0.71169 0.194168 -3.54422e-05 1 0.000152169 -0.000216412 0.999975 0.00708133 -0.0760127 -2.81208e-05 0.997107 -0.226385 0.00130592 0.974037 -0.226929 0.000153516 0.973911 -2.41479e-15 1 4.38597e-15 1.54873e-15 1 -6.66375e-15 -0.0759665 -1.34109e-15 0.99711 -0.226378 -0.000344759 0.97404 0 1 0 -0.997075 -0.00157269 0.0764196 0 1 0 3.82235e-05 1 0.00011704 0.695171 -0.0200116 0.718566 0 1 0 -0.0960345 0.952817 0.287953 0.207574 0.00450851 0.978209 0.528722 -0.000208542 0.848795 0.528379 0.000138959 0.849008 0.528715 0.00100083 0.848799 0.651418 -1.91738e-05 0.758719 0.651304 7.50486e-05 0.758817 -0.000360554 1 -0.000343828 0.723693 -0.00127988 0.690121 -0.000117698 1 -0.00059251 -0.00108418 0.999999 -0.0013493 -5.86525e-05 1 -3.34815e-05 5.03246e-06 1 4.60335e-06 0.727493 0.0010147 0.686114 -0.421703 4.37724e-05 0.906734 -0.792209 -3.51246e-07 0.61025 -0.946165 -0.0234315 0.322835 -4.00417e-06 1 -2.71694e-07 -1.37292e-09 1 -2.37456e-09 -0.0970958 -0.0177952 0.995116 -0.29501 0.00245339 0.955491 0.842334 0.0107901 0.538848 0.86063 0.0149825 0.50901 0.996581 -0.00862049 -0.082174 -4.40289e-07 1 -2.41451e-07 -1.60194e-07 1 1.25921e-07 2.02504e-08 1 8.41315e-08 3.15592e-08 1 5.06642e-08 -5.29442e-08 1 2.03946e-07 2.09018e-07 1 6.26867e-07 -0.25127 0.00211583 0.967915 0.234016 0.00134956 0.972232 -0.66477 0.00564551 0.747027 -0.678184 0.0025841 0.734888 -0.253336 0.00187322 0.967377 -3.06649e-07 1 -7.03265e-08 -0.282902 -0.00646546 0.959127 -4.72202e-07 1 -2.91344e-07 0.179015 0.00693885 0.983822 3.31132e-08 1 1.81982e-07 -5.29726e-07 1 -3.45485e-07 0.382491 0.00448034 0.923948 1.0282e-07 1 2.48372e-07 0.409146 -0.00433923 0.912459 0.226451 0.0110111 0.97396 -6.26678e-07 1 7.04248e-08 4.44951e-08 1 -5.82081e-08 0.76046 0.000954378 -0.649384 0.76476 -0.000565213 -0.644314 1.84801e-07 1 -2.86896e-08 0.999263 0 -0.0383982 0.997886 0.00388159 -0.0648758 0.868461 0 0.495757 0.865666 0.000666807 0.500621 0.733934 -0.00217246 0.679217 -0.171393 -0.000112664 -0.985203 -4.73192e-11 1 4.50864e-11 0.723972 -0.00518319 -0.68981 5.03401e-09 1 -3.95531e-08 0 1 0 1.86124e-07 1 2.00972e-08 0 1 0 -1.77548e-07 1 -1.22338e-07 0.972592 -4.26436e-08 0.232518 0.972585 -2.41697e-06 0.232549 0.85682 2.42665e-05 0.515616 0 1 0 0.965333 4.48791e-08 -0.261021 0.856889 0.000134931 0.5155 0.793134 0.000189625 0.609047 0.856972 -3.04849e-05 0.515363 4.94846e-05 1 1.89749e-05 1.42386e-06 1 -5.76432e-06 2.85719e-05 1 1.77517e-05 -0.000188729 1 -0.000295106 -0.759601 0 -0.650389 -0.849409 0 -0.527735 -0.8508 -0.00244428 -0.525484 -0.850174 0.00109516 -0.5265 -0.856385 -0.0170374 -0.516056 -0.84836 -0.000837024 -0.52942 -0.760312 0.00138147 -0.649557 -0.52513 -0.00238651 -0.851019 -0.522777 0.00123837 -0.852468 -0.52618 -0.0050142 -0.850358 -0.518097 -0.00185024 -0.85532 -0.644862 -0.00132222 -0.764298 -0.517929 0.0159235 -0.855275 -0.64487 0.0156398 -0.764132 -0.574351 -0.00296107 -0.818604 -0.356661 -0.706525 -0.611241 -0.406315 -0.706827 -0.579054 -0.505281 0.00428806 -0.862944 -0.343142 -0.726767 -0.595032 -0.270681 -0.694368 -0.666772 -0.375035 0.0140114 -0.926905 -0.265095 -0.705145 -0.657644 -0.379624 0.00918776 -0.925095 -0.00257425 -0.999983 -0.00523924 -1.98516e-07 -1 -7.59535e-07 -0.197124 -0.725817 -0.659039 0 -1 0 -2.14192e-07 -1 -8.40017e-07 3.31942e-09 -1 -1.4187e-07 -0.078566 -0.720567 -0.68892 -0.0802214 -0.744916 -0.662318 2.6763e-07 -1 -2.28898e-07 -2.64335e-08 -1 -1.50639e-07 9.00607e-05 -1 -0.000717299 -0.0317488 -0.64696 -0.761862 -0.0416049 0.0389218 -0.998376 -0.119966 -0.000391412 -0.992778 -0.0777856 -0.00159921 -0.996969 -0.0777759 0.000228438 -0.996971 -0.231144 -0.00146839 -0.972919 -0.23116 0.00542155 -0.972901 -0.0813154 0.000759692 -0.996688 -0.0811997 0.0012429 -0.996697 -0.236535 -0.00788398 -0.971591 -0.236419 0.00162964 -0.97165 -0.230958 0.000367759 -0.972964 -0.235837 -0.00574996 -0.971776 -0.383806 0.000814678 -0.923413 -0.379669 -0.00170342 -0.925121 -0.342744 0.00874706 -0.939388 -0.245049 0.706754 -0.663664 -0.238249 0.720686 -0.651037 -0.294789 0.713849 -0.635231 0.0107954 0.999671 0.0232626 0.00104129 0.999995 0.00284541 0.00510559 0.999632 0.0266248 -0.296842 0.706762 -0.642163 0.0148749 0.999889 -0.00123938 -0.00582214 0.999947 0.00848982 -0.00955143 0.999932 0.00669501 0.998847 0.00418623 0.0478168 0.846433 0.00282291 0.532488 0.853638 0.0787955 0.514872 0.997105 0.00920926 0.0754725 0.858645 -1.27376e-05 0.51257 0.533605 0.000888813 0.845733 0.518836 0.00274912 0.85487 0.227554 0.00103609 0.973765 0.226159 -0.00022201 0.97409 -0.633009 0.693257 0.344522 0.30611 -0.00247018 0.951993 -0.931345 0.00800016 0.36405 -0.91575 -0.00839262 0.401661 -0.929012 0.00733466 0.369978 -0.871258 -0.0139394 0.490627 0.296441 0.840195 0.454087 -1.03266e-05 1 4.47655e-06 -0.00288879 0.999978 -0.00595733 0.226065 0.000115566 0.974112 -1.31815e-15 1 -4.4519e-15 0 1 0 0.0759669 -2.55879e-05 0.99711 3.31764e-05 1 -4.37926e-06 -0.0821874 0.000278016 -0.996617 -1.15572e-05 1 0.000155584 0.074079 0.000205217 -0.997252 0 1 0 0 1 0 -3.36862e-05 1 -1.62523e-05 0.220646 0.96507 0.141265 0.926777 0.00127299 -0.37561 -0.0594929 0.990752 0.121949 0.92301 0.00496977 -0.384743 -0.383521 -0.0608539 -0.921525 -0.421144 0.00684099 -0.906968 0.074289 0 -0.997237 0.0739361 0.0014167 -0.997262 0.0774551 -0.000586793 -0.996996 -0.146463 -0.707109 -0.69177 -0.20727 0.0303342 -0.977813 -0.14597 -0.708215 -0.690742 -0.27894 -0.00123345 -0.960308 -0.197494 -0.707173 -0.678898 0.0231438 -0.767847 -0.640215 0.0272284 -0.750964 -0.659782 0.0412337 -0.000399979 -0.999149 2.26573e-07 -1 -2.30334e-07 -7.45095e-07 -1 1.11729e-07 -2.8816e-08 -1 -1.1852e-07 6.17892e-08 -1 -4.02879e-07 4.2376e-07 -1 -1.33572e-07 6.04815e-07 -1 -1.486e-06 -0.365868 -0.706052 0.606327 -0.455488 -0.706297 0.541918 0 -1 0 -0.365696 -0.706325 0.606112 -0.643535 -2.00281e-05 0.765416 -0.456082 -0.705498 0.542459 -0.754754 -7.02116e-06 0.656008 -0.534918 -0.705485 0.464923 -0.534616 -0.705939 0.464581 -0.600204 -0.706119 0.375701 -0.600424 -0.705879 0.375801 -0.651481 -0.706047 0.277616 -1.15786e-07 -1 -2.223e-07 -0.70236 -0.702444 0.115165 2.39381e-06 -1 -1.8765e-07 -2.74758e-07 -1 -1.39327e-07 -0.651272 -0.706262 0.277559 -0.702238 -0.702576 0.115103 -0.707065 -0.707149 -1.02187e-07 -0.707065 -0.707149 -1.14072e-07 -0.704357 -0.704442 -0.0874283 -0.384802 -0.91648 -0.109509 -6.46914e-06 -1 -2.0829e-06 -0.986375 -0.00129314 -0.164509 -0.93522 -0.00243975 -0.354058 -0.652471 -0.707279 -0.2721 -0.638252 -0.707086 -0.304407 -0.902629 -0.000876889 -0.430418 -0.919876 0.0207744 -0.391658 -0.848361 0.00483011 -0.529396 -0.755414 -0.0014844 -0.655246 -0.755508 0.00914703 -0.655076 -0.820947 -0.00167618 -0.571003 -0.860786 0.0305837 -0.508048 -0.654905 -0.649409 -0.386482 -0.546195 -0.746399 -0.380208 -0.510691 -0.778916 -0.363983 0.000250976 -1 0.000240198 0.0017161 -0.999997 0.00189986 -0.582113 -0.649386 -0.489329 -0.765097 0.0238359 -0.643473 -0.476119 -0.747648 -0.462962 -0.716964 -0.00169022 -0.697108 -0.440835 -0.782671 -0.43942 -0.496149 -0.644321 -0.581968 -0.648734 0.0112937 -0.760931 -0.385256 -0.762717 -0.519462 -0.920251 5.55452e-08 -0.391328 -0.920809 -0.000821759 -0.390013 -0.986832 2.2642e-08 -0.161747 -0.986832 2.28813e-08 -0.161747 -0.58081 -0.759532 -0.292867 -1 2.84687e-11 7.53066e-12 -1 3.77308e-11 1.15146e-17 -0.986832 -8.43736e-08 0.16175 -0.986832 -2.76177e-08 0.16175 -0.919924 -3.45602e-06 0.392097 -0.847662 0.000455159 0.530537 -0.921092 -0.00113866 0.389343 -0.852637 -0.00284841 0.522495 -0.847691 -6.22704e-08 0.53049 -0.000323739 1 -0.000337012 0.00245178 0.999993 -0.00294738 0.758777 1.14679e-15 -0.651351 0.84928 0.000871326 -0.527942 0.848648 0.000132085 -0.528958 0.758804 -2.57126e-05 -0.651319 0.651389 0 -0.758744 -1.35457e-15 1 -1.41011e-15 -2.14279e-06 1 2.82071e-06 -1.86792e-06 1 2.98037e-06 0.529374 0 -0.848389 -0.000417366 1 0.00078259 -0.000480334 1 0.000769796 0.516692 0.0177654 -0.855987 -0.00237883 0.999976 0.00645748 0.683494 0.702318 0.198959 -0.754784 6.20095e-06 0.655974 -0.643398 3.25951e-05 0.765532 0.528387 0.000334603 -0.849004 0.528487 0 -0.848942 0.651389 0 -0.758744 0.651389 -1.14603e-15 -0.758744 0.240405 -0.00745219 -0.970644 0.526447 0.00206603 -0.850205 1.75707e-16 1 1.47734e-15 -0.692731 -0.00368529 -0.721186 -6.16909e-09 1 1.30484e-08 -0.696827 -0.00274082 -0.717234 -0.118092 0.0131131 -0.992916 -0.187454 0.00386681 -0.982266 0.850057 0.0021867 -0.526687 0.993389 -0.00224399 0.114776 0.998002 0.00788709 0.0626897 0.26427 0.959701 0.0955774 -0.549636 0.0649251 -0.832877 -8.73867e-08 1 -2.24663e-08 -3.69875e-05 1 -1.6798e-05 -0.471977 0.0375297 -0.880812 -0.375853 -0.00823246 -0.926643 -0.266958 -0.706065 0.655901 0.0925965 -0.635294 -0.766699 0.135664 -0.766065 -0.628283 0.136408 -0.751249 -0.645769 -0.649865 0.00121131 -0.760049 -0.000729904 0.999995 -0.00299298 0.921426 0.00671537 -0.388497 -0.000542134 1 -0.000472641 0.545027 -0.00132308 0.838417 0.792871 0.000391064 0.60939 -3.37854e-07 1 6.59268e-08 -3.75867e-07 1 2.89478e-07 -3.36856e-07 1 8.46518e-07 0.451864 0.00339794 0.89208 -0.312603 0.00847298 0.949846 -0.00401695 -0.00529406 0.999978 -1.45398e-05 1 -0.000267003 0.0543748 0.000247101 0.998521 0 1 0 -0.271214 0.706284 0.653916 -0.266826 0.712136 0.649358 0.898475 0.0879014 0.430134 0.965333 5.60988e-08 -0.261021 0.693431 1.54855e-07 -0.720523 0.587572 0.0134992 -0.809059 -0.981215 0.00493983 0.192855 0.7713 0.00178074 -0.636469 2.60651e-08 1 1.57933e-08 9.32187e-09 1 4.15437e-09 0.9134 0.000517461 0.407064 2.10135e-08 1 -7.55725e-09 -3.91563e-06 1 1.63227e-07 -0.000293186 0.999998 -0.00179033 0.0759249 -1.0251e-15 0.997114 -0.998194 0.00175445 0.0600505 -0.820513 0.43998 0.364932 -0.202245 0.926073 0.318568 0.921605 -0.00120374 0.388128 0.15072 0.859688 -0.488077 0.934801 -0.00871527 0.355066 0.00463805 0.999119 0.0417194 -0.0094449 0.999955 -0.000260542 0.0161605 0.999869 2.39667e-05 0.287895 0.729556 -0.620374 0.294825 0.706276 -0.643624 0.243268 0.706272 -0.664831 -0.01199 0.999594 0.0258367 0.419695 0.00790001 -0.907631 0.341393 -0.113985 -0.932984 0.918346 0.00259228 0.395769 -0.84793 0.000596143 0.530107 -0.522184 0.000409916 0.852833 -0.550472 0.00439497 0.834842 -0.862228 0.00368355 0.506507 7.88368e-15 1 -1.28757e-14 -0.0416378 0.998519 0.035018 -0.187066 0.749294 0.635268 -0.655486 -0.00263449 0.755202 -0.383624 0.00148485 0.923488 -0.382494 0.00115439 0.923957 0 1 0 -0.646652 -0.00164517 0.762784 0 1 0 -0.549467 0.819287 0.163875 0.448543 0.762387 0.466449 0.683116 -0.00505468 0.730292 0.775875 0.0105544 0.630799 0.127406 0.603677 0.786983 0.528782 -0.0189731 -0.848546 0.643231 0.000581291 -0.765672 0.512641 -0.742927 -0.430418 0.542378 -0.655014 -0.526102 0.465348 -0.801475 -0.37562 0.821357 -0.00101474 -0.570414 0.635014 -0.634035 -0.441312 0.861008 0.0313848 -0.507622 0.663559 -0.637788 -0.391043 0.848047 0.00487904 -0.529899 0.902931 -0.000313503 -0.429786 0.63865 -0.706826 -0.304176 0.549125 -0.785453 -0.285526 8.80606e-06 -1 -2.77473e-06 0.386316 -0.915845 -0.109492 0.652546 -0.707047 -0.27252 0.985967 -0.00245413 -0.16692 0.935445 -0.00248814 -0.353463 0.986843 2.05901e-08 -0.161682 0.919997 -5.1886e-06 -0.391925 0.919785 0.0208848 -0.391866 0.986843 -5.73875e-08 -0.161682 0.707064 -0.707149 -1.18702e-07 2.4162e-06 -1 -1.84886e-07 -4.49904e-06 -1 8.26287e-07 -1.38095e-06 -1 3.3658e-08 0.707065 -0.707149 -8.99369e-08 1 8.25654e-11 6.55721e-11 0.919968 3.79913e-05 -0.391993 0.84806 -0.000108985 -0.5299 0.704241 -0.704325 -0.0892801 0.521498 -0.00170679 -0.853251 3.45989e-07 1 -1.75253e-07 3.01049e-08 1 1.75997e-07 -0.763012 0.000698828 -0.646384 -0.985621 0.00150631 -0.168965 2.27377e-07 1 8.07472e-07 9.34524e-07 1 1.55766e-07 -0.536882 -0.00975218 0.843601 -0.117177 0.0112692 0.993047 -0.679976 0.690553 0.246516 -0.914632 0.00695133 0.404229 -0.994657 0.00201145 -0.103213 -4.00597e-10 1 2.88067e-10 -0.995895 1.44107e-08 -0.0905198 -1 5.93066e-16 9.23795e-23 -1 4.61897e-23 -2.90137e-16 6.45091e-08 1 6.86382e-08 -1.49474e-07 1 -1.28823e-07 9.64391e-10 1 8.31152e-10 -0.0812826 0.00427045 -0.996682 -0.520198 -0.00783661 -0.85401 -0.047004 0.940492 -0.336548 0.0653177 0.997691 -0.0186076 -0.0263056 0.999547 -0.0145991 -0.341005 0.0224149 0.939794 -0.958584 -0.00118097 -0.284809 -0.377021 0.00388425 0.926197 0.125749 0.983202 0.132292 -4.87363e-05 1 0.000293559 -2.58601e-08 1 1.55766e-07 -0.00464317 0.999928 0.0110382 0.0203602 0.99977 -0.00676993 0.00857435 0.99996 0.00245523 0.00964749 0.999951 -0.00221614 0.0720756 0.99591 0.0544769 -0.747946 -0.600147 0.283549 -0.969029 0.0638622 0.238545 -0.729969 0.000743231 0.68348 0.000120717 1 2.90565e-05 4.81674e-05 1 3.00039e-05 -4.49725e-05 1 -1.38725e-05 -0.732892 -1.10941e-07 0.680345 0 1 0 -3.52926e-07 1 -1.8176e-07 -0.97557 -0.0013597 0.219683 -1.87434e-07 1 -2.12553e-08 -0.971543 -4.06287e-08 0.236862 -4.23047e-08 1 1.28969e-07 -7.27293e-05 1 -0.000140805 4.27706e-10 1 -1.64627e-09 -1.63414e-10 1 -6.79652e-10 -1.53049e-05 1 4.52847e-05 0.251455 0.00210296 -0.967867 0.678661 0.00242347 -0.734448 0.253205 0.00189767 -0.967411 -0.207359 0.00450916 -0.978254 -0.233775 0.00135119 -0.97229 -0.527563 0.00108783 -0.849515 -0.651426 -2.54513e-15 -0.758713 -0.651393 -2.57283e-05 -0.75874 -0.528875 0.000132026 -0.8487 -4.69055e-07 1 2.5825e-07 -0.000659096 1 0.000362881 1.61801e-06 1 1.89314e-06 0.526506 0 0.850172 0.649707 0 0.760185 0.00035805 0.999995 0.00315854 0.649706 5.16289e-07 0.760185 0.759275 -8.74585e-08 0.65077 0.759275 0 0.65077 1.53367e-06 1 1.97748e-06 -0.000138748 1 -0.000178899 -0.000183193 1 -0.000113819 0.849407 0 0.527739 0.857313 -0.0193859 0.51443 -0.00516328 0.999975 -0.00484115 0.339298 0.713285 -0.613271 0.369793 0.00261664 -0.929111 0.291879 0.0402674 -0.955607 0.418446 -0.00687442 -0.908216 -0.521507 0.845719 -0.11309 -0.848795 -0.000327249 -0.528722 -0.979538 0.00439312 -0.201213 -0.848828 0.00127487 -0.528668 -0.849106 0.000190694 -0.528222 -0.7588 2.19506e-05 -0.651324 -0.758776 2.54841e-15 -0.651351 -0.966589 0.000376525 0.256332 -0.972233 0.000419321 -0.234015 -0.971022 0.00252415 0.238976 0.850554 -0.00167614 0.525884 0.850256 -1.33126e-07 0.52637 0.920932 -0.000478788 0.389723 0.849854 0.00025543 0.527019 0.759275 -1.68208e-07 0.65077 0.649731 1.28388e-05 0.760164 0.523638 3.09956e-05 0.851941 0.649724 7.73096e-06 0.76017 0.523623 5.05908e-06 0.85195 0.384453 0.000878595 0.923144 0.523525 -4.03869e-05 0.852011 0.384889 0.000185456 0.922963 0.233 -0.00439069 0.972467 0.236312 -7.17659e-06 0.971677 0.144644 0.790776 0.59477 0.537112 0.0932492 0.838341 0.082181 0 0.996617 0.230985 0 0.972957 0.231916 -0.00117723 0.972735 0.0821732 -1.00051e-05 0.996618 -0.0739886 3.2512e-06 0.997259 0.082181 -4.99729e-06 0.996617 0.926035 0.023829 -0.376684 0.905774 0.000443051 -0.423761 -0.526329 0.00300449 -0.850276 -0.51833 0.00394935 -0.855172 -0.226161 -0.000270193 -0.97409 -0.227817 0.00119645 -0.973703 4.32314e-05 1 4.26462e-05 2.84529e-05 1 1.24011e-06 -0.0759293 1.31551e-06 -0.997113 -4.27992e-05 1 -0.000133057 0 1 0 0 1 0 -0.999088 0.00110522 -0.0426951 -0.999051 0.00125479 -0.0435434 -0.858393 0.000756119 -0.512993 0 1 0 -0.851576 0.00150094 -0.524229 -0.546276 -0.00350793 -0.837598 0 1 0 -0.374546 0.00411056 -0.927199 -0.375505 0.00442068 -0.92681 1.19234e-07 1 2.85342e-07 0.649075 0.00911507 -0.76067 0.237996 -0.0137067 -0.971169 0.0234017 0.99954 0.0193011 0.00613897 0.999963 0.00602277 0.0765093 0.996091 -0.0441442 -0.925153 0.00127529 0.379593 0.52128 -0.00772717 0.853351 -0.921685 0.00534252 0.387902 0.417855 0.00439784 0.908503 0.523627 0.00017371 0.851948 0.354681 -0.0741163 0.932045 -0.00439992 0.998643 0.0518922 -0.0146124 0.999496 0.0281795 0.00548196 0.999968 0.00575693 0.00328736 0.999861 -0.0163379 -0.0825371 0.995379 0.0490694 -0.857026 0.00224587 -0.515268 -0.858674 0.00186553 -0.512519 0 1 0 -0.288548 0.747715 -0.598048 -0.000960039 0.997365 -0.072541 2.14843e-21 1 1.59685e-07 0 1 0 0 1 0 0 1 0 0 1 0 0.544807 -0.0132729 -0.838457 0.230946 0.00383897 -0.972959 0.226776 0.000147616 -0.973947 0.226351 0.00109946 -0.974045 -0.92139 0.005128 -0.388605 -0.000566445 0.999993 -0.00371415 -0.000709367 0.999999 0.000770037 -0.00022223 1 0.000843764 -4.72833e-05 1 0.000218202 1.59882e-05 1 0.000209849 0.00070915 1 -0.000307891 -0.226145 0.000134728 -0.974094 -0.0759702 -2.36074e-05 -0.99711 -4.089e-05 1 1.77532e-05 0.00208735 0.999994 0.00258771 0.13347 0.990157 -0.0421277 0.00742196 0.999767 -0.0202813 0.00921025 0.999914 0.009388 0.833696 -0.446057 -0.325551 0.999434 -0.000311175 -0.0336425 0.590501 0.806827 -0.0183985 0.639676 0.660871 -0.392511 0.851493 2.38448e-05 -0.524367 0.878508 0.00415347 -0.47771 0.567996 -0.00557693 -0.823012 0.380986 0.0022184 -0.924578 0.379542 0.0026861 -0.925171 0.183872 0.849174 -0.49507 0.242471 0.777873 -0.57976 0.868088 0.0138842 -0.496217 0.999223 0.000704751 -0.0394143 0.828506 0.000790745 -0.55998 -0.922098 0.00430044 -0.386933 0.0760116 -2.62531e-05 -0.997107 0.0759685 1.88112e-11 -0.99711 -0.528842 -0.000211494 -0.84872 -0.685687 0.704789 0.181952 -0.43864 0.800196 0.409 -0.526333 0.82945 -0.187045 -0.649235 0.711281 -0.269396 -0.924205 0.000454113 -0.381897 -0.549029 0.000729109 -0.835803 -0.0561536 1.70282e-07 -0.998422 -0.540847 1.12773e-07 -0.841121 -0.169816 0.715961 -0.677173 -0.451258 0.551013 -0.701962 -0.92561 -0.000691862 -0.378477 0.908745 -0.0707969 0.411302 0.934554 0.0247656 0.354958 -0.954529 -0.00270578 -0.298106 -0.82956 0.00122174 -0.558417 -0.73659 0.0171456 -0.676122 0.883793 -0.0119367 -0.467725 -0.520431 0.808859 0.273676 -0.527215 0.138961 0.838292 -2.43305e-06 1 3.05189e-07 -0.0739556 1.29687e-05 0.997262 0 -1 0 -0.515271 -0.000589998 0.857027 0.00943102 0.999749 -0.0203225 -0.0124015 0.999923 0.000256211 0.92609 0.00359207 -0.377285 0.791388 0.174226 0.585961 0.822695 0.0181951 0.568192 -0.911175 -0.0638937 0.407035 -0.933272 0.0180076 0.35872 0.368847 0.0100124 -0.929436 -0.00967864 0.998732 0.0494103 0.560851 0.745564 0.359973 -0.907663 -0.0759418 -0.412771 0.493969 0.851533 0.175747 0.0104136 0.999877 0.0117152 0.694525 -0.0250768 -0.719031 0.408906 0.880548 -0.239649 0.764003 -0.163878 -0.624054 0.594347 0.769941 0.232257 0.932507 0.0548222 0.356967 0.540806 0.00119547 0.841146 0.517882 -0.000208955 0.855452 0.918989 -0.0023789 -0.394275 1 -0.00022496 -0.000110054 0.134067 0.0126605 -0.990891 0.569566 0.00215663 -0.821943 -0.971459 0.0029704 -0.237189 -0.970934 0.00729013 -0.239236 3.51097e-08 1 1.00938e-07 0.500396 2.61498e-05 -0.865797 -0.969849 7.14503e-05 -0.243708 -0.969821 -0.00633854 -0.243734 -3.30165e-09 1 1.72013e-07 -0.962817 3.60543e-08 -0.270153 -0.964945 -0.00539392 -0.262398 -0.967111 0.00411494 -0.254323 -0.955188 -0.163693 -0.246619 -0.954332 -0.142408 -0.262623 -0.971007 -0.116302 -0.208851 -0.976863 -0.00450809 -0.213819 -0.96202 -0.0294127 -0.271389 -0.983828 -0.100736 -0.148105 -0.974928 -0.145877 -0.168036 -0.983512 -0.138453 -0.116339 -0.887345 -0.45537 -0.0725048 -0.887371 -0.455315 -0.0725352 -0.988996 -0.107013 -0.102148 -0.988693 -0.122723 -0.0861689 -0.892557 -0.449395 -0.0372345 -0.514612 -0.855678 0.0546713 -0.886219 -0.46224 -0.0308185 -0.174523 -0.98115 0.0829818 -0.500378 -0.865494 0.0232572 -0.180155 -0.980595 0.0773139 -0.166304 -0.985671 0.0282199 -0.47908 -0.877022 -0.0362553 -0.503175 -0.863955 0.0199165 -0.159826 -0.986425 0.0377055 -0.0457705 -0.998951 -0.00135666 -0.0521664 -0.998598 -0.00897847 -0.0781398 -0.995508 0.0534579 -0.132835 -0.990725 -0.0286171 -0.144708 -0.988549 -0.0427883 -0.437984 -0.891313 -0.117183 -0.439827 -0.890078 -0.119634 -0.480953 -0.875872 -0.0391496 -0.870699 -0.474174 -0.130547 -0.843015 -0.489474 -0.223027 -0.873753 -0.467376 -0.134594 -0.837117 -0.503061 -0.214861 -0.798626 -0.512874 -0.31489 -0.425695 -0.887017 -0.178839 -0.792148 -0.529068 -0.304285 -0.414441 -0.88101 -0.228165 -0.401662 -0.89594 -0.189631 -0.749079 -0.538505 -0.385867 -0.756966 -0.529071 -0.383518 -0.875199 -0.202757 -0.439223 -0.91142 -0.220412 -0.347465 -0.880894 -0.187312 -0.434672 -0.910816 -0.189012 -0.367 -0.933414 -0.173838 -0.313877 0.95386 -0.00963714 0.300097 0.231896 0.886142 -0.401219 0.373215 0.666153 -0.645718 0.373171 0.666242 -0.645651 0.483333 0.258804 -0.836307 0.483262 0.259497 -0.836133 0.97167 -0.00889408 0.236175 0.97376 -0.0510076 0.221785 0.9705 -0.143577 0.193687 0.959307 -0.146862 0.241168 0.961854 0.128085 0.241724 0.978196 -0.0724034 0.194654 0.979179 -0.0827185 0.185381 0.978324 -0.0554761 0.199512 0.974602 -0.12524 0.185648 0.990311 -0.0349164 0.134406 0.989423 -0.00992498 0.14472 0.989679 -0.00893278 0.143024 0.500373 -9.81547e-05 -0.86581 0.991587 -0.0325481 0.125286 0.500382 4.7704e-05 -0.865805 0.484155 -0.252621 -0.837721 0.972016 0.109569 0.207796 0.972279 0.114428 0.203911 0.97262 0.0898978 0.21431 0.973371 0.11872 0.196099 0.97899 0.121803 0.163533 0.988912 -0.0100512 0.148162 0.989827 -0.0241206 0.140216 0.979138 0.147602 0.139651 0.975729 0.156382 0.153291 0.881134 0.435085 0.185212 0.880835 0.435062 0.186684 0.527571 0.809625 0.257247 0.556174 0.809595 0.187684 0.522407 0.814853 0.251208 0.889528 0.414245 0.192722 0.874477 0.442753 0.19814 0.869602 0.458534 0.183135 0.869287 0.455162 0.192792 0.514252 0.812417 0.274817 0.509274 0.81725 0.269708 0.531352 0.828371 0.177387 0.615023 0.753786 0.231414 0.865641 0.476479 0.153734 0.863417 0.470724 0.181464 0.937774 0.319439 0.136154 0.990006 0.137261 0.0323692 0.810707 0.573539 0.117503 0.988507 0.151165 0.00166369 0.999317 -0.000659006 -0.0369388 0.998815 0.00979613 -0.0476686 0.978366 -0.203192 -0.0388946 0.801569 -0.596381 -0.0426272 0.985379 -0.161286 -0.0549024 0.829475 -0.557738 -0.0299968 0.803467 -0.593587 -0.045771 0.573045 -0.819324 -0.0180805 0.454723 -0.889199 0.0505231 0.452304 -0.891497 -0.0255749 0.357284 -0.933979 0.00567834 0.573103 -0.818347 0.0431447 0.582133 -0.811732 0.0470335 0.35728 -0.931975 0.0614232 0.165877 -0.984383 0.0589526 0.338806 -0.939292 0.0542356 0.165438 -0.986159 0.0110101 0.168728 -0.985631 0.00787809 0.153333 -0.987048 0.0471735 0.0304068 -0.999483 0.0104426 0.0290651 -0.998436 0.0477598 0.159614 -0.987174 0.00328613 0.0316976 -0.999447 0.0100046 -0.0458815 -0.998881 0.0114307 0.030314 -0.999494 0.00962133 0.160578 -0.987021 0.00190027 0.764024 -0.64087 -0.0745152 0.395473 -0.917616 -0.0397694 0.761792 -0.643806 -0.0720156 0.967381 -0.226297 -0.113857 0.725956 -0.681867 -0.0896918 0.97527 -0.20137 -0.0910942 0.967366 -0.229393 -0.107616 0.993794 -0.00544491 -0.111101 0.996155 0.00678289 -0.0873493 0.997425 -0.0112082 -0.0708419 0.986645 0.147062 -0.0700256 0.888901 0.454522 -0.0571357 0.886727 0.453745 -0.0884929 0.902636 0.423005 -0.0794728 0.991249 0.0951871 -0.0914616 0.991185 0.118562 -0.0591189 0.875631 0.478503 -0.0656139 0.876941 0.47239 0.0884417 0.812389 0.575606 0.0932846 0.568843 0.809725 0.144094 0.554406 0.800216 0.228666 0.621768 0.76383 0.173115 0.306455 0.942114 0.136037 0.222392 0.974786 0.0182599 0.072195 0.99739 -0.00127012 0.224037 0.974491 -0.0132141 0.0718096 0.988424 0.133649 0.0729625 0.997334 -0.00106777 0.232801 0.964056 0.128065 0.192846 0.944065 0.267493 0.166319 0.95463 0.247021 0.00218827 0.969808 0.24386 0.170996 0.979511 0.106389 0.0395059 0.976506 0.211836 0.0494383 0.991703 0.118665 0.1618 0.968463 0.189472 -0.00718091 0.990047 0.140556 -0.0477617 0.976061 0.212188 -0.0312524 0.992498 0.118203 -0.0981275 0.985818 0.13614 -0.0667978 0.997739 0.00747547 -0.0404982 0.997133 0.0639252 0.0221738 0.999722 0.00798618 -0.0520407 0.998644 -0.00144564 0.0122657 0.999923 0.00195725 -0.0398295 0.999175 0.00789762 -0.0406335 0.999139 0.00833365 0.074142 0.997244 0.00279314 0.228926 0.973203 -0.0216394 0.0660954 0.99781 0.00255432 0.225232 0.974098 -0.0200882 0.0133848 0.999859 0.0101757 0.211781 0.97702 -0.0241052 0.574902 0.814308 -0.0799383 0.579118 0.810539 -0.0874536 0.916556 0.375619 -0.137244 0.9099 0.390679 -0.139468 0.987488 0.0367042 -0.153361 0.913788 0.369425 -0.168869 0.976609 0.112961 -0.182958 0.983026 -0.0112706 -0.183121 0.966983 -0.137607 -0.214496 0.972724 -0.098727 -0.209909 0.976302 0.00611875 -0.216325 0.881967 0.433452 -0.185076 0.976917 0.065232 -0.203414 0.874571 0.453841 -0.170742 0.507796 0.855243 -0.103457 0.206458 0.978049 -0.0281919 0.552026 0.829713 -0.0827246 0.0577039 0.99833 0.00257989 0.196708 0.980422 -0.00883234 0.0650033 0.997868 0.00590946 0.00870641 0.99989 0.0120166 0.00666477 0.999915 0.0112169 -0.125325 0.991969 0.0170904 -0.117228 0.992847 0.0226414 -0.0968829 0.994895 0.0282403 -0.0272783 0.999451 0.018801 -0.0235165 0.999608 0.0151732 -0.0607409 0.997894 0.0227824 -0.0968839 0.995241 0.0104463 -0.0285449 0.999566 0.00733021 -0.0285607 0.999432 0.0178628 -0.0624898 0.99696 -0.0465475 -0.0524655 0.99818 -0.0297189 -0.0560783 0.991125 -0.120529 -0.0227994 0.994015 -0.106837 -0.00341115 0.999345 -0.0360257 -0.0104231 0.99213 -0.124777 -0.0168155 0.999791 0.0116026 0.00550202 0.999982 0.00226587 0.0297281 0.999525 0.0081854 0.00117284 0.998982 -0.0450885 0.0708238 0.978859 -0.191882 0.000581723 0.981157 -0.193209 0.0545354 0.974022 -0.219787 0.0114698 0.961774 -0.273605 0.000563168 0.957794 -0.287455 0.0482463 0.953526 -0.297424 0.0310789 0.903965 -0.426476 0.0382737 0.948477 -0.314527 -0.0164052 0.909107 -0.41624 -0.00584097 0.915464 -0.402358 -0.0293373 0.775548 -0.630606 0.0301311 0.750866 -0.659767 -0.02163 0.780999 -0.624158 0.0264064 0.90045 -0.434158 -0.128618 0.497277 -0.858005 -0.121714 0.510391 -0.851285 -0.0814588 0.795252 -0.600782 -0.0305641 0.493252 -0.869349 -0.0241655 0.51012 -0.859764 -0.122542 0.191283 -0.973855 -0.0495036 0.109762 -0.992724 0.0375893 0.186744 -0.981689 0.0298078 0.689021 -0.724128 0.0983379 0.58407 -0.805725 8.17256e-05 1 -0.000788322 0.0237785 0.717901 -0.695739 -0.0858925 0.749848 -0.656011 0.000775168 0.999992 0.00397591 1.3783e-06 1 7.42167e-06 -2.04528e-06 1 -2.31946e-06 -1.93793e-08 1 1.5931e-07 4.84886e-08 1 1.5931e-07 -0.085978 0.754345 -0.650823 -0.702918 0.698173 -0.135868 0.000980803 0.999999 0.00041397 -1.0119e-08 1 1.52595e-07 5.36868e-06 1 2.62403e-06 0.000444599 1 0.000208319 -0.707108 0.707106 1.27043e-07 -0.700511 0.700509 -0.136276 -1 1.93867e-09 3.85047e-10 -1 1.17499e-08 0 -1 1.17497e-08 1.05471e-14 -0.928464 -0.371422 0 -0.933123 -0.3573 0.0402279 -0.937784 -0.347218 -3.11681e-07 -0.842628 -0.537565 0.0316596 -0.842546 -0.538005 0.0258352 -0.938127 -0.344634 0.0338263 -0.769487 -0.627241 0.120244 -0.811718 -0.572692 0.114618 -0.860557 -0.502236 0.0848506 -0.970138 -0.221396 0.0990791 -0.952209 -0.255751 0.166999 -0.95238 -0.250385 0.17401 -0.961683 -0.158786 0.223503 -0.821012 -0.392877 0.414231 -0.829697 -0.510701 0.225361 -0.885547 -0.419488 0.19959 -0.958712 -0.12542 0.255229 -0.954129 0.0104664 0.299211 -0.938681 -0.182618 0.292454 -0.973859 -0.0234001 0.225943 -0.972438 -0.00537937 0.233099 -0.970822 0.000209781 0.239801 -0.97403 0.014162 0.225974 -0.92637 0.00660839 0.376558 -0.924593 -0.062262 0.375835 -0.909717 0.00597538 0.415186 -0.935856 0.0917607 0.340224 -0.893284 -0.0139153 0.449276 -0.838098 0.012573 0.545375 -0.833828 0.0224587 0.551567 -0.817918 -0.0517522 0.573002 -0.894911 -0.179824 0.408409 -0.894038 -0.162444 0.417502 -0.75429 -0.56751 0.330119 -0.779957 -0.504045 0.370951 -0.799548 -0.181667 0.572469 -0.668271 -0.563307 0.4859 -0.804828 -0.211032 0.554723 -0.706914 -0.222186 0.671495 -0.732552 -0.0189128 0.680448 -0.718607 0.0365325 0.694456 -0.571224 -0.00332722 0.820787 -0.652247 -0.015316 0.757852 -0.569428 0.0793252 0.818205 -0.366723 0 0.93033 -0.347443 -0.0444627 0.936646 -0.58016 -0.0316156 0.813888 -0.524814 -0.00836806 0.851176 -0.316788 0.0839183 0.944777 -0.347781 0.00607368 0.937556 -0.462819 0 0.886453 -0.567478 -0.225231 0.791985 -0.566286 -0.220821 0.794077 -0.451348 -0.221266 0.86448 -0.470823 -0.575315 0.668833 -0.312176 -0.570326 0.759785 -0.377184 -0.20257 0.903713 -0.470575 -0.570492 0.673126 -0.335912 -0.753341 0.565367 -0.348738 -0.779734 0.519997 -0.26194 -0.752528 0.604226 -0.313725 -0.575962 0.75488 -0.236834 -0.768338 0.594615 -0.13679 -0.856172 0.498255 -0.151047 -0.891194 0.427736 -0.254432 -0.82995 0.496435 -0.256827 -0.834556 0.487397 -0.215642 -0.87524 0.432959 -0.172431 -0.860754 0.478926 -0.337097 -0.69979 0.629809 -0.333475 -0.723679 0.604221 -0.421934 -0.692903 0.584686 -0.52576 -0.446213 0.724203 -0.522872 -0.471815 0.709927 -0.468367 -0.45767 0.755758 -0.595102 -0.0967043 0.797811 -0.645221 0.0471513 0.76254 -0.667118 -0.0791034 0.740741 -0.735382 -0.0889911 0.671784 -0.755688 0.0848672 0.64941 -0.617397 0.580703 0.530664 -0.79339 -0.056144 0.606118 -0.468844 0.813514 0.344065 0.000260733 1 -0.000137442 2.07362e-05 1 -1.2551e-05 -0.350367 0.738159 0.57651 -0.00208935 0.99999 0.0040357 1.277e-06 1 -6.78345e-06 -2.03107e-06 1 2.62529e-06 -0.261143 0.727169 0.634847 -0.18727 0.730951 0.656232 0.000772836 0.999992 -0.00396372 -0.267177 0.70116 0.661053 -0.409591 -0.140734 0.901349 -0.374497 -0.042131 0.926271 -0.497168 -0.0847004 0.86351 -0.515107 0.0177307 0.856943 -0.362867 0.708814 0.604905 -0.327808 -0.125001 0.936438 -0.260143 -0.0512915 0.964207 -0.235574 -0.122495 0.964106 -0.141765 -0.0979301 0.985044 -0.11049 -0.00297769 0.993873 -0.0524621 -0.133942 0.9896 0.022906 0.741813 0.670216 0.0328771 0.685956 0.7269 0.0444279 0.129251 0.990616 0.116932 -0.147065 0.982191 0.193891 0.0583546 0.979286 0.226164 0.631271 0.741853 0.290781 0.0432102 0.955813 0.261222 -0.0900755 0.961067 0.128602 0.7532 0.645097 -1.93797e-08 1 1.89033e-07 7.77271e-05 1 0.000655775 0.135022 0.735561 0.663867 0.000685622 0.999999 0.00135895 0.000137612 1 0.000225176 -3.92367e-07 1 -1.87033e-08 2.19094e-07 1 1.84828e-07 0.707108 0.707105 8.82854e-08 0.707108 0.707106 9.73997e-08 1.76175e-05 1 1.44663e-07 -1.94828e-05 1 -4.58771e-06 1 4.09178e-05 -1.78785e-10 0.972225 -0.234041 -0.00184116 0.870936 -0.491334 0.00785763 0.793509 -0.608558 0.000554341 0.870809 -0.458125 0.178364 0.99958 -0.0289312 0.00188906 0.958155 -0.127144 0.256463 0.91482 -0.0874287 0.394284 0.663217 0.682204 0.3078 0.903944 0.0710748 0.421703 0.598034 0.748594 0.286289 0.849085 -0.0937339 0.519874 0.620207 0.667788 0.411585 0.832716 -0.0336049 0.552679 0.820076 -0.0739107 0.567461 0.728114 -0.592999 0.343806 0.547794 -0.794791 0.261206 0.568031 -0.750083 0.338699 0.599679 -0.758999 0.253586 0.708784 -0.593802 0.380822 0.444188 -0.886015 0.132949 0.598168 -0.781399 0.177796 0.440837 -0.887153 0.136462 0.422657 -0.88319 0.203313 0.441817 -0.876102 0.192985 0.392989 -0.898231 0.196825 0.491442 -0.85876 0.144971 0.449953 -0.86296 0.229875 0.443318 -0.866096 0.23097 0.580596 -0.756828 0.300198 0.622215 -0.760461 0.18587 0.479935 -0.868598 0.123285 0.670067 -0.722581 0.169964 0.684707 -0.723498 0.0879003 0.780608 -0.581114 0.230125 0.802156 -0.584494 0.12212 0.808074 -0.576691 0.120183 0.812773 -0.581949 0.0271138 0.813573 -0.580851 0.0266674 0.725578 -0.688019 0.012883 0.725041 -0.68858 0.0131409 0.807115 -0.587612 -0.0572423 0.718843 -0.692623 -0.0594844 0.81408 -0.577335 -0.06291 0.799236 -0.584889 -0.138297 0.700202 -0.69556 -0.160976 0.844961 -0.500175 -0.189383 0.722171 -0.688922 -0.0620883 0.926639 -0.2833 -0.247145 0.904327 -0.376141 -0.201766 0.916579 -0.36855 -0.155093 0.833705 -0.504661 -0.224173 0.912577 -0.183454 -0.365442 0.902213 -0.296604 -0.313111 0.857612 -0.382149 -0.344187 0.878231 -0.373361 -0.298851 0.777891 -0.497148 -0.384355 0.797555 -0.4946 -0.345365 0.738192 -0.625008 -0.253846 0.878491 -0.202655 -0.432649 0.897233 -0.192645 -0.397318 0.849663 -0.264303 -0.456309 0.814398 -0.280852 -0.507817 0.876735 0.0188948 -0.480602 0.905897 0.0398311 -0.42162 0.865781 0.0733958 -0.495012 0.816541 0.0344926 -0.576256 0.829894 0.269626 -0.488445 0.858631 0.294545 -0.41952 0.715008 0.52714 -0.459225 0.758917 0.442501 -0.477743 0.718693 0.396944 -0.57089 0.560212 0.410635 -0.719404 0.577551 0.431201 -0.693182 0.50333 0.717772 -0.481106 0.77157 0.233647 -0.591683 0.52504 0.692884 -0.494211 0.54376 0.713541 -0.441797 0.38833 0.835435 -0.388906 0.343348 0.774861 -0.530756 0.335122 0.782531 -0.524727 0.30898 0.850684 -0.425287 0.183832 0.808323 -0.559303 0.214956 0.895211 -0.390372 0.0909559 0.878203 -0.469559 0.113817 0.898154 -0.424695 0.179752 0.925767 -0.332633 0.281551 0.910033 -0.304252 0.321633 0.910297 -0.260599 0.170561 0.960092 -0.221657 0.190371 0.973647 -0.125581 0.119157 0.960513 -0.251427 0.122772 0.978073 -0.168227 0.0672944 0.985177 -0.157792 0.10657 0.991864 -0.0696296 0.145922 0.985356 -0.0882105 0.138763 0.990039 -0.0238068 0.173748 0.98448 -0.0247125 0.173283 0.981843 -0.0771819 0.182442 0.980565 -0.0721578 0.314877 0.94842 -0.0367624 0.221748 0.959816 -0.171993 0.586064 0.797127 -0.145318 0.308834 0.94506 -0.10716 0.683081 0.718183 -0.132717 0.599669 0.781273 -0.17323 0.346668 0.933267 -0.0939935 0.26942 0.944184 -0.189553 0.428864 0.898333 -0.0952567 0.384434 0.922689 -0.0292432 0.763622 0.63145 -0.134733 0.693727 0.697058 -0.181255 0.757101 0.626004 -0.186861 0.428783 0.898149 -0.0973294 0.805542 0.573552 -0.148795 0.951467 0.194959 -0.238121 0.964724 0.149534 -0.216672 0.950873 0.221252 -0.216538 0.799692 0.569344 -0.190631 0.854166 0.481669 -0.195947 0.96517 0.149102 -0.214976 0.83719 0.522685 -0.160973 0.972008 0.00413599 -0.234912 0.961277 -0.13618 -0.239584 0.829684 -0.51767 -0.208908 0.867259 -0.451374 -0.210055 0.958449 -0.164975 -0.232719 0.579311 -0.803706 -0.13585 0.599085 -0.786622 -0.149408 0.27368 -0.959365 -0.0686954 0.0966095 -0.995126 -0.0197818 0.291197 -0.955097 -0.0547241 0.0227366 -0.99973 -0.00472511 -0.0327193 -0.999464 -0.000665022 0.0137523 -0.999832 -0.0121419 0.0143607 -0.999809 -0.0132189 -0.0350762 -0.999325 -0.0109012 -0.032976 -0.998938 -0.0321753 -0.0828135 -0.996165 -0.0282486 -0.0687899 -0.996995 -0.0356165 -0.129079 -0.991086 -0.0329762 -0.118668 -0.992508 -0.0290777 -0.191871 -0.981024 -0.0278968 -0.17992 -0.983042 -0.0354462 -0.31271 -0.949101 -0.0376737 -0.313811 -0.948984 -0.0308493 -0.560738 -0.827189 -0.0364939 -0.549112 -0.835413 -0.0236672 -0.595102 -0.803221 0.0262648 -0.858311 -0.511704 0.0382181 -0.802277 -0.596189 -0.0301537 -0.850073 -0.524493 0.0477724 -0.875828 -0.473267 0.0945772 -0.961634 -0.210272 0.1762 -0.992561 -0.00720841 0.121534 -0.988574 -0.0101378 0.150392 -0.992048 -9.53917e-05 0.125864 -0.994255 -0.0231661 0.104502 -0.983785 -0.0196904 0.17827 -0.994404 0.0154144 0.104518 -0.986194 0.0143465 0.164973 -0.957615 -0.204206 0.203159 -0.791307 -0.549506 0.268097 -0.662917 -0.722026 0.198038 -0.848764 -0.49947 0.173575 -0.892223 -0.392723 0.222952 -0.65464 -0.739663 0.156031 -0.66413 -0.732699 0.148606 -0.895478 -0.390534 0.213548 -0.884434 -0.442929 0.146939 -0.867191 -0.486727 0.105248 -0.631375 -0.771266 0.0807174 -0.62881 -0.772968 0.0843747 -0.385128 -0.920867 0.060662 -0.35749 -0.933914 0.00239696 -0.598574 -0.800788 0.0211466 -0.350791 -0.936398 0.0102574 -0.21896 -0.975725 -0.00419499 -0.210461 -0.976757 -0.0406494 -0.327407 -0.943999 -0.0408812 -0.143154 -0.988181 -0.0548251 -0.125885 -0.990798 -0.0497197 -0.195962 -0.979427 -0.0481816 -0.0796116 -0.995145 -0.0578682 -0.0954115 -0.993555 -0.0611994 -0.0514946 -0.996303 -0.0687623 -0.0371091 -0.997177 -0.0652804 -0.0555493 -0.997861 -0.0344733 -0.110747 -0.993305 -0.0328693 -0.101664 -0.994501 -0.0251646 -0.120177 -0.992587 0.0181494 -0.163103 -0.986317 -0.023987 -0.17709 -0.983735 0.0300849 -0.183596 -0.982706 0.0241025 -0.285849 -0.952867 0.10166 -0.280386 -0.953926 0.106815 -0.201399 -0.97527 0.0910363 -0.254819 -0.966264 0.0374411 -0.248625 -0.967619 0.0435697 -0.388429 -0.919718 0.0569315 -0.419638 -0.898987 0.125403 -0.421153 -0.8985 0.12381 -0.316106 -0.931336 0.180807 -0.229152 -0.959032 0.166574 -0.207088 -0.974533 0.0860225 -0.137917 -0.987481 0.076554 -0.151783 -0.97709 0.149186 -0.220591 -0.960017 0.172357 -0.136423 -0.987591 0.0777966 -0.0676862 -0.997665 0.00912543 -0.124525 -0.992112 0.0143955 -0.0781466 -0.994469 0.0701684 -0.0703934 -0.997496 0.0068908 -0.0273298 -0.99756 0.0642474 -0.0792333 -0.994445 0.0692965 -0.0229563 -0.999733 0.00254731 -0.0225527 -0.999741 0.00304965 -0.0260643 -0.997486 0.065903 0.0355776 -0.998194 -0.0483958 0.0411965 -0.998233 -0.042831 0.0377495 -0.999273 -0.00527561 0.0109938 -0.998562 -0.0524762 -0.0211018 -0.998944 -0.0408067 -0.0200511 -0.998997 -0.0400296 -0.0195951 -0.997102 -0.0735062 0.0157844 -0.996862 -0.0775744 0.0110508 -0.99679 -0.0792921 0.0590084 -0.996037 -0.0665417 0.0586886 -0.997078 -0.0488945 0.0604845 -0.997009 -0.04812 0.0539824 -0.99803 -0.0319629 0.00894887 -0.999274 -0.0370296 0.0103468 -0.999307 -0.0357681 0.0166648 -0.998057 -0.0600351 -0.0164762 -0.998761 -0.0469676 -0.0466694 -0.997588 -0.0513886 -0.0299509 -0.999068 -0.0310684 0.0146929 -0.997942 -0.0624139 0.00923134 -0.999825 -0.0162703 0.0639821 -0.997596 -0.0266262 0.171932 -0.983798 -0.0508093 0.103176 -0.993914 -0.0385932 0.180903 -0.981767 -0.0583748 0.285501 -0.95481 -0.0826263 0.297876 -0.950986 -0.0830335 0.275464 -0.955234 -0.107925 0.265414 -0.958157 -0.107197 0.48229 -0.856835 -0.18229 0.479833 -0.858774 -0.179634 0.456891 -0.870496 -0.182995 0.161233 -0.982223 -0.096134 0.173427 -0.980226 -0.0952891 0.261506 -0.957778 -0.119479 0.108671 -0.990574 -0.0833876 0.0870091 -0.993474 -0.0737447 0.116673 -0.990112 -0.0778783 0.106841 -0.991664 -0.0720192 0.138789 -0.990172 -0.0172032 0.0899403 -0.99586 -0.0131411 0.138255 -0.990255 -0.016725 0.0699031 -0.99622 -0.0515662 0.244403 -0.968912 0.0384325 0.243048 -0.96918 0.0402106 0.157819 -0.986472 0.0443328 0.216769 -0.975906 -0.024854 0.360228 -0.932292 0.0326726 0.331748 -0.942768 -0.0336496 0.363754 -0.931112 0.0266955 0.214622 -0.976431 -0.0228217 0.566257 -0.816121 0.115323 0.587113 -0.805178 0.0835841 0.410517 -0.905571 0.106851 0.55152 -0.83387 0.0220338 0.785532 -0.607251 0.119102 0.818283 -0.566848 0.0953748 0.782894 -0.622143 -0.00390654 0.560928 -0.827863 0.00149488 0.511401 -0.858055 -0.0470221 0.8028 -0.596016 -0.0166632 0.938667 -0.34426 -0.0197358 0.943653 -0.330103 -0.0234651 0.958525 -0.270481 -0.0898306 0.932552 -0.341488 -0.117185 0.745789 -0.646166 -0.162077 0.757115 -0.630061 -0.172625 0.77881 -0.617299 -0.111341 0.484195 -0.866574 -0.120851 0.481963 -0.868268 -0.11757 0.526965 -0.846265 -0.0783803 0.769376 -0.630101 -0.105042 0.289066 -0.953432 -0.0860752 0.297691 -0.950058 -0.0936465 0.177498 -0.981241 -0.0752415 0.189396 -0.97827 -0.084359 0.272146 -0.954849 -0.119159 0.453131 -0.874266 -0.174156 0.74412 -0.624828 -0.23638 0.687481 -0.68059 -0.253312 0.458436 -0.870623 -0.178469 0.719171 -0.635229 -0.281564 0.854381 -0.353064 -0.381287 0.849212 -0.413531 -0.328377 0.915626 -0.196202 -0.350905 0.871729 -0.362305 -0.329883 0.884877 -0.365438 -0.288873 0.93539 -0.225394 -0.272477 0.954576 -0.0941179 -0.282712 0.968353 -0.187493 -0.164737 0.987356 -0.00879712 -0.158277 0.983233 0.0104173 -0.182058 0.938013 -0.285504 -0.196517 0.995622 -0.00186089 -0.0934484 0.992759 0.00961497 -0.11974 0.998723 -0.00494203 -0.0502767 0.999442 0.0165926 -0.0289843 0.998402 0.00649488 0.0561378 0.98662 -0.156547 0.0455455 0.984148 -0.169796 0.0511997 0.90314 -0.426791 0.046769 0.921311 -0.386694 0.0406679 0.982872 -0.175167 -0.0572633 0.89779 -0.43699 -0.05488 0.979966 -0.193151 -0.0485618 0.970793 -0.209258 -0.117355 0.974575 -0.180038 -0.133381 0.960043 -0.214757 -0.179435 0.941717 -0.215649 -0.258197 0.965493 0.000107294 -0.260429 0.964523 0.00274449 -0.263985 0.944128 0.00166566 -0.329575 0.927492 -0.18912 -0.322479 0.915676 -0.193805 -0.352104 0.93316 0.00448747 -0.359432 0.938382 -0.0030034 -0.345586 0.931328 -0.000723018 -0.364182 0.917376 -0.171225 -0.359309 0.914932 -0.160291 -0.370415 0.922787 -0.135109 -0.360845 0.931684 0.00015792 -0.363271 0.932246 -0.0024403 -0.361816 0.934925 -0.0672766 -0.348409 0.942591 0.00563678 -0.333901 0.897003 0.2742 -0.346698 0.92052 0.0878155 -0.380699 0.921558 -0.0914262 -0.377321 0.868304 0.259985 -0.422442 0.863384 0.405902 -0.299686 0.85695 0.360149 -0.368685 0.959673 0.00588481 -0.281057 0.964222 -0.00296677 -0.265078 0.948555 -0.199125 -0.246155 0.967723 0.00338086 -0.251995 0.967957 0.00549536 -0.251057 0.960748 0.109864 -0.254741 0.817753 0.537156 -0.206744 0.946184 0.216541 -0.240511 0.865409 0.444154 -0.231934 0.831701 0.303099 -0.465192 0.912351 0.349329 -0.213508 0.898114 0.350928 -0.265029 0.902763 0.326969 -0.279483 0.683397 0.675201 -0.277621 0.802884 0.54345 -0.24503 0.538823 0.810322 -0.23032 0.481863 0.841079 -0.245753 0.657877 0.654091 -0.373314 0.462823 0.819225 -0.338624 0.479184 0.813373 -0.329859 0.970106 -0.00177981 -0.242675 0.832075 -0.508445 -0.221665 0.542429 -0.826863 -0.148555 0.578741 -0.80371 -0.138236 0.256862 -0.96127 -0.0999144 0.254395 -0.964762 -0.0672128 0.268234 -0.961778 -0.0550692 0.0934648 -0.99538 -0.0219709 0.0951297 -0.995039 -0.0291212 0.185817 -0.981644 -0.0429783 0.114953 -0.992967 -0.0283081 0.785387 -0.577846 -0.221949 0.800025 -0.550372 -0.238853 0.545274 -0.824393 -0.151833 0.508281 -0.846872 -0.156392 0.952449 -0.149703 -0.265386 0.935495 -0.224824 -0.272588 0.92586 -0.19529 -0.323489 0.939909 -0.00363045 -0.341405 0.911553 -0.241225 -0.332989 0.903153 -0.247812 -0.350578 0.907815 -0.23234 -0.349127 0.748657 -0.607529 -0.26537 0.727135 -0.625186 -0.283581 0.758993 -0.5882 -0.279197 0.959847 0.00676024 -0.280443 0.753079 0.55657 -0.350858 0.924609 -0.0568851 -0.376645 0.903282 0.0772441 -0.422036 0.915653 -0.181778 -0.358519 0.911479 -0.0647768 -0.406215 0.945098 0.00444315 -0.326756 0.927949 -0.187711 -0.321987 0.962986 -0.163444 -0.214347 0.892398 -0.434052 -0.123384 0.902841 -0.425788 -0.0598533 0.863956 -0.478039 0.158299 0.874553 -0.483903 0.0315394 0.909319 -0.381661 0.165755 0.94966 -0.273195 0.153329 0.966613 -0.169781 0.191922 0.981391 -0.0243481 0.190472 0.920979 -0.252734 0.296517 0.945394 0.00417289 0.325903 0.905265 -0.287109 0.313151 0.87344 -0.286036 0.394064 0.911524 -1.2767e-07 0.411247 0.934734 -0.0464147 0.352305 0.874371 -1.50647e-07 0.485257 0.842975 -0.0725344 0.53304 0.84401 0.0530767 0.533695 0.880848 -0.0125426 0.473233 0.931529 0.0122335 0.36346 0.935352 0.0288695 0.352538 0.837464 -0.28747 0.464774 0.771449 -0.287109 0.567833 0.804976 0.0154458 0.593106 0.764021 -0.247782 0.595714 0.617298 -0.296192 0.728844 0.646605 0 0.762825 0.673668 -0.0786578 0.734836 0.542921 0 0.839784 0.607774 -0.267812 0.747587 0.519143 -0.292703 0.803004 0.417522 -0.290915 0.860839 0.414336 -0.295588 0.860786 0.433478 -0.0267949 0.900766 0.435825 -0.0328215 0.899433 0.233953 -0.291126 0.927638 0.244654 0.00160361 0.969609 0.242655 -0.278834 0.929177 0.111975 -0.29112 0.950111 0.0812157 -0.249743 0.9649 0.201103 -0.593419 0.779366 0.0657359 -0.591106 0.80391 0.0712273 -0.58414 0.808522 0.169798 -0.732662 0.659072 0.0529158 -0.729019 0.682445 0.204633 -0.589446 0.781459 0.353491 -0.589504 0.726312 0.294552 -0.734532 0.611311 0.174104 -0.728537 0.662512 0.349351 -0.593808 0.724808 0.129306 -0.852426 0.506606 0.22118 -0.857649 0.464239 0.298335 -0.73135 0.613288 0.204 -0.835899 0.509565 0.100952 -0.898751 0.426679 0.11541 -0.831522 0.543371 0.0836641 -0.907696 0.411203 0.105449 -0.887629 0.448324 0.107154 -0.888976 0.445241 0.0605815 -0.887693 0.456433 0.0514672 -0.898543 0.435857 0.0628724 -0.890852 0.449922 -0.0840925 -0.86632 0.49236 -0.0145929 -0.850161 0.52632 -0.898082 -0.333471 0.286786 -0.861272 -0.339597 0.378001 -0.440051 -0.641685 0.628168 -0.619239 -0.703816 0.348116 0.0163619 -0.867756 0.496721 0.00320044 -0.911959 0.410268 0.00570749 -0.999948 0.00850222 0.191864 -0.97606 0.102442 0.665755 -0.71527 0.212507 0.886945 -0.355811 0.294494 0.807849 0.00722143 0.589346 0.588409 -0.129404 0.798141 0.0405995 -0.0828879 0.995732 0.199783 0.0348486 0.97922 -0.506433 -0.0466199 0.861018 -0.532319 -0.0752213 0.843195 -0.827551 -0.0588336 0.558299 0.0215278 -0.89842 0.438609 -0.00356591 -0.909611 0.415445 -0.00185627 -0.891665 0.452692 0.0138731 -0.907114 0.420657 0.0337649 -0.895273 0.444237 0.0201488 -0.830333 0.556903 -0.0220107 -0.849791 0.52666 -0.0286976 -0.759762 0.649568 -0.109154 -0.734873 0.669363 -0.056686 -0.585519 0.808674 -0.179076 -0.581695 0.79345 -0.138059 -0.759236 0.636003 -0.0477067 -0.737492 0.673669 -0.0537154 -0.580732 0.812321 0.058424 -0.73765 0.672651 -0.17579 -0.574568 0.799356 -0.213183 -0.205852 0.95508 -0.0962236 -0.248162 0.963928 -0.186354 -0.248432 0.950555 -0.063811 -0.224031 0.972491 -0.0993308 0 0.995054 -0.0130829 0 0.999914 -0.0118932 -0.281878 0.959377 0.0196218 -0.0567389 0.998196 -0.00469792 0.0671993 0.997729 0.0196528 0.00760541 0.999778 0.173001 -0.00530048 0.984907 0.211799 0.060308 0.975451 0.211852 -0.0559949 0.975696 0.117867 0.0186485 0.992854 0.0654084 -0.262803 0.96263 0.0579193 -0.55834 0.827588 0.156191 -0.605018 0.780741 0.183788 -0.207342 0.960849 0.167967 -0.180045 0.969211 0.00813559 -0.626011 0.779771 0.00864701 -0.855319 0.51803 0.0304261 -0.867587 0.496353 -0.081504 -0.85785 0.507395 -0.0879495 -0.853354 0.513859 -0.122199 -0.642135 0.756789 -0.0742215 -0.574015 0.815474 -0.0878979 -0.244989 0.965533 -0.00175605 -0.164398 0.986393 -0.110949 -0.210892 0.971192 -0.113578 -0.000273752 0.993529 -0.20281 -0.000254597 0.979218 -0.198242 -0.210972 0.957178 -0.158307 0.0564134 0.985777 -0.199873 -0.213718 0.95623 -0.271918 -0.58717 0.762425 -0.32036 -0.221112 0.921129 -0.169056 -0.591531 0.788359 -0.316058 -0.208234 0.925606 -0.284244 -0.640676 0.71326 -0.205494 -0.841247 0.500076 -0.210049 -0.847838 0.486878 -0.331695 -0.82467 0.458145 -0.456312 -0.552503 0.69751 -0.452879 -0.541275 0.708465 -0.142617 -0.946063 0.290903 -0.242695 -0.931096 0.272323 -0.144214 -0.947252 0.286209 -0.332947 -0.825372 0.455969 -0.434072 -0.781988 0.447299 -0.25097 -0.933371 0.25658 -0.372435 -0.890651 0.260833 -0.371345 -0.888435 0.269789 -0.485978 -0.75615 0.438251 -0.731331 -0.401362 0.55142 -0.644159 -0.485113 0.591376 -0.481141 -0.785918 0.388378 -0.758529 -0.45189 0.469499 -0.768866 -0.015569 0.63922 -0.750416 -0.0103593 0.660884 -0.849023 -0.340798 0.403754 -0.769411 -0.361901 0.52634 -0.626104 -0.686667 0.369434 -0.629386 -0.656545 0.415719 -0.726657 -0.599035 0.336344 -0.848165 -0.349051 0.398471 -0.908315 -0.267098 0.321906 -0.906819 -0.292545 0.303474 -0.933994 -0.230555 0.272945 -0.782074 -0.576889 0.235709 -0.71375 -0.630933 0.304114 -0.514782 -0.818642 0.254607 -0.516214 -0.830169 0.210575 -0.644667 -0.496274 0.581478 -0.698664 -0.19985 0.686971 -0.565483 -0.528776 0.632949 -0.640894 -0.188397 0.744151 -0.564068 -0.520146 0.641307 -0.685961 -0.0953962 0.721358 -0.59611 -0.770629 0.225353 -0.456208 -0.866993 0.200493 -0.456445 -0.866923 0.200257 -0.345791 -0.91655 0.20091 -0.11876 -0.965572 0.231446 -0.0511976 -0.974636 0.217859 -0.0453524 -0.95518 0.292532 -0.0962006 -0.973739 0.206344 -0.0561403 -0.950887 0.304406 -0.139179 -0.978323 0.153341 -0.0887826 -0.985017 0.147848 -0.0889012 -0.98502 0.147756 -0.0254418 -0.987816 0.153533 -0.0327498 -0.989008 0.144192 1.2776e-05 -0.987653 0.156658 0.0407646 -0.997177 0.0630569 0.04825 -0.990257 0.130627 0.0669837 -0.976908 0.20289 0.06045 -0.988411 0.139245 0.110594 -0.968194 0.224431 0.128252 -0.972419 0.194813 0.1094 -0.984397 0.137819 0.112875 -0.984697 0.132781 0.218843 -0.952335 0.212524 0.224974 -0.953941 0.198451 0.385577 -0.905553 0.176928 0.236512 -0.93577 0.261528 0.398664 -0.886885 0.233455 0.287919 -0.913828 0.286392 0.382806 -0.883562 0.269773 0.378792 -0.796924 0.470562 0.495044 -0.749569 0.439406 0.497075 -0.751326 0.43408 0.755184 -0.393224 0.524473 0.75347 -0.377691 0.538176 0.61408 -0.687419 0.387765 0.640203 -0.443367 0.627348 0.645441 -0.468655 0.603133 0.802281 -0.0233506 0.59649 0.716835 -0.0116259 0.697146 0.678938 -0.162142 0.716068 0.599502 0 0.800373 0.673405 0.0834522 0.734549 0.590129 -0.176139 0.78786 0.5282 0 0.84912 0.519203 -0.183779 0.834658 0.559034 -0.219823 0.799474 0.361312 -0.588962 0.722895 0.424335 -0.193801 0.884523 0.355249 -0.56049 0.748097 0.499189 -0.522349 0.691348 0.263806 -0.825619 0.498759 0.499617 -0.524063 0.68974 0.378731 -0.796894 0.470662 0.26684 -0.827863 0.493396 0.202687 -0.932004 0.300478 0.104749 -0.947065 0.303473 0.119744 -0.951997 0.281716 0.137468 -0.851586 0.505869 0.163787 -0.621719 0.765924 0.264209 -0.536604 0.801405 0.124228 -0.842646 0.523942 0.296566 -0.226538 0.927755 0.421562 -0.187455 0.887213 0.281424 -0.201616 0.938164 0.286925 -0.00639174 0.957932 0.429035 0.0469357 0.902067 0.435251 0.0608893 0.898248 0.838644 -0.324602 0.437389 0.613346 -0.685774 0.391818 0.683852 -0.64441 0.342173 0.836545 -0.379062 0.395606 0.868468 -0.342422 0.358482 0.91685 -0.334464 0.21799 0.862514 -0.411455 0.294576 0.985907 -0.00245693 0.167275 0.965444 -0.0155039 0.260148 0.977397 0.0286551 0.20946 0.997654 -0.00213995 0.0684188 0.952198 -0.253573 0.170354 0.916981 -0.333714 0.218587 0.824974 -0.536047 0.179082 0.732129 -0.641586 0.228811 0.661391 -0.703222 0.260848 0.528396 -0.82894 0.183459 0.539668 -0.836556 0.0945158 0.73065 -0.64636 0.219932 0.407956 -0.864854 0.292573 0.373542 -0.904039 0.207797 0.607845 -0.759739 0.230914 0.388261 -0.913201 0.123765 0.407658 -0.906195 0.11236 0.274345 -0.954398 0.117729 0.278107 -0.953937 0.112518 0.20435 -0.969953 0.132028 0.180516 -0.976306 0.11933 0.786656 -0.604632 0.124866 0.602986 -0.777378 0.179142 0.952677 -0.293138 0.0804765 0.936992 -0.335003 0.0990864 0.15466 -0.986788 0.0482585 0.0973872 -0.993908 0.0516089 0.0948507 -0.994004 0.0544029 0.0854615 -0.996308 -0.00816103 0.0389091 -0.999235 -0.00405099 0.0442883 -0.997344 0.0578201 0.0270726 -0.953577 0.299932 0.0398132 -0.973632 0.224621 0.0266113 -0.953432 0.300433 -0.515222 -0.19395 0.834823 -0.639575 -0.182995 0.74663 -0.512823 -0.185018 0.838321 -0.158356 -0.0506149 0.986084 -0.192349 0.00641699 0.981306 -0.079791 -0.849449 0.521603 -0.101214 -0.83863 0.535215 -0.133109 -0.857682 0.496652 -0.173858 -0.740054 0.649687 -0.0493206 -0.836863 0.545186 -0.0797241 -0.892204 0.444541 -0.038625 -0.895868 0.442637 -0.0811544 -0.894538 0.439564 -0.166428 -0.854647 0.491813 -0.108669 -0.874062 0.473504 -0.214662 -0.753258 0.62171 -0.131576 -0.758531 0.638215 -0.214545 -0.753033 0.622022 -0.14416 -0.778582 0.61076 -0.0871011 -0.779044 0.620889 -0.0439331 -0.883603 0.466171 -0.237107 -0.787743 0.568543 -0.0801423 -0.768658 0.63462 -0.0586432 -0.903075 0.42546 0.0380591 -0.849934 0.525513 -0.0723068 -0.960595 0.268382 -0.127267 -0.990366 0.0545755 2.00486e-05 -1 0.000174192 -0.0419592 -0.734189 0.677647 0.0304649 -0.75415 0.655995 0.0177743 -0.691939 0.721738 -0.0146436 -0.669256 0.742888 0.306073 -0.779646 0.546325 0.0985316 -0.528036 0.843486 0.0851565 -0.80434 0.588036 0.113192 -0.617631 0.77828 0.252302 -0.385126 0.887706 0.39752 -0.0444133 0.916518 0.323042 0.616737 0.71783 0.41125 0.0210056 0.91128 0.350072 -0.592658 0.725401 0.348212 -0.418759 0.838683 0.296666 -0.501075 0.812966 0.204318 -0.789374 0.578916 0.142791 -0.786758 0.600518 0.179718 -0.616248 0.766772 0.148454 -0.799367 0.582214 0.202295 -0.782851 0.588406 0.262971 -0.781527 0.56574 0.264139 -0.795676 0.545097 0.211674 -0.871214 0.442924 0.183752 -0.886116 0.425481 0.154922 -0.877263 0.454323 0.179995 -0.891108 0.416568 0.15753 -0.902512 0.40082 0.208131 -0.904908 0.371245 0.270388 -0.838483 0.473114 0.29631 -0.891914 0.341599 0.356486 -0.841169 0.406635 0.26838 -0.883706 0.383453 0.311937 -0.863048 0.397295 0.387909 -0.866037 0.315445 0.513179 -0.752638 0.412533 0.521439 -0.746653 0.413052 0.418376 -0.741407 0.524668 0.624435 -0.606053 0.492729 0.630623 -0.599991 0.492266 0.422585 -0.738185 0.525836 0.504906 -0.595888 0.62449 0.581193 -0.7564 0.300122 0.70388 -0.610767 0.362652 0.704725 -0.609926 0.362426 0.346867 -0.901838 0.257625 0.429683 -0.845908 0.31593 0.336181 -0.885726 0.320112 0.376635 -0.868639 0.321889 0.403089 -0.869843 0.284417 0.360959 -0.89628 0.257665 0.470017 -0.766754 0.437232 0.420022 -0.779893 0.464056 0.443892 -0.763986 0.468279 0.374054 -0.778324 0.504276 0.5379 -0.568268 0.622684 0.491724 -0.567945 0.660034 0.503284 -0.548182 0.667983 0.594733 -0.112275 0.796045 0.647116 0.0849271 0.757647 0.421621 0.761253 0.492675 0.686475 -0.111147 0.718609 0.733589 -0.0983613 0.672438 0.759981 0.0406423 0.648673 0.615835 0.586926 0.52561 0.462131 0.818744 0.340725 0.641216 -0.585656 0.495832 0.521717 -0.770535 0.366178 0.521722 -0.770532 0.366179 0.471053 -0.766103 0.43726 0.624184 -0.583423 0.519627 0.400499 -0.871029 0.284444 0.439003 0.740353 0.509072 0.373102 0.699605 0.609383 0.52227 0.0363764 0.852004 0.497677 -0.0636509 0.865024 0.357808 -0.789024 0.499414 0.336668 -0.754016 0.564017 0.409916 -0.602378 0.684915 0.271382 -0.873676 0.403785 0.30467 -0.889322 0.341002 0.417298 -0.534567 0.734915 0.329132 0.762341 0.557233 0.219677 0.790889 0.571172 0.0829644 -0.800307 0.593822 0.506149 -0.594655 0.624659 0.860145 -0.254216 0.442182 0.749059 -0.615723 0.244533 0.922987 -0.118648 -0.366083 0.723719 -0.630907 -0.279618 0.32939 -0.943675 -0.0312853 0.0617052 -0.994377 -0.0860599 0.0520012 -0.995954 -0.0732973 0.0996994 -0.991428 -0.0844369 0.102746 -0.993034 -0.057676 0.158878 -0.984569 -0.073363 0.164377 -0.983652 -0.0735406 0.096613 -0.993619 -0.0581953 0.110169 -0.992947 -0.0438112 0.0567666 -0.998303 -0.0129897 0.0387162 -0.99615 -0.0786464 -0.0140618 -0.997283 -0.0723157 -0.0616911 -0.997316 -0.0394375 -0.152885 -0.988135 -0.0146718 -0.228354 -0.973487 -0.0133392 -0.995446 -0.00921928 0.0948756 -0.999691 -0.0240444 0.00636015 -0.999427 0.0248909 0.0229332 -0.998503 -0.00729194 0.0542003 -0.995739 -0.0911223 0.0141636 -0.989094 0.104936 0.103348 -0.997913 -0.0439207 -0.0473314 -0.994765 -0.0218865 -0.0998161 -0.995403 0.0808514 -0.0513379 -0.979463 0.180802 -0.0892311 -0.988222 0.11802 -0.0974104 -0.925831 0.223907 -0.304472 -0.958904 0.269842 -0.0876831 -0.94719 0.0919495 -0.307208 -0.831545 0.481964 -0.276123 -0.756333 0.215454 -0.61769 -0.857471 0.430955 -0.281108 -0.541024 0.791552 -0.284146 -0.51363 0.651418 -0.558426 -0.503743 0.647425 -0.571913 -0.819273 0.46496 -0.335564 -0.393265 0.776675 -0.492055 -0.440447 0.858074 -0.264035 -0.687678 0.674558 -0.268461 -0.767255 0.630934 -0.115071 -0.945865 0.317783 -0.0659812 -0.692433 0.710803 -0.123673 -0.943443 0.311065 -0.114688 -0.707839 0.698191 -0.107203 -0.343714 0.91268 -0.22108 -0.304725 0.930486 -0.20332 -0.130695 0.947331 -0.292374 -0.141764 0.958835 -0.246044 -0.145682 0.955806 -0.255367 -0.34739 0.919752 -0.182691 -0.0707553 0.966833 -0.245412 -0.0691281 0.965725 -0.250195 -0.0446883 0.982298 -0.181919 -0.13922 0.974466 -0.176163 -0.132744 0.970434 -0.201584 -0.102544 0.928753 -0.356234 -0.146706 0.840518 -0.521542 -0.111022 0.774073 -0.623286 -0.0583127 0.932321 -0.356899 -0.0284472 0.967956 -0.249505 -0.0513212 0.91563 -0.398733 -0.0232315 0.969783 -0.242859 -0.176303 0.565499 -0.805685 -0.245151 0.492462 -0.835094 -0.258344 0.602674 -0.755011 -0.229561 0.160025 -0.960049 -0.317649 0.0995776 -0.942965 -0.238661 0.187219 -0.952885 -0.255561 0.662671 -0.703957 -0.419777 0.034794 -0.90696 -0.375067 -0.0763606 -0.923847 -0.211117 0.851712 -0.479601 -0.311945 0.727284 -0.611349 1.40891e-05 1 3.20065e-05 -0.359948 0.730991 -0.579732 -0.367005 0.701449 -0.610964 -0.504476 -0.0941628 -0.858276 -0.461492 0.172682 -0.870176 -0.461253 0.171575 -0.870521 -0.550225 0.137054 -0.823692 -0.559459 0.117636 -0.820468 -0.481825 0.628428 -0.610674 -0.436414 0.632187 -0.640221 -0.620855 0.0469561 -0.782518 -0.715409 0.0396802 -0.697579 -0.696981 0.103324 -0.709607 -0.774754 0.131742 -0.618386 -0.766603 -0.0544115 -0.639812 -0.575493 0.657347 -0.486521 -0.543172 0.656965 -0.522839 -0.499526 0.710159 -0.496133 3.98594e-06 1 3.95887e-06 -0.567189 0.671713 -0.476549 -0.431833 0.739504 -0.516386 2.93679e-05 1 2.71412e-05 -0.519509 0.776067 -0.357534 -0.841674 -0.0769702 -0.534473 -0.617345 0.68209 -0.391967 -0.607892 0.738601 -0.291438 -0.574983 0.76868 -0.280224 -0.731363 0.612971 -0.298955 -0.907306 -0.191991 -0.374079 -0.928182 -0.271207 -0.254804 -0.870341 -0.265011 -0.41506 -0.943365 -0.290629 -0.159989 -0.981587 -0.0936658 -0.166472 -0.988908 0.0196886 -0.14722 -0.939045 -0.333531 -0.0833719 -1 1.18286e-13 2.34932e-14 -0.945475 -0.325695 1.20274e-15 -0.865861 -0.438481 -0.240873 -0.899294 -0.429581 -0.0820417 -0.936093 -0.133984 -0.325234 -0.928035 -0.185025 -0.32329 -0.957864 -0.285313 -0.033072 -0.91449 -0.0855202 -0.395466 -0.907769 -0.145283 -0.393507 -0.873263 -0.0989195 -0.477102 -0.838606 -0.00411017 -0.544722 -0.640655 0.166212 -0.749623 -0.443241 0.686817 -0.576038 -0.43216 0.650369 -0.624707 -0.394851 0.679096 -0.618806 -0.308172 0.857009 -0.412997 -0.311284 0.827019 -0.468127 -0.356833 0.577177 -0.734532 -0.351632 0.614303 -0.70639 -0.209561 0.861433 -0.46262 -0.147219 0.931455 -0.332743 -0.112721 0.942898 -0.313428 -0.209015 0.818206 -0.535585 -0.306768 0.857674 -0.412661 -0.337936 0.905039 -0.258271 -0.397897 0.271355 -0.876382 -0.203758 0.653265 -0.729197 -0.202212 0.675887 -0.708722 -0.263746 0.0182613 -0.964419 -0.135385 0.976866 -0.16554 -0.152304 0.979593 -0.131154 -0.149613 0.988432 -0.0248431 -0.202144 0.975716 -0.0843521 -0.365524 0.917687 -0.155704 -0.375329 0.925498 -0.0508101 -0.343378 0.928206 -0.143267 -0.504548 0.850508 -0.148553 -0.539654 0.839397 -0.0647036 -0.458159 0.879715 -0.127249 -0.525314 0.837553 -0.150168 -0.638944 0.756617 -0.138856 -0.351011 0.913632 -0.205102 -0.507778 0.860576 0.0396279 -0.642015 0.757939 -0.115523 -0.719275 0.692345 -0.0574566 -0.854207 0.502548 -0.133326 -0.954837 0.290068 -0.0643871 -0.993048 0.0797695 -0.0865605 -0.995697 0.0569512 -0.0731063 -0.998755 -0.000719955 -0.0498868 -0.993316 -0.104237 -0.0495707 -0.957259 -0.261019 -0.124597 -0.99434 -0.093721 -0.0500408 -0.946354 -0.319899 -0.0456002 -0.959979 -0.276833 -0.0424832 -0.998787 0.00148677 -0.0492127 -0.996161 0.0870115 -0.0095742 -0.997844 -0.0280908 -0.0593226 -0.993969 -0.0981486 -0.0489063 -0.983389 -0.175271 -0.0471915 -0.977117 -0.209474 -0.0369308 -0.914296 -0.40273 -0.0432625 -0.945852 -0.323204 -0.0300515 -0.944031 -0.329076 0.022686 -0.817559 -0.574272 -0.0425244 -0.804668 -0.592398 -0.0396603 -0.546083 -0.83708 -0.0330228 -0.533843 -0.844782 -0.0368169 -0.293223 -0.955566 -0.0302293 -0.298027 -0.954414 -0.0165716 -0.53278 -0.845991 -0.0210792 -0.295382 -0.95526 -0.015107 -0.301948 -0.95329 -0.00815908 -0.550498 -0.834732 -0.0132221 -0.537996 -0.842614 -0.0237199 -0.298084 -0.954522 -0.00584996 -0.182933 -0.983107 -0.00605168 -0.113638 -0.99352 0.00201527 -0.18835 -0.982096 0.00332332 -0.182638 -0.98318 0.00109662 -0.255101 -0.966106 -0.0395367 -0.30625 -0.951951 0.000513898 -0.316731 -0.948504 -0.00455053 -0.576096 -0.817315 -0.0104782 -0.598815 -0.800534 -0.0238089 -0.864204 -0.502102 -0.0323393 -0.856168 -0.515138 -0.0401262 -0.618797 -0.785471 -0.0111996 -0.275064 -0.961402 -0.00681325 -0.0957498 -0.995403 0.00237368 -0.275334 -0.961325 0.00680131 -0.100227 -0.994913 0.0100835 -0.0274212 -0.999609 0.00551377 -0.0345035 -0.999353 0.0101908 0.0255778 -0.999667 0.00339067 0.0301987 -0.999535 0.00430944 -0.0353258 -0.999328 0.00973112 -0.123642 -0.992238 0.0133028 -0.110348 -0.99388 0.00500668 -0.345835 -0.938258 0.00831036 -0.360657 -0.932541 -0.0171673 -0.738295 -0.67409 -0.0228423 -0.977157 -0.206712 -0.049329 -0.753746 -0.655768 -0.0428353 -0.973644 -0.221818 -0.053047 -0.998509 -0.000662152 -0.0545815 -0.998601 0.00519121 -0.0526182 -0.99779 0.0405494 -0.0526475 -0.904312 0.424518 -0.0447758 -0.995298 0.0847274 -0.0469469 -0.922697 0.384163 -0.0323915 -0.649285 0.760109 -0.0257547 -0.617007 0.786917 0.00796337 -0.330582 0.943773 0.00296064 -0.368362 0.92956 0.015089 -0.1573 0.987509 0.00909183 -0.13276 0.990929 0.0208609 -0.0310836 0.999418 0.0140398 -0.156906 0.987612 0.00194207 -0.413151 0.910652 -0.00443052 -0.385308 0.922711 -0.0118874 -0.414399 0.909832 -0.0218964 -0.437168 0.899237 -0.0160264 -0.195633 0.980663 -0.00521262 -0.170724 0.985271 0.00975209 -0.702888 0.710225 -0.0390958 -0.959272 0.23747 -0.15299 -0.967996 0.242369 -0.0651304 -0.963891 0.256288 -0.0723257 -0.997254 -0.0023991 -0.0740119 -0.970246 0.241309 0.0198251 -0.991068 0.113983 -0.0692312 -0.997345 0.000510377 -0.0728171 -0.990975 0.114696 -0.0693799 -0.909681 0.412408 -0.0489812 -0.922843 0.383969 -0.0304784 -0.698986 0.714797 0.022015 -0.719143 0.694576 -0.0199641 -0.453373 0.891279 0.00867394 -0.453281 0.890908 -0.0286167 -0.696749 0.715902 -0.0450027 -0.702189 0.710255 -0.0496805 -0.441781 0.896619 -0.0300505 -0.694253 0.717881 -0.0515781 -0.194814 0.980775 -0.0113361 -0.209693 0.976789 0.0437337 -0.209652 0.977751 -0.00696945 -0.478363 0.877898 0.021532 -0.227095 0.972284 0.0556114 -0.442713 0.893811 0.071463 -0.720201 0.693215 0.0276237 -0.730198 0.679687 0.0695496 -0.480185 0.867703 0.128511 -0.510995 0.853543 0.101725 -0.251797 0.957696 0.139343 -0.0745596 0.983377 0.165559 -0.237057 0.959768 0.150499 0.00901669 0.964522 0.263849 -0.0391026 0.972838 0.228159 -0.074371 0.968393 0.238086 -0.0206245 0.969379 0.2447 -0.12138 0.96826 0.218492 -0.13408 0.968434 0.21014 -0.279893 0.942772 0.18122 -0.264523 0.945273 0.191015 -0.261409 0.952346 0.157174 -0.137178 0.974504 0.177552 -0.124689 0.97376 0.19038 -0.283365 0.943269 0.173055 -0.621435 0.777355 0.0976653 -0.620151 0.778184 0.099208 -0.916106 0.400614 -0.0160994 -0.608398 0.792673 0.0390049 -0.922939 0.384919 -0.00448863 -0.72069 0.68895 0.0771645 -0.927138 0.374443 -0.0144163 -0.990541 0.0954569 -0.0985684 -0.989362 0.123272 -0.0772503 -0.9949 -0.000293737 -0.100864 -0.99511 0.000912392 -0.0987699 -0.996124 0.000609948 -0.0879533 -0.996127 -0.00665505 -0.087677 -0.995841 -0.00183819 -0.0910896 -0.992147 0.105933 -0.0664963 -0.992149 0.10399 -0.0694696 -0.900085 0.435681 0.00535285 -0.994888 -0.026974 -0.0973159 -0.995774 -0.000757939 -0.0918366 -0.995222 0.00289255 -0.0975926 -0.991825 0.102843 -0.0755478 -0.995177 0.0072294 -0.0978329 -0.672333 -0.710163 -0.208892 -0.753343 0.655265 0.0557058 0.87066 0.455789 0.184952 -0.852011 0.523525 0 -0.470852 -0.854929 -0.217702 0.252355 0.937941 0.237876 -0.95448 0.298275 0 0.92167 0.359505 0.145881 -0.95448 0.298275 0 -0.995927 -0.00296268 -0.0901111 0.860219 0.483054 0.163346 1 0 0 -0.991885 0.109219 -0.065078 -0.908424 0.417958 -0.00879371 -0.996261 -0.00169672 -0.086381 -0.987382 -0.141592 -0.0709177 -0.990356 -0.119913 -0.0693895 -0.871432 -0.490082 -0.0206251 -0.47557 -0.87949 0.0181949 -0.496282 -0.866687 0.0505782 -0.873311 -0.486457 -0.0262145 -0.482171 -0.87604 0.00807542 -0.459269 -0.888065 -0.0202875 -0.84692 -0.529631 -0.0470956 -0.843428 -0.535639 -0.0414686 -0.44563 -0.895195 -0.00636188 -0.430359 -0.902434 -0.020086 -0.798055 -0.601647 -0.0335923 -0.825712 -0.561714 -0.0517362 -0.983176 -0.172728 -0.0594057 -0.980931 -0.184194 -0.0620269 -0.998004 -0.00226539 -0.0631054 -0.998092 -5.76219e-05 -0.0617412 -0.995275 0.0753034 -0.0613003 -0.995384 0.0731063 -0.0621734 -0.997819 0.00112666 -0.066005 -0.984676 -0.160335 -0.0686034 -0.802097 -0.596541 -0.0279208 -0.395919 -0.918092 -0.0188662 -0.415842 -0.909436 0.00103297 -0.134887 -0.990853 0.00399785 -0.0351025 -0.999338 0.00954959 -0.145601 -0.989304 0.00881395 -0.380626 -0.924713 0.00540551 -0.134896 -0.990852 0.00401959 -0.161134 -0.98693 0.00223654 -0.988577 -0.13663 -0.0636261 -0.155946 -0.987489 0.0233749 -0.166101 -0.983095 0.0770368 -0.163343 -0.986153 0.0286487 -0.0523745 -0.997932 0.0372574 -0.0562118 -0.992967 0.104195 -0.0684451 -0.993146 0.0947404 -0.180986 -0.979419 0.0893402 -0.0440052 -0.998568 0.0304131 -0.00378138 -0.99458 0.103903 -0.0137403 -0.989537 0.143622 -0.173905 -0.978521 0.110698 -0.0732652 -0.989982 0.1207 -0.182975 -0.977327 0.106542 -0.504239 -0.86113 0.0647998 -0.493225 -0.867885 0.0591975 -0.888031 -0.45945 -0.0175196 -0.0844894 -0.988712 0.123737 -0.0442904 -0.99322 0.107484 -0.0318143 -0.991575 0.125564 -0.0808394 -0.991425 0.10267 -0.0346708 -0.991096 0.128559 0.0662335 -0.98864 0.13492 0.299724 -0.942914 0.145189 0.287353 -0.94795 0.137181 0.0844796 -0.990357 0.1098 0.326655 -0.942037 0.076571 0.0765518 -0.992423 0.0961105 0.123249 -0.992076 0.0244037 0.34896 -0.932885 0.0891816 0.145916 -0.988237 0.0457825 0.0153531 -0.999874 0.00398568 -0.00426042 -0.99995 0.00904841 0.150862 -0.987586 0.0437612 0.0258112 -0.999445 0.0210355 0.157247 -0.981795 0.106545 0.0109862 -0.999454 0.0311596 -0.050359 -0.998657 -0.0121399 -0.0751951 -0.997135 0.00816107 0.0193762 -0.998136 0.0578758 -0.0567778 -0.99818 -0.0203341 -0.0803143 -0.99675 -0.00631188 -0.209888 -0.974771 -0.0759526 -0.158228 -0.983426 -0.0885227 -0.160267 -0.983422 -0.0848284 -0.136893 -0.989005 -0.0559484 -0.188757 -0.974565 -0.120807 -0.448318 -0.858279 -0.249736 -0.483012 -0.815966 -0.317646 -0.410953 -0.844753 -0.342799 -0.44136 -0.779311 -0.444833 -0.654686 -0.433663 -0.61913 -0.644091 -0.444605 -0.622473 -0.691682 -0.474018 -0.54487 -0.675812 -0.493016 -0.547918 -0.712715 -0.529335 -0.460263 -0.720016 -0.521249 -0.458123 -0.766125 -0.168627 -0.620175 -0.770136 -0.157952 -0.618014 -0.834182 -0.169138 -0.524912 -0.83505 -0.195821 -0.514146 -3.08606e-07 1 1.7757e-08 3.29304e-06 1 1.87237e-06 -3.76159e-06 1 1.7096e-05 -5.53388e-09 1 1.19133e-07 -7.3158e-08 1 5.89136e-08 2.00207e-06 1 2.69031e-06 -0.653349 -0.13135 -0.745575 -8.39363e-09 1 1.24301e-07 -0.708625 -0.119505 -0.695392 -0.705277 -0.127789 -0.69732 -0.587807 -0.17488 -0.789873 -0.610895 -0.164642 -0.774403 -2.38251e-05 1 -1.57268e-05 -5.84111e-05 1 7.13554e-05 -0.468961 0.122317 -0.874708 -5.8176e-05 1 -0.000108277 -5.98222e-05 1 7.36852e-05 0.14202 -0.287567 -0.947172 0.0170445 -0.393615 -0.919118 0.130222 -0.133225 -0.982493 2.10399e-05 1 -1.87818e-05 9.85362e-05 1 -0.00016693 3.7687e-05 1 -7.15009e-05 -0.23099 -0.126526 -0.964694 0.737625 -0.129683 -0.66264 0.461768 -0.123125 -0.878414 0.485566 -0.207646 -0.849181 0.410401 -0.45832 -0.788362 0.420247 -0.561992 -0.712431 0.705992 -0.501996 -0.499575 0.765007 -0.226435 -0.602902 0.707986 -0.531972 -0.464501 0.914014 -0.345244 -0.213036 0.932908 -0.0439162 -0.357428 0.913809 -0.367117 -0.173722 0.777137 -0.628782 0.0262866 0.52636 -0.814772 -0.243087 0.533829 -0.799222 -0.276173 0.391614 -0.911787 -0.123624 0.811353 -0.577386 -0.0912845 0.576025 -0.805786 0.137495 0.932609 -0.306384 0.190708 0.937931 -0.307287 0.160813 0.781524 -0.526052 0.335394 0.645897 -0.763385 -0.0077232 0.556592 -0.747769 0.362005 0.842659 -0.522599 0.129675 0.546704 -0.80573 0.227847 0.517986 -0.81978 0.244235 0.494821 -0.825664 0.270982 0.177812 -0.979067 0.0990463 0.191324 -0.969088 0.155765 0.262384 -0.960868 0.0888086 0.256142 -0.959334 0.118618 0.310055 -0.94824 0.0686049 0.293349 -0.953208 0.0730875 0.396813 -0.914334 0.0808307 0.526883 -0.833853 0.164571 0.710361 0.40938 -0.572534 0.143299 -0.988821 -0.0412057 -0.0300682 -0.986929 -0.158325 -0.0153782 -0.985479 -0.1691 -0.225864 -0.938794 -0.2601 -0.1808 -0.865088 -0.467903 -0.304602 -0.778737 -0.54844 -0.324684 -0.578163 -0.748537 -0.40561 -0.578752 -0.707479 -0.491919 -0.722378 -0.48599 -0.594323 -0.40754 -0.693319 -0.57154 -0.438493 -0.693589 -0.622416 -0.414057 -0.664195 -0.450964 -0.74757 -0.487618 -0.440231 -0.742383 -0.505039 -0.494164 -0.860831 -0.121538 -0.467429 -0.778198 -0.419425 -0.206438 -0.952796 -0.222628 -0.203048 -0.936446 -0.286077 -0.232215 -0.95108 -0.203769 -0.101606 -0.994823 0.00178339 -0.0836326 -0.996496 -0.000868369 -0.251046 -0.962011 -0.107285 -0.0565437 -0.995252 -0.0792251 0.029455 -0.996194 0.0820353 0.0857115 -0.996271 0.0099259 0.0845239 -0.99608 0.0260705 -0.0654508 -0.995073 -0.0744661 -0.63147 -0.1577 -0.759195 -0.484036 -0.245452 -0.839918 -0.660224 -0.306784 -0.685556 -0.314206 -0.435076 -0.843791 -0.092472 -0.847491 -0.522692 -0.0502986 -0.80961 -0.58481 -0.461691 -0.501601 -0.731599 -0.359768 -0.344427 -0.867143 0.0435073 -0.610697 -0.790668 -0.361438 -0.345051 -0.8662 -0.146014 -0.837401 -0.526725 -0.0870627 -0.681873 -0.726271 0.266987 -0.801513 -0.535065 0.152673 -0.936168 -0.31667 0.124128 -0.944497 -0.304167 0.258484 -0.842964 -0.471803 0.198323 -0.905614 -0.374875 0.132103 -0.99092 -0.0250435 0.331278 -0.937712 -0.104647 0.637842 -0.616739 -0.461292 0.000763694 -0.973848 -0.2272 0.144235 -0.988179 -0.0519483 0.0213777 -0.99824 0.0553109 0.781383 -0.507495 0.363165 0.801388 -0.432315 0.413378 0.81457 -0.423431 0.396462 0.470361 -0.85542 0.216834 0.876167 -0.165582 0.452674 0.892631 -0.162056 0.420651 0.809788 -0.448249 0.378571 0.892674 -0.16497 0.419427 0.870064 -0.186218 0.456412 0.945797 -0.0799143 0.314773 0.893781 -0.191634 0.405501 8.32945e-08 1 9.43542e-05 -2.8731e-05 1 0.000246 8.05968e-05 1 -5.76513e-05 0.938377 -0.140321 0.315847 0.858581 -0.46217 0.221894 0.959463 -0.114723 0.257427 0.853646 -0.438001 0.281856 0.938037 -0.16206 0.306307 0.914909 -0.16211 0.369679 0.826211 -0.455845 0.331031 0.853057 -0.439835 0.280784 0.91491 -0.163858 0.368903 0.83097 -0.435227 0.346505 0.477575 -0.858322 0.187628 0.482127 -0.856287 0.185271 0.579793 -0.794828 0.179134 0.435467 -0.900169 -0.00800075 0.884786 -0.421095 0.199581 0.598616 -0.789601 0.134867 0.62198 -0.768326 0.151049 0.881189 -0.441156 0.169963 0.585915 -0.790468 0.178506 0.580953 -0.794993 0.174585 0.874575 -0.450437 0.179514 0.58932 -0.788332 0.176732 0.311633 -0.933146 0.179227 0.291545 -0.940836 0.17271 0.0907483 -0.982558 0.162312 0.315237 -0.934442 0.16566 0.120069 -0.978553 0.167385 0.103732 -0.983328 0.14935 0.362499 -0.922357 0.133609 0.312381 -0.935666 0.164154 0.14737 -0.979014 0.140761 0.127402 -0.984482 0.120682 0.555894 -0.817604 0.150018 0.57786 -0.801626 0.153211 0.883962 -0.456751 0.0999518 0.99252 -0.121992 0.00469715 0.8275 -0.558125 0.061157 0.98966 -0.142212 0.018674 0.993942 -0.0849506 0.0697367 0.992084 -0.00340225 0.125527 0.999997 0.000699456 0.00243947 0.994756 -0.0782145 0.0659062 0.99479 -0.0784307 0.0651237 0.984461 -0.103972 0.141514 0.970096 -0.207542 0.125857 0.984475 -0.096231 0.146798 0.860224 -0.495031 0.122303 0.993692 -0.0878353 0.0697205 0.876619 -0.451245 0.167084 0.995306 -0.0240272 0.0937515 0.999968 0.00416405 0.00680614 0.0771384 0.988072 -0.133282 0.0746185 0.988797 -0.129273 0.833243 -0.479567 0.275177 0.999448 -0.0305368 0.0130567 -0.395049 -0.878634 -0.268215 -0.0288716 -0.996693 0.0759558 -0.0324587 -0.996981 0.0705319 -0.087989 -0.991587 0.0949407 -0.0718892 -0.995412 0.063138 0.0134228 -0.992681 0.120021 0.018097 -0.999127 0.0376638 -0.988668 -0.122892 -0.0862156 -0.993423 0.00123909 -0.114497 -0.989728 0.00163608 -0.142956 -0.980363 0.00527049 -0.197131 -0.983908 -0.00890779 -0.178453 -0.871037 0.44345 -0.211296 -0.961079 0.143022 -0.236374 -0.958339 0.141187 -0.2483 -0.961252 0.136857 -0.239299 -0.927543 0.227095 -0.296804 -0.822079 0.505505 -0.262013 -0.934456 0.205883 -0.290523 -0.821665 0.506795 -0.260819 0.252296 -0.86357 -0.43657 0.252194 -0.863701 -0.436371 0.379493 -0.651802 -0.656612 0.379389 -0.652074 -0.656402 0.484084 -0.253378 -0.837533 0.1058 -0.977471 -0.182639 0.104119 -0.978141 -0.179998 6.66768e-05 -1 -0.000619111 0.000519808 -0.999999 -0.000899453 0.0010139 -0.999998 -0.00175435 0.00512382 -0.998745 -0.0498156 -0.909286 0.226812 -0.348934 -0.874931 0.303625 -0.377236 -0.880113 0.253769 -0.401251 -0.862664 0.250481 -0.439398 -0.738325 0.529738 -0.417437 -0.771709 0.535467 -0.343133 -0.790553 0.509652 -0.339531 -0.827022 0.308333 -0.470069 -0.831535 0.247109 -0.497481 -0.00668515 -0.999974 -0.00280941 -0.00065965 -0.999999 0.00134755 0.00362778 -0.999993 2.61762e-05 0.870499 0.149815 0.468814 0.849478 0.338038 0.405114 0.841796 0.343522 0.41638 0.899705 0.141189 0.413034 0.843328 0.371393 0.388415 0.867501 0.356142 0.347283 0.85623 0.401269 0.325352 0.898474 0.16067 0.40857 0.924831 0.148255 0.350297 0.883136 0.38539 0.267481 0.948391 0.166383 0.269946 0.880007 0.39609 0.262108 0.922507 0.173808 0.344634 0.955936 0.0402573 0.290802 0.000554824 -1 -0.000798728 0.00163824 -0.999995 -0.0027971 -0.000559822 -1 0.000595908 0.00773534 -0.999967 0.0024616 -0.00180693 -0.999998 0.00107023 0.00199333 -0.999992 -0.00360776 0.587722 0.789622 0.176295 0.898832 0.390087 0.199834 0.593498 0.794428 0.129017 0.604508 0.782886 0.147172 0.246385 0.96776 0.0522929 0.194025 0.970583 0.14256 0.562132 0.803415 0.196296 0.194491 0.970403 0.143151 0.0288762 0.99355 0.109653 -0.0103149 0.981877 0.189239 0.00587279 0.976714 0.214464 0.151158 0.960629 0.233116 -0.0658744 0.981505 0.179747 -0.0898919 0.976749 0.194631 -0.0183128 0.995253 0.0955784 0.0257861 0.994047 0.105857 -0.0601893 0.990869 0.120651 -0.104612 0.988193 0.111944 -0.276725 0.953871 0.116421 -0.238154 0.968225 0.0763099 -0.110638 0.988603 0.102096 -0.242954 0.968074 0.0616852 -0.212287 0.977192 0.00548125 -0.0837864 0.996129 0.0265992 -0.0785042 0.995903 0.0448719 -0.578038 0.815843 -0.0165217 -0.544578 0.834569 -0.0832384 -0.576114 0.817304 -0.0103811 -0.215832 0.976428 -0.00243309 -0.90931 0.412104 -0.0576732 -0.91277 0.403456 -0.0638344 -0.899507 0.422685 -0.110564 -0.600523 0.798321 0.0453427 -0.602244 0.797197 0.0421918 -0.977195 0.137958 -0.161423 -0.978133 0.132502 -0.160308 -0.986407 0.11644 -0.115945 -0.986511 0.102511 -0.127619 -0.902636 0.413734 -0.11863 -0.543726 0.835361 -0.0808312 -0.490039 0.856584 -0.161633 -0.179285 0.981673 -0.0646169 -0.0612586 0.997981 -0.0168017 -0.179428 0.981648 -0.0645886 -0.196572 0.976569 -0.0875981 -0.0246321 0.998701 0.0445936 0.0876635 0.991092 0.100259 0.0753856 0.993956 0.0798079 0.0866258 0.995541 0.0373376 0.265873 0.958118 0.106399 0.0953466 0.994797 0.0358892 0.0815327 0.996521 0.0172636 0.257309 0.963968 0.067516 0.249488 0.965174 0.0787119 0.00369646 0.999976 0.00584016 -0.0553655 0.998395 -0.0119037 0.0100141 0.999891 0.0108951 0.241971 0.962492 0.122715 0.588108 0.762518 0.269618 0.598596 0.776025 0.198667 0.57257 0.785944 0.23336 0.257206 0.952488 0.163131 0.578395 0.76627 0.279802 0.269642 0.951101 0.150663 0.587796 0.746929 0.310795 0.5255 0.828046 0.195422 0.628025 0.713311 0.31108 0.401721 0.907128 0.125455 0.334936 0.931524 0.141706 0.281944 0.94276 0.178078 0.620166 0.732054 0.281941 0.974215 0.223428 0.0313725 0.665578 0.690735 0.282651 0.788632 0.491012 0.37009 0.859654 0.46697 0.207206 0.88625 0.290263 0.360983 0.843974 0.298873 0.445402 0.979288 0.175511 0.100946 0.819492 0.468459 0.33012 0.630075 0.768997 0.107936 0.681463 0.73068 -0.0414142 0.867116 0.472778 -0.156818 0.397683 0.909318 -0.12243 0.410503 0.893386 -0.182615 0.62417 0.686625 -0.372772 0.861149 0.500498 -0.0890122 0.350677 0.727074 -0.590245 0.624204 0.685599 -0.374597 0.154372 0.923784 -0.350418 0.0470193 0.58538 -0.809394 0.345019 0.656868 -0.670438 -0.124368 0.806701 -0.577725 0.189863 0.912639 -0.361996 0.0348872 0.408692 -0.912006 -0.00920338 0.77788 -0.628346 -0.425169 0.478057 -0.768565 -0.216671 0.301861 -0.928404 -0.369323 0.372886 -0.851209 0.00126112 -0.999994 -0.00308066 5.67842e-05 -1 7.21089e-05 -0.00110458 -0.999998 0.00141096 0.136614 0.229792 -0.963604 0.461775 0.231918 -0.856141 0.000649136 -0.999999 -0.000792016 0.48853 0.307609 -0.816526 0.64283 0.268831 -0.717286 0.00452684 -0.999981 -0.00420477 0.760222 0.310521 -0.570648 0.741871 0.340873 -0.577436 0.921095 0.168747 -0.350868 0.883384 0.452375 -0.122434 0.0140827 -0.9999 0.00125878 -1.7409e-05 -1 5.21812e-05 0.000860987 -0.999999 0.000544915 0.00170355 -0.999995 0.00250891 -5.98061e-05 -1 0.000138038 0.00167327 -0.999996 0.00246037 0.00504441 -0.999951 0.00848584 -0.62108 0.221674 -0.751745 -0.704356 0.165899 -0.690189 -0.666866 0.251931 -0.701299 -0.629556 0.449694 -0.633589 -0.590171 0.501686 -0.632463 -0.375593 0.595526 -0.710126 -0.447246 0.361996 -0.817881 -0.631387 0.33001 -0.701744 -0.297536 0.426786 -0.854006 -0.406873 0.598413 -0.690186 -0.544827 0.172679 -0.820576 -0.0339355 0.96731 -0.251317 -0.474555 -0.0148705 0.8801 -0.0685386 0.964184 -0.256228 -0.23232 0.94697 -0.221983 0.943704 0.213307 0.25283 0.985656 0.0210175 0.16745 -0.15506 0.986852 -0.0456097 -0.251618 0.959401 -0.12743 -0.236993 0.968434 -0.0772671 -0.210678 0.968861 -0.130092 -0.08889 0.99602 0.00649073 -0.113165 0.993543 0.00810388 -0.112917 0.993538 0.0114938 0.952927 0.162921 -0.255709 2.64071e-07 1 5.50022e-07 -1.43019e-07 1 1.43085e-07 0.70165 0.122116 -0.701979 0.935329 -0.0593868 -0.348758 0.686721 0.0694583 -0.723596 -0.0822261 0.9928 0.0871033 0.370025 -0.00982079 -0.92897 0.253704 0.196195 -0.947176 -0.00400863 0.997159 0.0752175 0.077003 0.990647 0.112642 -0.114498 -0.112054 -0.987084 -0.921467 0.29975 -0.24708 -0.569813 0.821241 -0.0296 -0.721642 0.26831 -0.638156 -0.000190572 1 4.63687e-05 1.56758e-05 1 -8.95621e-06 -0.850008 0.00305731 -0.526761 -0.560907 -0.131273 -0.817405 -0.259968 0.25962 -0.930061 0.000128953 1 3.4759e-05 -5.23414e-08 1 1.95411e-07 -0.000188289 1 0.000702826 0.400344 -0.0553847 0.91469 0.260209 0.305148 0.916065 -0.000228213 1 -0.000851133 0.739619 0.16792 0.651741 0.808241 -0.0470159 0.586971 -0.24311 0.34061 0.90823 -0.0177324 -0.105048 0.994309 -0.000380082 1 0.000219499 -0.923563 0.292413 0.248046 -0.951325 0.0452776 0.304845 -0.679531 0.285047 0.676008 0.321211 0.94184 -0.0987962 0.348401 0.929921 -0.117745 0.43871 0.894996 0.0807265 0.283714 0.957497 -0.0520109 0.404326 0.907591 0.113132 0.285818 0.957257 -0.0443608 0.182107 0.974701 -0.129592 0.150901 0.968435 -0.198401 0.156121 0.936139 -0.315071 -0.713743 0.207335 0.669017 0.140178 0.982579 0.122018 0.0802685 0.990508 0.111587 -6.34117e-08 1 -1.69888e-08 -0.016609 0.998001 0.0609811 -0.213973 0.948355 -0.234176 -0.486966 0.809938 -0.326901 -0.437429 0.796042 -0.418297 -0.439785 0.834461 -0.33206 -0.684781 0.505972 -0.524469 -0.683855 0.507242 -0.52445 -0.734261 0.535013 -0.417878 -0.443294 0.860986 -0.249385 -0.476888 0.844765 -0.242796 -0.764298 0.254314 -0.592599 -0.196673 0.976624 -0.086751 -0.171544 0.924859 -0.339424 -0.457278 0.766252 -0.451391 -0.43681 0.764889 -0.473437 -0.232688 0.92776 -0.29175 -0.0084465 0.954536 -0.297977 -0.0984063 0.854047 -0.510803 -0.171552 0.860064 -0.480479 0.757631 0.640634 -0.124831 0.00499591 -0.999965 0.00666202 0.617312 0.776518 0.126273 -0.463133 0.862373 -0.204503 -0.464305 0.861179 -0.20686 -0.487985 0.858495 -0.157658 -0.860495 0.481297 -0.167039 -0.02765 0.998016 0.0565629 0.890365 0.41515 0.186817 -0.755769 0.276041 -0.593814 -0.922782 0.226477 -0.31174 0.958729 0.0893788 0.269906 0.964434 0.102487 0.243645 -0.970576 0.0132939 -0.240427 -0.987848 -0.00304473 -0.155393 -0.992956 -0.000979644 -0.118483 -0.501926 0.85347 0.14021 0.158298 0.957621 0.240634 0.146182 0.950709 0.273464 -0.915734 0.396428 -0.0653852 -0.924951 0.37581 -0.0568487 -0.919957 0.387563 -0.0589407 -0.687731 0.72472 -0.0425058 -0.657186 0.753414 -0.0217593 -0.574539 0.818477 -0.000374449 -0.399828 0.914291 0.0648791 -0.330013 0.943513 0.0295834 -0.574646 0.818312 -0.0121533 -0.894841 0.446298 -0.00883448 -0.871635 0.489133 -0.0316332 -0.804311 0.594114 0.0106235 -0.988541 0.148523 -0.0269803 -0.998868 -0.00192624 -0.0475335 -0.966056 -0.254121 -0.0464644 -0.962105 -0.270289 -0.0360363 -0.895467 -0.415456 -0.159794 -0.998951 -0.00130207 -0.0457822 -0.999005 0.00161275 -0.044572 -0.982204 0.182714 -0.0434789 -0.975138 0.221234 -0.0127379 -0.925412 0.360261 -0.117577 -0.711363 0.702089 -0.0321478 -0.899887 0.435757 -0.0178626 -0.711641 0.702191 0.0222332 -0.804088 0.593934 -0.0261637 -0.979408 0.19841 -0.0373255 -0.850031 0.524938 -0.0434464 -0.988323 0.145185 -0.0462486 -0.998856 -0.00133228 -0.0478069 -0.886535 -0.460893 -0.0404203 -0.987954 -0.148269 -0.0443155 -0.998791 0.00132413 -0.0491331 -0.990561 0.126256 -0.0533627 -0.998671 0.00107638 -0.0515361 -0.927649 0.338266 -0.158251 -0.982176 -0.181699 -0.0481112 -0.891525 -0.451701 -0.0339047 -0.658752 -0.751821 -0.0284859 -0.62013 -0.784389 -0.013143 -0.658715 -0.751781 -0.0303413 -0.693265 -0.720536 -0.0145683 -0.295803 -0.955178 -0.0115961 -0.29581 -0.955194 -0.0100512 -0.327612 -0.944708 -0.0140433 -0.314169 -0.949327 0.00868558 -0.691334 -0.722327 -0.017372 -0.718794 -0.694243 -0.0369035 -0.968414 -0.245839 -0.0416817 -0.906433 -0.420377 -0.0407726 -0.988094 -0.147843 -0.0425722 -0.990034 -0.133275 -0.0454992 -0.778748 0.627048 -0.0190124 -0.744365 0.65654 -0.121966 -0.892205 0.445473 -0.0743292 -0.780212 0.620106 -0.0820893 -0.469966 0.882491 0.0185076 -0.597008 0.801301 -0.0387058 -0.597374 0.801677 0.0214018 -0.272502 0.961861 -0.0237791 -0.272393 0.961096 0.045777 -0.341962 0.939696 -0.00578068 -0.938507 0.333964 -0.087597 -0.400702 0.916204 -0.00273825 -0.341827 0.938812 0.0422699 -0.125572 0.991989 0.0137381 -0.109947 -0.993932 0.00319862 0.137115 -0.990535 -0.00637819 0.362198 -0.93082 -0.0488445 0.387627 -0.921381 -0.0283454 0.362442 -0.930976 -0.043816 0.133938 -0.990884 -0.0145111 0.3276 -0.942934 -0.059621 0.127362 -0.991817 -0.00877579 0.328681 -0.942832 -0.0550992 0.113421 -0.993359 -0.0193261 0.112179 -0.993552 -0.0164217 0.0196705 -0.999802 -0.00294492 -0.0284663 -0.999595 0.000549082 -0.0915723 -0.99579 0.00398036 -0.0959809 -0.995381 0.00203259 0.296305 -0.952676 -0.0679053 0.643437 -0.75265 -0.13967 0.640079 -0.75603 -0.136812 0.868408 -0.457978 -0.190062 0.897407 -0.399304 -0.18766 0.984949 -0.0851939 -0.150388 0.900734 -0.411294 -0.139698 0.972757 -0.163231 -0.164618 0.990048 -0.00398691 -0.140671 0.986992 0.0771559 -0.141047 0.914299 0.391414 -0.104178 0.990302 0.0750247 -0.116929 0.899817 0.422226 -0.109796 0.565707 0.822393 -0.0603774 0.582406 0.809334 -0.0760427 0.991452 0.00543983 -0.130355 0.98815 0.107632 -0.109428 0.993769 -0.00576789 -0.111312 0.982874 -0.130329 -0.13028 0.985643 0.006449 -0.168717 0.918829 -0.370706 -0.13539 0.911651 -0.36748 -0.183983 0.692222 -0.713854 -0.106026 0.697487 -0.707384 -0.114542 0.725934 -0.68185 -0.0899986 -0.259268 -0.965792 0.00517577 -0.55761 -0.829824 -0.0215273 -0.836721 -0.546763 -0.030787 -0.0861506 -0.996256 -0.00714674 -0.0777622 -0.996963 -0.00428199 -0.0599894 -0.998129 -0.0118065 -0.121695 -0.992524 -0.00927404 -0.122221 -0.992458 -0.00939772 -0.18691 -0.982345 -0.00796008 -0.178423 -0.983827 -0.0158225 -0.0276749 -0.999585 -0.00803339 -0.811736 -0.583021 -0.0342327 -0.827045 -0.560769 -0.0391735 -0.940718 -0.336385 -0.0435162 -0.935224 -0.350825 -0.0477235 -0.99892 0.00101047 -0.0464585 -0.999761 -0.000698783 -0.0218368 -0.998956 -0.00156575 -0.0456473 -0.998169 -0.0323289 -0.0511309 -0.995389 0.0823014 -0.0492705 -0.995943 -0.0746813 -0.050194 -0.994666 -0.090787 -0.0489548 -0.952506 0.296564 -0.0691591 -0.365877 0.915408 -0.167814 -0.199465 0.979611 0.0239898 -0.121889 0.991254 -0.0505827 -0.121831 0.992288 0.0228228 -0.05838 0.991373 -0.117354 -0.980633 0.18497 -0.0643857 -0.992344 -0.119404 -0.0315735 -0.9751 -0.206851 0.0799512 -0.972072 -0.200198 0.122466 0.974034 -0.00397308 -0.226369 0.96612 0.128489 -0.223838 0.463907 0.884441 -0.0505431 0.505573 0.855991 -0.108053 0.173462 0.984587 -0.0223335 0.173424 0.98484 0.00385554 0.145161 0.989269 -0.0166116 0.145155 0.989178 -0.0213757 0.0530448 0.998564 0.00749927 0.078673 0.996873 0.00735062 0.053066 0.998584 -0.0037448 0.0916376 0.992692 -0.0785191 0.295656 0.940428 -0.167877 0.110882 0.899815 -0.421945 0.165924 0.697708 -0.696903 0.218122 0.750456 -0.62389 0.208049 0.446445 -0.870289 0.191764 0.480122 -0.855985 0.117177 0.125808 -0.98511 0.0980078 0.501914 -0.859347 0.219176 0.148 -0.964395 0.124616 0.107825 -0.986329 0.165489 0.637605 -0.752379 0.131142 0.71998 -0.681491 0.211152 0.660101 -0.72089 0.283555 0.0120786 -0.95888 0.198384 0.777779 -0.596409 0.340748 0.558354 -0.756394 0.409708 0.0822266 -0.908503 0.415834 0.0670244 -0.906967 0.50305 0.0365907 -0.863482 0.556123 -0.131905 -0.820566 0.560537 -0.140414 -0.816138 0.565952 -0.440501 -0.696891 0.562942 -0.403744 -0.72117 0.7203 -0.344627 -0.601997 0.614407 -0.101066 -0.782489 0.723208 -0.0822133 -0.685719 0.723051 -0.0765123 -0.686545 0.738855 -0.0665112 -0.670574 0.582966 -0.433578 -0.687139 0.587804 -0.5146 -0.624239 0.568773 -0.604834 -0.55738 0.632513 -0.470872 -0.614985 0.686184 -0.592499 -0.422014 0.622813 -0.656043 -0.426277 0.616469 -0.705584 -0.349452 0.525844 -0.708025 -0.471368 0.511036 -0.773143 -0.375622 0.636306 -0.594822 -0.491224 0.586899 -0.57944 -0.565508 0.63565 -0.524152 -0.566757 0.665853 -0.560336 -0.492609 0.700433 -0.557461 -0.44568 0.684131 -0.576326 -0.447005 0.72139 -0.588407 -0.365203 0.620173 -0.749368 -0.232022 0.714994 -0.61187 -0.338229 0.695726 -0.614993 -0.371147 0.8695 -0.34759 -0.350929 0.878337 -0.075745 -0.472004 0.520258 0.816867 -0.249118 0.915447 -0.0942185 -0.391255 0.740522 0.604207 -0.294212 0.926964 0.0714233 -0.368289 0.640154 0.758268 -0.123423 0.702407 0.702404 -0.115117 0.977227 -0.034398 -0.209391 0.979288 0.123435 -0.160495 0.948614 -0.316436 -0.000104242 0.999996 -0.00289729 -0.000192078 0.972204 -0.234064 -0.0057332 0.472974 -0.881071 0.00315566 0.618095 -0.786088 0.00501489 0.492597 -0.869808 0.0279649 0.493955 -0.869476 0.00443567 0.575433 -0.817848 -0.000701111 0.512636 -0.858562 -0.00865504 0.581994 -0.813168 -0.0063384 0.613367 -0.78895 0.0365911 0.494477 -0.869182 -0.00374771 0.617336 -0.7867 -0.000187866 0.619974 -0.784622 -0.000537197 0.774603 -0.632448 -0.00042177 0.786148 -0.618035 -0.00189918 0.640746 -0.750097 -0.163707 0.600926 -0.788687 -0.129852 0.746315 -0.643143 -0.171408 0.862887 -0.454571 -0.220888 0.928615 -0.315451 -0.195359 0.477611 -0.873735 -0.0920574 0.486396 -0.867412 -0.104954 0.564466 -0.817687 -0.112988 0.488108 -0.847631 -0.208018 0.532379 -0.830126 -0.165721 0.560125 -0.803333 -0.202279 0.461989 -0.854821 -0.236322 0.563839 -0.780594 -0.269736 0.505491 -0.803166 -0.315283 0.529717 -0.846576 -0.0520403 0.596517 -0.801136 0.0484564 0.591152 -0.805584 0.0396617 -3.44156e-05 1 2.02177e-05 -5.06396e-09 1 1.74756e-07 -0.00197857 0.999997 0.00159966 0.486309 0.73707 -0.469288 0.461326 0.703275 -0.540908 0 1 0 2.94965e-07 1 -3.76585e-07 0.462506 0.701813 -0.541799 0.648477 -0.0531319 -0.759378 0.651921 -0.0394795 -0.757259 0.729663 -0.0477958 -0.682134 0.72991 -0.0496589 -0.681737 0.773233 -0.118408 -0.622969 0.528093 0.759855 -0.379129 0.812765 -0.00847303 -0.58253 0.543968 0.744345 -0.387363 0.831484 -0.0931217 -0.547688 0.868359 0.00564524 -0.495904 0.676365 0.627162 -0.386263 0.541141 0.672602 -0.50475 0.396837 0.733186 -0.552231 0.589672 -0.0576649 -0.805582 0.423313 0.651034 -0.630049 0.398399 0.643339 -0.653753 -0.000216304 1 0.00049081 0.313751 0.766238 -0.560749 -0.00114424 0.999999 0.000445205 0.596259 -0.760145 -0.258176 0.804361 -0.21463 -0.554019 0.596566 -0.0389393 -0.801619 0.5453 0.190603 -0.816284 0.470305 0.306966 -0.827397 0.423058 0.287816 -0.859177 0.411966 0.472273 -0.779258 0.632831 0.271701 -0.725054 0.264645 0.678323 -0.68545 0.484412 0.571112 -0.662704 0.269366 0.488716 -0.829818 0.326891 0.154897 -0.932282 0.208435 0.123107 -0.970258 0.0659328 0.773294 -0.630611 0.0935252 0.482017 -0.871156 0.74857 -0.627293 -0.214818 0.714252 -0.695709 0.0763765 0.622697 -0.782436 0.00659006 0.588271 -0.787223 0.18498 -0.00113734 0.999999 -0.000441928 0.679345 0.722026 0.131031 0.701148 0.701145 0.129567 0.975746 0.12963 0.176395 -0.0842919 0.667326 0.73998 -0.0862916 0.747123 0.65906 -0.192753 0.6657 0.720896 -0.295893 -0.700099 0.649852 -0.465917 0.693445 0.549595 -0.406209 0.790373 0.458591 -0.621468 0.666037 0.41252 -0.826244 -0.256744 0.501401 -0.825643 -0.264749 0.498218 -0.851944 -0.0921696 0.515457 -0.868464 -0.269671 0.41599 -0.758922 -0.539401 0.364806 -0.702299 -0.568777 0.428099 -0.710129 -0.544238 0.446679 -0.561439 -0.745989 0.35817 -0.542908 -0.722396 0.428246 -0.645222 -0.574686 0.503414 -0.453481 -0.765299 0.456808 -0.394158 -0.824917 0.405156 -0.351447 -0.848728 0.395154 -0.351548 -0.848519 0.395512 -0.441053 -0.761159 0.47551 -0.388918 -0.760337 0.520222 -0.306288 -0.847314 0.433874 -0.311005 -0.851075 0.423023 -0.239232 -0.860013 0.450716 -0.202746 -0.845412 0.494138 -0.379046 -0.777494 0.501824 -0.37272 -0.814635 0.444354 -0.501112 -0.637289 0.585448 -0.49704 -0.661467 0.561616 -0.424225 -0.66843 0.610929 -0.340701 -0.797573 0.497795 -0.703007 -0.294546 0.64732 -0.569346 -0.630343 0.527743 -0.695641 -0.408251 0.591114 -0.6043 -0.416913 0.678974 -0.758106 -0.315924 0.570497 -0.638275 -0.599662 0.482711 -0.758888 -0.290582 0.582796 -0.574864 -0.606263 0.549524 -0.452887 -0.77551 0.439861 -0.434903 -0.782174 0.446165 -0.416178 -0.83885 0.350893 -0.408197 -0.850854 0.330793 -0.502223 -0.762869 0.407188 -0.456365 -0.842003 0.287683 -0.464266 -0.828872 0.312136 -0.496968 -0.784831 0.370221 -0.547147 -0.757334 0.356476 -0.517243 -0.812635 0.268483 -0.502673 -0.83156 0.236279 -0.580097 -0.759397 0.294624 -0.566637 -0.78181 0.260183 -0.671985 -0.711221 0.206401 -0.571155 -0.81218 0.118934 -0.710492 -0.69428 0.11479 -0.713446 -0.693501 0.10025 -0.793244 -0.60751 0.0411699 -0.72883 -0.676996 0.102387 -0.790374 -0.611825 0.0312895 -0.85513 -0.489147 -0.171719 -0.868385 -0.494057 0.0425984 -0.928442 -0.37016 0.0312625 -0.958165 -0.286212 0.00127435 -0.951463 -0.307463 0.0135862 -0.832015 -0.554568 0.0143399 -0.707108 0.707105 1.14642e-07 -0.982748 -0.184895 0.00456441 -0.998869 -0.0472108 0.00562504 -0.912609 -0.397965 -0.0936435 -0.897746 -0.437888 0.0480204 -0.96126 -0.273262 0.0361483 -0.882258 -0.469648 0.032424 -0.781882 -0.622337 0.0368461 -0.714099 -0.640537 0.282447 -0.822092 -0.4886 0.292292 -0.701311 -0.667003 0.251536 -0.651818 -0.670337 0.354656 -0.525468 -0.798487 0.293772 -0.537112 -0.776877 0.328593 -0.58343 -0.776949 0.236559 -0.642206 -0.695502 0.322254 -0.583455 -0.698741 0.413934 -0.474232 -0.797774 0.372371 -0.457279 -0.824542 0.333206 -0.767181 -0.516078 0.380917 -0.813049 -0.511494 0.278075 -0.814005 -0.575 0.0822893 -0.666955 -0.741925 0.0686828 -0.600436 -0.751511 0.273327 -0.951167 -0.20043 0.234753 -0.913736 -0.260498 0.311814 -0.912914 -0.196549 0.35771 -0.701138 0.701135 0.129673 -0.738913 0.662826 0.121118 -0.691269 0.672224 0.265069 -0.699718 0.660562 0.272126 -0.980622 0.138583 0.138478 -0.892324 0.053448 0.44822 -0.691643 0.643787 0.327366 -0.596684 0.743906 0.300952 -0.000381056 1 0.000108705 2.29431e-06 1 -3.76069e-07 -0.89177 -0.205397 0.403184 -0.999999 0.00100443 -4.93097e-05 -0.755956 -0.654623 0.000348655 -0.678915 -0.723849 0.122952 -0.748599 -0.640959 0.169623 -0.583011 -0.576462 0.572529 -0.664245 -0.577308 0.474861 -0.583318 -0.57429 0.574397 -0.828757 0.108877 0.548915 -0.602897 -0.426362 0.674337 -0.356363 -0.235732 0.904121 -0.70344 -0.203302 0.681058 -0.0203662 0.621899 -0.782833 -0.128778 0.0993457 -0.986685 -0.0281761 0.0647071 -0.997506 -0.179475 -0.0081727 -0.983729 0.0334931 0.992784 -0.115145 0.00548193 0.999892 0.0136187 0.0576726 0.998275 0.0110142 0.0066537 0.999873 0.0145113 0.552493 0.827446 -0.100427 0.221219 0.975122 -0.0140885 0.563334 0.824522 -0.0530903 0.5709 0.819515 -0.0496731 0.543535 0.838709 -0.0337166 0.00604931 0.99996 0.00652699 0.405017 0.822671 0.398965 0.39099 0.883718 0.257233 0.157255 0.945947 0.283646 0.973544 -0.212001 -0.0852506 0.431739 -0.901955 -0.00889055 0.858488 -0.512619 0.0148157 0.968823 0.247684 -0.0059435 0.987481 0.120883 0.101338 0.984356 0.154838 0.0840765 0.980923 0.147042 0.127152 0.987626 0.0576217 0.145856 0.226986 0.890885 -0.393449 0.500378 3.13027e-06 -0.865807 -9.29741e-07 1 -2.64787e-07 0.500379 1.7195e-06 -0.865807 -0.228367 -5.58626e-05 0.973575 -0.376945 2.97787e-06 0.926236</float_array>
                    <technique_common>
                        <accessor count="7487" source="#shape0-lib-normals-array" stride="3">
                            <param name="X" type="float"/>
                            <param name="Y" type="float"/>
                            <param name="Z" type="float"/>
                        </accessor>
                    </technique_common>
                </source>
                <source id="shape0-lib-map" name="map">
                    <float_array id="shape0-lib-map-array" count="44922">0 0 0 0 0 0 0 0 0 0 0 0 0 0 0 0 0 0 0 0 0 0 0 0 0 0 0 0 0 0 0 0 0 0 0 0 0 0 0 0 0 0 0 0 0 0 0 0 0 0 0 0 0 0 0 0 0 0 0 0 0 0 0 0 0 0 0 0 0 0 0 0 0 0 0 0 0 0 0 0 0 0 0 0 0 0 0 0 0 0 0 0 0 0 0 0 0 0 0 0 0 0 0 0 0 0 0 0 0 0 0 0 0 0 0 0 0 0 0 0 0 0 0 0 0 0 0 0 0 0 0 0 0 0 0 0 0 0 0 0 0 0 0 0 0 0 0 0 0 0 0 0 0 0 0 0 0 0 0 0 0 0 0 0 0 0 0 0 0 0 0 0 0 0 0 0 0 0 0 0 0 0 0 0 0 0 0 0 0 0 0 0 0 0 0 0 0 0 0 0 0 0 0 0 0 0 0 0 0 0 0 0 0 0 0 0 0 0 0 0 0 0 0 0 0 0 0 0 0 0 0 0 0 0 0 0 0 0 0 0 0 0 0 0 0 0 0 0 0 0 0 0 0 0 0 0 0 0 0 0 0 0 0 0 0 0 0 0 0 0 0 0 0 0 0 0 0 0 0 0 0 0 0 0 0 0 0 0 0 0 0 0 0 0 0 0 0 0 0 0 0 0 0 0 0 0 0 0 0 0 0 0 0 0 0 0 0 0 0 0 0 0 0 0 0 0 0 0 0 0 0 0 0 0 0 0 0 0 0 0 0 0 0 0 0 0 0 0 0 0 0 0 0 0 0 0 0 0 0 0 0 0 0 0 0 0 0 0 0 0 0 0 0 0 0 0 0 0 0 0 0 0 0 0 0 0 0 0 0 0 0 0 0 0 0 0 0 0 0 0 0 0 0 0 0 0 0 0 0 0 0 0 0 0 0 0 0 0 0 0 0 0 0 0 0 0 0 0 0 0 0 0 0 0 0 0 0 0 0 0 0 0 0 0 0 0 0 0 0 0 0 0 0 0 0 0 0 0 0 0 0 0 0 0 0 0 0 0 0 0 0 0 0 0 0 0 0 0 0 0 0 0 0 0 0 0 0 0 0 0 0 0 0 0 0 0 0 0 0 0 0 0 0 0 0 0 0 0 0 0 0 0 0 0 0 0 0 0 0 0 0 0 0 0 0 0 0 0 0 0 0 0 0 0 0 0 0 0 0 0 0 0 0 0 0 0 0 0 0 0 0 0 0 0 0 0 0 0 0 0 0 0 0 0 0 0 0 0 0 0 0 0 0 0 0 0 0 0 0 0 0 0 0 0 0 0 0 0 0 0 0 0 0 0 0 0 0 0 0 0 0 0 0 0 0 0 0 0 0 0 0 0 0 0 0 0 0 0 0 0 0 0 0 0 0 0 0 0 0 0 0 0 0 0 0 0 0 0 0 0 0 0 0 0 0 0 0 0 0 0 0 0 0 0 0 0 0 0 0 0 0 0 0 0 0 0 0 0 0 0 0 0 0 0 0 0 0 0 0 0 0 0 0 0 0 0 0 0 0 0 0 0 0 0 0 0 0 0 0 0 0 0 0 0 0 0 0 0 0 0 0 0 0 0 0 0 0 0 0 0 0 0 0 0 0 0 0 0 0 0 0 0 0 0 0 0 0 0 0 0 0 0 0 0 0 0 0 0 0 0 0 0 0 0 0 0 0 0 0 0 0 0 0 0 0 0 0 0 0 0 0 0 0 0 0 0 0 0 0 0 0 0 0 0 0 0 0 0 0 0 0 0 0 0 0 0 0 0 0 0 0 0 0 0 0 0 0 0 0 0 0 0 0 0 0 0 0 0 0 0 0 0 0 0 0 0 0 0 0 0 0 0 0 0 0 0 0 0 0 0 0 0 0 0 0 0 0 0 0 0 0 0 0 0 0 0 0 0 0 0 0 0 0 0 0 0 0 0 0 0 0 0 0 0 0 0 0 0 0 0 0 0 0 0 0 0 0 0 0 0 0 0 0 0 0 0 0 0 0 0 0 0 0 0 0 0 0 0 0 0 0 0 0 0 0 0 0 0 0 0 0 0 0 0 0 0 0 0 0 0 0 0 0 0 0 0 0 0 0 0 0 0 0 0 0 0 0 0 0 0 0 0 0 0 0 0 0 0 0 0 0 0 0 0 0 0 0 0 0 0 0 0 0 0 0 0 0 0 0 0 0 0 0 0 0 0 0 0 0 0 0 0 0 0 0 0 0 0 0 0 0 0 0 0 0 0 0 0 0 0 0 0 0 0 0 0 0 0 0 0 0 0 0 0 0 0 0 0 0 0 0 0 0 0 0 0 0 0 0 0 0 0 0 0 0 0 0 0 0 0 0 0 0 0 0 0 0 0 0 0 0 0 0 0 0 0 0 0 0 0 0 0 0 0 0 0 0 0 0 0 0 0 0 0 0 0 0 0 0 0 0 0 0 0 0 0 0 0 0 0 0 0 0 0 0 0 0 0 0 0 0 0 0 0 0 0 0 0 0 0 0 0 0 0 0 0 0 0 0 0 0 0 0 0 0 0 0 0 0 0 0 0 0 0 0 0 0 0 0 0 0 0 0 0 0 0 0 0 0 0 0 0 0 0 0 0 0 0 0 0 0 0 0 0 0 0 0 0 0 0 0 0 0 0 0 0 0 0 0 0 0 0 0 0 0 0 0 0 0 0 0 0 0 0 0 0 0 0 0 0 0 0 0 0 0 0 0 0 0 0 0 0 0 0 0 0 0 0 0 0 0 0 0 0 0 0 0 0 0 0 0 0 0 0 0 0 0 0 0 0 0 0 0 0 0 0 0 0 0 0 0 0 0 0 0 0 0 0 0 0 0 0 0 0 0 0 0 0 0 0 0 0 0 0 0 0 0 0 0 0 0 0 0 0 0 0 0 0 0 0 0 0 0 0 0 0 0 0 0 0 0 0 0 0 0 0 0 0 0 0 0 0 0 0 0 0 0 0 0 0 0 0 0 0 0 0 0 0 0 0 0 0 0 0 0 0 0 0 0 0 0 0 0 0 0 0 0 0 0 0 0 0 0 0 0 0 0 0 0 0 0 0 0 0 0 0 0 0 0 0 0 0 0 0 0 0 0 0 0 0 0 0 0 0 0 0 0 0 0 0 0 0 0 0 0 0 0 0 0 0 0 0 0 0 0 0 0 0 0 0 0 0 0 0 0 0 0 0 0 0 0 0 0 0 0 0 0 0 0 0 0 0 0 0 0 0 0 0 0 0 0 0 0 0 0 0 0 0 0 0 0 0 0 0 0 0 0 0 0 0 0 0 0 0 0 0 0 0 0 0 0 0 0 0 0 0 0 0 0 0 0 0 0 0 0 0 0 0 0 0 0 0 0 0 0 0 0 0 0 0 0 0 0 0 0 0 0 0 0 0 0 0 0 0 0 0 0 0 0 0 0 0 0 0 0 0 0 0 0 0 0 0 0 0 0 0 0 0 0 0 0 0 0 0 0 0 0 0 0 0 0 0 0 0 0 0 0 0 0 0 0 0 0 0 0 0 0 0 0 0 0 0 0 0 0 0 0 0 0 0 0 0 0 0 0 0 0 0 0 0 0 0 0 0 0 0 0 0 0 0 0 0 0 0 0 0 0 0 0 0 0 0 0 0 0 0 0 0 0 0 0 0 0 0 0 0 0 0 0 0 0 0 0 0 0 0 0 0 0 0 0 0 0 0 0 0 0 0 0 0 0 0 0 0 0 0 0 0 0 0 0 0 0 0 0 0 0 0 0 0 0 0 0 0 0 0 0 0 0 0 0 0 0 0 0 0 0 0 0 0 0 0 0 0 0 0 0 0 0 0 0 0 0 0 0 0 0 0 0 0 0 0 0 0 0 0 0 0 0 0 0 0 0 0 0 0 0 0 0 0 0 0 0 0 0 0 0 0 0 0 0 0 0 0 0 0 0 0 0 0 0 0 0 0 0 0 0 0 0 0 0 0 0 0 0 0 0 0 0 0 0 0 0 0 0 0 0 0 0 0 0 0 0 0 0 0 0 0 0 0 0 0 0 0 0 0 0 0 0 0 0 0 0 0 0 0 0 0 0 0 0 0 0 0 0 0 0 0 0 0 0 0 0 0 0 0 0 0 0 0 0 0 0 0 0 0 0 0 0 0 0 0 0 0 0 0 0 0 0 0 0 0 0 0 0 0 0 0 0 0 0 0 0 0 0 0 0 0 0 0 0 0 0 0 0 0 0 0 0 0 0 0 0 0 0 0 0 0 0 0 0 0 0 0 0 0 0 0 0 0 0 0 0 0 0 0 0 0 0 0 0 0 0 0 0 0 0 0 0 0 0 0 0 0 0 0 0 0 0 0 0 0 0 0 0 0 0 0 0 0 0 0 0 0 0 0 0 0 0 0 0 0 0 0 0 0 0 0 0 0 0 0 0 0 0 0 0 0 0 0 0 0 0 0 0 0 0 0 0 0 0 0 0 0 0 0 0 0 0 0 0 0 0 0 0 0 0 0 0 0 0 0 0 0 0 0 0 0 0 0 0 0 0 0 0 0 0 0 0 0 0 0 0 0 0 0 0 0 0 0 0 0 0 0 0 0 0 0 0 0 0 0 0 0 0 0 0 0 0 0 0 0 0 0 0 0 0 0 0 0 0 0 0 0 0 0 0 0 0 0 0 0 0 0 0 0 0 0 0 0 0 0 0 0 0 0 0 0 0 0 0 0 0 0 0 0 0 0 0 0 0 0 0 0 0 0 0 0 0 0 0 0 0 0 0 0 0 0 0 0 0 0 0 0 0 0 0 0 0 0 0 0 0 0 0 0 0 0 0 0 0 0 0 0 0 0 0 0 0 0 0 0 0 0 0 0 0 0 0 0 0 0 0 0 0 0 0 0 0 0 0 0 0 0 0 0 0 0 0 0 0 0 0 0 0 0 0 0 0 0 0 0 0 0 0 0 0 0 0 0 0 0 0 0 0 0 0 0 0 0 0 0 0 0 0 0 0 0 0 0 0 0 0 0 0 0 0 0 0 0 0 0 0 0 0 0 0 0 0 0 0 0 0 0 0 0 0 0 0 0 0 0 0 0 0 0 0 0 0 0 0 0 0 0 0 0 0 0 0 0 0 0 0 0 0 0 0 0 0 0 0 0 0 0 0 0 0 0 0 0 0 0 0 0 0 0 0 0 0 0 0 0 0 0 0 0 0 0 0 0 0 0 0 0 0 0 0 0 0 0 0 0 0 0 0 0 0 0 0 0 0 0 0 0 0 0 0 0 0 0 0 0 0 0 0 0 0 0 0 0 0 0 0 0 0 0 0 0 0 0 0 0 0 0 0 0 0 0 0 0 0 0 0 0 0 0 0 0 0 0 0 0 0 0 0 0 0 0 0 0 0 0 0 0 0 0 0 0 0 0 0 0 0 0 0 0 0 0 0 0 0 0 0 0 0 0 0 0 0 0 0 0 0 0 0 0 0 0 0 0 0 0 0 0 0 0 0 0 0 0 0 0 0 0 0 0 0 0 0 0 0 0 0 0 0 0 0 0 0 0 0 0 0 0 0 0 0 0 0 0 0 0 0 0 0 0 0 0 0 0 0 0 0 0 0 0 0 0 0 0 0 0 0 0 0 0 0 0 0 0 0 0 0 0 0 0 0 0 0 0 0 0 0 0 0 0 0 0 0 0 0 0 0 0 0 0 0 0 0 0 0 0 0 0 0 0 0 0 0 0 0 0 0 0 0 0 0 0 0 0 0 0 0 0 0 0 0 0 0 0 0 0 0 0 0 0 0 0 0 0 0 0 0 0 0 0 0 0 0 0 0 0 0 0 0 0 0 0 0 0 0 0 0 0 0 0 0 0 0 0 0 0 0 0 0 0 0 0 0 0 0 0 0 0 0 0 0 0 0 0 0 0 0 0 0 0 0 0 0 0 0 0 0 0 0 0 0 0 0 0 0 0 0 0 0 0 0 0 0 0 0 0 0 0 0 0 0 0 0 0 0 0 0 0 0 0 0 0 0 0 0 0 0 0 0 0 0 0 0 0 0 0 0 0 0 0 0 0 0 0 0 0 0 0 0 0 0 0 0 0 0 0 0 0 0 0 0 0 0 0 0 0 0 0 0 0 0 0 0 0 0 0 0 0 0 0 0 0 0 0 0 0 0 0 0 0 0 0 0 0 0 0 0 0 0 0 0 0 0 0 0 0 0 0 0 0 0 0 0 0 0 0 0 0 0 0 0 0 0 0 0 0 0 0 0 0 0 0 0 0 0 0 0 0 0 0 0 0 0 0 0 0 0 0 0 0 0 0 0 0 0 0 0 0 0 0 0 0 0 0 0 0 0 0 0 0 0 0 0 0 0 0 0 0 0 0 0 0 0 0 0 0 0 0 0 0 0 0 0 0 0 0 0 0 0 0 0 0 0 0 0 0 0 0 0 0 0 0 0 0 0 0 0 0 0 0 0 0 0 0 0 0 0 0 0 0 0 0 0 0 0 0 0 0 0 0 0 0 0 0 0 0 0 0 0 0 0 0 0 0 0 0 0 0 0 0 0 0 0 0 0 0 0 0 0 0 0 0 0 0 0 0 0 0 0 0 0 0 0 0 0 0 0 0 0 0 0 0 0 0 0 0 0 0 0 0 0 0 0 0 0 0 0 0 0 0 0 0 0 0 0 0 0 0 0 0 0 0 0 0 0 0 0 0 0 0 0 0 0 0 0 0 0 0 0 0 0 0 0 0 0 0 0 0 0 0 0 0 0 0 0 0 0 0 0 0 0 0 0 0 0 0 0 0 0 0 0 0 0 0 0 0 0 0 0 0 0 0 0 0 0 0 0 0 0 0 0 0 0 0 0 0 0 0 0 0 0 0 0 0 0 0 0 0 0 0 0 0 0 0 0 0 0 0 0 0 0 0 0 0 0 0 0 0 0 0 0 0 0 0 0 0 0 0 0 0 0 0 0 0 0 0 0 0 0 0 0 0 0 0 0 0 0 0 0 0 0 0 0 0 0 0 0 0 0 0 0 0 0 0 0 0 0 0 0 0 0 0 0 0 0 0 0 0 0 0 0 0 0 0 0 0 0 0 0 0 0 0 0 0 0 0 0 0 0 0 0 0 0 0 0 0 0 0 0 0 0 0 0 0 0 0 0 0 0 0 0 0 0 0 0 0 0 0 0 0 0 0 0 0 0 0 0 0 0 0 0 0 0 0 0 0 0 0 0 0 0 0 0 0 0 0 0 0 0 0 0 0 0 0 0 0 0 0 0 0 0 0 0 0 0 0 0 0 0 0 0 0 0 0 0 0 0 0 0 0 0 0 0 0 0 0 0 0 0 0 0 0 0 0 0 0 0 0 0 0 0 0 0 0 0 0 0 0 0 0 0 0 0 0 0 0 0 0 0 0 0 0 0 0 0 0 0 0 0 0 0 0 0 0 0 0 0 0 0 0 0 0 0 0 0 0 0 0 0 0 0 0 0 0 0 0 0 0 0 0 0 0 0 0 0 0 0 0 0 0 0 0 0 0 0 0 0 0 0 0 0 0 0 0 0 0 0 0 0 0 0 0 0 0 0 0 0 0 0 0 0 0 0 0 0 0 0 0 0 0 0 0 0 0 0 0 0 0 0 0 0 0 0 0 0 0 0 0 0 0 0 0 0 0 0 0 0 0 0 0 0 0 0 0 0 0 0 0 0 0 0 0 0 0 0 0 0 0 0 0 0 0 0 0 0 0 0 0 0 0 0 0 0 0 0 0 0 0 0 0 0 0 0 0 0 0 0 0 0 0 0 0 0 0 0 0 0 0 0 0 0 0 0 0 0 0 0 0 0 0 0 0 0 0 0 0 0 0 0 0 0 0 0 0 0 0 0 0 0 0 0 0 0 0 0 0 0 0 0 0 0 0 0 0 0 0 0 0 0 0 0 0 0 0 0 0 0 0 0 0 0 0 0 0 0 0 0 0 0 0 0 0 0 0 0 0 0 0 0 0 0 0 0 0 0 0 0 0 0 0 0 0 0 0 0 0 0 0 0 0 0 0 0 0 0 0 0 0 0 0 0 0 0 0 0 0 0 0 0 0 0 0 0 0 0 0 0 0 0 0 0 0 0 0 0 0 0 0 0 0 0 0 0 0 0 0 0 0 0 0 0 0 0 0 0 0 0 0 0 0 0 0 0 0 0 0 0 0 0 0 0 0 0 0 0 0 0 0 0 0 0 0 0 0 0 0 0 0 0 0 0 0 0 0 0 0 0 0 0 0 0 0 0 0 0 0 0 0 0 0 0 0 0 0 0 0 0 0 0 0 0 0 0 0 0 0 0 0 0 0 0 0 0 0 0 0 0 0 0 0 0 0 0 0 0 0 0 0 0 0 0 0 0 0 0 0 0 0 0 0 0 0 0 0 0 0 0 0 0 0 0 0 0 0 0 0 0 0 0 0 0 0 0 0 0 0 0 0 0 0 0 0 0 0 0 0 0 0 0 0 0 0 0 0 0 0 0 0 0 0 0 0 0 0 0 0 0 0 0 0 0 0 0 0 0 0 0 0 0 0 0 0 0 0 0 0 0 0 0 0 0 0 0 0 0 0 0 0 0 0 0 0 0 0 0 0 0 0 0 0 0 0 0 0 0 0 0 0 0 0 0 0 0 0 0 0 0 0 0 0 0 0 0 0 0 0 0 0 0 0 0 0 0 0 0 0 0 0 0 0 0 0 0 0 0 0 0 0 0 0 0 0 0 0 0 0 0 0 0 0 0 0 0 0 0 0 0 0 0 0 0 0 0 0 0 0 0 0 0 0 0 0 0 0 0 0 0 0 0 0 0 0 0 0 0 0 0 0 0 0 0 0 0 0 0 0 0 0 0 0 0 0 0 0 0 0 0 0 0 0 0 0 0 0 0 0 0 0 0 0 0 0 0 0 0 0 0 0 0 0 0 0 0 0 0 0 0 0 0 0 0 0 0 0 0 0 0 0 0 0 0 0 0 0 0 0 0 0 0 0 0 0 0 0 0 0 0 0 0 0 0 0 0 0 0 0 0 0 0 0 0 0 0 0 0 0 0 0 0 0 0 0 0 0 0 0 0 0 0 0 0 0 0 0 0 0 0 0 0 0 0 0 0 0 0 0 0 0 0 0 0 0 0 0 0 0 0 0 0 0 0 0 0 0 0 0 0 0 0 0 0 0 0 0 0 0 0 0 0 0 0 0 0 0 0 0 0 0 0 0 0 0 0 0 0 0 0 0 0 0 0 0 0 0 0 0 0 0 0 0 0 0 0 0 0 0 0 0 0 0 0 0 0 0 0 0 0 0 0 0 0 0 0 0 0 0 0 0 0 0 0 0 0 0 0 0 0 0 0 0 0 0 0 0 0 0 0 0 0 0 0 0 0 0 0 0 0 0 0 0 0 0 0 0 0 0 0 0 0 0 0 0 0 0 0 0 0 0 0 0 0 0 0 0 0 0 0 0 0 0 0 0 0 0 0 0 0 0 0 0 0 0 0 0 0 0 0 0 0 0 0 0 0 0 0 0 0 0 0 0 0 0 0 0 0 0 0 0 0 0 0 0 0 0 0 0 0 0 0 0 0 0 0 0 0 0 0 0 0 0 0 0 0 0 0 0 0 0 0 0 0 0 0 0 0 0 0 0 0 0 0 0 0 0 0 0 0 0 0 0 0 0 0 0 0 0 0 0 0 0 0 0 0 0 0 0 0 0 0 0 0 0 0 0 0 0 0 0 0 0 0 0 0 0 0 0 0 0 0 0 0 0 0 0 0 0 0 0 0 0 0 0 0 0 0 0 0 0 0 0 0 0 0 0 0 0 0 0 0 0 0 0 0 0 0 0 0 0 0 0 0 0 0 0 0 0 0 0 0 0 0 0 0 0 0 0 0 0 0 0 0 0 0 0 0 0 0 0 0 0 0 0 0 0 0 0 0 0 0 0 0 0 0 0 0 0 0 0 0 0 0 0 0 0 0 0 0 0 0 0 0 0 0 0 0 0 0 0 0 0 0 0 0 0 0 0 0 0 0 0 0 0 0 0 0 0 0 0 0 0 0 0 0 0 0 0 0 0 0 0 0 0 0 0 0 0 0 0 0 0 0 0 0 0 0 0 0 0 0 0 0 0 0 0 0 0 0 0 0 0 0 0 0 0 0 0 0 0 0 0 0 0 0 0 0 0 0 0 0 0 0 0 0 0 0 0 0 0 0 0 0 0 0 0 0 0 0 0 0 0 0 0 0 0 0 0 0 0 0 0 0 0 0 0 0 0 0 0 0 0 0 0 0 0 0 0 0 0 0 0 0 0 0 0 0 0 0 0 0 0 0 0 0 0 0 0 0 0 0 0 0 0 0 0 0 0 0 0 0 0 0 0 0 0 0 0 0 0 0 0 0 0 0 0 0 0 0 0 0 0 0 0 0 0 0 0 0 0 0 0 0 0 0 0 0 0 0 0 0 0 0 0 0 0 0 0 0 0 0 0 0 0 0 0 0 0 0 0 0 0 0 0 0 0 0 0 0 0 0 0 0 0 0 0 0 0 0 0 0 0 0 0 0 0 0 0 0 0 0 0 0 0 0 0 0 0 0 0 0 0 0 0 0 0 0 0 0 0 0 0 0 0 0 0 0 0 0 0 0 0 0 0 0 0 0 0 0 0 0 0 0 0 0 0 0 0 0 0 0 0 0 0 0 0 0 0 0 0 0 0 0 0 0 0 0 0 0 0 0 0 0 0 0 0 0 0 0 0 0 0 0 0 0 0 0 0 0 0 0 0 0 0 0 0 0 0 0 0 0 0 0 0 0 0 0 0 0 0 0 0 0 0 0 0 0 0 0 0 0 0 0 0 0 0 0 0 0 0 0 0 0 0 0 0 0 0 0 0 0 0 0 0 0 0 0 0 0 0 0 0 0 0 0 0 0 0 0 0 0 0 0 0 0 0 0 0 0 0 0 0 0 0 0 0 0 0 0 0 0 0 0 0 0 0 0 0 0 0 0 0 0 0 0 0 0 0 0 0 0 0 0 0 0 0 0 0 0 0 0 0 0 0 0 0 0 0 0 0 0 0 0 0 0 0 0 0 0 0 0 0 0 0 0 0 0 0 0 0 0 0 0 0 0 0 0 0 0 0 0 0 0 0 0 0 0 0 0 0 0 0 0 0 0 0 0 0 0 0 0 0 0 0 0 0 0 0 0 0 0 0 0 0 0 0 0 0 0 0 0 0 0 0 0 0 0 0 0 0 0 0 0 0 0 0 0 0 0 0 0 0 0 0 0 0 0 0 0 0 0 0 0 0 0 0 0 0 0 0 0 0 0 0 0 0 0 0 0 0 0 0 0 0 0 0 0 0 0 0 0 0 0 0 0 0 0 0 0 0 0 0 0 0 0 0 0 0 0 0 0 0 0 0 0 0 0 0 0 0 0 0 0 0 0 0 0 0 0 0 0 0 0 0 0 0 0 0 0 0 0 0 0 0 0 0 0 0 0 0 0 0 0 0 0 0 0 0 0 0 0 0 0 0 0 0 0 0 0 0 0 0 0 0 0 0 0 0 0 0 0 0 0 0 0 0 0 0 0 0 0 0 0 0 0 0 0 0 0 0 0 0 0 0 0 0 0 0 0 0 0 0 0 0 0 0 0 0 0 0 0 0 0 0 0 0 0 0 0 0 0 0 0 0 0 0 0 0 0 0 0 0 0 0 0 0 0 0 0 0 0 0 0 0 0 0 0 0 0 0 0 0 0 0 0 0 0 0 0 0 0 0 0 0 0 0 0 0 0 0 0 0 0 0 0 0 0 0 0 0 0 0 0 0 0 0 0 0 0 0 0 0 0 0 0 0 0 0 0 0 0 0 0 0 0 0 0 0 0 0 0 0 0 0 0 0 0 0 0 0 0 0 0 0 0 0 0 0 0 0 0 0 0 0 0 0 0 0 0 0 0 0 0 0 0 0 0 0 0 0 0 0 0 0 0 0 0 0 0 0 0 0 0 0 0 0 0 0 0 0 0 0 0 0 0 0 0 0 0 0 0 0 0 0 0 0 0 0 0 0 0 0 0 0 0 0 0 0 0 0 0 0 0 0 0 0 0 0 0 0 0 0 0 0 0 0 0 0 0 0 0 0 0 0 0 0 0 0 0 0 0 0 0 0 0 0 0 0 0 0 0 0 0 0 0 0 0 0 0 0 0 0 0 0 0 0 0 0 0 0 0 0 0 0 0 0 0 0 0 0 0 0 0 0 0 0 0 0 0 0 0 0 0 0 0 0 0 0 0 0 0 0 0 0 0 0 0 0 0 0 0 0 0 0 0 0 0 0 0 0 0 0 0 0 0 0 0 0 0 0 0 0 0 0 0 0 0 0 0 0 0 0 0 0 0 0 0 0 0 0 0 0 0 0 0 0 0 0 0 0 0 0 0 0 0 0 0 0 0 0 0 0 0 0 0 0 0 0 0 0 0 0 0 0 0 0 0 0 0 0 0 0 0 0 0 0 0 0 0 0 0 0 0 0 0 0 0 0 0 0 0 0 0 0 0 0 0 0 0 0 0 0 0 0 0 0 0 0 0 0 0 0 0 0 0 0 0 0 0 0 0 0 0 0 0 0 0 0 0 0 0 0 0 0 0 0 0 0 0 0 0 0 0 0 0 0 0 0 0 0 0 0 0 0 0 0 0 0 0 0 0 0 0 0 0 0 0 0 0 0 0 0 0 0 0 0 0 0 0 0 0 0 0 0 0 0 0 0 0 0 0 0 0 0 0 0 0 0 0 0 0 0 0 0 0 0 0 0 0 0 0 0 0 0 0 0 0 0 0 0 0 0 0 0 0 0 0 0 0 0 0 0 0 0 0 0 0 0 0 0 0 0 0 0 0 0 0 0 0 0 0 0 0 0 0 0 0 0 0 0 0 0 0 0 0 0 0 0 0 0 0 0 0 0 0 0 0 0 0 0 0 0 0 0 0 0 0 0 0 0 0 0 0 0 0 0 0 0 0 0 0 0 0 0 0 0 0 0 0 0 0 0 0 0 0 0 0 0 0 0 0 0 0 0 0 0 0 0 0 0 0 0 0 0 0 0 0 0 0 0 0 0 0 0 0 0 0 0 0 0 0 0 0 0 0 0 0 0 0 0 0 0 0 0 0 0 0 0 0 0 0 0 0 0 0 0 0 0 0 0 0 0 0 0 0 0 0 0 0 0 0 0 0 0 0 0 0 0 0 0 0 0 0 0 0 0 0 0 0 0 0 0 0 0 0 0 0 0 0 0 0 0 0 0 0 0 0 0 0 0 0 0 0 0 0 0 0 0 0 0 0 0 0 0 0 0 0 0 0 0 0 0 0 0 0 0 0 0 0 0 0 0 0 0 0 0 0 0 0 0 0 0 0 0 0 0 0 0 0 0 0 0 0 0 0 0 0 0 0 0 0 0 0 0 0 0 0 0 0 0 0 0 0 0 0 0 0 0 0 0 0 0 0 0 0 0 0 0 0 0 0 0 0 0 0 0 0 0 0 0 0 0 0 0 0 0 0 0 0 0 0 0 0 0 0 0 0 0 0 0 0 0 0 0 0 0 0 0 0 0 0 0 0 0 0 0 0 0 0 0 0 0 0 0 0 0 0 0 0 0 0 0 0 0 0 0 0 0 0 0 0 0 0 0 0 0 0 0 0 0 0 0 0 0 0 0 0 0 0 0 0 0 0 0 0 0 0 0 0 0 0 0 0 0 0 0 0 0 0 0 0 0 0 0 0 0 0 0 0 0 0 0 0 0 0 0 0 0 0 0 0 0 0 0 0 0 0 0 0 0 0 0 0 0 0 0 0 0 0 0 0 0 0 0 0 0 0 0 0 0 0 0 0 0 0 0 0 0 0 0 0 0 0 0 0 0 0 0 0 0 0 0 0 0 0 0 0 0 0 0 0 0 0 0 0 0 0 0 0 0 0 0 0 0 0 0 0 0 0 0 0 0 0 0 0 0 0 0 0 0 0 0 0 0 0 0 0 0 0 0 0 0 0 0 0 0 0 0 0 0 0 0 0 0 0 0 0 0 0 0 0 0 0 0 0 0 0 0 0 0 0 0 0 0 0 0 0 0 0 0 0 0 0 0 0 0 0 0 0 0 0 0 0 0 0 0 0 0 0 0 0 0 0 0 0 0 0 0 0 0 0 0 0 0 0 0 0 0 0 0 0 0 0 0 0 0 0 0 0 0 0 0 0 0 0 0 0 0 0 0 0 0 0 0 0 0 0 0 0 0 0 0 0 0 0 0 0 0 0 0 0 0 0 0 0 0 0 0 0 0 0 0 0 0 0 0 0 0 0 0 0 0 0 0 0 0 0 0 0 0 0 0 0 0 0 0 0 0 0 0 0 0 0 0 0 0 0 0 0 0 0 0 0 0 0 0 0 0 0 0 0 0 0 0 0 0 0 0 0 0 0 0 0 0 0 0 0 0 0 0 0 0 0 0 0 0 0 0 0 0 0 0 0 0 0 0 0 0 0 0 0 0 0 0 0 0 0 0 0 0 0 0 0 0 0 0 0 0 0 0 0 0 0 0 0 0 0 0 0 0 0 0 0 0 0 0 0 0 0 0 0 0 0 0 0 0 0 0 0 0 0 0 0 0 0 0 0 0 0 0 0 0 0 0 0 0 0 0 0 0 0 0 0 0 0 0 0 0 0 0 0 0 0 0 0 0 0 0 0 0 0 0 0 0 0 0 0 0 0 0 0 0 0 0 0 0 0 0 0 0 0 0 0 0 0 0 0 0 0 0 0 0 0 0 0 0 0 0 0 0 0 0 0 0 0 0 0 0 0 0 0 0 0 0 0 0 0 0 0 0 0 0 0 0 0 0 0 0 0 0 0 0 0 0 0 0 0 0 0 0 0 0 0 0 0 0 0 0 0 0 0 0 0 0 0 0 0 0 0 0 0 0 0 0 0 0 0 0 0 0 0 0 0 0 0 0 0 0 0 0 0 0 0 0 0 0 0 0 0 0 0 0 0 0 0 0 0 0 0 0 0 0 0 0 0 0 0 0 0 0 0 0 0 0 0 0 0 0 0 0 0 0 0 0 0 0 0 0 0 0 0 0 0 0 0 0 0 0 0 0 0 0 0 0 0 0 0 0 0 0 0 0 0 0 0 0 0 0 0 0 0 0 0 0 0 0 0 0 0 0 0 0 0 0 0 0 0 0 0 0 0 0 0 0 0 0 0 0 0 0 0 0 0 0 0 0 0 0 0 0 0 0 0 0 0 0 0 0 0 0 0 0 0 0 0 0 0 0 0 0 0 0 0 0 0 0 0 0 0 0 0 0 0 0 0 0 0 0 0 0 0 0 0 0 0 0 0 0 0 0 0 0 0 0 0 0 0 0 0 0 0 0 0 0 0 0 0 0 0 0 0 0 0 0 0 0 0 0 0 0 0 0 0 0 0 0 0 0 0 0 0 0 0 0 0 0 0 0 0 0 0 0 0 0 0 0 0 0 0 0 0 0 0 0 0 0 0 0 0 0 0 0 0 0 0 0 0 0 0 0 0 0 0 0 0 0 0 0 0 0 0 0 0 0 0 0 0 0 0 0 0 0 0 0 0 0 0 0 0 0 0 0 0 0 0 0 0 0 0 0 0 0 0 0 0 0 0 0 0 0 0 0 0 0 0 0 0 0 0 0 0 0 0 0 0 0 0 0 0 0 0 0 0 0 0 0 0 0 0 0 0 0 0 0 0 0 0 0 0 0 0 0 0 0 0 0 0 0 0 0 0 0 0 0 0 0 0 0 0 0 0 0 0 0 0 0 0 0 0 0 0 0 0 0 0 0 0 0 0 0 0 0 0 0 0 0 0 0 0 0 0 0 0 0 0 0 0 0 0 0 0 0 0 0 0 0 0 0 0 0 0 0 0 0 0 0 0 0 0 0 0 0 0 0 0 0 0 0 0 0 0 0 0 0 0 0 0 0 0 0 0 0 0 0 0 0 0 0 0 0 0 0 0 0 0 0 0 0 0 0 0 0 0 0 0 0 0 0 0 0 0 0 0 0 0 0 0 0 0 0 0 0 0 0 0 0 0 0 0 0 0 0 0 0 0 0 0 0 0 0 0 0 0 0 0 0 0 0 0 0 0 0 0 0 0 0 0 0 0 0 0 0 0 0 0 0 0 0 0 0 0 0 0 0 0 0 0 0 0 0 0 0 0 0 0 0 0 0 0 0 0 0 0 0 0 0 0 0 0 0 0 0 0 0 0 0 0 0 0 0 0 0 0 0 0 0 0 0 0 0 0 0 0 0 0 0 0 0 0 0 0 0 0 0 0 0 0 0 0 0 0 0 0 0 0 0 0 0 0 0 0 0 0 0 0 0 0 0 0 0 0 0 0 0 0 0 0 0 0 0 0 0 0 0 0 0 0 0 0 0 0 0 0 0 0 0 0 0 0 0 0 0 0 0 0 0 0 0 0 0 0 0 0 0 0 0 0 0 0 0 0 0 0 0 0 0 0 0 0 0 0 0 0 0 0 0 0 0 0 0 0 0 0 0 0 0 0 0 0 0 0 0 0 0 0 0 0 0 0 0 0 0 0 0 0 0 0 0 0 0 0 0 0 0 0 0 0 0 0 0 0 0 0 0 0 0 0 0 0 0 0 0 0 0 0 0 0 0 0 0 0 0 0 0 0 0 0 0 0 0 0 0 0 0 0 0 0 0 0 0 0 0 0 0 0 0 0 0 0 0 0 0 0 0 0 0 0 0 0 0 0 0 0 0 0 0 0 0 0 0 0 0 0 0 0 0 0 0 0 0 0 0 0 0 0 0 0 0 0 0 0 0 0 0 0 0 0 0 0 0 0 0 0 0 0 0 0 0 0 0 0 0 0 0 0 0 0 0 0 0 0 0 0 0 0 0 0 0 0 0 0 0 0 0 0 0 0 0 0 0 0 0 0 0 0 0 0 0 0 0 0 0 0 0 0 0 0 0 0 0 0 0 0 0 0 0 0 0 0 0 0 0 0 0 0 0 0 0 0 0 0 0 0 0 0 0 0 0 0 0 0 0 0 0 0 0 0 0 0 0 0 0 0 0 0 0 0 0 0 0 0 0 0 0 0 0 0 0 0 0 0 0 0 0 0 0 0 0 0 0 0 0 0 0 0 0 0 0 0 0 0 0 0 0 0 0 0 0 0 0 0 0 0 0 0 0 0 0 0 0 0 0 0 0 0 0 0 0 0 0 0 0 0 0 0 0 0 0 0 0 0 0 0 0 0 0 0 0 0 0 0 0 0 0 0 0 0 0 0 0 0 0 0 0 0 0 0 0 0 0 0 0 0 0 0 0 0 0 0 0 0 0 0 0 0 0 0 0 0 0 0 0 0 0 0 0 0 0 0 0 0 0 0 0 0 0 0 0 0 0 0 0 0 0 0 0 0 0 0 0 0 0 0 0 0 0 0 0 0 0 0 0 0 0 0 0 0 0 0 0 0 0 0 0 0 0 0 0 0 0 0 0 0 0 0 0 0 0 0 0 0 0 0 0 0 0 0 0 0 0 0 0 0 0 0 0 0 0 0 0 0 0 0 0 0 0 0 0 0 0 0 0 0 0 0 0 0 0 0 0 0 0 0 0 0 0 0 0 0 0 0 0 0 0 0 0 0 0 0 0 0 0 0 0 0 0 0 0 0 0 0 0 0 0 0 0 0 0 0 0 0 0 0 0 0 0 0 0 0 0 0 0 0 0 0 0 0 0 0 0 0 0 0 0 0 0 0 0 0 0 0 0 0 0 0 0 0 0 0 0 0 0 0 0 0 0 0 0 0 0 0 0 0 0 0 0 0 0 0 0 0 0 0 0 0 0 0 0 0 0 0 0 0 0 0 0 0 0 0 0 0 0 0 0 0 0 0 0 0 0 0 0 0 0 0 0 0 0 0 0 0 0 0 0 0 0 0 0 0 0 0 0 0 0 0 0 0 0 0 0 0 0 0 0 0 0 0 0 0 0 0 0 0 0 0 0 0 0 0 0 0 0 0 0 0 0 0 0 0 0 0 0 0 0 0 0 0 0 0 0 0 0 0 0 0 0 0 0 0 0 0 0 0 0 0 0 0 0 0 0 0 0 0 0 0 0 0 0 0 0 0 0 0 0 0 0 0 0 0 0 0 0 0 0 0 0 0 0 0 0 0 0 0 0 0 0 0 0 0 0 0 0 0 0 0 0 0 0 0 0 0 0 0 0 0 0 0 0 0 0 0 0 0 0 0 0 0 0 0 0 0 0 0 0 0 0 0 0 0 0 0 0 0 0 0 0 0 0 0 0 0 0 0 0 0 0 0 0 0 0 0 0 0 0 0 0 0 0 0 0 0 0 0 0 0 0 0 0 0 0 0 0 0 0 0 0 0 0 0 0 0 0 0 0 0 0 0 0 0 0 0 0 0 0 0 0 0 0 0 0 0 0 0 0 0 0 0 0 0 0 0 0 0 0 0 0 0 0 0 0 0 0 0 0 0 0 0 0 0 0 0 0 0 0 0 0 0 0 0 0 0 0 0 0 0 0 0 0 0 0 0 0 0 0 0 0 0 0 0 0 0 0 0 0 0 0 0 0 0 0 0 0 0 0 0 0 0 0 0 0 0 0 0 0 0 0 0 0 0 0 0 0 0 0 0 0 0 0 0 0 0 0 0 0 0 0 0 0 0 0 0 0 0 0 0 0 0 0 0 0 0 0 0 0 0 0 0 0 0 0 0 0 0 0 0 0 0 0 0 0 0 0 0 0 0 0 0 0 0 0 0 0 0 0 0 0 0 0 0 0 0 0 0 0 0 0 0 0 0 0 0 0 0 0 0 0 0 0 0 0 0 0 0 0 0 0 0 0 0 0 0 0 0 0 0 0 0 0 0 0 0 0 0 0 0 0 0 0 0 0 0 0 0 0 0 0 0 0 0 0 0 0 0 0 0 0 0 0 0 0 0 0 0 0 0 0 0 0 0 0 0 0 0 0 0 0 0 0 0 0 0 0 0 0 0 0 0 0 0 0 0 0 0 0 0 0 0 0 0 0 0 0 0 0 0 0 0 0 0 0 0 0 0 0 0 0 0 0 0 0 0 0 0 0 0 0 0 0 0 0 0 0 0 0 0 0 0 0 0 0 0 0 0 0 0 0 0 0 0 0 0 0 0 0 0 0 0 0 0 0 0 0 0 0 0 0 0 0 0 0 0 0 0 0 0 0 0 0 0 0 0 0 0 0 0 0 0 0 0 0 0 0 0 0 0 0 0 0 0 0 0 0 0 0 0 0 0 0 0 0 0 0 0 0 0 0 0 0 0 0 0 0 0 0 0 0 0 0 0 0 0 0 0 0 0 0 0 0 0 0 0 0 0 0 0 0 0 0 0 0 0 0 0 0 0 0 0 0 0 0 0 0 0 0 0 0 0 0 0 0 0 0 0 0 0 0 0 0 0 0 0 0 0 0 0 0 0 0 0 0 0 0 0 0 0 0 0 0 0 0 0 0 0 0 0 0 0 0 0 0 0 0 0 0 0 0 0 0 0 0 0 0 0 0 0 0 0 0 0 0 0 0 0 0 0 0 0 0 0 0 0 0 0 0 0 0 0 0 0 0 0 0 0 0 0 0 0 0 0 0 0 0 0 0 0 0 0 0 0 0 0 0 0 0 0 0 0 0 0 0 0 0 0 0 0 0 0 0 0 0 0 0 0 0 0 0 0 0 0 0 0 0 0 0 0 0 0 0 0 0 0 0 0 0 0 0 0 0 0 0 0 0 0 0 0 0 0 0 0 0 0 0 0 0 0 0 0 0 0 0 0 0 0 0 0 0 0 0 0 0 0 0 0 0 0 0 0 0 0 0 0 0 0 0 0 0 0 0 0 0 0 0 0 0 0 0 0 0 0 0 0 0 0 0 0 0 0 0 0 0 0 0 0 0 0 0 0 0 0 0 0 0 0 0 0 0 0 0 0 0 0 0 0 0 0 0 0 0 0 0 0 0 0 0 0 0 0 0 0 0 0 0 0 0 0 0 0 0 0 0 0 0 0 0 0 0 0 0 0 0 0 0 0 0 0 0 0 0 0 0 0 0 0 0 0 0 0 0 0 0 0 0 0 0 0 0 0 0 0 0 0 0 0 0 0 0 0 0 0 0 0 0 0 0 0 0 0 0 0 0 0 0 0 0 0 0 0 0 0 0 0 0 0 0 0 0 0 0 0 0 0 0 0 0 0 0 0 0 0 0 0 0 0 0 0 0 0 0 0 0 0 0 0 0 0 0 0 0 0 0 0 0 0 0 0 0 0 0 0 0 0 0 0 0 0 0 0 0 0 0 0 0 0 0 0 0 0 0 0 0 0 0 0 0 0 0 0 0 0 0 0 0 0 0 0 0 0 0 0 0 0 0 0 0 0 0 0 0 0 0 0 0 0 0 0 0 0 0 0 0 0 0 0 0 0 0 0 0 0 0 0 0 0 0 0 0 0 0 0 0 0 0 0 0 0 0 0 0 0 0 0 0 0 0 0 0 0 0 0 0 0 0 0 0 0 0 0 0 0 0 0 0 0 0 0 0 0 0 0 0 0 0 0 0 0 0 0 0 0 0 0 0 0 0 0 0 0 0 0 0 0 0 0 0 0 0 0 0 0 0 0 0 0 0 0 0 0 0 0 0 0 0 0 0 0 0 0 0 0 0 0 0 0 0 0 0 0 0 0 0 0 0 0 0 0 0 0 0 0 0 0 0 0 0 0 0 0 0 0 0 0 0 0 0 0 0 0 0 0 0 0 0 0 0 0 0 0 0 0 0 0 0 0 0 0 0 0 0 0 0 0 0 0 0 0 0 0 0 0 0 0 0 0 0 0 0 0 0 0 0 0 0 0 0 0 0 0 0 0 0 0 0 0 0 0 0 0 0 0 0 0 0 0 0 0 0 0 0 0 0 0 0 0 0 0 0 0 0 0 0 0 0 0 0 0 0 0 0 0 0 0 0 0 0 0 0 0 0 0 0 0 0 0 0 0 0 0 0 0 0 0 0 0 0 0 0 0 0 0 0 0 0 0 0 0 0 0 0 0 0 0 0 0 0 0 0 0 0 0 0 0 0 0 0 0 0 0 0 0 0 0 0 0 0 0 0 0 0 0 0 0 0 0 0 0 0 0 0 0 0 0 0 0 0 0 0 0 0 0 0 0 0 0 0 0 0 0 0 0 0 0 0 0 0 0 0 0 0 0 0 0 0 0 0 0 0 0 0 0 0 0 0 0 0 0 0 0 0 0 0 0 0 0 0 0 0 0 0 0 0 0 0 0 0 0 0 0 0 0 0 0 0 0 0 0 0 0 0 0 0 0 0 0 0 0 0 0 0 0 0 0 0 0 0 0 0 0 0 0 0 0 0 0 0 0 0 0 0 0 0 0 0 0 0 0 0 0 0 0 0 0 0 0 0 0 0 0 0 0 0 0 0 0 0 0 0 0 0 0 0 0 0 0 0 0 0 0 0 0 0 0 0 0 0 0 0 0 0 0 0 0 0 0 0 0 0 0 0 0 0 0 0 0 0 0 0 0 0 0 0 0 0 0 0 0 0 0 0 0 0 0 0 0 0 0 0 0 0 0 0 0 0 0 0 0 0 0 0 0 0 0 0 0 0 0 0 0 0 0 0 0 0 0 0 0 0 0 0 0 0 0 0 0 0 0 0 0 0 0 0 0 0 0 0 0 0 0 0 0 0 0 0 0 0 0 0 0 0 0 0 0 0 0 0 0 0 0 0 0 0 0 0 0 0 0 0 0 0 0 0 0 0 0 0 0 0 0 0 0 0 0 0 0 0 0 0 0 0 0 0 0 0 0 0 0 0 0 0 0 0 0 0 0 0 0 0 0 0 0 0 0 0 0 0 0 0 0 0 0 0 0 0 0 0 0 0 0 0 0 0 0 0 0 0 0 0 0 0 0 0 0 0 0 0 0 0 0 0 0 0 0 0 0 0 0 0 0 0 0 0 0 0 0 0 0 0 0 0 0 0 0 0 0 0 0 0 0 0 0 0 0 0 0 0 0 0 0 0 0 0 0 0 0 0 0 0 0 0 0 0 0 0 0 0 0 0 0 0 0 0 0 0 0 0 0 0 0 0 0 0 0 0 0 0 0 0 0 0 0 0 0 0 0 0 0 0 0 0 0 0 0 0 0 0 0 0 0 0 0 0 0 0 0 0 0 0 0 0 0 0 0 0 0 0 0 0 0 0 0 0 0 0 0 0 0 0 0 0 0 0 0 0 0 0 0 0 0 0 0 0 0 0 0 0 0 0 0 0 0 0 0 0 0 0 0 0 0 0 0 0 0 0 0 0 0 0 0 0 0 0 0 0 0 0 0 0 0 0 0 0 0 0 0 0 0 0 0 0 0 0 0 0 0 0 0 0 0 0 0 0 0 0 0 0 0 0 0 0 0 0 0 0 0 0 0 0 0 0 0 0 0 0 0 0 0 0 0 0 0 0 0 0 0 0 0 0 0 0 0 0 0 0 0 0 0 0 0 0 0 0 0 0 0 0 0 0 0 0 0 0 0 0 0 0 0 0 0 0 0 0 0 0 0 0 0 0 0 0 0 0 0 0 0 0 0 0 0 0 0 0 0 0 0 0 0 0 0 0 0 0 0 0 0 0 0 0 0 0 0 0 0 0 0 0 0 0 0 0 0 0 0 0 0 0 0 0 0 0 0 0 0 0 0 0 0 0 0 0 0 0 0 0 0 0 0 0 0 0 0 0 0 0 0 0 0 0 0 0 0 0 0 0 0 0 0 0 0 0 0 0 0 0 0 0 0 0 0 0 0 0 0 0 0 0 0 0 0 0 0 0 0 0 0 0 0 0 0 0 0 0 0 0 0 0 0 0 0 0 0 0 0 0 0 0 0 0 0 0 0 0 0 0 0 0 0 0 0 0 0 0 0 0 0 0 0 0 0 0 0 0 0 0 0 0 0 0 0 0 0 0 0 0 0 0 0 0 0 0 0 0 0 0 0 0 0 0 0 0 0 0 0 0 0 0 0 0 0 0 0 0 0 0 0 0 0 0 0 0 0 0 0 0 0 0 0 0 0 0 0 0 0 0 0 0 0 0 0 0 0 0 0 0 0 0 0 0 0 0 0 0 0 0 0 0 0 0 0 0 0 0 0 0 0 0 0 0 0 0 0 0 0 0 0 0 0 0 0 0 0 0 0 0 0 0 0 0 0 0 0 0 0 0 0 0 0 0 0 0 0 0 0 0 0 0 0 0 0 0 0 0 0 0 0 0 0 0 0 0 0 0 0 0 0 0 0 0 0 0 0 0 0 0 0 0 0 0 0 0 0 0 0 0 0 0 0 0 0 0 0 0 0 0 0 0 0 0 0 0 0 0 0 0 0 0 0 0 0 0 0 0 0 0 0 0 0 0 0 0 0 0 0 0 0 0 0 0 0 0 0 0 0 0 0 0 0 0 0 0 0 0 0 0 0 0 0 0 0 0 0 0 0 0 0 0 0 0 0 0 0 0 0 0 0 0 0 0 0 0 0 0 0 0 0 0 0 0 0 0 0 0 0 0 0 0 0 0 0 0 0 0 0 0 0 0 0 0 0 0 0 0 0 0 0 0 0 0 0 0 0 0 0 0 0 0 0 0 0 0 0 0 0 0 0 0 0 0 0 0 0 0 0 0 0 0 0 0 0 0 0 0 0 0 0 0 0 0 0 0 0 0 0 0 0 0 0 0 0 0 0 0 0 0 0 0 0 0 0 0 0 0 0 0 0 0 0 0 0 0 0 0 0 0 0 0 0 0 0 0 0 0 0 0 0 0 0 0 0 0 0 0 0 0 0 0 0 0 0 0 0 0 0 0 0 0 0 0 0 0 0 0 0 0 0 0 0 0 0 0 0 0 0 0 0 0 0 0 0 0 0 0 0 0 0 0 0 0 0 0 0 0 0 0 0 0 0 0 0 0 0 0 0 0 0 0 0 0 0 0 0 0 0 0 0 0 0 0 0 0 0 0 0 0 0 0 0 0 0 0 0 0 0 0 0 0 0 0 0 0 0 0 0 0 0 0 0 0 0 0 0 0 0 0 0 0 0 0 0 0 0 0 0 0 0 0 0 0 0 0 0 0 0 0 0 0 0 0 0 0 0 0 0 0 0 0 0 0 0 0 0 0 0 0 0 0 0 0 0 0 0 0 0 0 0 0 0 0 0 0 0 0 0 0 0 0 0 0 0 0 0 0 0 0 0 0 0 0 0 0 0 0 0 0 0 0 0 0 0 0 0 0 0 0 0 0 0 0 0 0 0 0 0 0 0 0 0 0 0 0 0 0 0 0 0 0 0 0 0 0 0 0 0 0 0 0 0 0 0 0 0 0 0 0 0 0 0 0 0 0 0 0 0 0 0 0 0 0 0 0 0 0 0 0 0 0 0 0 0 0 0 0 0 0 0 0 0 0 0 0 0 0 0 0 0 0 0 0 0 0 0 0 0 0 0 0 0 0 0 0 0 0 0 0 0 0 0 0 0 0 0 0 0 0 0 0 0 0 0 0 0 0 0 0 0 0 0 0 0 0 0 0 0 0 0 0 0 0 0 0 0 0 0 0 0 0 0 0 0 0 0 0 0 0 0 0 0 0 0 0 0 0 0 0 0 0 0 0 0 0 0 0 0 0 0 0 0 0 0 0 0 0 0 0 0 0 0 0 0 0 0 0 0 0 0 0 0 0 0 0 0 0 0 0 0 0 0 0 0 0 0 0 0 0 0 0 0 0 0 0 0 0 0 0 0 0 0 0 0 0 0 0 0 0 0 0 0 0 0 0 0 0 0 0 0 0 0 0 0 0 0 0 0 0 0 0 0 0 0 0 0 0 0 0 0 0 0 0 0 0 0 0 0 0 0 0 0 0 0 0 0 0 0 0 0 0 0 0 0 0 0 0 0 0 0 0 0 0 0 0 0 0 0 0 0 0 0 0 0 0 0 0 0 0 0 0 0 0 0 0 0 0 0 0 0 0 0 0 0 0 0 0 0 0 0 0 0 0 0 0 0 0 0 0 0 0 0 0 0 0 0 0 0 0 0 0 0 0 0 0 0 0 0 0 0 0 0 0 0 0 0 0 0 0 0 0 0 0 0 0 0 0 0 0 0 0 0 0 0 0 0 0 0 0 0 0 0 0 0 0 0 0 0 0 0 0 0 0 0 0 0 0 0 0 0 0 0 0 0 0 0 0 0 0 0 0 0 0 0 0 0 0 0 0 0 0 0 0 0 0 0 0 0 0 0 0 0 0 0 0 0 0 0 0 0 0 0 0 0 0 0 0 0 0 0 0 0 0 0 0 0 0 0 0 0 0 0 0 0 0 0 0 0 0 0 0 0 0 0 0 0 0 0 0 0 0 0 0 0 0 0 0 0 0 0 0 0 0 0 0 0 0 0 0 0 0 0 0 0 0 0 0 0 0 0 0 0 0 0 0 0 0 0 0 0 0 0 0 0 0 0 0 0 0 0 0 0 0 0 0 0 0 0 0 0 0 0 0 0 0 0 0 0 0 0 0 0 0 0 0 0 0 0 0 0 0 0 0 0 0 0 0 0 0 0 0 0 0 0 0 0 0 0 0 0 0 0 0 0 0 0 0 0 0 0 0 0 0 0 0 0 0 0 0 0 0 0 0 0 0 0 0 0 0 0 0 0 0 0 0 0 0 0 0 0 0 0 0 0 0 0 0 0 0 0 0 0 0 0 0 0 0 0 0 0 0 0 0 0 0 0 0 0 0 0 0 0 0 0 0 0 0 0 0 0 0 0 0 0 0 0 0 0 0 0 0 0 0 0 0 0 0 0 0 0 0 0 0 0 0 0 0 0 0 0 0 0 0 0 0 0 0 0 0 0 0 0 0 0 0 0 0 0 0 0 0 0 0 0 0 0 0 0 0 0 0 0 0 0 0 0 0 0 0 0 0 0 0 0 0 0 0 0 0 0 0 0 0 0 0 0 0 0 0 0 0 0 0 0 0 0 0 0 0 0 0 0 0 0 0 0 0 0 0 0 0 0 0 0 0 0 0 0 0 0 0 0 0 0 0 0 0 0 0 0 0 0 0 0 0 0 0 0 0 0 0 0 0 0 0 0 0 0 0 0 0 0 0 0 0 0 0 0 0 0 0 0 0 0 0 0 0 0 0 0 0 0 0 0 0 0 0 0 0 0 0 0 0 0 0 0 0 0 0 0 0 0 0 0 0 0 0 0 0 0 0 0 0 0 0 0 0 0 0 0 0 0 0 0 0 0 0 0 0 0 0 0 0 0 0 0 0 0 0 0 0 0 0 0 0 0 0 0 0 0 0 0 0 0 0 0 0 0 0 0 0 0 0 0 0 0 0 0 0 0 0 0 0 0 0 0 0 0 0 0 0 0 0 0 0 0 0 0 0 0 0 0 0 0 0 0 0 0 0 0 0 0 0 0 0 0 0 0 0 0 0 0 0 0 0 0 0 0 0 0 0 0 0 0 0 0 0 0 0 0 0 0 0 0 0 0 0 0 0 0 0 0 0 0 0 0 0 0 0 0 0 0 0 0 0 0 0 0 0 0 0 0 0 0 0 0 0 0 0 0 0 0 0 0 0 0 0 0 0 0 0 0 0 0 0 0 0 0 0 0 0 0 0 0 0 0 0 0 0 0 0 0 0 0 0 0 0 0 0 0 0 0 0 0 0 0 0 0 0 0 0 0 0 0 0 0 0 0 0 0 0 0 0 0 0 0 0 0 0 0 0 0 0 0 0 0 0 0 0 0 0 0 0 0 0 0 0 0 0 0 0 0 0 0 0 0 0 0 0 0 0 0 0 0 0 0 0 0 0 0 0 0 0 0 0 0 0 0 0 0 0 0 0 0 0 0 0 0 0 0 0 0 0 0 0 0 0 0 0 0 0 0 0 0 0 0 0 0 0 0 0 0 0 0 0 0 0 0 0 0 0 0 0 0 0 0 0 0 0 0 0 0 0 0 0 0 0 0 0 0 0 0 0 0 0 0 0 0 0 0 0 0 0 0 0 0 0 0 0 0 0 0 0 0 0 0 0 0 0 0 0 0 0 0 0 0 0 0 0 0 0 0 0 0 0 0 0 0 0 0 0 0 0 0 0 0 0 0 0 0 0 0 0 0 0 0 0 0 0 0 0 0 0 0 0 0 0 0 0 0 0 0 0 0 0 0 0 0 0 0 0 0 0 0 0 0 0 0 0 0 0 0 0 0 0 0 0 0 0 0 0 0 0 0 0 0 0 0 0 0 0 0 0 0 0 0 0 0 0 0 0 0 0 0 0 0 0 0 0 0 0 0 0 0 0 0 0 0 0 0 0 0 0 0 0 0 0 0 0 0 0 0 0 0 0 0 0 0 0 0 0 0 0 0 0 0 0 0 0 0 0 0 0 0 0 0 0 0 0 0 0 0 0 0 0 0 0 0 0 0 0 0 0 0 0 0 0 0 0 0 0 0 0 0 0 0 0 0 0 0 0 0 0 0 0 0 0 0 0 0 0 0 0 0 0 0 0 0 0 0 0 0 0 0 0 0 0 0 0 0 0 0 0 0 0 0 0 0 0 0 0 0 0 0 0 0 0 0 0 0 0 0 0 0 0 0 0 0 0 0 0 0 0 0 0 0 0 0 0 0 0 0 0 0 0 0 0 0 0 0 0 0 0 0 0 0 0 0 0 0 0 0 0 0 0 0 0 0 0 0 0 0 0 0 0 0 0 0 0 0 0 0 0 0 0 0 0 0 0 0 0 0 0 0 0 0 0 0 0 0 0 0 0 0 0 0 0 0 0 0 0 0 0 0 0 0 0 0 0 0 0 0 0 0 0 0 0 0 0 0 0 0 0 0 0 0 0 0 0 0 0 0 0 0 0 0 0 0 0 0 0 0 0 0 0 0 0 0 0 0 0 0 0 0 0 0 0 0 0 0 0 0 0 0 0 0 0 0 0 0 0 0 0 0 0 0 0 0 0 0 0 0 0 0 0 0 0 0 0 0 0 0 0 0 0 0 0 0 0 0 0 0 0 0 0 0 0 0 0 0 0 0 0 0 0 0 0 0 0 0 0 0 0 0 0 0 0 0 0 0 0 0 0 0 0 0 0 0 0 0 0 0 0 0 0 0 0 0 0 0 0 0 0 0 0 0 0 0 0 0 0 0 0 0 0 0 0 0 0 0 0 0 0 0 0 0 0 0 0 0 0 0 0 0 0 0 0 0 0 0 0 0 0 0 0 0 0 0 0 0 0 0 0 0 0 0 0 0 0 0 0 0 0 0 0 0 0 0 0 0 0 0 0 0 0 0 0 0 0 0 0 0 0 0 0 0 0 0 0 0 0 0 0 0 0 0 0 0 0 0 0 0 0 0 0 0 0 0 0 0 0 0 0 0 0 0 0 0 0 0 0 0 0 0 0 0 0 0 0 0 0 0 0 0 0 0 0 0 0 0 0 0 0 0 0 0 0 0 0 0 0 0 0 0 0 0 0 0 0 0 0 0 0 0 0 0 0 0 0 0 0 0 0 0 0 0 0 0 0 0 0 0 0 0 0 0 0 0 0 0 0 0 0 0 0 0 0 0 0 0 0 0 0 0 0 0 0 0 0 0 0 0 0 0 0 0 0 0 0 0 0 0 0 0 0 0 0 0 0 0 0 0 0 0 0 0 0 0 0 0 0 0 0 0 0 0 0 0 0 0 0 0 0 0 0 0 0 0 0 0 0 0 0 0 0 0 0 0 0 0 0 0 0 0 0 0 0 0 0 0 0 0 0 0 0 0 0 0 0 0 0 0 0 0 0 0 0 0 0 0 0 0 0 0 0 0 0 0 0 0 0 0 0 0 0 0 0 0 0 0 0 0 0 0 0 0 0 0 0 0 0 0 0 0 0 0 0 0 0 0 0 0 0 0 0 0 0 0 0 0 0 0 0 0 0 0 0 0 0 0 0 0 0 0 0 0 0 0 0 0 0 0 0 0 0 0 0 0 0 0 0 0 0 0 0 0 0 0 0 0 0 0 0 0 0 0 0 0 0 0 0 0 0 0 0 0 0 0 0 0 0 0 0 0 0 0 0 0 0 0 0 0 0 0 0 0 0 0 0 0 0 0 0 0 0 0 0 0 0 0 0 0 0 0 0 0 0 0 0 0 0 0 0 0 0 0 0 0 0 0 0 0 0 0 0 0 0 0 0 0 0 0 0 0 0 0 0 0 0 0 0 0 0 0 0 0 0 0 0 0 0 0 0 0 0 0 0 0 0 0 0 0 0 0 0 0 0 0 0 0 0 0 0 0 0 0 0 0 0 0 0 0 0 0 0 0 0 0 0 0 0 0 0 0 0 0 0 0 0 0 0 0 0 0 0 0 0 0 0 0 0 0 0 0 0 0 0 0 0 0 0 0 0 0 0 0 0 0 0 0 0 0 0 0 0 0 0 0 0 0 0 0 0 0 0 0 0 0 0 0 0 0 0 0 0 0 0 0 0 0 0 0 0 0 0 0 0 0 0 0 0 0 0 0 0 0 0 0 0 0 0 0 0 0 0 0 0 0 0 0 0 0 0 0 0 0 0 0 0 0 0 0 0 0 0 0 0 0 0 0 0 0 0 0 0 0 0 0 0 0 0 0 0 0 0 0 0 0 0 0 0 0 0 0 0 0 0 0 0 0 0 0 0 0 0 0 0 0 0 0 0 0 0 0 0 0 0 0 0 0 0 0 0 0 0 0 0 0 0 0 0 0 0 0 0 0 0 0 0 0 0 0 0 0 0 0 0 0 0 0 0 0 0 0 0 0 0 0 0 0 0 0 0 0 0 0 0 0 0 0 0 0 0 0 0 0 0 0 0 0 0 0 0 0 0 0 0 0 0 0 0 0 0 0 0 0 0 0 0 0 0 0 0 0 0 0 0 0 0 0 0 0 0 0 0 0 0 0 0 0 0 0 0 0 0 0 0 0 0 0 0 0 0 0 0 0 0 0 0 0 0 0 0 0 0 0 0 0 0 0 0 0 0 0 0 0 0 0 0 0 0 0 0 0 0 0 0 0 0 0 0 0 0 0 0 0 0 0 0 0 0 0 0 0 0 0 0 0 0 0 0 0 0 0 0 0 0 0 0 0 0 0 0 0 0 0 0 0 0 0 0 0 0 0 0 0 0 0 0 0 0 0 0 0 0 0 0 0 0 0 0 0 0 0 0 0 0 0 0 0 0 0 0 0 0 0 0 0 0 0 0 0 0 0 0 0 0 0 0 0 0 0 0 0 0 0 0 0 0 0 0 0 0 0 0 0 0 0 0 0 0 0 0 0 0 0 0 0 0 0 0 0 0 0 0 0 0 0 0 0 0 0 0 0 0 0 0 0 0 0 0 0 0 0 0 0 0 0 0 0 0 0 0 0 0 0 0 0 0 0 0 0 0 0 0 0 0 0 0 0 0 0 0 0 0 0 0 0 0 0 0 0 0 0 0 0 0 0 0 0 0 0 0 0 0 0 0 0 0 0 0 0 0 0 0 0 0 0 0 0 0 0 0 0 0 0 0 0 0 0 0 0 0 0 0 0 0 0 0 0 0 0 0 0 0 0 0 0 0 0 0 0 0 0 0 0 0 0 0 0 0 0 0 0 0 0 0 0 0 0 0 0 0 0 0 0 0 0 0 0 0 0 0 0 0 0 0 0 0 0 0 0 0 0 0 0 0 0 0 0 0 0 0 0 0 0 0 0 0 0 0 0 0 0 0 0 0 0 0 0 0 0 0 0 0 0 0 0 0 0 0 0 0 0 0 0 0 0 0 0 0 0 0 0 0 0 0 0 0 0 0 0 0 0 0 0 0 0 0 0 0 0 0 0 0 0 0 0 0 0 0 0 0 0 0 0 0 0 0 0 0 0 0 0 0 0 0 0 0 0 0 0 0 0 0 0 0 0 0 0 0 0 0 0 0 0 0 0 0 0 0 0 0 0 0 0 0 0 0 0 0 0 0 0 0 0 0 0 0 0 0 0 0 0 0 0 0 0 0 0 0 0 0 0 0 0 0 0 0 0 0 0 0 0 0 0 0 0 0 0 0 0 0 0 0 0 0 0 0 0 0 0 0 0 0 0 0 0 0 0 0 0 0 0 0 0 0 0 0 0 0 0 0 0 0 0 0 0 0 0 0 0 0 0 0 0 0 0 0 0 0 0 0 0 0 0 0 0 0 0 0 0 0 0 0 0 0 0 0 0 0 0 0 0 0 0 0 0 0 0 0 0 0 0 0 0 0 0 0 0 0 0 0 0 0 0 0 0 0 0 0 0 0 0 0 0 0 0 0 0 0 0 0 0 0 0 0 0 0 0 0 0 0 0 0 0 0 0 0 0 0 0 0 0 0 0 0 0 0 0 0 0 0 0 0 0 0 0 0 0 0 0 0 0 0 0 0 0 0 0 0 0 0 0 0 0 0 0 0 0 0 0 0 0 0 0 0 0 0 0 0 0 0 0 0 0 0 0 0 0 0 0 0 0 0 0 0 0 0 0 0 0 0 0 0 0 0 0 0 0 0 0 0 0 0 0 0 0 0 0 0 0 0 0 0 0 0 0 0 0 0 0 0 0 0 0 0 0 0 0 0 0 0 0 0 0 0 0 0 0 0 0 0 0 0 0 0 0 0 0 0 0 0 0 0 0 0 0 0 0 0 0 0 0 0 0 0 0 0 0 0 0 0 0 0 0 0 0 0 0 0 0 0 0 0 0 0 0 0 0 0 0 0 0 0 0 0 0 0 0 0 0 0 0 0 0 0 0 0 0 0 0 0 0 0 0 0 0 0 0 0 0 0 0 0 0 0 0 0 0 0 0 0 0 0 0 0 0 0 0 0 0 0 0 0 0 0 0 0 0 0 0 0 0 0 0 0 0 0 0 0 0 0 0 0 0 0 0 0 0 0 0 0 0 0 0 0 0 0 0 0 0 0 0 0 0 0 0 0 0 0 0 0 0 0 0 0 0 0 0 0 0 0 0 0 0 0 0 0 0 0 0 0 0 0 0 0 0 0 0 0 0 0 0 0 0 0 0 0 0 0 0 0 0 0 0 0 0 0 0 0 0 0 0 0 0 0 0 0 0 0 0 0 0 0 0 0 0 0 0 0 0 0 0 0 0 0 0 0 0 0 0 0 0 0 0 0 0 0 0 0 0 0 0 0 0 0 0 0 0 0 0 0 0 0 0 0 0 0 0 0 0 0 0 0 0 0 0 0 0 0 0 0 0 0 0 0 0 0 0 0 0 0 0 0 0 0 0 0 0 0 0 0 0 0 0 0 0 0 0 0 0 0 0 0 0 0 0 0 0 0 0 0 0 0 0 0 0 0 0 0 0 0 0 0 0 0 0 0 0 0 0 0 0 0 0 0 0 0 0 0 0 0 0 0 0 0 0 0 0 0 0 0 0 0 0 0 0 0 0 0 0 0 0 0 0 0 0 0 0 0 0 0 0 0 0 0 0 0 0 0 0 0 0 0 0 0 0 0 0 0 0 0 0 0 0 0 0 0 0 0 0 0 0 0 0 0 0 0 0 0 0 0 0 0 0 0 0 0 0 0 0 0 0 0 0 0 0 0 0 0 0 0 0 0 0 0 0 0 0 0 0 0 0 0 0 0 0 0 0 0 0 0 0 0 0 0 0 0 0 0 0 0 0 0 0 0 0 0 0 0 0 0 0 0 0 0 0 0 0 0 0 0 0 0 0 0 0 0 0 0 0 0 0 0 0 0 0 0 0 0 0 0 0 0 0 0 0 0 0 0 0 0 0 0 0 0 0 0 0 0 0 0 0 0 0 0 0 0 0 0 0 0 0 0 0 0 0 0 0 0 0 0 0 0 0 0 0 0 0 0 0 0 0 0 0 0 0 0 0 0 0 0 0 0 0 0 0 0 0 0 0 0 0 0 0 0 0 0 0 0 0 0 0 0 0 0 0 0 0 0 0 0 0 0 0 0 0 0 0 0 0 0 0 0 0 0 0 0 0 0 0 0 0 0 0 0 0 0 0 0 0 0 0 0 0 0 0 0 0 0 0 0 0 0 0 0 0 0 0 0 0 0 0 0 0 0 0 0 0 0 0 0 0 0 0 0 0 0 0 0 0 0 0 0 0 0 0 0 0 0 0 0 0 0 0 0 0 0 0 0 0 0 0 0 0 0 0 0 0 0 0 0 0 0 0 0 0 0 0 0 0 0 0 0 0 0 0 0 0 0 0 0 0 0 0 0 0 0 0 0 0 0 0 0 0 0 0 0 0 0 0 0 0 0 0 0 0 0 0 0 0 0 0 0 0 0 0 0 0 0 0 0 0 0 0 0 0 0 0 0 0 0 0 0 0 0 0 0 0 0 0 0 0 0 0 0 0 0 0 0 0 0 0 0 0 0 0 0 0 0 0 0 0 0 0 0 0 0 0 0 0 0 0 0 0 0 0 0 0 0 0 0 0 0 0 0 0 0 0 0 0 0 0 0 0 0 0 0 0 0 0 0 0 0 0 0 0 0 0 0 0 0 0 0 0 0 0 0 0 0 0 0 0 0 0 0 0 0 0 0 0 0 0 0 0 0 0 0 0 0 0 0 0 0 0 0 0 0 0 0 0 0 0 0 0 0 0 0 0 0 0 0 0 0 0 0 0 0 0 0 0 0 0 0 0 0 0 0 0 0 0 0 0 0 0 0 0 0 0 0 0 0 0 0 0 0 0 0 0 0 0 0 0 0 0 0 0 0 0 0 0 0 0 0 0 0 0 0 0 0 0 0 0 0 0 0 0 0 0 0 0 0 0 0 0 0 0 0 0 0 0 0 0 0 0 0 0 0 0 0 0 0 0 0 0 0 0 0 0 0 0 0 0 0 0 0 0 0 0 0 0 0 0 0 0 0 0 0 0 0 0 0 0 0 0 0 0 0 0 0 0 0 0 0 0 0 0 0 0 0 0 0 0 0 0 0 0 0 0 0 0 0 0 0 0 0 0 0 0 0 0 0 0 0 0 0 0 0 0 0 0 0 0 0 0 0 0 0 0 0 0 0 0 0 0 0 0 0 0 0 0 0 0 0 0 0 0 0 0 0 0 0 0 0 0 0 0 0 0 0 0 0 0 0 0 0 0 0 0 0 0 0 0 0 0 0 0 0 0 0 0 0 0 0 0 0 0 0 0 0 0 0 0 0 0 0 0 0 0 0 0 0 0 0 0 0 0 0 0 0 0 0 0 0 0 0 0 0 0 0 0 0 0 0 0 0 0 0 0 0 0 0 0 0 0 0 0 0 0 0 0 0 0 0 0 0 0 0 0 0 0 0 0 0 0 0 0 0 0 0 0 0 0 0 0 0 0 0 0 0 0 0 0 0 0 0 0 0 0 0 0 0 0 0 0 0 0 0 0 0 0 0 0 0 0 0 0 0 0 0 0 0 0 0 0 0 0 0 0 0 0 0 0 0 0 0 0 0 0 0 0 0 0 0 0 0 0 0 0 0 0 0 0 0 0 0 0 0 0 0 0 0 0 0 0 0 0 0 0 0 0 0 0 0 0 0 0 0 0 0 0 0 0 0 0 0 0 0 0 0 0 0 0 0 0 0 0 0 0 0 0 0 0 0 0 0 0 0 0 0 0 0 0 0 0 0 0 0 0 0 0 0 0 0 0 0 0 0 0 0 0 0 0 0 0 0 0 0 0 0 0 0 0 0 0 0 0 0 0 0 0 0 0 0 0 0 0 0 0 0 0 0 0 0 0 0 0 0 0 0 0 0 0 0 0 0 0 0 0 0 0 0 0 0 0 0 0 0 0 0 0 0 0 0 0 0 0 0 0 0 0 0 0 0 0 0 0 0 0 0 0 0 0 0 0 0 0 0 0 0 0 0 0 0 0 0 0 0 0 0 0 0 0 0 0 0 0 0 0 0 0 0 0 0 0 0 0 0 0 0 0 0 0 0 0 0 0 0 0 0 0 0 0 0 0 0 0 0 0 0 0 0 0 0 0 0 0 0 0 0 0 0 0 0 0 0 0 0 0 0 0 0 0 0 0 0 0 0 0 0 0 0 0 0 0 0 0 0 0 0 0 0 0 0 0 0 0 0 0 0 0 0 0 0 0 0 0 0 0 0 0 0 0 0 0 0 0 0 0 0 0 0 0 0 0 0 0 0 0 0 0 0 0 0 0 0 0 0 0 0 0 0 0 0 0 0 0 0 0 0 0 0 0 0 0 0 0 0 0 0 0 0 0 0 0 0 0 0 0 0 0 0 0 0 0 0 0 0 0 0 0 0 0 0 0 0 0 0 0 0 0 0 0 0 0 0 0 0 0 0 0 0 0 0 0 0 0 0 0 0 0 0 0 0 0 0 0 0 0 0 0 0 0 0 0 0 0 0 0 0 0 0 0 0 0 0 0 0 0 0 0 0 0 0 0 0 0 0 0 0 0 0 0 0 0 0 0 0 0 0 0 0 0 0 0 0 0 0 0 0 0 0 0 0 0 0 0 0 0 0 0 0 0 0 0 0 0 0 0 0 0 0 0 0 0 0 0 0 0 0 0 0 0 0 0 0 0 0 0 0 0 0 0 0 0 0 0 0 0 0 0 0 0 0 0 0 0 0 0 0 0 0 0 0 0 0 0 0 0 0 0 0 0 0 0 0 0 0 0 0 0 0 0 0 0 0 0 0 0 0 0 0 0 0 0 0 0 0 0 0 0 0 0 0 0 0 0 0 0 0 0 0 0 0 0 0 0 0 0 0 0 0 0 0 0 0 0 0 0 0 0 0 0 0 0 0 0 0 0 0 0 0 0 0 0 0 0 0 0 0 0 0 0 0 0 0 0 0 0 0 0 0 0 0 0 0 0 0 0 0 0 0 0 0 0 0 0 0 0 0 0 0 0 0 0 0 0 0 0 0 0 0 0 0 0 0 0 0 0 0 0 0 0 0 0 0 0 0 0 0 0 0 0 0 0 0 0 0 0 0 0 0 0 0 0 0 0 0 0 0 0 0 0 0 0 0 0 0 0 0 0 0 0 0 0 0 0 0 0 0 0 0 0 0 0 0 0 0 0 0 0 0 0 0 0 0 0 0 0 0 0 0 0 0 0 0 0 0 0 0 0 0 0 0 0 0 0 0 0 0 0 0 0 0 0 0 0 0 0 0 0 0 0 0 0 0 0 0 0 0 0 0 0 0 0 0 0 0 0 0 0 0 0 0 0 0 0 0 0 0 0 0 0 0 0 0 0 0 0 0 0 0 0 0 0 0 0 0 0 0 0 0 0 0 0 0 0 0 0 0 0 0 0 0 0 0 0 0 0 0 0 0 0 0 0 0 0 0 0 0 0 0 0 0 0 0 0 0 0 0 0 0 0 0 0 0 0 0 0 0 0 0 0 0 0 0 0 0 0 0 0 0 0 0 0 0 0 0 0 0 0 0 0 0 0 0 0 0 0 0 0 0 0 0 0 0 0 0 0 0 0 0 0 0 0 0 0 0 0 0 0 0 0 0 0 0 0 0 0 0 0 0 0 0 0 0 0 0 0 0 0 0 0 0 0 0 0 0 0 0 0 0 0 0 0 0 0 0 0 0 0 0 0 0 0 0 0 0 0 0 0 0 0 0 0 0 0 0 0 0 0 0 0 0 0 0 0 0 0 0 0 0 0 0 0 0 0 0 0 0 0 0 0 0 0 0 0 0 0 0 0 0 0 0 0 0 0 0 0 0 0 0 0 0 0 0 0 0 0 0 0 0 0 0 0 0 0 0 0 0 0 0 0 0 0 0 0 0 0 0 0 0 0 0 0 0 0 0 0 0 0 0 0 0 0 0 0 0 0 0 0 0 0 0 0 0 0 0 0 0 0 0 0 0 0 0 0 0 0 0 0 0 0 0 0 0 0 0 0 0 0 0 0 0 0 0 0 0 0 0 0 0 0 0 0 0 0 0 0 0 0 0 0 0 0 0 0 0 0 0 0 0 0 0 0 0 0 0 0 0 0 0 0 0 0 0 0 0 0 0 0 0 0 0 0 0 0 0 0 0 0 0 0 0 0 0 0 0 0 0 0 0 0 0 0 0 0 0 0 0 0 0 0 0 0 0 0 0 0 0 0 0 0 0 0 0 0 0 0 0 0 0 0 0 0 0 0 0 0 0 0 0 0 0 0 0 0 0 0 0 0 0 0 0 0 0 0 0 0 0 0 0 0 0 0 0 0 0 0 0 0 0 0 0 0 0 0 0 0 0 0 0 0 0 0 0 0 0 0 0 0 0 0 0 0 0 0 0 0 0 0 0 0 0 0 0 0 0 0 0 0 0 0 0 0 0 0 0 0 0 0 0 0 0 0 0 0 0 0 0 0 0 0 0 0 0 0 0 0 0 0 0 0 0 0 0 0 0 0 0 0 0 0 0 0 0 0 0 0 0 0 0 0 0 0 0 0 0 0 0 0 0 0 0 0 0 0 0 0 0 0 0 0 0 0 0 0 0 0 0 0 0 0 0 0 0 0 0 0 0 0 0 0 0 0 0 0 0 0 0 0 0 0 0 0 0 0 0 0 0 0 0 0 0 0 0 0 0 0 0 0 0 0 0 0 0 0 0 0 0 0 0 0 0 0 0 0 0 0 0 0 0 0 0 0 0 0 0 0 0 0 0 0 0 0 0 0 0 0 0 0 0 0 0 0 0 0 0 0 0 0 0 0 0 0 0 0 0 0 0 0 0 0 0 0 0 0 0 0 0 0 0 0 0 0 0 0 0 0 0 0 0 0 0 0 0 0 0 0 0 0 0 0 0 0 0 0 0 0 0 0 0 0 0 0 0 0 0 0 0 0 0 0 0 0 0 0 0 0 0 0 0 0 0 0 0 0 0 0 0 0 0 0 0 0 0 0 0 0 0 0 0 0 0 0 0 0 0 0 0 0 0 0 0 0 0 0 0 0 0 0 0 0 0 0 0 0 0 0 0 0 0 0 0 0 0 0 0 0 0 0 0 0 0 0 0 0 0 0 0 0 0 0 0 0 0 0 0 0 0 0 0 0 0 0 0 0 0 0 0 0 0 0 0 0 0 0 0 0 0 0 0 0 0 0 0 0 0 0 0 0 0 0 0 0 0 0 0 0 0 0 0 0 0 0 0 0 0 0 0 0 0 0 0 0 0 0 0 0 0 0 0 0 0 0 0 0 0 0 0 0 0 0 0 0 0 0 0 0 0 0 0 0 0 0 0 0 0 0 0 0 0 0 0 0 0 0 0 0 0 0 0 0 0 0 0 0 0 0 0 0 0 0 0 0 0 0 0 0 0 0 0 0 0 0 0 0 0 0 0 0 0 0 0 0 0 0 0 0 0 0 0 0 0 0 0 0 0 0 0 0 0 0 0 0 0 0 0 0 0 0 0 0 0 0 0 0 0 0 0 0 0 0 0 0 0 0 0 0 0 0 0 0 0 0 0 0 0 0 0 0 0 0 0 0 0 0 0 0 0 0 0 0 0 0 0 0 0 0 0 0 0 0 0 0 0 0 0 0 0 0 0 0 0 0 0 0 0 0 0 0 0 0 0 0 0 0 0 0 0 0 0 0 0 0 0 0 0 0 0 0 0 0 0 0 0 0 0 0 0 0 0 0 0 0 0 0 0 0 0 0 0 0 0 0 0 0 0 0 0 0 0 0 0 0 0 0 0 0 0 0 0 0 0 0 0 0 0 0 0 0 0 0 0 0 0 0 0 0 0 0 0 0 0 0 0 0 0 0 0 0 0 0 0 0 0 0 0 0 0 0 0 0 0 0 0 0 0 0 0 0 0 0 0 0 0 0 0 0 0 0 0 0 0 0 0 0 0 0 0 0 0 0 0 0 0 0 0 0 0 0 0 0 0 0 0 0 0 0 0 0 0 0 0 0 0 0 0 0 0 0 0 0 0 0 0 0 0 0 0 0 0 0 0 0 0 0 0 0 0 0 0 0 0 0 0 0 0 0 0 0 0 0 0 0 0 0 0 0 0 0 0 0 0 0 0 0 0 0 0 0 0 0 0 0 0 0 0 0 0 0 0 0 0 0 0 0 0 0 0 0 0 0 0 0 0 0 0 0 0 0 0 0 0 0 0 0 0 0 0 0 0 0 0 0 0 0 0 0 0 0 0 0 0 0 0 0 0 0 0 0 0 0 0 0 0 0 0 0 0 0 0 0 0 0 0 0 0 0 0 0 0 0 0 0 0 0 0 0 0 0 0 0 0 0 0 0 0 0 0 0 0 0 0 0 0 0 0 0 0 0 0 0 0 0 0 0 0 0 0 0 0 0 0 0 0 0 0 0 0 0 0 0 0 0 0 0 0 0 0 0 0 0 0 0 0 0 0 0 0 0 0 0 0 0 0 0 0 0 0 0 0 0 0 0 0 0 0 0 0 0 0 0 0 0 0 0 0 0 0 0 0 0 0 0 0 0 0 0 0 0 0 0 0 0 0 0 0 0 0 0 0 0 0 0 0 0 0 0 0 0 0 0 0 0 0 0 0 0 0 0 0 0 0 0 0 0 0 0 0 0 0 0 0 0 0 0 0 0 0 0 0 0 0 0 0 0 0 0 0 0 0 0 0 0 0 0 0 0 0 0 0 0 0 0 0 0 0 0 0 0 0 0 0 0 0 0 0 0 0 0 0 0 0 0 0 0 0 0 0 0 0 0 0 0 0 0 0 0 0 0 0 0 0 0 0 0 0 0 0 0 0 0 0 0 0 0 0 0 0 0 0 0 0 0 0 0 0 0 0 0 0 0 0 0 0 0 0 0 0 0 0 0 0 0 0 0 0 0 0 0 0 0 0 0 0 0 0 0 0 0 0 0 0 0 0 0 0 0 0 0 0 0 0 0 0 0 0 0 0 0 0 0 0 0 0 0 0 0 0 0 0 0 0 0 0 0 0 0 0 0 0 0 0 0 0 0 0 0 0 0 0 0 0 0 0 0 0 0 0 0 0 0 0 0 0 0 0 0 0 0 0 0 0 0 0 0 0 0 0 0 0 0 0 0 0 0 0 0 0 0 0 0 0 0 0 0 0 0 0 0 0 0 0 0 0 0 0 0 0 0 0 0 0 0 0 0 0 0 0 0 0 0 0 0 0 0 0 0 0 0 0 0 0 0 0 0 0 0 0 0 0 0 0 0 0 0 0 0 0 0 0 0 0 0 0 0 0 0 0 0 0 0 0 0 0 0 0 0 0 0 0 0 0 0 0 0 0 0 0 0 0 0 0 0 0 0 0 0 0 0 0 0 0 0 0 0 0 0 0 0 0 0 0 0 0 0 0 0 0 0 0 0 0 0 0 0 0 0 0 0 0 0 0 0 0 0 0 0 0 0 0 0 0 0 0 0 0 0 0 0 0 0 0 0 0 0 0 0 0 0 0 0 0 0 0 0 0 0 0 0 0 0 0 0 0 0 0 0 0 0 0 0 0 0 0 0 0 0 0 0 0 0 0 0 0 0 0 0 0 0 0 0 0 0 0 0 0 0 0 0 0 0 0 0 0 0 0 0 0 0 0 0 0 0 0 0 0 0 0 0 0 0 0 0 0 0 0 0 0 0 0 0 0 0 0 0 0 0 0 0 0 0 0 0 0 0 0 0 0 0 0 0 0 0 0 0 0 0 0 0 0 0 0 0 0 0 0 0 0 0 0 0 0 0 0 0 0 0 0 0 0 0 0 0 0 0 0 0 0 0 0 0 0 0 0 0 0 0 0 0 0 0 0 0 0 0 0 0 0 0 0 0 0 0 0 0 0 0 0 0 0 0 0 0 0 0 0 0 0 0 0 0 0 0 0 0 0 0 0 0 0 0 0 0 0 0 0 0 0 0 0 0 0 0 0 0 0 0 0 0 0 0 0 0 0 0 0 0 0 0 0 0 0 0 0 0 0 0 0 0 0 0 0 0 0 0 0 0 0 0 0 0 0 0 0 0 0 0 0 0 0 0 0 0 0 0 0 0 0 0 0 0 0 0 0 0 0 0 0 0 0 0 0 0 0 0 0 0 0 0 0 0 0 0 0 0 0 0 0 0 0 0 0 0 0 0 0 0 0 0 0 0 0 0 0 0 0 0 0 0 0 0 0 0 0 0 0 0 0 0 0 0 0 0 0 0 0 0 0 0 0 0 0 0 0 0 0 0 0 0 0 0 0 0 0 0 0 0 0 0 0 0 0 0 0 0 0 0 0 0 0 0 0 0 0 0 0 0 0 0 0 0 0 0 0 0 0 0 0 0 0 0 0 0 0 0 0 0 0 0 0 0 0 0 0 0 0 0 0 0 0 0 0 0 0 0 0 0 0 0 0 0 0 0 0 0 0 0 0 0 0 0 0 0 0 0 0 0 0 0 0 0 0 0 0 0 0 0 0 0 0 0 0 0 0 0 0 0 0 0 0 0 0 0 0 0 0 0 0 0 0 0 0 0 0 0 0 0 0 0 0 0 0 0 0 0 0 0 0 0 0 0 0 0 0 0 0 0 0 0 0 0 0 0 0 0 0 0 0 0 0 0 0 0 0 0 0 0 0 0 0 0 0 0 0 0 0 0 0 0 0 0 0 0 0 0 0 0 0 0 0 0 0 0 0 0 0 0 0 0 0 0 0 0 0 0 0 0 0 0 0 0 0 0 0 0 0 0 0 0 0 0 0 0 0 0 0 0 0 0 0 0 0 0 0 0 0 0 0 0 0 0 0 0 0 0 0 0 0 0 0 0 0 0 0 0 0 0 0 0 0 0 0 0 0 0 0 0 0 0 0 0 0 0 0 0 0 0 0 0 0 0 0 0 0 0 0 0 0 0 0 0 0 0 0 0 0 0 0 0 0 0 0 0 0 0 0 0 0 0 0 0 0 0 0 0 0 0 0 0 0 0 0 0 0 0 0 0 0 0 0 0 0 0 0 0 0 0 0 0 0 0 0 0 0 0 0 0 0 0 0 0 0 0 0 0 0 0 0 0 0 0 0 0 0 0 0 0 0 0 0 0 0 0 0 0 0 0 0 0 0 0 0 0 0 0 0 0 0 0 0 0 0 0 0 0 0 0 0 0 0 0 0 0 0 0 0 0 0 0 0 0 0 0 0 0 0 0 0 0 0 0 0 0 0 0 0 0 0 0 0 0 0 0 0 0 0 0 0 0 0 0 0 0 0 0 0 0 0 0 0 0 0 0 0 0 0 0 0 0 0 0 0 0 0 0 0 0 0 0 0 0 0 0 0 0 0 0 0 0 0 0 0 0 0 0 0 0 0 0 0 0 0 0 0 0 0 0 0 0 0 0 0 0 0 0 0 0 0 0 0 0 0 0 0 0 0 0 0 0 0 0 0 0 0 0 0 0 0 0 0 0 0 0 0 0 0 0 0 0 0 0 0 0 0 0 0 0 0 0 0 0 0 0 0 0 0 0 0 0 0 0 0 0 0 0 0 0 0 0 0 0 0 0 0 0 0 0 0 0 0 0 0 0 0 0 0 0 0 0 0 0 0 0 0 0 0 0 0 0 0 0 0 0 0 0 0 0 0 0 0 0 0 0 0 0 0 0 0 0 0 0 0 0 0 0 0 0 0 0 0 0 0 0 0 0 0 0 0 0 0 0 0 0 0 0 0 0 0 0 0 0 0 0 0 0 0 0 0 0 0 0 0 0 0 0 0 0 0 0 0 0 0 0 0 0 0 0 0 0 0 0 0 0 0 0 0 0 0 0 0 0 0 0 0 0 0 0 0 0 0 0 0 0 0 0 0 0 0 0 0 0 0 0 0 0 0 0 0 0 0 0 0 0 0 0 0 0 0 0 0 0 0 0 0 0 0 0 0 0 0 0 0 0 0 0 0 0 0 0 0 0 0 0 0 0 0 0 0 0 0 0 0 0 0 0 0 0 0 0 0 0 0 0 0 0 0 0 0 0 0 0 0 0 0 0 0 0 0 0 0 0 0 0 0 0 0 0 0 0 0 0 0 0 0 0 0 0 0 0 0 0 0 0 0 0 0 0 0 0 0 0 0 0 0 0 0 0 0 0 0 0 0 0 0 0 0 0 0 0 0 0 0 0 0 0 0 0 0 0 0 0 0 0 0 0 0 0 0 0 0 0 0 0 0 0 0 0 0 0 0 0 0 0 0 0 0 0 0 0 0 0 0 0 0 0 0 0 0 0 0 0 0 0 0 0 0 0 0 0 0 0 0 0 0 0 0 0 0 0 0 0 0 0 0 0 0 0 0 0 0 0 0 0 0 0 0 0 0 0 0 0 0 0 0 0 0 0 0 0 0 0 0 0 0 0 0 0 0 0 0 0 0 0 0 0 0 0 0 0 0 0 0 0 0 0 0 0 0 0 0 0 0 0 0 0 0 0 0 0 0 0 0 0 0 0 0 0 0 0 0 0 0 0 0 0 0 0 0 0 0 0 0 0 0 0 0 0 0 0 0 0 0 0 0 0 0 0 0 0 0 0 0 0 0 0 0 0 0 0 0 0 0 0 0 0 0 0 0 0 0 0 0 0 0 0 0 0 0 0 0 0 0 0 0 0 0 0 0 0 0 0 0 0 0 0 0 0 0 0 0 0 0 0 0 0 0 0 0 0 0 0 0 0 0 0 0 0 0 0 0 0 0 0 0 0 0 0 0 0 0 0 0 0 0 0 0 0 0 0 0 0 0 0 0 0 0 0 0 0 0 0 0 0 0 0 0 0 0 0 0 0 0 0 0 0 0 0 0 0 0 0 0 0 0 0 0 0 0 0 0 0 0 0 0 0 0 0 0 0 0 0 0 0 0 0 0 0 0 0 0 0 0 0 0 0 0 0 0 0 0 0 0 0 0 0 0 0 0 0 0 0 0 0 0 0 0 0 0 0 0 0 0 0 0 0 0 0 0 0 0 0 0 0 0 0 0 0 0 0 0 0 0 0 0 0 0 0 0 0 0 0 0 0 0 0 0 0 0 0 0 0 0 0 0 0 0 0 0 0 0 0 0 0 0 0 0 0 0 0 0 0 0 0 0 0 0 0 0 0 0 0 0 0 0 0 0 0 0 0 0 0 0 0 0 0 0 0 0 0 0 0 0 0 0 0 0 0 0 0 0 0 0 0 0 0 0 0 0 0 0 0 0 0 0 0 0 0 0 0 0 0 0 0 0 0 0 0 0 0 0 0 0 0 0 0 0 0 0 0 0 0 0 0 0 0 0 0 0 0 0 0 0 0 0 0 0 0 0 0 0 0 0 0 0 0 0 0 0 0 0 0 0 0 0 0 0 0 0 0 0 0 0 0 0 0 0 0 0 0 0 0 0 0 0 0 0 0 0 0 0 0 0 0 0 0 0 0 0 0 0 0 0 0 0 0 0 0 0 0 0 0 0 0 0 0 0 0 0 0 0 0 0 0 0 0 0 0 0 0 0 0 0 0 0 0 0 0 0 0 0 0 0 0 0 0 0 0 0 0 0 0 0 0 0 0 0 0 0 0 0 0 0 0 0 0 0 0 0 0 0 0 0 0 0 0 0 0 0 0 0 0 0 0 0 0 0 0 0 0 0 0 0 0 0 0 0 0 0 0 0 0 0 0 0 0 0 0 0 0 0 0 0 0 0 0 0 0 0 0 0 0 0 0 0 0 0 0 0 0 0 0 0 0 0 0 0 0 0 0 0 0 0 0 0 0 0 0 0 0 0 0 0 0 0 0 0 0 0 0 0 0 0 0 0 0 0 0 0 0 0 0 0 0 0 0 0 0 0 0 0 0 0 0 0 0 0 0 0 0 0 0 0 0 0 0 0 0 0 0 0 0 0 0 0 0 0 0 0 0 0 0 0 0 0 0 0 0 0 0 0 0 0 0 0 0 0 0 0 0 0 0 0 0 0 0 0 0 0 0 0 0 0 0 0 0 0 0 0 0 0 0 0 0 0 0 0 0 0 0 0 0 0 0 0 0 0 0 0 0 0 0 0 0 0 0 0 0 0 0 0 0 0 0 0 0 0 0 0 0 0 0 0 0 0 0 0 0 0 0 0 0 0 0 0 0 0 0 0 0 0 0 0 0 0 0 0 0 0 0 0 0 0 0 0 0 0 0 0 0 0 0 0 0 0 0 0 0 0 0 0 0 0 0 0 0 0 0 0 0 0 0 0 0 0 0 0 0 0 0 0 0 0 0 0 0 0 0 0 0 0 0 0 0 0 0 0 0 0 0 0 0 0 0 0 0 0 0 0 0 0 0 0 0 0 0 0 0 0 0 0 0 0 0 0 0 0 0 0 0 0 0 0 0 0 0 0 0 0 0 0 0 0 0 0 0 0 0 0 0 0 0 0 0 0 0 0 0 0 0 0 0 0 0 0 0 0 0 0 0 0 0 0 0 0 0 0 0 0 0 0 0 0 0 0 0 0 0 0 0 0 0 0 0 0 0 0 0 0 0 0 0 0 0 0 0 0 0 0 0 0 0 0 0 0 0 0 0 0 0 0 0 0 0 0 0 0 0 0 0 0 0 0 0 0 0 0 0 0 0 0 0 0 0 0 0 0 0 0 0 0 0 0 0 0 0 0 0 0 0 0 0 0 0 0 0 0 0 0 0 0 0 0 0 0 0 0 0 0 0 0 0 0 0 0 0 0 0 0 0 0 0 0 0 0 0 0 0 0 0 0 0 0 0 0 0 0 0 0 0 0 0 0 0 0 0 0 0 0 0 0 0 0 0 0 0 0 0 0 0 0 0 0 0 0 0 0 0 0 0 0 0 0 0 0 0 0 0 0 0 0 0 0 0 0 0 0 0 0 0 0 0 0 0 0 0 0 0 0 0 0 0 0 0 0 0 0 0 0 0 0 0 0 0 0 0 0 0 0 0 0 0 0 0 0 0 0 0 0 0 0 0 0 0 0 0 0 0 0 0 0 0 0 0 0 0 0 0 0 0 0 0 0 0 0 0 0 0 0 0 0 0 0 0 0 0 0 0 0 0 0 0 0 0 0 0 0 0 0 0 0 0 0 0 0 0 0 0 0 0 0 0 0 0 0 0 0 0 0 0 0 0 0 0 0 0 0 0 0 0 0 0 0 0 0 0 0 0 0 0 0 0 0 0 0 0 0 0 0 0 0 0 0 0 0 0 0 0 0 0 0 0 0 0 0 0 0 0 0 0 0 0 0 0 0 0 0 0 0 0 0 0 0 0 0 0 0 0 0 0 0 0 0 0 0 0 0 0 0 0 0 0 0 0 0 0 0 0 0 0 0 0 0 0 0 0 0 0 0 0 0 0 0 0 0 0 0 0 0 0 0 0 0 0 0 0 0 0 0 0 0 0 0 0 0 0 0 0 0 0 0 0 0 0 0 0 0 0 0 0 0 0 0 0 0 0 0 0 0 0 0 0 0 0 0 0 0 0 0 0 0 0 0 0 0 0 0 0 0 0 0 0 0 0 0 0 0 0 0 0 0 0 0 0 0 0 0 0 0 0 0 0 0 0 0 0 0 0 0 0 0 0 0 0 0 0 0 0 0 0 0 0 0 0 0 0 0 0 0 0 0 0 0 0 0 0 0 0 0 0 0 0 0 0 0 0 0 0 0 0 0 0 0 0 0 0 0 0 0 0 0 0 0 0 0 0 0 0 0 0 0 0 0 0 0 0 0 0 0 0 0 0 0 0 0 0 0 0 0 0 0 0 0 0 0 0 0 0 0 0 0 0 0 0 0 0 0 0 0 0 0 0 0 0 0 0 0 0 0 0 0 0 0 0 0 0 0 0 0 0 0 0 0 0 0 0 0 0 0 0 0 0 0 0 0 0 0 0 0 0 0 0 0 0 0 0 0 0 0 0 0 0 0 0 0 0 0 0 0 0 0 0 0 0 0 0 0 0 0 0 0 0 0 0 0 0 0 0 0 0 0 0 0 0 0 0 0 0 0 0 0 0 0 0 0 0 0 0 0 0 0 0 0 0 0 0 0 0 0 0 0 0 0 0 0 0 0 0 0 0 0 0 0 0 0 0 0 0 0 0 0 0 0 0 0 0 0 0 0 0 0 0 0 0 0 0 0 0 0 0 0 0 0 0 0 0 0 0 0 0 0 0 0 0 0 0 0 0 0 0 0 0 0 0 0 0 0 0 0 0 0 0 0 0 0 0 0 0 0 0 0 0 0 0 0 0 0 0 0 0 0 0 0 0 0 0 0 0 0 0 0 0 0 0 0 0 0 0 0 0 0 0 0 0 0 0 0 0 0 0 0 0 0 0 0 0 0 0 0 0 0 0 0 0 0 0 0 0 0 0 0 0 0 0 0 0 0 0 0 0 0 0 0 0 0 0 0 0 0 0 0 0 0 0 0 0 0 0 0 0 0 0 0 0 0 0 0 0 0 0 0 0 0 0 0 0 0 0 0 0 0 0 0 0 0 0 0 0 0 0 0 0 0 0 0 0 0 0 0 0 0 0 0 0 0 0 0 0 0 0 0 0 0 0 0 0 0 0 0 0 0 0 0 0 0 0 0 0 0 0 0 0 0 0 0 0 0 0 0 0 0 0 0 0 0 0 0 0 0 0 0 0 0 0 0 0 0 0 0 0 0 0 0 0 0 0 0 0 0 0 0 0 0 0 0 0 0 0 0 0 0 0 0 0 0 0 0 0 0 0 0 0 0 0 0 0 0 0 0 0 0 0 0 0 0 0 0 0 0 0 0 0 0 0 0 0 0 0 0 0 0 0 0 0 0 0 0 0 0 0 0 0 0 0 0 0 0 0 0 0 0 0 0 0 0 0 0 0 0 0 0 0 0 0 0 0 0 0 0 0 0 0 0 0 0 0 0 0 0 0 0 0 0 0 0 0 0 0 0 0 0 0 0 0 0 0 0 0 0 0 0 0 0 0 0 0 0 0 0 0 0 0 0 0 0 0 0 0 0 0 0 0 0 0 0 0 0 0 0 0 0 0 0 0 0 0 0 0 0 0 0 0 0 0 0 0 0 0 0 0 0 0 0 0 0 0 0 0 0 0 0 0 0 0 0 0 0 0 0 0 0 0 0 0 0 0 0 0 0 0 0 0 0 0 0 0 0 0 0 0 0 0 0 0 0 0 0 0 0 0 0 0 0 0 0 0 0 0 0 0 0 0 0 0 0 0 0 0 0 0 0 0 0 0 0 0 0 0 0 0 0 0 0 0 0 0 0 0 0 0 0 0 0 0 0 0 0 0 0 0 0 0 0 0 0 0 0 0 0 0 0 0 0 0 0 0 0 0 0 0 0 0 0 0 0 0 0 0 0 0 0 0 0 0 0 0 0 0 0 0 0 0 0 0 0 0 0 0 0 0 0 0 0 0 0 0 0 0 0 0 0 0 0 0 0 0 0 0 0 0 0 0 0 0 0 0 0 0 0 0 0 0 0 0 0 0 0 0 0 0 0 0 0 0 0 0 0 0 0 0 0 0 0 0 0 0 0 0 0 0 0 0 0 0 0 0 0 0 0 0 0 0 0 0 0 0 0 0 0 0 0 0 0 0 0 0 0 0 0 0 0 0 0 0 0 0 0 0 0 0 0 0 0 0 0 0 0 0 0 0 0 0 0 0 0 0 0 0 0 0 0 0 0 0 0 0 0 0 0 0 0 0 0 0 0 0 0 0 0 0 0 0 0 0 0 0 0 0 0 0 0 0 0 0 0 0 0 0 0 0 0 0 0 0 0 0 0 0 0 0 0 0 0 0 0 0 0 0 0 0 0 0 0 0 0 0 0 0 0 0 0 0 0 0 0 0 0 0 0 0 0 0 0 0 0 0 0 0 0 0 0 0 0 0 0 0 0 0 0 0 0 0 0 0 0 0 0 0 0 0 0 0 0 0 0 0 0 0 0 0 0 0 0 0 0 0 0 0 0 0 0 0 0 0 0 0 0 0 0 0 0 0 0 0 0 0 0 0 0 0 0 0 0 0 0 0 0 0 0 0 0 0 0 0 0 0 0 0 0 0 0 0 0 0 0 0 0 0 0 0 0 0 0 0 0 0 0 0 0 0 0 0 0 0 0 0 0 0 0 0 0 0 0 0 0 0 0 0 0 0 0 0 0 0 0 0 0 0 0 0 0 0 0 0 0 0 0 0 0 0 0 0 0 0 0 0 0 0 0 0 0 0 0 0 0 0 0 0 0 0 0 0 0 0 0 0 0 0 0 0 0 0 0 0 0 0 0 0 0 0 0 0 0 0 0 0 0 0 0 0 0 0 0 0 0 0 0 0 0 0 0 0 0 0 0 0 0 0 0 0 0 0 0 0 0 0 0 0 0 0 0 0 0 0 0 0 0 0 0 0 0 0 0 0 0 0 0 0 0 0 0 0 0 0 0 0 0 0 0 0 0 0 0 0 0 0 0 0 0 0 0 0 0 0 0 0 0 0 0 0 0 0 0 0 0 0 0 0 0 0 0 0 0 0 0 0 0 0 0 0 0 0 0 0 0 0 0 0 0 0 0 0 0 0 0 0 0 0 0 0 0 0 0 0 0 0 0 0 0 0 0 0 0 0 0 0 0 0 0 0 0 0 0 0 0 0 0 0 0 0 0 0 0 0 0 0 0 0 0 0 0 0 0 0 0 0 0 0 0 0 0 0 0 0 0 0 0 0 0 0 0 0 0 0 0 0 0 0 0 0 0 0 0 0 0 0 0 0 0 0 0 0 0 0 0 0 0 0 0 0 0 0 0 0 0 0 0 0 0 0 0 0 0 0 0 0 0 0 0 0 0 0 0 0 0 0 0 0 0 0 0 0 0 0 0 0 0 0 0 0 0 0 0 0 0 0 0 0 0 0 0 0 0 0 0 0 0 0 0 0 0 0 0 0 0 0 0 0 0 0 0 0 0 0 0 0 0 0 0 0 0 0 0 0 0 0 0 0 0 0 0 0 0 0 0 0 0 0 0 0 0 0 0 0 0 0 0 0 0 0 0 0 0 0 0 0 0 0 0 0 0 0 0 0 0 0 0 0 0 0 0 0 0 0 0 0 0 0 0 0 0 0 0 0 0 0 0 0 0 0 0 0 0 0 0 0 0 0 0 0 0 0 0 0 0 0 0 0 0 0 0 0 0 0 0 0 0 0 0 0 0 0 0 0 0 0 0 0 0 0 0 0 0 0 0 0 0 0 0 0 0 0 0 0 0 0 0 0 0 0 0 0 0 0 0 0 0 0 0 0 0 0 0 0 0 0 0 0 0 0 0 0 0 0 0 0 0 0 0 0 0 0 0 0 0 0 0 0 0 0 0 0 0 0 0 0 0 0 0 0 0 0 0 0 0 0 0 0 0 0 0 0 0 0 0 0 0 0 0 0 0 0 0 0 0 0 0 0 0 0 0 0 0 0 0 0 0 0 0 0 0 0 0 0 0 0 0 0 0 0 0 0 0 0 0 0 0 0 0 0 0 0 0 0 0 0 0 0 0 0 0 0 0 0 0 0 0 0 0 0 0 0 0 0 0 0 0 0 0 0 0 0 0 0 0 0 0 0 0 0 0 0 0 0 0 0 0 0 0 0 0 0 0 0 0 0 0 0 0 0 0 0 0 0 0 0 0 0 0 0 0 0 0 0 0 0 0 0 0 0 0 0 0 0 0 0 0 0 0 0 0 0 0 0 0 0 0 0 0 0 0 0 0 0 0 0 0 0 0 0 0 0 0 0 0 0 0 0 0 0 0 0 0 0 0 0 0 0 0 0 0 0 0 0 0 0 0 0 0 0 0 0 0 0 0 0 0 0 0 0 0 0 0 0 0 0 0 0 0 0 0 0 0 0 0 0 0 0 0 0 0 0 0 0 0 0 0 0 0 0 0 0 0 0 0 0 0 0 0 0 0 0 0 0 0 0 0 0 0 0 0 0 0 0 0 0 0 0 0 0 0 0 0 0 0 0 0 0 0 0 0 0 0 0 0 0 0 0 0 0 0 0 0 0 0 0 0 0 0 0 0 0 0 0 0 0 0 0 0 0 0 0 0 0 0 0 0 0 0 0 0 0 0 0 0 0 0 0 0 0 0 0 0 0 0 0 0 0 0 0 0 0 0 0 0 0 0 0 0 0 0 0 0 0 0 0 0 0 0 0 0 0 0 0 0 0 0 0 0 0 0 0 0 0 0 0 0 0 0 0 0 0 0 0 0 0 0 0 0 0 0 0 0 0 0 0 0 0 0 0 0 0 0 0 0 0 0 0 0 0 0 0 0 0 0 0 0 0 0 0 0 0 0 0 0 0 0 0 0 0 0 0 0 0 0 0 0 0 0 0 0 0 0 0 0 0 0 0 0 0 0 0 0 0 0 0 0 0 0 0 0 0 0 0 0 0 0 0 0 0 0 0 0 0 0 0 0 0 0 0 0 0 0 0 0 0 0 0 0 0 0 0 0 0 0 0 0 0 0 0 0 0 0 0 0 0 0 0 0 0 0 0 0 0 0 0 0 0 0 0 0 0 0 0 0 0 0 0 0 0 0 0 0 0 0 0 0 0 0 0 0 0 0 0 0 0 0 0 0 0 0 0 0 0 0 0 0 0 0 0 0 0 0 0 0 0 0 0 0 0 0 0 0 0 0 0 0 0 0 0 0 0 0 0 0 0 0 0 0 0 0 0 0 0 0 0 0 0 0 0 0 0 0 0 0 0 0 0 0 0 0 0 0 0 0 0 0 0 0 0 0 0 0 0 0 0 0 0 0 0 0 0 0 0 0 0 0 0 0 0 0 0 0 0 0 0 0 0 0 0 0 0 0 0 0 0 0 0 0 0 0 0 0 0 0 0 0 0 0 0 0 0 0 0 0 0 0 0 0 0 0 0 0 0 0 0 0 0 0 0 0 0 0 0 0 0 0 0 0 0 0 0 0 0 0 0 0 0 0 0 0 0 0 0 0 0 0 0 0 0 0 0 0 0 0 0 0 0 0 0 0 0 0 0 0 0 0 0 0 0 0 0 0 0 0 0 0 0 0 0 0 0 0 0 0 0 0 0 0 0 0 0 0 0 0 0 0 0 0 0 0 0 0 0 0 0 0 0 0 0 0 0 0 0 0 0 0 0 0 0 0 0 0 0 0 0 0 0 0 0 0 0 0 0 0 0 0 0 0 0 0 0 0 0 0 0 0 0 0 0 0 0 0 0 0 0 0 0 0 0 0 0 0 0 0 0 0 0 0 0 0 0 0 0 0 0 0 0 0 0 0 0 0 0 0 0 0 0 0 0 0 0 0 0 0 0 0 0 0 0 0 0 0 0 0 0 0 0 0 0 0 0 0 0 0 0 0 0 0 0 0 0 0 0 0 0 0 0 0 0 0 0 0 0 0 0 0 0 0 0 0 0 0 0 0 0 0 0 0 0 0 0 0 0 0 0 0 0 0 0 0 0 0 0 0 0 0 0 0 0 0 0 0 0 0 0 0 0 0 0 0 0 0 0 0 0 0 0 0 0 0 0 0 0 0 0 0 0 0 0 0 0 0 0 0 0 0 0 0 0 0 0 0 0 0 0 0 0 0 0 0 0 0 0 0 0 0 0 0 0 0 0 0 0 0 0 0 0 0 0 0 0 0 0 0 0 0 0 0 0 0 0 0 0 0 0 0 0 0 0 0 0 0 0 0 0 0 0 0 0 0 0 0 0 0 0 0 0 0 0 0 0 0 0 0 0 0 0 0 0 0 0 0 0 0 0 0 0 0 0 0 0 0 0 0 0 0 0 0 0 0 0 0 0 0 0 0 0 0 0 0 0 0 0 0 0 0 0 0 0 0 0 0 0 0 0 0 0 0 0 0 0 0 0 0 0 0 0 0 0 0 0 0 0 0 0 0 0 0 0 0 0 0 0 0 0 0 0 0 0 0 0 0 0 0 0 0 0 0 0 0 0 0 0 0 0 0 0 0 0 0 0 0 0 0 0 0 0 0 0 0 0 0 0 0 0 0 0 0 0 0 0 0 0 0 0 0 0 0 0 0 0 0 0 0 0 0 0 0 0 0 0 0 0 0 0 0 0 0 0 0 0 0 0 0 0 0 0 0 0 0 0 0 0 0 0 0 0 0 0 0 0 0 0 0 0 0 0 0 0 0 0 0 0 0 0 0 0 0 0 0 0 0 0 0 0 0 0 0 0 0 0 0 0 0 0 0 0 0 0 0 0 0 0 0 0 0 0 0 0 0 0 0 0 0 0 0 0 0 0 0 0 0 0 0 0 0 0 0 0 0 0 0 0 0 0 0 0 0 0 0 0 0 0 0 0 0 0 0 0 0 0 0 0 0 0 0 0 0 0 0 0 0 0 0 0 0 0 0 0 0 0 0 0 0 0 0 0 0 0 0 0 0 0 0 0 0 0 0 0 0 0 0 0 0 0 0 0 0 0 0 0 0 0 0 0 0 0 0 0 0 0 0 0 0 0 0 0 0 0 0 0 0 0 0 0 0 0 0 0 0 0 0 0 0 0 0 0 0 0 0 0 0 0 0 0 0 0 0 0 0 0 0 0 0 0 0 0 0 0 0 0 0 0 0 0 0 0 0 0 0 0 0 0 0 0 0 0 0 0 0 0 0 0 0 0 0 0 0 0 0 0 0 0 0 0 0 0 0 0 0 0 0 0 0 0 0 0 0 0 0 0 0 0 0 0 0 0 0 0 0 0 0 0 0 0 0 0 0 0 0 0 0 0 0 0 0 0 0 0 0 0 0 0 0 0 0 0 0 0 0 0 0 0 0 0 0 0 0 0 0 0 0 0 0 0 0 0 0 0 0 0 0 0 0 0 0 0 0 0 0 0 0 0 0 0 0 0 0 0 0 0 0 0 0 0 0 0 0 0 0 0 0 0 0 0 0 0 0 0 0 0 0 0 0 0 0 0 0 0 0 0 0 0 0 0 0 0 0 0 0 0 0 0 0 0 0 0 0 0 0 0 0 0 0 0 0 0 0 0 0 0 0 0 0 0 0 0 0 0 0 0 0 0 0 0 0 0 0 0 0 0 0 0 0 0 0 0 0 0 0 0 0 0 0 0 0 0 0 0 0 0 0 0 0 0 0 0 0 0 0 0 0 0 0 0 0 0 0 0 0 0 0 0 0 0 0 0 0 0 0 0 0 0 0 0 0 0 0 0 0 0 0 0 0 0 0 0 0 0 0 0 0 0 0 0 0 0 0 0 0 0 0 0 0 0 0 0 0 0 0 0 0 0 0 0 0 0 0 0 0 0 0 0 0 0 0 0 0 0 0 0 0 0 0 0 0 0 0 0 0 0 0 0 0 0 0 0 0 0 0 0 0 0 0 0 0 0 0 0 0 0 0 0 0 0 0 0 0 0 0 0 0 0 0 0 0 0 0 0 0 0 0 0 0 0 0 0 0 0 0 0 0 0 0 0 0 0 0 0 0 0 0 0 0 0 0 0 0 0 0 0 0 0 0 0 0 0 0 0 0 0 0 0 0 0 0 0 0 0 0 0 0 0 0 0 0 0 0 0 0 0 0 0 0 0 0 0 0 0 0 0 0 0 0 0 0 0 0 0 0 0 0 0 0 0 0 0 0 0 0 0 0 0 0 0 0 0 0 0 0 0 0 0 0 0 0 0 0 0 0 0 0 0 0 0 0 0 0 0 0 0 0 0 0 0 0 0 0 0 0 0 0 0 0 0 0 0 0 0 0 0 0 0 0 0 0 0 0 0 0 0 0 0 0 0 0 0 0 0 0 0 0 0 0 0 0 0 0 0 0 0 0 0 0 0 0 0 0 0 0 0 0 0 0 0 0 0 0 0 0 0 0 0 0 0 0 0 0 0 0 0 0 0 0 0 0 0 0 0 0 0 0 0 0 0 0 0 0 0 0 0 0 0 0 0 0 0 0 0 0 0 0 0 0 0 0 0 0 0 0 0 0 0 0 0 0 0 0 0 0 0 0 0 0 0 0 0 0 0 0 0 0 0 0 0 0 0 0 0 0 0 0 0 0 0 0 0 0 0 0 0 0 0 0 0 0 0 0 0 0 0 0 0 0 0 0 0 0 0 0 0 0 0 0 0 0 0 0 0 0 0 0 0 0 0 0 0 0 0 0 0 0 0 0 0 0 0 0 0 0 0 0 0 0 0 0 0 0 0 0 0 0 0 0 0 0 0 0 0 0 0 0 0 0 0 0 0 0 0 0 0 0 0 0 0 0 0 0 0 0 0 0 0 0 0 0 0 0 0 0 0 0 0 0 0 0 0 0 0 0 0 0 0 0 0 0 0 0 0 0 0 0 0 0 0 0 0 0 0 0 0 0 0 0 0 0 0 0 0 0 0 0 0 0 0 0 0 0 0 0 0 0 0 0 0 0 0 0 0 0 0 0 0 0 0 0 0 0 0 0 0 0 0 0 0 0 0 0 0 0 0 0 0 0 0 0 0 0 0 0 0 0 0 0 0 0 0 0 0 0 0 0 0 0 0 0 0 0 0 0 0 0 0 0 0 0 0 0 0 0 0 0 0 0 0 0 0 0 0 0 0 0 0 0 0 0 0 0 0 0 0 0 0 0 0 0 0 0 0 0 0 0 0 0 0 0 0 0 0 0 0 0 0 0 0 0 0 0 0 0 0 0 0 0 0 0 0 0 0 0 0 0 0 0 0 0 0 0 0 0 0 0 0 0 0 0 0 0 0 0 0 0 0 0 0 0 0 0 0 0 0 0 0 0 0 0 0 0 0 0 0 0 0 0 0 0 0 0 0 0 0 0 0 0 0 0 0 0 0 0 0 0 0 0 0 0 0 0 0 0 0 0 0 0 0 0 0 0 0 0 0 0 0 0 0 0 0 0 0 0 0 0 0 0 0 0 0 0 0 0 0 0 0 0 0 0 0 0 0 0 0 0 0 0 0 0 0 0 0 0 0 0 0 0 0 0 0 0 0 0 0 0 0 0 0 0 0 0 0 0 0 0 0 0 0 0 0 0 0 0 0 0 0 0 0 0 0 0 0 0 0 0 0 0 0 0 0 0 0 0 0 0 0 0 0 0 0 0 0 0 0 0 0 0 0 0 0 0 0 0 0 0 0 0 0 0 0 0 0 0 0 0 0 0 0 0 0 0 0 0 0 0 0 0 0 0 0 0 0 0 0 0 0 0 0 0 0 0 0 0 0 0 0 0 0 0 0 0 0 0 0 0 0 0 0 0 0 0 0 0 0 0 0 0 0 0 0 0 0 0 0 0 0 0 0 0 0 0 0 0 0 0 0 0 0 0 0 0 0 0 0 0 0 0 0 0 0 0 0 0 0 0 0 0 0 0 0 0 0 0 0 0 0 0 0 0 0 0 0 0 0 0 0 0 0 0 0 0 0 0 0 0 0 0 0 0 0 0 0 0 0 0 0 0 0 0 0 0 0 0 0 0 0 0 0 0 0 0 0 0 0 0 0 0 0 0 0 0 0 0 0 0 0 0 0 0 0 0 0 0 0 0 0 0 0 0 0 0 0 0 0 0 0 0 0 0 0 0 0 0 0 0 0 0 0 0 0 0 0 0 0 0 0 0 0 0 0 0 0 0 0 0 0 0 0 0 0 0 0 0 0 0 0 0 0 0 0 0 0 0 0 0 0 0 0 0 0 0 0 0 0 0 0 0 0 0 0 0 0 0 0 0 0 0 0 0 0 0 0 0 0 0 0 0 0 0 0 0 0 0 0 0 0 0 0 0 0 0 0 0 0 0 0 0 0 0 0 0 0 0 0 0 0 0 0 0 0 0 0 0 0 0 0 0 0 0 0 0 0 0 0 0 0 0 0 0 0 0 0 0 0 0 0 0 0 0 0 0 0 0 0 0 0 0 0 0 0 0 0 0 0 0 0 0 0 0 0 0 0 0 0 0 0 0 0 0 0 0 0 0 0 0 0 0 0 0 0 0 0 0 0 0 0 0 0 0 0 0 0 0 0 0 0 0 0 0 0 0 0 0 0 0 0 0 0 0 0 0 0 0 0 0 0 0 0 0 0 0 0 0 0 0 0 0 0 0 0 0 0 0 0 0 0 0 0 0 0 0 0 0 0 0 0 0 0 0 0 0 0 0 0 0 0 0 0 0 0 0 0 0 0 0 0 0 0 0 0 0 0 0 0 0 0 0 0 0 0 0 0 0 0 0 0 0 0 0 0 0 0 0 0 0 0 0 0 0 0 0 0 0 0 0 0 0 0 0 0 0 0 0 0 0 0 0 0 0 0 0 0 0 0 0 0 0 0 0 0 0 0 0 0 0 0 0 0 0 0 0 0 0 0 0 0 0 0 0 0 0 0 0 0 0 0 0 0 0 0 0 0 0 0 0 0 0 0 0 0 0 0 0 0 0 0 0 0 0 0 0 0 0 0 0 0 0 0 0 0 0 0 0 0 0 0 0 0 0 0 0 0 0 0 0 0 0 0 0 0 0 0 0 0 0 0 0 0 0 0 0 0 0 0 0 0 0 0 0 0 0 0 0 0 0 0 0 0 0 0 0 0 0 0 0 0 0 0 0 0 0 0 0 0 0 0 0 0 0 0 0 0 0 0 0 0 0 0 0 0 0 0 0 0 0 0 0 0 0 0 0 0 0 0 0 0 0 0 0 0 0 0 0 0 0 0 0 0 0 0 0 0 0 0 0 0 0 0 0 0 0 0 0 0 0 0 0 0 0 0 0 0 0 0 0 0 0 0 0 0 0 0 0 0 0 0 0 0 0 0 0 0 0 0 0 0 0 0 0 0 0 0 0 0 0 0 0 0 0 0 0 0 0 0 0 0 0 0 0 0 0 0 0 0 0 0 0 0 0 0 0 0 0 0 0 0 0 0 0 0 0 0 0 0 0 0 0 0 0 0 0 0 0 0 0 0 0 0 0 0 0 0 0 0 0 0 0 0 0 0 0 0 0 0 0 0 0 0 0 0 0 0 0 0 0 0 0 0 0 0 0 0 0 0 0 0 0 0 0 0 0 0 0 0 0 0 0 0 0 0 0 0 0 0 0 0 0 0 0 0 0 0 0 0 0 0 0 0 0 0 0 0 0 0 0 0 0 0 0 0 0 0 0 0 0 0 0 0 0 0 0 0 0 0 0 0 0 0 0 0 0 0 0 0 0 0 0 0 0 0 0 0 0 0 0 0 0 0 0 0 0 0 0 0 0 0 0 0 0 0 0 0 0 0 0 0 0 0 0 0 0 0 0 0 0 0 0 0 0 0 0 0 0 0 0 0 0 0 0 0 0 0 0 0 0 0 0 0 0 0 0 0 0 0 0 0 0 0 0 0 0 0 0 0 0 0 0 0 0 0 0 0 0 0 0 0 0 0 0 0 0 0 0 0 0 0 0 0 0 0 0 0 0 0 0 0 0 0 0 0 0 0 0 0 0 0 0 0 0 0 0 0 0 0 0 0 0 0 0 0 0 0 0 0 0 0 0 0 0 0 0 0 0 0 0 0 0 0 0 0 0 0 0 0 0 0 0 0 0 0 0 0 0 0 0 0 0 0 0 0 0 0 0 0 0 0 0 0 0 0 0 0 0 0 0 0 0 0 0 0 0 0 0 0 0 0 0 0 0 0 0 0 0 0 0 0 0 0 0 0 0 0 0 0 0 0 0 0 0 0 0 0 0 0 0 0 0 0 0 0 0 0 0 0 0 0 0 0 0 0 0 0 0 0 0 0 0 0 0 0 0 0 0 0 0 0 0 0 0 0 0 0 0 0 0 0 0 0 0 0 0 0 0 0 0 0 0 0 0 0 0 0 0 0 0 0 0 0 0 0 0 0 0 0 0 0 0 0 0 0 0 0 0 0 0 0 0 0 0 0 0 0 0 0 0 0 0 0 0 0 0 0 0 0 0 0 0 0 0 0 0 0 0 0 0 0 0 0 0 0 0 0 0 0 0 0 0 0 0 0 0 0 0 0 0 0 0 0 0 0 0 0 0 0 0 0 0 0 0 0 0 0 0 0 0 0 0 0 0 0 0 0 0 0 0 0 0 0 0 0 0 0 0 0 0 0 0 0 0 0 0 0 0 0 0 0 0 0 0 0 0 0 0 0 0 0 0 0 0 0 0 0 0 0 0 0 0 0 0 0 0 0 0 0 0 0 0 0 0 0 0 0 0 0 0 0 0 0 0 0 0 0 0 0 0 0 0 0 0 0 0 0 0 0 0 0 0 0 0 0 0 0 0 0 0 0 0 0 0 0 0 0 0 0 0 0 0 0 0 0 0 0 0 0 0 0 0 0 0 0 0 0 0 0 0 0 0 0 0 0 0 0 0 0 0 0 0 0 0 0 0 0 0 0 0 0 0 0 0 0 0 0 0 0 0 0 0 0 0 0 0 0 0 0 0 0 0 0 0 0 0 0 0 0 0 0 0 0 0 0 0 0 0 0 0 0 0 0 0 0 0 0 0 0 0 0 0 0 0 0 0 0 0 0 0 0 0 0 0 0 0 0 0 0 0 0 0 0 0 0 0 0 0 0 0 0 0 0 0 0 0 0 0 0 0 0 0 0 0 0 0 0 0 0 0 0 0 0 0 0 0 0 0 0 0 0 0 0 0 0 0 0 0 0 0 0 0 0 0 0 0 0 0 0 0 0 0 0 0 0 0 0 0 0 0 0 0 0 0 0 0 0 0 0 0 0 0 0 0 0 0 0 0 0 0 0 0 0 0 0 0 0 0 0 0 0 0 0 0 0 0 0 0 0 0 0 0 0 0 0 0 0 0 0 0 0 0 0 0 0 0 0 0 0 0 0 0 0 0 0 0 0 0 0 0 0 0 0 0 0 0 0 0 0 0 0 0 0 0 0 0 0 0 0 0 0 0 0 0 0 0 0 0 0 0 0 0 0 0 0 0 0 0 0 0 0 0 0 0 0 0 0 0 0 0 0 0 0 0 0 0 0 0 0 0 0 0 0 0 0 0 0 0 0 0 0 0 0 0 0 0 0 0 0 0 0 0 0 0 0 0 0 0 0 0 0 0 0 0 0 0 0 0 0 0 0 0 0 0 0 0 0 0 0 0 0 0 0 0 0 0 0 0 0 0 0 0 0 0 0 0 0 0 0 0 0 0 0 0 0 0 0 0 0 0 0 0 0 0 0 0 0 0 0 0 0 0 0 0 0 0 0 0 0 0 0 0 0 0 0 0 0 0 0 0 0 0 0 0 0 0 0 0 0 0 0 0 0 0 0 0 0 0 0 0 0 0 0 0 0 0 0 0 0 0 0 0 0 0 0 0 0 0 0 0 0 0 0 0 0 0 0 0 0 0 0 0 0 0 0 0 0 0 0 0 0 0 0 0 0 0 0 0 0 0 0 0 0 0 0 0 0 0 0 0 0 0 0 0 0 0 0 0 0 0 0 0 0 0 0 0 0 0 0 0 0 0 0 0 0 0 0 0 0 0 0 0 0 0 0 0 0 0 0 0 0 0 0 0 0 0 0 0 0 0 0 0 0 0 0 0 0 0 0 0 0 0 0 0 0 0 0 0 0 0 0 0 0 0 0 0 0 0 0 0 0 0 0 0 0 0 0 0 0 0 0 0 0 0 0 0 0 0 0 0 0 0 0 0 0 0 0 0 0 0 0 0 0 0 0 0 0 0 0 0 0 0 0 0 0 0 0 0 0 0 0 0 0 0 0 0 0 0 0 0 0 0 0 0 0 0 0 0 0 0 0 0 0 0 0 0 0 0 0 0 0 0 0 0 0 0 0 0 0 0 0 0 0 0 0 0 0 0 0 0 0 0 0 0 0 0 0 0 0 0 0 0 0 0 0 0 0 0 0 0 0 0 0 0 0 0 0 0 0 0 0 0 0 0 0 0 0 0 0 0 0 0 0 0 0 0 0 0 0 0 0 0 0 0 0 0 0 0 0 0 0 0 0 0 0 0 0 0 0 0 0 0 0 0 0 0 0 0 0 0 0 0 0 0 0 0 0 0 0 0 0 0 0 0 0 0 0 0 0 0 0 0 0 0 0 0 0 0 0 0 0 0 0 0 0 0 0 0 0 0 0 0 0 0 0 0 0 0 0 0 0 0 0 0 0 0 0 0 0 0 0 0 0 0 0 0 0 0 0 0 0 0 0 0 0 0 0 0 0 0 0 0 0 0 0 0 0 0 0 0 0 0 0 0 0 0 0 0 0 0 0 0 0 0 0 0 0 0 0 0 0 0 0 0 0 0 0 0 0 0 0 0 0 0 0 0 0 0 0 0 0 0 0 0 0 0 0 0 0 0 0 0 0 0 0 0 0 0 0 0 0 0 0 0 0 0 0 0 0 0 0 0 0 0 0 0 0 0 0 0 0 0 0 0 0 0 0 0 0 0 0 0 0 0 0 0 0 0 0 0 0 0 0 0 0 0 0 0 0 0 0 0 0 0 0 0 0 0 0 0 0 0 0 0 0 0 0 0 0 0 0 0 0 0 0 0 0 0 0 0 0 0 0 0 0 0 0 0 0 0 0 0 0 0 0 0 0 0 0 0 0 0 0 0 0 0 0 0 0 0 0 0 0 0 0 0 0 0 0 0 0 0 0 0 0 0 0 0 0 0 0 0 0 0 0 0 0 0 0 0 0 0 0 0 0 0 0 0 0 0 0 0 0 0 0 0 0 0 0 0 0 0 0 0 0 0 0 0 0 0 0 0 0 0 0 0 0 0 0 0 0 0 0 0 0 0 0 0 0 0 0 0 0 0 0 0 0 0 0 0 0 0 0 0 0 0 0 0 0 0 0 0 0 0 0 0 0 0 0 0 0 0 0 0 0 0 0 0 0 0 0 0 0 0 0 0 0 0 0 0 0 0 0 0 0 0 0 0 0 0 0 0 0 0 0 0 0 0 0 0 0 0 0 0 0 0 0 0 0 0 0 0 0 0 0 0 0 0 0 0 0 0 0 0 0 0 0 0 0 0 0 0 0 0 0 0 0 0 0 0 0 0 0 0 0 0 0 0 0 0 0 0 0 0 0 0 0 0 0 0 0 0 0 0 0 0 0 0 0 0 0 0 0 0 0 0 0 0 0 0 0 0 0 0 0 0 0 0 0 0 0 0 0 0 0 0 0 0 0 0 0 0 0 0 0 0 0 0 0 0 0 0 0 0 0 0 0 0 0 0 0 0 0 0 0 0 0 0 0 0 0 0 0 0 0 0 0 0 0 0 0 0 0 0 0 0 0 0 0 0 0 0 0 0 0 0 0 0 0 0 0 0 0 0 0 0 0 0 0 0 0 0 0 0 0 0 0 0 0 0 0 0 0 0 0 0 0 0 0 0 0 0 0 0 0 0 0 0 0 0 0 0 0 0 0 0 0 0 0 0 0 0 0 0 0 0 0 0 0 0 0 0 0 0 0 0 0 0 0 0 0 0 0 0 0 0 0 0 0 0 0 0 0 0 0 0 0 0 0 0 0 0 0 0 0 0 0 0 0 0 0 0 0 0 0 0 0 0 0 0 0 0 0 0 0 0 0 0 0 0 0 0 0 0 0 0 0 0 0 0 0 0 0 0 0 0 0 0 0 0 0 0 0 0 0 0 0 0 0 0 0 0 0 0 0 0 0 0 0 0 0 0 0 0 0 0 0 0 0 0 0 0 0 0 0 0 0 0 0 0 0 0 0 0 0 0 0 0 0 0 0 0 0 0 0 0 0 0 0 0 0 0 0 0 0 0 0 0 0 0 0 0 0 0 0 0 0 0 0 0 0 0 0 0 0 0 0 0 0 0 0 0 0 0 0 0 0 0 0 0 0 0 0 0 0 0 0 0 0 0 0 0 0 0 0 0 0 0 0 0 0 0 0 0 0 0 0 0 0 0 0 0 0 0 0 0 0 0 0 0 0 0 0 0 0 0 0 0 0 0 0 0 0 0 0 0 0 0 0 0 0 0 0 0 0 0 0 0 0 0 0 0 0 0 0 0 0 0 0 0 0 0 0 0 0 0 0 0 0 0 0 0 0 0 0 0 0 0 0 0 0 0 0 0 0 0 0 0 0 0 0 0 0 0 0 0 0 0 0 0 0 0 0 0 0 0 0 0 0 0 0 0 0 0 0 0 0 0 0 0 0 0 0 0 0 0 0 0 0 0 0 0 0 0 0 0 0 0 0 0 0 0 0 0 0 0 0 0 0 0 0 0 0 0 0 0 0 0 0 0 0 0 0 0 0 0 0 0 0 0 0 0 0 0 0 0 0 0 0 0 0 0 0 0 0 0 0 0 0 0 0 0 0 0 0 0 0 0 0 0 0 0 0 0 0 0 0 0 0 0 0 0 0 0 0 0 0 0 0 0 0 0 0 0 0 0 0 0 0 0 0 0 0 0 0 0 0 0 0 0 0 0 0 0 0 0 0 0 0 0 0 0 0 0 0 0 0 0 0 0 0 0 0 0 0 0 0 0 0 0 0 0 0 0 0 0 0 0 0 0 0 0 0 0 0 0 0 0 0 0 0 0 0 0 0 0 0 0 0 0 0 0 0 0 0 0 0 0 0 0 0 0 0 0 0 0 0 0 0 0 0 0 0 0 0 0 0 0 0 0 0 0 0 0 0 0 0 0 0 0 0 0 0 0 0 0 0 0 0 0 0 0 0 0 0 0 0 0 0 0 0 0 0 0 0 0 0 0 0 0 0 0 0 0 0 0 0 0 0 0 0 0 0 0 0 0 0 0 0 0 0 0 0 0 0 0 0 0 0 0 0 0 0 0 0 0 0 0 0 0 0 0 0 0 0 0 0 0 0 0 0 0 0 0 0 0 0 0 0 0 0 0 0 0 0 0 0 0 0 0 0 0 0 0 0 0 0 0 0 0 0 0 0 0 0 0 0 0 0 0 0 0 0 0 0 0 0 0 0 0 0 0 0 0 0 0 0 0 0 0 0 0 0 0 0 0 0 0 0 0 0 0 0 0 0 0 0 0 0 0 0 0 0 0 0 0 0 0 0 0 0 0 0 0 0 0 0 0 0 0 0 0 0 0 0 0 0 0 0 0 0 0 0 0 0 0 0 0 0 0 0 0 0 0 0 0 0 0 0 0 0 0 0 0 0 0 0 0 0 0 0 0 0 0 0 0 0 0 0 0 0 0 0 0 0 0 0 0 0 0 0 0 0 0 0 0 0 0 0 0 0 0 0 0 0 0 0 0 0 0 0 0 0 0 0 0 0 0 0 0 0 0 0 0 0 0 0 0 0 0 0 0 0 0 0 0 0 0 0 0 0 0 0 0 0 0 0 0 0 0 0 0 0 0 0 0 0 0 0 0 0 0 0 0 0 0 0 0 0 0 0 0 0 0 0 0 0 0 0 0 0 0 0 0 0 0 0 0 0 0 0 0 0 0 0 0 0 0 0 0 0 0 0 0 0 0 0 0 0 0 0 0 0 0 0 0 0 0 0 0 0 0 0 0 0 0 0 0 0 0 0 0 0 0 0 0 0 0 0 0 0 0 0 0 0 0 0 0 0 0 0 0 0 0 0 0 0 0 0 0 0 0 0 0 0 0 0 0 0 0 0 0 0 0 0 0 0 0 0 0 0 0 0 0 0 0 0 0 0 0 0 0 0 0 0 0 0 0 0 0 0 0 0 0 0 0 0 0 0 0 0 0 0 0 0 0 0 0 0 0 0 0 0 0 0 0 0 0 0 0 0 0 0 0 0 0 0 0 0 0 0 0 0 0 0 0 0 0 0 0 0 0 0 0 0 0 0 0 0 0 0 0 0 0 0 0 0 0 0 0 0 0 0 0 0 0 0 0 0 0 0 0 0 0 0 0 0 0 0 0 0 0 0 0 0 0 0 0 0 0 0 0 0 0 0 0 0 0 0 0 0 0 0 0 0 0 0 0 0 0 0 0 0 0 0 0 0 0 0 0 0 0 0 0 0 0 0 0 0 0 0 0 0 0 0 0 0 0 0 0 0 0 0 0 0 0 0 0 0 0 0 0 0 0 0 0 0 0 0 0 0 0 0 0 0 0 0 0 0 0 0 0 0 0 0 0 0 0 0 0 0 0 0 0 0 0 0 0 0 0 0 0 0 0 0 0 0 0 0 0 0 0 0 0 0 0 0 0 0 0 0 0 0 0 0 0 0 0 0 0 0 0 0 0 0 0 0 0 0 0 0 0 0 0 0 0 0 0 0 0 0 0 0 0 0 0 0 0 0 0 0 0 0 0 0 0 0 0 0 0 0 0 0 0 0 0 0 0 0 0 0 0 0 0 0 0 0 0 0 0 0 0 0 0 0 0 0 0 0 0 0 0 0 0 0 0 0 0 0 0 0 0 0 0 0 0 0 0 0 0 0 0 0 0 0 0 0 0 0 0 0 0 0 0 0 0 0 0 0 0 0 0 0 0 0 0 0 0 0 0 0 0 0 0 0 0 0 0 0 0 0 0 0 0 0 0 0 0 0 0 0 0 0 0 0 0 0 0 0 0 0 0 0 0 0 0 0 0 0 0 0 0 0 0 0 0 0 0 0 0 0 0 0 0 0 0 0 0 0 0 0 0 0 0 0 0 0 0 0 0 0 0 0 0 0 0 0 0 0 0 0 0 0 0 0 0 0 0 0 0 0 0 0 0 0 0 0 0 0 0 0 0 0 0 0 0 0 0 0 0 0 0 0 0 0 0 0 0 0 0 0 0 0 0 0 0 0 0 0 0 0 0 0 0 0 0 0 0 0 0 0 0 0 0 0 0 0 0 0 0 0 0 0 0 0 0 0 0 0 0 0 0 0 0 0 0 0 0 0 0 0 0 0 0 0 0 0 0 0 0 0 0 0 0 0 0 0 0 0 0 0 0 0 0 0 0 0 0 0 0 0 0 0 0 0 0 0 0 0 0 0 0 0 0 0 0 0 0 0 0 0 0 0 0 0 0 0 0 0 0 0 0 0 0 0 0 0 0 0 0 0 0 0 0 0 0 0 0 0 0 0 0 0 0 0 0 0 0 0 0 0 0 0 0 0 0 0 0 0 0 0 0 0 0 0 0 0 0 0 0 0 0 0 0 0 0 0 0 0 0 0 0 0 0 0 0 0 0 0 0 0 0 0 0 0 0 0 0 0 0 0 0 0 0 0 0 0 0 0 0 0 0 0 0 0 0 0 0 0 0 0 0 0 0 0 0 0 0 0 0 0 0 0 0 0 0 0 0 0 0 0 0 0 0 0 0 0 0 0 0 0 0 0 0 0 0 0 0 0 0 0 0 0 0 0 0 0 0 0 0 0 0 0 0 0 0 0 0 0 0 0 0 0 0 0 0 0 0 0 0 0 0 0 0 0 0 0 0 0 0 0 0 0 0 0 0 0 0 0 0 0 0 0 0 0 0 0 0 0 0 0 0 0 0 0 0 0 0 0 0 0 0 0 0 0 0 0 0 0 0 0 0 0 0 0 0 0 0 0 0 0 0 0 0 0 0 0 0 0 0 0 0 0 0 0 0 0 0 0 0 0 0 0 0 0 0 0 0 0 0 0 0 0 0 0 0 0 0 0 0 0 0 0 0 0 0 0 0 0 0 0 0 0 0 0 0 0 0 0 0 0 0 0 0 0 0 0 0 0 0 0 0 0 0 0 0 0 0 0 0 0 0 0 0 0 0 0 0 0 0 0 0 0 0 0 0 0 0 0 0 0 0 0 0 0 0 0 0 0 0 0 0 0 0 0 0 0 0 0 0 0 0 0 0 0 0 0 0 0 0 0 0 0 0 0 0 0 0 0 0 0 0 0 0 0 0 0 0 0 0 0 0 0 0 0 0 0 0 0 0 0 0 0 0 0 0 0 0 0 0 0 0 0 0 0 0 0 0 0 0 0 0 0 0 0 0 0 0 0 0 0 0 0 0 0 0 0 0 0 0 0 0 0 0 0 0 0 0 0 0 0 0 0 0 0 0 0 0 0 0 0 0 0 0 0 0 0 0 0 0 0 0 0 0 0 0 0 0 0 0 0 0 0 0 0 0 0 0 0 0 0 0 0 0 0 0 0 0 0 0 0 0 0 0 0 0 0 0 0 0 0 0 0 0 0 0 0 0 0 0 0 0 0 0 0 0 0 0 0 0 0 0 0 0 0 0 0 0 0 0 0 0 0 0 0 0 0 0 0 0 0 0 0 0 0 0 0 0 0 0 0 0 0 0 0 0 0 0 0 0 0 0 0 0 0 0 0 0 0 0 0 0 0 0 0 0 0 0 0 0 0 0 0 0 0 0 0 0 0 0 0 0 0 0 0 0 0 0 0 0 0 0 0 0 0 0 0 0 0 0 0 0 0 0 0 0 0 0 0 0 0 0 0 0 0 0 0 0 0 0 0 0 0 0 0 0 0 0 0 0 0 0 0 0 0 0 0 0 0 0 0 0 0 0 0 0 0 0 0 0 0 0 0 0 0 0 0 0 0 0 0 0 0 0 0 0 0 0 0 0 0 0 0 0 0 0 0 0 0 0 0 0 0 0 0 0 0 0 0 0 0 0 0 0 0 0 0 0 0 0 0 0 0 0 0 0 0 0 0 0 0 0 0 0 0 0 0 0 0 0 0 0 0 0 0 0 0 0 0 0 0 0 0 0 0 0 0 0 0 0 0 0 0 0 0 0 0 0 0 0 0 0 0 0 0 0 0 0 0 0 0 0 0 0 0 0 0 0 0 0 0 0 0 0 0 0 0 0 0 0 0 0 0 0 0 0 0 0 0 0 0 0 0 0 0 0 0 0 0 0 0 0 0 0 0 0 0 0 0 0 0 0 0 0 0 0 0 0 0 0 0 0 0 0 0 0 0 0 0 0 0 0 0 0 0 0 0 0 0 0 0 0 0 0 0 0 0 0 0 0 0 0 0 0 0 0 0 0 0 0 0 0 0 0 0 0 0 0 0 0 0 0 0 0 0 0 0 0 0 0 0 0 0 0 0 0 0 0 0 0 0 0 0 0 0 0 0 0 0 0 0 0 0 0 0 0 0 0 0 0 0 0 0 0 0 0 0 0 0 0 0 0 0 0 0 0 0 0 0 0 0 0 0 0 0 0 0 0 0 0 0 0 0 0 0 0 0 0 0 0 0 0 0 0 0 0 0 0 0 0 0 0 0 0 0 0 0 0 0 0 0 0 0 0 0 0 0 0 0 0 0 0 0 0 0 0 0 0 0 0 0 0 0 0 0 0 0 0 0 0 0 0 0 0 0 0 0 0 0 0 0 0 0 0 0 0 0 0 0 0 0 0 0 0 0 0 0 0 0 0 0 0 0 0 0 0 0 0 0 0 0 0 0 0 0 0 0 0 0 0 0 0 0 0 0 0 0 0 0 0 0 0 0 0 0 0 0 0 0 0 0 0 0 0 0 0 0 0 0 0 0 0 0 0 0 0 0 0 0 0 0 0 0 0 0 0 0 0 0 0 0 0 0 0 0 0 0 0 0 0 0 0 0 0 0 0 0 0 0 0 0 0 0 0 0 0 0 0 0 0 0 0 0 0 0 0 0 0 0 0 0 0 0 0 0 0 0 0 0 0 0 0 0 0 0 0 0 0 0 0 0 0 0 0 0 0 0 0 0 0 0 0 0 0 0 0 0 0 0 0 0 0 0 0 0 0 0 0 0 0 0 0 0 0 0 0 0 0 0 0 0 0 0 0 0 0 0 0 0 0 0 0 0 0 0 0 0 0 0 0 0 0 0 0 0 0 0 0 0 0 0 0 0 0 0 0 0 0 0 0 0 0 0 0 0 0 0 0 0 0 0 0 0 0 0 0 0 0 0 0 0 0 0 0 0 0 0 0 0 0 0 0 0 0 0 0 0 0 0 0 0 0 0 0 0 0 0 0 0 0 0 0 0 0 0 0 0 0 0 0 0 0 0 0 0 0 0 0 0 0 0 0 0 0 0 0 0 0 0 0 0 0 0 0 0 0 0 0 0 0 0 0 0 0 0 0 0 0 0 0 0 0 0 0 0 0 0 0 0 0 0 0 0 0 0 0 0 0 0 0 0 0 0 0 0 0 0 0 0 0 0 0 0 0 0 0 0 0 0 0 0 0 0 0 0 0 0 0 0 0 0 0 0 0 0 0 0 0 0 0 0 0 0 0 0 0 0 0 0 0 0 0 0 0 0 0 0 0 0 0 0 0 0 0 0 0 0 0 0 0 0 0 0 0 0 0 0 0 0 0 0 0 0 0 0 0 0 0 0 0 0 0 0 0 0 0 0 0 0 0 0 0 0 0 0 0 0 0 0 0 0 0 0 0 0 0 0 0 0 0 0 0 0 0 0 0 0 0 0 0 0 0 0 0 0 0 0 0 0 0 0 0 0 0 0 0 0 0 0 0 0 0 0 0 0 0 0 0 0 0 0 0 0 0 0 0 0 0 0 0 0 0 0 0 0 0 0 0 0 0 0 0 0 0 0 0 0 0 0 0 0 0 0 0 0 0 0 0 0 0 0 0 0 0 0 0 0 0 0 0 0 0 0 0 0 0 0 0 0 0 0 0 0 0 0 0 0 0 0 0 0 0 0 0 0 0 0 0 0 0 0 0 0 0 0 0 0 0 0 0 0 0 0 0 0 0 0 0 0 0 0 0 0 0 0 0 0 0 0 0 0 0 0 0 0 0 0 0 0 0 0 0 0 0 0 0 0 0 0 0 0 0 0 0 0 0 0 0 0 0 0 0 0 0 0 0 0 0 0 0 0 0 0 0 0 0 0 0 0 0 0 0 0 0 0 0 0 0 0 0 0 0 0 0 0 0 0 0 0 0 0 0 0 0 0 0 0 0 0 0 0 0 0 0 0 0 0 0 0 0 0 0 0 0 0 0 0 0 0 0 0 0 0 0 0 0 0 0 0 0 0 0 0 0 0 0 0 0 0 0 0 0 0 0 0 0 0 0 0 0 0 0 0 0 0 0 0 0 0 0 0 0 0 0 0 0 0 0 0 0 0 0 0 0 0 0 0 0 0 0 0 0 0 0 0 0 0 0 0 0 0 0 0 0 0 0 0 0 0 0 0 0 0 0 0 0 0 0 0 0 0 0 0 0 0 0 0 0 0 0 0 0 0 0 0 0 0 0 0 0 0 0 0 0 0 0 0 0 0 0 0 0 0 0 0 0 0 0 0 0 0 0 0 0 0 0 0 0 0 0 0 0 0 0 0 0 0 0 0 0 0 0 0 0 0 0 0 0 0 0 0 0 0 0 0 0 0 0 0 0 0 0 0 0 0 0 0 0 0 0 0 0 0 0 0 0 0 0 0 0 0 0 0 0 0 0 0 0 0 0 0 0 0 0 0 0 0 0 0 0 0 0 0 0 0 0 0 0 0 0 0 0 0 0 0 0 0 0 0 0 0 0 0 0 0 0 0 0 0 0 0 0 0 0 0 0 0 0 0 0 0 0 0 0 0 0 0 0 0 0 0 0 0 0 0 0 0 0 0 0 0 0 0 0 0 0 0 0 0 0 0 0 0 0 0 0 0 0 0 0 0 0 0 0 0 0 0 0 0 0 0 0 0 0 0 0 0 0 0 0 0 0 0 0 0 0 0 0 0 0 0 0 0 0 0 0 0 0 0 0 0 0 0 0 0 0 0 0 0 0 0 0 0 0 0 0 0 0 0 0 0 0 0 0 0 0 0 0 0 0 0 0 0 0 0 0 0 0 0 0 0 0 0 0 0 0 0 0 0 0 0 0 0 0 0 0 0 0 0 0 0 0 0 0 0 0 0 0 0 0 0 0 0 0 0 0 0 0 0 0 0 0 0 0 0 0 0 0 0 0 0 0 0 0 0 0 0 0 0 0 0 0 0 0 0 0 0 0 0 0 0 0 0 0 0 0 0 0 0 0 0 0 0 0 0 0 0 0 0 0 0 0 0 0 0 0 0 0 0 0 0 0 0 0 0 0 0 0 0 0 0 0 0 0 0 0 0 0 0 0 0 0 0 0 0 0 0 0 0 0 0 0 0 0 0 0 0 0 0 0 0 0 0 0 0 0 0 0 0 0 0 0 0 0 0 0 0 0 0 0 0 0 0 0 0 0 0 0 0 0 0 0 0 0 0 0 0 0 0 0 0 0 0 0 0 0 0 0 0 0 0 0 0 0 0 0 0 0 0 0 0 0 0 0 0 0 0 0 0 0 0 0 0 0 0 0 0 0 0 0 0 0 0 0 0 0 0 0 0 0 0 0 0 0 0 0 0 0 0 0 0 0 0 0 0 0 0 0 0 0 0 0 0 0 0 0 0 0 0 0 0 0 0 0 0 0 0 0 0 0 0 0 0 0 0 0 0 0 0 0 0 0 0 0 0 0 0 0 0 0 0 0 0 0 0 0 0 0 0 0 0 0 0 0 0 0 0 0 0 0 0 0 0 0 0 0 0 0 0 0 0 0 0 0 0 0 0 0 0 0 0 0 0 0 0 0 0 0 0 0 0 0 0 0 0 0 0 0 0 0 0 0 0 0 0 0 0 0 0 0 0 0 0 0 0 0 0 0 0 0 0 0 0 0 0 0 0 0 0 0 0 0 0 0 0 0 0 0 0 0 0 0 0 0 0 0 0 0 0 0 0 0 0 0 0 0 0 0 0 0 0 0 0 0 0 0 0 0 0 0 0 0 0 0 0 0 0 0 0 0 0 0 0 0 0 0 0 0 0 0 0 0 0 0 0 0 0 0 0 0 0 0 0 0 0 0 0 0 0 0 0 0 0 0 0 0 0 0 0 0 0 0 0 0 0 0 0 0 0 0 0 0 0 0 0 0 0 0 0 0 0 0 0 0 0 0 0 0 0 0 0 0 0 0 0 0 0 0 0 0 0 0 0 0 0 0 0 0 0 0 0 0 0 0 0 0 0 0 0 0 0 0 0 0 0 0 0 0 0 0 0 0 0 0 0 0 0 0 0 0 0 0 0 0 0 0 0 0 0 0 0 0 0 0 0 0 0 0 0 0 0 0 0 0 0 0 0 0 0 0 0 0 0 0 0 0 0 0 0 0 0 0 0 0 0 0 0 0 0 0 0 0 0 0 0 0 0 0 0 0 0 0 0 0 0 0 0 0 0 0 0 0 0 0 0 0 0 0 0 0 0 0 0 0 0 0 0 0 0 0 0 0 0 0 0 0 0 0 0 0 0 0 0 0 0 0 0 0 0 0 0 0 0 0 0 0 0 0 0 0 0 0 0 0 0 0 0 0 0 0 0 0 0 0 0 0 0 0 0 0 0 0 0 0 0 0 0 0 0 0 0 0 0 0 0 0 0 0 0 0 0 0 0 0 0 0 0 0 0 0 0 0 0 0 0 0 0 0 0 0 0 0 0 0 0 0 0 0 0 0 0 0 0 0 0 0 0 0 0 0 0 0 0 0 0 0 0 0 0 0 0 0 0 0 0 0 0 0 0 0 0 0 0 0 0 0 0 0 0 0 0 0 0 0 0 0 0 0 0 0 0 0 0 0 0 0 0 0 0 0 0 0 0 0 0 0 0 0 0 0 0 0 0 0 0 0 0 0 0 0 0 0 0 0 0 0 0 0 0 0 0 0 0 0 0 0 0 0 0 0 0 0 0 0 0 0 0 0 0 0 0 0 0 0 0 0 0 0 0 0 0 0 0 0 0 0 0 0 0 0 0 0 0 0 0 0 0 0 0 0 0 0 0 0 0 0 0 0 0 0 0 0 0 0 0 0 0 0 0 0 0 0 0 0 0 0 0 0 0 0 0 0 0 0 0 0 0 0 0 0 0 0 0 0 0 0 0 0 0 0 0 0 0 0 0 0 0 0 0 0 0 0 0 0 0 0 0 0 0 0 0 0 0 0 0 0 0 0 0 0 0 0 0 0 0 0 0 0 0 0 0 0 0 0 0 0 0 0 0 0 0 0 0 0 0 0 0 0 0 0 0 0 0 0 0 0 0 0 0 0 0 0 0 0 0 0 0 0 0 0 0 0 0 0 0 0 0 0 0 0 0 0 0 0 0 0 0 0 0 0 0 0 0 0 0 0 0 0 0 0 0 0 0 0 0 0 0 0 0 0 0 0 0 0 0 0 0 0 0 0 0 0 0 0 0 0 0 0 0 0 0 0 0 0 0 0 0 0 0 0 0 0 0 0 0 0 0 0 0 0 0 0 0 0 0 0 0 0 0 0 0 0 0 0 0 0 0 0 0 0 0 0 0 0 0 0 0 0 0 0 0 0 0 0 0 0 0 0 0 0 0 0 0 0 0 0 0 0 0 0 0 0 0 0 0 0 0 0 0 0 0 0 0 0 0 0 0 0 0 0 0 0 0 0 0 0 0 0 0 0 0 0 0 0 0 0 0 0 0 0 0 0 0 0 0 0 0 0 0 0 0 0 0 0 0 0 0 0 0 0 0 0 0 0 0 0 0 0 0 0 0 0 0 0 0 0 0 0 0 0 0 0 0 0 0 0 0 0 0 0 0 0 0 0 0 0 0 0 0 0 0 0 0 0 0 0 0 0 0 0 0 0 0 0 0 0 0 0 0 0 0 0 0 0 0 0 0 0 0 0 0 0 0 0 0 0 0 0 0 0 0 0 0 0 0 0 0 0 0 0 0 0 0 0 0 0 0 0 0 0 0 0 0 0 0 0 0 0 0 0 0 0 0 0 0 0 0 0 0 0 0 0 0 0 0 0 0 0 0 0 0 0 0 0 0 0 0 0 0 0 0 0 0 0 0 0 0 0 0 0 0 0 0 0 0 0 0 0 0 0 0 0 0 0 0 0 0 0 0 0 0 0 0 0 0 0 0 0 0 0 0 0 0 0 0 0 0 0 0 0 0 0 0 0 0 0 0 0 0 0 0 0 0 0 0 0 0 0 0 0 0 0 0 0 0 0 0 0 0 0 0 0 0 0 0 0 0 0 0 0 0 0 0 0 0 0 0 0 0 0 0 0 0 0 0 0 0 0 0 0 0 0 0 0 0 0 0 0 0 0 0 0 0 0 0 0 0 0 0 0 0 0 0 0 0 0 0 0 0 0 0 0 0 0 0 0 0 0 0 0 0 0 0 0 0 0 0 0 0 0 0 0 0 0 0 0 0 0 0 0 0 0 0 0 0 0 0 0 0 0 0 0 0 0 0 0 0 0 0 0 0 0 0 0 0 0 0 0 0 0 0 0 0 0 0 0 0 0 0 0 0 0 0 0 0 0 0 0 0 0 0 0 0 0 0 0 0 0 0 0 0 0 0 0 0 0 0 0 0 0 0 0 0 0 0 0 0 0 0 0 0 0 0 0 0 0 0 0 0 0 0 0 0 0 0 0 0 0 0 0 0 0 0 0 0 0 0 0 0 0 0 0 0 0 0 0 0 0 0 0 0 0 0 0 0 0 0 0 0 0 0 0 0 0 0 0 0 0 0 0 0 0 0 0 0 0 0 0 0 0 0 0 0 0 0 0 0 0 0 0 0 0 0 0 0 0 0 0 0 0 0 0 0 0 0 0 0 0 0 0 0 0 0 0 0 0 0 0 0 0 0 0 0 0 0 0 0 0 0 0 0 0 0 0 0 0 0 0 0 0 0 0 0 0 0 0 0 0 0 0 0 0 0 0 0 0 0 0 0 0 0 0 0 0 0 0 0 0 0 0 0 0 0 0 0 0 0 0 0 0 0 0 0 0 0 0 0 0 0 0 0 0 0 0 0 0 0 0 0 0 0 0 0 0 0 0 0 0 0 0 0 0 0 0 0 0 0 0 0 0 0 0 0 0 0 0 0 0 0 0 0 0 0 0 0 0 0 0 0 0 0 0 0 0 0 0 0 0 0 0 0 0 0 0 0 0 0 0 0 0 0 0 0 0 0 0 0 0 0 0 0 0 0 0 0 0 0 0 0 0 0 0 0 0 0 0 0 0 0 0 0 0 0 0 0 0 0 0 0 0 0 0 0 0 0 0 0 0 0 0 0 0 0 0 0 0 0 0 0 0 0 0 0 0 0 0 0 0 0 0 0 0 0 0 0 0 0 0 0 0 0 0 0 0 0 0 0 0 0 0 0 0 0 0 0 0 0 0 0 0 0 0 0 0 0 0 0 0 0 0 0 0 0 0 0 0 0 0 0 0 0 0 0 0 0 0 0 0 0 0 0 0 0 0 0 0 0 0 0 0 0 0 0 0 0 0 0 0 0 0 0 0 0 0 0 0 0 0 0 0 0 0 0 0 0 0 0 0 0 0 0 0 0 0 0 0 0 0 0 0 0 0 0 0 0 0 0 0 0 0 0 0 0 0 0 0 0 0 0 0 0 0 0 0 0 0 0 0 0 0 0 0 0 0 0 0 0 0 0 0 0 0 0 0 0 0 0 0 0 0 0 0 0 0 0 0 0 0 0 0 0 0 0 0 0 0 0 0 0 0 0 0 0 0 0 0 0 0 0 0 0 0 0 0 0 0 0 0 0 0 0 0 0 0 0 0 0 0 0 0 0 0 0 0 0 0 0 0 0 0 0 0 0 0 0 0 0 0 0 0 0 0 0 0 0 0 0 0 0 0 0 0 0 0 0 0 0 0 0 0 0 0 0 0 0 0 0 0 0 0 0 0 0 0 0 0 0 0 0 0 0 0 0 0 0 0 0 0 0 0 0 0 0 0 0 0 0 0 0 0 0 0 0 0 0 0 0 0 0 0 0 0 0 0 0 0 0 0 0 0 0 0 0 0 0 0 0 0 0 0 0 0 0 0 0 0 0 0 0 0 0 0 0 0 0 0 0 0 0 0 0 0 0 0 0 0 0 0 0 0 0 0 0 0 0 0 0 0 0 0 0 0 0 0 0 0 0 0 0 0 0 0 0 0 0 0 0 0 0 0 0 0 0 0 0 0 0 0 0 0 0 0 0 0 0 0 0 0 0 0 0 0 0 0 0 0 0 0 0 0 0 0 0 0 0 0 0 0 0 0 0 0 0 0 0 0 0 0 0 0 0 0 0 0 0 0 0 0 0 0 0 0 0 0 0 0 0 0 0 0 0 0 0 0 0 0 0 0 0 0 0 0 0 0 0 0 0 0 0 0 0 0 0 0 0 0 0 0 0 0 0 0 0 0 0 0 0 0 0 0 0 0 0 0 0 0 0 0 0 0 0 0 0 0 0 0 0 0 0 0 0 0 0 0 0 0 0 0 0 0 0 0 0 0 0 0 0 0 0 0 0 0 0 0 0 0 0 0 0 0 0 0 0 0 0 0 0 0 0 0 0 0 0 0 0 0 0 0 0 0 0 0 0 0 0 0 0 0 0 0 0 0 0 0 0 0 0 0 0 0 0 0 0 0 0 0 0 0 0 0 0 0 0 0 0 0 0 0 0 0 0 0 0 0 0 0 0 0 0 0 0 0 0 0 0 0 0 0 0 0 0 0 0 0 0 0 0 0 0 0 0 0 0 0 0 0 0 0 0 0 0 0 0 0 0 0 0 0 0 0 0 0 0 0 0 0 0 0 0 0 0 0 0 0 0 0 0 0 0 0 0 0 0 0 0 0 0 0 0 0 0 0 0 0 0 0 0 0 0 0 0 0 0 0 0 0 0 0 0 0 0 0 0 0 0 0 0 0 0 0 0 0 0 0 0 0 0 0 0 0 0 0 0 0 0 0 0 0 0 0 0 0 0 0 0 0 0 0 0 0 0 0 0 0 0 0 0 0 0 0 0 0 0 0 0 0 0 0 0 0 0 0 0 0 0 0 0 0 0 0 0 0 0 0 0 0 0 0 0 0 0 0 0 0 0 0 0 0 0 0 0 0 0 0 0 0 0 0 0 0 0 0 0 0 0 0 0 0 0 0 0 0 0 0 0 0 0 0 0 0 0 0 0 0 0 0 0 0 0 0 0 0 0 0 0 0 0 0 0 0 0 0 0 0 0 0 0 0 0 0 0 0 0 0 0 0 0 0 0 0 0 0 0 0 0 0 0 0 0 0 0 0 0 0 0 0 0 0 0 0 0 0 0 0 0 0 0 0 0 0 0 0 0 0 0 0 0 0 0 0 0 0 0 0 0 0 0 0 0 0 0 0 0 0 0 0 0 0 0 0 0 0 0 0 0 0 0 0 0 0 0 0 0 0 0 0 0 0 0 0 0 0 0 0 0 0 0 0 0 0 0 0 0 0 0 0 0 0 0 0 0 0 0 0 0 0 0 0 0 0 0 0 0 0 0 0 0 0 0 0 0 0 0 0 0 0 0 0 0 0 0 0 0 0 0 0 0 0 0 0 0 0 0 0 0 0 0 0 0 0 0 0 0 0 0 0 0 0 0 0 0 0 0 0 0 0 0 0 0 0 0 0 0 0 0 0 0 0 0 0 0 0 0 0 0 0 0 0 0 0 0 0 0 0 0 0 0 0 0 0 0 0 0 0 0 0 0 0 0 0 0 0 0 0 0 0 0 0 0 0 0 0 0 0 0 0 0 0 0 0 0 0 0 0 0 0 0 0 0 0 0 0 0 0 0 0 0 0 0 0 0 0 0 0 0 0 0 0 0 0 0 0 0 0 0 0 0 0 0 0 0 0 0 0 0 0 0 0 0 0 0 0 0 0 0 0 0 0 0 0 0 0 0 0 0 0 0 0 0 0 0 0 0 0 0 0 0 0 0 0 0 0 0 0 0 0 0 0 0 0 0 0 0 0 0 0 0 0 0 0 0 0 0 0 0 0 0 0 0 0 0 0 0 0 0 0 0 0 0 0 0 0 0 0 0 0 0 0 0 0 0 0 0 0 0 0 0 0 0 0 0 0 0 0 0 0 0 0 0 0 0 0 0 0 0 0 0 0 0 0 0 0 0 0 0 0 0 0 0 0 0 0 0 0 0 0 0 0 0 0 0 0 0 0 0 0 0 0 0 0 0 0 0 0 0 0 0 0 0 0 0 0 0 0 0 0 0 0 0 0 0 0 0 0 0 0 0 0 0 0 0 0 0 0 0 0 0 0 0 0 0 0 0 0 0 0 0 0 0 0 0 0 0 0 0 0 0 0 0 0 0 0 0 0 0 0 0 0 0 0 0 0 0 0 0 0 0 0 0 0 0 0 0 0 0 0 0 0 0 0 0 0 0 0 0 0 0 0 0 0 0 0 0 0 0 0 0 0 0 0 0 0 0 0 0 0 0 0 0 0 0 0 0 0 0 0 0 0 0 0 0 0 0 0 0 0 0 0 0 0 0 0 0 0 0 0 0 0 0 0 0 0 0 0 0 0 0 0 0 0 0 0 0 0 0 0 0 0 0 0 0 0 0 0 0 0 0 0 0 0 0 0 0 0 0 0 0 0 0 0 0 0 0 0 0 0 0 0 0 0 0 0 0 0 0 0 0 0 0 0 0 0 0 0 0 0 0 0 0 0 0 0 0 0 0 0 0 0 0 0 0 0 0 0 0 0 0 0 0 0 0 0 0 0 0 0 0 0 0 0 0 0 0 0 0 0 0 0 0 0 0 0 0 0 0 0 0 0 0 0 0 0 0 0 0 0 0 0 0 0 0 0 0 0 0 0 0 0 0 0 0 0 0 0 0 0 0 0 0 0 0 0 0 0 0 0 0 0 0 0 0 0 0 0 0 0 0 0 0 0 0 0 0 0 0 0 0 0 0 0 0 0 0 0 0 0 0 0 0 0 0 0 0 0 0 0 0 0 0 0 0 0 0 0 0 0 0 0 0 0 0 0 0 0 0 0 0 0 0 0 0 0 0 0 0 0 0 0 0 0 0 0 0 0 0 0 0 0 0 0 0 0 0 0 0 0 0 0 0 0 0 0 0 0 0 0 0 0 0 0 0 0 0 0 0 0 0 0 0 0 0 0 0 0 0 0 0 0 0 0 0 0 0 0 0 0 0 0 0 0 0 0 0 0 0 0 0 0 0 0 0 0 0 0 0 0 0 0 0 0 0 0 0 0 0 0 0 0 0 0 0 0 0 0 0 0 0 0 0 0 0 0 0 0 0 0 0 0 0 0 0 0 0 0 0 0 0 0 0 0 0 0 0 0 0 0 0 0 0 0 0 0 0 0 0 0 0 0 0 0 0 0 0 0 0 0 0 0 0 0 0 0 0 0 0 0 0 0 0 0 0 0 0 0 0 0 0 0 0 0 0 0 0 0 0 0 0 0 0 0 0 0 0 0 0 0 0 0 0 0 0 0 0 0 0 0 0 0 0 0 0 0 0 0 0 0 0 0 0 0 0 0 0 0 0 0 0 0 0 0 0 0 0 0 0 0 0 0 0 0 0 0 0 0 0 0 0 0 0 0 0 0 0 0 0 0 0 0 0 0 0 0 0 0 0 0 0 0 0 0 0 0 0 0 0 0 0 0 0 0 0 0 0 0 0 0 0 0 0 0 0 0 0 0 0 0 0 0 0 0 0 0 0 0 0 0 0 0 0 0 0 0 0 0 0 0 0 0 0 0 0 0 0 0 0 0 0 0 0 0 0 0 0 0 0 0 0 0 0 0 0 0 0 0 0 0 0 0 0 0 0 0 0 0 0 0 0 0 0 0 0 0 0 0 0 0 0 0 0 0 0 0 0 0 0 0 0 0 0 0 0 0 0 0 0 0 0 0 0 0 0 0 0 0 0 0 0 0 0 0 0 0 0 0 0 0 0 0 0 0 0 0 0 0 0 0 0 0 0 0 0 0 0 0 0 0 0 0 0 0 0 0 0 0 0 0 0 0 0 0 0 0 0 0 0 0 0 0 0 0 0 0 0 0 0 0 0 0 0 0 0 0 0 0 0 0 0 0 0 0 0 0 0 0 0 0 0 0 0 0 0 0 0 0 0 0 0 0 0 0 0 0 0 0 0 0 0 0 0 0 0 0 0 0 0 0 0 0 0 0 0 0 0 0 0 0 0 0 0 0 0 0 0 0 0 0 0 0 0 0 0 0 0 0 0 0 0 0 0 0 0 0 0 0 0 0 0 0 0 0 0 0 0 0 0 0 0 0 0 0 0 0 0 0 0 0 0 0 0 0 0 0 0 0 0 0 0 0 0 0 0 0 0 0 0 0 0 0 0 0 0 0 0 0 0 0 0 0 0 0 0 0 0 0 0 0 0 0 0 0 0 0 0 0 0 0 0 0 0 0 0 0 0 0 0 0 0 0 0 0 0 0 0 0 0 0 0 0 0 0 0 0 0 0 0 0 0 0 0 0 0 0 0 0 0 0 0 0 0 0 0 0 0 0 0 0 0 0 0 0 0 0 0 0 0 0 0 0 0 0 0 0 0 0 0 0 0 0 0 0 0 0 0 0 0 0 0 0 0 0 0 0 0 0 0 0 0 0 0 0 0 0 0 0 0 0 0 0 0 0 0 0 0 0 0 0 0 0 0 0 0 0 0 0 0 0 0 0 0 0 0 0 0 0 0 0 0 0 0 0 0 0 0 0 0 0 0 0 0 0 0 0 0 0 0 0 0 0 0 0 0 0 0 0 0 0 0 0 0 0 0 0 0 0 0 0 0 0 0 0 0 0 0 0 0 0 0 0 0 0 0 0 0 0 0 0 0 0 0 0 0 0 0 0 0 0 0 0 0 0 0 0 0 0 0 0 0 0 0 0 0 0 0 0 0 0 0 0 0 0 0 0 0 0 0 0 0 0 0 0 0 0 0 0 0 0 0 0 0 0 0 0 0 0 0 0 0 0 0 0 0 0 0 0 0 0 0 0 0 0 0 0 0 0 0 0 0 0 0 0 0 0 0 0 0 0 0 0 0 0 0 0 0 0 0 0 0 0 0 0 0 0 0 0 0 0 0 0 0 0 0 0 0 0 0 0 0 0 0 0 0 0 0 0 0 0 0 0 0 0 0 0 0 0 0 0 0 0 0 0 0 0 0 0 0 0 0 0 0 0 0 0 0 0 0 0 0 0 0 0 0 0 0 0 0 0 0 0 0 0 0 0 0 0 0 0 0 0 0 0 0 0 0 0 0 0 0 0 0 0 0 0 0 0 0 0 0 0 0 0 0 0 0 0 0 0 0 0 0 0 0 0 0 0 0 0 0 0 0 0 0 0 0 0 0 0 0 0 0 0 0 0 0 0 0 0 0 0 0 0 0 0 0 0 0 0 0 0 0 0 0 0 0 0 0 0 0 0 0 0 0 0 0 0 0 0 0 0 0 0 0 0 0 0 0 0 0 0 0 0 0 0 0 0 0 0 0 0 0 0 0 0 0 0 0 0 0 0 0 0 0 0 0 0 0 0 0 0 0 0 0 0 0 0 0 0 0 0 0 0 0 0 0 0 0 0 0 0 0 0 0 0 0 0 0 0 0 0 0 0 0 0 0 0 0 0 0 0 0 0 0 0 0 0 0 0 0 0 0 0 0 0 0 0 0 0 0 0 0 0 0 0 0 0 0 0 0 0 0 0 0 0 0 0 0 0 0 0 0 0 0 0 0 0 0 0 0 0 0 0 0 0 0 0 0 0 0 0 0 0 0 0 0 0 0 0 0 0 0 0 0 0 0 0 0 0 0 0 0 0 0 0 0 0 0 0 0 0 0 0 0 0 0 0 0 0 0 0 0 0 0 0 0 0 0 0 0 0 0 0 0 0 0 0 0 0 0 0 0 0 0 0 0 0 0 0 0 0 0 0 0 0 0 0 0 0 0 0 0 0 0 0 0 0 0 0 0 0 0 0 0 0 0 0 0 0 0 0 0 0 0 0 0 0 0 0 0 0 0 0 0 0 0 0 0 0 0 0 0 0 0 0 0 0 0 0 0 0 0 0 0 0 0 0 0 0 0 0 0 0 0 0 0 0 0 0 0 0 0 0 0 0 0 0 0 0 0 0 0 0 0 0 0 0 0 0 0 0 0 0 0 0 0 0 0 0 0 0 0 0 0 0 0 0 0 0 0 0 0 0 0 0 0 0 0 0 0 0 0 0 0 0 0 0 0 0 0 0 0 0 0 0 0 0 0 0 0 0 0 0 0 0 0 0 0 0 0 0 0 0 0 0 0 0 0 0 0 0 0 0 0 0 0 0 0 0 0 0 0 0 0 0 0 0 0 0 0 0 0 0 0 0 0 0 0 0 0 0 0 0 0 0 0 0 0 0 0 0 0 0 0 0 0 0 0 0 0 0 0 0 0 0 0 0 0 0 0 0 0 0 0 0 0 0 0 0 0 0 0 0 0 0 0 0 0 0 0 0 0 0 0 0 0 0 0 0 0 0 0 0 0 0 0 0 0 0 0 0 0 0 0 0 0 0 0 0 0 0 0 0 0 0 0 0 0 0 0 0 0 0 0 0 0 0 0 0 0 0 0 0 0 0 0 0 0 0 0 0 0 0 0 0 0 0 0 0 0 0 0 0 0 0 0 0 0 0 0 0 0 0 0 0 0 0 0 0 0 0 0 0 0 0 0 0 0 0 0 0 0 0 0 0 0 0 0 0 0 0 0 0 0 0 0 0 0 0 0 0 0 0 0 0 0 0 0 0 0 0 0 0 0 0 0 0 0 0 0 0 0 0 0 0 0 0 0 0 0 0 0 0 0 0 0 0 0 0 0 0 0 0 0 0 0 0 0 0 0 0 0 0 0 0 0 0 0 0 0 0 0 0 0 0 0 0 0 0 0 0 0 0 0 0 0 0 0 0 0 0 0 0 0 0 0 0 0 0 0 0 0 0 0 0 0 0 0 0 0 0 0 0 0 0 0 0 0 0 0 0 0 0 0 0 0 0 0 0 0 0 0 0 0 0 0 0 0 0 0 0 0 0 0 0 0 0 0 0 0 0 0 0 0 0 0 0 0 0 0 0 0 0 0 0 0 0 0 0 0 0 0 0 0 0 0 0 0 0 0 0 0 0 0 0 0 0 0 0 0 0 0 0 0 0 0 0 0 0 0 0 0 0 0 0 0 0 0 0 0 0 0 0 0 0 0 0 0 0 0 0 0 0 0 0 0 0 0 0 0 0 0 0 0 0 0 0 0 0 0 0 0 0 0 0 0 0 0 0 0 0 0 0 0 0 0 0 0 0 0 0 0 0 0 0 0 0 0 0 0 0 0 0 0 0 0 0 0 0 0 0 0 0 0 0 0 0 0 0 0 0 0 0 0 0 0 0 0 0 0 0 0 0 0 0 0 0 0 0 0 0 0 0 0 0 0 0 0 0 0 0 0 0 0 0 0 0 0 0 0 0 0 0 0 0 0 0 0 0 0 0 0 0 0 0 0 0 0 0 0 0 0 0 0 0 0 0 0 0 0 0 0 0 0 0 0 0 0 0 0 0 0 0 0 0 0 0 0 0 0 0 0 0 0 0 0 0 0 0 0 0 0 0 0 0 0 0 0 0 0 0 0 0 0 0 0 0 0 0 0 0 0 0 0 0 0 0 0 0 0 0 0 0 0 0 0 0 0 0 0 0 0 0 0 0 0 0 0 0 0 0 0 0 0 0 0 0 0 0 0 0 0 0 0 0 0 0 0 0 0 0 0 0 0 0 0 0 0 0 0 0 0 0 0 0 0 0 0 0 0 0 0 0 0 0 0 0 0 0 0 0 0 0 0 0 0 0 0 0 0 0 0 0 0 0 0 0 0 0 0 0 0 0 0 0 0 0 0 0 0 0 0 0 0 0 0 0 0 0 0 0 0 0 0 0 0 0 0 0 0 0 0 0 0 0 0 0 0 0 0 0 0 0 0 0 0 0 0 0 0 0 0 0 0 0 0 0 0 0 0 0 0 0 0 0 0 0 0 0 0 0 0 0 0 0 0 0 0 0 0 0 0 0 0 0 0 0 0 0 0 0 0 0 0 0 0 0 0 0 0 0 0 0 0 0 0 0 0 0 0 0 0 0 0 0 0 0 0 0 0 0 0 0 0 0 0 0 0 0 0 0 0 0 0 0 0 0 0 0 0 0 0 0 0 0 0 0 0 0 0 0 0 0 0 0 0 0 0 0 0 0 0 0 0 0 0 0 0 0 0 0 0 0 0 0 0 0 0 0 0 0 0 0 0 0 0 0 0 0 0 0 0 0 0 0 0 0 0 0 0 0 0 0 0 0 0 0 0 0 0 0 0 0 0 0 0 0 0 0 0 0 0 0 0 0 0 0 0 0 0 0 0 0 0 0 0 0 0 0 0 0 0 0 0 0 0 0 0 0 0 0 0 0 0 0 0 0 0 0 0 0 0 0 0 0 0 0 0 0 0 0 0 0 0 0 0 0 0 0 0 0 0 0 0 0 0 0 0 0 0 0 0 0 0 0 0 0 0 0 0 0 0 0 0 0 0 0 0 0 0 0 0 0 0 0 0 0 0 0 0 0 0 0 0 0 0 0 0 0 0 0 0 0 0 0 0 0 0 0 0 0 0 0 0 0 0 0 0 0 0 0 0 0 0 0 0 0 0 0 0 0 0 0 0 0 0 0 0 0 0 0 0 0 0 0 0 0 0 0 0 0 0 0 0 0 0 0 0 0 0 0 0 0 0 0 0 0 0 0 0 0 0 0 0 0 0 0 0 0 0 0 0 0 0 0 0 0 0 0 0 0 0 0 0 0 0 0 0 0 0 0 0 0 0 0 0 0 0 0 0 0 0 0 0 0 0 0 0 0 0 0 0 0 0 0 0 0 0 0 0 0 0 0 0 0 0 0 0 0 0 0 0 0 0 0 0 0 0 0 0 0 0 0 0 0 0 0 0 0 0 0 0 0 0 0 0 0 0 0 0 0 0 0 0 0 0 0 0 0 0 0 0 0 0 0 0 0 0 0 0 0 0 0 0 0 0 0 0 0 0 0 0 0 0 0 0 0 0 0 0 0 0 0 0 0 0 0 0 0 0 0 0 0 0 0 0 0 0 0 0 0 0 0 0 0 0 0 0 0 0 0 0 0 0 0 0 0 0 0 0 0 0 0 0 0 0 0 0 0 0 0 0 0 0 0 0 0 0 0 0 0 0 0 0 0 0 0 0 0 0 0 0 0 0 0 0 0 0 0 0 0 0 0 0 0 0 0 0 0 0 0 0 0 0 0 0 0 0 0 0 0 0 0 0 0 0 0 0 0 0 0 0 0 0 0 0 0 0 0 0 0 0 0 0 0 0 0 0 0 0 0 0 0 0 0 0 0 0 0 0 0 0 0 0 0 0 0 0 0 0 0 0 0 0 0 0 0 0 0 0 0 0 0 0 0 0 0 0 0 0 0 0 0 0 0 0 0 0 0 0 0 0 0 0 0 0 0 0 0 0 0 0 0 0 0 0 0 0 0 0 0 0 0 0 0 0 0 0 0 0 0 0 0 0 0 0 0 0 0 0 0 0 0 0 0 0 0 0 0 0 0 0 0 0 0 0 0 0 0 0 0 0 0 0 0 0 0 0 0 0 0 0 0 0 0 0 0 0 0 0 0 0 0 0 0 0 0 0 0 0 0 0 0 0 0 0 0 0 0 0 0 0 0 0 0 0 0 0 0 0 0 0 0 0 0 0 0 0 0 0 0 0 0 0 0 0 0 0 0 0 0 0 0 0 0 0 0 0 0 0 0 0 0 0 0 0 0 0 0 0 0 0 0 0 0 0 0 0 0 0 0 0 0 0 0 0 0 0 0 0 0 0 0 0 0 0 0 0 0 0 0 0 0 0 0 0 0 0 0 0 0 0 0 0 0 0 0 0 0 0 0 0 0 0 0 0 0 0 0 0 0 0 0 0 0 0 0 0 0 0 0 0 0 0 0 0 0 0 0 0 0 0 0 0 0 0 0 0 0 0 0 0 0 0 0 0 0 0 0 0 0 0 0 0 0 0 0 0 0 0 0 0 0 0 0 0 0 0 0 0 0 0 0 0 0 0 0 0 0 0 0 0 0 0 0 0 0 0 0 0 0 0 0 0 0 0 0 0 0 0 0 0 0 0 0 0 0 0 0 0 0 0 0 0 0 0 0 0 0 0 0 0 0 0 0 0 0 0 0 0 0 0 0 0 0 0 0 0 0 0 0 0 0 0 0 0 0 0 0 0 0 0 0 0 0 0 0 0 0 0 0 0 0 0 0 0 0 0 0 0 0 0 0 0 0 0 0 0 0 0 0 0 0 0 0 0 0 0 0 0 0 0 0 0 0 0 0 0 0 0 0 0 0 0 0 0 0 0 0 0 0 0 0 0 0 0 0 0 0 0 0 0 0 0 0 0 0 0 0 0 0 0 0 0 0 0 0 0 0 0 0 0 0 0 0 0 0 0 0 0 0 0 0 0 0 0 0 0 0 0 0 0 0 0 0 0 0 0 0 0 0 0 0 0 0 0 0 0 0 0 0 0 0 0 0 0 0 0 0 0 0 0 0 0 0 0 0 0 0 0 0 0 0 0 0 0 0 0 0 0 0 0 0 0 0 0 0 0 0 0 0 0 0 0 0 0 0 0 0 0 0 0 0 0 0 0 0 0 0 0 0 0 0 0 0 0 0 0 0 0 0 0 0 0 0 0 0 0 0 0 0 0 0 0 0 0 0 0 0 0 0 0 0 0 0 0 0 0 0 0 0 0 0 0 0 0 0 0 0 0 0 0 0 0 0 0 0 0 0 0 0 0 0 0 0 0 0 0 0 0 0 0 0 0 0 0 0 0 0 0 0 0 0 0 0 0 0 0 0 0 0 0 0 0 0 0 0 0 0 0 0 0 0 0 0 0 0 0 0 0 0 0 0 0 0 0 0 0 0 0 0 0 0 0 0 0 0 0 0 0 0 0 0 0 0 0 0 0 0 0 0 0 0 0 0 0 0 0 0 0 0 0 0 0 0 0 0 0 0 0 0 0 0 0 0 0 0 0 0 0 0 0 0 0 0 0 0 0 0 0 0 0 0 0 0 0 0 0 0 0 0 0 0 0 0 0 0 0 0 0 0 0 0 0 0 0 0 0 0 0 0 0 0 0 0 0 0 0 0 0 0 0 0 0 0 0 0 0 0 0 0 0 0 0 0 0 0 0 0 0 0 0 0 0 0 0 0 0 0 0 0 0 0 0 0 0 0 0 0 0 0 0 0 0 0 0 0 0 0 0 0 0 0 0 0 0 0 0 0 0 0 0 0 0 0 0 0 0 0 0 0 0 0 0 0 0 0 0 0 0 0 0 0 0 0 0 0 0 0 0 0 0 0 0 0 0 0 0 0 0 0 0 0 0 0 0 0 0 0 0 0 0 0 0 0 0 0 0 0 0 0 0 0 0 0 0 0 0 0 0 0 0 0 0 0 0 0 0 0 0 0 0 0 0 0 0 0 0 0 0 0 0 0 0 0 0 0 0 0 0 0 0 0 0 0 0 0 0 0 0 0 0 0 0 0 0 0 0 0 0 0 0 0 0 0 0 0 0 0 0 0 0 0 0 0 0 0 0 0 0 0 0 0 0 0 0 0 0 0 0 0 0 0 0 0 0 0 0 0 0 0 0 0 0 0 0 0 0 0 0 0 0 0 0 0 0 0 0 0 0 0 0 0 0 0 0 0 0 0 0 0 0 0 0 0 0 0 0 0 0 0 0 0 0 0 0 0 0 0 0 0 0 0 0 0 0 0 0 0 0 0 0 0 0 0 0 0 0 0 0 0 0 0 0 0 0 0 0 0 0 0 0 0 0 0 0 0 0 0 0 0 0 0 0 0 0 0 0 0 0 0 0 0 0 0 0 0 0 0 0 0 0 0 0 0 0 0 0 0 0 0 0 0 0 0 0 0 0 0 0 0 0 0 0 0 0 0 0 0 0 0 0 0 0 0 0 0 0 0 0 0 0 0 0 0 0 0 0 0 0 0 0 0 0 0 0 0 0 0 0 0 0 0 0 0 0 0 0 0 0 0 0 0 0 0 0 0 0 0 0 0 0 0 0 0 0 0 0 0 0 0 0 0 0 0 0 0 0 0 0 0 0 0 0 0 0 0 0 0 0 0 0 0 0 0 0 0 0 0 0 0 0 0 0 0 0 0 0 0 0 0 0 0 0 0 0 0 0 0 0 0 0 0 0 0 0 0 0 0 0 0 0 0 0 0 0 0 0 0 0 0 0 0 0 0 0 0 0 0 0 0 0 0 0 0 0 0 0 0 0 0 0 0 0 0 0 0 0 0 0 0 0 0 0 0 0 0 0 0 0 0 0 0 0 0 0 0 0 0 0 0 0 0 0 0 0 0 0 0 0 0 0 0 0 0 0 0 0 0 0 0 0 0 0 0 0 0 0 0 0 0 0 0 0 0 0 0 0 0 0 0 0 0 0 0 0 0 0 0 0 0 0 0 0 0 0 0 0 0 0 0 0 0 0 0 0 0 0 0 0 0 0 0 0 0 0 0 0 0 0 0 0 0 0 0 0 0 0 0 0 0 0 0 0 0 0 0 0 0 0 0 0 0 0 0 0 0 0 0 0 0 0 0 0 0 0 0 0 0 0 0 0 0 0 0 0 0 0 0 0 0 0 0 0 0 0 0 0 0 0 0 0 0 0 0 0 0 0 0 0 0 0 0 0 0 0 0 0 0 0 0 0 0 0 0 0 0 0 0 0 0 0 0 0 0 0 0 0 0 0 0 0 0 0 0 0 0 0 0 0 0 0 0 0 0 0 0 0 0 0 0 0 0 0 0 0 0 0 0 0 0 0 0 0 0 0 0 0 0 0 0 0 0 0 0 0 0 0 0 0 0 0 0 0 0 0 0 0 0 0 0 0 0 0 0 0 0 0 0 0 0 0 0 0 0 0 0 0 0 0 0 0 0 0 0 0 0 0 0 0 0 0 0 0 0 0 0 0 0 0 0 0 0 0 0 0 0 0 0 0 0 0 0 0 0 0 0 0 0 0 0 0 0 0 0 0 0 0 0 0 0 0 0 0 0 0 0 0 0 0 0 0 0 0 0 0 0 0 0 0 0 0 0 0 0 0 0 0 0 0 0 0 0 0 0 0 0 0 0 0 0 0 0 0 0 0 0 0 0 0 0 0 0 0 0 0 0 0 0 0 0 0 0 0 0 0 0 0 0 0 0 0 0 0 0 0 0 0 0 0 0 0 0 0 0 0 0 0 0 0 0 0 0 0 0 0 0 0 0 0 0 0 0 0 0 0 0 0 0 0 0 0 0 0 0 0 0 0 0 0 0 0 0 0 0 0 0 0 0 0 0 0 0 0 0 0 0 0 0 0 0 0 0 0 0 0 0 0 0 0 0 0 0 0 0 0 0 0 0 0 0 0 0 0 0 0 0 0 0 0 0 0 0 0 0 0 0 0 0 0 0 0 0 0 0 0 0 0 0 0 0 0 0 0 0 0 0 0 0 0 0 0 0 0 0 0 0 0 0 0 0 0 0 0 0 0 0 0 0 0 0 0 0 0 0 0 0 0 0 0 0 0 0 0 0 0 0 0 0 0 0 0 0 0 0 0 0 0 0 0 0 0 0 0 0 0 0 0 0 0 0 0 0 0 0 0 0 0 0 0 0 0 0 0 0 0 0 0 0 0 0 0 0 0 0 0 0 0 0 0 0 0 0 0 0 0 0 0 0 0 0 0 0 0 0 0 0 0 0 0 0 0 0 0 0 0 0 0 0 0 0 0 0 0 0 0 0 0 0 0 0 0 0 0 0 0 0 0 0 0 0 0 0 0 0 0 0 0 0 0 0 0 0 0 0 0 0 0 0 0 0 0 0 0 0 0 0 0 0 0 0 0 0 0 0 0 0 0 0 0 0 0 0 0 0 0 0 0 0 0 0 0 0 0 0 0 0 0 0 0 0 0 0 0 0 0 0 0 0 0 0 0 0 0 0 0 0 0 0 0 0 0 0 0 0 0 0 0 0 0 0 0 0 0 0 0 0 0 0 0 0 0 0 0 0 0 0 0 0 0 0 0 0 0 0 0 0 0 0 0 0 0 0 0 0 0 0 0 0 0 0 0 0 0 0 0 0 0 0 0 0 0 0 0 0 0 0 0 0 0 0 0 0 0 0 0 0 0 0 0 0 0 0 0 0 0 0 0 0 0 0 0 0 0 0 0 0 0 0 0 0 0 0 0 0 0 0 0 0 0 0 0 0 0 0 0 0 0 0 0 0 0 0 0 0 0 0 0 0 0 0 0 0 0 0 0 0 0 0 0 0 0 0 0 0 0 0 0 0 0 0 0 0 0 0 0 0 0 0 0 0 0 0 0 0 0 0 0 0 0 0 0 0 0 0 0 0 0 0 0 0 0 0 0 0 0 0 0 0 0 0 0 0 0 0 0 0 0 0 0 0 0 0 0 0 0 0 0 0 0 0 0 0 0 0 0 0 0 0 0 0 0 0 0 0 0 0 0 0 0 0 0 0 0 0 0 0 0 0 0 0 0 0 0 0 0 0 0 0 0 0 0 0 0 0 0 0 0 0 0 0 0 0 0 0 0 0 0 0 0 0 0 0 0 0 0 0 0 0 0 0 0 0 0 0 0 0 0 0 0 0 0 0 0 0 0 0 0 0 0 0 0 0 0 0 0 0 0 0 0 0 0 0 0 0 0 0 0 0 0 0 0 0 0 0 0 0 0 0 0 0 0 0 0 0 0 0 0 0 0 0 0 0 0 0 0 0 0 0 0 0 0 0 0 0 0 0 0 0 0 0 0 0 0 0 0 0 0 0 0 0 0 0 0 0 0 0 0 0 0 0 0 0 0 0 0 0 0 0 0 0 0 0 0 0 0 0 0 0 0 0 0 0 0 0 0 0 0 0 0 0 0 0 0 0 0 0 0 0 0 0 0 0 0 0 0 0 0 0 0 0 0 0 0 0 0 0 0 0 0 0 0 0 0 0 0 0 0 0 0 0 0 0 0 0 0 0 0 0 0 0 0 0 0 0 0 0 0 0 0 0 0 0 0 0 0 0 0 0 0 0 0 0 0 0 0 0 0 0 0 0 0 0 0 0 0 0 0 0 0 0 0 0 0 0 0 0 0 0 0 0 0 0 0 0 0 0 0 0 0 0 0 0 0 0 0 0 0 0 0 0 0 0 0 0 0 0 0 0 0 0 0 0 0 0 0 0 0 0 0 0 0 0 0 0 0 0 0 0 0 0 0 0 0 0 0 0 0 0 0 0 0 0 0 0 0 0 0 0 0 0 0 0 0 0 0 0 0 0 0 0 0 0 0 0 0 0 0 0 0 0 0 0 0 0 0 0 0 0 0 0 0 0 0 0 0 0 0 0 0 0 0 0 0 0 0 0 0 0 0 0 0 0 0 0 0 0 0 0 0 0 0 0 0 0 0 0 0 0 0 0 0 0 0 0 0 0 0 0 0 0 0 0 0 0 0 0 0 0 0 0 0 0 0 0 0 0 0 0 0 0 0 0 0 0 0 0 0 0 0 0 0 0 0 0 0 0 0 0 0 0 0 0 0 0 0 0 0 0 0 0 0 0 0 0 0 0 0 0 0 0 0 0 0 0 0 0 0 0 0 0 0 0 0 0 0 0 0 0 0 0 0 0 0 0 0 0 0 0 0 0 0 0 0 0 0 0 0 0 0 0 0 0 0 0 0 0 0 0 0 0 0 0 0 0 0 0 0 0 0 0 0 0 0 0 0 0 0 0 0 0 0 0 0 0 0 0 0 0 0 0 0 0 0 0 0 0 0 0 0 0 0 0 0 0 0 0 0 0 0 0 0 0 0 0 0 0 0 0 0 0 0 0 0 0 0 0 0 0 0 0 0 0 0 0 0 0 0 0 0 0 0 0 0 0 0 0 0 0 0 0 0 0 0 0 0 0 0 0 0 0 0 0 0 0 0 0 0 0 0 0 0 0 0 0 0 0 0 0 0 0 0 0 0 0 0 0 0 0 0 0 0 0 0 0 0 0 0 0 0 0 0 0 0 0 0 0 0 0 0 0 0 0 0 0 0 0 0 0 0 0 0 0 0 0 0 0 0 0 0 0 0 0 0 0 0 0 0 0 0 0 0 0 0 0 0 0 0 0 0 0 0 0 0 0 0 0 0 0 0 0 0 0 0 0 0 0 0 0 0 0 0 0 0 0 0 0 0 0 0 0 0 0 0 0 0 0 0 0 0 0 0 0 0 0 0 0 0 0 0 0 0 0 0 0 0 0 0 0 0 0 0 0 0 0 0 0 0 0 0 0 0 0 0 0 0 0 0 0 0 0 0 0 0 0 0 0 0 0 0 0 0 0 0 0 0 0 0 0 0 0 0 0 0 0 0 0 0 0 0 0 0 0 0 0 0 0 0 0 0 0 0 0 0 0 0 0 0 0 0 0 0 0 0 0 0 0 0 0 0 0 0 0 0 0 0 0 0 0 0 0 0 0 0 0 0 0 0 0 0 0 0 0 0 0 0 0 0 0 0 0 0 0 0 0 0 0 0 0 0 0 0 0 0 0 0 0 0 0 0 0 0 0 0 0 0 0 0 0 0 0 0 0 0 0 0 0 0 0 0 0 0 0 0 0 0 0 0 0 0 0 0 0 0 0 0 0 0 0 0 0 0 0 0 0 0 0 0 0 0 0 0 0 0 0 0 0 0 0 0 0 0 0 0 0 0 0 0 0 0 0 0 0 0 0 0 0 0 0 0 0 0 0 0 0 0 0 0 0 0 0 0 0 0 0 0 0 0 0 0 0 0 0 0 0 0 0 0 0 0 0 0 0 0 0 0 0 0 0 0 0 0 0 0 0 0 0 0 0 0 0 0 0 0 0 0 0 0 0 0 0 0 0 0 0 0 0 0 0 0 0 0 0 0 0 0 0 0 0 0 0 0 0 0 0 0 0 0 0 0 0 0 0 0 0 0 0 0 0 0 0 0 0 0 0 0 0 0 0 0 0 0 0 0 0 0 0 0 0 0 0 0 0 0 0 0 0 0 0 0 0 0 0 0 0 0 0 0 0 0 0 0 0 0 0 0 0 0 0 0 0 0 0 0 0 0 0 0 0 0 0 0 0 0 0 0 0 0 0 0 0 0 0 0 0 0 0 0 0 0 0 0 0 0 0 0 0 0 0 0 0 0 0 0 0 0 0 0 0 0 0 0 0 0 0 0 0 0 0 0 0 0 0 0 0 0 0 0 0 0 0 0 0 0 0 0 0 0 0 0 0 0 0 0 0 0 0 0 0 0 0 0 0 0 0 0 0 0 0 0 0 0 0 0 0 0 0 0 0 0 0 0 0 0 0 0 0 0 0 0 0 0 0 0 0 0 0 0 0 0 0 0 0 0 0 0 0 0 0 0 0 0 0 0 0 0 0 0 0 0 0 0 0 0 0 0 0 0 0 0 0 0 0 0 0 0 0 0 0 0 0 0 0 0 0 0 0 0 0 0 0 0 0 0 0 0 0 0 0 0 0 0 0 0 0 0 0 0 0 0 0 0 0 0 0 0 0 0 0 0 0 0 0 0 0 0 0 0 0 0 0 0 0 0 0 0 0 0 0 0 0 0 0 0 0 0 0 0 0 0 0 0 0 0 0 0 0 0 0 0 0 0 0 0 0 0 0 0 0 0 0 0 0 0 0 0 0 0 0 0 0 0 0 0 0 0 0 0 0 0 0 0 0 0 0 0 0 0 0 0 0 0 0 0 0 0 0 0 0 0 0 0 0 0 0 0 0 0 0 0 0 0 0 0 0 0 0 0 0 0 0 0 0 0 0 0 0 0 0 0 0 0 0 0 0 0 0 0 0 0 0 0 0 0 0 0 0 0 0 0 0 0 0 0 0 0 0 0 0 0 0 0 0 0 0 0 0 0 0 0 0 0 0 0 0 0 0 0 0 0 0 0 0 0 0 0 0 0 0 0 0 0 0 0 0 0 0 0 0 0 0 0 0 0 0 0 0 0 0 0 0 0 0 0 0 0 0 0 0 0 0 0 0 0 0 0 0 0 0 0 0 0 0 0 0 0 0 0 0 0 0 0 0 0 0 0 0 0 0 0 0 0 0 0 0 0 0 0 0 0 0 0 0 0 0 0 0 0 0 0 0 0 0 0 0 0 0 0 0 0 0 0 0 0 0 0 0 0 0 0 0 0 0 0 0 0 0 0 0 0 0 0 0 0 0 0 0 0 0 0 0 0 0 0 0 0 0 0 0 0 0 0 0 0 0 0 0 0 0 0 0 0 0 0 0 0 0 0 0 0 0 0 0 0 0 0 0 0 0 0 0 0 0 0 0 0 0 0 0 0 0 0 0 0 0 0 0 0 0 0 0 0 0 0 0 0 0 0 0 0 0 0 0 0 0 0 0 0 0 0 0 0 0 0 0 0 0 0 0 0 0 0 0 0 0 0 0 0 0 0 0 0 0 0 0 0 0 0 0 0 0 0 0 0 0 0 0 0 0 0 0 0 0 0 0 0 0 0 0 0 0 0 0 0 0 0 0 0 0 0 0 0 0 0 0 0 0 0 0 0 0 0 0 0 0 0 0 0 0 0 0 0 0 0 0 0 0 0 0 0 0 0 0 0 0 0 0 0 0 0 0 0 0 0 0 0 0 0 0 0 0 0 0 0 0 0 0 0 0 0 0 0 0 0 0 0 0 0 0 0 0 0 0 0 0 0 0 0 0 0 0 0 0 0 0 0 0 0 0 0 0 0 0 0 0 0 0 0 0 0 0 0 0 0 0 0 0 0 0 0 0 0 0 0 0 0 0 0 0 0 0 0 0 0 0 0 0 0 0 0 0 0 0 0 0 0 0 0 0 0 0 0 0 0 0 0 0 0 0 0 0 0 0 0 0 0 0 0 0 0 0 0 0 0 0 0 0 0 0 0 0 0 0 0 0 0 0 0 0 0 0 0 0 0 0 0 0 0 0 0 0 0 0 0 0 0 0 0 0 0 0 0 0 0 0 0 0 0 0 0 0 0 0 0 0 0 0 0 0 0 0 0 0 0 0 0 0 0 0 0 0 0 0 0 0 0 0 0 0 0 0 0 0 0 0 0 0 0 0 0 0 0 0 0 0 0 0 0 0 0 0 0 0 0 0 0 0 0 0 0 0 0 0 0 0 0 0 0 0 0 0 0 0 0 0 0 0 0 0 0 0 0 0 0 0 0 0 0 0 0 0 0 0 0 0 0 0 0 0 0 0 0 0 0 0 0 0 0 0 0 0 0 0 0 0 0 0 0 0 0 0 0 0 0 0 0 0 0 0 0 0 0 0 0 0 0 0 0 0 0 0 0 0 0 0 0 0 0 0 0 0 0 0 0 0 0 0 0 0 0 0 0 0 0 0 0 0 0 0 0 0 0 0 0 0 0 0 0 0 0 0 0 0 0 0 0 0 0 0 0 0 0 0 0 0 0 0 0 0 0 0 0 0 0 0 0 0 0 0 0 0 0 0 0 0 0 0 0 0 0 0 0 0 0 0 0 0 0 0 0 0 0 0 0 0 0 0 0 0 0 0 0 0 0 0 0 0 0 0 0 0 0 0 0 0 0 0 0 0 0 0 0 0 0 0 0 0 0 0 0 0 0 0 0 0 0 0 0 0 0 0 0 0 0 0 0 0 0 0 0 0 0 0 0 0 0 0 0 0 0 0 0 0 0 0 0 0 0 0 0 0 0 0 0 0 0 0 0 0 0 0 0 0 0 0 0 0 0 0 0 0 0 0 0 0 0 0 0 0 0 0 0 0 0 0 0 0 0 0 0 0 0 0 0 0 0 0 0 0 0 0 0 0 0 0 0 0 0 0 0 0 0 0 0 0 0 0 0 0 0 0 0 0 0 0 0 0 0 0 0 0 0 0 0 0 0 0 0 0 0 0 0 0 0 0 0 0 0 0 0 0 0 0 0 0 0 0 0 0 0 0 0 0 0 0 0 0 0 0 0 0 0 0 0 0 0 0 0 0 0 0 0 0 0 0 0 0 0 0 0 0 0 0 0 0 0 0 0 0 0 0 0 0 0 0 0 0 0 0 0 0 0 0 0 0 0 0 0 0 0 0 0 0 0 0 0 0 0 0 0 0 0 0 0 0 0 0 0 0 0 0 0 0 0 0 0 0 0 0 0 0 0 0 0 0 0 0 0 0 0 0 0 0 0 0 0 0 0 0 0 0 0 0 0 0 0 0 0 0 0 0 0 0 0 0 0 0 0 0 0 0 0 0 0 0 0 0 0 0 0 0 0 0 0 0 0 0 0 0 0 0 0 0 0 0 0 0 0 0 0 0 0 0 0 0 0 0 0 0 0 0 0 0 0 0 0 0 0 0 0 0 0 0 0 0 0 0 0 0 0 0 0 0 0 0 0 0 0 0 0 0 0 0 0 0 0 0 0 0 0 0 0 0 0 0 0 0 0 0 0 0 0 0 0 0 0 0 0 0 0 0 0 0 0 0 0 0 0 0 0 0 0 0 0 0 0 0 0 0 0 0 0 0 0 0 0 0 0 0 0 0 0 0 0 0 0 0 0 0 0 0 0 0 0 0 0 0 0 0 0 0 0 0 0 0 0 0 0 0 0 0 0 0 0 0 0 0 0 0 0 0 0 0 0 0 0 0 0 0 0 0 0 0 0 0 0 0 0 0 0 0 0 0 0 0 0 0 0 0 0 0 0 0 0 0 0 0 0 0 0 0 0 0 0 0 0 0 0 0 0 0 0 0 0 0 0 0 0 0 0 0 0 0 0 0 0 0 0 0 0 0 0 0 0 0 0 0 0 0 0 0 0 0 0 0 0 0 0 0 0 0 0 0 0 0 0 0 0 0 0 0 0 0 0 0 0 0 0 0 0 0 0 0 0 0 0 0 0 0 0 0 0 0 0 0 0 0 0 0 0 0 0 0 0 0 0 0 0 0 0 0 0 0 0 0 0 0 0 0 0 0 0 0 0 0 0 0 0 0 0 0 0 0 0 0 0 0 0 0 0 0 0 0 0 0 0 0 0 0 0 0 0 0 0 0 0 0 0 0 0 0 0 0 0 0 0 0 0 0 0 0 0 0 0 0 0 0 0 0 0 0 0 0 0 0 0 0 0 0 0 0 0 0 0 0 0 0 0 0 0 0 0 0 0 0 0 0 0 0 0 0 0 0 0 0 0 0 0 0 0 0 0 0 0 0 0 0 0 0 0 0 0 0 0 0 0 0 0 0 0 0 0 0 0 0 0 0 0 0 0 0 0 0 0 0 0 0 0 0 0 0 0 0 0 0 0 0 0 0 0 0 0 0 0 0 0 0 0 0 0 0 0 0 0 0 0 0 0 0 0 0 0 0 0 0 0 0 0 0 0 0 0 0 0 0 0 0 0 0 0 0 0 0 0 0 0 0 0 0 0 0 0 0 0 0 0 0 0 0 0 0 0 0 0 0 0 0 0 0 0 0 0 0 0 0 0 0 0 0 0 0 0 0 0 0 0 0 0 0 0 0 0 0 0 0 0 0 0 0 0 0 0 0 0 0 0 0 0 0 0 0 0 0 0 0 0 0 0 0 0 0 0 0 0 0 0 0 0 0 0 0 0 0 0 0 0 0 0 0 0 0 0 0 0 0 0 0 0 0 0 0 0 0 0 0 0 0 0 0 0 0 0 0 0 0 0 0 0 0 0 0 0 0 0 0 0 0 0 0 0 0 0 0 0 0 0 0 0 0 0 0 0 0 0 0 0 0 0 0 0 0 0 0 0 0 0 0 0 0 0 0 0 0 0 0 0 0 0 0 0 0 0 0 0 0 0 0 0 0 0 0 0 0 0 0 0 0 0 0 0 0 0 0 0 0 0 0 0 0 0 0 0 0 0 0 0 0 0 0 0 0 0 0 0 0 0 0 0 0 0 0 0 0 0 0 0 0 0 0 0 0 0 0 0 0 0 0 0 0 0 0 0 0 0 0 0 0 0 0 0 0 0 0 0 0 0 0 0 0 0 0 0 0 0 0 0 0 0 0 0 0 0 0 0 0 0 0 0 0 0 0 0 0 0 0 0 0 0 0 0 0 0 0 0 0 0 0 0 0 0 0 0 0 0 0 0 0 0 0 0 0 0 0 0 0 0 0 0 0 0 0 0 0 0 0 0 0 0 0 0 0 0 0 0 0 0 0 0 0 0 0 0 0 0 0 0 0 0 0 0 0 0 0 0 0 0 0 0 0 0 0 0 0 0 0 0 0 0 0 0 0 0 0 0 0 0 0 0 0 0 0 0 0 0 0 0 0 0 0 0 0 0 0 0 0 0 0 0 0 0 0 0 0 0 0 0 0 0 0 0 0 0 0 0 0 0 0 0 0 0 0 0 0 0 0 0 0 0 0 0 0 0 0 0 0 0 0 0 0 0 0 0 0 0 0 0 0 0 0 0 0 0 0 0 0 0 0 0 0 0 0 0 0 0 0 0 0 0 0 0 0 0 0 0 0 0 0 0 0 0 0 0 0 0 0 0 0 0 0 0 0 0 0 0 0 0 0 0 0 0 0 0 0 0 0 0 0 0 0 0 0 0 0 0 0 0 0 0 0 0 0 0 0 0 0 0 0 0 0 0 0 0 0 0 0 0 0 0 0 0 0 0 0 0 0 0 0 0 0 0 0 0 0 0 0 0 0 0 0 0 0 0 0 0 0 0 0 0 0 0 0 0 0 0 0 0 0 0 0 0 0 0 0 0 0 0 0 0 0 0 0 0 0 0 0 0 0 0 0 0 0 0 0 0 0 0 0 0 0 0 0 0 0 0 0 0 0 0 0 0 0 0 0 0 0 0 0 0 0 0 0 0 0 0 0 0 0 0 0 0 0 0 0 0 0 0 0 0 0 0 0 0 0 0 0 0 0 0 0 0 0 0 0 0 0 0 0 0 0 0 0 0 0 0 0 0 0 0 0 0 0 0 0 0 0 0 0 0 0 0 0 0 0 0 0 0 0 0 0 0 0 0 0 0 0 0 0 0 0 0 0 0 0 0 0 0 0 0 0 0 0 0 0 0 0 0 0 0 0 0 0 0 0 0 0 0 0 0 0 0 0 0 0 0 0 0 0 0 0 0 0 0 0 0 0 0 0 0 0 0 0 0 0 0 0 0 0 0 0 0 0 0 0 0 0 0 0 0 0 0 0 0 0 0 0 0 0 0 0 0 0 0 0 0 0 0 0 0 0 0 0 0 0 0 0 0 0 0 0 0 0 0 0 0 0 0 0 0 0 0 0 0 0 0 0 0 0 0 0 0 0 0 0 0 0 0 0 0 0 0 0 0 0 0 0 0 0 0 0 0 0 0 0 0 0 0 0 0 0 0 0 0 0 0 0 0 0 0 0 0 0 0 0 0 0 0 0 0 0 0 0 0 0 0 0 0 0 0 0 0 0 0 0 0 0 0 0 0 0 0 0 0 0 0 0 0 0 0 0 0 0 0 0 0 0 0 0 0 0 0 0 0 0 0 0 0 0 0 0 0 0 0 0 0 0 0 0 0 0 0 0 0 0 0 0 0 0 0 0 0 0 0 0 0 0 0 0 0 0 0 0 0 0 0 0 0 0 0 0 0 0 0 0 0 0 0 0 0 0 0 0 0 0 0 0 0 0 0 0 0 0 0 0 0 0 0 0 0 0 0 0 0 0 0 0 0 0 0 0 0 0 0 0 0 0 0 0 0 0 0 0 0 0 0 0 0 0 0 0 0 0 0 0 0 0 0 0 0 0 0 0 0 0 0 0 0 0 0 0 0 0 0 0 0 0 0 0 0 0 0 0 0 0 0 0 0 0 0 0 0 0 0 0 0 0 0 0 0 0 0 0 0 0 0 0 0 0 0 0 0 0 0 0 0 0 0 0 0 0 0 0 0 0 0 0 0 0 0 0 0 0 0 0 0 0 0 0 0 0 0 0 0 0 0 0 0 0 0 0 0 0 0 0 0 0 0 0 0 0 0 0 0 0 0 0 0 0 0 0 0 0 0 0 0 0 0 0 0 0 0 0 0 0 0 0 0 0 0 0 0 0 0 0 0 0 0 0 0 0 0 0 0 0 0 0 0 0 0 0 0 0 0 0 0 0 0 0 0 0 0 0 0 0 0 0 0 0 0 0 0 0 0 0 0 0 0 0 0 0 0 0 0 0 0 0 0 0 0 0 0 0 0 0 0 0 0 0 0 0 0 0 0 0 0 0 0 0 0 0 0 0 0 0 0 0 0 0 0 0 0 0 0 0 0 0 0 0 0 0 0 0 0 0 0 0 0 0 0 0 0 0 0 0 0 0 0 0 0 0 0 0 0 0 0 0 0 0 0 0 0 0 0 0 0 0 0 0 0 0 0 0 0 0 0 0 0 0 0 0 0 0 0 0 0 0 0 0 0 0 0 0 0 0 0 0 0 0 0 0 0 0 0 0 0 0 0 0 0 0 0 0 0 0 0 0 0 0 0 0 0 0 0 0 0 0 0 0 0 0 0 0 0 0 0 0 0 0 0 0 0 0 0 0 0 0 0 0 0 0 0 0 0 0 0 0 0 0 0 0 0 0 0 0 0 0 0 0 0 0 0 0 0 0 0 0 0 0 0 0 0 0 0 0 0 0 0 0 0 0 0 0 0 0 0 0 0 0 0 0 0 0 0 0 0 0 0 0 0 0 0 0 0 0 0 0 0 0 0 0 0 0 0 0 0 0 0 0 0 0 0 0 0 0 0 0 0 0 0 0 0 0 0 0 0 0 0 0 0 0 0 0 0 0 0 0 0 0 0 0 0 0 0 0 0 0 0 0 0 0 0 0 0 0 0 0 0 0 0 0 0 0 0 0 0 0 0 0 0 0 0 0 0 0 0 0 0 0 0 0 0 0 0 0 0 0 0 0 0 0 0 0 0 0 0 0 0 0 0 0 0 0 0 0 0 0 0 0 0 0 0 0 0 0 0 0 0 0 0 0 0 0 0 0 0 0 0 0 0 0 0 0 0 0 0 0 0 0 0 0 0 0 0 0 0 0 0 0 0 0 0 0 0 0 0 0 0 0 0 0 0 0 0 0 0 0 0 0 0 0 0 0 0 0 0 0 0 0 0 0 0 0 0 0 0 0 0 0 0 0 0 0 0 0 0 0 0 0 0 0 0 0 0 0 0 0 0 0 0 0 0 0 0 0 0 0 0 0 0 0 0 0 0 0 0 0 0 0 0 0 0 0 0 0 0 0 0 0 0 0 0 0 0 0 0 0 0 0 0 0 0 0 0 0 0 0 0 0 0 0 0 0 0 0 0 0 0 0 0 0 0 0 0 0 0 0 0 0 0 0 0 0 0 0 0 0 0 0 0 0 0 0 0 0 0 0 0 0 0 0 0 0 0 0 0 0 0 0 0 0 0 0 0 0</float_array>
                    <technique_common>
                        <accessor count="22461" source="#shape0-lib-map-array" stride="2">
                            <param name="U" type="float"/>
                            <param name="V" type="float"/>
                        </accessor>
                    </technique_common>
                </source>
                <vertices id="shape0-lib-vertices">
                    <input semantic="POSITION" source="#shape0-lib-positions"/>
                </vertices>
                <triangles count="7487">
                    <input offset="0" semantic="VERTEX" source="#shape0-lib-vertices"/>
                    <input offset="1" semantic="NORMAL" source="#shape0-lib-normals"/>
                    <input offset="2" semantic="TEXCOORD" source="#shape0-lib-map"/>
                    <p>317 0 0 294 0 1 297 0 2 0 1 3 294 1 4 317 1 5 317 2 6 1 2 7 0 2 8 1 3 9 317 3 10 301 3 11 3 4 12 1 4 13 302 4 14 2 5 15 4 5 16 3 5 17 3 6 18 302 6 19 2 6 20 2 7 21 299 7 22 7 7 23 5 8 24 2 8 25 7 8 26 5 9 27 4 9 28 2 9 29 6 10 30 7 10 31 299 10 32 6 11 33 8 11 34 7 11 35 13 12 36 8 12 37 12 12 38 8 13 39 9 13 40 12 13 41 9 14 42 303 14 43 304 14 44 9 15 45 304 15 46 10 15 47 12 16 48 10 16 49 22 16 50 12 17 51 9 17 52 10 17 53 14 18 54 13 18 55 12 18 56 13 19 57 14 19 58 16 19 59 8 20 60 13 20 61 7 20 62 15 21 63 7 21 64 13 21 65 16 22 66 15 22 67 13 22 68 33 23 69 14 23 70 17 23 71 17 24 72 18 24 73 34 24 74 34 25 75 33 25 76 17 25 77 18 26 78 17 26 79 19 26 80 17 27 81 14 27 82 19 27 83 14 28 84 12 28 85 19 28 86 19 29 87 12 29 88 22 29 89 19 30 90 22 30 91 20 30 92 21 31 93 20 31 94 22 31 95 21 32 96 22 32 97 23 32 98 21 33 99 23 33 100 164 33 101 24 34 102 164 34 103 23 34 104 23 35 105 25 35 106 24 35 107 24 36 108 271 36 109 26 36 110 25 37 111 271 37 112 24 37 113 26 38 114 163 38 115 28 38 116 163 39 117 27 39 118 28 39 119 163 40 120 266 40 121 27 40 122 29 41 123 28 41 124 27 41 125 29 42 126 30 42 127 180 42 128 5 43 129 15 43 130 180 43 131 16 44 132 32 44 133 31 44 134 15 45 135 16 45 136 31 45 137 32 46 138 160 46 139 31 46 140 32 47 141 33 47 142 160 47 143 36 48 144 150 48 145 35 48 146 36 49 147 35 49 148 18 49 149 18 50 150 35 50 151 34 50 152 177 51 153 37 51 154 36 51 155 36 52 156 18 52 157 177 52 158 177 53 159 38 53 160 37 53 161 37 54 162 38 54 163 39 54 164 153 55 165 37 55 166 39 55 167 39 56 168 179 56 169 153 56 170 179 57 171 40 57 172 153 57 173 179 58 174 42 58 175 157 58 176 157 59 177 40 59 178 179 59 179 44 60 180 41 60 181 157 60 182 42 61 183 44 61 184 157 61 185 43 62 186 45 62 187 44 62 188 44 63 189 45 63 190 46 63 191 46 64 192 41 64 193 44 64 194 41 65 195 46 65 196 156 65 197 48 66 198 47 66 199 46 66 200 45 67 201 48 67 202 46 67 203 49 68 204 50 68 205 48 68 206 48 69 207 45 69 208 49 69 209 48 70 210 50 70 211 51 70 212 51 71 213 47 71 214 48 71 215 53 72 216 52 72 217 51 72 218 50 73 219 53 73 220 51 73 221 94 74 222 53 74 223 91 74 224 94 75 225 52 75 226 53 75 227 50 76 228 49 76 229 54 76 230 56 77 231 63 77 232 57 77 233 56 78 234 122 78 235 120 78 236 56 79 237 120 79 238 63 79 239 56 80 240 58 80 241 122 80 242 56 81 243 57 81 244 92 81 245 56 82 246 92 82 247 54 82 248 56 83 249 54 83 250 55 83 251 56 84 252 55 84 253 59 84 254 56 85 255 59 85 256 60 85 257 60 86 258 62 86 259 56 86 260 62 87 261 61 87 262 56 87 263 83 88 264 84 88 265 63 88 266 83 89 267 63 89 268 189 89 269 120 90 270 189 90 271 63 90 272 65 91 273 64 91 274 69 91 275 69 92 276 66 92 277 65 92 278 69 93 279 70 93 280 66 93 281 67 94 282 68 94 283 66 94 284 68 95 285 65 95 286 66 95 287 70 96 288 69 96 289 189 96 290 70 97 291 189 97 292 71 97 293 71 98 294 221 98 295 72 98 296 70 99 297 71 99 298 72 99 299 71 100 300 73 100 301 221 100 302 222 101 303 72 101 304 221 101 305 223 102 306 74 102 307 72 102 308 74 103 309 223 103 310 75 103 311 67 104 312 74 104 313 75 104 314 67 105 315 75 105 316 78 105 317 78 106 318 75 106 319 215 106 320 78 107 321 215 107 322 76 107 323 76 108 324 215 108 325 77 108 326 79 109 327 78 109 328 76 109 329 78 110 330 68 110 331 67 110 332 78 111 333 79 111 334 68 111 335 79 112 336 76 112 337 80 112 338 81 113 339 79 113 340 80 113 341 80 114 342 100 114 343 81 114 344 81 115 345 82 115 346 65 115 347 79 116 348 81 116 349 68 116 350 68 117 351 81 117 352 65 117 353 82 118 354 84 118 355 83 118 356 83 119 357 65 119 358 82 119 359 83 120 360 64 120 361 65 120 362 84 121 363 86 121 364 63 121 365 86 122 366 84 122 367 82 122 368 85 123 369 86 123 370 82 123 371 85 124 372 87 124 373 86 124 374 86 125 375 87 125 376 63 125 377 63 126 378 87 126 379 57 126 380 88 127 381 87 127 382 85 127 383 89 128 384 90 128 385 88 128 386 88 129 387 85 129 388 89 129 389 90 130 390 92 130 391 57 130 392 88 131 393 90 131 394 57 131 395 90 132 396 91 132 397 92 132 398 89 133 399 91 133 400 90 133 401 91 134 402 53 134 403 92 134 404 53 135 405 50 135 406 54 135 407 53 136 408 54 136 409 92 136 410 87 137 411 88 137 412 57 137 413 89 138 414 85 138 415 101 138 416 91 139 417 89 139 418 94 139 419 101 140 420 93 140 421 89 140 422 89 141 423 93 141 424 94 141 425 102 142 426 93 142 427 101 142 428 52 143 429 94 143 430 95 143 431 51 144 432 52 144 433 95 144 434 51 145 435 95 145 436 47 145 437 95 146 438 97 146 439 96 146 440 97 147 441 98 147 442 96 147 443 97 148 444 93 148 445 98 148 446 93 149 447 102 149 448 98 149 449 102 150 450 99 150 451 98 150 452 98 151 453 103 151 454 96 151 455 99 152 456 103 152 457 98 152 458 102 153 459 100 153 460 99 153 461 100 154 462 80 154 463 99 154 464 100 155 465 101 155 466 81 155 467 100 156 468 102 156 469 101 156 470 81 157 471 101 157 472 85 157 473 99 158 474 80 158 475 103 158 476 103 159 477 77 159 478 96 159 479 80 160 480 77 160 481 103 160 482 77 161 483 105 161 484 96 161 485 80 162 486 76 162 487 77 162 488 105 163 489 104 163 490 96 163 491 77 164 492 259 164 493 105 164 494 105 165 495 110 165 496 106 165 497 105 166 498 106 166 499 107 166 500 108 167 501 107 167 502 106 167 503 106 168 504 109 168 505 108 168 506 118 169 507 108 169 508 109 169 509 110 170 510 111 170 511 109 170 512 106 171 513 110 171 514 109 171 515 117 172 516 109 172 517 111 172 518 112 173 519 117 173 520 111 173 521 110 174 522 116 174 523 111 174 524 116 175 525 112 175 526 111 175 527 110 176 528 113 176 529 116 176 530 110 177 531 114 177 532 113 177 533 259 178 534 114 178 535 110 178 536 77 179 537 214 179 538 259 179 539 214 180 540 232 180 541 259 180 542 114 181 543 259 181 544 232 181 545 115 182 546 237 182 547 114 182 548 113 183 549 114 183 550 237 183 551 113 184 552 237 184 553 116 184 554 112 185 555 252 185 556 117 185 557 252 186 558 191 186 559 117 186 560 119 187 561 117 187 562 191 187 563 119 188 564 118 188 565 117 188 566 108 189 567 118 189 568 120 189 569 120 190 570 118 190 571 189 190 572 120 191 573 121 191 574 108 191 575 120 192 576 122 192 577 121 192 578 121 193 579 122 193 580 124 193 581 122 194 582 123 194 583 124 194 584 124 195 585 123 195 586 125 195 587 124 196 588 125 196 589 126 196 590 104 197 591 126 197 592 125 197 593 104 198 594 125 198 595 127 198 596 123 199 597 127 199 598 125 199 599 123 200 600 128 200 601 127 200 602 129 201 603 127 201 604 128 201 605 130 202 606 129 202 607 128 202 608 132 203 609 131 203 610 130 203 611 96 204 612 130 204 613 131 204 614 129 205 615 130 205 616 96 205 617 131 206 618 132 206 619 183 206 620 133 207 621 136 207 622 132 207 623 183 208 624 132 208 625 134 208 626 136 209 627 134 209 628 132 209 629 135 210 630 134 210 631 136 210 632 56 211 633 61 211 634 135 211 635 56 212 636 135 212 637 136 212 638 58 213 639 56 213 640 136 213 641 58 214 642 136 214 643 133 214 644 58 215 645 133 215 646 128 215 647 128 216 648 133 216 649 130 216 650 123 217 651 58 217 652 128 217 653 61 218 654 137 218 655 135 218 656 61 219 657 188 219 658 137 219 659 188 220 660 184 220 661 137 220 662 188 221 663 61 221 664 62 221 665 184 222 666 138 222 667 181 222 668 184 223 669 139 223 670 138 223 671 188 224 672 139 224 673 184 224 674 188 225 675 142 225 676 139 225 677 142 226 678 188 226 679 62 226 680 142 227 681 141 227 682 140 227 683 178 228 684 143 228 685 141 228 686 143 229 687 145 229 688 141 229 689 141 230 690 145 230 691 144 230 692 146 231 693 187 231 694 144 231 695 146 232 696 144 232 697 145 232 698 147 233 699 187 233 700 146 233 701 147 234 702 176 234 703 175 234 704 147 235 705 175 235 706 151 235 707 174 236 708 148 236 709 151 236 710 148 237 711 150 237 712 151 237 713 149 238 714 147 238 715 151 238 716 175 239 717 174 239 718 151 239 719 36 240 720 37 240 721 150 240 722 37 241 723 152 241 724 150 241 725 150 242 726 152 242 727 151 242 728 153 243 729 154 243 730 152 243 731 152 244 732 154 244 733 151 244 734 153 245 735 40 245 736 154 245 737 37 246 738 153 246 739 152 246 740 149 247 741 151 247 742 154 247 743 96 248 744 149 248 745 154 248 746 154 249 747 155 249 748 96 249 749 157 250 750 156 250 751 155 250 752 46 251 753 158 251 754 156 251 755 158 252 756 95 252 757 96 252 758 47 253 759 95 253 760 158 253 761 46 254 762 47 254 763 158 254 764 156 255 765 158 255 766 155 255 767 155 256 768 158 256 769 96 256 770 40 257 771 155 257 772 154 257 773 40 258 774 157 258 775 155 258 776 35 259 777 150 259 778 148 259 779 159 260 780 161 260 781 174 260 782 161 261 783 160 261 784 148 261 785 174 262 786 161 262 787 148 262 788 161 263 789 29 263 790 160 263 791 24 264 792 162 264 793 164 264 794 26 265 795 28 265 796 162 265 797 24 266 798 26 266 799 162 266 800 29 267 801 162 267 802 28 267 803 29 268 804 161 268 805 162 268 806 162 269 807 161 269 808 164 269 809 161 270 810 159 270 811 164 270 812 21 271 813 164 271 814 159 271 815 165 272 816 21 272 817 159 272 818 167 273 819 165 273 820 159 273 821 167 274 822 159 274 823 166 274 824 168 275 825 167 275 826 166 275 827 20 276 828 165 276 829 167 276 830 172 277 831 167 277 832 168 277 833 20 278 834 167 278 835 172 278 836 178 279 837 20 279 838 143 279 839 143 280 840 20 280 841 172 280 842 143 281 843 172 281 844 169 281 845 143 282 846 169 282 847 170 282 848 169 283 849 172 283 850 171 283 851 172 284 852 168 284 853 173 284 854 172 285 855 173 285 856 171 285 857 175 286 858 171 286 859 173 286 860 175 287 861 176 287 862 171 287 863 169 288 864 171 288 865 176 288 866 170 289 867 169 289 868 176 289 869 146 290 870 145 290 871 170 290 872 176 291 873 146 291 874 170 291 875 143 292 876 170 292 877 145 292 878 176 293 879 147 293 880 146 293 881 174 294 882 175 294 883 173 294 884 159 295 885 174 295 886 166 295 887 174 296 888 173 296 889 166 296 890 168 297 891 166 297 892 173 297 893 178 298 894 19 298 895 20 298 896 18 299 897 19 299 898 178 299 899 177 300 900 18 300 901 178 300 902 38 301 903 177 301 904 178 301 905 38 302 906 178 302 907 60 302 908 60 303 909 178 303 910 62 303 911 179 304 912 39 304 913 60 304 914 42 305 915 179 305 916 59 305 917 44 306 918 42 306 919 59 306 920 44 307 921 59 307 922 55 307 923 43 308 924 44 308 925 55 308 926 43 309 927 55 309 928 49 309 929 45 310 930 43 310 931 49 310 932 59 311 933 179 311 934 60 311 935 39 312 936 38 312 937 60 312 938 20 313 939 21 313 940 165 313 941 29 314 942 180 314 943 160 314 944 31 315 945 160 315 946 180 315 947 33 316 948 34 316 949 160 316 950 34 317 951 148 317 952 160 317 953 34 318 954 35 318 955 148 318 956 96 319 957 131 319 958 149 319 959 149 320 960 131 320 961 182 320 962 149 321 963 182 321 964 181 321 965 131 322 966 183 322 967 182 322 968 135 323 969 181 323 970 182 323 971 182 324 972 183 324 973 134 324 974 182 325 975 134 325 976 135 325 977 135 326 978 137 326 979 181 326 980 137 327 981 184 327 982 181 327 983 149 328 984 181 328 985 138 328 986 149 329 987 138 329 988 185 329 989 186 330 990 149 330 991 185 330 992 186 331 993 147 331 994 149 331 995 139 332 996 142 332 997 185 332 998 139 333 999 185 333 1000 138 333 1001 147 334 1002 186 334 1003 187 334 1004 140 335 1005 187 335 1006 186 335 1007 140 336 1008 144 336 1009 187 336 1010 141 337 1011 144 337 1012 140 337 1013 186 338 1014 142 338 1015 140 338 1016 186 339 1017 185 339 1018 142 339 1019 178 340 1020 141 340 1021 62 340 1022 141 341 1023 142 341 1024 62 341 1025 133 342 1026 132 342 1027 130 342 1028 129 343 1029 104 343 1030 127 343 1031 104 344 1032 129 344 1033 96 344 1034 58 345 1035 123 345 1036 122 345 1037 104 346 1038 107 346 1039 126 346 1040 121 347 1041 126 347 1042 107 347 1043 108 348 1044 121 348 1045 107 348 1046 121 349 1047 124 349 1048 126 349 1049 104 350 1050 105 350 1051 107 350 1052 190 351 1053 71 351 1054 189 351 1055 119 352 1056 190 352 1057 189 352 1058 118 353 1059 119 353 1060 189 353 1061 190 354 1062 191 354 1063 192 354 1064 190 355 1065 192 355 1066 194 355 1067 190 356 1068 194 356 1069 193 356 1070 194 357 1071 195 357 1072 254 357 1073 194 358 1074 192 358 1075 195 358 1076 198 359 1077 200 359 1078 252 359 1079 199 360 1080 198 360 1081 252 360 1082 199 361 1083 252 361 1084 112 361 1085 252 362 1086 200 362 1087 197 362 1088 197 363 1089 200 363 1090 196 363 1091 195 364 1092 196 364 1093 202 364 1094 202 365 1095 201 365 1096 195 365 1097 202 366 1098 200 366 1099 203 366 1100 202 367 1101 203 367 1102 204 367 1103 200 368 1104 202 368 1105 196 368 1106 201 369 1107 202 369 1108 204 369 1109 204 370 1110 203 370 1111 205 370 1112 204 371 1113 205 371 1114 206 371 1115 209 372 1116 201 372 1117 204 372 1118 209 373 1119 204 373 1120 207 373 1121 207 374 1122 204 374 1123 208 374 1124 204 375 1125 206 375 1126 208 375 1127 201 376 1128 209 376 1129 255 376 1130 255 377 1131 209 377 1132 210 377 1133 210 378 1134 209 378 1135 207 378 1136 258 379 1137 210 379 1138 211 379 1139 258 380 1140 255 380 1141 210 380 1142 211 381 1143 210 381 1144 207 381 1145 254 382 1146 195 382 1147 255 382 1148 201 383 1149 255 383 1150 195 383 1151 254 384 1152 213 384 1153 212 384 1154 254 385 1155 257 385 1156 213 385 1157 215 386 1158 224 386 1159 214 386 1160 214 387 1161 216 387 1162 213 387 1163 214 388 1164 213 388 1165 257 388 1166 213 389 1167 216 389 1168 217 389 1169 216 390 1170 226 390 1171 228 390 1172 216 391 1173 228 391 1174 217 391 1175 213 392 1176 217 392 1177 212 392 1178 193 393 1179 218 393 1180 71 393 1181 212 394 1182 217 394 1183 219 394 1184 212 395 1185 219 395 1186 218 395 1187 212 396 1188 218 396 1189 193 396 1190 229 397 1191 218 397 1192 219 397 1193 229 398 1194 220 398 1195 218 398 1196 221 399 1197 218 399 1198 220 399 1199 221 400 1200 73 400 1201 218 400 1202 218 401 1203 73 401 1204 71 401 1205 222 402 1206 221 402 1207 220 402 1208 72 403 1209 222 403 1210 223 403 1211 223 404 1212 225 404 1213 224 404 1214 223 405 1215 222 405 1216 225 405 1217 224 406 1218 225 406 1219 214 406 1220 216 407 1221 214 407 1222 225 407 1223 226 408 1224 216 408 1225 225 408 1226 226 409 1227 225 409 1228 227 409 1229 228 410 1230 226 410 1231 227 410 1232 228 411 1233 229 411 1234 219 411 1235 227 412 1236 229 412 1237 228 412 1238 227 413 1239 220 413 1240 229 413 1241 228 414 1242 219 414 1243 217 414 1244 227 415 1245 230 415 1246 220 415 1247 230 416 1248 227 416 1249 225 416 1250 225 417 1251 222 417 1252 230 417 1253 220 418 1254 230 418 1255 222 418 1256 75 419 1257 224 419 1258 215 419 1259 224 420 1260 75 420 1261 223 420 1262 77 421 1263 215 421 1264 214 421 1265 232 422 1266 231 422 1267 235 422 1268 235 423 1269 256 423 1270 234 423 1271 256 424 1272 258 424 1273 234 424 1274 234 425 1275 233 425 1276 236 425 1277 236 426 1278 235 426 1279 234 426 1280 236 427 1281 115 427 1282 235 427 1283 232 428 1284 235 428 1285 115 428 1286 115 429 1287 236 429 1288 253 429 1289 238 430 1290 253 430 1291 236 430 1292 239 431 1293 237 431 1294 253 431 1295 238 432 1296 239 432 1297 253 432 1298 239 433 1299 241 433 1300 237 433 1301 239 434 1302 238 434 1303 240 434 1304 240 435 1305 242 435 1306 239 435 1307 242 436 1308 241 436 1309 239 436 1310 242 437 1311 240 437 1312 245 437 1313 242 438 1314 245 438 1315 243 438 1316 242 439 1317 243 439 1318 244 439 1319 244 440 1320 243 440 1321 245 440 1322 247 441 1323 244 441 1324 245 441 1325 205 442 1326 247 442 1327 245 442 1328 246 443 1329 208 443 1330 245 443 1331 208 444 1332 206 444 1333 245 444 1334 206 445 1335 205 445 1336 245 445 1337 249 446 1338 207 446 1339 246 446 1340 207 447 1341 208 447 1342 246 447 1343 249 448 1344 248 448 1345 211 448 1346 207 449 1347 249 449 1348 211 449 1349 248 450 1350 249 450 1351 240 450 1352 240 451 1353 249 451 1354 246 451 1355 238 452 1356 248 452 1357 240 452 1358 248 453 1359 238 453 1360 236 453 1361 211 454 1362 248 454 1363 233 454 1364 248 455 1365 236 455 1366 233 455 1367 203 456 1368 250 456 1369 247 456 1370 203 457 1371 247 457 1372 205 457 1373 251 458 1374 250 458 1375 198 458 1376 250 459 1377 251 459 1378 247 459 1379 250 460 1380 200 460 1381 198 460 1382 242 461 1383 251 461 1384 199 461 1385 251 462 1386 242 462 1387 244 462 1388 251 463 1389 244 463 1390 247 463 1391 251 464 1392 198 464 1393 199 464 1394 200 465 1395 250 465 1396 203 465 1397 240 466 1398 246 466 1399 245 466 1400 242 467 1401 199 467 1402 241 467 1403 241 468 1404 199 468 1405 112 468 1406 241 469 1407 116 469 1408 237 469 1409 116 470 1410 241 470 1411 112 470 1412 252 471 1413 197 471 1414 191 471 1415 191 472 1416 197 472 1417 192 472 1418 190 473 1419 119 473 1420 191 473 1421 234 474 1422 258 474 1423 233 474 1424 258 475 1425 211 475 1426 233 475 1427 254 476 1428 255 476 1429 258 476 1430 256 477 1431 254 477 1432 258 477 1433 256 478 1434 231 478 1435 257 478 1436 256 479 1437 235 479 1438 231 479 1439 214 480 1440 257 480 1441 231 480 1442 232 481 1443 214 481 1444 231 481 1445 254 482 1446 256 482 1447 257 482 1448 212 483 1449 194 483 1450 254 483 1451 193 484 1452 194 484 1453 212 484 1454 197 485 1455 196 485 1456 192 485 1457 192 486 1458 196 486 1459 195 486 1460 190 487 1461 193 487 1462 71 487 1463 69 488 1464 83 488 1465 189 488 1466 118 489 1467 109 489 1468 117 489 1469 253 490 1470 237 490 1471 115 490 1472 114 491 1473 232 491 1474 115 491 1475 105 492 1476 259 492 1477 110 492 1478 94 493 1479 93 493 1480 97 493 1481 94 494 1482 97 494 1483 95 494 1484 85 495 1485 82 495 1486 81 495 1487 66 496 1488 72 496 1489 67 496 1490 72 497 1491 74 497 1492 67 497 1493 70 498 1494 72 498 1495 66 498 1496 69 499 1497 64 499 1498 83 499 1499 49 500 1500 55 500 1501 54 500 1502 156 501 1503 157 501 1504 41 501 1505 32 502 1506 16 502 1507 33 502 1508 15 503 1509 31 503 1510 180 503 1511 5 504 1512 180 504 1513 4 504 1514 3 505 1515 4 505 1516 260 505 1517 261 506 1518 262 506 1519 260 506 1520 261 507 1521 30 507 1522 264 507 1523 261 508 1524 264 508 1525 263 508 1526 263 509 1527 264 509 1528 265 509 1529 266 510 1530 264 510 1531 27 510 1532 266 511 1533 265 511 1534 264 511 1535 274 512 1536 266 512 1537 267 512 1538 268 513 1539 267 513 1540 163 513 1541 269 514 1542 268 514 1543 163 514 1544 26 515 1545 269 515 1546 163 515 1547 271 516 1548 269 516 1549 26 516 1550 268 517 1551 269 517 1552 270 517 1553 271 518 1554 270 518 1555 269 518 1556 270 519 1557 273 519 1558 268 519 1559 273 520 1560 272 520 1561 267 520 1562 267 521 1563 268 521 1564 273 521 1565 274 522 1566 267 522 1567 272 522 1568 272 523 1569 276 523 1570 274 523 1571 275 524 1572 274 524 1573 276 524 1574 275 525 1575 265 525 1576 274 525 1577 265 526 1578 266 526 1579 274 526 1580 266 527 1581 163 527 1582 267 527 1583 277 528 1584 275 528 1585 278 528 1586 263 529 1587 265 529 1588 277 529 1589 279 530 1590 277 530 1591 278 530 1592 285 531 1593 279 531 1594 316 531 1595 285 532 1596 316 532 1597 280 532 1598 314 533 1599 280 533 1600 316 533 1601 316 534 1602 281 534 1603 314 534 1604 278 535 1605 315 535 1606 281 535 1607 316 536 1608 278 536 1609 281 536 1610 281 537 1611 315 537 1612 314 537 1613 314 538 1614 283 538 1615 280 538 1616 283 539 1617 312 539 1618 282 539 1619 284 540 1620 280 540 1621 283 540 1622 283 541 1623 282 541 1624 309 541 1625 284 542 1626 283 542 1627 307 542 1628 283 543 1629 309 543 1630 307 543 1631 285 544 1632 305 544 1633 286 544 1634 304 545 1635 287 545 1636 286 545 1637 288 546 1638 287 546 1639 297 546 1640 303 547 1641 297 547 1642 304 547 1643 297 548 1644 287 548 1645 304 548 1646 297 549 1647 296 549 1648 288 549 1649 288 550 1650 296 550 1651 289 550 1652 289 551 1653 296 551 1654 290 551 1655 290 552 1656 295 552 1657 291 552 1658 296 553 1659 295 553 1660 290 553 1661 288 554 1662 289 554 1663 290 554 1664 288 555 1665 290 555 1666 291 555 1667 287 556 1668 288 556 1669 291 556 1670 287 557 1671 291 557 1672 263 557 1673 261 558 1674 291 558 1675 295 558 1676 1 559 1677 292 559 1678 0 559 1679 292 560 1680 1 560 1681 262 560 1682 1 561 1683 293 561 1684 262 561 1685 3 562 1686 260 562 1687 293 562 1688 262 563 1689 293 563 1690 260 563 1691 3 564 1692 293 564 1693 1 564 1694 292 565 1695 262 565 1696 295 565 1697 261 566 1698 295 566 1699 262 566 1700 0 567 1701 292 567 1702 294 567 1703 294 568 1704 292 568 1705 295 568 1706 296 569 1707 294 569 1708 295 569 1709 294 570 1710 296 570 1711 297 570 1712 261 571 1713 263 571 1714 291 571 1715 298 572 1716 317 572 1717 297 572 1718 303 573 1719 298 573 1720 297 573 1721 303 574 1722 300 574 1723 298 574 1724 299 575 1725 301 575 1726 300 575 1727 302 576 1728 301 576 1729 299 576 1730 2 577 1731 302 577 1732 299 577 1733 9 578 1734 6 578 1735 303 578 1736 10 579 1737 304 579 1738 305 579 1739 285 580 1740 306 580 1741 305 580 1742 306 581 1743 284 581 1744 307 581 1745 306 582 1746 307 582 1747 308 582 1748 306 583 1749 308 583 1750 305 583 1751 307 584 1752 309 584 1753 308 584 1754 309 585 1755 310 585 1756 25 585 1757 308 586 1758 309 586 1759 25 586 1760 23 587 1761 11 587 1762 25 587 1763 11 588 1764 308 588 1765 25 588 1766 22 589 1767 11 589 1768 23 589 1769 11 590 1770 22 590 1771 10 590 1772 10 591 1773 305 591 1774 308 591 1775 11 592 1776 10 592 1777 308 592 1778 282 593 1779 310 593 1780 309 593 1781 25 594 1782 310 594 1783 271 594 1784 311 595 1785 310 595 1786 282 595 1787 311 596 1788 271 596 1789 310 596 1790 282 597 1791 312 597 1792 311 597 1793 314 598 1794 312 598 1795 283 598 1796 313 599 1797 272 599 1798 271 599 1799 311 600 1800 312 600 1801 271 600 1802 312 601 1803 314 601 1804 271 601 1805 314 602 1806 315 602 1807 271 602 1808 272 603 1809 273 603 1810 271 603 1811 315 604 1812 313 604 1813 271 604 1814 313 605 1815 315 605 1816 278 605 1817 276 606 1818 313 606 1819 275 606 1820 313 607 1821 278 607 1822 275 607 1823 279 608 1824 278 608 1825 316 608 1826 272 609 1827 313 609 1828 276 609 1829 271 610 1830 273 610 1831 270 610 1832 304 611 1833 286 611 1834 305 611 1835 8 612 1836 6 612 1837 9 612 1838 6 613 1839 300 613 1840 303 613 1841 300 614 1842 6 614 1843 299 614 1844 1 615 1845 301 615 1846 302 615 1847 301 616 1848 317 616 1849 298 616 1850 300 617 1851 301 617 1852 298 617 1853 287 618 1854 263 618 1855 277 618 1856 277 619 1857 279 619 1858 287 619 1859 279 620 1860 286 620 1861 287 620 1862 279 621 1863 285 621 1864 286 621 1865 306 622 1866 285 622 1867 284 622 1868 284 623 1869 285 623 1870 280 623 1871 277 624 1872 265 624 1873 275 624 1874 30 625 1875 27 625 1876 264 625 1877 30 626 1878 261 626 1879 260 626 1880 4 627 1881 180 627 1882 260 627 1883 30 628 1884 260 628 1885 180 628 1886 30 629 1887 29 629 1888 27 629 1889 14 630 1890 33 630 1891 16 630 1892 7 631 1893 15 631 1894 5 631 1895 418 632 1896 350 632 1897 351 632 1898 849 633 1899 850 633 1900 351 633 1901 850 634 1902 851 634 1903 452 634 1904 319 635 1905 452 635 1906 429 635 1907 368 636 1908 369 636 1909 383 636 1910 333 637 1911 404 637 1912 337 637 1913 337 638 1914 411 638 1915 339 638 1916 339 639 1917 365 639 1918 341 639 1919 602 640 1920 603 640 1921 341 640 1922 431 641 1923 364 641 1924 341 641 1925 606 642 1926 782 642 1927 605 642 1928 364 643 1929 431 643 1930 605 643 1931 365 644 1932 601 644 1933 602 644 1934 366 645 1935 598 645 1936 599 645 1937 436 646 1938 596 646 1939 597 646 1940 642 647 1941 643 647 1942 596 647 1943 631 648 1944 644 648 1945 643 648 1946 632 649 1947 645 649 1948 644 649 1949 633 650 1950 646 650 1951 645 650 1952 633 651 1953 647 651 1954 646 651 1955 634 652 1956 648 652 1957 647 652 1958 635 653 1959 649 653 1960 648 653 1961 636 654 1962 650 654 1963 649 654 1964 650 655 1965 651 655 1966 606 655 1967 658 656 1968 617 656 1969 591 656 1970 638 657 1971 639 657 1972 591 657 1973 623 658 1974 576 658 1975 639 658 1976 576 659 1977 586 659 1978 604 659 1979 619 660 1980 592 660 1981 604 660 1982 619 661 1983 616 661 1984 592 661 1985 780 662 1986 616 662 1987 807 662 1988 783 663 1989 807 663 1990 795 663 1991 784 664 1992 795 664 1993 794 664 1994 786 665 1995 800 665 1996 784 665 1997 801 666 1998 785 666 1999 800 666 2000 802 667 2001 425 667 2002 785 667 2003 425 668 2004 787 668 2005 332 668 2006 331 669 2007 333 669 2008 332 669 2009 331 670 2010 382 670 2011 333 670 2012 330 671 2013 382 671 2014 331 671 2015 422 672 2016 418 672 2017 318 672 2018 788 673 2019 790 673 2020 418 673 2021 793 674 2022 790 674 2023 806 674 2024 792 675 2025 806 675 2026 805 675 2027 797 676 2028 805 676 2029 789 676 2030 786 677 2031 796 677 2032 789 677 2033 789 678 2034 803 678 2035 786 678 2036 798 679 2037 860 679 2038 811 679 2039 866 680 2040 848 680 2041 809 680 2042 848 681 2043 849 681 2044 810 681 2045 350 682 2046 810 682 2047 849 682 2048 810 683 2049 809 683 2050 848 683 2051 809 684 2052 808 684 2053 866 684 2054 866 685 2055 808 685 2056 859 685 2057 791 686 2058 859 686 2059 808 686 2060 861 687 2061 859 687 2062 811 687 2063 811 688 2064 859 688 2065 791 688 2066 811 689 2067 860 689 2068 861 689 2069 791 690 2070 798 690 2071 811 690 2072 805 691 2073 804 691 2074 803 691 2075 789 692 2076 805 692 2077 803 692 2078 792 693 2079 808 693 2080 809 693 2081 792 694 2082 791 694 2083 808 694 2084 798 695 2085 792 695 2086 797 695 2087 798 696 2088 791 696 2089 792 696 2090 797 697 2091 792 697 2092 805 697 2093 805 698 2094 806 698 2095 804 698 2096 793 699 2097 809 699 2098 810 699 2099 793 700 2100 792 700 2101 809 700 2102 792 701 2103 793 701 2104 806 701 2105 793 702 2106 810 702 2107 790 702 2108 806 703 2109 788 703 2110 804 703 2111 806 704 2112 790 704 2113 788 704 2114 418 705 2115 422 705 2116 788 705 2117 422 706 2118 359 706 2119 423 706 2120 359 707 2121 360 707 2122 423 707 2123 423 708 2124 788 708 2125 422 708 2126 422 709 2127 318 709 2128 330 709 2129 330 710 2130 359 710 2131 422 710 2132 423 711 2133 360 711 2134 331 711 2135 359 712 2136 330 712 2137 331 712 2138 360 713 2139 359 713 2140 331 713 2141 331 714 2142 332 714 2143 423 714 2144 424 715 2145 425 715 2146 332 715 2147 423 716 2148 787 716 2149 788 716 2150 804 717 2151 788 717 2152 787 717 2153 787 718 2154 423 718 2155 332 718 2156 804 719 2157 787 719 2158 802 719 2159 803 720 2160 804 720 2161 802 720 2162 802 721 2163 787 721 2164 425 721 2165 799 722 2166 427 722 2167 781 722 2168 424 723 2169 427 723 2170 785 723 2171 785 724 2172 425 724 2173 424 724 2174 785 725 2175 427 725 2176 799 725 2177 803 726 2178 802 726 2179 801 726 2180 786 727 2181 803 727 2182 801 727 2183 801 728 2184 802 728 2185 785 728 2186 800 729 2187 785 729 2188 799 729 2189 786 730 2190 801 730 2191 800 730 2192 784 731 2193 794 731 2194 796 731 2195 786 732 2196 784 732 2197 796 732 2198 800 733 2199 799 733 2200 783 733 2201 784 734 2202 800 734 2203 783 734 2204 784 735 2205 783 735 2206 795 735 2207 799 736 2208 781 736 2209 780 736 2210 783 737 2211 799 737 2212 780 737 2213 783 738 2214 780 738 2215 807 738 2216 780 739 2217 781 739 2218 617 739 2219 616 740 2220 619 740 2221 807 740 2222 618 741 2223 619 741 2224 604 741 2225 618 742 2226 604 742 2227 586 742 2228 576 743 2229 610 743 2230 586 743 2231 667 744 2232 609 744 2233 654 744 2234 668 745 2235 654 745 2236 575 745 2237 574 746 2238 575 746 2239 622 746 2240 622 747 2241 620 747 2242 574 747 2243 573 748 2244 574 748 2245 621 748 2246 621 749 2247 585 749 2248 573 749 2249 657 750 2250 573 750 2251 585 750 2252 585 751 2253 584 751 2254 657 751 2255 670 752 2256 657 752 2257 615 752 2258 615 753 2259 656 753 2260 671 753 2261 672 754 2262 656 754 2263 614 754 2264 578 755 2265 614 755 2266 581 755 2267 581 756 2268 580 756 2269 628 756 2270 628 757 2271 629 757 2272 640 757 2273 640 758 2274 641 758 2275 594 758 2276 347 759 2277 594 759 2278 595 759 2279 367 760 2280 437 760 2281 595 760 2282 437 761 2283 347 761 2284 595 761 2285 348 762 2286 593 762 2287 438 762 2288 578 763 2289 627 763 2290 626 763 2291 625 764 2292 626 764 2293 590 764 2294 349 765 2295 589 765 2296 590 765 2297 340 766 2298 588 766 2299 589 766 2300 363 767 2301 607 767 2302 588 767 2303 701 768 2304 608 768 2305 607 768 2306 444 769 2307 709 769 2308 710 769 2309 443 770 2310 722 770 2311 709 770 2312 722 771 2313 723 771 2314 705 771 2315 705 772 2316 706 772 2317 716 772 2318 724 773 2319 707 773 2320 706 773 2321 719 774 2322 718 774 2323 708 774 2324 708 775 2325 711 775 2326 726 775 2327 451 776 2328 868 776 2329 857 776 2330 451 777 2331 856 777 2332 868 777 2333 459 778 2334 855 778 2335 856 778 2336 457 779 2337 854 779 2338 855 779 2339 450 780 2340 865 780 2341 854 780 2342 419 781 2343 456 781 2344 450 781 2345 325 782 2346 326 782 2347 419 782 2348 326 783 2349 375 783 2350 374 783 2351 374 784 2352 388 784 2353 387 784 2354 373 785 2355 387 785 2356 386 785 2357 386 786 2358 398 786 2359 397 786 2360 397 787 2361 401 787 2362 406 787 2363 406 788 2364 414 788 2365 413 788 2366 413 789 2367 366 789 2368 342 789 2369 599 790 2370 600 790 2371 342 790 2372 342 791 2373 600 791 2374 432 791 2375 433 792 2376 366 792 2377 343 792 2378 436 793 2379 343 793 2380 346 793 2381 437 794 2382 346 794 2383 347 794 2384 438 795 2385 347 795 2386 348 795 2387 338 796 2388 340 796 2389 349 796 2390 444 797 2391 712 797 2392 363 797 2393 426 798 2394 441 798 2395 363 798 2396 435 799 2397 443 799 2398 441 799 2399 435 800 2400 440 800 2401 443 800 2402 345 801 2403 344 801 2404 434 801 2405 344 802 2406 328 802 2407 434 802 2408 714 803 2409 713 803 2410 434 803 2411 711 804 2412 714 804 2413 442 804 2414 442 805 2415 358 805 2416 447 805 2417 356 806 2418 355 806 2419 357 806 2420 420 807 2421 421 807 2422 354 807 2423 354 808 2424 377 808 2425 376 808 2426 376 809 2427 389 809 2428 388 809 2429 389 810 2430 400 810 2431 399 810 2432 400 811 2433 402 811 2434 408 811 2435 408 812 2436 409 812 2437 416 812 2438 409 813 2439 410 813 2440 417 813 2441 403 814 2442 334 814 2443 410 814 2444 361 815 2445 426 815 2446 334 815 2447 334 816 2448 336 816 2449 361 816 2450 334 817 2451 335 817 2452 336 817 2453 393 818 2454 335 818 2455 403 818 2456 392 819 2457 393 819 2458 403 819 2459 329 820 2460 381 820 2461 380 820 2462 356 821 2463 327 821 2464 379 821 2465 378 822 2466 379 822 2467 391 822 2468 378 823 2469 391 823 2470 390 823 2471 356 824 2472 379 824 2473 378 824 2474 421 825 2475 356 825 2476 378 825 2477 327 826 2478 329 826 2479 380 826 2480 327 827 2481 380 827 2482 379 827 2483 380 828 2484 393 828 2485 392 828 2486 379 829 2487 380 829 2488 392 829 2489 379 830 2490 392 830 2491 391 830 2492 381 831 2493 394 831 2494 393 831 2495 380 832 2496 381 832 2497 393 832 2498 393 833 2499 394 833 2500 335 833 2501 335 834 2502 334 834 2503 403 834 2504 409 835 2505 417 835 2506 416 835 2507 403 836 2508 410 836 2509 409 836 2510 408 837 2511 416 837 2512 415 837 2513 407 838 2514 408 838 2515 415 838 2516 402 839 2517 403 839 2518 409 839 2519 402 840 2520 409 840 2521 408 840 2522 392 841 2523 403 841 2524 402 841 2525 402 842 2526 391 842 2527 392 842 2528 400 843 2529 408 843 2530 407 843 2531 399 844 2532 400 844 2533 407 844 2534 391 845 2535 402 845 2536 400 845 2537 400 846 2538 390 846 2539 391 846 2540 389 847 2541 390 847 2542 400 847 2543 399 848 2544 388 848 2545 389 848 2546 377 849 2547 390 849 2548 389 849 2549 376 850 2550 377 850 2551 389 850 2552 377 851 2553 378 851 2554 390 851 2555 421 852 2556 378 852 2557 377 852 2558 354 853 2559 421 853 2560 377 853 2561 420 854 2562 355 854 2563 421 854 2564 356 855 2565 421 855 2566 355 855 2567 357 856 2568 327 856 2569 356 856 2570 357 857 2571 329 857 2572 327 857 2573 447 858 2574 329 858 2575 357 858 2576 358 859 2577 329 859 2578 447 859 2579 442 860 2580 726 860 2581 711 860 2582 713 861 2583 714 861 2584 725 861 2585 328 862 2586 714 862 2587 434 862 2588 358 863 2589 442 863 2590 328 863 2591 442 864 2592 714 864 2593 328 864 2594 329 865 2595 328 865 2596 381 865 2597 358 866 2598 328 866 2599 329 866 2600 381 867 2601 344 867 2602 394 867 2603 328 868 2604 344 868 2605 381 868 2606 345 869 2607 336 869 2608 335 869 2609 394 870 2610 345 870 2611 335 870 2612 344 871 2613 345 871 2614 394 871 2615 713 872 2616 440 872 2617 434 872 2618 434 873 2619 440 873 2620 435 873 2621 345 874 2622 434 874 2623 435 874 2624 435 875 2625 336 875 2626 345 875 2627 435 876 2628 361 876 2629 336 876 2630 441 877 2631 361 877 2632 435 877 2633 441 878 2634 426 878 2635 361 878 2636 444 879 2637 441 879 2638 443 879 2639 444 880 2640 363 880 2641 441 880 2642 340 881 2643 338 881 2644 363 881 2645 426 882 2646 363 882 2647 338 882 2648 338 883 2649 334 883 2650 426 883 2651 334 884 2652 338 884 2653 410 884 2654 410 885 2655 338 885 2656 349 885 2657 410 886 2658 349 886 2659 417 886 2660 417 887 2661 349 887 2662 348 887 2663 417 888 2664 348 888 2665 347 888 2666 416 889 2667 417 889 2668 347 889 2669 437 890 2670 367 890 2671 346 890 2672 416 891 2673 347 891 2674 346 891 2675 415 892 2676 416 892 2677 346 892 2678 346 893 2679 367 893 2680 436 893 2681 436 894 2682 597 894 2683 343 894 2684 415 895 2685 346 895 2686 343 895 2687 343 896 2688 597 896 2689 433 896 2690 599 897 2691 342 897 2692 366 897 2693 412 898 2694 413 898 2695 342 898 2696 405 899 2697 413 899 2698 412 899 2699 414 900 2700 415 900 2701 343 900 2702 414 901 2703 343 901 2704 366 901 2705 413 902 2706 414 902 2707 366 902 2708 407 903 2709 415 903 2710 414 903 2711 405 904 2712 406 904 2713 413 904 2714 371 905 2715 385 905 2716 384 905 2717 372 906 2718 386 906 2719 385 906 2720 372 907 2721 373 907 2722 386 907 2723 321 908 2724 324 908 2725 373 908 2726 324 909 2727 430 909 2728 446 909 2729 326 910 2730 323 910 2731 446 910 2732 446 911 2733 455 911 2734 456 911 2735 454 912 2736 863 912 2737 853 912 2738 449 913 2739 862 913 2740 863 913 2741 852 914 2742 862 914 2743 453 914 2744 322 915 2745 353 915 2746 445 915 2747 320 916 2748 353 916 2749 370 916 2750 448 917 2751 453 917 2752 352 917 2753 867 918 2754 852 918 2755 453 918 2756 867 919 2757 453 919 2758 448 919 2759 352 920 2760 353 920 2761 320 920 2762 445 921 2763 353 921 2764 352 921 2765 453 922 2766 445 922 2767 352 922 2768 445 923 2769 453 923 2770 862 923 2771 449 924 2772 445 924 2773 862 924 2774 454 925 2775 449 925 2776 863 925 2777 454 926 2778 853 926 2779 864 926 2780 456 927 2781 455 927 2782 864 927 2783 864 928 2784 455 928 2785 454 928 2786 446 929 2787 454 929 2788 455 929 2789 449 930 2790 454 930 2791 446 930 2792 322 931 2793 445 931 2794 430 931 2795 449 932 2796 446 932 2797 430 932 2798 445 933 2799 449 933 2800 430 933 2801 446 934 2802 323 934 2803 324 934 2804 430 935 2805 324 935 2806 321 935 2807 430 936 2808 321 936 2809 322 936 2810 321 937 2811 373 937 2812 372 937 2813 322 938 2814 321 938 2815 372 938 2816 371 939 2817 372 939 2818 385 939 2819 322 940 2820 372 940 2821 371 940 2822 353 941 2823 322 941 2824 371 941 2825 353 942 2826 371 942 2827 370 942 2828 370 943 2829 371 943 2830 384 943 2831 370 944 2832 384 944 2833 383 944 2834 396 945 2835 384 945 2836 385 945 2837 383 946 2838 384 946 2839 396 946 2840 401 947 2841 407 947 2842 414 947 2843 406 948 2844 401 948 2845 414 948 2846 405 949 2847 397 949 2848 406 949 2849 396 950 2850 397 950 2851 405 950 2852 399 951 2853 407 951 2854 401 951 2855 385 952 2856 397 952 2857 396 952 2858 385 953 2859 386 953 2860 397 953 2861 398 954 2862 399 954 2863 401 954 2864 397 955 2865 398 955 2866 401 955 2867 324 956 2868 323 956 2869 373 956 2870 386 957 2871 387 957 2872 398 957 2873 388 958 2874 399 958 2875 398 958 2876 398 959 2877 387 959 2878 388 959 2879 373 960 2880 374 960 2881 387 960 2882 323 961 2883 374 961 2884 373 961 2885 374 962 2886 375 962 2887 388 962 2888 375 963 2889 376 963 2890 388 963 2891 323 964 2892 326 964 2893 374 964 2894 325 965 2895 354 965 2896 376 965 2897 325 966 2898 376 966 2899 375 966 2900 326 967 2901 325 967 2902 375 967 2903 420 968 2904 354 968 2905 419 968 2906 419 969 2907 354 969 2908 325 969 2909 326 970 2910 446 970 2911 419 970 2912 450 971 2913 420 971 2914 419 971 2915 419 972 2916 446 972 2917 456 972 2918 456 973 2919 864 973 2920 865 973 2921 865 974 2922 450 974 2923 456 974 2924 457 975 2925 450 975 2926 854 975 2927 450 976 2928 457 976 2929 420 976 2930 457 977 2931 355 977 2932 420 977 2933 458 978 2934 457 978 2935 855 978 2936 457 979 2937 458 979 2938 355 979 2939 458 980 2940 357 980 2941 355 980 2942 459 981 2943 458 981 2944 855 981 2945 458 982 2946 459 982 2947 357 982 2948 459 983 2949 447 983 2950 357 983 2951 451 984 2952 459 984 2953 856 984 2954 459 985 2955 451 985 2956 447 985 2957 439 986 2958 451 986 2959 857 986 2960 439 987 2961 442 987 2962 447 987 2963 447 988 2964 451 988 2965 439 988 2966 726 989 2967 439 989 2968 857 989 2969 442 990 2970 439 990 2971 726 990 2972 726 991 2973 857 991 2974 858 991 2975 721 992 2976 858 992 2977 732 992 2978 721 993 2979 732 993 2980 720 993 2981 721 994 2982 726 994 2983 858 994 2984 714 995 2985 711 995 2986 725 995 2987 726 996 2988 721 996 2989 708 996 2990 725 997 2991 711 997 2992 708 997 2993 721 998 2994 719 998 2995 708 998 2996 721 999 2997 720 999 2998 719 999 2999 725 1000 3000 708 1000 3001 707 1000 3002 707 1001 3003 708 1001 3004 718 1001 3005 707 1002 3006 718 1002 3007 717 1002 3008 713 1003 3009 725 1003 3010 724 1003 3011 440 1004 3012 713 1004 3013 724 1004 3014 724 1005 3015 725 1005 3016 707 1005 3017 706 1006 3018 707 1006 3019 717 1006 3020 706 1007 3021 717 1007 3022 716 1007 3023 705 1008 3024 716 1008 3025 715 1008 3026 704 1009 3027 715 1009 3028 702 1009 3029 703 1010 3030 702 1010 3031 688 1010 3032 677 1011 3033 685 1011 3034 665 1011 3035 696 1012 3036 665 1012 3037 664 1012 3038 695 1013 3039 664 1013 3040 663 1013 3041 694 1014 3042 663 1014 3043 662 1014 3044 693 1015 3045 662 1015 3046 661 1015 3047 692 1016 3048 661 1016 3049 660 1016 3050 691 1017 3051 660 1017 3052 659 1017 3053 666 1018 3054 659 1018 3055 679 1018 3056 666 1019 3057 679 1019 3058 678 1019 3059 666 1020 3060 690 1020 3061 659 1020 3062 681 1021 3063 680 1021 3064 659 1021 3065 679 1022 3066 659 1022 3067 697 1022 3068 659 1023 3069 680 1023 3070 697 1023 3071 690 1024 3072 691 1024 3073 659 1024 3074 698 1025 3075 681 1025 3076 660 1025 3077 659 1026 3078 660 1026 3079 681 1026 3080 691 1027 3081 692 1027 3082 660 1027 3083 660 1028 3084 661 1028 3085 698 1028 3086 661 1029 3087 699 1029 3088 698 1029 3089 692 1030 3090 693 1030 3091 661 1030 3092 661 1031 3093 662 1031 3094 699 1031 3095 662 1032 3096 700 1032 3097 699 1032 3098 673 1033 3099 674 1033 3100 694 1033 3101 674 1034 3102 579 1034 3103 613 1034 3104 655 1035 3105 613 1035 3106 624 1035 3107 655 1036 3108 624 1036 3109 587 1036 3110 577 1037 3111 612 1037 3112 587 1037 3113 612 1038 3114 611 1038 3115 675 1038 3116 611 1039 3117 676 1039 3118 675 1039 3119 611 1040 3120 612 1040 3121 577 1040 3122 612 1041 3123 655 1041 3124 587 1041 3125 675 1042 3126 655 1042 3127 612 1042 3128 613 1043 3129 655 1043 3130 674 1043 3131 655 1044 3132 675 1044 3133 674 1044 3134 578 1045 3135 579 1045 3136 673 1045 3137 579 1046 3138 674 1046 3139 673 1046 3140 673 1047 3141 694 1047 3142 693 1047 3143 693 1048 3144 694 1048 3145 662 1048 3146 662 1049 3147 663 1049 3148 700 1049 3149 663 1050 3150 682 1050 3151 700 1050 3152 674 1051 3153 675 1051 3154 695 1051 3155 674 1052 3156 695 1052 3157 694 1052 3158 694 1053 3159 695 1053 3160 663 1053 3161 663 1054 3162 664 1054 3163 682 1054 3164 664 1055 3165 683 1055 3166 682 1055 3167 675 1056 3168 676 1056 3169 696 1056 3170 675 1057 3171 696 1057 3172 695 1057 3173 695 1058 3174 696 1058 3175 664 1058 3176 665 1059 3177 684 1059 3178 683 1059 3179 664 1060 3180 665 1060 3181 683 1060 3182 676 1061 3183 677 1061 3184 696 1061 3185 696 1062 3186 677 1062 3187 665 1062 3188 665 1063 3189 685 1063 3190 684 1063 3191 685 1064 3192 677 1064 3193 688 1064 3194 688 1065 3195 702 1065 3196 685 1065 3197 702 1066 3198 703 1066 3199 704 1066 3200 704 1067 3201 705 1067 3202 715 1067 3203 440 1068 3204 724 1068 3205 723 1068 3206 723 1069 3207 724 1069 3208 706 1069 3209 723 1070 3210 706 1070 3211 705 1070 3212 722 1071 3213 705 1071 3214 704 1071 3215 443 1072 3216 723 1072 3217 722 1072 3218 443 1073 3219 440 1073 3220 723 1073 3221 709 1074 3222 722 1074 3223 704 1074 3224 703 1075 3225 709 1075 3226 704 1075 3227 444 1076 3228 443 1076 3229 709 1076 3230 703 1077 3231 710 1077 3232 709 1077 3233 703 1078 3234 701 1078 3235 710 1078 3236 701 1079 3237 703 1079 3238 689 1079 3239 688 1080 3240 689 1080 3241 703 1080 3242 689 1081 3243 688 1081 3244 677 1081 3245 689 1082 3246 676 1082 3247 611 1082 3248 677 1083 3249 676 1083 3250 689 1083 3251 611 1084 3252 608 1084 3253 689 1084 3254 701 1085 3255 689 1085 3256 608 1085 3257 712 1086 3258 444 1086 3259 710 1086 3260 712 1087 3261 710 1087 3262 701 1087 3263 701 1088 3264 607 1088 3265 712 1088 3266 607 1089 3267 363 1089 3268 712 1089 3269 607 1090 3270 577 1090 3271 587 1090 3272 577 1091 3273 607 1091 3274 611 1091 3275 608 1092 3276 611 1092 3277 607 1092 3278 607 1093 3279 587 1093 3280 588 1093 3281 340 1094 3282 363 1094 3283 588 1094 3284 587 1095 3285 624 1095 3286 588 1095 3287 624 1096 3288 589 1096 3289 588 1096 3290 349 1097 3291 340 1097 3292 589 1097 3293 348 1098 3294 349 1098 3295 590 1098 3296 625 1099 3297 590 1099 3298 589 1099 3299 624 1100 3300 625 1100 3301 589 1100 3302 613 1101 3303 625 1101 3304 624 1101 3305 613 1102 3306 579 1102 3307 625 1102 3308 579 1103 3309 626 1103 3310 625 1103 3311 579 1104 3312 578 1104 3313 626 1104 3314 626 1105 3315 627 1105 3316 593 1105 3317 348 1106 3318 590 1106 3319 593 1106 3320 626 1107 3321 593 1107 3322 590 1107 3323 347 1108 3324 438 1108 3325 594 1108 3326 641 1109 3327 595 1109 3328 594 1109 3329 640 1110 3330 594 1110 3331 438 1110 3332 593 1111 3333 640 1111 3334 438 1111 3335 629 1112 3336 641 1112 3337 640 1112 3338 629 1113 3339 630 1113 3340 641 1113 3341 582 1114 3342 631 1114 3343 630 1114 3344 583 1115 3345 582 1115 3346 630 1115 3347 583 1116 3348 630 1116 3349 629 1116 3350 628 1117 3351 640 1117 3352 593 1117 3353 627 1118 3354 628 1118 3355 593 1118 3356 580 1119 3357 629 1119 3358 628 1119 3359 580 1120 3360 583 1120 3361 629 1120 3362 581 1121 3363 628 1121 3364 627 1121 3365 578 1122 3366 581 1122 3367 627 1122 3368 614 1123 3369 580 1123 3370 581 1123 3371 614 1124 3372 578 1124 3373 672 1124 3374 578 1125 3375 673 1125 3376 672 1125 3377 672 1126 3378 673 1126 3379 693 1126 3380 672 1127 3381 693 1127 3382 692 1127 3383 583 1128 3384 580 1128 3385 656 1128 3386 580 1129 3387 614 1129 3388 656 1129 3389 656 1130 3390 615 1130 3391 583 1130 3392 615 1131 3393 582 1131 3394 583 1131 3395 656 1132 3396 672 1132 3397 671 1132 3398 671 1133 3399 672 1133 3400 692 1133 3401 671 1134 3402 692 1134 3403 691 1134 3404 615 1135 3405 671 1135 3406 670 1135 3407 670 1136 3408 652 1136 3409 573 1136 3410 653 1137 3411 652 1137 3412 669 1137 3413 670 1138 3414 669 1138 3415 652 1138 3416 670 1139 3417 671 1139 3418 691 1139 3419 670 1140 3420 691 1140 3421 690 1140 3422 669 1141 3423 670 1141 3424 690 1141 3425 584 1142 3426 615 1142 3427 657 1142 3428 615 1143 3429 584 1143 3430 582 1143 3431 573 1144 3432 657 1144 3433 670 1144 3434 574 1145 3435 620 1145 3436 621 1145 3437 652 1146 3438 574 1146 3439 573 1146 3440 652 1147 3441 653 1147 3442 574 1147 3443 653 1148 3444 575 1148 3445 574 1148 3446 653 1149 3447 669 1149 3448 668 1149 3449 575 1150 3450 653 1150 3451 668 1150 3452 668 1151 3453 690 1151 3454 666 1151 3455 668 1152 3456 669 1152 3457 690 1152 3458 668 1153 3459 667 1153 3460 654 1153 3461 667 1154 3462 668 1154 3463 666 1154 3464 666 1155 3465 678 1155 3466 667 1155 3467 678 1156 3468 687 1156 3469 667 1156 3470 667 1157 3471 687 1157 3472 686 1157 3473 667 1158 3474 686 1158 3475 609 1158 3476 686 1159 3477 610 1159 3478 609 1159 3479 609 1160 3480 610 1160 3481 576 1160 3482 654 1161 3483 576 1161 3484 575 1161 3485 654 1162 3486 609 1162 3487 576 1162 3488 575 1163 3489 576 1163 3490 623 1163 3491 623 1164 3492 622 1164 3493 575 1164 3494 639 1165 3495 604 1165 3496 592 1165 3497 576 1166 3498 604 1166 3499 639 1166 3500 623 1167 3501 639 1167 3502 638 1167 3503 622 1168 3504 638 1168 3505 637 1168 3506 622 1169 3507 623 1169 3508 638 1169 3509 639 1170 3510 592 1170 3511 591 1170 3512 617 1171 3513 658 1171 3514 780 1171 3515 780 1172 3516 658 1172 3517 616 1172 3518 658 1173 3519 591 1173 3520 592 1173 3521 592 1174 3522 616 1174 3523 658 1174 3524 781 1175 3525 606 1175 3526 617 1175 3527 651 1176 3528 617 1176 3529 606 1176 3530 651 1177 3531 591 1177 3532 617 1177 3533 638 1178 3534 591 1178 3535 651 1178 3536 637 1179 3537 638 1179 3538 651 1179 3539 637 1180 3540 651 1180 3541 650 1180 3542 636 1181 3543 637 1181 3544 650 1181 3545 622 1182 3546 637 1182 3547 636 1182 3548 620 1183 3549 622 1183 3550 636 1183 3551 621 1184 3552 620 1184 3553 635 1184 3554 635 1185 3555 636 1185 3556 649 1185 3557 620 1186 3558 636 1186 3559 635 1186 3560 634 1187 3561 635 1187 3562 648 1187 3563 621 1188 3564 635 1188 3565 634 1188 3566 585 1189 3567 621 1189 3568 634 1189 3569 633 1190 3570 634 1190 3571 647 1190 3572 585 1191 3573 634 1191 3574 633 1191 3575 584 1192 3576 585 1192 3577 633 1192 3578 582 1193 3579 584 1193 3580 632 1193 3581 632 1194 3582 633 1194 3583 645 1194 3584 584 1195 3585 633 1195 3586 632 1195 3587 631 1196 3588 632 1196 3589 644 1196 3590 582 1197 3591 632 1197 3592 631 1197 3593 631 1198 3594 643 1198 3595 642 1198 3596 630 1199 3597 631 1199 3598 642 1199 3599 641 1200 3600 642 1200 3601 595 1200 3602 630 1201 3603 642 1201 3604 641 1201 3605 367 1202 3606 595 1202 3607 596 1202 3608 642 1203 3609 596 1203 3610 595 1203 3611 596 1204 3612 436 1204 3613 367 1204 3614 643 1205 3615 597 1205 3616 596 1205 3617 643 1206 3618 644 1206 3619 597 1206 3620 598 1207 3621 433 1207 3622 597 1207 3623 644 1208 3624 598 1208 3625 597 1208 3626 366 1209 3627 433 1209 3628 598 1209 3629 644 1210 3630 599 1210 3631 598 1210 3632 644 1211 3633 600 1211 3634 599 1211 3635 644 1212 3636 645 1212 3637 600 1212 3638 601 1213 3639 432 1213 3640 600 1213 3641 645 1214 3642 601 1214 3643 600 1214 3644 645 1215 3645 646 1215 3646 601 1215 3647 365 1216 3648 432 1216 3649 601 1216 3650 646 1217 3651 602 1217 3652 601 1217 3653 646 1218 3654 647 1218 3655 602 1218 3656 647 1219 3657 603 1219 3658 602 1219 3659 647 1220 3660 648 1220 3661 603 1220 3662 648 1221 3663 431 1221 3664 603 1221 3665 648 1222 3666 649 1222 3667 431 1222 3668 649 1223 3669 605 1223 3670 431 1223 3671 649 1224 3672 650 1224 3673 605 1224 3674 650 1225 3675 606 1225 3676 605 1225 3677 427 1226 3678 782 1226 3679 781 1226 3680 781 1227 3681 782 1227 3682 606 1227 3683 605 1228 3684 782 1228 3685 364 1228 3686 362 1229 3687 782 1229 3688 427 1229 3689 782 1230 3690 362 1230 3691 364 1230 3692 341 1231 3693 603 1231 3694 431 1231 3695 364 1232 3696 362 1232 3697 341 1232 3698 432 1233 3699 365 1233 3700 342 1233 3701 412 1234 3702 342 1234 3703 365 1234 3704 602 1235 3705 341 1235 3706 365 1235 3707 362 1236 3708 339 1236 3709 341 1236 3710 411 1237 3711 412 1237 3712 365 1237 3713 339 1238 3714 411 1238 3715 365 1238 3716 362 1239 3717 337 1239 3718 339 1239 3719 362 1240 3720 427 1240 3721 337 1240 3722 427 1241 3723 424 1241 3724 337 1241 3725 404 1242 3726 412 1242 3727 411 1242 3728 404 1243 3729 405 1243 3730 412 1243 3731 337 1244 3732 404 1244 3733 411 1244 3734 424 1245 3735 333 1245 3736 337 1245 3737 424 1246 3738 332 1246 3739 333 1246 3740 395 1247 3741 405 1247 3742 404 1247 3743 333 1248 3744 395 1248 3745 404 1248 3746 396 1249 3747 405 1249 3748 395 1249 3749 382 1250 3750 395 1250 3751 333 1250 3752 383 1251 3753 396 1251 3754 395 1251 3755 382 1252 3756 383 1252 3757 395 1252 3758 330 1253 3759 368 1253 3760 382 1253 3761 318 1254 3762 368 1254 3763 330 1254 3764 368 1255 3765 383 1255 3766 382 1255 3767 369 1256 3768 370 1256 3769 383 1256 3770 320 1257 3771 370 1257 3772 369 1257 3773 429 1258 3774 320 1258 3775 369 1258 3776 352 1259 3777 320 1259 3778 429 1259 3779 319 1260 3780 429 1260 3781 369 1260 3782 319 1261 3783 369 1261 3784 368 1261 3785 318 1262 3786 319 1262 3787 368 1262 3788 452 1263 3789 319 1263 3790 318 1263 3791 428 1264 3792 452 1264 3793 318 1264 3794 352 1265 3795 429 1265 3796 448 1265 3797 448 1266 3798 429 1266 3799 452 1266 3800 448 1267 3801 851 1267 3802 867 1267 3803 448 1268 3804 452 1268 3805 851 1268 3806 850 1269 3807 452 1269 3808 428 1269 3809 428 1270 3810 351 1270 3811 850 1270 3812 849 1271 3813 351 1271 3814 350 1271 3815 318 1272 3816 351 1272 3817 428 1272 3818 790 1273 3819 810 1273 3820 350 1273 3821 350 1274 3822 418 1274 3823 790 1274 3824 418 1275 3825 351 1275 3826 318 1275 3827 521 1276 3828 515 1276 3829 879 1276 3830 521 1277 3831 879 1277 3832 885 1277 3833 870 1278 3834 875 1278 3835 879 1278 3836 544 1279 3837 730 1279 3838 869 1279 3839 869 1280 3840 871 1280 3841 876 1280 3842 882 1281 3843 876 1281 3844 877 1281 3845 883 1282 3846 877 1282 3847 874 1282 3848 892 1283 3849 894 1283 3850 884 1283 3851 931 1284 3852 894 1284 3853 922 1284 3854 930 1285 3855 922 1285 3856 921 1285 3857 929 1286 3858 921 1286 3859 920 1286 3860 928 1287 3861 920 1287 3862 918 1287 3863 927 1288 3864 918 1288 3865 917 1288 3866 926 1289 3867 917 1289 3868 915 1289 3869 925 1290 3870 915 1290 3871 914 1290 3872 924 1291 3873 914 1291 3874 913 1291 3875 923 1292 3876 913 1292 3877 912 1292 3878 895 1293 3879 912 1293 3880 893 1293 3881 893 1294 3882 775 1294 3883 774 1294 3884 770 1295 3885 745 1295 3886 747 1295 3887 776 1296 3888 749 1296 3889 747 1296 3890 776 1297 3891 779 1297 3892 749 1297 3893 815 1298 3894 779 1298 3895 776 1298 3896 815 1299 3897 776 1299 3898 817 1299 3899 886 1300 3900 834 1300 3901 817 1300 3902 833 1301 3903 834 1301 3904 836 1301 3905 835 1302 3906 836 1302 3907 819 1302 3908 888 1303 3909 838 1303 3910 819 1303 3911 837 1304 3912 838 1304 3913 840 1304 3914 839 1305 3915 840 1305 3916 820 1305 3917 820 1306 3918 916 1306 3919 842 1306 3920 821 1307 3921 842 1307 3922 823 1307 3923 822 1308 3924 890 1308 3925 843 1308 3926 824 1309 3927 843 1309 3928 826 1309 3929 825 1310 3930 826 1310 3931 891 1310 3932 827 1311 3933 891 1311 3934 828 1311 3935 845 1312 3936 828 1312 3937 829 1312 3938 845 1313 3939 829 1313 3940 846 1313 3941 845 1314 3942 846 1314 3943 847 1314 3944 728 1315 3945 873 1315 3946 872 1315 3947 729 1316 3948 728 1316 3949 872 1316 3950 728 1317 3951 727 1317 3952 873 1317 3953 727 1318 3954 847 1318 3955 873 1318 3956 727 1319 3957 731 1319 3958 847 1319 3959 731 1320 3960 733 1320 3961 734 1320 3962 731 1321 3963 734 1321 3964 847 1321 3965 847 1322 3966 734 1322 3967 845 1322 3968 845 1323 3969 844 1323 3970 828 1323 3971 829 1324 3972 828 1324 3973 892 1324 3974 828 1325 3975 844 1325 3976 827 1325 3977 922 1326 3978 892 1326 3979 891 1326 3980 921 1327 3981 922 1327 3982 891 1327 3983 891 1328 3984 892 1328 3985 828 1328 3986 891 1329 3987 827 1329 3988 825 1329 3989 921 1330 3990 891 1330 3991 826 1330 3992 919 1331 3993 921 1331 3994 826 1331 3995 826 1332 3996 825 1332 3997 824 1332 3998 826 1333 3999 843 1333 4000 919 1333 4001 843 1334 4002 824 1334 4003 822 1334 4004 918 1335 4005 919 1335 4006 890 1335 4007 916 1336 4008 918 1336 4009 890 1336 4010 890 1337 4011 919 1337 4012 843 1337 4013 822 1338 4014 823 1338 4015 890 1338 4016 823 1339 4017 822 1339 4018 821 1339 4019 841 1340 4020 820 1340 4021 842 1340 4022 842 1341 4023 821 1341 4024 841 1341 4025 916 1342 4026 890 1342 4027 823 1342 4028 823 1343 4029 842 1343 4030 916 1343 4031 915 1344 4032 916 1344 4033 820 1344 4034 820 1345 4035 841 1345 4036 839 1345 4037 839 1346 4038 837 1346 4039 840 1346 4040 889 1347 4041 915 1347 4042 820 1347 4043 820 1348 4044 840 1348 4045 889 1348 4046 837 1349 4047 818 1349 4048 838 1349 4049 888 1350 4050 889 1350 4051 840 1350 4052 840 1351 4053 838 1351 4054 888 1351 4055 818 1352 4056 819 1352 4057 838 1352 4058 819 1353 4059 818 1353 4060 835 1353 4061 835 1354 4062 833 1354 4063 836 1354 4064 887 1355 4065 888 1355 4066 819 1355 4067 819 1356 4068 836 1356 4069 887 1356 4070 833 1357 4071 816 1357 4072 834 1357 4073 886 1358 4074 887 1358 4075 836 1358 4076 836 1359 4077 834 1359 4078 886 1359 4079 816 1360 4080 817 1360 4081 834 1360 4082 817 1361 4083 816 1361 4084 815 1361 4085 814 1362 4086 812 1362 4087 777 1362 4088 777 1363 4089 752 1363 4090 753 1363 4091 771 1364 4092 772 1364 4093 753 1364 4094 769 1365 4095 772 1365 4096 771 1365 4097 744 1366 4098 769 1366 4099 746 1366 4100 763 1367 4101 746 1367 4102 748 1367 4103 748 1368 4104 751 1368 4105 750 1368 4106 750 1369 4107 765 1369 4108 762 1369 4109 765 1370 4110 813 1370 4111 831 1370 4112 813 1371 4113 830 1371 4114 831 1371 4115 831 1372 4116 762 1372 4117 765 1372 4118 750 1373 4119 762 1373 4120 763 1373 4121 750 1374 4122 751 1374 4123 765 1374 4124 748 1375 4125 750 1375 4126 763 1375 4127 763 1376 4128 760 1376 4129 746 1376 4130 760 1377 4131 744 1377 4132 746 1377 4133 760 1378 4134 758 1378 4135 742 1378 4136 766 1379 4137 767 1379 4138 742 1379 4139 740 1380 4140 768 1380 4141 767 1380 4142 773 1381 4143 743 1381 4144 768 1381 4145 899 1382 4146 897 1382 4147 743 1382 4148 941 1383 4149 932 1383 4150 897 1383 4151 942 1384 4152 933 1384 4153 932 1384 4154 943 1385 4155 934 1385 4156 933 1385 4157 944 1386 4158 935 1386 4159 934 1386 4160 950 1387 4161 951 1387 4162 944 1387 4163 900 1388 4164 878 1388 4165 881 1388 4166 900 1389 4167 902 1389 4168 878 1389 4169 900 1390 4170 881 1390 4171 880 1390 4172 940 1391 4173 898 1391 4174 896 1391 4175 898 1392 4176 900 1392 4177 880 1392 4178 484 1393 4179 902 1393 4180 946 1393 4181 484 1394 4182 502 1394 4183 469 1394 4184 460 1395 4185 469 1395 4186 467 1395 4187 492 1396 4188 491 1396 4189 516 1396 4190 493 1397 4191 517 1397 4192 516 1397 4193 493 1398 4194 482 1398 4195 517 1398 4196 494 1399 4197 461 1399 4198 482 1399 4199 496 1400 4200 462 1400 4201 461 1400 4202 497 1401 4203 463 1401 4204 462 1401 4205 498 1402 4206 464 1402 4207 463 1402 4208 500 1403 4209 465 1403 4210 464 1403 4211 501 1404 4212 466 1404 4213 465 1404 4214 466 1405 4215 468 1405 4216 483 1405 4217 480 1406 4218 483 1406 4219 481 1406 4220 479 1407 4221 480 1407 4222 534 1407 4223 533 1408 4224 534 1408 4225 556 1408 4226 533 1409 4227 562 1409 4228 535 1409 4229 463 1410 4230 520 1410 4231 536 1410 4232 537 1411 4233 519 1411 4234 463 1411 4235 538 1412 4236 518 1412 4237 519 1412 4238 482 1413 4239 518 1413 4240 539 1413 4241 539 1414 4242 540 1414 4243 517 1414 4244 540 1415 4245 516 1415 4246 517 1415 4247 541 1416 4248 542 1416 4249 467 1416 4250 542 1417 4251 460 1417 4252 467 1417 4253 543 1418 4254 515 1418 4255 460 1418 4256 569 1419 4257 570 1419 4258 545 1419 4259 557 1420 4260 544 1420 4261 570 1420 4262 553 1421 4263 554 1421 4264 531 1421 4265 532 1422 4266 531 1422 4267 568 1422 4268 532 1423 4269 568 1423 4270 567 1423 4271 561 1424 4272 567 1424 4273 566 1424 4274 560 1425 4275 566 1425 4276 565 1425 4277 559 1426 4278 565 1426 4279 564 1426 4280 558 1427 4281 564 1427 4282 563 1427 4283 530 1428 4284 558 1428 4285 563 1428 4286 546 1429 4287 530 1429 4288 552 1429 4289 525 1430 4290 530 1430 4291 571 1430 4292 572 1431 4293 547 1431 4294 525 1431 4295 547 1432 4296 527 1432 4297 526 1432 4298 548 1433 4299 528 1433 4300 527 1433 4301 549 1434 4302 529 1434 4303 528 1434 4304 550 1435 4305 551 1435 4306 529 1435 4307 549 1436 4308 550 1436 4309 529 1436 4310 548 1437 4311 549 1437 4312 528 1437 4313 547 1438 4314 548 1438 4315 527 1438 4316 547 1439 4317 526 1439 4318 525 1439 4319 571 1440 4320 572 1440 4321 525 1440 4322 546 1441 4323 571 1441 4324 530 1441 4325 530 1442 4326 525 1442 4327 558 1442 4328 558 1443 4329 559 1443 4330 564 1443 4331 525 1444 4332 559 1444 4333 558 1444 4334 525 1445 4335 526 1445 4336 559 1445 4337 559 1446 4338 560 1446 4339 565 1446 4340 526 1447 4341 560 1447 4342 559 1447 4343 526 1448 4344 527 1448 4345 560 1448 4346 560 1449 4347 561 1449 4348 566 1449 4349 527 1450 4350 561 1450 4351 560 1450 4352 527 1451 4353 528 1451 4354 561 1451 4355 561 1452 4356 532 1452 4357 567 1452 4358 528 1453 4359 532 1453 4360 561 1453 4361 528 1454 4362 529 1454 4363 532 1454 4364 531 1455 4365 532 1455 4366 529 1455 4367 529 1456 4368 551 1456 4369 531 1456 4370 551 1457 4371 553 1457 4372 531 1457 4373 554 1458 4374 557 1458 4375 570 1458 4376 554 1459 4377 570 1459 4378 569 1459 4379 531 1460 4380 569 1460 4381 568 1460 4382 531 1461 4383 554 1461 4384 569 1461 4385 543 1462 4386 545 1462 4387 515 1462 4388 569 1463 4389 545 1463 4390 543 1463 4391 568 1464 4392 569 1464 4393 543 1464 4394 542 1465 4395 543 1465 4396 460 1465 4397 568 1466 4398 543 1466 4399 542 1466 4400 567 1467 4401 568 1467 4402 542 1467 4403 567 1468 4404 542 1468 4405 541 1468 4406 566 1469 4407 567 1469 4408 541 1469 4409 540 1470 4410 541 1470 4411 516 1470 4412 566 1471 4413 541 1471 4414 540 1471 4415 565 1472 4416 566 1472 4417 540 1472 4418 565 1473 4419 540 1473 4420 539 1473 4421 564 1474 4422 565 1474 4423 539 1474 4424 539 1475 4425 517 1475 4426 482 1475 4427 538 1476 4428 539 1476 4429 518 1476 4430 564 1477 4431 539 1477 4432 538 1477 4433 563 1478 4434 564 1478 4435 538 1478 4436 537 1479 4437 538 1479 4438 519 1479 4439 563 1480 4440 538 1480 4441 537 1480 4442 536 1481 4443 537 1481 4444 463 1481 4445 535 1482 4446 536 1482 4447 520 1482 4448 535 1483 4449 520 1483 4450 479 1483 4451 562 1484 4452 537 1484 4453 536 1484 4454 562 1485 4455 563 1485 4456 537 1485 4457 562 1486 4458 536 1486 4459 535 1486 4460 530 1487 4461 563 1487 4462 562 1487 4463 530 1488 4464 562 1488 4465 533 1488 4466 552 1489 4467 530 1489 4468 533 1489 4469 556 1490 4470 552 1490 4471 533 1490 4472 533 1491 4473 535 1491 4474 534 1491 4475 555 1492 4476 556 1492 4477 534 1492 4478 479 1493 4479 534 1493 4480 535 1493 4481 480 1494 4482 555 1494 4483 534 1494 4484 480 1495 4485 481 1495 4486 555 1495 4487 468 1496 4488 490 1496 4489 483 1496 4490 754 1497 4491 490 1497 4492 735 1497 4493 477 1498 4494 737 1498 4495 735 1498 4496 738 1499 4497 741 1499 4498 737 1499 4499 524 1500 4500 903 1500 4501 755 1500 4502 904 1501 4503 903 1501 4504 487 1501 4505 487 1502 4506 474 1502 4507 510 1502 4508 474 1503 4509 524 1503 4510 488 1503 4511 477 1504 4512 476 1504 4513 736 1504 4514 476 1505 4515 513 1505 4516 512 1505 4517 512 1506 4518 513 1506 4519 499 1506 4520 477 1507 4521 514 1507 4522 513 1507 4523 476 1508 4524 477 1508 4525 513 1508 4526 476 1509 4527 489 1509 4528 736 1509 4529 476 1510 4530 475 1510 4531 489 1510 4532 475 1511 4533 512 1511 4534 511 1511 4535 510 1512 4536 511 1512 4537 498 1512 4538 475 1513 4539 476 1513 4540 512 1513 4541 488 1514 4542 475 1514 4543 511 1514 4544 488 1515 4545 511 1515 4546 510 1515 4547 474 1516 4548 488 1516 4549 510 1516 4550 487 1517 4551 510 1517 4552 509 1517 4553 473 1518 4554 509 1518 4555 508 1518 4556 522 1519 4557 508 1519 4558 507 1519 4559 486 1520 4560 507 1520 4561 505 1520 4562 471 1521 4563 505 1521 4564 506 1521 4565 485 1522 4566 506 1522 4567 504 1522 4568 470 1523 4569 504 1523 4570 503 1523 4571 485 1524 4572 470 1524 4573 911 1524 4574 911 1525 4575 910 1525 4576 485 1525 4577 910 1526 4578 909 1526 4579 485 1526 4580 909 1527 4581 471 1527 4582 485 1527 4583 909 1528 4584 908 1528 4585 486 1528 4586 908 1529 4587 907 1529 4588 472 1529 4589 473 1530 4590 906 1530 4591 905 1530 4592 904 1531 4593 473 1531 4594 905 1531 4595 473 1532 4596 904 1532 4597 523 1532 4598 905 1533 4599 949 1533 4600 948 1533 4601 905 1534 4602 948 1534 4603 947 1534 4604 905 1535 4605 906 1535 4606 949 1535 4607 907 1536 4608 906 1536 4609 522 1536 4610 486 1537 4611 471 1537 4612 909 1537 4613 470 1538 4614 502 1538 4615 484 1538 4616 502 1539 4617 470 1539 4618 503 1539 4619 470 1540 4620 485 1540 4621 504 1540 4622 485 1541 4623 471 1541 4624 506 1541 4625 472 1542 4626 486 1542 4627 908 1542 4628 471 1543 4629 486 1543 4630 505 1543 4631 486 1544 4632 472 1544 4633 507 1544 4634 505 1545 4635 507 1545 4636 495 1545 4637 522 1546 4638 906 1546 4639 473 1546 4640 907 1547 4641 522 1547 4642 472 1547 4643 472 1548 4644 522 1548 4645 507 1548 4646 507 1549 4647 508 1549 4648 495 1549 4649 508 1550 4650 522 1550 4651 473 1550 4652 473 1551 4653 523 1551 4654 509 1551 4655 523 1552 4656 487 1552 4657 509 1552 4658 487 1553 4659 523 1553 4660 904 1553 4661 904 1554 4662 905 1554 4663 947 1554 4664 904 1555 4665 947 1555 4666 901 1555 4667 901 1556 4668 773 1556 4669 757 1556 4670 903 1557 4671 904 1557 4672 901 1557 4673 757 1558 4674 903 1558 4675 901 1558 4676 903 1559 4677 524 1559 4678 487 1559 4679 474 1560 4680 487 1560 4681 524 1560 4682 757 1561 4683 755 1561 4684 903 1561 4685 755 1562 4686 488 1562 4687 524 1562 4688 755 1563 4689 757 1563 4690 741 1563 4691 741 1564 4692 738 1564 4693 755 1564 4694 488 1565 4695 755 1565 4696 738 1565 4697 738 1566 4698 475 1566 4699 488 1566 4700 489 1567 4701 738 1567 4702 736 1567 4703 489 1568 4704 475 1568 4705 738 1568 4706 736 1569 4707 738 1569 4708 737 1569 4709 477 1570 4710 736 1570 4711 737 1570 4712 735 1571 4713 478 1571 4714 477 1571 4715 754 1572 4716 735 1572 4717 739 1572 4718 756 1573 4719 754 1573 4720 739 1573 4721 490 1574 4722 478 1574 4723 735 1574 4724 477 1575 4725 478 1575 4726 514 1575 4727 514 1576 4728 478 1576 4729 468 1576 4730 468 1577 4731 478 1577 4732 490 1577 4733 480 1578 4734 466 1578 4735 483 1578 4736 466 1579 4737 480 1579 4738 479 1579 4739 514 1580 4740 468 1580 4741 501 1580 4742 513 1581 4743 514 1581 4744 501 1581 4745 513 1582 4746 501 1582 4747 499 1582 4748 501 1583 4749 468 1583 4750 466 1583 4751 465 1584 4752 499 1584 4753 501 1584 4754 465 1585 4755 466 1585 4756 479 1585 4757 465 1586 4758 479 1586 4759 520 1586 4760 512 1587 4761 499 1587 4762 500 1587 4763 511 1588 4764 512 1588 4765 500 1588 4766 511 1589 4767 500 1589 4768 498 1589 4769 500 1590 4770 499 1590 4771 465 1590 4772 464 1591 4773 498 1591 4774 500 1591 4775 464 1592 4776 465 1592 4777 520 1592 4778 463 1593 4779 464 1593 4780 520 1593 4781 510 1594 4782 498 1594 4783 497 1594 4784 509 1595 4785 510 1595 4786 497 1595 4787 463 1596 4788 497 1596 4789 498 1596 4790 462 1597 4791 463 1597 4792 519 1597 4793 462 1598 4794 519 1598 4795 518 1598 4796 509 1599 4797 497 1599 4798 496 1599 4799 508 1600 4800 509 1600 4801 496 1600 4802 508 1601 4803 496 1601 4804 495 1601 4805 496 1602 4806 497 1602 4807 462 1602 4808 495 1603 4809 496 1603 4810 461 1603 4811 461 1604 4812 462 1604 4813 518 1604 4814 505 1605 4815 495 1605 4816 494 1605 4817 506 1606 4818 505 1606 4819 494 1606 4820 494 1607 4821 495 1607 4822 461 1607 4823 482 1608 4824 461 1608 4825 518 1608 4826 506 1609 4827 494 1609 4828 493 1609 4829 493 1610 4830 504 1610 4831 506 1610 4832 493 1611 4833 494 1611 4834 482 1611 4835 503 1612 4836 504 1612 4837 493 1612 4838 516 1613 4839 541 1613 4840 467 1613 4841 503 1614 4842 493 1614 4843 491 1614 4844 516 1615 4845 491 1615 4846 493 1615 4847 492 1616 4848 516 1616 4849 467 1616 4850 469 1617 4851 492 1617 4852 467 1617 4853 502 1618 4854 491 1618 4855 492 1618 4856 502 1619 4857 503 1619 4858 491 1619 4859 469 1620 4860 502 1620 4861 492 1620 4862 469 1621 4863 460 1621 4864 521 1621 4865 484 1622 4866 911 1622 4867 470 1622 4868 911 1623 4869 484 1623 4870 946 1623 4871 946 1624 4872 902 1624 4873 900 1624 4874 946 1625 4875 898 1625 4876 940 1625 4877 946 1626 4878 900 1626 4879 898 1626 4880 911 1627 4881 946 1627 4882 945 1627 4883 910 1628 4884 911 1628 4885 945 1628 4886 945 1629 4887 940 1629 4888 939 1629 4889 945 1630 4890 946 1630 4891 940 1630 4892 910 1631 4893 945 1631 4894 953 1631 4895 909 1632 4896 910 1632 4897 953 1632 4898 953 1633 4899 939 1633 4900 938 1633 4901 953 1634 4902 945 1634 4903 939 1634 4904 909 1635 4905 953 1635 4906 952 1635 4907 908 1636 4908 909 1636 4909 952 1636 4910 952 1637 4911 938 1637 4912 937 1637 4913 952 1638 4914 953 1638 4915 938 1638 4916 908 1639 4917 952 1639 4918 951 1639 4919 907 1640 4920 908 1640 4921 951 1640 4922 951 1641 4923 937 1641 4924 936 1641 4925 951 1642 4926 952 1642 4927 937 1642 4928 907 1643 4929 951 1643 4930 950 1643 4931 906 1644 4932 950 1644 4933 949 1644 4934 906 1645 4935 907 1645 4936 950 1645 4937 944 1646 4938 936 1646 4939 935 1646 4940 944 1647 4941 951 1647 4942 936 1647 4943 950 1648 4944 944 1648 4945 943 1648 4946 949 1649 4947 950 1649 4948 943 1649 4949 943 1650 4950 944 1650 4951 934 1650 4952 949 1651 4953 943 1651 4954 942 1651 4955 948 1652 4956 949 1652 4957 942 1652 4958 942 1653 4959 943 1653 4960 933 1653 4961 948 1654 4962 942 1654 4963 941 1654 4964 947 1655 4965 948 1655 4966 941 1655 4967 941 1656 4968 942 1656 4969 932 1656 4970 947 1657 4971 941 1657 4972 899 1657 4973 901 1658 4974 947 1658 4975 899 1658 4976 901 1659 4977 899 1659 4978 773 1659 4979 899 1660 4980 941 1660 4981 897 1660 4982 897 1661 4983 759 1661 4984 743 1661 4985 899 1662 4986 743 1662 4987 773 1662 4988 740 1663 4989 773 1663 4990 768 1663 4991 740 1664 4992 757 1664 4993 773 1664 4994 740 1665 4995 741 1665 4996 757 1665 4997 766 1666 4998 740 1666 4999 767 1666 5000 741 1667 5001 740 1667 5002 766 1667 5003 737 1668 5004 741 1668 5005 766 1668 5006 735 1669 5007 766 1669 5008 739 1669 5009 735 1670 5010 737 1670 5011 766 1670 5012 739 1671 5013 766 1671 5014 742 1671 5015 758 1672 5016 739 1672 5017 742 1672 5018 758 1673 5019 756 1673 5020 739 1673 5021 742 1674 5022 767 1674 5023 744 1674 5024 760 1675 5025 742 1675 5026 744 1675 5027 767 1676 5028 768 1676 5029 769 1676 5030 767 1677 5031 769 1677 5032 744 1677 5033 769 1678 5034 771 1678 5035 746 1678 5036 748 1679 5037 752 1679 5038 751 1679 5039 771 1680 5040 753 1680 5041 752 1680 5042 746 1681 5043 752 1681 5044 748 1681 5045 746 1682 5046 771 1682 5047 752 1682 5048 777 1683 5049 751 1683 5050 752 1683 5051 777 1684 5052 765 1684 5053 751 1684 5054 765 1685 5055 812 1685 5056 813 1685 5057 765 1686 5058 777 1686 5059 812 1686 5060 814 1687 5061 777 1687 5062 764 1687 5063 778 1688 5064 764 1688 5065 753 1688 5066 753 1689 5067 764 1689 5068 777 1689 5069 764 1690 5070 778 1690 5071 814 1690 5072 814 1691 5073 778 1691 5074 832 1691 5075 779 1692 5076 815 1692 5077 832 1692 5078 779 1693 5079 832 1693 5080 749 1693 5081 778 1694 5082 753 1694 5083 749 1694 5084 749 1695 5085 832 1695 5086 778 1695 5087 772 1696 5088 749 1696 5089 753 1696 5090 886 1697 5091 776 1697 5092 761 1697 5093 886 1698 5094 817 1698 5095 776 1698 5096 747 1699 5097 761 1699 5098 776 1699 5099 772 1700 5100 747 1700 5101 749 1700 5102 770 1701 5103 747 1701 5104 772 1701 5105 769 1702 5106 770 1702 5107 772 1702 5108 768 1703 5109 743 1703 5110 770 1703 5111 768 1704 5112 770 1704 5113 769 1704 5114 745 1705 5115 743 1705 5116 759 1705 5117 743 1706 5118 745 1706 5119 770 1706 5120 745 1707 5121 759 1707 5122 774 1707 5123 775 1708 5124 761 1708 5125 747 1708 5126 747 1709 5127 745 1709 5128 775 1709 5129 745 1710 5130 774 1710 5131 775 1710 5132 893 1711 5133 887 1711 5134 886 1711 5135 893 1712 5136 761 1712 5137 775 1712 5138 893 1713 5139 886 1713 5140 761 1713 5141 897 1714 5142 932 1714 5143 895 1714 5144 897 1715 5145 895 1715 5146 759 1715 5147 895 1716 5148 774 1716 5149 759 1716 5150 895 1717 5151 893 1717 5152 774 1717 5153 912 1718 5154 888 1718 5155 887 1718 5156 893 1719 5157 912 1719 5158 887 1719 5159 932 1720 5160 933 1720 5161 923 1720 5162 932 1721 5163 923 1721 5164 895 1721 5165 895 1722 5166 923 1722 5167 912 1722 5168 913 1723 5169 889 1723 5170 888 1723 5171 912 1724 5172 913 1724 5173 888 1724 5174 933 1725 5175 924 1725 5176 923 1725 5177 923 1726 5178 924 1726 5179 913 1726 5180 914 1727 5181 915 1727 5182 889 1727 5183 913 1728 5184 914 1728 5185 889 1728 5186 933 1729 5187 925 1729 5188 924 1729 5189 933 1730 5190 934 1730 5191 925 1730 5192 924 1731 5193 925 1731 5194 914 1731 5195 934 1732 5196 926 1732 5197 925 1732 5198 934 1733 5199 935 1733 5200 926 1733 5201 925 1734 5202 926 1734 5203 915 1734 5204 917 1735 5205 918 1735 5206 916 1735 5207 915 1736 5208 917 1736 5209 916 1736 5210 935 1737 5211 927 1737 5212 926 1737 5213 935 1738 5214 936 1738 5215 927 1738 5216 926 1739 5217 927 1739 5218 917 1739 5219 936 1740 5220 928 1740 5221 927 1740 5222 936 1741 5223 937 1741 5224 928 1741 5225 927 1742 5226 928 1742 5227 918 1742 5228 920 1743 5229 921 1743 5230 919 1743 5231 918 1744 5232 920 1744 5233 919 1744 5234 937 1745 5235 929 1745 5236 928 1745 5237 937 1746 5238 938 1746 5239 929 1746 5240 928 1747 5241 929 1747 5242 920 1747 5243 938 1748 5244 930 1748 5245 929 1748 5246 938 1749 5247 939 1749 5248 930 1749 5249 929 1750 5250 930 1750 5251 921 1750 5252 940 1751 5253 896 1751 5254 931 1751 5255 939 1752 5256 931 1752 5257 930 1752 5258 939 1753 5259 940 1753 5260 931 1753 5261 930 1754 5262 931 1754 5263 922 1754 5264 931 1755 5265 896 1755 5266 894 1755 5267 922 1756 5268 894 1756 5269 892 1756 5270 892 1757 5271 884 1757 5272 829 1757 5273 846 1758 5274 829 1758 5275 884 1758 5276 874 1759 5277 846 1759 5278 884 1759 5279 847 1760 5280 874 1760 5281 873 1760 5282 847 1761 5283 846 1761 5284 874 1761 5285 872 1762 5286 873 1762 5287 874 1762 5288 894 1763 5289 896 1763 5290 883 1763 5291 894 1764 5292 883 1764 5293 884 1764 5294 874 1765 5295 884 1765 5296 883 1765 5297 872 1766 5298 874 1766 5299 877 1766 5300 896 1767 5301 898 1767 5302 882 1767 5303 898 1768 5304 880 1768 5305 882 1768 5306 896 1769 5307 882 1769 5308 883 1769 5309 877 1770 5310 883 1770 5311 882 1770 5312 882 1771 5313 880 1771 5314 876 1771 5315 876 1772 5316 880 1772 5317 881 1772 5318 871 1773 5319 877 1773 5320 876 1773 5321 871 1774 5322 872 1774 5323 877 1774 5324 729 1775 5325 872 1775 5326 871 1775 5327 730 1776 5328 871 1776 5329 869 1776 5330 730 1777 5331 729 1777 5332 871 1777 5333 544 1778 5334 557 1778 5335 730 1778 5336 879 1779 5337 515 1779 5338 545 1779 5339 545 1780 5340 870 1780 5341 879 1780 5342 545 1781 5343 570 1781 5344 870 1781 5345 869 1782 5346 870 1782 5347 544 1782 5348 870 1783 5349 570 1783 5350 544 1783 5351 870 1784 5352 869 1784 5353 875 1784 5354 881 1785 5355 878 1785 5356 875 1785 5357 875 1786 5358 876 1786 5359 881 1786 5360 869 1787 5361 876 1787 5362 875 1787 5363 902 1788 5364 885 1788 5365 878 1788 5366 875 1789 5367 878 1789 5368 885 1789 5369 885 1790 5370 879 1790 5371 875 1790 5372 521 1791 5373 484 1791 5374 469 1791 5375 885 1792 5376 902 1792 5377 521 1792 5378 484 1793 5379 521 1793 5380 902 1793 5381 460 1794 5382 515 1794 5383 521 1794 5384 698 1795 5385 547 1795 5386 572 1795 5387 680 1796 5388 681 1796 5389 572 1796 5390 680 1797 5391 572 1797 5392 571 1797 5393 697 1798 5394 680 1798 5395 571 1798 5396 571 1799 5397 546 1799 5398 697 1799 5399 546 1800 5400 679 1800 5401 697 1800 5402 546 1801 5403 552 1801 5404 679 1801 5405 556 1802 5406 687 1802 5407 678 1802 5408 556 1803 5409 686 1803 5410 687 1803 5411 555 1804 5412 610 1804 5413 686 1804 5414 481 1805 5415 483 1805 5416 610 1805 5417 483 1806 5418 618 1806 5419 586 1806 5420 483 1807 5421 619 1807 5422 618 1807 5423 490 1808 5424 754 1808 5425 807 1808 5426 754 1809 5427 795 1809 5428 807 1809 5429 756 1810 5430 794 1810 5431 795 1810 5432 758 1811 5433 796 1811 5434 794 1811 5435 760 1812 5436 789 1812 5437 796 1812 5438 763 1813 5439 797 1813 5440 789 1813 5441 763 1814 5442 798 1814 5443 797 1814 5444 798 1815 5445 763 1815 5446 762 1815 5447 762 1816 5448 860 1816 5449 798 1816 5450 860 1817 5451 831 1817 5452 830 1817 5453 830 1818 5454 813 1818 5455 861 1818 5456 813 1819 5457 859 1819 5458 861 1819 5459 866 1820 5460 859 1820 5461 812 1820 5462 866 1821 5463 812 1821 5464 814 1821 5465 848 1822 5466 814 1822 5467 832 1822 5468 849 1823 5469 848 1823 5470 815 1823 5471 849 1824 5472 815 1824 5473 816 1824 5474 850 1825 5475 816 1825 5476 833 1825 5477 851 1826 5478 850 1826 5479 833 1826 5480 867 1827 5481 851 1827 5482 835 1827 5483 867 1828 5484 835 1828 5485 818 1828 5486 852 1829 5487 818 1829 5488 837 1829 5489 862 1830 5490 852 1830 5491 837 1830 5492 837 1831 5493 839 1831 5494 862 1831 5495 841 1832 5496 821 1832 5497 853 1832 5498 821 1833 5499 864 1833 5500 853 1833 5501 821 1834 5502 822 1834 5503 864 1834 5504 822 1835 5505 865 1835 5506 864 1835 5507 822 1836 5508 824 1836 5509 854 1836 5510 824 1837 5511 825 1837 5512 854 1837 5513 825 1838 5514 827 1838 5515 855 1838 5516 844 1839 5517 857 1839 5518 868 1839 5519 734 1840 5520 858 1840 5521 857 1840 5522 734 1841 5523 733 1841 5524 732 1841 5525 733 1842 5526 720 1842 5527 732 1842 5528 719 1843 5529 720 1843 5530 731 1843 5531 731 1844 5532 727 1844 5533 719 1844 5534 718 1845 5535 727 1845 5536 728 1845 5537 717 1846 5538 728 1846 5539 729 1846 5540 715 1847 5541 729 1847 5542 730 1847 5543 702 1848 5544 730 1848 5545 557 1848 5546 557 1849 5547 554 1849 5548 685 1849 5549 554 1850 5550 684 1850 5551 685 1850 5552 553 1851 5553 683 1851 5554 684 1851 5555 551 1852 5556 550 1852 5557 683 1852 5558 550 1853 5559 549 1853 5560 682 1853 5561 549 1854 5562 700 1854 5563 682 1854 5564 548 1855 5565 699 1855 5566 700 1855 5567 547 1856 5568 698 1856 5569 699 1856 5570 548 1857 5571 547 1857 5572 699 1857 5573 549 1858 5574 548 1858 5575 700 1858 5576 550 1859 5577 682 1859 5578 683 1859 5579 553 1860 5580 551 1860 5581 683 1860 5582 554 1861 5583 553 1861 5584 684 1861 5585 685 1862 5586 702 1862 5587 557 1862 5588 702 1863 5589 715 1863 5590 730 1863 5591 715 1864 5592 716 1864 5593 729 1864 5594 716 1865 5595 717 1865 5596 729 1865 5597 717 1866 5598 718 1866 5599 728 1866 5600 718 1867 5601 719 1867 5602 727 1867 5603 733 1868 5604 731 1868 5605 720 1868 5606 734 1869 5607 732 1869 5608 858 1869 5609 845 1870 5610 734 1870 5611 857 1870 5612 844 1871 5613 845 1871 5614 857 1871 5615 844 1872 5616 868 1872 5617 856 1872 5618 856 1873 5619 827 1873 5620 844 1873 5621 827 1874 5622 856 1874 5623 855 1874 5624 825 1875 5625 855 1875 5626 854 1875 5627 822 1876 5628 854 1876 5629 865 1876 5630 841 1877 5631 853 1877 5632 863 1877 5633 841 1878 5634 863 1878 5635 862 1878 5636 862 1879 5637 839 1879 5638 841 1879 5639 852 1880 5640 867 1880 5641 818 1880 5642 851 1881 5643 833 1881 5644 835 1881 5645 850 1882 5646 849 1882 5647 816 1882 5648 848 1883 5649 832 1883 5650 815 1883 5651 848 1884 5652 866 1884 5653 814 1884 5654 859 1885 5655 813 1885 5656 812 1885 5657 861 1886 5658 860 1886 5659 830 1886 5660 762 1887 5661 831 1887 5662 860 1887 5663 760 1888 5664 763 1888 5665 789 1888 5666 758 1889 5667 760 1889 5668 796 1889 5669 756 1890 5670 758 1890 5671 794 1890 5672 754 1891 5673 756 1891 5674 795 1891 5675 490 1892 5676 807 1892 5677 619 1892 5678 483 1893 5679 490 1893 5680 619 1893 5681 483 1894 5682 586 1894 5683 610 1894 5684 555 1895 5685 481 1895 5686 610 1895 5687 556 1896 5688 555 1896 5689 686 1896 5690 552 1897 5691 556 1897 5692 678 1897 5693 552 1898 5694 678 1898 5695 679 1898 5696 681 1899 5697 698 1899 5698 572 1899 5699 2534 1900 5700 2254 1900 5701 2535 1900 5702 2535 1901 5703 2254 1901 5704 2256 1901 5705 2257 1902 5706 2256 1902 5707 2261 1902 5708 2261 1903 5709 2256 1903 5710 2255 1903 5711 2258 1904 5712 2257 1904 5713 2261 1904 5714 2260 1905 5715 2536 1905 5716 2257 1905 5717 2257 1906 5718 2258 1906 5719 2260 1906 5720 2259 1907 5721 2536 1907 5722 2260 1907 5723 2261 1908 5724 2263 1908 5725 2264 1908 5726 2265 1909 5727 2258 1909 5728 2261 1909 5729 2259 1910 5730 2260 1910 5731 2266 1910 5732 2258 1911 5733 2266 1911 5734 2260 1911 5735 2268 1912 5736 2259 1912 5737 2266 1912 5738 2258 1913 5739 2265 1913 5740 2266 1913 5741 2259 1914 5742 2268 1914 5743 2267 1914 5744 2488 1915 5745 2267 1915 5746 2268 1915 5747 2268 1916 5748 2269 1916 5749 2488 1916 5750 2269 1917 5751 2271 1917 5752 2270 1917 5753 2271 1918 5754 2272 1918 5755 2270 1918 5756 2272 1919 5757 2273 1919 5758 2274 1919 5759 2272 1920 5760 2274 1920 5761 2270 1920 5762 2280 1921 5763 2273 1921 5764 2275 1921 5765 2275 1922 5766 2273 1922 5767 2272 1922 5768 2280 1923 5769 2275 1923 5770 2276 1923 5771 2553 1924 5772 2275 1924 5773 2272 1924 5774 2276 1925 5775 2275 1925 5776 2455 1925 5777 2277 1926 5778 2276 1926 5779 2455 1926 5780 2279 1927 5781 2277 1927 5782 2278 1927 5783 2276 1928 5784 2277 1928 5785 2279 1928 5786 2449 1929 5787 2279 1929 5788 2278 1929 5789 2276 1930 5790 2279 1930 5791 2280 1930 5792 2273 1931 5793 2280 1931 5794 2274 1931 5795 2427 1932 5796 2281 1932 5797 2274 1932 5798 2281 1933 5799 2479 1933 5800 2274 1933 5801 2281 1934 5802 2282 1934 5803 2479 1934 5804 2282 1935 5805 2281 1935 5806 2283 1935 5807 2282 1936 5808 2283 1936 5809 2467 1936 5810 2283 1937 5811 2284 1937 5812 2467 1937 5813 2284 1938 5814 2286 1938 5815 2285 1938 5816 2284 1939 5817 2283 1939 5818 2286 1939 5819 2283 1940 5820 2287 1940 5821 2286 1940 5822 2281 1941 5823 2287 1941 5824 2283 1941 5825 2431 1942 5826 2289 1942 5827 2288 1942 5828 2288 1943 5829 2289 1943 5830 2290 1943 5831 2291 1944 5832 2290 1944 5833 2292 1944 5834 2292 1945 5835 2290 1945 5836 2289 1945 5837 2455 1946 5838 2291 1946 5839 2292 1946 5840 2294 1947 5841 2292 1947 5842 2293 1947 5843 2292 1948 5844 2431 1948 5845 2293 1948 5846 2294 1949 5847 2300 1949 5848 2292 1949 5849 2300 1950 5850 2294 1950 5851 2297 1950 5852 2297 1951 5853 2294 1951 5854 2296 1951 5855 2297 1952 5856 2296 1952 5857 2295 1952 5858 2299 1953 5859 2297 1953 5860 2295 1953 5861 2299 1954 5862 2295 1954 5863 2298 1954 5864 2424 1955 5865 2299 1955 5866 2298 1955 5867 2300 1956 5868 2299 1956 5869 2424 1956 5870 2292 1957 5871 2300 1957 5872 2303 1957 5873 2303 1958 5874 2304 1958 5875 2301 1958 5876 2303 1959 5877 2421 1959 5878 2340 1959 5879 2303 1960 5880 2340 1960 5881 2304 1960 5882 2303 1961 5883 2301 1961 5884 2464 1961 5885 2453 1962 5886 2292 1962 5887 2303 1962 5888 2303 1963 5889 2464 1963 5890 2461 1963 5891 2303 1964 5892 2461 1964 5893 2465 1964 5894 2303 1965 5895 2465 1965 5896 2302 1965 5897 2303 1966 5898 2302 1966 5899 2453 1966 5900 2314 1967 5901 2304 1967 5902 2305 1967 5903 2340 1968 5904 2305 1968 5905 2304 1968 5906 2466 1969 5907 2417 1969 5908 2379 1969 5909 2466 1970 5910 2379 1970 5911 2306 1970 5912 2307 1971 5913 2306 1971 5914 2379 1971 5915 2309 1972 5916 2308 1972 5917 2307 1972 5918 2307 1973 5919 2308 1973 5920 2306 1973 5921 2309 1974 5922 2416 1974 5923 2308 1974 5924 2416 1975 5925 2326 1975 5926 2308 1975 5927 2310 1976 5928 2312 1976 5929 2308 1976 5930 2308 1977 5931 2311 1977 5932 2310 1977 5933 2326 1978 5934 2311 1978 5935 2308 1978 5936 2312 1979 5937 2313 1979 5938 2308 1979 5939 2314 1980 5940 2306 1980 5941 2313 1980 5942 2308 1981 5943 2313 1981 5944 2306 1981 5945 2313 1982 5946 2312 1982 5947 2314 1982 5948 2314 1983 5949 2466 1983 5950 2306 1983 5951 2312 1984 5952 2317 1984 5953 2314 1984 5954 2312 1985 5955 2315 1985 5956 2317 1985 5957 2315 1986 5958 2312 1986 5959 2310 1986 5960 2310 1987 5961 2316 1987 5962 2315 1987 5963 2316 1988 5964 2301 1988 5965 2317 1988 5966 2315 1989 5967 2316 1989 5968 2317 1989 5969 2317 1990 5970 2301 1990 5971 2304 1990 5972 2319 1991 5973 2316 1991 5974 2310 1991 5975 2319 1992 5976 2310 1992 5977 2318 1992 5978 2319 1993 5979 2464 1993 5980 2301 1993 5981 2316 1994 5982 2319 1994 5983 2301 1994 5984 2319 1995 5985 2463 1995 5986 2464 1995 5987 2320 1996 5988 2463 1996 5989 2319 1996 5990 2318 1997 5991 2320 1997 5992 2319 1997 5993 2320 1998 5994 2462 1998 5995 2463 1998 5996 2320 1999 5997 2318 1999 5998 2321 1999 5999 2322 2000 6000 2462 2000 6001 2320 2000 6002 2320 2001 6003 2321 2001 6004 2322 2001 6005 2462 2002 6006 2322 2002 6007 2323 2002 6008 2324 2003 6009 2437 2003 6010 2322 2003 6011 2437 2004 6012 2323 2004 6013 2322 2004 6014 2324 2005 6015 2322 2005 6016 2321 2005 6017 2318 2006 6018 2436 2006 6019 2321 2006 6020 2311 2007 6021 2436 2007 6022 2318 2007 6023 2311 2008 6024 2325 2008 6025 2436 2008 6026 2318 2009 6027 2310 2009 6028 2311 2009 6029 2326 2010 6030 2325 2010 6031 2311 2010 6032 2439 2011 6033 2328 2011 6034 2434 2011 6035 2330 2012 6036 2329 2012 6037 2434 2012 6038 2434 2013 6039 2425 2013 6040 2426 2013 6041 2329 2014 6042 2327 2014 6043 2434 2014 6044 2451 2015 6045 2443 2015 6046 2434 2015 6047 2328 2016 6048 2435 2016 6049 2434 2016 6050 2443 2017 6051 2439 2017 6052 2434 2017 6053 2435 2018 6054 2330 2018 6055 2434 2018 6056 2434 2019 6057 2426 2019 6058 2427 2019 6059 2434 2020 6060 2427 2020 6061 2451 2020 6062 2434 2021 6063 2423 2021 6064 2425 2021 6065 2434 2022 6066 2331 2022 6067 2423 2022 6068 2423 2023 6069 2331 2023 6070 2332 2023 6071 2332 2024 6072 2331 2024 6073 2333 2024 6074 2432 2025 6075 2332 2025 6076 2333 2025 6077 2433 2026 6078 2420 2026 6079 2334 2026 6080 2433 2027 6081 2334 2027 6082 2335 2027 6083 2327 2028 6084 2335 2028 6085 2334 2028 6086 2327 2029 6087 2336 2029 6088 2335 2029 6089 2327 2030 6090 2346 2030 6091 2336 2030 6092 2336 2031 6093 2337 2031 6094 2338 2031 6095 2336 2032 6096 2338 2032 6097 2341 2032 6098 2336 2033 6099 2341 2033 6100 2339 2033 6101 2340 2034 6102 2339 2034 6103 2341 2034 6104 2340 2035 6105 2342 2035 6106 2305 2035 6107 2342 2036 6108 2340 2036 6109 2341 2036 6110 2342 2037 6111 2341 2037 6112 2343 2037 6113 2342 2038 6114 2343 2038 6115 2354 2038 6116 2355 2039 6117 2343 2039 6118 2344 2039 6119 2345 2040 6120 2355 2040 6121 2344 2040 6122 2346 2041 6123 2345 2041 6124 2337 2041 6125 2344 2042 6126 2337 2042 6127 2345 2042 6128 2337 2043 6129 2344 2043 6130 2338 2043 6131 2341 2044 6132 2338 2044 6133 2344 2044 6134 2336 2045 6135 2346 2045 6136 2337 2045 6137 2386 2046 6138 2347 2046 6139 2327 2046 6140 2347 2047 6141 2346 2047 6142 2327 2047 6143 2347 2048 6144 2345 2048 6145 2346 2048 6146 2345 2049 6147 2347 2049 6148 2356 2049 6149 2347 2050 6150 2349 2050 6151 2356 2050 6152 2386 2051 6153 2349 2051 6154 2347 2051 6155 2349 2052 6156 2411 2052 6157 2348 2052 6158 2348 2053 6159 2408 2053 6160 2357 2053 6161 2349 2054 6162 2348 2054 6163 2357 2054 6164 2359 2055 6165 2350 2055 6166 2358 2055 6167 2358 2056 6168 2350 2056 6169 2351 2056 6170 2358 2057 6171 2351 2057 6172 2355 2057 6173 2355 2058 6174 2351 2058 6175 2353 2058 6176 2353 2059 6177 2352 2059 6178 2354 2059 6179 2353 2060 6180 2354 2060 6181 2343 2060 6182 2356 2061 6183 2359 2061 6184 2358 2061 6185 2357 2062 6186 2359 2062 6187 2356 2062 6188 2357 2063 6189 2356 2063 6190 2349 2063 6191 2345 2064 6192 2356 2064 6193 2358 2064 6194 2345 2065 6195 2358 2065 6196 2355 2065 6197 2355 2066 6198 2353 2066 6199 2343 2066 6200 2360 2067 6201 2342 2067 6202 2354 2067 6203 2342 2068 6204 2360 2068 6205 2305 2068 6206 2360 2069 6207 2362 2069 6208 2305 2069 6209 2362 2070 6210 2360 2070 6211 2361 2070 6212 2362 2071 6213 2361 2071 6214 2363 2071 6215 2363 2072 6216 2395 2072 6217 2364 2072 6218 2363 2073 6219 2364 2073 6220 2396 2073 6221 2365 2074 6222 2363 2074 6223 2396 2074 6224 2366 2075 6225 2387 2075 6226 2365 2075 6227 2387 2076 6228 2410 2076 6229 2365 2076 6230 2410 2077 6231 2367 2077 6232 2365 2077 6233 2365 2078 6234 2396 2078 6235 2366 2078 6236 2368 2079 6237 2365 2079 6238 2367 2079 6239 2368 2080 6240 2367 2080 6241 2419 2080 6242 2370 2081 6243 2419 2081 6244 2367 2081 6245 2410 2082 6246 2369 2082 6247 2370 2082 6248 2410 2083 6249 2370 2083 6250 2367 2083 6251 2370 2084 6252 2371 2084 6253 2419 2084 6254 2369 2085 6255 2414 2085 6256 2370 2085 6257 2371 2086 6258 2375 2086 6259 2372 2086 6260 2375 2087 6261 2374 2087 6262 2372 2087 6263 2413 2088 6264 2373 2088 6265 2375 2088 6266 2373 2089 6267 2374 2089 6268 2375 2089 6269 2374 2090 6270 2376 2090 6271 2372 2090 6272 2374 2091 6273 2377 2091 6274 2376 2091 6275 2378 2092 6276 2376 2092 6277 2377 2092 6278 2378 2093 6279 2377 2093 6280 2379 2093 6281 2379 2094 6282 2417 2094 6283 2378 2094 6284 2379 2095 6285 2377 2095 6286 2380 2095 6287 2377 2096 6288 2381 2096 6289 2380 2096 6290 2381 2097 6291 2377 2097 6292 2374 2097 6293 2383 2098 6294 2382 2098 6295 2381 2098 6296 2383 2099 6297 2373 2099 6298 2412 2099 6299 2386 2100 6300 2383 2100 6301 2412 2100 6302 2385 2101 6303 2384 2101 6304 2386 2101 6305 2386 2102 6306 2412 2102 6307 2411 2102 6308 2384 2103 6309 2383 2103 6310 2386 2103 6311 2386 2104 6312 2411 2104 6313 2349 2104 6314 2366 2105 6315 2407 2105 6316 2387 2105 6317 2401 2106 6318 2366 2106 6319 2405 2106 6320 2389 2107 6321 2406 2107 6322 2364 2107 6323 2389 2108 6324 2364 2108 6325 2388 2108 6326 2390 2109 6327 2389 2109 6328 2388 2109 6329 2406 2110 6330 2389 2110 6331 2391 2110 6332 2390 2111 6333 2391 2111 6334 2389 2111 6335 2391 2112 6336 2390 2112 6337 2397 2112 6338 2390 2113 6339 2392 2113 6340 2397 2113 6341 2392 2114 6342 2390 2114 6343 2352 2114 6344 2393 2115 6345 2392 2115 6346 2352 2115 6347 2393 2116 6348 2352 2116 6349 2353 2116 6350 2352 2117 6351 2390 2117 6352 2394 2117 6353 2394 2118 6354 2390 2118 6355 2388 2118 6356 2388 2119 6357 2395 2119 6358 2394 2119 6359 2395 2120 6360 2363 2120 6361 2361 2120 6362 2364 2121 6363 2395 2121 6364 2388 2121 6365 2396 2122 6366 2364 2122 6367 2406 2122 6368 2396 2123 6369 2406 2123 6370 2405 2123 6371 2366 2124 6372 2396 2124 6373 2405 2124 6374 2361 2125 6375 2352 2125 6376 2394 2125 6377 2361 2126 6378 2354 2126 6379 2352 2126 6380 2360 2127 6381 2354 2127 6382 2361 2127 6383 2394 2128 6384 2395 2128 6385 2361 2128 6386 2392 2129 6387 2393 2129 6388 2397 2129 6389 2393 2130 6390 2351 2130 6391 2397 2130 6392 2351 2131 6393 2393 2131 6394 2353 2131 6395 2351 2132 6396 2350 2132 6397 2397 2132 6398 2397 2133 6399 2350 2133 6400 2359 2133 6401 2397 2134 6402 2359 2134 6403 2357 2134 6404 2398 2135 6405 2397 2135 6406 2357 2135 6407 2398 2136 6408 2357 2136 6409 2409 2136 6410 2407 2137 6411 2399 2137 6412 2409 2137 6413 2399 2138 6414 2400 2138 6415 2409 2138 6416 2400 2139 6417 2398 2139 6418 2409 2139 6419 2366 2140 6420 2401 2140 6421 2399 2140 6422 2399 2141 6423 2401 2141 6424 2402 2141 6425 2403 2142 6426 2404 2142 6427 2401 2142 6428 2403 2143 6429 2401 2143 6430 2405 2143 6431 2401 2144 6432 2404 2144 6433 2402 2144 6434 2403 2145 6435 2405 2145 6436 2406 2145 6437 2402 2146 6438 2404 2146 6439 2397 2146 6440 2404 2147 6441 2403 2147 6442 2397 2147 6443 2403 2148 6444 2391 2148 6445 2397 2148 6446 2391 2149 6447 2403 2149 6448 2406 2149 6449 2399 2150 6450 2402 2150 6451 2400 2150 6452 2400 2151 6453 2402 2151 6454 2397 2151 6455 2366 2152 6456 2399 2152 6457 2407 2152 6458 2408 2153 6459 2348 2153 6460 2387 2153 6461 2408 2154 6462 2407 2154 6463 2409 2154 6464 2408 2155 6465 2409 2155 6466 2357 2155 6467 2407 2156 6468 2408 2156 6469 2387 2156 6470 2398 2157 6471 2400 2157 6472 2397 2157 6473 2411 2158 6474 2387 2158 6475 2348 2158 6476 2411 2159 6477 2410 2159 6478 2387 2159 6479 2411 2160 6480 2412 2160 6481 2414 2160 6482 2414 2161 6483 2412 2161 6484 2413 2161 6485 2414 2162 6486 2413 2162 6487 2370 2162 6488 2375 2163 6489 2370 2163 6490 2413 2163 6491 2371 2164 6492 2370 2164 6493 2375 2164 6494 2410 2165 6495 2414 2165 6496 2369 2165 6497 2412 2166 6498 2373 2166 6499 2413 2166 6500 2411 2167 6501 2414 2167 6502 2410 2167 6503 2380 2168 6504 2385 2168 6505 2415 2168 6506 2384 2169 6507 2385 2169 6508 2380 2169 6509 2415 2170 6510 2307 2170 6511 2380 2170 6512 2415 2171 6513 2309 2171 6514 2307 2171 6515 2309 2172 6516 2415 2172 6517 2329 2172 6518 2309 2173 6519 2329 2173 6520 2416 2173 6521 2329 2174 6522 2386 2174 6523 2327 2174 6524 2329 2175 6525 2415 2175 6526 2386 2175 6527 2415 2176 6528 2385 2176 6529 2386 2176 6530 2381 2177 6531 2382 2177 6532 2384 2177 6533 2380 2178 6534 2381 2178 6535 2384 2178 6536 2384 2179 6537 2382 2179 6538 2383 2179 6539 2373 2180 6540 2383 2180 6541 2381 2180 6542 2373 2181 6543 2381 2181 6544 2374 2181 6545 2380 2182 6546 2307 2182 6547 2379 2182 6548 2466 2183 6549 2305 2183 6550 2417 2183 6551 2417 2184 6552 2305 2184 6553 2418 2184 6554 2362 2185 6555 2368 2185 6556 2418 2185 6557 2362 2186 6558 2418 2186 6559 2305 2186 6560 2368 2187 6561 2362 2187 6562 2365 2187 6563 2362 2188 6564 2363 2188 6565 2365 2188 6566 2368 2189 6567 2371 2189 6568 2418 2189 6569 2371 2190 6570 2372 2190 6571 2418 2190 6572 2378 2191 6573 2418 2191 6574 2372 2191 6575 2378 2192 6576 2372 2192 6577 2376 2192 6578 2368 2193 6579 2419 2193 6580 2371 2193 6581 2378 2194 6582 2417 2194 6583 2418 2194 6584 2343 2195 6585 2341 2195 6586 2344 2195 6587 2340 2196 6588 2421 2196 6589 2433 2196 6590 2340 2197 6591 2433 2197 6592 2339 2197 6593 2421 2198 6594 2420 2198 6595 2433 2198 6596 2421 2199 6597 2432 2199 6598 2420 2199 6599 2421 2200 6600 2332 2200 6601 2432 2200 6602 2303 2201 6603 2422 2201 6604 2332 2201 6605 2421 2202 6606 2303 2202 6607 2332 2202 6608 2422 2203 6609 2424 2203 6610 2425 2203 6611 2422 2204 6612 2425 2204 6613 2423 2204 6614 2298 2205 6615 2425 2205 6616 2424 2205 6617 2426 2206 6618 2425 2206 6619 2298 2206 6620 2426 2207 6621 2298 2207 6622 2295 2207 6623 2296 2208 6624 2426 2208 6625 2295 2208 6626 2296 2209 6627 2427 2209 6628 2426 2209 6629 2427 2210 6630 2296 2210 6631 2428 2210 6632 2294 2211 6633 2428 2211 6634 2296 2211 6635 2294 2212 6636 2293 2212 6637 2428 2212 6638 2427 2213 6639 2428 2213 6640 2430 2213 6641 2427 2214 6642 2430 2214 6643 2429 2214 6644 2429 2215 6645 2430 2215 6646 2293 2215 6647 2431 2216 6648 2288 2216 6649 2429 2216 6650 2429 2217 6651 2293 2217 6652 2431 2217 6653 2292 2218 6654 2289 2218 6655 2431 2218 6656 2430 2219 6657 2428 2219 6658 2293 2219 6659 2287 2220 6660 2429 2220 6661 2288 2220 6662 2281 2221 6663 2429 2221 6664 2287 2221 6665 2281 2222 6666 2427 2222 6667 2429 2222 6668 2422 2223 6669 2303 2223 6670 2424 2223 6671 2303 2224 6672 2300 2224 6673 2424 2224 6674 2423 2225 6675 2332 2225 6676 2422 2225 6677 2420 2226 6678 2432 2226 6679 2333 2226 6680 2333 2227 6681 2334 2227 6682 2420 2227 6683 2339 2228 6684 2335 2228 6685 2336 2228 6686 2339 2229 6687 2433 2229 6688 2335 2229 6689 2333 2230 6690 2327 2230 6691 2334 2230 6692 2333 2231 6693 2434 2231 6694 2327 2231 6695 2434 2232 6696 2333 2232 6697 2331 2232 6698 2436 2233 6699 2330 2233 6700 2435 2233 6701 2436 2234 6702 2325 2234 6703 2330 2234 6704 2321 2235 6705 2436 2235 6706 2435 2235 6707 2324 2236 6708 2321 2236 6709 2435 2236 6710 2324 2237 6711 2435 2237 6712 2328 2237 6713 2437 2238 6714 2324 2238 6715 2328 2238 6716 2438 2239 6717 2437 2239 6718 2328 2239 6719 2438 2240 6720 2328 2240 6721 2439 2240 6722 2441 2241 6723 2438 2241 6724 2439 2241 6725 2442 2242 6726 2441 2242 6727 2439 2242 6728 2441 2243 6729 2442 2243 6730 2440 2243 6731 2442 2244 6732 2439 2244 6733 2443 2244 6734 2444 2245 6735 2442 2245 6736 2443 2245 6737 2444 2246 6738 2440 2246 6739 2442 2246 6740 2444 2247 6741 2446 2247 6742 2445 2247 6743 2440 2248 6744 2444 2248 6745 2445 2248 6746 2446 2249 6747 2444 2249 6748 2447 2249 6749 2452 2250 6750 2456 2250 6751 2447 2250 6752 2456 2251 6753 2446 2251 6754 2447 2251 6755 2447 2252 6756 2448 2252 6757 2452 2252 6758 2452 2253 6759 2448 2253 6760 2449 2253 6761 2449 2254 6762 2448 2254 6763 2450 2254 6764 2448 2255 6765 2451 2255 6766 2450 2255 6767 2427 2256 6768 2450 2256 6769 2451 2256 6770 2427 2257 6771 2274 2257 6772 2450 2257 6773 2279 2258 6774 2449 2258 6775 2450 2258 6776 2280 2259 6777 2450 2259 6778 2274 2259 6779 2279 2260 6780 2450 2260 6781 2280 2260 6782 2448 2261 6783 2447 2261 6784 2451 2261 6785 2447 2262 6786 2444 2262 6787 2451 2262 6788 2444 2263 6789 2443 2263 6790 2451 2263 6791 2458 2264 6792 2456 2264 6793 2452 2264 6794 2278 2265 6795 2452 2265 6796 2449 2265 6797 2458 2266 6798 2452 2266 6799 2454 2266 6800 2458 2267 6801 2454 2267 6802 2453 2267 6803 2278 2268 6804 2277 2268 6805 2454 2268 6806 2452 2269 6807 2278 2269 6808 2454 2269 6809 2277 2270 6810 2455 2270 6811 2454 2270 6812 2454 2271 6813 2455 2271 6814 2453 2271 6815 2453 2272 6816 2455 2272 6817 2292 2272 6818 2446 2273 6819 2456 2273 6820 2457 2273 6821 2457 2274 6822 2458 2274 6823 2302 2274 6824 2457 2275 6825 2456 2275 6826 2458 2275 6827 2457 2276 6828 2302 2276 6829 2465 2276 6830 2445 2277 6831 2457 2277 6832 2465 2277 6833 2460 2278 6834 2462 2278 6835 2323 2278 6836 2459 2279 6837 2460 2279 6838 2323 2279 6839 2460 2280 6840 2459 2280 6841 2461 2280 6842 2459 2281 6843 2465 2281 6844 2461 2281 6845 2460 2282 6846 2461 2282 6847 2462 2282 6848 2463 2283 6849 2462 2283 6850 2461 2283 6851 2463 2284 6852 2461 2284 6853 2464 2284 6854 2459 2285 6855 2445 2285 6856 2465 2285 6857 2445 2286 6858 2459 2286 6859 2440 2286 6860 2323 2287 6861 2441 2287 6862 2459 2287 6863 2459 2288 6864 2441 2288 6865 2440 2288 6866 2457 2289 6867 2445 2289 6868 2446 2289 6869 2458 2290 6870 2453 2290 6871 2302 2290 6872 2441 2291 6873 2323 2291 6874 2438 2291 6875 2323 2292 6876 2437 2292 6877 2438 2292 6878 2325 2293 6879 2326 2293 6880 2330 2293 6881 2326 2294 6882 2329 2294 6883 2330 2294 6884 2326 2295 6885 2416 2295 6886 2329 2295 6887 2314 2296 6888 2317 2296 6889 2304 2296 6890 2466 2297 6891 2314 2297 6892 2305 2297 6893 2300 2298 6894 2297 2298 6895 2299 2298 6896 2291 2299 6897 2286 2299 6898 2290 2299 6899 2287 2300 6900 2290 2300 6901 2286 2300 6902 2291 2301 6903 2474 2301 6904 2285 2301 6905 2291 2302 6906 2285 2302 6907 2286 2302 6908 2455 2303 6909 2474 2303 6910 2291 2303 6911 2474 2304 6912 2468 2304 6913 2285 2304 6914 2468 2305 6915 2471 2305 6916 2469 2305 6917 2468 2306 6918 2469 2306 6919 2467 2306 6920 2470 2307 6921 2282 2307 6922 2469 2307 6923 2282 2308 6924 2467 2308 6925 2469 2308 6926 2282 2309 6927 2470 2309 6928 2479 2309 6929 2472 2310 6930 2556 2310 6931 2470 2310 6932 2471 2311 6933 2470 2311 6934 2469 2311 6935 2471 2312 6936 2472 2312 6937 2470 2312 6938 2473 2313 6939 2472 2313 6940 2471 2313 6941 2474 2314 6942 2473 2314 6943 2471 2314 6944 2468 2315 6945 2474 2315 6946 2471 2315 6947 2455 2316 6948 2473 2316 6949 2474 2316 6950 2455 2317 6951 2475 2317 6952 2473 2317 6953 2476 2318 6954 2473 2318 6955 2549 2318 6956 2475 2319 6957 2549 2319 6958 2473 2319 6959 2472 2320 6960 2476 2320 6961 2477 2320 6962 2472 2321 6963 2477 2321 6964 2556 2321 6965 2477 2322 6966 2478 2322 6967 2556 2322 6968 2478 2323 6969 2470 2323 6970 2556 2323 6971 2479 2324 6972 2470 2324 6973 2478 2324 6974 2479 2325 6975 2270 2325 6976 2274 2325 6977 2479 2326 6978 2480 2326 6979 2270 2326 6980 2481 2327 6981 2479 2327 6982 2478 2327 6983 2481 2328 6984 2480 2328 6985 2479 2328 6986 2480 2329 6987 2481 2329 6988 2482 2329 6989 2483 2330 6990 2482 2330 6991 2481 2330 6992 2476 2331 6993 2483 2331 6994 2481 2331 6995 2477 2332 6996 2476 2332 6997 2478 2332 6998 2476 2333 6999 2481 2333 7000 2478 2333 7001 2476 2334 7002 2484 2334 7003 2483 2334 7004 2483 2335 7005 2484 2335 7006 2485 2335 7007 2484 2336 7008 2550 2336 7009 2485 2336 7010 2483 2337 7011 2485 2337 7012 2486 2337 7013 2485 2338 7014 2507 2338 7015 2486 2338 7016 2485 2339 7017 2505 2339 7018 2507 2339 7019 2514 2340 7020 2505 2340 7021 2485 2340 7022 2483 2341 7023 2486 2341 7024 2555 2341 7025 2555 2342 7026 2491 2342 7027 2482 2342 7028 2489 2343 7029 2480 2343 7030 2491 2343 7031 2480 2344 7032 2482 2344 7033 2491 2344 7034 2480 2345 7035 2487 2345 7036 2270 2345 7037 2488 2346 7038 2270 2346 7039 2487 2346 7040 2480 2347 7041 2489 2347 7042 2487 2347 7043 2489 2348 7044 2543 2348 7045 2487 2348 7046 2489 2349 7047 2528 2349 7048 2543 2349 7049 2489 2350 7050 2526 2350 7051 2528 2350 7052 2490 2351 7053 2497 2351 7054 2525 2351 7055 2525 2352 7056 2491 2352 7057 2490 2352 7058 2492 2353 7059 2490 2353 7060 2491 2353 7061 2555 2354 7062 2492 2354 7063 2491 2354 7064 2555 2355 7065 2493 2355 7066 2492 2355 7067 2493 2356 7068 2494 2356 7069 2492 2356 7070 2494 2357 7071 2490 2357 7072 2492 2357 7073 2495 2358 7074 2496 2358 7075 2494 2358 7076 2494 2359 7077 2496 2359 7078 2490 2359 7079 2496 2360 7080 2495 2360 7081 2498 2360 7082 2498 2361 7083 2490 2361 7084 2496 2361 7085 2497 2362 7086 2498 2362 7087 2501 2362 7088 2495 2363 7089 2508 2363 7090 2498 2363 7091 2501 2364 7092 2498 2364 7093 2508 2364 7094 2508 2365 7095 2499 2365 7096 2501 2365 7097 2499 2366 7098 2500 2366 7099 2502 2366 7100 2499 2367 7101 2502 2367 7102 2501 2367 7103 2502 2368 7104 2500 2368 7105 2503 2368 7106 2522 2369 7107 2502 2369 7108 2503 2369 7109 2503 2370 7110 2524 2370 7111 2522 2370 7112 2524 2371 7113 2503 2371 7114 2513 2371 7115 2513 2372 7116 2503 2372 7117 2506 2372 7118 2503 2373 7119 2500 2373 7120 2506 2373 7121 2512 2374 7122 2513 2374 7123 2506 2374 7124 2500 2375 7125 2499 2375 7126 2506 2375 7127 2509 2376 7128 2504 2376 7129 2506 2376 7130 2508 2377 7131 2509 2377 7132 2506 2377 7133 2499 2378 7134 2508 2378 7135 2506 2378 7136 2507 2379 7137 2506 2379 7138 2504 2379 7139 2507 2380 7140 2504 2380 7141 2493 2380 7142 2506 2381 7143 2507 2381 7144 2505 2381 7145 2494 2382 7146 2493 2382 7147 2504 2382 7148 2504 2383 7149 2509 2383 7150 2494 2383 7151 2495 2384 7152 2494 2384 7153 2509 2384 7154 2509 2385 7155 2508 2385 7156 2495 2385 7157 2505 2386 7158 2510 2386 7159 2506 2386 7160 2506 2387 7161 2510 2387 7162 2512 2387 7163 2510 2388 7164 2505 2388 7165 2511 2388 7166 2512 2389 7167 2510 2389 7168 2511 2389 7169 2513 2390 7170 2512 2390 7171 2511 2390 7172 2513 2391 7173 2511 2391 7174 2517 2391 7175 2514 2392 7176 2511 2392 7177 2505 2392 7178 2514 2393 7179 2517 2393 7180 2511 2393 7181 2515 2394 7182 2517 2394 7183 2514 2394 7184 2515 2395 7185 2550 2395 7186 2516 2395 7187 2515 2396 7188 2523 2396 7189 2524 2396 7190 2515 2397 7191 2524 2397 7192 2517 2397 7193 2262 2398 7194 2519 2398 7195 2518 2398 7196 2263 2399 7197 2262 2399 7198 2518 2399 7199 2519 2400 7200 2527 2400 7201 2521 2400 7202 2519 2401 7203 2520 2401 7204 2527 2401 7205 2523 2402 7206 2518 2402 7207 2519 2402 7208 2521 2403 7209 2523 2403 7210 2519 2403 7211 2527 2404 7212 2497 2404 7213 2521 2404 7214 2501 2405 7215 2521 2405 7216 2497 2405 7217 2521 2406 7218 2501 2406 7219 2502 2406 7220 2522 2407 7221 2521 2407 7222 2502 2407 7223 2523 2408 7224 2521 2408 7225 2522 2408 7226 2523 2409 7227 2522 2409 7228 2524 2409 7229 2524 2410 7230 2513 2410 7231 2517 2410 7232 2527 2411 7233 2525 2411 7234 2497 2411 7235 2526 2412 7236 2525 2412 7237 2527 2412 7238 2528 2413 7239 2526 2413 7240 2527 2413 7241 2528 2414 7242 2527 2414 7243 2548 2414 7244 2528 2415 7245 2529 2415 7246 2540 2415 7247 2530 2416 7248 2531 2416 7249 2529 2416 7250 2532 2417 7251 2531 2417 7252 2533 2417 7253 2529 2418 7254 2531 2418 7255 2532 2418 7256 2533 2419 7257 2544 2419 7258 2254 2419 7259 2254 2420 7260 2534 2420 7261 2533 2420 7262 2535 2421 7263 2538 2421 7264 2534 2421 7265 2538 2422 7266 2535 2422 7267 2536 2422 7268 2257 2423 7269 2536 2423 7270 2256 2423 7271 2536 2424 7272 2535 2424 7273 2256 2424 7274 2538 2425 7275 2536 2425 7276 2537 2425 7277 2541 2426 7278 2537 2426 7279 2259 2426 7280 2537 2427 7281 2541 2427 7282 2539 2427 7283 2259 2428 7284 2537 2428 7285 2536 2428 7286 2538 2429 7287 2537 2429 7288 2539 2429 7289 2532 2430 7290 2534 2430 7291 2538 2430 7292 2532 2431 7293 2538 2431 7294 2539 2431 7295 2529 2432 7296 2532 2432 7297 2539 2432 7298 2529 2433 7299 2539 2433 7300 2540 2433 7301 2541 2434 7302 2540 2434 7303 2539 2434 7304 2541 2435 7305 2542 2435 7306 2540 2435 7307 2259 2436 7308 2542 2436 7309 2541 2436 7310 2267 2437 7311 2542 2437 7312 2259 2437 7313 2267 2438 7314 2488 2438 7315 2543 2438 7316 2488 2439 7317 2487 2439 7318 2543 2439 7319 2542 2440 7320 2267 2440 7321 2543 2440 7322 2542 2441 7323 2543 2441 7324 2540 2441 7325 2528 2442 7326 2540 2442 7327 2543 2442 7328 2532 2443 7329 2533 2443 7330 2534 2443 7331 2546 2444 7332 2544 2444 7333 2545 2444 7334 2546 2445 7335 2262 2445 7336 2255 2445 7337 2255 2446 7338 2544 2446 7339 2546 2446 7340 2254 2447 7341 2544 2447 7342 2255 2447 7343 2256 2448 7344 2254 2448 7345 2255 2448 7346 2262 2449 7347 2263 2449 7348 2255 2449 7349 2262 2450 7350 2546 2450 7351 2519 2450 7352 2546 2451 7353 2545 2451 7354 2547 2451 7355 2545 2452 7356 2530 2452 7357 2547 2452 7358 2530 2453 7359 2548 2453 7360 2547 2453 7361 2519 2454 7362 2546 2454 7363 2547 2454 7364 2547 2455 7365 2520 2455 7366 2519 2455 7367 2520 2456 7368 2547 2456 7369 2548 2456 7370 2529 2457 7371 2548 2457 7372 2530 2457 7373 2529 2458 7374 2528 2458 7375 2548 2458 7376 2545 2459 7377 2531 2459 7378 2530 2459 7379 2533 2460 7380 2531 2460 7381 2545 2460 7382 2544 2461 7383 2533 2461 7384 2545 2461 7385 2548 2462 7386 2527 2462 7387 2520 2462 7388 2264 2463 7389 2263 2463 7390 2518 2463 7391 2264 2464 7392 2518 2464 7393 2516 2464 7394 2549 2465 7395 2264 2465 7396 2516 2465 7397 2549 2466 7398 2516 2466 7399 2550 2466 7400 2515 2467 7401 2514 2467 7402 2550 2467 7403 2550 2468 7404 2514 2468 7405 2485 2468 7406 2549 2469 7407 2550 2469 7408 2484 2469 7409 2551 2470 7410 2264 2470 7411 2549 2470 7412 2475 2471 7413 2551 2471 7414 2549 2471 7415 2552 2472 7416 2554 2472 7417 2475 2472 7418 2553 2473 7419 2552 2473 7420 2475 2473 7421 2275 2474 7422 2553 2474 7423 2455 2474 7424 2553 2475 7425 2475 2475 7426 2455 2475 7427 2554 2476 7428 2552 2476 7429 2269 2476 7430 2265 2477 7431 2554 2477 7432 2266 2477 7433 2268 2478 7434 2266 2478 7435 2554 2478 7436 2269 2479 7437 2268 2479 7438 2554 2479 7439 2554 2480 7440 2265 2480 7441 2551 2480 7442 2554 2481 7443 2551 2481 7444 2475 2481 7445 2551 2482 7446 2261 2482 7447 2264 2482 7448 2551 2483 7449 2265 2483 7450 2261 2483 7451 2552 2484 7452 2271 2484 7453 2269 2484 7454 2271 2485 7455 2552 2485 7456 2553 2485 7457 2518 2486 7458 2523 2486 7459 2515 2486 7460 2516 2487 7461 2518 2487 7462 2515 2487 7463 2490 2488 7464 2498 2488 7465 2497 2488 7466 2507 2489 7467 2493 2489 7468 2555 2489 7469 2526 2490 7470 2489 2490 7471 2491 2490 7472 2526 2491 7473 2491 2491 7474 2525 2491 7475 2269 2492 7476 2270 2492 7477 2488 2492 7478 2486 2493 7479 2507 2493 7480 2555 2493 7481 2555 2494 7482 2482 2494 7483 2483 2494 7484 2484 2495 7485 2476 2495 7486 2549 2495 7487 2473 2496 7488 2476 2496 7489 2472 2496 7490 2468 2497 7491 2467 2497 7492 2284 2497 7493 2285 2498 7494 2468 2498 7495 2284 2498 7496 2287 2499 7497 2288 2499 7498 2290 2499 7499 2272 2500 7500 2271 2500 7501 2553 2500 7502 2261 2501 7503 2255 2501 7504 2263 2501 7505 954 2502 7506 957 2502 7507 956 2502 7508 958 2503 7509 957 2503 7510 1271 2503 7511 995 2504 7512 961 2504 7513 960 2504 7514 995 2505 7515 960 2505 7516 996 2505 7517 1271 2506 7518 995 2506 7519 996 2506 7520 959 2507 7521 962 2507 7522 958 2507 7523 1293 2508 7524 962 2508 7525 997 2508 7526 997 2509 7527 998 2509 7528 1293 2509 7529 998 2510 7530 999 2510 7531 1293 2510 7532 1293 2511 7533 967 2511 7534 963 2511 7535 967 2512 7536 966 2512 7537 965 2512 7538 968 2513 7539 965 2513 7540 1000 2513 7541 1001 2514 7542 970 2514 7543 969 2514 7544 1000 2515 7545 1001 2515 7546 969 2515 7547 973 2516 7548 971 2516 7549 968 2516 7550 976 2517 7551 975 2517 7552 971 2517 7553 977 2518 7554 975 2518 7555 979 2518 7556 979 2519 7557 1296 2519 7558 978 2519 7559 979 2520 7560 1294 2520 7561 1296 2520 7562 980 2521 7563 977 2521 7564 1002 2521 7565 1299 2522 7566 982 2522 7567 981 2522 7568 984 2523 7569 981 2523 7570 982 2523 7571 987 2524 7572 984 2524 7573 1003 2524 7574 986 2525 7575 1018 2525 7576 1004 2525 7577 1003 2526 7578 986 2526 7579 1004 2526 7580 987 2527 7581 985 2527 7582 988 2527 7583 989 2528 7584 988 2528 7585 991 2528 7586 994 2529 7587 993 2529 7588 992 2529 7589 1006 2530 7590 994 2530 7591 992 2530 7592 991 2531 7593 1005 2531 7594 1006 2531 7595 991 2532 7596 990 2532 7597 1005 2532 7598 1006 2533 7599 992 2533 7600 991 2533 7601 992 2534 7602 989 2534 7603 991 2534 7604 989 2535 7605 987 2535 7606 988 2535 7607 1004 2536 7608 987 2536 7609 1003 2536 7610 1004 2537 7611 985 2537 7612 987 2537 7613 984 2538 7614 1065 2538 7615 1003 2538 7616 982 2539 7617 1064 2539 7618 984 2539 7619 1064 2540 7620 1065 2540 7621 984 2540 7622 980 2541 7623 1255 2541 7624 1299 2541 7625 1299 2542 7626 981 2542 7627 980 2542 7628 980 2543 7629 983 2543 7630 1255 2543 7631 1002 2544 7632 983 2544 7633 980 2544 7634 977 2545 7635 978 2545 7636 1002 2545 7637 978 2546 7638 977 2546 7639 979 2546 7640 975 2547 7641 976 2547 7642 979 2547 7643 972 2548 7644 976 2548 7645 971 2548 7646 973 2549 7647 972 2549 7648 971 2549 7649 974 2550 7650 1133 2550 7651 973 2550 7652 968 2551 7653 974 2551 7654 973 2551 7655 968 2552 7656 969 2552 7657 974 2552 7658 969 2553 7659 968 2553 7660 1000 2553 7661 965 2554 7662 966 2554 7663 1000 2554 7664 967 2555 7665 965 2555 7666 963 2555 7667 962 2556 7668 964 2556 7669 997 2556 7670 1293 2557 7671 963 2557 7672 962 2557 7673 959 2558 7674 964 2558 7675 962 2558 7676 996 2559 7677 958 2559 7678 1271 2559 7679 996 2560 7680 959 2560 7681 958 2560 7682 957 2561 7683 954 2561 7684 1271 2561 7685 954 2562 7686 956 2562 7687 955 2562 7688 1008 2563 7689 1009 2563 7690 1010 2563 7691 955 2564 7692 1015 2564 7693 954 2564 7694 1058 2565 7695 1015 2565 7696 1057 2565 7697 1328 2566 7698 1327 2566 7699 1051 2566 7700 1056 2567 7701 1053 2567 7702 1051 2567 7703 1471 2568 7704 1334 2568 7705 1747 2568 7706 1448 2569 7707 1749 2569 7708 1449 2569 7709 1448 2570 7710 1449 2570 7711 1451 2570 7712 1451 2571 7713 1750 2571 7714 1448 2571 7715 1644 2572 7716 1751 2572 7717 1645 2572 7718 1752 2573 7719 1646 2573 7720 1645 2573 7721 1752 2574 7722 1754 2574 7723 1755 2574 7724 1752 2575 7725 1755 2575 7726 1641 2575 7727 1641 2576 7728 1646 2576 7729 1752 2576 7730 1752 2577 7731 1753 2577 7732 1754 2577 7733 1753 2578 7734 1447 2578 7735 1754 2578 7736 1447 2579 7737 1753 2579 7738 1450 2579 7739 1645 2580 7740 1751 2580 7741 1752 2580 7742 1751 2581 7743 1753 2581 7744 1752 2581 7745 1751 2582 7746 1450 2582 7747 1753 2582 7748 1644 2583 7749 1640 2583 7750 1750 2583 7751 1640 2584 7752 1417 2584 7753 1471 2584 7754 1471 2585 7755 1417 2585 7756 1333 2585 7757 1073 2586 7758 1334 2586 7759 1333 2586 7760 1073 2587 7761 1074 2587 7762 1052 2587 7763 1124 2588 7764 1057 2588 7765 1074 2588 7766 1470 2589 7767 1075 2589 7768 1073 2589 7769 1469 2590 7770 1417 2590 7771 1497 2590 7772 1497 2591 7773 1496 2591 7774 1626 2591 7775 1469 2592 7776 1497 2592 7777 1626 2592 7778 1417 2593 7779 1640 2593 7780 1497 2593 7781 1470 2594 7782 1417 2594 7783 1469 2594 7784 1074 2595 7785 1073 2595 7786 1075 2595 7787 1075 2596 7788 1237 2596 7789 1124 2596 7790 1124 2597 7791 1074 2597 7792 1075 2597 7793 1237 2598 7794 1125 2598 7795 1124 2598 7796 1073 2599 7797 1333 2599 7798 1470 2599 7799 1471 2600 7800 1333 2600 7801 1334 2600 7802 1470 2601 7803 1333 2601 7804 1417 2601 7805 1751 2602 7806 1644 2602 7807 1750 2602 7808 1750 2603 7809 1450 2603 7810 1751 2603 7811 1750 2604 7812 1640 2604 7813 1448 2604 7814 1451 2605 7815 1450 2605 7816 1750 2605 7817 1451 2606 7818 1447 2606 7819 1450 2606 7820 1744 2607 7821 1449 2607 7822 1749 2607 7823 1749 2608 7824 1745 2608 7825 1744 2608 7826 1749 2609 7827 1746 2609 7828 1745 2609 7829 1747 2610 7830 1748 2610 7831 1746 2610 7832 1749 2611 7833 1747 2611 7834 1746 2611 7835 1448 2612 7836 1640 2612 7837 1749 2612 7838 1640 2613 7839 1747 2613 7840 1749 2613 7841 1471 2614 7842 1747 2614 7843 1640 2614 7844 1334 2615 7845 1053 2615 7846 1747 2615 7847 1073 2616 7848 1052 2616 7849 1334 2616 7850 1053 2617 7851 1334 2617 7852 1052 2617 7853 1051 2618 7854 1053 2618 7855 1329 2618 7856 1054 2619 7857 1056 2619 7858 1051 2619 7859 1051 2620 7860 1055 2620 7861 1054 2620 7862 1327 2621 7863 1055 2621 7864 1051 2621 7865 1051 2622 7866 1061 2622 7867 1328 2622 7868 1027 2623 7869 1061 2623 7870 1329 2623 7871 1061 2624 7872 1051 2624 7873 1329 2624 7874 955 2625 7875 1027 2625 7876 1329 2625 7877 1329 2626 7878 1053 2626 7879 1052 2626 7880 1057 2627 7881 1052 2627 7882 1074 2627 7883 1329 2628 7884 1052 2628 7885 1057 2628 7886 1057 2629 7887 1015 2629 7888 1329 2629 7889 1062 2630 7890 1015 2630 7891 1058 2630 7892 1058 2631 7893 1273 2631 7894 1062 2631 7895 1015 2632 7896 1062 2632 7897 954 2632 7898 955 2633 7899 1329 2633 7900 1015 2633 7901 1080 2634 7902 1083 2634 7903 1077 2634 7904 1082 2635 7905 1081 2635 7906 1110 2635 7907 1110 2636 7908 1109 2636 7909 1193 2636 7910 1082 2637 7911 1110 2637 7912 1193 2637 7913 1080 2638 7914 1049 2638 7915 1079 2638 7916 1303 2639 7917 1065 2639 7918 1064 2639 7919 1259 2640 7920 1303 2640 7921 1302 2640 7922 1300 2641 7923 1302 2641 7924 1301 2641 7925 1064 2642 7926 982 2642 7927 1301 2642 7928 1301 2643 7929 982 2643 7930 1299 2643 7931 1254 2644 7932 1300 2644 7933 1255 2644 7934 1300 2645 7935 1299 2645 7936 1255 2645 7937 1300 2646 7938 1301 2646 7939 1299 2646 7940 1302 2647 7941 1300 2647 7942 1260 2647 7943 1300 2648 7944 1254 2648 7945 1260 2648 7946 1260 2649 7947 1259 2649 7948 1302 2649 7949 1046 2650 7950 1304 2650 7951 1259 2650 7952 1259 2651 7953 1304 2651 7954 1303 2651 7955 1301 2652 7956 1302 2652 7957 1303 2652 7958 1064 2653 7959 1301 2653 7960 1303 2653 7961 1003 2654 7962 1253 2654 7963 986 2654 7964 1304 2655 7965 1003 2655 7966 1065 2655 7967 1065 2656 7968 1303 2656 7969 1304 2656 7970 1046 2657 7971 1253 2657 7972 1304 2657 7973 1003 2658 7974 1304 2658 7975 1253 2658 7976 1079 2659 7977 1019 2659 7978 1253 2659 7979 985 2660 7980 1004 2660 7981 1312 2660 7982 1312 2661 7983 1007 2661 7984 985 2661 7985 1308 2662 7986 1306 2662 7987 988 2662 7988 1309 2663 7989 1307 2663 7990 1306 2663 7991 1250 2664 7992 1249 2664 7993 1307 2664 7994 1305 2665 7995 990 2665 7996 991 2665 7997 1305 2666 7998 1249 2666 7999 990 2666 8000 1307 2667 8001 1249 2667 8002 1305 2667 8003 1311 2668 8004 1247 2668 8005 1250 2668 8006 1009 2669 8007 1008 2669 8008 1310 2669 8009 1312 2670 8010 1311 2670 8011 1310 2670 8012 1247 2671 8013 1312 2671 8014 1047 2671 8015 1105 2672 8016 1247 2672 8017 1048 2672 8018 1078 2673 8019 1231 2673 8020 1105 2673 8021 1105 2674 8022 1048 2674 8023 1078 2674 8024 1231 2675 8025 1106 2675 8026 1105 2675 8027 1247 2676 8028 1047 2676 8029 1048 2676 8030 1312 2677 8031 1247 2677 8032 1311 2677 8033 1305 2678 8034 1306 2678 8035 1307 2678 8036 1307 2679 8037 1309 2679 8038 1250 2679 8039 1250 2680 8040 1309 2680 8041 1311 2680 8042 1306 2681 8043 1308 2681 8044 1309 2681 8045 1309 2682 8046 1308 2682 8047 1311 2682 8048 991 2683 8049 1306 2683 8050 1305 2683 8051 1306 2684 8052 991 2684 8053 988 2684 8054 1311 2685 8055 1007 2685 8056 1310 2685 8057 1007 2686 8058 1009 2686 8059 1310 2686 8060 1008 2687 8061 1007 2687 8062 1310 2687 8063 1007 2688 8064 1010 2688 8065 1009 2688 8066 1007 2689 8067 1008 2689 8068 1010 2689 8069 1007 2690 8070 1312 2690 8071 1310 2690 8072 1308 2691 8073 1007 2691 8074 1311 2691 8075 985 2692 8076 1007 2692 8077 988 2692 8078 1007 2693 8079 1308 2693 8080 988 2693 8081 1004 2694 8082 1018 2694 8083 1019 2694 8084 1312 2695 8085 1004 2695 8086 1019 2695 8087 1253 2696 8088 1046 2696 8089 1079 2696 8090 1079 2697 8091 1047 2697 8092 1019 2697 8093 1046 2698 8094 1080 2698 8095 1079 2698 8096 1259 2699 8097 1081 2699 8098 1046 2699 8099 1259 2700 8100 1110 2700 8101 1081 2700 8102 1082 2701 8103 1083 2701 8104 1081 2701 8105 1081 2702 8106 1080 2702 8107 1046 2702 8108 1083 2703 8109 1080 2703 8110 1081 2703 8111 1078 2704 8112 1048 2704 8113 1077 2704 8114 1080 2705 8115 1077 2705 8116 1049 2705 8117 1048 2706 8118 1049 2706 8119 1077 2706 8120 1048 2707 8121 1047 2707 8122 1049 2707 8123 1049 2708 8124 1047 2708 8125 1079 2708 8126 1312 2709 8127 1019 2709 8128 1047 2709 8129 1284 2710 8130 1283 2710 8131 1282 2710 8132 1283 2711 8133 1284 2711 8134 1268 2711 8135 1285 2712 8136 1267 2712 8137 1268 2712 8138 1292 2713 8139 1039 2713 8140 1070 2713 8141 1293 2714 8142 999 2714 8143 1039 2714 8144 967 2715 8145 1290 2715 8146 966 2715 8147 1131 2716 8148 1070 2716 8149 1069 2716 8150 1069 2717 8151 1245 2717 8152 1131 2717 8153 1245 2718 8154 1132 2718 8155 1131 2718 8156 1131 2719 8157 1291 2719 8158 1070 2719 8159 1291 2720 8160 1292 2720 8161 1070 2720 8162 1289 2721 8163 1290 2721 8164 1291 2721 8165 1265 2722 8166 1264 2722 8167 1059 2722 8168 1288 2723 8169 1059 2723 8170 1286 2723 8171 1264 2724 8172 1263 2724 8173 1059 2724 8174 1001 2725 8175 1000 2725 8176 1059 2725 8177 1059 2726 8178 1263 2726 8179 1001 2726 8180 1000 2727 8181 1286 2727 8182 1059 2727 8183 1286 2728 8184 1287 2728 8185 1288 2728 8186 1059 2729 8187 1288 2729 8188 1265 2729 8189 1265 2730 8190 1288 2730 8191 1289 2730 8192 1288 2731 8193 1290 2731 8194 1289 2731 8195 1288 2732 8196 1287 2732 8197 1290 2732 8198 1290 2733 8199 1292 2733 8200 1291 2733 8201 1290 2734 8202 1287 2734 8203 966 2734 8204 1287 2735 8205 1286 2735 8206 966 2735 8207 1286 2736 8208 1000 2736 8209 966 2736 8210 1292 2737 8211 1290 2737 8212 967 2737 8213 1293 2738 8214 1292 2738 8215 967 2738 8216 1039 2739 8217 1292 2739 8218 1293 2739 8219 1090 2740 8220 1069 2740 8221 1071 2740 8222 1069 2741 8223 1070 2741 8224 1071 2741 8225 1071 2742 8226 1038 2742 8227 1090 2742 8228 1090 2743 8229 1072 2743 8230 1169 2743 8231 1169 2744 8232 1117 2744 8233 1168 2744 8234 1072 2745 8235 1037 2745 8236 1117 2745 8237 1117 2746 8238 1116 2746 8239 1168 2746 8240 1169 2747 8241 1072 2747 8242 1117 2747 8243 1038 2748 8244 1072 2748 8245 1090 2748 8246 1072 2749 8247 1281 2749 8248 1037 2749 8249 1281 2750 8250 1072 2750 8251 1038 2750 8252 1038 2751 8253 1266 2751 8254 1281 2751 8255 1266 2752 8256 1038 2752 8257 1071 2752 8258 1071 2753 8259 1070 2753 8260 1039 2753 8261 1071 2754 8262 1039 2754 8263 1266 2754 8264 1280 2755 8265 1281 2755 8266 1266 2755 8267 1280 2756 8268 1266 2756 8269 998 2756 8270 1280 2757 8271 998 2757 8272 997 2757 8273 1280 2758 8274 997 2758 8275 964 2758 8276 964 2759 8277 1281 2759 8278 1280 2759 8279 959 2760 8280 996 2760 8281 1020 2760 8282 1285 2761 8283 996 2761 8284 960 2761 8285 960 2762 8286 1267 2762 8287 1285 2762 8288 1285 2763 8289 1020 2763 8290 996 2763 8291 1268 2764 8292 1037 2764 8293 1283 2764 8294 1268 2765 8295 1284 2765 8296 1285 2765 8297 1284 2766 8298 1020 2766 8299 1285 2766 8300 1282 2767 8301 1020 2767 8302 1284 2767 8303 959 2768 8304 1282 2768 8305 964 2768 8306 959 2769 8307 1020 2769 8308 1282 2769 8309 964 2770 8310 1282 2770 8311 1281 2770 8312 1281 2771 8313 1282 2771 8314 1283 2771 8315 1283 2772 8316 1037 2772 8317 1281 2772 8318 1345 2773 8319 1278 2773 8320 1347 2773 8321 1347 2774 8322 1348 2774 8323 1346 2774 8324 1346 2775 8325 1348 2775 8326 1342 2775 8327 1564 2776 8328 1563 2776 8329 1762 2776 8330 1632 2777 8331 1567 2777 8332 1566 2777 8333 1468 2778 8334 1466 2778 8335 1567 2778 8336 1466 2779 8337 1337 2779 8338 1345 2779 8339 1183 2780 8340 1345 2780 8341 1337 2780 8342 1184 2781 8343 1183 2781 8344 1232 2781 8345 1232 2782 8346 1236 2782 8347 1224 2782 8348 992 2783 8349 1218 2783 8350 1226 2783 8351 1341 2784 8352 1184 2784 8353 1218 2784 8354 1348 2785 8355 1347 2785 8356 1011 2785 8357 1340 2786 8358 1011 2786 8359 1278 2786 8360 1185 2787 8361 1278 2787 8362 1183 2787 8363 1185 2788 8364 1340 2788 8365 1278 2788 8366 1340 2789 8367 1343 2789 8368 1011 2789 8369 1348 2790 8370 1011 2790 8371 1343 2790 8372 1763 2791 8373 1342 2791 8374 1350 2791 8375 1564 2792 8376 1763 2792 8377 1386 2792 8378 1492 2793 8379 1386 2793 8380 1385 2793 8381 1487 2794 8382 1385 2794 8383 1768 2794 8384 1381 2795 8385 1382 2795 8386 1768 2795 8387 1573 2796 8388 1769 2796 8389 1770 2796 8390 1575 2797 8391 1770 2797 8392 1771 2797 8393 1576 2798 8394 1771 2798 8395 1772 2798 8396 1576 2799 8397 1772 2799 8398 1773 2799 8399 1541 2800 8400 1773 2800 8401 1774 2800 8402 1544 2801 8403 1774 2801 8404 1775 2801 8405 1598 2802 8406 1544 2802 8407 1776 2802 8408 1554 2803 8409 1598 2803 8410 1778 2803 8411 1556 2804 8412 1554 2804 8413 1779 2804 8414 1558 2805 8415 1779 2805 8416 1780 2805 8417 1765 2806 8418 1558 2806 8419 1780 2806 8420 1614 2807 8421 1615 2807 8422 1560 2807 8423 1562 2808 8424 1614 2808 8425 1560 2808 8426 1694 2809 8427 1560 2809 8428 1625 2809 8429 1615 2810 8430 1627 2810 8431 1625 2810 8432 1614 2811 8433 1612 2811 8434 1615 2811 8435 1626 2812 8436 1630 2812 8437 1618 2812 8438 1630 2813 8439 1629 2813 8440 1617 2813 8441 1579 2814 8442 1469 2814 8443 1626 2814 8444 1075 2815 8445 1344 2815 8446 1275 2815 8447 1237 2816 8448 1275 2816 8449 1167 2816 8450 1338 2817 8451 1025 2817 8452 1022 2817 8453 1022 2818 8454 1021 2818 8455 1091 2818 8456 957 2819 8457 1093 2819 8458 1091 2819 8459 958 2820 8460 1173 2820 8461 1093 2820 8462 1172 2821 8463 1173 2821 8464 1177 2821 8465 1178 2822 8466 1182 2822 8467 1033 2822 8468 1040 2823 8469 1041 2823 8470 1032 2823 8471 1172 2824 8472 1034 2824 8473 1246 2824 8474 1034 2825 8475 1043 2825 8476 1246 2825 8477 1034 2826 8478 1035 2826 8479 1032 2826 8480 1034 2827 8481 1036 2827 8482 1035 2827 8483 1181 2828 8484 1033 2828 8485 1182 2828 8486 1069 2829 8487 1043 2829 8488 1181 2829 8489 1169 2830 8490 1043 2830 8491 1090 2830 8492 1169 2831 8493 1170 2831 8494 1171 2831 8495 1243 2832 8496 1240 2832 8497 1241 2832 8498 1095 2833 8499 1096 2833 8500 1240 2833 8501 1096 2834 8502 1242 2834 8503 1240 2834 8504 1243 2835 8505 1095 2835 8506 1240 2835 8507 1239 2836 8508 1244 2836 8509 1243 2836 8510 1243 2837 8511 1241 2837 8512 1239 2837 8513 1242 2838 8514 1241 2838 8515 1240 2838 8516 1242 2839 8517 1239 2839 8518 1241 2839 8519 1242 2840 8520 1170 2840 8521 1239 2840 8522 1171 2841 8523 1170 2841 8524 1173 2841 8525 1246 2842 8526 1169 2842 8527 1171 2842 8528 1239 2843 8529 1170 2843 8530 1168 2843 8531 1168 2844 8532 1244 2844 8533 1239 2844 8534 1169 2845 8535 1168 2845 8536 1170 2845 8537 1069 2846 8538 1090 2846 8539 1043 2846 8540 1206 2847 8541 1207 2847 8542 1228 2847 8543 1213 2848 8544 1214 2848 8545 1209 2848 8546 1215 2849 8547 1209 2849 8548 1210 2849 8549 1215 2850 8550 1142 2850 8551 1227 2850 8552 1142 2851 8553 1089 2851 8554 1227 2851 8555 1085 2852 8556 1089 2852 8557 1151 2852 8558 1151 2853 8559 1149 2853 8560 1194 2853 8561 977 2854 8562 1147 2854 8563 1143 2854 8564 1145 2855 8565 1148 2855 8566 1277 2855 8567 1216 2856 8568 1207 2856 8569 1208 2856 8570 1211 2857 8571 1207 2857 8572 1206 2857 8573 963 2858 8574 1040 2858 8575 1175 2858 8576 963 2859 8577 1176 2859 8578 1040 2859 8579 963 2860 8580 965 2860 8581 1176 2860 8582 965 2861 8583 968 2861 8584 1211 2861 8585 965 2862 8586 1211 2862 8587 1176 2862 8588 1178 2863 8589 1176 2863 8590 1180 2863 8591 1180 2864 8592 1179 2864 8593 1178 2864 8594 1211 2865 8595 1180 2865 8596 1176 2865 8597 1179 2866 8598 1180 2866 8599 1206 2866 8600 1180 2867 8601 1211 2867 8602 1206 2867 8603 1211 2868 8604 1208 2868 8605 1207 2868 8606 968 2869 8607 1212 2869 8608 1211 2869 8609 1212 2870 8610 1208 2870 8611 1211 2870 8612 968 2871 8613 971 2871 8614 1212 2871 8615 971 2872 8616 975 2872 8617 1145 2872 8618 1212 2873 8619 1210 2873 8620 1214 2873 8621 1141 2874 8622 1144 2874 8623 1276 2874 8624 1140 2875 8625 1276 2875 8626 1186 2875 8627 1029 2876 8628 1030 2876 8629 1187 2876 8630 1030 2877 8631 1151 2877 8632 1187 2877 8633 1186 2878 8634 1188 2878 8635 1140 2878 8636 1031 2879 8637 1042 2879 8638 1030 2879 8639 1031 2880 8640 1029 2880 8641 1143 2880 8642 1143 2881 8643 1042 2881 8644 1031 2881 8645 1029 2882 8646 1031 2882 8647 1030 2882 8648 1277 2883 8649 1276 2883 8650 1144 2883 8651 1186 2884 8652 1029 2884 8653 1187 2884 8654 1186 2885 8655 1277 2885 8656 1029 2885 8657 1276 2886 8658 1277 2886 8659 1186 2886 8660 1140 2887 8661 1142 2887 8662 1141 2887 8663 1141 2888 8664 1276 2888 8665 1140 2888 8666 1146 2889 8667 1144 2889 8668 1141 2889 8669 1146 2890 8670 1215 2890 8671 1210 2890 8672 1141 2891 8673 1215 2891 8674 1146 2891 8675 971 2892 8676 1146 2892 8677 1212 2892 8678 1146 2893 8679 1210 2893 8680 1212 2893 8681 971 2894 8682 1145 2894 8683 1146 2894 8684 1146 2895 8685 1145 2895 8686 1144 2895 8687 1144 2896 8688 1145 2896 8689 1277 2896 8690 1029 2897 8691 1277 2897 8692 1148 2897 8693 1148 2898 8694 1143 2898 8695 1029 2898 8696 975 2899 8697 1148 2899 8698 1145 2899 8699 1150 2900 8700 1030 2900 8701 1042 2900 8702 1151 2901 8703 1150 2901 8704 1149 2901 8705 1150 2902 8706 1151 2902 8707 1030 2902 8708 1150 2903 8709 1042 2903 8710 1147 2903 8711 1147 2904 8712 1042 2904 8713 1143 2904 8714 975 2905 8715 1143 2905 8716 1148 2905 8717 975 2906 8718 977 2906 8719 1143 2906 8720 1197 2907 8721 1150 2907 8722 1147 2907 8723 977 2908 8724 1197 2908 8725 1147 2908 8726 977 2909 8727 980 2909 8728 1197 2909 8729 1193 2910 8730 1200 2910 8731 1201 2910 8732 1155 2911 8733 1201 2911 8734 1198 2911 8735 1155 2912 8736 1198 2912 8737 1197 2912 8738 981 2913 8739 984 2913 8740 1155 2913 8741 984 2914 8742 1159 2914 8743 1158 2914 8744 1152 2915 8745 1156 2915 8746 1190 2915 8747 1154 2916 8748 1153 2916 8749 1190 2916 8750 1191 2917 8751 1189 2917 8752 1154 2917 8753 1223 2918 8754 1225 2918 8755 1217 2918 8756 1159 2919 8757 1160 2919 8758 1192 2919 8759 1190 2920 8760 1012 2920 8761 1013 2920 8762 1013 2921 8763 1192 2921 8764 1028 2921 8765 1013 2922 8766 1028 2922 8767 1191 2922 8768 1154 2923 8769 1013 2923 8770 1191 2923 8771 1013 2924 8772 1154 2924 8773 1190 2924 8774 1156 2925 8775 1013 2925 8776 1012 2925 8777 1156 2926 8778 1158 2926 8779 1013 2926 8780 1158 2927 8781 1192 2927 8782 1013 2927 8783 1158 2928 8784 1159 2928 8785 1192 2928 8786 1160 2929 8787 1028 2929 8788 1192 2929 8789 1160 2930 8790 1159 2930 8791 1157 2930 8792 1161 2931 8793 1160 2931 8794 1157 2931 8795 1161 2932 8796 1223 2932 8797 1217 2932 8798 1161 2933 8799 1157 2933 8800 1223 2933 8801 987 2934 8802 1157 2934 8803 1159 2934 8804 987 2935 8805 1223 2935 8806 1157 2935 8807 987 2936 8808 1225 2936 8809 1223 2936 8810 987 2937 8811 989 2937 8812 1225 2937 8813 989 2938 8814 1226 2938 8815 1225 2938 8816 1220 2939 8817 1221 2939 8818 1234 2939 8819 1226 2940 8820 1221 2940 8821 1220 2940 8822 1225 2941 8823 1226 2941 8824 1220 2941 8825 1220 2942 8826 1234 2942 8827 1233 2942 8828 1233 2943 8829 1219 2943 8830 1220 2943 8831 1225 2944 8832 1220 2944 8833 1219 2944 8834 1219 2945 8835 1233 2945 8836 1231 2945 8837 1231 2946 8838 1078 2946 8839 1163 2946 8840 1153 2947 8841 1077 2947 8842 1083 2947 8843 1190 2948 8844 1153 2948 8845 1201 2948 8846 1201 2949 8847 1152 2949 8848 1190 2949 8849 1153 2950 8850 1163 2950 8851 1077 2950 8852 1163 2951 8853 1189 2951 8854 1161 2951 8855 1078 2952 8856 1077 2952 8857 1163 2952 8858 1217 2953 8859 1225 2953 8860 1219 2953 8861 1163 2954 8862 1217 2954 8863 1231 2954 8864 1217 2955 8865 1219 2955 8866 1231 2955 8867 1217 2956 8868 1163 2956 8869 1161 2956 8870 1161 2957 8871 1162 2957 8872 1160 2957 8873 1162 2958 8874 1191 2958 8875 1028 2958 8876 1160 2959 8877 1162 2959 8878 1028 2959 8879 1162 2960 8880 1161 2960 8881 1191 2960 8882 1161 2961 8883 1189 2961 8884 1191 2961 8885 1156 2962 8886 1012 2962 8887 1190 2962 8888 1155 2963 8889 1156 2963 8890 1152 2963 8891 1155 2964 8892 1152 2964 8893 1201 2964 8894 1156 2965 8895 1155 2965 8896 1158 2965 8897 984 2966 8898 987 2966 8899 1159 2966 8900 984 2967 8901 1158 2967 8902 1155 2967 8903 1198 2968 8904 1201 2968 8905 1200 2968 8906 1083 2969 8907 1193 2969 8908 1153 2969 8909 1193 2970 8910 1201 2970 8911 1153 2970 8912 1083 2971 8913 1082 2971 8914 1193 2971 8915 1199 2972 8916 1198 2972 8917 1200 2972 8918 1197 2973 8919 1198 2973 8920 1199 2973 8921 1197 2974 8922 1199 2974 8923 1196 2974 8924 981 2975 8925 1155 2975 8926 1197 2975 8927 1199 2976 8928 1195 2976 8929 1196 2976 8930 1195 2977 8931 1199 2977 8932 1203 2977 8933 1193 2978 8934 1203 2978 8935 1200 2978 8936 1203 2979 8937 1199 2979 8938 1200 2979 8939 980 2980 8940 981 2980 8941 1197 2980 8942 1203 2981 8943 1202 2981 8944 1195 2981 8945 1196 2982 8946 1195 2982 8947 1149 2982 8948 1150 2983 8949 1197 2983 8950 1149 2983 8951 1197 2984 8952 1196 2984 8953 1149 2984 8954 1149 2985 8955 1195 2985 8956 1202 2985 8957 1194 2986 8958 1149 2986 8959 1202 2986 8960 1151 2987 8961 1194 2987 8962 1085 2987 8963 1194 2988 8964 1087 2988 8965 1085 2988 8966 1089 2989 8967 1188 2989 8968 1151 2989 8969 1142 2990 8970 1188 2990 8971 1089 2990 8972 1141 2991 8973 1142 2991 8974 1215 2991 8975 1227 2992 8976 1209 2992 8977 1215 2992 8978 1227 2993 8979 1230 2993 8980 1209 2993 8981 1230 2994 8982 1213 2994 8983 1209 2994 8984 1210 2995 8985 1209 2995 8986 1214 2995 8987 1212 2996 8988 1214 2996 8989 1208 2996 8990 1229 2997 8991 1216 2997 8992 1208 2997 8993 1213 2998 8994 1230 2998 8995 1229 2998 8996 1229 2999 8997 1214 2999 8998 1213 2999 8999 1229 3000 9000 1208 3000 9001 1214 3000 9002 1207 3001 9003 1216 3001 9004 1228 3001 9005 1245 3002 9006 1179 3002 9007 1206 3002 9008 1181 3003 9009 1179 3003 9010 1245 3003 9011 1206 3004 9012 1228 3004 9013 1245 3004 9014 1069 3005 9015 1181 3005 9016 1245 3005 9017 1178 3006 9018 1179 3006 9019 1182 3006 9020 1179 3007 9021 1181 3007 9022 1182 3007 9023 1034 3008 9024 1032 3008 9025 1043 3008 9026 1032 3009 9027 1033 3009 9028 1043 3009 9029 1033 3010 9030 1181 3010 9031 1043 3010 9032 1171 3011 9033 1172 3011 9034 1246 3011 9035 1036 3012 9036 1172 3012 9037 1177 3012 9038 1036 3013 9039 1034 3013 9040 1172 3013 9041 1036 3014 9042 1177 3014 9043 1175 3014 9044 1175 3015 9045 1035 3015 9046 1036 3015 9047 1041 3016 9048 1033 3016 9049 1032 3016 9050 1041 3017 9051 1178 3017 9052 1033 3017 9053 1041 3018 9054 1176 3018 9055 1178 3018 9056 1040 3019 9057 1176 3019 9058 1041 3019 9059 1175 3020 9060 1040 3020 9061 1035 3020 9062 1040 3021 9063 1032 3021 9064 1035 3021 9065 1174 3022 9066 1175 3022 9067 1177 3022 9068 1171 3023 9069 1173 3023 9070 1172 3023 9071 1177 3024 9072 1173 3024 9073 1174 3024 9074 962 3025 9075 1174 3025 9076 1173 3025 9077 962 3026 9078 1175 3026 9079 1174 3026 9080 962 3027 9081 963 3027 9082 1175 3027 9083 1173 3028 9084 1170 3028 9085 1242 3028 9086 958 3029 9087 962 3029 9088 1173 3029 9089 1173 3030 9090 1242 3030 9091 1093 3030 9092 1242 3031 9093 1096 3031 9094 1093 3031 9095 957 3032 9096 958 3032 9097 1093 3032 9098 956 3033 9099 957 3033 9100 1091 3033 9101 1021 3034 9102 956 3034 9103 1091 3034 9104 1091 3035 9105 1044 3035 9106 1022 3035 9107 1338 3036 9108 1279 3036 9109 1025 3036 9110 1339 3037 9111 1349 3037 9112 1279 3037 9113 1782 3038 9114 1349 3038 9115 1330 3038 9116 1766 3039 9117 1331 3039 9118 1767 3039 9119 1331 3040 9120 1344 3040 9121 1361 3040 9122 1767 3041 9123 1361 3041 9124 1582 3041 9125 1767 3042 9126 1582 3042 9127 1766 3042 9128 1582 3043 9129 1764 3043 9130 1766 3043 9131 1764 3044 9132 1582 3044 9133 1581 3044 9134 1580 3045 9135 1764 3045 9136 1581 3045 9137 1581 3046 9138 1618 3046 9139 1580 3046 9140 1581 3047 9141 1361 3047 9142 1579 3047 9143 1361 3048 9144 1581 3048 9145 1582 3048 9146 1344 3049 9147 1579 3049 9148 1361 3049 9149 1339 3050 9150 1338 3050 9151 1164 3050 9152 1332 3051 9153 1331 3051 9154 1330 3051 9155 1275 3052 9156 1344 3052 9157 1014 3052 9158 1332 3053 9159 1014 3053 9160 1331 3053 9161 1014 3054 9162 1332 3054 9163 1164 3054 9164 1332 3055 9165 1330 3055 9166 1339 3055 9167 1339 3056 9168 1164 3056 9169 1332 3056 9170 1165 3057 9171 1164 3057 9172 1338 3057 9173 1165 3058 9174 1167 3058 9175 1166 3058 9176 1165 3059 9177 1166 3059 9178 1164 3059 9179 1164 3060 9180 1166 3060 9181 1014 3060 9182 1166 3061 9183 1275 3061 9184 1014 3061 9185 1361 3062 9186 1767 3062 9187 1331 3062 9188 1344 3063 9189 1331 3063 9190 1014 3063 9191 1766 3064 9192 1330 3064 9193 1331 3064 9194 1766 3065 9195 1764 3065 9196 1330 3065 9197 1765 3066 9198 1330 3066 9199 1764 3066 9200 1781 3067 9201 1782 3067 9202 1765 3067 9203 1782 3068 9204 1330 3068 9205 1765 3068 9206 1339 3069 9207 1330 3069 9208 1349 3069 9209 1338 3070 9210 1339 3070 9211 1279 3070 9212 1204 3071 9213 1165 3071 9214 1338 3071 9215 1044 3072 9216 1204 3072 9217 1022 3072 9218 1204 3073 9219 1338 3073 9220 1022 3073 9221 1167 3074 9222 1205 3074 9223 1238 3074 9224 1204 3075 9225 1205 3075 9226 1167 3075 9227 1167 3076 9228 1165 3076 9229 1204 3076 9230 1167 3077 9231 1238 3077 9232 1237 3077 9233 1237 3078 9234 1075 3078 9235 1275 3078 9236 1167 3079 9237 1275 3079 9238 1166 3079 9239 1075 3080 9240 1470 3080 9241 1344 3080 9242 1579 3081 9243 1470 3081 9244 1469 3081 9245 1579 3082 9246 1344 3082 9247 1470 3082 9248 1618 3083 9249 1579 3083 9250 1626 3083 9251 1581 3084 9252 1579 3084 9253 1618 3084 9254 1630 3085 9255 1611 3085 9256 1618 3085 9257 1580 3086 9258 1618 3086 9259 1611 3086 9260 1616 3087 9261 1580 3087 9262 1611 3087 9263 1617 3088 9264 1611 3088 9265 1630 3088 9266 1616 3089 9267 1611 3089 9268 1617 3089 9269 1613 3090 9270 1629 3090 9271 1628 3090 9272 1613 3091 9273 1617 3091 9274 1629 3091 9275 1616 3092 9276 1617 3092 9277 1613 3092 9278 1612 3093 9279 1613 3093 9280 1628 3093 9281 1616 3094 9282 1613 3094 9283 1612 3094 9284 1614 3095 9285 1616 3095 9286 1612 3095 9287 1612 3096 9288 1628 3096 9289 1627 3096 9290 1627 3097 9291 1615 3097 9292 1612 3097 9293 1625 3098 9294 1484 3098 9295 1694 3098 9296 1551 3099 9297 1476 3099 9298 1592 3099 9299 1592 3100 9300 1600 3100 9301 1550 3100 9302 1596 3101 9303 1597 3101 9304 1600 3101 9305 1553 3102 9306 1597 3102 9307 1598 3102 9308 1595 3103 9309 1596 3103 9310 1599 3103 9311 1594 3104 9312 1598 3104 9313 1596 3104 9314 1547 3105 9315 1585 3105 9316 1549 3105 9317 1547 3106 9318 1549 3106 9319 1397 3106 9320 1397 3107 9321 1396 3107 9322 1542 3107 9323 1543 3108 9324 1546 3108 9325 1395 3108 9326 1395 3109 9327 1692 3109 9328 1543 3109 9329 1608 3110 9330 1538 3110 9331 1607 3110 9332 1578 3111 9333 1609 3111 9334 1605 3111 9335 1605 3112 9336 1621 3112 9337 1619 3112 9338 1406 3113 9339 1578 3113 9340 1363 3113 9341 1571 3114 9342 1575 3114 9343 1407 3114 9344 1571 3115 9345 1407 3115 9346 1401 3115 9347 1572 3116 9348 1399 3116 9349 1398 3116 9350 1577 3117 9351 1400 3117 9352 1591 3117 9353 1635 3118 9354 1573 3118 9355 1569 3118 9356 1568 3119 9357 1462 3119 9358 1637 3119 9359 1458 3120 9360 1408 3120 9361 1455 3120 9362 1458 3121 9363 1463 3121 9364 1408 3121 9365 1568 3122 9366 1635 3122 9367 1569 3122 9368 1569 3123 9369 1570 3123 9370 1362 3123 9371 1570 3124 9372 1591 3124 9373 1362 3124 9374 1568 3125 9375 1463 3125 9376 1462 3125 9377 1568 3126 9378 1408 3126 9379 1463 3126 9380 1568 3127 9381 1637 3127 9382 1635 3127 9383 1634 3128 9384 1637 3128 9385 1636 3128 9386 1636 3129 9387 1493 3129 9388 1633 3129 9389 1634 3130 9390 1633 3130 9391 1487 3130 9392 1633 3131 9393 1494 3131 9394 1487 3131 9395 1493 3132 9396 1494 3132 9397 1633 3132 9398 1636 3133 9399 1633 3133 9400 1634 3133 9401 1637 3134 9402 1634 3134 9403 1635 3134 9404 1569 3135 9405 1573 3135 9406 1570 3135 9407 1573 3136 9408 1574 3136 9409 1570 3136 9410 1591 3137 9411 1570 3137 9412 1577 3137 9413 1570 3138 9414 1574 3138 9415 1577 3138 9416 1571 3139 9417 1401 3139 9418 1400 3139 9419 1400 3140 9420 1577 3140 9421 1571 3140 9422 1407 3141 9423 1398 3141 9424 1401 3141 9425 1407 3142 9426 1572 3142 9427 1398 3142 9428 1574 3143 9429 1571 3143 9430 1577 3143 9431 1574 3144 9432 1575 3144 9433 1571 3144 9434 1407 3145 9435 1575 3145 9436 1572 3145 9437 1572 3146 9438 1406 3146 9439 1399 3146 9440 1406 3147 9441 1363 3147 9442 1399 3147 9443 1591 3148 9444 1400 3148 9445 1398 3148 9446 1400 3149 9447 1401 3149 9448 1398 3149 9449 1362 3150 9450 1568 3150 9451 1569 3150 9452 1362 3151 9453 1591 3151 9454 1408 3151 9455 1591 3152 9456 1398 3152 9457 1408 3152 9458 1398 3153 9459 1399 3153 9460 1408 3153 9461 1399 3154 9462 1363 3154 9463 1408 3154 9464 1578 3155 9465 1619 3155 9466 1363 3155 9467 1619 3156 9468 1455 3156 9469 1363 3156 9470 1605 3157 9471 1610 3157 9472 1622 3157 9473 1623 3158 9474 1622 3158 9475 1610 3158 9476 1607 3159 9477 1606 3159 9478 1608 3159 9479 1606 3160 9480 1607 3160 9481 1624 3160 9482 1608 3161 9483 1606 3161 9484 1604 3161 9485 1609 3162 9486 1604 3162 9487 1610 3162 9488 1623 3163 9489 1604 3163 9490 1606 3163 9491 1623 3164 9492 1610 3164 9493 1604 3164 9494 1606 3165 9495 1624 3165 9496 1623 3165 9497 1605 3166 9498 1622 3166 9499 1621 3166 9500 1578 3167 9501 1605 3167 9502 1619 3167 9503 1609 3168 9504 1610 3168 9505 1605 3168 9506 1608 3169 9507 1604 3169 9508 1609 3169 9509 1538 3170 9510 1537 3170 9511 1620 3170 9512 1478 3171 9513 1485 3171 9514 1585 3171 9515 1585 3172 9516 1548 3172 9517 1593 3172 9518 1548 3173 9519 1595 3173 9520 1601 3173 9521 1593 3174 9522 1548 3174 9523 1601 3174 9524 1585 3175 9525 1593 3175 9526 1478 3175 9527 1593 3176 9528 1477 3176 9529 1478 3176 9530 1485 3177 9531 1586 3177 9532 1585 3177 9533 1537 3178 9534 1586 3178 9535 1485 3178 9536 1539 3179 9537 1540 3179 9538 1693 3179 9539 1584 3180 9540 1396 3180 9541 1397 3180 9542 1549 3181 9543 1584 3181 9544 1397 3181 9545 1549 3182 9546 1585 3182 9547 1584 3182 9548 1691 3183 9549 1395 3183 9550 1396 3183 9551 1583 3184 9552 1396 3184 9553 1584 3184 9554 1583 3185 9555 1691 3185 9556 1396 3185 9557 1537 3186 9558 1693 3186 9559 1583 3186 9560 1691 3187 9561 1583 3187 9562 1693 3187 9563 1692 3188 9564 1691 3188 9565 1540 3188 9566 1540 3189 9567 1691 3189 9568 1693 3189 9569 1693 3190 9570 1536 3190 9571 1539 3190 9572 1693 3191 9573 1537 3191 9574 1536 3191 9575 1536 3192 9576 1537 3192 9577 1538 3192 9578 1537 3193 9579 1485 3193 9580 1620 3193 9581 1620 3194 9582 1607 3194 9583 1538 3194 9584 1620 3195 9585 1624 3195 9586 1607 3195 9587 1541 3196 9588 1538 3196 9589 1608 3196 9590 1536 3197 9591 1538 3197 9592 1541 3197 9593 1539 3198 9594 1536 3198 9595 1541 3198 9596 1541 3199 9597 1540 3199 9598 1539 3199 9599 1541 3200 9600 1543 3200 9601 1540 3200 9602 1540 3201 9603 1543 3201 9604 1692 3201 9605 1692 3202 9606 1395 3202 9607 1691 3202 9608 1396 3203 9609 1395 3203 9610 1546 3203 9611 1546 3204 9612 1542 3204 9613 1396 3204 9614 1542 3205 9615 1547 3205 9616 1397 3205 9617 1585 3206 9618 1547 3206 9619 1548 3206 9620 1548 3207 9621 1547 3207 9622 1545 3207 9623 1542 3208 9624 1545 3208 9625 1547 3208 9626 1544 3209 9627 1542 3209 9628 1546 3209 9629 1544 3210 9630 1545 3210 9631 1542 3210 9632 1598 3211 9633 1545 3211 9634 1544 3211 9635 1598 3212 9636 1594 3212 9637 1545 3212 9638 1594 3213 9639 1548 3213 9640 1545 3213 9641 1595 3214 9642 1594 3214 9643 1596 3214 9644 1594 3215 9645 1595 3215 9646 1548 3215 9647 1601 3216 9648 1595 3216 9649 1599 3216 9650 1602 3217 9651 1601 3217 9652 1599 3217 9653 1592 3218 9654 1602 3218 9655 1600 3218 9656 1602 3219 9657 1599 3219 9658 1600 3219 9659 1554 3220 9660 1553 3220 9661 1598 3220 9662 1550 3221 9663 1552 3221 9664 1587 3221 9665 1561 3222 9666 1694 3222 9667 1394 3222 9668 1589 3223 9669 1393 3223 9670 1394 3223 9671 1556 3224 9672 1557 3224 9673 1393 3224 9674 1557 3225 9675 1394 3225 9676 1393 3225 9677 1559 3226 9678 1554 3226 9679 1556 3226 9680 1555 3227 9681 1554 3227 9682 1559 3227 9683 1555 3228 9684 1590 3228 9685 1589 3228 9686 1555 3229 9687 1559 3229 9688 1590 3229 9689 1393 3230 9690 1559 3230 9691 1556 3230 9692 1559 3231 9693 1393 3231 9694 1590 3231 9695 1589 3232 9696 1590 3232 9697 1393 3232 9698 1588 3233 9699 1589 3233 9700 1694 3233 9701 1589 3234 9702 1394 3234 9703 1694 3234 9704 1557 3235 9705 1561 3235 9706 1394 3235 9707 1588 3236 9708 1587 3236 9709 1589 3236 9710 1589 3237 9711 1552 3237 9712 1555 3237 9713 1552 3238 9714 1589 3238 9715 1587 3238 9716 1552 3239 9717 1550 3239 9718 1597 3239 9719 1553 3240 9720 1555 3240 9721 1552 3240 9722 1555 3241 9723 1553 3241 9724 1554 3241 9725 1598 3242 9726 1597 3242 9727 1596 3242 9728 1553 3243 9729 1552 3243 9730 1597 3243 9731 1599 3244 9732 1596 3244 9733 1600 3244 9734 1597 3245 9735 1550 3245 9736 1600 3245 9737 1592 3246 9738 1550 3246 9739 1551 3246 9740 1587 3247 9741 1551 3247 9742 1550 3247 9743 1587 3248 9744 1588 3248 9745 1551 3248 9746 1551 3249 9747 1588 3249 9748 1484 3249 9749 1484 3250 9750 1588 3250 9751 1694 3250 9752 1560 3251 9753 1694 3251 9754 1561 3251 9755 1562 3252 9756 1560 3252 9757 1561 3252 9758 1560 3253 9759 1615 3253 9760 1625 3253 9761 1614 3254 9762 1562 3254 9763 1558 3254 9764 1558 3255 9765 1562 3255 9766 1561 3255 9767 1561 3256 9768 1557 3256 9769 1558 3256 9770 1765 3257 9771 1614 3257 9772 1558 3257 9773 1765 3258 9774 1616 3258 9775 1614 3258 9776 1765 3259 9777 1580 3259 9778 1616 3259 9779 1764 3260 9780 1580 3260 9781 1765 3260 9782 1780 3261 9783 1781 3261 9784 1765 3261 9785 1558 3262 9786 1557 3262 9787 1556 3262 9788 1558 3263 9789 1556 3263 9790 1779 3263 9791 1554 3264 9792 1778 3264 9793 1779 3264 9794 1598 3265 9795 1777 3265 9796 1778 3265 9797 1598 3266 9798 1776 3266 9799 1777 3266 9800 1544 3267 9801 1775 3267 9802 1776 3267 9803 1544 3268 9804 1546 3268 9805 1543 3268 9806 1544 3269 9807 1543 3269 9808 1774 3269 9809 1543 3270 9810 1541 3270 9811 1774 3270 9812 1541 3271 9813 1608 3271 9814 1609 3271 9815 1541 3272 9816 1576 3272 9817 1773 3272 9818 1541 3273 9819 1609 3273 9820 1576 3273 9821 1609 3274 9822 1578 3274 9823 1576 3274 9824 1576 3275 9825 1406 3275 9826 1572 3275 9827 1576 3276 9828 1578 3276 9829 1406 3276 9830 1576 3277 9831 1575 3277 9832 1771 3277 9833 1575 3278 9834 1576 3278 9835 1572 3278 9836 1575 3279 9837 1574 3279 9838 1770 3279 9839 1574 3280 9840 1573 3280 9841 1770 3280 9842 1573 3281 9843 1634 3281 9844 1487 3281 9845 1573 3282 9846 1635 3282 9847 1634 3282 9848 1573 3283 9849 1487 3283 9850 1769 3283 9851 1487 3284 9852 1768 3284 9853 1769 3284 9854 1385 3285 9855 1381 3285 9856 1768 3285 9857 1487 3286 9858 1413 3286 9859 1385 3286 9860 1413 3287 9861 1488 3287 9862 1385 3287 9863 1603 3288 9864 1490 3288 9865 1632 3288 9866 1603 3289 9867 1491 3289 9868 1490 3289 9869 1492 3290 9870 1491 3290 9871 1603 3290 9872 1567 3291 9873 1364 3291 9874 1565 3291 9875 1565 3292 9876 1564 3292 9877 1566 3292 9878 1492 3293 9879 1603 3293 9880 1566 3293 9881 1488 3294 9882 1492 3294 9883 1385 3294 9884 1492 3295 9885 1564 3295 9886 1386 3295 9887 1492 3296 9888 1566 3296 9889 1564 3296 9890 1763 3297 9891 1389 3297 9892 1386 3297 9893 1763 3298 9894 1350 3298 9895 1389 3298 9896 993 3299 9897 1350 3299 9898 1343 3299 9899 1350 3300 9900 1342 3300 9901 1343 3300 9902 1341 3301 9903 1343 3301 9904 1340 3301 9905 1341 3302 9906 1340 3302 9907 1185 3302 9908 1185 3303 9909 1184 3303 9910 1341 3303 9911 993 3304 9912 1343 3304 9913 1341 3304 9914 989 3305 9915 992 3305 9916 1226 3305 9917 992 3306 9918 1341 3306 9919 1218 3306 9920 992 3307 9921 993 3307 9922 1341 3307 9923 1226 3308 9924 1218 3308 9925 1222 3308 9926 1226 3309 9927 1222 3309 9928 1221 3309 9929 1221 3310 9930 1235 3310 9931 1234 3310 9932 1221 3311 9933 1222 3311 9934 1235 3311 9935 1218 3312 9936 1224 3312 9937 1222 3312 9938 1184 3313 9939 1224 3313 9940 1218 3313 9941 1222 3314 9942 1224 3314 9943 1236 3314 9944 1236 3315 9945 1235 3315 9946 1222 3315 9947 1232 3316 9948 1224 3316 9949 1184 3316 9950 1183 3317 9951 1076 3317 9952 1232 3317 9953 1183 3318 9954 1337 3318 9955 1076 3318 9956 1185 3319 9957 1183 3319 9958 1184 3319 9959 1466 3320 9960 1345 3320 9961 1567 3320 9962 1632 3321 9963 1468 3321 9964 1567 3321 9965 1566 3322 9966 1603 3322 9967 1632 3322 9968 1566 3323 9969 1567 3323 9970 1565 3323 9971 1762 3324 9972 1563 3324 9973 1346 3324 9974 1563 3325 9975 1364 3325 9976 1346 3325 9977 1563 3326 9978 1565 3326 9979 1364 3326 9980 1564 3327 9981 1565 3327 9982 1563 3327 9983 1763 3328 9984 1564 3328 9985 1762 3328 9986 1342 3329 9987 1763 3329 9988 1762 3329 9989 1346 3330 9990 1342 3330 9991 1762 3330 9992 1343 3331 9993 1342 3331 9994 1348 3331 9995 1345 3332 9996 1364 3332 9997 1567 3332 9998 1345 3333 9999 1346 3333 10000 1364 3333 10001 1346 3334 10002 1345 3334 10003 1347 3334 10004 1345 3335 10005 1183 3335 10006 1278 3335 10007 1347 3336 10008 1278 3336 10009 1011 3336 10010 1016 3337 10011 970 3337 10012 1129 3337 10013 1016 3338 10014 969 3338 10015 970 3338 10016 1017 3339 10017 969 3339 10018 1016 3339 10019 1017 3340 10020 974 3340 10021 969 3340 10022 955 3341 10023 956 3341 10024 1021 3341 10025 1026 3342 10026 1021 3342 10027 1022 3342 10028 1026 3343 10029 1022 3343 10030 1025 3343 10031 1025 3344 10032 1024 3344 10033 1026 3344 10034 1279 3345 10035 1024 3345 10036 1025 3345 10037 1024 3346 10038 1023 3346 10039 1026 3346 10040 1026 3347 10041 955 3347 10042 1021 3347 10043 1026 3348 10044 1023 3348 10045 1027 3348 10046 1026 3349 10047 1027 3349 10048 955 3349 10049 979 3350 10050 1261 3350 10051 1294 3350 10052 1262 3351 10053 1088 3351 10054 1261 3351 10055 1298 3352 10056 1063 3352 10057 1297 3352 10058 1257 3353 10059 1256 3353 10060 1298 3353 10061 1256 3354 10062 983 3354 10063 1298 3354 10064 1298 3355 10065 983 3355 10066 1002 3355 10067 1295 3356 10068 1063 3356 10069 978 3356 10070 1063 3357 10071 1002 3357 10072 978 3357 10073 1298 3358 10074 1002 3358 10075 1063 3358 10076 1257 3359 10077 1298 3359 10078 1297 3359 10079 1295 3360 10080 1297 3360 10081 1063 3360 10082 1258 3361 10083 1297 3361 10084 1295 3361 10085 1258 3362 10086 1257 3362 10087 1297 3362 10088 1258 3363 10089 1295 3363 10090 1294 3363 10091 1113 3364 10092 1258 3364 10093 1084 3364 10094 1194 3365 10095 1113 3365 10096 1087 3365 10097 1113 3366 10098 1084 3366 10099 1087 3366 10100 1194 3367 10101 1114 3367 10102 1113 3367 10103 1084 3368 10104 1258 3368 10105 1294 3368 10106 1084 3369 10107 1086 3369 10108 1085 3369 10109 1087 3370 10110 1084 3370 10111 1085 3370 10112 1045 3371 10113 1089 3371 10114 1085 3371 10115 1138 3372 10116 1089 3372 10117 1045 3372 10118 1045 3373 10119 1262 3373 10120 1139 3373 10121 1045 3374 10122 1088 3374 10123 1262 3374 10124 1138 3375 10125 1137 3375 10126 1136 3375 10127 1137 3376 10128 1135 3376 10129 1136 3376 10130 1136 3377 10131 1229 3377 10132 1230 3377 10133 1136 3378 10134 1230 3378 10135 1227 3378 10136 1138 3379 10137 1136 3379 10138 1227 3379 10139 1017 3380 10140 1216 3380 10141 1229 3380 10142 1128 3381 10143 1228 3381 10144 1216 3381 10145 1132 3382 10146 1245 3382 10147 1228 3382 10148 1128 3383 10149 1132 3383 10150 1228 3383 10151 1017 3384 10152 1128 3384 10153 1216 3384 10154 1135 3385 10155 1133 3385 10156 974 3385 10157 1134 3386 10158 973 3386 10159 1133 3386 10160 1135 3387 10161 1134 3387 10162 1133 3387 10163 1135 3388 10164 974 3388 10165 1017 3388 10166 1136 3389 10167 1135 3389 10168 1229 3389 10169 1135 3390 10170 1017 3390 10171 1229 3390 10172 1137 3391 10173 1134 3391 10174 1135 3391 10175 1138 3392 10176 1045 3392 10177 1139 3392 10178 1138 3393 10179 1227 3393 10180 1089 3393 10181 1085 3394 10182 1088 3394 10183 1045 3394 10184 1085 3395 10185 1086 3395 10186 1088 3395 10187 1088 3396 10188 1086 3396 10189 1261 3396 10190 1086 3397 10191 1294 3397 10192 1261 3397 10193 1296 3398 10194 1295 3398 10195 978 3398 10196 1295 3399 10197 1296 3399 10198 1294 3399 10199 1294 3400 10200 1086 3400 10201 1084 3400 10202 1169 3401 10203 1246 3401 10204 1043 3401 10205 1094 3402 10206 1204 3402 10207 1044 3402 10208 1205 3403 10209 1204 3403 10210 1094 3403 10211 1094 3404 10212 1238 3404 10213 1205 3404 10214 1122 3405 10215 1123 3405 10216 1094 3405 10217 1123 3406 10218 1125 3406 10219 1094 3406 10220 1123 3407 10221 1124 3407 10222 1125 3407 10223 1044 3408 10224 1091 3408 10225 1122 3408 10226 1091 3409 10227 1270 3409 10228 1122 3409 10229 1091 3410 10230 1272 3410 10231 1270 3410 10232 1092 3411 10233 1121 3411 10234 1272 3411 10235 1119 3412 10236 1120 3412 10237 1121 3412 10238 1115 3413 10239 1118 3413 10240 1120 3413 10241 1116 3414 10242 1117 3414 10243 1118 3414 10244 1115 3415 10245 1116 3415 10246 1118 3415 10247 1119 3416 10248 1115 3416 10249 1120 3416 10250 1092 3417 10251 1119 3417 10252 1121 3417 10253 1091 3418 10254 1092 3418 10255 1272 3418 10256 1096 3419 10257 1095 3419 10258 1092 3419 10259 1096 3420 10260 1092 3420 10261 1093 3420 10262 1091 3421 10263 1093 3421 10264 1092 3421 10265 1122 3422 10266 1094 3422 10267 1044 3422 10268 1465 3423 10269 1336 3423 10270 1335 3423 10271 1269 3424 10272 1068 3424 10273 1323 3424 10274 1324 3425 10275 1323 3425 10276 1068 3425 10277 1325 3426 10278 1067 3426 10279 1006 3426 10280 1068 3427 10281 994 3427 10282 1067 3427 10283 1068 3428 10284 1066 3428 10285 994 3428 10286 1322 3429 10287 1066 3429 10288 1068 3429 10289 1316 3430 10290 1317 3430 10291 1319 3430 10292 1319 3431 10293 1315 3431 10294 1316 3431 10295 1316 3432 10296 1318 3432 10297 1314 3432 10298 1316 3433 10299 1315 3433 10300 1318 3433 10301 1314 3434 10302 1313 3434 10303 1321 3434 10304 1316 3435 10305 1314 3435 10306 1321 3435 10307 1313 3436 10308 1320 3436 10309 1321 3436 10310 1068 3437 10311 1321 3437 10312 1322 3437 10313 1321 3438 10314 1320 3438 10315 1322 3438 10316 994 3439 10317 1006 3439 10318 1067 3439 10319 1325 3440 10320 1006 3440 10321 1005 3440 10322 1005 3441 10323 1252 3441 10324 1325 3441 10325 1325 3442 10326 1252 3442 10327 1251 3442 10328 1251 3443 10329 1324 3443 10330 1325 3443 10331 1324 3444 10332 1067 3444 10333 1325 3444 10334 1068 3445 10335 1067 3445 10336 1324 3445 10337 1251 3446 10338 1248 3446 10339 1323 3446 10340 1323 3447 10341 1324 3447 10342 1251 3447 10343 1323 3448 10344 1248 3448 10345 1269 3448 10346 1321 3449 10347 1068 3449 10348 1269 3449 10349 1321 3450 10350 1269 3450 10351 1316 3450 10352 1316 3451 10353 1269 3451 10354 1335 3451 10355 1424 3452 10356 1421 3452 10357 1464 3452 10358 1421 3453 10359 1760 3453 10360 1423 3453 10361 1390 3454 10362 1432 3454 10363 1424 3454 10364 1758 3455 10365 1687 3455 10366 1435 3455 10367 1435 3456 10368 1392 3456 10369 1391 3456 10370 1436 3457 10371 1433 3457 10372 1392 3457 10373 1433 3458 10374 1690 3458 10375 1434 3458 10376 1756 3459 10377 1434 3459 10378 1690 3459 10379 1522 3460 10380 1521 3460 10381 1679 3460 10382 1679 3461 10383 1678 3461 10384 1522 3461 10385 1522 3462 10386 1678 3462 10387 1757 3462 10388 1690 3463 10389 1522 3463 10390 1757 3463 10391 1690 3464 10392 1757 3464 10393 1756 3464 10394 1433 3465 10395 1434 3465 10396 1392 3465 10397 1435 3466 10398 1436 3466 10399 1392 3466 10400 1426 3467 10401 1427 3467 10402 1425 3467 10403 1424 3468 10404 1464 3468 10405 1758 3468 10406 1519 3469 10407 1426 3469 10408 1467 3469 10409 1468 3470 10410 1467 3470 10411 1466 3470 10412 1467 3471 10413 1465 3471 10414 1466 3471 10415 1468 3472 10416 1632 3472 10417 1519 3472 10418 1519 3473 10419 1467 3473 10420 1468 3473 10421 1632 3474 10422 1520 3474 10423 1519 3474 10424 1467 3475 10425 1426 3475 10426 1464 3475 10427 1464 3476 10428 1465 3476 10429 1467 3476 10430 1758 3477 10431 1464 3477 10432 1426 3477 10433 1758 3478 10434 1426 3478 10435 1425 3478 10436 1425 3479 10437 1427 3479 10438 1631 3479 10439 1687 3480 10440 1758 3480 10441 1425 3480 10442 1425 3481 10443 1631 3481 10444 1688 3481 10445 1425 3482 10446 1688 3482 10447 1687 3482 10448 1391 3483 10449 1390 3483 10450 1435 3483 10451 1390 3484 10452 1758 3484 10453 1435 3484 10454 1390 3485 10455 1424 3485 10456 1758 3485 10457 1432 3486 10458 1421 3486 10459 1424 3486 10460 1421 3487 10461 1432 3487 10462 1759 3487 10463 1421 3488 10464 1759 3488 10465 1760 3488 10466 1760 3489 10467 1761 3489 10468 1423 3489 10469 1761 3490 10470 1420 3490 10471 1423 3490 10472 1423 3491 10473 1420 3491 10474 1419 3491 10475 1419 3492 10476 1422 3492 10477 1464 3492 10478 1421 3493 10479 1419 3493 10480 1464 3493 10481 1421 3494 10482 1423 3494 10483 1419 3494 10484 1335 3495 10485 1336 3495 10486 1316 3495 10487 1465 3496 10488 1464 3496 10489 1336 3496 10490 1465 3497 10491 1335 3497 10492 1337 3497 10493 1337 3498 10494 1466 3498 10495 1465 3498 10496 1076 3499 10497 1050 3499 10498 1099 3499 10499 1099 3500 10500 1098 3500 10501 1232 3500 10502 1076 3501 10503 1099 3501 10504 1232 3501 10505 1050 3502 10506 1248 3502 10507 1099 3502 10508 1050 3503 10509 1076 3503 10510 1337 3503 10511 1335 3504 10512 1050 3504 10513 1337 3504 10514 1050 3505 10515 1335 3505 10516 1269 3505 10517 1050 3506 10518 1269 3506 10519 1248 3506 10520 995 3507 10521 1274 3507 10522 1326 3507 10523 1126 3508 10524 961 3508 10525 1326 3508 10526 961 3509 10527 995 3509 10528 1326 3509 10529 1274 3510 10530 1060 3510 10531 1326 3510 10532 1097 3511 10533 1098 3511 10534 1100 3511 10535 1100 3512 10536 1101 3512 10537 1102 3512 10538 1101 3513 10539 1104 3513 10540 1102 3513 10541 1103 3514 10542 1106 3514 10543 1104 3514 10544 1103 3515 10545 1105 3515 10546 1106 3515 10547 1101 3516 10548 1103 3516 10549 1104 3516 10550 1098 3517 10551 1099 3517 10552 1100 3517 10553 1100 3518 10554 1102 3518 10555 1097 3518 10556 1107 3519 10557 1108 3519 10558 1109 3519 10559 1112 3520 10560 1111 3520 10561 1108 3520 10562 1113 3521 10563 1114 3521 10564 1111 3521 10565 1113 3522 10566 1111 3522 10567 1112 3522 10568 1112 3523 10569 1108 3523 10570 1107 3523 10571 1107 3524 10572 1109 3524 10573 1110 3524 10574 1126 3525 10575 1326 3525 10576 1060 3525 10577 1127 3526 10578 1126 3526 10579 1060 3526 10580 1129 3527 10581 1130 3527 10582 1128 3527 10583 1128 3528 10584 1017 3528 10585 1016 3528 10586 1130 3529 10587 1132 3529 10588 1128 3529 10589 1130 3530 10590 1131 3530 10591 1132 3530 10592 1016 3531 10593 1129 3531 10594 1128 3531 10595 1187 3532 10596 1151 3532 10597 1188 3532 10598 1188 3533 10599 1186 3533 10600 1187 3533 10601 1142 3534 10602 1140 3534 10603 1188 3534 10604 1163 3535 10605 1153 3535 10606 1154 3535 10607 1154 3536 10608 1189 3536 10609 1163 3536 10610 1111 3537 10611 1114 3537 10612 1194 3537 10613 1111 3538 10614 1202 3538 10615 1203 3538 10616 1203 3539 10617 1193 3539 10618 1108 3539 10619 1193 3540 10620 1109 3540 10621 1108 3540 10622 1203 3541 10623 1108 3541 10624 1111 3541 10625 1111 3542 10626 1194 3542 10627 1202 3542 10628 1236 3543 10629 1232 3543 10630 1098 3543 10631 1235 3544 10632 1236 3544 10633 1097 3544 10634 1234 3545 10635 1235 3545 10636 1102 3545 10637 1233 3546 10638 1234 3546 10639 1104 3546 10640 1233 3547 10641 1104 3547 10642 1106 3547 10643 1106 3548 10644 1231 3548 10645 1233 3548 10646 1234 3549 10647 1102 3549 10648 1104 3549 10649 1235 3550 10650 1097 3550 10651 1102 3550 10652 1236 3551 10653 1098 3551 10654 1097 3551 10655 1123 3552 10656 1273 3552 10657 1058 3552 10658 1124 3553 10659 1058 3553 10660 1057 3553 10661 1124 3554 10662 1123 3554 10663 1058 3554 10664 1125 3555 10665 1238 3555 10666 1094 3555 10667 1125 3556 10668 1237 3556 10669 1238 3556 10670 1244 3557 10671 1168 3557 10672 1116 3557 10673 1243 3558 10674 1244 3558 10675 1115 3558 10676 1095 3559 10677 1243 3559 10678 1119 3559 10679 1092 3560 10680 1095 3560 10681 1119 3560 10682 1243 3561 10683 1115 3561 10684 1119 3561 10685 1244 3562 10686 1116 3562 10687 1115 3562 10688 1252 3563 10689 1005 3563 10690 990 3563 10691 1252 3564 10692 1249 3564 10693 1101 3564 10694 1251 3565 10695 1252 3565 10696 1100 3565 10697 1100 3566 10698 1099 3566 10699 1248 3566 10700 1248 3567 10701 1251 3567 10702 1100 3567 10703 1252 3568 10704 1101 3568 10705 1100 3568 10706 1249 3569 10707 1103 3569 10708 1101 3569 10709 1250 3570 10710 1247 3570 10711 1103 3570 10712 1247 3571 10713 1105 3571 10714 1103 3571 10715 1249 3572 10716 1250 3572 10717 1103 3572 10718 1252 3573 10719 990 3573 10720 1249 3573 10721 1019 3574 10722 986 3574 10723 1253 3574 10724 1019 3575 10725 1018 3575 10726 986 3575 10727 1254 3576 10728 1112 3576 10729 1107 3576 10730 1256 3577 10731 1257 3577 10732 1112 3577 10733 1257 3578 10734 1258 3578 10735 1112 3578 10736 1258 3579 10737 1113 3579 10738 1112 3579 10739 1254 3580 10740 1256 3580 10741 1112 3580 10742 1254 3581 10743 1255 3581 10744 1256 3581 10745 1255 3582 10746 983 3582 10747 1256 3582 10748 1107 3583 10749 1260 3583 10750 1254 3583 10751 1107 3584 10752 1259 3584 10753 1260 3584 10754 1107 3585 10755 1110 3585 10756 1259 3585 10757 972 3586 10758 1137 3586 10759 1262 3586 10760 1137 3587 10761 1139 3587 10762 1262 3587 10763 1137 3588 10764 1138 3588 10765 1139 3588 10766 1261 3589 10767 979 3589 10768 976 3589 10769 1262 3590 10770 1261 3590 10771 976 3590 10772 1262 3591 10773 976 3591 10774 972 3591 10775 972 3592 10776 973 3592 10777 1137 3592 10778 973 3593 10779 1134 3593 10780 1137 3593 10781 970 3594 10782 1001 3594 10783 1263 3594 10784 1130 3595 10785 1129 3595 10786 1264 3595 10787 1289 3596 10788 1291 3596 10789 1131 3596 10790 1130 3597 10791 1265 3597 10792 1289 3597 10793 1130 3598 10794 1264 3598 10795 1265 3598 10796 1289 3599 10797 1131 3599 10798 1130 3599 10799 1129 3600 10800 1263 3600 10801 1264 3600 10802 1129 3601 10803 970 3601 10804 1263 3601 10805 1039 3602 10806 998 3602 10807 1266 3602 10808 1039 3603 10809 999 3603 10810 998 3603 10811 1127 3604 10812 1121 3604 10813 1120 3604 10814 1126 3605 10815 1127 3605 10816 1118 3605 10817 1118 3606 10818 1268 3606 10819 1267 3606 10820 1118 3607 10821 1037 3607 10822 1268 3607 10823 1118 3608 10824 1117 3608 10825 1037 3608 10826 1126 3609 10827 1118 3609 10828 1267 3609 10829 1267 3610 10830 960 3610 10831 961 3610 10832 1267 3611 10833 961 3611 10834 1126 3611 10835 1127 3612 10836 1120 3612 10837 1118 3612 10838 1270 3613 10839 954 3613 10840 1122 3613 10841 1273 3614 10842 1123 3614 10843 1122 3614 10844 1122 3615 10845 1062 3615 10846 1273 3615 10847 1272 3616 10848 1121 3616 10849 1127 3616 10850 1127 3617 10851 1060 3617 10852 1272 3617 10853 1060 3618 10854 1274 3618 10855 1272 3618 10856 1272 3619 10857 1274 3619 10858 1270 3619 10859 1062 3620 10860 1122 3620 10861 954 3620 10862 1274 3621 10863 995 3621 10864 1271 3621 10865 1271 3622 10866 1270 3622 10867 1274 3622 10868 1270 3623 10869 1271 3623 10870 954 3623 10871 1053 3624 10872 1056 3624 10873 1351 3624 10874 1053 3625 10875 1351 3625 10876 1747 3625 10877 1351 3626 10878 1748 3626 10879 1747 3626 10880 1336 3627 10881 1352 3627 10882 1317 3627 10883 1464 3628 10884 1422 3628 10885 1336 3628 10886 1422 3629 10887 1352 3629 10888 1336 3629 10889 1336 3630 10890 1317 3630 10891 1316 3630 10892 1355 3631 10893 1356 3631 10894 1354 3631 10895 1551 3632 10896 1473 3632 10897 1476 3632 10898 1476 3633 10899 1475 3633 10900 1508 3633 10901 1508 3634 10902 1507 3634 10903 1592 3634 10904 1476 3635 10905 1508 3635 10906 1592 3635 10907 1475 3636 10908 1651 3636 10909 1508 3636 10910 1651 3637 10911 1652 3637 10912 1727 3637 10913 1725 3638 10914 1726 3638 10915 1727 3638 10916 1727 3639 10917 1728 3639 10918 1725 3639 10919 1723 3640 10920 1725 3640 10921 1445 3640 10922 1725 3641 10923 1443 3641 10924 1445 3641 10925 1729 3642 10926 1443 3642 10927 1728 3642 10928 1649 3643 10929 1647 3643 10930 1732 3643 10931 1730 3644 10932 1732 3644 10933 1731 3644 10934 1730 3645 10935 1649 3645 10936 1732 3645 10937 1741 3646 10938 1742 3646 10939 1743 3646 10940 1741 3647 10941 1368 3647 10942 1742 3647 10943 1743 3648 10944 1648 3648 10945 1369 3648 10946 1741 3649 10947 1743 3649 10948 1369 3649 10949 1741 3650 10950 1359 3650 10951 1368 3650 10952 1446 3651 10953 1359 3651 10954 1358 3651 10955 1357 3652 10956 1353 3652 10957 1358 3652 10958 1738 3653 10959 1353 3653 10960 1739 3653 10961 1738 3654 10962 1739 3654 10963 1740 3654 10964 1643 3655 10965 1737 3655 10966 1740 3655 10967 1357 3656 10968 1416 3656 10969 1643 3656 10970 1503 3657 10971 1643 3657 10972 1484 3657 10973 1484 3658 10974 1625 3658 10975 1503 3658 10976 1625 3659 10977 1504 3659 10978 1503 3659 10979 1643 3660 10980 1416 3660 10981 1484 3660 10982 1357 3661 10983 1643 3661 10984 1740 3661 10985 1737 3662 10986 1738 3662 10987 1740 3662 10988 1642 3663 10989 1639 3663 10990 1733 3663 10991 1736 3664 10992 1733 3664 10993 1734 3664 10994 1371 3665 10995 1370 3665 10996 1734 3665 10997 1733 3666 10998 1639 3666 10999 1638 3666 11000 1638 3667 11001 1371 3667 11002 1733 3667 11003 1734 3668 11004 1733 3668 11005 1371 3668 11006 1735 3669 11007 1734 3669 11008 1372 3669 11009 1370 3670 11010 1372 3670 11011 1734 3670 11012 1734 3671 11013 1735 3671 11014 1736 3671 11015 1733 3672 11016 1736 3672 11017 1642 3672 11018 1642 3673 11019 1736 3673 11020 1737 3673 11021 1736 3674 11022 1738 3674 11023 1737 3674 11024 1736 3675 11025 1735 3675 11026 1738 3675 11027 1739 3676 11028 1357 3676 11029 1740 3676 11030 1356 3677 11031 1355 3677 11032 1739 3677 11033 1355 3678 11034 1354 3678 11035 1739 3678 11036 1353 3679 11037 1356 3679 11038 1739 3679 11039 1354 3680 11040 1353 3680 11041 1739 3680 11042 1353 3681 11043 1354 3681 11044 1356 3681 11045 1353 3682 11046 1357 3682 11047 1739 3682 11048 1735 3683 11049 1353 3683 11050 1738 3683 11051 1358 3684 11052 1353 3684 11053 1446 3684 11054 1353 3685 11055 1735 3685 11056 1446 3685 11057 1735 3686 11058 1372 3686 11059 1446 3686 11060 1357 3687 11061 1358 3687 11062 1359 3687 11063 1357 3688 11064 1359 3688 11065 1741 3688 11066 1649 3689 11067 1415 3689 11068 1474 3689 11069 1474 3690 11070 1472 3690 11071 1369 3690 11072 1472 3691 11073 1474 3691 11074 1416 3691 11075 1474 3692 11076 1369 3692 11077 1649 3692 11078 1652 3693 11079 1649 3693 11080 1730 3693 11081 1652 3694 11082 1730 3694 11083 1728 3694 11084 1730 3695 11085 1731 3695 11086 1729 3695 11087 1730 3696 11088 1729 3696 11089 1728 3696 11090 1726 3697 11091 1723 3697 11092 1724 3697 11093 1723 3698 11094 1444 3698 11095 1721 3698 11096 1721 3699 11097 1722 3699 11098 1724 3699 11099 1722 3700 11100 1654 3700 11101 1724 3700 11102 1654 3701 11103 1653 3701 11104 1724 3701 11105 1721 3702 11106 1724 3702 11107 1723 3702 11108 1726 3703 11109 1725 3703 11110 1723 3703 11111 1723 3704 11112 1445 3704 11113 1444 3704 11114 1728 3705 11115 1443 3705 11116 1725 3705 11117 1728 3706 11118 1727 3706 11119 1652 3706 11120 1724 3707 11121 1653 3707 11122 1658 3707 11123 1658 3708 11124 1726 3708 11125 1724 3708 11126 1658 3709 11127 1727 3709 11128 1726 3709 11129 1658 3710 11130 1651 3710 11131 1727 3710 11132 1415 3711 11133 1649 3711 11134 1652 3711 11135 1473 3712 11136 1416 3712 11137 1474 3712 11138 1415 3713 11139 1473 3713 11140 1474 3713 11141 1473 3714 11142 1415 3714 11143 1475 3714 11144 1652 3715 11145 1475 3715 11146 1415 3715 11147 1652 3716 11148 1651 3716 11149 1475 3716 11150 1473 3717 11151 1475 3717 11152 1476 3717 11153 1473 3718 11154 1551 3718 11155 1416 3718 11156 1551 3719 11157 1484 3719 11158 1416 3719 11159 1357 3720 11160 1472 3720 11161 1416 3720 11162 1357 3721 11163 1369 3721 11164 1472 3721 11165 1357 3722 11166 1741 3722 11167 1369 3722 11168 1698 3723 11169 1699 3723 11170 1700 3723 11171 1697 3724 11172 1700 3724 11173 1682 3724 11174 1701 3725 11175 1683 3725 11176 1682 3725 11177 1375 3726 11178 1376 3726 11179 1699 3726 11180 1454 3727 11181 1375 3727 11182 1699 3727 11183 1453 3728 11184 1452 3728 11185 1454 3728 11186 1453 3729 11187 1695 3729 11188 1452 3729 11189 1695 3730 11190 1674 3730 11191 1379 3730 11192 1674 3731 11193 1380 3731 11194 1379 3731 11195 1695 3732 11196 1379 3732 11197 1378 3732 11198 1378 3733 11199 1377 3733 11200 1695 3733 11201 1695 3734 11202 1404 3734 11203 1674 3734 11204 1695 3735 11205 1696 3735 11206 1404 3735 11207 1461 3736 11208 1674 3736 11209 1404 3736 11210 1460 3737 11211 1461 3737 11212 1418 3737 11213 1457 3738 11214 1459 3738 11215 1461 3738 11216 1459 3739 11217 1457 3739 11218 1456 3739 11219 1463 3740 11220 1458 3740 11221 1460 3740 11222 1463 3741 11223 1418 3741 11224 1462 3741 11225 1462 3742 11226 1403 3742 11227 1515 3742 11228 1515 3743 11229 1514 3743 11230 1637 3743 11231 1462 3744 11232 1515 3744 11233 1637 3744 11234 1403 3745 11235 1402 3745 11236 1515 3745 11237 1403 3746 11238 1696 3746 11239 1402 3746 11240 1403 3747 11241 1404 3747 11242 1696 3747 11243 1418 3748 11244 1403 3748 11245 1462 3748 11246 1456 3749 11247 1668 3749 11248 1667 3749 11249 1708 3750 11250 1711 3750 11251 1712 3750 11252 1708 3751 11253 1675 3751 11254 1459 3751 11255 1714 3752 11256 1673 3752 11257 1675 3752 11258 1712 3753 11259 1713 3753 11260 1714 3753 11261 1711 3754 11262 1710 3754 11263 1713 3754 11264 1712 3755 11265 1711 3755 11266 1713 3755 11267 1712 3756 11268 1714 3756 11269 1675 3756 11270 1711 3757 11271 1676 3757 11272 1710 3757 11273 1676 3758 11274 1709 3758 11275 1677 3758 11276 1709 3759 11277 1707 3759 11278 1677 3759 11279 1706 3760 11280 1707 3760 11281 1667 3760 11282 1666 3761 11283 1706 3761 11284 1667 3761 11285 1706 3762 11286 1666 3762 11287 1670 3762 11288 1670 3763 11289 1669 3763 11290 1702 3763 11291 1705 3764 11292 1702 3764 11293 1703 3764 11294 1428 3765 11295 1430 3765 11296 1702 3765 11297 1702 3766 11298 1669 3766 11299 1429 3766 11300 1429 3767 11301 1428 3767 11302 1702 3767 11303 1430 3768 11304 1703 3768 11305 1702 3768 11306 1704 3769 11307 1703 3769 11308 1431 3769 11309 1430 3770 11310 1431 3770 11311 1703 3770 11312 1703 3771 11313 1704 3771 11314 1705 3771 11315 1705 3772 11316 1704 3772 11317 1707 3772 11318 1702 3773 11319 1705 3773 11320 1670 3773 11321 1670 3774 11322 1705 3774 11323 1706 3774 11324 1705 3775 11325 1707 3775 11326 1706 3775 11327 1707 3776 11328 1704 3776 11329 1677 3776 11330 1704 3777 11331 1431 3777 11332 1677 3777 11333 1675 3778 11334 1708 3778 11335 1712 3778 11336 1709 3779 11337 1676 3779 11338 1711 3779 11339 1708 3780 11340 1709 3780 11341 1711 3780 11342 1709 3781 11343 1708 3781 11344 1707 3781 11345 1708 3782 11346 1667 3782 11347 1707 3782 11348 1667 3783 11349 1708 3783 11350 1456 3783 11351 1619 3784 11352 1527 3784 11353 1668 3784 11354 1668 3785 11355 1456 3785 11356 1455 3785 11357 1455 3786 11358 1619 3786 11359 1668 3786 11360 1455 3787 11361 1456 3787 11362 1457 3787 11363 1458 3788 11364 1455 3788 11365 1457 3788 11366 1460 3789 11367 1458 3789 11368 1457 3789 11369 1456 3790 11370 1708 3790 11371 1459 3790 11372 1457 3791 11373 1461 3791 11374 1460 3791 11375 1460 3792 11376 1418 3792 11377 1463 3792 11378 1403 3793 11379 1418 3793 11380 1404 3793 11381 1675 3794 11382 1674 3794 11383 1461 3794 11384 1461 3795 11385 1459 3795 11386 1675 3795 11387 1404 3796 11388 1418 3796 11389 1461 3796 11390 1453 3797 11391 1696 3797 11392 1695 3797 11393 1377 3798 11394 1452 3798 11395 1695 3798 11396 1701 3799 11397 1374 3799 11398 1373 3799 11399 1701 3800 11400 1373 3800 11401 1680 3800 11402 1680 3801 11403 1683 3801 11404 1701 3801 11405 1701 3802 11406 1376 3802 11407 1374 3802 11408 1376 3803 11409 1375 3803 11410 1374 3803 11411 1682 3804 11412 1681 3804 11413 1697 3804 11414 1697 3805 11415 1681 3805 11416 1360 3805 11417 1682 3806 11418 1700 3806 11419 1701 3806 11420 1700 3807 11421 1376 3807 11422 1701 3807 11423 1700 3808 11424 1697 3808 11425 1698 3808 11426 1700 3809 11427 1699 3809 11428 1376 3809 11429 1454 3810 11430 1698 3810 11431 1453 3810 11432 1454 3811 11433 1699 3811 11434 1698 3811 11435 1698 3812 11436 1360 3812 11437 1453 3812 11438 1698 3813 11439 1697 3813 11440 1360 3813 11441 1681 3814 11442 1402 3814 11443 1360 3814 11444 1360 3815 11445 1402 3815 11446 1696 3815 11447 1696 3816 11448 1453 3816 11449 1360 3816 11450 1367 3817 11451 1524 3817 11452 1366 3817 11453 1525 3818 11454 1524 3818 11455 1664 3818 11456 1524 3819 11457 1665 3819 11458 1664 3819 11459 1665 3820 11460 1524 3820 11461 1367 3820 11462 1367 3821 11463 1366 3821 11464 1365 3821 11465 1384 3822 11466 1383 3822 11467 1381 3822 11468 1381 3823 11469 1385 3823 11470 1384 3823 11471 1387 3824 11472 1384 3824 11473 1386 3824 11474 1386 3825 11475 1388 3825 11476 1387 3825 11477 1386 3826 11478 1389 3826 11479 1388 3826 11480 1385 3827 11481 1386 3827 11482 1384 3827 11483 1383 3828 11484 1382 3828 11485 1381 3828 11486 1384 3829 11487 1387 3829 11488 1390 3829 11489 1391 3830 11490 1392 3830 11491 1384 3830 11492 1392 3831 11493 1383 3831 11494 1384 3831 11495 1390 3832 11496 1391 3832 11497 1384 3832 11498 1718 3833 11499 1440 3833 11500 1717 3833 11501 1441 3834 11502 1437 3834 11503 1442 3834 11504 1442 3835 11505 1439 3835 11506 1440 3835 11507 1663 3836 11508 1483 3836 11509 1684 3836 11510 1479 3837 11511 1482 3837 11512 1414 3837 11513 1511 3838 11514 1657 3838 11515 1481 3838 11516 1657 3839 11517 1480 3839 11518 1481 3839 11519 1480 3840 11520 1483 3840 11521 1482 3840 11522 1481 3841 11523 1480 3841 11524 1479 3841 11525 1480 3842 11526 1657 3842 11527 1405 3842 11528 1593 3843 11529 1512 3843 11530 1511 3843 11531 1593 3844 11532 1511 3844 11533 1477 3844 11534 1511 3845 11535 1481 3845 11536 1477 3845 11537 1481 3846 11538 1479 3846 11539 1477 3846 11540 1479 3847 11541 1478 3847 11542 1477 3847 11543 1414 3848 11544 1485 3848 11545 1478 3848 11546 1534 3849 11547 1485 3849 11548 1414 3849 11549 1414 3850 11550 1660 3850 11551 1535 3850 11552 1414 3851 11553 1482 3851 11554 1660 3851 11555 1535 3852 11556 1533 3852 11557 1534 3852 11558 1411 3853 11559 1409 3853 11560 1532 3853 11561 1411 3854 11562 1410 3854 11563 1409 3854 11564 1366 3855 11565 1622 3855 11566 1623 3855 11567 1532 3856 11568 1623 3856 11569 1624 3856 11570 1532 3857 11571 1624 3857 11572 1620 3857 11573 1534 3858 11574 1532 3858 11575 1620 3858 11576 1532 3859 11577 1409 3859 11578 1623 3859 11579 1523 3860 11580 1621 3860 11581 1622 3860 11582 1527 3861 11583 1619 3861 11584 1621 3861 11585 1523 3862 11586 1527 3862 11587 1621 3862 11588 1366 3863 11589 1523 3863 11590 1622 3863 11591 1409 3864 11592 1410 3864 11593 1366 3864 11594 1410 3865 11595 1365 3865 11596 1366 3865 11597 1410 3866 11598 1529 3866 11599 1365 3866 11600 1528 3867 11601 1529 3867 11602 1410 3867 11603 1530 3868 11604 1528 3868 11605 1410 3868 11606 1411 3869 11607 1530 3869 11608 1410 3869 11609 1411 3870 11610 1531 3870 11611 1530 3870 11612 1409 3871 11613 1366 3871 11614 1623 3871 11615 1533 3872 11616 1411 3872 11617 1532 3872 11618 1533 3873 11619 1532 3873 11620 1534 3873 11621 1535 3874 11622 1534 3874 11623 1414 3874 11624 1534 3875 11625 1620 3875 11626 1485 3875 11627 1478 3876 11628 1479 3876 11629 1414 3876 11630 1479 3877 11631 1480 3877 11632 1482 3877 11633 1660 3878 11634 1482 3878 11635 1483 3878 11636 1663 3879 11637 1660 3879 11638 1483 3879 11639 1684 3880 11640 1659 3880 11641 1663 3880 11642 1483 3881 11643 1480 3881 11644 1684 3881 11645 1480 3882 11646 1405 3882 11647 1684 3882 11648 1659 3883 11649 1684 3883 11650 1715 3883 11651 1672 3884 11652 1661 3884 11653 1715 3884 11654 1661 3885 11655 1659 3885 11656 1715 3885 11657 1684 3886 11658 1405 3886 11659 1715 3886 11660 1715 3887 11661 1671 3887 11662 1672 3887 11663 1438 3888 11664 1671 3888 11665 1715 3888 11666 1438 3889 11667 1715 3889 11668 1439 3889 11669 1442 3890 11670 1438 3890 11671 1439 3890 11672 1720 3891 11673 1437 3891 11674 1441 3891 11675 1656 3892 11676 1655 3892 11677 1718 3892 11678 1718 3893 11679 1650 3893 11680 1719 3893 11681 1718 3894 11682 1655 3894 11683 1650 3894 11684 1719 3895 11685 1441 3895 11686 1718 3895 11687 1719 3896 11688 1720 3896 11689 1441 3896 11690 1442 3897 11691 1440 3897 11692 1441 3897 11693 1441 3898 11694 1440 3898 11695 1718 3898 11696 1656 3899 11697 1718 3899 11698 1717 3899 11699 1717 3900 11700 1716 3900 11701 1656 3900 11702 1716 3901 11703 1717 3901 11704 1440 3901 11705 1657 3902 11706 1656 3902 11707 1716 3902 11708 1439 3903 11709 1716 3903 11710 1440 3903 11711 1439 3904 11712 1715 3904 11713 1405 3904 11714 1716 3905 11715 1439 3905 11716 1657 3905 11717 1405 3906 11718 1657 3906 11719 1439 3906 11720 1408 3907 11721 1363 3907 11722 1455 3907 11723 1568 3908 11724 1362 3908 11725 1408 3908 11726 1413 3909 11727 1412 3909 11728 1489 3909 11729 1489 3910 11730 1488 3910 11731 1413 3910 11732 1491 3911 11733 1488 3911 11734 1490 3911 11735 1491 3912 11736 1492 3912 11737 1488 3912 11738 1489 3913 11739 1490 3913 11740 1488 3913 11741 1686 3914 11742 1518 3914 11743 1412 3914 11744 1518 3915 11745 1520 3915 11746 1412 3915 11747 1518 3916 11748 1519 3916 11749 1520 3916 11750 1413 3917 11751 1487 3917 11752 1685 3917 11753 1487 3918 11754 1689 3918 11755 1685 3918 11756 1486 3919 11757 1517 3919 11758 1689 3919 11759 1513 3920 11760 1516 3920 11761 1517 3920 11762 1514 3921 11763 1515 3921 11764 1516 3921 11765 1513 3922 11766 1514 3922 11767 1516 3922 11768 1486 3923 11769 1513 3923 11770 1517 3923 11771 1487 3924 11772 1486 3924 11773 1689 3924 11774 1494 3925 11775 1493 3925 11776 1486 3925 11777 1494 3926 11778 1486 3926 11779 1487 3926 11780 1685 3927 11781 1686 3927 11782 1413 3927 11783 1686 3928 11784 1412 3928 11785 1413 3928 11786 1495 3929 11787 1496 3929 11788 1498 3929 11789 1498 3930 11790 1499 3930 11791 1500 3930 11792 1499 3931 11793 1502 3931 11794 1500 3931 11795 1501 3932 11796 1504 3932 11797 1502 3932 11798 1501 3933 11799 1503 3933 11800 1504 3933 11801 1499 3934 11802 1501 3934 11803 1502 3934 11804 1496 3935 11805 1497 3935 11806 1498 3935 11807 1498 3936 11808 1500 3936 11809 1495 3936 11810 1505 3937 11811 1506 3937 11812 1507 3937 11813 1510 3938 11814 1509 3938 11815 1506 3938 11816 1511 3939 11817 1512 3939 11818 1509 3939 11819 1511 3940 11820 1509 3940 11821 1510 3940 11822 1510 3941 11823 1506 3941 11824 1505 3941 11825 1505 3942 11826 1507 3942 11827 1508 3942 11828 1690 3943 11829 1521 3943 11830 1522 3943 11831 1525 3944 11832 1526 3944 11833 1523 3944 11834 1523 3945 11835 1366 3945 11836 1524 3945 11837 1526 3946 11838 1527 3946 11839 1523 3946 11840 1526 3947 11841 1668 3947 11842 1527 3947 11843 1524 3948 11844 1525 3948 11845 1523 3948 11846 1584 3949 11847 1585 3949 11848 1586 3949 11849 1586 3950 11850 1583 3950 11851 1584 3950 11852 1586 3951 11853 1537 3951 11854 1583 3951 11855 1509 3952 11856 1512 3952 11857 1593 3952 11858 1509 3953 11859 1601 3953 11860 1602 3953 11861 1602 3954 11862 1592 3954 11863 1506 3954 11864 1592 3955 11865 1507 3955 11866 1506 3955 11867 1602 3956 11868 1506 3956 11869 1509 3956 11870 1509 3957 11871 1593 3957 11872 1601 3957 11873 1630 3958 11874 1626 3958 11875 1496 3958 11876 1629 3959 11877 1630 3959 11878 1495 3959 11879 1628 3960 11880 1629 3960 11881 1500 3960 11882 1627 3961 11883 1628 3961 11884 1502 3961 11885 1627 3962 11886 1502 3962 11887 1504 3962 11888 1504 3963 11889 1625 3963 11890 1627 3963 11891 1628 3964 11892 1500 3964 11893 1502 3964 11894 1629 3965 11895 1495 3965 11896 1500 3965 11897 1630 3966 11898 1496 3966 11899 1495 3966 11900 1518 3967 11901 1631 3967 11902 1427 3967 11903 1519 3968 11904 1427 3968 11905 1426 3968 11906 1519 3969 11907 1518 3969 11908 1427 3969 11909 1489 3970 11910 1412 3970 11911 1520 3970 11912 1520 3971 11913 1632 3971 11914 1490 3971 11915 1520 3972 11916 1490 3972 11917 1489 3972 11918 1636 3973 11919 1637 3973 11920 1513 3973 11921 1493 3974 11922 1636 3974 11923 1486 3974 11924 1636 3975 11925 1513 3975 11926 1486 3975 11927 1637 3976 11928 1514 3976 11929 1513 3976 11930 1646 3977 11931 1641 3977 11932 1638 3977 11933 1646 3978 11934 1639 3978 11935 1499 3978 11936 1645 3979 11937 1646 3979 11938 1498 3979 11939 1497 3980 11940 1640 3980 11941 1644 3980 11942 1498 3981 11943 1497 3981 11944 1644 3981 11945 1644 3982 11946 1645 3982 11947 1498 3982 11948 1646 3983 11949 1499 3983 11950 1498 3983 11951 1639 3984 11952 1501 3984 11953 1499 3984 11954 1642 3985 11955 1737 3985 11956 1501 3985 11957 1737 3986 11958 1643 3986 11959 1503 3986 11960 1737 3987 11961 1503 3987 11962 1501 3987 11963 1639 3988 11964 1642 3988 11965 1501 3988 11966 1646 3989 11967 1638 3989 11968 1639 3989 11969 1369 3990 11970 1648 3990 11971 1647 3990 11972 1369 3991 11973 1647 3991 11974 1649 3991 11975 1510 3992 11976 1505 3992 11977 1653 3992 11978 1653 3993 11979 1650 3993 11980 1655 3993 11981 1653 3994 11982 1654 3994 11983 1650 3994 11984 1653 3995 11985 1655 3995 11986 1510 3995 11987 1655 3996 11988 1656 3996 11989 1510 3996 11990 1656 3997 11991 1657 3997 11992 1510 3997 11993 1657 3998 11994 1511 3998 11995 1510 3998 11996 1505 3999 11997 1658 3999 11998 1653 3999 11999 1505 4000 12000 1651 4000 12001 1658 4000 12002 1505 4001 12003 1508 4001 12004 1651 4001 12005 1531 4002 12006 1411 4002 12007 1533 4002 12008 1662 4003 12009 1533 4003 12010 1660 4003 12011 1533 4004 12012 1535 4004 12013 1660 4004 12014 1661 4005 12015 1662 4005 12016 1663 4005 12017 1663 4006 12018 1659 4006 12019 1661 4006 12020 1662 4007 12021 1660 4007 12022 1663 4007 12023 1662 4008 12024 1531 4008 12025 1533 4008 12026 1664 4009 12027 1429 4009 12028 1669 4009 12029 1526 4010 12030 1525 4010 12031 1669 4010 12032 1666 4011 12033 1667 4011 12034 1668 4011 12035 1526 4012 12036 1670 4012 12037 1666 4012 12038 1526 4013 12039 1669 4013 12040 1670 4013 12041 1666 4014 12042 1668 4014 12043 1526 4014 12044 1525 4015 12045 1664 4015 12046 1669 4015 12047 1673 4016 12048 1380 4016 12049 1674 4016 12050 1675 4017 12051 1673 4017 12052 1674 4017 12053 1516 4018 12054 1682 4018 12055 1683 4018 12056 1516 4019 12057 1681 4019 12058 1682 4019 12059 1515 4020 12060 1402 4020 12061 1681 4020 12062 1516 4021 12063 1515 4021 12064 1681 4021 12065 1521 4022 12066 1516 4022 12067 1683 4022 12068 1683 4023 12069 1680 4023 12070 1679 4023 12071 1683 4024 12072 1679 4024 12073 1521 4024 12074 1521 4025 12075 1517 4025 12076 1516 4025 12077 1690 4026 12078 1433 4026 12079 1689 4026 12080 1435 4027 12081 1433 4027 12082 1436 4027 12083 1435 4028 12084 1686 4028 12085 1685 4028 12086 1631 4029 12087 1518 4029 12088 1686 4029 12089 1686 4030 12090 1688 4030 12091 1631 4030 12092 1686 4031 12093 1687 4031 12094 1688 4031 12095 1435 4032 12096 1687 4032 12097 1686 4032 12098 1435 4033 12099 1685 4033 12100 1433 4033 12101 1433 4034 12102 1685 4034 12103 1689 4034 12104 1689 4035 12105 1517 4035 12106 1521 4035 12107 1521 4036 12108 1690 4036 12109 1689 4036 12110 1786 4037 12111 1784 4037 12112 1783 4037 12113 1784 4038 12114 1785 4038 12115 1826 4038 12116 1785 4039 12117 1784 4039 12118 1788 4039 12119 1784 4040 12120 1786 4040 12121 1787 4040 12122 1784 4041 12123 1787 4041 12124 1788 4041 12125 1788 4042 12126 1787 4042 12127 1789 4042 12128 1787 4043 12129 1783 4043 12130 1789 4043 12131 1791 4044 12132 1789 4044 12133 1790 4044 12134 1790 4045 12135 2251 4045 12136 1791 4045 12137 1792 4046 12138 1788 4046 12139 1791 4046 12140 1793 4047 12141 1785 4047 12142 1792 4047 12143 1785 4048 12144 1788 4048 12145 1792 4048 12146 1793 4049 12147 1798 4049 12148 1794 4049 12149 1797 4050 12150 1795 4050 12151 1793 4050 12152 1795 4051 12153 1801 4051 12154 1793 4051 12155 1825 4052 12156 1793 4052 12157 1796 4052 12158 1793 4053 12159 1802 4053 12160 1796 4053 12161 1785 4054 12162 1793 4054 12163 1825 4054 12164 1793 4055 12165 1792 4055 12166 1798 4055 12167 1793 4056 12168 1800 4056 12169 2182 4056 12170 1793 4057 12171 2182 4057 12172 1799 4057 12173 1797 4058 12174 1793 4058 12175 1799 4058 12176 1801 4059 12177 1802 4059 12178 1793 4059 12179 1793 4060 12180 1794 4060 12181 1800 4060 12182 1796 4061 12183 1802 4061 12184 1803 4061 12185 1802 4062 12186 1804 4062 12187 1803 4062 12188 1802 4063 12189 1801 4063 12190 1804 4063 12191 1806 4064 12192 1804 4064 12193 1795 4064 12194 1804 4065 12195 1801 4065 12196 1795 4065 12197 1805 4066 12198 1804 4066 12199 1806 4066 12200 1809 4067 12201 1807 4067 12202 1808 4067 12203 1811 4068 12204 1809 4068 12205 1808 4068 12206 1797 4069 12207 1810 4069 12208 1808 4069 12209 1808 4070 12210 1810 4070 12211 1811 4070 12212 1807 4071 12213 1797 4071 12214 1808 4071 12215 1811 4072 12216 2128 4072 12217 2126 4072 12218 1811 4073 12219 2126 4073 12220 1809 4073 12221 2126 4074 12222 2128 4074 12223 2127 4074 12224 2126 4075 12225 1812 4075 12226 1809 4075 12227 2126 4076 12228 2125 4076 12229 1812 4076 12230 2125 4077 12231 1813 4077 12232 1812 4077 12233 1812 4078 12234 1813 4078 12235 1815 4078 12236 1814 4079 12237 2022 4079 12238 1813 4079 12239 1816 4080 12240 1813 4080 12241 2022 4080 12242 2125 4081 12243 1814 4081 12244 1813 4081 12245 1816 4082 12246 1815 4082 12247 1813 4082 12248 2022 4083 12249 1817 4083 12250 1816 4083 12251 1817 4084 12252 1818 4084 12253 1816 4084 12254 1816 4085 12255 1818 4085 12256 2028 4085 12257 1820 4086 12258 1816 4086 12259 2028 4086 12260 1815 4087 12261 1816 4087 12262 1820 4087 12263 2253 4088 12264 1815 4088 12265 1819 4088 12266 1815 4089 12267 1820 4089 12268 1819 4089 12269 1819 4090 12270 1821 4090 12271 1805 4090 12272 2253 4091 12273 1819 4091 12274 1805 4091 12275 2101 4092 12276 1821 4092 12277 1819 4092 12278 1823 4093 12279 1821 4093 12280 1822 4093 12281 1821 4094 12282 2101 4094 12283 1822 4094 12284 1821 4095 12285 1823 4095 12286 1824 4095 12287 1824 4096 12288 1823 4096 12289 1202 4096 12290 1822 4097 12291 1202 4097 12292 1823 4097 12293 1796 4098 12294 1824 4098 12295 1202 4098 12296 1803 4099 12297 1824 4099 12298 1796 4099 12299 1825 4100 12300 1796 4100 12301 1202 4100 12302 1826 4101 12303 1825 4101 12304 1202 4101 12305 1826 4102 12306 1202 4102 12307 1203 4102 12308 1202 4103 12309 1822 4103 12310 1203 4103 12311 1203 4104 12312 1828 4104 12313 1826 4104 12314 1203 4105 12315 1829 4105 12316 1828 4105 12317 1822 4106 12318 1827 4106 12319 1203 4106 12320 1829 4107 12321 1203 4107 12322 1827 4107 12323 1827 4108 12324 1831 4108 12325 1829 4108 12326 1828 4109 12327 1829 4109 12328 1831 4109 12329 1827 4110 12330 1830 4110 12331 1831 4110 12332 1832 4111 12333 1831 4111 12334 1834 4111 12335 1831 4112 12336 1832 4112 12337 1828 4112 12338 1832 4113 12339 1833 4113 12340 1828 4113 12341 1832 4114 12342 1783 4114 12343 1833 4114 12344 1826 4115 12345 1828 4115 12346 1833 4115 12347 1833 4116 12348 1783 4116 12349 1784 4116 12350 1784 4117 12351 1826 4117 12352 1833 4117 12353 1790 4118 12354 1832 4118 12355 1834 4118 12356 1832 4119 12357 1790 4119 12358 1789 4119 12359 1789 4120 12360 1783 4120 12361 1832 4120 12362 1790 4121 12363 1834 4121 12364 1837 4121 12365 2102 4122 12366 1835 4122 12367 1834 4122 12368 1834 4123 12369 1835 4123 12370 1837 4123 12371 2251 4124 12372 1790 4124 12373 1837 4124 12374 2117 4125 12375 1836 4125 12376 1837 4125 12377 1836 4126 12378 2117 4126 12379 1838 4126 12380 2251 4127 12381 1838 4127 12382 1798 4127 12383 1798 4128 12384 1838 4128 12385 1794 4128 12386 1838 4129 12387 1840 4129 12388 1839 4129 12389 1838 4130 12390 1839 4130 12391 1842 4130 12392 1838 4131 12393 1842 4131 12394 1794 4131 12395 1839 4132 12396 1841 4132 12397 1842 4132 12398 1844 4133 12399 1843 4133 12400 1842 4133 12401 1843 4134 12402 1794 4134 12403 1842 4134 12404 1845 4135 12405 1843 4135 12406 1844 4135 12407 1844 4136 12408 1847 4136 12409 1845 4136 12410 1845 4137 12411 1846 4137 12412 2247 4137 12413 1847 4138 12414 1848 4138 12415 1845 4138 12416 1848 4139 12417 1849 4139 12418 1850 4139 12419 1850 4140 12420 1849 4140 12421 1851 4140 12422 1851 4141 12423 1853 4141 12424 1850 4141 12425 1851 4142 12426 1852 4142 12427 1853 4142 12428 1854 4143 12429 1853 4143 12430 1852 4143 12431 1854 4144 12432 1855 4144 12433 1853 4144 12434 1855 4145 12435 1856 4145 12436 1853 4145 12437 1850 4146 12438 1853 4146 12439 1856 4146 12440 1857 4147 12441 1856 4147 12442 1855 4147 12443 1856 4148 12444 1857 4148 12445 1846 4148 12446 1846 4149 12447 1850 4149 12448 1856 4149 12449 1857 4150 12450 1860 4150 12451 1846 4150 12452 1860 4151 12453 1857 4151 12454 1855 4151 12455 1860 4152 12456 1858 4152 12457 1846 4152 12458 1858 4153 12459 1860 4153 12460 1859 4153 12461 1865 4154 12462 1860 4154 12463 1855 4154 12464 1862 4155 12465 1860 4155 12466 1865 4155 12467 1859 4156 12468 1860 4156 12469 1862 4156 12470 1864 4157 12471 1855 4157 12472 1863 4157 12473 1865 4158 12474 1864 4158 12475 1867 4158 12476 1861 4159 12477 1865 4159 12478 1866 4159 12479 1865 4160 12480 1867 4160 12481 1866 4160 12482 1869 4161 12483 1861 4161 12484 1868 4161 12485 1861 4162 12486 1866 4162 12487 1868 4162 12488 1869 4163 12489 1868 4163 12490 1872 4163 12491 1870 4164 12492 1869 4164 12493 1871 4164 12494 1871 4165 12495 1869 4165 12496 1872 4165 12497 1871 4166 12498 1872 4166 12499 1873 4166 12500 1873 4167 12501 1872 4167 12502 1868 4167 12503 1875 4168 12504 1873 4168 12505 1874 4168 12506 1874 4169 12507 1873 4169 12508 1868 4169 12509 1875 4170 12510 1871 4170 12511 1873 4170 12512 2209 4171 12513 1870 4171 12514 1875 4171 12515 1870 4172 12516 1871 4172 12517 1875 4172 12518 2209 4173 12519 1875 4173 12520 1876 4173 12521 1876 4174 12522 1875 4174 12523 1874 4174 12524 1878 4175 12525 1876 4175 12526 1877 4175 12527 1876 4176 12528 1874 4176 12529 1877 4176 12530 1877 4177 12531 1879 4177 12532 1878 4177 12533 1881 4178 12534 1879 4178 12535 1880 4178 12536 1879 4179 12537 1882 4179 12538 1880 4179 12539 1877 4180 12540 1882 4180 12541 1879 4180 12542 2143 4181 12543 1883 4181 12544 1882 4181 12545 1965 4182 12546 2143 4182 12547 1882 4182 12548 1883 4183 12549 1884 4183 12550 1882 4183 12551 1965 4184 12552 1882 4184 12553 1874 4184 12554 1884 4185 12555 1880 4185 12556 1882 4185 12557 1882 4186 12558 1877 4186 12559 1874 4186 12560 1881 4187 12561 1880 4187 12562 1884 4187 12563 1885 4188 12564 1881 4188 12565 1884 4188 12566 1884 4189 12567 1886 4189 12568 1885 4189 12569 1884 4190 12570 1883 4190 12571 1886 4190 12572 2154 4191 12573 1887 4191 12574 1886 4191 12575 2154 4192 12576 1886 4192 12577 1883 4192 12578 1885 4193 12579 1886 4193 12580 1888 4193 12581 1888 4194 12582 1886 4194 12583 1889 4194 12584 1886 4195 12585 1887 4195 12586 1889 4195 12587 1889 4196 12588 1887 4196 12589 1891 4196 12590 1601 4197 12591 1889 4197 12592 1891 4197 12593 1889 4198 12594 1601 4198 12595 1890 4198 12596 2166 4199 12597 1888 4199 12598 1889 4199 12599 1890 4200 12600 2166 4200 12601 1889 4200 12602 1893 4201 12603 1602 4201 12604 1891 4201 12605 1601 4202 12606 1891 4202 12607 1602 4202 12608 1891 4203 12609 1905 4203 12610 1893 4203 12611 1891 4204 12612 1892 4204 12613 1905 4204 12614 1905 4205 12615 1903 4205 12616 1894 4205 12617 1903 4206 12618 1896 4206 12619 1894 4206 12620 1894 4207 12621 1893 4207 12622 1905 4207 12623 1602 4208 12624 1893 4208 12625 1894 4208 12626 1602 4209 12627 1894 4209 12628 1895 4209 12629 1895 4210 12630 1894 4210 12631 1896 4210 12632 1898 4211 12633 1896 4211 12634 1897 4211 12635 1896 4212 12636 1898 4212 12637 1895 4212 12638 1898 4213 12639 1899 4213 12640 1895 4213 12641 1899 4214 12642 1898 4214 12643 1902 4214 12644 1901 4215 12645 1898 4215 12646 1897 4215 12647 1898 4216 12648 1900 4216 12649 1902 4216 12650 1898 4217 12651 1901 4217 12652 1900 4217 12653 1900 4218 12654 1901 4218 12655 1897 4218 12656 1902 4219 12657 1900 4219 12658 2157 4219 12659 1900 4220 12660 1897 4220 12661 2157 4220 12662 2157 4221 12663 1903 4221 12664 1905 4221 12665 2157 4222 12666 1905 4222 12667 1904 4222 12668 2157 4223 12669 1904 4223 12670 1915 4223 12671 1918 4224 12672 2157 4224 12673 1915 4224 12674 1918 4225 12675 2158 4225 12676 2157 4225 12677 1904 4226 12678 1905 4226 12679 1892 4226 12680 1906 4227 12681 1904 4227 12682 1892 4227 12683 1906 4228 12684 1907 4228 12685 1910 4228 12686 1908 4229 12687 1907 4229 12688 1906 4229 12689 1909 4230 12690 1908 4230 12691 1906 4230 12692 1906 4231 12693 1913 4231 12694 1904 4231 12695 1910 4232 12696 1913 4232 12697 1906 4232 12698 1906 4233 12699 1892 4233 12700 1909 4233 12701 1910 4234 12702 1911 4234 12703 1913 4234 12704 1911 4235 12705 1910 4235 12706 1948 4235 12707 1912 4236 12708 1948 4236 12709 1910 4236 12710 1910 4237 12711 1907 4237 12712 1912 4237 12713 1913 4238 12714 1911 4238 12715 1914 4238 12716 1913 4239 12717 1914 4239 12718 1915 4239 12719 1904 4240 12720 1913 4240 12721 1915 4240 12722 1917 4241 12723 1915 4241 12724 1914 4241 12725 1917 4242 12726 1916 4242 12727 1915 4242 12728 1915 4243 12729 1916 4243 12730 1918 4243 12731 1919 4244 12732 1920 4244 12733 2156 4244 12734 1921 4245 12735 2156 4245 12736 1920 4245 12737 1921 4246 12738 1920 4246 12739 1923 4246 12740 1919 4247 12741 1922 4247 12742 1920 4247 12743 1920 4248 12744 1922 4248 12745 1923 4248 12746 1923 4249 12747 1925 4249 12748 1924 4249 12749 1921 4250 12750 1923 4250 12751 1924 4250 12752 1927 4251 12753 1925 4251 12754 1923 4251 12755 1922 4252 12756 1926 4252 12757 1923 4252 12758 1927 4253 12759 1923 4253 12760 1926 4253 12761 2141 4254 12762 1927 4254 12763 1926 4254 12764 2141 4255 12765 1926 4255 12766 1928 4255 12767 1929 4256 12768 1934 4256 12769 1928 4256 12770 1929 4257 12771 1928 4257 12772 1926 4257 12773 1929 4258 12774 1930 4258 12775 1941 4258 12776 1930 4259 12777 1929 4259 12778 1926 4259 12779 1936 4260 12780 1929 4260 12781 1941 4260 12782 1936 4261 12783 1931 4261 12784 1929 4261 12785 1929 4262 12786 1931 4262 12787 1934 4262 12788 1931 4263 12789 1932 4263 12790 1934 4263 12791 1931 4264 12792 1936 4264 12793 1935 4264 12794 1932 4265 12795 1931 4265 12796 1935 4265 12797 1932 4266 12798 1935 4266 12799 1933 4266 12800 1934 4267 12801 1932 4267 12802 1933 4267 12803 1935 4268 12804 2140 4268 12805 1933 4268 12806 1935 4269 12807 1936 4269 12808 1937 4269 12809 1937 4270 12810 1936 4270 12811 1938 4270 12812 1938 4271 12813 1939 4271 12814 1940 4271 12815 1938 4272 12816 1940 4272 12817 1937 4272 12818 1938 4273 12819 1936 4273 12820 1941 4273 12821 1942 4274 12822 1938 4274 12823 1941 4274 12824 1942 4275 12825 1939 4275 12826 1938 4275 12827 1943 4276 12828 1942 4276 12829 1941 4276 12830 1944 4277 12831 1943 4277 12832 1945 4277 12833 1943 4278 12834 1941 4278 12835 1945 4278 12836 1944 4279 12837 1945 4279 12838 1946 4279 12839 1946 4280 12840 1945 4280 12841 1947 4280 12842 1930 4281 12843 1947 4281 12844 1945 4281 12845 1911 4282 12846 1948 4282 12847 1947 4282 12848 1948 4283 12849 1946 4283 12850 1947 4283 12851 1911 4284 12852 1949 4284 12853 1914 4284 12854 1947 4285 12855 1949 4285 12856 1911 4285 12857 1917 4286 12858 1949 4286 12859 1947 4286 12860 1949 4287 12861 1917 4287 12862 1914 4287 12863 1916 4288 12864 1917 4288 12865 1922 4288 12866 1922 4289 12867 1917 4289 12868 1947 4289 12869 1946 4290 12870 1948 4290 12871 1912 4290 12872 1922 4291 12873 1947 4291 12874 1930 4291 12875 1912 4292 12876 1908 4292 12877 1946 4292 12878 1908 4293 12879 1944 4293 12880 1946 4293 12881 1930 4294 12882 1945 4294 12883 1941 4294 12884 1909 4295 12885 1944 4295 12886 1908 4295 12887 1944 4296 12888 1909 4296 12889 1950 4296 12890 1951 4297 12891 1943 4297 12892 1944 4297 12893 1951 4298 12894 2142 4298 12895 1943 4298 12896 1950 4299 12897 1951 4299 12898 1944 4299 12899 2145 4300 12900 1951 4300 12901 1950 4300 12902 2142 4301 12903 1951 4301 12904 1955 4301 12905 1951 4302 12906 1953 4302 12907 1955 4302 12908 1952 4303 12909 1953 4303 12910 1951 4303 12911 2145 4304 12912 1952 4304 12913 1951 4304 12914 1955 4305 12915 1953 4305 12916 1954 4305 12917 1953 4306 12918 2143 4306 12919 1954 4306 12920 1965 4307 12921 1954 4307 12922 2143 4307 12923 1965 4308 12924 1956 4308 12925 1954 4308 12926 1957 4309 12927 1954 4309 12928 1956 4309 12929 1954 4310 12930 1957 4310 12931 1955 4310 12932 1961 4311 12933 1957 4311 12934 1956 4311 12935 1957 4312 12936 1961 4312 12937 1958 4312 12938 1958 4313 12939 2142 4313 12940 1957 4313 12941 2142 4314 12942 1955 4314 12943 1957 4314 12944 1958 4315 12945 1959 4315 12946 1942 4315 12947 2142 4316 12948 1958 4316 12949 1942 4316 12950 1958 4317 12951 1962 4317 12952 1959 4317 12953 1962 4318 12954 1958 4318 12955 1964 4318 12956 1958 4319 12957 1960 4319 12958 1964 4319 12959 1958 4320 12960 1961 4320 12961 1960 4320 12962 1956 4321 12963 1960 4321 12964 1961 4321 12965 1962 4322 12966 1964 4322 12967 1963 4322 12968 1962 4323 12969 1963 4323 12970 1967 4323 12971 1969 4324 12972 1962 4324 12973 1967 4324 12974 1965 4325 12975 1963 4325 12976 1964 4325 12977 1960 4326 12978 1956 4326 12979 1965 4326 12980 1964 4327 12981 1960 4327 12982 1965 4327 12983 1966 4328 12984 1969 4328 12985 1968 4328 12986 1969 4329 12987 1967 4329 12988 1968 4329 12989 1970 4330 12990 1971 4330 12991 1969 4330 12992 1971 4331 12993 1962 4331 12994 1969 4331 12995 1971 4332 12996 1959 4332 12997 1962 4332 12998 1972 4333 12999 1971 4333 13000 1970 4333 13001 1970 4334 13002 1973 4334 13003 1972 4334 13004 1970 4335 13005 1974 4335 13006 1973 4335 13007 1976 4336 13008 1972 4336 13009 1973 4336 13010 1975 4337 13011 1973 4337 13012 1974 4337 13013 1975 4338 13014 1976 4338 13015 1973 4338 13016 1977 4339 13017 1975 4339 13018 2071 4339 13019 2133 4340 13020 1976 4340 13021 1975 4340 13022 1975 4341 13023 1977 4341 13024 2133 4341 13025 1980 4342 13026 2129 4342 13027 1977 4342 13028 2129 4343 13029 1979 4343 13030 1977 4343 13031 1978 4344 13032 1977 4344 13033 2071 4344 13034 1977 4345 13035 1979 4345 13036 2133 4345 13037 1980 4346 13038 1977 4346 13039 1978 4346 13040 2130 4347 13041 2129 4347 13042 1980 4347 13043 1980 4348 13044 1978 4348 13045 1981 4348 13046 1978 4349 13047 2065 4349 13048 1981 4349 13049 1924 4350 13050 1981 4350 13051 1982 4350 13052 1980 4351 13053 1981 4351 13054 1924 4351 13055 1985 4352 13056 1984 4352 13057 1983 4352 13058 1987 4353 13059 1989 4353 13060 1986 4353 13061 1990 4354 13062 1989 4354 13063 1987 4354 13064 1991 4355 13065 1990 4355 13066 1987 4355 13067 1987 4356 13068 1988 4356 13069 1991 4356 13070 1992 4357 13071 1990 4357 13072 1991 4357 13073 1993 4358 13074 1992 4358 13075 1991 4358 13076 1997 4359 13077 1993 4359 13078 1994 4359 13079 1993 4360 13080 1997 4360 13081 1996 4360 13082 1993 4361 13083 2031 4361 13084 1994 4361 13085 1993 4362 13086 1991 4362 13087 2031 4362 13088 1999 4363 13089 1995 4363 13090 1996 4363 13091 1996 4364 13092 1998 4364 13093 1999 4364 13094 1997 4365 13095 1998 4365 13096 1996 4365 13097 2000 4366 13098 1999 4366 13099 1998 4366 13100 2000 4367 13101 2001 4367 13102 1999 4367 13103 2005 4368 13104 1999 4368 13105 2001 4368 13106 1999 4369 13107 2005 4369 13108 2002 4369 13109 2005 4370 13110 2003 4370 13111 2002 4370 13112 2003 4371 13113 2007 4371 13114 2006 4371 13115 2003 4372 13116 2005 4372 13117 2007 4372 13118 2008 4373 13119 2003 4373 13120 2006 4373 13121 2008 4374 13122 2004 4374 13123 2003 4374 13124 2008 4375 13125 2014 4375 13126 2004 4375 13127 2009 4376 13128 2008 4376 13129 2006 4376 13130 2009 4377 13131 2014 4377 13132 2008 4377 13133 2009 4378 13134 2011 4378 13135 1989 4378 13136 2009 4379 13137 1989 4379 13138 1990 4379 13139 2009 4380 13140 2010 4380 13141 2011 4380 13142 2009 4381 13143 1990 4381 13144 2014 4381 13145 2011 4382 13146 2010 4382 13147 1986 4382 13148 1989 4383 13149 2011 4383 13150 1986 4383 13151 1985 4384 13152 2009 4384 13153 1984 4384 13154 2010 4385 13155 2009 4385 13156 1985 4385 13157 2010 4386 13158 1985 4386 13159 1986 4386 13160 2012 4387 13161 2009 4387 13162 2006 4387 13163 1984 4388 13164 2009 4388 13165 2012 4388 13166 2012 4389 13167 2006 4389 13168 1810 4389 13169 1984 4390 13170 2012 4390 13171 2013 4390 13172 2013 4391 13173 2012 4391 13174 1797 4391 13175 2012 4392 13176 1810 4392 13177 1797 4392 13178 2013 4393 13179 1924 4393 13180 1982 4393 13181 1924 4394 13182 2013 4394 13183 1797 4394 13184 1983 4395 13185 2013 4395 13186 1982 4395 13187 1984 4396 13188 2013 4396 13189 1983 4396 13190 1990 4397 13191 1992 4397 13192 2014 4397 13193 1992 4398 13194 2015 4398 13195 2014 4398 13196 2004 4399 13197 2014 4399 13198 2015 4399 13199 2004 4400 13200 2015 4400 13201 2002 4400 13202 1992 4401 13203 2016 4401 13204 2015 4401 13205 1995 4402 13206 2002 4402 13207 2016 4402 13208 2002 4403 13209 2015 4403 13210 2016 4403 13211 2016 4404 13212 1996 4404 13213 1995 4404 13214 2016 4405 13215 1992 4405 13216 1996 4405 13217 1996 4406 13218 1992 4406 13219 1993 4406 13220 2128 4407 13221 2018 4407 13222 2127 4407 13223 2007 4408 13224 2018 4408 13225 2017 4408 13226 2128 4409 13227 2017 4409 13228 2018 4409 13229 2020 4410 13230 2127 4410 13231 2018 4410 13232 2019 4411 13233 2021 4411 13234 2018 4411 13235 2122 4412 13236 2019 4412 13237 2018 4412 13238 2021 4413 13239 2020 4413 13240 2018 4413 13241 2007 4414 13242 2122 4414 13243 2018 4414 13244 2023 4415 13245 2021 4415 13246 1814 4415 13247 2021 4416 13248 2022 4416 13249 1814 4416 13250 2022 4417 13251 2021 4417 13252 2019 4417 13253 2021 4418 13254 2023 4418 13255 2020 4418 13256 2020 4419 13257 2023 4419 13258 1814 4419 13259 2022 4420 13260 2019 4420 13261 2024 4420 13262 2121 4421 13263 2024 4421 13264 2019 4421 13265 2024 4422 13266 1817 4422 13267 2022 4422 13268 2024 4423 13269 2121 4423 13270 2026 4423 13271 2025 4424 13272 1817 4424 13273 2024 4424 13274 2026 4425 13275 2025 4425 13276 2024 4425 13277 2121 4426 13278 1994 4426 13279 2026 4426 13280 2027 4427 13281 2026 4427 13282 1994 4427 13283 2025 4428 13284 2026 4428 13285 2027 4428 13286 2027 4429 13287 1820 4429 13288 2028 4429 13289 1820 4430 13290 2027 4430 13291 2092 4430 13292 2027 4431 13293 2028 4431 13294 2025 4431 13295 2027 4432 13296 2029 4432 13297 2092 4432 13298 2027 4433 13299 1994 4433 13300 2029 4433 13301 2030 4434 13302 2056 4434 13303 2031 4434 13304 2031 4435 13305 2056 4435 13306 2032 4435 13307 2031 4436 13308 2119 4436 13309 2030 4436 13310 2033 4437 13311 2032 4437 13312 2056 4437 13313 2032 4438 13314 2034 4438 13315 2031 4438 13316 2032 4439 13317 2033 4439 13318 2036 4439 13319 2034 4440 13320 2032 4440 13321 2035 4440 13322 2036 4441 13323 2035 4441 13324 2032 4441 13325 2036 4442 13326 2039 4442 13327 2037 4442 13328 2035 4443 13329 2036 4443 13330 2037 4443 13331 2033 4444 13332 2039 4444 13333 2036 4444 13334 2039 4445 13335 2038 4445 13336 2037 4445 13337 2039 4446 13338 2040 4446 13339 2038 4446 13340 2040 4447 13341 2039 4447 13342 2033 4447 13343 2040 4448 13344 2042 4448 13345 2038 4448 13346 2040 4449 13347 2033 4449 13348 2041 4449 13349 2037 4450 13350 2038 4450 13351 2042 4450 13352 2037 4451 13353 2042 4451 13354 2045 4451 13355 2040 4452 13356 2043 4452 13357 2042 4452 13358 2042 4453 13359 2043 4453 13360 2044 4453 13361 2042 4454 13362 2044 4454 13363 2045 4454 13364 2046 4455 13365 2037 4455 13366 2045 4455 13367 2049 4456 13368 2045 4456 13369 2044 4456 13370 2049 4457 13371 2047 4457 13372 2045 4457 13373 2045 4458 13374 1965 4458 13375 1874 4458 13376 1874 4459 13377 2046 4459 13378 2045 4459 13379 2045 4460 13380 2118 4460 13381 1965 4460 13382 2047 4461 13383 2075 4461 13384 2045 4461 13385 2075 4462 13386 2047 4462 13387 2048 4462 13388 2047 4463 13389 2049 4463 13390 2048 4463 13391 1966 4464 13392 2048 4464 13393 2050 4464 13394 2075 4465 13395 2048 4465 13396 1966 4465 13397 2048 4466 13398 2041 4466 13399 2051 4466 13400 2049 4467 13401 2041 4467 13402 2048 4467 13403 2048 4468 13404 2051 4468 13405 2050 4468 13406 2050 4469 13407 2051 4469 13408 2052 4469 13409 2051 4470 13410 2055 4470 13411 2054 4470 13412 2055 4471 13413 2051 4471 13414 2041 4471 13415 2053 4472 13416 2052 4472 13417 2051 4472 13418 2054 4473 13419 2053 4473 13420 2051 4473 13421 2033 4474 13422 2056 4474 13423 2055 4474 13424 2041 4475 13425 2033 4475 13426 2055 4475 13427 2057 4476 13428 2054 4476 13429 2055 4476 13430 2054 4477 13431 2057 4477 13432 2059 4477 13433 2059 4478 13434 2058 4478 13435 2054 4478 13436 2030 4479 13437 2060 4479 13438 2059 4479 13439 2059 4480 13440 2060 4480 13441 1986 4480 13442 2061 4481 13443 2058 4481 13444 2059 4481 13445 2062 4482 13446 2061 4482 13447 2059 4482 13448 2059 4483 13449 2057 4483 13450 2030 4483 13451 1983 4484 13452 2062 4484 13453 2059 4484 13454 2059 4485 13455 1986 4485 13456 1985 4485 13457 1983 4486 13458 2059 4486 13459 1985 4486 13460 2062 4487 13461 1981 4487 13462 2073 4487 13463 2063 4488 13464 2062 4488 13465 2073 4488 13466 2062 4489 13467 2063 4489 13468 2061 4489 13469 2062 4490 13470 1982 4490 13471 1981 4490 13472 2073 4491 13473 2072 4491 13474 2063 4491 13475 2064 4492 13476 2063 4492 13477 2072 4492 13478 2072 4493 13479 2066 4493 13480 2064 4493 13481 2067 4494 13482 2064 4494 13483 2065 4494 13484 2064 4495 13485 2066 4495 13486 2065 4495 13487 2068 4496 13488 2067 4496 13489 2053 4496 13490 2067 4497 13491 2068 4497 13492 2064 4497 13493 2058 4498 13494 2061 4498 13495 2068 4498 13496 2068 4499 13497 2054 4499 13498 2058 4499 13499 2068 4500 13500 2053 4500 13501 2054 4500 13502 2061 4501 13503 2064 4501 13504 2068 4501 13505 2063 4502 13506 2064 4502 13507 2061 4502 13508 2052 4503 13509 2067 4503 13510 2069 4503 13511 2052 4504 13512 2053 4504 13513 2067 4504 13514 2065 4505 13515 2069 4505 13516 2067 4505 13517 2070 4506 13518 2069 4506 13519 2071 4506 13520 2070 4507 13521 2052 4507 13522 2069 4507 13523 2069 4508 13524 2065 4508 13525 2071 4508 13526 2070 4509 13527 2071 4509 13528 1975 4509 13529 2050 4510 13530 2052 4510 13531 2070 4510 13532 1974 4511 13533 2070 4511 13534 1975 4511 13535 2050 4512 13536 2070 4512 13537 1974 4512 13538 2066 4513 13539 2072 4513 13540 2073 4513 13541 2066 4514 13542 2073 4514 13543 1981 4514 13544 2065 4515 13545 2066 4515 13546 1981 4515 13547 1982 4516 13548 2062 4516 13549 1983 4516 13550 1988 4517 13551 1987 4517 13552 2060 4517 13553 2060 4518 13554 1987 4518 13555 1986 4518 13556 1988 4519 13557 2060 4519 13558 2030 4519 13559 2055 4520 13560 2056 4520 13561 2057 4520 13562 2056 4521 13563 2030 4521 13564 2057 4521 13565 1970 4522 13566 2050 4522 13567 1974 4522 13568 2050 4523 13569 1970 4523 13570 1966 4523 13571 1970 4524 13572 1969 4524 13573 1966 4524 13574 2074 4525 13575 2049 4525 13576 2043 4525 13577 2049 4526 13578 2074 4526 13579 2041 4526 13580 2049 4527 13581 2044 4527 13582 2043 4527 13583 2074 4528 13584 2040 4528 13585 2041 4528 13586 2040 4529 13587 2074 4529 13588 2043 4529 13589 2075 4530 13590 2118 4530 13591 2045 4530 13592 2075 4531 13593 1968 4531 13594 2118 4531 13595 1968 4532 13596 2075 4532 13597 1966 4532 13598 2046 4533 13599 2079 4533 13600 2076 4533 13601 2046 4534 13602 2076 4534 13603 2096 4534 13604 1874 4535 13605 1868 4535 13606 2046 4535 13607 1868 4536 13608 1867 4536 13609 2046 4536 13610 2046 4537 13611 2096 4537 13612 2037 4537 13613 1867 4538 13614 2077 4538 13615 2046 4538 13616 1864 4539 13617 2046 4539 13618 2077 4539 13619 1863 4540 13620 2078 4540 13621 2046 4540 13622 2046 4541 13623 2078 4541 13624 2079 4541 13625 1864 4542 13626 1863 4542 13627 2046 4542 13628 2112 4543 13629 2080 4543 13630 1863 4543 13631 1863 4544 13632 2080 4544 13633 2078 4544 13634 2112 4545 13635 2103 4545 13636 2080 4545 13637 2080 4546 13638 2103 4546 13639 2078 4546 13640 2103 4547 13641 2079 4547 13642 2078 4547 13643 2103 4548 13644 2081 4548 13645 2082 4548 13646 2103 4549 13647 2082 4549 13648 2079 4549 13649 2081 4550 13650 2083 4550 13651 2082 4550 13652 2079 4551 13653 2082 4551 13654 2083 4551 13655 2083 4552 13656 2085 4552 13657 2084 4552 13658 2083 4553 13659 2084 4553 13660 2076 4553 13661 2079 4554 13662 2083 4554 13663 2076 4554 13664 2081 4555 13665 2086 4555 13666 2083 4555 13667 2083 4556 13668 2086 4556 13669 2085 4556 13670 2076 4557 13671 2085 4557 13672 2087 4557 13673 2076 4558 13674 2084 4558 13675 2085 4558 13676 2076 4559 13677 2087 4559 13678 2088 4559 13679 2076 4560 13680 2088 4560 13681 2089 4560 13682 2076 4561 13683 2089 4561 13684 2096 4561 13685 2090 4562 13686 2088 4562 13687 2087 4562 13688 2091 4563 13689 2088 4563 13690 2090 4563 13691 2089 4564 13692 2088 4564 13693 2091 4564 13694 2089 4565 13695 2091 4565 13696 2093 4565 13697 2092 4566 13698 2093 4566 13699 2091 4566 13700 2092 4567 13701 2091 4567 13702 2090 4567 13703 2092 4568 13704 2029 4568 13705 2093 4568 13706 2034 4569 13707 2029 4569 13708 1994 4569 13709 2029 4570 13710 2034 4570 13711 2094 4570 13712 2029 4571 13713 2094 4571 13714 2095 4571 13715 2029 4572 13716 2095 4572 13717 2093 4572 13718 2093 4573 13719 2095 4573 13720 2096 4573 13721 2096 4574 13722 2095 4574 13723 2094 4574 13724 2094 4575 13725 2097 4575 13726 2096 4575 13727 2096 4576 13728 2097 4576 13729 2037 4576 13730 2097 4577 13731 2098 4577 13732 2037 4577 13733 2094 4578 13734 2099 4578 13735 2097 4578 13736 2034 4579 13737 2099 4579 13738 2094 4579 13739 2097 4580 13740 2099 4580 13741 2100 4580 13742 2034 4581 13743 2100 4581 13744 2099 4581 13745 2100 4582 13746 2098 4582 13747 2097 4582 13748 2100 4583 13749 2035 4583 13750 2098 4583 13751 2035 4584 13752 2100 4584 13753 2034 4584 13754 2035 4585 13755 2037 4585 13756 2098 4585 13757 2090 4586 13758 2101 4586 13759 2092 4586 13760 1820 4587 13761 2092 4587 13762 2101 4587 13763 2087 4588 13764 2101 4588 13765 2090 4588 13766 2101 4589 13767 2087 4589 13768 1822 4589 13769 2093 4590 13770 2096 4590 13771 2089 4590 13772 2087 4591 13773 2085 4591 13774 1827 4591 13775 1822 4592 13776 2087 4592 13777 1827 4592 13778 2086 4593 13779 1830 4593 13780 2085 4593 13781 1827 4594 13782 2085 4594 13783 1830 4594 13784 2081 4595 13785 1830 4595 13786 2086 4595 13787 2102 4596 13788 2081 4596 13789 2103 4596 13790 2102 4597 13791 1830 4597 13792 2081 4597 13793 2102 4598 13794 2103 4598 13795 2104 4598 13796 2103 4599 13797 2105 4599 13798 2104 4599 13799 2104 4600 13800 2105 4600 13801 2106 4600 13802 2107 4601 13803 2104 4601 13804 2106 4601 13805 1839 4602 13806 1840 4602 13807 2108 4602 13808 2116 4603 13809 2107 4603 13810 1840 4603 13811 2107 4604 13812 2106 4604 13813 1840 4604 13814 2106 4605 13815 2108 4605 13816 1840 4605 13817 2108 4606 13818 2110 4606 13819 2109 4606 13820 2105 4607 13821 2108 4607 13822 2106 4607 13823 2105 4608 13824 2112 4608 13825 2108 4608 13826 2112 4609 13827 2110 4609 13828 2108 4609 13829 2109 4610 13830 2110 4610 13831 2111 4610 13832 2112 4611 13833 1854 4611 13834 2110 4611 13835 1854 4612 13836 2111 4612 13837 2110 4612 13838 2111 4613 13839 1851 4613 13840 2109 4613 13841 1854 4614 13842 1852 4614 13843 2111 4614 13844 1851 4615 13845 2111 4615 13846 1852 4615 13847 2103 4616 13848 2112 4616 13849 2105 4616 13850 1863 4617 13851 1854 4617 13852 2112 4617 13853 1851 4618 13854 1849 4618 13855 2109 4618 13856 1849 4619 13857 1841 4619 13858 2109 4619 13859 1841 4620 13860 1839 4620 13861 2109 4620 13862 1839 4621 13863 2108 4621 13864 2109 4621 13865 2113 4622 13866 1849 4622 13867 1848 4622 13868 1849 4623 13869 2113 4623 13870 1841 4623 13871 1841 4624 13872 2113 4624 13873 2114 4624 13874 1842 4625 13875 2114 4625 13876 1844 4625 13877 1841 4626 13878 2114 4626 13879 1842 4626 13880 1844 4627 13881 2114 4627 13882 1847 4627 13883 2114 4628 13884 2113 4628 13885 1848 4628 13886 2114 4629 13887 1848 4629 13888 1847 4629 13889 1840 4630 13890 2115 4630 13891 2116 4630 13892 2115 4631 13893 2117 4631 13894 2116 4631 13895 2117 4632 13896 1837 4632 13897 2116 4632 13898 1835 4633 13899 2116 4633 13900 1837 4633 13901 2107 4634 13902 2116 4634 13903 1835 4634 13904 1838 4635 13905 2117 4635 13906 2115 4635 13907 1838 4636 13908 2115 4636 13909 1840 4636 13910 2107 4637 13911 1835 4637 13912 2102 4637 13913 2102 4638 13914 2104 4638 13915 2107 4638 13916 1864 4639 13917 2077 4639 13918 1867 4639 13919 2118 4640 13920 1968 4640 13921 1967 4640 13922 1963 4641 13923 1965 4641 13924 2118 4641 13925 1967 4642 13926 1963 4642 13927 2118 4642 13928 2034 4643 13929 1994 4643 13930 2031 4643 13931 1988 4644 13932 2119 4644 13933 2031 4644 13934 2030 4645 13935 2119 4645 13936 1988 4645 13937 2121 4646 13938 2120 4646 13939 1994 4646 13940 2121 4647 13941 2122 4647 13942 2120 4647 13943 2019 4648 13944 2122 4648 13945 2121 4648 13946 2007 4649 13947 2001 4649 13948 2122 4649 13949 2001 4650 13950 2000 4650 13951 2122 4650 13952 2000 4651 13953 2123 4651 13954 2122 4651 13955 2122 4652 13956 2123 4652 13957 2120 4652 13958 2123 4653 13959 2000 4653 13960 1998 4653 13961 2123 4654 13962 1998 4654 13963 2120 4654 13964 2120 4655 13965 1997 4655 13966 1994 4655 13967 1997 4656 13968 2120 4656 13969 1998 4656 13970 2025 4657 13971 2124 4657 13972 1817 4657 13973 1818 4658 13974 2124 4658 13975 2025 4658 13976 2028 4659 13977 1818 4659 13978 2025 4659 13979 1817 4660 13980 2124 4660 13981 1818 4660 13982 2020 4661 13983 1814 4661 13984 2125 4661 13985 2020 4662 13986 2125 4662 13987 2126 4662 13988 2127 4663 13989 2020 4663 13990 2126 4663 13991 2007 4664 13992 2005 4664 13993 2001 4664 13994 2128 4665 13995 1811 4665 13996 2017 4665 13997 2006 4666 13998 2007 4666 13999 2017 4666 14000 2006 4667 14001 2017 4667 14002 1810 4667 14003 1810 4668 14004 2017 4668 14005 1811 4668 14006 2003 4669 14007 2004 4669 14008 2002 4669 14009 1999 4670 14010 2002 4670 14011 1995 4670 14012 1991 4671 14013 1988 4671 14014 2031 4671 14015 2065 4672 14016 1978 4672 14017 2071 4672 14018 2131 4673 14019 2129 4673 14020 2130 4673 14021 2131 4674 14022 2134 4674 14023 2132 4674 14024 2134 4675 14025 2133 4675 14026 2132 4675 14027 1972 4676 14028 2133 4676 14029 2134 4676 14030 1971 4677 14031 2134 4677 14032 2135 4677 14033 2134 4678 14034 1971 4678 14035 1972 4678 14036 2135 4679 14037 2134 4679 14038 2131 4679 14039 2140 4680 14040 2135 4680 14041 2131 4680 14042 2140 4681 14043 1935 4681 14044 2135 4681 14045 2135 4682 14046 1937 4682 14047 1940 4682 14048 1940 4683 14049 2136 4683 14050 2135 4683 14051 2136 4684 14052 1971 4684 14053 2135 4684 14054 1935 4685 14055 1937 4685 14056 2135 4685 14057 2136 4686 14058 1940 4686 14059 1959 4686 14060 1971 4687 14061 2136 4687 14062 1959 4687 14063 1972 4688 14064 1976 4688 14065 2133 4688 14066 2137 4689 14067 2131 4689 14068 2132 4689 14069 1979 4690 14070 2137 4690 14071 2132 4690 14072 2133 4691 14073 1979 4691 14074 2132 4691 14075 2137 4692 14076 2129 4692 14077 2131 4692 14078 2129 4693 14079 2137 4693 14080 1979 4693 14081 2131 4694 14082 2138 4694 14083 2140 4694 14084 2140 4695 14085 2138 4695 14086 1927 4695 14087 2130 4696 14088 2139 4696 14089 2138 4696 14090 2138 4697 14091 2139 4697 14092 1927 4697 14093 2139 4698 14094 1925 4698 14095 1927 4698 14096 1925 4699 14097 2139 4699 14098 1924 4699 14099 2130 4700 14100 1980 4700 14101 2139 4700 14102 2139 4701 14103 1980 4701 14104 1924 4701 14105 2138 4702 14106 2131 4702 14107 2130 4702 14108 2140 4703 14109 2141 4703 14110 1933 4703 14111 1934 4704 14112 1933 4704 14113 2141 4704 14114 1934 4705 14115 2141 4705 14116 1928 4705 14117 2140 4706 14118 1927 4706 14119 2141 4706 14120 1942 4707 14121 1959 4707 14122 1940 4707 14123 1942 4708 14124 1943 4708 14125 2142 4708 14126 1952 4709 14127 2145 4709 14128 2143 4709 14129 1953 4710 14130 1952 4710 14131 2143 4710 14132 2145 4711 14133 2144 4711 14134 2143 4711 14135 2146 4712 14136 2145 4712 14137 1950 4712 14138 2145 4713 14139 2146 4713 14140 2144 4713 14141 2147 4714 14142 2146 4714 14143 1950 4714 14144 2146 4715 14145 2147 4715 14146 2144 4715 14147 2147 4716 14148 1950 4716 14149 2155 4716 14150 2148 4717 14151 2147 4717 14152 2155 4717 14153 2147 4718 14154 2148 4718 14155 2149 4718 14156 2147 4719 14157 2149 4719 14158 2144 4719 14159 2144 4720 14160 2149 4720 14161 2150 4720 14162 2149 4721 14163 2151 4721 14164 2150 4721 14165 2148 4722 14166 2151 4722 14167 2149 4722 14168 2153 4723 14169 2151 4723 14170 2152 4723 14171 2152 4724 14172 2151 4724 14173 2148 4724 14174 1891 4725 14175 2153 4725 14176 2152 4725 14177 2155 4726 14178 1892 4726 14179 2152 4726 14180 2155 4727 14181 2152 4727 14182 2148 4727 14183 2152 4728 14184 1892 4728 14185 1891 4728 14186 2154 4729 14187 2150 4729 14188 2153 4729 14189 2144 4730 14190 2150 4730 14191 2154 4730 14192 2143 4731 14193 2144 4731 14194 2154 4731 14195 2143 4732 14196 2154 4732 14197 1883 4732 14198 2153 4733 14199 1887 4733 14200 2154 4733 14201 1887 4734 14202 2153 4734 14203 1891 4734 14204 2155 4735 14205 1909 4735 14206 1892 4735 14207 1909 4736 14208 2155 4736 14209 1950 4736 14210 2151 4737 14211 2153 4737 14212 2150 4737 14213 1942 4738 14214 1940 4738 14215 1939 4738 14216 1922 4739 14217 1930 4739 14218 1926 4739 14219 1921 4740 14220 1924 4740 14221 1797 4740 14222 1918 4741 14223 1916 4741 14224 1922 4741 14225 1919 4742 14226 1918 4742 14227 1922 4742 14228 1899 4743 14229 1902 4743 14230 2156 4743 14231 1921 4744 14232 1899 4744 14233 2156 4744 14234 2156 4745 14235 1902 4745 14236 2158 4745 14237 1902 4746 14238 2157 4746 14239 2158 4746 14240 1918 4747 14241 1919 4747 14242 2158 4747 14243 2156 4748 14244 2158 4748 14245 1919 4748 14246 1921 4749 14247 2159 4749 14248 2160 4749 14249 2162 4750 14250 2159 4750 14251 1921 4750 14252 2168 4751 14253 1921 4751 14254 2160 4751 14255 1895 4752 14256 1899 4752 14257 1921 4752 14258 1895 4753 14259 1921 4753 14260 2168 4753 14261 1799 4754 14262 1921 4754 14263 1797 4754 14264 1799 4755 14265 2161 4755 14266 1921 4755 14267 2161 4756 14268 2162 4756 14269 1921 4756 14270 2165 4757 14271 2162 4757 14272 2161 4757 14273 2164 4758 14274 2162 4758 14275 2165 4758 14276 2163 4759 14277 2164 4759 14278 2166 4759 14279 2169 4760 14280 2164 4760 14281 2165 4760 14282 2169 4761 14283 2166 4761 14284 2164 4761 14285 2167 4762 14286 2163 4762 14287 2166 4762 14288 2163 4763 14289 2167 4763 14290 2160 4763 14291 2166 4764 14292 1890 4764 14293 2167 4764 14294 2160 4765 14295 2167 4765 14296 1601 4765 14297 2168 4766 14298 2160 4766 14299 1601 4766 14300 1895 4767 14301 2168 4767 14302 1601 4767 14303 2167 4768 14304 1890 4768 14305 1601 4768 14306 2169 4769 14307 2165 4769 14308 2250 4769 14309 2250 4770 14310 2174 4770 14311 2169 4770 14312 2174 4771 14313 2171 4771 14314 2169 4771 14315 2171 4772 14316 2170 4772 14317 2169 4772 14318 2173 4773 14319 2171 4773 14320 2174 4773 14321 2171 4774 14322 2173 4774 14323 2172 4774 14324 2176 4775 14325 2173 4775 14326 2175 4775 14327 2177 4776 14328 2179 4776 14329 2176 4776 14330 2178 4777 14331 2177 4777 14332 2176 4777 14333 2178 4778 14334 2176 4778 14335 2180 4778 14336 2175 4779 14337 2180 4779 14338 2176 4779 14339 2181 4780 14340 2178 4780 14341 2180 4780 14342 2186 4781 14343 2181 4781 14344 2180 4781 14345 2184 4782 14346 2182 4782 14347 2180 4782 14348 2183 4783 14349 2180 4783 14350 2182 4783 14351 2175 4784 14352 2184 4784 14353 2180 4784 14354 2183 4785 14355 2186 4785 14356 2180 4785 14357 2186 4786 14358 2185 4786 14359 2181 4786 14360 2186 4787 14361 2189 4787 14362 2187 4787 14363 2186 4788 14364 2187 4788 14365 2188 4788 14366 2186 4789 14367 2188 4789 14368 2185 4789 14369 2187 4790 14370 2189 4790 14371 2227 4790 14372 2189 4791 14373 2186 4791 14374 2226 4791 14375 2189 4792 14376 2226 4792 14377 2227 4792 14378 2190 4793 14379 2188 4793 14380 2227 4793 14381 2188 4794 14382 2187 4794 14383 2227 4794 14384 2190 4795 14385 2192 4795 14386 2185 4795 14387 2191 4796 14388 2181 4796 14389 2185 4796 14390 2193 4797 14391 2191 4797 14392 2185 4797 14393 2192 4798 14394 2193 4798 14395 2185 4798 14396 2191 4799 14397 2193 4799 14398 2194 4799 14399 2193 4800 14400 2192 4800 14401 2194 4800 14402 2194 4801 14403 2197 4801 14404 2191 4801 14405 2195 4802 14406 2194 4802 14407 2196 4802 14408 2195 4803 14409 2197 4803 14410 2194 4803 14411 2192 4804 14412 2196 4804 14413 2194 4804 14414 2195 4805 14415 1879 4805 14416 2197 4805 14417 2198 4806 14418 2197 4806 14419 1879 4806 14420 2198 4807 14421 2199 4807 14422 2197 4807 14423 2197 4808 14424 2199 4808 14425 2191 4808 14426 2199 4809 14427 2200 4809 14428 2191 4809 14429 2199 4810 14430 2201 4810 14431 2200 4810 14432 2201 4811 14433 2199 4811 14434 2198 4811 14435 2198 4812 14436 2203 4812 14437 2201 4812 14438 2201 4813 14439 2202 4813 14440 2200 4813 14441 2201 4814 14442 2203 4814 14443 2202 4814 14444 2204 4815 14445 2202 4815 14446 2203 4815 14447 2171 4816 14448 2204 4816 14449 2203 4816 14450 2203 4817 14451 2170 4817 14452 2171 4817 14453 2172 4818 14454 2204 4818 14455 2171 4818 14456 2204 4819 14457 2177 4819 14458 2178 4819 14459 2177 4820 14460 2204 4820 14461 2172 4820 14462 2202 4821 14463 2204 4821 14464 2200 4821 14465 2204 4822 14466 2178 4822 14467 2200 4822 14468 2178 4823 14469 2181 4823 14470 2200 4823 14471 2181 4824 14472 2191 4824 14473 2200 4824 14474 2176 4825 14475 2179 4825 14476 2172 4825 14477 2179 4826 14478 2177 4826 14479 2172 4826 14480 2173 4827 14481 2176 4827 14482 2172 4827 14483 2198 4828 14484 2170 4828 14485 2203 4828 14486 2170 4829 14487 2198 4829 14488 1881 4829 14489 2170 4830 14490 1885 4830 14491 1888 4830 14492 2170 4831 14493 1881 4831 14494 1885 4831 14495 2198 4832 14496 1879 4832 14497 1881 4832 14498 2195 4833 14499 2205 4833 14500 1879 4833 14501 2205 4834 14502 2195 4834 14503 2208 4834 14504 1878 4835 14505 1879 4835 14506 2205 4835 14507 1878 4836 14508 2205 4836 14509 2208 4836 14510 2208 4837 14511 2206 4837 14512 2207 4837 14513 1876 4838 14514 1878 4838 14515 2208 4838 14516 1876 4839 14517 2208 4839 14518 2207 4839 14519 2207 4840 14520 2206 4840 14521 2210 4840 14522 2207 4841 14523 2210 4841 14524 1870 4841 14525 1870 4842 14526 2209 4842 14527 2207 4842 14528 2209 4843 14529 1876 4843 14530 2207 4843 14531 2241 4844 14532 2210 4844 14533 2211 4844 14534 2212 4845 14535 2211 4845 14536 2210 4845 14537 2206 4846 14538 2212 4846 14539 2210 4846 14540 1870 4847 14541 2210 4847 14542 2241 4847 14543 1869 4848 14544 2241 4848 14545 1862 4848 14546 1869 4849 14547 1870 4849 14548 2241 4849 14549 2214 4850 14550 2212 4850 14551 2206 4850 14552 2206 4851 14553 2215 4851 14554 2214 4851 14555 2215 4852 14556 2213 4852 14557 2233 4852 14558 2233 4853 14559 2216 4853 14560 2215 4853 14561 2215 4854 14562 2216 4854 14563 2217 4854 14564 2214 4855 14565 2215 4855 14566 2217 4855 14567 2217 4856 14568 2216 4856 14569 2232 4856 14570 2217 4857 14571 2232 4857 14572 2220 4857 14573 2217 4858 14574 2218 4858 14575 2219 4858 14576 2218 4859 14577 2217 4859 14578 2220 4859 14579 2221 4860 14580 2234 4860 14581 2220 4860 14582 2221 4861 14583 2220 4861 14584 2222 4861 14585 2231 4862 14586 2220 4862 14587 2230 4862 14588 2220 4863 14589 2232 4863 14590 2230 4863 14591 2231 4864 14592 2222 4864 14593 2220 4864 14594 2234 4865 14595 2218 4865 14596 2220 4865 14597 2231 4866 14598 2223 4866 14599 2222 4866 14600 2224 4867 14601 2222 4867 14602 2223 4867 14603 2221 4868 14604 2222 4868 14605 2224 4868 14606 2224 4869 14607 2223 4869 14608 2225 4869 14609 2224 4870 14610 2225 4870 14611 2183 4870 14612 2224 4871 14613 2183 4871 14614 2182 4871 14615 2186 4872 14616 2225 4872 14617 2226 4872 14618 2186 4873 14619 2183 4873 14620 2225 4873 14621 2229 4874 14622 2228 4874 14623 2227 4874 14624 2229 4875 14625 2227 4875 14626 2226 4875 14627 2228 4876 14628 2190 4876 14629 2227 4876 14630 2192 4877 14631 2190 4877 14632 2228 4877 14633 2195 4878 14634 2196 4878 14635 2228 4878 14636 2228 4879 14637 2196 4879 14638 2192 4879 14639 2208 4880 14640 2228 4880 14641 2229 4880 14642 2228 4881 14643 2208 4881 14644 2195 4881 14645 2206 4882 14646 2208 4882 14647 2229 4882 14648 2213 4883 14649 2206 4883 14650 2229 4883 14651 2231 4884 14652 2230 4884 14653 2229 4884 14654 2231 4885 14655 2229 4885 14656 2226 4885 14657 2230 4886 14658 2213 4886 14659 2229 4886 14660 2213 4887 14661 2215 4887 14662 2206 4887 14663 2213 4888 14664 2230 4888 14665 2232 4888 14666 2232 4889 14667 2233 4889 14668 2213 4889 14669 2216 4890 14670 2233 4890 14671 2232 4890 14672 2231 4891 14673 2225 4891 14674 2223 4891 14675 2226 4892 14676 2225 4892 14677 2231 4892 14678 1800 4893 14679 2224 4893 14680 2182 4893 14681 1800 4894 14682 2221 4894 14683 2224 4894 14684 2234 4895 14685 2235 4895 14686 2218 4895 14687 2234 4896 14688 2236 4896 14689 2237 4896 14690 2234 4897 14691 2237 4897 14692 2235 4897 14693 2239 4898 14694 2237 4898 14695 2243 4898 14696 2235 4899 14697 2237 4899 14698 2239 4899 14699 2238 4900 14700 2235 4900 14701 2239 4900 14702 2239 4901 14703 2240 4901 14704 2238 4901 14705 1859 4902 14706 2240 4902 14707 2239 4902 14708 2238 4903 14709 2240 4903 14710 1859 4903 14711 2238 4904 14712 1859 4904 14713 1862 4904 14714 1862 4905 14715 2241 4905 14716 2238 4905 14717 2241 4906 14718 2219 4906 14719 2238 4906 14720 2241 4907 14721 2242 4907 14722 2219 4907 14723 2211 4908 14724 2214 4908 14725 2242 4908 14726 2217 4909 14727 2242 4909 14728 2214 4909 14729 2242 4910 14730 2217 4910 14731 2219 4910 14732 2241 4911 14733 2211 4911 14734 2242 4911 14735 2211 4912 14736 2212 4912 14737 2214 4912 14738 1858 4913 14739 2239 4913 14740 2243 4913 14741 1846 4914 14742 1858 4914 14743 2243 4914 14744 1846 4915 14745 2243 4915 14746 2247 4915 14747 2247 4916 14748 2243 4916 14749 2244 4916 14750 2234 4917 14751 2245 4917 14752 2244 4917 14753 2247 4918 14754 2244 4918 14755 2245 4918 14756 2245 4919 14757 2246 4919 14758 2247 4919 14759 2234 4920 14760 2246 4920 14761 2245 4920 14762 2246 4921 14763 2234 4921 14764 2221 4921 14765 2246 4922 14766 2221 4922 14767 1800 4922 14768 2246 4923 14769 1800 4923 14770 1794 4923 14771 1794 4924 14772 1843 4924 14773 2246 4924 14774 1845 4925 14775 2247 4925 14776 1843 4925 14777 2247 4926 14778 2246 4926 14779 1843 4926 14780 2237 4927 14781 2244 4927 14782 2243 4927 14783 2236 4928 14784 2234 4928 14785 2244 4928 14786 2237 4929 14787 2236 4929 14788 2244 4929 14789 2239 4930 14790 1858 4930 14791 1859 4930 14792 2235 4931 14793 2238 4931 14794 2219 4931 14795 2218 4932 14796 2235 4932 14797 2219 4932 14798 2185 4933 14799 2188 4933 14800 2190 4933 14801 2175 4934 14802 2174 4934 14803 2184 4934 14804 2175 4935 14805 2173 4935 14806 2174 4935 14807 2174 4936 14808 2250 4936 14809 2184 4936 14810 2250 4937 14811 2248 4937 14812 2184 4937 14813 2248 4938 14814 1799 4938 14815 2184 4938 14816 2249 4939 14817 1799 4939 14818 2248 4939 14819 2249 4940 14820 2165 4940 14821 2161 4940 14822 2249 4941 14823 2161 4941 14824 1799 4941 14825 2250 4942 14826 2165 4942 14827 2249 4942 14828 2249 4943 14829 2248 4943 14830 2250 4943 14831 1799 4944 14832 2182 4944 14833 2184 4944 14834 1888 4945 14835 2169 4945 14836 2170 4945 14837 1888 4946 14838 2166 4946 14839 2169 4946 14840 2160 4947 14841 2159 4947 14842 2163 4947 14843 2159 4948 14844 2164 4948 14845 2163 4948 14846 2159 4949 14847 2162 4949 14848 2164 4949 14849 1908 4950 14850 1912 4950 14851 1907 4950 14852 1903 4951 14853 1897 4951 14854 1896 4951 14855 2157 4952 14856 1897 4952 14857 1903 4952 14858 1895 4953 14859 1601 4953 14860 1602 4953 14861 1861 4954 14862 1869 4954 14863 1862 4954 14864 1868 4955 14865 1866 4955 14866 1867 4955 14867 1855 4956 14868 1854 4956 14869 1863 4956 14870 1848 4957 14871 1850 4957 14872 1846 4957 14873 1845 4958 14874 1848 4958 14875 1846 4958 14876 2251 4959 14877 1798 4959 14878 1791 4959 14879 1837 4960 14880 1836 4960 14881 2251 4960 14882 1836 4961 14883 1838 4961 14884 2251 4961 14885 2102 4962 14886 1834 4962 14887 1830 4962 14888 1834 4963 14889 1831 4963 14890 1830 4963 14891 1824 4964 14892 1803 4964 14893 1821 4964 14894 1821 4965 14895 1803 4965 14896 1805 4965 14897 1803 4966 14898 1804 4966 14899 1805 4966 14900 2101 4967 14901 1819 4967 14902 1820 4967 14903 2253 4968 14904 1806 4968 14905 2252 4968 14906 1805 4969 14907 1806 4969 14908 2253 4969 14909 2252 4970 14910 1809 4970 14911 1812 4970 14912 2253 4971 14913 2252 4971 14914 1815 4971 14915 1812 4972 14916 1815 4972 14917 2252 4972 14918 1806 4973 14919 1807 4973 14920 2252 4973 14921 1809 4974 14922 2252 4974 14923 1807 4974 14924 1806 4975 14925 1797 4975 14926 1807 4975 14927 1806 4976 14928 1795 4976 14929 1797 4976 14930 1798 4977 14931 1792 4977 14932 1791 4977 14933 1826 4978 14934 1785 4978 14935 1825 4978 14936 1788 4979 14937 1789 4979 14938 1791 4979 14939 1787 4980 14940 1786 4980 14941 1783 4980 14942 2603 4981 14943 3535 4981 14944 3536 4981 14945 3536 4982 14946 2557 4982 14947 2603 4982 14948 2558 4983 14949 2601 4983 14950 2600 4983 14951 2601 4984 14952 2558 4984 14953 2603 4984 14954 2603 4985 14955 2558 4985 14956 3535 4985 14957 3535 4986 14958 2558 4986 14959 2561 4986 14960 2600 4987 14961 2559 4987 14962 2558 4987 14963 2558 4988 14964 2559 4988 14965 2561 4988 14966 2561 4989 14967 2560 4989 14968 2562 4989 14969 3535 4990 14970 2561 4990 14971 2562 4990 14972 2562 4991 14973 2563 4991 14974 2564 4991 14975 2562 4992 14976 2591 4992 14977 2563 4992 14978 2565 4993 14979 2562 4993 14980 2564 4993 14981 2562 4994 14982 2565 4994 14983 3535 4994 14984 2560 4995 14985 2591 4995 14986 2562 4995 14987 2566 4996 14988 3533 4996 14989 2565 4996 14990 2565 4997 14991 2564 4997 14992 2566 4997 14993 3533 4998 14994 2566 4998 14995 2568 4998 14996 2567 4999 14997 2568 4999 14998 2566 4999 14999 2567 5000 15000 2570 5000 15001 2568 5000 15002 2568 5001 15003 3389 5001 15004 3533 5001 15005 3389 5002 15006 2568 5002 15007 2569 5002 15008 2570 5003 15009 2569 5003 15010 2568 5003 15011 2571 5004 15012 2572 5004 15013 2570 5004 15014 2570 5005 15015 2572 5005 15016 2569 5005 15017 2573 5006 15018 3428 5006 15019 2571 5006 15020 2574 5007 15021 2571 5007 15022 2570 5007 15023 2573 5008 15024 2571 5008 15025 2574 5008 15026 2576 5009 15027 2574 5009 15028 2575 5009 15029 2575 5010 15030 2574 5010 15031 2567 5010 15032 2574 5011 15033 2570 5011 15034 2567 5011 15035 2576 5012 15036 2573 5012 15037 2574 5012 15038 2578 5013 15039 2577 5013 15040 2576 5013 15041 2578 5014 15042 2576 5014 15043 2579 5014 15044 2577 5015 15045 2573 5015 15046 2576 5015 15047 2579 5016 15048 2576 5016 15049 2575 5016 15050 2579 5017 15051 2575 5017 15052 2580 5017 15053 2580 5018 15054 2582 5018 15055 2581 5018 15056 2580 5019 15057 2575 5019 15058 2582 5019 15059 2575 5020 15060 2567 5020 15061 2582 5020 15062 2582 5021 15063 2566 5021 15064 2564 5021 15065 2581 5022 15066 2582 5022 15067 2564 5022 15068 2582 5023 15069 2567 5023 15070 2566 5023 15071 2581 5024 15072 2564 5024 15073 2563 5024 15074 2583 5025 15075 2581 5025 15076 2563 5025 15077 2580 5026 15078 2581 5026 15079 2583 5026 15080 2583 5027 15081 2563 5027 15082 2587 5027 15083 2584 5028 15084 2583 5028 15085 2585 5028 15086 2584 5029 15087 2580 5029 15088 2583 5029 15089 2585 5030 15090 2583 5030 15091 2586 5030 15092 2583 5031 15093 2587 5031 15094 2586 5031 15095 2588 5032 15096 2586 5032 15097 2587 5032 15098 3454 5033 15099 2587 5033 15100 2563 5033 15101 2589 5034 15102 2588 5034 15103 2587 5034 15104 3454 5035 15105 2589 5035 15106 2587 5035 15107 2563 5036 15108 2591 5036 15109 3454 5036 15110 2560 5037 15111 2590 5037 15112 2591 5037 15113 2592 5038 15114 2591 5038 15115 2590 5038 15116 2594 5039 15117 2590 5039 15118 2560 5039 15119 2592 5040 15120 2590 5040 15121 2594 5040 15122 2594 5041 15123 2561 5041 15124 2599 5041 15125 2594 5042 15126 2560 5042 15127 2561 5042 15128 2593 5043 15129 2592 5043 15130 2595 5043 15131 2592 5044 15132 2594 5044 15133 2595 5044 15134 2596 5045 15135 2595 5045 15136 2597 5045 15137 3515 5046 15138 2595 5046 15139 2596 5046 15140 2595 5047 15141 3515 5047 15142 2593 5047 15143 2594 5048 15144 2597 5048 15145 2595 5048 15146 2599 5049 15147 2609 5049 15148 2597 5049 15149 2594 5050 15150 2599 5050 15151 2597 5050 15152 2597 5051 15153 2598 5051 15154 2596 5051 15155 2599 5052 15156 2600 5052 15157 2601 5052 15158 2601 5053 15159 2602 5053 15160 2608 5053 15161 2601 5054 15162 2608 5054 15163 2609 5054 15164 2603 5055 15165 2602 5055 15166 2601 5055 15167 2609 5056 15168 2599 5056 15169 2601 5056 15170 2603 5057 15171 2604 5057 15172 2602 5057 15173 2605 5058 15174 2604 5058 15175 2603 5058 15176 2604 5059 15177 2605 5059 15178 2607 5059 15179 2605 5060 15180 2606 5060 15181 2607 5060 15182 2606 5061 15183 3565 5061 15184 2607 5061 15185 2604 5062 15186 2607 5062 15187 2608 5062 15188 2607 5063 15189 2612 5063 15190 2608 5063 15191 2609 5064 15192 2608 5064 15193 2610 5064 15194 2608 5065 15195 2611 5065 15196 2610 5065 15197 2612 5066 15198 2611 5066 15199 2608 5066 15200 2612 5067 15201 2613 5067 15202 2611 5067 15203 2614 5068 15204 2612 5068 15205 2607 5068 15206 2613 5069 15207 2612 5069 15208 2614 5069 15209 2615 5070 15210 2616 5070 15211 2614 5070 15212 2615 5071 15213 2614 5071 15214 2617 5071 15215 2616 5072 15216 2618 5072 15217 2614 5072 15218 2617 5073 15219 2614 5073 15220 2607 5073 15221 2613 5074 15222 2614 5074 15223 2618 5074 15224 2618 5075 15225 2621 5075 15226 2619 5075 15227 2618 5076 15228 2619 5076 15229 2613 5076 15230 2616 5077 15231 2620 5077 15232 2618 5077 15233 2620 5078 15234 2621 5078 15235 2618 5078 15236 2623 5079 15237 2621 5079 15238 2620 5079 15239 2623 5080 15240 2622 5080 15241 2621 5080 15242 2622 5081 15243 2625 5081 15244 2621 5081 15245 2621 5082 15246 2625 5082 15247 2619 5082 15248 2624 5083 15249 2627 5083 15250 2625 5083 15251 2627 5084 15252 2626 5084 15253 2625 5084 15254 2622 5085 15255 2624 5085 15256 2625 5085 15257 2656 5086 15258 2650 5086 15259 2627 5086 15260 2627 5087 15261 2650 5087 15262 3532 5087 15263 3532 5088 15264 2650 5088 15265 2628 5088 15266 3532 5089 15267 2628 5089 15268 2630 5089 15269 2630 5090 15270 2629 5090 15271 2632 5090 15272 2628 5091 15273 2629 5091 15274 2630 5091 15275 2630 5092 15276 2632 5092 15277 2631 5092 15278 2629 5093 15279 2634 5093 15280 2632 5093 15281 2635 5094 15282 2631 5094 15283 2632 5094 15284 2632 5095 15285 2633 5095 15286 2635 5095 15287 2632 5096 15288 2634 5096 15289 2633 5096 15290 2633 5097 15291 2636 5097 15292 2635 5097 15293 3527 5098 15294 2631 5098 15295 2635 5098 15296 3527 5099 15297 2635 5099 15298 3526 5099 15299 3526 5100 15300 2635 5100 15301 2636 5100 15302 2637 5101 15303 2636 5101 15304 2638 5101 15305 3526 5102 15306 2636 5102 15307 2637 5102 15308 2636 5103 15309 2633 5103 15310 2638 5103 15311 2633 5104 15312 2641 5104 15313 2638 5104 15314 2637 5105 15315 2638 5105 15316 2640 5105 15317 2638 5106 15318 2641 5106 15319 2639 5106 15320 2640 5107 15321 2638 5107 15322 2639 5107 15323 2633 5108 15324 2643 5108 15325 2641 5108 15326 2641 5109 15327 3342 5109 15328 2639 5109 15329 2639 5110 15330 3342 5110 15331 2642 5110 15332 2641 5111 15333 3341 5111 15334 3342 5111 15335 2643 5112 15336 3341 5112 15337 2641 5112 15338 2629 5113 15339 2645 5113 15340 2634 5113 15341 2634 5114 15342 2644 5114 15343 2643 5114 15344 2645 5115 15345 2644 5115 15346 2634 5115 15347 2647 5116 15348 2646 5116 15349 2645 5116 15350 2645 5117 15351 2646 5117 15352 2644 5117 15353 2649 5118 15354 2645 5118 15355 2629 5118 15356 2645 5119 15357 2649 5119 15358 2647 5119 15359 2648 5120 15360 2647 5120 15361 2649 5120 15362 2628 5121 15363 2648 5121 15364 2649 5121 15365 2628 5122 15366 2650 5122 15367 2648 5122 15368 2651 5123 15369 2648 5123 15370 2650 5123 15371 2652 5124 15372 2651 5124 15373 2656 5124 15374 2652 5125 15375 2654 5125 15376 2651 5125 15377 2654 5126 15378 2653 5126 15379 2651 5126 15380 2648 5127 15381 2651 5127 15382 2653 5127 15383 2656 5128 15384 2651 5128 15385 2650 5128 15386 2655 5129 15387 2652 5129 15388 2656 5129 15389 2624 5130 15390 2655 5130 15391 2656 5130 15392 2655 5131 15393 2624 5131 15394 2622 5131 15395 2622 5132 15396 2658 5132 15397 2655 5132 15398 2658 5133 15399 2657 5133 15400 2655 5133 15401 2622 5134 15402 2623 5134 15403 2658 5134 15404 2623 5135 15405 2659 5135 15406 2658 5135 15407 2660 5136 15408 2657 5136 15409 2658 5136 15410 2673 5137 15411 2675 5137 15412 2660 5137 15413 2660 5138 15414 2675 5138 15415 2657 5138 15416 2661 5139 15417 2660 5139 15418 2662 5139 15419 2661 5140 15420 2673 5140 15421 2660 5140 15422 2658 5141 15423 2662 5141 15424 2660 5141 15425 2662 5142 15426 2664 5142 15427 2620 5142 15428 2620 5143 15429 2663 5143 15430 2662 5143 15431 3379 5144 15432 2662 5144 15433 2663 5144 15434 2662 5145 15435 2659 5145 15436 2664 5145 15437 3379 5146 15438 2665 5146 15439 2662 5146 15440 2665 5147 15441 2661 5147 15442 2662 5147 15443 2658 5148 15444 2659 5148 15445 2662 5148 15446 2665 5149 15447 2666 5149 15448 2667 5149 15449 2666 5150 15450 2665 5150 15451 3379 5150 15452 2667 5151 15453 2661 5151 15454 2665 5151 15455 2668 5152 15456 2667 5152 15457 2666 5152 15458 2669 5153 15459 2670 5153 15460 2667 5153 15461 2668 5154 15462 2669 5154 15463 2667 5154 15464 2661 5155 15465 2667 5155 15466 2670 5155 15467 2669 5156 15468 2672 5156 15469 2670 5156 15470 2670 5157 15471 2673 5157 15472 2661 5157 15473 2672 5158 15474 2674 5158 15475 2670 5158 15476 2672 5159 15477 3359 5159 15478 2674 5159 15479 2673 5160 15480 2677 5160 15481 2675 5160 15482 2675 5161 15483 2690 5161 15484 2676 5161 15485 2677 5162 15486 2690 5162 15487 2675 5162 15488 2675 5163 15489 2676 5163 15490 3812 5163 15491 2677 5164 15492 2673 5164 15493 2674 5164 15494 2690 5165 15495 2678 5165 15496 2676 5165 15497 2676 5166 15498 2679 5166 15499 3702 5166 15500 2676 5167 15501 2678 5167 15502 2679 5167 15503 3702 5168 15504 2679 5168 15505 3701 5168 15506 2679 5169 15507 2681 5169 15508 3701 5169 15509 2680 5170 15510 3701 5170 15511 2681 5170 15512 2679 5171 15513 2682 5171 15514 2681 5171 15515 2681 5172 15516 2685 5172 15517 2680 5172 15518 2684 5173 15519 2680 5173 15520 2685 5173 15521 2684 5174 15522 2686 5174 15523 2903 5174 15524 2684 5175 15525 2903 5175 15526 2683 5175 15527 2686 5176 15528 2684 5176 15529 2685 5176 15530 2682 5177 15531 2687 5177 15532 2681 5177 15533 2685 5178 15534 2681 5178 15535 2687 5178 15536 2682 5179 15537 2688 5179 15538 2687 5179 15539 2689 5180 15540 2688 5180 15541 2682 5180 15542 2690 5181 15543 2689 5181 15544 2678 5181 15545 2678 5182 15546 2689 5182 15547 2682 5182 15548 2692 5183 15549 2691 5183 15550 2690 5183 15551 2690 5184 15552 2691 5184 15553 2689 5184 15554 2677 5185 15555 2692 5185 15556 2690 5185 15557 2674 5186 15558 2693 5186 15559 2677 5186 15560 2693 5187 15561 2692 5187 15562 2677 5187 15563 2694 5188 15564 2695 5188 15565 2696 5188 15566 2695 5189 15567 2697 5189 15568 2696 5189 15569 2697 5190 15570 2698 5190 15571 2696 5190 15572 2696 5191 15573 2698 5191 15574 2693 5191 15575 2696 5192 15576 2693 5192 15577 2674 5192 15578 2699 5193 15579 2706 5193 15580 2698 5193 15581 2699 5194 15582 2698 5194 15583 2697 5194 15584 2706 5195 15585 2700 5195 15586 2698 5195 15587 2698 5196 15588 2700 5196 15589 2693 5196 15590 2706 5197 15591 2699 5197 15592 2701 5197 15593 2706 5198 15594 2701 5198 15595 2702 5198 15596 2705 5199 15597 2702 5199 15598 2701 5199 15599 2704 5200 15600 2703 5200 15601 2702 5200 15602 2706 5201 15603 2702 5201 15604 2703 5201 15605 2705 5202 15606 2704 5202 15607 2702 5202 15608 2700 5203 15609 2706 5203 15610 2703 5203 15611 2703 5204 15612 2707 5204 15613 2700 5204 15614 2703 5205 15615 2708 5205 15616 2707 5205 15617 2708 5206 15618 2703 5206 15619 2709 5206 15620 2886 5207 15621 2709 5207 15622 2710 5207 15623 2704 5208 15624 2710 5208 15625 2709 5208 15626 2710 5209 15627 2711 5209 15628 2886 5209 15629 3267 5210 15630 2710 5210 15631 2704 5210 15632 3267 5211 15633 2712 5211 15634 2710 5211 15635 2710 5212 15636 2712 5212 15637 2711 5212 15638 2714 5213 15639 2713 5213 15640 2712 5213 15641 2712 5214 15642 2713 5214 15643 2711 5214 15644 3266 5215 15645 2714 5215 15646 2712 5215 15647 3266 5216 15648 2712 5216 15649 3267 5216 15650 2715 5217 15651 2714 5217 15652 3266 5217 15653 2720 5218 15654 2879 5218 15655 2714 5218 15656 2715 5219 15657 2720 5219 15658 2714 5219 15659 2714 5220 15660 2879 5220 15661 2713 5220 15662 2716 5221 15663 2718 5221 15664 2715 5221 15665 2716 5222 15666 2715 5222 15667 2717 5222 15668 2717 5223 15669 2715 5223 15670 3266 5223 15671 2718 5224 15672 2720 5224 15673 2715 5224 15674 2718 5225 15675 2719 5225 15676 2720 5225 15677 3268 5226 15678 2718 5226 15679 2716 5226 15680 2718 5227 15681 3811 5227 15682 2719 5227 15683 3811 5228 15684 2721 5228 15685 2719 5228 15686 2723 5229 15687 2721 5229 15688 3811 5229 15689 3711 5230 15690 2721 5230 15691 2723 5230 15692 2722 5231 15693 2723 5231 15694 2724 5231 15695 2724 5232 15696 2723 5232 15697 3811 5232 15698 2725 5233 15699 2724 5233 15700 3298 5233 15701 2724 5234 15702 2725 5234 15703 2726 5234 15704 2724 5235 15705 2726 5235 15706 2727 5235 15707 2724 5236 15708 2727 5236 15709 2732 5236 15710 2724 5237 15711 2732 5237 15712 2810 5237 15713 2722 5238 15714 2724 5238 15715 2810 5238 15716 2724 5239 15717 2728 5239 15718 3298 5239 15719 2732 5240 15720 2729 5240 15721 2734 5240 15722 3287 5241 15723 2729 5241 15724 2732 5241 15725 2732 5242 15726 2730 5242 15727 2810 5242 15728 2727 5243 15729 2731 5243 15730 2732 5243 15731 2731 5244 15732 3287 5244 15733 2732 5244 15734 2732 5245 15735 2733 5245 15736 3798 5245 15737 2733 5246 15738 2732 5246 15739 2734 5246 15740 3798 5247 15741 2733 5247 15742 2736 5247 15743 3798 5248 15744 2737 5248 15745 2735 5248 15746 2736 5249 15747 2737 5249 15748 3798 5249 15749 2738 5250 15750 2735 5250 15751 2737 5250 15752 2737 5251 15753 2739 5251 15754 2738 5251 15755 2737 5252 15756 2736 5252 15757 2739 5252 15758 2738 5253 15759 2739 5253 15760 2741 5253 15761 2741 5254 15762 2739 5254 15763 2740 5254 15764 2740 5255 15765 2739 5255 15766 2736 5255 15767 2741 5256 15768 2744 5256 15769 2742 5256 15770 2742 5257 15771 2738 5257 15772 2741 5257 15773 2743 5258 15774 2741 5258 15775 2740 5258 15776 2745 5259 15777 2741 5259 15778 2743 5259 15779 2741 5260 15780 2746 5260 15781 2744 5260 15782 2741 5261 15783 2745 5261 15784 2746 5261 15785 2746 5262 15786 2750 5262 15787 2747 5262 15788 2746 5263 15789 2747 5263 15790 2744 5263 15791 2747 5264 15792 2749 5264 15793 2748 5264 15794 2744 5265 15795 2747 5265 15796 2748 5265 15797 2747 5266 15798 2750 5266 15799 2749 5266 15800 2751 5267 15801 2750 5267 15802 2752 5267 15803 2750 5268 15804 2751 5268 15805 2749 5268 15806 2746 5269 15807 2752 5269 15808 2750 5269 15809 2933 5270 15810 2752 5270 15811 2746 5270 15812 2753 5271 15813 3151 5271 15814 2752 5271 15815 2933 5272 15816 2753 5272 15817 2752 5272 15818 3151 5273 15819 2754 5273 15820 2752 5273 15821 2752 5274 15822 2754 5274 15823 2751 5274 15824 2754 5275 15825 2759 5275 15826 2751 5275 15827 3151 5276 15828 2755 5276 15829 2754 5276 15830 2755 5277 15831 2757 5277 15832 2754 5277 15833 2754 5278 15834 2757 5278 15835 2756 5278 15836 2756 5279 15837 2758 5279 15838 2754 5279 15839 2754 5280 15840 2758 5280 15841 2759 5280 15842 2749 5281 15843 2751 5281 15844 2759 5281 15845 2759 5282 15846 2760 5282 15847 2749 5282 15848 2748 5283 15849 2760 5283 15850 2762 5283 15851 2748 5284 15852 2749 5284 15853 2760 5284 15854 2758 5285 15855 2761 5285 15856 2760 5285 15857 2762 5286 15858 2760 5286 15859 2761 5286 15860 2760 5287 15861 2759 5287 15862 2758 5287 15863 2758 5288 15864 2764 5288 15865 2761 5288 15866 2758 5289 15867 2763 5289 15868 2764 5289 15869 2766 5290 15870 2763 5290 15871 2758 5290 15872 2763 5291 15873 2767 5291 15874 2764 5291 15875 2763 5292 15876 2766 5292 15877 2765 5292 15878 2765 5293 15879 2767 5293 15880 2763 5293 15881 3116 5294 15882 2769 5294 15883 2767 5294 15884 2767 5295 15885 2770 5295 15886 3116 5295 15887 2767 5296 15888 2771 5296 15889 2764 5296 15890 2765 5297 15891 2768 5297 15892 2767 5297 15893 2767 5298 15894 2768 5298 15895 3135 5298 15896 2770 5299 15897 2767 5299 15898 3135 5299 15899 2767 5300 15900 2769 5300 15901 2771 5300 15902 2764 5301 15903 2771 5301 15904 2772 5301 15905 2771 5302 15906 2773 5302 15907 2772 5302 15908 2773 5303 15909 2771 5303 15910 2769 5303 15911 2775 5304 15912 2772 5304 15913 2773 5304 15914 2776 5305 15915 2773 5305 15916 2774 5305 15917 2769 5306 15918 2774 5306 15919 2773 5306 15920 2775 5307 15921 2773 5307 15922 2776 5307 15923 2776 5308 15924 2777 5308 15925 3777 5308 15926 2775 5309 15927 2776 5309 15928 3777 5309 15929 2779 5310 15930 2777 5310 15931 2776 5310 15932 2776 5311 15933 2774 5311 15934 2778 5311 15935 2776 5312 15936 2778 5312 15937 2779 5312 15938 2782 5313 15939 2779 5313 15940 2780 5313 15941 2782 5314 15942 2780 5314 15943 2781 5314 15944 2783 5315 15945 3778 5315 15946 2782 5315 15947 2783 5316 15948 2782 5316 15949 2784 5316 15950 3778 5317 15951 2779 5317 15952 2782 5317 15953 2784 5318 15954 2782 5318 15955 2781 5318 15956 2785 5319 15957 2783 5319 15958 2784 5319 15959 2785 5320 15960 2784 5320 15961 2789 5320 15962 2787 5321 15963 2783 5321 15964 2785 5321 15965 2786 5322 15966 2787 5322 15967 2785 5322 15968 2786 5323 15969 2785 5323 15970 2788 5323 15971 2788 5324 15972 2785 5324 15973 2789 5324 15974 2786 5325 15975 2788 5325 15976 2790 5325 15977 2786 5326 15978 2790 5326 15979 2793 5326 15980 2791 5327 15981 2786 5327 15982 2793 5327 15983 2792 5328 15984 2791 5328 15985 2793 5328 15986 2793 5329 15987 2795 5329 15988 2792 5329 15989 2795 5330 15990 2793 5330 15991 2794 5330 15992 2795 5331 15993 2796 5331 15994 2792 5331 15995 2795 5332 15996 2794 5332 15997 2797 5332 15998 2730 5333 15999 2797 5333 16000 2794 5333 16001 2730 5334 16002 2794 5334 16003 2798 5334 16004 2790 5335 16005 2799 5335 16006 2798 5335 16007 2798 5336 16008 2799 5336 16009 2800 5336 16010 2798 5337 16011 2800 5337 16012 2810 5337 16013 2730 5338 16014 2798 5338 16015 2810 5338 16016 2803 5339 16017 2800 5339 16018 2799 5339 16019 2802 5340 16020 2801 5340 16021 2800 5340 16022 2800 5341 16023 2801 5341 16024 2810 5341 16025 2803 5342 16026 2802 5342 16027 2800 5342 16028 2803 5343 16029 2789 5343 16030 2804 5343 16031 2804 5344 16032 2802 5344 16033 2803 5344 16034 2788 5345 16035 2789 5345 16036 2803 5345 16037 2803 5346 16038 2790 5346 16039 2788 5346 16040 2790 5347 16041 2803 5347 16042 2799 5347 16043 2804 5348 16044 2805 5348 16045 2802 5348 16046 2806 5349 16047 2802 5349 16048 2805 5349 16049 2805 5350 16050 2808 5350 16051 2806 5350 16052 2806 5351 16053 2808 5351 16054 2807 5351 16055 2809 5352 16056 2806 5352 16057 2807 5352 16058 2809 5353 16059 2807 5353 16060 2812 5353 16061 2809 5354 16062 2816 5354 16063 2810 5354 16064 2809 5355 16065 2811 5355 16066 2816 5355 16067 2812 5356 16068 2811 5356 16069 2809 5356 16070 2812 5357 16071 3206 5357 16072 2811 5357 16073 3206 5358 16074 2813 5358 16075 2811 5358 16076 2817 5359 16077 2813 5359 16078 2814 5359 16079 2815 5360 16080 2814 5360 16081 2813 5360 16082 3206 5361 16083 2815 5361 16084 2813 5361 16085 2811 5362 16086 2813 5362 16087 2817 5362 16088 2817 5363 16089 3750 5363 16090 2722 5363 16091 2810 5364 16092 2816 5364 16093 2817 5364 16094 2811 5365 16095 2817 5365 16096 2816 5365 16097 2817 5366 16098 3208 5366 16099 2818 5366 16100 2817 5367 16101 2818 5367 16102 3233 5367 16103 2817 5368 16104 3233 5368 16105 3750 5368 16106 2810 5369 16107 2817 5369 16108 2722 5369 16109 3750 5370 16110 2820 5370 16111 2819 5370 16112 3750 5371 16113 2819 5371 16114 2821 5371 16115 2831 5372 16116 2820 5372 16117 3750 5372 16118 3233 5373 16119 2831 5373 16120 3750 5373 16121 2821 5374 16122 2819 5374 16123 2826 5374 16124 2826 5375 16125 2825 5375 16126 3740 5375 16127 2825 5376 16128 2823 5376 16129 3740 5376 16130 3740 5377 16131 2823 5377 16132 2822 5377 16133 2825 5378 16134 2824 5378 16135 2823 5378 16136 2819 5379 16137 2825 5379 16138 2826 5379 16139 2827 5380 16140 2824 5380 16141 2825 5380 16142 2829 5381 16143 2824 5381 16144 2827 5381 16145 2830 5382 16146 2827 5382 16147 2828 5382 16148 2827 5383 16149 2830 5383 16150 2829 5383 16151 2830 5384 16152 2828 5384 16153 2831 5384 16154 2830 5385 16155 2832 5385 16156 2829 5385 16157 3235 5386 16158 2830 5386 16159 2831 5386 16160 2830 5387 16161 3235 5387 16162 2832 5387 16163 3235 5388 16164 3234 5388 16165 2832 5388 16166 2829 5389 16167 2833 5389 16168 2824 5389 16169 2833 5390 16170 2834 5390 16171 2835 5390 16172 2833 5391 16173 2832 5391 16174 2834 5391 16175 2824 5392 16176 2833 5392 16177 2835 5392 16178 2829 5393 16179 2832 5393 16180 2833 5393 16181 2836 5394 16182 2835 5394 16183 2837 5394 16184 2824 5395 16185 2835 5395 16186 2836 5395 16187 2835 5396 16188 2838 5396 16189 2837 5396 16190 2835 5397 16191 2834 5397 16192 2838 5397 16193 2834 5398 16194 3224 5398 16195 2838 5398 16196 3224 5399 16197 3221 5399 16198 2838 5399 16199 2837 5400 16200 2838 5400 16201 2839 5400 16202 2839 5401 16203 2838 5401 16204 3221 5401 16205 3221 5402 16206 2840 5402 16207 2839 5402 16208 2839 5403 16209 2840 5403 16210 2841 5403 16211 2839 5404 16212 2841 5404 16213 2843 5404 16214 2837 5405 16215 2839 5405 16216 2842 5405 16217 2842 5406 16218 2839 5406 16219 2843 5406 16220 2846 5407 16221 2842 5407 16222 2843 5407 16223 2843 5408 16224 2841 5408 16225 2844 5408 16226 2845 5409 16227 2843 5409 16228 2844 5409 16229 2845 5410 16230 2846 5410 16231 2843 5410 16232 2846 5411 16233 2845 5411 16234 2847 5411 16235 2846 5412 16236 2847 5412 16237 2848 5412 16238 3744 5413 16239 2848 5413 16240 2849 5413 16241 3744 5414 16242 2846 5414 16243 2848 5414 16244 2850 5415 16245 2848 5415 16246 2847 5415 16247 2851 5416 16248 2849 5416 16249 2848 5416 16250 2850 5417 16251 2851 5417 16252 2848 5417 16253 2854 5418 16254 2851 5418 16255 2850 5418 16256 2852 5419 16257 2853 5419 16258 2851 5419 16259 2854 5420 16260 2852 5420 16261 2851 5420 16262 2851 5421 16263 2853 5421 16264 2849 5421 16265 2855 5422 16266 2857 5422 16267 2854 5422 16268 2855 5423 16269 2854 5423 16270 2856 5423 16271 2856 5424 16272 2854 5424 16273 2850 5424 16274 2857 5425 16275 2852 5425 16276 2854 5425 16277 2858 5426 16278 2859 5426 16279 2857 5426 16280 2858 5427 16281 2857 5427 16282 2855 5427 16283 2859 5428 16284 2860 5428 16285 2857 5428 16286 2857 5429 16287 2860 5429 16288 2852 5429 16289 2862 5430 16290 2861 5430 16291 2860 5430 16292 2860 5431 16293 2861 5431 16294 3749 5431 16295 2860 5432 16296 3749 5432 16297 2852 5432 16298 2859 5433 16299 2862 5433 16300 2860 5433 16301 2864 5434 16302 2862 5434 16303 2859 5434 16304 2865 5435 16305 2863 5435 16306 2862 5435 16307 2862 5436 16308 2863 5436 16309 2861 5436 16310 2864 5437 16311 2865 5437 16312 2862 5437 16313 2867 5438 16314 2865 5438 16315 2864 5438 16316 2868 5439 16317 2866 5439 16318 2865 5439 16319 2865 5440 16320 2866 5440 16321 2863 5440 16322 2867 5441 16323 2868 5441 16324 2865 5441 16325 2869 5442 16326 2868 5442 16327 2867 5442 16328 2869 5443 16329 2870 5443 16330 2868 5443 16331 2870 5444 16332 2871 5444 16333 2868 5444 16334 2868 5445 16335 2871 5445 16336 2866 5445 16337 2873 5446 16338 2872 5446 16339 2871 5446 16340 2871 5447 16341 2872 5447 16342 2874 5447 16343 2875 5448 16344 2873 5448 16345 2871 5448 16346 2871 5449 16347 2874 5449 16348 2866 5449 16349 2870 5450 16350 2875 5450 16351 2871 5450 16352 2876 5451 16353 2875 5451 16354 2870 5451 16355 2876 5452 16356 2877 5452 16357 2875 5452 16358 2875 5453 16359 2877 5453 16360 2873 5453 16361 2877 5454 16362 2878 5454 16363 2873 5454 16364 2876 5455 16365 2882 5455 16366 2877 5455 16367 2877 5456 16368 2880 5456 16369 2878 5456 16370 2882 5457 16371 2880 5457 16372 2877 5457 16373 2879 5458 16374 2878 5458 16375 2880 5458 16376 2882 5459 16377 2713 5459 16378 2880 5459 16379 2882 5460 16380 2711 5460 16381 2713 5460 16382 2881 5461 16383 2882 5461 16384 2876 5461 16385 2883 5462 16386 2882 5462 16387 2881 5462 16388 2883 5463 16389 2711 5463 16390 2882 5463 16391 2883 5464 16392 2884 5464 16393 2886 5464 16394 2711 5465 16395 2883 5465 16396 2886 5465 16397 2886 5466 16398 2884 5466 16399 2885 5466 16400 2885 5467 16401 2709 5467 16402 2886 5467 16403 2887 5468 16404 2709 5468 16405 2885 5468 16406 2888 5469 16407 2887 5469 16408 2885 5469 16409 2887 5470 16410 2888 5470 16411 2889 5470 16412 2888 5471 16413 2890 5471 16414 2889 5471 16415 2890 5472 16416 2888 5472 16417 2885 5472 16418 2885 5473 16419 2884 5473 16420 2890 5473 16421 2890 5474 16422 2891 5474 16423 2889 5474 16424 2890 5475 16425 2884 5475 16426 2891 5475 16427 2892 5476 16428 3050 5476 16429 2891 5476 16430 2884 5477 16431 2892 5477 16432 2891 5477 16433 2894 5478 16434 2891 5478 16435 2893 5478 16436 2891 5479 16437 3050 5479 16438 2893 5479 16439 2891 5480 16440 2894 5480 16441 2889 5480 16442 2892 5481 16443 2883 5481 16444 2881 5481 16445 2894 5482 16446 2897 5482 16447 2895 5482 16448 2895 5483 16449 2889 5483 16450 2894 5483 16451 2897 5484 16452 2894 5484 16453 2896 5484 16454 2894 5485 16455 2893 5485 16456 2896 5485 16457 2897 5486 16458 2896 5486 16459 2899 5486 16460 2895 5487 16461 2897 5487 16462 2898 5487 16463 2898 5488 16464 2897 5488 16465 2899 5488 16466 3044 5489 16467 2900 5489 16468 2899 5489 16469 2900 5490 16470 2901 5490 16471 2899 5490 16472 3044 5491 16473 2899 5491 16474 2896 5491 16475 2898 5492 16476 2899 5492 16477 2901 5492 16478 2688 5493 16479 2901 5493 16480 2687 5493 16481 2900 5494 16482 2687 5494 16483 2901 5494 16484 2688 5495 16485 2898 5495 16486 2901 5495 16487 3043 5496 16488 2686 5496 16489 2900 5496 16490 3043 5497 16491 2902 5497 16492 2903 5497 16493 2903 5498 16494 2902 5498 16495 2904 5498 16496 2903 5499 16497 2904 5499 16498 3698 5499 16499 2903 5500 16500 2686 5500 16501 3043 5500 16502 2904 5501 16503 2905 5501 16504 2906 5501 16505 3698 5502 16506 2904 5502 16507 2906 5502 16508 2906 5503 16509 2905 5503 16510 2907 5503 16511 2908 5504 16512 2907 5504 16513 2909 5504 16514 2906 5505 16515 2907 5505 16516 2908 5505 16517 2909 5506 16518 2910 5506 16519 3340 5506 16520 3340 5507 16521 2910 5507 16522 2911 5507 16523 2909 5508 16524 2912 5508 16525 2910 5508 16526 2912 5509 16527 2913 5509 16528 2910 5509 16529 2910 5510 16530 2913 5510 16531 2914 5510 16532 2913 5511 16533 2915 5511 16534 2914 5511 16535 2914 5512 16536 2915 5512 16537 2916 5512 16538 2915 5513 16539 2917 5513 16540 2916 5513 16541 2916 5514 16542 2917 5514 16543 2919 5514 16544 2916 5515 16545 2919 5515 16546 2918 5515 16547 2918 5516 16548 2919 5516 16549 2920 5516 16550 2919 5517 16551 2921 5517 16552 2920 5517 16553 2920 5518 16554 2921 5518 16555 2922 5518 16556 2921 5519 16557 2923 5519 16558 2922 5519 16559 2922 5520 16560 2923 5520 16561 2925 5520 16562 2922 5521 16563 2925 5521 16564 2924 5521 16565 2923 5522 16566 2926 5522 16567 2925 5522 16568 2925 5523 16569 2926 5523 16570 2929 5523 16571 2924 5524 16572 2925 5524 16573 2927 5524 16574 2925 5525 16575 2929 5525 16576 2927 5525 16577 2926 5526 16578 2928 5526 16579 2929 5526 16580 2928 5527 16581 2934 5527 16582 2933 5527 16583 2929 5528 16584 2928 5528 16585 2930 5528 16586 2928 5529 16587 2933 5529 16588 2930 5529 16589 2930 5530 16590 2745 5530 16591 2931 5530 16592 2932 5531 16593 2930 5531 16594 2931 5531 16595 2930 5532 16596 2746 5532 16597 2745 5532 16598 2929 5533 16599 2930 5533 16600 2932 5533 16601 2933 5534 16602 2746 5534 16603 2930 5534 16604 2753 5535 16605 2933 5535 16606 2934 5535 16607 2937 5536 16608 2936 5536 16609 2935 5536 16610 2937 5537 16611 2938 5537 16612 2936 5537 16613 2940 5538 16614 2937 5538 16615 2934 5538 16616 2753 5539 16617 2934 5539 16618 2937 5539 16619 2939 5540 16620 2938 5540 16621 2937 5540 16622 2939 5541 16623 2937 5541 16624 2940 5541 16625 2935 5542 16626 2753 5542 16627 2937 5542 16628 2940 5543 16629 2934 5543 16630 2928 5543 16631 2926 5544 16632 2940 5544 16633 2928 5544 16634 2941 5545 16635 2940 5545 16636 2926 5545 16637 2941 5546 16638 2939 5546 16639 2940 5546 16640 2942 5547 16641 2939 5547 16642 2941 5547 16643 2943 5548 16644 2942 5548 16645 2941 5548 16646 2923 5549 16647 2941 5549 16648 2926 5549 16649 2943 5550 16650 2941 5550 16651 2923 5550 16652 2944 5551 16653 2942 5551 16654 2943 5551 16655 2944 5552 16656 2943 5552 16657 2921 5552 16658 2921 5553 16659 2943 5553 16660 2923 5553 16661 2917 5554 16662 2945 5554 16663 2944 5554 16664 2917 5555 16665 2944 5555 16666 2919 5555 16667 2919 5556 16668 2944 5556 16669 2921 5556 16670 2915 5557 16671 2945 5557 16672 2917 5557 16673 2915 5558 16674 2946 5558 16675 2945 5558 16676 2947 5559 16677 2948 5559 16678 2946 5559 16679 2947 5560 16680 2946 5560 16681 2915 5560 16682 2948 5561 16683 2949 5561 16684 2946 5561 16685 2946 5562 16686 2949 5562 16687 2950 5562 16688 2946 5563 16689 2950 5563 16690 2945 5563 16691 2949 5564 16692 2952 5564 16693 2950 5564 16694 2945 5565 16695 2950 5565 16696 2951 5565 16697 2950 5566 16698 2953 5566 16699 2951 5566 16700 2950 5567 16701 2952 5567 16702 2953 5567 16703 2953 5568 16704 2955 5568 16705 2954 5568 16706 2953 5569 16707 2954 5569 16708 2956 5569 16709 2952 5570 16710 2955 5570 16711 2953 5570 16712 2951 5571 16713 2953 5571 16714 2956 5571 16715 2951 5572 16716 2956 5572 16717 2942 5572 16718 2942 5573 16719 2956 5573 16720 2939 5573 16721 2956 5574 16722 2954 5574 16723 2938 5574 16724 2956 5575 16725 2938 5575 16726 2939 5575 16727 2959 5576 16728 2954 5576 16729 2955 5576 16730 2959 5577 16731 2955 5577 16732 2957 5577 16733 2952 5578 16734 2957 5578 16735 2955 5578 16736 2960 5579 16737 2958 5579 16738 2957 5579 16739 3157 5580 16740 2957 5580 16741 2958 5580 16742 2957 5581 16743 3157 5581 16744 2959 5581 16745 2960 5582 16746 2957 5582 16747 2952 5582 16748 2961 5583 16749 2960 5583 16750 2949 5583 16751 2949 5584 16752 2960 5584 16753 2952 5584 16754 2962 5585 16755 2958 5585 16756 2960 5585 16757 2961 5586 16758 2962 5586 16759 2960 5586 16760 2964 5587 16761 2963 5587 16762 2962 5587 16763 2962 5588 16764 2963 5588 16765 2958 5588 16766 2966 5589 16767 2962 5589 16768 2961 5589 16769 2966 5590 16770 2964 5590 16771 2962 5590 16772 2964 5591 16773 2965 5591 16774 2963 5591 16775 2968 5592 16776 2967 5592 16777 2966 5592 16778 2968 5593 16779 2966 5593 16780 2969 5593 16781 2967 5594 16782 2964 5594 16783 2966 5594 16784 2969 5595 16785 2966 5595 16786 2970 5595 16787 2970 5596 16788 2961 5596 16789 2948 5596 16790 2970 5597 16791 2966 5597 16792 2961 5597 16793 2971 5598 16794 2970 5598 16795 2948 5598 16796 2972 5599 16797 2970 5599 16798 2971 5599 16799 2972 5600 16800 2969 5600 16801 2970 5600 16802 2973 5601 16803 2972 5601 16804 2974 5601 16805 2975 5602 16806 2973 5602 16807 2974 5602 16808 2975 5603 16809 2974 5603 16810 2976 5603 16811 2978 5604 16812 2975 5604 16813 2976 5604 16814 2976 5605 16815 2974 5605 16816 2977 5605 16817 2976 5606 16818 2977 5606 16819 2913 5606 16820 2974 5607 16821 2971 5607 16822 2977 5607 16823 2977 5608 16824 2971 5608 16825 2947 5608 16826 2977 5609 16827 2947 5609 16828 2915 5609 16829 2913 5610 16830 2977 5610 16831 2915 5610 16832 2974 5611 16833 2972 5611 16834 2971 5611 16835 2912 5612 16836 2976 5612 16837 2913 5612 16838 2978 5613 16839 2976 5613 16840 2912 5613 16841 2980 5614 16842 2982 5614 16843 2979 5614 16844 2979 5615 16845 2981 5615 16846 2978 5615 16847 2982 5616 16848 2981 5616 16849 2979 5616 16850 3052 5617 16851 2984 5617 16852 2982 5617 16853 3052 5618 16854 2982 5618 16855 2980 5618 16856 2984 5619 16857 2985 5619 16858 2982 5619 16859 2984 5620 16860 2987 5620 16861 2985 5620 16862 2983 5621 16863 2986 5621 16864 2984 5621 16865 2986 5622 16866 2987 5622 16867 2984 5622 16868 2986 5623 16869 3014 5623 16870 2987 5623 16871 2985 5624 16872 2989 5624 16873 3238 5624 16874 2985 5625 16875 2988 5625 16876 2989 5625 16877 2987 5626 16878 2988 5626 16879 2985 5626 16880 3238 5627 16881 2989 5627 16882 2990 5627 16883 2990 5628 16884 2992 5628 16885 2968 5628 16886 2991 5629 16887 2992 5629 16888 2990 5629 16889 2989 5630 16890 2991 5630 16891 2990 5630 16892 2991 5631 16893 2994 5631 16894 2992 5631 16895 2992 5632 16896 2993 5632 16897 2967 5632 16898 2994 5633 16899 2993 5633 16900 2992 5633 16901 2992 5634 16902 2967 5634 16903 2968 5634 16904 2996 5635 16905 3195 5635 16906 2994 5635 16907 3195 5636 16908 2995 5636 16909 2994 5636 16910 2994 5637 16911 2995 5637 16912 2993 5637 16913 2996 5638 16914 2994 5638 16915 2991 5638 16916 2998 5639 16917 3195 5639 16918 2996 5639 16919 2997 5640 16920 2996 5640 16921 3012 5640 16922 2997 5641 16923 2998 5641 16924 2996 5641 16925 3012 5642 16926 2996 5642 16927 2991 5642 16928 2999 5643 16929 3000 5643 16930 2998 5643 16931 2998 5644 16932 3001 5644 16933 2999 5644 16934 3000 5645 16935 3195 5645 16936 2998 5645 16937 3001 5646 16938 2998 5646 16939 2997 5646 16940 3191 5647 16941 2999 5647 16942 3001 5647 16943 3001 5648 16944 3002 5648 16945 3191 5648 16946 3002 5649 16947 3001 5649 16948 3003 5649 16949 3003 5650 16950 3001 5650 16951 2997 5650 16952 3003 5651 16953 2997 5651 16954 3011 5651 16955 3004 5652 16956 3002 5652 16957 3003 5652 16958 3005 5653 16959 3002 5653 16960 3004 5653 16961 3006 5654 16962 3005 5654 16963 3004 5654 16964 3008 5655 16965 3006 5655 16966 3004 5655 16967 3008 5656 16968 3004 5656 16969 3007 5656 16970 3020 5657 16971 3007 5657 16972 3013 5657 16973 3007 5658 16974 3009 5658 16975 3013 5658 16976 3007 5659 16977 3004 5659 16978 3009 5659 16979 3013 5660 16980 3009 5660 16981 3010 5660 16982 3009 5661 16983 3011 5661 16984 3010 5661 16985 3009 5662 16986 3003 5662 16987 3011 5662 16988 3004 5663 16989 3003 5663 16990 3009 5663 16991 3010 5664 16992 3011 5664 16993 2988 5664 16994 3011 5665 16995 3012 5665 16996 2988 5665 16997 2988 5666 16998 3012 5666 16999 2989 5666 17000 3012 5667 17001 2991 5667 17002 2989 5667 17003 2987 5668 17004 3010 5668 17005 2988 5668 17006 3013 5669 17007 3010 5669 17008 2987 5669 17009 3015 5670 17010 3020 5670 17011 3013 5670 17012 3015 5671 17013 3013 5671 17014 3014 5671 17015 3014 5672 17016 3013 5672 17017 2987 5672 17018 3016 5673 17019 3015 5673 17020 3014 5673 17021 3017 5674 17022 3016 5674 17023 3018 5674 17024 3017 5675 17025 3015 5675 17026 3016 5675 17027 3035 5676 17028 3019 5676 17029 3017 5676 17030 3017 5677 17031 3019 5677 17032 3015 5677 17033 3019 5678 17034 3020 5678 17035 3015 5678 17036 3021 5679 17037 3020 5679 17038 3019 5679 17039 3032 5680 17040 3021 5680 17041 3019 5680 17042 3021 5681 17043 3008 5681 17044 3007 5681 17045 3021 5682 17046 3029 5682 17047 3008 5682 17048 3030 5683 17049 3029 5683 17050 3021 5683 17051 3021 5684 17052 3007 5684 17053 3020 5684 17054 3022 5685 17055 3006 5685 17056 3008 5685 17057 3029 5686 17058 3022 5686 17059 3008 5686 17060 3023 5687 17061 3005 5687 17062 3022 5687 17063 3006 5688 17064 3022 5688 17065 3005 5688 17066 3023 5689 17067 3024 5689 17068 3005 5689 17069 3025 5690 17070 3023 5690 17071 3026 5690 17072 3025 5691 17073 3024 5691 17074 3023 5691 17075 3026 5692 17076 2847 5692 17077 3027 5692 17078 3027 5693 17079 3025 5693 17080 3026 5693 17081 3022 5694 17082 3028 5694 17083 3026 5694 17084 3028 5695 17085 2847 5695 17086 3026 5695 17087 3026 5696 17088 3023 5696 17089 3022 5696 17090 3028 5697 17091 3022 5697 17092 3029 5697 17093 3029 5698 17094 2856 5698 17095 3028 5698 17096 2856 5699 17097 3029 5699 17098 3030 5699 17099 2855 5700 17100 3030 5700 17101 3031 5700 17102 3032 5701 17103 3031 5701 17104 3030 5701 17105 3032 5702 17106 3030 5702 17107 3021 5702 17108 3034 5703 17109 3031 5703 17110 3032 5703 17111 3031 5704 17112 3034 5704 17113 2858 5704 17114 2858 5705 17115 3034 5705 17116 3033 5705 17117 3034 5706 17118 3035 5706 17119 3033 5706 17120 3019 5707 17121 3035 5707 17122 3034 5707 17123 3033 5708 17124 3035 5708 17125 3018 5708 17126 3033 5709 17127 3036 5709 17128 2858 5709 17129 3033 5710 17130 3037 5710 17131 3036 5710 17132 3037 5711 17133 3033 5711 17134 3038 5711 17135 3057 5712 17136 3038 5712 17137 3033 5712 17138 3057 5713 17139 3033 5713 17140 3018 5713 17141 3040 5714 17142 3038 5714 17143 3039 5714 17144 3057 5715 17145 3039 5715 17146 3038 5715 17147 3039 5716 17148 2869 5716 17149 3040 5716 17150 3040 5717 17151 2867 5717 17152 3037 5717 17153 3038 5718 17154 3040 5718 17155 3037 5718 17156 3040 5719 17157 2869 5719 17158 2867 5719 17159 3041 5720 17160 3039 5720 17161 3047 5720 17162 3039 5721 17163 3041 5721 17164 2869 5721 17165 3039 5722 17166 3055 5722 17167 3047 5722 17168 3042 5723 17169 3045 5723 17170 3047 5723 17171 2902 5724 17172 3043 5724 17173 3042 5724 17174 3042 5725 17175 3043 5725 17176 3044 5725 17177 3044 5726 17178 3045 5726 17179 3042 5726 17180 3044 5727 17181 3046 5727 17182 3045 5727 17183 2893 5728 17184 3050 5728 17185 3048 5728 17186 3046 5729 17187 3048 5729 17188 3045 5729 17189 2893 5730 17190 3048 5730 17191 3046 5730 17192 2896 5731 17193 3046 5731 17194 3044 5731 17195 2896 5732 17196 2893 5732 17197 3046 5732 17198 3045 5733 17199 3048 5733 17200 3047 5733 17201 3047 5734 17202 3048 5734 17203 3041 5734 17204 3049 5735 17205 3041 5735 17206 3048 5735 17207 3048 5736 17208 3050 5736 17209 3049 5736 17210 3050 5737 17211 2892 5737 17212 2881 5737 17213 3050 5738 17214 2881 5738 17215 3049 5738 17216 3041 5739 17217 3049 5739 17218 2870 5739 17219 3049 5740 17220 2881 5740 17221 2876 5740 17222 3049 5741 17223 2876 5741 17224 2870 5741 17225 2900 5742 17226 3044 5742 17227 3043 5742 17228 2902 5743 17229 3051 5743 17230 2904 5743 17231 2904 5744 17232 3051 5744 17233 3052 5744 17234 2904 5745 17235 3052 5745 17236 2905 5745 17237 3052 5746 17238 2980 5746 17239 3053 5746 17240 2905 5747 17241 3052 5747 17242 3053 5747 17243 2905 5748 17244 3053 5748 17245 2907 5748 17246 2907 5749 17247 3053 5749 17248 2909 5749 17249 3053 5750 17250 2978 5750 17251 2909 5750 17252 2980 5751 17253 2979 5751 17254 3053 5751 17255 3053 5752 17256 2979 5752 17257 2978 5752 17258 2902 5753 17259 3054 5753 17260 3051 5753 17261 3054 5754 17262 2983 5754 17263 3051 5754 17264 3051 5755 17265 2984 5755 17266 3052 5755 17267 3051 5756 17268 2983 5756 17269 2984 5756 17270 3042 5757 17271 3054 5757 17272 2902 5757 17273 3054 5758 17274 3042 5758 17275 3055 5758 17276 3055 5759 17277 3056 5759 17278 3054 5759 17279 3039 5760 17280 3057 5760 17281 3055 5760 17282 3056 5761 17283 3055 5761 17284 3057 5761 17285 3057 5762 17286 3018 5762 17287 3016 5762 17288 3057 5763 17289 3016 5763 17290 3056 5763 17291 3054 5764 17292 3056 5764 17293 2983 5764 17294 3056 5765 17295 3016 5765 17296 2986 5765 17297 3056 5766 17298 2986 5766 17299 2983 5766 17300 3047 5767 17301 3055 5767 17302 3042 5767 17303 3041 5768 17304 2870 5768 17305 2869 5768 17306 3037 5769 17307 2864 5769 17308 3036 5769 17309 3037 5770 17310 2867 5770 17311 2864 5770 17312 3036 5771 17313 2859 5771 17314 2858 5771 17315 3036 5772 17316 2864 5772 17317 2859 5772 17318 3034 5773 17319 3032 5773 17320 3019 5773 17321 3031 5774 17322 2858 5774 17323 2855 5774 17324 3030 5775 17325 2855 5775 17326 2856 5775 17327 2856 5776 17328 2850 5776 17329 3028 5776 17330 3028 5777 17331 2850 5777 17332 2847 5777 17333 2844 5778 17334 3027 5778 17335 2845 5778 17336 2847 5779 17337 2845 5779 17338 3027 5779 17339 3025 5780 17340 3027 5780 17341 2844 5780 17342 2844 5781 17343 3059 5781 17344 3025 5781 17345 3059 5782 17346 3024 5782 17347 3025 5782 17348 3058 5783 17349 3024 5783 17350 3059 5783 17351 3059 5784 17352 2844 5784 17353 3060 5784 17354 3058 5785 17355 3059 5785 17356 3061 5785 17357 3060 5786 17358 3061 5786 17359 3059 5786 17360 3062 5787 17361 3061 5787 17362 3060 5787 17363 3061 5788 17364 3062 5788 17365 3063 5788 17366 3063 5789 17367 3058 5789 17368 3061 5789 17369 3063 5790 17370 3062 5790 17371 3066 5790 17372 3064 5791 17373 3063 5791 17374 3066 5791 17375 3173 5792 17376 3063 5792 17377 3064 5792 17378 3173 5793 17379 3186 5793 17380 3063 5793 17381 3063 5794 17382 3186 5794 17383 3065 5794 17384 3065 5795 17385 3058 5795 17386 3063 5795 17387 3067 5796 17388 3066 5796 17389 3062 5796 17390 3069 5797 17391 3066 5797 17392 3067 5797 17393 3066 5798 17394 3069 5798 17395 3064 5798 17396 3069 5799 17397 3067 5799 17398 3068 5799 17399 3071 5800 17400 3069 5800 17401 3068 5800 17402 3069 5801 17403 3071 5801 17404 3070 5801 17405 3070 5802 17406 3064 5802 17407 3069 5802 17408 3070 5803 17409 3071 5803 17410 3073 5803 17411 3071 5804 17412 3068 5804 17413 3072 5804 17414 3072 5805 17415 3073 5805 17416 3071 5805 17417 3073 5806 17418 3072 5806 17419 3074 5806 17420 3076 5807 17421 3073 5807 17422 3074 5807 17423 3073 5808 17424 3076 5808 17425 3075 5808 17426 3075 5809 17427 3070 5809 17428 3073 5809 17429 3078 5810 17430 3077 5810 17431 3076 5810 17432 3075 5811 17433 3076 5811 17434 3077 5811 17435 3076 5812 17436 3074 5812 17437 3078 5812 17438 3119 5813 17439 3077 5813 17440 3078 5813 17441 3080 5814 17442 3119 5814 17443 3078 5814 17444 3081 5815 17445 3078 5815 17446 3074 5815 17447 3079 5816 17448 3078 5816 17449 3081 5816 17450 3079 5817 17451 3080 5817 17452 3078 5817 17453 3082 5818 17454 3081 5818 17455 3083 5818 17456 3079 5819 17457 3081 5819 17458 3082 5819 17459 3083 5820 17460 3081 5820 17461 3074 5820 17462 3084 5821 17463 3083 5821 17464 3072 5821 17465 3085 5822 17466 3083 5822 17467 3084 5822 17468 3085 5823 17469 3082 5823 17470 3083 5823 17471 3083 5824 17472 3074 5824 17473 3072 5824 17474 3088 5825 17475 3082 5825 17476 3085 5825 17477 3087 5826 17478 3085 5826 17479 3086 5826 17480 3086 5827 17481 3085 5827 17482 3084 5827 17483 3087 5828 17484 3088 5828 17485 3085 5828 17486 3089 5829 17487 3091 5829 17488 3088 5829 17489 3088 5830 17490 3090 5830 17491 3082 5830 17492 3091 5831 17493 3090 5831 17494 3088 5831 17495 3092 5832 17496 3093 5832 17497 3091 5832 17498 3092 5833 17499 3091 5833 17500 3089 5833 17501 3093 5834 17502 3097 5834 17503 3091 5834 17504 3091 5835 17505 3097 5835 17506 3090 5835 17507 3093 5836 17508 3094 5836 17509 3097 5836 17510 3097 5837 17511 3094 5837 17512 3203 5837 17513 3203 5838 17514 3094 5838 17515 3099 5838 17516 3095 5839 17517 3097 5839 17518 3203 5839 17519 3097 5840 17520 3095 5840 17521 3096 5840 17522 3202 5841 17523 3096 5841 17524 3098 5841 17525 3095 5842 17526 3098 5842 17527 3096 5842 17528 3099 5843 17529 3100 5843 17530 3203 5843 17531 3103 5844 17532 3203 5844 17533 3100 5844 17534 3103 5845 17535 3101 5845 17536 3098 5845 17537 3101 5846 17538 3103 5846 17539 3102 5846 17540 3104 5847 17541 3102 5847 17542 3103 5847 17543 3102 5848 17544 3104 5848 17545 3105 5848 17546 3105 5849 17547 3107 5849 17548 3102 5849 17549 3101 5850 17550 3102 5850 17551 3107 5850 17552 3202 5851 17553 3101 5851 17554 3106 5851 17555 3101 5852 17556 3107 5852 17557 3106 5852 17558 3202 5853 17559 3106 5853 17560 3108 5853 17561 3108 5854 17562 3096 5854 17563 3202 5854 17564 3096 5855 17565 3108 5855 17566 3097 5855 17567 3090 5856 17568 3108 5856 17569 3106 5856 17570 3090 5857 17571 3097 5857 17572 3108 5857 17573 3106 5858 17574 3107 5858 17575 3109 5858 17576 3106 5859 17577 3109 5859 17578 3090 5859 17579 3107 5860 17580 3105 5860 17581 3109 5860 17582 3090 5861 17583 3109 5861 17584 3110 5861 17585 3111 5862 17586 3110 5862 17587 3109 5862 17588 3110 5863 17589 3111 5863 17590 3112 5863 17591 3112 5864 17592 3111 5864 17593 3113 5864 17594 3080 5865 17595 3079 5865 17596 3112 5865 17597 2778 5866 17598 3114 5866 17599 3112 5866 17600 2778 5867 17601 3112 5867 17602 3113 5867 17603 3079 5868 17604 3110 5868 17605 3112 5868 17606 3112 5869 17607 3114 5869 17608 3080 5869 17609 3110 5870 17610 3079 5870 17611 3082 5870 17612 2778 5871 17613 2774 5871 17614 3114 5871 17615 3116 5872 17616 3114 5872 17617 2774 5872 17618 3114 5873 17619 3115 5873 17620 3117 5873 17621 3116 5874 17622 3115 5874 17623 3114 5874 17624 3117 5875 17625 3080 5875 17626 3114 5875 17627 3118 5876 17628 3117 5876 17629 3115 5876 17630 3119 5877 17631 3117 5877 17632 3118 5877 17633 3117 5878 17634 3119 5878 17635 3080 5878 17636 3118 5879 17637 3120 5879 17638 3119 5879 17639 3133 5880 17640 3121 5880 17641 3120 5880 17642 3133 5881 17643 3120 5881 17644 3118 5881 17645 3120 5882 17646 3121 5882 17647 3122 5882 17648 3122 5883 17649 3075 5883 17650 3120 5883 17651 3120 5884 17652 3075 5884 17653 3077 5884 17654 3077 5885 17655 3119 5885 17656 3120 5885 17657 3121 5886 17658 3123 5886 17659 3124 5886 17660 3126 5887 17661 3124 5887 17662 3123 5887 17663 3126 5888 17664 3125 5888 17665 3124 5888 17666 3122 5889 17667 3124 5889 17668 3125 5889 17669 3122 5890 17670 3121 5890 17671 3124 5890 17672 3129 5891 17673 3126 5891 17674 3123 5891 17675 3126 5892 17676 3129 5892 17677 3127 5892 17678 3127 5893 17679 3128 5893 17680 3126 5893 17681 3130 5894 17682 3127 5894 17683 3129 5894 17684 3130 5895 17685 3129 5895 17686 3131 5895 17687 3131 5896 17688 3129 5896 17689 3132 5896 17690 3129 5897 17691 3123 5897 17692 3132 5897 17693 3133 5898 17694 3132 5898 17695 3123 5898 17696 3121 5899 17697 3133 5899 17698 3123 5899 17699 3133 5900 17700 3134 5900 17701 3132 5900 17702 3134 5901 17703 3133 5901 17704 3118 5901 17705 2770 5902 17706 3135 5902 17707 3134 5902 17708 3132 5903 17709 3134 5903 17710 3135 5903 17711 3134 5904 17712 3118 5904 17713 2770 5904 17714 3136 5905 17715 3132 5905 17716 3135 5905 17717 3131 5906 17718 3136 5906 17719 3137 5906 17720 2768 5907 17721 3137 5907 17722 3136 5907 17723 3132 5908 17724 3136 5908 17725 3131 5908 17726 3135 5909 17727 2768 5909 17728 3136 5909 17729 3138 5910 17730 3131 5910 17731 3137 5910 17732 3141 5911 17733 3130 5911 17734 3138 5911 17735 3130 5912 17736 3131 5912 17737 3138 5912 17738 3141 5913 17739 3138 5913 17740 3139 5913 17741 3139 5914 17742 3138 5914 17743 3140 5914 17744 3138 5915 17745 3137 5915 17746 3140 5915 17747 3157 5916 17748 3142 5916 17749 3141 5916 17750 3157 5917 17751 3141 5917 17752 3144 5917 17753 3142 5918 17754 3130 5918 17755 3141 5918 17756 3144 5919 17757 3141 5919 17758 3139 5919 17759 3144 5920 17760 3139 5920 17761 3143 5920 17762 2959 5921 17763 3157 5921 17764 3144 5921 17765 3153 5922 17766 2959 5922 17767 3145 5922 17768 2959 5923 17769 3144 5923 17770 3145 5923 17771 3145 5924 17772 3144 5924 17773 3146 5924 17774 3146 5925 17775 3147 5925 17776 2756 5925 17777 3146 5926 17778 3143 5926 17779 3147 5926 17780 3144 5927 17781 3143 5927 17782 3146 5927 17783 3146 5928 17784 2756 5928 17785 2757 5928 17786 2756 5929 17787 3147 5929 17788 2758 5929 17789 2758 5930 17790 3147 5930 17791 2766 5930 17792 3148 5931 17793 2757 5931 17794 2755 5931 17795 3148 5932 17796 3146 5932 17797 2757 5932 17798 3145 5933 17799 3146 5933 17800 3148 5933 17801 3149 5934 17802 3145 5934 17803 3148 5934 17804 3149 5935 17805 3148 5935 17806 3150 5935 17807 3150 5936 17808 3148 5936 17809 2755 5936 17810 2935 5937 17811 3150 5937 17812 3151 5937 17813 3150 5938 17814 2755 5938 17815 3151 5938 17816 2753 5939 17817 2935 5939 17818 3151 5939 17819 2936 5940 17820 3150 5940 17821 2935 5940 17822 3149 5941 17823 3150 5941 17824 2936 5941 17825 3153 5942 17826 3145 5942 17827 3149 5942 17828 2936 5943 17829 3153 5943 17830 3149 5943 17831 3143 5944 17832 3152 5944 17833 3147 5944 17834 2766 5945 17835 3147 5945 17836 3152 5945 17837 3139 5946 17838 3140 5946 17839 3152 5946 17840 2766 5947 17841 3152 5947 17842 3140 5947 17843 3143 5948 17844 3139 5948 17845 3152 5948 17846 3154 5949 17847 3153 5949 17848 2936 5949 17849 2936 5950 17850 2938 5950 17851 3154 5950 17852 3153 5951 17853 3154 5951 17854 2954 5951 17855 3154 5952 17856 2938 5952 17857 2954 5952 17858 2959 5953 17859 3153 5953 17860 2954 5953 17861 3156 5954 17862 3142 5954 17863 3157 5954 17864 3155 5955 17865 3158 5955 17866 3142 5955 17867 3142 5956 17868 3158 5956 17869 3127 5956 17870 3156 5957 17871 3155 5957 17872 3142 5957 17873 3142 5958 17874 3127 5958 17875 3130 5958 17876 2958 5959 17877 3156 5959 17878 3157 5959 17879 3156 5960 17880 2958 5960 17881 2963 5960 17882 3155 5961 17883 3156 5961 17884 2963 5961 17885 3158 5962 17886 3155 5962 17887 2965 5962 17888 3155 5963 17889 2963 5963 17890 2965 5963 17891 3160 5964 17892 3158 5964 17893 2965 5964 17894 3159 5965 17895 2965 5965 17896 2964 5965 17897 3160 5966 17898 2965 5966 17899 3159 5966 17900 3161 5967 17901 3160 5967 17902 3162 5967 17903 3159 5968 17904 3162 5968 17905 3160 5968 17906 3162 5969 17907 3163 5969 17908 3161 5969 17909 3162 5970 17910 3165 5970 17911 3163 5970 17912 3165 5971 17913 3162 5971 17914 3159 5971 17915 3165 5972 17916 3159 5972 17917 3164 5972 17918 3165 5973 17919 3166 5973 17920 3163 5973 17921 3165 5974 17922 3197 5974 17923 3166 5974 17924 3197 5975 17925 3167 5975 17926 3166 5975 17927 3163 5976 17928 3166 5976 17929 3168 5976 17930 3166 5977 17931 3167 5977 17932 3169 5977 17933 3166 5978 17934 3170 5978 17935 3168 5978 17936 3169 5979 17937 3170 5979 17938 3166 5979 17939 3168 5980 17940 3170 5980 17941 3171 5980 17942 3170 5981 17943 3169 5981 17944 3172 5981 17945 3170 5982 17946 3172 5982 17947 3171 5982 17948 3172 5983 17949 3173 5983 17950 3175 5983 17951 3172 5984 17952 3174 5984 17953 3173 5984 17954 3169 5985 17955 3174 5985 17956 3172 5985 17957 3171 5986 17958 3172 5986 17959 3175 5986 17960 3171 5987 17961 3175 5987 17962 3176 5987 17963 3064 5988 17964 3175 5988 17965 3173 5988 17966 3177 5989 17967 3175 5989 17968 3064 5989 17969 3175 5990 17970 3177 5990 17971 3176 5990 17972 3070 5991 17973 3178 5991 17974 3177 5991 17975 3177 5992 17976 3064 5992 17977 3070 5992 17978 3176 5993 17979 3177 5993 17980 3178 5993 17981 3179 5994 17982 3178 5994 17983 3070 5994 17984 3178 5995 17985 3179 5995 17986 3180 5995 17987 3178 5996 17988 3180 5996 17989 3176 5996 17990 3184 5997 17991 3180 5997 17992 3181 5997 17993 3179 5998 17994 3181 5998 17995 3180 5998 17996 3184 5999 17997 3182 5999 17998 3180 5999 17999 3182 6000 18000 3176 6000 18001 3180 6000 18002 3183 6001 18003 3182 6001 18004 3184 6001 18005 3182 6002 18006 3171 6002 18007 3176 6002 18008 3168 6003 18009 3171 6003 18010 3182 6003 18011 3183 6004 18012 3168 6004 18013 3182 6004 18014 3168 6005 18015 3183 6005 18016 3163 6005 18017 3183 6006 18018 3128 6006 18019 3161 6006 18020 3161 6007 18021 3163 6007 18022 3183 6007 18023 3128 6008 18024 3183 6008 18025 3184 6008 18026 3126 6009 18027 3184 6009 18028 3125 6009 18029 3184 6010 18030 3181 6010 18031 3125 6010 18032 3128 6011 18033 3184 6011 18034 3126 6011 18035 3185 6012 18036 3125 6012 18037 3181 6012 18038 3179 6013 18039 3185 6013 18040 3181 6013 18041 3185 6014 18042 3122 6014 18043 3125 6014 18044 3122 6015 18045 3185 6015 18046 3075 6015 18047 3075 6016 18048 3185 6016 18049 3179 6016 18050 3179 6017 18051 3070 6017 18052 3075 6017 18053 3174 6018 18054 3186 6018 18055 3173 6018 18056 3169 6019 18057 3167 6019 18058 3174 6019 18059 3167 6020 18060 3187 6020 18061 3174 6020 18062 3174 6021 18063 3187 6021 18064 3186 6021 18065 3187 6022 18066 3065 6022 18067 3186 6022 18068 3188 6023 18069 3189 6023 18070 3065 6023 18071 3187 6024 18072 3188 6024 18073 3065 6024 18074 3189 6025 18075 3190 6025 18076 3024 6025 18077 3058 6026 18078 3065 6026 18079 3189 6026 18080 3189 6027 18081 3024 6027 18082 3058 6027 18083 3024 6028 18084 3190 6028 18085 3005 6028 18086 3190 6029 18087 3189 6029 18088 3191 6029 18089 3188 6030 18090 3191 6030 18091 3189 6030 18092 3192 6031 18093 3191 6031 18094 3188 6031 18095 3193 6032 18096 3192 6032 18097 3188 6032 18098 3167 6033 18099 3193 6033 18100 3187 6033 18101 3193 6034 18102 3167 6034 18103 3194 6034 18104 3194 6035 18105 3192 6035 18106 3193 6035 18107 3193 6036 18108 3188 6036 18109 3187 6036 18110 3196 6037 18111 3194 6037 18112 3197 6037 18113 3197 6038 18114 3194 6038 18115 3167 6038 18116 3000 6039 18117 3192 6039 18118 3194 6039 18119 3196 6040 18120 3195 6040 18121 3194 6040 18122 3194 6041 18123 3195 6041 18124 3000 6041 18125 3196 6042 18126 2995 6042 18127 3195 6042 18128 3196 6043 18129 3197 6043 18130 2995 6043 18131 3197 6044 18132 3165 6044 18133 2995 6044 18134 3165 6045 18135 3164 6045 18136 2995 6045 18137 2999 6046 18138 3191 6046 18139 3192 6046 18140 3000 6047 18141 2999 6047 18142 3192 6047 18143 3002 6048 18144 3005 6048 18145 3190 6048 18146 3190 6049 18147 3191 6049 18148 3002 6049 18149 2995 6050 18150 3164 6050 18151 2993 6050 18152 2993 6051 18153 3164 6051 18154 3198 6051 18155 3164 6052 18156 3159 6052 18157 3198 6052 18158 2993 6053 18159 3198 6053 18160 2967 6053 18161 2967 6054 18162 3198 6054 18163 2964 6054 18164 3198 6055 18165 3159 6055 18166 2964 6055 18167 3158 6056 18168 3161 6056 18169 3128 6056 18170 3160 6057 18171 3161 6057 18172 3158 6057 18173 3158 6058 18174 3128 6058 18175 3127 6058 18176 2765 6059 18177 3140 6059 18178 3137 6059 18179 3140 6060 18180 2765 6060 18181 2766 6060 18182 2768 6061 18183 2765 6061 18184 3137 6061 18185 2770 6062 18186 3118 6062 18187 3115 6062 18188 3115 6063 18189 3116 6063 18190 2770 6063 18191 3113 6064 18192 3111 6064 18193 3199 6064 18194 2780 6065 18195 3113 6065 18196 3199 6065 18197 2779 6066 18198 3113 6066 18199 2780 6066 18200 3113 6067 18201 2779 6067 18202 2778 6067 18203 3199 6068 18204 3111 6068 18205 3109 6068 18206 2781 6069 18207 2780 6069 18208 3199 6069 18209 3200 6070 18210 3199 6070 18211 3109 6070 18212 2781 6071 18213 3199 6071 18214 3200 6071 18215 2784 6072 18216 2781 6072 18217 3201 6072 18218 3201 6073 18219 2781 6073 18220 3200 6073 18221 2804 6074 18222 2784 6074 18223 3201 6074 18224 2805 6075 18225 3201 6075 18226 3200 6075 18227 2804 6076 18228 3201 6076 18229 2805 6076 18230 2805 6077 18231 3200 6077 18232 2808 6077 18233 2808 6078 18234 3200 6078 18235 3104 6078 18236 3200 6079 18237 3105 6079 18238 3104 6079 18239 2807 6080 18240 3104 6080 18241 3103 6080 18242 2808 6081 18243 3104 6081 18244 2807 6081 18245 3200 6082 18246 3109 6082 18247 3105 6082 18248 3082 6083 18249 3090 6083 18250 3110 6083 18251 3098 6084 18252 3101 6084 18253 3202 6084 18254 3095 6085 18255 3203 6085 18256 3098 6085 18257 3203 6086 18258 3103 6086 18259 3098 6086 18260 2807 6087 18261 3103 6087 18262 3100 6087 18263 3204 6088 18264 3100 6088 18265 3099 6088 18266 2812 6089 18267 3100 6089 18268 3204 6089 18269 3100 6090 18270 2812 6090 18271 2807 6090 18272 3094 6091 18273 3204 6091 18274 3099 6091 18275 3206 6092 18276 2812 6092 18277 3204 6092 18278 3205 6093 18279 3204 6093 18280 3094 6093 18281 3206 6094 18282 3204 6094 18283 3205 6094 18284 2815 6095 18285 3206 6095 18286 3212 6095 18287 2815 6096 18288 3209 6096 18289 2814 6096 18290 3208 6097 18291 2814 6097 18292 3207 6097 18293 3209 6098 18294 3207 6098 18295 2814 6098 18296 3209 6099 18297 3211 6099 18298 3210 6099 18299 3209 6100 18300 2815 6100 18301 3211 6100 18302 2815 6101 18303 3212 6101 18304 3211 6101 18305 3211 6102 18306 3212 6102 18307 3092 6102 18308 3212 6103 18309 3093 6103 18310 3092 6103 18311 3206 6104 18312 3205 6104 18313 3212 6104 18314 3212 6105 18315 3205 6105 18316 3093 6105 18317 3211 6106 18318 3092 6106 18319 3213 6106 18320 3210 6107 18321 3211 6107 18322 3213 6107 18323 3210 6108 18324 3213 6108 18325 3214 6108 18326 3214 6109 18327 3213 6109 18328 3215 6109 18329 3213 6110 18330 3089 6110 18331 3215 6110 18332 3213 6111 18333 3092 6111 18334 3089 6111 18335 3215 6112 18336 3089 6112 18337 3087 6112 18338 3089 6113 18339 3088 6113 18340 3087 6113 18341 3215 6114 18342 3087 6114 18343 3216 6114 18344 3086 6115 18345 3216 6115 18346 3087 6115 18347 3226 6116 18348 3216 6116 18349 3218 6116 18350 3217 6117 18351 3218 6117 18352 3216 6117 18353 3226 6118 18354 3215 6118 18355 3216 6118 18356 3216 6119 18357 3086 6119 18358 3217 6119 18359 3218 6120 18360 3217 6120 18361 2840 6120 18362 2840 6121 18363 3217 6121 18364 3219 6121 18365 3217 6122 18366 3220 6122 18367 3219 6122 18368 3217 6123 18369 3086 6123 18370 3220 6123 18371 3219 6124 18372 3220 6124 18373 3067 6124 18374 3220 6125 18375 3068 6125 18376 3067 6125 18377 3086 6126 18378 3084 6126 18379 3220 6126 18380 3220 6127 18381 3084 6127 18382 3068 6127 18383 2840 6128 18384 3219 6128 18385 2841 6128 18386 2841 6129 18387 3219 6129 18388 3060 6129 18389 3219 6130 18390 3067 6130 18391 3060 6130 18392 3222 6131 18393 3218 6131 18394 3221 6131 18395 2840 6132 18396 3221 6132 18397 3218 6132 18398 3222 6133 18399 3225 6133 18400 3218 6133 18401 3223 6134 18402 3225 6134 18403 3222 6134 18404 3223 6135 18405 3222 6135 18406 3224 6135 18407 3224 6136 18408 3222 6136 18409 3221 6136 18410 3237 6137 18411 3225 6137 18412 3223 6137 18413 3227 6138 18414 3226 6138 18415 3225 6138 18416 3237 6139 18417 3227 6139 18418 3225 6139 18419 3227 6140 18420 3228 6140 18421 3226 6140 18422 3230 6141 18423 3227 6141 18424 3237 6141 18425 3229 6142 18426 3228 6142 18427 3227 6142 18428 3227 6143 18429 3230 6143 18430 3229 6143 18431 3231 6144 18432 3229 6144 18433 3230 6144 18434 3230 6145 18435 3232 6145 18436 3231 6145 18437 3231 6146 18438 3232 6146 18439 3233 6146 18440 3230 6147 18441 3237 6147 18442 3232 6147 18443 3232 6148 18444 3237 6148 18445 3234 6148 18446 3234 6149 18447 3235 6149 18448 3232 6149 18449 3232 6150 18450 3235 6150 18451 3233 6150 18452 3235 6151 18453 2831 6151 18454 3233 6151 18455 3234 6152 18456 3236 6152 18457 2832 6152 18458 3236 6153 18459 3223 6153 18460 2834 6153 18461 2832 6154 18462 3236 6154 18463 2834 6154 18464 3236 6155 18465 3237 6155 18466 3223 6155 18467 3234 6156 18468 3237 6156 18469 3236 6156 18470 2834 6157 18471 3223 6157 18472 3224 6157 18473 3231 6158 18474 3233 6158 18475 2818 6158 18476 3207 6159 18477 3231 6159 18478 2818 6159 18479 3229 6160 18480 3231 6160 18481 3207 6160 18482 3207 6161 18483 3209 6161 18484 3229 6161 18485 3228 6162 18486 3214 6162 18487 3226 6162 18488 3228 6163 18489 3210 6163 18490 3214 6163 18491 3229 6164 18492 3210 6164 18493 3228 6164 18494 3214 6165 18495 3215 6165 18496 3226 6165 18497 3225 6166 18498 3226 6166 18499 3218 6166 18500 3229 6167 18501 3209 6167 18502 3210 6167 18503 3207 6168 18504 2818 6168 18505 3208 6168 18506 2814 6169 18507 3208 6169 18508 2817 6169 18509 3205 6170 18510 3094 6170 18511 3093 6170 18512 3084 6171 18513 3072 6171 18514 3068 6171 18515 3062 6172 18516 3060 6172 18517 3067 6172 18518 2841 6173 18519 3060 6173 18520 2844 6173 18521 3018 6174 18522 3035 6174 18523 3017 6174 18524 3016 6175 18525 3014 6175 18526 2986 6175 18527 3011 6176 18528 2997 6176 18529 3012 6176 18530 2990 6177 18531 2968 6177 18532 2972 6177 18533 2973 6178 18534 2990 6178 18535 2972 6178 18536 3238 6179 18537 2990 6179 18538 2973 6179 18539 2981 6180 18540 3238 6180 18541 2973 6180 18542 2982 6181 18543 3238 6181 18544 2981 6181 18545 2982 6182 18546 2985 6182 18547 3238 6182 18548 2981 6183 18549 2973 6183 18550 2975 6183 18551 2981 6184 18552 2975 6184 18553 2978 6184 18554 2978 6185 18555 2912 6185 18556 2909 6185 18557 2972 6186 18558 2968 6186 18559 2969 6186 18560 2971 6187 18561 2948 6187 18562 2947 6187 18563 2948 6188 18564 2961 6188 18565 2949 6188 18566 2945 6189 18567 2951 6189 18568 2944 6189 18569 2944 6190 18570 2951 6190 18571 2942 6190 18572 2931 6191 18573 3239 6191 18574 2932 6191 18575 3239 6192 18576 3241 6192 18577 2932 6192 18578 2932 6193 18579 3241 6193 18580 3320 6193 18581 3320 6194 18582 2929 6194 18583 2932 6194 18584 3241 6195 18585 3239 6195 18586 3240 6195 18587 3243 6196 18588 3242 6196 18589 3241 6196 18590 3242 6197 18591 3316 6197 18592 3241 6197 18593 3241 6198 18594 3240 6198 18595 3243 6198 18596 3244 6199 18597 3242 6199 18598 3243 6199 18599 3244 6200 18600 3243 6200 18601 3246 6200 18602 3243 6201 18603 3240 6201 18604 3245 6201 18605 3245 6202 18606 3247 6202 18607 3243 6202 18608 3246 6203 18609 3243 6203 18610 3247 6203 18611 3247 6204 18612 3245 6204 18613 3248 6204 18614 3246 6205 18615 3247 6205 18616 3249 6205 18617 3248 6206 18618 3282 6206 18619 3247 6206 18620 3249 6207 18621 3247 6207 18622 3282 6207 18623 3250 6208 18624 3251 6208 18625 3249 6208 18626 3282 6209 18627 3281 6209 18628 3249 6209 18629 3281 6210 18630 3250 6210 18631 3249 6210 18632 3246 6211 18633 3249 6211 18634 3251 6211 18635 3250 6212 18636 3252 6212 18637 3251 6212 18638 3253 6213 18639 3251 6213 18640 3252 6213 18641 3251 6214 18642 3253 6214 18643 3254 6214 18644 3254 6215 18645 3246 6215 18646 3251 6215 18647 3255 6216 18648 3254 6216 18649 3308 6216 18650 3308 6217 18651 3254 6217 18652 3253 6217 18653 3255 6218 18654 3246 6218 18655 3254 6218 18656 3253 6219 18657 3256 6219 18658 3308 6219 18659 3258 6220 18660 3256 6220 18661 3253 6220 18662 3257 6221 18663 3258 6221 18664 3253 6221 18665 3258 6222 18666 3257 6222 18667 3259 6222 18668 3258 6223 18669 3259 6223 18670 3261 6223 18671 3260 6224 18672 3258 6224 18673 3261 6224 18674 3256 6225 18675 3258 6225 18676 3260 6225 18677 3261 6226 18678 3259 6226 18679 3264 6226 18680 3264 6227 18681 2705 6227 18682 3261 6227 18683 3261 6228 18684 2705 6228 18685 3262 6228 18686 3261 6229 18687 3262 6229 18688 3263 6229 18689 3263 6230 18690 3260 6230 18691 3261 6230 18692 3265 6231 18693 3264 6231 18694 3259 6231 18695 3297 6232 18696 2717 6232 18697 3265 6232 18698 2717 6233 18699 3266 6233 18700 3265 6233 18701 3265 6234 18702 3266 6234 18703 3264 6234 18704 3264 6235 18705 3267 6235 18706 2704 6235 18707 3266 6236 18708 3267 6236 18709 3264 6236 18710 3264 6237 18711 2704 6237 18712 2705 6237 18713 3269 6238 18714 2716 6238 18715 2717 6238 18716 3269 6239 18717 2717 6239 18718 3297 6239 18719 3276 6240 18720 3269 6240 18721 3297 6240 18722 3268 6241 18723 2716 6241 18724 3269 6241 18725 3276 6242 18726 3270 6242 18727 3269 6242 18728 3268 6243 18729 3269 6243 18730 3270 6243 18731 2726 6244 18732 3270 6244 18733 3271 6244 18734 3275 6245 18735 3272 6245 18736 3271 6245 18737 3270 6246 18738 3275 6246 18739 3271 6246 18740 2726 6247 18741 3271 6247 18742 3273 6247 18743 3273 6248 18744 3271 6248 18745 3272 6248 18746 2726 6249 18747 3273 6249 18748 2727 6249 18749 2727 6250 18750 3273 6250 18751 3274 6250 18752 3273 6251 18753 3272 6251 18754 3274 6251 18755 3272 6252 18756 3275 6252 18757 3274 6252 18758 3277 6253 18759 3274 6253 18760 3275 6253 18761 3275 6254 18762 3276 6254 18763 3277 6254 18764 3279 6255 18765 3277 6255 18766 3278 6255 18767 3279 6256 18768 3274 6256 18769 3277 6256 18770 3279 6257 18771 3280 6257 18772 2727 6257 18773 2727 6258 18774 3274 6258 18775 3279 6258 18776 3279 6259 18777 3281 6259 18778 3280 6259 18779 3280 6260 18780 3281 6260 18781 3284 6260 18782 3282 6261 18783 3284 6261 18784 3281 6261 18785 3282 6262 18786 3248 6262 18787 3284 6262 18788 3284 6263 18789 3248 6263 18790 3283 6263 18791 3285 6264 18792 3284 6264 18793 3283 6264 18794 3280 6265 18795 3284 6265 18796 3285 6265 18797 3285 6266 18798 3286 6266 18799 3280 6266 18800 3286 6267 18801 3285 6267 18802 2731 6267 18803 2731 6268 18804 3285 6268 18805 3283 6268 18806 3286 6269 18807 2727 6269 18808 3280 6269 18809 2727 6270 18810 3286 6270 18811 2731 6270 18812 3287 6271 18813 2731 6271 18814 3283 6271 18815 3248 6272 18816 3288 6272 18817 3283 6272 18818 3287 6273 18819 3283 6273 18820 3288 6273 18821 2729 6274 18822 3287 6274 18823 3288 6274 18824 3288 6275 18825 3289 6275 18826 2729 6275 18827 3289 6276 18828 2734 6276 18829 2729 6276 18830 2734 6277 18831 3289 6277 18832 3290 6277 18833 2734 6278 18834 3290 6278 18835 3291 6278 18836 3292 6279 18837 2734 6279 18838 3291 6279 18839 3293 6280 18840 3292 6280 18841 3291 6280 18842 2734 6281 18843 3292 6281 18844 3293 6281 18845 2733 6282 18846 2734 6282 18847 3293 6282 18848 3293 6283 18849 3291 6283 18850 2740 6283 18851 2733 6284 18852 3293 6284 18853 2736 6284 18854 2740 6285 18855 2736 6285 18856 3293 6285 18857 2743 6286 18858 3291 6286 18859 3290 6286 18860 2740 6287 18861 3291 6287 18862 2743 6287 18863 3290 6288 18864 3294 6288 18865 3240 6288 18866 3289 6289 18867 3294 6289 18868 3290 6289 18869 3240 6290 18870 2743 6290 18871 3290 6290 18872 3288 6291 18873 3245 6291 18874 3294 6291 18875 3240 6292 18876 3294 6292 18877 3245 6292 18878 3289 6293 18879 3288 6293 18880 3294 6293 18881 3288 6294 18882 3248 6294 18883 3245 6294 18884 3279 6295 18885 3278 6295 18886 3281 6295 18887 3250 6296 18888 3281 6296 18889 3278 6296 18890 3278 6297 18891 3295 6297 18892 3250 6297 18893 3278 6298 18894 3277 6298 18895 3295 6298 18896 3296 6299 18897 3252 6299 18898 3295 6299 18899 3252 6300 18900 3250 6300 18901 3295 6300 18902 3276 6301 18903 3297 6301 18904 3295 6301 18905 3277 6302 18906 3276 6302 18907 3295 6302 18908 3295 6303 18909 3297 6303 18910 3296 6303 18911 3296 6304 18912 3259 6304 18913 3257 6304 18914 3296 6305 18915 3265 6305 18916 3259 6305 18917 3297 6306 18918 3265 6306 18919 3296 6306 18920 3253 6307 18921 3252 6307 18922 3296 6307 18923 3296 6308 18924 3257 6308 18925 3253 6308 18926 3275 6309 18927 3270 6309 18928 3276 6309 18929 2725 6310 18930 3298 6310 18931 3270 6310 18932 2726 6311 18933 2725 6311 18934 3270 6311 18935 3268 6312 18936 3270 6312 18937 3298 6312 18938 3263 6313 18939 3262 6313 18940 3302 6313 18941 2701 6314 18942 3302 6314 18943 3262 6314 18944 3302 6315 18945 2701 6315 18946 3299 6315 18947 3302 6316 18948 3299 6316 18949 3301 6316 18950 3300 6317 18951 3263 6317 18952 3302 6317 18953 3303 6318 18954 3302 6318 18955 3301 6318 18956 3302 6319 18957 3303 6319 18958 3300 6319 18959 3306 6320 18960 3300 6320 18961 3303 6320 18962 3304 6321 18963 3305 6321 18964 3303 6321 18965 3303 6322 18966 3301 6322 18967 3304 6322 18968 3303 6323 18969 3305 6323 18970 3306 6323 18971 3256 6324 18972 3306 6324 18973 3307 6324 18974 3306 6325 18975 3256 6325 18976 3260 6325 18977 3260 6326 18978 3300 6326 18979 3306 6326 18980 3305 6327 18981 3307 6327 18982 3306 6327 18983 3307 6328 18984 3308 6328 18985 3256 6328 18986 3310 6329 18987 3308 6329 18988 3307 6329 18989 3310 6330 18990 3309 6330 18991 3308 6330 18992 3705 6331 18993 3309 6331 18994 3310 6331 18995 3311 6332 18996 3705 6332 18997 3310 6332 18998 3312 6333 18999 3317 6333 19000 3705 6333 19001 3317 6334 19002 3312 6334 19003 3314 6334 19004 3313 6335 19005 3314 6335 19006 3312 6335 19007 3317 6336 19008 3314 6336 19009 3319 6336 19010 3315 6337 19011 3319 6337 19012 3314 6337 19013 3313 6338 19014 3315 6338 19015 3314 6338 19016 3316 6339 19017 3705 6339 19018 3317 6339 19019 3255 6340 19020 3318 6340 19021 3316 6340 19022 3316 6341 19023 3244 6341 19024 3255 6341 19025 3317 6342 19026 3319 6342 19027 3321 6342 19028 3322 6343 19029 3321 6343 19030 3319 6343 19031 3322 6344 19032 3320 6344 19033 3321 6344 19034 3323 6345 19035 2927 6345 19036 3322 6345 19037 2927 6346 19038 3320 6346 19039 3322 6346 19040 2927 6347 19041 2929 6347 19042 3320 6347 19043 3324 6348 19044 2924 6348 19045 2927 6348 19046 3324 6349 19047 2927 6349 19048 3323 6349 19049 2922 6350 19050 2924 6350 19051 3324 6350 19052 3325 6351 19053 2922 6351 19054 3324 6351 19055 2920 6352 19056 2922 6352 19057 3325 6352 19058 3326 6353 19059 2920 6353 19060 3325 6353 19061 3327 6354 19062 3325 6354 19063 3324 6354 19064 3326 6355 19065 3325 6355 19066 3327 6355 19067 3329 6356 19068 3327 6356 19069 3333 6356 19070 3333 6357 19071 3327 6357 19072 3704 6357 19073 3327 6358 19074 3324 6358 19075 3704 6358 19076 3329 6359 19077 3326 6359 19078 3327 6359 19079 3328 6360 19080 3326 6360 19081 3329 6360 19082 3330 6361 19083 3328 6361 19084 3331 6361 19085 3331 6362 19086 3328 6362 19087 3332 6362 19088 3328 6363 19089 3329 6363 19090 3332 6363 19091 3331 6364 19092 3332 6364 19093 3334 6364 19094 3332 6365 19095 3329 6365 19096 3333 6365 19097 3332 6366 19098 3333 6366 19099 3334 6366 19100 3334 6367 19101 3333 6367 19102 3335 6367 19103 3334 6368 19104 3335 6368 19105 3686 6368 19106 3686 6369 19107 3335 6369 19108 3313 6369 19109 3335 6370 19110 3315 6370 19111 3313 6370 19112 3336 6371 19113 3334 6371 19114 3686 6371 19115 3337 6372 19116 3334 6372 19117 3336 6372 19118 3338 6373 19119 3337 6373 19120 3339 6373 19121 3339 6374 19122 3337 6374 19123 3336 6374 19124 3343 6375 19125 3338 6375 19126 3339 6375 19127 3340 6376 19128 3338 6376 19129 3343 6376 19130 3342 6377 19131 3340 6377 19132 3343 6377 19133 3341 6378 19134 3696 6378 19135 3340 6378 19136 3341 6379 19137 3340 6379 19138 3342 6379 19139 3342 6380 19140 3343 6380 19141 3421 6380 19142 3421 6381 19143 3343 6381 19144 3344 6381 19145 3343 6382 19146 3345 6382 19147 3344 6382 19148 3344 6383 19149 3345 6383 19150 3346 6383 19151 3344 6384 19152 3346 6384 19153 3347 6384 19154 3347 6385 19155 3346 6385 19156 3348 6385 19157 3349 6386 19158 3417 6386 19159 3348 6386 19160 3347 6387 19161 3348 6387 19162 3417 6387 19163 3690 6388 19164 3349 6388 19165 3348 6388 19166 3349 6389 19167 3690 6389 19168 3350 6389 19169 3690 6390 19170 3673 6390 19171 3350 6390 19172 3351 6391 19173 3350 6391 19174 3673 6391 19175 3351 6392 19176 3352 6392 19177 3353 6392 19178 3673 6393 19179 3352 6393 19180 3351 6393 19181 3351 6394 19182 3353 6394 19183 3354 6394 19184 3354 6395 19185 3353 6395 19186 3355 6395 19187 3353 6396 19188 3357 6396 19189 3355 6396 19190 3355 6397 19191 3357 6397 19192 3356 6397 19193 3355 6398 19194 3356 6398 19195 3358 6398 19196 3358 6399 19197 3356 6399 19198 3359 6399 19199 3356 6400 19200 2696 6400 19201 3359 6400 19202 3359 6401 19203 2696 6401 19204 2674 6401 19205 3361 6402 19206 3358 6402 19207 3359 6402 19208 3360 6403 19209 3358 6403 19210 3361 6403 19211 3360 6404 19212 3355 6404 19213 3358 6404 19214 3363 6405 19215 3360 6405 19216 3361 6405 19217 3363 6406 19218 3361 6406 19219 2671 6406 19220 2671 6407 19221 3361 6407 19222 2672 6407 19223 3361 6408 19224 3359 6408 19225 2672 6408 19226 3362 6409 19227 3360 6409 19228 3363 6409 19229 3419 6410 19230 3364 6410 19231 3362 6410 19232 3366 6411 19233 3419 6411 19234 3362 6411 19235 3366 6412 19236 3362 6412 19237 3365 6412 19238 3418 6413 19239 3366 6413 19240 3392 6413 19241 3366 6414 19242 3365 6414 19243 3367 6414 19244 3367 6415 19245 3392 6415 19246 3366 6415 19247 3406 6416 19248 3418 6416 19249 3392 6416 19250 3392 6417 19251 3367 6417 19252 3368 6417 19253 3368 6418 19254 3367 6418 19255 3369 6418 19256 3368 6419 19257 3369 6419 19258 3370 6419 19259 3370 6420 19260 3369 6420 19261 3371 6420 19262 3369 6421 19263 3373 6421 19264 3371 6421 19265 3371 6422 19266 3373 6422 19267 3372 6422 19268 3373 6423 19269 2671 6423 19270 3372 6423 19271 3369 6424 19272 3365 6424 19273 3373 6424 19274 3365 6425 19275 3363 6425 19276 3373 6425 19277 3373 6426 19278 3363 6426 19279 2671 6426 19280 3365 6427 19281 3362 6427 19282 3363 6427 19283 3372 6428 19284 2671 6428 19285 2672 6428 19286 3374 6429 19287 3372 6429 19288 2669 6429 19289 3372 6430 19290 2672 6430 19291 2669 6430 19292 3371 6431 19293 3372 6431 19294 3374 6431 19295 3374 6432 19296 2669 6432 19297 2668 6432 19298 3375 6433 19299 3371 6433 19300 3374 6433 19301 3370 6434 19302 3371 6434 19303 3375 6434 19304 3370 6435 19305 3375 6435 19306 3376 6435 19307 3376 6436 19308 3375 6436 19309 3377 6436 19310 3375 6437 19311 3374 6437 19312 3377 6437 19313 3377 6438 19314 3374 6438 19315 3378 6438 19316 3378 6439 19317 2668 6439 19318 2666 6439 19319 3374 6440 19320 2668 6440 19321 3378 6440 19322 3379 6441 19323 2663 6441 19324 3380 6441 19325 3381 6442 19326 2666 6442 19327 3379 6442 19328 3381 6443 19329 3379 6443 19330 3574 6443 19331 3574 6444 19332 3379 6444 19333 3380 6444 19334 3378 6445 19335 2666 6445 19336 3381 6445 19337 3383 6446 19338 3378 6446 19339 3381 6446 19340 3382 6447 19341 3377 6447 19342 3383 6447 19343 3377 6448 19344 3378 6448 19345 3383 6448 19346 3384 6449 19347 3383 6449 19348 3577 6449 19349 3577 6450 19350 3383 6450 19351 3576 6450 19352 3383 6451 19353 3381 6451 19354 3576 6451 19355 3384 6452 19356 3382 6452 19357 3383 6452 19358 3585 6453 19359 3385 6453 19360 3384 6453 19361 3385 6454 19362 3382 6454 19363 3384 6454 19364 3386 6455 19365 3385 6455 19366 3585 6455 19367 3385 6456 19368 3376 6456 19369 3382 6456 19370 3394 6457 19371 3370 6457 19372 3385 6457 19373 3385 6458 19374 3370 6458 19375 3376 6458 19376 3386 6459 19377 3394 6459 19378 3385 6459 19379 3387 6460 19380 3388 6460 19381 3386 6460 19382 3388 6461 19383 3394 6461 19384 3386 6461 19385 3388 6462 19386 3389 6462 19387 3390 6462 19388 3388 6463 19389 3390 6463 19390 3391 6463 19391 3390 6464 19392 3392 6464 19393 3391 6464 19394 3391 6465 19395 3392 6465 19396 3393 6465 19397 3391 6466 19398 3393 6466 19399 3396 6466 19400 3393 6467 19401 3392 6467 19402 3394 6467 19403 3397 6468 19404 3393 6468 19405 3394 6468 19406 3395 6469 19407 3396 6469 19408 3393 6469 19409 3397 6470 19410 3395 6470 19411 3393 6470 19412 3395 6471 19413 3397 6471 19414 3391 6471 19415 3391 6472 19416 3397 6472 19417 3388 6472 19418 3394 6473 19419 3388 6473 19420 3397 6473 19421 3391 6474 19422 3396 6474 19423 3399 6474 19424 3395 6475 19425 3399 6475 19426 3396 6475 19427 3400 6476 19428 3399 6476 19429 3396 6476 19430 3401 6477 19431 3400 6477 19432 3396 6477 19433 3398 6478 19434 3401 6478 19435 3396 6478 19436 3399 6479 19437 3398 6479 19438 3396 6479 19439 3399 6480 19440 3402 6480 19441 3403 6480 19442 3399 6481 19443 3403 6481 19444 3398 6481 19445 3399 6482 19446 3400 6482 19447 3401 6482 19448 3399 6483 19449 3401 6483 19450 3398 6483 19451 3395 6484 19452 3391 6484 19453 3399 6484 19454 3400 6485 19455 3404 6485 19456 3399 6485 19457 3402 6486 19458 3405 6486 19459 3403 6486 19460 3392 6487 19461 3368 6487 19462 3394 6487 19463 3394 6488 19464 3368 6488 19465 3370 6488 19466 3392 6489 19467 3390 6489 19468 3406 6489 19469 3406 6490 19470 3390 6490 19471 3407 6490 19472 3390 6491 19473 2569 6491 19474 3407 6491 19475 3409 6492 19476 3407 6492 19477 2569 6492 19478 3411 6493 19479 3409 6493 19480 3410 6493 19481 3408 6494 19482 3410 6494 19483 3409 6494 19484 3409 6495 19485 3411 6495 19486 3407 6495 19487 3410 6496 19488 3412 6496 19489 3411 6496 19490 3412 6497 19491 3414 6497 19492 3411 6497 19493 3411 6498 19494 3413 6498 19495 3407 6498 19496 3411 6499 19497 3414 6499 19498 3413 6499 19499 3412 6500 19500 3415 6500 19501 3414 6500 19502 3415 6501 19503 3416 6501 19504 3414 6501 19505 3414 6502 19506 3416 6502 19507 3417 6502 19508 3414 6503 19509 3417 6503 19510 3413 6503 19511 3418 6504 19512 3413 6504 19513 3417 6504 19514 3349 6505 19515 3418 6505 19516 3417 6505 19517 3418 6506 19518 3349 6506 19519 3419 6506 19520 3350 6507 19521 3419 6507 19522 3349 6507 19523 3419 6508 19524 3350 6508 19525 3364 6508 19526 3350 6509 19527 3351 6509 19528 3364 6509 19529 3419 6510 19530 3366 6510 19531 3418 6510 19532 3413 6511 19533 3418 6511 19534 3406 6511 19535 3416 6512 19536 3347 6512 19537 3417 6512 19538 3420 6513 19539 3347 6513 19540 3416 6513 19541 3415 6514 19542 3420 6514 19543 3416 6514 19544 3421 6515 19545 3420 6515 19546 3415 6515 19547 3342 6516 19548 3421 6516 19549 2642 6516 19550 2642 6517 19551 3421 6517 19552 3415 6517 19553 3420 6518 19554 3344 6518 19555 3347 6518 19556 3421 6519 19557 3344 6519 19558 3420 6519 19559 2642 6520 19560 3415 6520 19561 3412 6520 19562 3406 6521 19563 3407 6521 19564 3413 6521 19565 2642 6522 19566 3412 6522 19567 3410 6522 19568 3422 6523 19569 3410 6523 19570 3408 6523 19571 3422 6524 19572 2642 6524 19573 3410 6524 19574 3423 6525 19575 2639 6525 19576 3422 6525 19577 3425 6526 19578 3423 6526 19579 3422 6526 19580 3425 6527 19581 3422 6527 19582 3424 6527 19583 3424 6528 19584 3422 6528 19585 3408 6528 19586 2639 6529 19587 2642 6529 19588 3422 6529 19589 3426 6530 19590 3423 6530 19591 3425 6530 19592 3427 6531 19593 3426 6531 19594 3425 6531 19595 3428 6532 19596 3424 6532 19597 3408 6532 19598 3424 6533 19599 3428 6533 19600 3425 6533 19601 3428 6534 19602 3408 6534 19603 2571 6534 19604 2571 6535 19605 3408 6535 19606 2572 6535 19607 3408 6536 19608 3409 6536 19609 2572 6536 19610 2572 6537 19611 3409 6537 19612 2569 6537 19613 3429 6538 19614 3425 6538 19615 3428 6538 19616 3430 6539 19617 3429 6539 19618 3431 6539 19619 3430 6540 19620 3427 6540 19621 3429 6540 19622 3431 6541 19623 3429 6541 19624 3428 6541 19625 3427 6542 19626 3425 6542 19627 3429 6542 19628 3432 6543 19629 3427 6543 19630 3430 6543 19631 3433 6544 19632 3522 6544 19633 3432 6544 19634 3433 6545 19635 3432 6545 19636 3434 6545 19637 3434 6546 19638 3432 6546 19639 3430 6546 19640 3436 6547 19641 3433 6547 19642 3434 6547 19643 3434 6548 19644 3430 6548 19645 3437 6548 19646 3435 6549 19647 3434 6549 19648 3437 6549 19649 3436 6550 19650 3434 6550 19651 3435 6550 19652 3435 6551 19653 3437 6551 19654 3438 6551 19655 3438 6552 19656 3437 6552 19657 2578 6552 19658 3437 6553 19659 2577 6553 19660 2578 6553 19661 3439 6554 19662 3435 6554 19663 3438 6554 19664 3438 6555 19665 2578 6555 19666 3441 6555 19667 3439 6556 19668 3438 6556 19669 3440 6556 19670 3440 6557 19671 3438 6557 19672 3441 6557 19673 3441 6558 19674 2578 6558 19675 2579 6558 19676 3442 6559 19677 3441 6559 19678 3443 6559 19679 3440 6560 19680 3441 6560 19681 3442 6560 19682 3441 6561 19683 2579 6561 19684 3443 6561 19685 3442 6562 19686 3443 6562 19687 3444 6562 19688 3444 6563 19689 3443 6563 19690 3445 6563 19691 3443 6564 19692 2584 6564 19693 3445 6564 19694 3443 6565 19695 2580 6565 19696 2584 6565 19697 3443 6566 19698 2579 6566 19699 2580 6566 19700 3444 6567 19701 3445 6567 19702 3446 6567 19703 3445 6568 19704 2584 6568 19705 3447 6568 19706 3446 6569 19707 3445 6569 19708 3448 6569 19709 3445 6570 19710 3447 6570 19711 3448 6570 19712 3446 6571 19713 3448 6571 19714 3449 6571 19715 3449 6572 19716 3448 6572 19717 3496 6572 19718 3448 6573 19719 3450 6573 19720 3496 6573 19721 3448 6574 19722 3447 6574 19723 3450 6574 19724 3447 6575 19725 3451 6575 19726 3450 6575 19727 2585 6576 19728 2586 6576 19729 3451 6576 19730 3447 6577 19731 2585 6577 19732 3451 6577 19733 3452 6578 19734 3450 6578 19735 3451 6578 19736 3453 6579 19737 3452 6579 19738 3451 6579 19739 2588 6580 19740 3453 6580 19741 3451 6580 19742 3451 6581 19743 2586 6581 19744 2588 6581 19745 3453 6582 19746 2588 6582 19747 3454 6582 19748 3453 6583 19749 3454 6583 19750 3511 6583 19751 3453 6584 19752 3511 6584 19753 3512 6584 19754 3455 6585 19755 3453 6585 19756 3512 6585 19757 3455 6586 19758 3452 6586 19759 3453 6586 19760 3457 6587 19761 3456 6587 19762 3455 6587 19763 3496 6588 19764 3455 6588 19765 3456 6588 19766 3457 6589 19767 3455 6589 19768 3512 6589 19769 3455 6590 19770 3496 6590 19771 3450 6590 19772 3452 6591 19773 3455 6591 19774 3450 6591 19775 3456 6592 19776 3457 6592 19777 3458 6592 19778 3457 6593 19779 3462 6593 19780 3458 6593 19781 3459 6594 19782 3469 6594 19783 3457 6594 19784 3461 6595 19785 3459 6595 19786 3457 6595 19787 3460 6596 19788 3462 6596 19789 3457 6596 19790 3469 6597 19791 3460 6597 19792 3457 6597 19793 3457 6598 19794 3512 6598 19795 3461 6598 19796 3469 6599 19797 3464 6599 19798 3463 6599 19799 3469 6600 19800 3465 6600 19801 3464 6600 19802 3469 6601 19803 3467 6601 19804 3465 6601 19805 3466 6602 19806 3468 6602 19807 3469 6602 19808 3459 6603 19809 3466 6603 19810 3469 6603 19811 3468 6604 19812 3467 6604 19813 3469 6604 19814 3460 6605 19815 3469 6605 19816 3463 6605 19817 3468 6606 19818 3466 6606 19819 3470 6606 19820 3467 6607 19821 3468 6607 19822 3465 6607 19823 3468 6608 19824 3470 6608 19825 3465 6608 19826 3465 6609 19827 3470 6609 19828 3464 6609 19829 3470 6610 19830 3471 6610 19831 3464 6610 19832 3470 6611 19833 3472 6611 19834 3471 6611 19835 3466 6612 19836 3472 6612 19837 3470 6612 19838 3472 6613 19839 3473 6613 19840 3471 6613 19841 3473 6614 19842 3472 6614 19843 3459 6614 19844 3466 6615 19845 3459 6615 19846 3472 6615 19847 3459 6616 19848 3474 6616 19849 3473 6616 19850 3473 6617 19851 3474 6617 19852 3476 6617 19853 3471 6618 19854 3473 6618 19855 3475 6618 19856 3473 6619 19857 3476 6619 19858 3475 6619 19859 3475 6620 19860 3476 6620 19861 3486 6620 19862 3474 6621 19863 3477 6621 19864 3476 6621 19865 3476 6622 19866 3477 6622 19867 3486 6622 19868 3461 6623 19869 3477 6623 19870 3474 6623 19871 3461 6624 19872 3478 6624 19873 3477 6624 19874 3477 6625 19875 3478 6625 19876 3479 6625 19877 3477 6626 19878 3479 6626 19879 3486 6626 19880 3479 6627 19881 3480 6627 19882 3481 6627 19883 3478 6628 19884 3480 6628 19885 3479 6628 19886 3480 6629 19887 3482 6629 19888 3481 6629 19889 3481 6630 19890 3484 6630 19891 3479 6630 19892 3482 6631 19893 3439 6631 19894 3481 6631 19895 3481 6632 19896 3439 6632 19897 3440 6632 19898 3481 6633 19899 3440 6633 19900 3483 6633 19901 3484 6634 19902 3481 6634 19903 3483 6634 19904 3484 6635 19905 3483 6635 19906 3485 6635 19907 3484 6636 19908 3485 6636 19909 3488 6636 19910 3486 6637 19911 3484 6637 19912 3488 6637 19913 3486 6638 19914 3487 6638 19915 3484 6638 19916 3484 6639 19917 3487 6639 19918 3479 6639 19919 3487 6640 19920 3486 6640 19921 3479 6640 19922 3488 6641 19923 3490 6641 19924 3489 6641 19925 3489 6642 19926 3490 6642 19927 3506 6642 19928 3490 6643 19929 3491 6643 19930 3506 6643 19931 3506 6644 19932 3491 6644 19933 3492 6644 19934 3506 6645 19935 3492 6645 19936 3493 6645 19937 3492 6646 19938 3495 6646 19939 3493 6646 19940 3495 6647 19941 3494 6647 19942 3458 6647 19943 3495 6648 19944 3458 6648 19945 3493 6648 19946 3495 6649 19947 3497 6649 19948 3494 6649 19949 3494 6650 19950 3497 6650 19951 3498 6650 19952 3449 6651 19953 3496 6651 19954 3498 6651 19955 3497 6652 19956 3449 6652 19957 3498 6652 19958 3492 6653 19959 3499 6653 19960 3497 6653 19961 3499 6654 19962 3449 6654 19963 3497 6654 19964 3492 6655 19965 3497 6655 19966 3495 6655 19967 3499 6656 19968 3446 6656 19969 3449 6656 19970 3500 6657 19971 3446 6657 19972 3499 6657 19973 3491 6658 19974 3499 6658 19975 3492 6658 19976 3491 6659 19977 3500 6659 19978 3499 6659 19979 3501 6660 19980 3442 6660 19981 3500 6660 19982 3442 6661 19983 3444 6661 19984 3500 6661 19985 3500 6662 19986 3444 6662 19987 3446 6662 19988 3501 6663 19989 3500 6663 19990 3491 6663 19991 3483 6664 19992 3442 6664 19993 3501 6664 19994 3485 6665 19995 3483 6665 19996 3501 6665 19997 3485 6666 19998 3501 6666 19999 3490 6666 20000 3490 6667 20001 3501 6667 20002 3491 6667 20003 3498 6668 20004 3496 6668 20005 3456 6668 20006 3494 6669 20007 3498 6669 20008 3456 6669 20009 3494 6670 20010 3456 6670 20011 3458 6670 20012 3462 6671 20013 3493 6671 20014 3458 6671 20015 3506 6672 20016 3493 6672 20017 3505 6672 20018 3502 6673 20019 3505 6673 20020 3493 6673 20021 3462 6674 20022 3502 6674 20023 3493 6674 20024 3460 6675 20025 3463 6675 20026 3502 6675 20027 3463 6676 20028 3503 6676 20029 3502 6676 20030 3460 6677 20031 3502 6677 20032 3462 6677 20033 3502 6678 20034 3503 6678 20035 3505 6678 20036 3463 6679 20037 3464 6679 20038 3503 6679 20039 3464 6680 20040 3471 6680 20041 3503 6680 20042 3503 6681 20043 3504 6681 20044 3505 6681 20045 3503 6682 20046 3475 6682 20047 3504 6682 20048 3471 6683 20049 3475 6683 20050 3503 6683 20051 3489 6684 20052 3505 6684 20053 3504 6684 20054 3488 6685 20055 3489 6685 20056 3504 6685 20057 3475 6686 20058 3486 6686 20059 3504 6686 20060 3488 6687 20061 3504 6687 20062 3486 6687 20063 3505 6688 20064 3489 6688 20065 3506 6688 20066 3488 6689 20067 3485 6689 20068 3490 6689 20069 3483 6690 20070 3440 6690 20071 3442 6690 20072 3480 6691 20073 3507 6691 20074 3482 6691 20075 3507 6692 20076 3509 6692 20077 3482 6692 20078 3509 6693 20079 3508 6693 20080 3482 6693 20081 3482 6694 20082 3508 6694 20083 3439 6694 20084 3507 6695 20085 3511 6695 20086 3509 6695 20087 3511 6696 20088 3510 6696 20089 3509 6696 20090 3509 6697 20091 3510 6697 20092 3508 6697 20093 3511 6698 20094 3513 6698 20095 3510 6698 20096 3507 6699 20097 3512 6699 20098 3511 6699 20099 3461 6700 20100 3512 6700 20101 3478 6700 20102 3507 6701 20103 3478 6701 20104 3512 6701 20105 3454 6702 20106 3513 6702 20107 3511 6702 20108 3454 6703 20109 3514 6703 20110 3513 6703 20111 3454 6704 20112 3515 6704 20113 3514 6704 20114 3514 6705 20115 3515 6705 20116 3516 6705 20117 3516 6706 20118 2596 6706 20119 3517 6706 20120 3515 6707 20121 2596 6707 20122 3516 6707 20123 3518 6708 20124 3516 6708 20125 3517 6708 20126 3514 6709 20127 3516 6709 20128 3518 6709 20129 3513 6710 20130 3518 6710 20131 3510 6710 20132 3510 6711 20133 3518 6711 20134 3519 6711 20135 3518 6712 20136 3517 6712 20137 3519 6712 20138 3513 6713 20139 3514 6713 20140 3518 6713 20141 3510 6714 20142 3519 6714 20143 3508 6714 20144 3508 6715 20145 3519 6715 20146 3439 6715 20147 3519 6716 20148 3435 6716 20149 3439 6716 20150 3519 6717 20151 3517 6717 20152 3436 6717 20153 3519 6718 20154 3436 6718 20155 3435 6718 20156 2596 6719 20157 3520 6719 20158 3517 6719 20159 3517 6720 20160 3520 6720 20161 3433 6720 20162 3517 6721 20163 3433 6721 20164 3436 6721 20165 2598 6722 20166 3521 6722 20167 3520 6722 20168 3520 6723 20169 3521 6723 20170 3522 6723 20171 3520 6724 20172 3522 6724 20173 3433 6724 20174 2596 6725 20175 2598 6725 20176 3520 6725 20177 3521 6726 20178 3523 6726 20179 3522 6726 20180 3522 6727 20181 3523 6727 20182 3524 6727 20183 3522 6728 20184 3524 6728 20185 3432 6728 20186 3432 6729 20187 3524 6729 20188 3427 6729 20189 3523 6730 20190 3525 6730 20191 3524 6730 20192 3524 6731 20193 3525 6731 20194 3426 6731 20195 3524 6732 20196 3426 6732 20197 3427 6732 20198 3526 6733 20199 2637 6733 20200 3525 6733 20201 3523 6734 20202 3526 6734 20203 3525 6734 20204 3525 6735 20205 2637 6735 20206 2640 6735 20207 3525 6736 20208 2640 6736 20209 3426 6736 20210 3521 6737 20211 3526 6737 20212 3523 6737 20213 3521 6738 20214 3527 6738 20215 3526 6738 20216 3528 6739 20217 3527 6739 20218 3521 6739 20219 3532 6740 20220 2630 6740 20221 3528 6740 20222 3528 6741 20223 2630 6741 20224 3527 6741 20225 3529 6742 20226 3532 6742 20227 3528 6742 20228 3531 6743 20229 3529 6743 20230 3528 6743 20231 2611 6744 20232 2626 6744 20233 3529 6744 20234 3532 6745 20235 3529 6745 20236 2626 6745 20237 3531 6746 20238 2610 6746 20239 3529 6746 20240 2610 6747 20241 3531 6747 20242 3530 6747 20243 3530 6748 20244 2597 6748 20245 2609 6748 20246 2597 6749 20247 3530 6749 20248 2598 6749 20249 3530 6750 20250 2609 6750 20251 2610 6750 20252 3530 6751 20253 3528 6751 20254 3521 6751 20255 3531 6752 20256 3528 6752 20257 3530 6752 20258 2598 6753 20259 3530 6753 20260 3521 6753 20261 3529 6754 20262 2610 6754 20263 2611 6754 20264 3532 6755 20265 2626 6755 20266 2627 6755 20267 2591 6756 20268 2593 6756 20269 3454 6756 20270 2593 6757 20271 3515 6757 20272 3454 6757 20273 3478 6758 20274 3507 6758 20275 3480 6758 20276 3459 6759 20277 3461 6759 20278 3474 6759 20279 2584 6760 20280 2585 6760 20281 3447 6760 20282 3437 6761 20283 3430 6761 20284 3431 6761 20285 3437 6762 20286 3431 6762 20287 2577 6762 20288 3431 6763 20289 3428 6763 20290 2573 6763 20291 2577 6764 20292 3431 6764 20293 2573 6764 20294 3426 6765 20295 2640 6765 20296 3423 6765 20297 2640 6766 20298 2639 6766 20299 3423 6766 20300 3390 6767 20301 3389 6767 20302 2569 6767 20303 3533 6768 20304 3389 6768 20305 3387 6768 20306 3533 6769 20307 3387 6769 20308 3534 6769 20309 2565 6770 20310 3534 6770 20311 3535 6770 20312 3536 6771 20313 3535 6771 20314 3534 6771 20315 3539 6772 20316 3537 6772 20317 3538 6772 20318 3536 6773 20319 3537 6773 20320 3539 6773 20321 3544 6774 20322 3540 6774 20323 3539 6774 20324 3539 6775 20325 3540 6775 20326 3536 6775 20327 3543 6776 20328 3539 6776 20329 3541 6776 20330 3541 6777 20331 3539 6777 20332 3542 6777 20333 3543 6778 20334 3544 6778 20335 3539 6778 20336 3539 6779 20337 3538 6779 20338 3542 6779 20339 3544 6780 20340 3545 6780 20341 3540 6780 20342 3545 6781 20343 2606 6781 20344 3540 6781 20345 2557 6782 20346 3540 6782 20347 2606 6782 20348 2605 6783 20349 2557 6783 20350 2606 6783 20351 2557 6784 20352 2605 6784 20353 2603 6784 20354 3545 6785 20355 3543 6785 20356 3546 6785 20357 3545 6786 20358 3544 6786 20359 3543 6786 20360 3554 6787 20361 3547 6787 20362 3548 6787 20363 3547 6788 20364 3550 6788 20365 3548 6788 20366 3549 6789 20367 3550 6789 20368 3547 6789 20369 3547 6790 20370 3543 6790 20371 3549 6790 20372 3550 6791 20373 3549 6791 20374 3541 6791 20375 3550 6792 20376 3541 6792 20377 3551 6792 20378 3551 6793 20379 3548 6793 20380 3550 6793 20381 3554 6794 20382 3548 6794 20383 3551 6794 20384 3553 6795 20385 3551 6795 20386 3552 6795 20387 3551 6796 20388 3542 6796 20389 3552 6796 20390 3551 6797 20391 3541 6797 20392 3542 6797 20393 3554 6798 20394 3551 6798 20395 3553 6798 20396 3553 6799 20397 3555 6799 20398 3554 6799 20399 3554 6800 20400 3555 6800 20401 3630 6800 20402 3556 6801 20403 3554 6801 20404 3630 6801 20405 3558 6802 20406 3557 6802 20407 3556 6802 20408 3558 6803 20409 3559 6803 20410 3557 6803 20411 3560 6804 20412 3561 6804 20413 3559 6804 20414 3560 6805 20415 3559 6805 20416 3558 6805 20417 3559 6806 20418 3562 6806 20419 3557 6806 20420 3561 6807 20421 3562 6807 20422 3559 6807 20423 3561 6808 20424 3563 6808 20425 3562 6808 20426 3563 6809 20427 3564 6809 20428 3562 6809 20429 3562 6810 20430 3568 6810 20431 3557 6810 20432 3562 6811 20433 3564 6811 20434 3568 6811 20435 3563 6812 20436 3566 6812 20437 3564 6812 20438 3564 6813 20439 3565 6813 20440 3567 6813 20441 3566 6814 20442 3565 6814 20443 3564 6814 20444 3564 6815 20445 3567 6815 20446 3568 6815 20447 3546 6816 20448 3567 6816 20449 3565 6816 20450 3567 6817 20451 3547 6817 20452 3554 6817 20453 3567 6818 20454 3543 6818 20455 3547 6818 20456 3556 6819 20457 3567 6819 20458 3554 6819 20459 3567 6820 20460 3556 6820 20461 3568 6820 20462 3556 6821 20463 3557 6821 20464 3568 6821 20465 3543 6822 20466 3567 6822 20467 3546 6822 20468 3569 6823 20469 3566 6823 20470 3563 6823 20471 3566 6824 20472 2617 6824 20473 3565 6824 20474 3570 6825 20475 2617 6825 20476 3566 6825 20477 3569 6826 20478 3570 6826 20479 3566 6826 20480 3571 6827 20481 3570 6827 20482 3569 6827 20483 3571 6828 20484 3572 6828 20485 3570 6828 20486 3570 6829 20487 2615 6829 20488 2617 6829 20489 3572 6830 20490 2615 6830 20491 3570 6830 20492 3573 6831 20493 3572 6831 20494 3571 6831 20495 3572 6832 20496 3573 6832 20497 3574 6832 20498 3574 6833 20499 3380 6833 20500 3572 6833 20501 3572 6834 20502 3380 6834 20503 2615 6834 20504 3576 6835 20505 3574 6835 20506 3573 6835 20507 3576 6836 20508 3381 6836 20509 3574 6836 20510 3575 6837 20511 3573 6837 20512 3597 6837 20513 3597 6838 20514 3573 6838 20515 3571 6838 20516 3575 6839 20517 3576 6839 20518 3573 6839 20519 3577 6840 20520 3576 6840 20521 3575 6840 20522 3578 6841 20523 3384 6841 20524 3577 6841 20525 3578 6842 20526 3577 6842 20527 3579 6842 20528 3579 6843 20529 3577 6843 20530 3575 6843 20531 3580 6844 20532 3578 6844 20533 3579 6844 20534 3580 6845 20535 3579 6845 20536 3587 6845 20537 3587 6846 20538 3579 6846 20539 3598 6846 20540 3579 6847 20541 3575 6847 20542 3598 6847 20543 3583 6848 20544 3578 6848 20545 3580 6848 20546 3581 6849 20547 3580 6849 20548 3582 6849 20549 3581 6850 20550 3583 6850 20551 3580 6850 20552 3582 6851 20553 3580 6851 20554 3587 6851 20555 3584 6852 20556 3386 6852 20557 3583 6852 20558 3386 6853 20559 3585 6853 20560 3583 6853 20561 3584 6854 20562 3583 6854 20563 3581 6854 20564 3583 6855 20565 3585 6855 20566 3578 6855 20567 3585 6856 20568 3384 6856 20569 3578 6856 20570 3536 6857 20571 3534 6857 20572 3584 6857 20573 3536 6858 20574 3584 6858 20575 3537 6858 20576 3387 6859 20577 3386 6859 20578 3584 6859 20579 3584 6860 20580 3534 6860 20581 3387 6860 20582 3537 6861 20583 3584 6861 20584 3581 6861 20585 3538 6862 20586 3581 6862 20587 3582 6862 20588 3538 6863 20589 3582 6863 20590 3586 6863 20591 3586 6864 20592 3582 6864 20593 3587 6864 20594 3588 6865 20595 3587 6865 20596 3591 6865 20597 3586 6866 20598 3587 6866 20599 3588 6866 20600 3589 6867 20601 3586 6867 20602 3588 6867 20603 3591 6868 20604 3594 6868 20605 3590 6868 20606 3590 6869 20607 3594 6869 20608 3592 6869 20609 3594 6870 20610 3593 6870 20611 3592 6870 20612 3594 6871 20613 3596 6871 20614 3593 6871 20615 3593 6872 20616 3596 6872 20617 3595 6872 20618 3596 6873 20619 3594 6873 20620 3597 6873 20621 3597 6874 20622 3571 6874 20623 3596 6874 20624 3596 6875 20625 3571 6875 20626 3569 6875 20627 3596 6876 20628 3569 6876 20629 3595 6876 20630 3598 6877 20631 3597 6877 20632 3594 6877 20633 3587 6878 20634 3598 6878 20635 3591 6878 20636 3591 6879 20637 3598 6879 20638 3594 6879 20639 3593 6880 20640 3595 6880 20641 3599 6880 20642 3599 6881 20643 3595 6881 20644 3561 6881 20645 3595 6882 20646 3569 6882 20647 3563 6882 20648 3595 6883 20649 3563 6883 20650 3561 6883 20651 3599 6884 20652 3592 6884 20653 3593 6884 20654 3599 6885 20655 3561 6885 20656 3560 6885 20657 3592 6886 20658 3599 6886 20659 3600 6886 20660 3600 6887 20661 3599 6887 20662 3560 6887 20663 3601 6888 20664 3602 6888 20665 3600 6888 20666 3605 6889 20667 3601 6889 20668 3600 6889 20669 3602 6890 20670 3603 6890 20671 3600 6890 20672 3603 6891 20673 3604 6891 20674 3600 6891 20675 3604 6892 20676 3592 6892 20677 3600 6892 20678 3605 6893 20679 3600 6893 20680 3560 6893 20681 3605 6894 20682 3607 6894 20683 3606 6894 20684 3606 6895 20685 3601 6895 20686 3605 6895 20687 3607 6896 20688 3605 6896 20689 3560 6896 20690 3609 6897 20691 3606 6897 20692 3607 6897 20693 3609 6898 20694 3607 6898 20695 3558 6898 20696 3558 6899 20697 3607 6899 20698 3560 6899 20699 3609 6900 20700 3608 6900 20701 3610 6900 20702 3609 6901 20703 3610 6901 20704 3606 6901 20705 3611 6902 20706 3667 6902 20707 3610 6902 20708 3667 6903 20709 3606 6903 20710 3610 6903 20711 3611 6904 20712 3610 6904 20713 3608 6904 20714 3614 6905 20715 3612 6905 20716 3611 6905 20717 3612 6906 20718 3667 6906 20719 3611 6906 20720 3614 6907 20721 3611 6907 20722 3613 6907 20723 3608 6908 20724 3613 6908 20725 3611 6908 20726 3616 6909 20727 3614 6909 20728 3615 6909 20729 3615 6910 20730 3614 6910 20731 3613 6910 20732 3616 6911 20733 3612 6911 20734 3614 6911 20735 3618 6912 20736 3616 6912 20737 3617 6912 20738 3617 6913 20739 3616 6913 20740 3615 6913 20741 3618 6914 20742 3636 6914 20743 3616 6914 20744 3616 6915 20745 3636 6915 20746 3612 6915 20747 3619 6916 20748 3618 6916 20749 3617 6916 20750 3618 6917 20751 3620 6917 20752 3636 6917 20753 3620 6918 20754 3618 6918 20755 3621 6918 20756 3618 6919 20757 3619 6919 20758 3622 6919 20759 3618 6920 20760 3622 6920 20761 3621 6920 20762 3626 6921 20763 3622 6921 20764 3619 6921 20765 3626 6922 20766 3556 6922 20767 3622 6922 20768 3619 6923 20769 3623 6923 20770 3626 6923 20771 3619 6924 20772 3617 6924 20773 3623 6924 20774 3624 6925 20775 3623 6925 20776 3617 6925 20777 3623 6926 20778 3624 6926 20779 3626 6926 20780 3624 6927 20781 3617 6927 20782 3615 6927 20783 3625 6928 20784 3624 6928 20785 3615 6928 20786 3624 6929 20787 3625 6929 20788 3626 6929 20789 3625 6930 20790 3615 6930 20791 3613 6930 20792 3613 6931 20793 3626 6931 20794 3625 6931 20795 3627 6932 20796 3626 6932 20797 3613 6932 20798 3608 6933 20799 3627 6933 20800 3613 6933 20801 3627 6934 20802 3608 6934 20803 3609 6934 20804 3627 6935 20805 3556 6935 20806 3626 6935 20807 3609 6936 20808 3556 6936 20809 3627 6936 20810 3622 6937 20811 3630 6937 20812 3628 6937 20813 3556 6938 20814 3630 6938 20815 3622 6938 20816 3628 6939 20817 3629 6939 20818 3622 6939 20819 3621 6940 20820 3622 6940 20821 3629 6940 20822 3628 6941 20823 3631 6941 20824 3629 6941 20825 3628 6942 20826 3630 6942 20827 3632 6942 20828 3628 6943 20829 3632 6943 20830 3631 6943 20831 3631 6944 20832 3632 6944 20833 3668 6944 20834 3631 6945 20835 3668 6945 20836 3633 6945 20837 3635 6946 20838 3633 6946 20839 3634 6946 20840 3631 6947 20841 3633 6947 20842 3629 6947 20843 3633 6948 20844 3635 6948 20845 3629 6948 20846 3621 6949 20847 3635 6949 20848 3620 6949 20849 3620 6950 20850 3635 6950 20851 3634 6950 20852 3621 6951 20853 3629 6951 20854 3635 6951 20855 3640 6952 20856 3636 6952 20857 3637 6952 20858 3638 6953 20859 3640 6953 20860 3660 6953 20861 3637 6954 20862 3641 6954 20863 3664 6954 20864 3642 6955 20865 3663 6955 20866 3641 6955 20867 3644 6956 20868 3643 6956 20869 3663 6956 20870 3663 6957 20871 3645 6957 20872 3644 6957 20873 3645 6958 20874 3663 6958 20875 3646 6958 20876 3648 6959 20877 3646 6959 20878 3663 6959 20879 3588 6960 20880 3646 6960 20881 3647 6960 20882 3648 6961 20883 3647 6961 20884 3646 6961 20885 3646 6962 20886 3588 6962 20887 3591 6962 20888 3646 6963 20889 3591 6963 20890 3649 6963 20891 3646 6964 20892 3649 6964 20893 3645 6964 20894 3650 6965 20895 3644 6965 20896 3645 6965 20897 3644 6966 20898 3650 6966 20899 3660 6966 20900 3650 6967 20901 3659 6967 20902 3660 6967 20903 3649 6968 20904 3659 6968 20905 3650 6968 20906 3645 6969 20907 3649 6969 20908 3650 6969 20909 3649 6970 20910 3651 6970 20911 3659 6970 20912 3590 6971 20913 3651 6971 20914 3649 6971 20915 3651 6972 20916 3652 6972 20917 3659 6972 20918 3652 6973 20919 3658 6973 20920 3659 6973 20921 3590 6974 20922 3652 6974 20923 3651 6974 20924 3652 6975 20925 3590 6975 20926 3592 6975 20927 3658 6976 20928 3652 6976 20929 3653 6976 20930 3655 6977 20931 3656 6977 20932 3654 6977 20933 3656 6978 20934 3603 6978 20935 3654 6978 20936 3656 6979 20937 3657 6979 20938 3604 6979 20939 3660 6980 20940 3657 6980 20941 3656 6980 20942 3660 6981 20943 3656 6981 20944 3655 6981 20945 3656 6982 20946 3604 6982 20947 3603 6982 20948 3657 6983 20949 3653 6983 20950 3604 6983 20951 3657 6984 20952 3658 6984 20953 3653 6984 20954 3660 6985 20955 3658 6985 20956 3657 6985 20957 3660 6986 20958 3659 6986 20959 3658 6986 20960 3660 6987 20961 3662 6987 20962 3661 6987 20963 3664 6988 20964 3641 6988 20965 3661 6988 20966 3661 6989 20967 3662 6989 20968 3664 6989 20969 3660 6990 20970 3661 6990 20971 3643 6990 20972 3641 6991 20973 3643 6991 20974 3661 6991 20975 3641 6992 20976 3663 6992 20977 3643 6992 20978 3662 6993 20979 3660 6993 20980 3640 6993 20981 3662 6994 20982 3640 6994 20983 3664 6994 20984 3660 6995 20985 3655 6995 20986 3665 6995 20987 3665 6996 20988 3655 6996 20989 3654 6996 20990 3654 6997 20991 3639 6997 20992 3665 6997 20993 3660 6998 20994 3665 6998 20995 3638 6998 20996 3612 6999 20997 3639 6999 20998 3666 6999 20999 3666 7000 21000 3667 7000 21001 3612 7000 21002 3602 7001 21003 3667 7001 21004 3666 7001 21005 3654 7002 21006 3603 7002 21007 3666 7002 21008 3602 7003 21009 3666 7003 21010 3603 7003 21011 3639 7004 21012 3654 7004 21013 3666 7004 21014 3612 7005 21015 3638 7005 21016 3639 7005 21017 3640 7006 21018 3638 7006 21019 3612 7006 21020 3640 7007 21021 3612 7007 21022 3636 7007 21023 3665 7008 21024 3639 7008 21025 3638 7008 21026 3592 7009 21027 3604 7009 21028 3653 7009 21029 3653 7010 21030 3652 7010 21031 3592 7010 21032 3660 7011 21033 3643 7011 21034 3644 7011 21035 3649 7012 21036 3591 7012 21037 3590 7012 21038 3642 7013 21039 3648 7013 21040 3663 7013 21041 3668 7014 21042 3647 7014 21043 3648 7014 21044 3668 7015 21045 3648 7015 21046 3642 7015 21047 3668 7016 21048 3669 7016 21049 3647 7016 21050 3632 7017 21051 3669 7017 21052 3668 7017 21053 3632 7018 21054 3553 7018 21055 3669 7018 21056 3553 7019 21057 3552 7019 21058 3669 7019 21059 3669 7020 21060 3552 7020 21061 3589 7020 21062 3669 7021 21063 3589 7021 21064 3647 7021 21065 3553 7022 21066 3632 7022 21067 3630 7022 21068 3647 7023 21069 3589 7023 21070 3588 7023 21071 3634 7024 21072 3642 7024 21073 3641 7024 21074 3633 7025 21075 3642 7025 21076 3634 7025 21077 3633 7026 21078 3668 7026 21079 3642 7026 21080 3634 7027 21081 3641 7027 21082 3637 7027 21083 3637 7028 21084 3664 7028 21085 3640 7028 21086 3620 7029 21087 3637 7029 21088 3636 7029 21089 3620 7030 21090 3634 7030 21091 3637 7030 21092 3602 7031 21093 3606 7031 21094 3667 7031 21095 3556 7032 21096 3609 7032 21097 3558 7032 21098 3602 7033 21099 3601 7033 21100 3606 7033 21101 3542 7034 21102 3586 7034 21103 3589 7034 21104 3552 7035 21105 3542 7035 21106 3589 7035 21107 3542 7036 21108 3538 7036 21109 3586 7036 21110 3537 7037 21111 3581 7037 21112 3538 7037 21113 3597 7038 21114 3598 7038 21115 3575 7038 21116 2617 7039 21117 2607 7039 21118 3565 7039 21119 3630 7040 21120 3555 7040 21121 3553 7040 21122 3549 7041 21123 3543 7041 21124 3541 7041 21125 3545 7042 21126 3546 7042 21127 3565 7042 21128 2606 7043 21129 3545 7043 21130 3565 7043 21131 3536 7044 21132 3540 7044 21133 2557 7044 21134 3534 7045 21135 2565 7045 21136 3533 7045 21137 3389 7046 21138 3388 7046 21139 3387 7046 21140 3376 7047 21141 3377 7047 21142 3382 7047 21143 3380 7048 21144 2616 7048 21145 2615 7048 21146 3380 7049 21147 2663 7049 21148 2616 7049 21149 3365 7050 21150 3369 7050 21151 3367 7050 21152 3364 7051 21153 3351 7051 21154 3354 7051 21155 3364 7052 21156 3354 7052 21157 3362 7052 21158 3362 7053 21159 3354 7053 21160 3360 7053 21161 3354 7054 21162 3355 7054 21163 3360 7054 21164 3357 7055 21165 3671 7055 21166 3670 7055 21167 3670 7056 21168 2694 7056 21169 3357 7056 21170 2694 7057 21171 3356 7057 21172 3357 7057 21173 3353 7058 21174 3671 7058 21175 3357 7058 21176 3352 7059 21177 3671 7059 21178 3353 7059 21179 3352 7060 21180 3672 7060 21181 3671 7060 21182 3672 7061 21183 3670 7061 21184 3671 7061 21185 3673 7062 21186 3672 7062 21187 3352 7062 21188 3673 7063 21189 3690 7063 21190 3675 7063 21191 3674 7064 21192 3675 7064 21193 3690 7064 21194 3675 7065 21195 3674 7065 21196 3676 7065 21197 3676 7066 21198 3677 7066 21199 3675 7066 21200 3684 7067 21201 3673 7067 21202 3675 7067 21203 3684 7068 21204 3678 7068 21205 3673 7068 21206 3672 7069 21207 3673 7069 21208 3678 7069 21209 3678 7070 21210 3680 7070 21211 3672 7070 21212 3678 7071 21213 3679 7071 21214 3680 7071 21215 3680 7072 21216 3681 7072 21217 3682 7072 21218 3679 7073 21219 3681 7073 21220 3680 7073 21221 3680 7074 21222 3682 7074 21223 3670 7074 21224 3672 7075 21225 3680 7075 21226 3670 7075 21227 3687 7076 21228 3683 7076 21229 3679 7076 21230 3683 7077 21231 3681 7077 21232 3679 7077 21233 3679 7078 21234 3678 7078 21235 3687 7078 21236 3684 7079 21237 3687 7079 21238 3678 7079 21239 3686 7080 21240 3313 7080 21241 3685 7080 21242 3684 7081 21243 3685 7081 21244 3313 7081 21245 3684 7082 21246 3312 7082 21247 3687 7082 21248 3687 7083 21249 3705 7083 21250 3311 7083 21251 3705 7084 21252 3687 7084 21253 3312 7084 21254 3687 7085 21255 3311 7085 21256 3683 7085 21257 3312 7086 21258 3684 7086 21259 3313 7086 21260 3676 7087 21261 3686 7087 21262 3685 7087 21263 3688 7088 21264 3686 7088 21265 3676 7088 21266 3688 7089 21267 3336 7089 21268 3686 7089 21269 3688 7090 21270 3676 7090 21271 3674 7090 21272 3689 7091 21273 3688 7091 21274 3674 7091 21275 3339 7092 21276 3688 7092 21277 3689 7092 21278 3339 7093 21279 3336 7093 21280 3688 7093 21281 3345 7094 21282 3689 7094 21283 3346 7094 21284 3345 7095 21285 3339 7095 21286 3689 7095 21287 3346 7096 21288 3689 7096 21289 3674 7096 21290 3346 7097 21291 3674 7097 21292 3348 7097 21293 3690 7098 21294 3348 7098 21295 3674 7098 21296 3676 7099 21297 3685 7099 21298 3677 7099 21299 3684 7100 21300 3677 7100 21301 3685 7100 21302 3684 7101 21303 3675 7101 21304 3677 7101 21305 3683 7102 21306 3304 7102 21307 3681 7102 21308 3683 7103 21309 3307 7103 21310 3305 7103 21311 3310 7104 21312 3307 7104 21313 3683 7104 21314 3304 7105 21315 3683 7105 21316 3305 7105 21317 3301 7106 21318 3691 7106 21319 3304 7106 21320 3691 7107 21321 3681 7107 21322 3304 7107 21323 3681 7108 21324 3691 7108 21325 3682 7108 21326 3301 7109 21327 2697 7109 21328 3691 7109 21329 3691 7110 21330 2697 7110 21331 2695 7110 21332 3682 7111 21333 3691 7111 21334 2695 7111 21335 3310 7112 21336 3683 7112 21337 3311 7112 21338 3670 7113 21339 3682 7113 21340 2694 7113 21341 3682 7114 21342 2695 7114 21343 2694 7114 21344 3356 7115 21345 2694 7115 21346 2696 7115 21347 3343 7116 21348 3339 7116 21349 3345 7116 21350 2643 7117 21351 3692 7117 21352 3341 7117 21353 2644 7118 21354 3693 7118 21355 3692 7118 21356 2644 7119 21357 3692 7119 21358 2643 7119 21359 3693 7120 21360 3694 7120 21361 3692 7120 21362 3692 7121 21363 3694 7121 21364 3341 7121 21365 3693 7122 21366 3695 7122 21367 3694 7122 21368 3694 7123 21369 3696 7123 21370 3341 7123 21371 3695 7124 21372 2908 7124 21373 3694 7124 21374 3694 7125 21375 2908 7125 21376 3696 7125 21377 2908 7126 21378 2909 7126 21379 3696 7126 21380 3696 7127 21381 2909 7127 21382 3340 7127 21383 3340 7128 21384 2911 7128 21385 3338 7128 21386 3338 7129 21387 2911 7129 21388 3331 7129 21389 3338 7130 21390 3331 7130 21391 3337 7130 21392 3695 7131 21393 2906 7131 21394 2908 7131 21395 3697 7132 21396 3698 7132 21397 3695 7132 21398 3698 7133 21399 2906 7133 21400 3695 7133 21401 2683 7134 21402 2903 7134 21403 3698 7134 21404 2683 7135 21405 3698 7135 21406 3697 7135 21407 3703 7136 21408 2683 7136 21409 3699 7136 21410 3699 7137 21411 2683 7137 21412 3697 7137 21413 2683 7138 21414 3703 7138 21415 2684 7138 21416 3703 7139 21417 3700 7139 21418 2680 7139 21419 2680 7140 21420 3700 7140 21421 3701 7140 21422 3702 7141 21423 3701 7141 21424 2653 7141 21425 3700 7142 21426 2653 7142 21427 3701 7142 21428 2654 7143 21429 3702 7143 21430 2653 7143 21431 3812 7144 21432 3702 7144 21433 2654 7144 21434 3812 7145 21435 2676 7145 21436 3702 7145 21437 3703 7146 21438 2647 7146 21439 3700 7146 21440 3700 7147 21441 2648 7147 21442 2653 7147 21443 2647 7148 21444 2648 7148 21445 3700 7148 21446 2647 7149 21447 3703 7149 21448 3699 7149 21449 2684 7150 21450 3703 7150 21451 2680 7150 21452 3699 7151 21453 3697 7151 21454 2646 7151 21455 2647 7152 21456 3699 7152 21457 2646 7152 21458 2646 7153 21459 3697 7153 21460 3693 7153 21461 3697 7154 21462 3695 7154 21463 3693 7154 21464 2646 7155 21465 3693 7155 21466 2644 7155 21467 3337 7156 21468 3331 7156 21469 3334 7156 21470 3333 7157 21471 3704 7157 21472 3335 7157 21473 3335 7158 21474 3704 7158 21475 3315 7158 21476 2911 7159 21477 3330 7159 21478 3331 7159 21479 2911 7160 21480 2914 7160 21481 3330 7160 21482 2914 7161 21483 2916 7161 21484 3330 7161 21485 3330 7162 21486 2916 7162 21487 2918 7162 21488 3330 7163 21489 2918 7163 21490 3328 7163 21491 3328 7164 21492 2918 7164 21493 3326 7164 21494 2918 7165 21495 2920 7165 21496 3326 7165 21497 2910 7166 21498 2914 7166 21499 2911 7166 21500 3704 7167 21501 3324 7167 21502 3323 7167 21503 3704 7168 21504 3323 7168 21505 3315 7168 21506 3315 7169 21507 3323 7169 21508 3319 7169 21509 3323 7170 21510 3322 7170 21511 3319 7170 21512 3317 7171 21513 3321 7171 21514 3241 7171 21515 3241 7172 21516 3321 7172 21517 3320 7172 21518 3317 7173 21519 3241 7173 21520 3316 7173 21521 3316 7174 21522 3242 7174 21523 3244 7174 21524 3309 7175 21525 3318 7175 21526 3255 7175 21527 3705 7176 21528 3318 7176 21529 3309 7176 21530 3705 7177 21531 3316 7177 21532 3318 7177 21533 3309 7178 21534 3255 7178 21535 3308 7178 21536 3260 7179 21537 3263 7179 21538 3300 7179 21539 3301 7180 21540 3299 7180 21541 2697 7180 21542 2701 7181 21543 2699 7181 21544 3299 7181 21545 2697 7182 21546 3299 7182 21547 2699 7182 21548 3262 7183 21549 2705 7183 21550 2701 7183 21551 3255 7184 21552 3244 7184 21553 3246 7184 21554 3239 7185 21555 2743 7185 21556 3240 7185 21557 3239 7186 21558 2931 7186 21559 2743 7186 21560 2743 7187 21561 2931 7187 21562 2745 7187 21563 2686 7188 21564 2685 7188 21565 2900 7188 21566 2687 7189 21567 2900 7189 21568 2685 7189 21569 2689 7190 21570 2895 7190 21571 2898 7190 21572 2898 7191 21573 2688 7191 21574 2689 7191 21575 2691 7192 21576 2895 7192 21577 2689 7192 21578 2691 7193 21579 3706 7193 21580 2895 7193 21581 3706 7194 21582 2889 7194 21583 2895 7194 21584 2887 7195 21585 2889 7195 21586 3706 7195 21587 2707 7196 21588 3706 7196 21589 2691 7196 21590 3706 7197 21591 2708 7197 21592 2887 7197 21593 2708 7198 21594 3706 7198 21595 2707 7198 21596 2709 7199 21597 2887 7199 21598 2708 7199 21599 2892 7200 21600 2884 7200 21601 2883 7200 21602 2880 7201 21603 2713 7201 21604 2879 7201 21605 3708 7202 21606 2878 7202 21607 2879 7202 21608 3708 7203 21609 3707 7203 21610 2878 7203 21611 3707 7204 21612 3708 7204 21613 3709 7204 21614 3710 7205 21615 3709 7205 21616 3708 7205 21617 3711 7206 21618 3710 7206 21619 2719 7206 21620 2719 7207 21621 3710 7207 21622 3708 7207 21623 3711 7208 21624 3709 7208 21625 3710 7208 21626 2719 7209 21627 2721 7209 21628 3711 7209 21629 2722 7210 21630 3712 7210 21631 3711 7210 21632 2723 7211 21633 2722 7211 21634 3711 7211 21635 3714 7212 21636 3712 7212 21637 2722 7212 21638 3714 7213 21639 3713 7213 21640 3712 7213 21641 2722 7214 21642 3762 7214 21643 3714 7214 21644 3715 7215 21645 3714 7215 21646 3762 7215 21647 3715 7216 21648 3713 7216 21649 3714 7216 21650 3764 7217 21651 3713 7217 21652 3715 7217 21653 3716 7218 21654 3764 7218 21655 3715 7218 21656 3716 7219 21657 3717 7219 21658 3764 7219 21659 3717 7220 21660 3716 7220 21661 3758 7220 21662 3718 7221 21663 3717 7221 21664 3758 7221 21665 3718 7222 21666 3758 7222 21667 3719 7222 21668 3720 7223 21669 3718 7223 21670 3719 7223 21671 3720 7224 21672 3717 7224 21673 3718 7224 21674 2874 7225 21675 3717 7225 21676 3720 7225 21677 2874 7226 21678 3720 7226 21679 2866 7226 21680 2866 7227 21681 3720 7227 21682 3719 7227 21683 3719 7228 21684 3758 7228 21685 3757 7228 21686 3719 7229 21687 3757 7229 21688 3721 7229 21689 3722 7230 21690 3719 7230 21691 3721 7230 21692 3719 7231 21693 3722 7231 21694 2863 7231 21695 2863 7232 21696 3722 7232 21697 2861 7232 21698 3722 7233 21699 3721 7233 21700 2861 7233 21701 2861 7234 21702 3724 7234 21703 3723 7234 21704 3721 7235 21705 3724 7235 21706 2861 7235 21707 3724 7236 21708 3725 7236 21709 3723 7236 21710 3724 7237 21711 3726 7237 21712 3725 7237 21713 3757 7238 21714 3726 7238 21715 3724 7238 21716 3721 7239 21717 3757 7239 21718 3724 7239 21719 3726 7240 21720 3727 7240 21721 3725 7240 21722 3725 7241 21723 3727 7241 21724 3728 7241 21725 3727 7242 21726 3729 7242 21727 3728 7242 21728 3728 7243 21729 3729 7243 21730 3730 7243 21731 3730 7244 21732 3732 7244 21733 3731 7244 21734 3730 7245 21735 3733 7245 21736 3732 7245 21737 3729 7246 21738 3733 7246 21739 3730 7246 21740 3737 7247 21741 3732 7247 21742 3733 7247 21743 3734 7248 21744 3733 7248 21745 3729 7248 21746 3761 7249 21747 3735 7249 21748 3734 7249 21749 3734 7250 21750 3737 7250 21751 3733 7250 21752 3735 7251 21753 3736 7251 21754 3734 7251 21755 3734 7252 21756 3736 7252 21757 3737 7252 21758 3736 7253 21759 3735 7253 21760 3750 7253 21761 3736 7254 21762 3750 7254 21763 2821 7254 21764 3738 7255 21765 3737 7255 21766 3736 7255 21767 3736 7256 21768 2821 7256 21769 3738 7256 21770 3739 7257 21771 3738 7257 21772 2826 7257 21773 2821 7258 21774 2826 7258 21775 3738 7258 21776 2826 7259 21777 3740 7259 21778 3739 7259 21779 3741 7260 21780 2836 7260 21781 2837 7260 21782 2822 7261 21783 2836 7261 21784 3741 7261 21785 3741 7262 21786 2837 7262 21787 3742 7262 21788 3741 7263 21789 3742 7263 21790 3743 7263 21791 2849 7264 21792 3746 7264 21793 3743 7264 21794 3746 7265 21795 3741 7265 21796 3743 7265 21797 3744 7266 21798 2849 7266 21799 3743 7266 21800 3744 7267 21801 3743 7267 21802 3742 7267 21803 3746 7268 21804 3745 7268 21805 3741 7268 21806 3745 7269 21807 2822 7269 21808 3741 7269 21809 3745 7270 21810 3747 7270 21811 2822 7270 21812 3747 7271 21813 3739 7271 21814 3740 7271 21815 3747 7272 21816 3740 7272 21817 2822 7272 21818 3731 7273 21819 3732 7273 21820 3747 7273 21821 3731 7274 21822 3747 7274 21823 3745 7274 21824 3732 7275 21825 3739 7275 21826 3747 7275 21827 3737 7276 21828 3739 7276 21829 3732 7276 21830 3737 7277 21831 3738 7277 21832 3739 7277 21833 3748 7278 21834 3745 7278 21835 3746 7278 21836 3748 7279 21837 3731 7279 21838 3745 7279 21839 2853 7280 21840 3748 7280 21841 3746 7280 21842 3730 7281 21843 3731 7281 21844 3748 7281 21845 3749 7282 21846 3748 7282 21847 2853 7282 21848 3749 7283 21849 3728 7283 21850 3748 7283 21851 3728 7284 21852 3730 7284 21853 3748 7284 21854 3723 7285 21855 3725 7285 21856 3749 7285 21857 3725 7286 21858 3728 7286 21859 3749 7286 21860 2853 7287 21861 3746 7287 21862 2849 7287 21863 3744 7288 21864 3742 7288 21865 2842 7288 21866 2842 7289 21867 3742 7289 21868 2837 7289 21869 3750 7290 21870 3761 7290 21871 3751 7290 21872 3750 7291 21873 3751 7291 21874 2722 7291 21875 3761 7292 21876 3752 7292 21877 3751 7292 21878 3751 7293 21879 3752 7293 21880 3756 7293 21881 3753 7294 21882 3751 7294 21883 3755 7294 21884 3751 7295 21885 3753 7295 21886 3754 7295 21887 3751 7296 21888 3754 7296 21889 2722 7296 21890 3751 7297 21891 3756 7297 21892 3755 7297 21893 3755 7298 21894 3756 7298 21895 3757 7298 21896 3757 7299 21897 3758 7299 21898 3755 7299 21899 3757 7300 21900 3756 7300 21901 3759 7300 21902 3726 7301 21903 3757 7301 21904 3759 7301 21905 3727 7302 21906 3726 7302 21907 3759 7302 21908 3761 7303 21909 3760 7303 21910 3759 7303 21911 3727 7304 21912 3759 7304 21913 3760 7304 21914 3752 7305 21915 3761 7305 21916 3759 7305 21917 3729 7306 21918 3727 7306 21919 3760 7306 21920 3760 7307 21921 3734 7307 21922 3729 7307 21923 3761 7308 21924 3734 7308 21925 3760 7308 21926 3752 7309 21927 3759 7309 21928 3756 7309 21929 3754 7310 21930 3753 7310 21931 3755 7310 21932 3716 7311 21933 3755 7311 21934 3758 7311 21935 3755 7312 21936 3716 7312 21937 3754 7312 21938 3754 7313 21939 3716 7313 21940 3715 7313 21941 3754 7314 21942 3762 7314 21943 2722 7314 21944 3762 7315 21945 3754 7315 21946 3715 7315 21947 3750 7316 21948 3735 7316 21949 3761 7316 21950 2861 7317 21951 3723 7317 21952 3749 7317 21953 2866 7318 21954 3719 7318 21955 2863 7318 21956 3764 7319 21957 3717 7319 21958 3763 7319 21959 2874 7320 21960 3763 7320 21961 3717 7320 21962 3763 7321 21963 3707 7321 21964 3713 7321 21965 3713 7322 21966 3764 7322 21967 3763 7322 21968 2872 7323 21969 3707 7323 21970 3763 7323 21971 2872 7324 21972 3763 7324 21973 2874 7324 21974 2873 7325 21975 2878 7325 21976 3707 7325 21977 2873 7326 21978 3707 7326 21979 2872 7326 21980 3713 7327 21981 3707 7327 21982 3709 7327 21983 3709 7328 21984 3712 7328 21985 3713 7328 21986 3711 7329 21987 3712 7329 21988 3709 7329 21989 2879 7330 21990 2720 7330 21991 3708 7330 21992 2719 7331 21993 3708 7331 21994 2720 7331 21995 2852 7332 21996 3749 7332 21997 2853 7332 21998 2846 7333 21999 3744 7333 22000 2842 7333 22001 2822 7334 22002 2823 7334 22003 2836 7334 22004 2823 7335 22005 2824 7335 22006 2836 7335 22007 2831 7336 22008 2828 7336 22009 2820 7336 22010 2828 7337 22011 2827 7337 22012 2820 7337 22013 2827 7338 22014 2819 7338 22015 2820 7338 22016 2819 7339 22017 2827 7339 22018 2825 7339 22019 2806 7340 22020 2809 7340 22021 2810 7340 22022 2806 7341 22023 2810 7341 22024 2801 7341 22025 2802 7342 22026 2806 7342 22027 2801 7342 22028 2789 7343 22029 2784 7343 22030 2804 7343 22031 2793 7344 22032 2790 7344 22033 2798 7344 22034 2793 7345 22035 2798 7345 22036 2794 7345 22037 2797 7346 22038 3765 7346 22039 2795 7346 22040 3766 7347 22041 3768 7347 22042 3767 7347 22043 2796 7348 22044 3766 7348 22045 3767 7348 22046 3766 7349 22047 2796 7349 22048 3765 7349 22049 3766 7350 22050 3769 7350 22051 3768 7350 22052 3769 7351 22053 3770 7351 22054 3768 7351 22055 3768 7352 22056 3771 7352 22057 3767 7352 22058 3768 7353 22059 3770 7353 22060 3771 7353 22061 3770 7354 22062 3772 7354 22063 3771 7354 22064 3771 7355 22065 3772 7355 22066 3773 7355 22067 3767 7356 22068 3771 7356 22069 3773 7356 22070 3773 7357 22071 3772 7357 22072 3774 7357 22073 3772 7358 22074 3775 7358 22075 3774 7358 22076 3775 7359 22077 3776 7359 22078 3774 7359 22079 3775 7360 22080 3784 7360 22081 3776 7360 22082 2775 7361 22083 3776 7361 22084 3784 7361 22085 3777 7362 22086 3776 7362 22087 2775 7362 22088 3774 7363 22089 3776 7363 22090 3777 7363 22091 3774 7364 22092 3777 7364 22093 3778 7364 22094 3778 7365 22095 3777 7365 22096 2777 7365 22097 3778 7366 22098 2777 7366 22099 2779 7366 22100 3779 7367 22101 3774 7367 22102 3778 7367 22103 3779 7368 22104 3778 7368 22105 3780 7368 22106 3781 7369 22107 3779 7369 22108 3780 7369 22109 3781 7370 22110 3780 7370 22111 2787 7370 22112 2787 7371 22113 3780 7371 22114 2783 7371 22115 3780 7372 22116 3778 7372 22117 2783 7372 22118 2792 7373 22119 3782 7373 22120 3781 7373 22121 3782 7374 22122 3779 7374 22123 3781 7374 22124 2792 7375 22125 3781 7375 22126 2791 7375 22127 2791 7376 22128 3781 7376 22129 2787 7376 22130 2796 7377 22131 3767 7377 22132 3782 7377 22133 3767 7378 22134 3773 7378 22135 3782 7378 22136 3782 7379 22137 2792 7379 22138 2796 7379 22139 3782 7380 22140 3773 7380 22141 3779 7380 22142 3773 7381 22143 3774 7381 22144 3779 7381 22145 3783 7382 22146 2775 7382 22147 3784 7382 22148 3785 7383 22149 3786 7383 22150 3784 7383 22151 3785 7384 22152 3784 7384 22153 3775 7384 22154 3783 7385 22155 3784 7385 22156 3786 7385 22157 3787 7386 22158 3786 7386 22159 3785 7386 22160 3787 7387 22161 3788 7387 22162 3786 7387 22163 2762 7388 22164 3783 7388 22165 3786 7388 22166 3786 7389 22167 3788 7389 22168 2762 7389 22169 3789 7390 22170 3790 7390 22171 3788 7390 22172 3789 7391 22173 3788 7391 22174 3787 7391 22175 2762 7392 22176 3788 7392 22177 3790 7392 22178 2748 7393 22179 2762 7393 22180 3790 7393 22181 3790 7394 22182 3791 7394 22183 2748 7394 22184 3791 7395 22185 3790 7395 22186 3789 7395 22187 3792 7396 22188 3791 7396 22189 3789 7396 22190 3792 7397 22191 3793 7397 22192 3791 7397 22193 3794 7398 22194 3793 7398 22195 3792 7398 22196 3793 7399 22197 2742 7399 22198 3791 7399 22199 3793 7400 22200 3794 7400 22201 2738 7400 22202 3794 7401 22203 3795 7401 22204 2735 7401 22205 3795 7402 22206 3794 7402 22207 3792 7402 22208 3794 7403 22209 2735 7403 22210 2738 7403 22211 3795 7404 22212 3796 7404 22213 2735 7404 22214 3796 7405 22215 3795 7405 22216 3797 7405 22217 3795 7406 22218 3792 7406 22219 3797 7406 22220 2730 7407 22221 2732 7407 22222 3798 7407 22223 3806 7408 22224 3796 7408 22225 3799 7408 22226 3796 7409 22227 3806 7409 22228 3798 7409 22229 3797 7410 22230 3799 7410 22231 3796 7410 22232 3799 7411 22233 3797 7411 22234 3801 7411 22235 3806 7412 22236 3799 7412 22237 3800 7412 22238 3799 7413 22239 3801 7413 22240 3800 7413 22241 3797 7414 22242 3802 7414 22243 3801 7414 22244 3801 7415 22245 3802 7415 22246 3804 7415 22247 3800 7416 22248 3801 7416 22249 3803 7416 22250 3801 7417 22251 3804 7417 22252 3803 7417 22253 3803 7418 22254 3804 7418 22255 3805 7418 22256 3804 7419 22257 3785 7419 22258 3805 7419 22259 3804 7420 22260 3787 7420 22261 3785 7420 22262 3802 7421 22263 3787 7421 22264 3804 7421 22265 3803 7422 22266 3805 7422 22267 3770 7422 22268 3770 7423 22269 3805 7423 22270 3772 7423 22271 3805 7424 22272 3785 7424 22273 3775 7424 22274 3805 7425 22275 3775 7425 22276 3772 7425 22277 3769 7426 22278 3803 7426 22279 3770 7426 22280 3800 7427 22281 3803 7427 22282 3769 7427 22283 3797 7428 22284 3792 7428 22285 3802 7428 22286 3792 7429 22287 3789 7429 22288 3802 7429 22289 3802 7430 22290 3789 7430 22291 3787 7430 22292 3807 7431 22293 3806 7431 22294 3800 7431 22295 3807 7432 22296 3800 7432 22297 3769 7432 22298 3769 7433 22299 3810 7433 22300 3807 7433 22301 2730 7434 22302 3798 7434 22303 3807 7434 22304 2730 7435 22305 3807 7435 22306 3808 7435 22307 3809 7436 22308 3808 7436 22309 3807 7436 22310 3809 7437 22311 3807 7437 22312 3810 7437 22313 3807 7438 22314 3798 7438 22315 3806 7438 22316 3766 7439 22317 3765 7439 22318 3810 7439 22319 3809 7440 22320 3810 7440 22321 3765 7440 22322 3765 7441 22323 2797 7441 22324 3809 7441 22325 2730 7442 22326 3809 7442 22327 2797 7442 22328 2730 7443 22329 3808 7443 22330 3809 7443 22331 3766 7444 22332 3810 7444 22333 3769 7444 22334 2735 7445 22335 3796 7445 22336 3798 7445 22337 2742 7446 22338 3793 7446 22339 2738 7446 22340 2748 7447 22341 3791 7447 22342 2742 7447 22343 2748 7448 22344 2742 7448 22345 2744 7448 22346 3783 7449 22347 2761 7449 22348 2772 7449 22349 2762 7450 22350 2761 7450 22351 3783 7450 22352 3783 7451 22353 2772 7451 22354 2775 7451 22355 2796 7452 22356 2795 7452 22357 3765 7452 22358 2791 7453 22359 2787 7453 22360 2786 7453 22361 2769 7454 22362 3116 7454 22363 2774 7454 22364 2772 7455 22365 2761 7455 22366 2764 7455 22367 2724 7456 22368 3811 7456 22369 2728 7456 22370 2718 7457 22371 3298 7457 22372 2728 7457 22373 3811 7458 22374 2718 7458 22375 2728 7458 22376 2718 7459 22377 3268 7459 22378 3298 7459 22379 2709 7460 22380 2703 7460 22381 2704 7460 22382 2700 7461 22383 2707 7461 22384 2692 7461 22385 2692 7462 22386 2707 7462 22387 2691 7462 22388 2693 7463 22389 2700 7463 22390 2692 7463 22391 2678 7464 22392 2682 7464 22393 2679 7464 22394 2675 7465 22395 3812 7465 22396 2657 7465 22397 2657 7466 22398 3812 7466 22399 2652 7466 22400 3812 7467 22401 2654 7467 22402 2652 7467 22403 2657 7468 22404 2652 7468 22405 2655 7468 22406 2670 7469 22407 2674 7469 22408 2673 7469 22409 2623 7470 22410 2664 7470 22411 2659 7470 22412 2620 7471 22413 2664 7471 22414 2623 7471 22415 2663 7472 22416 2620 7472 22417 2616 7472 22418 2628 7473 22419 2649 7473 22420 2629 7473 22421 2634 7474 22422 2643 7474 22423 2633 7474 22424 2630 7475 22425 2631 7475 22426 3527 7475 22427 2656 7476 22428 2627 7476 22429 2624 7476 22430 2625 7477 22431 2626 7477 22432 2611 7477 22433 2619 7478 22434 2625 7478 22435 2611 7478 22436 2613 7479 22437 2619 7479 22438 2611 7479 22439 2608 7480 22440 2602 7480 22441 2604 7480 22442 2593 7481 22443 2591 7481 22444 2592 7481 22445 2599 7482 22446 2561 7482 22447 2600 7482 22448 2588 7483 22449 2589 7483 22450 3454 7483 22451 2561 7484 22452 2559 7484 22453 2600 7484 22454 1862 7485 22455 1865 7485 22456 1861 7485 22457 1864 7486 22458 1865 7486 22459 1855 7486 22460</p>
                </triangles>
            </mesh>
        </geometry>
    </library_geometries>
    <library_visual_scenes>
        <visual_scene id="VisualSceneNode" name="VisualScene">
            <node id="node" name="node">
                <instance_geometry url="#shape0-lib"/>
            </node>
        </visual_scene>
    </library_visual_scenes>
    <scene>
        <instance_visual_scene url="#VisualSceneNode"/>
    </scene>
</COLLADA>
