# WaveFront *.obj file (generated by Autodesk ATF)


g 본체212

v -0.063499 0.072408 -0.034871
v -0.061808 0.072211 -0.038485
v -0.060584 0.072068 -0.042243
v -0.059844 0.071982 -0.046097
v -0.059596 0.071953 -0.050000
v -0.055000 0.060000 -0.050000
v -0.059250 0.066204 -0.042436
v -0.061374 0.069306 -0.038653
v -0.059961 0.068254 -0.041670
v -0.057332 0.064205 -0.046668
v -0.059500 0.071588 -0.048546
v -0.059495 0.071233 -0.047096
v -0.059582 0.070889 -0.045655
v -0.059758 0.070556 -0.044228
v -0.060388 0.069910 -0.041386
v -0.060837 0.069603 -0.040004
v -0.057568 0.065311 -0.047129
v -0.058130 0.067534 -0.048076
v -0.058451 0.068634 -0.048552
v -0.058802 0.069737 -0.049032
v -0.059184 0.070843 -0.049515
v -0.059683 0.068761 -0.042822
v -0.059351 0.069801 -0.045190
v -0.059299 0.070325 -0.046379
v -0.059322 0.070859 -0.047580
v -0.059421 0.071401 -0.048788
v -0.059342 0.071215 -0.049030
v -0.059149 0.070485 -0.048064
v -0.059017 0.069762 -0.047103
v -0.058944 0.069045 -0.046152
v -0.058978 0.067611 -0.044257
v -0.059085 0.066904 -0.043336
v -0.059460 0.071495 -0.048667
v -0.059409 0.071046 -0.047338
v -0.059441 0.070607 -0.046017
v -0.059555 0.070178 -0.044709
v -0.060036 0.069335 -0.042104
v -0.060399 0.068928 -0.040837
v -0.059263 0.071029 -0.049273
v -0.058976 0.070111 -0.048548
v -0.058734 0.069198 -0.047828
v -0.058537 0.068290 -0.047114
v -0.058273 0.066461 -0.045693
v -0.058208 0.065554 -0.045002
v -0.099326 0.076588 -0.015000
v -0.093763 0.075939 -0.015345
v -0.088310 0.075303 -0.016372
v -0.083074 0.074692 -0.018062
v -0.078158 0.074118 -0.020382
v -0.073659 0.073594 -0.023284
v -0.069666 0.073128 -0.026713
v -0.066257 0.072730 -0.030601
v -0.055000 0.060000 -0.044982
v -0.055000 0.060000 -0.041234
v -0.055000 0.060000 -0.037486
v -0.055000 0.060000 -0.033739
v -0.055000 0.060000 -0.029991
v -0.055000 0.060000 -0.022495
v -0.055000 0.060000 -0.015000
v -0.060541 0.062074 -0.015000
v -0.066082 0.064147 -0.015000
v -0.071622 0.066221 -0.015000
v -0.077163 0.068294 -0.015000
v -0.079934 0.069331 -0.015000
v -0.082704 0.070368 -0.015000
v -0.085474 0.071404 -0.015000
v -0.088245 0.072441 -0.015000
v -0.091015 0.073478 -0.015000
v -0.093786 0.074515 -0.015000
v -0.096556 0.075551 -0.015000
v -0.064021 0.071042 -0.033804
v -0.061444 0.067887 -0.037578
v -0.057577 0.063155 -0.043238
v -0.064665 0.071831 -0.032861
v -0.066656 0.072063 -0.030060
v -0.069440 0.072388 -0.026905
v -0.070973 0.072567 -0.025440
v -0.072593 0.072756 -0.024056
v -0.074293 0.072954 -0.022756
v -0.076069 0.073161 -0.021546
v -0.077914 0.073376 -0.020428
v -0.079822 0.073599 -0.019405
v -0.083803 0.074063 -0.017664
v -0.087957 0.074548 -0.016342
v -0.092227 0.075046 -0.015451
v -0.062088 0.068676 -0.036634
v -0.063548 0.068846 -0.033784
v -0.065589 0.069084 -0.030502
v -0.066713 0.069216 -0.028944
v -0.067901 0.069354 -0.027445
v -0.069148 0.069500 -0.026009
v -0.070451 0.069652 -0.024637
v -0.071804 0.069809 -0.023334
v -0.073203 0.069973 -0.022100
v -0.076122 0.070313 -0.019856
v -0.079169 0.070669 -0.017919
v -0.082300 0.071034 -0.016298
v -0.084782 0.072037 -0.016086
v -0.081366 0.071638 -0.017525
v -0.078042 0.071251 -0.019308
v -0.074858 0.070879 -0.021427
v -0.073331 0.070701 -0.022607
v -0.071855 0.070529 -0.023865
v -0.070435 0.070363 -0.025196
v -0.069074 0.070204 -0.026598
v -0.067778 0.070053 -0.028068
v -0.066552 0.069910 -0.029603
v -0.064325 0.069650 -0.032853
v -0.062732 0.069465 -0.035691
v -0.058866 0.064732 -0.041351
v -0.059662 0.064825 -0.038438
v -0.060776 0.064955 -0.034999
v -0.061389 0.065027 -0.033325
v -0.062037 0.065102 -0.031683
v -0.062717 0.065182 -0.030075
v -0.063428 0.065264 -0.028502
v -0.064166 0.065351 -0.026966
v -0.064929 0.065440 -0.025469
v -0.066521 0.065625 -0.022596
v -0.068183 0.065819 -0.019890
v -0.069891 0.066019 -0.017357
v -0.074855 0.068025 -0.016933
v -0.072577 0.067759 -0.019102
v -0.070362 0.067501 -0.021500
v -0.068238 0.067253 -0.024122
v -0.067221 0.067134 -0.025513
v -0.066237 0.067019 -0.026956
v -0.065290 0.066909 -0.028448
v -0.064383 0.066803 -0.029988
v -0.063519 0.066702 -0.031572
v -0.062701 0.066607 -0.033200
v -0.061216 0.066434 -0.036576
v -0.060155 0.066310 -0.039464
v -0.064927 0.064012 -0.017781
v -0.063789 0.063879 -0.020679
v -0.062681 0.063750 -0.023692
v -0.061619 0.063626 -0.026817
v -0.061110 0.063567 -0.028419
v -0.060618 0.063510 -0.030048
v -0.060145 0.063454 -0.031701
v -0.059691 0.063401 -0.033378
v -0.059259 0.063351 -0.035077
v -0.058851 0.063303 -0.036798
v -0.058108 0.063217 -0.040300
v -0.067409 0.065015 -0.017569
v -0.065986 0.064849 -0.020285
v -0.064601 0.064688 -0.023144
v -0.063274 0.064533 -0.026143
v -0.062638 0.064459 -0.027693
v -0.062023 0.064387 -0.029275
v -0.061431 0.064318 -0.030888
v -0.060864 0.064252 -0.032530
v -0.060324 0.064189 -0.034201
v -0.059813 0.064129 -0.035898
v -0.058885 0.064021 -0.039369
v -0.058222 0.063944 -0.042295
v -0.079818 0.070031 -0.016510
v -0.076971 0.069699 -0.018313
v -0.074202 0.069376 -0.020404
v -0.071548 0.069066 -0.022774
v -0.070276 0.068918 -0.024060
v -0.069046 0.068774 -0.025410
v -0.067862 0.068636 -0.026822
v -0.066728 0.068504 -0.028293
v -0.065648 0.068378 -0.029820
v -0.064626 0.068258 -0.031402
v -0.062771 0.068042 -0.034715
v -0.087264 0.073040 -0.015874
v -0.083563 0.072608 -0.017131
v -0.079962 0.072188 -0.018760
v -0.076512 0.071786 -0.020753
v -0.074859 0.071593 -0.021881
v -0.073260 0.071406 -0.023092
v -0.071721 0.071227 -0.024383
v -0.070247 0.071055 -0.025751
v -0.068843 0.070891 -0.027192
v -0.067514 0.070736 -0.028703
v -0.065102 0.070455 -0.031922
v -0.063377 0.070253 -0.034747
v -0.089745 0.074043 -0.015663
v -0.085760 0.073578 -0.016737
v -0.081883 0.073126 -0.018212
v -0.078167 0.072692 -0.020079
v -0.076386 0.072485 -0.021154
v -0.074665 0.072284 -0.022319
v -0.073007 0.072090 -0.023570
v -0.071420 0.071905 -0.024903
v -0.069908 0.071729 -0.026316
v -0.068477 0.071562 -0.027804
v -0.065879 0.071259 -0.030991
v -0.497000 -0.035000 -0.015000
v -0.417000 -0.035000 -0.015000
v -0.417000 0.035000 -0.015000
v -0.497000 0.035000 -0.015000
v 0.000000 0.000000 -0.015000
v -0.055000 -0.060000 -0.015000
v -0.060541 -0.062074 -0.015000
v -0.066082 -0.064147 -0.015000
v -0.071622 -0.066221 -0.015000
v -0.077163 -0.068294 -0.015000
v -0.079934 -0.069331 -0.015000
v -0.082704 -0.070368 -0.015000
v -0.085474 -0.071404 -0.015000
v -0.088245 -0.072441 -0.015000
v -0.091015 -0.073478 -0.015000
v -0.093786 -0.074515 -0.015000
v -0.096556 -0.075551 -0.015000
v -0.099326 -0.076588 -0.015000
v -0.300000 -0.100000 -0.015000
v -0.440000 -0.100000 -0.015000
v -0.440000 -0.065000 -0.015000
v -0.550000 -0.065000 -0.015000
v -0.550000 0.065000 -0.015000
v -0.440000 0.065000 -0.015000
v -0.440000 0.100000 -0.015000
v -0.300000 0.100000 -0.015000
v -0.059596 -0.071953 -0.050000
v -0.059844 -0.071982 -0.046097
v -0.060584 -0.072068 -0.042243
v -0.061808 -0.072211 -0.038485
v -0.063499 -0.072408 -0.034871
v -0.061374 -0.069306 -0.038653
v -0.059250 -0.066204 -0.042436
v -0.055000 -0.060000 -0.050000
v -0.060399 -0.068928 -0.040837
v -0.057332 -0.064205 -0.046668
v -0.060837 -0.069603 -0.040004
v -0.060388 -0.069910 -0.041386
v -0.059758 -0.070556 -0.044228
v -0.059582 -0.070889 -0.045655
v -0.059495 -0.071233 -0.047096
v -0.059500 -0.071588 -0.048546
v -0.060036 -0.069335 -0.042104
v -0.059555 -0.070178 -0.044709
v -0.059441 -0.070607 -0.046017
v -0.059409 -0.071046 -0.047338
v -0.059460 -0.071495 -0.048667
v -0.058208 -0.065554 -0.045002
v -0.058273 -0.066461 -0.045693
v -0.058537 -0.068290 -0.047114
v -0.058734 -0.069198 -0.047828
v -0.058976 -0.070111 -0.048548
v -0.059263 -0.071029 -0.049273
v -0.059342 -0.071215 -0.049030
v -0.059149 -0.070485 -0.048064
v -0.059017 -0.069762 -0.047103
v -0.058944 -0.069045 -0.046152
v -0.058978 -0.067611 -0.044257
v -0.059085 -0.066904 -0.043336
v -0.059184 -0.070843 -0.049515
v -0.058802 -0.069737 -0.049032
v -0.058451 -0.068634 -0.048552
v -0.058130 -0.067534 -0.048076
v -0.057568 -0.065311 -0.047129
v -0.059961 -0.068254 -0.041670
v -0.059683 -0.068761 -0.042822
v -0.059351 -0.069801 -0.045190
v -0.059299 -0.070325 -0.046379
v -0.059322 -0.070859 -0.047580
v -0.059421 -0.071401 -0.048788
v -0.066257 -0.072730 -0.030601
v -0.069666 -0.073128 -0.026713
v -0.073659 -0.073594 -0.023284
v -0.078158 -0.074118 -0.020382
v -0.083074 -0.074692 -0.018062
v -0.088310 -0.075303 -0.016372
v -0.093763 -0.075939 -0.015345
v -0.055000 -0.060000 -0.022495
v -0.055000 -0.060000 -0.029991
v -0.055000 -0.060000 -0.033739
v -0.055000 -0.060000 -0.037486
v -0.055000 -0.060000 -0.041234
v -0.055000 -0.060000 -0.044982
v -0.064021 -0.071042 -0.033804
v -0.061444 -0.067887 -0.037578
v -0.058222 -0.063944 -0.042295
v -0.092227 -0.075046 -0.015451
v -0.087957 -0.074548 -0.016342
v -0.083803 -0.074063 -0.017664
v -0.079822 -0.073599 -0.019405
v -0.077914 -0.073376 -0.020428
v -0.076069 -0.073161 -0.021546
v -0.074293 -0.072954 -0.022756
v -0.072593 -0.072756 -0.024056
v -0.070973 -0.072567 -0.025440
v -0.069440 -0.072388 -0.026905
v -0.066656 -0.072063 -0.030060
v -0.064665 -0.071831 -0.032861
v -0.089745 -0.074043 -0.015663
v -0.085760 -0.073578 -0.016737
v -0.081883 -0.073126 -0.018212
v -0.078167 -0.072692 -0.020079
v -0.076386 -0.072485 -0.021154
v -0.074665 -0.072284 -0.022319
v -0.073007 -0.072090 -0.023570
v -0.071420 -0.071905 -0.024903
v -0.069908 -0.071729 -0.026316
v -0.068477 -0.071562 -0.027804
v -0.065879 -0.071259 -0.030991
v -0.087264 -0.073040 -0.015874
v -0.083563 -0.072608 -0.017131
v -0.079962 -0.072188 -0.018760
v -0.076512 -0.071786 -0.020753
v -0.074859 -0.071593 -0.021881
v -0.073260 -0.071406 -0.023092
v -0.071721 -0.071227 -0.024383
v -0.070247 -0.071055 -0.025751
v -0.068843 -0.070891 -0.027192
v -0.067514 -0.070736 -0.028703
v -0.065102 -0.070455 -0.031922
v -0.063377 -0.070253 -0.034747
v -0.084782 -0.072037 -0.016086
v -0.081366 -0.071638 -0.017525
v -0.078042 -0.071251 -0.019308
v -0.074858 -0.070879 -0.021427
v -0.073331 -0.070701 -0.022607
v -0.071855 -0.070529 -0.023865
v -0.070435 -0.070363 -0.025196
v -0.069074 -0.070204 -0.026598
v -0.067778 -0.070053 -0.028068
v -0.066552 -0.069910 -0.029603
v -0.064325 -0.069650 -0.032853
v -0.062732 -0.069465 -0.035691
v -0.082300 -0.071034 -0.016298
v -0.079169 -0.070669 -0.017919
v -0.076122 -0.070313 -0.019856
v -0.073203 -0.069973 -0.022100
v -0.071804 -0.069809 -0.023334
v -0.070451 -0.069652 -0.024637
v -0.069148 -0.069500 -0.026009
v -0.067901 -0.069354 -0.027445
v -0.066713 -0.069216 -0.028944
v -0.065589 -0.069084 -0.030502
v -0.063548 -0.068846 -0.033784
v -0.062088 -0.068676 -0.036634
v -0.079818 -0.070031 -0.016510
v -0.076971 -0.069699 -0.018313
v -0.074202 -0.069376 -0.020404
v -0.071548 -0.069066 -0.022774
v -0.070276 -0.068918 -0.024060
v -0.069046 -0.068774 -0.025410
v -0.067862 -0.068636 -0.026822
v -0.066728 -0.068504 -0.028293
v -0.065648 -0.068378 -0.029820
v -0.064626 -0.068258 -0.031402
v -0.062771 -0.068042 -0.034715
v -0.074855 -0.068025 -0.016933
v -0.072577 -0.067759 -0.019102
v -0.070362 -0.067501 -0.021500
v -0.068238 -0.067253 -0.024122
v -0.067221 -0.067134 -0.025513
v -0.066237 -0.067019 -0.026956
v -0.065290 -0.066909 -0.028448
v -0.064383 -0.066803 -0.029988
v -0.063519 -0.066702 -0.031572
v -0.062701 -0.066607 -0.033200
v -0.061216 -0.066434 -0.036576
v -0.060155 -0.066310 -0.039464
v -0.069891 -0.066019 -0.017357
v -0.068183 -0.065819 -0.019890
v -0.066521 -0.065625 -0.022596
v -0.064929 -0.065440 -0.025469
v -0.064166 -0.065351 -0.026966
v -0.063428 -0.065264 -0.028502
v -0.062717 -0.065182 -0.030075
v -0.062037 -0.065102 -0.031683
v -0.061389 -0.065027 -0.033325
v -0.060776 -0.064955 -0.034999
v -0.059662 -0.064825 -0.038438
v -0.058866 -0.064732 -0.041351
v -0.067409 -0.065015 -0.017569
v -0.065986 -0.064849 -0.020285
v -0.064601 -0.064688 -0.023144
v -0.063274 -0.064533 -0.026143
v -0.062638 -0.064459 -0.027693
v -0.062023 -0.064387 -0.029275
v -0.061431 -0.064318 -0.030888
v -0.060864 -0.064252 -0.032530
v -0.060324 -0.064189 -0.034201
v -0.059813 -0.064129 -0.035898
v -0.058885 -0.064021 -0.039369
v -0.057577 -0.063155 -0.043238
v -0.058108 -0.063217 -0.040300
v -0.058851 -0.063303 -0.036798
v -0.059259 -0.063351 -0.035077
v -0.059691 -0.063401 -0.033378
v -0.060145 -0.063454 -0.031701
v -0.060618 -0.063510 -0.030048
v -0.061110 -0.063567 -0.028419
v -0.061619 -0.063626 -0.026817
v -0.062681 -0.063750 -0.023692
v -0.063789 -0.063879 -0.020679
v -0.064927 -0.064012 -0.017781
v 0.000000 0.000000 -0.021000
v -0.051563 0.056250 -0.048188
v -0.048125 0.052500 -0.046375
v -0.044688 0.048750 -0.044563
v -0.041250 0.045000 -0.042750
v -0.037812 0.041250 -0.040938
v -0.034375 0.037500 -0.039125
v -0.027500 0.030000 -0.035500
v -0.020625 0.022500 -0.031875
v -0.017188 0.018750 -0.030063
v -0.013750 0.015000 -0.028250
v -0.010313 0.011250 -0.026438
v -0.006875 0.007500 -0.024625
v -0.003438 0.003750 -0.022813
v 0.000000 0.025000 -0.050000
v 0.000000 0.023030 -0.046048
v 0.000000 0.021237 -0.042431
v 0.000000 0.019605 -0.039145
v 0.000000 0.018109 -0.036179
v 0.000000 0.016722 -0.033524
v 0.000000 0.015408 -0.031167
v 0.000000 0.014131 -0.029094
v 0.000000 0.012858 -0.027291
v 0.000000 0.011555 -0.025742
v 0.000000 0.010192 -0.024435
v 0.000000 0.008744 -0.023356
v 0.000000 0.007191 -0.022491
v 0.000000 0.005524 -0.021832
v 0.000000 0.003752 -0.021367
v -0.048125 0.055625 -0.050000
v -0.044687 0.053437 -0.050000
v -0.041250 0.051250 -0.050000
v -0.034375 0.046875 -0.050000
v -0.027500 0.042500 -0.050000
v -0.020625 0.038125 -0.050000
v -0.013750 0.033750 -0.050000
v -0.001617 0.004142 -0.022046
v -0.001515 0.006360 -0.022493
v -0.001413 0.008495 -0.023281
v -0.001311 0.010466 -0.024444
v -0.001209 0.012182 -0.025920
v -0.001108 0.013685 -0.027671
v -0.001006 0.014971 -0.029536
v -0.000904 0.016167 -0.031560
v -0.000751 0.017765 -0.034616
v -0.000598 0.019270 -0.037723
v -0.000377 0.021383 -0.042240
v -0.004851 0.007612 -0.023850
v -0.004545 0.009553 -0.024267
v -0.004240 0.011416 -0.025005
v -0.003934 0.013127 -0.026093
v -0.003628 0.014598 -0.027474
v -0.003323 0.015870 -0.029112
v -0.003017 0.016939 -0.030856
v -0.002712 0.017925 -0.032750
v -0.002253 0.019219 -0.035608
v -0.001793 0.020425 -0.038515
v -0.001132 0.022112 -0.042740
v -0.000755 0.021748 -0.042490
v -0.001196 0.019847 -0.038119
v -0.001502 0.018492 -0.035112
v -0.001808 0.017046 -0.032155
v -0.002011 0.015955 -0.030196
v -0.002215 0.014777 -0.028392
v -0.002419 0.013390 -0.026697
v -0.002623 0.011796 -0.025268
v -0.002826 0.009955 -0.024143
v -0.003030 0.007957 -0.023380
v -0.003234 0.005877 -0.022948
v -0.008084 0.011082 -0.025653
v -0.007575 0.012746 -0.026042
v -0.007066 0.014338 -0.026728
v -0.006557 0.015787 -0.027741
v -0.006047 0.017014 -0.029027
v -0.005538 0.018055 -0.030552
v -0.005029 0.018908 -0.032176
v -0.004519 0.019682 -0.033939
v -0.003754 0.020672 -0.036601
v -0.002989 0.021580 -0.039307
v -0.001887 0.022841 -0.043241
v -0.001510 0.022477 -0.042991
v -0.002391 0.021002 -0.038911
v -0.003003 0.019945 -0.036104
v -0.003616 0.018803 -0.033345
v -0.004023 0.017924 -0.031516
v -0.004430 0.016963 -0.029832
v -0.004838 0.015806 -0.028251
v -0.005245 0.014457 -0.026917
v -0.005653 0.012877 -0.025866
v -0.006060 0.011150 -0.025155
v -0.006468 0.009347 -0.024751
v -0.011318 0.014552 -0.027457
v -0.010605 0.015939 -0.027817
v -0.009892 0.017259 -0.028452
v -0.009179 0.018448 -0.029390
v -0.008466 0.019430 -0.030581
v -0.007753 0.020240 -0.031993
v -0.007040 0.020876 -0.033496
v -0.006327 0.021439 -0.035129
v -0.005256 0.022125 -0.037593
v -0.004185 0.022735 -0.040099
v -0.002642 0.023571 -0.043742
v -0.002264 0.023206 -0.043491
v -0.003587 0.022158 -0.039703
v -0.004505 0.021399 -0.037097
v -0.005423 0.020561 -0.034534
v -0.006034 0.019892 -0.032836
v -0.006646 0.019148 -0.031273
v -0.007257 0.018222 -0.029804
v -0.007868 0.017117 -0.028566
v -0.008479 0.015798 -0.027590
v -0.009090 0.014343 -0.026929
v -0.009701 0.012817 -0.026555
v -0.014552 0.018022 -0.029260
v -0.013635 0.019132 -0.029591
v -0.012719 0.020181 -0.030176
v -0.011802 0.021108 -0.031039
v -0.010885 0.021846 -0.032134
v -0.009968 0.022425 -0.033434
v -0.009052 0.022845 -0.034817
v -0.008135 0.023197 -0.036319
v -0.006758 0.023578 -0.038586
v -0.005380 0.023890 -0.040891
v -0.003396 0.024300 -0.044242
v -0.003019 0.023935 -0.043992
v -0.004783 0.023313 -0.040495
v -0.006007 0.022852 -0.038089
v -0.007231 0.022318 -0.035724
v -0.008046 0.021860 -0.034157
v -0.008861 0.021333 -0.032713
v -0.009676 0.020638 -0.031358
v -0.010491 0.019778 -0.030215
v -0.011305 0.018720 -0.029314
v -0.012120 0.017536 -0.028704
v -0.012935 0.016287 -0.028358
v -0.017786 0.021492 -0.031064
v -0.016665 0.022325 -0.031366
v -0.015545 0.023102 -0.031900
v -0.014425 0.023769 -0.032688
v -0.013304 0.024262 -0.033688
v -0.012184 0.024611 -0.034874
v -0.011063 0.024813 -0.036137
v -0.009943 0.024954 -0.037508
v -0.008259 0.025032 -0.039578
v -0.006576 0.025045 -0.041683
v -0.004151 0.025029 -0.044743
v -0.003774 0.024664 -0.044493
v -0.005978 0.024468 -0.041287
v -0.007509 0.024305 -0.039082
v -0.009039 0.024076 -0.036914
v -0.010057 0.023829 -0.035477
v -0.011076 0.023518 -0.034154
v -0.012095 0.023054 -0.032911
v -0.013113 0.022438 -0.031863
v -0.014132 0.021641 -0.031038
v -0.015150 0.020729 -0.030479
v -0.016169 0.019757 -0.030162
v -0.022636 0.026697 -0.033769
v -0.021210 0.027115 -0.034028
v -0.019784 0.027484 -0.034486
v -0.018358 0.027759 -0.035161
v -0.016932 0.027886 -0.036018
v -0.015506 0.027888 -0.037035
v -0.014080 0.027765 -0.038117
v -0.012654 0.027590 -0.039293
v -0.010512 0.027211 -0.041067
v -0.008370 0.026778 -0.042871
v -0.005283 0.026123 -0.045494
v -0.004529 0.025393 -0.044993
v -0.007174 0.025623 -0.042079
v -0.009010 0.025758 -0.040075
v -0.010847 0.025833 -0.038103
v -0.012069 0.025797 -0.036797
v -0.013291 0.025703 -0.035594
v -0.014514 0.025470 -0.034465
v -0.015736 0.025099 -0.033512
v -0.016958 0.024563 -0.032762
v -0.018180 0.023922 -0.032253
v -0.019403 0.023227 -0.031965
v -0.029104 0.033637 -0.037376
v -0.027271 0.033501 -0.037577
v -0.025437 0.033327 -0.037933
v -0.023604 0.033080 -0.038459
v -0.021770 0.032718 -0.039125
v -0.019937 0.032259 -0.039916
v -0.018103 0.031702 -0.040758
v -0.016270 0.031105 -0.041672
v -0.013515 0.030118 -0.043052
v -0.010761 0.029088 -0.044455
v -0.006793 0.027581 -0.046495
v -0.006038 0.026852 -0.045995
v -0.009565 0.027933 -0.043663
v -0.012014 0.028665 -0.042060
v -0.014462 0.029348 -0.040483
v -0.016092 0.029734 -0.039438
v -0.017722 0.030074 -0.038475
v -0.019351 0.030302 -0.037572
v -0.020981 0.030420 -0.036810
v -0.022611 0.030406 -0.036209
v -0.024241 0.030308 -0.035803
v -0.025870 0.030167 -0.035572
v -0.035572 0.040576 -0.040983
v -0.033331 0.039887 -0.041127
v -0.031090 0.039170 -0.041381
v -0.028849 0.038401 -0.041756
v -0.026608 0.037549 -0.042232
v -0.024367 0.036629 -0.042797
v -0.022126 0.035639 -0.043399
v -0.019886 0.034620 -0.044052
v -0.016519 0.033024 -0.045037
v -0.013152 0.031398 -0.046040
v -0.008302 0.029039 -0.047497
v -0.007548 0.028310 -0.046996
v -0.011956 0.030243 -0.045248
v -0.015017 0.031571 -0.044045
v -0.018078 0.032862 -0.042862
v -0.020115 0.033671 -0.042078
v -0.022152 0.034444 -0.041357
v -0.024189 0.035134 -0.040679
v -0.026226 0.035741 -0.040107
v -0.028264 0.036249 -0.039657
v -0.030301 0.036694 -0.039352
v -0.032338 0.037106 -0.039179
v -0.038805 0.044046 -0.042786
v -0.036361 0.043080 -0.042901
v -0.033916 0.042092 -0.043105
v -0.031472 0.041061 -0.043405
v -0.029027 0.039965 -0.043786
v -0.026583 0.038814 -0.044238
v -0.024138 0.037607 -0.044719
v -0.021693 0.036377 -0.045241
v -0.018021 0.034477 -0.046030
v -0.014348 0.032553 -0.046832
v -0.009057 0.029768 -0.047997
v -0.045273 0.050986 -0.046393
v -0.042421 0.049466 -0.046451
v -0.039569 0.047934 -0.046552
v -0.036717 0.046382 -0.046702
v -0.033865 0.044797 -0.046893
v -0.031013 0.043185 -0.047119
v -0.028161 0.041544 -0.047359
v -0.025309 0.039892 -0.047621
v -0.021024 0.037384 -0.048015
v -0.016739 0.034864 -0.048416
v -0.010567 0.031227 -0.048999
v 0.000000 -0.003752 -0.021367
v 0.000000 -0.005524 -0.021832
v 0.000000 -0.007191 -0.022491
v 0.000000 -0.008744 -0.023356
v 0.000000 -0.010192 -0.024435
v 0.000000 -0.011555 -0.025742
v 0.000000 -0.012858 -0.027291
v 0.000000 -0.014131 -0.029094
v 0.000000 -0.015408 -0.031167
v 0.000000 -0.016722 -0.033524
v 0.000000 -0.018109 -0.036179
v 0.000000 -0.019605 -0.039145
v 0.000000 -0.021237 -0.042431
v 0.000000 -0.023030 -0.046048
v 0.000000 -0.025000 -0.050000
v -0.013750 -0.033750 -0.050000
v -0.020625 -0.038125 -0.050000
v -0.027500 -0.042500 -0.050000
v -0.034375 -0.046875 -0.050000
v -0.041250 -0.051250 -0.050000
v -0.044687 -0.053437 -0.050000
v -0.048125 -0.055625 -0.050000
v -0.051563 -0.056250 -0.048188
v -0.048125 -0.052500 -0.046375
v -0.044688 -0.048750 -0.044563
v -0.041250 -0.045000 -0.042750
v -0.037813 -0.041250 -0.040938
v -0.034375 -0.037500 -0.039125
v -0.027500 -0.030000 -0.035500
v -0.020625 -0.022500 -0.031875
v -0.017188 -0.018750 -0.030063
v -0.013750 -0.015000 -0.028250
v -0.010313 -0.011250 -0.026438
v -0.006875 -0.007500 -0.024625
v -0.003438 -0.003750 -0.022813
v -0.001188 -0.024580 -0.047642
v -0.002812 -0.024011 -0.044410
v -0.004204 -0.023527 -0.041654
v -0.005438 -0.023067 -0.039195
v -0.007166 -0.022337 -0.035824
v -0.007844 -0.021975 -0.034528
v -0.008658 -0.021488 -0.033080
v -0.009472 -0.020821 -0.031676
v -0.010286 -0.020021 -0.030490
v -0.011101 -0.019001 -0.029513
v -0.011763 -0.018073 -0.028939
v -0.012425 -0.017080 -0.028544
v -0.013088 -0.016053 -0.028321
v -0.045807 -0.051271 -0.046387
v -0.043489 -0.050037 -0.046424
v -0.041171 -0.048797 -0.046490
v -0.038852 -0.047547 -0.046585
v -0.036003 -0.045990 -0.046748
v -0.033153 -0.044396 -0.046946
v -0.030303 -0.042780 -0.047180
v -0.027453 -0.041134 -0.047421
v -0.025081 -0.039757 -0.047637
v -0.019034 -0.036214 -0.048199
v -0.014715 -0.033673 -0.048609
v -0.009843 -0.030800 -0.049068
v -0.004159 -0.027451 -0.049607
v -0.039263 -0.044227 -0.042774
v -0.037276 -0.043445 -0.042848
v -0.035289 -0.042653 -0.042980
v -0.033302 -0.041838 -0.043171
v -0.030859 -0.040796 -0.043497
v -0.028417 -0.039681 -0.043892
v -0.025974 -0.038522 -0.044360
v -0.023532 -0.037302 -0.044843
v -0.021498 -0.036273 -0.045275
v -0.016315 -0.033585 -0.046398
v -0.012613 -0.031644 -0.047218
v -0.008437 -0.029442 -0.048137
v -0.003565 -0.026877 -0.049214
v -0.035991 -0.040705 -0.040967
v -0.034170 -0.040150 -0.041060
v -0.032348 -0.039580 -0.041224
v -0.030527 -0.038983 -0.041464
v -0.028288 -0.038199 -0.041871
v -0.026049 -0.037323 -0.042365
v -0.023810 -0.036393 -0.042950
v -0.021571 -0.035386 -0.043553
v -0.019706 -0.034531 -0.044093
v -0.014956 -0.032270 -0.045498
v -0.011562 -0.030629 -0.046523
v -0.007734 -0.028763 -0.047671
v -0.003268 -0.026590 -0.049018
v -0.032719 -0.037184 -0.039160
v -0.031063 -0.036854 -0.039272
v -0.029408 -0.036508 -0.039469
v -0.027752 -0.036128 -0.039756
v -0.025716 -0.035602 -0.040245
v -0.023681 -0.034966 -0.040838
v -0.021645 -0.034263 -0.041540
v -0.019610 -0.033470 -0.042264
v -0.017915 -0.032789 -0.042912
v -0.013596 -0.030955 -0.044598
v -0.010511 -0.029615 -0.045827
v -0.007031 -0.028084 -0.047205
v -0.002971 -0.026303 -0.048821
v -0.026175 -0.030140 -0.035547
v -0.024851 -0.030263 -0.035696
v -0.023526 -0.030363 -0.035959
v -0.022201 -0.030419 -0.036342
v -0.020573 -0.030409 -0.036993
v -0.018945 -0.030251 -0.037784
v -0.017316 -0.030005 -0.038720
v -0.015688 -0.029638 -0.039685
v -0.014332 -0.029305 -0.040549
v -0.010877 -0.028326 -0.042797
v -0.008409 -0.027585 -0.044436
v -0.005624 -0.026726 -0.046274
v -0.002377 -0.025728 -0.048428
v -0.019632 -0.023097 -0.031934
v -0.018638 -0.023672 -0.032120
v -0.017645 -0.024218 -0.032449
v -0.016651 -0.024710 -0.032927
v -0.015430 -0.025215 -0.033742
v -0.014208 -0.025536 -0.034730
v -0.012987 -0.025747 -0.035900
v -0.011766 -0.025807 -0.037107
v -0.010749 -0.025821 -0.038187
v -0.008158 -0.025697 -0.040996
v -0.006307 -0.025556 -0.043045
v -0.004218 -0.025368 -0.045342
v -0.001783 -0.025154 -0.048035
v 0.000000 0.065000 -0.050000
v 0.000000 -0.065000 -0.050000
v -0.540000 -0.055000 0.040000
v -0.425000 -0.055000 0.040000
v -0.425000 -0.055000 0.105000
v -0.540000 -0.055000 0.105000
v -0.540000 0.055000 0.040000
v -0.540000 0.055000 0.105000
v -0.425000 0.055000 0.040000
v -0.425000 0.055000 0.105000
v -0.415000 0.020000 0.000000
v -0.415000 0.020000 0.015000
v -0.415000 0.040000 0.015000
v -0.415000 0.040000 0.000000
v -0.415000 0.065000 0.000000
v -0.415000 0.065000 0.040000
v -0.415000 -0.065000 0.040000
v -0.415000 -0.065000 0.000000
v -0.550000 0.065000 0.040000
v -0.550000 -0.065000 0.040000
v -0.010000 0.020000 0.000000
v -0.010000 0.040000 0.000000
v -0.010000 0.040000 0.015000
v -0.010000 0.020000 0.015000
v -0.055000 -0.053000 0.010000
v -0.055000 -0.033000 0.010000
v -0.055000 -0.033000 0.020000
v -0.055000 -0.053000 0.020000
v -0.355000 -0.033000 0.010000
v -0.355000 -0.053000 0.010000
v -0.355000 -0.053000 0.020000
v -0.355000 -0.033000 0.020000
v -0.035000 -0.053000 0.000000
v -0.035000 -0.023000 0.000000
v -0.035000 -0.023000 0.010000
v -0.035000 -0.053000 0.010000
v -0.440000 -0.065000 0.000000
v -0.440000 -0.100000 0.000000
v -0.300000 -0.100000 0.000000
v 0.000000 -0.065000 0.000000
v 0.000000 0.065000 0.000000
v -0.300000 0.100000 0.000000
v -0.440000 0.100000 0.000000
v -0.440000 0.065000 0.000000
v -0.375000 -0.053000 0.000000
v -0.375000 -0.023000 0.000000
v -0.375000 -0.053000 0.010000
v -0.375000 -0.023000 0.010000
v -0.487000 -0.035000 -0.024000
v -0.487000 0.035000 -0.024000
v -0.432000 0.035000 -0.030000
v -0.432000 -0.035000 -0.030000
v -0.417000 -0.035000 -0.030000
v -0.417000 0.035000 -0.030000
v -0.497000 -0.035000 -0.024000
v -0.497000 0.035000 -0.024000
vt -0.955597 0.000000 0.000000
vt -0.716722 0.000061 0.000000
vt -0.955597 0.259908 0.000000
vt -0.835207 0.259908 0.000000
vt -0.835207 0.324885 0.000000
vt -0.714817 0.259908 0.000000
vt -0.714817 0.324885 0.000000
vt -0.474037 0.259908 0.000000
vt -0.474037 0.324885 0.000000
vt -0.355528 0.259908 0.000000
vt -0.355528 0.324885 0.000000
vt -0.237018 0.259908 0.000000
vt -0.237018 0.324885 0.000000
vt -0.118509 0.259908 0.000000
vt -0.118509 0.324885 0.000000
vt 0.000000 0.259908 0.000000
vt -0.477897 0.000227 0.000000
vt -0.238980 0.000309 0.000000
vt -0.000000 0.000309 0.000000
vt -0.955597 0.519816 0.000000
vt -0.835207 0.779725 0.000000
vt -0.955597 1.039633 0.000000
vt -0.714817 0.779725 0.000000
vt -0.474037 0.779725 0.000000
vt -0.474037 0.649770 0.000000
vt -0.355528 0.649770 0.000000
vt -0.355528 0.519816 0.000000
vt -0.237018 0.519816 0.000000
vt -0.237018 0.389862 0.000000
vt -0.118509 0.389862 0.000000
vt 0.000000 0.324885 0.000000
vt -0.835207 0.389862 0.000000
vt -0.835207 0.519816 0.000000
vt -0.835207 0.649770 0.000000
vt -0.714817 0.519816 0.000000
vt -0.714817 0.649770 0.000000
vt -0.474037 0.519816 0.000000
vt 0.000000 0.389862 0.000000
vt -0.118509 0.519816 0.000000
vt 0.000000 0.519816 0.000000
vt -0.118509 0.649770 0.000000
vt 0.000000 0.649770 0.000000
vt -0.118509 0.779725 0.000000
vt -0.355528 0.779725 0.000000
vt -0.237018 0.779725 0.000000
vt -0.237018 0.649770 0.000000
vt 0.000000 0.779725 0.000000
vt -0.714817 0.389862 0.000000
vt -0.474037 0.389862 0.000000
vt -0.355528 0.389862 0.000000
vt -3.383091 0.000000 0.000000
vt -2.960238 0.000048 0.000000
vt -3.383091 0.185666 0.000000
vt -3.032418 0.185666 0.000000
vt -3.383091 0.371332 0.000000
vt -3.032418 0.371332 0.000000
vt -3.383091 0.556998 0.000000
vt -3.032418 0.556998 0.000000
vt -3.383091 0.742664 0.000000
vt -3.032418 0.742664 0.000000
vt -3.383091 0.928330 0.000000
vt -3.032418 0.928330 0.000000
vt -3.383091 1.113996 0.000000
vt -3.032418 1.113996 0.000000
vt -3.383091 1.299662 0.000000
vt -3.032418 1.485328 0.000000
vt -3.383091 1.485328 0.000000
vt -3.383091 1.856660 0.000000
vt -3.032418 1.856660 0.000000
vt -3.032418 2.042326 0.000000
vt -2.681745 1.856660 0.000000
vt -2.681745 2.042326 0.000000
vt -2.331072 1.856660 0.000000
vt -2.331072 2.042326 0.000000
vt -1.980399 1.856660 0.000000
vt -1.980399 2.042326 0.000000
vt -1.805062 1.856660 0.000000
vt -1.805062 2.042326 0.000000
vt -1.629726 1.856660 0.000000
vt -1.629726 2.042326 0.000000
vt -1.454389 1.856660 0.000000
vt -1.454389 2.042326 0.000000
vt -1.279053 1.856660 0.000000
vt -1.279053 2.042326 0.000000
vt -1.103716 1.856660 0.000000
vt -1.103716 2.042326 0.000000
vt -0.928380 1.856660 0.000000
vt -0.928380 2.042326 0.000000
vt -0.577707 1.856660 0.000000
vt -0.577707 2.042326 0.000000
vt -0.288853 1.856660 0.000000
vt -0.288853 2.042326 0.000000
vt -0.000000 1.485328 0.000000
vt -0.288853 2.227992 0.000000
vt -0.000000 2.970656 0.000000
vt -0.485060 2.970656 0.000000
vt -2.537374 0.000063 0.000000
vt -2.681745 0.185666 0.000000
vt -2.681745 0.371332 0.000000
vt -2.681745 0.556998 0.000000
vt -2.681745 0.742664 0.000000
vt -2.681745 0.928330 0.000000
vt -2.681745 1.113996 0.000000
vt -2.681745 1.485328 0.000000
vt -2.331072 0.185666 0.000000
vt -2.114432 0.000001 0.000000
vt -1.980399 0.185666 0.000000
vt -1.691564 0.000074 0.000000
vt -1.805062 0.185666 0.000000
vt -1.629726 0.185666 0.000000
vt -1.805062 0.371332 0.000000
vt -1.629726 0.371332 0.000000
vt -1.805062 0.556998 0.000000
vt -1.629726 0.556998 0.000000
vt -1.805062 0.742664 0.000000
vt -1.629726 0.742664 0.000000
vt -1.805062 0.928330 0.000000
vt -1.629726 0.928330 0.000000
vt -1.805062 1.113996 0.000000
vt -1.629726 1.113996 0.000000
vt -1.805062 1.485328 0.000000
vt -1.629726 1.485328 0.000000
vt -1.268682 0.000054 0.000000
vt -1.454389 0.185666 0.000000
vt -1.454389 0.371332 0.000000
vt -1.454389 0.556998 0.000000
vt -1.454389 0.742664 0.000000
vt -1.454389 0.928330 0.000000
vt -1.454389 1.113996 0.000000
vt -1.454389 1.485328 0.000000
vt -0.845773 0.000000 0.000000
vt -1.103716 0.185666 0.000000
vt -1.279053 0.185666 0.000000
vt -0.422888 0.000015 0.000000
vt -0.577707 0.185666 0.000000
vt -0.928380 0.185666 0.000000
vt -1.103716 0.371332 0.000000
vt -1.279053 0.371332 0.000000
vt -1.279053 0.556998 0.000000
vt -0.288853 0.185666 0.000000
vt -0.000000 0.000000 0.000000
vt -0.288853 0.371332 0.000000
vt -0.000000 0.742664 0.000000
vt -0.288853 0.556998 0.000000
vt -0.288853 0.742664 0.000000
vt -0.577707 0.742664 0.000000
vt -0.577707 0.928330 0.000000
vt -0.928380 0.928330 0.000000
vt -0.928380 1.113996 0.000000
vt -1.103716 1.113996 0.000000
vt -1.103716 1.485328 0.000000
vt -1.279053 1.485328 0.000000
vt -0.288853 1.113996 0.000000
vt -0.288853 0.928330 0.000000
vt -0.577707 2.227992 0.000000
vt -0.847314 2.970656 0.000000
vt -0.928380 2.227992 0.000000
vt -1.103716 2.227992 0.000000
vt -1.209568 2.970656 0.000000
vt -1.279053 2.227992 0.000000
vt -1.454389 2.227992 0.000000
vt -1.571821 2.970656 0.000000
vt -1.629726 2.227992 0.000000
vt -1.805062 2.227992 0.000000
vt -1.934075 2.970656 0.000000
vt -1.980399 2.227992 0.000000
vt -2.331072 2.227992 0.000000
vt -2.658583 2.970656 0.000000
vt -2.681745 2.227992 0.000000
vt -3.032418 2.227992 0.000000
vt -3.383091 2.970656 0.000000
vt -3.383091 2.599324 0.000000
vt -3.383091 2.227992 0.000000
vt -0.288853 1.485328 0.000000
vt -0.577707 1.485328 0.000000
vt -0.577707 1.113996 0.000000
vt -0.928380 1.485328 0.000000
vt -0.577707 0.371332 0.000000
vt -0.577707 0.556998 0.000000
vt -0.928380 0.371332 0.000000
vt -0.928380 0.556998 0.000000
vt -0.928380 0.742664 0.000000
vt -1.980399 0.371332 0.000000
vt -1.980399 0.556998 0.000000
vt -1.980399 0.742664 0.000000
vt -1.980399 0.928330 0.000000
vt -1.980399 1.113996 0.000000
vt -1.980399 1.485328 0.000000
vt -2.331072 0.371332 0.000000
vt -2.331072 0.556998 0.000000
vt -2.331072 0.742664 0.000000
vt -2.331072 0.928330 0.000000
vt -2.331072 1.113996 0.000000
vt -2.331072 1.485328 0.000000
vt -1.103716 0.928330 0.000000
vt -1.103716 0.742664 0.000000
vt -1.103716 0.556998 0.000000
vt -1.279053 0.928330 0.000000
vt -1.279053 0.742664 0.000000
vt -1.279053 1.113996 0.000000
vt 14.200000 -3.500000 0.000000
vt 16.500000 -6.500000 0.000000
vt 22.200000 -3.500000 0.000000
vt 27.500000 -6.500000 0.000000
vt 22.200000 3.500000 0.000000
vt 27.500000 6.500000 0.000000
vt 16.500000 6.500000 0.000000
vt 14.200000 3.500000 0.000000
vt -27.500000 0.000000 0.000000
vt -21.445921 -6.207351 0.000000
vt -20.891842 -6.414702 0.000000
vt 2.500000 10.000000 0.000000
vt -17.567369 7.658807 0.000000
vt -17.844408 7.555132 0.000000
vt -18.121448 7.451456 0.000000
vt -18.398487 7.347781 0.000000
vt -18.675526 7.244105 0.000000
vt -18.952566 7.140430 0.000000
vt -19.229605 7.036754 0.000000
vt -19.506645 6.933079 0.000000
vt -19.783684 6.829403 0.000000
vt -20.337763 6.622053 0.000000
vt -20.891842 6.414702 0.000000
vt -21.445921 6.207351 0.000000
vt -22.000000 6.000000 0.000000
vt -22.000000 -6.000000 0.000000
vt -20.337763 -6.622053 0.000000
vt -19.783684 -6.829403 0.000000
vt -19.506645 -6.933079 0.000000
vt -19.229605 -7.036754 0.000000
vt -18.952566 -7.140430 0.000000
vt -18.675526 -7.244105 0.000000
vt -18.398487 -7.347781 0.000000
vt -18.121448 -7.451456 0.000000
vt -17.844408 -7.555132 0.000000
vt -17.567369 -7.658807 0.000000
vt 2.500000 -10.000000 0.000000
vt 16.500000 -10.000000 0.000000
vt 16.500000 10.000000 0.000000
vt 0.477897 0.000227 0.000000
vt 0.355528 0.259908 0.000000
vt 0.238980 0.000309 0.000000
vt 0.237018 0.259908 0.000000
vt 0.118509 0.259908 0.000000
vt 0.118509 0.324885 0.000000
vt 0.000000 0.324885 0.000000
vt 0.716722 0.000061 0.000000
vt 0.714817 0.259908 0.000000
vt 0.474037 0.259908 0.000000
vt 0.355528 0.324885 0.000000
vt 0.237018 0.324885 0.000000
vt 0.237018 0.389862 0.000000
vt 0.118509 0.389862 0.000000
vt 0.118509 0.519816 0.000000
vt 0.000000 0.519816 0.000000
vt 0.835207 0.259908 0.000000
vt 0.955597 0.000000 0.000000
vt 0.955597 0.259908 0.000000
vt 0.835207 0.324885 0.000000
vt 0.955597 0.519816 0.000000
vt 0.835207 0.389862 0.000000
vt 0.835207 0.519816 0.000000
vt 0.714817 0.519816 0.000000
vt 0.714817 0.649770 0.000000
vt 0.474037 0.649770 0.000000
vt 0.474037 0.779725 0.000000
vt 0.355528 0.779725 0.000000
vt 0.955597 1.039633 0.000000
vt 0.237018 0.779725 0.000000
vt 0.118509 0.779725 0.000000
vt 0.237018 0.649770 0.000000
vt 0.118509 0.649770 0.000000
vt 0.237018 0.519816 0.000000
vt 0.835207 0.779725 0.000000
vt 0.835207 0.649770 0.000000
vt 0.000000 1.039633 0.000000
vt 0.000000 0.779725 0.000000
vt 0.000000 0.649770 0.000000
vt 0.000000 0.389862 0.000000
vt 0.714817 0.324885 0.000000
vt 0.714817 0.389862 0.000000
vt 0.474037 0.324885 0.000000
vt 0.474037 0.389862 0.000000
vt 0.474037 0.519816 0.000000
vt 0.000000 0.259908 0.000000
vt 0.355528 0.389862 0.000000
vt 0.714817 0.779725 0.000000
vt 0.355528 0.649770 0.000000
vt 0.355528 0.519816 0.000000
vt 0.422888 0.000015 0.000000
vt 0.288853 0.185666 0.000000
vt 0.000000 0.000000 0.000000
vt 0.288853 0.371332 0.000000
vt 0.288853 0.556998 0.000000
vt 0.577707 0.371332 0.000000
vt 0.577707 0.556998 0.000000
vt 0.928380 0.371332 0.000000
vt 0.928380 0.556998 0.000000
vt 1.103716 0.371332 0.000000
vt 1.103716 0.556998 0.000000
vt 1.279053 0.371332 0.000000
vt 1.279053 0.556998 0.000000
vt 1.454389 0.371332 0.000000
vt 1.454389 0.556998 0.000000
vt 1.629726 0.371332 0.000000
vt 1.629726 0.556998 0.000000
vt 1.805062 0.371332 0.000000
vt 1.805062 0.556998 0.000000
vt 1.980399 0.371332 0.000000
vt 1.980399 0.556998 0.000000
vt 2.331072 0.371332 0.000000
vt 2.331072 0.556998 0.000000
vt 2.681745 0.371332 0.000000
vt 2.681745 0.556998 0.000000
vt 3.032418 0.371332 0.000000
vt 3.032418 0.556998 0.000000
vt 3.383091 0.371332 0.000000
vt 3.383091 0.556998 0.000000
vt 0.577707 0.185666 0.000000
vt 0.845773 0.000000 0.000000
vt 0.928380 0.185666 0.000000
vt 1.103716 0.185666 0.000000
vt 1.268682 0.000054 0.000000
vt 1.279053 0.185666 0.000000
vt 1.454389 0.185666 0.000000
vt 1.691564 0.000074 0.000000
vt 1.629726 0.185666 0.000000
vt 1.805062 0.185666 0.000000
vt 1.980399 0.185666 0.000000
vt 2.114432 0.000001 0.000000
vt 2.331072 0.185666 0.000000
vt 2.537374 0.000063 0.000000
vt 2.681745 0.185666 0.000000
vt 2.960238 0.000048 0.000000
vt 3.032418 0.185666 0.000000
vt 3.383091 0.000000 0.000000
vt 3.383091 0.185666 0.000000
vt 3.032418 0.742664 0.000000
vt 3.383091 0.742664 0.000000
vt 3.032418 0.928330 0.000000
vt 3.383091 0.928330 0.000000
vt 3.032418 1.113996 0.000000
vt 3.383091 1.113996 0.000000
vt 3.383091 1.299662 0.000000
vt 3.032418 1.485328 0.000000
vt 3.383091 1.485328 0.000000
vt 3.032418 1.856660 0.000000
vt 3.383091 1.856660 0.000000
vt 3.032418 2.042326 0.000000
vt 3.383091 2.227992 0.000000
vt 3.032418 2.227992 0.000000
vt 3.383091 2.599324 0.000000
vt 2.658583 2.970656 0.000000
vt 3.383091 2.970656 0.000000
vt 1.934075 2.970656 0.000000
vt 2.331072 2.227992 0.000000
vt 2.681745 2.227992 0.000000
vt 1.571821 2.970656 0.000000
vt 1.805062 2.227992 0.000000
vt 1.980399 2.227992 0.000000
vt 2.331072 2.042326 0.000000
vt 2.681745 2.042326 0.000000
vt 2.681745 1.856660 0.000000
vt 1.209568 2.970656 0.000000
vt 1.454389 2.227992 0.000000
vt 1.629726 2.227992 0.000000
vt 1.805062 2.042326 0.000000
vt 1.980399 2.042326 0.000000
vt 1.980399 1.856660 0.000000
vt 2.331072 1.856660 0.000000
vt 2.331072 1.485328 0.000000
vt 2.681745 1.485328 0.000000
vt 2.681745 1.113996 0.000000
vt 0.847314 2.970656 0.000000
vt 1.103716 2.227992 0.000000
vt 1.279053 2.227992 0.000000
vt 1.454389 2.042326 0.000000
vt 1.629726 2.042326 0.000000
vt 1.629726 1.856660 0.000000
vt 1.805062 1.856660 0.000000
vt 1.805062 1.485328 0.000000
vt 1.980399 1.485328 0.000000
vt 1.980399 1.113996 0.000000
vt 2.331072 1.113996 0.000000
vt 2.331072 0.928330 0.000000
vt 2.681745 0.928330 0.000000
vt 2.681745 0.742664 0.000000
vt 0.485060 2.970656 0.000000
vt 0.577707 2.227992 0.000000
vt 0.928380 2.227992 0.000000
vt 1.103716 2.042326 0.000000
vt 1.279053 2.042326 0.000000
vt 1.279053 1.856660 0.000000
vt 1.454389 1.856660 0.000000
vt 1.454389 1.485328 0.000000
vt 1.629726 1.485328 0.000000
vt 1.629726 1.113996 0.000000
vt 1.805062 1.113996 0.000000
vt 1.805062 0.928330 0.000000
vt 1.980399 0.928330 0.000000
vt 1.980399 0.742664 0.000000
vt 2.331072 0.742664 0.000000
vt 0.288853 2.227992 0.000000
vt 0.000000 2.970656 0.000000
vt 0.000000 1.485328 0.000000
vt 0.000000 0.742664 0.000000
vt 0.288853 1.113996 0.000000
vt 0.288853 1.485328 0.000000
vt 0.288853 1.856660 0.000000
vt 0.577707 1.485328 0.000000
vt 0.577707 1.856660 0.000000
vt 0.928380 1.485328 0.000000
vt 0.928380 1.856660 0.000000
vt 1.103716 1.485328 0.000000
vt 1.103716 1.856660 0.000000
vt 1.279053 1.485328 0.000000
vt 0.288853 0.742664 0.000000
vt 0.288853 0.928330 0.000000
vt 0.577707 0.742664 0.000000
vt 0.577707 0.928330 0.000000
vt 0.928380 0.742664 0.000000
vt 0.928380 0.928330 0.000000
vt 1.103716 0.742664 0.000000
vt 1.103716 0.928330 0.000000
vt 1.279053 0.742664 0.000000
vt 1.279053 0.928330 0.000000
vt 1.454389 0.742664 0.000000
vt 1.454389 0.928330 0.000000
vt 1.629726 0.742664 0.000000
vt 1.629726 0.928330 0.000000
vt 1.805062 0.742664 0.000000
vt 0.288853 2.042326 0.000000
vt 0.577707 2.042326 0.000000
vt 0.928380 2.042326 0.000000
vt 1.454389 1.113996 0.000000
vt 1.279053 1.113996 0.000000
vt 1.103716 1.113996 0.000000
vt 0.928380 1.113996 0.000000
vt 0.577707 1.113996 0.000000
vt -0.600000 0.000000 0.000000
vt -0.000000 0.000000 0.000000
vt -0.781250 0.508713 0.000000
vt -0.962500 1.017426 0.000000
vt -1.143750 1.526139 0.000000
vt 0.000000 8.139410 0.000000
vt -1.325000 2.034853 0.000000
vt -1.506250 2.543566 0.000000
vt -0.749544 8.139410 0.000000
vt -1.687500 3.052279 0.000000
vt -2.050000 4.069705 0.000000
vt -1.499089 8.139410 0.000000
vt -2.412500 5.087131 0.000000
vt -1.873861 8.139410 0.000000
vt -2.593750 5.595845 0.000000
vt -2.248633 8.139410 0.000000
vt -2.775000 6.104558 0.000000
vt -2.623406 8.139410 0.000000
vt -2.956250 6.613271 0.000000
vt -3.137500 7.121984 0.000000
vt -2.998178 8.139410 0.000000
vt -3.318750 7.630697 0.000000
vt -3.500000 8.139410 0.000000
vt -3.306247 0.132512 0.000000
vt -2.946605 0.000001 0.000000
vt -2.580308 0.132512 0.000000
vt -2.620813 0.000000 0.000000
vt -2.319121 0.000000 0.000000
vt -2.156253 0.132512 0.000000
vt -2.053445 0.000000 0.000000
vt -1.861873 0.132512 0.000000
vt -1.808873 0.000005 0.000000
vt -1.567493 0.132512 0.000000
vt -1.586322 0.000025 0.000000
vt -1.393425 0.000000 0.000000
vt -1.371557 0.132512 0.000000
vt -1.209469 0.000008 0.000000
vt -1.175620 0.132512 0.000000
vt -1.048716 0.000000 0.000000
vt -0.979683 0.132512 0.000000
vt -0.891765 0.000000 0.000000
vt -0.783747 0.132512 0.000000
vt -0.745961 0.000000 0.000000
vt -0.587810 0.132512 0.000000
vt -0.601902 0.000000 0.000000
vt -0.456042 0.000000 0.000000
vt -0.391873 0.132512 0.000000
vt -0.307225 0.000062 0.000000
vt -0.195937 0.132512 0.000000
vt -0.000000 0.000000 0.000000
vt -0.000000 0.265024 0.000000
vt -0.000000 0.530047 0.000000
vt -0.195937 0.397535 0.000000
vt -0.195937 0.265024 0.000000
vt -0.391873 0.265024 0.000000
vt -0.587810 0.265024 0.000000
vt -0.783747 0.265024 0.000000
vt -0.979683 0.265024 0.000000
vt -1.175620 0.265024 0.000000
vt -1.371557 0.265024 0.000000
vt -1.567493 0.265024 0.000000
vt -1.861873 0.265024 0.000000
vt -2.156253 0.265024 0.000000
vt -2.580308 0.265024 0.000000
vt -3.306247 0.265024 0.000000
vt -0.000000 0.795071 0.000000
vt -0.195937 0.662559 0.000000
vt -0.195937 0.530047 0.000000
vt -0.391873 0.530047 0.000000
vt -0.391873 0.397535 0.000000
vt -0.587810 0.530047 0.000000
vt -0.587810 0.397535 0.000000
vt -0.783747 0.530047 0.000000
vt -0.783747 0.397535 0.000000
vt -0.979683 0.530047 0.000000
vt -0.979683 0.397535 0.000000
vt -1.175620 0.530047 0.000000
vt -1.175620 0.397535 0.000000
vt -1.371557 0.530047 0.000000
vt -1.371557 0.397535 0.000000
vt -1.567493 0.530047 0.000000
vt -1.567493 0.397535 0.000000
vt -1.861873 0.530047 0.000000
vt -1.861873 0.397535 0.000000
vt -2.156253 0.530047 0.000000
vt -2.156253 0.397535 0.000000
vt -2.580308 0.530047 0.000000
vt -2.580308 0.397535 0.000000
vt -3.306247 0.530047 0.000000
vt -0.000000 1.060094 0.000000
vt -0.195937 0.927582 0.000000
vt -0.195937 0.795071 0.000000
vt -0.391873 0.795071 0.000000
vt -0.391873 0.662559 0.000000
vt -0.587810 0.795071 0.000000
vt -0.587810 0.662559 0.000000
vt -0.783747 0.795071 0.000000
vt -0.783747 0.662559 0.000000
vt -0.979683 0.795071 0.000000
vt -0.979683 0.662559 0.000000
vt -1.175620 0.795071 0.000000
vt -1.175620 0.662559 0.000000
vt -1.371557 0.795071 0.000000
vt -1.371557 0.662559 0.000000
vt -1.567493 0.795071 0.000000
vt -1.567493 0.662559 0.000000
vt -1.861873 0.795071 0.000000
vt -1.861873 0.662559 0.000000
vt -2.156253 0.795071 0.000000
vt -2.156253 0.662559 0.000000
vt -2.580308 0.795071 0.000000
vt -2.580308 0.662559 0.000000
vt -3.306247 0.795071 0.000000
vt -0.000000 1.325118 0.000000
vt -0.195937 1.192606 0.000000
vt -0.195937 1.060094 0.000000
vt -0.391873 1.060094 0.000000
vt -0.391873 0.927582 0.000000
vt -0.587810 1.060094 0.000000
vt -0.587810 0.927582 0.000000
vt -0.783747 1.060094 0.000000
vt -0.783747 0.927582 0.000000
vt -0.979683 1.060094 0.000000
vt -0.979683 0.927582 0.000000
vt -1.175620 1.060094 0.000000
vt -1.175620 0.927582 0.000000
vt -1.371557 1.060094 0.000000
vt -1.371557 0.927582 0.000000
vt -1.567493 1.060094 0.000000
vt -1.567493 0.927582 0.000000
vt -1.861873 1.060094 0.000000
vt -1.861873 0.927582 0.000000
vt -2.156253 1.060094 0.000000
vt -2.156253 0.927582 0.000000
vt -2.580308 1.060094 0.000000
vt -2.580308 0.927582 0.000000
vt -3.306247 1.060094 0.000000
vt -0.000000 1.590141 0.000000
vt -0.195937 1.457629 0.000000
vt -0.195937 1.325118 0.000000
vt -0.391873 1.325118 0.000000
vt -0.391873 1.192606 0.000000
vt -0.587810 1.325118 0.000000
vt -0.587810 1.192606 0.000000
vt -0.783747 1.325118 0.000000
vt -0.783747 1.192606 0.000000
vt -0.979683 1.325118 0.000000
vt -0.979683 1.192606 0.000000
vt -1.175620 1.325118 0.000000
vt -1.175620 1.192606 0.000000
vt -1.371557 1.325118 0.000000
vt -1.371557 1.192606 0.000000
vt -1.567493 1.325118 0.000000
vt -1.567493 1.192606 0.000000
vt -1.861873 1.325118 0.000000
vt -1.861873 1.192606 0.000000
vt -2.156253 1.325118 0.000000
vt -2.156253 1.192606 0.000000
vt -2.580308 1.325118 0.000000
vt -2.580308 1.192606 0.000000
vt -3.306247 1.325118 0.000000
vt -0.000000 2.120188 0.000000
vt -0.195937 1.855165 0.000000
vt -0.195937 1.590141 0.000000
vt -0.391873 1.590141 0.000000
vt -0.391873 1.457629 0.000000
vt -0.587810 1.590141 0.000000
vt -0.587810 1.457629 0.000000
vt -0.783747 1.590141 0.000000
vt -0.783747 1.457629 0.000000
vt -0.979683 1.590141 0.000000
vt -0.979683 1.457629 0.000000
vt -1.175620 1.590141 0.000000
vt -1.175620 1.457629 0.000000
vt -1.371557 1.590141 0.000000
vt -1.371557 1.457629 0.000000
vt -1.567493 1.590141 0.000000
vt -1.567493 1.457629 0.000000
vt -1.861873 1.590141 0.000000
vt -1.861873 1.457629 0.000000
vt -2.156253 1.590141 0.000000
vt -2.156253 1.457629 0.000000
vt -2.580308 1.590141 0.000000
vt -2.580308 1.457629 0.000000
vt -3.306247 1.590141 0.000000
vt -0.000000 2.650235 0.000000
vt -0.195937 2.385212 0.000000
vt -0.195937 2.120188 0.000000
vt -0.391873 2.120188 0.000000
vt -0.391873 1.855165 0.000000
vt -0.587810 2.120188 0.000000
vt -0.587810 1.855165 0.000000
vt -0.783747 2.120188 0.000000
vt -0.783747 1.855165 0.000000
vt -0.979683 2.120188 0.000000
vt -0.979683 1.855165 0.000000
vt -1.175620 2.120188 0.000000
vt -1.175620 1.855165 0.000000
vt -1.371557 2.120188 0.000000
vt -1.371557 1.855165 0.000000
vt -1.567493 2.120188 0.000000
vt -1.567493 1.855165 0.000000
vt -1.861873 2.120188 0.000000
vt -1.861873 1.855165 0.000000
vt -2.156253 2.120188 0.000000
vt -2.156253 1.855165 0.000000
vt -2.580308 2.120188 0.000000
vt -2.580308 1.855165 0.000000
vt -3.306247 2.120188 0.000000
vt -0.000000 2.915259 0.000000
vt -0.195937 2.915259 0.000000
vt -0.195937 2.650235 0.000000
vt -0.391873 2.650235 0.000000
vt -0.391873 2.385212 0.000000
vt -0.587810 2.650235 0.000000
vt -0.587810 2.385212 0.000000
vt -0.783747 2.650235 0.000000
vt -0.783747 2.385212 0.000000
vt -0.979683 2.650235 0.000000
vt -0.979683 2.385212 0.000000
vt -1.175620 2.650235 0.000000
vt -1.175620 2.385212 0.000000
vt -1.371557 2.650235 0.000000
vt -1.371557 2.385212 0.000000
vt -1.567493 2.650235 0.000000
vt -1.567493 2.385212 0.000000
vt -1.861873 2.650235 0.000000
vt -1.861873 2.385212 0.000000
vt -2.156253 2.650235 0.000000
vt -2.156253 2.385212 0.000000
vt -2.580308 2.650235 0.000000
vt -2.580308 2.385212 0.000000
vt -3.306247 2.650235 0.000000
vt -0.195937 3.180282 0.000000
vt -0.000000 3.180282 0.000000
vt -0.000000 3.445306 0.000000
vt -0.195937 3.710329 0.000000
vt -0.000000 3.710329 0.000000
vt -0.000000 3.975353 0.000000
vt -0.000000 4.240376 0.000000
vt -0.413281 4.240376 0.000000
vt -0.391873 3.710329 0.000000
vt -0.587810 3.710329 0.000000
vt -0.619921 4.240376 0.000000
vt -0.783747 3.710329 0.000000
vt -0.826562 4.240376 0.000000
vt -0.979683 3.710329 0.000000
vt -1.239843 4.240376 0.000000
vt -1.175620 3.710329 0.000000
vt -1.371557 3.710329 0.000000
vt -1.175620 3.180282 0.000000
vt -1.371557 3.180282 0.000000
vt -1.175620 2.915259 0.000000
vt -1.371557 2.915259 0.000000
vt -1.653124 4.240376 0.000000
vt -1.567493 3.710329 0.000000
vt -1.567493 3.180282 0.000000
vt -1.567493 2.915259 0.000000
vt -1.861873 3.710329 0.000000
vt -2.066404 4.240376 0.000000
vt -2.156253 3.710329 0.000000
vt -2.479685 4.240376 0.000000
vt -2.580308 3.710329 0.000000
vt -3.306247 4.240376 0.000000
vt -3.306247 3.710329 0.000000
vt -2.580308 3.180282 0.000000
vt -3.306247 3.180282 0.000000
vt -2.580308 2.915259 0.000000
vt -3.306247 2.915259 0.000000
vt -3.306247 2.385212 0.000000
vt -3.306247 1.855165 0.000000
vt -3.306247 1.457629 0.000000
vt -3.306247 1.192606 0.000000
vt -3.306247 0.927582 0.000000
vt -3.306247 0.662559 0.000000
vt -3.306247 0.397535 0.000000
vt -0.391873 2.915259 0.000000
vt -0.391873 3.180282 0.000000
vt -0.587810 2.915259 0.000000
vt -0.587810 3.180282 0.000000
vt -0.783747 2.915259 0.000000
vt -0.783747 3.180282 0.000000
vt -0.979683 2.915259 0.000000
vt -0.979683 3.180282 0.000000
vt -1.861873 2.915259 0.000000
vt -1.861873 3.180282 0.000000
vt -2.156253 2.915259 0.000000
vt -2.156253 3.180282 0.000000
vt -3.306240 0.000000 0.000000
vt -2.999929 0.000130 0.000000
vt -3.306240 0.265024 0.000000
vt -3.306240 0.530047 0.000000
vt -3.306240 0.795071 0.000000
vt -3.146980 1.060094 0.000000
vt -3.306240 1.060094 0.000000
vt -3.306240 1.325118 0.000000
vt -3.306240 1.590141 0.000000
vt -3.146980 1.590141 0.000000
vt -3.306240 2.120188 0.000000
vt -3.146980 2.120188 0.000000
vt -3.306240 2.650235 0.000000
vt -3.146980 2.650235 0.000000
vt -3.306240 2.915259 0.000000
vt -3.146980 2.915259 0.000000
vt -3.306240 3.180282 0.000000
vt -3.146980 3.180282 0.000000
vt -3.306240 3.445306 0.000000
vt -3.146980 3.710329 0.000000
vt -3.306240 3.710329 0.000000
vt -3.306240 3.975353 0.000000
vt -3.306240 4.240376 0.000000
vt -2.892960 4.240376 0.000000
vt -2.987720 3.710329 0.000000
vt -2.828460 3.710329 0.000000
vt -2.828460 3.180282 0.000000
vt -2.669199 3.180282 0.000000
vt -2.669199 2.915259 0.000000
vt -2.473420 2.915259 0.000000
vt -2.473420 2.650235 0.000000
vt -2.277640 2.650235 0.000000
vt -2.277640 2.120188 0.000000
vt -2.081861 2.120188 0.000000
vt -2.081861 1.590141 0.000000
vt -1.886081 1.590141 0.000000
vt -1.886081 1.060094 0.000000
vt -1.723072 1.060094 0.000000
vt -1.716766 0.000000 0.000000
vt -1.499206 0.000000 0.000000
vt -2.987720 1.060094 0.000000
vt -2.850592 0.000018 0.000000
vt -2.828460 1.060094 0.000000
vt -2.704995 0.000003 0.000000
vt -2.669199 1.060094 0.000000
vt -2.560092 0.000003 0.000000
vt -2.416091 0.000015 0.000000
vt -2.473420 1.060094 0.000000
vt -2.257491 0.000000 0.000000
vt -2.277640 1.060094 0.000000
vt -2.096762 0.000005 0.000000
vt -2.081861 1.060094 0.000000
vt -1.912968 0.000000 0.000000
vt -1.307682 1.060094 0.000000
vt -1.252800 0.000000 0.000000
vt -0.985997 0.000000 0.000000
vt -0.686942 0.000000 0.000000
vt -0.676216 1.060094 0.000000
vt -1.010959 1.060094 0.000000
vt -1.307682 1.590141 0.000000
vt -1.723072 1.590141 0.000000
vt -1.723072 2.120188 0.000000
vt -1.886081 2.120188 0.000000
vt -1.886081 2.650235 0.000000
vt -2.081861 2.650235 0.000000
vt -2.081861 2.915259 0.000000
vt -2.277640 2.915259 0.000000
vt -2.277640 3.180282 0.000000
vt -2.473420 3.180282 0.000000
vt -2.473420 3.710329 0.000000
vt -2.669199 3.710329 0.000000
vt -2.686320 4.240376 0.000000
vt -0.359941 0.000000 0.000000
vt -0.285740 1.060094 0.000000
vt -0.676216 1.590141 0.000000
vt -0.285740 1.590141 0.000000
vt -0.676216 2.120188 0.000000
vt -0.285740 2.120188 0.000000
vt -0.676216 2.650235 0.000000
vt -0.285740 2.650235 0.000000
vt -0.676216 2.915259 0.000000
vt -0.285740 2.915259 0.000000
vt -0.676216 3.180282 0.000000
vt -0.285740 3.180282 0.000000
vt -0.676216 3.710329 0.000000
vt -0.285740 3.710329 0.000000
vt -0.826560 4.240376 0.000000
vt 0.000000 3.710329 0.000000
vt -0.000000 0.000000 0.000000
vt -1.010959 3.710329 0.000000
vt -1.239840 4.240376 0.000000
vt -1.307682 3.710329 0.000000
vt -1.653120 4.240376 0.000000
vt -1.723072 3.710329 0.000000
vt -1.886081 3.710329 0.000000
vt -1.723072 3.180282 0.000000
vt -1.886081 3.180282 0.000000
vt -1.723072 2.915259 0.000000
vt -1.886081 2.915259 0.000000
vt -1.723072 2.650235 0.000000
vt -2.066400 4.240376 0.000000
vt -2.081861 3.710329 0.000000
vt -2.081861 3.180282 0.000000
vt -2.277640 3.710329 0.000000
vt -2.479680 4.240376 0.000000
vt 0.000000 1.060094 0.000000
vt 0.000000 1.590141 0.000000
vt 0.000000 2.120188 0.000000
vt 0.000000 2.650235 0.000000
vt 0.000000 2.915259 0.000000
vt 0.000000 3.180282 0.000000
vt -1.010959 1.590141 0.000000
vt -1.010959 2.120188 0.000000
vt -1.010959 2.650235 0.000000
vt -1.010959 2.915259 0.000000
vt -1.010959 3.180282 0.000000
vt -2.277640 1.590141 0.000000
vt -2.473420 1.590141 0.000000
vt -2.669199 1.590141 0.000000
vt -2.828460 1.590141 0.000000
vt -2.987720 1.590141 0.000000
vt -2.987720 3.180282 0.000000
vt -2.987720 2.915259 0.000000
vt -2.987720 2.650235 0.000000
vt -2.987720 2.120188 0.000000
vt -1.307682 3.180282 0.000000
vt -1.307682 2.915259 0.000000
vt -1.307682 2.650235 0.000000
vt -1.307682 2.120188 0.000000
vt -2.828460 2.915259 0.000000
vt -2.669199 2.650235 0.000000
vt -2.473420 2.120188 0.000000
vt -2.828460 2.650235 0.000000
vt -2.828460 2.120188 0.000000
vt -2.669199 2.120188 0.000000
vt -0.000000 0.000000 0.000000
vt -0.181250 -0.508713 0.000000
vt 0.600000 -0.000000 0.000000
vt -0.362500 -1.017426 0.000000
vt -0.543750 -1.526139 0.000000
vt 0.600000 -8.139410 0.000000
vt -0.725000 -2.034853 0.000000
vt -0.906250 -2.543566 0.000000
vt -0.149544 -8.139410 0.000000
vt -1.087500 -3.052279 0.000000
vt -1.450000 -4.069705 0.000000
vt -0.899089 -8.139410 0.000000
vt -1.812500 -5.087131 0.000000
vt -1.273861 -8.139410 0.000000
vt -1.993750 -5.595845 0.000000
vt -1.648633 -8.139410 0.000000
vt -2.175000 -6.104558 0.000000
vt -2.023406 -8.139410 0.000000
vt -2.356250 -6.613271 0.000000
vt -2.537500 -7.121984 0.000000
vt -2.398178 -8.139410 0.000000
vt -2.718750 -7.630697 0.000000
vt -2.900000 -8.139410 0.000000
vt -0.000000 0.000000 0.000000
vt 1.375000 0.875000 0.000000
vt -0.000000 4.000000 0.000000
vt 2.062500 1.312500 0.000000
vt 2.750000 1.750000 0.000000
vt 3.437500 2.187500 0.000000
vt 4.125000 2.625000 0.000000
vt 4.468750 2.843750 0.000000
vt 4.812500 3.062500 0.000000
vt 5.959579 4.695284 0.000000
vt 5.500000 3.500000 0.000000
vt 0.000000 0.000000 0.000000
vt 0.000000 -4.000000 0.000000
vt 1.375000 -0.875000 0.000000
vt 2.062500 -1.312500 0.000000
vt 2.750000 -1.750000 0.000000
vt 3.437500 -2.187500 0.000000
vt 4.125000 -2.625000 0.000000
vt 4.468750 -2.843750 0.000000
vt 4.812500 -3.062500 0.000000
vt 5.959579 -4.695284 0.000000
vt 5.500000 -3.500000 0.000000
vt 0.000000 0.000000 0.000000
vt 11.500000 0.000000 0.000000
vt 0.000000 6.500000 0.000000
vt 11.500000 6.500000 0.000000
vt 0.000000 0.000000 0.000000
vt 11.000000 0.000000 0.000000
vt 0.000000 6.500000 0.000000
vt 11.000000 6.500000 0.000000
vt 0.000000 0.000000 0.000000
vt 11.500000 0.000000 0.000000
vt 0.000000 6.500000 0.000000
vt 11.500000 6.500000 0.000000
vt 0.000000 0.000000 0.000000
vt 11.000000 0.000000 0.000000
vt 0.000000 6.500000 0.000000
vt 11.000000 6.500000 0.000000
vt 5.750000 5.500000 0.000000
vt -5.750000 5.500000 0.000000
vt 5.750000 -5.500000 0.000000
vt -5.750000 -5.500000 0.000000
vt 8.500000 0.000000 0.000000
vt 8.500000 1.500000 0.000000
vt 0.000000 0.000000 0.000000
vt 0.000000 4.000000 0.000000
vt 13.000000 4.000000 0.000000
vt 10.500000 1.500000 0.000000
vt 13.000000 0.000000 0.000000
vt 10.500000 0.000000 0.000000
vt 5.750000 5.500000 0.000000
vt 5.750000 -5.500000 0.000000
vt 6.750000 -6.500000 0.000000
vt -5.750000 -5.500000 0.000000
vt -6.750000 -6.500000 0.000000
vt -5.750000 5.500000 0.000000
vt -6.750000 6.500000 0.000000
vt 6.750000 6.500000 0.000000
vt 0.000000 0.000000 0.000000
vt 2.000000 0.000000 0.000000
vt 0.000000 1.500000 0.000000
vt 2.000000 1.500000 0.000000
vt 0.000000 0.000000 0.000000
vt 40.500000 0.000000 0.000000
vt 0.000000 1.500000 0.000000
vt 40.500000 1.500000 0.000000
vt -0.000000 0.000000 0.000000
vt 40.500000 0.000000 0.000000
vt -0.000000 1.500000 0.000000
vt 40.500000 1.500000 0.000000
vt 20.250000 1.000000 0.000000
vt -20.250000 1.000000 0.000000
vt 20.250000 -1.000000 0.000000
vt -20.250000 -1.000000 0.000000
vt 0.000000 1.000000 0.000000
vt 2.000000 1.000000 0.000000
vt 0.000000 2.000000 0.000000
vt 2.000000 2.000000 0.000000
vt -0.000000 1.000000 0.000000
vt 2.000000 1.000000 0.000000
vt -0.000000 2.000000 0.000000
vt 2.000000 2.000000 0.000000
vt -0.000000 1.000000 0.000000
vt 30.000000 1.000000 0.000000
vt -0.000000 2.000000 0.000000
vt 30.000000 2.000000 0.000000
vt 15.000000 1.000000 0.000000
vt -15.000000 1.000000 0.000000
vt 15.000000 -1.000000 0.000000
vt -15.000000 -1.000000 0.000000
vt 0.000000 0.000000 0.000000
vt 3.000000 0.000000 0.000000
vt 0.000000 1.000000 0.000000
vt 3.000000 1.000000 0.000000
vt -16.500000 -6.500000 0.000000
vt -16.500000 -10.000000 0.000000
vt -14.000000 -6.500000 0.000000
vt -2.500000 -10.000000 0.000000
vt -10.000000 -5.300000 0.000000
vt 24.000000 -5.300000 0.000000
vt 27.500000 -6.500000 0.000000
vt 24.000000 -2.300000 0.000000
vt 26.500000 2.000000 0.000000
vt -10.000000 -2.300000 0.000000
vt -14.000000 2.000000 0.000000
vt 27.500000 6.500000 0.000000
vt 26.500000 4.000000 0.000000
vt -2.500000 10.000000 0.000000
vt -14.000000 4.000000 0.000000
vt -14.000000 6.500000 0.000000
vt -16.500000 10.000000 0.000000
vt -16.500000 6.500000 0.000000
vt 0.000000 1.000000 0.000000
vt 0.000000 0.000000 0.000000
vt 2.000000 1.000000 0.000000
vt 34.000000 0.000000 0.000000
vt 32.000000 1.000000 0.000000
vt 34.000000 1.000000 0.000000
vt 32.000000 2.000000 0.000000
vt 2.000000 2.000000 0.000000
vt 0.000000 0.000000 0.000000
vt 3.000000 0.000000 0.000000
vt 0.000000 1.000000 0.000000
vt 3.000000 1.000000 0.000000
vt -2.000000 0.000000 0.000000
vt 32.000000 0.000000 0.000000
vt -2.000000 1.000000 0.000000
vt 32.000000 1.000000 0.000000
vt 18.000000 -1.500000 0.000000
vt 18.000000 1.500000 0.000000
vt 16.000000 0.500000 0.000000
vt -16.000000 1.500000 0.000000
vt -14.000000 0.500000 0.000000
vt -16.000000 -1.500000 0.000000
vt -14.000000 -1.500000 0.000000
vt 16.000000 -1.500000 0.000000
vt -0.000000 0.000000 0.000000
vt -5.532630 0.000000 0.000000
vt -0.000000 -7.000000 0.000000
vt -5.532630 -7.000000 0.000000
vt 0.000000 1.500000 0.000000
vt 7.000000 1.500000 0.000000
vt 0.000000 3.000000 0.000000
vt 7.000000 3.000000 0.000000
vt 8.000000 1.500000 0.000000
vt 7.000000 2.400000 0.000000
vt 0.000000 1.500000 0.000000
vt 1.500000 3.000000 0.000000
vt 0.000000 3.000000 0.000000
vt 8.000000 2.400000 0.000000
vt -6.500000 2.400000 0.000000
vt -6.500000 1.500000 0.000000
vt -5.500000 2.400000 0.000000
vt 1.500000 1.500000 0.000000
vt 0.000000 3.000000 0.000000
vt 1.500000 3.000000 0.000000
vt 0.750000 3.500000 0.000000
vt -0.750000 3.500000 0.000000
vt 0.750000 -3.500000 0.000000
vt -0.750000 -3.500000 0.000000
vt 0.000000 1.500000 0.000000
vt 7.000000 1.500000 0.000000
vt -0.000000 2.400000 0.000000
vt 7.000000 2.400000 0.000000
vt 0.500000 3.500000 0.000000
vt -0.500000 3.500000 0.000000
vt 0.500000 -3.500000 0.000000
vt -0.500000 -3.500000 0.000000
vt 11.000000 1.500000 0.000000
vt 0.000000 1.500000 0.000000
vt 11.000000 0.000000 0.000000
vt 0.000000 -4.000000 0.000000
vt 13.500000 -4.000000 0.000000
vt 13.500000 0.000000 0.000000
vt 13.000000 1.500000 0.000000
vt 0.000000 1.500000 0.000000
vt 13.000000 -4.000000 0.000000
vt 0.000000 -4.000000 0.000000
vt -2.500000 -4.000000 0.000000
vt 11.000000 -4.000000 0.000000
vt 0.000000 0.000000 0.000000
vt 11.000000 1.500000 0.000000
vt 0.000000 1.500000 0.000000
vt -2.500000 0.000000 0.000000
vt 0.000000 0.000000 0.000000
vt 3.500000 0.000000 0.000000
vt 0.000000 1.500000 0.000000
vt 3.500000 1.500000 0.000000
vt 0.000000 0.000000 0.000000
vt 14.000000 0.000000 0.000000
vt 0.000000 1.500000 0.000000
vt 14.000000 1.500000 0.000000
vt 30.203477 -0.000000 0.000000
vt 10.000000 1.500000 0.000000
vt -0.000000 0.000000 0.000000
vt 9.439943 1.534477 0.000000
vt 8.890920 1.637228 0.000000
vt 30.203477 1.500000 0.000000
vt 8.363746 1.806229 0.000000
vt 7.868809 2.038151 0.000000
vt 7.415858 2.328424 0.000000
vt 7.013818 2.671330 0.000000
vt 6.670608 3.060113 0.000000
vt 0.000000 5.000000 0.000000
vt 6.392991 3.487114 0.000000
vt 6.222678 3.848507 0.000000
vt 6.099485 4.224264 0.000000
vt 6.024949 4.609697 0.000000
vt 6.000000 5.000000 0.000000
vt 13.000000 0.000000 0.000000
vt 6.500000 1.500000 0.000000
vt 0.000000 0.000000 0.000000
vt 5.780906 2.249140 0.000000
vt 5.625606 2.335567 0.000000
vt 13.000000 5.000000 0.000000
vt 8.040755 3.116714 0.000000
vt 7.913117 2.909400 0.000000
vt 7.785771 2.729058 0.000000
vt 9.000000 5.000000 0.000000
vt 8.803043 4.604789 0.000000
vt 8.623707 4.243134 0.000000
vt 8.460454 3.914469 0.000000
vt 8.310939 3.617932 0.000000
vt 8.172174 3.352433 0.000000
vt 7.655453 2.574238 0.000000
vt 7.519193 2.443523 0.000000
vt 7.374394 2.335567 0.000000
vt 7.219094 2.249140 0.000000
vt 7.052439 2.183156 0.000000
vt 6.875174 2.136717 0.000000
vt 6.500000 2.100000 0.000000
vt 6.124826 2.136717 0.000000
vt 5.947561 2.183156 0.000000
vt 5.480807 2.443523 0.000000
vt 5.344547 2.574238 0.000000
vt 5.214229 2.729058 0.000000
vt 5.086883 2.909400 0.000000
vt 4.959245 3.116714 0.000000
vt 0.000000 5.000000 0.000000
vt 4.827826 3.352433 0.000000
vt 4.689061 3.617932 0.000000
vt 4.539546 3.914469 0.000000
vt 4.376293 4.243134 0.000000
vt 4.196957 4.604789 0.000000
vt 4.000000 5.000000 0.000000
vt 0.000000 1.500000 0.000000
vt 0.000000 0.000000 0.000000
vt 20.203477 1.500000 0.000000
vt 30.203477 0.000000 0.000000
vt 20.763534 1.534477 0.000000
vt 21.312557 1.637228 0.000000
vt 21.839730 1.806229 0.000000
vt 22.334668 2.038151 0.000000
vt 22.787618 2.328424 0.000000
vt 23.189659 2.671330 0.000000
vt 23.532869 3.060113 0.000000
vt 30.203477 5.000000 0.000000
vt 23.810486 3.487114 0.000000
vt 23.980799 3.848507 0.000000
vt 24.103992 4.224264 0.000000
vt 24.178528 4.609697 0.000000
vt 24.203477 5.000000 0.000000
vt 0.000000 0.000000 0.000000
vt 14.000000 0.000000 0.000000
vt 0.000000 1.500000 0.000000
vt 14.000000 1.500000 0.000000
vt 0.000000 0.000000 0.000000
vt 3.500000 0.000000 0.000000
vt 0.000000 1.500000 0.000000
vt 3.500000 1.500000 0.000000
vn -87.874335 -2.050046 -47.685412
vn -92.545120 -11.895041 -35.970944
vn -90.227924 -10.961846 -41.698437
vn -91.953172 -14.735626 -36.434537
vn -92.176665 -16.601390 -35.040780
vn -93.250779 -18.317935 -31.124677
vn -93.327292 -19.865538 -29.922850
vn -94.654593 -24.917527 -20.484746
vn -94.565401 -25.873485 -19.696386
vn -94.805165 -27.900301 -15.282468
vn -94.691494 -28.590403 -14.700675
vn -94.625020 -30.717701 -10.125634
vn -94.520248 -31.159765 -9.746375
vn -94.131053 -33.377658 -5.027607
vn -94.065263 -33.589717 -4.843273
vn -93.338492 -35.887686 -0.000614
vn -94.847485 -20.864247 -23.846129
vn -95.020619 -28.862049 -11.750072
vn -93.338530 -35.887586 -0.000701
vn -91.478644 -19.586380 -35.327489
vn -92.362218 -28.910107 -25.167963
vn -90.962967 -34.974657 -22.416779
vn -92.903710 -30.093906 -21.523419
vn -93.572099 -32.263976 -14.258263
vn -93.918250 -30.494317 -15.794269
vn -94.018966 -31.947263 -11.823972
vn -94.308187 -30.623605 -12.967680
vn -94.188882 -32.468803 -8.615757
vn -94.412602 -31.598985 -9.368287
vn -93.998833 -33.801042 -4.659295
vn -93.338482 -35.887711 -0.000592
vn -92.348665 -18.445052 -33.637838
vn -92.541874 -22.055818 -30.814646
vn -92.542268 -25.549300 -27.985030
vn -93.343736 -24.388555 -26.308657
vn -93.186158 -27.291255 -23.906637
vn -94.215972 -28.678820 -17.345776
vn -93.338472 -35.887736 -0.000570
vn -93.864079 -34.221481 -4.292419
vn -93.338453 -35.887786 -0.000526
vn -93.726843 -34.638960 -3.927007
vn -93.338434 -35.887836 -0.000482
vn -93.587172 -35.053467 -3.563087
vn -93.704294 -33.244760 -10.690702
vn -93.709097 -34.173419 -7.126194
vn -93.954250 -33.326996 -7.868310
vn -93.338415 -35.887886 -0.000438
vn -93.367749 -21.394101 -28.718565
vn -94.462345 -26.819208 -18.910196
vn -94.570671 -29.274384 -14.120856
vn 0.000000 0.000000 -100.000000
vn -13.178657 -7.064702 -98.875745
vn -7.420921 -19.830040 -97.732796
vn -17.671072 -23.540713 -95.569703
vn -14.758111 -39.436334 -90.702667
vn -23.815061 -40.258987 -88.385841
vn -21.027801 -56.190075 -80.003169
vn -28.831225 -54.744539 -78.560779
vn -25.752677 -68.815797 -67.832041
vn -32.500710 -66.138560 -67.597298
vn -29.023242 -77.555336 -56.060872
vn -34.958847 -74.496983 -56.816182
vn -31.186322 -83.335476 -45.635641
vn -36.495815 -80.374928 -46.988578
vn -32.590676 -87.088163 -36.789940
vn -37.886798 -87.183980 -31.041008
vn -33.498591 -89.514276 -29.411542
vn -34.466243 -92.100017 -18.156680
vn -38.179197 -90.349429 -19.476385
vn -38.145432 -91.222356 -14.946833
vn -42.601684 -88.039251 -20.837149
vn -42.257844 -89.195388 -16.076606
vn -47.818061 -84.985965 -22.154429
vn -47.139986 -86.501310 -17.185610
vn -53.848773 -80.980700 -23.290254
vn -52.836467 -82.933219 -18.176601
vn -57.151697 -78.543807 -23.760344
vn -55.984249 -80.744163 -18.604947
vn -60.618819 -75.781799 -24.134575
vn -59.313064 -78.244936 -18.965506
vn -64.211444 -72.681690 -24.377498
vn -62.792449 -75.414026 -19.231044
vn -67.875074 -69.247188 -24.449976
vn -66.376408 -72.242359 -19.370440
vn -71.539998 -65.505578 -24.311477
vn -70.002664 -68.740109 -19.350052
vn -75.124566 -61.513972 -23.923438
vn -73.594228 -64.943833 -19.136043
vn -81.738174 -53.090907 -22.365745
vn -80.352454 -56.715930 -18.077233
vn -86.312380 -46.242569 -20.292806
vn -85.140792 -49.774238 -16.539974
vn -91.204553 -33.314096 -23.914442
vn -83.800552 -53.015899 -12.914407
vn -82.501679 -56.510821 0.000000
vn -73.713949 -67.574061 0.000000
vn -25.492557 -9.095366 -96.267356
vn -27.257242 -23.860953 -93.207820
vn -32.478415 -38.452373 -86.409303
vn -36.616166 -51.425277 -77.554480
vn -39.552786 -62.093430 -67.675572
vn -41.417616 -70.352256 -57.750681
vn -42.456941 -76.490745 -48.441451
vn -43.012142 -84.138187 -32.721874
vn -36.581828 -22.079752 -90.411584
vn -37.450855 -8.311749 -92.349057
vn -45.815088 -19.112973 -86.808248
vn -48.964433 -5.649770 -87.008990
vn -50.312800 -17.183287 -84.695672
vn -54.716287 -15.062543 -82.336187
vn -54.023191 -27.844398 -79.411487
vn -58.211897 -25.044455 -77.357290
vn -56.878841 -38.009641 -72.938773
vn -60.910973 -34.679683 -71.324420
vn -58.806407 -47.259992 -65.637639
vn -62.739154 -43.600836 -64.519499
vn -59.852955 -55.330054 -57.932797
vn -63.724535 -51.548013 -57.288620
vn -60.152101 -62.127519 -50.218484
vn -63.975343 -58.396191 -49.970394
vn -59.192818 -72.181861 -35.860692
vn -62.882514 -68.868075 -36.096782
vn -59.884034 -2.176223 -80.057270
vn -59.025045 -12.878378 -79.688088
vn -62.312727 -22.191161 -74.997843
vn -64.865593 -31.279996 -69.383115
vn -66.609548 -39.829370 -63.061790
vn -67.555801 -47.595156 -56.310877
vn -67.787627 -54.433836 -49.414523
vn -66.632358 -65.238358 -36.112123
vn -70.287836 0.242664 -71.130593
vn -67.340476 -8.834744 -73.397599
vn -63.235125 -10.759437 -76.717361
vn -79.741885 0.692948 -60.338641
vn -78.784311 -5.080209 -61.377715
vn -71.332954 -7.232279 -69.708707
vn -70.183490 -16.816616 -69.220511
vn -66.308958 -19.406468 -72.294613
vn -68.712537 -27.925434 -67.072777
vn -84.262210 -4.671451 -53.647531
vn -85.769022 -9.667788 -50.499591
vn -91.328083 -18.011841 -36.534296
vn -86.971026 -14.694496 -47.118068
vn -87.845325 -19.693731 -43.535684
vn -83.582705 -23.131634 -49.788140
vn -84.290796 -28.945010 -45.356897
vn -78.270995 -35.757836 -50.941423
vn -78.529776 -42.071601 -45.420862
vn -75.127749 -46.155554 -47.175058
vn -74.039897 -57.215701 -35.276864
vn -70.376635 -61.331563 -35.854828
vn -88.574524 -29.381442 -35.934448
vn -88.379926 -24.607595 -39.792650
vn -78.807095 -59.946126 -13.996561
vn -66.665987 -74.536207 0.000000
vn -71.946042 -67.886362 -14.670000
vn -68.373846 -71.463016 -14.766667
vn -59.921679 -80.058681 0.000000
vn -64.811740 -74.717621 -14.721259
vn -61.329253 -77.631790 -14.561179
vn -53.870252 -84.249605 0.000000
vn -57.979628 -80.209206 -14.312443
vn -54.799808 -82.468353 -13.998276
vn -48.654307 -87.365659 0.000000
vn -51.812228 -84.436286 -13.638423
vn -46.445915 -87.625043 -12.830777
vn -40.594811 -91.389613 0.000000
vn -41.880509 -90.017854 -11.950270
vn -38.052626 -91.812947 -11.062569
vn -35.048803 -93.656721 0.000000
vn -35.014985 -93.566354 -4.391846
vn -34.865859 -93.167861 -10.203998
vn -87.998091 -38.323863 -28.064526
vn -83.804711 -44.599851 -31.426481
vn -84.543767 -34.504733 -40.764872
vn -77.542905 -52.989959 -34.338930
vn -80.801970 -11.101310 -57.860198
vn -82.414119 -17.151469 -53.979070
vn -73.919679 -14.549213 -65.758661
vn -75.969808 -21.854180 -61.245270
vn -77.425783 -28.976234 -56.263897
vn -49.760839 -30.475202 -81.210350
vn -52.797417 -41.167341 -74.281106
vn -54.851905 -50.718889 -66.474528
vn -55.990920 -58.870084 -58.303774
vn -56.372875 -65.575512 -50.219032
vn -55.615695 -75.165265 -35.455287
vn -41.097506 -34.962003 -84.194141
vn -44.606890 -46.752929 -76.317684
vn -47.027544 -56.875909 -67.479932
vn -48.462048 -65.118446 -58.403920
vn -49.115052 -71.571676 -49.650849
vn -48.935660 -80.189718 -34.276964
vn -74.880559 -39.576008 -53.166168
vn -73.992249 -32.390164 -58.957819
vn -72.422677 -24.740330 -64.365145
vn -71.292472 -43.565895 -54.949033
vn -70.374478 -36.051901 -61.218406
vn -71.526641 -50.318783 -48.497007
vn 0.000000 0.000000 -100.000000
vn 0.000000 0.000000 -100.000000
vn 0.000000 0.000000 -100.000000
vn 0.000000 0.000000 -100.000000
vn 0.000000 0.000000 -100.000000
vn 0.000000 0.000000 -100.000000
vn 0.000000 0.000000 -100.000000
vn 0.000000 0.000000 -100.000000
vn 0.000000 0.000000 -100.000000
vn 0.000000 0.000000 -100.000000
vn 0.000000 0.000000 -100.000000
vn 0.000000 0.000000 -100.000000
vn 0.000000 0.000000 -100.000000
vn 0.000000 0.000000 -100.000000
vn 0.000000 0.000000 -100.000000
vn 0.000000 0.000000 -100.000000
vn 0.000000 0.000000 -100.000000
vn 0.000000 0.000000 -100.000000
vn 0.000000 0.000000 -100.000000
vn 0.000000 0.000000 -100.000000
vn 0.000000 0.000000 -100.000000
vn 0.000000 0.000000 -100.000000
vn 0.000000 0.000000 -100.000000
vn 0.000000 0.000000 -100.000000
vn 0.000000 0.000000 -100.000000
vn 0.000000 0.000000 -100.000000
vn 0.000000 0.000000 -100.000000
vn 0.000000 0.000000 -100.000000
vn 0.000000 0.000000 -100.000000
vn 0.000000 0.000000 -100.000000
vn 0.000000 0.000000 -100.000000
vn 0.000000 0.000000 -100.000000
vn 0.000000 0.000000 -100.000000
vn 0.000000 0.000000 -100.000000
vn 0.000000 0.000000 -100.000000
vn 0.000000 0.000000 -100.000000
vn 0.000000 0.000000 -100.000000
vn 0.000000 0.000000 -100.000000
vn -94.847485 20.864247 -23.846129
vn -94.805165 27.900301 -15.282468
vn -95.020619 28.862049 -11.750072
vn -94.625020 30.717701 -10.125634
vn -94.131053 33.377658 -5.027607
vn -94.065263 33.589717 -4.843273
vn -93.338482 35.887711 -0.000592
vn -92.545120 11.895041 -35.970944
vn -93.250779 18.317935 -31.124677
vn -94.654593 24.917527 -20.484746
vn -94.691494 28.590403 -14.700675
vn -94.520248 31.159765 -9.746375
vn -94.412602 31.598985 -9.368287
vn -93.998833 33.801042 -4.659295
vn -93.864079 34.221481 -4.292419
vn -93.338453 35.887786 -0.000526
vn -91.953172 14.735626 -36.434537
vn -87.874335 2.050046 -47.685412
vn -90.227924 10.961846 -41.698437
vn -92.176665 16.601390 -35.040780
vn -91.478644 19.586380 -35.327489
vn -92.348665 18.445052 -33.637838
vn -92.541874 22.055818 -30.814646
vn -93.343736 24.388555 -26.308657
vn -93.186158 27.291255 -23.906637
vn -93.918250 30.494317 -15.794269
vn -93.572099 32.263976 -14.258263
vn -93.704294 33.244760 -10.690702
vn -90.962967 34.974657 -22.416779
vn -93.709097 34.173419 -7.126194
vn -93.587172 35.053467 -3.563087
vn -93.954250 33.326996 -7.868310
vn -93.726843 34.638960 -3.927007
vn -94.188882 32.468803 -8.615757
vn -92.362218 28.910107 -25.167963
vn -92.542268 25.549300 -27.985030
vn -93.338376 35.887986 -0.000351
vn -93.338415 35.887886 -0.000438
vn -93.338434 35.887836 -0.000482
vn -93.338472 35.887736 -0.000570
vn -93.327292 19.865538 -29.922850
vn -93.367749 21.394101 -28.718565
vn -94.565401 25.873485 -19.696386
vn -94.462345 26.819208 -18.910196
vn -94.215972 28.678820 -17.345776
vn -93.338492 35.887686 -0.000614
vn -94.570671 29.274384 -14.120856
vn -92.903710 30.093906 -21.523419
vn -94.018966 31.947263 -11.823972
vn -94.308187 30.623605 -12.967680
vn -79.741885 -0.692948 -60.338641
vn -84.262210 4.671451 -53.647531
vn -85.769022 9.667788 -50.499591
vn -86.971026 14.694496 -47.118068
vn -80.801970 11.101310 -57.860198
vn -82.414119 17.151469 -53.979070
vn -73.919679 14.549213 -65.758661
vn -75.969808 21.854180 -61.245270
vn -70.183490 16.816616 -69.220511
vn -72.422677 24.740330 -64.365145
vn -66.308958 19.406468 -72.294613
vn -68.712537 27.925434 -67.072777
vn -62.312727 22.191161 -74.997843
vn -64.865593 31.279996 -69.383115
vn -58.211897 25.044455 -77.357290
vn -60.910973 34.679683 -71.324420
vn -54.023191 27.844398 -79.411487
vn -56.878841 38.009641 -72.938773
vn -49.760839 30.475202 -81.210350
vn -52.797417 41.167341 -74.281106
vn -41.097506 34.962003 -84.194141
vn -44.606890 46.752929 -76.317684
vn -32.478415 38.452373 -86.409303
vn -36.616166 51.425277 -77.554480
vn -23.815061 40.258987 -88.385841
vn -28.831225 54.744539 -78.560779
vn -14.758111 39.436334 -90.702667
vn -21.027801 56.190075 -80.003169
vn -78.784311 5.080209 -61.377715
vn -70.287836 -0.242664 -71.130593
vn -71.332954 7.232279 -69.708707
vn -67.340476 8.834744 -73.397599
vn -59.884034 2.176223 -80.057270
vn -63.235125 10.759437 -76.717361
vn -59.025045 12.878378 -79.688088
vn -48.964433 5.649770 -87.008990
vn -54.716287 15.062543 -82.336187
vn -50.312800 17.183287 -84.695672
vn -45.815088 19.112973 -86.808248
vn -37.450855 8.311749 -92.349057
vn -36.581828 22.079752 -90.411584
vn -25.492557 9.095366 -96.267356
vn -27.257242 23.860953 -93.207820
vn -13.178657 7.064702 -98.875745
vn -17.671072 23.540713 -95.569703
vn -7.420921 19.830040 -97.732796
vn -32.500710 66.138560 -67.597298
vn -25.752677 68.815797 -67.832041
vn -34.958847 74.496983 -56.816182
vn -29.023242 77.555336 -56.060872
vn -36.495815 80.374928 -46.988578
vn -31.186322 83.335476 -45.635641
vn -32.590676 87.088163 -36.789940
vn -37.886798 87.183980 -31.041008
vn -33.498591 89.514276 -29.411542
vn -38.179197 90.349429 -19.476385
vn -34.466243 92.100017 -18.156680
vn -38.145432 91.222356 -14.946833
vn -34.865859 93.167861 -10.203998
vn -38.052626 91.812947 -11.062569
vn -35.014985 93.566354 -4.391846
vn -40.594811 91.389613 0.000000
vn -35.048803 93.656721 0.000000
vn -48.654307 87.365659 0.000000
vn -46.445915 87.625043 -12.830777
vn -41.880509 90.017854 -11.950270
vn -53.870252 84.249605 0.000000
vn -54.799808 82.468353 -13.998276
vn -51.812228 84.436286 -13.638423
vn -47.139986 86.501310 -17.185610
vn -42.257844 89.195388 -16.076606
vn -42.601684 88.039251 -20.837149
vn -59.921679 80.058681 0.000000
vn -61.329253 77.631790 -14.561179
vn -57.979628 80.209206 -14.312443
vn -55.984249 80.744163 -18.604947
vn -52.836467 82.933219 -18.176601
vn -53.848773 80.980700 -23.290254
vn -47.818061 84.985965 -22.154429
vn -48.935660 80.189718 -34.276964
vn -43.012142 84.138187 -32.721874
vn -42.456941 76.490745 -48.441451
vn -66.665987 74.536207 0.000000
vn -68.373846 71.463016 -14.766667
vn -64.811740 74.717621 -14.721259
vn -62.792449 75.414026 -19.231044
vn -59.313064 78.244936 -18.965506
vn -60.618819 75.781799 -24.134575
vn -57.151697 78.543807 -23.760344
vn -59.192818 72.181861 -35.860692
vn -55.615695 75.165265 -35.455287
vn -56.372875 65.575512 -50.219032
vn -49.115052 71.571676 -49.650849
vn -48.462048 65.118446 -58.403920
vn -41.417616 70.352256 -57.750681
vn -39.552786 62.093430 -67.675572
vn -73.713949 67.574061 0.000000
vn -78.807095 59.946126 -13.996561
vn -71.946042 67.886362 -14.670000
vn -70.002664 68.740109 -19.350052
vn -66.376408 72.242359 -19.370440
vn -67.875074 69.247188 -24.449976
vn -64.211444 72.681690 -24.377498
vn -66.632358 65.238358 -36.112123
vn -62.882514 68.868075 -36.096782
vn -63.975343 58.396191 -49.970394
vn -60.152101 62.127519 -50.218484
vn -59.852955 55.330054 -57.932797
vn -55.990920 58.870084 -58.303774
vn -54.851905 50.718889 -66.474528
vn -47.027544 56.875909 -67.479932
vn -83.800552 53.015899 -12.914407
vn -82.501679 56.510821 0.000000
vn -91.204553 33.314096 -23.914442
vn -91.328083 18.011841 -36.534296
vn -88.574524 29.381442 -35.934448
vn -87.998091 38.323863 -28.064526
vn -86.312380 46.242569 -20.292806
vn -83.804711 44.599851 -31.426481
vn -81.738174 53.090907 -22.365745
vn -77.542905 52.989959 -34.338930
vn -75.124566 61.513972 -23.923438
vn -74.039897 57.215701 -35.276864
vn -71.539998 65.505578 -24.311477
vn -70.376635 61.331563 -35.854828
vn -87.845325 19.693731 -43.535684
vn -88.379926 24.607595 -39.792650
vn -83.582705 23.131634 -49.788140
vn -84.290796 28.945010 -45.356897
vn -77.425783 28.976234 -56.263897
vn -78.270995 35.757836 -50.941423
vn -73.992249 32.390164 -58.957819
vn -74.880559 39.576008 -53.166168
vn -70.374478 36.051901 -61.218406
vn -71.292472 43.565895 -54.949033
vn -66.609548 39.829370 -63.061790
vn -67.555801 47.595156 -56.310877
vn -62.739154 43.600836 -64.519499
vn -63.724535 51.548013 -57.288620
vn -58.806407 47.259992 -65.637639
vn -85.140792 49.774238 -16.539974
vn -80.352454 56.715930 -18.077233
vn -73.594228 64.943833 -19.136043
vn -67.787627 54.433836 -49.414523
vn -71.526641 50.318783 -48.497007
vn -75.127749 46.155554 -47.175058
vn -78.529776 42.071601 -45.420862
vn -84.543767 34.504733 -40.764872
vn -73.715414 -67.572463 -0.000000
vn -73.715414 -67.572463 -0.000000
vn -73.715414 -67.572463 -0.000000
vn -73.715414 -67.572463 -0.000000
vn -73.715414 -67.572463 -0.000000
vn -73.715414 -67.572463 -0.000000
vn -73.715414 -67.572463 -0.000000
vn -73.715414 -67.572463 -0.000000
vn -73.715414 -67.572463 -0.000000
vn -73.715414 -67.572463 -0.000000
vn -73.715414 -67.572463 -0.000000
vn -73.715414 -67.572463 -0.000000
vn -73.715414 -67.572463 -0.000000
vn -73.715414 -67.572463 -0.000000
vn -73.715414 -67.572463 -0.000000
vn -73.715414 -67.572463 -0.000000
vn -73.715414 -67.572463 -0.000000
vn -73.715414 -67.572463 -0.000000
vn -73.715414 -67.572463 -0.000000
vn -73.715414 -67.572463 -0.000000
vn -73.715414 -67.572463 -0.000000
vn -73.715414 -67.572463 -0.000000
vn -73.715414 -67.572463 -0.000000
vn -49.466584 -77.733184 -38.866555
vn -49.576114 -77.777405 -38.637860
vn -49.599441 -77.808752 -38.544695
vn -49.614890 -77.807367 -38.527604
vn -49.378830 -77.794368 -38.855726
vn -49.111570 -77.759177 -39.262757
vn -48.797020 -77.715235 -39.739061
vn -47.956206 -77.573336 -41.019263
vn -47.549439 -77.503692 -41.620049
vn -45.122245 -76.979201 -45.146270
vn -45.244273 -77.019118 -44.955658
vn -41.638994 -76.051428 -49.823434
vn -41.413673 -75.959670 -50.150137
vn -35.921580 -74.050629 -56.799159
vn -34.967125 -73.634567 -57.924526
vn -27.875530 -70.440189 -65.277367
vn -24.114470 -68.409687 -68.837541
vn -16.066123 -63.724699 -75.372690
vn -7.984876 -58.078359 -81.013246
vn -2.779919 -54.302612 -83.925553
vn 10.449643 -42.847326 -89.749159
vn 11.105874 -42.466338 -89.851376
vn 23.394336 -30.108662 -92.445517
vn 25.790352 -27.074140 -92.746152
vn 32.957127 -18.950676 -92.491620
vn 36.877216 -13.436298 -91.975741
vn 46.640916 -0.000000 -88.456910
vn 43.088602 -4.073952 -90.148629
vn 39.060544 -8.498152 -91.662726
vn 32.698500 -17.768205 -92.817557
vn 34.840385 -15.571662 -92.431980
vn 23.683835 -29.052692 -92.709315
vn 8.473115 -44.427942 -89.187243
vn -9.456406 -59.010615 -80.176827
vn -25.060953 -68.852921 -68.053096
vn -35.458341 -73.797506 -57.416323
vn -41.695066 -76.024353 -49.817860
vn -45.262030 -77.001865 -44.967338
vn -48.003851 -77.578195 -40.954290
vn -49.123856 -77.760100 -39.245555
vn -49.596556 -77.808569 -38.548778
vn -49.466584 -77.733184 -38.866556
vn 34.521207 -13.262391 -92.910684
vn 28.096865 -22.327417 -93.338377
vn 30.450630 -20.021849 -93.122955
vn 19.250963 -33.079573 -92.385834
vn 21.503254 -31.056310 -92.591121
vn 4.429820 -47.554878 -87.857329
vn 6.465335 -45.998471 -88.556988
vn -12.403262 -60.817639 -78.405191
vn -10.929760 -59.924120 -79.307252
vn -26.928825 -69.698696 -66.459989
vn -25.999202 -69.282608 -67.260402
vn -36.434025 -74.111373 -56.392076
vn -35.947332 -73.956446 -56.905478
vn -42.251199 -76.148377 -49.155477
vn -41.974239 -76.087249 -49.486300
vn -45.540731 -77.045966 -44.608978
vn -45.401526 -77.024120 -44.788239
vn -48.099234 -77.587781 -40.824012
vn -48.051527 -77.583010 -40.889207
vn -49.148482 -77.761939 -39.211064
vn -49.136161 -77.761020 -39.228324
vn -49.590791 -77.808202 -38.556935
vn -49.593672 -77.808385 -38.552858
vn -49.466583 -77.733184 -38.866557
vn 29.450611 -18.335226 -93.789557
vn 23.078075 -27.067816 -93.459808
vn 25.638479 -24.678578 -93.453925
vn 14.544790 -37.160369 -91.692727
vn 16.930133 -35.116455 -92.088030
vn 0.291157 -50.608968 -86.247595
vn 2.370395 -49.093076 -87.087606
vn -15.343941 -62.540070 -76.506883
vn -13.875221 -61.689993 -77.471434
vn -28.760717 -70.489968 -64.838150
vn -27.849449 -70.101152 -65.652393
vn -37.400236 -74.409131 -55.357959
vn -36.918350 -74.262271 -55.876207
vn -42.798507 -76.265416 -48.496124
vn -42.525952 -76.207759 -48.825412
vn -45.818264 -77.088431 -44.249978
vn -45.679645 -77.067403 -44.429556
vn -48.194739 -77.597188 -40.693287
vn -48.146971 -77.592507 -40.758705
vn -49.173177 -77.763770 -39.176457
vn -49.160821 -77.762855 -39.193775
vn -49.585035 -77.807835 -38.565077
vn -49.587912 -77.808018 -38.561008
vn -49.466582 -77.733184 -38.866558
vn 23.852939 -23.658798 -94.187571
vn 17.669040 -31.924615 -93.105446
vn 20.419720 -29.486437 -93.346586
vn 9.601007 -41.240498 -90.592726
vn 12.099828 -39.204222 -91.195522
vn -3.909186 -53.557673 -84.358129
vn -1.803551 -52.098492 -85.337532
vn -18.264906 -64.169305 -74.489553
vn -16.807729 -63.366828 -75.512551
vn -30.553863 -71.226736 -63.191879
vn -29.662293 -70.865152 -64.017799
vn -38.356423 -74.690692 -54.314688
vn -37.879616 -74.551940 -54.837423
vn -43.337053 -76.375638 -47.839960
vn -43.068871 -76.321369 -48.167634
vn -46.094612 -77.129261 -43.890361
vn -45.956587 -77.109050 -44.070245
vn -48.290365 -77.606414 -40.562114
vn -48.242537 -77.601824 -40.627756
vn -49.197942 -77.765592 -39.141732
vn -49.185551 -77.764682 -39.159109
vn -49.579288 -77.807468 -38.573205
vn -49.582160 -77.807651 -38.569143
vn -49.466581 -77.733184 -38.866559
vn 17.765077 -29.145899 -93.994248
vn 11.921302 -36.815357 -92.209067
vn 14.833278 -34.371498 -92.728496
vn 4.468944 -45.258759 -89.059942
vn 7.054921 -43.261358 -89.881494
vn -8.134348 -56.369834 -82.196559
vn -6.021053 -54.982673 -83.310579
vn -21.152841 -65.697984 -72.362505
vn -19.713818 -64.946621 -73.439103
vn -32.305817 -71.909316 -61.525478
vn -31.435129 -71.574768 -62.360928
vn -39.302058 -74.956001 -53.262990
vn -38.830592 -74.825380 -53.789847
vn -43.866902 -76.479211 -47.187130
vn -43.603060 -76.428245 -47.513119
vn -46.369762 -77.168458 -43.530154
vn -46.232338 -77.149063 -43.710330
vn -48.386111 -77.615459 -40.430493
vn -48.338223 -77.610960 -40.496360
vn -49.222777 -77.767406 -39.106888
vn -49.210351 -77.766500 -39.124325
vn -49.573550 -77.807100 -38.581320
vn -49.576418 -77.807284 -38.577264
vn -49.466580 -77.733184 -38.866561
vn 4.461069 -40.129095 -91.486363
vn 2.839435 -44.002938 -89.753435
vn 8.943542 -39.243789 -91.542002
vn -0.789814 -49.150791 -87.083730
vn 1.851146 -47.224583 -88.127249
vn -12.345820 -59.017195 -79.778139
vn -10.244220 -57.715727 -81.018213
vn -23.994950 -67.120154 -70.136491
vn -22.580396 -66.422696 -71.261148
vn -34.014457 -72.538320 -59.843202
vn -33.165671 -72.230466 -60.686061
vn -40.236637 -75.205032 -52.203604
vn -39.770760 -75.082551 -52.734212
vn -44.388124 -76.576300 -46.537778
vn -44.128587 -76.528555 -46.862011
vn -46.643700 -77.206023 -43.169379
vn -46.506884 -77.187444 -43.349835
vn -48.481977 -77.624320 -40.298422
vn -48.434029 -77.619913 -40.364514
vn -49.247683 -77.769212 -39.071926
vn -49.235221 -77.768310 -39.089422
vn -49.567822 -77.806733 -38.589421
vn -49.570685 -77.806916 -38.585372
vn -49.466580 -77.733184 -38.866562
vn -9.429251 -50.197061 -85.972928
vn -9.567135 -52.780726 -84.395882
vn -3.370555 -48.546659 -87.360525
vn -11.399360 -56.309575 -81.849168
vn -6.104454 -52.853463 -84.671407
vn -20.575752 -63.727001 -74.266465
vn -16.505166 -61.475788 -77.125268
vn -29.494751 -69.628807 -65.436144
vn -26.779237 -68.431382 -67.823436
vn -37.294944 -73.639381 -56.447574
vn -35.677990 -73.114632 -58.149219
vn -42.070732 -75.654310 -50.064746
vn -41.159679 -75.437790 -51.137273
vn -45.404994 -76.751688 -45.250026
vn -44.900796 -76.667071 -45.892034
vn -47.187882 -77.276269 -42.446224
vn -46.916411 -77.241959 -42.808061
vn -48.674065 -77.641485 -40.032927
vn -48.577962 -77.632996 -40.165901
vn -49.297707 -77.772797 -39.001644
vn -49.272659 -77.771009 -39.036845
vn -49.556392 -77.805997 -38.605580
vn -49.562102 -77.806365 -38.597507
vn -49.466578 -77.733184 -38.866564
vn -16.185652 -54.574957 -82.216779
vn -21.455466 -60.037080 -77.040327
vn -15.631302 -56.628380 -80.925206
vn -21.634948 -62.307515 -75.164504
vn -16.599358 -59.472142 -78.660827
vn -28.322264 -67.563113 -68.066696
vn -24.524325 -65.758237 -71.234905
vn -34.681997 -71.678565 -60.492499
vn -32.131781 -70.711132 -62.987971
vn -40.384808 -74.539769 -53.036686
vn -38.864166 -74.113915 -54.742161
vn -43.855195 -76.038921 -47.904116
vn -42.969370 -75.854656 -48.986777
vn -46.388304 -76.903115 -43.977678
vn -45.900802 -76.830316 -44.611870
vn -47.727052 -77.340021 -41.721094
vn -47.458100 -77.308955 -42.083894
vn -48.866621 -77.657897 -39.765619
vn -48.770285 -77.649786 -39.899500
vn -49.348015 -77.776346 -38.930880
vn -49.322825 -77.774576 -38.966322
vn -49.544998 -77.805261 -38.621684
vn -49.550691 -77.805629 -38.613639
vn -49.466576 -77.733184 -38.866566
vn -26.952264 -62.981267 -72.848716
vn -22.615064 -58.408720 -77.954989
vn -28.605601 -61.669094 -73.339229
vn -36.741232 -67.497570 -63.985623
vn -34.085778 -64.364595 -68.522687
vn -39.023312 -66.532713 -63.644160
vn -43.418611 -68.229246 -58.818316
vn -46.134393 -72.496903 -51.145057
vn -39.146458 -70.209455 -59.482663
vn -41.632335 -72.585303 -54.755114
vn -47.200802 -74.172688 -47.649729
vn -43.899757 -74.449030 -50.300629
vn -48.030589 -75.476640 -44.680414
vn -45.974355 -75.792063 -46.280903
vn -48.985072 -76.976542 -40.927676
vn -47.263422 -76.617946 -43.541467
vn -48.257066 -77.139196 -41.482526
vn -45.586960 -76.359710 -45.727714
vn -47.338749 -77.031865 -42.721595
vn -44.727839 -76.207223 -46.817514
vn -46.867589 -76.970245 -43.347554
vn -49.363389 -77.571040 -39.319073
vn -48.789941 -77.448149 -40.265690
vn -48.261104 -77.397304 -40.994184
vn -47.994724 -77.369469 -41.357849
vn -49.253112 -77.688407 -39.225532
vn -49.489794 -77.769677 -38.763870
vn -49.449496 -77.783335 -38.787886
vn -49.513325 -77.806653 -38.659481
vn -49.522318 -77.803787 -38.653728
vn -49.466571 -77.733183 -38.866573
vn -49.466573 -77.733184 -38.866571
vn -49.533640 -77.804524 -38.637734
vn -49.466575 -77.733184 -38.866569
vn -49.539315 -77.804893 -38.629716
vn -49.466575 -77.733184 -38.866567
vn -49.466577 -77.733184 -38.866565
vn -49.466579 -77.733184 -38.866563
vn -49.466580 -77.733184 -38.866561
vn -49.466581 -77.733184 -38.866560
vn -49.466582 -77.733184 -38.866559
vn -49.466582 -77.733184 -38.866558
vn -49.466583 -77.733184 -38.866557
vn -26.446712 -64.796892 -71.427826
vn -30.988267 -66.936104 -67.522480
vn -31.946427 -69.141209 -64.799067
vn -35.379539 -70.497443 -61.468681
vn -37.138539 -72.532706 -57.963225
vn -39.496040 -73.276404 -55.413279
vn -41.856311 -74.918638 -51.334656
vn -43.278388 -75.252346 -49.639355
vn -48.963073 -77.665816 -39.631283
vn -49.059639 -77.673542 -39.496491
vn -49.373277 -77.778107 -38.895315
vn -49.398611 -77.779859 -38.859629
vn 33.015602 18.883472 -92.484510
vn 43.088602 4.073952 -90.148629
vn 39.060544 8.498152 -91.662726
vn 34.521207 13.262391 -92.910684
vn 22.386734 27.210051 -93.586576
vn 29.450611 18.335226 -93.789557
vn 23.852939 23.658798 -94.187571
vn 17.765077 29.145899 -93.994248
vn 10.828218 37.226502 -92.178833
vn 4.461069 40.129095 -91.486363
vn -1.730668 46.904863 -88.300275
vn -9.429251 50.197061 -85.972928
vn -14.357573 55.404677 -82.001109
vn -16.185652 54.574957 -82.216779
vn -20.384025 59.010928 -78.116591
vn -22.615064 58.408720 -77.954989
vn -26.080618 62.133497 -73.886602
vn -28.605601 61.669094 -73.339229
vn -36.227124 66.932792 -64.865991
vn -34.085778 64.364595 -68.522687
vn -39.023312 66.532713 -63.644160
vn -43.418611 68.229246 -58.818316
vn -46.138898 72.503983 -51.130954
vn -38.282494 69.253985 -61.141935
vn -40.228373 71.305906 -57.420778
vn -32.874048 68.565757 -64.946393
vn -36.560062 71.314550 -59.813015
vn -33.429908 70.144937 -62.945446
vn -38.377391 73.226060 -56.259399
vn -36.191051 72.514849 -58.581606
vn -41.514089 75.026724 -51.454553
vn -38.823732 74.304616 -54.511851
vn -43.076127 76.009064 -48.652538
vn -41.493889 75.653676 -50.544817
vn -44.961554 76.757904 -45.680224
vn -44.068397 76.599328 -46.802984
vn -46.224814 77.166769 -43.687026
vn -45.238076 77.024585 -44.952527
vn -47.609306 77.510787 -41.538319
vn 13.803266 36.862138 -91.927431
vn 23.179534 30.304418 -92.435661
vn 3.931600 46.700036 -88.338266
vn 11.124513 42.445258 -89.859030
vn -7.714374 56.591713 -82.084508
vn -3.120613 54.536721 -83.761613
vn -16.112467 63.734741 -75.354304
vn -21.650257 66.303368 -71.659820
vn -27.700633 70.362826 -65.435064
vn -32.946799 72.370066 -60.638948
vn -35.886996 74.039686 -56.835275
vn -39.870778 75.247333 -52.422895
vn -41.693956 76.063906 -49.758379
vn -48.830275 77.703977 -39.720224
vn -48.797235 77.715252 -39.738765
vn -49.396906 77.795383 -38.830711
vn -49.599285 77.805399 -38.551664
vn -49.577807 77.803416 -38.583281
vn -49.398075 77.794091 -38.831813
vn -48.942095 77.713028 -39.564588
vn -46.756016 77.239164 -42.988214
vn -47.281402 77.305303 -42.288995
vn -45.839404 76.899578 -44.555628
vn -46.701665 77.024603 -43.430001
vn -44.615556 76.314281 -46.750216
vn -45.368692 76.448389 -45.796568
vn -42.796388 75.331426 -49.936415
vn -44.036918 75.600629 -48.428243
vn -40.482689 73.847868 -53.922577
vn -44.439869 74.835762 -49.241312
vn -42.282510 73.120614 -53.530974
vn -47.203515 74.176953 -47.640401
vn -49.575842 77.777424 -38.638170
vn -49.538644 77.767486 -38.705825
vn -49.566095 77.802657 -38.599854
vn -49.529816 77.766895 -38.718308
vn -49.554439 77.801900 -38.616343
vn -49.521020 77.766304 -38.730744
vn -49.542840 77.801143 -38.632747
vn -49.512255 77.765714 -38.743133
vn -49.537061 77.800765 -38.640918
vn -49.507884 77.765419 -38.749311
vn -49.531297 77.800387 -38.649068
vn -49.503521 77.765124 -38.755476
vn -49.519809 77.799631 -38.665306
vn -49.494819 77.764534 -38.767773
vn -49.512222 77.804921 -38.664378
vn -49.466573 77.733183 -38.866572
vn -49.466584 77.733184 -38.866556
vn -49.491598 77.800456 -38.699751
vn -49.489794 77.769676 -38.763872
vn -49.374466 77.745453 -38.959039
vn -49.364982 77.573542 -39.312137
vn -48.822087 77.466825 -40.190732
vn -48.378467 77.225843 -41.178793
vn -48.314491 77.419066 -40.890074
vn -47.548091 77.133258 -42.304132
vn -48.058447 77.392919 -41.239808
vn -47.126872 77.080958 -42.867048
vn -47.800913 77.365249 -41.589554
vn -48.985123 76.976622 -40.927464
vn -47.559711 76.778559 -42.931652
vn -46.110533 76.570360 -44.841931
vn -46.394029 76.038971 -45.449631
vn -48.029554 75.475013 -44.684275
vn -49.466581 77.733184 -38.866561
vn -49.466579 77.733184 -38.866563
vn -49.466578 77.733184 -38.866565
vn -49.466576 77.733184 -38.866567
vn -49.466575 77.733183 -38.866568
vn -49.466574 77.733183 -38.866569
vn -49.416868 77.795386 -38.805298
vn -49.435617 77.796669 -38.778835
vn -49.454321 77.797943 -38.752422
vn -49.463657 77.798575 -38.739235
vn -49.472982 77.799205 -38.726061
vn -35.966669 73.422517 -57.580663
vn -26.725506 68.742988 -67.528875
vn -15.528084 61.385853 -77.399326
vn -5.691564 53.573440 -84.246618
vn 2.903712 45.537829 -88.982440
vn -29.524983 65.542561 -69.515812
vn -24.628203 63.116357 -73.551187
vn -19.434978 60.295439 -77.374037
vn -8.412750 53.527168 -84.048010
vn -49.268552 77.737890 -39.107930
vn -49.215060 77.733977 -39.182991
vn -49.161205 77.729973 -39.258467
vn -49.052395 77.721689 -39.410678
vn -28.804132 66.778287 -68.636597
vn -30.129331 68.785016 -66.036695
vn -31.591336 70.815905 -63.143449
vn -24.498400 64.697504 -72.208458
vn -15.317137 59.662029 -78.777075
vn -23.069259 65.474862 -71.978134
vn -73.715414 67.572463 0.000000
vn -73.715414 67.572463 0.000000
vn -73.715414 67.572463 0.000000
vn -73.715414 67.572463 0.000000
vn -73.715414 67.572463 0.000000
vn -73.715414 67.572463 0.000000
vn -73.715414 67.572463 0.000000
vn -73.715414 67.572463 0.000000
vn -73.715414 67.572463 0.000000
vn -73.715414 67.572463 0.000000
vn -73.715414 67.572463 0.000000
vn -73.715414 67.572463 0.000000
vn -73.715414 67.572463 0.000000
vn -73.715414 67.572463 0.000000
vn -73.715414 67.572463 0.000000
vn -73.715414 67.572463 0.000000
vn -73.715414 67.572463 0.000000
vn -73.715414 67.572463 0.000000
vn -73.715414 67.572463 0.000000
vn -73.715414 67.572463 0.000000
vn -73.715414 67.572463 0.000000
vn -73.715414 67.572463 0.000000
vn -73.715414 67.572463 0.000000
vn 0.000000 0.000000 -100.000000
vn 0.000000 0.000000 -100.000000
vn 0.000000 0.000000 -100.000000
vn 0.000000 0.000000 -100.000000
vn 0.000000 0.000000 -100.000000
vn 0.000000 0.000000 -100.000000
vn 0.000000 0.000000 -100.000000
vn 0.000000 0.000000 -100.000000
vn 0.000000 0.000000 -100.000000
vn 0.000000 0.000000 -100.000000
vn 0.000000 0.000000 -100.000000
vn 0.000000 0.000000 -100.000000
vn 0.000000 0.000000 -100.000000
vn 0.000000 0.000000 -100.000000
vn 0.000000 0.000000 -100.000000
vn 0.000000 0.000000 -100.000000
vn 0.000000 0.000000 -100.000000
vn 0.000000 0.000000 -100.000000
vn 0.000000 0.000000 -100.000000
vn 0.000000 0.000000 -100.000000
vn 0.000000 0.000000 -100.000000
vn 0.000000 0.000000 -100.000000
vn 0.000000 -100.000000 0.000000
vn 0.000000 -100.000000 0.000000
vn 0.000000 -100.000000 0.000000
vn 0.000000 -100.000000 0.000000
vn -100.000000 0.000000 0.000000
vn -100.000000 0.000000 0.000000
vn -100.000000 0.000000 0.000000
vn -100.000000 0.000000 0.000000
vn 0.000000 100.000000 0.000000
vn 0.000000 100.000000 0.000000
vn 0.000000 100.000000 0.000000
vn 0.000000 100.000000 0.000000
vn 100.000000 0.000000 0.000000
vn 100.000000 0.000000 0.000000
vn 100.000000 0.000000 0.000000
vn 100.000000 0.000000 0.000000
vn 0.000000 0.000000 100.000000
vn 0.000000 0.000000 100.000000
vn 0.000000 0.000000 100.000000
vn 0.000000 0.000000 100.000000
vn 100.000000 0.000000 0.000000
vn 100.000000 0.000000 0.000000
vn 100.000000 0.000000 0.000000
vn 100.000000 0.000000 0.000000
vn 100.000000 0.000000 0.000000
vn 100.000000 0.000000 0.000000
vn 100.000000 0.000000 0.000000
vn 100.000000 0.000000 0.000000
vn 0.000000 0.000000 100.000000
vn 0.000000 0.000000 100.000000
vn 0.000000 0.000000 100.000000
vn 0.000000 0.000000 100.000000
vn 0.000000 0.000000 100.000000
vn 0.000000 0.000000 100.000000
vn 0.000000 0.000000 100.000000
vn 0.000000 0.000000 100.000000
vn 100.000000 0.000000 0.000000
vn 100.000000 0.000000 0.000000
vn 100.000000 0.000000 0.000000
vn 100.000000 0.000000 0.000000
vn 0.000000 -100.000000 0.000000
vn 0.000000 -100.000000 0.000000
vn 0.000000 -100.000000 0.000000
vn 0.000000 -100.000000 0.000000
vn 0.000000 100.000000 0.000000
vn 0.000000 100.000000 0.000000
vn 0.000000 100.000000 0.000000
vn 0.000000 100.000000 0.000000
vn 0.000000 0.000000 100.000000
vn 0.000000 0.000000 100.000000
vn 0.000000 0.000000 100.000000
vn 0.000000 0.000000 100.000000
vn 100.000000 0.000000 0.000000
vn 100.000000 0.000000 0.000000
vn 100.000000 0.000000 0.000000
vn 100.000000 0.000000 0.000000
vn -100.000000 0.000000 0.000000
vn -100.000000 0.000000 0.000000
vn -100.000000 0.000000 0.000000
vn -100.000000 0.000000 0.000000
vn 0.000000 100.000000 0.000000
vn 0.000000 100.000000 0.000000
vn 0.000000 100.000000 0.000000
vn 0.000000 100.000000 0.000000
vn 0.000000 0.000000 100.000000
vn 0.000000 0.000000 100.000000
vn 0.000000 0.000000 100.000000
vn 0.000000 0.000000 100.000000
vn 100.000000 0.000000 0.000000
vn 100.000000 0.000000 0.000000
vn 100.000000 0.000000 0.000000
vn 100.000000 0.000000 0.000000
vn 0.000000 -0.000000 100.000000
vn 0.000000 -0.000000 100.000000
vn 0.000000 -0.000000 100.000000
vn 0.000000 -0.000000 100.000000
vn 0.000000 -0.000000 100.000000
vn 0.000000 -0.000000 100.000000
vn 0.000000 -0.000000 100.000000
vn 0.000000 -0.000000 100.000000
vn 0.000000 -0.000000 100.000000
vn 0.000000 -0.000000 100.000000
vn 0.000000 -0.000000 100.000000
vn 0.000000 -0.000000 100.000000
vn 0.000000 -0.000000 100.000000
vn 0.000000 -0.000000 100.000000
vn 0.000000 -0.000000 100.000000
vn 0.000000 -0.000000 100.000000
vn 0.000000 -0.000000 100.000000
vn 0.000000 -0.000000 100.000000
vn 0.000000 -100.000000 0.000000
vn 0.000000 -100.000000 0.000000
vn 0.000000 -100.000000 0.000000
vn 0.000000 -100.000000 0.000000
vn 0.000000 -100.000000 0.000000
vn 0.000000 -100.000000 0.000000
vn 0.000000 -100.000000 0.000000
vn 0.000000 -100.000000 0.000000
vn -100.000000 0.000000 0.000000
vn -100.000000 0.000000 0.000000
vn -100.000000 0.000000 0.000000
vn -100.000000 0.000000 0.000000
vn 0.000000 100.000000 0.000000
vn 0.000000 100.000000 0.000000
vn 0.000000 100.000000 0.000000
vn 0.000000 100.000000 0.000000
vn 0.000000 0.000000 100.000000
vn 0.000000 0.000000 100.000000
vn 0.000000 0.000000 100.000000
vn 0.000000 0.000000 100.000000
vn 0.000000 0.000000 100.000000
vn 0.000000 0.000000 100.000000
vn 0.000000 0.000000 100.000000
vn 0.000000 0.000000 100.000000
vn -10.844751 0.000000 -99.410218
vn -10.844751 0.000000 -99.410218
vn -10.844751 0.000000 -99.410218
vn -10.844751 0.000000 -99.410218
vn 100.000000 0.000000 0.000000
vn 100.000000 0.000000 0.000000
vn 100.000000 0.000000 0.000000
vn 100.000000 0.000000 0.000000
vn 0.000000 -100.000000 0.000000
vn 0.000000 -100.000000 0.000000
vn 0.000000 -100.000000 0.000000
vn 0.000000 -100.000000 0.000000
vn 0.000000 -100.000000 0.000000
vn 0.000000 -100.000000 0.000000
vn 0.000000 100.000000 0.000000
vn 0.000000 100.000000 0.000000
vn 0.000000 100.000000 0.000000
vn 0.000000 100.000000 0.000000
vn 0.000000 100.000000 0.000000
vn 0.000000 100.000000 0.000000
vn 0.000000 0.000000 -100.000000
vn 0.000000 0.000000 -100.000000
vn 0.000000 0.000000 -100.000000
vn 0.000000 0.000000 -100.000000
vn -100.000000 0.000000 0.000000
vn -100.000000 0.000000 0.000000
vn -100.000000 0.000000 0.000000
vn -100.000000 0.000000 0.000000
vn 0.000000 0.000000 -100.000000
vn 0.000000 0.000000 -100.000000
vn 0.000000 0.000000 -100.000000
vn 0.000000 0.000000 -100.000000
vn 0.000000 100.000000 0.000000
vn 0.000000 100.000000 0.000000
vn 0.000000 100.000000 0.000000
vn 0.000000 100.000000 0.000000
vn 0.000000 100.000000 0.000000
vn 0.000000 100.000000 0.000000
vn -100.000000 0.000000 0.000000
vn -100.000000 0.000000 0.000000
vn -100.000000 0.000000 0.000000
vn -100.000000 0.000000 0.000000
vn 0.000000 -100.000000 0.000000
vn 0.000000 -100.000000 0.000000
vn 0.000000 -100.000000 0.000000
vn 0.000000 -100.000000 0.000000
vn 0.000000 -100.000000 0.000000
vn 0.000000 -100.000000 0.000000
vn -100.000000 0.000000 0.000000
vn -100.000000 0.000000 0.000000
vn -100.000000 0.000000 0.000000
vn -100.000000 0.000000 0.000000
vn 0.000000 -100.000000 0.000000
vn 0.000000 -100.000000 0.000000
vn 0.000000 -100.000000 0.000000
vn 0.000000 -100.000000 0.000000
vn 11.588070 -99.326314 0.000000
vn 11.588070 -99.326314 0.000000
vn 11.588070 -99.326314 0.000000
vn 11.588070 -99.326314 0.000000
vn 11.588070 -99.326314 0.000000
vn 11.588070 -99.326314 0.000000
vn 11.588070 -99.326314 0.000000
vn 11.588070 -99.326314 0.000000
vn 11.588070 -99.326314 0.000000
vn 11.588070 -99.326314 0.000000
vn 11.588070 -99.326314 0.000000
vn 11.588070 -99.326314 0.000000
vn 11.588070 -99.326314 0.000000
vn 11.588070 -99.326314 0.000000
vn 11.588070 -99.326314 0.000000
vn 11.588070 -99.326314 0.000000
vn 11.588070 -99.326314 0.000000
vn 100.000000 0.000000 0.000000
vn 100.000000 0.000000 0.000000
vn 100.000000 0.000000 0.000000
vn 100.000000 0.000000 0.000000
vn 100.000000 0.000000 0.000000
vn 100.000000 0.000000 0.000000
vn 100.000000 0.000000 0.000000
vn 100.000000 0.000000 0.000000
vn 100.000000 0.000000 0.000000
vn 100.000000 0.000000 0.000000
vn 100.000000 0.000000 0.000000
vn 100.000000 0.000000 0.000000
vn 100.000000 0.000000 0.000000
vn 100.000000 0.000000 0.000000
vn 100.000000 0.000000 0.000000
vn 100.000000 0.000000 0.000000
vn 100.000000 0.000000 0.000000
vn 100.000000 0.000000 0.000000
vn 100.000000 0.000000 0.000000
vn 100.000000 0.000000 0.000000
vn 100.000000 0.000000 0.000000
vn 100.000000 0.000000 0.000000
vn 100.000000 0.000000 0.000000
vn 100.000000 0.000000 0.000000
vn 100.000000 0.000000 0.000000
vn 100.000000 0.000000 0.000000
vn 100.000000 0.000000 0.000000
vn 100.000000 0.000000 0.000000
vn 100.000000 0.000000 0.000000
vn 100.000000 0.000000 0.000000
vn 100.000000 0.000000 0.000000
vn 100.000000 0.000000 0.000000
vn 100.000000 0.000000 0.000000
vn 100.000000 0.000000 0.000000
vn 100.000000 0.000000 0.000000
vn 100.000000 0.000000 0.000000
vn 11.588070 99.326314 0.000000
vn 11.588070 99.326314 0.000000
vn 11.588070 99.326314 0.000000
vn 11.588070 99.326314 0.000000
vn 11.588070 99.326314 0.000000
vn 11.588070 99.326314 0.000000
vn 11.588070 99.326314 0.000000
vn 11.588070 99.326314 0.000000
vn 11.588070 99.326314 0.000000
vn 11.588070 99.326314 0.000000
vn 11.588070 99.326314 0.000000
vn 11.588070 99.326314 0.000000
vn 11.588070 99.326314 0.000000
vn 11.588070 99.326314 0.000000
vn 11.588070 99.326314 0.000000
vn 11.588070 99.326314 0.000000
vn 11.588070 99.326314 0.000000
vn 0.000000 100.000000 0.000000
vn 0.000000 100.000000 0.000000
vn 0.000000 100.000000 0.000000
vn 0.000000 100.000000 0.000000
vn -100.000000 0.000000 0.000000
vn -100.000000 0.000000 0.000000
vn -100.000000 0.000000 0.000000
vn -100.000000 0.000000 0.000000
f 1/1/1 2/2/2 8/3/3
f 8/3/3 2/2/2 16/4/4
f 8/3/3 16/4/4 38/5/5
f 38/5/5 16/4/4 15/6/6
f 38/5/5 15/6/6 37/7/7
f 37/7/7 15/6/6 14/8/8
f 37/7/7 14/8/8 36/9/9
f 36/9/9 14/8/8 13/10/10
f 36/9/9 13/10/10 35/11/11
f 35/11/11 13/10/10 12/12/12
f 35/11/11 12/12/12 34/13/13
f 34/13/13 12/12/12 11/14/14
f 34/13/13 11/14/14 33/15/15
f 33/15/15 11/14/14 5/16/16
f 16/4/4 2/2/2 15/6/6
f 15/6/6 2/2/2 3/17/17
f 15/6/6 3/17/17 14/8/8
f 14/8/8 3/17/17 13/10/10
f 3/17/17 4/18/18 13/10/10
f 13/10/10 4/18/18 12/12/12
f 12/12/12 4/18/18 11/14/14
f 11/14/14 4/18/18 5/19/19
f 7/20/20 10/21/21 6/22/22
f 6/22/22 10/21/21 17/23/23
f 6/22/22 17/23/23 18/24/24
f 18/24/24 17/23/23 42/25/25
f 18/24/24 42/25/25 41/26/26
f 41/26/26 42/25/25 29/27/27
f 41/26/26 29/27/27 28/28/28
f 28/28/28 29/27/27 25/29/29
f 28/28/28 25/29/29 26/30/30
f 26/30/30 25/29/29 33/15/15
f 26/30/30 33/15/15 5/31/31
f 8/3/3 9/32/32 7/20/20
f 7/20/20 9/32/32 32/33/33
f 7/20/20 32/33/33 44/34/34
f 44/34/34 32/33/33 31/35/35
f 44/34/34 31/35/35 43/36/36
f 43/36/36 31/35/35 30/37/37
f 43/36/36 30/37/37 42/25/25
f 42/25/25 30/37/37 29/27/27
f 26/30/30 5/38/38 27/39/39
f 27/39/39 5/40/40 39/41/41
f 39/41/41 5/42/42 21/43/43
f 9/32/32 8/3/3 38/5/5
f 10/21/21 7/20/20 44/34/34
f 44/34/34 43/36/36 10/21/21
f 10/21/21 43/36/36 17/23/23
f 18/24/24 19/44/44 6/22/22
f 6/22/22 19/44/44 20/45/45
f 6/22/22 20/45/45 21/43/43
f 21/43/43 20/45/45 39/41/41
f 43/36/36 42/25/25 17/23/23
f 18/24/24 41/26/26 19/44/44
f 19/44/44 41/26/26 40/46/46
f 19/44/44 40/46/46 20/45/45
f 20/45/45 40/46/46 39/41/41
f 5/47/47 6/22/22 21/43/43
f 31/35/35 32/33/33 22/48/48
f 22/48/48 32/33/33 9/32/32
f 22/48/48 9/32/32 37/7/7
f 37/7/7 9/32/32 38/5/5
f 30/37/37 31/35/35 23/49/49
f 23/49/49 31/35/35 22/48/48
f 23/49/49 22/48/48 36/9/9
f 36/9/9 22/48/48 37/7/7
f 29/27/27 30/37/37 24/50/50
f 24/50/50 30/37/37 23/49/49
f 24/50/50 23/49/49 35/11/11
f 35/11/11 23/49/49 36/9/9
f 29/27/27 24/50/50 25/29/29
f 25/29/29 24/50/50 34/13/13
f 25/29/29 34/13/13 33/15/15
f 34/13/13 24/50/50 35/11/11
f 28/28/28 26/30/30 27/39/39
f 39/41/41 40/46/46 27/39/39
f 27/39/39 40/46/46 28/28/28
f 40/46/46 41/26/26 28/28/28
f 45/51/51 46/52/52 70/53/53
f 70/53/53 46/52/52 85/54/54
f 70/53/53 85/54/54 69/55/55
f 69/55/55 85/54/54 180/56/56
f 69/55/55 180/56/56 68/57/57
f 68/57/57 180/56/56 168/58/58
f 68/57/57 168/58/58 67/59/59
f 67/59/59 168/58/58 98/60/60
f 67/59/59 98/60/60 66/61/61
f 66/61/61 98/60/60 97/62/62
f 66/61/61 97/62/62 65/63/63
f 65/63/63 97/62/62 157/64/64
f 65/63/63 157/64/64 64/65/65
f 64/65/65 157/64/64 122/66/66
f 64/65/65 122/66/66 63/67/67
f 63/67/67 122/66/66 62/68/68
f 62/68/68 122/66/66 121/69/69
f 62/68/68 121/69/69 145/70/70
f 145/70/70 121/69/69 120/71/71
f 145/70/70 120/71/71 146/72/72
f 146/72/72 120/71/71 119/73/73
f 146/72/72 119/73/73 147/74/74
f 147/74/74 119/73/73 118/75/75
f 147/74/74 118/75/75 148/76/76
f 148/76/76 118/75/75 117/77/77
f 148/76/76 117/77/77 149/78/78
f 149/78/78 117/77/77 116/79/79
f 149/78/78 116/79/79 150/80/80
f 150/80/80 116/79/79 115/81/81
f 150/80/80 115/81/81 151/82/82
f 151/82/82 115/81/81 114/83/83
f 151/82/82 114/83/83 152/84/84
f 152/84/84 114/83/83 113/85/85
f 152/84/84 113/85/85 153/86/86
f 153/86/86 113/85/85 112/87/87
f 153/86/86 112/87/87 154/88/88
f 154/88/88 112/87/87 111/89/89
f 154/88/88 111/89/89 155/90/90
f 155/90/90 111/89/89 110/91/91
f 155/90/90 110/91/91 156/92/92
f 156/92/92 110/91/91 7/93/93
f 156/92/92 7/93/93 73/94/94
f 73/94/94 7/93/93 6/95/95
f 73/94/94 6/95/95 53/96/96
f 46/52/52 47/97/97 85/54/54
f 85/54/54 47/97/97 84/98/98
f 85/54/54 84/98/98 180/56/56
f 180/56/56 84/98/98 181/99/99
f 180/56/56 181/99/99 168/58/58
f 168/58/58 181/99/99 169/100/100
f 168/58/58 169/100/100 98/60/60
f 98/60/60 169/100/100 99/101/101
f 98/60/60 99/101/101 97/62/62
f 97/62/62 99/101/101 96/102/102
f 97/62/62 96/102/102 157/64/64
f 157/64/64 96/102/102 158/103/103
f 157/64/64 158/103/103 122/66/66
f 122/66/66 158/103/103 123/104/104
f 122/66/66 123/104/104 121/69/69
f 121/69/69 123/104/104 120/71/71
f 84/98/98 47/97/97 83/105/105
f 83/105/105 47/97/97 48/106/106
f 83/105/105 48/106/106 82/107/107
f 82/107/107 48/106/106 49/108/108
f 82/107/107 49/108/108 81/109/109
f 81/109/109 49/108/108 80/110/110
f 81/109/109 80/110/110 184/111/111
f 184/111/111 80/110/110 185/112/112
f 184/111/111 185/112/112 172/113/113
f 172/113/113 185/112/112 173/114/114
f 172/113/113 173/114/114 102/115/115
f 102/115/115 173/114/114 103/116/116
f 102/115/115 103/116/116 93/117/117
f 93/117/117 103/116/116 92/118/118
f 93/117/117 92/118/118 161/119/119
f 161/119/119 92/118/118 162/120/120
f 161/119/119 162/120/120 126/121/121
f 126/121/121 162/120/120 127/122/122
f 126/121/121 127/122/122 117/77/77
f 117/77/77 127/122/122 116/79/79
f 49/108/108 50/123/123 80/110/110
f 80/110/110 50/123/123 79/124/124
f 80/110/110 79/124/124 185/112/112
f 185/112/112 79/124/124 186/125/125
f 185/112/112 186/125/125 173/114/114
f 173/114/114 186/125/125 174/126/126
f 173/114/114 174/126/126 103/116/116
f 103/116/116 174/126/126 104/127/127
f 103/116/116 104/127/127 92/118/118
f 92/118/118 104/127/127 91/128/128
f 92/118/118 91/128/128 162/120/120
f 162/120/120 91/128/128 163/129/129
f 162/120/120 163/129/129 127/122/122
f 127/122/122 163/129/129 128/130/130
f 127/122/122 128/130/130 116/79/79
f 116/79/79 128/130/130 115/81/81
f 51/131/131 77/132/132 50/123/123
f 50/123/123 77/132/132 78/133/133
f 50/123/123 78/133/133 79/124/124
f 79/124/124 78/133/133 186/125/125
f 52/134/134 75/135/135 51/131/131
f 51/131/131 75/135/135 76/136/136
f 51/131/131 76/136/136 77/132/132
f 77/132/132 76/136/136 188/137/137
f 77/132/132 188/137/137 187/138/138
f 187/138/138 188/137/137 175/139/139
f 187/138/138 175/139/139 174/126/126
f 174/126/126 175/139/139 104/127/127
f 75/135/135 52/134/134 74/140/140
f 74/140/140 52/134/134 1/141/1
f 74/140/140 1/141/1 71/142/141
f 71/142/141 1/141/1 8/143/142
f 71/142/141 8/143/142 179/144/143
f 179/144/143 8/143/142 109/145/144
f 179/144/143 109/145/144 108/146/145
f 108/146/145 109/145/144 87/147/146
f 108/146/145 87/147/146 88/148/147
f 88/148/147 87/147/146 166/149/148
f 88/148/147 166/149/148 165/150/149
f 165/150/149 166/149/148 130/151/150
f 165/150/149 130/151/150 129/152/151
f 129/152/151 130/151/150 114/83/83
f 129/152/151 114/83/83 115/81/81
f 7/93/93 72/153/152 8/143/142
f 8/143/142 72/153/152 86/154/153
f 8/143/142 86/154/153 109/145/144
f 109/145/144 86/154/153 87/147/146
f 73/94/94 53/96/96 144/155/154
f 144/155/154 53/96/96 54/156/155
f 144/155/154 54/156/155 143/157/156
f 143/157/156 54/156/155 142/158/157
f 143/157/156 142/158/157 154/88/88
f 154/88/88 142/158/157 153/86/86
f 54/156/155 55/159/158 142/158/157
f 142/158/157 55/159/158 141/160/159
f 142/158/157 141/160/159 153/86/86
f 153/86/86 141/160/159 152/84/84
f 141/160/159 55/159/158 140/161/160
f 140/161/160 55/159/158 56/162/161
f 140/161/160 56/162/161 139/163/162
f 139/163/162 56/162/161 138/164/163
f 139/163/162 138/164/163 150/80/80
f 150/80/80 138/164/163 149/78/78
f 56/162/161 57/165/164 138/164/163
f 138/164/163 57/165/164 137/166/165
f 138/164/163 137/166/165 149/78/78
f 149/78/78 137/166/165 148/76/76
f 137/166/165 57/165/164 136/167/166
f 136/167/166 57/165/164 58/168/167
f 136/167/166 58/168/167 135/169/168
f 135/169/168 58/168/167 134/170/169
f 135/169/168 134/170/169 146/72/72
f 146/72/72 134/170/169 145/70/70
f 59/171/170 60/172/171 58/168/167
f 58/168/167 60/172/171 134/170/169
f 60/172/171 61/173/172 134/170/169
f 134/170/169 61/173/172 145/70/70
f 61/173/172 62/68/68 145/70/70
f 7/93/93 133/174/173 72/153/152
f 72/153/152 133/174/173 132/175/174
f 72/153/152 132/175/174 167/176/175
f 167/176/175 132/175/174 131/177/176
f 167/176/175 131/177/176 166/149/148
f 166/149/148 131/177/176 130/151/150
f 75/135/135 74/140/140 190/178/177
f 190/178/177 74/140/140 71/142/141
f 190/178/177 71/142/141 178/179/178
f 178/179/178 71/142/141 179/144/143
f 178/179/178 179/144/143 108/146/145
f 76/136/136 75/135/135 189/180/179
f 189/180/179 75/135/135 190/178/177
f 189/180/179 190/178/177 177/181/180
f 177/181/180 190/178/177 178/179/178
f 177/181/180 178/179/178 107/182/181
f 107/182/181 178/179/178 108/146/145
f 107/182/181 108/146/145 88/148/147
f 186/125/125 78/133/133 187/138/138
f 187/138/138 78/133/133 77/132/132
f 82/107/107 81/109/109 183/183/182
f 183/183/182 81/109/109 184/111/111
f 183/183/182 184/111/111 171/184/183
f 171/184/183 184/111/111 172/113/113
f 171/184/183 172/113/113 101/185/184
f 101/185/184 172/113/113 102/115/115
f 101/185/184 102/115/115 94/186/185
f 94/186/185 102/115/115 93/117/117
f 94/186/185 93/117/117 160/187/186
f 160/187/186 93/117/117 161/119/119
f 160/187/186 161/119/119 125/188/187
f 125/188/187 161/119/119 126/121/121
f 125/188/187 126/121/121 118/75/75
f 118/75/75 126/121/121 117/77/77
f 181/99/99 84/98/98 83/105/105
f 83/105/105 82/107/107 182/189/188
f 182/189/188 82/107/107 183/183/182
f 182/189/188 183/183/182 170/190/189
f 170/190/189 183/183/182 171/184/183
f 170/190/189 171/184/183 100/191/190
f 100/191/190 171/184/183 101/185/184
f 100/191/190 101/185/184 95/192/191
f 95/192/191 101/185/184 94/186/185
f 95/192/191 94/186/185 159/193/192
f 159/193/192 94/186/185 160/187/186
f 159/193/192 160/187/186 124/194/193
f 124/194/193 160/187/186 125/188/187
f 124/194/193 125/188/187 119/73/73
f 119/73/73 125/188/187 118/75/75
f 72/153/152 167/176/175 86/154/153
f 86/154/153 167/176/175 87/147/146
f 88/148/147 89/195/194 107/182/181
f 107/182/181 89/195/194 106/196/195
f 107/182/181 106/196/195 177/181/180
f 177/181/180 106/196/195 176/197/196
f 177/181/180 176/197/196 189/180/179
f 189/180/179 176/197/196 188/137/137
f 189/180/179 188/137/137 76/136/136
f 167/176/175 166/149/148 87/147/146
f 89/195/194 90/198/197 106/196/195
f 106/196/195 90/198/197 105/199/198
f 106/196/195 105/199/198 176/197/196
f 176/197/196 105/199/198 175/139/139
f 176/197/196 175/139/139 188/137/137
f 88/148/147 165/150/149 89/195/194
f 89/195/194 165/150/149 164/200/199
f 89/195/194 164/200/199 90/198/197
f 90/198/197 164/200/199 163/129/129
f 90/198/197 163/129/129 91/128/128
f 90/198/197 91/128/128 105/199/198
f 105/199/198 91/128/128 104/127/127
f 105/199/198 104/127/127 175/139/139
f 95/192/191 96/102/102 100/191/190
f 100/191/190 96/102/102 99/101/101
f 100/191/190 99/101/101 170/190/189
f 170/190/189 99/101/101 169/100/100
f 170/190/189 169/100/100 182/189/188
f 182/189/188 169/100/100 181/99/99
f 182/189/188 181/99/99 83/105/105
f 96/102/102 95/192/191 158/103/103
f 158/103/103 95/192/191 159/193/192
f 158/103/103 159/193/192 123/104/104
f 123/104/104 159/193/192 124/194/193
f 123/104/104 124/194/193 120/71/71
f 120/71/71 124/194/193 119/73/73
f 132/175/174 133/174/173 111/89/89
f 111/89/89 133/174/173 110/91/91
f 131/177/176 132/175/174 112/87/87
f 112/87/87 132/175/174 111/89/89
f 130/151/150 131/177/176 113/85/85
f 113/85/85 131/177/176 112/87/87
f 113/85/85 114/83/83 130/151/150
f 129/152/151 115/81/81 128/130/130
f 163/129/129 164/200/199 128/130/130
f 128/130/130 164/200/199 129/152/151
f 164/200/199 165/150/149 129/152/151
f 133/174/173 7/93/93 110/91/91
f 148/76/76 137/166/165 136/167/166
f 146/72/72 147/74/74 135/169/168
f 135/169/168 147/74/74 136/167/166
f 147/74/74 148/76/76 136/167/166
f 152/84/84 141/160/159 140/161/160
f 150/80/80 151/82/82 139/163/162
f 139/163/162 151/82/82 140/161/160
f 151/82/82 152/84/84 140/161/160
f 156/92/92 73/94/94 144/155/154
f 154/88/88 155/90/90 143/157/156
f 143/157/156 155/90/90 144/155/154
f 155/90/90 156/92/92 144/155/154
f 187/138/138 174/126/126 186/125/125
f 192/201/200 211/202/201 191/203/202
f 191/203/202 211/202/201 212/204/203
f 191/203/202 212/204/203 194/205/204
f 194/205/204 212/204/203 213/206/205
f 194/205/204 213/206/205 214/207/206
f 193/208/207 195/209/208 192/201/200
f 192/201/200 195/209/208 197/210/209
f 192/201/200 197/210/209 198/211/210
f 194/205/204 214/207/206 193/208/207
f 193/208/207 214/207/206 216/212/211
f 193/208/207 216/212/211 45/213/51
f 45/213/51 70/214/212 193/208/207
f 193/208/207 70/214/212 69/215/213
f 193/208/207 69/215/213 68/216/214
f 68/216/214 67/217/215 193/208/207
f 193/208/207 67/217/215 66/218/216
f 193/208/207 66/218/216 65/219/217
f 65/219/217 64/220/218 193/208/207
f 193/208/207 64/220/218 63/221/219
f 193/208/207 63/221/219 62/222/220
f 62/222/220 61/223/221 193/208/207
f 193/208/207 61/223/221 60/224/222
f 193/208/207 60/224/222 195/209/208
f 195/209/208 60/224/222 59/225/223
f 195/209/208 196/226/224 197/210/209
f 198/211/210 199/227/225 192/201/200
f 192/201/200 199/227/225 200/228/226
f 192/201/200 200/228/226 201/229/227
f 201/229/227 202/230/228 192/201/200
f 192/201/200 202/230/228 203/231/229
f 192/201/200 203/231/229 204/232/230
f 204/232/230 205/233/231 192/201/200
f 192/201/200 205/233/231 206/234/232
f 192/201/200 206/234/232 207/235/233
f 207/235/233 208/236/234 192/201/200
f 192/201/200 208/236/234 209/237/235
f 192/201/200 209/237/235 211/202/201
f 211/202/201 209/237/235 210/238/236
f 214/207/206 215/239/237 216/212/211
f 219/240/238 230/241/239 218/242/240
f 218/242/240 230/241/239 231/243/241
f 218/242/240 231/243/241 232/244/242
f 232/244/242 231/243/241 237/245/243
f 232/244/242 237/245/243 217/246/244
f 220/247/245 228/248/246 219/240/238
f 219/240/238 228/248/246 229/249/247
f 219/240/238 229/249/247 230/241/239
f 230/241/239 229/249/247 235/250/248
f 230/241/239 235/250/248 236/251/249
f 236/251/249 235/250/248 259/252/250
f 236/251/249 259/252/250 260/253/251
f 260/253/251 259/252/250 244/254/252
f 260/253/251 244/254/252 217/255/253
f 228/248/246 220/247/245 227/256/254
f 227/256/254 220/247/245 221/257/255
f 227/256/254 221/257/255 222/258/256
f 227/256/254 222/258/256 225/259/257
f 225/259/257 222/258/256 223/260/258
f 225/259/257 223/260/258 255/261/259
f 255/261/259 223/260/258 249/262/260
f 255/261/259 249/262/260 248/263/261
f 248/263/261 249/262/260 239/264/262
f 248/263/261 239/264/262 240/265/263
f 240/265/263 239/264/262 253/266/264
f 240/265/263 253/266/264 252/267/265
f 252/267/265 253/266/264 224/268/266
f 252/267/265 224/268/266 251/269/267
f 251/269/267 224/268/266 250/270/268
f 251/269/267 250/270/268 242/271/269
f 242/271/269 250/270/268 243/272/270
f 242/271/269 243/272/270 245/273/271
f 245/273/271 243/272/270 244/254/252
f 245/273/271 244/254/252 259/252/250
f 224/268/266 226/274/272 223/260/258
f 223/260/258 226/274/272 238/275/273
f 223/260/258 238/275/273 249/262/260
f 249/262/260 238/275/273 239/264/262
f 224/268/266 217/276/274 250/270/268
f 250/270/268 217/277/275 243/272/270
f 243/272/270 217/278/276 244/254/252
f 260/253/251 217/279/277 237/245/243
f 228/248/246 227/256/254 233/280/278
f 233/280/278 227/256/254 225/259/257
f 233/280/278 225/259/257 256/281/279
f 256/281/279 225/259/257 255/261/259
f 256/281/279 255/261/259 248/263/261
f 229/249/247 228/248/246 234/282/280
f 234/282/280 228/248/246 233/280/278
f 234/282/280 233/280/278 257/283/281
f 257/283/281 233/280/278 256/281/279
f 257/283/281 256/281/279 247/284/282
f 247/284/282 256/281/279 248/263/261
f 247/284/282 248/263/261 240/265/263
f 217/285/283 218/242/240 232/244/242
f 237/245/243 231/243/241 236/251/249
f 236/251/249 231/243/241 230/241/239
f 229/249/247 234/282/280 235/250/248
f 235/250/248 234/282/280 258/286/284
f 235/250/248 258/286/284 259/252/250
f 259/252/250 258/286/284 245/273/271
f 258/286/284 234/282/280 257/283/281
f 260/253/251 237/245/243 236/251/249
f 239/264/262 238/275/273 254/287/285
f 254/287/285 238/275/273 226/274/272
f 254/287/285 226/274/272 224/268/266
f 240/265/263 241/288/286 247/284/282
f 247/284/282 241/288/286 246/289/287
f 247/284/282 246/289/287 257/283/281
f 257/283/281 246/289/287 258/286/284
f 241/288/286 242/271/269 246/289/287
f 246/289/287 242/271/269 245/273/271
f 246/289/287 245/273/271 258/286/284
f 240/265/263 252/267/265 241/288/286
f 241/288/286 252/267/265 251/269/267
f 241/288/286 251/269/267 242/271/269
f 254/287/285 224/268/266 253/266/264
f 239/264/262 254/287/285 253/266/264
f 261/290/288 288/291/289 221/292/255
f 221/292/255 288/291/289 274/293/290
f 221/292/255 274/293/290 311/294/291
f 311/294/291 274/293/290 299/295/292
f 311/294/291 299/295/292 310/296/293
f 310/296/293 299/295/292 298/297/294
f 310/296/293 298/297/294 309/298/295
f 309/298/295 298/297/294 297/299/296
f 309/298/295 297/299/296 308/300/297
f 308/300/297 297/299/296 296/301/298
f 308/300/297 296/301/298 307/302/299
f 307/302/299 296/301/298 295/303/300
f 307/302/299 295/303/300 306/304/301
f 306/304/301 295/303/300 294/305/302
f 306/304/301 294/305/302 305/306/303
f 305/306/303 294/305/302 293/307/304
f 305/306/303 293/307/304 304/308/305
f 304/308/305 293/307/304 292/309/306
f 304/308/305 292/309/306 303/310/307
f 303/310/307 292/309/306 291/311/308
f 303/310/307 291/311/308 302/312/309
f 302/312/309 291/311/308 290/313/310
f 302/312/309 290/313/310 301/314/311
f 301/314/311 290/313/310 289/315/312
f 301/314/311 289/315/312 300/316/313
f 300/316/313 289/315/312 206/317/314
f 300/316/313 206/317/314 205/318/315
f 288/291/289 261/290/288 287/319/316
f 287/319/316 261/290/288 262/320/317
f 287/319/316 262/320/317 286/321/318
f 286/321/318 262/320/317 285/322/319
f 286/321/318 285/322/319 298/297/294
f 298/297/294 285/322/319 297/299/296
f 262/320/317 263/323/320 285/322/319
f 285/322/319 263/323/320 284/324/321
f 285/322/319 284/324/321 297/299/296
f 297/299/296 284/324/321 296/301/298
f 284/324/321 263/323/320 283/325/322
f 283/325/322 263/323/320 264/326/323
f 283/325/322 264/326/323 282/327/324
f 282/327/324 264/326/323 281/328/325
f 282/327/324 281/328/325 294/305/302
f 294/305/302 281/328/325 293/307/304
f 281/328/325 264/326/323 280/329/326
f 280/329/326 264/326/323 265/330/327
f 280/329/326 265/330/327 279/331/328
f 279/331/328 265/330/327 266/332/329
f 279/331/328 266/332/329 278/333/330
f 278/333/330 266/332/329 267/334/331
f 278/333/330 267/334/331 277/335/332
f 277/335/332 267/334/331 208/336/234
f 277/335/332 208/336/234 207/337/333
f 277/335/332 207/337/333 289/315/312
f 289/315/312 207/337/333 206/317/314
f 300/316/313 205/318/315 312/338/334
f 312/338/334 205/318/315 204/339/335
f 312/338/334 204/339/335 324/340/336
f 324/340/336 204/339/335 203/341/337
f 324/340/336 203/341/337 336/342/338
f 336/342/338 203/341/337 202/343/339
f 336/342/338 202/343/339 201/344/340
f 336/342/338 201/344/340 347/345/341
f 347/345/341 201/344/340 200/346/342
f 347/345/341 200/346/342 359/347/343
f 359/347/343 200/346/342 199/348/344
f 359/347/343 199/348/344 371/349/345
f 371/349/345 199/348/344 198/350/346
f 371/349/345 198/350/346 393/351/347
f 393/351/347 198/350/346 197/352/348
f 393/351/347 197/352/348 268/353/349
f 268/353/349 197/352/348 196/354/350
f 269/355/351 391/356/352 268/353/349
f 268/353/349 391/356/352 392/357/353
f 268/353/349 392/357/353 393/351/347
f 393/351/347 392/357/353 371/349/345
f 270/358/354 389/359/355 269/355/351
f 269/355/351 389/359/355 390/360/356
f 269/355/351 390/360/356 391/356/352
f 391/356/352 390/360/356 373/361/357
f 391/356/352 373/361/357 372/362/358
f 372/362/358 373/361/357 360/363/359
f 372/362/358 360/363/359 359/347/343
f 359/347/343 360/363/359 347/345/341
f 271/364/360 387/365/361 270/358/354
f 270/358/354 387/365/361 388/366/362
f 270/358/354 388/366/362 389/359/355
f 389/359/355 388/366/362 375/367/363
f 389/359/355 375/367/363 374/368/364
f 374/368/364 375/367/363 362/369/365
f 374/368/364 362/369/365 361/370/366
f 361/370/366 362/369/365 349/371/367
f 361/370/366 349/371/367 348/372/368
f 348/372/368 349/371/367 337/373/369
f 348/372/368 337/373/369 336/342/338
f 336/342/338 337/373/369 324/340/336
f 272/374/370 385/375/371 271/364/360
f 271/364/360 385/375/371 386/376/372
f 271/364/360 386/376/372 387/365/361
f 387/365/361 386/376/372 377/377/373
f 387/365/361 377/377/373 376/378/374
f 376/378/374 377/377/373 364/379/375
f 376/378/374 364/379/375 363/380/376
f 363/380/376 364/379/375 351/381/377
f 363/380/376 351/381/377 350/382/378
f 350/382/378 351/381/377 339/383/379
f 350/382/378 339/383/379 338/384/380
f 338/384/380 339/383/379 326/385/381
f 338/384/380 326/385/381 325/386/382
f 325/386/382 326/385/381 313/387/383
f 325/386/382 313/387/383 312/338/334
f 312/338/334 313/387/383 300/316/313
f 273/388/384 383/389/385 272/374/370
f 272/374/370 383/389/385 384/390/386
f 272/374/370 384/390/386 385/375/371
f 385/375/371 384/390/386 379/391/387
f 385/375/371 379/391/387 378/392/388
f 378/392/388 379/391/387 366/393/389
f 378/392/388 366/393/389 365/394/390
f 365/394/390 366/393/389 353/395/391
f 365/394/390 353/395/391 352/396/392
f 352/396/392 353/395/391 341/397/393
f 352/396/392 341/397/393 340/398/394
f 340/398/394 341/397/393 328/399/395
f 340/398/394 328/399/395 327/400/396
f 327/400/396 328/399/395 315/401/397
f 327/400/396 315/401/397 314/402/398
f 314/402/398 315/401/397 302/312/309
f 314/402/398 302/312/309 301/314/311
f 383/389/385 273/388/384 382/403/399
f 382/403/399 273/388/384 224/404/400
f 382/403/399 224/404/400 223/405/401
f 222/406/402 275/407/403 223/405/401
f 223/405/401 275/407/403 358/408/404
f 223/405/401 358/408/404 370/409/405
f 370/409/405 358/408/404 357/410/406
f 370/409/405 357/410/406 369/411/407
f 369/411/407 357/410/406 356/412/408
f 369/411/407 356/412/408 368/413/409
f 368/413/409 356/412/408 355/414/410
f 368/413/409 355/414/410 367/415/411
f 367/415/411 355/414/410 354/416/412
f 367/415/411 354/416/412 366/393/389
f 366/393/389 354/416/412 353/395/391
f 221/292/255 311/294/291 222/406/402
f 222/406/402 311/294/291 323/417/413
f 222/406/402 323/417/413 335/418/414
f 335/418/414 323/417/413 322/419/415
f 335/418/414 322/419/415 334/420/416
f 334/420/416 322/419/415 321/421/417
f 334/420/416 321/421/417 333/422/418
f 333/422/418 321/421/417 320/423/419
f 333/422/418 320/423/419 332/424/420
f 332/424/420 320/423/419 319/425/421
f 332/424/420 319/425/421 331/426/422
f 331/426/422 319/425/421 318/427/423
f 331/426/422 318/427/423 330/428/424
f 330/428/424 318/427/423 317/429/425
f 330/428/424 317/429/425 329/430/426
f 329/430/426 317/429/425 316/431/427
f 329/430/426 316/431/427 328/399/395
f 328/399/395 316/431/427 315/401/397
f 275/407/403 222/406/402 335/418/414
f 223/405/401 370/409/405 276/432/428
f 276/432/428 370/409/405 369/411/407
f 276/432/428 369/411/407 381/433/429
f 381/433/429 369/411/407 368/413/409
f 381/433/429 368/413/409 380/434/430
f 380/434/430 368/413/409 367/415/411
f 380/434/430 367/415/411 379/391/387
f 379/391/387 367/415/411 366/393/389
f 289/315/312 290/313/310 277/335/332
f 277/335/332 290/313/310 278/333/330
f 290/313/310 291/311/308 278/333/330
f 278/333/330 291/311/308 279/331/328
f 293/307/304 281/328/325 280/329/326
f 291/311/308 292/309/306 279/331/328
f 279/331/328 292/309/306 280/329/326
f 292/309/306 293/307/304 280/329/326
f 296/301/298 284/324/321 283/325/322
f 294/305/302 295/303/300 282/327/324
f 282/327/324 295/303/300 283/325/322
f 295/303/300 296/301/298 283/325/322
f 274/293/290 288/291/289 287/319/316
f 298/297/294 299/295/292 286/321/318
f 286/321/318 299/295/292 287/319/316
f 299/295/292 274/293/290 287/319/316
f 314/402/398 301/314/311 313/387/383
f 313/387/383 301/314/311 300/316/313
f 302/312/309 315/401/397 303/310/307
f 303/310/307 315/401/397 316/431/427
f 303/310/307 316/431/427 304/308/305
f 304/308/305 316/431/427 317/429/425
f 304/308/305 317/429/425 305/306/303
f 305/306/303 317/429/425 318/427/423
f 305/306/303 318/427/423 306/304/301
f 306/304/301 318/427/423 319/425/421
f 306/304/301 319/425/421 307/302/299
f 307/302/299 319/425/421 320/423/419
f 307/302/299 320/423/419 308/300/297
f 308/300/297 320/423/419 321/421/417
f 308/300/297 321/421/417 309/298/295
f 309/298/295 321/421/417 322/419/415
f 309/298/295 322/419/415 310/296/293
f 310/296/293 322/419/415 323/417/413
f 310/296/293 323/417/413 311/294/291
f 325/386/382 312/338/334 324/340/336
f 327/400/396 314/402/398 326/385/381
f 326/385/381 314/402/398 313/387/383
f 338/384/380 325/386/382 337/373/369
f 337/373/369 325/386/382 324/340/336
f 340/398/394 327/400/396 339/383/379
f 339/383/379 327/400/396 326/385/381
f 328/399/395 341/397/393 329/430/426
f 329/430/426 341/397/393 342/435/431
f 329/430/426 342/435/431 330/428/424
f 330/428/424 342/435/431 343/436/432
f 330/428/424 343/436/432 331/426/422
f 331/426/422 343/436/432 344/437/433
f 331/426/422 344/437/433 332/424/420
f 332/424/420 344/437/433 345/438/434
f 332/424/420 345/438/434 333/422/418
f 333/422/418 345/438/434 346/439/435
f 333/422/418 346/439/435 334/420/416
f 334/420/416 346/439/435 275/407/403
f 334/420/416 275/407/403 335/418/414
f 350/382/378 338/384/380 349/371/367
f 349/371/367 338/384/380 337/373/369
f 352/396/392 340/398/394 351/381/377
f 351/381/377 340/398/394 339/383/379
f 341/397/393 353/395/391 342/435/431
f 342/435/431 353/395/391 354/416/412
f 342/435/431 354/416/412 343/436/432
f 343/436/432 354/416/412 355/414/410
f 343/436/432 355/414/410 344/437/433
f 344/437/433 355/414/410 356/412/408
f 344/437/433 356/412/408 345/438/434
f 345/438/434 356/412/408 357/410/406
f 345/438/434 357/410/406 346/439/435
f 346/439/435 357/410/406 358/408/404
f 346/439/435 358/408/404 275/407/403
f 336/342/338 347/345/341 348/372/368
f 348/372/368 347/345/341 360/363/359
f 348/372/368 360/363/359 361/370/366
f 361/370/366 360/363/359 373/361/357
f 361/370/366 373/361/357 374/368/364
f 374/368/364 373/361/357 390/360/356
f 374/368/364 390/360/356 389/359/355
f 363/380/376 350/382/378 362/369/365
f 362/369/365 350/382/378 349/371/367
f 365/394/390 352/396/392 364/379/375
f 364/379/375 352/396/392 351/381/377
f 372/362/358 359/347/343 371/349/345
f 376/378/374 363/380/376 375/367/363
f 375/367/363 363/380/376 362/369/365
f 378/392/388 365/394/390 377/377/373
f 377/377/373 365/394/390 364/379/375
f 223/405/401 276/432/428 382/403/399
f 382/403/399 276/432/428 381/433/429
f 382/403/399 381/433/429 383/389/385
f 383/389/385 381/433/429 380/434/430
f 383/389/385 380/434/430 384/390/386
f 384/390/386 380/434/430 379/391/387
f 391/356/352 372/362/358 392/357/353
f 392/357/353 372/362/358 371/349/345
f 387/365/361 376/378/374 388/366/362
f 388/366/362 376/378/374 375/367/363
f 385/375/371 378/392/388 386/376/372
f 386/376/372 378/392/388 377/377/373
f 394/440/436 195/441/437 407/442/438
f 407/442/438 195/441/437 406/443/439
f 406/443/439 195/441/437 405/444/440
f 405/444/440 195/441/437 59/445/441
f 405/444/440 59/445/441 404/446/442
f 404/446/442 59/445/441 403/447/443
f 403/447/443 59/445/441 58/448/444
f 403/447/443 58/448/444 402/449/445
f 402/449/445 58/448/444 401/450/446
f 401/450/446 58/448/444 57/451/447
f 401/450/446 57/451/447 400/452/448
f 400/452/448 57/451/447 56/453/449
f 400/452/448 56/453/449 399/454/450
f 399/454/450 56/453/449 55/455/451
f 399/454/450 55/455/451 398/456/452
f 398/456/452 55/455/451 54/457/453
f 398/456/452 54/457/453 397/458/454
f 397/458/454 54/457/453 396/459/455
f 396/459/455 54/457/453 53/460/456
f 396/459/455 53/460/456 395/461/457
f 395/461/457 53/460/456 6/462/458
f 408/463/459 409/464/460 440/465/461
f 440/465/461 409/464/460 410/466/462
f 440/465/461 410/466/462 411/467/463
f 440/465/461 411/467/463 439/468/464
f 439/468/464 411/467/463 412/469/465
f 439/468/464 412/469/465 438/470/466
f 438/470/466 412/469/465 413/471/467
f 438/470/466 413/471/467 437/472/468
f 437/472/468 413/471/467 414/473/469
f 437/472/468 414/473/469 415/474/470
f 437/472/468 415/474/470 436/475/471
f 436/475/471 415/474/470 416/476/472
f 436/475/471 416/476/472 435/477/473
f 435/477/473 416/476/472 417/478/474
f 435/477/473 417/478/474 434/479/475
f 434/479/475 417/478/474 418/480/476
f 434/479/475 418/480/476 433/481/477
f 433/481/477 418/480/476 419/482/478
f 433/481/477 419/482/478 432/483/479
f 432/483/479 419/482/478 420/484/480
f 432/483/479 420/484/480 421/485/481
f 432/483/479 421/485/481 431/486/482
f 431/486/482 421/485/481 422/487/483
f 431/486/482 422/487/483 430/488/484
f 430/488/484 422/487/483 394/489/485
f 430/488/484 394/489/485 407/490/486
f 406/491/487 441/492/488 407/490/486
f 407/490/486 441/492/488 462/493/489
f 407/490/486 462/493/489 430/488/484
f 430/488/484 462/493/489 461/494/490
f 430/488/484 461/494/490 431/486/482
f 431/486/482 461/494/490 460/495/491
f 431/486/482 460/495/491 432/483/479
f 432/483/479 460/495/491 459/496/492
f 432/483/479 459/496/492 433/481/477
f 433/481/477 459/496/492 458/497/493
f 433/481/477 458/497/493 434/479/475
f 434/479/475 458/497/493 457/498/494
f 434/479/475 457/498/494 435/477/473
f 435/477/473 457/498/494 456/499/495
f 435/477/473 456/499/495 436/475/471
f 436/475/471 456/499/495 455/500/496
f 436/475/471 455/500/496 437/472/468
f 437/472/468 455/500/496 454/501/497
f 437/472/468 454/501/497 438/470/466
f 438/470/466 454/501/497 453/502/498
f 438/470/466 453/502/498 439/468/464
f 439/468/464 453/502/498 452/503/499
f 439/468/464 452/503/499 440/465/461
f 440/465/461 452/503/499 408/504/500
f 405/505/501 463/506/502 406/491/487
f 406/491/487 463/506/502 484/507/503
f 406/491/487 484/507/503 441/492/488
f 441/492/488 484/507/503 483/508/504
f 441/492/488 483/508/504 442/509/505
f 442/509/505 483/508/504 482/510/506
f 442/509/505 482/510/506 443/511/507
f 443/511/507 482/510/506 481/512/508
f 443/511/507 481/512/508 444/513/509
f 444/513/509 481/512/508 480/514/510
f 444/513/509 480/514/510 445/515/511
f 445/515/511 480/514/510 479/516/512
f 445/515/511 479/516/512 446/517/513
f 446/517/513 479/516/512 478/518/514
f 446/517/513 478/518/514 447/519/515
f 447/519/515 478/518/514 477/520/516
f 447/519/515 477/520/516 448/521/517
f 448/521/517 477/520/516 476/522/518
f 448/521/517 476/522/518 449/523/519
f 449/523/519 476/522/518 475/524/520
f 449/523/519 475/524/520 450/525/521
f 450/525/521 475/524/520 474/526/522
f 450/525/521 474/526/522 451/527/523
f 451/527/523 474/526/522 408/528/524
f 404/529/525 485/530/526 405/505/501
f 405/505/501 485/530/526 506/531/527
f 405/505/501 506/531/527 463/506/502
f 463/506/502 506/531/527 505/532/528
f 463/506/502 505/532/528 464/533/529
f 464/533/529 505/532/528 504/534/530
f 464/533/529 504/534/530 465/535/531
f 465/535/531 504/534/530 503/536/532
f 465/535/531 503/536/532 466/537/533
f 466/537/533 503/536/532 502/538/534
f 466/537/533 502/538/534 467/539/535
f 467/539/535 502/538/534 501/540/536
f 467/539/535 501/540/536 468/541/537
f 468/541/537 501/540/536 500/542/538
f 468/541/537 500/542/538 469/543/539
f 469/543/539 500/542/538 499/544/540
f 469/543/539 499/544/540 470/545/541
f 470/545/541 499/544/540 498/546/542
f 470/545/541 498/546/542 471/547/543
f 471/547/543 498/546/542 497/548/544
f 471/547/543 497/548/544 472/549/545
f 472/549/545 497/548/544 496/550/546
f 472/549/545 496/550/546 473/551/547
f 473/551/547 496/550/546 408/552/548
f 403/553/549 507/554/550 404/529/525
f 404/529/525 507/554/550 528/555/551
f 404/529/525 528/555/551 485/530/526
f 485/530/526 528/555/551 527/556/552
f 485/530/526 527/556/552 486/557/553
f 486/557/553 527/556/552 526/558/554
f 486/557/553 526/558/554 487/559/555
f 487/559/555 526/558/554 525/560/556
f 487/559/555 525/560/556 488/561/557
f 488/561/557 525/560/556 524/562/558
f 488/561/557 524/562/558 489/563/559
f 489/563/559 524/562/558 523/564/560
f 489/563/559 523/564/560 490/565/561
f 490/565/561 523/564/560 522/566/562
f 490/565/561 522/566/562 491/567/563
f 491/567/563 522/566/562 521/568/564
f 491/567/563 521/568/564 492/569/565
f 492/569/565 521/568/564 520/570/566
f 492/569/565 520/570/566 493/571/567
f 493/571/567 520/570/566 519/572/568
f 493/571/567 519/572/568 494/573/569
f 494/573/569 519/572/568 518/574/570
f 494/573/569 518/574/570 495/575/571
f 495/575/571 518/574/570 408/576/572
f 402/577/573 529/578/574 403/553/549
f 403/553/549 529/578/574 550/579/575
f 403/553/549 550/579/575 507/554/550
f 507/554/550 550/579/575 549/580/576
f 507/554/550 549/580/576 508/581/577
f 508/581/577 549/580/576 548/582/578
f 508/581/577 548/582/578 509/583/579
f 509/583/579 548/582/578 547/584/580
f 509/583/579 547/584/580 510/585/581
f 510/585/581 547/584/580 546/586/582
f 510/585/581 546/586/582 511/587/583
f 511/587/583 546/586/582 545/588/584
f 511/587/583 545/588/584 512/589/585
f 512/589/585 545/588/584 544/590/586
f 512/589/585 544/590/586 513/591/587
f 513/591/587 544/590/586 543/592/588
f 513/591/587 543/592/588 514/593/589
f 514/593/589 543/592/588 542/594/590
f 514/593/589 542/594/590 515/595/591
f 515/595/591 542/594/590 541/596/592
f 515/595/591 541/596/592 516/597/593
f 516/597/593 541/596/592 540/598/594
f 516/597/593 540/598/594 517/599/595
f 517/599/595 540/598/594 408/600/596
f 401/601/597 551/602/598 402/577/573
f 402/577/573 551/602/598 572/603/599
f 402/577/573 572/603/599 529/578/574
f 529/578/574 572/603/599 571/604/600
f 529/578/574 571/604/600 530/605/601
f 530/605/601 571/604/600 570/606/602
f 530/605/601 570/606/602 531/607/603
f 531/607/603 570/606/602 569/608/604
f 531/607/603 569/608/604 532/609/605
f 532/609/605 569/608/604 568/610/606
f 532/609/605 568/610/606 533/611/607
f 533/611/607 568/610/606 567/612/608
f 533/611/607 567/612/608 534/613/609
f 534/613/609 567/612/608 566/614/610
f 534/613/609 566/614/610 535/615/611
f 535/615/611 566/614/610 565/616/612
f 535/615/611 565/616/612 536/617/613
f 536/617/613 565/616/612 564/618/614
f 536/617/613 564/618/614 537/619/615
f 537/619/615 564/618/614 563/620/616
f 537/619/615 563/620/616 538/621/617
f 538/621/617 563/620/616 562/622/618
f 538/621/617 562/622/618 539/623/619
f 539/623/619 562/622/618 408/624/620
f 400/625/621 573/626/622 401/601/597
f 401/601/597 573/626/622 594/627/623
f 401/601/597 594/627/623 551/602/598
f 551/602/598 594/627/623 593/628/624
f 551/602/598 593/628/624 552/629/625
f 552/629/625 593/628/624 592/630/626
f 552/629/625 592/630/626 553/631/627
f 553/631/627 592/630/626 591/632/628
f 553/631/627 591/632/628 554/633/629
f 554/633/629 591/632/628 590/634/630
f 554/633/629 590/634/630 555/635/631
f 555/635/631 590/634/630 589/636/632
f 555/635/631 589/636/632 556/637/633
f 556/637/633 589/636/632 588/638/634
f 556/637/633 588/638/634 557/639/635
f 557/639/635 588/638/634 587/640/636
f 557/639/635 587/640/636 558/641/637
f 558/641/637 587/640/636 586/642/638
f 558/641/637 586/642/638 559/643/639
f 559/643/639 586/642/638 585/644/640
f 559/643/639 585/644/640 560/645/641
f 560/645/641 585/644/640 584/646/642
f 560/645/641 584/646/642 561/647/643
f 561/647/643 584/646/642 408/648/644
f 399/649/645 595/650/646 400/625/621
f 400/625/621 595/650/646 616/651/647
f 400/625/621 616/651/647 573/626/622
f 573/626/622 616/651/647 615/652/648
f 573/626/622 615/652/648 574/653/649
f 574/653/649 615/652/648 614/654/650
f 574/653/649 614/654/650 575/655/651
f 575/655/651 614/654/650 613/656/652
f 575/655/651 613/656/652 576/657/653
f 576/657/653 613/656/652 612/658/654
f 576/657/653 612/658/654 577/659/655
f 577/659/655 612/658/654 611/660/656
f 577/659/655 611/660/656 578/661/657
f 578/661/657 611/660/656 610/662/658
f 578/661/657 610/662/658 579/663/659
f 579/663/659 610/662/658 609/664/660
f 579/663/659 609/664/660 580/665/661
f 580/665/661 609/664/660 608/666/662
f 580/665/661 608/666/662 581/667/663
f 581/667/663 608/666/662 607/668/664
f 581/667/663 607/668/664 582/669/665
f 582/669/665 607/668/664 606/670/666
f 582/669/665 606/670/666 583/671/667
f 583/671/667 606/670/666 408/672/668
f 595/650/646 399/649/645 617/673/669
f 617/673/669 399/649/645 398/674/670
f 617/673/669 398/674/670 397/675/671
f 617/673/669 397/675/671 628/676/672
f 628/676/672 397/675/671 396/677/673
f 628/676/672 396/677/673 395/678/674
f 6/679/675 423/680/676 395/678/674
f 395/678/674 423/680/676 629/681/677
f 395/678/674 629/681/677 628/676/672
f 628/676/672 629/681/677 617/673/669
f 629/681/677 423/680/676 630/682/678
f 630/682/678 423/680/676 424/683/679
f 630/682/678 424/683/679 631/684/680
f 631/684/680 424/683/679 425/685/681
f 631/684/680 425/685/681 632/686/682
f 632/686/682 425/685/681 426/687/683
f 632/686/682 426/687/683 633/688/684
f 633/688/684 426/687/683 634/689/685
f 633/688/684 634/689/685 622/690/686
f 622/690/686 634/689/685 623/691/687
f 622/690/686 623/691/687 600/692/688
f 600/692/688 623/691/687 601/693/689
f 600/692/688 601/693/689 611/660/656
f 611/660/656 601/693/689 610/662/658
f 426/687/683 427/694/690 634/689/685
f 634/689/685 427/694/690 635/695/691
f 634/689/685 635/695/691 623/691/687
f 623/691/687 635/695/691 624/696/692
f 623/691/687 624/696/692 601/693/689
f 601/693/689 624/696/692 602/697/693
f 601/693/689 602/697/693 610/662/658
f 610/662/658 602/697/693 609/664/660
f 635/695/691 427/694/690 636/698/694
f 636/698/694 427/694/690 428/699/695
f 636/698/694 428/699/695 637/700/696
f 637/700/696 428/699/695 429/701/697
f 637/700/696 429/701/697 638/702/698
f 638/702/698 429/701/697 408/703/699
f 638/702/698 408/704/700 627/705/701
f 627/705/701 408/706/702 605/707/703
f 605/707/703 408/708/704 606/670/666
f 583/671/667 408/709/705 584/646/642
f 561/647/643 408/710/706 562/622/618
f 539/623/619 408/711/707 540/598/594
f 517/599/595 408/712/708 518/574/570
f 495/575/571 408/713/709 496/550/546
f 473/551/547 408/714/710 474/526/522
f 451/527/523 408/715/711 452/503/499
f 461/494/490 462/493/489 442/509/505
f 442/509/505 462/493/489 441/492/488
f 460/495/491 461/494/490 443/511/507
f 443/511/507 461/494/490 442/509/505
f 459/496/492 460/495/491 444/513/509
f 444/513/509 460/495/491 443/511/507
f 458/497/493 459/496/492 445/515/511
f 445/515/511 459/496/492 444/513/509
f 457/498/494 458/497/493 446/517/513
f 446/517/513 458/497/493 445/515/511
f 456/499/495 457/498/494 447/519/515
f 447/519/515 457/498/494 446/517/513
f 455/500/496 456/499/495 448/521/517
f 448/521/517 456/499/495 447/519/515
f 454/501/497 455/500/496 449/523/519
f 449/523/519 455/500/496 448/521/517
f 453/502/498 454/501/497 450/525/521
f 450/525/521 454/501/497 449/523/519
f 452/503/499 453/502/498 451/527/523
f 451/527/523 453/502/498 450/525/521
f 483/508/504 484/507/503 464/533/529
f 464/533/529 484/507/503 463/506/502
f 482/510/506 483/508/504 465/535/531
f 465/535/531 483/508/504 464/533/529
f 481/512/508 482/510/506 466/537/533
f 466/537/533 482/510/506 465/535/531
f 480/514/510 481/512/508 467/539/535
f 467/539/535 481/512/508 466/537/533
f 479/516/512 480/514/510 468/541/537
f 468/541/537 480/514/510 467/539/535
f 478/518/514 479/516/512 469/543/539
f 469/543/539 479/516/512 468/541/537
f 477/520/516 478/518/514 470/545/541
f 470/545/541 478/518/514 469/543/539
f 476/522/518 477/520/516 471/547/543
f 471/547/543 477/520/516 470/545/541
f 475/524/520 476/522/518 472/549/545
f 472/549/545 476/522/518 471/547/543
f 474/526/522 475/524/520 473/551/547
f 473/551/547 475/524/520 472/549/545
f 505/532/528 506/531/527 486/557/553
f 486/557/553 506/531/527 485/530/526
f 504/534/530 505/532/528 487/559/555
f 487/559/555 505/532/528 486/557/553
f 503/536/532 504/534/530 488/561/557
f 488/561/557 504/534/530 487/559/555
f 502/538/534 503/536/532 489/563/559
f 489/563/559 503/536/532 488/561/557
f 501/540/536 502/538/534 490/565/561
f 490/565/561 502/538/534 489/563/559
f 500/542/538 501/540/536 491/567/563
f 491/567/563 501/540/536 490/565/561
f 499/544/540 500/542/538 492/569/565
f 492/569/565 500/542/538 491/567/563
f 498/546/542 499/544/540 493/571/567
f 493/571/567 499/544/540 492/569/565
f 497/548/544 498/546/542 494/573/569
f 494/573/569 498/546/542 493/571/567
f 496/550/546 497/548/544 495/575/571
f 495/575/571 497/548/544 494/573/569
f 527/556/552 528/555/551 508/581/577
f 508/581/577 528/555/551 507/554/550
f 526/558/554 527/556/552 509/583/579
f 509/583/579 527/556/552 508/581/577
f 525/560/556 526/558/554 510/585/581
f 510/585/581 526/558/554 509/583/579
f 524/562/558 525/560/556 511/587/583
f 511/587/583 525/560/556 510/585/581
f 523/564/560 524/562/558 512/589/585
f 512/589/585 524/562/558 511/587/583
f 522/566/562 523/564/560 513/591/587
f 513/591/587 523/564/560 512/589/585
f 521/568/564 522/566/562 514/593/589
f 514/593/589 522/566/562 513/591/587
f 520/570/566 521/568/564 515/595/591
f 515/595/591 521/568/564 514/593/589
f 519/572/568 520/570/566 516/597/593
f 516/597/593 520/570/566 515/595/591
f 518/574/570 519/572/568 517/599/595
f 517/599/595 519/572/568 516/597/593
f 549/580/576 550/579/575 530/605/601
f 530/605/601 550/579/575 529/578/574
f 548/582/578 549/580/576 531/607/603
f 531/607/603 549/580/576 530/605/601
f 547/584/580 548/582/578 532/609/605
f 532/609/605 548/582/578 531/607/603
f 546/586/582 547/584/580 533/611/607
f 533/611/607 547/584/580 532/609/605
f 545/588/584 546/586/582 534/613/609
f 534/613/609 546/586/582 533/611/607
f 544/590/586 545/588/584 535/615/611
f 535/615/611 545/588/584 534/613/609
f 543/592/588 544/590/586 536/617/613
f 536/617/613 544/590/586 535/615/611
f 542/594/590 543/592/588 537/619/615
f 537/619/615 543/592/588 536/617/613
f 541/596/592 542/594/590 538/621/617
f 538/621/617 542/594/590 537/619/615
f 540/598/594 541/596/592 539/623/619
f 539/623/619 541/596/592 538/621/617
f 571/604/600 572/603/599 552/629/625
f 552/629/625 572/603/599 551/602/598
f 570/606/602 571/604/600 553/631/627
f 553/631/627 571/604/600 552/629/625
f 569/608/604 570/606/602 554/633/629
f 554/633/629 570/606/602 553/631/627
f 568/610/606 569/608/604 555/635/631
f 555/635/631 569/608/604 554/633/629
f 567/612/608 568/610/606 556/637/633
f 556/637/633 568/610/606 555/635/631
f 566/614/610 567/612/608 557/639/635
f 557/639/635 567/612/608 556/637/633
f 565/616/612 566/614/610 558/641/637
f 558/641/637 566/614/610 557/639/635
f 564/618/614 565/616/612 559/643/639
f 559/643/639 565/616/612 558/641/637
f 563/620/616 564/618/614 560/645/641
f 560/645/641 564/618/614 559/643/639
f 562/622/618 563/620/616 561/647/643
f 561/647/643 563/620/616 560/645/641
f 593/628/624 594/627/623 574/653/649
f 574/653/649 594/627/623 573/626/622
f 592/630/626 593/628/624 575/655/651
f 575/655/651 593/628/624 574/653/649
f 591/632/628 592/630/626 576/657/653
f 576/657/653 592/630/626 575/655/651
f 590/634/630 591/632/628 577/659/655
f 577/659/655 591/632/628 576/657/653
f 589/636/632 590/634/630 578/661/657
f 578/661/657 590/634/630 577/659/655
f 588/638/634 589/636/632 579/663/659
f 579/663/659 589/636/632 578/661/657
f 587/640/636 588/638/634 580/665/661
f 580/665/661 588/638/634 579/663/659
f 586/642/638 587/640/636 581/667/663
f 581/667/663 587/640/636 580/665/661
f 585/644/640 586/642/638 582/669/665
f 582/669/665 586/642/638 581/667/663
f 584/646/642 585/644/640 583/671/667
f 583/671/667 585/644/640 582/669/665
f 615/652/648 616/651/647 596/716/712
f 596/716/712 616/651/647 595/650/646
f 596/716/712 595/650/646 618/717/713
f 618/717/713 595/650/646 617/673/669
f 618/717/713 617/673/669 629/681/677
f 614/654/650 615/652/648 597/718/714
f 597/718/714 615/652/648 596/716/712
f 597/718/714 596/716/712 619/719/715
f 619/719/715 596/716/712 618/717/713
f 619/719/715 618/717/713 630/682/678
f 630/682/678 618/717/713 629/681/677
f 613/656/652 614/654/650 598/720/716
f 598/720/716 614/654/650 597/718/714
f 598/720/716 597/718/714 620/721/717
f 620/721/717 597/718/714 619/719/715
f 620/721/717 619/719/715 631/684/680
f 631/684/680 619/719/715 630/682/678
f 612/658/654 613/656/652 599/722/718
f 599/722/718 613/656/652 598/720/716
f 599/722/718 598/720/716 621/723/719
f 621/723/719 598/720/716 620/721/717
f 621/723/719 620/721/717 632/686/682
f 632/686/682 620/721/717 631/684/680
f 611/660/656 612/658/654 600/692/688
f 600/692/688 612/658/654 599/722/718
f 600/692/688 599/722/718 622/690/686
f 622/690/686 599/722/718 621/723/719
f 622/690/686 621/723/719 633/688/684
f 633/688/684 621/723/719 632/686/682
f 608/666/662 609/664/660 603/724/720
f 603/724/720 609/664/660 602/697/693
f 603/724/720 602/697/693 625/725/721
f 625/725/721 602/697/693 624/696/692
f 625/725/721 624/696/692 636/698/694
f 636/698/694 624/696/692 635/695/691
f 607/668/664 608/666/662 604/726/722
f 604/726/722 608/666/662 603/724/720
f 604/726/722 603/724/720 626/727/723
f 626/727/723 603/724/720 625/725/721
f 626/727/723 625/725/721 637/700/696
f 637/700/696 625/725/721 636/698/694
f 606/670/666 607/668/664 605/707/703
f 605/707/703 607/668/664 604/726/722
f 605/707/703 604/726/722 627/705/701
f 627/705/701 604/726/722 626/727/723
f 627/705/701 626/727/723 638/702/698
f 638/702/698 626/727/723 637/700/696
f 394/728/485 639/729/724 673/730/725
f 673/730/725 639/729/724 672/731/726
f 672/731/726 639/729/724 671/732/727
f 671/732/727 639/729/724 686/733/728
f 671/732/727 686/733/728 670/734/729
f 670/734/729 686/733/728 669/735/730
f 669/735/730 686/733/728 668/736/731
f 668/736/731 686/733/728 752/737/732
f 668/736/731 752/737/732 667/738/733
f 667/738/733 752/737/732 739/739/734
f 667/738/733 739/739/734 666/740/735
f 666/740/735 739/739/734 726/741/736
f 666/740/735 726/741/736 665/742/737
f 665/742/737 726/741/736 713/743/738
f 665/742/737 713/743/738 664/744/739
f 664/744/739 713/743/738 700/745/740
f 664/744/739 700/745/740 663/746/741
f 663/746/741 700/745/740 687/747/742
f 663/746/741 687/747/742 662/748/743
f 662/748/743 687/747/742 661/749/744
f 661/749/744 687/747/742 224/750/745
f 224/750/745 687/747/742 660/751/746
f 660/751/746 687/747/742 688/752/747
f 660/751/746 688/752/747 689/753/748
f 689/753/748 688/752/747 702/754/749
f 689/753/748 702/754/749 703/755/750
f 703/755/750 702/754/749 716/756/751
f 703/755/750 716/756/751 717/757/752
f 717/757/752 716/756/751 730/758/753
f 717/757/752 730/758/753 731/759/754
f 731/759/754 730/758/753 744/760/755
f 731/759/754 744/760/755 745/761/756
f 745/761/756 744/760/755 758/762/757
f 745/761/756 758/762/757 759/763/758
f 759/763/758 758/762/757 679/764/759
f 759/763/758 679/764/759 678/765/760
f 678/765/760 679/764/759 647/766/761
f 678/765/760 647/766/761 648/767/762
f 686/733/728 639/729/724 685/768/763
f 685/768/763 639/729/724 640/769/764
f 685/768/763 640/769/764 684/770/765
f 684/770/765 640/769/764 641/771/766
f 684/770/765 641/771/766 683/772/767
f 683/772/767 641/771/766 642/773/768
f 683/772/767 642/773/768 643/774/769
f 683/772/767 643/774/769 682/775/770
f 682/775/770 643/774/769 644/776/771
f 682/775/770 644/776/771 681/777/772
f 681/777/772 644/776/771 645/778/773
f 681/777/772 645/778/773 680/779/774
f 680/779/774 645/778/773 646/780/775
f 680/779/774 646/780/775 679/764/759
f 679/764/759 646/780/775 647/766/761
f 678/765/760 648/767/762 677/781/776
f 677/781/776 648/767/762 649/782/777
f 677/781/776 649/782/777 650/783/778
f 651/784/779 675/785/780 650/783/778
f 650/783/778 675/785/780 676/786/781
f 650/783/778 676/786/781 677/781/776
f 677/781/776 676/786/781 761/787/782
f 677/781/776 761/787/782 760/788/783
f 760/788/783 761/787/782 747/789/784
f 760/788/783 747/789/784 746/790/785
f 746/790/785 747/789/784 733/791/786
f 746/790/785 733/791/786 732/792/787
f 732/792/787 733/791/786 719/793/788
f 732/792/787 719/793/788 718/794/789
f 718/794/789 719/793/788 705/795/790
f 718/794/789 705/795/790 704/796/791
f 704/796/791 705/795/790 691/797/792
f 704/796/791 691/797/792 690/798/793
f 690/798/793 691/797/792 659/799/794
f 690/798/793 659/799/794 689/753/748
f 689/753/748 659/799/794 660/751/746
f 651/784/779 652/800/795 675/785/780
f 675/785/780 652/800/795 674/801/796
f 675/785/780 674/801/796 763/802/797
f 763/802/797 674/801/796 764/803/798
f 763/802/797 764/803/798 750/804/799
f 750/804/799 764/803/798 751/805/800
f 750/804/799 751/805/800 737/806/801
f 737/806/801 751/805/800 738/807/802
f 737/806/801 738/807/802 724/808/803
f 724/808/803 738/807/802 725/809/804
f 724/808/803 725/809/804 711/810/805
f 711/810/805 725/809/804 712/811/806
f 711/810/805 712/811/806 698/812/807
f 698/812/807 712/811/806 699/813/808
f 698/812/807 699/813/808 654/814/809
f 654/814/809 699/813/808 653/815/810
f 652/800/795 653/816/811 674/801/796
f 698/812/807 654/814/809 697/817/812
f 697/817/812 654/814/809 655/818/813
f 697/817/812 655/818/813 696/819/814
f 696/819/814 655/818/813 656/820/815
f 696/819/814 656/820/815 695/821/816
f 695/821/816 656/820/815 694/822/817
f 695/821/816 694/822/817 708/823/818
f 708/823/818 694/822/817 707/824/819
f 708/823/818 707/824/819 721/825/820
f 721/825/820 707/824/819 720/826/821
f 721/825/820 720/826/821 734/827/822
f 734/827/822 720/826/821 733/791/786
f 734/827/822 733/791/786 747/789/784
f 656/820/815 657/828/823 694/822/817
f 694/822/817 657/828/823 693/829/824
f 694/822/817 693/829/824 707/824/819
f 707/824/819 693/829/824 706/830/825
f 707/824/819 706/830/825 720/826/821
f 720/826/821 706/830/825 719/793/788
f 720/826/821 719/793/788 733/791/786
f 693/829/824 657/828/823 692/831/826
f 692/831/826 657/828/823 658/832/827
f 692/831/826 658/832/827 691/797/792
f 691/797/792 658/832/827 659/799/794
f 674/801/796 653/833/828 764/803/798
f 764/803/798 653/834/829 751/805/800
f 751/805/800 653/835/830 738/807/802
f 738/807/802 653/836/831 725/809/804
f 725/809/804 653/837/832 712/811/806
f 712/811/806 653/838/833 699/813/808
f 676/786/781 675/785/780 762/839/834
f 762/839/834 675/785/780 763/802/797
f 762/839/834 763/802/797 749/840/835
f 749/840/835 763/802/797 750/804/799
f 749/840/835 750/804/799 736/841/836
f 736/841/836 750/804/799 737/806/801
f 736/841/836 737/806/801 723/842/837
f 723/842/837 737/806/801 724/808/803
f 723/842/837 724/808/803 710/843/838
f 710/843/838 724/808/803 711/810/805
f 710/843/838 711/810/805 697/817/812
f 697/817/812 711/810/805 698/812/807
f 759/763/758 678/765/760 760/788/783
f 760/788/783 678/765/760 677/781/776
f 679/764/759 758/762/757 680/779/774
f 680/779/774 758/762/757 757/844/839
f 680/779/774 757/844/839 681/777/772
f 681/777/772 757/844/839 756/845/840
f 681/777/772 756/845/840 682/775/770
f 682/775/770 756/845/840 755/846/841
f 682/775/770 755/846/841 683/772/767
f 683/772/767 755/846/841 754/847/842
f 683/772/767 754/847/842 684/770/765
f 684/770/765 754/847/842 753/848/843
f 684/770/765 753/848/843 685/768/763
f 685/768/763 753/848/843 752/737/732
f 685/768/763 752/737/732 686/733/728
f 688/752/747 687/747/742 701/849/844
f 701/849/844 687/747/742 700/745/740
f 701/849/844 700/745/740 714/850/845
f 714/850/845 700/745/740 713/743/738
f 714/850/845 713/743/738 727/851/846
f 727/851/846 713/743/738 726/741/736
f 727/851/846 726/741/736 740/852/847
f 740/852/847 726/741/736 739/739/734
f 740/852/847 739/739/734 753/848/843
f 753/848/843 739/739/734 752/737/732
f 704/796/791 690/798/793 703/755/750
f 703/755/750 690/798/793 689/753/748
f 706/830/825 693/829/824 692/831/826
f 706/830/825 692/831/826 705/795/790
f 705/795/790 692/831/826 691/797/792
f 710/843/838 697/817/812 696/819/814
f 696/819/814 695/821/816 709/853/848
f 709/853/848 695/821/816 708/823/818
f 709/853/848 708/823/818 722/854/849
f 722/854/849 708/823/818 721/825/820
f 722/854/849 721/825/820 735/855/850
f 735/855/850 721/825/820 734/827/822
f 735/855/850 734/827/822 748/856/851
f 748/856/851 734/827/822 747/789/784
f 748/856/851 747/789/784 761/787/782
f 688/752/747 701/849/844 702/754/749
f 702/754/749 701/849/844 715/857/852
f 702/754/749 715/857/852 716/756/751
f 716/756/751 715/857/852 729/858/853
f 716/756/751 729/858/853 730/758/753
f 730/758/753 729/858/853 743/859/854
f 730/758/753 743/859/854 744/760/755
f 744/760/755 743/859/854 757/844/839
f 744/760/755 757/844/839 758/762/757
f 715/857/852 701/849/844 714/850/845
f 718/794/789 704/796/791 717/757/752
f 717/757/752 704/796/791 703/755/750
f 719/793/788 706/830/825 705/795/790
f 723/842/837 710/843/838 709/853/848
f 709/853/848 710/843/838 696/819/814
f 723/842/837 709/853/848 722/854/849
f 715/857/852 714/850/845 728/860/855
f 728/860/855 714/850/845 727/851/846
f 728/860/855 727/851/846 741/861/856
f 741/861/856 727/851/846 740/852/847
f 741/861/856 740/852/847 754/847/842
f 754/847/842 740/852/847 753/848/843
f 732/792/787 718/794/789 731/759/754
f 731/759/754 718/794/789 717/757/752
f 736/841/836 723/842/837 722/854/849
f 736/841/836 722/854/849 735/855/850
f 715/857/852 728/860/855 729/858/853
f 729/858/853 728/860/855 742/862/857
f 729/858/853 742/862/857 743/859/854
f 743/859/854 742/862/857 756/845/840
f 743/859/854 756/845/840 757/844/839
f 742/862/857 728/860/855 741/861/856
f 746/790/785 732/792/787 745/761/756
f 745/761/756 732/792/787 731/759/754
f 749/840/835 736/841/836 735/855/850
f 749/840/835 735/855/850 748/856/851
f 754/847/842 755/846/841 741/861/856
f 741/861/856 755/846/841 742/862/857
f 755/846/841 756/845/840 742/862/857
f 760/788/783 746/790/785 759/763/758
f 759/763/758 746/790/785 745/761/756
f 762/839/834 749/840/835 748/856/851
f 762/839/834 748/856/851 761/787/782
f 676/786/781 762/839/834 761/787/782
f 394/863/858 673/864/859 195/865/860
f 195/865/860 673/864/859 672/866/861
f 195/865/860 672/866/861 671/867/862
f 195/865/860 671/867/862 196/868/863
f 196/868/863 671/867/862 670/869/864
f 196/868/863 670/869/864 669/870/865
f 196/868/863 669/870/865 268/871/866
f 268/871/866 669/870/865 668/872/867
f 268/871/866 668/872/867 667/873/868
f 268/871/866 667/873/868 269/874/869
f 269/874/869 667/873/868 666/875/870
f 269/874/869 666/875/870 270/876/871
f 270/876/871 666/875/870 665/877/872
f 270/876/871 665/877/872 271/878/873
f 271/878/873 665/877/872 664/879/874
f 271/878/873 664/879/874 272/880/875
f 272/880/875 664/879/874 663/881/876
f 272/880/875 663/881/876 662/882/877
f 272/880/875 662/882/877 273/883/878
f 273/883/878 662/882/877 661/884/879
f 273/883/878 661/884/879 224/885/880
f 408/886/881 429/887/882 765/888/883
f 765/888/883 429/887/882 428/889/884
f 765/888/883 428/889/884 427/890/885
f 427/890/885 426/891/886 765/888/883
f 765/888/883 426/891/886 425/892/887
f 765/888/883 425/892/887 424/893/888
f 424/893/888 423/894/889 765/888/883
f 765/888/883 423/894/889 5/895/890
f 5/895/890 423/894/889 6/896/891
f 653/897/892 766/898/893 654/899/894
f 654/899/894 766/898/893 655/900/895
f 655/900/895 766/898/893 656/901/896
f 656/901/896 766/898/893 657/902/897
f 657/902/897 766/898/893 658/903/898
f 658/903/898 766/898/893 659/904/899
f 659/904/899 766/898/893 660/905/900
f 660/905/900 766/898/893 217/906/901
f 660/905/900 217/906/901 224/907/902
f 767/908/903 768/909/904 770/910/905
f 770/910/905 768/909/904 769/911/906
f 771/912/907 767/913/908 772/914/909
f 772/914/909 767/913/908 770/915/910
f 773/916/911 771/917/912 774/918/913
f 774/918/913 771/917/912 772/919/914
f 768/920/915 773/921/916 769/922/917
f 769/922/917 773/921/916 774/923/918
f 774/924/919 772/925/920 769/926/921
f 769/926/921 772/925/920 770/927/922
f 775/928/923 776/929/924 782/930/925
f 782/930/925 776/929/924 781/931/926
f 781/931/926 776/929/924 780/932/927
f 780/932/927 776/929/924 777/933/928
f 780/932/927 777/933/928 779/934/929
f 779/934/929 777/933/928 778/935/930
f 773/936/931 768/937/932 781/938/933
f 781/938/933 768/937/932 767/939/934
f 781/938/933 767/939/934 784/940/935
f 784/940/935 767/939/934 771/941/936
f 784/940/935 771/941/936 783/942/937
f 783/942/937 771/941/936 773/936/931
f 783/942/937 773/936/931 780/943/938
f 780/943/938 773/936/931 781/938/933
f 785/944/939 786/945/940 788/946/941
f 788/946/941 786/945/940 787/947/942
f 775/948/943 785/949/944 776/950/945
f 776/950/945 785/949/944 788/951/946
f 786/952/947 778/953/948 787/954/949
f 787/954/949 778/953/948 777/955/950
f 787/956/951 777/957/952 788/958/953
f 788/958/953 777/957/952 776/959/954
f 789/960/955 790/961/956 792/962/957
f 792/962/957 790/961/956 791/963/958
f 793/964/959 794/965/960 796/966/961
f 796/966/961 794/965/960 795/967/962
f 790/968/963 793/969/964 791/970/965
f 791/970/965 793/969/964 796/971/966
f 791/972/967 796/973/968 792/974/969
f 792/974/969 796/973/968 795/975/970
f 797/976/971 798/977/972 800/978/973
f 800/978/973 798/977/972 799/979/974
f 801/980/975 802/981/976 782/982/977
f 782/982/977 802/981/976 803/983/978
f 782/982/977 803/983/978 809/984/979
f 809/984/979 803/983/978 797/985/980
f 797/985/980 803/983/978 804/986/981
f 797/985/980 804/986/981 798/987/982
f 798/987/982 804/986/981 785/988/983
f 798/987/982 785/988/983 810/989/984
f 810/989/984 785/988/983 775/990/985
f 810/989/984 775/990/985 782/982/977
f 804/986/981 805/991/986 785/988/983
f 785/988/983 805/991/986 786/992/987
f 786/992/987 805/991/986 806/993/988
f 786/992/987 806/993/988 778/994/989
f 778/994/989 806/993/988 779/995/990
f 779/995/990 806/993/988 807/996/991
f 779/995/990 807/996/991 808/997/992
f 809/984/979 810/989/984 782/982/977
f 811/998/993 809/999/994 794/1000/995
f 794/1000/995 809/999/994 797/1001/996
f 794/1000/995 797/1001/996 789/1002/997
f 789/1002/997 797/1001/996 800/1003/998
f 792/1004/999 795/1005/1000 789/1002/997
f 789/1002/997 795/1005/1000 794/1000/995
f 810/1006/1001 809/1007/1002 812/1008/1003
f 812/1008/1003 809/1007/1002 811/1009/1004
f 798/1010/1005 810/1011/1006 799/1012/1007
f 799/1012/1007 810/1011/1006 812/1013/1008
f 800/1014/1009 799/1015/1010 790/1016/1011
f 790/1016/1011 799/1015/1010 812/1017/1012
f 790/1016/1011 812/1017/1012 793/1018/1013
f 793/1018/1013 812/1017/1012 811/1019/1014
f 793/1018/1013 811/1019/1014 794/1020/1015
f 790/1016/1011 789/1021/1016 800/1014/1009
f 814/1022/1017 815/1023/1018 813/1024/1019
f 813/1024/1019 815/1023/1018 816/1025/1020
f 193/1026/1021 192/1027/1022 818/1028/1023
f 818/1028/1023 192/1027/1022 817/1029/1024
f 191/1030/1025 813/1031/1026 192/1032/1027
f 192/1032/1027 813/1031/1026 816/1033/1028
f 192/1032/1027 816/1033/1028 817/1034/1029
f 191/1030/1025 819/1035/1030 813/1031/1026
f 820/1036/1031 194/1037/1032 814/1038/1033
f 814/1038/1033 194/1037/1032 193/1039/1034
f 814/1038/1033 193/1039/1034 815/1040/1035
f 815/1040/1035 193/1039/1034 818/1041/1036
f 815/1042/1037 818/1043/1038 816/1044/1039
f 816/1044/1039 818/1043/1038 817/1045/1040
f 191/1046/1041 194/1047/1042 819/1048/1043
f 819/1048/1043 194/1047/1042 820/1049/1044
f 820/1050/1045 814/1051/1046 819/1052/1047
f 819/1052/1047 814/1051/1046 813/1053/1048
f 214/1054/1049 213/1055/1050 808/1056/1051
f 808/1056/1051 213/1055/1050 783/1057/1052
f 808/1056/1051 783/1057/1052 780/1058/1053
f 780/1058/1053 779/1059/1054 808/1056/1051
f 213/1060/1055 212/1061/1056 783/1062/1057
f 783/1062/1057 212/1061/1056 784/1063/1058
f 781/1064/1059 784/1065/1060 801/1066/1061
f 801/1066/1061 784/1065/1060 212/1067/1062
f 801/1066/1061 212/1067/1062 211/1068/1063
f 801/1066/1061 782/1069/1064 781/1064/1059
f 802/1070/1065 801/1071/1066 210/1072/1067
f 210/1072/1067 801/1071/1066 211/1073/1068
f 803/1074/1069 802/1075/1070 209/1076/1071
f 209/1076/1071 802/1075/1070 210/1077/1072
f 803/1078/1073 208/1079/1074 804/1080/1075
f 804/1080/1075 208/1079/1074 267/1081/1076
f 804/1080/1075 267/1081/1076 266/1082/1077
f 803/1078/1073 209/1083/1078 208/1079/1074
f 266/1082/1077 265/1084/1079 804/1080/1075
f 804/1080/1075 265/1084/1079 264/1085/1080
f 804/1080/1075 264/1085/1080 263/1086/1081
f 263/1086/1081 262/1087/1082 804/1080/1075
f 804/1080/1075 262/1087/1082 261/1088/1083
f 804/1080/1075 261/1088/1083 766/1089/1084
f 766/1089/1084 261/1088/1083 221/1090/1085
f 766/1089/1084 221/1090/1085 220/1091/1086
f 220/1091/1086 219/1092/1087 766/1089/1084
f 766/1089/1084 219/1092/1087 218/1093/1088
f 766/1089/1084 218/1093/1088 217/1094/1089
f 804/1095/1090 195/1096/1091 805/1097/1092
f 805/1097/1092 195/1096/1091 420/1098/1093
f 805/1097/1092 420/1098/1093 419/1099/1094
f 766/1100/1095 647/1101/1096 804/1095/1090
f 804/1095/1090 647/1101/1096 646/1102/1097
f 804/1095/1090 646/1102/1097 645/1103/1098
f 653/1104/1099 652/1105/1100 766/1100/1095
f 766/1100/1095 652/1105/1100 651/1106/1101
f 766/1100/1095 651/1106/1101 650/1107/1102
f 650/1107/1102 649/1108/1103 766/1100/1095
f 766/1100/1095 649/1108/1103 648/1109/1104
f 766/1100/1095 648/1109/1104 647/1101/1096
f 645/1103/1098 644/1110/1105 804/1095/1090
f 804/1095/1090 644/1110/1105 643/1111/1106
f 804/1095/1090 643/1111/1106 642/1112/1107
f 642/1112/1107 641/1113/1108 804/1095/1090
f 804/1095/1090 641/1113/1108 195/1096/1091
f 641/1113/1108 640/1114/1109 195/1096/1091
f 195/1096/1091 640/1114/1109 639/1115/1110
f 195/1096/1091 639/1115/1110 394/1116/1111
f 394/1116/1111 422/1117/1112 195/1096/1091
f 195/1096/1091 422/1117/1112 421/1118/1113
f 195/1096/1091 421/1118/1113 420/1098/1093
f 419/1099/1094 418/1119/1114 805/1097/1092
f 805/1097/1092 418/1119/1114 417/1120/1115
f 805/1097/1092 417/1120/1115 416/1121/1116
f 416/1121/1116 415/1122/1117 805/1097/1092
f 805/1097/1092 415/1122/1117 414/1123/1118
f 805/1097/1092 414/1123/1118 765/1124/1119
f 765/1124/1119 414/1123/1118 413/1125/1120
f 765/1124/1119 413/1125/1120 412/1126/1121
f 412/1126/1121 411/1127/1122 765/1124/1119
f 765/1124/1119 411/1127/1122 410/1128/1123
f 765/1124/1119 410/1128/1123 409/1129/1124
f 409/1129/1124 408/1130/1125 765/1124/1119
f 216/1131/1126 806/1132/1127 45/1133/1128
f 45/1133/1128 806/1132/1127 805/1134/1129
f 45/1133/1128 805/1134/1129 46/1135/1130
f 46/1135/1130 805/1134/1129 47/1136/1131
f 47/1136/1131 805/1134/1129 48/1137/1132
f 48/1137/1132 805/1134/1129 49/1138/1133
f 49/1138/1133 805/1134/1129 50/1139/1134
f 50/1139/1134 805/1134/1129 51/1140/1135
f 51/1140/1135 805/1134/1129 52/1141/1136
f 52/1141/1136 805/1134/1129 765/1142/1137
f 52/1141/1136 765/1142/1137 1/1143/1138
f 1/1143/1138 765/1142/1137 2/1144/1139
f 2/1144/1139 765/1142/1137 3/1145/1140
f 3/1145/1140 765/1142/1137 4/1146/1141
f 4/1146/1141 765/1142/1137 5/1147/1142
f 807/1148/1143 806/1149/1144 215/1150/1145
f 215/1150/1145 806/1149/1144 216/1151/1146
f 808/1152/1147 807/1153/1148 214/1154/1149
f 214/1154/1149 807/1153/1148 215/1155/1150
# 820 vertices
# 1155 texture params
# 1150 normals
# 1638 facets

# 1 groups
