{
  "unit": {
    "mass": "kg",
    "length": "m"
  },
  "mass": 10.0,
  "com": [
    -0.29,
    0.0,
    -0.0025
  ],
  "inertia": {
    "ixx": 0.07502083333333333,
    "iyy": 0.30002083333333335,
    "izz": 0.375,
    "ixy": 0.0,
    "ixz": 0.0,
    "iyz": 0.0
  }
}