{
  "unit": {
    "mass": "kg",
    "length": "m"
  },
  "mass": 0.2,
  "com": [
    0.0071392,
    0.0,
    -0.0093273
  ],
  "inertia": {
    "ixx": 0.0002668,
    "ixy": 0.0,
    "ixz": 0.0000045,
    "iyy": 0.0000800,
    "iyz": 0.0,
    "izz": 0.0003024
  }
}
