{
  "unit": {
    "mass": "kg",
    "length": "m"
  },
  "mass": 0.2,
  "com": [
    0.0045838,
    -0.0417555,
    -0.0000036
  ],
  "inertia": {
    "ixx": 0.0002401,
    "ixy": -0.0000001,
    "ixz": -0.0000001,
    "iyy": 0.0001923,
    "iyz": -0.0000099,
    "izz": 0.0001632
  }
}
