# WaveFront *.obj file (generated by Autodesk ATF)


g gripper_base_mesh

v 0.021332 0.050000 -0.024651
v 0.021263 0.050000 -0.024514
v 0.023724 0.050000 -0.023706
v 0.021211 0.050000 -0.024369
v 0.021176 0.050000 -0.024219
v 0.021159 0.050000 -0.024066
v 0.021161 0.050000 -0.023912
v 0.021180 0.050000 -0.023759
v 0.021218 0.050000 -0.023609
v 0.021272 0.050000 -0.023466
v 0.021344 0.050000 -0.023329
v 0.021431 0.050000 -0.023202
v 0.021533 0.050000 -0.023086
v 0.021647 0.050000 -0.022983
v 0.021773 0.050000 -0.022895
v 0.021909 0.050000 -0.022822
v 0.022052 0.050000 -0.022765
v 0.022201 0.050000 -0.022726
v 0.022353 0.050000 -0.022704
v 0.022507 0.050000 -0.022701
v 0.022661 0.050000 -0.022716
v 0.022811 0.050000 -0.022749
v 0.022957 0.050000 -0.022800
v 0.023095 0.050000 -0.022867
v 0.023225 0.050000 -0.022950
v 0.023343 0.050000 -0.023049
v 0.023450 0.050000 -0.023160
v 0.023542 0.050000 -0.023283
v 0.023680 0.050000 -0.023558
v 0.023619 0.050000 -0.023417
v 0.021417 0.050000 -0.024780
v 0.023750 0.050000 -0.023858
v 0.021517 0.050000 -0.024897
v 0.023757 0.050000 -0.024011
v 0.021630 0.050000 -0.025002
v 0.023747 0.050000 -0.024165
v 0.021754 0.050000 -0.025093
v 0.023718 0.050000 -0.024316
v 0.021888 0.050000 -0.025169
v 0.023672 0.050000 -0.024463
v 0.022030 0.050000 -0.025228
v 0.023609 0.050000 -0.024604
v 0.022179 0.050000 -0.025270
v 0.023529 0.050000 -0.024736
v 0.022331 0.050000 -0.025294
v 0.023435 0.050000 -0.024857
v 0.022485 0.050000 -0.025300
v 0.023327 0.050000 -0.024967
v 0.022638 0.050000 -0.025287
v 0.023206 0.050000 -0.025063
v 0.022789 0.050000 -0.025257
v 0.023075 0.050000 -0.025144
v 0.022935 0.050000 -0.025209
v 0.021153 0.049800 -0.024741
v 0.021080 0.049800 -0.024593
v 0.021023 0.049800 -0.024437
v 0.021242 0.049800 -0.024880
v 0.021347 0.049800 -0.025008
v 0.021464 0.049800 -0.025124
v 0.021594 0.049800 -0.025226
v 0.021734 0.049800 -0.025314
v 0.021883 0.049800 -0.025386
v 0.022039 0.049800 -0.025440
v 0.022200 0.049800 -0.025478
v 0.022364 0.049800 -0.025497
v 0.022529 0.049800 -0.025498
v 0.022694 0.049800 -0.025481
v 0.022855 0.049800 -0.025446
v 0.023012 0.049800 -0.025394
v 0.023162 0.049800 -0.025324
v 0.023303 0.049800 -0.025239
v 0.023434 0.049800 -0.025138
v 0.023554 0.049800 -0.025024
v 0.023660 0.049800 -0.024897
v 0.023751 0.049800 -0.024759
v 0.023827 0.049800 -0.024612
v 0.023886 0.049800 -0.024458
v 0.023928 0.049800 -0.024298
v 0.023951 0.049800 -0.024135
v 0.023957 0.049800 -0.023969
v 0.023945 0.049800 -0.023805
v 0.023914 0.049800 -0.023642
v 0.023866 0.049800 -0.023484
v 0.023801 0.049800 -0.023332
v 0.023719 0.049800 -0.023189
v 0.023622 0.049800 -0.023055
v 0.023511 0.049800 -0.022932
v 0.023387 0.049800 -0.022823
v 0.023252 0.049800 -0.022728
v 0.023107 0.049800 -0.022648
v 0.022955 0.049800 -0.022585
v 0.022796 0.049800 -0.022539
v 0.022633 0.049800 -0.022510
v 0.022468 0.049800 -0.022500
v 0.022303 0.049800 -0.022508
v 0.022140 0.049800 -0.022534
v 0.021981 0.049800 -0.022578
v 0.021827 0.049800 -0.022639
v 0.021681 0.049800 -0.022716
v 0.021545 0.049800 -0.022810
v 0.021419 0.049800 -0.022917
v 0.021307 0.049800 -0.023038
v 0.021208 0.049800 -0.023171
v 0.021124 0.049800 -0.023313
v 0.021057 0.049800 -0.023464
v 0.021006 0.049800 -0.023621
v 0.020973 0.049800 -0.023783
v 0.020958 0.049800 -0.023948
v 0.020962 0.049800 -0.024113
v 0.020983 0.049800 -0.024277
v 0.021080 0.046243 -0.024593
v 0.021155 0.046243 -0.024743
v 0.021246 0.046243 -0.024884
v 0.021353 0.046243 -0.025014
v 0.021473 0.046243 -0.025132
v 0.021606 0.046243 -0.025235
v 0.021750 0.046243 -0.025322
v 0.021902 0.046243 -0.025393
v 0.022062 0.046243 -0.025447
v 0.022226 0.046243 -0.025482
v 0.022394 0.046243 -0.025499
v 0.022562 0.046243 -0.025496
v 0.022729 0.046243 -0.025475
v 0.022892 0.046243 -0.025436
v 0.023050 0.046243 -0.025378
v 0.023201 0.046243 -0.025303
v 0.023342 0.046243 -0.025212
v 0.023472 0.046243 -0.025105
v 0.023589 0.046243 -0.024984
v 0.023692 0.046243 -0.024851
v 0.023780 0.046243 -0.024708
v 0.023851 0.046243 -0.024555
v 0.023904 0.046243 -0.024396
v 0.023940 0.046243 -0.024231
v 0.023956 0.046243 -0.024064
v 0.023954 0.046243 -0.023896
v 0.023933 0.046243 -0.023729
v 0.023893 0.046243 -0.023565
v 0.023835 0.046243 -0.023407
v 0.023760 0.046243 -0.023257
v 0.023669 0.046243 -0.023116
v 0.023562 0.046243 -0.022986
v 0.023442 0.046243 -0.022868
v 0.023309 0.046243 -0.022765
v 0.023165 0.046243 -0.022678
v 0.023013 0.046243 -0.022607
v 0.022853 0.046243 -0.022553
v 0.022689 0.046243 -0.022518
v 0.022521 0.046243 -0.022501
v 0.022353 0.046243 -0.022504
v 0.022186 0.046243 -0.022525
v 0.022023 0.046243 -0.022564
v 0.021865 0.046243 -0.022622
v 0.021714 0.046243 -0.022697
v 0.021573 0.046243 -0.022788
v 0.021443 0.046243 -0.022895
v 0.021326 0.046243 -0.023016
v 0.021223 0.046243 -0.023149
v 0.021135 0.046243 -0.023292
v 0.021064 0.046243 -0.023445
v 0.021011 0.046243 -0.023604
v 0.020975 0.046243 -0.023769
v 0.020959 0.046243 -0.023936
v 0.020961 0.046243 -0.024104
v 0.020982 0.046243 -0.024271
v 0.021022 0.046243 -0.024435
v 0.023762 -0.049800 -0.023259
v 0.023835 -0.049800 -0.023407
v 0.023835 -0.046243 -0.023407
v 0.023892 -0.049800 -0.023563
v 0.023893 -0.046243 -0.023565
v 0.023932 -0.049800 -0.023723
v 0.023933 -0.046243 -0.023729
v 0.023953 -0.049800 -0.023887
v 0.023954 -0.046243 -0.023896
v 0.023957 -0.049800 -0.024052
v 0.023956 -0.046243 -0.024064
v 0.023942 -0.049800 -0.024217
v 0.023940 -0.046243 -0.024231
v 0.023909 -0.049800 -0.024379
v 0.023904 -0.046243 -0.024396
v 0.023858 -0.049800 -0.024536
v 0.023851 -0.046243 -0.024555
v 0.023791 -0.049800 -0.024687
v 0.023780 -0.046243 -0.024708
v 0.023707 -0.049800 -0.024829
v 0.023692 -0.046243 -0.024851
v 0.023608 -0.049800 -0.024962
v 0.023589 -0.046243 -0.024984
v 0.023496 -0.049800 -0.025083
v 0.023472 -0.046243 -0.025105
v 0.023370 -0.049800 -0.025190
v 0.023342 -0.046243 -0.025212
v 0.023234 -0.049800 -0.025284
v 0.023201 -0.046243 -0.025303
v 0.023088 -0.049800 -0.025361
v 0.023050 -0.046243 -0.025378
v 0.022934 -0.049800 -0.025422
v 0.022892 -0.046243 -0.025436
v 0.022775 -0.049800 -0.025466
v 0.022729 -0.046243 -0.025475
v 0.022612 -0.049800 -0.025492
v 0.022562 -0.046243 -0.025496
v 0.022447 -0.049800 -0.025500
v 0.022394 -0.046243 -0.025499
v 0.022282 -0.049800 -0.025490
v 0.022226 -0.046243 -0.025482
v 0.022119 -0.049800 -0.025461
v 0.022062 -0.046243 -0.025447
v 0.021960 -0.049800 -0.025415
v 0.021902 -0.046243 -0.025393
v 0.021808 -0.049800 -0.025352
v 0.021750 -0.046243 -0.025322
v 0.021663 -0.049800 -0.025272
v 0.021606 -0.046243 -0.025235
v 0.021528 -0.049800 -0.025177
v 0.021473 -0.046243 -0.025132
v 0.021404 -0.049800 -0.025068
v 0.021353 -0.046243 -0.025014
v 0.021293 -0.049800 -0.024945
v 0.021246 -0.046243 -0.024884
v 0.021196 -0.049800 -0.024811
v 0.021155 -0.046243 -0.024743
v 0.021114 -0.049800 -0.024668
v 0.021080 -0.046243 -0.024593
v 0.021049 -0.049800 -0.024516
v 0.021022 -0.046243 -0.024435
v 0.021001 -0.049800 -0.024358
v 0.020982 -0.046243 -0.024271
v 0.020970 -0.049800 -0.024195
v 0.020961 -0.046243 -0.024104
v 0.020958 -0.049800 -0.024031
v 0.020959 -0.046243 -0.023936
v 0.020964 -0.049800 -0.023865
v 0.020975 -0.046243 -0.023769
v 0.020987 -0.049800 -0.023702
v 0.021011 -0.046243 -0.023604
v 0.021029 -0.049800 -0.023542
v 0.021064 -0.046243 -0.023445
v 0.021088 -0.049800 -0.023388
v 0.021135 -0.046243 -0.023292
v 0.021164 -0.049800 -0.023241
v 0.021223 -0.046243 -0.023149
v 0.021255 -0.049800 -0.023103
v 0.021326 -0.046243 -0.023016
v 0.021361 -0.049800 -0.022976
v 0.021443 -0.046243 -0.022895
v 0.021481 -0.049800 -0.022862
v 0.021573 -0.046243 -0.022788
v 0.021612 -0.049800 -0.022761
v 0.021714 -0.046243 -0.022697
v 0.021753 -0.049800 -0.022676
v 0.021865 -0.046243 -0.022622
v 0.021903 -0.049800 -0.022606
v 0.022023 -0.046243 -0.022564
v 0.022060 -0.049800 -0.022554
v 0.022186 -0.046243 -0.022525
v 0.022221 -0.049800 -0.022519
v 0.022353 -0.046243 -0.022504
v 0.022386 -0.049800 -0.022502
v 0.022521 -0.046243 -0.022501
v 0.022551 -0.049800 -0.022503
v 0.022689 -0.046243 -0.022518
v 0.022715 -0.049800 -0.022522
v 0.022853 -0.046243 -0.022553
v 0.022876 -0.049800 -0.022560
v 0.023013 -0.046243 -0.022607
v 0.023032 -0.049800 -0.022614
v 0.023165 -0.046243 -0.022678
v 0.023181 -0.049800 -0.022686
v 0.023309 -0.046243 -0.022765
v 0.023321 -0.049800 -0.022774
v 0.023442 -0.046243 -0.022868
v 0.023451 -0.049800 -0.022876
v 0.023562 -0.046243 -0.022986
v 0.023568 -0.049800 -0.022992
v 0.023669 -0.046243 -0.023116
v 0.023673 -0.049800 -0.023120
v 0.023760 -0.046243 -0.023257
v 0.021080 0.042686 -0.024593
v 0.021022 0.042686 -0.024435
v 0.020982 0.042686 -0.024271
v 0.020961 0.042686 -0.024104
v 0.020959 0.042686 -0.023936
v 0.020975 0.042686 -0.023769
v 0.021011 0.042686 -0.023604
v 0.021064 0.042686 -0.023445
v 0.021135 0.042686 -0.023292
v 0.021223 0.042686 -0.023149
v 0.021326 0.042686 -0.023016
v 0.021443 0.042686 -0.022895
v 0.021573 0.042686 -0.022788
v 0.021714 0.042686 -0.022697
v 0.021865 0.042686 -0.022622
v 0.022023 0.042686 -0.022564
v 0.022186 0.042686 -0.022525
v 0.022353 0.042686 -0.022504
v 0.022521 0.042686 -0.022501
v 0.022689 0.042686 -0.022518
v 0.022853 0.042686 -0.022553
v 0.023013 0.042686 -0.022607
v 0.023165 0.042686 -0.022678
v 0.023309 0.042686 -0.022765
v 0.023442 0.042686 -0.022868
v 0.023562 0.042686 -0.022986
v 0.023669 0.042686 -0.023116
v 0.023760 0.042686 -0.023257
v 0.023835 0.042686 -0.023407
v 0.023893 0.042686 -0.023565
v 0.023933 0.042686 -0.023729
v 0.023954 0.042686 -0.023896
v 0.023956 0.042686 -0.024064
v 0.023940 0.042686 -0.024231
v 0.023904 0.042686 -0.024396
v 0.023851 0.042686 -0.024555
v 0.023780 0.042686 -0.024708
v 0.023692 0.042686 -0.024851
v 0.023589 0.042686 -0.024984
v 0.023472 0.042686 -0.025105
v 0.023342 0.042686 -0.025212
v 0.023201 0.042686 -0.025303
v 0.023050 0.042686 -0.025378
v 0.022892 0.042686 -0.025436
v 0.022729 0.042686 -0.025475
v 0.022562 0.042686 -0.025496
v 0.022394 0.042686 -0.025499
v 0.022226 0.042686 -0.025482
v 0.022062 0.042686 -0.025447
v 0.021902 0.042686 -0.025393
v 0.021750 0.042686 -0.025322
v 0.021606 0.042686 -0.025235
v 0.021473 0.042686 -0.025132
v 0.021353 0.042686 -0.025014
v 0.021246 0.042686 -0.024884
v 0.021155 0.042686 -0.024743
v 0.021080 0.039129 -0.024593
v 0.021022 0.039129 -0.024435
v 0.020982 0.039129 -0.024271
v 0.020961 0.039129 -0.024104
v 0.020959 0.039129 -0.023936
v 0.020975 0.039129 -0.023769
v 0.021011 0.039129 -0.023604
v 0.021064 0.039129 -0.023445
v 0.021135 0.039129 -0.023292
v 0.021223 0.039129 -0.023149
v 0.021326 0.039129 -0.023016
v 0.021443 0.039129 -0.022895
v 0.021573 0.039129 -0.022788
v 0.021714 0.039129 -0.022697
v 0.021865 0.039129 -0.022622
v 0.022023 0.039129 -0.022564
v 0.022186 0.039129 -0.022525
v 0.022353 0.039129 -0.022504
v 0.022521 0.039129 -0.022501
v 0.022689 0.039129 -0.022518
v 0.022853 0.039129 -0.022553
v 0.023013 0.039129 -0.022607
v 0.023165 0.039129 -0.022678
v 0.023309 0.039129 -0.022765
v 0.023442 0.039129 -0.022868
v 0.023562 0.039129 -0.022986
v 0.023669 0.039129 -0.023116
v 0.023760 0.039129 -0.023257
v 0.023835 0.039129 -0.023407
v 0.023893 0.039129 -0.023565
v 0.023933 0.039129 -0.023729
v 0.023954 0.039129 -0.023896
v 0.023956 0.039129 -0.024064
v 0.023940 0.039129 -0.024231
v 0.023904 0.039129 -0.024396
v 0.023851 0.039129 -0.024555
v 0.023780 0.039129 -0.024708
v 0.023692 0.039129 -0.024851
v 0.023589 0.039129 -0.024984
v 0.023472 0.039129 -0.025105
v 0.023342 0.039129 -0.025212
v 0.023201 0.039129 -0.025303
v 0.023050 0.039129 -0.025378
v 0.022892 0.039129 -0.025436
v 0.022729 0.039129 -0.025475
v 0.022562 0.039129 -0.025496
v 0.022394 0.039129 -0.025499
v 0.022226 0.039129 -0.025482
v 0.022062 0.039129 -0.025447
v 0.021902 0.039129 -0.025393
v 0.021750 0.039129 -0.025322
v 0.021606 0.039129 -0.025235
v 0.021473 0.039129 -0.025132
v 0.021353 0.039129 -0.025014
v 0.021246 0.039129 -0.024884
v 0.021155 0.039129 -0.024743
v 0.021080 0.035571 -0.024593
v 0.021022 0.035571 -0.024435
v 0.020982 0.035571 -0.024271
v 0.020961 0.035571 -0.024104
v 0.020959 0.035571 -0.023936
v 0.020975 0.035571 -0.023769
v 0.021011 0.035571 -0.023604
v 0.021064 0.035571 -0.023445
v 0.021135 0.035571 -0.023292
v 0.021223 0.035571 -0.023149
v 0.021326 0.035571 -0.023016
v 0.021443 0.035571 -0.022895
v 0.021573 0.035571 -0.022788
v 0.021714 0.035571 -0.022697
v 0.021865 0.035571 -0.022622
v 0.022023 0.035571 -0.022564
v 0.022186 0.035571 -0.022525
v 0.022353 0.035571 -0.022504
v 0.022521 0.035571 -0.022501
v 0.022689 0.035571 -0.022518
v 0.022853 0.035571 -0.022553
v 0.023013 0.035571 -0.022607
v 0.023165 0.035571 -0.022678
v 0.023309 0.035571 -0.022765
v 0.023442 0.035571 -0.022868
v 0.023562 0.035571 -0.022986
v 0.023669 0.035571 -0.023116
v 0.023760 0.035571 -0.023257
v 0.023835 0.035571 -0.023407
v 0.023893 0.035571 -0.023565
v 0.023933 0.035571 -0.023729
v 0.023954 0.035571 -0.023896
v 0.023956 0.035571 -0.024064
v 0.023940 0.035571 -0.024231
v 0.023904 0.035571 -0.024396
v 0.023851 0.035571 -0.024555
v 0.023780 0.035571 -0.024708
v 0.023692 0.035571 -0.024851
v 0.023589 0.035571 -0.024984
v 0.023472 0.035571 -0.025105
v 0.023342 0.035571 -0.025212
v 0.023201 0.035571 -0.025303
v 0.023050 0.035571 -0.025378
v 0.022892 0.035571 -0.025436
v 0.022729 0.035571 -0.025475
v 0.022562 0.035571 -0.025496
v 0.022394 0.035571 -0.025499
v 0.022226 0.035571 -0.025482
v 0.022062 0.035571 -0.025447
v 0.021902 0.035571 -0.025393
v 0.021750 0.035571 -0.025322
v 0.021606 0.035571 -0.025235
v 0.021473 0.035571 -0.025132
v 0.021353 0.035571 -0.025014
v 0.021246 0.035571 -0.024884
v 0.021155 0.035571 -0.024743
v 0.021080 0.032014 -0.024593
v 0.021022 0.032014 -0.024435
v 0.020982 0.032014 -0.024271
v 0.020961 0.032014 -0.024104
v 0.020959 0.032014 -0.023936
v 0.020975 0.032014 -0.023769
v 0.021011 0.032014 -0.023604
v 0.021064 0.032014 -0.023445
v 0.021135 0.032014 -0.023292
v 0.021223 0.032014 -0.023149
v 0.021326 0.032014 -0.023016
v 0.021443 0.032014 -0.022895
v 0.021573 0.032014 -0.022788
v 0.021714 0.032014 -0.022697
v 0.021865 0.032014 -0.022622
v 0.022023 0.032014 -0.022564
v 0.022186 0.032014 -0.022525
v 0.022353 0.032014 -0.022504
v 0.022521 0.032014 -0.022501
v 0.022689 0.032014 -0.022518
v 0.022853 0.032014 -0.022553
v 0.023013 0.032014 -0.022607
v 0.023165 0.032014 -0.022678
v 0.023309 0.032014 -0.022765
v 0.023442 0.032014 -0.022868
v 0.023562 0.032014 -0.022986
v 0.023669 0.032014 -0.023116
v 0.023760 0.032014 -0.023257
v 0.023835 0.032014 -0.023407
v 0.023893 0.032014 -0.023565
v 0.023933 0.032014 -0.023729
v 0.023954 0.032014 -0.023896
v 0.023956 0.032014 -0.024064
v 0.023940 0.032014 -0.024231
v 0.023904 0.032014 -0.024396
v 0.023851 0.032014 -0.024555
v 0.023780 0.032014 -0.024708
v 0.023692 0.032014 -0.024851
v 0.023589 0.032014 -0.024984
v 0.023472 0.032014 -0.025105
v 0.023342 0.032014 -0.025212
v 0.023201 0.032014 -0.025303
v 0.023050 0.032014 -0.025378
v 0.022892 0.032014 -0.025436
v 0.022729 0.032014 -0.025475
v 0.022562 0.032014 -0.025496
v 0.022394 0.032014 -0.025499
v 0.022226 0.032014 -0.025482
v 0.022062 0.032014 -0.025447
v 0.021902 0.032014 -0.025393
v 0.021750 0.032014 -0.025322
v 0.021606 0.032014 -0.025235
v 0.021473 0.032014 -0.025132
v 0.021353 0.032014 -0.025014
v 0.021246 0.032014 -0.024884
v 0.021155 0.032014 -0.024743
v 0.021080 0.028457 -0.024593
v 0.021022 0.028457 -0.024435
v 0.020982 0.028457 -0.024271
v 0.020961 0.028457 -0.024104
v 0.020959 0.028457 -0.023936
v 0.020975 0.028457 -0.023769
v 0.021011 0.028457 -0.023604
v 0.021064 0.028457 -0.023445
v 0.021135 0.028457 -0.023292
v 0.021223 0.028457 -0.023149
v 0.021326 0.028457 -0.023016
v 0.021443 0.028457 -0.022895
v 0.021573 0.028457 -0.022788
v 0.021714 0.028457 -0.022697
v 0.021865 0.028457 -0.022622
v 0.022023 0.028457 -0.022564
v 0.022186 0.028457 -0.022525
v 0.022353 0.028457 -0.022504
v 0.022521 0.028457 -0.022501
v 0.022689 0.028457 -0.022518
v 0.022853 0.028457 -0.022553
v 0.023013 0.028457 -0.022607
v 0.023165 0.028457 -0.022678
v 0.023309 0.028457 -0.022765
v 0.023442 0.028457 -0.022868
v 0.023562 0.028457 -0.022986
v 0.023669 0.028457 -0.023116
v 0.023760 0.028457 -0.023257
v 0.023835 0.028457 -0.023407
v 0.023893 0.028457 -0.023565
v 0.023933 0.028457 -0.023729
v 0.023954 0.028457 -0.023896
v 0.023956 0.028457 -0.024064
v 0.023940 0.028457 -0.024231
v 0.023904 0.028457 -0.024396
v 0.023851 0.028457 -0.024555
v 0.023780 0.028457 -0.024708
v 0.023692 0.028457 -0.024851
v 0.023589 0.028457 -0.024984
v 0.023472 0.028457 -0.025105
v 0.023342 0.028457 -0.025212
v 0.023201 0.028457 -0.025303
v 0.023050 0.028457 -0.025378
v 0.022892 0.028457 -0.025436
v 0.022729 0.028457 -0.025475
v 0.022562 0.028457 -0.025496
v 0.022394 0.028457 -0.025499
v 0.022226 0.028457 -0.025482
v 0.022062 0.028457 -0.025447
v 0.021902 0.028457 -0.025393
v 0.021750 0.028457 -0.025322
v 0.021606 0.028457 -0.025235
v 0.021473 0.028457 -0.025132
v 0.021353 0.028457 -0.025014
v 0.021246 0.028457 -0.024884
v 0.021155 0.028457 -0.024743
v 0.021080 0.024900 -0.024593
v 0.021022 0.024900 -0.024435
v 0.020982 0.024900 -0.024271
v 0.020961 0.024900 -0.024104
v 0.020959 0.024900 -0.023936
v 0.020975 0.024900 -0.023769
v 0.021011 0.024900 -0.023604
v 0.021064 0.024900 -0.023445
v 0.021135 0.024900 -0.023292
v 0.021223 0.024900 -0.023149
v 0.021326 0.024900 -0.023016
v 0.021443 0.024900 -0.022895
v 0.021573 0.024900 -0.022788
v 0.021714 0.024900 -0.022697
v 0.021865 0.024900 -0.022622
v 0.022023 0.024900 -0.022564
v 0.022186 0.024900 -0.022525
v 0.022353 0.024900 -0.022504
v 0.022521 0.024900 -0.022501
v 0.022689 0.024900 -0.022518
v 0.022853 0.024900 -0.022553
v 0.023013 0.024900 -0.022607
v 0.023165 0.024900 -0.022678
v 0.023309 0.024900 -0.022765
v 0.023442 0.024900 -0.022868
v 0.023562 0.024900 -0.022986
v 0.023669 0.024900 -0.023116
v 0.023760 0.024900 -0.023257
v 0.023835 0.024900 -0.023407
v 0.023893 0.024900 -0.023565
v 0.023933 0.024900 -0.023729
v 0.023954 0.024900 -0.023896
v 0.023956 0.024900 -0.024064
v 0.023940 0.024900 -0.024231
v 0.023904 0.024900 -0.024396
v 0.023851 0.024900 -0.024555
v 0.023780 0.024900 -0.024708
v 0.023692 0.024900 -0.024851
v 0.023589 0.024900 -0.024984
v 0.023472 0.024900 -0.025105
v 0.023342 0.024900 -0.025212
v 0.023201 0.024900 -0.025303
v 0.023050 0.024900 -0.025378
v 0.022892 0.024900 -0.025436
v 0.022729 0.024900 -0.025475
v 0.022562 0.024900 -0.025496
v 0.022394 0.024900 -0.025499
v 0.022226 0.024900 -0.025482
v 0.022062 0.024900 -0.025447
v 0.021902 0.024900 -0.025393
v 0.021750 0.024900 -0.025322
v 0.021606 0.024900 -0.025235
v 0.021473 0.024900 -0.025132
v 0.021353 0.024900 -0.025014
v 0.021246 0.024900 -0.024884
v 0.021155 0.024900 -0.024743
v 0.021080 0.021343 -0.024593
v 0.021022 0.021343 -0.024435
v 0.020982 0.021343 -0.024271
v 0.020961 0.021343 -0.024104
v 0.020959 0.021343 -0.023936
v 0.020975 0.021343 -0.023769
v 0.021011 0.021343 -0.023604
v 0.021064 0.021343 -0.023445
v 0.021135 0.021343 -0.023292
v 0.021223 0.021343 -0.023149
v 0.021326 0.021343 -0.023016
v 0.021443 0.021343 -0.022895
v 0.021573 0.021343 -0.022788
v 0.021714 0.021343 -0.022697
v 0.021865 0.021343 -0.022622
v 0.022023 0.021343 -0.022564
v 0.022186 0.021343 -0.022525
v 0.022353 0.021343 -0.022504
v 0.022521 0.021343 -0.022501
v 0.022689 0.021343 -0.022518
v 0.022853 0.021343 -0.022553
v 0.023013 0.021343 -0.022607
v 0.023165 0.021343 -0.022678
v 0.023309 0.021343 -0.022765
v 0.023442 0.021343 -0.022868
v 0.023562 0.021343 -0.022986
v 0.023669 0.021343 -0.023116
v 0.023760 0.021343 -0.023257
v 0.023835 0.021343 -0.023407
v 0.023893 0.021343 -0.023565
v 0.023933 0.021343 -0.023729
v 0.023954 0.021343 -0.023896
v 0.023956 0.021343 -0.024064
v 0.023940 0.021343 -0.024231
v 0.023904 0.021343 -0.024396
v 0.023851 0.021343 -0.024555
v 0.023780 0.021343 -0.024708
v 0.023692 0.021343 -0.024851
v 0.023589 0.021343 -0.024984
v 0.023472 0.021343 -0.025105
v 0.023342 0.021343 -0.025212
v 0.023201 0.021343 -0.025303
v 0.023050 0.021343 -0.025378
v 0.022892 0.021343 -0.025436
v 0.022729 0.021343 -0.025475
v 0.022562 0.021343 -0.025496
v 0.022394 0.021343 -0.025499
v 0.022226 0.021343 -0.025482
v 0.022062 0.021343 -0.025447
v 0.021902 0.021343 -0.025393
v 0.021750 0.021343 -0.025322
v 0.021606 0.021343 -0.025235
v 0.021473 0.021343 -0.025132
v 0.021353 0.021343 -0.025014
v 0.021246 0.021343 -0.024884
v 0.021155 0.021343 -0.024743
v 0.021080 0.017786 -0.024593
v 0.021022 0.017786 -0.024435
v 0.020982 0.017786 -0.024271
v 0.020961 0.017786 -0.024104
v 0.020959 0.017786 -0.023936
v 0.020975 0.017786 -0.023769
v 0.021011 0.017786 -0.023604
v 0.021064 0.017786 -0.023445
v 0.021135 0.017786 -0.023292
v 0.021223 0.017786 -0.023149
v 0.021326 0.017786 -0.023016
v 0.021443 0.017786 -0.022895
v 0.021573 0.017786 -0.022788
v 0.021714 0.017786 -0.022697
v 0.021865 0.017786 -0.022622
v 0.022023 0.017786 -0.022564
v 0.022186 0.017786 -0.022525
v 0.022353 0.017786 -0.022504
v 0.022521 0.017786 -0.022501
v 0.022689 0.017786 -0.022518
v 0.022853 0.017786 -0.022553
v 0.023013 0.017786 -0.022607
v 0.023165 0.017786 -0.022678
v 0.023309 0.017786 -0.022765
v 0.023442 0.017786 -0.022868
v 0.023562 0.017786 -0.022986
v 0.023669 0.017786 -0.023116
v 0.023760 0.017786 -0.023257
v 0.023835 0.017786 -0.023407
v 0.023893 0.017786 -0.023565
v 0.023933 0.017786 -0.023729
v 0.023954 0.017786 -0.023896
v 0.023956 0.017786 -0.024064
v 0.023940 0.017786 -0.024231
v 0.023904 0.017786 -0.024396
v 0.023851 0.017786 -0.024555
v 0.023780 0.017786 -0.024708
v 0.023692 0.017786 -0.024851
v 0.023589 0.017786 -0.024984
v 0.023472 0.017786 -0.025105
v 0.023342 0.017786 -0.025212
v 0.023201 0.017786 -0.025303
v 0.023050 0.017786 -0.025378
v 0.022892 0.017786 -0.025436
v 0.022729 0.017786 -0.025475
v 0.022562 0.017786 -0.025496
v 0.022394 0.017786 -0.025499
v 0.022226 0.017786 -0.025482
v 0.022062 0.017786 -0.025447
v 0.021902 0.017786 -0.025393
v 0.021750 0.017786 -0.025322
v 0.021606 0.017786 -0.025235
v 0.021473 0.017786 -0.025132
v 0.021353 0.017786 -0.025014
v 0.021246 0.017786 -0.024884
v 0.021155 0.017786 -0.024743
v 0.021080 0.014229 -0.024593
v 0.021022 0.014229 -0.024435
v 0.020982 0.014229 -0.024271
v 0.020961 0.014229 -0.024104
v 0.020959 0.014229 -0.023936
v 0.020975 0.014229 -0.023769
v 0.021011 0.014229 -0.023604
v 0.021064 0.014229 -0.023445
v 0.021135 0.014229 -0.023292
v 0.021223 0.014229 -0.023149
v 0.021326 0.014229 -0.023016
v 0.021443 0.014229 -0.022895
v 0.021573 0.014229 -0.022788
v 0.021714 0.014229 -0.022697
v 0.021865 0.014229 -0.022622
v 0.022023 0.014229 -0.022564
v 0.022186 0.014229 -0.022525
v 0.022353 0.014229 -0.022504
v 0.022521 0.014229 -0.022501
v 0.022689 0.014229 -0.022518
v 0.022853 0.014229 -0.022553
v 0.023013 0.014229 -0.022607
v 0.023165 0.014229 -0.022678
v 0.023309 0.014229 -0.022765
v 0.023442 0.014229 -0.022868
v 0.023562 0.014229 -0.022986
v 0.023669 0.014229 -0.023116
v 0.023760 0.014229 -0.023257
v 0.023835 0.014229 -0.023407
v 0.023893 0.014229 -0.023565
v 0.023933 0.014229 -0.023729
v 0.023954 0.014229 -0.023896
v 0.023956 0.014229 -0.024064
v 0.023940 0.014229 -0.024231
v 0.023904 0.014229 -0.024396
v 0.023851 0.014229 -0.024555
v 0.023780 0.014229 -0.024708
v 0.023692 0.014229 -0.024851
v 0.023589 0.014229 -0.024984
v 0.023472 0.014229 -0.025105
v 0.023342 0.014229 -0.025212
v 0.023201 0.014229 -0.025303
v 0.023050 0.014229 -0.025378
v 0.022892 0.014229 -0.025436
v 0.022729 0.014229 -0.025475
v 0.022562 0.014229 -0.025496
v 0.022394 0.014229 -0.025499
v 0.022226 0.014229 -0.025482
v 0.022062 0.014229 -0.025447
v 0.021902 0.014229 -0.025393
v 0.021750 0.014229 -0.025322
v 0.021606 0.014229 -0.025235
v 0.021473 0.014229 -0.025132
v 0.021353 0.014229 -0.025014
v 0.021246 0.014229 -0.024884
v 0.021155 0.014229 -0.024743
v 0.021080 0.010671 -0.024593
v 0.021022 0.010671 -0.024435
v 0.020982 0.010671 -0.024271
v 0.020961 0.010671 -0.024104
v 0.020959 0.010671 -0.023936
v 0.020975 0.010671 -0.023769
v 0.021011 0.010671 -0.023604
v 0.021064 0.010671 -0.023445
v 0.021135 0.010671 -0.023292
v 0.021223 0.010671 -0.023149
v 0.021326 0.010671 -0.023016
v 0.021443 0.010671 -0.022895
v 0.021573 0.010671 -0.022788
v 0.021714 0.010671 -0.022697
v 0.021865 0.010671 -0.022622
v 0.022023 0.010671 -0.022564
v 0.022186 0.010671 -0.022525
v 0.022353 0.010671 -0.022504
v 0.022521 0.010671 -0.022501
v 0.022689 0.010671 -0.022518
v 0.022853 0.010671 -0.022553
v 0.023013 0.010671 -0.022607
v 0.023165 0.010671 -0.022678
v 0.023309 0.010671 -0.022765
v 0.023442 0.010671 -0.022868
v 0.023562 0.010671 -0.022986
v 0.023669 0.010671 -0.023116
v 0.023760 0.010671 -0.023257
v 0.023835 0.010671 -0.023407
v 0.023893 0.010671 -0.023565
v 0.023933 0.010671 -0.023729
v 0.023954 0.010671 -0.023896
v 0.023956 0.010671 -0.024064
v 0.023940 0.010671 -0.024231
v 0.023904 0.010671 -0.024396
v 0.023851 0.010671 -0.024555
v 0.023780 0.010671 -0.024708
v 0.023692 0.010671 -0.024851
v 0.023589 0.010671 -0.024984
v 0.023472 0.010671 -0.025105
v 0.023342 0.010671 -0.025212
v 0.023201 0.010671 -0.025303
v 0.023050 0.010671 -0.025378
v 0.022892 0.010671 -0.025436
v 0.022729 0.010671 -0.025475
v 0.022562 0.010671 -0.025496
v 0.022394 0.010671 -0.025499
v 0.022226 0.010671 -0.025482
v 0.022062 0.010671 -0.025447
v 0.021902 0.010671 -0.025393
v 0.021750 0.010671 -0.025322
v 0.021606 0.010671 -0.025235
v 0.021473 0.010671 -0.025132
v 0.021353 0.010671 -0.025014
v 0.021246 0.010671 -0.024884
v 0.021155 0.010671 -0.024743
v 0.021080 0.007114 -0.024593
v 0.021022 0.007114 -0.024435
v 0.020982 0.007114 -0.024271
v 0.020961 0.007114 -0.024104
v 0.020959 0.007114 -0.023936
v 0.020975 0.007114 -0.023769
v 0.021011 0.007114 -0.023604
v 0.021064 0.007114 -0.023445
v 0.021135 0.007114 -0.023292
v 0.021223 0.007114 -0.023149
v 0.021326 0.007114 -0.023016
v 0.021443 0.007114 -0.022895
v 0.021573 0.007114 -0.022788
v 0.021714 0.007114 -0.022697
v 0.021865 0.007114 -0.022622
v 0.022023 0.007114 -0.022564
v 0.022186 0.007114 -0.022525
v 0.022353 0.007114 -0.022504
v 0.022521 0.007114 -0.022501
v 0.022689 0.007114 -0.022518
v 0.022853 0.007114 -0.022553
v 0.023013 0.007114 -0.022607
v 0.023165 0.007114 -0.022678
v 0.023309 0.007114 -0.022765
v 0.023442 0.007114 -0.022868
v 0.023562 0.007114 -0.022986
v 0.023669 0.007114 -0.023116
v 0.023760 0.007114 -0.023257
v 0.023835 0.007114 -0.023407
v 0.023893 0.007114 -0.023565
v 0.023933 0.007114 -0.023729
v 0.023954 0.007114 -0.023896
v 0.023956 0.007114 -0.024064
v 0.023940 0.007114 -0.024231
v 0.023904 0.007114 -0.024396
v 0.023851 0.007114 -0.024555
v 0.023780 0.007114 -0.024708
v 0.023692 0.007114 -0.024851
v 0.023589 0.007114 -0.024984
v 0.023472 0.007114 -0.025105
v 0.023342 0.007114 -0.025212
v 0.023201 0.007114 -0.025303
v 0.023050 0.007114 -0.025378
v 0.022892 0.007114 -0.025436
v 0.022729 0.007114 -0.025475
v 0.022562 0.007114 -0.025496
v 0.022394 0.007114 -0.025499
v 0.022226 0.007114 -0.025482
v 0.022062 0.007114 -0.025447
v 0.021902 0.007114 -0.025393
v 0.021750 0.007114 -0.025322
v 0.021606 0.007114 -0.025235
v 0.021473 0.007114 -0.025132
v 0.021353 0.007114 -0.025014
v 0.021246 0.007114 -0.024884
v 0.021155 0.007114 -0.024743
v 0.021080 0.003557 -0.024593
v 0.021022 0.003557 -0.024435
v 0.020982 0.003557 -0.024271
v 0.020961 0.003557 -0.024104
v 0.020959 0.003557 -0.023936
v 0.020975 0.003557 -0.023769
v 0.021011 0.003557 -0.023604
v 0.021064 0.003557 -0.023445
v 0.021135 0.003557 -0.023292
v 0.021223 0.003557 -0.023149
v 0.021326 0.003557 -0.023016
v 0.021443 0.003557 -0.022895
v 0.021573 0.003557 -0.022788
v 0.021714 0.003557 -0.022697
v 0.021865 0.003557 -0.022622
v 0.022023 0.003557 -0.022564
v 0.022186 0.003557 -0.022525
v 0.022353 0.003557 -0.022504
v 0.022521 0.003557 -0.022501
v 0.022689 0.003557 -0.022518
v 0.022853 0.003557 -0.022553
v 0.023013 0.003557 -0.022607
v 0.023165 0.003557 -0.022678
v 0.023309 0.003557 -0.022765
v 0.023442 0.003557 -0.022868
v 0.023562 0.003557 -0.022986
v 0.023669 0.003557 -0.023116
v 0.023760 0.003557 -0.023257
v 0.023835 0.003557 -0.023407
v 0.023893 0.003557 -0.023565
v 0.023933 0.003557 -0.023729
v 0.023954 0.003557 -0.023896
v 0.023956 0.003557 -0.024064
v 0.023940 0.003557 -0.024231
v 0.023904 0.003557 -0.024396
v 0.023851 0.003557 -0.024555
v 0.023780 0.003557 -0.024708
v 0.023692 0.003557 -0.024851
v 0.023589 0.003557 -0.024984
v 0.023472 0.003557 -0.025105
v 0.023342 0.003557 -0.025212
v 0.023201 0.003557 -0.025303
v 0.023050 0.003557 -0.025378
v 0.022892 0.003557 -0.025436
v 0.022729 0.003557 -0.025475
v 0.022562 0.003557 -0.025496
v 0.022394 0.003557 -0.025499
v 0.022226 0.003557 -0.025482
v 0.022062 0.003557 -0.025447
v 0.021902 0.003557 -0.025393
v 0.021750 0.003557 -0.025322
v 0.021606 0.003557 -0.025235
v 0.021473 0.003557 -0.025132
v 0.021353 0.003557 -0.025014
v 0.021246 0.003557 -0.024884
v 0.021155 0.003557 -0.024743
v 0.021080 -0.000000 -0.024593
v 0.021022 -0.000000 -0.024435
v 0.020982 -0.000000 -0.024271
v 0.020961 -0.000000 -0.024104
v 0.020959 -0.000000 -0.023936
v 0.020975 -0.000000 -0.023769
v 0.021011 -0.000000 -0.023604
v 0.021064 -0.000000 -0.023445
v 0.021135 -0.000000 -0.023292
v 0.021223 -0.000000 -0.023149
v 0.021326 -0.000000 -0.023016
v 0.021443 -0.000000 -0.022895
v 0.021573 -0.000000 -0.022788
v 0.021714 -0.000000 -0.022697
v 0.021865 -0.000000 -0.022622
v 0.022023 -0.000000 -0.022564
v 0.022186 -0.000000 -0.022525
v 0.022353 -0.000000 -0.022504
v 0.022521 -0.000000 -0.022501
v 0.022689 -0.000000 -0.022518
v 0.022853 -0.000000 -0.022553
v 0.023013 -0.000000 -0.022607
v 0.023165 -0.000000 -0.022678
v 0.023309 -0.000000 -0.022765
v 0.023442 -0.000000 -0.022868
v 0.023562 -0.000000 -0.022986
v 0.023669 -0.000000 -0.023116
v 0.023760 -0.000000 -0.023257
v 0.023835 -0.000000 -0.023407
v 0.023893 -0.000000 -0.023565
v 0.023933 -0.000000 -0.023729
v 0.023954 -0.000000 -0.023896
v 0.023956 -0.000000 -0.024064
v 0.023940 -0.000000 -0.024231
v 0.023904 -0.000000 -0.024396
v 0.023851 -0.000000 -0.024555
v 0.023780 -0.000000 -0.024708
v 0.023692 -0.000000 -0.024851
v 0.023589 -0.000000 -0.024984
v 0.023472 -0.000000 -0.025105
v 0.023342 -0.000000 -0.025212
v 0.023201 -0.000000 -0.025303
v 0.023050 -0.000000 -0.025378
v 0.022892 -0.000000 -0.025436
v 0.022729 -0.000000 -0.025475
v 0.022562 -0.000000 -0.025496
v 0.022394 -0.000000 -0.025499
v 0.022226 -0.000000 -0.025482
v 0.022062 -0.000000 -0.025447
v 0.021902 -0.000000 -0.025393
v 0.021750 -0.000000 -0.025322
v 0.021606 -0.000000 -0.025235
v 0.021473 -0.000000 -0.025132
v 0.021353 -0.000000 -0.025014
v 0.021246 -0.000000 -0.024884
v 0.021155 -0.000000 -0.024743
v 0.021080 -0.003557 -0.024593
v 0.021022 -0.003557 -0.024435
v 0.020982 -0.003557 -0.024271
v 0.020961 -0.003557 -0.024104
v 0.020959 -0.003557 -0.023936
v 0.020975 -0.003557 -0.023769
v 0.021011 -0.003557 -0.023604
v 0.021064 -0.003557 -0.023445
v 0.021135 -0.003557 -0.023292
v 0.021223 -0.003557 -0.023149
v 0.021326 -0.003557 -0.023016
v 0.021443 -0.003557 -0.022895
v 0.021573 -0.003557 -0.022788
v 0.021714 -0.003557 -0.022697
v 0.021865 -0.003557 -0.022622
v 0.022023 -0.003557 -0.022564
v 0.022186 -0.003557 -0.022525
v 0.022353 -0.003557 -0.022504
v 0.022521 -0.003557 -0.022501
v 0.022689 -0.003557 -0.022518
v 0.022853 -0.003557 -0.022553
v 0.023013 -0.003557 -0.022607
v 0.023165 -0.003557 -0.022678
v 0.023309 -0.003557 -0.022765
v 0.023442 -0.003557 -0.022868
v 0.023562 -0.003557 -0.022986
v 0.023669 -0.003557 -0.023116
v 0.023760 -0.003557 -0.023257
v 0.023835 -0.003557 -0.023407
v 0.023893 -0.003557 -0.023565
v 0.023933 -0.003557 -0.023729
v 0.023954 -0.003557 -0.023896
v 0.023956 -0.003557 -0.024064
v 0.023940 -0.003557 -0.024231
v 0.023904 -0.003557 -0.024396
v 0.023851 -0.003557 -0.024555
v 0.023780 -0.003557 -0.024708
v 0.023692 -0.003557 -0.024851
v 0.023589 -0.003557 -0.024984
v 0.023472 -0.003557 -0.025105
v 0.023342 -0.003557 -0.025212
v 0.023201 -0.003557 -0.025303
v 0.023050 -0.003557 -0.025378
v 0.022892 -0.003557 -0.025436
v 0.022729 -0.003557 -0.025475
v 0.022562 -0.003557 -0.025496
v 0.022394 -0.003557 -0.025499
v 0.022226 -0.003557 -0.025482
v 0.022062 -0.003557 -0.025447
v 0.021902 -0.003557 -0.025393
v 0.021750 -0.003557 -0.025322
v 0.021606 -0.003557 -0.025235
v 0.021473 -0.003557 -0.025132
v 0.021353 -0.003557 -0.025014
v 0.021246 -0.003557 -0.024884
v 0.021155 -0.003557 -0.024743
v 0.021080 -0.007114 -0.024593
v 0.021022 -0.007114 -0.024435
v 0.020982 -0.007114 -0.024271
v 0.020961 -0.007114 -0.024104
v 0.020959 -0.007114 -0.023936
v 0.020975 -0.007114 -0.023769
v 0.021011 -0.007114 -0.023604
v 0.021064 -0.007114 -0.023445
v 0.021135 -0.007114 -0.023292
v 0.021223 -0.007114 -0.023149
v 0.021326 -0.007114 -0.023016
v 0.021443 -0.007114 -0.022895
v 0.021573 -0.007114 -0.022788
v 0.021714 -0.007114 -0.022697
v 0.021865 -0.007114 -0.022622
v 0.022023 -0.007114 -0.022564
v 0.022186 -0.007114 -0.022525
v 0.022353 -0.007114 -0.022504
v 0.022521 -0.007114 -0.022501
v 0.022689 -0.007114 -0.022518
v 0.022853 -0.007114 -0.022553
v 0.023013 -0.007114 -0.022607
v 0.023165 -0.007114 -0.022678
v 0.023309 -0.007114 -0.022765
v 0.023442 -0.007114 -0.022868
v 0.023562 -0.007114 -0.022986
v 0.023669 -0.007114 -0.023116
v 0.023760 -0.007114 -0.023257
v 0.023835 -0.007114 -0.023407
v 0.023893 -0.007114 -0.023565
v 0.023933 -0.007114 -0.023729
v 0.023954 -0.007114 -0.023896
v 0.023956 -0.007114 -0.024064
v 0.023940 -0.007114 -0.024231
v 0.023904 -0.007114 -0.024396
v 0.023851 -0.007114 -0.024555
v 0.023780 -0.007114 -0.024708
v 0.023692 -0.007114 -0.024851
v 0.023589 -0.007114 -0.024984
v 0.023472 -0.007114 -0.025105
v 0.023342 -0.007114 -0.025212
v 0.023201 -0.007114 -0.025303
v 0.023050 -0.007114 -0.025378
v 0.022892 -0.007114 -0.025436
v 0.022729 -0.007114 -0.025475
v 0.022562 -0.007114 -0.025496
v 0.022394 -0.007114 -0.025499
v 0.022226 -0.007114 -0.025482
v 0.022062 -0.007114 -0.025447
v 0.021902 -0.007114 -0.025393
v 0.021750 -0.007114 -0.025322
v 0.021606 -0.007114 -0.025235
v 0.021473 -0.007114 -0.025132
v 0.021353 -0.007114 -0.025014
v 0.021246 -0.007114 -0.024884
v 0.021155 -0.007114 -0.024743
v 0.021080 -0.010671 -0.024593
v 0.021022 -0.010671 -0.024435
v 0.020982 -0.010671 -0.024271
v 0.020961 -0.010671 -0.024104
v 0.020959 -0.010671 -0.023936
v 0.020975 -0.010671 -0.023769
v 0.021011 -0.010671 -0.023604
v 0.021064 -0.010671 -0.023445
v 0.021135 -0.010671 -0.023292
v 0.021223 -0.010671 -0.023149
v 0.021326 -0.010671 -0.023016
v 0.021443 -0.010671 -0.022895
v 0.021573 -0.010671 -0.022788
v 0.021714 -0.010671 -0.022697
v 0.021865 -0.010671 -0.022622
v 0.022023 -0.010671 -0.022564
v 0.022186 -0.010671 -0.022525
v 0.022353 -0.010671 -0.022504
v 0.022521 -0.010671 -0.022501
v 0.022689 -0.010671 -0.022518
v 0.022853 -0.010671 -0.022553
v 0.023013 -0.010671 -0.022607
v 0.023165 -0.010671 -0.022678
v 0.023309 -0.010671 -0.022765
v 0.023442 -0.010671 -0.022868
v 0.023562 -0.010671 -0.022986
v 0.023669 -0.010671 -0.023116
v 0.023760 -0.010671 -0.023257
v 0.023835 -0.010671 -0.023407
v 0.023893 -0.010671 -0.023565
v 0.023933 -0.010671 -0.023729
v 0.023954 -0.010671 -0.023896
v 0.023956 -0.010671 -0.024064
v 0.023940 -0.010671 -0.024231
v 0.023904 -0.010671 -0.024396
v 0.023851 -0.010671 -0.024555
v 0.023780 -0.010671 -0.024708
v 0.023692 -0.010671 -0.024851
v 0.023589 -0.010671 -0.024984
v 0.023472 -0.010671 -0.025105
v 0.023342 -0.010671 -0.025212
v 0.023201 -0.010671 -0.025303
v 0.023050 -0.010671 -0.025378
v 0.022892 -0.010671 -0.025436
v 0.022729 -0.010671 -0.025475
v 0.022562 -0.010671 -0.025496
v 0.022394 -0.010671 -0.025499
v 0.022226 -0.010671 -0.025482
v 0.022062 -0.010671 -0.025447
v 0.021902 -0.010671 -0.025393
v 0.021750 -0.010671 -0.025322
v 0.021606 -0.010671 -0.025235
v 0.021473 -0.010671 -0.025132
v 0.021353 -0.010671 -0.025014
v 0.021246 -0.010671 -0.024884
v 0.021155 -0.010671 -0.024743
v 0.021080 -0.014229 -0.024593
v 0.021022 -0.014229 -0.024435
v 0.020982 -0.014229 -0.024271
v 0.020961 -0.014229 -0.024104
v 0.020959 -0.014229 -0.023936
v 0.020975 -0.014229 -0.023769
v 0.021011 -0.014229 -0.023604
v 0.021064 -0.014229 -0.023445
v 0.021135 -0.014229 -0.023292
v 0.021223 -0.014229 -0.023149
v 0.021326 -0.014229 -0.023016
v 0.021443 -0.014229 -0.022895
v 0.021573 -0.014229 -0.022788
v 0.021714 -0.014229 -0.022697
v 0.021865 -0.014229 -0.022622
v 0.022023 -0.014229 -0.022564
v 0.022186 -0.014229 -0.022525
v 0.022353 -0.014229 -0.022504
v 0.022521 -0.014229 -0.022501
v 0.022689 -0.014229 -0.022518
v 0.022853 -0.014229 -0.022553
v 0.023013 -0.014229 -0.022607
v 0.023165 -0.014229 -0.022678
v 0.023309 -0.014229 -0.022765
v 0.023442 -0.014229 -0.022868
v 0.023562 -0.014229 -0.022986
v 0.023669 -0.014229 -0.023116
v 0.023760 -0.014229 -0.023257
v 0.023835 -0.014229 -0.023407
v 0.023893 -0.014229 -0.023565
v 0.023933 -0.014229 -0.023729
v 0.023954 -0.014229 -0.023896
v 0.023956 -0.014229 -0.024064
v 0.023940 -0.014229 -0.024231
v 0.023904 -0.014229 -0.024396
v 0.023851 -0.014229 -0.024555
v 0.023780 -0.014229 -0.024708
v 0.023692 -0.014229 -0.024851
v 0.023589 -0.014229 -0.024984
v 0.023472 -0.014229 -0.025105
v 0.023342 -0.014229 -0.025212
v 0.023201 -0.014229 -0.025303
v 0.023050 -0.014229 -0.025378
v 0.022892 -0.014229 -0.025436
v 0.022729 -0.014229 -0.025475
v 0.022562 -0.014229 -0.025496
v 0.022394 -0.014229 -0.025499
v 0.022226 -0.014229 -0.025482
v 0.022062 -0.014229 -0.025447
v 0.021902 -0.014229 -0.025393
v 0.021750 -0.014229 -0.025322
v 0.021606 -0.014229 -0.025235
v 0.021473 -0.014229 -0.025132
v 0.021353 -0.014229 -0.025014
v 0.021246 -0.014229 -0.024884
v 0.021155 -0.014229 -0.024743
v 0.021080 -0.017786 -0.024593
v 0.021022 -0.017786 -0.024435
v 0.020982 -0.017786 -0.024271
v 0.020961 -0.017786 -0.024104
v 0.020959 -0.017786 -0.023936
v 0.020975 -0.017786 -0.023769
v 0.021011 -0.017786 -0.023604
v 0.021064 -0.017786 -0.023445
v 0.021135 -0.017786 -0.023292
v 0.021223 -0.017786 -0.023149
v 0.021326 -0.017786 -0.023016
v 0.021443 -0.017786 -0.022895
v 0.021573 -0.017786 -0.022788
v 0.021714 -0.017786 -0.022697
v 0.021865 -0.017786 -0.022622
v 0.022023 -0.017786 -0.022564
v 0.022186 -0.017786 -0.022525
v 0.022353 -0.017786 -0.022504
v 0.022521 -0.017786 -0.022501
v 0.022689 -0.017786 -0.022518
v 0.022853 -0.017786 -0.022553
v 0.023013 -0.017786 -0.022607
v 0.023165 -0.017786 -0.022678
v 0.023309 -0.017786 -0.022765
v 0.023442 -0.017786 -0.022868
v 0.023562 -0.017786 -0.022986
v 0.023669 -0.017786 -0.023116
v 0.023760 -0.017786 -0.023257
v 0.023835 -0.017786 -0.023407
v 0.023893 -0.017786 -0.023565
v 0.023933 -0.017786 -0.023729
v 0.023954 -0.017786 -0.023896
v 0.023956 -0.017786 -0.024064
v 0.023940 -0.017786 -0.024231
v 0.023904 -0.017786 -0.024396
v 0.023851 -0.017786 -0.024555
v 0.023780 -0.017786 -0.024708
v 0.023692 -0.017786 -0.024851
v 0.023589 -0.017786 -0.024984
v 0.023472 -0.017786 -0.025105
v 0.023342 -0.017786 -0.025212
v 0.023201 -0.017786 -0.025303
v 0.023050 -0.017786 -0.025378
v 0.022892 -0.017786 -0.025436
v 0.022729 -0.017786 -0.025475
v 0.022562 -0.017786 -0.025496
v 0.022394 -0.017786 -0.025499
v 0.022226 -0.017786 -0.025482
v 0.022062 -0.017786 -0.025447
v 0.021902 -0.017786 -0.025393
v 0.021750 -0.017786 -0.025322
v 0.021606 -0.017786 -0.025235
v 0.021473 -0.017786 -0.025132
v 0.021353 -0.017786 -0.025014
v 0.021246 -0.017786 -0.024884
v 0.021155 -0.017786 -0.024743
v 0.021080 -0.021343 -0.024593
v 0.021022 -0.021343 -0.024435
v 0.020982 -0.021343 -0.024271
v 0.020961 -0.021343 -0.024104
v 0.020959 -0.021343 -0.023936
v 0.020975 -0.021343 -0.023769
v 0.021011 -0.021343 -0.023604
v 0.021064 -0.021343 -0.023445
v 0.021135 -0.021343 -0.023292
v 0.021223 -0.021343 -0.023149
v 0.021326 -0.021343 -0.023016
v 0.021443 -0.021343 -0.022895
v 0.021573 -0.021343 -0.022788
v 0.021714 -0.021343 -0.022697
v 0.021865 -0.021343 -0.022622
v 0.022023 -0.021343 -0.022564
v 0.022186 -0.021343 -0.022525
v 0.022353 -0.021343 -0.022504
v 0.022521 -0.021343 -0.022501
v 0.022689 -0.021343 -0.022518
v 0.022853 -0.021343 -0.022553
v 0.023013 -0.021343 -0.022607
v 0.023165 -0.021343 -0.022678
v 0.023309 -0.021343 -0.022765
v 0.023442 -0.021343 -0.022868
v 0.023562 -0.021343 -0.022986
v 0.023669 -0.021343 -0.023116
v 0.023760 -0.021343 -0.023257
v 0.023835 -0.021343 -0.023407
v 0.023893 -0.021343 -0.023565
v 0.023933 -0.021343 -0.023729
v 0.023954 -0.021343 -0.023896
v 0.023956 -0.021343 -0.024064
v 0.023940 -0.021343 -0.024231
v 0.023904 -0.021343 -0.024396
v 0.023851 -0.021343 -0.024555
v 0.023780 -0.021343 -0.024708
v 0.023692 -0.021343 -0.024851
v 0.023589 -0.021343 -0.024984
v 0.023472 -0.021343 -0.025105
v 0.023342 -0.021343 -0.025212
v 0.023201 -0.021343 -0.025303
v 0.023050 -0.021343 -0.025378
v 0.022892 -0.021343 -0.025436
v 0.022729 -0.021343 -0.025475
v 0.022562 -0.021343 -0.025496
v 0.022394 -0.021343 -0.025499
v 0.022226 -0.021343 -0.025482
v 0.022062 -0.021343 -0.025447
v 0.021902 -0.021343 -0.025393
v 0.021750 -0.021343 -0.025322
v 0.021606 -0.021343 -0.025235
v 0.021473 -0.021343 -0.025132
v 0.021353 -0.021343 -0.025014
v 0.021246 -0.021343 -0.024884
v 0.021155 -0.021343 -0.024743
v 0.021080 -0.024900 -0.024593
v 0.021022 -0.024900 -0.024435
v 0.020982 -0.024900 -0.024271
v 0.020961 -0.024900 -0.024104
v 0.020959 -0.024900 -0.023936
v 0.020975 -0.024900 -0.023769
v 0.021011 -0.024900 -0.023604
v 0.021064 -0.024900 -0.023445
v 0.021135 -0.024900 -0.023292
v 0.021223 -0.024900 -0.023149
v 0.021326 -0.024900 -0.023016
v 0.021443 -0.024900 -0.022895
v 0.021573 -0.024900 -0.022788
v 0.021714 -0.024900 -0.022697
v 0.021865 -0.024900 -0.022622
v 0.022023 -0.024900 -0.022564
v 0.022186 -0.024900 -0.022525
v 0.022353 -0.024900 -0.022504
v 0.022521 -0.024900 -0.022501
v 0.022689 -0.024900 -0.022518
v 0.022853 -0.024900 -0.022553
v 0.023013 -0.024900 -0.022607
v 0.023165 -0.024900 -0.022678
v 0.023309 -0.024900 -0.022765
v 0.023442 -0.024900 -0.022868
v 0.023562 -0.024900 -0.022986
v 0.023669 -0.024900 -0.023116
v 0.023760 -0.024900 -0.023257
v 0.023835 -0.024900 -0.023407
v 0.023893 -0.024900 -0.023565
v 0.023933 -0.024900 -0.023729
v 0.023954 -0.024900 -0.023896
v 0.023956 -0.024900 -0.024064
v 0.023940 -0.024900 -0.024231
v 0.023904 -0.024900 -0.024396
v 0.023851 -0.024900 -0.024555
v 0.023780 -0.024900 -0.024708
v 0.023692 -0.024900 -0.024851
v 0.023589 -0.024900 -0.024984
v 0.023472 -0.024900 -0.025105
v 0.023342 -0.024900 -0.025212
v 0.023201 -0.024900 -0.025303
v 0.023050 -0.024900 -0.025378
v 0.022892 -0.024900 -0.025436
v 0.022729 -0.024900 -0.025475
v 0.022562 -0.024900 -0.025496
v 0.022394 -0.024900 -0.025499
v 0.022226 -0.024900 -0.025482
v 0.022062 -0.024900 -0.025447
v 0.021902 -0.024900 -0.025393
v 0.021750 -0.024900 -0.025322
v 0.021606 -0.024900 -0.025235
v 0.021473 -0.024900 -0.025132
v 0.021353 -0.024900 -0.025014
v 0.021246 -0.024900 -0.024884
v 0.021155 -0.024900 -0.024743
v 0.021080 -0.028457 -0.024593
v 0.021022 -0.028457 -0.024435
v 0.020982 -0.028457 -0.024271
v 0.020961 -0.028457 -0.024104
v 0.020959 -0.028457 -0.023936
v 0.020975 -0.028457 -0.023769
v 0.021011 -0.028457 -0.023604
v 0.021064 -0.028457 -0.023445
v 0.021135 -0.028457 -0.023292
v 0.021223 -0.028457 -0.023149
v 0.021326 -0.028457 -0.023016
v 0.021443 -0.028457 -0.022895
v 0.021573 -0.028457 -0.022788
v 0.021714 -0.028457 -0.022697
v 0.021865 -0.028457 -0.022622
v 0.022023 -0.028457 -0.022564
v 0.022186 -0.028457 -0.022525
v 0.022353 -0.028457 -0.022504
v 0.022521 -0.028457 -0.022501
v 0.022689 -0.028457 -0.022518
v 0.022853 -0.028457 -0.022553
v 0.023013 -0.028457 -0.022607
v 0.023165 -0.028457 -0.022678
v 0.023309 -0.028457 -0.022765
v 0.023442 -0.028457 -0.022868
v 0.023562 -0.028457 -0.022986
v 0.023669 -0.028457 -0.023116
v 0.023760 -0.028457 -0.023257
v 0.023835 -0.028457 -0.023407
v 0.023893 -0.028457 -0.023565
v 0.023933 -0.028457 -0.023729
v 0.023954 -0.028457 -0.023896
v 0.023956 -0.028457 -0.024064
v 0.023940 -0.028457 -0.024231
v 0.023904 -0.028457 -0.024396
v 0.023851 -0.028457 -0.024555
v 0.023780 -0.028457 -0.024708
v 0.023692 -0.028457 -0.024851
v 0.023589 -0.028457 -0.024984
v 0.023472 -0.028457 -0.025105
v 0.023342 -0.028457 -0.025212
v 0.023201 -0.028457 -0.025303
v 0.023050 -0.028457 -0.025378
v 0.022892 -0.028457 -0.025436
v 0.022729 -0.028457 -0.025475
v 0.022562 -0.028457 -0.025496
v 0.022394 -0.028457 -0.025499
v 0.022226 -0.028457 -0.025482
v 0.022062 -0.028457 -0.025447
v 0.021902 -0.028457 -0.025393
v 0.021750 -0.028457 -0.025322
v 0.021606 -0.028457 -0.025235
v 0.021473 -0.028457 -0.025132
v 0.021353 -0.028457 -0.025014
v 0.021246 -0.028457 -0.024884
v 0.021155 -0.028457 -0.024743
v 0.021080 -0.032014 -0.024593
v 0.021022 -0.032014 -0.024435
v 0.020982 -0.032014 -0.024271
v 0.020961 -0.032014 -0.024104
v 0.020959 -0.032014 -0.023936
v 0.020975 -0.032014 -0.023769
v 0.021011 -0.032014 -0.023604
v 0.021064 -0.032014 -0.023445
v 0.021135 -0.032014 -0.023292
v 0.021223 -0.032014 -0.023149
v 0.021326 -0.032014 -0.023016
v 0.021443 -0.032014 -0.022895
v 0.021573 -0.032014 -0.022788
v 0.021714 -0.032014 -0.022697
v 0.021865 -0.032014 -0.022622
v 0.022023 -0.032014 -0.022564
v 0.022186 -0.032014 -0.022525
v 0.022353 -0.032014 -0.022504
v 0.022521 -0.032014 -0.022501
v 0.022689 -0.032014 -0.022518
v 0.022853 -0.032014 -0.022553
v 0.023013 -0.032014 -0.022607
v 0.023165 -0.032014 -0.022678
v 0.023309 -0.032014 -0.022765
v 0.023442 -0.032014 -0.022868
v 0.023562 -0.032014 -0.022986
v 0.023669 -0.032014 -0.023116
v 0.023760 -0.032014 -0.023257
v 0.023835 -0.032014 -0.023407
v 0.023893 -0.032014 -0.023565
v 0.023933 -0.032014 -0.023729
v 0.023954 -0.032014 -0.023896
v 0.023956 -0.032014 -0.024064
v 0.023940 -0.032014 -0.024231
v 0.023904 -0.032014 -0.024396
v 0.023851 -0.032014 -0.024555
v 0.023780 -0.032014 -0.024708
v 0.023692 -0.032014 -0.024851
v 0.023589 -0.032014 -0.024984
v 0.023472 -0.032014 -0.025105
v 0.023342 -0.032014 -0.025212
v 0.023201 -0.032014 -0.025303
v 0.023050 -0.032014 -0.025378
v 0.022892 -0.032014 -0.025436
v 0.022729 -0.032014 -0.025475
v 0.022562 -0.032014 -0.025496
v 0.022394 -0.032014 -0.025499
v 0.022226 -0.032014 -0.025482
v 0.022062 -0.032014 -0.025447
v 0.021902 -0.032014 -0.025393
v 0.021750 -0.032014 -0.025322
v 0.021606 -0.032014 -0.025235
v 0.021473 -0.032014 -0.025132
v 0.021353 -0.032014 -0.025014
v 0.021246 -0.032014 -0.024884
v 0.021155 -0.032014 -0.024743
v 0.021080 -0.035571 -0.024593
v 0.021022 -0.035571 -0.024435
v 0.020982 -0.035571 -0.024271
v 0.020961 -0.035571 -0.024104
v 0.020959 -0.035571 -0.023936
v 0.020975 -0.035571 -0.023769
v 0.021011 -0.035571 -0.023604
v 0.021064 -0.035571 -0.023445
v 0.021135 -0.035571 -0.023292
v 0.021223 -0.035571 -0.023149
v 0.021326 -0.035571 -0.023016
v 0.021443 -0.035571 -0.022895
v 0.021573 -0.035571 -0.022788
v 0.021714 -0.035571 -0.022697
v 0.021865 -0.035571 -0.022622
v 0.022023 -0.035571 -0.022564
v 0.022186 -0.035571 -0.022525
v 0.022353 -0.035571 -0.022504
v 0.022521 -0.035571 -0.022501
v 0.022689 -0.035571 -0.022518
v 0.022853 -0.035571 -0.022553
v 0.023013 -0.035571 -0.022607
v 0.023165 -0.035571 -0.022678
v 0.023309 -0.035571 -0.022765
v 0.023442 -0.035571 -0.022868
v 0.023562 -0.035571 -0.022986
v 0.023669 -0.035571 -0.023116
v 0.023760 -0.035571 -0.023257
v 0.023835 -0.035571 -0.023407
v 0.023893 -0.035571 -0.023565
v 0.023933 -0.035571 -0.023729
v 0.023954 -0.035571 -0.023896
v 0.023956 -0.035571 -0.024064
v 0.023940 -0.035571 -0.024231
v 0.023904 -0.035571 -0.024396
v 0.023851 -0.035571 -0.024555
v 0.023780 -0.035571 -0.024708
v 0.023692 -0.035571 -0.024851
v 0.023589 -0.035571 -0.024984
v 0.023472 -0.035571 -0.025105
v 0.023342 -0.035571 -0.025212
v 0.023201 -0.035571 -0.025303
v 0.023050 -0.035571 -0.025378
v 0.022892 -0.035571 -0.025436
v 0.022729 -0.035571 -0.025475
v 0.022562 -0.035571 -0.025496
v 0.022394 -0.035571 -0.025499
v 0.022226 -0.035571 -0.025482
v 0.022062 -0.035571 -0.025447
v 0.021902 -0.035571 -0.025393
v 0.021750 -0.035571 -0.025322
v 0.021606 -0.035571 -0.025235
v 0.021473 -0.035571 -0.025132
v 0.021353 -0.035571 -0.025014
v 0.021246 -0.035571 -0.024884
v 0.021155 -0.035571 -0.024743
v 0.021080 -0.039129 -0.024593
v 0.021022 -0.039129 -0.024435
v 0.020982 -0.039129 -0.024271
v 0.020961 -0.039129 -0.024104
v 0.020959 -0.039129 -0.023936
v 0.020975 -0.039129 -0.023769
v 0.021011 -0.039129 -0.023604
v 0.021064 -0.039129 -0.023445
v 0.021135 -0.039129 -0.023292
v 0.021223 -0.039129 -0.023149
v 0.021326 -0.039129 -0.023016
v 0.021443 -0.039129 -0.022895
v 0.021573 -0.039129 -0.022788
v 0.021714 -0.039129 -0.022697
v 0.021865 -0.039129 -0.022622
v 0.022023 -0.039129 -0.022564
v 0.022186 -0.039129 -0.022525
v 0.022353 -0.039129 -0.022504
v 0.022521 -0.039129 -0.022501
v 0.022689 -0.039129 -0.022518
v 0.022853 -0.039129 -0.022553
v 0.023013 -0.039129 -0.022607
v 0.023165 -0.039129 -0.022678
v 0.023309 -0.039129 -0.022765
v 0.023442 -0.039129 -0.022868
v 0.023562 -0.039129 -0.022986
v 0.023669 -0.039129 -0.023116
v 0.023760 -0.039129 -0.023257
v 0.023835 -0.039129 -0.023407
v 0.023893 -0.039129 -0.023565
v 0.023933 -0.039129 -0.023729
v 0.023954 -0.039129 -0.023896
v 0.023956 -0.039129 -0.024064
v 0.023940 -0.039129 -0.024231
v 0.023904 -0.039129 -0.024396
v 0.023851 -0.039129 -0.024555
v 0.023780 -0.039129 -0.024708
v 0.023692 -0.039129 -0.024851
v 0.023589 -0.039129 -0.024984
v 0.023472 -0.039129 -0.025105
v 0.023342 -0.039129 -0.025212
v 0.023201 -0.039129 -0.025303
v 0.023050 -0.039129 -0.025378
v 0.022892 -0.039129 -0.025436
v 0.022729 -0.039129 -0.025475
v 0.022562 -0.039129 -0.025496
v 0.022394 -0.039129 -0.025499
v 0.022226 -0.039129 -0.025482
v 0.022062 -0.039129 -0.025447
v 0.021902 -0.039129 -0.025393
v 0.021750 -0.039129 -0.025322
v 0.021606 -0.039129 -0.025235
v 0.021473 -0.039129 -0.025132
v 0.021353 -0.039129 -0.025014
v 0.021246 -0.039129 -0.024884
v 0.021155 -0.039129 -0.024743
v 0.021080 -0.042686 -0.024593
v 0.021022 -0.042686 -0.024435
v 0.020982 -0.042686 -0.024271
v 0.020961 -0.042686 -0.024104
v 0.020959 -0.042686 -0.023936
v 0.020975 -0.042686 -0.023769
v 0.021011 -0.042686 -0.023604
v 0.021064 -0.042686 -0.023445
v 0.021135 -0.042686 -0.023292
v 0.021223 -0.042686 -0.023149
v 0.021326 -0.042686 -0.023016
v 0.021443 -0.042686 -0.022895
v 0.021573 -0.042686 -0.022788
v 0.021714 -0.042686 -0.022697
v 0.021865 -0.042686 -0.022622
v 0.022023 -0.042686 -0.022564
v 0.022186 -0.042686 -0.022525
v 0.022353 -0.042686 -0.022504
v 0.022521 -0.042686 -0.022501
v 0.022689 -0.042686 -0.022518
v 0.022853 -0.042686 -0.022553
v 0.023013 -0.042686 -0.022607
v 0.023165 -0.042686 -0.022678
v 0.023309 -0.042686 -0.022765
v 0.023442 -0.042686 -0.022868
v 0.023562 -0.042686 -0.022986
v 0.023669 -0.042686 -0.023116
v 0.023760 -0.042686 -0.023257
v 0.023835 -0.042686 -0.023407
v 0.023893 -0.042686 -0.023565
v 0.023933 -0.042686 -0.023729
v 0.023954 -0.042686 -0.023896
v 0.023956 -0.042686 -0.024064
v 0.023940 -0.042686 -0.024231
v 0.023904 -0.042686 -0.024396
v 0.023851 -0.042686 -0.024555
v 0.023780 -0.042686 -0.024708
v 0.023692 -0.042686 -0.024851
v 0.023589 -0.042686 -0.024984
v 0.023472 -0.042686 -0.025105
v 0.023342 -0.042686 -0.025212
v 0.023201 -0.042686 -0.025303
v 0.023050 -0.042686 -0.025378
v 0.022892 -0.042686 -0.025436
v 0.022729 -0.042686 -0.025475
v 0.022562 -0.042686 -0.025496
v 0.022394 -0.042686 -0.025499
v 0.022226 -0.042686 -0.025482
v 0.022062 -0.042686 -0.025447
v 0.021902 -0.042686 -0.025393
v 0.021750 -0.042686 -0.025322
v 0.021606 -0.042686 -0.025235
v 0.021473 -0.042686 -0.025132
v 0.021353 -0.042686 -0.025014
v 0.021246 -0.042686 -0.024884
v 0.021155 -0.042686 -0.024743
v 0.023704 -0.050000 -0.023631
v 0.023652 -0.050000 -0.023486
v 0.023739 -0.050000 -0.023781
v 0.023756 -0.050000 -0.023934
v 0.023754 -0.050000 -0.024088
v 0.023735 -0.050000 -0.024241
v 0.023697 -0.050000 -0.024391
v 0.023643 -0.050000 -0.024534
v 0.023571 -0.050000 -0.024671
v 0.023484 -0.050000 -0.024798
v 0.023382 -0.050000 -0.024914
v 0.023268 -0.050000 -0.025017
v 0.023142 -0.050000 -0.025105
v 0.023006 -0.050000 -0.025178
v 0.022863 -0.050000 -0.025235
v 0.022714 -0.050000 -0.025274
v 0.022562 -0.050000 -0.025296
v 0.022408 -0.050000 -0.025299
v 0.022254 -0.050000 -0.025284
v 0.022104 -0.050000 -0.025251
v 0.021958 -0.050000 -0.025200
v 0.021820 -0.050000 -0.025133
v 0.021690 -0.050000 -0.025050
v 0.021572 -0.050000 -0.024951
v 0.021465 -0.050000 -0.024840
v 0.021373 -0.050000 -0.024717
v 0.021296 -0.050000 -0.024583
v 0.021235 -0.050000 -0.024442
v 0.021191 -0.050000 -0.024294
v 0.021165 -0.050000 -0.024142
v 0.021158 -0.050000 -0.023989
v 0.021168 -0.050000 -0.023835
v 0.021197 -0.050000 -0.023684
v 0.021243 -0.050000 -0.023537
v 0.021306 -0.050000 -0.023396
v 0.021386 -0.050000 -0.023264
v 0.021480 -0.050000 -0.023143
v 0.021588 -0.050000 -0.023033
v 0.021709 -0.050000 -0.022937
v 0.021840 -0.050000 -0.022856
v 0.021980 -0.050000 -0.022791
v 0.022126 -0.050000 -0.022743
v 0.022277 -0.050000 -0.022713
v 0.022430 -0.050000 -0.022700
v 0.022584 -0.050000 -0.022706
v 0.022736 -0.050000 -0.022730
v 0.022885 -0.050000 -0.022772
v 0.023027 -0.050000 -0.022831
v 0.023161 -0.050000 -0.022907
v 0.023285 -0.050000 -0.022998
v 0.023398 -0.050000 -0.023103
v 0.023498 -0.050000 -0.023220
v 0.023583 -0.050000 -0.023349
v 0.023467 0.010644 -0.005000
v 0.023467 0.010644 -0.002500
v 0.023457 0.010500 -0.005000
v 0.023457 0.010500 -0.002500
v 0.023467 0.010356 -0.005000
v 0.023467 0.010356 -0.002500
v 0.023495 0.010215 -0.005000
v 0.023495 0.010215 -0.002500
v 0.023541 0.010079 -0.005000
v 0.023541 0.010079 -0.002500
v 0.023605 0.009950 -0.005000
v 0.023605 0.009950 -0.002500
v 0.023685 0.009830 -0.005000
v 0.023685 0.009830 -0.002500
v 0.023780 0.009722 -0.005000
v 0.023780 0.009722 -0.002500
v 0.023888 0.009627 -0.005000
v 0.023888 0.009627 -0.002500
v 0.024007 0.009547 -0.005000
v 0.024007 0.009547 -0.002500
v 0.024137 0.009484 -0.005000
v 0.024137 0.009484 -0.002500
v 0.024273 0.009437 -0.005000
v 0.024273 0.009437 -0.002500
v 0.024414 0.009409 -0.005000
v 0.024414 0.009409 -0.002500
v 0.024557 0.009400 -0.005000
v 0.024557 0.009400 -0.002500
v 0.024701 0.009409 -0.005000
v 0.024701 0.009409 -0.002500
v 0.024842 0.009437 -0.005000
v 0.024842 0.009437 -0.002500
v 0.024978 0.009484 -0.005000
v 0.024978 0.009484 -0.002500
v 0.025107 0.009547 -0.005000
v 0.025107 0.009547 -0.002500
v 0.025227 0.009627 -0.005000
v 0.025227 0.009627 -0.002500
v 0.025335 0.009722 -0.005000
v 0.025335 0.009722 -0.002500
v 0.025430 0.009830 -0.005000
v 0.025430 0.009830 -0.002500
v 0.025510 0.009950 -0.005000
v 0.025510 0.009950 -0.002500
v 0.025574 0.010079 -0.005000
v 0.025574 0.010079 -0.002500
v 0.025620 0.010215 -0.005000
v 0.025620 0.010215 -0.002500
v 0.025648 0.010356 -0.005000
v 0.025648 0.010356 -0.002500
v 0.025657 0.010500 -0.005000
v 0.025657 0.010500 -0.002500
v 0.025648 0.010644 -0.005000
v 0.025648 0.010644 -0.002500
v 0.025620 0.010785 -0.005000
v 0.025620 0.010785 -0.002500
v 0.025574 0.010921 -0.005000
v 0.025574 0.010921 -0.002500
v 0.025510 0.011050 -0.005000
v 0.025510 0.011050 -0.002500
v 0.025430 0.011170 -0.005000
v 0.025430 0.011170 -0.002500
v 0.025335 0.011278 -0.005000
v 0.025335 0.011278 -0.002500
v 0.025227 0.011373 -0.005000
v 0.025227 0.011373 -0.002500
v 0.025107 0.011453 -0.005000
v 0.025107 0.011453 -0.002500
v 0.024978 0.011516 -0.005000
v 0.024978 0.011516 -0.002500
v 0.024842 0.011563 -0.005000
v 0.024842 0.011563 -0.002500
v 0.024701 0.011591 -0.005000
v 0.024701 0.011591 -0.002500
v 0.024557 0.011600 -0.005000
v 0.024557 0.011600 -0.002500
v 0.024414 0.011591 -0.005000
v 0.024414 0.011591 -0.002500
v 0.024273 0.011563 -0.005000
v 0.024273 0.011563 -0.002500
v 0.024137 0.011516 -0.005000
v 0.024137 0.011516 -0.002500
v 0.024007 0.011453 -0.005000
v 0.024007 0.011453 -0.002500
v 0.023888 0.011373 -0.005000
v 0.023888 0.011373 -0.002500
v 0.023780 0.011278 -0.005000
v 0.023780 0.011278 -0.002500
v 0.023685 0.011170 -0.005000
v 0.023685 0.011170 -0.002500
v 0.023605 0.011050 -0.005000
v 0.023605 0.011050 -0.002500
v 0.023541 0.010921 -0.005000
v 0.023541 0.010921 -0.002500
v 0.023495 0.010785 -0.005000
v 0.023495 0.010785 -0.002500
v 0.023467 -0.010356 -0.005000
v 0.023467 -0.010356 -0.002500
v 0.023457 -0.010500 -0.005000
v 0.023457 -0.010500 -0.002500
v 0.023467 -0.010644 -0.005000
v 0.023467 -0.010644 -0.002500
v 0.023495 -0.010785 -0.005000
v 0.023495 -0.010785 -0.002500
v 0.023541 -0.010921 -0.005000
v 0.023541 -0.010921 -0.002500
v 0.023605 -0.011050 -0.005000
v 0.023605 -0.011050 -0.002500
v 0.023685 -0.011170 -0.005000
v 0.023685 -0.011170 -0.002500
v 0.023780 -0.011278 -0.005000
v 0.023780 -0.011278 -0.002500
v 0.023888 -0.011373 -0.005000
v 0.023888 -0.011373 -0.002500
v 0.024007 -0.011453 -0.005000
v 0.024007 -0.011453 -0.002500
v 0.024137 -0.011516 -0.005000
v 0.024137 -0.011516 -0.002500
v 0.024273 -0.011563 -0.005000
v 0.024273 -0.011563 -0.002500
v 0.024414 -0.011591 -0.005000
v 0.024414 -0.011591 -0.002500
v 0.024557 -0.011600 -0.005000
v 0.024557 -0.011600 -0.002500
v 0.024701 -0.011591 -0.005000
v 0.024701 -0.011591 -0.002500
v 0.024842 -0.011563 -0.005000
v 0.024842 -0.011563 -0.002500
v 0.024978 -0.011516 -0.005000
v 0.024978 -0.011516 -0.002500
v 0.025107 -0.011453 -0.005000
v 0.025107 -0.011453 -0.002500
v 0.025227 -0.011373 -0.005000
v 0.025227 -0.011373 -0.002500
v 0.025335 -0.011278 -0.005000
v 0.025335 -0.011278 -0.002500
v 0.025430 -0.011170 -0.005000
v 0.025430 -0.011170 -0.002500
v 0.025510 -0.011050 -0.005000
v 0.025510 -0.011050 -0.002500
v 0.025574 -0.010921 -0.005000
v 0.025574 -0.010921 -0.002500
v 0.025620 -0.010785 -0.005000
v 0.025620 -0.010785 -0.002500
v 0.025648 -0.010644 -0.005000
v 0.025648 -0.010644 -0.002500
v 0.025657 -0.010500 -0.005000
v 0.025657 -0.010500 -0.002500
v 0.025648 -0.010356 -0.005000
v 0.025648 -0.010356 -0.002500
v 0.025620 -0.010215 -0.005000
v 0.025620 -0.010215 -0.002500
v 0.025574 -0.010079 -0.005000
v 0.025574 -0.010079 -0.002500
v 0.025510 -0.009950 -0.005000
v 0.025510 -0.009950 -0.002500
v 0.025430 -0.009830 -0.005000
v 0.025430 -0.009830 -0.002500
v 0.025335 -0.009722 -0.005000
v 0.025335 -0.009722 -0.002500
v 0.025227 -0.009627 -0.005000
v 0.025227 -0.009627 -0.002500
v 0.025107 -0.009547 -0.005000
v 0.025107 -0.009547 -0.002500
v 0.024978 -0.009484 -0.005000
v 0.024978 -0.009484 -0.002500
v 0.024842 -0.009437 -0.005000
v 0.024842 -0.009437 -0.002500
v 0.024701 -0.009409 -0.005000
v 0.024701 -0.009409 -0.002500
v 0.024557 -0.009400 -0.005000
v 0.024557 -0.009400 -0.002500
v 0.024414 -0.009409 -0.005000
v 0.024414 -0.009409 -0.002500
v 0.024273 -0.009437 -0.005000
v 0.024273 -0.009437 -0.002500
v 0.024137 -0.009484 -0.005000
v 0.024137 -0.009484 -0.002500
v 0.024007 -0.009547 -0.005000
v 0.024007 -0.009547 -0.002500
v 0.023888 -0.009627 -0.005000
v 0.023888 -0.009627 -0.002500
v 0.023780 -0.009722 -0.005000
v 0.023780 -0.009722 -0.002500
v 0.023685 -0.009830 -0.005000
v 0.023685 -0.009830 -0.002500
v 0.023605 -0.009950 -0.005000
v 0.023605 -0.009950 -0.002500
v 0.023541 -0.010079 -0.005000
v 0.023541 -0.010079 -0.002500
v 0.023495 -0.010215 -0.005000
v 0.023495 -0.010215 -0.002500
v 0.035457 -0.050000 -0.033500
v 0.035457 -0.045000 -0.033500
v 0.035457 -0.045000 -0.005000
v 0.035457 0.050000 -0.033500
v 0.035457 0.045000 -0.005000
v 0.035457 0.045000 -0.033500
v 0.023457 0.007000 -0.005000
v 0.035457 0.007000 -0.005000
v 0.023457 -0.007000 -0.005000
v 0.021458 0.000000 -0.005000
v 0.021448 0.000455 -0.005000
v 0.021420 0.000908 -0.005000
v 0.035457 -0.007000 -0.005000
v -0.014542 -0.045000 -0.005000
v 0.003451 -0.013294 -0.005000
v 0.017366 -0.013249 -0.005000
v 0.017563 -0.013335 -0.005000
v -0.014542 -0.050000 -0.005000
v -0.024792 -0.050000 -0.005000
v -0.021811 -0.013486 -0.005000
v -0.021596 -0.013499 -0.005000
v -0.024792 0.050000 -0.005000
v -0.024043 -0.011000 -0.005000
v -0.024033 -0.011215 -0.005000
v -0.024006 -0.011428 -0.005000
v -0.014542 0.050000 -0.005000
v -0.014542 0.045000 -0.005000
v -0.021811 0.013486 -0.005000
v -0.022024 0.013453 -0.005000
v 0.003451 0.013294 -0.005000
v 0.003250 0.013371 -0.005000
v 0.003044 0.013430 -0.005000
v 0.021373 0.001361 -0.005000
v 0.021307 0.001811 -0.005000
v 0.021223 0.002257 -0.005000
v 0.021121 0.002700 -0.005000
v 0.021000 0.003139 -0.005000
v 0.020861 0.003572 -0.005000
v 0.020705 0.003999 -0.005000
v 0.020531 0.004419 -0.005000
v 0.020340 0.004831 -0.005000
v 0.020132 0.005235 -0.005000
v 0.020454 0.009496 -0.005000
v 0.020576 0.009673 -0.005000
v 0.020318 0.009330 -0.005000
v 0.019907 0.005631 -0.005000
v 0.020167 0.009176 -0.005000
v 0.020004 0.009036 -0.005000
v 0.019666 0.006016 -0.005000
v 0.019830 0.008910 -0.005000
v 0.019410 0.006392 -0.005000
v 0.019645 0.008800 -0.005000
v 0.019451 0.008706 -0.005000
v 0.019138 0.006756 -0.005000
v 0.019250 0.008629 -0.005000
v 0.018851 0.007109 -0.005000
v 0.019044 0.008570 -0.005000
v 0.018833 0.008528 -0.005000
v 0.018550 0.007450 -0.005000
v 0.018619 0.008505 -0.005000
v 0.018404 0.008501 -0.005000
v 0.018236 0.007778 -0.005000
v 0.018189 0.008514 -0.005000
v 0.017908 0.008093 -0.005000
v 0.017976 0.008547 -0.005000
v 0.017767 0.008597 -0.005000
v 0.017567 0.008394 -0.005000
v 0.017563 0.008665 -0.005000
v 0.017366 0.008751 -0.005000
v 0.017214 0.008681 -0.005000
v 0.017177 0.008853 -0.005000
v 0.016997 0.008971 -0.005000
v 0.016849 0.008952 -0.005000
v 0.016828 0.009104 -0.005000
v 0.016671 0.009251 -0.005000
v 0.016474 0.009209 -0.005000
v 0.016527 0.009411 -0.005000
v 0.016398 0.009583 -0.005000
v 0.016088 0.009450 -0.005000
v 0.016284 0.009766 -0.005000
v 0.016185 0.009957 -0.005000
v 0.015693 0.009674 -0.005000
v 0.016104 0.010156 -0.005000
v 0.016040 0.010362 -0.005000
v 0.015994 0.010572 -0.005000
v 0.015289 0.009882 -0.005000
v 0.015967 0.010785 -0.005000
v 0.015957 0.011000 -0.005000
v 0.014876 0.010074 -0.005000
v 0.015967 0.011215 -0.005000
v 0.015994 0.011428 -0.005000
v 0.014456 0.010248 -0.005000
v 0.016040 0.011638 -0.005000
v 0.014029 0.010404 -0.005000
v 0.016104 0.011844 -0.005000
v 0.016185 0.012043 -0.005000
v 0.013596 0.010543 -0.005000
v 0.016284 0.012234 -0.005000
v 0.013158 0.010663 -0.005000
v 0.016398 0.012417 -0.005000
v 0.012715 0.010766 -0.005000
v 0.016527 0.012589 -0.005000
v 0.012268 0.010850 -0.005000
v 0.016671 0.012749 -0.005000
v 0.011818 0.010916 -0.005000
v 0.016828 0.012896 -0.005000
v 0.011366 0.010962 -0.005000
v 0.010912 0.010991 -0.005000
v 0.016997 0.013029 -0.005000
v 0.010457 0.011000 -0.005000
v 0.017177 0.013147 -0.005000
v 0.003830 0.013090 -0.005000
v 0.003645 0.013200 -0.005000
v 0.010003 0.010991 -0.005000
v 0.004004 0.012964 -0.005000
v 0.009549 0.010962 -0.005000
v 0.004167 0.012824 -0.005000
v 0.009097 0.010916 -0.005000
v 0.004318 0.012670 -0.005000
v 0.008647 0.010850 -0.005000
v 0.004454 0.012504 -0.005000
v 0.008200 0.010766 -0.005000
v 0.007757 0.010663 -0.005000
v 0.007319 0.010543 -0.005000
v 0.004683 0.012140 -0.005000
v 0.004576 0.012327 -0.005000
v 0.004772 0.011944 -0.005000
v 0.006886 0.010404 -0.005000
v 0.004845 0.011742 -0.005000
v 0.006459 0.010248 -0.005000
v 0.004900 0.011534 -0.005000
v 0.004937 0.011322 -0.005000
v 0.006039 0.010074 -0.005000
v 0.004955 0.011108 -0.005000
v 0.005626 0.009882 -0.005000
v 0.004955 0.010892 -0.005000
v 0.004937 0.010678 -0.005000
v 0.004900 0.010466 -0.005000
v 0.005222 0.009674 -0.005000
v 0.004845 0.010258 -0.005000
v 0.004772 0.010056 -0.005000
v 0.004827 0.009450 -0.005000
v 0.004683 0.009860 -0.005000
v 0.004576 0.009673 -0.005000
v 0.004454 0.009496 -0.005000
v 0.004441 0.009209 -0.005000
v 0.004318 0.009330 -0.005000
v 0.004167 0.009176 -0.005000
v 0.004066 0.008952 -0.005000
v 0.004004 0.009036 -0.005000
v 0.003830 0.008910 -0.005000
v 0.003701 0.008681 -0.005000
v 0.003645 0.008800 -0.005000
v 0.003451 0.008706 -0.005000
v 0.003348 0.008394 -0.005000
v 0.003250 0.008629 -0.005000
v 0.003007 0.008093 -0.005000
v 0.003044 0.008570 -0.005000
v 0.002833 0.008528 -0.005000
v 0.002679 0.007778 -0.005000
v 0.002619 0.008505 -0.005000
v 0.002404 0.008501 -0.005000
v 0.002365 0.007450 -0.005000
v 0.002189 0.008514 -0.005000
v 0.001976 0.008547 -0.005000
v 0.002064 0.007109 -0.005000
v 0.001767 0.008597 -0.005000
v 0.001777 0.006756 -0.005000
v 0.001563 0.008665 -0.005000
v 0.001366 0.008751 -0.005000
v 0.001505 0.006392 -0.005000
v 0.001177 0.008853 -0.005000
v 0.001249 0.006016 -0.005000
v 0.000997 0.008971 -0.005000
v 0.000828 0.009104 -0.005000
v 0.001008 0.005631 -0.005000
v 0.000671 0.009251 -0.005000
v 0.000783 0.005235 -0.005000
v 0.000527 0.009411 -0.005000
v 0.000398 0.009583 -0.005000
v 0.000575 0.004831 -0.005000
v 0.000284 0.009766 -0.005000
v 0.000384 0.004419 -0.005000
v 0.000185 0.009957 -0.005000
v 0.000210 0.003999 -0.005000
v 0.000104 0.010156 -0.005000
v 0.000054 0.003572 -0.005000
v 0.000040 0.010362 -0.005000
v -0.000085 0.003139 -0.005000
v -0.000206 0.002700 -0.005000
v -0.000006 0.010572 -0.005000
v -0.000308 0.002257 -0.005000
v -0.000033 0.010785 -0.005000
v -0.019063 0.010678 -0.005000
v -0.019045 0.010892 -0.005000
v -0.000392 0.001811 -0.005000
v -0.019100 0.010466 -0.005000
v -0.000458 0.001361 -0.005000
v -0.000505 0.000908 -0.005000
v -0.019155 0.010258 -0.005000
v -0.000533 0.000455 -0.005000
v -0.019228 0.010056 -0.005000
v -0.000542 0.000000 -0.005000
v -0.019228 -0.010056 -0.005000
v -0.000533 -0.000455 -0.005000
v -0.019155 -0.010258 -0.005000
v -0.000505 -0.000908 -0.005000
v -0.019100 -0.010466 -0.005000
v -0.000458 -0.001361 -0.005000
v -0.000392 -0.001811 -0.005000
v -0.019063 -0.010678 -0.005000
v -0.000308 -0.002257 -0.005000
v -0.000033 -0.010785 -0.005000
v -0.000006 -0.010572 -0.005000
v -0.000206 -0.002700 -0.005000
v 0.000040 -0.010362 -0.005000
v -0.000085 -0.003139 -0.005000
v 0.000054 -0.003572 -0.005000
v 0.000104 -0.010156 -0.005000
v 0.000210 -0.003999 -0.005000
v 0.000185 -0.009957 -0.005000
v 0.000384 -0.004419 -0.005000
v 0.000284 -0.009766 -0.005000
v 0.000575 -0.004831 -0.005000
v 0.000398 -0.009583 -0.005000
v 0.000783 -0.005235 -0.005000
v 0.000527 -0.009411 -0.005000
v 0.000671 -0.009251 -0.005000
v 0.001008 -0.005631 -0.005000
v 0.000828 -0.009104 -0.005000
v 0.001249 -0.006016 -0.005000
v 0.000997 -0.008971 -0.005000
v 0.001177 -0.008853 -0.005000
v 0.001505 -0.006392 -0.005000
v 0.001366 -0.008751 -0.005000
v 0.001777 -0.006756 -0.005000
v 0.001563 -0.008665 -0.005000
v 0.001767 -0.008597 -0.005000
v 0.002064 -0.007109 -0.005000
v 0.001976 -0.008547 -0.005000
v 0.002365 -0.007450 -0.005000
v 0.002189 -0.008514 -0.005000
v 0.002404 -0.008501 -0.005000
v 0.002679 -0.007778 -0.005000
v 0.002619 -0.008505 -0.005000
v 0.002833 -0.008528 -0.005000
v 0.003007 -0.008093 -0.005000
v 0.003044 -0.008570 -0.005000
v 0.003250 -0.008629 -0.005000
v 0.003348 -0.008394 -0.005000
v 0.003451 -0.008706 -0.005000
v 0.003701 -0.008681 -0.005000
v 0.003645 -0.008800 -0.005000
v 0.003830 -0.008910 -0.005000
v 0.004066 -0.008952 -0.005000
v 0.004004 -0.009036 -0.005000
v 0.004167 -0.009176 -0.005000
v 0.004441 -0.009209 -0.005000
v 0.004318 -0.009330 -0.005000
v 0.004454 -0.009496 -0.005000
v 0.004827 -0.009450 -0.005000
v 0.004576 -0.009673 -0.005000
v 0.004683 -0.009860 -0.005000
v 0.004772 -0.010056 -0.005000
v 0.005222 -0.009674 -0.005000
v 0.004845 -0.010258 -0.005000
v 0.004900 -0.010466 -0.005000
v 0.005626 -0.009882 -0.005000
v 0.004937 -0.010678 -0.005000
v 0.004955 -0.010892 -0.005000
v 0.004955 -0.011108 -0.005000
v 0.006039 -0.010074 -0.005000
v 0.004937 -0.011322 -0.005000
v 0.006459 -0.010248 -0.005000
v 0.004900 -0.011534 -0.005000
v 0.004845 -0.011742 -0.005000
v 0.006886 -0.010404 -0.005000
v 0.004772 -0.011944 -0.005000
v 0.007319 -0.010543 -0.005000
v 0.004683 -0.012140 -0.005000
v 0.007757 -0.010663 -0.005000
v 0.004576 -0.012327 -0.005000
v 0.004454 -0.012504 -0.005000
v 0.008200 -0.010766 -0.005000
v 0.008647 -0.010850 -0.005000
v 0.004318 -0.012670 -0.005000
v 0.009097 -0.010916 -0.005000
v 0.004167 -0.012824 -0.005000
v 0.009549 -0.010962 -0.005000
v 0.004004 -0.012964 -0.005000
v 0.010003 -0.010991 -0.005000
v 0.003830 -0.013090 -0.005000
v 0.010457 -0.011000 -0.005000
v 0.017177 -0.013147 -0.005000
v 0.016997 -0.013029 -0.005000
v 0.010912 -0.010991 -0.005000
v 0.016828 -0.012896 -0.005000
v 0.011366 -0.010962 -0.005000
v 0.011818 -0.010916 -0.005000
v 0.016671 -0.012749 -0.005000
v 0.012268 -0.010850 -0.005000
v 0.016527 -0.012589 -0.005000
v 0.012715 -0.010766 -0.005000
v 0.016398 -0.012417 -0.005000
v 0.013158 -0.010663 -0.005000
v 0.016284 -0.012234 -0.005000
v 0.013596 -0.010543 -0.005000
v 0.016185 -0.012043 -0.005000
v 0.014029 -0.010404 -0.005000
v 0.016104 -0.011844 -0.005000
v 0.016040 -0.011638 -0.005000
v 0.014456 -0.010248 -0.005000
v 0.015994 -0.011428 -0.005000
v 0.014876 -0.010074 -0.005000
v 0.015967 -0.011215 -0.005000
v 0.015957 -0.011000 -0.005000
v 0.015289 -0.009882 -0.005000
v 0.015967 -0.010785 -0.005000
v 0.015994 -0.010572 -0.005000
v 0.015693 -0.009674 -0.005000
v 0.016040 -0.010362 -0.005000
v 0.016104 -0.010156 -0.005000
v 0.016185 -0.009957 -0.005000
v 0.016088 -0.009450 -0.005000
v 0.016284 -0.009766 -0.005000
v 0.016398 -0.009583 -0.005000
v 0.016474 -0.009209 -0.005000
v 0.016527 -0.009411 -0.005000
v 0.016671 -0.009251 -0.005000
v 0.016849 -0.008952 -0.005000
v 0.016828 -0.009104 -0.005000
v 0.016997 -0.008971 -0.005000
v 0.017214 -0.008681 -0.005000
v 0.017177 -0.008853 -0.005000
v 0.017366 -0.008751 -0.005000
v 0.017567 -0.008394 -0.005000
v 0.017563 -0.008665 -0.005000
v 0.017767 -0.008597 -0.005000
v 0.017908 -0.008093 -0.005000
v 0.017976 -0.008547 -0.005000
v 0.018189 -0.008514 -0.005000
v 0.018236 -0.007778 -0.005000
v 0.018404 -0.008501 -0.005000
v 0.018550 -0.007450 -0.005000
v 0.018619 -0.008505 -0.005000
v 0.018833 -0.008528 -0.005000
v 0.018851 -0.007109 -0.005000
v 0.019044 -0.008570 -0.005000
v 0.019250 -0.008629 -0.005000
v 0.019138 -0.006756 -0.005000
v 0.019451 -0.008706 -0.005000
v 0.019410 -0.006392 -0.005000
v 0.019645 -0.008800 -0.005000
v 0.019830 -0.008910 -0.005000
v 0.019666 -0.006016 -0.005000
v 0.020004 -0.009036 -0.005000
v 0.019907 -0.005631 -0.005000
v 0.020167 -0.009176 -0.005000
v 0.020318 -0.009330 -0.005000
v 0.020132 -0.005235 -0.005000
v 0.020454 -0.009496 -0.005000
v 0.020576 -0.009673 -0.005000
v 0.020683 -0.009860 -0.005000
v 0.020772 -0.010056 -0.005000
v 0.020845 -0.010258 -0.005000
v 0.020900 -0.010466 -0.005000
v 0.020937 -0.010678 -0.005000
v 0.020955 -0.010892 -0.005000
v 0.020955 -0.011108 -0.005000
v 0.020937 -0.011322 -0.005000
v 0.020900 -0.011534 -0.005000
v 0.020845 -0.011742 -0.005000
v 0.020772 -0.011944 -0.005000
v 0.020683 -0.012140 -0.005000
v 0.020576 -0.012327 -0.005000
v 0.020454 -0.012504 -0.005000
v 0.020318 -0.012670 -0.005000
v 0.020167 -0.012824 -0.005000
v 0.020004 -0.012964 -0.005000
v 0.019830 -0.013090 -0.005000
v 0.019645 -0.013200 -0.005000
v 0.019451 -0.013294 -0.005000
v 0.019250 -0.013371 -0.005000
v 0.019044 -0.013430 -0.005000
v 0.018833 -0.013472 -0.005000
v 0.018619 -0.013495 -0.005000
v 0.018404 -0.013499 -0.005000
v 0.018189 -0.013486 -0.005000
v 0.017976 -0.013453 -0.005000
v 0.017767 -0.013403 -0.005000
v 0.020340 -0.004831 -0.005000
v 0.020531 -0.004419 -0.005000
v 0.020705 -0.003999 -0.005000
v 0.020861 -0.003572 -0.005000
v 0.021000 -0.003139 -0.005000
v 0.021121 -0.002700 -0.005000
v 0.021223 -0.002257 -0.005000
v 0.021307 -0.001811 -0.005000
v 0.021373 -0.001361 -0.005000
v 0.021420 -0.000908 -0.005000
v 0.021448 -0.000455 -0.005000
v 0.003645 -0.013200 -0.005000
v -0.023960 -0.011638 -0.005000
v -0.023896 -0.011844 -0.005000
v -0.023815 -0.012043 -0.005000
v -0.023716 -0.012234 -0.005000
v -0.023602 -0.012417 -0.005000
v -0.023473 -0.012589 -0.005000
v -0.023329 -0.012749 -0.005000
v -0.023172 -0.012896 -0.005000
v -0.023003 -0.013029 -0.005000
v -0.022823 -0.013147 -0.005000
v -0.022634 -0.013249 -0.005000
v -0.022437 -0.013335 -0.005000
v -0.022233 -0.013403 -0.005000
v -0.022024 -0.013453 -0.005000
v -0.021381 -0.013495 -0.005000
v -0.021167 -0.013472 -0.005000
v -0.020956 -0.013430 -0.005000
v -0.020750 -0.013371 -0.005000
v -0.020549 -0.013294 -0.005000
v -0.020355 -0.013200 -0.005000
v -0.020170 -0.013090 -0.005000
v -0.019996 -0.012964 -0.005000
v -0.019833 -0.012824 -0.005000
v -0.019682 -0.012670 -0.005000
v -0.019546 -0.012504 -0.005000
v -0.019424 -0.012327 -0.005000
v -0.019317 -0.012140 -0.005000
v 0.000185 -0.012043 -0.005000
v 0.000284 -0.012234 -0.005000
v -0.019228 -0.011944 -0.005000
v 0.000104 -0.011844 -0.005000
v -0.019155 -0.011742 -0.005000
v 0.000040 -0.011638 -0.005000
v -0.019100 -0.011534 -0.005000
v -0.000006 -0.011428 -0.005000
v -0.019063 -0.011322 -0.005000
v -0.000033 -0.011215 -0.005000
v -0.019045 -0.011108 -0.005000
v -0.000043 -0.011000 -0.005000
v -0.019045 -0.010892 -0.005000
v -0.019317 0.009860 -0.005000
v -0.019317 -0.009860 -0.005000
v -0.019424 0.009673 -0.005000
v -0.019424 -0.009673 -0.005000
v -0.019546 0.009496 -0.005000
v -0.019546 -0.009496 -0.005000
v -0.019682 0.009330 -0.005000
v -0.019682 -0.009330 -0.005000
v -0.019833 0.009176 -0.005000
v -0.019833 -0.009176 -0.005000
v -0.019996 0.009036 -0.005000
v -0.019996 -0.009036 -0.005000
v -0.020170 0.008910 -0.005000
v -0.020170 -0.008910 -0.005000
v -0.020355 0.008800 -0.005000
v -0.020355 -0.008800 -0.005000
v -0.020549 0.008706 -0.005000
v -0.020549 -0.008706 -0.005000
v -0.020750 0.008629 -0.005000
v -0.020750 -0.008629 -0.005000
v -0.020956 0.008570 -0.005000
v -0.020956 -0.008570 -0.005000
v -0.021167 0.008528 -0.005000
v -0.021167 -0.008528 -0.005000
v -0.021381 0.008505 -0.005000
v -0.021381 -0.008505 -0.005000
v -0.021596 0.008501 -0.005000
v -0.021596 -0.008501 -0.005000
v -0.021811 0.008514 -0.005000
v -0.021811 -0.008514 -0.005000
v -0.022024 0.008547 -0.005000
v -0.022024 -0.008547 -0.005000
v -0.022233 0.008597 -0.005000
v -0.022233 -0.008597 -0.005000
v -0.022437 0.008665 -0.005000
v -0.022437 -0.008665 -0.005000
v -0.022634 0.008751 -0.005000
v -0.022634 -0.008751 -0.005000
v -0.022823 0.008853 -0.005000
v -0.022823 -0.008853 -0.005000
v -0.023003 0.008971 -0.005000
v -0.023003 -0.008971 -0.005000
v -0.023172 0.009104 -0.005000
v -0.023172 -0.009104 -0.005000
v -0.023329 0.009251 -0.005000
v -0.023329 -0.009251 -0.005000
v -0.023473 0.009411 -0.005000
v -0.023473 -0.009411 -0.005000
v -0.023602 0.009583 -0.005000
v -0.023602 -0.009583 -0.005000
v -0.023716 0.009766 -0.005000
v -0.023716 -0.009766 -0.005000
v -0.023815 0.009957 -0.005000
v -0.023815 -0.009957 -0.005000
v -0.023896 0.010156 -0.005000
v -0.023896 -0.010156 -0.005000
v -0.023960 0.010362 -0.005000
v -0.023960 -0.010362 -0.005000
v -0.024006 0.010572 -0.005000
v -0.024006 -0.010572 -0.005000
v -0.024033 0.010785 -0.005000
v -0.024033 -0.010785 -0.005000
v -0.024043 0.011000 -0.005000
v 0.020683 0.009860 -0.005000
v 0.020772 0.010056 -0.005000
v 0.020845 0.010258 -0.005000
v 0.020900 0.010466 -0.005000
v 0.020937 0.010678 -0.005000
v 0.020955 0.010892 -0.005000
v 0.020955 0.011108 -0.005000
v 0.020937 0.011322 -0.005000
v 0.020900 0.011534 -0.005000
v 0.020845 0.011742 -0.005000
v 0.020772 0.011944 -0.005000
v 0.020683 0.012140 -0.005000
v 0.020576 0.012327 -0.005000
v 0.020454 0.012504 -0.005000
v 0.020318 0.012670 -0.005000
v 0.020167 0.012824 -0.005000
v 0.020004 0.012964 -0.005000
v 0.019830 0.013090 -0.005000
v 0.019645 0.013200 -0.005000
v 0.019451 0.013294 -0.005000
v 0.019250 0.013371 -0.005000
v 0.019044 0.013430 -0.005000
v 0.018833 0.013472 -0.005000
v 0.018619 0.013495 -0.005000
v 0.018404 0.013499 -0.005000
v 0.018189 0.013486 -0.005000
v 0.017976 0.013453 -0.005000
v 0.017767 0.013403 -0.005000
v 0.017563 0.013335 -0.005000
v 0.017366 0.013249 -0.005000
v 0.000398 -0.012417 -0.005000
v 0.000527 -0.012589 -0.005000
v 0.000671 -0.012749 -0.005000
v 0.000828 -0.012896 -0.005000
v 0.000997 -0.013029 -0.005000
v 0.001177 -0.013147 -0.005000
v 0.001366 -0.013249 -0.005000
v 0.001563 -0.013335 -0.005000
v 0.001767 -0.013403 -0.005000
v 0.001976 -0.013453 -0.005000
v 0.002189 -0.013486 -0.005000
v 0.002404 -0.013499 -0.005000
v 0.002619 -0.013495 -0.005000
v 0.002833 -0.013472 -0.005000
v 0.003044 -0.013430 -0.005000
v 0.003250 -0.013371 -0.005000
v -0.000043 0.011000 -0.005000
v -0.019045 0.011108 -0.005000
v -0.000033 0.011215 -0.005000
v -0.019063 0.011322 -0.005000
v -0.000006 0.011428 -0.005000
v -0.019100 0.011534 -0.005000
v 0.000040 0.011638 -0.005000
v -0.019155 0.011742 -0.005000
v 0.000104 0.011844 -0.005000
v -0.019228 0.011944 -0.005000
v 0.000185 0.012043 -0.005000
v -0.019317 0.012140 -0.005000
v -0.019424 0.012327 -0.005000
v -0.019546 0.012504 -0.005000
v -0.019682 0.012670 -0.005000
v -0.019833 0.012824 -0.005000
v -0.019996 0.012964 -0.005000
v -0.020170 0.013090 -0.005000
v -0.020355 0.013200 -0.005000
v -0.020549 0.013294 -0.005000
v -0.020750 0.013371 -0.005000
v -0.020956 0.013430 -0.005000
v -0.021167 0.013472 -0.005000
v -0.021381 0.013495 -0.005000
v -0.021596 0.013499 -0.005000
v -0.022233 0.013403 -0.005000
v -0.022437 0.013335 -0.005000
v -0.022634 0.013249 -0.005000
v -0.022823 0.013147 -0.005000
v -0.023003 0.013029 -0.005000
v -0.023172 0.012896 -0.005000
v -0.023329 0.012749 -0.005000
v -0.023473 0.012589 -0.005000
v -0.023602 0.012417 -0.005000
v -0.023716 0.012234 -0.005000
v -0.023815 0.012043 -0.005000
v -0.023896 0.011844 -0.005000
v -0.023960 0.011638 -0.005000
v -0.024006 0.011428 -0.005000
v -0.024033 0.011215 -0.005000
v 0.002833 0.013472 -0.005000
v 0.002619 0.013495 -0.005000
v 0.002404 0.013499 -0.005000
v 0.002189 0.013486 -0.005000
v 0.001976 0.013453 -0.005000
v 0.001767 0.013403 -0.005000
v 0.001563 0.013335 -0.005000
v 0.001366 0.013249 -0.005000
v 0.001177 0.013147 -0.005000
v 0.000997 0.013029 -0.005000
v 0.000828 0.012896 -0.005000
v 0.000671 0.012749 -0.005000
v 0.000527 0.012589 -0.005000
v 0.000398 0.012417 -0.005000
v 0.000284 0.012234 -0.005000
v -0.000033 0.010785 -0.003000
v -0.000043 0.011000 -0.003000
v -0.000033 0.011215 -0.003000
v -0.000006 0.011428 -0.003000
v 0.000040 0.011638 -0.003000
v 0.000104 0.011844 -0.003000
v 0.000185 0.012043 -0.003000
v 0.000284 0.012234 -0.003000
v 0.000398 0.012417 -0.003000
v 0.000527 0.012589 -0.003000
v 0.000671 0.012749 -0.003000
v 0.000828 0.012896 -0.003000
v 0.000997 0.013029 -0.003000
v 0.001177 0.013147 -0.003000
v 0.001366 0.013249 -0.003000
v 0.001563 0.013335 -0.003000
v 0.001767 0.013403 -0.003000
v 0.001976 0.013453 -0.003000
v 0.002189 0.013486 -0.003000
v 0.002404 0.013499 -0.003000
v 0.002619 0.013495 -0.003000
v 0.002833 0.013472 -0.003000
v 0.003044 0.013430 -0.003000
v 0.003250 0.013371 -0.003000
v 0.003451 0.013294 -0.003000
v 0.003645 0.013200 -0.003000
v 0.003830 0.013090 -0.003000
v 0.004004 0.012964 -0.003000
v 0.004167 0.012824 -0.003000
v 0.004318 0.012670 -0.003000
v 0.004454 0.012504 -0.003000
v 0.004576 0.012327 -0.003000
v 0.004683 0.012140 -0.003000
v 0.004772 0.011944 -0.003000
v 0.004845 0.011742 -0.003000
v 0.004900 0.011534 -0.003000
v 0.004937 0.011322 -0.003000
v 0.004955 0.011108 -0.003000
v 0.004955 0.010892 -0.003000
v 0.004937 0.010678 -0.003000
v 0.004900 0.010466 -0.003000
v 0.004845 0.010258 -0.003000
v 0.004772 0.010056 -0.003000
v 0.004683 0.009860 -0.003000
v 0.004576 0.009673 -0.003000
v 0.004454 0.009496 -0.003000
v 0.004318 0.009330 -0.003000
v 0.004167 0.009176 -0.003000
v 0.004004 0.009036 -0.003000
v 0.003830 0.008910 -0.003000
v 0.003645 0.008800 -0.003000
v 0.003451 0.008706 -0.003000
v 0.003250 0.008629 -0.003000
v 0.003044 0.008570 -0.003000
v 0.002833 0.008528 -0.003000
v 0.002619 0.008505 -0.003000
v 0.002404 0.008501 -0.003000
v 0.002189 0.008514 -0.003000
v 0.001976 0.008547 -0.003000
v 0.001767 0.008597 -0.003000
v 0.001563 0.008665 -0.003000
v 0.001366 0.008751 -0.003000
v 0.001177 0.008853 -0.003000
v 0.000997 0.008971 -0.003000
v 0.000828 0.009104 -0.003000
v 0.000671 0.009251 -0.003000
v 0.000527 0.009411 -0.003000
v 0.000398 0.009583 -0.003000
v 0.000284 0.009766 -0.003000
v 0.000185 0.009957 -0.003000
v 0.000104 0.010156 -0.003000
v 0.000040 0.010362 -0.003000
v -0.000006 0.010572 -0.003000
v 0.001107 0.011000 -0.003000
v 0.001117 0.011157 -0.003000
v 0.001144 0.011311 -0.003000
v 0.001189 0.011462 -0.003000
v 0.001251 0.011606 -0.003000
v 0.001330 0.011742 -0.003000
v 0.001423 0.011868 -0.003000
v 0.001531 0.011982 -0.003000
v 0.001651 0.012083 -0.003000
v 0.001782 0.012169 -0.003000
v 0.001923 0.012240 -0.003000
v 0.002070 0.012293 -0.003000
v 0.002223 0.012329 -0.003000
v 0.002379 0.012348 -0.003000
v 0.002536 0.012348 -0.003000
v 0.002692 0.012329 -0.003000
v 0.002845 0.012293 -0.003000
v 0.002992 0.012240 -0.003000
v 0.003132 0.012169 -0.003000
v 0.003264 0.012083 -0.003000
v 0.003384 0.011982 -0.003000
v 0.003492 0.011868 -0.003000
v 0.003585 0.011742 -0.003000
v 0.003664 0.011606 -0.003000
v 0.003726 0.011462 -0.003000
v 0.003771 0.011311 -0.003000
v 0.003798 0.011157 -0.003000
v 0.003807 0.011000 -0.003000
v 0.003798 0.010843 -0.003000
v 0.003771 0.010689 -0.003000
v 0.003726 0.010538 -0.003000
v 0.003664 0.010394 -0.003000
v 0.003585 0.010258 -0.003000
v 0.003492 0.010132 -0.003000
v 0.003384 0.010018 -0.003000
v 0.003264 0.009917 -0.003000
v 0.003132 0.009831 -0.003000
v 0.002992 0.009760 -0.003000
v 0.002845 0.009707 -0.003000
v 0.002692 0.009671 -0.003000
v 0.002536 0.009652 -0.003000
v 0.002379 0.009652 -0.003000
v 0.002223 0.009671 -0.003000
v 0.002070 0.009707 -0.003000
v 0.001923 0.009760 -0.003000
v 0.001782 0.009831 -0.003000
v 0.001651 0.009917 -0.003000
v 0.001531 0.010018 -0.003000
v 0.001423 0.010132 -0.003000
v 0.001330 0.010258 -0.003000
v 0.001251 0.010394 -0.003000
v 0.001189 0.010538 -0.003000
v 0.001144 0.010689 -0.003000
v 0.001117 0.010843 -0.003000
v -0.024033 0.010785 -0.003000
v -0.024043 0.011000 -0.003000
v -0.024033 0.011215 -0.003000
v -0.024006 0.011428 -0.003000
v -0.023960 0.011638 -0.003000
v -0.023896 0.011844 -0.003000
v -0.023815 0.012043 -0.003000
v -0.023716 0.012234 -0.003000
v -0.023602 0.012417 -0.003000
v -0.023473 0.012589 -0.003000
v -0.023329 0.012749 -0.003000
v -0.023172 0.012896 -0.003000
v -0.023003 0.013029 -0.003000
v -0.022823 0.013147 -0.003000
v -0.022634 0.013249 -0.003000
v -0.022437 0.013335 -0.003000
v -0.022233 0.013403 -0.003000
v -0.022024 0.013453 -0.003000
v -0.021811 0.013486 -0.003000
v -0.021596 0.013499 -0.003000
v -0.021381 0.013495 -0.003000
v -0.021167 0.013472 -0.003000
v -0.020956 0.013430 -0.003000
v -0.020750 0.013371 -0.003000
v -0.020549 0.013294 -0.003000
v -0.020355 0.013200 -0.003000
v -0.020170 0.013090 -0.003000
v -0.019996 0.012964 -0.003000
v -0.019833 0.012824 -0.003000
v -0.019682 0.012670 -0.003000
v -0.019546 0.012504 -0.003000
v -0.019424 0.012327 -0.003000
v -0.019317 0.012140 -0.003000
v -0.019228 0.011944 -0.003000
v -0.019155 0.011742 -0.003000
v -0.019100 0.011534 -0.003000
v -0.019063 0.011322 -0.003000
v -0.019045 0.011108 -0.003000
v -0.019045 0.010892 -0.003000
v -0.019063 0.010678 -0.003000
v -0.019100 0.010466 -0.003000
v -0.019155 0.010258 -0.003000
v -0.019228 0.010056 -0.003000
v -0.019317 0.009860 -0.003000
v -0.019424 0.009673 -0.003000
v -0.019546 0.009496 -0.003000
v -0.019682 0.009330 -0.003000
v -0.019833 0.009176 -0.003000
v -0.019996 0.009036 -0.003000
v -0.020170 0.008910 -0.003000
v -0.020355 0.008800 -0.003000
v -0.020549 0.008706 -0.003000
v -0.020750 0.008629 -0.003000
v -0.020956 0.008570 -0.003000
v -0.021167 0.008528 -0.003000
v -0.021381 0.008505 -0.003000
v -0.021596 0.008501 -0.003000
v -0.021811 0.008514 -0.003000
v -0.022024 0.008547 -0.003000
v -0.022233 0.008597 -0.003000
v -0.022437 0.008665 -0.003000
v -0.022634 0.008751 -0.003000
v -0.022823 0.008853 -0.003000
v -0.023003 0.008971 -0.003000
v -0.023172 0.009104 -0.003000
v -0.023329 0.009251 -0.003000
v -0.023473 0.009411 -0.003000
v -0.023602 0.009583 -0.003000
v -0.023716 0.009766 -0.003000
v -0.023815 0.009957 -0.003000
v -0.023896 0.010156 -0.003000
v -0.023960 0.010362 -0.003000
v -0.024006 0.010572 -0.003000
v -0.022893 0.011000 -0.003000
v -0.022883 0.011157 -0.003000
v -0.022856 0.011311 -0.003000
v -0.022811 0.011462 -0.003000
v -0.022749 0.011606 -0.003000
v -0.022670 0.011742 -0.003000
v -0.022577 0.011868 -0.003000
v -0.022469 0.011982 -0.003000
v -0.022349 0.012083 -0.003000
v -0.022218 0.012169 -0.003000
v -0.022077 0.012240 -0.003000
v -0.021930 0.012293 -0.003000
v -0.021777 0.012329 -0.003000
v -0.021621 0.012348 -0.003000
v -0.021464 0.012348 -0.003000
v -0.021308 0.012329 -0.003000
v -0.021155 0.012293 -0.003000
v -0.021008 0.012240 -0.003000
v -0.020868 0.012169 -0.003000
v -0.020736 0.012083 -0.003000
v -0.020616 0.011982 -0.003000
v -0.020508 0.011868 -0.003000
v -0.020415 0.011742 -0.003000
v -0.020336 0.011606 -0.003000
v -0.020274 0.011462 -0.003000
v -0.020229 0.011311 -0.003000
v -0.020202 0.011157 -0.003000
v -0.020193 0.011000 -0.003000
v -0.020202 0.010843 -0.003000
v -0.020229 0.010689 -0.003000
v -0.020274 0.010538 -0.003000
v -0.020336 0.010394 -0.003000
v -0.020415 0.010258 -0.003000
v -0.020508 0.010132 -0.003000
v -0.020616 0.010018 -0.003000
v -0.020736 0.009917 -0.003000
v -0.020868 0.009831 -0.003000
v -0.021008 0.009760 -0.003000
v -0.021155 0.009707 -0.003000
v -0.021308 0.009671 -0.003000
v -0.021464 0.009652 -0.003000
v -0.021621 0.009652 -0.003000
v -0.021777 0.009671 -0.003000
v -0.021930 0.009707 -0.003000
v -0.022077 0.009760 -0.003000
v -0.022218 0.009831 -0.003000
v -0.022349 0.009917 -0.003000
v -0.022469 0.010018 -0.003000
v -0.022577 0.010132 -0.003000
v -0.022670 0.010258 -0.003000
v -0.022749 0.010394 -0.003000
v -0.022811 0.010538 -0.003000
v -0.022856 0.010689 -0.003000
v -0.022883 0.010843 -0.003000
v -0.000033 -0.011215 -0.003000
v -0.000043 -0.011000 -0.003000
v -0.000033 -0.010785 -0.003000
v -0.000006 -0.010572 -0.003000
v 0.000040 -0.010362 -0.003000
v 0.000104 -0.010156 -0.003000
v 0.000185 -0.009957 -0.003000
v 0.000284 -0.009766 -0.003000
v 0.000398 -0.009583 -0.003000
v 0.000527 -0.009411 -0.003000
v 0.000671 -0.009251 -0.003000
v 0.000828 -0.009104 -0.003000
v 0.000997 -0.008971 -0.003000
v 0.001177 -0.008853 -0.003000
v 0.001366 -0.008751 -0.003000
v 0.001563 -0.008665 -0.003000
v 0.001767 -0.008597 -0.003000
v 0.001976 -0.008547 -0.003000
v 0.002189 -0.008514 -0.003000
v 0.002404 -0.008501 -0.003000
v 0.002619 -0.008505 -0.003000
v 0.002833 -0.008528 -0.003000
v 0.003044 -0.008570 -0.003000
v 0.003250 -0.008629 -0.003000
v 0.003451 -0.008706 -0.003000
v 0.003645 -0.008800 -0.003000
v 0.003830 -0.008910 -0.003000
v 0.004004 -0.009036 -0.003000
v 0.004167 -0.009176 -0.003000
v 0.004318 -0.009330 -0.003000
v 0.004454 -0.009496 -0.003000
v 0.004576 -0.009673 -0.003000
v 0.004683 -0.009860 -0.003000
v 0.004772 -0.010056 -0.003000
v 0.004845 -0.010258 -0.003000
v 0.004900 -0.010466 -0.003000
v 0.004937 -0.010678 -0.003000
v 0.004955 -0.010892 -0.003000
v 0.004955 -0.011108 -0.003000
v 0.004937 -0.011322 -0.003000
v 0.004900 -0.011534 -0.003000
v 0.004845 -0.011742 -0.003000
v 0.004772 -0.011944 -0.003000
v 0.004683 -0.012140 -0.003000
v 0.004576 -0.012327 -0.003000
v 0.004454 -0.012504 -0.003000
v 0.004318 -0.012670 -0.003000
v 0.004167 -0.012824 -0.003000
v 0.004004 -0.012964 -0.003000
v 0.003830 -0.013090 -0.003000
v 0.003645 -0.013200 -0.003000
v 0.003451 -0.013294 -0.003000
v 0.003250 -0.013371 -0.003000
v 0.003044 -0.013430 -0.003000
v 0.002833 -0.013472 -0.003000
v 0.002619 -0.013495 -0.003000
v 0.002404 -0.013499 -0.003000
v 0.002189 -0.013486 -0.003000
v 0.001976 -0.013453 -0.003000
v 0.001767 -0.013403 -0.003000
v 0.001563 -0.013335 -0.003000
v 0.001366 -0.013249 -0.003000
v 0.001177 -0.013147 -0.003000
v 0.000997 -0.013029 -0.003000
v 0.000828 -0.012896 -0.003000
v 0.000671 -0.012749 -0.003000
v 0.000527 -0.012589 -0.003000
v 0.000398 -0.012417 -0.003000
v 0.000284 -0.012234 -0.003000
v 0.000185 -0.012043 -0.003000
v 0.000104 -0.011844 -0.003000
v 0.000040 -0.011638 -0.003000
v -0.000006 -0.011428 -0.003000
v 0.001107 -0.011000 -0.003000
v 0.001117 -0.010843 -0.003000
v 0.001144 -0.010689 -0.003000
v 0.001189 -0.010538 -0.003000
v 0.001251 -0.010394 -0.003000
v 0.001330 -0.010258 -0.003000
v 0.001423 -0.010132 -0.003000
v 0.001531 -0.010018 -0.003000
v 0.001651 -0.009917 -0.003000
v 0.001782 -0.009831 -0.003000
v 0.001923 -0.009760 -0.003000
v 0.002070 -0.009707 -0.003000
v 0.002223 -0.009671 -0.003000
v 0.002379 -0.009652 -0.003000
v 0.002536 -0.009652 -0.003000
v 0.002692 -0.009671 -0.003000
v 0.002845 -0.009707 -0.003000
v 0.002992 -0.009760 -0.003000
v 0.003132 -0.009831 -0.003000
v 0.003264 -0.009917 -0.003000
v 0.003384 -0.010018 -0.003000
v 0.003492 -0.010132 -0.003000
v 0.003585 -0.010258 -0.003000
v 0.003664 -0.010394 -0.003000
v 0.003726 -0.010538 -0.003000
v 0.003771 -0.010689 -0.003000
v 0.003798 -0.010843 -0.003000
v 0.003807 -0.011000 -0.003000
v 0.003798 -0.011157 -0.003000
v 0.003771 -0.011311 -0.003000
v 0.003726 -0.011462 -0.003000
v 0.003664 -0.011606 -0.003000
v 0.003585 -0.011742 -0.003000
v 0.003492 -0.011868 -0.003000
v 0.003384 -0.011982 -0.003000
v 0.003264 -0.012083 -0.003000
v 0.003132 -0.012169 -0.003000
v 0.002992 -0.012240 -0.003000
v 0.002845 -0.012293 -0.003000
v 0.002692 -0.012329 -0.003000
v 0.002536 -0.012348 -0.003000
v 0.002379 -0.012348 -0.003000
v 0.002223 -0.012329 -0.003000
v 0.002070 -0.012293 -0.003000
v 0.001923 -0.012240 -0.003000
v 0.001782 -0.012169 -0.003000
v 0.001651 -0.012083 -0.003000
v 0.001531 -0.011982 -0.003000
v 0.001423 -0.011868 -0.003000
v 0.001330 -0.011742 -0.003000
v 0.001251 -0.011606 -0.003000
v 0.001189 -0.011462 -0.003000
v 0.001144 -0.011311 -0.003000
v 0.001117 -0.011157 -0.003000
v 0.015967 0.010785 -0.003000
v 0.015957 0.011000 -0.003000
v 0.015967 0.011215 -0.003000
v 0.015994 0.011428 -0.003000
v 0.016040 0.011638 -0.003000
v 0.016104 0.011844 -0.003000
v 0.016185 0.012043 -0.003000
v 0.016284 0.012234 -0.003000
v 0.016398 0.012417 -0.003000
v 0.016527 0.012589 -0.003000
v 0.016671 0.012749 -0.003000
v 0.016828 0.012896 -0.003000
v 0.016997 0.013029 -0.003000
v 0.017177 0.013147 -0.003000
v 0.017366 0.013249 -0.003000
v 0.017563 0.013335 -0.003000
v 0.017767 0.013403 -0.003000
v 0.017976 0.013453 -0.003000
v 0.018189 0.013486 -0.003000
v 0.018404 0.013499 -0.003000
v 0.018619 0.013495 -0.003000
v 0.018833 0.013472 -0.003000
v 0.019044 0.013430 -0.003000
v 0.019250 0.013371 -0.003000
v 0.019451 0.013294 -0.003000
v 0.019645 0.013200 -0.003000
v 0.019830 0.013090 -0.003000
v 0.020004 0.012964 -0.003000
v 0.020167 0.012824 -0.003000
v 0.020318 0.012670 -0.003000
v 0.020454 0.012504 -0.003000
v 0.020576 0.012327 -0.003000
v 0.020683 0.012140 -0.003000
v 0.020772 0.011944 -0.003000
v 0.020845 0.011742 -0.003000
v 0.020900 0.011534 -0.003000
v 0.020937 0.011322 -0.003000
v 0.020955 0.011108 -0.003000
v 0.020955 0.010892 -0.003000
v 0.020937 0.010678 -0.003000
v 0.020900 0.010466 -0.003000
v 0.020845 0.010258 -0.003000
v 0.020772 0.010056 -0.003000
v 0.020683 0.009860 -0.003000
v 0.020576 0.009673 -0.003000
v 0.020454 0.009496 -0.003000
v 0.020318 0.009330 -0.003000
v 0.020167 0.009176 -0.003000
v 0.020004 0.009036 -0.003000
v 0.019830 0.008910 -0.003000
v 0.019645 0.008800 -0.003000
v 0.019451 0.008706 -0.003000
v 0.019250 0.008629 -0.003000
v 0.019044 0.008570 -0.003000
v 0.018833 0.008528 -0.003000
v 0.018619 0.008505 -0.003000
v 0.018404 0.008501 -0.003000
v 0.018189 0.008514 -0.003000
v 0.017976 0.008547 -0.003000
v 0.017767 0.008597 -0.003000
v 0.017563 0.008665 -0.003000
v 0.017366 0.008751 -0.003000
v 0.017177 0.008853 -0.003000
v 0.016997 0.008971 -0.003000
v 0.016828 0.009104 -0.003000
v 0.016671 0.009251 -0.003000
v 0.016527 0.009411 -0.003000
v 0.016398 0.009583 -0.003000
v 0.016284 0.009766 -0.003000
v 0.016185 0.009957 -0.003000
v 0.016104 0.010156 -0.003000
v 0.016040 0.010362 -0.003000
v 0.015994 0.010572 -0.003000
v 0.017107 0.011000 -0.003000
v 0.017117 0.011157 -0.003000
v 0.017144 0.011311 -0.003000
v 0.017189 0.011462 -0.003000
v 0.017251 0.011606 -0.003000
v 0.017330 0.011742 -0.003000
v 0.017423 0.011868 -0.003000
v 0.017531 0.011982 -0.003000
v 0.017651 0.012083 -0.003000
v 0.017782 0.012169 -0.003000
v 0.017923 0.012240 -0.003000
v 0.018070 0.012293 -0.003000
v 0.018223 0.012329 -0.003000
v 0.018379 0.012348 -0.003000
v 0.018536 0.012348 -0.003000
v 0.018692 0.012329 -0.003000
v 0.018845 0.012293 -0.003000
v 0.018992 0.012240 -0.003000
v 0.019132 0.012169 -0.003000
v 0.019264 0.012083 -0.003000
v 0.019384 0.011982 -0.003000
v 0.019492 0.011868 -0.003000
v 0.019585 0.011742 -0.003000
v 0.019664 0.011606 -0.003000
v 0.019726 0.011462 -0.003000
v 0.019771 0.011311 -0.003000
v 0.019798 0.011157 -0.003000
v 0.019807 0.011000 -0.003000
v 0.019798 0.010843 -0.003000
v 0.019771 0.010689 -0.003000
v 0.019726 0.010538 -0.003000
v 0.019664 0.010394 -0.003000
v 0.019585 0.010258 -0.003000
v 0.019492 0.010132 -0.003000
v 0.019384 0.010018 -0.003000
v 0.019264 0.009917 -0.003000
v 0.019132 0.009831 -0.003000
v 0.018992 0.009760 -0.003000
v 0.018845 0.009707 -0.003000
v 0.018692 0.009671 -0.003000
v 0.018536 0.009652 -0.003000
v 0.018379 0.009652 -0.003000
v 0.018223 0.009671 -0.003000
v 0.018070 0.009707 -0.003000
v 0.017923 0.009760 -0.003000
v 0.017782 0.009831 -0.003000
v 0.017651 0.009917 -0.003000
v 0.017531 0.010018 -0.003000
v 0.017423 0.010132 -0.003000
v 0.017330 0.010258 -0.003000
v 0.017251 0.010394 -0.003000
v 0.017189 0.010538 -0.003000
v 0.017144 0.010689 -0.003000
v 0.017117 0.010843 -0.003000
v -0.024033 -0.011215 -0.003000
v -0.024043 -0.011000 -0.003000
v -0.024033 -0.010785 -0.003000
v -0.024006 -0.010572 -0.003000
v -0.023960 -0.010362 -0.003000
v -0.023896 -0.010156 -0.003000
v -0.023815 -0.009957 -0.003000
v -0.023716 -0.009766 -0.003000
v -0.023602 -0.009583 -0.003000
v -0.023473 -0.009411 -0.003000
v -0.023329 -0.009251 -0.003000
v -0.023172 -0.009104 -0.003000
v -0.023003 -0.008971 -0.003000
v -0.022823 -0.008853 -0.003000
v -0.022634 -0.008751 -0.003000
v -0.022437 -0.008665 -0.003000
v -0.022233 -0.008597 -0.003000
v -0.022024 -0.008547 -0.003000
v -0.021811 -0.008514 -0.003000
v -0.021596 -0.008501 -0.003000
v -0.021381 -0.008505 -0.003000
v -0.021167 -0.008528 -0.003000
v -0.020956 -0.008570 -0.003000
v -0.020750 -0.008629 -0.003000
v -0.020549 -0.008706 -0.003000
v -0.020355 -0.008800 -0.003000
v -0.020170 -0.008910 -0.003000
v -0.019996 -0.009036 -0.003000
v -0.019833 -0.009176 -0.003000
v -0.019682 -0.009330 -0.003000
v -0.019546 -0.009496 -0.003000
v -0.019424 -0.009673 -0.003000
v -0.019317 -0.009860 -0.003000
v -0.019228 -0.010056 -0.003000
v -0.019155 -0.010258 -0.003000
v -0.019100 -0.010466 -0.003000
v -0.019063 -0.010678 -0.003000
v -0.019045 -0.010892 -0.003000
v -0.019045 -0.011108 -0.003000
v -0.019063 -0.011322 -0.003000
v -0.019100 -0.011534 -0.003000
v -0.019155 -0.011742 -0.003000
v -0.019228 -0.011944 -0.003000
v -0.019317 -0.012140 -0.003000
v -0.019424 -0.012327 -0.003000
v -0.019546 -0.012504 -0.003000
v -0.019682 -0.012670 -0.003000
v -0.019833 -0.012824 -0.003000
v -0.019996 -0.012964 -0.003000
v -0.020170 -0.013090 -0.003000
v -0.020355 -0.013200 -0.003000
v -0.020549 -0.013294 -0.003000
v -0.020750 -0.013371 -0.003000
v -0.020956 -0.013430 -0.003000
v -0.021167 -0.013472 -0.003000
v -0.021381 -0.013495 -0.003000
v -0.021596 -0.013499 -0.003000
v -0.021811 -0.013486 -0.003000
v -0.022024 -0.013453 -0.003000
v -0.022233 -0.013403 -0.003000
v -0.022437 -0.013335 -0.003000
v -0.022634 -0.013249 -0.003000
v -0.022823 -0.013147 -0.003000
v -0.023003 -0.013029 -0.003000
v -0.023172 -0.012896 -0.003000
v -0.023329 -0.012749 -0.003000
v -0.023473 -0.012589 -0.003000
v -0.023602 -0.012417 -0.003000
v -0.023716 -0.012234 -0.003000
v -0.023815 -0.012043 -0.003000
v -0.023896 -0.011844 -0.003000
v -0.023960 -0.011638 -0.003000
v -0.024006 -0.011428 -0.003000
v -0.022893 -0.011000 -0.003000
v -0.022883 -0.010843 -0.003000
v -0.022856 -0.010689 -0.003000
v -0.022811 -0.010538 -0.003000
v -0.022749 -0.010394 -0.003000
v -0.022670 -0.010258 -0.003000
v -0.022577 -0.010132 -0.003000
v -0.022469 -0.010018 -0.003000
v -0.022349 -0.009917 -0.003000
v -0.022218 -0.009831 -0.003000
v -0.022077 -0.009760 -0.003000
v -0.021930 -0.009707 -0.003000
v -0.021777 -0.009671 -0.003000
v -0.021621 -0.009652 -0.003000
v -0.021464 -0.009652 -0.003000
v -0.021308 -0.009671 -0.003000
v -0.021155 -0.009707 -0.003000
v -0.021008 -0.009760 -0.003000
v -0.020868 -0.009831 -0.003000
v -0.020736 -0.009917 -0.003000
v -0.020616 -0.010018 -0.003000
v -0.020508 -0.010132 -0.003000
v -0.020415 -0.010258 -0.003000
v -0.020336 -0.010394 -0.003000
v -0.020274 -0.010538 -0.003000
v -0.020229 -0.010689 -0.003000
v -0.020202 -0.010843 -0.003000
v -0.020193 -0.011000 -0.003000
v -0.020202 -0.011157 -0.003000
v -0.020229 -0.011311 -0.003000
v -0.020274 -0.011462 -0.003000
v -0.020336 -0.011606 -0.003000
v -0.020415 -0.011742 -0.003000
v -0.020508 -0.011868 -0.003000
v -0.020616 -0.011982 -0.003000
v -0.020736 -0.012083 -0.003000
v -0.020868 -0.012169 -0.003000
v -0.021008 -0.012240 -0.003000
v -0.021155 -0.012293 -0.003000
v -0.021308 -0.012329 -0.003000
v -0.021464 -0.012348 -0.003000
v -0.021621 -0.012348 -0.003000
v -0.021777 -0.012329 -0.003000
v -0.021930 -0.012293 -0.003000
v -0.022077 -0.012240 -0.003000
v -0.022218 -0.012169 -0.003000
v -0.022349 -0.012083 -0.003000
v -0.022469 -0.011982 -0.003000
v -0.022577 -0.011868 -0.003000
v -0.022670 -0.011742 -0.003000
v -0.022749 -0.011606 -0.003000
v -0.022811 -0.011462 -0.003000
v -0.022856 -0.011311 -0.003000
v -0.022883 -0.011157 -0.003000
v 0.015967 -0.011215 -0.003000
v 0.015957 -0.011000 -0.003000
v 0.015967 -0.010785 -0.003000
v 0.015994 -0.010572 -0.003000
v 0.016040 -0.010362 -0.003000
v 0.016104 -0.010156 -0.003000
v 0.016185 -0.009957 -0.003000
v 0.016284 -0.009766 -0.003000
v 0.016398 -0.009583 -0.003000
v 0.016527 -0.009411 -0.003000
v 0.016671 -0.009251 -0.003000
v 0.016828 -0.009104 -0.003000
v 0.016997 -0.008971 -0.003000
v 0.017177 -0.008853 -0.003000
v 0.017366 -0.008751 -0.003000
v 0.017563 -0.008665 -0.003000
v 0.017767 -0.008597 -0.003000
v 0.017976 -0.008547 -0.003000
v 0.018189 -0.008514 -0.003000
v 0.018404 -0.008501 -0.003000
v 0.018619 -0.008505 -0.003000
v 0.018833 -0.008528 -0.003000
v 0.019044 -0.008570 -0.003000
v 0.019250 -0.008629 -0.003000
v 0.019451 -0.008706 -0.003000
v 0.019645 -0.008800 -0.003000
v 0.019830 -0.008910 -0.003000
v 0.020004 -0.009036 -0.003000
v 0.020167 -0.009176 -0.003000
v 0.020318 -0.009330 -0.003000
v 0.020454 -0.009496 -0.003000
v 0.020576 -0.009673 -0.003000
v 0.020683 -0.009860 -0.003000
v 0.020772 -0.010056 -0.003000
v 0.020845 -0.010258 -0.003000
v 0.020900 -0.010466 -0.003000
v 0.020937 -0.010678 -0.003000
v 0.020955 -0.010892 -0.003000
v 0.020955 -0.011108 -0.003000
v 0.020937 -0.011322 -0.003000
v 0.020900 -0.011534 -0.003000
v 0.020845 -0.011742 -0.003000
v 0.020772 -0.011944 -0.003000
v 0.020683 -0.012140 -0.003000
v 0.020576 -0.012327 -0.003000
v 0.020454 -0.012504 -0.003000
v 0.020318 -0.012670 -0.003000
v 0.020167 -0.012824 -0.003000
v 0.020004 -0.012964 -0.003000
v 0.019830 -0.013090 -0.003000
v 0.019645 -0.013200 -0.003000
v 0.019451 -0.013294 -0.003000
v 0.019250 -0.013371 -0.003000
v 0.019044 -0.013430 -0.003000
v 0.018833 -0.013472 -0.003000
v 0.018619 -0.013495 -0.003000
v 0.018404 -0.013499 -0.003000
v 0.018189 -0.013486 -0.003000
v 0.017976 -0.013453 -0.003000
v 0.017767 -0.013403 -0.003000
v 0.017563 -0.013335 -0.003000
v 0.017366 -0.013249 -0.003000
v 0.017177 -0.013147 -0.003000
v 0.016997 -0.013029 -0.003000
v 0.016828 -0.012896 -0.003000
v 0.016671 -0.012749 -0.003000
v 0.016527 -0.012589 -0.003000
v 0.016398 -0.012417 -0.003000
v 0.016284 -0.012234 -0.003000
v 0.016185 -0.012043 -0.003000
v 0.016104 -0.011844 -0.003000
v 0.016040 -0.011638 -0.003000
v 0.015994 -0.011428 -0.003000
v 0.017107 -0.011000 -0.003000
v 0.017117 -0.010843 -0.003000
v 0.017144 -0.010689 -0.003000
v 0.017189 -0.010538 -0.003000
v 0.017251 -0.010394 -0.003000
v 0.017330 -0.010258 -0.003000
v 0.017423 -0.010132 -0.003000
v 0.017531 -0.010018 -0.003000
v 0.017651 -0.009917 -0.003000
v 0.017782 -0.009831 -0.003000
v 0.017923 -0.009760 -0.003000
v 0.018070 -0.009707 -0.003000
v 0.018223 -0.009671 -0.003000
v 0.018379 -0.009652 -0.003000
v 0.018536 -0.009652 -0.003000
v 0.018692 -0.009671 -0.003000
v 0.018845 -0.009707 -0.003000
v 0.018992 -0.009760 -0.003000
v 0.019132 -0.009831 -0.003000
v 0.019264 -0.009917 -0.003000
v 0.019384 -0.010018 -0.003000
v 0.019492 -0.010132 -0.003000
v 0.019585 -0.010258 -0.003000
v 0.019664 -0.010394 -0.003000
v 0.019726 -0.010538 -0.003000
v 0.019771 -0.010689 -0.003000
v 0.019798 -0.010843 -0.003000
v 0.019807 -0.011000 -0.003000
v 0.019798 -0.011157 -0.003000
v 0.019771 -0.011311 -0.003000
v 0.019726 -0.011462 -0.003000
v 0.019664 -0.011606 -0.003000
v 0.019585 -0.011742 -0.003000
v 0.019492 -0.011868 -0.003000
v 0.019384 -0.011982 -0.003000
v 0.019264 -0.012083 -0.003000
v 0.019132 -0.012169 -0.003000
v 0.018992 -0.012240 -0.003000
v 0.018845 -0.012293 -0.003000
v 0.018692 -0.012329 -0.003000
v 0.018536 -0.012348 -0.003000
v 0.018379 -0.012348 -0.003000
v 0.018223 -0.012329 -0.003000
v 0.018070 -0.012293 -0.003000
v 0.017923 -0.012240 -0.003000
v 0.017782 -0.012169 -0.003000
v 0.017651 -0.012083 -0.003000
v 0.017531 -0.011982 -0.003000
v 0.017423 -0.011868 -0.003000
v 0.017330 -0.011742 -0.003000
v 0.017251 -0.011606 -0.003000
v 0.017189 -0.011462 -0.003000
v 0.017144 -0.011311 -0.003000
v 0.017117 -0.011157 -0.003000
v 0.020967 0.045000 -0.023835
v 0.020957 0.045000 -0.024000
v 0.020957 0.047500 -0.024000
v 0.020967 0.045000 -0.024165
v 0.020967 0.047500 -0.024168
v 0.020994 0.045000 -0.024328
v 0.020995 0.047500 -0.024334
v 0.021039 0.045000 -0.024487
v 0.021042 0.047500 -0.024495
v 0.021101 0.045000 -0.024640
v 0.021106 0.047500 -0.024651
v 0.021180 0.045000 -0.024786
v 0.021187 0.047500 -0.024798
v 0.021274 0.045000 -0.024921
v 0.021285 0.047500 -0.024935
v 0.021382 0.045000 -0.025046
v 0.021397 0.047500 -0.025061
v 0.021504 0.045000 -0.025158
v 0.021522 0.047500 -0.025173
v 0.021637 0.045000 -0.025256
v 0.021659 0.047500 -0.025270
v 0.021780 0.045000 -0.025338
v 0.021807 0.047500 -0.025351
v 0.021932 0.045000 -0.025405
v 0.021962 0.047500 -0.025416
v 0.022089 0.045000 -0.025454
v 0.022124 0.047500 -0.025462
v 0.022251 0.045000 -0.025486
v 0.022290 0.047500 -0.025491
v 0.022416 0.045000 -0.025499
v 0.022458 0.047500 -0.025500
v 0.022581 0.045000 -0.025495
v 0.022625 0.047500 -0.025491
v 0.022745 0.045000 -0.025472
v 0.022791 0.047500 -0.025462
v 0.022905 0.045000 -0.025432
v 0.022953 0.047500 -0.025416
v 0.023060 0.045000 -0.025374
v 0.023108 0.047500 -0.025351
v 0.023208 0.045000 -0.025299
v 0.023256 0.047500 -0.025270
v 0.023346 0.045000 -0.025209
v 0.023393 0.047500 -0.025173
v 0.023473 0.045000 -0.025104
v 0.023518 0.047500 -0.025061
v 0.023589 0.045000 -0.024985
v 0.023630 0.047500 -0.024935
v 0.023690 0.045000 -0.024855
v 0.023728 0.047500 -0.024798
v 0.023777 0.045000 -0.024714
v 0.023809 0.047500 -0.024651
v 0.023847 0.045000 -0.024564
v 0.023873 0.047500 -0.024495
v 0.023901 0.045000 -0.024408
v 0.023920 0.047500 -0.024334
v 0.023937 0.045000 -0.024247
v 0.023948 0.047500 -0.024168
v 0.023955 0.045000 -0.024083
v 0.023958 0.047500 -0.024000
v 0.023955 0.045000 -0.023917
v 0.023948 0.047500 -0.023832
v 0.023937 0.045000 -0.023753
v 0.023920 0.047500 -0.023666
v 0.023901 0.045000 -0.023592
v 0.023873 0.047500 -0.023505
v 0.023847 0.045000 -0.023436
v 0.023809 0.047500 -0.023349
v 0.023777 0.045000 -0.023286
v 0.023728 0.047500 -0.023202
v 0.023690 0.045000 -0.023145
v 0.023630 0.047500 -0.023065
v 0.023589 0.045000 -0.023015
v 0.023518 0.047500 -0.022939
v 0.023473 0.045000 -0.022896
v 0.023393 0.047500 -0.022827
v 0.023346 0.045000 -0.022791
v 0.023256 0.047500 -0.022730
v 0.023208 0.045000 -0.022701
v 0.023108 0.047500 -0.022649
v 0.023060 0.045000 -0.022626
v 0.022953 0.047500 -0.022584
v 0.022905 0.045000 -0.022568
v 0.022791 0.047500 -0.022538
v 0.022745 0.045000 -0.022528
v 0.022625 0.047500 -0.022509
v 0.022581 0.045000 -0.022505
v 0.022458 0.047500 -0.022500
v 0.022416 0.045000 -0.022501
v 0.022290 0.047500 -0.022509
v 0.022251 0.045000 -0.022514
v 0.022124 0.047500 -0.022538
v 0.022089 0.045000 -0.022546
v 0.021962 0.047500 -0.022584
v 0.021932 0.045000 -0.022595
v 0.021807 0.047500 -0.022649
v 0.021780 0.045000 -0.022662
v 0.021659 0.047500 -0.022730
v 0.021637 0.045000 -0.022744
v 0.021522 0.047500 -0.022827
v 0.021504 0.045000 -0.022842
v 0.021397 0.047500 -0.022939
v 0.021382 0.045000 -0.022954
v 0.021285 0.047500 -0.023065
v 0.021274 0.045000 -0.023079
v 0.021187 0.047500 -0.023202
v 0.021180 0.045000 -0.023214
v 0.021106 0.047500 -0.023349
v 0.021101 0.045000 -0.023360
v 0.021042 0.047500 -0.023505
v 0.021039 0.045000 -0.023513
v 0.020995 0.047500 -0.023666
v 0.020994 0.045000 -0.023672
v 0.020967 0.047500 -0.023832
v 0.020967 0.050000 -0.024165
v 0.020957 0.050000 -0.024000
v 0.020967 0.050000 -0.023835
v 0.020994 0.050000 -0.023672
v 0.021039 0.050000 -0.023513
v 0.021101 0.050000 -0.023360
v 0.021180 0.050000 -0.023214
v 0.021274 0.050000 -0.023079
v 0.021382 0.050000 -0.022954
v 0.021504 0.050000 -0.022842
v 0.021637 0.050000 -0.022744
v 0.021780 0.050000 -0.022662
v 0.021932 0.050000 -0.022595
v 0.022089 0.050000 -0.022546
v 0.022251 0.050000 -0.022514
v 0.022416 0.050000 -0.022501
v 0.022581 0.050000 -0.022505
v 0.022745 0.050000 -0.022528
v 0.022905 0.050000 -0.022568
v 0.023060 0.050000 -0.022626
v 0.023208 0.050000 -0.022701
v 0.023346 0.050000 -0.022791
v 0.023473 0.050000 -0.022896
v 0.023589 0.050000 -0.023015
v 0.023690 0.050000 -0.023145
v 0.023777 0.050000 -0.023286
v 0.023847 0.050000 -0.023436
v 0.023901 0.050000 -0.023592
v 0.023937 0.050000 -0.023753
v 0.023955 0.050000 -0.023917
v 0.023955 0.050000 -0.024083
v 0.023937 0.050000 -0.024247
v 0.023901 0.050000 -0.024408
v 0.023847 0.050000 -0.024564
v 0.023777 0.050000 -0.024714
v 0.023690 0.050000 -0.024855
v 0.023589 0.050000 -0.024985
v 0.023473 0.050000 -0.025104
v 0.023346 0.050000 -0.025209
v 0.023208 0.050000 -0.025299
v 0.023060 0.050000 -0.025374
v 0.022905 0.050000 -0.025432
v 0.022745 0.050000 -0.025472
v 0.022581 0.050000 -0.025495
v 0.022416 0.050000 -0.025499
v 0.022251 0.050000 -0.025486
v 0.022089 0.050000 -0.025454
v 0.021932 0.050000 -0.025405
v 0.021780 0.050000 -0.025338
v 0.021637 0.050000 -0.025256
v 0.021504 0.050000 -0.025158
v 0.021382 0.050000 -0.025046
v 0.021274 0.050000 -0.024921
v 0.021180 0.050000 -0.024786
v 0.021101 0.050000 -0.024640
v 0.021039 0.050000 -0.024487
v 0.020994 0.050000 -0.024328
v 0.020967 -0.050000 -0.023835
v 0.020957 -0.050000 -0.024000
v 0.020957 -0.047500 -0.024000
v 0.020967 -0.050000 -0.024165
v 0.020967 -0.047500 -0.024168
v 0.020994 -0.050000 -0.024328
v 0.020995 -0.047500 -0.024334
v 0.021039 -0.050000 -0.024487
v 0.021042 -0.047500 -0.024495
v 0.021101 -0.050000 -0.024640
v 0.021106 -0.047500 -0.024651
v 0.021180 -0.050000 -0.024786
v 0.021187 -0.047500 -0.024798
v 0.021274 -0.050000 -0.024921
v 0.021285 -0.047500 -0.024935
v 0.021382 -0.050000 -0.025046
v 0.021397 -0.047500 -0.025061
v 0.021504 -0.050000 -0.025158
v 0.021522 -0.047500 -0.025173
v 0.021637 -0.050000 -0.025256
v 0.021659 -0.047500 -0.025270
v 0.021780 -0.050000 -0.025338
v 0.021807 -0.047500 -0.025351
v 0.021932 -0.050000 -0.025405
v 0.021962 -0.047500 -0.025416
v 0.022089 -0.050000 -0.025454
v 0.022124 -0.047500 -0.025462
v 0.022251 -0.050000 -0.025486
v 0.022290 -0.047500 -0.025491
v 0.022416 -0.050000 -0.025499
v 0.022458 -0.047500 -0.025500
v 0.022581 -0.050000 -0.025495
v 0.022625 -0.047500 -0.025491
v 0.022745 -0.050000 -0.025472
v 0.022791 -0.047500 -0.025462
v 0.022905 -0.050000 -0.025432
v 0.022953 -0.047500 -0.025416
v 0.023060 -0.050000 -0.025374
v 0.023108 -0.047500 -0.025351
v 0.023208 -0.050000 -0.025299
v 0.023256 -0.047500 -0.025270
v 0.023346 -0.050000 -0.025209
v 0.023393 -0.047500 -0.025173
v 0.023473 -0.050000 -0.025104
v 0.023518 -0.047500 -0.025061
v 0.023589 -0.050000 -0.024985
v 0.023630 -0.047500 -0.024935
v 0.023690 -0.050000 -0.024855
v 0.023728 -0.047500 -0.024798
v 0.023777 -0.050000 -0.024714
v 0.023809 -0.047500 -0.024651
v 0.023847 -0.050000 -0.024564
v 0.023873 -0.047500 -0.024495
v 0.023901 -0.050000 -0.024408
v 0.023920 -0.047500 -0.024334
v 0.023937 -0.050000 -0.024247
v 0.023948 -0.047500 -0.024168
v 0.023955 -0.050000 -0.024083
v 0.023958 -0.047500 -0.024000
v 0.023955 -0.050000 -0.023917
v 0.023948 -0.047500 -0.023832
v 0.023937 -0.050000 -0.023753
v 0.023920 -0.047500 -0.023666
v 0.023901 -0.050000 -0.023592
v 0.023873 -0.047500 -0.023505
v 0.023847 -0.050000 -0.023436
v 0.023809 -0.047500 -0.023349
v 0.023777 -0.050000 -0.023286
v 0.023728 -0.047500 -0.023202
v 0.023690 -0.050000 -0.023145
v 0.023630 -0.047500 -0.023065
v 0.023589 -0.050000 -0.023015
v 0.023518 -0.047500 -0.022939
v 0.023473 -0.050000 -0.022896
v 0.023393 -0.047500 -0.022827
v 0.023346 -0.050000 -0.022791
v 0.023256 -0.047500 -0.022730
v 0.023208 -0.050000 -0.022701
v 0.023108 -0.047500 -0.022649
v 0.023060 -0.050000 -0.022626
v 0.022953 -0.047500 -0.022584
v 0.022905 -0.050000 -0.022568
v 0.022791 -0.047500 -0.022538
v 0.022745 -0.050000 -0.022528
v 0.022625 -0.047500 -0.022509
v 0.022581 -0.050000 -0.022505
v 0.022458 -0.047500 -0.022500
v 0.022416 -0.050000 -0.022501
v 0.022290 -0.047500 -0.022509
v 0.022251 -0.050000 -0.022514
v 0.022124 -0.047500 -0.022538
v 0.022089 -0.050000 -0.022546
v 0.021962 -0.047500 -0.022584
v 0.021932 -0.050000 -0.022595
v 0.021807 -0.047500 -0.022649
v 0.021780 -0.050000 -0.022662
v 0.021659 -0.047500 -0.022730
v 0.021637 -0.050000 -0.022744
v 0.021522 -0.047500 -0.022827
v 0.021504 -0.050000 -0.022842
v 0.021397 -0.047500 -0.022939
v 0.021382 -0.050000 -0.022954
v 0.021285 -0.047500 -0.023065
v 0.021274 -0.050000 -0.023079
v 0.021187 -0.047500 -0.023202
v 0.021180 -0.050000 -0.023214
v 0.021106 -0.047500 -0.023349
v 0.021101 -0.050000 -0.023360
v 0.021042 -0.047500 -0.023505
v 0.021039 -0.050000 -0.023513
v 0.020995 -0.047500 -0.023666
v 0.020994 -0.050000 -0.023672
v 0.020967 -0.047500 -0.023832
v 0.020967 -0.045000 -0.024165
v 0.020957 -0.045000 -0.024000
v 0.020967 -0.045000 -0.023835
v 0.020994 -0.045000 -0.023672
v 0.021039 -0.045000 -0.023513
v 0.021101 -0.045000 -0.023360
v 0.021180 -0.045000 -0.023214
v 0.021274 -0.045000 -0.023079
v 0.021382 -0.045000 -0.022954
v 0.021504 -0.045000 -0.022842
v 0.021637 -0.045000 -0.022744
v 0.021780 -0.045000 -0.022662
v 0.021932 -0.045000 -0.022595
v 0.022089 -0.045000 -0.022546
v 0.022251 -0.045000 -0.022514
v 0.022416 -0.045000 -0.022501
v 0.022581 -0.045000 -0.022505
v 0.022745 -0.045000 -0.022528
v 0.022905 -0.045000 -0.022568
v 0.023060 -0.045000 -0.022626
v 0.023208 -0.045000 -0.022701
v 0.023346 -0.045000 -0.022791
v 0.023473 -0.045000 -0.022896
v 0.023589 -0.045000 -0.023015
v 0.023690 -0.045000 -0.023145
v 0.023777 -0.045000 -0.023286
v 0.023847 -0.045000 -0.023436
v 0.023901 -0.045000 -0.023592
v 0.023937 -0.045000 -0.023753
v 0.023955 -0.045000 -0.023917
v 0.023955 -0.045000 -0.024083
v 0.023937 -0.045000 -0.024247
v 0.023901 -0.045000 -0.024408
v 0.023847 -0.045000 -0.024564
v 0.023777 -0.045000 -0.024714
v 0.023690 -0.045000 -0.024855
v 0.023589 -0.045000 -0.024985
v 0.023473 -0.045000 -0.025104
v 0.023346 -0.045000 -0.025209
v 0.023208 -0.045000 -0.025299
v 0.023060 -0.045000 -0.025374
v 0.022905 -0.045000 -0.025432
v 0.022745 -0.045000 -0.025472
v 0.022581 -0.045000 -0.025495
v 0.022416 -0.045000 -0.025499
v 0.022251 -0.045000 -0.025486
v 0.022089 -0.045000 -0.025454
v 0.021932 -0.045000 -0.025405
v 0.021780 -0.045000 -0.025338
v 0.021637 -0.045000 -0.025256
v 0.021504 -0.045000 -0.025158
v 0.021382 -0.045000 -0.025046
v 0.021274 -0.045000 -0.024921
v 0.021180 -0.045000 -0.024786
v 0.021101 -0.045000 -0.024640
v 0.021039 -0.045000 -0.024487
v 0.020994 -0.045000 -0.024328
v -0.003033 0.045000 -0.023835
v -0.003043 0.045000 -0.024000
v -0.003043 0.047500 -0.024000
v -0.003033 0.045000 -0.024165
v -0.003033 0.047500 -0.024168
v -0.003006 0.045000 -0.024328
v -0.003005 0.047500 -0.024334
v -0.002961 0.045000 -0.024487
v -0.002958 0.047500 -0.024495
v -0.002899 0.045000 -0.024640
v -0.002894 0.047500 -0.024651
v -0.002820 0.045000 -0.024786
v -0.002813 0.047500 -0.024798
v -0.002726 0.045000 -0.024921
v -0.002715 0.047500 -0.024935
v -0.002618 0.045000 -0.025046
v -0.002603 0.047500 -0.025061
v -0.002496 0.045000 -0.025158
v -0.002478 0.047500 -0.025173
v -0.002363 0.045000 -0.025256
v -0.002341 0.047500 -0.025270
v -0.002220 0.045000 -0.025338
v -0.002193 0.047500 -0.025351
v -0.002068 0.045000 -0.025405
v -0.002038 0.047500 -0.025416
v -0.001911 0.045000 -0.025454
v -0.001876 0.047500 -0.025462
v -0.001749 0.045000 -0.025486
v -0.001710 0.047500 -0.025491
v -0.001584 0.045000 -0.025499
v -0.001542 0.047500 -0.025500
v -0.001419 0.045000 -0.025495
v -0.001375 0.047500 -0.025491
v -0.001255 0.045000 -0.025472
v -0.001209 0.047500 -0.025462
v -0.001095 0.045000 -0.025432
v -0.001047 0.047500 -0.025416
v -0.000940 0.045000 -0.025374
v -0.000892 0.047500 -0.025351
v -0.000792 0.045000 -0.025299
v -0.000744 0.047500 -0.025270
v -0.000654 0.045000 -0.025209
v -0.000607 0.047500 -0.025173
v -0.000527 0.045000 -0.025104
v -0.000482 0.047500 -0.025061
v -0.000411 0.045000 -0.024985
v -0.000370 0.047500 -0.024935
v -0.000310 0.045000 -0.024855
v -0.000272 0.047500 -0.024798
v -0.000223 0.045000 -0.024714
v -0.000191 0.047500 -0.024651
v -0.000153 0.045000 -0.024564
v -0.000127 0.047500 -0.024495
v -0.000099 0.045000 -0.024408
v -0.000080 0.047500 -0.024334
v -0.000063 0.045000 -0.024247
v -0.000052 0.047500 -0.024168
v -0.000045 0.045000 -0.024083
v -0.000043 0.047500 -0.024000
v -0.000045 0.045000 -0.023917
v -0.000052 0.047500 -0.023832
v -0.000063 0.045000 -0.023753
v -0.000080 0.047500 -0.023666
v -0.000099 0.045000 -0.023592
v -0.000127 0.047500 -0.023505
v -0.000153 0.045000 -0.023436
v -0.000191 0.047500 -0.023349
v -0.000223 0.045000 -0.023286
v -0.000272 0.047500 -0.023202
v -0.000310 0.045000 -0.023145
v -0.000370 0.047500 -0.023065
v -0.000411 0.045000 -0.023015
v -0.000482 0.047500 -0.022939
v -0.000527 0.045000 -0.022896
v -0.000607 0.047500 -0.022827
v -0.000654 0.045000 -0.022791
v -0.000744 0.047500 -0.022730
v -0.000792 0.045000 -0.022701
v -0.000892 0.047500 -0.022649
v -0.000940 0.045000 -0.022626
v -0.001047 0.047500 -0.022584
v -0.001095 0.045000 -0.022568
v -0.001209 0.047500 -0.022538
v -0.001255 0.045000 -0.022528
v -0.001375 0.047500 -0.022509
v -0.001419 0.045000 -0.022505
v -0.001542 0.047500 -0.022500
v -0.001584 0.045000 -0.022501
v -0.001710 0.047500 -0.022509
v -0.001749 0.045000 -0.022514
v -0.001876 0.047500 -0.022538
v -0.001911 0.045000 -0.022546
v -0.002038 0.047500 -0.022584
v -0.002068 0.045000 -0.022595
v -0.002193 0.047500 -0.022649
v -0.002220 0.045000 -0.022662
v -0.002341 0.047500 -0.022730
v -0.002363 0.045000 -0.022744
v -0.002478 0.047500 -0.022827
v -0.002496 0.045000 -0.022842
v -0.002603 0.047500 -0.022939
v -0.002618 0.045000 -0.022954
v -0.002715 0.047500 -0.023065
v -0.002726 0.045000 -0.023079
v -0.002813 0.047500 -0.023202
v -0.002820 0.045000 -0.023214
v -0.002894 0.047500 -0.023349
v -0.002899 0.045000 -0.023360
v -0.002958 0.047500 -0.023505
v -0.002961 0.045000 -0.023513
v -0.003005 0.047500 -0.023666
v -0.003006 0.045000 -0.023672
v -0.003033 0.047500 -0.023832
v -0.003033 0.050000 -0.024165
v -0.003043 0.050000 -0.024000
v -0.003033 0.050000 -0.023835
v -0.003006 0.050000 -0.023672
v -0.002961 0.050000 -0.023513
v -0.002899 0.050000 -0.023360
v -0.002820 0.050000 -0.023214
v -0.002726 0.050000 -0.023079
v -0.002618 0.050000 -0.022954
v -0.002496 0.050000 -0.022842
v -0.002363 0.050000 -0.022744
v -0.002220 0.050000 -0.022662
v -0.002068 0.050000 -0.022595
v -0.001911 0.050000 -0.022546
v -0.001749 0.050000 -0.022514
v -0.001584 0.050000 -0.022501
v -0.001419 0.050000 -0.022505
v -0.001255 0.050000 -0.022528
v -0.001095 0.050000 -0.022568
v -0.000940 0.050000 -0.022626
v -0.000792 0.050000 -0.022701
v -0.000654 0.050000 -0.022791
v -0.000527 0.050000 -0.022896
v -0.000411 0.050000 -0.023015
v -0.000310 0.050000 -0.023145
v -0.000223 0.050000 -0.023286
v -0.000153 0.050000 -0.023436
v -0.000099 0.050000 -0.023592
v -0.000063 0.050000 -0.023753
v -0.000045 0.050000 -0.023917
v -0.000045 0.050000 -0.024083
v -0.000063 0.050000 -0.024247
v -0.000099 0.050000 -0.024408
v -0.000153 0.050000 -0.024564
v -0.000223 0.050000 -0.024714
v -0.000310 0.050000 -0.024855
v -0.000411 0.050000 -0.024985
v -0.000527 0.050000 -0.025104
v -0.000654 0.050000 -0.025209
v -0.000792 0.050000 -0.025299
v -0.000940 0.050000 -0.025374
v -0.001095 0.050000 -0.025432
v -0.001255 0.050000 -0.025472
v -0.001419 0.050000 -0.025495
v -0.001584 0.050000 -0.025499
v -0.001749 0.050000 -0.025486
v -0.001911 0.050000 -0.025454
v -0.002068 0.050000 -0.025405
v -0.002220 0.050000 -0.025338
v -0.002363 0.050000 -0.025256
v -0.002496 0.050000 -0.025158
v -0.002618 0.050000 -0.025046
v -0.002726 0.050000 -0.024921
v -0.002820 0.050000 -0.024786
v -0.002899 0.050000 -0.024640
v -0.002961 0.050000 -0.024487
v -0.003006 0.050000 -0.024328
v -0.003033 -0.050000 -0.023835
v -0.003043 -0.050000 -0.024000
v -0.003043 -0.047500 -0.024000
v -0.003033 -0.050000 -0.024165
v -0.003033 -0.047500 -0.024168
v -0.003006 -0.050000 -0.024328
v -0.003005 -0.047500 -0.024334
v -0.002961 -0.050000 -0.024487
v -0.002958 -0.047500 -0.024495
v -0.002899 -0.050000 -0.024640
v -0.002894 -0.047500 -0.024651
v -0.002820 -0.050000 -0.024786
v -0.002813 -0.047500 -0.024798
v -0.002726 -0.050000 -0.024921
v -0.002715 -0.047500 -0.024935
v -0.002618 -0.050000 -0.025046
v -0.002603 -0.047500 -0.025061
v -0.002496 -0.050000 -0.025158
v -0.002478 -0.047500 -0.025173
v -0.002363 -0.050000 -0.025256
v -0.002341 -0.047500 -0.025270
v -0.002220 -0.050000 -0.025338
v -0.002193 -0.047500 -0.025351
v -0.002068 -0.050000 -0.025405
v -0.002038 -0.047500 -0.025416
v -0.001911 -0.050000 -0.025454
v -0.001876 -0.047500 -0.025462
v -0.001749 -0.050000 -0.025486
v -0.001710 -0.047500 -0.025491
v -0.001584 -0.050000 -0.025499
v -0.001542 -0.047500 -0.025500
v -0.001419 -0.050000 -0.025495
v -0.001375 -0.047500 -0.025491
v -0.001255 -0.050000 -0.025472
v -0.001209 -0.047500 -0.025462
v -0.001095 -0.050000 -0.025432
v -0.001047 -0.047500 -0.025416
v -0.000940 -0.050000 -0.025374
v -0.000892 -0.047500 -0.025351
v -0.000792 -0.050000 -0.025299
v -0.000744 -0.047500 -0.025270
v -0.000654 -0.050000 -0.025209
v -0.000607 -0.047500 -0.025173
v -0.000527 -0.050000 -0.025104
v -0.000482 -0.047500 -0.025061
v -0.000411 -0.050000 -0.024985
v -0.000370 -0.047500 -0.024935
v -0.000310 -0.050000 -0.024855
v -0.000272 -0.047500 -0.024798
v -0.000223 -0.050000 -0.024714
v -0.000191 -0.047500 -0.024651
v -0.000153 -0.050000 -0.024564
v -0.000127 -0.047500 -0.024495
v -0.000099 -0.050000 -0.024408
v -0.000080 -0.047500 -0.024334
v -0.000063 -0.050000 -0.024247
v -0.000052 -0.047500 -0.024168
v -0.000045 -0.050000 -0.024083
v -0.000043 -0.047500 -0.024000
v -0.000045 -0.050000 -0.023917
v -0.000052 -0.047500 -0.023832
v -0.000063 -0.050000 -0.023753
v -0.000080 -0.047500 -0.023666
v -0.000099 -0.050000 -0.023592
v -0.000127 -0.047500 -0.023505
v -0.000153 -0.050000 -0.023436
v -0.000191 -0.047500 -0.023349
v -0.000223 -0.050000 -0.023286
v -0.000272 -0.047500 -0.023202
v -0.000310 -0.050000 -0.023145
v -0.000370 -0.047500 -0.023065
v -0.000411 -0.050000 -0.023015
v -0.000482 -0.047500 -0.022939
v -0.000527 -0.050000 -0.022896
v -0.000607 -0.047500 -0.022827
v -0.000654 -0.050000 -0.022791
v -0.000744 -0.047500 -0.022730
v -0.000792 -0.050000 -0.022701
v -0.000892 -0.047500 -0.022649
v -0.000940 -0.050000 -0.022626
v -0.001047 -0.047500 -0.022584
v -0.001095 -0.050000 -0.022568
v -0.001209 -0.047500 -0.022538
v -0.001255 -0.050000 -0.022528
v -0.001375 -0.047500 -0.022509
v -0.001419 -0.050000 -0.022505
v -0.001542 -0.047500 -0.022500
v -0.001584 -0.050000 -0.022501
v -0.001710 -0.047500 -0.022509
v -0.001749 -0.050000 -0.022514
v -0.001876 -0.047500 -0.022538
v -0.001911 -0.050000 -0.022546
v -0.002038 -0.047500 -0.022584
v -0.002068 -0.050000 -0.022595
v -0.002193 -0.047500 -0.022649
v -0.002220 -0.050000 -0.022662
v -0.002341 -0.047500 -0.022730
v -0.002363 -0.050000 -0.022744
v -0.002478 -0.047500 -0.022827
v -0.002496 -0.050000 -0.022842
v -0.002603 -0.047500 -0.022939
v -0.002618 -0.050000 -0.022954
v -0.002715 -0.047500 -0.023065
v -0.002726 -0.050000 -0.023079
v -0.002813 -0.047500 -0.023202
v -0.002820 -0.050000 -0.023214
v -0.002894 -0.047500 -0.023349
v -0.002899 -0.050000 -0.023360
v -0.002958 -0.047500 -0.023505
v -0.002961 -0.050000 -0.023513
v -0.003005 -0.047500 -0.023666
v -0.003006 -0.050000 -0.023672
v -0.003033 -0.047500 -0.023832
v -0.003033 -0.045000 -0.024165
v -0.003043 -0.045000 -0.024000
v -0.003033 -0.045000 -0.023835
v -0.003006 -0.045000 -0.023672
v -0.002961 -0.045000 -0.023513
v -0.002899 -0.045000 -0.023360
v -0.002820 -0.045000 -0.023214
v -0.002726 -0.045000 -0.023079
v -0.002618 -0.045000 -0.022954
v -0.002496 -0.045000 -0.022842
v -0.002363 -0.045000 -0.022744
v -0.002220 -0.045000 -0.022662
v -0.002068 -0.045000 -0.022595
v -0.001911 -0.045000 -0.022546
v -0.001749 -0.045000 -0.022514
v -0.001584 -0.045000 -0.022501
v -0.001419 -0.045000 -0.022505
v -0.001255 -0.045000 -0.022528
v -0.001095 -0.045000 -0.022568
v -0.000940 -0.045000 -0.022626
v -0.000792 -0.045000 -0.022701
v -0.000654 -0.045000 -0.022791
v -0.000527 -0.045000 -0.022896
v -0.000411 -0.045000 -0.023015
v -0.000310 -0.045000 -0.023145
v -0.000223 -0.045000 -0.023286
v -0.000153 -0.045000 -0.023436
v -0.000099 -0.045000 -0.023592
v -0.000063 -0.045000 -0.023753
v -0.000045 -0.045000 -0.023917
v -0.000045 -0.045000 -0.024083
v -0.000063 -0.045000 -0.024247
v -0.000099 -0.045000 -0.024408
v -0.000153 -0.045000 -0.024564
v -0.000223 -0.045000 -0.024714
v -0.000310 -0.045000 -0.024855
v -0.000411 -0.045000 -0.024985
v -0.000527 -0.045000 -0.025104
v -0.000654 -0.045000 -0.025209
v -0.000792 -0.045000 -0.025299
v -0.000940 -0.045000 -0.025374
v -0.001095 -0.045000 -0.025432
v -0.001255 -0.045000 -0.025472
v -0.001419 -0.045000 -0.025495
v -0.001584 -0.045000 -0.025499
v -0.001749 -0.045000 -0.025486
v -0.001911 -0.045000 -0.025454
v -0.002068 -0.045000 -0.025405
v -0.002220 -0.045000 -0.025338
v -0.002363 -0.045000 -0.025256
v -0.002496 -0.045000 -0.025158
v -0.002618 -0.045000 -0.025046
v -0.002726 -0.045000 -0.024921
v -0.002820 -0.045000 -0.024786
v -0.002899 -0.045000 -0.024640
v -0.002961 -0.045000 -0.024487
v -0.003006 -0.045000 -0.024328
v -0.014542 -0.050000 -0.033500
v -0.014542 -0.045000 -0.033500
v -0.014542 0.050000 -0.033500
v -0.014542 0.045000 -0.033500
v 0.010020 -0.010241 -0.002000
v 0.010273 -0.009186 -0.002000
v 0.010458 -0.010250 -0.002000
v 0.010421 -0.009199 -0.002000
v 0.010568 -0.009195 -0.002000
v 0.009582 -0.010213 -0.002000
v 0.009990 -0.009105 -0.002000
v 0.010129 -0.009154 -0.002000
v 0.009858 -0.009039 -0.002000
v 0.009147 -0.010166 -0.002000
v 0.009734 -0.008958 -0.002000
v 0.009622 -0.008861 -0.002000
v 0.009523 -0.008752 -0.002000
v 0.009437 -0.008632 -0.002000
v 0.009367 -0.008502 -0.002000
v 0.009314 -0.008364 -0.002000
v 0.009278 -0.008220 -0.002000
v 0.009260 -0.008074 -0.002000
v 0.008714 -0.010101 -0.002000
v 0.008284 -0.010017 -0.002000
v 0.007858 -0.009915 -0.002000
v 0.007436 -0.009795 -0.002000
v 0.007020 -0.009657 -0.002000
v 0.009260 -0.007926 -0.002000
v 0.006611 -0.009501 -0.002000
v 0.009278 -0.007780 -0.002000
v 0.005584 -0.006294 -0.002000
v 0.005664 -0.006182 -0.002000
v 0.006209 -0.009328 -0.002000
v 0.005490 -0.006395 -0.002000
v 0.005814 -0.009138 -0.002000
v 0.005383 -0.006482 -0.002000
v 0.005428 -0.008931 -0.002000
v 0.005265 -0.006554 -0.002000
v 0.005051 -0.008708 -0.002000
v 0.005139 -0.006609 -0.002000
v 0.004683 -0.008469 -0.002000
v 0.005006 -0.006646 -0.002000
v 0.004870 -0.006665 -0.002000
v 0.004327 -0.008214 -0.002000
v 0.004732 -0.006665 -0.002000
v 0.003981 -0.007945 -0.002000
v 0.004595 -0.006646 -0.002000
v 0.004462 -0.006609 -0.002000
v 0.003648 -0.007661 -0.002000
v 0.004336 -0.006554 -0.002000
v 0.004218 -0.006482 -0.002000
v 0.003327 -0.007363 -0.002000
v 0.004111 -0.006395 -0.002000
v 0.003019 -0.007052 -0.002000
v 0.004017 -0.006294 -0.002000
v 0.003938 -0.006182 -0.002000
v 0.002724 -0.006727 -0.002000
v 0.003874 -0.006059 -0.002000
v 0.003828 -0.005929 -0.002000
v 0.002444 -0.006391 -0.002000
v 0.003800 -0.005794 -0.002000
v 0.003791 -0.005657 -0.002000
v 0.002178 -0.006043 -0.002000
v 0.001927 -0.005683 -0.002000
v 0.001692 -0.005314 -0.002000
v 0.001473 -0.004934 -0.002000
v 0.001271 -0.004546 -0.002000
v 0.002714 -0.001172 -0.002000
v 0.001085 -0.004149 -0.002000
v 0.002568 -0.001195 -0.002000
v 0.000916 -0.003745 -0.002000
v 0.002421 -0.001199 -0.002000
v 0.000765 -0.003334 -0.002000
v 0.002273 -0.001186 -0.002000
v 0.000631 -0.002916 -0.002000
v 0.002129 -0.001154 -0.002000
v 0.000516 -0.002494 -0.002000
v 0.001990 -0.001105 -0.002000
v 0.000418 -0.002067 -0.002000
v 0.001858 -0.001039 -0.002000
v 0.001734 -0.000958 -0.002000
v 0.000339 -0.001636 -0.002000
v 0.001622 -0.000861 -0.002000
v 0.000278 -0.001202 -0.002000
v 0.001523 -0.000752 -0.002000
v 0.001437 -0.000632 -0.002000
v 0.000236 -0.000766 -0.002000
v 0.001367 -0.000502 -0.002000
v 0.001314 -0.000364 -0.002000
v 0.000213 -0.000329 -0.002000
v 0.001278 -0.000221 -0.002000
v 0.001260 -0.000074 -0.002000
v 0.000208 0.000110 -0.002000
v 0.000222 0.000547 -0.002000
v 0.000255 0.000984 -0.002000
v 0.000306 0.001419 -0.002000
v 0.000376 0.001852 -0.002000
v 0.000464 0.002281 -0.002000
v 0.000571 0.002706 -0.002000
v 0.000696 0.003126 -0.002000
v 0.000838 0.003540 -0.002000
v 0.000998 0.003948 -0.002000
v 0.001176 0.004348 -0.002000
v 0.001370 0.004741 -0.002000
v 0.003791 0.005657 -0.002000
v 0.002714 0.001172 -0.002000
v 0.002568 0.001195 -0.002000
v 0.001581 0.005125 -0.002000
v 0.001808 0.005500 -0.002000
v 0.002051 0.005864 -0.002000
v 0.002309 0.006218 -0.002000
v 0.003800 0.005794 -0.002000
v 0.002582 0.006561 -0.002000
v 0.003828 0.005929 -0.002000
v 0.003874 0.006059 -0.002000
v 0.002870 0.006891 -0.002000
v 0.003938 0.006182 -0.002000
v 0.004017 0.006294 -0.002000
v 0.003171 0.007209 -0.002000
v 0.004111 0.006395 -0.002000
v 0.003486 0.007514 -0.002000
v 0.004218 0.006482 -0.002000
v 0.004336 0.006554 -0.002000
v 0.003813 0.007805 -0.002000
v 0.004462 0.006609 -0.002000
v 0.004595 0.006646 -0.002000
v 0.004153 0.008082 -0.002000
v 0.004732 0.006664 -0.002000
v 0.004870 0.006664 -0.002000
v 0.004504 0.008344 -0.002000
v 0.005006 0.006646 -0.002000
v 0.004866 0.008590 -0.002000
v 0.005139 0.006609 -0.002000
v 0.005238 0.008821 -0.002000
v 0.005265 0.006554 -0.002000
v 0.005383 0.006482 -0.002000
v 0.005620 0.009036 -0.002000
v 0.005490 0.006395 -0.002000
v 0.006010 0.009235 -0.002000
v 0.005584 0.006294 -0.002000
v 0.006409 0.009417 -0.002000
v 0.009278 0.007780 -0.002000
v 0.009260 0.007926 -0.002000
v 0.006815 0.009581 -0.002000
v 0.009260 0.008074 -0.002000
v 0.007228 0.009728 -0.002000
v 0.009278 0.008220 -0.002000
v 0.007646 0.009857 -0.002000
v 0.009314 0.008364 -0.002000
v 0.008070 0.009968 -0.002000
v 0.009367 0.008502 -0.002000
v 0.008498 0.010061 -0.002000
v 0.009437 0.008632 -0.002000
v 0.009523 0.008752 -0.002000
v 0.008930 0.010136 -0.002000
v 0.009622 0.008861 -0.002000
v 0.009734 0.008958 -0.002000
v 0.009364 0.010192 -0.002000
v 0.009857 0.009039 -0.002000
v 0.009801 0.010229 -0.002000
v 0.009990 0.009105 -0.002000
v 0.010129 0.009154 -0.002000
v 0.010238 0.010248 -0.002000
v 0.010273 0.009186 -0.002000
v 0.010421 0.009199 -0.002000
v 0.010677 0.010248 -0.002000
v 0.010568 0.009195 -0.002000
v 0.010714 0.009172 -0.002000
v 0.011114 0.010229 -0.002000
v 0.010856 0.009132 -0.002000
v 0.010992 0.009074 -0.002000
v 0.011551 0.010192 -0.002000
v 0.011120 0.009000 -0.002000
v 0.011238 0.008911 -0.002000
v 0.011985 0.010136 -0.002000
v 0.011344 0.008808 -0.002000
v 0.011437 0.008693 -0.002000
v 0.012417 0.010061 -0.002000
v 0.011515 0.008568 -0.002000
v 0.012845 0.009968 -0.002000
v 0.011576 0.008433 -0.002000
v 0.013269 0.009857 -0.002000
v 0.011621 0.008293 -0.002000
v 0.011648 0.008147 -0.002000
v 0.013687 0.009728 -0.002000
v 0.011657 0.008000 -0.002000
v 0.014100 0.009581 -0.002000
v 0.011648 0.007853 -0.002000
v 0.014506 0.009417 -0.002000
v 0.015331 0.006294 -0.002000
v 0.014905 0.009235 -0.002000
v 0.015425 0.006395 -0.002000
v 0.015295 0.009036 -0.002000
v 0.015532 0.006482 -0.002000
v 0.015677 0.008821 -0.002000
v 0.015650 0.006554 -0.002000
v 0.015776 0.006609 -0.002000
v 0.016049 0.008590 -0.002000
v 0.015909 0.006646 -0.002000
v 0.016411 0.008344 -0.002000
v 0.016045 0.006665 -0.002000
v 0.016762 0.008082 -0.002000
v 0.016183 0.006665 -0.002000
v 0.016320 0.006646 -0.002000
v 0.017102 0.007805 -0.002000
v 0.016453 0.006609 -0.002000
v 0.016579 0.006554 -0.002000
v 0.017429 0.007514 -0.002000
v 0.016697 0.006482 -0.002000
v 0.016804 0.006395 -0.002000
v 0.017744 0.007209 -0.002000
v 0.016898 0.006294 -0.002000
v 0.018045 0.006891 -0.002000
v 0.016977 0.006182 -0.002000
v 0.017041 0.006059 -0.002000
v 0.018333 0.006561 -0.002000
v 0.017087 0.005929 -0.002000
v 0.017115 0.005794 -0.002000
v 0.018606 0.006218 -0.002000
v 0.017124 0.005657 -0.002000
v 0.017115 0.005519 -0.002000
v 0.018864 0.005864 -0.002000
v 0.017087 0.005384 -0.002000
v 0.019107 0.005500 -0.002000
v 0.017041 0.005254 -0.002000
v 0.019334 0.005125 -0.002000
v 0.016977 0.005132 -0.002000
v 0.019545 0.004741 -0.002000
v 0.016898 0.005019 -0.002000
v 0.016804 0.004919 -0.002000
v 0.019739 0.004348 -0.002000
v 0.019917 0.003948 -0.002000
v 0.020077 0.003540 -0.002000
v 0.018421 0.001199 -0.002000
v 0.018273 0.001186 -0.002000
v 0.016697 0.004832 -0.002000
v 0.018129 0.001154 -0.002000
v 0.016579 0.004760 -0.002000
v 0.017990 0.001105 -0.002000
v 0.016453 0.004705 -0.002000
v 0.017857 0.001039 -0.002000
v 0.016320 0.004668 -0.002000
v 0.017734 0.000958 -0.002000
v 0.016183 0.004649 -0.002000
v 0.017622 0.000861 -0.002000
v 0.016045 0.004649 -0.002000
v 0.017523 0.000752 -0.002000
v 0.015909 0.004668 -0.002000
v 0.017437 0.000632 -0.002000
v 0.015776 0.004705 -0.002000
v 0.017367 0.000502 -0.002000
v 0.015650 0.004760 -0.002000
v 0.017314 0.000364 -0.002000
v 0.015532 0.004832 -0.002000
v 0.017278 0.000221 -0.002000
v 0.015425 0.004919 -0.002000
v 0.017260 0.000074 -0.002000
v 0.010568 0.006805 -0.002000
v 0.017260 -0.000074 -0.002000
v 0.015331 -0.005019 -0.002000
v 0.015425 -0.004919 -0.002000
v 0.017278 -0.000220 -0.002000
v 0.015532 -0.004832 -0.002000
v 0.017314 -0.000364 -0.002000
v 0.015650 -0.004760 -0.002000
v 0.017367 -0.000502 -0.002000
v 0.015776 -0.004705 -0.002000
v 0.017437 -0.000632 -0.002000
v 0.015909 -0.004668 -0.002000
v 0.017523 -0.000752 -0.002000
v 0.016045 -0.004649 -0.002000
v 0.017622 -0.000861 -0.002000
v 0.016183 -0.004649 -0.002000
v 0.017734 -0.000958 -0.002000
v 0.016320 -0.004668 -0.002000
v 0.017857 -0.001039 -0.002000
v 0.016453 -0.004705 -0.002000
v 0.017990 -0.001105 -0.002000
v 0.016579 -0.004760 -0.002000
v 0.018129 -0.001154 -0.002000
v 0.016697 -0.004832 -0.002000
v 0.018273 -0.001186 -0.002000
v 0.019830 -0.004149 -0.002000
v 0.019999 -0.003745 -0.002000
v 0.018421 -0.001199 -0.002000
v 0.020150 -0.003334 -0.002000
v 0.018568 -0.001195 -0.002000
v 0.020284 -0.002916 -0.002000
v 0.018714 -0.001172 -0.002000
v 0.018856 -0.001132 -0.002000
v 0.018568 0.001195 -0.002000
v 0.020219 0.003126 -0.002000
v 0.018714 0.001172 -0.002000
v 0.020344 0.002706 -0.002000
v 0.018856 0.001132 -0.002000
v 0.020451 0.002281 -0.002000
v 0.018992 0.001074 -0.002000
v 0.019120 0.001000 -0.002000
v 0.020539 0.001852 -0.002000
v 0.019238 0.000911 -0.002000
v 0.020609 0.001419 -0.002000
v 0.019344 0.000808 -0.002000
v 0.019437 0.000693 -0.002000
v 0.020660 0.000984 -0.002000
v 0.019515 0.000568 -0.002000
v 0.019576 0.000433 -0.002000
v 0.020693 0.000547 -0.002000
v 0.019621 0.000293 -0.002000
v 0.019648 0.000147 -0.002000
v 0.020707 0.000110 -0.002000
v 0.019658 0.000000 -0.002000
v 0.020702 -0.000329 -0.002000
v 0.019648 -0.000147 -0.002000
v 0.019621 -0.000293 -0.002000
v 0.020679 -0.000766 -0.002000
v 0.019576 -0.000433 -0.002000
v 0.019515 -0.000568 -0.002000
v 0.020637 -0.001202 -0.002000
v 0.019437 -0.000693 -0.002000
v 0.019344 -0.000808 -0.002000
v 0.020576 -0.001636 -0.002000
v 0.019238 -0.000911 -0.002000
v 0.019120 -0.001000 -0.002000
v 0.020497 -0.002067 -0.002000
v 0.018992 -0.001074 -0.002000
v 0.020399 -0.002494 -0.002000
v 0.016804 -0.004919 -0.002000
v 0.019644 -0.004546 -0.002000
v 0.016898 -0.005019 -0.002000
v 0.019442 -0.004934 -0.002000
v 0.016977 -0.005132 -0.002000
v 0.019223 -0.005314 -0.002000
v 0.017041 -0.005254 -0.002000
v 0.018988 -0.005683 -0.002000
v 0.017087 -0.005384 -0.002000
v 0.017115 -0.005519 -0.002000
v 0.018737 -0.006043 -0.002000
v 0.017124 -0.005657 -0.002000
v 0.018471 -0.006391 -0.002000
v 0.017115 -0.005794 -0.002000
v 0.017087 -0.005929 -0.002000
v 0.018191 -0.006727 -0.002000
v 0.017041 -0.006059 -0.002000
v 0.016977 -0.006182 -0.002000
v 0.017896 -0.007052 -0.002000
v 0.016898 -0.006294 -0.002000
v 0.016804 -0.006395 -0.002000
v 0.017588 -0.007363 -0.002000
v 0.016697 -0.006482 -0.002000
v 0.017267 -0.007661 -0.002000
v 0.016579 -0.006554 -0.002000
v 0.016453 -0.006609 -0.002000
v 0.016934 -0.007945 -0.002000
v 0.016320 -0.006646 -0.002000
v 0.016183 -0.006664 -0.002000
v 0.016588 -0.008214 -0.002000
v 0.016045 -0.006664 -0.002000
v 0.016232 -0.008469 -0.002000
v 0.015909 -0.006646 -0.002000
v 0.015776 -0.006609 -0.002000
v 0.015864 -0.008708 -0.002000
v 0.015650 -0.006554 -0.002000
v 0.015487 -0.008931 -0.002000
v 0.015532 -0.006482 -0.002000
v 0.015101 -0.009138 -0.002000
v 0.015425 -0.006395 -0.002000
v 0.014706 -0.009328 -0.002000
v 0.015331 -0.006294 -0.002000
v 0.014304 -0.009501 -0.002000
v 0.011648 -0.007853 -0.002000
v 0.011658 -0.008000 -0.002000
v 0.013895 -0.009657 -0.002000
v 0.011648 -0.008147 -0.002000
v 0.013479 -0.009795 -0.002000
v 0.011621 -0.008293 -0.002000
v 0.013057 -0.009915 -0.002000
v 0.011576 -0.008433 -0.002000
v 0.012631 -0.010017 -0.002000
v 0.011515 -0.008568 -0.002000
v 0.011437 -0.008693 -0.002000
v 0.012201 -0.010101 -0.002000
v 0.011344 -0.008808 -0.002000
v 0.011768 -0.010166 -0.002000
v 0.011238 -0.008911 -0.002000
v 0.011120 -0.009000 -0.002000
v 0.011333 -0.010213 -0.002000
v 0.010992 -0.009074 -0.002000
v 0.010856 -0.009132 -0.002000
v 0.010895 -0.010241 -0.002000
v 0.010714 -0.009172 -0.002000
v 0.015251 -0.006182 -0.002000
v 0.011621 -0.007707 -0.002000
v 0.011576 -0.007567 -0.002000
v 0.015188 -0.006059 -0.002000
v 0.011515 -0.007432 -0.002000
v 0.015142 -0.005929 -0.002000
v 0.011437 -0.007307 -0.002000
v 0.015114 -0.005794 -0.002000
v 0.011344 -0.007192 -0.002000
v 0.015104 -0.005657 -0.002000
v 0.011238 -0.007089 -0.002000
v 0.015114 -0.005519 -0.002000
v 0.011120 -0.007000 -0.002000
v 0.015142 -0.005384 -0.002000
v 0.010992 -0.006926 -0.002000
v 0.015188 -0.005254 -0.002000
v 0.010856 -0.006868 -0.002000
v 0.015251 -0.005132 -0.002000
v 0.010714 -0.006828 -0.002000
v 0.010568 -0.006805 -0.002000
v 0.010421 0.006801 -0.002000
v 0.010421 -0.006801 -0.002000
v 0.005490 0.004919 -0.002000
v 0.005490 -0.004919 -0.002000
v 0.005383 0.004832 -0.002000
v 0.005383 -0.004832 -0.002000
v 0.005265 0.004760 -0.002000
v 0.005265 -0.004760 -0.002000
v 0.005139 0.004705 -0.002000
v 0.005139 -0.004705 -0.002000
v 0.005006 0.004668 -0.002000
v 0.005006 -0.004668 -0.002000
v 0.004870 0.004649 -0.002000
v 0.004870 -0.004649 -0.002000
v 0.004732 0.004649 -0.002000
v 0.004732 -0.004649 -0.002000
v 0.004595 0.004668 -0.002000
v 0.004595 -0.004668 -0.002000
v 0.004462 0.004705 -0.002000
v 0.004462 -0.004705 -0.002000
v 0.004336 0.004760 -0.002000
v 0.004336 -0.004760 -0.002000
v 0.004218 0.004832 -0.002000
v 0.004218 -0.004832 -0.002000
v 0.004111 0.004919 -0.002000
v 0.004111 -0.004919 -0.002000
v 0.004017 0.005019 -0.002000
v 0.004017 -0.005019 -0.002000
v 0.003938 0.005132 -0.002000
v 0.003938 -0.005132 -0.002000
v 0.003874 0.005254 -0.002000
v 0.003874 -0.005254 -0.002000
v 0.003828 0.005384 -0.002000
v 0.003828 -0.005384 -0.002000
v 0.003800 0.005519 -0.002000
v 0.003800 -0.005519 -0.002000
v 0.003658 -0.000000 -0.002000
v 0.003648 -0.000147 -0.002000
v 0.003621 -0.000293 -0.002000
v 0.003576 -0.000433 -0.002000
v 0.003515 -0.000568 -0.002000
v 0.003437 -0.000693 -0.002000
v 0.003344 -0.000808 -0.002000
v 0.003238 -0.000911 -0.002000
v 0.003120 -0.001000 -0.002000
v 0.002992 -0.001074 -0.002000
v 0.002856 -0.001132 -0.002000
v 0.005584 -0.005019 -0.002000
v 0.010273 -0.006814 -0.002000
v 0.010129 -0.006846 -0.002000
v 0.005664 -0.005132 -0.002000
v 0.009990 -0.006895 -0.002000
v 0.009858 -0.006961 -0.002000
v 0.005727 -0.005254 -0.002000
v 0.009734 -0.007042 -0.002000
v 0.009622 -0.007139 -0.002000
v 0.009523 -0.007248 -0.002000
v 0.009437 -0.007368 -0.002000
v 0.009367 -0.007498 -0.002000
v 0.009314 -0.007636 -0.002000
v 0.005727 -0.006059 -0.002000
v 0.005773 -0.005929 -0.002000
v 0.005801 -0.005794 -0.002000
v 0.003648 0.000147 -0.002000
v 0.003621 0.000293 -0.002000
v 0.003576 0.000433 -0.002000
v 0.003515 0.000568 -0.002000
v 0.003437 0.000693 -0.002000
v 0.003344 0.000808 -0.002000
v 0.003238 0.000911 -0.002000
v 0.003120 0.001000 -0.002000
v 0.002992 0.001074 -0.002000
v 0.002856 0.001132 -0.002000
v 0.002421 0.001199 -0.002000
v 0.002273 0.001186 -0.002000
v 0.002129 0.001154 -0.002000
v 0.001990 0.001105 -0.002000
v 0.001857 0.001039 -0.002000
v 0.001734 0.000958 -0.002000
v 0.001622 0.000861 -0.002000
v 0.001523 0.000752 -0.002000
v 0.001437 0.000632 -0.002000
v 0.001367 0.000502 -0.002000
v 0.001314 0.000364 -0.002000
v 0.001278 0.000220 -0.002000
v 0.001260 0.000074 -0.002000
v 0.005664 0.006182 -0.002000
v 0.009314 0.007636 -0.002000
v 0.005727 0.006059 -0.002000
v 0.009367 0.007498 -0.002000
v 0.005773 0.005929 -0.002000
v 0.009437 0.007368 -0.002000
v 0.005801 0.005794 -0.002000
v 0.009523 0.007248 -0.002000
v 0.005811 0.005657 -0.002000
v 0.009622 0.007139 -0.002000
v 0.005801 0.005519 -0.002000
v 0.009734 0.007042 -0.002000
v 0.005773 0.005384 -0.002000
v 0.009857 0.006961 -0.002000
v 0.005727 0.005254 -0.002000
v 0.009990 0.006895 -0.002000
v 0.005664 0.005132 -0.002000
v 0.010129 0.006846 -0.002000
v 0.005584 0.005019 -0.002000
v 0.010273 0.006814 -0.002000
v 0.015331 0.005019 -0.002000
v 0.010714 0.006828 -0.002000
v 0.015251 0.005132 -0.002000
v 0.010856 0.006868 -0.002000
v 0.015188 0.005254 -0.002000
v 0.010992 0.006926 -0.002000
v 0.015142 0.005384 -0.002000
v 0.011120 0.007000 -0.002000
v 0.015114 0.005519 -0.002000
v 0.011238 0.007089 -0.002000
v 0.015104 0.005657 -0.002000
v 0.011344 0.007192 -0.002000
v 0.015114 0.005794 -0.002000
v 0.011437 0.007307 -0.002000
v 0.015142 0.005929 -0.002000
v 0.011515 0.007432 -0.002000
v 0.015188 0.006059 -0.002000
v 0.011576 0.007567 -0.002000
v 0.015251 0.006182 -0.002000
v 0.011621 0.007707 -0.002000
v 0.005811 -0.005657 -0.002000
v 0.005801 -0.005519 -0.002000
v 0.005773 -0.005384 -0.002000
v 0.019455 -0.000068 -0.001800
v 0.019455 0.000068 -0.001800
v 0.019437 0.000203 -0.001800
v 0.019400 0.000335 -0.001800
v 0.019345 0.000460 -0.001800
v 0.019274 0.000577 -0.001800
v 0.019188 0.000683 -0.001800
v 0.019089 0.000776 -0.001800
v 0.018977 0.000854 -0.001800
v 0.018856 0.000917 -0.001800
v 0.018727 0.000963 -0.001800
v 0.018594 0.000991 -0.001800
v 0.018458 0.001000 -0.001800
v 0.018321 0.000991 -0.001800
v 0.018188 0.000963 -0.001800
v 0.018059 0.000917 -0.001800
v 0.017938 0.000854 -0.001800
v 0.017826 0.000776 -0.001800
v 0.017727 0.000683 -0.001800
v 0.017641 0.000577 -0.001800
v 0.017570 0.000460 -0.001800
v 0.017515 0.000335 -0.001800
v 0.017478 0.000203 -0.001800
v 0.017460 0.000068 -0.001800
v 0.017460 -0.000068 -0.001800
v 0.017478 -0.000203 -0.001800
v 0.017515 -0.000335 -0.001800
v 0.017570 -0.000460 -0.001800
v 0.017641 -0.000577 -0.001800
v 0.017727 -0.000683 -0.001800
v 0.017826 -0.000776 -0.001800
v 0.017938 -0.000854 -0.001800
v 0.018059 -0.000917 -0.001800
v 0.018188 -0.000963 -0.001800
v 0.018321 -0.000991 -0.001800
v 0.018458 -0.001000 -0.001800
v 0.018594 -0.000991 -0.001800
v 0.018727 -0.000963 -0.001800
v 0.018856 -0.000917 -0.001800
v 0.018977 -0.000854 -0.001800
v 0.019089 -0.000776 -0.001800
v 0.019188 -0.000683 -0.001800
v 0.019274 -0.000577 -0.001800
v 0.019345 -0.000460 -0.001800
v 0.019400 -0.000335 -0.001800
v 0.019437 -0.000203 -0.001800
v 0.018321 -0.000991 -0.000150
v 0.018458 -0.001000 -0.000150
v 0.018594 -0.000991 -0.000150
v 0.018727 -0.000963 -0.000150
v 0.018856 -0.000917 -0.000150
v 0.018977 -0.000854 -0.000150
v 0.019089 -0.000776 -0.000150
v 0.019188 -0.000683 -0.000150
v 0.019274 -0.000577 -0.000150
v 0.019345 -0.000460 -0.000150
v 0.019400 -0.000335 -0.000150
v 0.019437 -0.000203 -0.000150
v 0.019455 -0.000068 -0.000150
v 0.019455 0.000068 -0.000150
v 0.019437 0.000203 -0.000150
v 0.019400 0.000335 -0.000150
v 0.019345 0.000460 -0.000150
v 0.019274 0.000577 -0.000150
v 0.019188 0.000683 -0.000150
v 0.019089 0.000776 -0.000150
v 0.018977 0.000854 -0.000150
v 0.018856 0.000917 -0.000150
v 0.018727 0.000963 -0.000150
v 0.018594 0.000991 -0.000150
v 0.018458 0.001000 -0.000150
v 0.018321 0.000991 -0.000150
v 0.018188 0.000963 -0.000150
v 0.018059 0.000917 -0.000150
v 0.017938 0.000854 -0.000150
v 0.017826 0.000776 -0.000150
v 0.017727 0.000683 -0.000150
v 0.017641 0.000577 -0.000150
v 0.017570 0.000460 -0.000150
v 0.017515 0.000335 -0.000150
v 0.017478 0.000203 -0.000150
v 0.017460 0.000068 -0.000150
v 0.017460 -0.000068 -0.000150
v 0.017478 -0.000203 -0.000150
v 0.017515 -0.000335 -0.000150
v 0.017570 -0.000460 -0.000150
v 0.017641 -0.000577 -0.000150
v 0.017727 -0.000683 -0.000150
v 0.017826 -0.000776 -0.000150
v 0.017938 -0.000854 -0.000150
v 0.018059 -0.000917 -0.000150
v 0.018188 -0.000963 -0.000150
v 0.011458 -0.008000 -0.001800
v 0.011448 -0.008136 -0.001800
v 0.011420 -0.008270 -0.001800
v 0.011375 -0.008398 -0.001800
v 0.011312 -0.008520 -0.001800
v 0.011233 -0.008631 -0.001800
v 0.011140 -0.008731 -0.001800
v 0.011034 -0.008817 -0.001800
v 0.010918 -0.008888 -0.001800
v 0.010792 -0.008942 -0.001800
v 0.010661 -0.008979 -0.001800
v 0.010526 -0.008998 -0.001800
v 0.010389 -0.008998 -0.001800
v 0.010254 -0.008979 -0.001800
v 0.010123 -0.008942 -0.001800
v 0.009997 -0.008888 -0.001800
v 0.009881 -0.008817 -0.001800
v 0.009775 -0.008731 -0.001800
v 0.009682 -0.008631 -0.001800
v 0.009603 -0.008520 -0.001800
v 0.009540 -0.008398 -0.001800
v 0.009495 -0.008270 -0.001800
v 0.009467 -0.008136 -0.001800
v 0.009458 -0.008000 -0.001800
v 0.009467 -0.007864 -0.001800
v 0.009495 -0.007730 -0.001800
v 0.009540 -0.007602 -0.001800
v 0.009603 -0.007480 -0.001800
v 0.009682 -0.007369 -0.001800
v 0.009775 -0.007269 -0.001800
v 0.009881 -0.007183 -0.001800
v 0.009997 -0.007112 -0.001800
v 0.010123 -0.007058 -0.001800
v 0.010254 -0.007021 -0.001800
v 0.010389 -0.007002 -0.001800
v 0.010526 -0.007002 -0.001800
v 0.010661 -0.007021 -0.001800
v 0.010792 -0.007058 -0.001800
v 0.010918 -0.007112 -0.001800
v 0.011034 -0.007183 -0.001800
v 0.011140 -0.007269 -0.001800
v 0.011233 -0.007369 -0.001800
v 0.011312 -0.007480 -0.001800
v 0.011375 -0.007602 -0.001800
v 0.011420 -0.007730 -0.001800
v 0.011448 -0.007864 -0.001800
v 0.009467 -0.007864 -0.000150
v 0.009458 -0.008000 -0.000150
v 0.009467 -0.008136 -0.000150
v 0.009495 -0.008270 -0.000150
v 0.009540 -0.008398 -0.000150
v 0.009603 -0.008520 -0.000150
v 0.009682 -0.008631 -0.000150
v 0.009775 -0.008731 -0.000150
v 0.009881 -0.008817 -0.000150
v 0.009997 -0.008888 -0.000150
v 0.010123 -0.008942 -0.000150
v 0.010254 -0.008979 -0.000150
v 0.010389 -0.008998 -0.000150
v 0.010526 -0.008998 -0.000150
v 0.010661 -0.008979 -0.000150
v 0.010792 -0.008942 -0.000150
v 0.010918 -0.008888 -0.000150
v 0.011034 -0.008817 -0.000150
v 0.011140 -0.008731 -0.000150
v 0.011233 -0.008631 -0.000150
v 0.011312 -0.008520 -0.000150
v 0.011375 -0.008398 -0.000150
v 0.011420 -0.008270 -0.000150
v 0.011448 -0.008136 -0.000150
v 0.011458 -0.008000 -0.000150
v 0.011448 -0.007864 -0.000150
v 0.011420 -0.007730 -0.000150
v 0.011375 -0.007602 -0.000150
v 0.011312 -0.007480 -0.000150
v 0.011233 -0.007369 -0.000150
v 0.011140 -0.007269 -0.000150
v 0.011034 -0.007183 -0.000150
v 0.010918 -0.007112 -0.000150
v 0.010792 -0.007058 -0.000150
v 0.010661 -0.007021 -0.000150
v 0.010526 -0.007002 -0.000150
v 0.010389 -0.007002 -0.000150
v 0.010254 -0.007021 -0.000150
v 0.010123 -0.007058 -0.000150
v 0.009997 -0.007112 -0.000150
v 0.009881 -0.007183 -0.000150
v 0.009775 -0.007269 -0.000150
v 0.009682 -0.007369 -0.000150
v 0.009603 -0.007480 -0.000150
v 0.009540 -0.007602 -0.000150
v 0.009495 -0.007730 -0.000150
v 0.003455 -0.000068 -0.001800
v 0.003455 0.000068 -0.001800
v 0.003437 0.000203 -0.001800
v 0.003400 0.000335 -0.001800
v 0.003345 0.000460 -0.001800
v 0.003274 0.000577 -0.001800
v 0.003188 0.000683 -0.001800
v 0.003089 0.000776 -0.001800
v 0.002977 0.000854 -0.001800
v 0.002856 0.000917 -0.001800
v 0.002727 0.000963 -0.001800
v 0.002594 0.000991 -0.001800
v 0.002457 0.001000 -0.001800
v 0.002321 0.000991 -0.001800
v 0.002188 0.000963 -0.001800
v 0.002059 0.000917 -0.001800
v 0.001938 0.000854 -0.001800
v 0.001826 0.000776 -0.001800
v 0.001727 0.000683 -0.001800
v 0.001641 0.000577 -0.001800
v 0.001570 0.000460 -0.001800
v 0.001515 0.000335 -0.001800
v 0.001478 0.000203 -0.001800
v 0.001460 0.000068 -0.001800
v 0.001460 -0.000068 -0.001800
v 0.001478 -0.000203 -0.001800
v 0.001515 -0.000335 -0.001800
v 0.001570 -0.000460 -0.001800
v 0.001641 -0.000577 -0.001800
v 0.001727 -0.000683 -0.001800
v 0.001826 -0.000776 -0.001800
v 0.001938 -0.000854 -0.001800
v 0.002059 -0.000917 -0.001800
v 0.002188 -0.000963 -0.001800
v 0.002321 -0.000991 -0.001800
v 0.002458 -0.001000 -0.001800
v 0.002594 -0.000991 -0.001800
v 0.002727 -0.000963 -0.001800
v 0.002856 -0.000917 -0.001800
v 0.002977 -0.000854 -0.001800
v 0.003089 -0.000776 -0.001800
v 0.003188 -0.000683 -0.001800
v 0.003274 -0.000577 -0.001800
v 0.003345 -0.000460 -0.001800
v 0.003400 -0.000335 -0.001800
v 0.003437 -0.000203 -0.001800
v 0.002594 0.000991 -0.000150
v 0.002457 0.001000 -0.000150
v 0.002321 0.000991 -0.000150
v 0.002188 0.000963 -0.000150
v 0.002059 0.000917 -0.000150
v 0.001938 0.000854 -0.000150
v 0.001826 0.000776 -0.000150
v 0.001727 0.000683 -0.000150
v 0.001641 0.000577 -0.000150
v 0.001570 0.000460 -0.000150
v 0.001515 0.000335 -0.000150
v 0.001478 0.000203 -0.000150
v 0.001460 0.000068 -0.000150
v 0.001460 -0.000068 -0.000150
v 0.001478 -0.000203 -0.000150
v 0.001515 -0.000335 -0.000150
v 0.001570 -0.000460 -0.000150
v 0.001641 -0.000577 -0.000150
v 0.001727 -0.000683 -0.000150
v 0.001826 -0.000776 -0.000150
v 0.001938 -0.000854 -0.000150
v 0.002059 -0.000917 -0.000150
v 0.002188 -0.000963 -0.000150
v 0.002321 -0.000991 -0.000150
v 0.002458 -0.001000 -0.000150
v 0.002594 -0.000991 -0.000150
v 0.002727 -0.000963 -0.000150
v 0.002856 -0.000917 -0.000150
v 0.002977 -0.000854 -0.000150
v 0.003089 -0.000776 -0.000150
v 0.003188 -0.000683 -0.000150
v 0.003274 -0.000577 -0.000150
v 0.003345 -0.000460 -0.000150
v 0.003400 -0.000335 -0.000150
v 0.003437 -0.000203 -0.000150
v 0.003455 -0.000068 -0.000150
v 0.003455 0.000068 -0.000150
v 0.003437 0.000203 -0.000150
v 0.003400 0.000335 -0.000150
v 0.003345 0.000460 -0.000150
v 0.003274 0.000577 -0.000150
v 0.003188 0.000683 -0.000150
v 0.003089 0.000776 -0.000150
v 0.002977 0.000854 -0.000150
v 0.002856 0.000917 -0.000150
v 0.002727 0.000963 -0.000150
v 0.011457 0.008000 -0.001800
v 0.011448 0.007864 -0.001800
v 0.011420 0.007730 -0.001800
v 0.011375 0.007602 -0.001800
v 0.011312 0.007480 -0.001800
v 0.011233 0.007369 -0.001800
v 0.011140 0.007269 -0.001800
v 0.011034 0.007183 -0.001800
v 0.010918 0.007112 -0.001800
v 0.010792 0.007058 -0.001800
v 0.010661 0.007021 -0.001800
v 0.010526 0.007002 -0.001800
v 0.010389 0.007002 -0.001800
v 0.010254 0.007021 -0.001800
v 0.010123 0.007058 -0.001800
v 0.009997 0.007112 -0.001800
v 0.009881 0.007183 -0.001800
v 0.009775 0.007269 -0.001800
v 0.009682 0.007369 -0.001800
v 0.009603 0.007480 -0.001800
v 0.009540 0.007602 -0.001800
v 0.009495 0.007730 -0.001800
v 0.009467 0.007864 -0.001800
v 0.009457 0.008000 -0.001800
v 0.009467 0.008136 -0.001800
v 0.009495 0.008270 -0.001800
v 0.009540 0.008398 -0.001800
v 0.009603 0.008520 -0.001800
v 0.009682 0.008631 -0.001800
v 0.009775 0.008731 -0.001800
v 0.009881 0.008817 -0.001800
v 0.009997 0.008888 -0.001800
v 0.010123 0.008942 -0.001800
v 0.010254 0.008979 -0.001800
v 0.010389 0.008998 -0.001800
v 0.010526 0.008998 -0.001800
v 0.010661 0.008979 -0.001800
v 0.010792 0.008942 -0.001800
v 0.010918 0.008888 -0.001800
v 0.011034 0.008817 -0.001800
v 0.011140 0.008731 -0.001800
v 0.011233 0.008631 -0.001800
v 0.011312 0.008520 -0.001800
v 0.011375 0.008398 -0.001800
v 0.011420 0.008270 -0.001800
v 0.011448 0.008136 -0.001800
v 0.011448 0.007864 -0.000150
v 0.011457 0.008000 -0.000150
v 0.011448 0.008136 -0.000150
v 0.011420 0.008270 -0.000150
v 0.011375 0.008398 -0.000150
v 0.011312 0.008520 -0.000150
v 0.011233 0.008631 -0.000150
v 0.011140 0.008731 -0.000150
v 0.011034 0.008817 -0.000150
v 0.010918 0.008888 -0.000150
v 0.010792 0.008942 -0.000150
v 0.010661 0.008979 -0.000150
v 0.010526 0.008998 -0.000150
v 0.010389 0.008998 -0.000150
v 0.010254 0.008979 -0.000150
v 0.010123 0.008942 -0.000150
v 0.009997 0.008888 -0.000150
v 0.009881 0.008817 -0.000150
v 0.009775 0.008731 -0.000150
v 0.009682 0.008631 -0.000150
v 0.009603 0.008520 -0.000150
v 0.009540 0.008398 -0.000150
v 0.009495 0.008270 -0.000150
v 0.009467 0.008136 -0.000150
v 0.009457 0.008000 -0.000150
v 0.009467 0.007864 -0.000150
v 0.009495 0.007730 -0.000150
v 0.009540 0.007602 -0.000150
v 0.009603 0.007480 -0.000150
v 0.009682 0.007369 -0.000150
v 0.009775 0.007269 -0.000150
v 0.009881 0.007183 -0.000150
v 0.009997 0.007112 -0.000150
v 0.010123 0.007058 -0.000150
v 0.010254 0.007021 -0.000150
v 0.010389 0.007002 -0.000150
v 0.010526 0.007002 -0.000150
v 0.010661 0.007021 -0.000150
v 0.010792 0.007058 -0.000150
v 0.010918 0.007112 -0.000150
v 0.011034 0.007183 -0.000150
v 0.011140 0.007269 -0.000150
v 0.011233 0.007369 -0.000150
v 0.011312 0.007480 -0.000150
v 0.011375 0.007602 -0.000150
v 0.011420 0.007730 -0.000150
v 0.016959 -0.005750 -0.001840
v 0.016964 -0.005626 -0.001840
v 0.016950 -0.005502 -0.001840
v 0.016919 -0.005382 -0.001840
v 0.016870 -0.005268 -0.001840
v 0.016806 -0.005162 -0.001840
v 0.016726 -0.005067 -0.001840
v 0.016634 -0.004984 -0.001840
v 0.016530 -0.004916 -0.001840
v 0.016418 -0.004863 -0.001840
v 0.016299 -0.004827 -0.001840
v 0.016176 -0.004809 -0.001840
v 0.016052 -0.004809 -0.001840
v 0.015930 -0.004827 -0.001840
v 0.015811 -0.004863 -0.001840
v 0.015698 -0.004916 -0.001840
v 0.015595 -0.004984 -0.001840
v 0.015502 -0.005067 -0.001840
v 0.015423 -0.005162 -0.001840
v 0.015358 -0.005268 -0.001840
v 0.015310 -0.005382 -0.001840
v 0.015278 -0.005502 -0.001840
v 0.015265 -0.005626 -0.001840
v 0.015269 -0.005750 -0.001840
v 0.015292 -0.005872 -0.001840
v 0.015332 -0.005989 -0.001840
v 0.015389 -0.006100 -0.001840
v 0.015461 -0.006201 -0.001840
v 0.015547 -0.006290 -0.001840
v 0.015645 -0.006366 -0.001840
v 0.015754 -0.006426 -0.001840
v 0.015869 -0.006471 -0.001840
v 0.015991 -0.006498 -0.001840
v 0.016114 -0.006507 -0.001840
v 0.016238 -0.006498 -0.001840
v 0.016359 -0.006471 -0.001840
v 0.016475 -0.006426 -0.001840
v 0.016583 -0.006366 -0.001840
v 0.016682 -0.006290 -0.001840
v 0.016768 -0.006201 -0.001840
v 0.016840 -0.006100 -0.001840
v 0.016897 -0.005989 -0.001840
v 0.016937 -0.005872 -0.001840
v 0.015991 -0.006498 -0.000170
v 0.016114 -0.006507 -0.000170
v 0.016238 -0.006498 -0.000170
v 0.016359 -0.006471 -0.000170
v 0.016475 -0.006426 -0.000170
v 0.016583 -0.006366 -0.000170
v 0.016682 -0.006290 -0.000170
v 0.016768 -0.006201 -0.000170
v 0.016840 -0.006100 -0.000170
v 0.016897 -0.005989 -0.000170
v 0.016937 -0.005872 -0.000170
v 0.016959 -0.005750 -0.000170
v 0.016964 -0.005626 -0.000170
v 0.016950 -0.005502 -0.000170
v 0.016919 -0.005382 -0.000170
v 0.016870 -0.005268 -0.000170
v 0.016806 -0.005162 -0.000170
v 0.016726 -0.005067 -0.000170
v 0.016634 -0.004984 -0.000170
v 0.016530 -0.004916 -0.000170
v 0.016418 -0.004863 -0.000170
v 0.016299 -0.004827 -0.000170
v 0.016176 -0.004809 -0.000170
v 0.016052 -0.004809 -0.000170
v 0.015930 -0.004827 -0.000170
v 0.015811 -0.004863 -0.000170
v 0.015698 -0.004916 -0.000170
v 0.015595 -0.004984 -0.000170
v 0.015502 -0.005067 -0.000170
v 0.015423 -0.005162 -0.000170
v 0.015358 -0.005268 -0.000170
v 0.015310 -0.005382 -0.000170
v 0.015278 -0.005502 -0.000170
v 0.015265 -0.005626 -0.000170
v 0.015269 -0.005750 -0.000170
v 0.015292 -0.005872 -0.000170
v 0.015332 -0.005989 -0.000170
v 0.015389 -0.006100 -0.000170
v 0.015461 -0.006201 -0.000170
v 0.015547 -0.006290 -0.000170
v 0.015645 -0.006366 -0.000170
v 0.015754 -0.006426 -0.000170
v 0.015869 -0.006471 -0.000170
v 0.005648 -0.005719 -0.001840
v 0.005648 -0.005595 -0.001840
v 0.005630 -0.005472 -0.001840
v 0.005595 -0.005353 -0.001840
v 0.005542 -0.005241 -0.001840
v 0.005473 -0.005137 -0.001840
v 0.005391 -0.005045 -0.001840
v 0.005295 -0.004966 -0.001840
v 0.005189 -0.004901 -0.001840
v 0.005075 -0.004852 -0.001840
v 0.004955 -0.004821 -0.001840
v 0.004832 -0.004807 -0.001840
v 0.004708 -0.004812 -0.001840
v 0.004586 -0.004834 -0.001840
v 0.004468 -0.004875 -0.001840
v 0.004358 -0.004931 -0.001840
v 0.004257 -0.005004 -0.001840
v 0.004168 -0.005090 -0.001840
v 0.004092 -0.005188 -0.001840
v 0.004031 -0.005296 -0.001840
v 0.003987 -0.005412 -0.001840
v 0.003960 -0.005533 -0.001840
v 0.003951 -0.005657 -0.001840
v 0.003960 -0.005781 -0.001840
v 0.003987 -0.005902 -0.001840
v 0.004031 -0.006018 -0.001840
v 0.004092 -0.006126 -0.001840
v 0.004168 -0.006224 -0.001840
v 0.004257 -0.006310 -0.001840
v 0.004358 -0.006382 -0.001840
v 0.004468 -0.006439 -0.001840
v 0.004586 -0.006479 -0.001840
v 0.004708 -0.006502 -0.001840
v 0.004832 -0.006506 -0.001840
v 0.004955 -0.006493 -0.001840
v 0.005075 -0.006461 -0.001840
v 0.005189 -0.006413 -0.001840
v 0.005295 -0.006348 -0.001840
v 0.005391 -0.006269 -0.001840
v 0.005473 -0.006176 -0.001840
v 0.005542 -0.006073 -0.001840
v 0.005595 -0.005961 -0.001840
v 0.005630 -0.005842 -0.001840
v 0.003960 -0.005533 -0.000170
v 0.003951 -0.005657 -0.000170
v 0.003960 -0.005781 -0.000170
v 0.003987 -0.005902 -0.000170
v 0.004031 -0.006018 -0.000170
v 0.004092 -0.006126 -0.000170
v 0.004168 -0.006224 -0.000170
v 0.004257 -0.006310 -0.000170
v 0.004358 -0.006382 -0.000170
v 0.004468 -0.006439 -0.000170
v 0.004586 -0.006479 -0.000170
v 0.004708 -0.006502 -0.000170
v 0.004832 -0.006506 -0.000170
v 0.004955 -0.006493 -0.000170
v 0.005075 -0.006461 -0.000170
v 0.005189 -0.006413 -0.000170
v 0.005295 -0.006348 -0.000170
v 0.005391 -0.006269 -0.000170
v 0.005473 -0.006176 -0.000170
v 0.005542 -0.006073 -0.000170
v 0.005595 -0.005961 -0.000170
v 0.005630 -0.005842 -0.000170
v 0.005648 -0.005719 -0.000170
v 0.005648 -0.005595 -0.000170
v 0.005630 -0.005472 -0.000170
v 0.005595 -0.005353 -0.000170
v 0.005542 -0.005241 -0.000170
v 0.005473 -0.005137 -0.000170
v 0.005391 -0.005045 -0.000170
v 0.005295 -0.004966 -0.000170
v 0.005189 -0.004901 -0.000170
v 0.005075 -0.004852 -0.000170
v 0.004955 -0.004821 -0.000170
v 0.004832 -0.004807 -0.000170
v 0.004708 -0.004812 -0.000170
v 0.004586 -0.004834 -0.000170
v 0.004468 -0.004875 -0.000170
v 0.004358 -0.004931 -0.000170
v 0.004257 -0.005004 -0.000170
v 0.004168 -0.005090 -0.000170
v 0.004092 -0.005188 -0.000170
v 0.004031 -0.005296 -0.000170
v 0.003987 -0.005412 -0.000170
v 0.005650 0.005626 -0.001840
v 0.005646 0.005750 -0.001840
v 0.005623 0.005872 -0.001840
v 0.005583 0.005989 -0.001840
v 0.005526 0.006100 -0.001840
v 0.005454 0.006201 -0.001840
v 0.005368 0.006290 -0.001840
v 0.005270 0.006366 -0.001840
v 0.005161 0.006426 -0.001840
v 0.005046 0.006471 -0.001840
v 0.004924 0.006498 -0.001840
v 0.004801 0.006507 -0.001840
v 0.004677 0.006498 -0.001840
v 0.004556 0.006471 -0.001840
v 0.004440 0.006426 -0.001840
v 0.004332 0.006366 -0.001840
v 0.004233 0.006290 -0.001840
v 0.004147 0.006201 -0.001840
v 0.004075 0.006100 -0.001840
v 0.004018 0.005989 -0.001840
v 0.003978 0.005872 -0.001840
v 0.003956 0.005750 -0.001840
v 0.003951 0.005626 -0.001840
v 0.003965 0.005502 -0.001840
v 0.003996 0.005382 -0.001840
v 0.004045 0.005268 -0.001840
v 0.004109 0.005162 -0.001840
v 0.004189 0.005067 -0.001840
v 0.004281 0.004984 -0.001840
v 0.004385 0.004916 -0.001840
v 0.004497 0.004863 -0.001840
v 0.004616 0.004827 -0.001840
v 0.004739 0.004809 -0.001840
v 0.004863 0.004809 -0.001840
v 0.004985 0.004827 -0.001840
v 0.005104 0.004863 -0.001840
v 0.005217 0.004916 -0.001840
v 0.005320 0.004984 -0.001840
v 0.005413 0.005067 -0.001840
v 0.005492 0.005162 -0.001840
v 0.005557 0.005268 -0.001840
v 0.005605 0.005382 -0.001840
v 0.005637 0.005502 -0.001840
v 0.004924 0.006498 -0.000170
v 0.004801 0.006507 -0.000170
v 0.004677 0.006498 -0.000170
v 0.004556 0.006471 -0.000170
v 0.004440 0.006426 -0.000170
v 0.004332 0.006366 -0.000170
v 0.004233 0.006290 -0.000170
v 0.004147 0.006201 -0.000170
v 0.004075 0.006100 -0.000170
v 0.004018 0.005989 -0.000170
v 0.003978 0.005872 -0.000170
v 0.003956 0.005750 -0.000170
v 0.003951 0.005626 -0.000170
v 0.003965 0.005502 -0.000170
v 0.003996 0.005382 -0.000170
v 0.004045 0.005268 -0.000170
v 0.004109 0.005162 -0.000170
v 0.004189 0.005067 -0.000170
v 0.004281 0.004984 -0.000170
v 0.004385 0.004916 -0.000170
v 0.004497 0.004863 -0.000170
v 0.004616 0.004827 -0.000170
v 0.004739 0.004809 -0.000170
v 0.004863 0.004809 -0.000170
v 0.004985 0.004827 -0.000170
v 0.005104 0.004863 -0.000170
v 0.005217 0.004916 -0.000170
v 0.005320 0.004984 -0.000170
v 0.005413 0.005067 -0.000170
v 0.005492 0.005162 -0.000170
v 0.005557 0.005268 -0.000170
v 0.005605 0.005382 -0.000170
v 0.005637 0.005502 -0.000170
v 0.005650 0.005626 -0.000170
v 0.005646 0.005750 -0.000170
v 0.005623 0.005872 -0.000170
v 0.005583 0.005989 -0.000170
v 0.005526 0.006100 -0.000170
v 0.005454 0.006201 -0.000170
v 0.005368 0.006290 -0.000170
v 0.005270 0.006366 -0.000170
v 0.005161 0.006426 -0.000170
v 0.005046 0.006471 -0.000170
v 0.016964 0.005657 -0.001840
v 0.016955 0.005533 -0.001840
v 0.016928 0.005412 -0.001840
v 0.016884 0.005296 -0.001840
v 0.016823 0.005188 -0.001840
v 0.016747 0.005090 -0.001840
v 0.016658 0.005004 -0.001840
v 0.016557 0.004931 -0.001840
v 0.016447 0.004875 -0.001840
v 0.016329 0.004834 -0.001840
v 0.016207 0.004812 -0.001840
v 0.016083 0.004807 -0.001840
v 0.015960 0.004821 -0.001840
v 0.015840 0.004852 -0.001840
v 0.015726 0.004901 -0.001840
v 0.015620 0.004966 -0.001840
v 0.015524 0.005045 -0.001840
v 0.015442 0.005137 -0.001840
v 0.015373 0.005241 -0.001840
v 0.015320 0.005353 -0.001840
v 0.015285 0.005472 -0.001840
v 0.015267 0.005595 -0.001840
v 0.015267 0.005719 -0.001840
v 0.015285 0.005842 -0.001840
v 0.015320 0.005961 -0.001840
v 0.015373 0.006073 -0.001840
v 0.015442 0.006176 -0.001840
v 0.015524 0.006269 -0.001840
v 0.015620 0.006348 -0.001840
v 0.015726 0.006413 -0.001840
v 0.015840 0.006461 -0.001840
v 0.015960 0.006493 -0.001840
v 0.016083 0.006506 -0.001840
v 0.016207 0.006502 -0.001840
v 0.016329 0.006479 -0.001840
v 0.016447 0.006439 -0.001840
v 0.016557 0.006382 -0.001840
v 0.016658 0.006310 -0.001840
v 0.016747 0.006224 -0.001840
v 0.016823 0.006126 -0.001840
v 0.016884 0.006018 -0.001840
v 0.016928 0.005902 -0.001840
v 0.016955 0.005781 -0.001840
v 0.016955 0.005533 -0.000170
v 0.016964 0.005657 -0.000170
v 0.016955 0.005781 -0.000170
v 0.016928 0.005902 -0.000170
v 0.016884 0.006018 -0.000170
v 0.016823 0.006126 -0.000170
v 0.016747 0.006224 -0.000170
v 0.016658 0.006310 -0.000170
v 0.016557 0.006382 -0.000170
v 0.016447 0.006439 -0.000170
v 0.016329 0.006479 -0.000170
v 0.016207 0.006502 -0.000170
v 0.016083 0.006506 -0.000170
v 0.015960 0.006493 -0.000170
v 0.015840 0.006461 -0.000170
v 0.015726 0.006413 -0.000170
v 0.015620 0.006348 -0.000170
v 0.015524 0.006269 -0.000170
v 0.015442 0.006176 -0.000170
v 0.015373 0.006073 -0.000170
v 0.015320 0.005961 -0.000170
v 0.015285 0.005842 -0.000170
v 0.015267 0.005719 -0.000170
v 0.015267 0.005595 -0.000170
v 0.015285 0.005472 -0.000170
v 0.015320 0.005353 -0.000170
v 0.015373 0.005241 -0.000170
v 0.015442 0.005137 -0.000170
v 0.015524 0.005045 -0.000170
v 0.015620 0.004966 -0.000170
v 0.015726 0.004901 -0.000170
v 0.015840 0.004852 -0.000170
v 0.015960 0.004821 -0.000170
v 0.016083 0.004807 -0.000170
v 0.016207 0.004812 -0.000170
v 0.016329 0.004834 -0.000170
v 0.016447 0.004875 -0.000170
v 0.016557 0.004931 -0.000170
v 0.016658 0.005004 -0.000170
v 0.016747 0.005090 -0.000170
v 0.016823 0.005188 -0.000170
v 0.016884 0.005296 -0.000170
v 0.016928 0.005412 -0.000170
v 0.016931 0.005889 0.000000
v 0.016955 0.005781 0.000000
v 0.016888 0.006006 0.000000
v 0.016829 0.006115 0.000000
v 0.016755 0.006214 0.000000
v 0.016667 0.006301 0.000000
v 0.016747 0.006224 0.000000
v 0.016567 0.006375 0.000000
v 0.016458 0.006433 0.000000
v 0.016341 0.006475 0.000000
v 0.016447 0.006439 0.000000
v 0.016220 0.006499 0.000000
v 0.016096 0.006506 0.000000
v 0.015973 0.006494 0.000000
v 0.015852 0.006465 0.000000
v 0.015737 0.006418 0.000000
v 0.015840 0.006461 0.000000
v 0.015631 0.006355 0.000000
v 0.015534 0.006277 0.000000
v 0.015620 0.006348 0.000000
v 0.015450 0.006186 0.000000
v 0.015380 0.006083 0.000000
v 0.015442 0.006176 0.000000
v 0.015326 0.005972 0.000000
v 0.015288 0.005854 0.000000
v 0.015268 0.005731 0.000000
v 0.015285 0.005842 0.000000
v 0.015267 0.005607 0.000000
v 0.015283 0.005485 0.000000
v 0.015317 0.005365 0.000000
v 0.015368 0.005252 0.000000
v 0.015435 0.005148 0.000000
v 0.015373 0.005241 0.000000
v 0.015516 0.005054 0.000000
v 0.015610 0.004974 0.000000
v 0.015524 0.005045 0.000000
v 0.015715 0.004907 0.000000
v 0.015828 0.004857 0.000000
v 0.015948 0.004824 0.000000
v 0.016071 0.004809 0.000000
v 0.015960 0.004821 0.000000
v 0.016195 0.004811 0.000000
v 0.016317 0.004832 0.000000
v 0.016435 0.004870 0.000000
v 0.016546 0.004926 0.000000
v 0.016648 0.004996 0.000000
v 0.016557 0.004931 0.000000
v 0.016738 0.005081 0.000000
v 0.016658 0.005004 0.000000
v 0.016816 0.005178 0.000000
v 0.016878 0.005285 0.000000
v 0.016924 0.005400 0.000000
v 0.016953 0.005521 0.000000
v 0.016963 0.005644 0.000000
v 0.016964 0.005657 0.000000
v 0.004568 0.006474 0.000000
v 0.004677 0.006498 0.000000
v 0.004452 0.006431 0.000000
v 0.004343 0.006372 0.000000
v 0.004440 0.006426 0.000000
v 0.004243 0.006298 0.000000
v 0.004156 0.006210 0.000000
v 0.004082 0.006110 0.000000
v 0.004147 0.006201 0.000000
v 0.004024 0.006001 0.000000
v 0.003982 0.005884 0.000000
v 0.003958 0.005762 0.000000
v 0.003952 0.005638 0.000000
v 0.003956 0.005750 0.000000
v 0.003963 0.005515 0.000000
v 0.003993 0.005395 0.000000
v 0.004040 0.005280 0.000000
v 0.004103 0.005173 0.000000
v 0.004181 0.005077 0.000000
v 0.004272 0.004993 0.000000
v 0.004374 0.004923 0.000000
v 0.004486 0.004868 0.000000
v 0.004604 0.004831 0.000000
v 0.004726 0.004811 0.000000
v 0.004850 0.004809 0.000000
v 0.004973 0.004825 0.000000
v 0.005092 0.004859 0.000000
v 0.005205 0.004910 0.000000
v 0.005310 0.004977 0.000000
v 0.005403 0.005058 0.000000
v 0.005484 0.005153 0.000000
v 0.005550 0.005257 0.000000
v 0.005600 0.005371 0.000000
v 0.005633 0.005490 0.000000
v 0.005649 0.005613 0.000000
v 0.005646 0.005737 0.000000
v 0.005650 0.005626 0.000000
v 0.005625 0.005859 0.000000
v 0.005587 0.005977 0.000000
v 0.005532 0.006088 0.000000
v 0.005461 0.006190 0.000000
v 0.005377 0.006281 0.000000
v 0.005280 0.006358 0.000000
v 0.005172 0.006420 0.000000
v 0.005057 0.006466 0.000000
v 0.004937 0.006495 0.000000
v 0.005046 0.006471 0.000000
v 0.004813 0.006506 0.000000
v 0.003984 -0.005889 0.000000
v 0.003960 -0.005781 0.000000
v 0.004027 -0.006006 0.000000
v 0.004086 -0.006115 0.000000
v 0.004160 -0.006214 0.000000
v 0.004248 -0.006301 0.000000
v 0.004348 -0.006375 0.000000
v 0.004257 -0.006310 0.000000
v 0.004457 -0.006433 0.000000
v 0.004358 -0.006382 0.000000
v 0.004574 -0.006475 0.000000
v 0.004695 -0.006499 0.000000
v 0.004819 -0.006506 0.000000
v 0.004942 -0.006494 0.000000
v 0.005063 -0.006465 0.000000
v 0.004955 -0.006493 0.000000
v 0.005178 -0.006418 0.000000
v 0.005284 -0.006355 0.000000
v 0.005381 -0.006277 0.000000
v 0.005295 -0.006348 0.000000
v 0.005465 -0.006186 0.000000
v 0.005535 -0.006083 0.000000
v 0.005589 -0.005972 0.000000
v 0.005627 -0.005854 0.000000
v 0.005647 -0.005731 0.000000
v 0.005630 -0.005842 0.000000
v 0.005648 -0.005607 0.000000
v 0.005632 -0.005485 0.000000
v 0.005598 -0.005365 0.000000
v 0.005547 -0.005252 0.000000
v 0.005480 -0.005148 0.000000
v 0.005542 -0.005241 0.000000
v 0.005399 -0.005054 0.000000
v 0.005305 -0.004974 0.000000
v 0.005391 -0.005045 0.000000
v 0.005200 -0.004907 0.000000
v 0.005087 -0.004857 0.000000
v 0.004967 -0.004824 0.000000
v 0.004844 -0.004809 0.000000
v 0.004720 -0.004811 0.000000
v 0.004598 -0.004832 0.000000
v 0.004480 -0.004870 0.000000
v 0.004369 -0.004926 0.000000
v 0.004267 -0.004996 0.000000
v 0.004177 -0.005081 0.000000
v 0.004099 -0.005178 0.000000
v 0.004037 -0.005285 0.000000
v 0.003991 -0.005400 0.000000
v 0.003962 -0.005521 0.000000
v 0.003952 -0.005644 0.000000
v 0.003951 -0.005657 0.000000
v 0.016347 -0.006474 0.000000
v 0.016238 -0.006498 0.000000
v 0.016463 -0.006431 0.000000
v 0.016359 -0.006471 0.000000
v 0.016572 -0.006372 0.000000
v 0.016672 -0.006298 0.000000
v 0.016759 -0.006210 0.000000
v 0.016833 -0.006110 0.000000
v 0.016891 -0.006001 0.000000
v 0.016933 -0.005884 0.000000
v 0.016957 -0.005762 0.000000
v 0.016963 -0.005638 0.000000
v 0.016959 -0.005750 0.000000
v 0.016952 -0.005515 0.000000
v 0.016922 -0.005395 0.000000
v 0.016875 -0.005280 0.000000
v 0.016812 -0.005173 0.000000
v 0.016734 -0.005077 0.000000
v 0.016643 -0.004993 0.000000
v 0.016541 -0.004923 0.000000
v 0.016429 -0.004868 0.000000
v 0.016311 -0.004831 0.000000
v 0.016189 -0.004811 0.000000
v 0.016065 -0.004809 0.000000
v 0.015942 -0.004825 0.000000
v 0.015823 -0.004859 0.000000
v 0.015710 -0.004910 0.000000
v 0.015605 -0.004977 0.000000
v 0.015512 -0.005058 0.000000
v 0.015431 -0.005153 0.000000
v 0.015365 -0.005257 0.000000
v 0.015315 -0.005371 0.000000
v 0.015282 -0.005490 0.000000
v 0.015266 -0.005613 0.000000
v 0.015269 -0.005737 0.000000
v 0.015290 -0.005859 0.000000
v 0.015328 -0.005977 0.000000
v 0.015383 -0.006088 0.000000
v 0.015454 -0.006190 0.000000
v 0.015538 -0.006281 0.000000
v 0.015635 -0.006358 0.000000
v 0.015743 -0.006420 0.000000
v 0.015858 -0.006466 0.000000
v 0.015754 -0.006426 0.000000
v 0.015978 -0.006495 0.000000
v 0.016102 -0.006506 0.000000
v 0.011423 0.008258 0.000000
v 0.011448 0.008136 0.000000
v 0.011379 0.008387 0.000000
v 0.011318 0.008509 0.000000
v 0.011240 0.008621 0.000000
v 0.011149 0.008722 0.000000
v 0.011044 0.008809 0.000000
v 0.010928 0.008881 0.000000
v 0.010804 0.008937 0.000000
v 0.010673 0.008976 0.000000
v 0.010538 0.008996 0.000000
v 0.010402 0.008998 0.000000
v 0.010266 0.008981 0.000000
v 0.010135 0.008946 0.000000
v 0.010009 0.008893 0.000000
v 0.009891 0.008823 0.000000
v 0.009785 0.008739 0.000000
v 0.009690 0.008640 0.000000
v 0.009610 0.008530 0.000000
v 0.009546 0.008409 0.000000
v 0.009499 0.008281 0.000000
v 0.009469 0.008148 0.000000
v 0.009458 0.008012 0.000000
v 0.009466 0.007876 0.000000
v 0.009492 0.007742 0.000000
v 0.009536 0.007613 0.000000
v 0.009597 0.007491 0.000000
v 0.009675 0.007379 0.000000
v 0.009766 0.007278 0.000000
v 0.009871 0.007191 0.000000
v 0.009987 0.007119 0.000000
v 0.010111 0.007063 0.000000
v 0.010242 0.007024 0.000000
v 0.010377 0.007004 0.000000
v 0.010254 0.007021 0.000000
v 0.010513 0.007002 0.000000
v 0.010649 0.007019 0.000000
v 0.010780 0.007054 0.000000
v 0.010661 0.007021 0.000000
v 0.010906 0.007107 0.000000
v 0.011024 0.007177 0.000000
v 0.011130 0.007261 0.000000
v 0.011225 0.007360 0.000000
v 0.011305 0.007470 0.000000
v 0.011369 0.007591 0.000000
v 0.011416 0.007719 0.000000
v 0.011446 0.007852 0.000000
v 0.011457 0.007988 0.000000
v 0.002200 0.000965 0.000000
v 0.002321 0.000991 0.000000
v 0.002071 0.000921 0.000000
v 0.001949 0.000860 0.000000
v 0.001837 0.000783 0.000000
v 0.001736 0.000691 0.000000
v 0.001648 0.000586 0.000000
v 0.001576 0.000471 0.000000
v 0.001520 0.000346 0.000000
v 0.001482 0.000215 0.000000
v 0.001462 0.000081 0.000000
v 0.001460 -0.000056 0.000000
v 0.001477 -0.000191 0.000000
v 0.001512 -0.000323 0.000000
v 0.001565 -0.000449 0.000000
v 0.001634 -0.000566 0.000000
v 0.001570 -0.000460 0.000000
v 0.001719 -0.000673 0.000000
v 0.001817 -0.000767 0.000000
v 0.001928 -0.000847 0.000000
v 0.002048 -0.000912 0.000000
v 0.001938 -0.000854 0.000000
v 0.002176 -0.000959 0.000000
v 0.002059 -0.000917 0.000000
v 0.002309 -0.000988 0.000000
v 0.002445 -0.000999 0.000000
v 0.002581 -0.000992 0.000000
v 0.002458 -0.001000 0.000000
v 0.002715 -0.000965 0.000000
v 0.002844 -0.000921 0.000000
v 0.002966 -0.000860 0.000000
v 0.002856 -0.000917 0.000000
v 0.003078 -0.000783 0.000000
v 0.003179 -0.000691 0.000000
v 0.003267 -0.000586 0.000000
v 0.003339 -0.000471 0.000000
v 0.003395 -0.000346 0.000000
v 0.003433 -0.000215 0.000000
v 0.003453 -0.000081 0.000000
v 0.003455 0.000056 0.000000
v 0.003438 0.000191 0.000000
v 0.003403 0.000323 0.000000
v 0.003350 0.000449 0.000000
v 0.003281 0.000566 0.000000
v 0.003345 0.000460 0.000000
v 0.003196 0.000673 0.000000
v 0.003098 0.000767 0.000000
v 0.002987 0.000847 0.000000
v 0.002867 0.000912 0.000000
v 0.002977 0.000854 0.000000
v 0.002739 0.000959 0.000000
v 0.002606 0.000988 0.000000
v 0.002470 0.000999 0.000000
v 0.009492 -0.008258 0.000000
v 0.009467 -0.008136 0.000000
v 0.009536 -0.008387 0.000000
v 0.009597 -0.008509 0.000000
v 0.009675 -0.008621 0.000000
v 0.009766 -0.008722 0.000000
v 0.009871 -0.008809 0.000000
v 0.009987 -0.008881 0.000000
v 0.010111 -0.008937 0.000000
v 0.010242 -0.008976 0.000000
v 0.010377 -0.008996 0.000000
v 0.010254 -0.008979 0.000000
v 0.010513 -0.008998 0.000000
v 0.010649 -0.008981 0.000000
v 0.010780 -0.008946 0.000000
v 0.010661 -0.008979 0.000000
v 0.010906 -0.008893 0.000000
v 0.011024 -0.008823 0.000000
v 0.011130 -0.008739 0.000000
v 0.011225 -0.008640 0.000000
v 0.011305 -0.008530 0.000000
v 0.011369 -0.008409 0.000000
v 0.011416 -0.008281 0.000000
v 0.011446 -0.008148 0.000000
v 0.011457 -0.008012 0.000000
v 0.011449 -0.007876 0.000000
v 0.011423 -0.007742 0.000000
v 0.011379 -0.007613 0.000000
v 0.011318 -0.007491 0.000000
v 0.011240 -0.007379 0.000000
v 0.011149 -0.007278 0.000000
v 0.011044 -0.007191 0.000000
v 0.010928 -0.007119 0.000000
v 0.010804 -0.007063 0.000000
v 0.010673 -0.007024 0.000000
v 0.010538 -0.007004 0.000000
v 0.010402 -0.007002 0.000000
v 0.010266 -0.007019 0.000000
v 0.010135 -0.007054 0.000000
v 0.010009 -0.007107 0.000000
v 0.009891 -0.007177 0.000000
v 0.009785 -0.007261 0.000000
v 0.009690 -0.007360 0.000000
v 0.009610 -0.007470 0.000000
v 0.009546 -0.007591 0.000000
v 0.009499 -0.007719 0.000000
v 0.009469 -0.007852 0.000000
v 0.009458 -0.007988 0.000000
v 0.018715 -0.000965 0.000000
v 0.018594 -0.000991 0.000000
v 0.018844 -0.000921 0.000000
v 0.018966 -0.000860 0.000000
v 0.018856 -0.000917 0.000000
v 0.019078 -0.000783 0.000000
v 0.019179 -0.000691 0.000000
v 0.019267 -0.000586 0.000000
v 0.019339 -0.000471 0.000000
v 0.019395 -0.000346 0.000000
v 0.019433 -0.000215 0.000000
v 0.019453 -0.000081 0.000000
v 0.019455 0.000056 0.000000
v 0.019438 0.000191 0.000000
v 0.019403 0.000323 0.000000
v 0.019350 0.000449 0.000000
v 0.019281 0.000566 0.000000
v 0.019345 0.000460 0.000000
v 0.019196 0.000673 0.000000
v 0.019098 0.000767 0.000000
v 0.018987 0.000847 0.000000
v 0.018867 0.000912 0.000000
v 0.018977 0.000854 0.000000
v 0.018739 0.000959 0.000000
v 0.018606 0.000988 0.000000
v 0.018470 0.000999 0.000000
v 0.018334 0.000992 0.000000
v 0.018200 0.000965 0.000000
v 0.018071 0.000921 0.000000
v 0.017949 0.000860 0.000000
v 0.017837 0.000783 0.000000
v 0.017736 0.000691 0.000000
v 0.017648 0.000586 0.000000
v 0.017576 0.000471 0.000000
v 0.017520 0.000346 0.000000
v 0.017482 0.000215 0.000000
v 0.017462 0.000081 0.000000
v 0.017460 -0.000056 0.000000
v 0.017477 -0.000191 0.000000
v 0.017512 -0.000323 0.000000
v 0.017565 -0.000449 0.000000
v 0.017634 -0.000566 0.000000
v 0.017570 -0.000460 0.000000
v 0.017719 -0.000673 0.000000
v 0.017817 -0.000767 0.000000
v 0.017928 -0.000847 0.000000
v 0.018048 -0.000912 0.000000
v 0.017938 -0.000854 0.000000
v 0.018176 -0.000959 0.000000
v 0.018059 -0.000917 0.000000
v 0.018309 -0.000988 0.000000
v 0.018445 -0.000999 0.000000
v 0.018458 -0.001000 0.000000
v 0.010020 -0.010241 0.000000
v 0.009582 -0.010213 0.000000
v 0.009147 -0.010166 0.000000
v 0.008714 -0.010101 0.000000
v 0.008284 -0.010017 0.000000
v 0.007858 -0.009915 0.000000
v 0.007436 -0.009795 0.000000
v 0.007020 -0.009657 0.000000
v 0.006611 -0.009501 0.000000
v 0.006209 -0.009328 0.000000
v 0.005814 -0.009138 0.000000
v 0.005428 -0.008931 0.000000
v 0.005051 -0.008708 0.000000
v 0.004683 -0.008469 0.000000
v 0.004327 -0.008214 0.000000
v 0.003981 -0.007945 0.000000
v 0.003648 -0.007661 0.000000
v 0.003327 -0.007363 0.000000
v 0.003019 -0.007052 0.000000
v 0.002724 -0.006727 0.000000
v 0.002444 -0.006391 0.000000
v 0.002178 -0.006043 0.000000
v 0.001927 -0.005683 0.000000
v 0.001692 -0.005314 0.000000
v 0.001473 -0.004934 0.000000
v 0.001271 -0.004546 0.000000
v 0.001085 -0.004149 0.000000
v 0.000916 -0.003745 0.000000
v 0.000765 -0.003334 0.000000
v 0.000631 -0.002916 0.000000
v 0.000516 -0.002494 0.000000
v 0.000418 -0.002067 0.000000
v 0.000339 -0.001636 0.000000
v 0.000278 -0.001202 0.000000
v 0.000236 -0.000766 0.000000
v 0.000213 -0.000329 0.000000
v 0.000208 0.000110 0.000000
v 0.000222 0.000547 0.000000
v 0.000255 0.000984 0.000000
v 0.000306 0.001419 0.000000
v 0.000376 0.001852 0.000000
v 0.000464 0.002281 0.000000
v 0.000571 0.002706 0.000000
v 0.000696 0.003126 0.000000
v 0.000838 0.003540 0.000000
v 0.000998 0.003948 0.000000
v 0.001176 0.004348 0.000000
v 0.001370 0.004741 0.000000
v 0.001581 0.005125 0.000000
v 0.001808 0.005500 0.000000
v 0.002051 0.005864 0.000000
v 0.002309 0.006218 0.000000
v 0.002582 0.006561 0.000000
v 0.002870 0.006891 0.000000
v 0.003171 0.007209 0.000000
v 0.003486 0.007514 0.000000
v 0.003813 0.007805 0.000000
v 0.004153 0.008082 0.000000
v 0.004504 0.008344 0.000000
v 0.004866 0.008590 0.000000
v 0.005238 0.008821 0.000000
v 0.005620 0.009036 0.000000
v 0.006010 0.009235 0.000000
v 0.006409 0.009417 0.000000
v 0.006815 0.009581 0.000000
v 0.007228 0.009728 0.000000
v 0.007646 0.009857 0.000000
v 0.008070 0.009968 0.000000
v 0.008498 0.010061 0.000000
v 0.008930 0.010136 0.000000
v 0.009364 0.010192 0.000000
v 0.009801 0.010229 0.000000
v 0.010238 0.010248 0.000000
v 0.010677 0.010248 0.000000
v 0.011114 0.010229 0.000000
v 0.011551 0.010192 0.000000
v 0.011985 0.010136 0.000000
v 0.012417 0.010061 0.000000
v 0.012845 0.009968 0.000000
v 0.013269 0.009857 0.000000
v 0.013687 0.009728 0.000000
v 0.014100 0.009581 0.000000
v 0.014506 0.009417 0.000000
v 0.014905 0.009235 0.000000
v 0.015295 0.009036 0.000000
v 0.015677 0.008821 0.000000
v 0.016049 0.008590 0.000000
v 0.016411 0.008344 0.000000
v 0.016762 0.008082 0.000000
v 0.017102 0.007805 0.000000
v 0.017429 0.007514 0.000000
v 0.017744 0.007209 0.000000
v 0.018045 0.006891 0.000000
v 0.018333 0.006561 0.000000
v 0.018606 0.006218 0.000000
v 0.018864 0.005864 0.000000
v 0.019107 0.005500 0.000000
v 0.019334 0.005125 0.000000
v 0.019545 0.004741 0.000000
v 0.019739 0.004348 0.000000
v 0.019917 0.003948 0.000000
v 0.020077 0.003540 0.000000
v 0.020219 0.003126 0.000000
v 0.020344 0.002706 0.000000
v 0.020451 0.002281 0.000000
v 0.020539 0.001852 0.000000
v 0.020609 0.001419 0.000000
v 0.020660 0.000984 0.000000
v 0.020693 0.000547 0.000000
v 0.020707 0.000110 0.000000
v 0.020702 -0.000329 0.000000
v 0.020679 -0.000766 0.000000
v 0.020637 -0.001202 0.000000
v 0.020576 -0.001636 0.000000
v 0.020497 -0.002067 0.000000
v 0.020399 -0.002494 0.000000
v 0.020284 -0.002916 0.000000
v 0.020150 -0.003334 0.000000
v 0.019999 -0.003745 0.000000
v 0.019830 -0.004149 0.000000
v 0.019644 -0.004546 0.000000
v 0.019442 -0.004934 0.000000
v 0.019223 -0.005314 0.000000
v 0.018988 -0.005683 0.000000
v 0.018737 -0.006043 0.000000
v 0.018471 -0.006391 0.000000
v 0.018191 -0.006727 0.000000
v 0.017896 -0.007052 0.000000
v 0.017588 -0.007363 0.000000
v 0.017267 -0.007661 0.000000
v 0.016934 -0.007945 0.000000
v 0.016588 -0.008214 0.000000
v 0.016232 -0.008469 0.000000
v 0.015864 -0.008708 0.000000
v 0.015487 -0.008931 0.000000
v 0.015101 -0.009138 0.000000
v 0.014706 -0.009328 0.000000
v 0.014304 -0.009501 0.000000
v 0.013895 -0.009657 0.000000
v 0.013479 -0.009795 0.000000
v 0.013057 -0.009915 0.000000
v 0.012631 -0.010017 0.000000
v 0.012201 -0.010101 0.000000
v 0.011768 -0.010166 0.000000
v 0.011333 -0.010213 0.000000
v 0.010895 -0.010241 0.000000
v 0.010458 -0.010250 0.000000
v 0.035457 0.050000 0.000000
v -0.024792 0.050000 0.000000
v 0.035457 -0.050000 0.000000
v -0.024792 -0.050000 0.000000
v 0.017117 0.010843 0.000000
v 0.017144 0.010689 0.000000
v 0.017189 0.010538 0.000000
v 0.017251 0.010394 0.000000
v 0.017330 0.010258 0.000000
v 0.017423 0.010132 0.000000
v 0.017531 0.010018 0.000000
v 0.017651 0.009917 0.000000
v 0.017782 0.009831 0.000000
v 0.017923 0.009760 0.000000
v 0.018070 0.009707 0.000000
v 0.018223 0.009671 0.000000
v 0.018379 0.009652 0.000000
v 0.018536 0.009652 0.000000
v 0.018692 0.009671 0.000000
v 0.018845 0.009707 0.000000
v 0.018992 0.009760 0.000000
v 0.019132 0.009831 0.000000
v 0.019264 0.009917 0.000000
v 0.019384 0.010018 0.000000
v 0.019492 0.010132 0.000000
v 0.019585 0.010258 0.000000
v 0.019664 0.010394 0.000000
v 0.019726 0.010538 0.000000
v 0.019771 0.010689 0.000000
v 0.019798 0.010843 0.000000
v 0.019807 0.011000 0.000000
v 0.019798 0.011157 0.000000
v 0.019771 0.011311 0.000000
v 0.019726 0.011462 0.000000
v 0.019664 0.011606 0.000000
v 0.019585 0.011742 0.000000
v 0.019492 0.011868 0.000000
v 0.019384 0.011982 0.000000
v 0.019264 0.012083 0.000000
v 0.019132 0.012169 0.000000
v 0.018992 0.012240 0.000000
v 0.018845 0.012293 0.000000
v 0.018692 0.012329 0.000000
v 0.018536 0.012348 0.000000
v 0.018379 0.012348 0.000000
v 0.018223 0.012329 0.000000
v 0.018070 0.012293 0.000000
v 0.017923 0.012240 0.000000
v 0.017782 0.012169 0.000000
v 0.017651 0.012083 0.000000
v 0.017531 0.011982 0.000000
v 0.017423 0.011868 0.000000
v 0.017330 0.011742 0.000000
v 0.017251 0.011606 0.000000
v 0.017189 0.011462 0.000000
v 0.017144 0.011311 0.000000
v 0.017117 0.011157 0.000000
v 0.017107 0.011000 0.000000
v -0.022883 -0.011157 0.000000
v -0.022856 -0.011311 0.000000
v -0.022811 -0.011462 0.000000
v -0.022749 -0.011606 0.000000
v -0.022670 -0.011742 0.000000
v -0.022577 -0.011868 0.000000
v -0.022469 -0.011982 0.000000
v -0.022349 -0.012083 0.000000
v -0.022218 -0.012169 0.000000
v -0.022077 -0.012240 0.000000
v -0.021930 -0.012293 0.000000
v -0.021777 -0.012329 0.000000
v -0.021621 -0.012348 0.000000
v -0.021464 -0.012348 0.000000
v -0.021308 -0.012329 0.000000
v -0.021155 -0.012293 0.000000
v -0.021008 -0.012240 0.000000
v -0.020868 -0.012169 0.000000
v -0.020736 -0.012083 0.000000
v -0.020616 -0.011982 0.000000
v -0.020508 -0.011868 0.000000
v -0.020415 -0.011742 0.000000
v -0.020336 -0.011606 0.000000
v -0.020274 -0.011462 0.000000
v -0.020229 -0.011311 0.000000
v -0.020202 -0.011157 0.000000
v -0.020193 -0.011000 0.000000
v -0.020202 -0.010843 0.000000
v -0.020229 -0.010689 0.000000
v -0.020274 -0.010538 0.000000
v -0.020336 -0.010394 0.000000
v -0.020415 -0.010258 0.000000
v -0.020508 -0.010132 0.000000
v -0.020616 -0.010018 0.000000
v -0.020736 -0.009917 0.000000
v -0.020868 -0.009831 0.000000
v -0.021008 -0.009760 0.000000
v -0.021155 -0.009707 0.000000
v -0.021308 -0.009671 0.000000
v -0.021464 -0.009652 0.000000
v -0.021621 -0.009652 0.000000
v -0.021777 -0.009671 0.000000
v -0.021930 -0.009707 0.000000
v -0.022077 -0.009760 0.000000
v -0.022218 -0.009831 0.000000
v -0.022349 -0.009917 0.000000
v -0.022469 -0.010018 0.000000
v -0.022577 -0.010132 0.000000
v -0.022670 -0.010258 0.000000
v -0.022749 -0.010394 0.000000
v -0.022811 -0.010538 0.000000
v -0.022856 -0.010689 0.000000
v -0.022883 -0.010843 0.000000
v -0.022893 -0.011000 0.000000
v 0.017117 -0.011157 0.000000
v 0.017144 -0.011311 0.000000
v 0.017189 -0.011462 0.000000
v 0.017251 -0.011606 0.000000
v 0.017330 -0.011742 0.000000
v 0.017423 -0.011868 0.000000
v 0.017531 -0.011982 0.000000
v 0.017651 -0.012083 0.000000
v 0.017782 -0.012169 0.000000
v 0.017923 -0.012240 0.000000
v 0.018070 -0.012293 0.000000
v 0.018223 -0.012329 0.000000
v 0.018379 -0.012348 0.000000
v 0.018536 -0.012348 0.000000
v 0.018692 -0.012329 0.000000
v 0.018845 -0.012293 0.000000
v 0.018992 -0.012240 0.000000
v 0.019132 -0.012169 0.000000
v 0.019264 -0.012083 0.000000
v 0.019384 -0.011982 0.000000
v 0.019492 -0.011868 0.000000
v 0.019585 -0.011742 0.000000
v 0.019664 -0.011606 0.000000
v 0.019726 -0.011462 0.000000
v 0.019771 -0.011311 0.000000
v 0.019798 -0.011157 0.000000
v 0.019807 -0.011000 0.000000
v 0.019798 -0.010843 0.000000
v 0.019771 -0.010689 0.000000
v 0.019726 -0.010538 0.000000
v 0.019664 -0.010394 0.000000
v 0.019585 -0.010258 0.000000
v 0.019492 -0.010132 0.000000
v 0.019384 -0.010018 0.000000
v 0.019264 -0.009917 0.000000
v 0.019132 -0.009831 0.000000
v 0.018992 -0.009760 0.000000
v 0.018845 -0.009707 0.000000
v 0.018692 -0.009671 0.000000
v 0.018536 -0.009652 0.000000
v 0.018379 -0.009652 0.000000
v 0.018223 -0.009671 0.000000
v 0.018070 -0.009707 0.000000
v 0.017923 -0.009760 0.000000
v 0.017782 -0.009831 0.000000
v 0.017651 -0.009917 0.000000
v 0.017531 -0.010018 0.000000
v 0.017423 -0.010132 0.000000
v 0.017330 -0.010258 0.000000
v 0.017251 -0.010394 0.000000
v 0.017189 -0.010538 0.000000
v 0.017144 -0.010689 0.000000
v 0.017117 -0.010843 0.000000
v 0.017107 -0.011000 0.000000
v 0.001117 0.010843 0.000000
v 0.001144 0.010689 0.000000
v 0.001189 0.010538 0.000000
v 0.001251 0.010394 0.000000
v 0.001330 0.010258 0.000000
v 0.001423 0.010132 0.000000
v 0.001531 0.010018 0.000000
v 0.001651 0.009917 0.000000
v 0.001782 0.009831 0.000000
v 0.001923 0.009760 0.000000
v 0.002070 0.009707 0.000000
v 0.002223 0.009671 0.000000
v 0.002379 0.009652 0.000000
v 0.002536 0.009652 0.000000
v 0.002692 0.009671 0.000000
v 0.002845 0.009707 0.000000
v 0.002992 0.009760 0.000000
v 0.003132 0.009831 0.000000
v 0.003264 0.009917 0.000000
v 0.003384 0.010018 0.000000
v 0.003492 0.010132 0.000000
v 0.003585 0.010258 0.000000
v 0.003664 0.010394 0.000000
v 0.003726 0.010538 0.000000
v 0.003771 0.010689 0.000000
v 0.003798 0.010843 0.000000
v 0.003807 0.011000 0.000000
v 0.003798 0.011157 0.000000
v 0.003771 0.011311 0.000000
v 0.003726 0.011462 0.000000
v 0.003664 0.011606 0.000000
v 0.003585 0.011742 0.000000
v 0.003492 0.011868 0.000000
v 0.003384 0.011982 0.000000
v 0.003264 0.012083 0.000000
v 0.003132 0.012169 0.000000
v 0.002992 0.012240 0.000000
v 0.002845 0.012293 0.000000
v 0.002692 0.012329 0.000000
v 0.002536 0.012348 0.000000
v 0.002379 0.012348 0.000000
v 0.002223 0.012329 0.000000
v 0.002070 0.012293 0.000000
v 0.001923 0.012240 0.000000
v 0.001782 0.012169 0.000000
v 0.001651 0.012083 0.000000
v 0.001531 0.011982 0.000000
v 0.001423 0.011868 0.000000
v 0.001330 0.011742 0.000000
v 0.001251 0.011606 0.000000
v 0.001189 0.011462 0.000000
v 0.001144 0.011311 0.000000
v 0.001117 0.011157 0.000000
v 0.001107 0.011000 0.000000
v -0.022883 0.010843 0.000000
v -0.022856 0.010689 0.000000
v -0.022811 0.010538 0.000000
v -0.022749 0.010394 0.000000
v -0.022670 0.010258 0.000000
v -0.022577 0.010132 0.000000
v -0.022469 0.010018 0.000000
v -0.022349 0.009917 0.000000
v -0.022218 0.009831 0.000000
v -0.022077 0.009760 0.000000
v -0.021930 0.009707 0.000000
v -0.021777 0.009671 0.000000
v -0.021621 0.009652 0.000000
v -0.021464 0.009652 0.000000
v -0.021308 0.009671 0.000000
v -0.021155 0.009707 0.000000
v -0.021008 0.009760 0.000000
v -0.020868 0.009831 0.000000
v -0.020736 0.009917 0.000000
v -0.020616 0.010018 0.000000
v -0.020508 0.010132 0.000000
v -0.020415 0.010258 0.000000
v -0.020336 0.010394 0.000000
v -0.020274 0.010538 0.000000
v -0.020229 0.010689 0.000000
v -0.020202 0.010843 0.000000
v -0.020193 0.011000 0.000000
v -0.020202 0.011157 0.000000
v -0.020229 0.011311 0.000000
v -0.020274 0.011462 0.000000
v -0.020336 0.011606 0.000000
v -0.020415 0.011742 0.000000
v -0.020508 0.011868 0.000000
v -0.020616 0.011982 0.000000
v -0.020736 0.012083 0.000000
v -0.020868 0.012169 0.000000
v -0.021008 0.012240 0.000000
v -0.021155 0.012293 0.000000
v -0.021308 0.012329 0.000000
v -0.021464 0.012348 0.000000
v -0.021621 0.012348 0.000000
v -0.021777 0.012329 0.000000
v -0.021930 0.012293 0.000000
v -0.022077 0.012240 0.000000
v -0.022218 0.012169 0.000000
v -0.022349 0.012083 0.000000
v -0.022469 0.011982 0.000000
v -0.022577 0.011868 0.000000
v -0.022670 0.011742 0.000000
v -0.022749 0.011606 0.000000
v -0.022811 0.011462 0.000000
v -0.022856 0.011311 0.000000
v -0.022883 0.011157 0.000000
v -0.022893 0.011000 0.000000
v 0.001117 -0.011157 0.000000
v 0.001144 -0.011311 0.000000
v 0.001189 -0.011462 0.000000
v 0.001251 -0.011606 0.000000
v 0.001330 -0.011742 0.000000
v 0.001423 -0.011868 0.000000
v 0.001531 -0.011982 0.000000
v 0.001651 -0.012083 0.000000
v 0.001782 -0.012169 0.000000
v 0.001923 -0.012240 0.000000
v 0.002070 -0.012293 0.000000
v 0.002223 -0.012329 0.000000
v 0.002379 -0.012348 0.000000
v 0.002536 -0.012348 0.000000
v 0.002692 -0.012329 0.000000
v 0.002845 -0.012293 0.000000
v 0.002992 -0.012240 0.000000
v 0.003132 -0.012169 0.000000
v 0.003264 -0.012083 0.000000
v 0.003384 -0.011982 0.000000
v 0.003492 -0.011868 0.000000
v 0.003585 -0.011742 0.000000
v 0.003664 -0.011606 0.000000
v 0.003726 -0.011462 0.000000
v 0.003771 -0.011311 0.000000
v 0.003798 -0.011157 0.000000
v 0.003807 -0.011000 0.000000
v 0.003798 -0.010843 0.000000
v 0.003771 -0.010689 0.000000
v 0.003726 -0.010538 0.000000
v 0.003664 -0.010394 0.000000
v 0.003585 -0.010258 0.000000
v 0.003492 -0.010132 0.000000
v 0.003384 -0.010018 0.000000
v 0.003264 -0.009917 0.000000
v 0.003132 -0.009831 0.000000
v 0.002992 -0.009760 0.000000
v 0.002845 -0.009707 0.000000
v 0.002692 -0.009671 0.000000
v 0.002536 -0.009652 0.000000
v 0.002379 -0.009652 0.000000
v 0.002223 -0.009671 0.000000
v 0.002070 -0.009707 0.000000
v 0.001923 -0.009760 0.000000
v 0.001782 -0.009831 0.000000
v 0.001651 -0.009917 0.000000
v 0.001531 -0.010018 0.000000
v 0.001423 -0.010132 0.000000
v 0.001330 -0.010258 0.000000
v 0.001251 -0.010394 0.000000
v 0.001189 -0.010538 0.000000
v 0.001144 -0.010689 0.000000
v 0.001117 -0.010843 0.000000
v 0.001107 -0.011000 0.000000
v 0.021420 -0.000908 0.000000
v 0.021448 -0.000455 0.000000
v 0.021373 -0.001361 0.000000
v 0.021307 -0.001811 0.000000
v 0.021223 -0.002257 0.000000
v 0.021121 -0.002700 0.000000
v 0.021000 -0.003139 0.000000
v 0.020861 -0.003572 0.000000
v 0.020705 -0.003999 0.000000
v 0.020531 -0.004419 0.000000
v 0.020340 -0.004831 0.000000
v 0.020132 -0.005235 0.000000
v 0.019907 -0.005631 0.000000
v 0.019666 -0.006016 0.000000
v 0.019410 -0.006392 0.000000
v 0.019138 -0.006756 0.000000
v 0.018851 -0.007109 0.000000
v 0.018550 -0.007450 0.000000
v 0.018236 -0.007778 0.000000
v 0.017908 -0.008093 0.000000
v 0.017567 -0.008394 0.000000
v 0.017214 -0.008681 0.000000
v 0.016849 -0.008952 0.000000
v 0.016474 -0.009209 0.000000
v 0.016088 -0.009450 0.000000
v 0.015693 -0.009674 0.000000
v 0.015289 -0.009882 0.000000
v 0.014876 -0.010074 0.000000
v 0.014456 -0.010248 0.000000
v 0.014029 -0.010404 0.000000
v 0.013596 -0.010543 0.000000
v 0.013158 -0.010663 0.000000
v 0.012715 -0.010766 0.000000
v 0.012268 -0.010850 0.000000
v 0.011818 -0.010916 0.000000
v 0.011366 -0.010962 0.000000
v 0.010912 -0.010991 0.000000
v 0.010457 -0.011000 0.000000
v 0.010003 -0.010991 0.000000
v 0.009549 -0.010962 0.000000
v 0.009097 -0.010916 0.000000
v 0.008647 -0.010850 0.000000
v 0.008200 -0.010766 0.000000
v 0.007757 -0.010663 0.000000
v 0.007319 -0.010543 0.000000
v 0.006886 -0.010404 0.000000
v 0.006459 -0.010248 0.000000
v 0.006039 -0.010074 0.000000
v 0.005626 -0.009882 0.000000
v 0.005222 -0.009674 0.000000
v 0.004827 -0.009450 0.000000
v 0.004441 -0.009209 0.000000
v 0.004066 -0.008952 0.000000
v 0.003701 -0.008681 0.000000
v 0.003348 -0.008394 0.000000
v 0.003007 -0.008093 0.000000
v 0.002679 -0.007778 0.000000
v 0.002365 -0.007450 0.000000
v 0.002064 -0.007109 0.000000
v 0.001777 -0.006756 0.000000
v 0.001505 -0.006392 0.000000
v 0.001249 -0.006016 0.000000
v 0.001008 -0.005631 0.000000
v 0.000783 -0.005235 0.000000
v 0.000575 -0.004831 0.000000
v 0.000384 -0.004419 0.000000
v 0.000210 -0.003999 0.000000
v 0.000054 -0.003572 0.000000
v -0.000085 -0.003139 0.000000
v -0.000206 -0.002700 0.000000
v -0.000308 -0.002257 0.000000
v -0.000392 -0.001811 0.000000
v -0.000458 -0.001361 0.000000
v -0.000505 -0.000908 0.000000
v -0.000533 -0.000455 0.000000
v -0.000542 0.000000 0.000000
v -0.000533 0.000455 0.000000
v -0.000505 0.000908 0.000000
v -0.000458 0.001361 0.000000
v -0.000392 0.001811 0.000000
v -0.000308 0.002257 0.000000
v -0.000206 0.002700 0.000000
v -0.000085 0.003139 0.000000
v 0.000054 0.003572 0.000000
v 0.000210 0.003999 0.000000
v 0.000384 0.004419 0.000000
v 0.000575 0.004831 0.000000
v 0.000783 0.005235 0.000000
v 0.001008 0.005631 0.000000
v 0.001249 0.006016 0.000000
v 0.001505 0.006392 0.000000
v 0.001777 0.006756 0.000000
v 0.002064 0.007109 0.000000
v 0.002365 0.007450 0.000000
v 0.002679 0.007778 0.000000
v 0.003007 0.008093 0.000000
v 0.003348 0.008394 0.000000
v 0.003701 0.008681 0.000000
v 0.004066 0.008952 0.000000
v 0.004441 0.009209 0.000000
v 0.004827 0.009450 0.000000
v 0.005222 0.009674 0.000000
v 0.005626 0.009882 0.000000
v 0.006039 0.010074 0.000000
v 0.006459 0.010248 0.000000
v 0.006886 0.010404 0.000000
v 0.007319 0.010543 0.000000
v 0.007757 0.010663 0.000000
v 0.008200 0.010766 0.000000
v 0.008647 0.010850 0.000000
v 0.009097 0.010916 0.000000
v 0.009549 0.010962 0.000000
v 0.010003 0.010991 0.000000
v 0.010457 0.011000 0.000000
v 0.010912 0.010991 0.000000
v 0.011366 0.010962 0.000000
v 0.011818 0.010916 0.000000
v 0.012268 0.010850 0.000000
v 0.012715 0.010766 0.000000
v 0.013158 0.010663 0.000000
v 0.013596 0.010543 0.000000
v 0.014029 0.010404 0.000000
v 0.014456 0.010248 0.000000
v 0.014876 0.010074 0.000000
v 0.015289 0.009882 0.000000
v 0.015693 0.009674 0.000000
v 0.016088 0.009450 0.000000
v 0.016474 0.009209 0.000000
v 0.016849 0.008952 0.000000
v 0.017214 0.008681 0.000000
v 0.017567 0.008394 0.000000
v 0.017908 0.008093 0.000000
v 0.018236 0.007778 0.000000
v 0.018550 0.007450 0.000000
v 0.018851 0.007109 0.000000
v 0.019138 0.006756 0.000000
v 0.019410 0.006392 0.000000
v 0.019666 0.006016 0.000000
v 0.019907 0.005631 0.000000
v 0.020132 0.005235 0.000000
v 0.020340 0.004831 0.000000
v 0.020531 0.004419 0.000000
v 0.020705 0.003999 0.000000
v 0.020861 0.003572 0.000000
v 0.021000 0.003139 0.000000
v 0.021121 0.002700 0.000000
v 0.021223 0.002257 0.000000
v 0.021307 0.001811 0.000000
v 0.021373 0.001361 0.000000
v 0.021420 0.000908 0.000000
v 0.021448 0.000455 0.000000
v 0.021458 0.000000 0.000000
v 0.035457 0.007000 0.000000
v 0.035457 -0.007000 0.000000
v 0.023457 -0.007000 0.000000
v 0.023457 0.007000 0.000000
v 0.023467 -0.010644 0.000000
v 0.023495 -0.010785 0.000000
v 0.023541 -0.010921 0.000000
v 0.023605 -0.011050 0.000000
v 0.023685 -0.011170 0.000000
v 0.023780 -0.011278 0.000000
v 0.023888 -0.011373 0.000000
v 0.024007 -0.011453 0.000000
v 0.024137 -0.011516 0.000000
v 0.024273 -0.011563 0.000000
v 0.024414 -0.011591 0.000000
v 0.024557 -0.011600 0.000000
v 0.024701 -0.011591 0.000000
v 0.024842 -0.011563 0.000000
v 0.024978 -0.011516 0.000000
v 0.025107 -0.011453 0.000000
v 0.025227 -0.011373 0.000000
v 0.025335 -0.011278 0.000000
v 0.025430 -0.011170 0.000000
v 0.025510 -0.011050 0.000000
v 0.025574 -0.010921 0.000000
v 0.025620 -0.010785 0.000000
v 0.025648 -0.010644 0.000000
v 0.025657 -0.010500 0.000000
v 0.025648 -0.010356 0.000000
v 0.025620 -0.010215 0.000000
v 0.025574 -0.010079 0.000000
v 0.025510 -0.009950 0.000000
v 0.025430 -0.009830 0.000000
v 0.025335 -0.009722 0.000000
v 0.025227 -0.009627 0.000000
v 0.025107 -0.009547 0.000000
v 0.024978 -0.009484 0.000000
v 0.024842 -0.009437 0.000000
v 0.024701 -0.009409 0.000000
v 0.024557 -0.009400 0.000000
v 0.024414 -0.009409 0.000000
v 0.024273 -0.009437 0.000000
v 0.024137 -0.009484 0.000000
v 0.024007 -0.009547 0.000000
v 0.023888 -0.009627 0.000000
v 0.023780 -0.009722 0.000000
v 0.023685 -0.009830 0.000000
v 0.023605 -0.009950 0.000000
v 0.023541 -0.010079 0.000000
v 0.023495 -0.010215 0.000000
v 0.023467 -0.010356 0.000000
v 0.023457 -0.010500 0.000000
v 0.023467 0.010356 0.000000
v 0.023495 0.010215 0.000000
v 0.023541 0.010079 0.000000
v 0.023605 0.009950 0.000000
v 0.023685 0.009830 0.000000
v 0.023780 0.009722 0.000000
v 0.023888 0.009627 0.000000
v 0.024007 0.009547 0.000000
v 0.024137 0.009484 0.000000
v 0.024273 0.009437 0.000000
v 0.024414 0.009409 0.000000
v 0.024557 0.009400 0.000000
v 0.024701 0.009409 0.000000
v 0.024842 0.009437 0.000000
v 0.024978 0.009484 0.000000
v 0.025107 0.009547 0.000000
v 0.025227 0.009627 0.000000
v 0.025335 0.009722 0.000000
v 0.025430 0.009830 0.000000
v 0.025510 0.009950 0.000000
v 0.025574 0.010079 0.000000
v 0.025620 0.010215 0.000000
v 0.025648 0.010356 0.000000
v 0.025657 0.010500 0.000000
v 0.025648 0.010644 0.000000
v 0.025620 0.010785 0.000000
v 0.025574 0.010921 0.000000
v 0.025510 0.011050 0.000000
v 0.025430 0.011170 0.000000
v 0.025335 0.011278 0.000000
v 0.025227 0.011373 0.000000
v 0.025107 0.011453 0.000000
v 0.024978 0.011516 0.000000
v 0.024842 0.011563 0.000000
v 0.024701 0.011591 0.000000
v 0.024557 0.011600 0.000000
v 0.024414 0.011591 0.000000
v 0.024273 0.011563 0.000000
v 0.024137 0.011516 0.000000
v 0.024007 0.011453 0.000000
v 0.023888 0.011373 0.000000
v 0.023780 0.011278 0.000000
v 0.023685 0.011170 0.000000
v 0.023605 0.011050 0.000000
v 0.023541 0.010921 0.000000
v 0.023495 0.010785 0.000000
v 0.023467 0.010644 0.000000
v 0.023457 0.010500 0.000000
v -0.000581 0.050000 -0.024875
v -0.000692 0.050000 -0.024983
v -0.002206 0.050000 -0.022882
v -0.000814 0.050000 -0.025077
v -0.000946 0.050000 -0.025155
v -0.001087 0.050000 -0.025218
v -0.001234 0.050000 -0.025263
v -0.001386 0.050000 -0.025291
v -0.001540 0.050000 -0.025300
v -0.001693 0.050000 -0.025291
v -0.001845 0.050000 -0.025264
v -0.001993 0.050000 -0.025220
v -0.002134 0.050000 -0.025158
v -0.002266 0.050000 -0.025080
v -0.002389 0.050000 -0.024987
v -0.002500 0.050000 -0.024880
v -0.002597 0.050000 -0.024760
v -0.002680 0.050000 -0.024630
v -0.002746 0.050000 -0.024491
v -0.002796 0.050000 -0.024345
v -0.002828 0.050000 -0.024195
v -0.002842 0.050000 -0.024041
v -0.002838 0.050000 -0.023887
v -0.002815 0.050000 -0.023735
v -0.002775 0.050000 -0.023586
v -0.002717 0.050000 -0.023443
v -0.002643 0.050000 -0.023308
v -0.002554 0.050000 -0.023183
v -0.002334 0.050000 -0.022968
v -0.002450 0.050000 -0.023069
v -0.000485 0.050000 -0.024756
v -0.002069 0.050000 -0.022811
v -0.000403 0.050000 -0.024625
v -0.001925 0.050000 -0.022758
v -0.000337 0.050000 -0.024486
v -0.001775 0.050000 -0.022721
v -0.000288 0.050000 -0.024340
v -0.001622 0.050000 -0.022702
v -0.000256 0.050000 -0.024189
v -0.001468 0.050000 -0.022702
v -0.000243 0.050000 -0.024036
v -0.001315 0.050000 -0.022720
v -0.000248 0.050000 -0.023882
v -0.001166 0.050000 -0.022756
v -0.000271 0.050000 -0.023729
v -0.001021 0.050000 -0.022809
v -0.000312 0.050000 -0.023581
v -0.000884 0.050000 -0.022879
v -0.000370 0.050000 -0.023438
v -0.000756 0.050000 -0.022965
v -0.000445 0.050000 -0.023304
v -0.000639 0.050000 -0.023065
v -0.000535 0.050000 -0.023179
v -0.000442 0.049800 -0.025019
v -0.000561 0.049800 -0.025134
v -0.000692 0.049800 -0.025235
v -0.000337 0.049800 -0.024892
v -0.000246 0.049800 -0.024754
v -0.000171 0.049800 -0.024607
v -0.000112 0.049800 -0.024452
v -0.000071 0.049800 -0.024292
v -0.000048 0.049800 -0.024128
v -0.000043 0.049800 -0.023963
v -0.000056 0.049800 -0.023798
v -0.000087 0.049800 -0.023636
v -0.000136 0.049800 -0.023478
v -0.000202 0.049800 -0.023327
v -0.000284 0.049800 -0.023183
v -0.000382 0.049800 -0.023050
v -0.000493 0.049800 -0.022928
v -0.000618 0.049800 -0.022819
v -0.000753 0.049800 -0.022725
v -0.000898 0.049800 -0.022645
v -0.001051 0.049800 -0.022583
v -0.001210 0.049800 -0.022537
v -0.001373 0.049800 -0.022510
v -0.001538 0.049800 -0.022500
v -0.001703 0.049800 -0.022509
v -0.001866 0.049800 -0.022535
v -0.002025 0.049800 -0.022580
v -0.002179 0.049800 -0.022642
v -0.002324 0.049800 -0.022720
v -0.002460 0.049800 -0.022814
v -0.002585 0.049800 -0.022922
v -0.002697 0.049800 -0.023043
v -0.002796 0.049800 -0.023176
v -0.002879 0.049800 -0.023319
v -0.002946 0.049800 -0.023470
v -0.002995 0.049800 -0.023627
v -0.003028 0.049800 -0.023789
v -0.003042 0.049800 -0.023954
v -0.003038 0.049800 -0.024119
v -0.003016 0.049800 -0.024283
v -0.002975 0.049800 -0.024443
v -0.002918 0.049800 -0.024598
v -0.002844 0.049800 -0.024746
v -0.002754 0.049800 -0.024885
v -0.002649 0.049800 -0.025013
v -0.002531 0.049800 -0.025128
v -0.002401 0.049800 -0.025230
v -0.002260 0.049800 -0.025317
v -0.002111 0.049800 -0.025388
v -0.001955 0.049800 -0.025442
v -0.001794 0.049800 -0.025479
v -0.001630 0.049800 -0.025497
v -0.001464 0.049800 -0.025498
v -0.001300 0.049800 -0.025480
v -0.001139 0.049800 -0.025445
v -0.000982 0.049800 -0.025391
v -0.000833 0.049800 -0.025321
v -0.000561 0.046243 -0.025134
v -0.000440 0.046243 -0.025017
v -0.000333 0.046243 -0.024887
v -0.000241 0.046243 -0.024746
v -0.000166 0.046243 -0.024596
v -0.000108 0.046243 -0.024438
v -0.000068 0.046243 -0.024275
v -0.000046 0.046243 -0.024108
v -0.000044 0.046243 -0.023940
v -0.000060 0.046243 -0.023772
v -0.000095 0.046243 -0.023608
v -0.000148 0.046243 -0.023448
v -0.000218 0.046243 -0.023295
v -0.000306 0.046243 -0.023151
v -0.000408 0.046243 -0.023018
v -0.000525 0.046243 -0.022897
v -0.000655 0.046243 -0.022791
v -0.000796 0.046243 -0.022699
v -0.000947 0.046243 -0.022623
v -0.001104 0.046243 -0.022565
v -0.001268 0.046243 -0.022525
v -0.001435 0.046243 -0.022504
v -0.001603 0.046243 -0.022501
v -0.001770 0.046243 -0.022517
v -0.001935 0.046243 -0.022552
v -0.002095 0.046243 -0.022605
v -0.002247 0.046243 -0.022676
v -0.002391 0.046243 -0.022763
v -0.002524 0.046243 -0.022866
v -0.002645 0.046243 -0.022983
v -0.002752 0.046243 -0.023113
v -0.002844 0.046243 -0.023254
v -0.002919 0.046243 -0.023404
v -0.002977 0.046243 -0.023562
v -0.003017 0.046243 -0.023725
v -0.003039 0.046243 -0.023892
v -0.003041 0.046243 -0.024060
v -0.003025 0.046243 -0.024228
v -0.002990 0.046243 -0.024392
v -0.002937 0.046243 -0.024552
v -0.002867 0.046243 -0.024705
v -0.002779 0.046243 -0.024849
v -0.002677 0.046243 -0.024982
v -0.002560 0.046243 -0.025103
v -0.002430 0.046243 -0.025209
v -0.002289 0.046243 -0.025301
v -0.002138 0.046243 -0.025377
v -0.001981 0.046243 -0.025435
v -0.001817 0.046243 -0.025475
v -0.001650 0.046243 -0.025496
v -0.001482 0.046243 -0.025499
v -0.001315 0.046243 -0.025483
v -0.001150 0.046243 -0.025448
v -0.000990 0.046243 -0.025395
v -0.000838 0.046243 -0.025324
v -0.000694 0.046243 -0.025237
v -0.002643 -0.049800 -0.022981
v -0.002524 -0.049800 -0.022866
v -0.002524 -0.046243 -0.022866
v -0.002393 -0.049800 -0.022765
v -0.002391 -0.046243 -0.022763
v -0.002252 -0.049800 -0.022679
v -0.002247 -0.046243 -0.022676
v -0.002103 -0.049800 -0.022609
v -0.002095 -0.046243 -0.022605
v -0.001946 -0.049800 -0.022555
v -0.001935 -0.046243 -0.022552
v -0.001785 -0.049800 -0.022520
v -0.001770 -0.046243 -0.022517
v -0.001621 -0.049800 -0.022502
v -0.001603 -0.046243 -0.022501
v -0.001455 -0.049800 -0.022503
v -0.001435 -0.046243 -0.022504
v -0.001291 -0.049800 -0.022521
v -0.001268 -0.046243 -0.022525
v -0.001130 -0.049800 -0.022558
v -0.001104 -0.046243 -0.022565
v -0.000974 -0.049800 -0.022612
v -0.000947 -0.046243 -0.022623
v -0.000825 -0.049800 -0.022683
v -0.000796 -0.046243 -0.022699
v -0.000684 -0.049800 -0.022770
v -0.000655 -0.046243 -0.022791
v -0.000554 -0.049800 -0.022872
v -0.000525 -0.046243 -0.022897
v -0.000436 -0.049800 -0.022987
v -0.000408 -0.046243 -0.023018
v -0.000331 -0.049800 -0.023115
v -0.000306 -0.046243 -0.023151
v -0.000241 -0.049800 -0.023254
v -0.000218 -0.046243 -0.023295
v -0.000167 -0.049800 -0.023402
v -0.000148 -0.046243 -0.023448
v -0.000110 -0.049800 -0.023557
v -0.000095 -0.046243 -0.023608
v -0.000069 -0.049800 -0.023717
v -0.000060 -0.046243 -0.023772
v -0.000047 -0.049800 -0.023881
v -0.000044 -0.046243 -0.023940
v -0.000043 -0.049800 -0.024046
v -0.000046 -0.046243 -0.024108
v -0.000057 -0.049800 -0.024211
v -0.000068 -0.046243 -0.024275
v -0.000090 -0.049800 -0.024373
v -0.000108 -0.046243 -0.024438
v -0.000139 -0.049800 -0.024530
v -0.000166 -0.046243 -0.024596
v -0.000206 -0.049800 -0.024681
v -0.000241 -0.046243 -0.024746
v -0.000289 -0.049800 -0.024824
v -0.000333 -0.046243 -0.024887
v -0.000388 -0.049800 -0.024957
v -0.000440 -0.046243 -0.025017
v -0.000500 -0.049800 -0.025078
v -0.000561 -0.046243 -0.025134
v -0.000625 -0.049800 -0.025186
v -0.000694 -0.046243 -0.025237
v -0.000761 -0.049800 -0.025280
v -0.000838 -0.046243 -0.025324
v -0.000906 -0.049800 -0.025358
v -0.000990 -0.046243 -0.025395
v -0.001060 -0.049800 -0.025420
v -0.001150 -0.046243 -0.025448
v -0.001219 -0.049800 -0.025465
v -0.001315 -0.046243 -0.025483
v -0.001382 -0.049800 -0.025491
v -0.001482 -0.046243 -0.025499
v -0.001547 -0.049800 -0.025500
v -0.001650 -0.046243 -0.025496
v -0.001712 -0.049800 -0.025490
v -0.001817 -0.046243 -0.025475
v -0.001875 -0.049800 -0.025463
v -0.001981 -0.046243 -0.025435
v -0.002034 -0.049800 -0.025417
v -0.002138 -0.046243 -0.025377
v -0.002187 -0.049800 -0.025355
v -0.002289 -0.046243 -0.025301
v -0.002332 -0.049800 -0.025275
v -0.002430 -0.046243 -0.025209
v -0.002467 -0.049800 -0.025181
v -0.002560 -0.046243 -0.025103
v -0.002592 -0.049800 -0.025072
v -0.002677 -0.046243 -0.024982
v -0.002703 -0.049800 -0.024950
v -0.002779 -0.046243 -0.024849
v -0.002801 -0.049800 -0.024817
v -0.002867 -0.046243 -0.024705
v -0.002883 -0.049800 -0.024673
v -0.002937 -0.046243 -0.024552
v -0.002949 -0.049800 -0.024522
v -0.002990 -0.046243 -0.024392
v -0.002998 -0.049800 -0.024364
v -0.003025 -0.046243 -0.024228
v -0.003029 -0.049800 -0.024202
v -0.003041 -0.046243 -0.024060
v -0.003042 -0.049800 -0.024037
v -0.003039 -0.046243 -0.023892
v -0.003037 -0.049800 -0.023872
v -0.003017 -0.046243 -0.023725
v -0.003014 -0.049800 -0.023708
v -0.002977 -0.046243 -0.023562
v -0.002973 -0.049800 -0.023548
v -0.002919 -0.046243 -0.023404
v -0.002914 -0.049800 -0.023393
v -0.002844 -0.046243 -0.023254
v -0.002839 -0.049800 -0.023246
v -0.002752 -0.046243 -0.023113
v -0.002748 -0.049800 -0.023108
v -0.002645 -0.046243 -0.022983
v -0.000561 0.042686 -0.025134
v -0.000694 0.042686 -0.025237
v -0.000838 0.042686 -0.025324
v -0.000990 0.042686 -0.025395
v -0.001150 0.042686 -0.025448
v -0.001315 0.042686 -0.025483
v -0.001482 0.042686 -0.025499
v -0.001650 0.042686 -0.025496
v -0.001817 0.042686 -0.025475
v -0.001981 0.042686 -0.025435
v -0.002138 0.042686 -0.025377
v -0.002289 0.042686 -0.025301
v -0.002430 0.042686 -0.025209
v -0.002560 0.042686 -0.025103
v -0.002677 0.042686 -0.024982
v -0.002779 0.042686 -0.024849
v -0.002867 0.042686 -0.024705
v -0.002937 0.042686 -0.024552
v -0.002990 0.042686 -0.024392
v -0.003025 0.042686 -0.024228
v -0.003041 0.042686 -0.024060
v -0.003039 0.042686 -0.023892
v -0.003017 0.042686 -0.023725
v -0.002977 0.042686 -0.023562
v -0.002919 0.042686 -0.023404
v -0.002844 0.042686 -0.023254
v -0.002752 0.042686 -0.023113
v -0.002645 0.042686 -0.022983
v -0.002524 0.042686 -0.022866
v -0.002391 0.042686 -0.022763
v -0.002247 0.042686 -0.022676
v -0.002095 0.042686 -0.022605
v -0.001935 0.042686 -0.022552
v -0.001770 0.042686 -0.022517
v -0.001603 0.042686 -0.022501
v -0.001435 0.042686 -0.022504
v -0.001268 0.042686 -0.022525
v -0.001104 0.042686 -0.022565
v -0.000947 0.042686 -0.022623
v -0.000796 0.042686 -0.022699
v -0.000655 0.042686 -0.022791
v -0.000525 0.042686 -0.022897
v -0.000408 0.042686 -0.023018
v -0.000306 0.042686 -0.023151
v -0.000218 0.042686 -0.023295
v -0.000148 0.042686 -0.023448
v -0.000095 0.042686 -0.023608
v -0.000060 0.042686 -0.023772
v -0.000044 0.042686 -0.023940
v -0.000046 0.042686 -0.024108
v -0.000068 0.042686 -0.024275
v -0.000108 0.042686 -0.024438
v -0.000166 0.042686 -0.024596
v -0.000241 0.042686 -0.024746
v -0.000333 0.042686 -0.024887
v -0.000440 0.042686 -0.025017
v -0.000561 0.039129 -0.025134
v -0.000694 0.039129 -0.025237
v -0.000838 0.039129 -0.025324
v -0.000990 0.039129 -0.025395
v -0.001150 0.039129 -0.025448
v -0.001315 0.039129 -0.025483
v -0.001482 0.039129 -0.025499
v -0.001650 0.039129 -0.025496
v -0.001817 0.039129 -0.025475
v -0.001981 0.039129 -0.025435
v -0.002138 0.039129 -0.025377
v -0.002289 0.039129 -0.025301
v -0.002430 0.039129 -0.025209
v -0.002560 0.039129 -0.025103
v -0.002677 0.039129 -0.024982
v -0.002779 0.039129 -0.024849
v -0.002867 0.039129 -0.024705
v -0.002937 0.039129 -0.024552
v -0.002990 0.039129 -0.024392
v -0.003025 0.039129 -0.024228
v -0.003041 0.039129 -0.024060
v -0.003039 0.039129 -0.023892
v -0.003017 0.039129 -0.023725
v -0.002977 0.039129 -0.023562
v -0.002919 0.039129 -0.023404
v -0.002844 0.039129 -0.023254
v -0.002752 0.039129 -0.023113
v -0.002645 0.039129 -0.022983
v -0.002524 0.039129 -0.022866
v -0.002391 0.039129 -0.022763
v -0.002247 0.039129 -0.022676
v -0.002095 0.039129 -0.022605
v -0.001935 0.039129 -0.022552
v -0.001770 0.039129 -0.022517
v -0.001603 0.039129 -0.022501
v -0.001435 0.039129 -0.022504
v -0.001268 0.039129 -0.022525
v -0.001104 0.039129 -0.022565
v -0.000947 0.039129 -0.022623
v -0.000796 0.039129 -0.022699
v -0.000655 0.039129 -0.022791
v -0.000525 0.039129 -0.022897
v -0.000408 0.039129 -0.023018
v -0.000306 0.039129 -0.023151
v -0.000218 0.039129 -0.023295
v -0.000148 0.039129 -0.023448
v -0.000095 0.039129 -0.023608
v -0.000060 0.039129 -0.023772
v -0.000044 0.039129 -0.023940
v -0.000046 0.039129 -0.024108
v -0.000068 0.039129 -0.024275
v -0.000108 0.039129 -0.024438
v -0.000166 0.039129 -0.024596
v -0.000241 0.039129 -0.024746
v -0.000333 0.039129 -0.024887
v -0.000440 0.039129 -0.025017
v -0.000561 0.035571 -0.025134
v -0.000694 0.035571 -0.025237
v -0.000838 0.035571 -0.025324
v -0.000990 0.035571 -0.025395
v -0.001150 0.035571 -0.025448
v -0.001315 0.035571 -0.025483
v -0.001482 0.035571 -0.025499
v -0.001650 0.035571 -0.025496
v -0.001817 0.035571 -0.025475
v -0.001981 0.035571 -0.025435
v -0.002138 0.035571 -0.025377
v -0.002289 0.035571 -0.025301
v -0.002430 0.035571 -0.025209
v -0.002560 0.035571 -0.025103
v -0.002677 0.035571 -0.024982
v -0.002779 0.035571 -0.024849
v -0.002867 0.035571 -0.024705
v -0.002937 0.035571 -0.024552
v -0.002990 0.035571 -0.024392
v -0.003025 0.035571 -0.024228
v -0.003041 0.035571 -0.024060
v -0.003039 0.035571 -0.023892
v -0.003017 0.035571 -0.023725
v -0.002977 0.035571 -0.023562
v -0.002919 0.035571 -0.023404
v -0.002844 0.035571 -0.023254
v -0.002752 0.035571 -0.023113
v -0.002645 0.035571 -0.022983
v -0.002524 0.035571 -0.022866
v -0.002391 0.035571 -0.022763
v -0.002247 0.035571 -0.022676
v -0.002095 0.035571 -0.022605
v -0.001935 0.035571 -0.022552
v -0.001770 0.035571 -0.022517
v -0.001603 0.035571 -0.022501
v -0.001435 0.035571 -0.022504
v -0.001268 0.035571 -0.022525
v -0.001104 0.035571 -0.022565
v -0.000947 0.035571 -0.022623
v -0.000796 0.035571 -0.022699
v -0.000655 0.035571 -0.022791
v -0.000525 0.035571 -0.022897
v -0.000408 0.035571 -0.023018
v -0.000306 0.035571 -0.023151
v -0.000218 0.035571 -0.023295
v -0.000148 0.035571 -0.023448
v -0.000095 0.035571 -0.023608
v -0.000060 0.035571 -0.023772
v -0.000044 0.035571 -0.023940
v -0.000046 0.035571 -0.024108
v -0.000068 0.035571 -0.024275
v -0.000108 0.035571 -0.024438
v -0.000166 0.035571 -0.024596
v -0.000241 0.035571 -0.024746
v -0.000333 0.035571 -0.024887
v -0.000440 0.035571 -0.025017
v -0.000561 0.032014 -0.025134
v -0.000694 0.032014 -0.025237
v -0.000838 0.032014 -0.025324
v -0.000990 0.032014 -0.025395
v -0.001150 0.032014 -0.025448
v -0.001315 0.032014 -0.025483
v -0.001482 0.032014 -0.025499
v -0.001650 0.032014 -0.025496
v -0.001817 0.032014 -0.025475
v -0.001981 0.032014 -0.025435
v -0.002138 0.032014 -0.025377
v -0.002289 0.032014 -0.025301
v -0.002430 0.032014 -0.025209
v -0.002560 0.032014 -0.025103
v -0.002677 0.032014 -0.024982
v -0.002779 0.032014 -0.024849
v -0.002867 0.032014 -0.024705
v -0.002937 0.032014 -0.024552
v -0.002990 0.032014 -0.024392
v -0.003025 0.032014 -0.024228
v -0.003041 0.032014 -0.024060
v -0.003039 0.032014 -0.023892
v -0.003017 0.032014 -0.023725
v -0.002977 0.032014 -0.023562
v -0.002919 0.032014 -0.023404
v -0.002844 0.032014 -0.023254
v -0.002752 0.032014 -0.023113
v -0.002645 0.032014 -0.022983
v -0.002524 0.032014 -0.022866
v -0.002391 0.032014 -0.022763
v -0.002247 0.032014 -0.022676
v -0.002095 0.032014 -0.022605
v -0.001935 0.032014 -0.022552
v -0.001770 0.032014 -0.022517
v -0.001603 0.032014 -0.022501
v -0.001435 0.032014 -0.022504
v -0.001268 0.032014 -0.022525
v -0.001104 0.032014 -0.022565
v -0.000947 0.032014 -0.022623
v -0.000796 0.032014 -0.022699
v -0.000655 0.032014 -0.022791
v -0.000525 0.032014 -0.022897
v -0.000408 0.032014 -0.023018
v -0.000306 0.032014 -0.023151
v -0.000218 0.032014 -0.023295
v -0.000148 0.032014 -0.023448
v -0.000095 0.032014 -0.023608
v -0.000060 0.032014 -0.023772
v -0.000044 0.032014 -0.023940
v -0.000046 0.032014 -0.024108
v -0.000068 0.032014 -0.024275
v -0.000108 0.032014 -0.024438
v -0.000166 0.032014 -0.024596
v -0.000241 0.032014 -0.024746
v -0.000333 0.032014 -0.024887
v -0.000440 0.032014 -0.025017
v -0.000561 0.028457 -0.025134
v -0.000694 0.028457 -0.025237
v -0.000838 0.028457 -0.025324
v -0.000990 0.028457 -0.025395
v -0.001150 0.028457 -0.025448
v -0.001315 0.028457 -0.025483
v -0.001482 0.028457 -0.025499
v -0.001650 0.028457 -0.025496
v -0.001817 0.028457 -0.025475
v -0.001981 0.028457 -0.025435
v -0.002138 0.028457 -0.025377
v -0.002289 0.028457 -0.025301
v -0.002430 0.028457 -0.025209
v -0.002560 0.028457 -0.025103
v -0.002677 0.028457 -0.024982
v -0.002779 0.028457 -0.024849
v -0.002867 0.028457 -0.024705
v -0.002937 0.028457 -0.024552
v -0.002990 0.028457 -0.024392
v -0.003025 0.028457 -0.024228
v -0.003041 0.028457 -0.024060
v -0.003039 0.028457 -0.023892
v -0.003017 0.028457 -0.023725
v -0.002977 0.028457 -0.023562
v -0.002919 0.028457 -0.023404
v -0.002844 0.028457 -0.023254
v -0.002752 0.028457 -0.023113
v -0.002645 0.028457 -0.022983
v -0.002524 0.028457 -0.022866
v -0.002391 0.028457 -0.022763
v -0.002247 0.028457 -0.022676
v -0.002095 0.028457 -0.022605
v -0.001935 0.028457 -0.022552
v -0.001770 0.028457 -0.022517
v -0.001603 0.028457 -0.022501
v -0.001435 0.028457 -0.022504
v -0.001268 0.028457 -0.022525
v -0.001104 0.028457 -0.022565
v -0.000947 0.028457 -0.022623
v -0.000796 0.028457 -0.022699
v -0.000655 0.028457 -0.022791
v -0.000525 0.028457 -0.022897
v -0.000408 0.028457 -0.023018
v -0.000306 0.028457 -0.023151
v -0.000218 0.028457 -0.023295
v -0.000148 0.028457 -0.023448
v -0.000095 0.028457 -0.023608
v -0.000060 0.028457 -0.023772
v -0.000044 0.028457 -0.023940
v -0.000046 0.028457 -0.024108
v -0.000068 0.028457 -0.024275
v -0.000108 0.028457 -0.024438
v -0.000166 0.028457 -0.024596
v -0.000241 0.028457 -0.024746
v -0.000333 0.028457 -0.024887
v -0.000440 0.028457 -0.025017
v -0.000561 0.024900 -0.025134
v -0.000694 0.024900 -0.025237
v -0.000838 0.024900 -0.025324
v -0.000990 0.024900 -0.025395
v -0.001150 0.024900 -0.025448
v -0.001315 0.024900 -0.025483
v -0.001482 0.024900 -0.025499
v -0.001650 0.024900 -0.025496
v -0.001817 0.024900 -0.025475
v -0.001981 0.024900 -0.025435
v -0.002138 0.024900 -0.025377
v -0.002289 0.024900 -0.025301
v -0.002430 0.024900 -0.025209
v -0.002560 0.024900 -0.025103
v -0.002677 0.024900 -0.024982
v -0.002779 0.024900 -0.024849
v -0.002867 0.024900 -0.024705
v -0.002937 0.024900 -0.024552
v -0.002990 0.024900 -0.024392
v -0.003025 0.024900 -0.024228
v -0.003041 0.024900 -0.024060
v -0.003039 0.024900 -0.023892
v -0.003017 0.024900 -0.023725
v -0.002977 0.024900 -0.023562
v -0.002919 0.024900 -0.023404
v -0.002844 0.024900 -0.023254
v -0.002752 0.024900 -0.023113
v -0.002645 0.024900 -0.022983
v -0.002524 0.024900 -0.022866
v -0.002391 0.024900 -0.022763
v -0.002247 0.024900 -0.022676
v -0.002095 0.024900 -0.022605
v -0.001935 0.024900 -0.022552
v -0.001770 0.024900 -0.022517
v -0.001603 0.024900 -0.022501
v -0.001435 0.024900 -0.022504
v -0.001268 0.024900 -0.022525
v -0.001104 0.024900 -0.022565
v -0.000947 0.024900 -0.022623
v -0.000796 0.024900 -0.022699
v -0.000655 0.024900 -0.022791
v -0.000525 0.024900 -0.022897
v -0.000408 0.024900 -0.023018
v -0.000306 0.024900 -0.023151
v -0.000218 0.024900 -0.023295
v -0.000148 0.024900 -0.023448
v -0.000095 0.024900 -0.023608
v -0.000060 0.024900 -0.023772
v -0.000044 0.024900 -0.023940
v -0.000046 0.024900 -0.024108
v -0.000068 0.024900 -0.024275
v -0.000108 0.024900 -0.024438
v -0.000166 0.024900 -0.024596
v -0.000241 0.024900 -0.024746
v -0.000333 0.024900 -0.024887
v -0.000440 0.024900 -0.025017
v -0.000561 0.021343 -0.025134
v -0.000694 0.021343 -0.025237
v -0.000838 0.021343 -0.025324
v -0.000990 0.021343 -0.025395
v -0.001150 0.021343 -0.025448
v -0.001315 0.021343 -0.025483
v -0.001482 0.021343 -0.025499
v -0.001650 0.021343 -0.025496
v -0.001817 0.021343 -0.025475
v -0.001981 0.021343 -0.025435
v -0.002138 0.021343 -0.025377
v -0.002289 0.021343 -0.025301
v -0.002430 0.021343 -0.025209
v -0.002560 0.021343 -0.025103
v -0.002677 0.021343 -0.024982
v -0.002779 0.021343 -0.024849
v -0.002867 0.021343 -0.024705
v -0.002937 0.021343 -0.024552
v -0.002990 0.021343 -0.024392
v -0.003025 0.021343 -0.024228
v -0.003041 0.021343 -0.024060
v -0.003039 0.021343 -0.023892
v -0.003017 0.021343 -0.023725
v -0.002977 0.021343 -0.023562
v -0.002919 0.021343 -0.023404
v -0.002844 0.021343 -0.023254
v -0.002752 0.021343 -0.023113
v -0.002645 0.021343 -0.022983
v -0.002524 0.021343 -0.022866
v -0.002391 0.021343 -0.022763
v -0.002247 0.021343 -0.022676
v -0.002095 0.021343 -0.022605
v -0.001935 0.021343 -0.022552
v -0.001770 0.021343 -0.022517
v -0.001603 0.021343 -0.022501
v -0.001435 0.021343 -0.022504
v -0.001268 0.021343 -0.022525
v -0.001104 0.021343 -0.022565
v -0.000947 0.021343 -0.022623
v -0.000796 0.021343 -0.022699
v -0.000655 0.021343 -0.022791
v -0.000525 0.021343 -0.022897
v -0.000408 0.021343 -0.023018
v -0.000306 0.021343 -0.023151
v -0.000218 0.021343 -0.023295
v -0.000148 0.021343 -0.023448
v -0.000095 0.021343 -0.023608
v -0.000060 0.021343 -0.023772
v -0.000044 0.021343 -0.023940
v -0.000046 0.021343 -0.024108
v -0.000068 0.021343 -0.024275
v -0.000108 0.021343 -0.024438
v -0.000166 0.021343 -0.024596
v -0.000241 0.021343 -0.024746
v -0.000333 0.021343 -0.024887
v -0.000440 0.021343 -0.025017
v -0.000561 0.017786 -0.025134
v -0.000694 0.017786 -0.025237
v -0.000838 0.017786 -0.025324
v -0.000990 0.017786 -0.025395
v -0.001150 0.017786 -0.025448
v -0.001315 0.017786 -0.025483
v -0.001482 0.017786 -0.025499
v -0.001650 0.017786 -0.025496
v -0.001817 0.017786 -0.025475
v -0.001981 0.017786 -0.025435
v -0.002138 0.017786 -0.025377
v -0.002289 0.017786 -0.025301
v -0.002430 0.017786 -0.025209
v -0.002560 0.017786 -0.025103
v -0.002677 0.017786 -0.024982
v -0.002779 0.017786 -0.024849
v -0.002867 0.017786 -0.024705
v -0.002937 0.017786 -0.024552
v -0.002990 0.017786 -0.024392
v -0.003025 0.017786 -0.024228
v -0.003041 0.017786 -0.024060
v -0.003039 0.017786 -0.023892
v -0.003017 0.017786 -0.023725
v -0.002977 0.017786 -0.023562
v -0.002919 0.017786 -0.023404
v -0.002844 0.017786 -0.023254
v -0.002752 0.017786 -0.023113
v -0.002645 0.017786 -0.022983
v -0.002524 0.017786 -0.022866
v -0.002391 0.017786 -0.022763
v -0.002247 0.017786 -0.022676
v -0.002095 0.017786 -0.022605
v -0.001935 0.017786 -0.022552
v -0.001770 0.017786 -0.022517
v -0.001603 0.017786 -0.022501
v -0.001435 0.017786 -0.022504
v -0.001268 0.017786 -0.022525
v -0.001104 0.017786 -0.022565
v -0.000947 0.017786 -0.022623
v -0.000796 0.017786 -0.022699
v -0.000655 0.017786 -0.022791
v -0.000525 0.017786 -0.022897
v -0.000408 0.017786 -0.023018
v -0.000306 0.017786 -0.023151
v -0.000218 0.017786 -0.023295
v -0.000148 0.017786 -0.023448
v -0.000095 0.017786 -0.023608
v -0.000060 0.017786 -0.023772
v -0.000044 0.017786 -0.023940
v -0.000046 0.017786 -0.024108
v -0.000068 0.017786 -0.024275
v -0.000108 0.017786 -0.024438
v -0.000166 0.017786 -0.024596
v -0.000241 0.017786 -0.024746
v -0.000333 0.017786 -0.024887
v -0.000440 0.017786 -0.025017
v -0.000561 0.014229 -0.025134
v -0.000694 0.014229 -0.025237
v -0.000838 0.014229 -0.025324
v -0.000990 0.014229 -0.025395
v -0.001150 0.014229 -0.025448
v -0.001315 0.014229 -0.025483
v -0.001482 0.014229 -0.025499
v -0.001650 0.014229 -0.025496
v -0.001817 0.014229 -0.025475
v -0.001981 0.014229 -0.025435
v -0.002138 0.014229 -0.025377
v -0.002289 0.014229 -0.025301
v -0.002430 0.014229 -0.025209
v -0.002560 0.014229 -0.025103
v -0.002677 0.014229 -0.024982
v -0.002779 0.014229 -0.024849
v -0.002867 0.014229 -0.024705
v -0.002937 0.014229 -0.024552
v -0.002990 0.014229 -0.024392
v -0.003025 0.014229 -0.024228
v -0.003041 0.014229 -0.024060
v -0.003039 0.014229 -0.023892
v -0.003017 0.014229 -0.023725
v -0.002977 0.014229 -0.023562
v -0.002919 0.014229 -0.023404
v -0.002844 0.014229 -0.023254
v -0.002752 0.014229 -0.023113
v -0.002645 0.014229 -0.022983
v -0.002524 0.014229 -0.022866
v -0.002391 0.014229 -0.022763
v -0.002247 0.014229 -0.022676
v -0.002095 0.014229 -0.022605
v -0.001935 0.014229 -0.022552
v -0.001770 0.014229 -0.022517
v -0.001603 0.014229 -0.022501
v -0.001435 0.014229 -0.022504
v -0.001268 0.014229 -0.022525
v -0.001104 0.014229 -0.022565
v -0.000947 0.014229 -0.022623
v -0.000796 0.014229 -0.022699
v -0.000655 0.014229 -0.022791
v -0.000525 0.014229 -0.022897
v -0.000408 0.014229 -0.023018
v -0.000306 0.014229 -0.023151
v -0.000218 0.014229 -0.023295
v -0.000148 0.014229 -0.023448
v -0.000095 0.014229 -0.023608
v -0.000060 0.014229 -0.023772
v -0.000044 0.014229 -0.023940
v -0.000046 0.014229 -0.024108
v -0.000068 0.014229 -0.024275
v -0.000108 0.014229 -0.024438
v -0.000166 0.014229 -0.024596
v -0.000241 0.014229 -0.024746
v -0.000333 0.014229 -0.024887
v -0.000440 0.014229 -0.025017
v -0.000561 0.010671 -0.025134
v -0.000694 0.010671 -0.025237
v -0.000838 0.010671 -0.025324
v -0.000990 0.010671 -0.025395
v -0.001150 0.010671 -0.025448
v -0.001315 0.010671 -0.025483
v -0.001482 0.010671 -0.025499
v -0.001650 0.010671 -0.025496
v -0.001817 0.010671 -0.025475
v -0.001981 0.010671 -0.025435
v -0.002138 0.010671 -0.025377
v -0.002289 0.010671 -0.025301
v -0.002430 0.010671 -0.025209
v -0.002560 0.010671 -0.025103
v -0.002677 0.010671 -0.024982
v -0.002779 0.010671 -0.024849
v -0.002867 0.010671 -0.024705
v -0.002937 0.010671 -0.024552
v -0.002990 0.010671 -0.024392
v -0.003025 0.010671 -0.024228
v -0.003041 0.010671 -0.024060
v -0.003039 0.010671 -0.023892
v -0.003017 0.010671 -0.023725
v -0.002977 0.010671 -0.023562
v -0.002919 0.010671 -0.023404
v -0.002844 0.010671 -0.023254
v -0.002752 0.010671 -0.023113
v -0.002645 0.010671 -0.022983
v -0.002524 0.010671 -0.022866
v -0.002391 0.010671 -0.022763
v -0.002247 0.010671 -0.022676
v -0.002095 0.010671 -0.022605
v -0.001935 0.010671 -0.022552
v -0.001770 0.010671 -0.022517
v -0.001603 0.010671 -0.022501
v -0.001435 0.010671 -0.022504
v -0.001268 0.010671 -0.022525
v -0.001104 0.010671 -0.022565
v -0.000947 0.010671 -0.022623
v -0.000796 0.010671 -0.022699
v -0.000655 0.010671 -0.022791
v -0.000525 0.010671 -0.022897
v -0.000408 0.010671 -0.023018
v -0.000306 0.010671 -0.023151
v -0.000218 0.010671 -0.023295
v -0.000148 0.010671 -0.023448
v -0.000095 0.010671 -0.023608
v -0.000060 0.010671 -0.023772
v -0.000044 0.010671 -0.023940
v -0.000046 0.010671 -0.024108
v -0.000068 0.010671 -0.024275
v -0.000108 0.010671 -0.024438
v -0.000166 0.010671 -0.024596
v -0.000241 0.010671 -0.024746
v -0.000333 0.010671 -0.024887
v -0.000440 0.010671 -0.025017
v -0.000561 0.007114 -0.025134
v -0.000694 0.007114 -0.025237
v -0.000838 0.007114 -0.025324
v -0.000990 0.007114 -0.025395
v -0.001150 0.007114 -0.025448
v -0.001315 0.007114 -0.025483
v -0.001482 0.007114 -0.025499
v -0.001650 0.007114 -0.025496
v -0.001817 0.007114 -0.025475
v -0.001981 0.007114 -0.025435
v -0.002138 0.007114 -0.025377
v -0.002289 0.007114 -0.025301
v -0.002430 0.007114 -0.025209
v -0.002560 0.007114 -0.025103
v -0.002677 0.007114 -0.024982
v -0.002779 0.007114 -0.024849
v -0.002867 0.007114 -0.024705
v -0.002937 0.007114 -0.024552
v -0.002990 0.007114 -0.024392
v -0.003025 0.007114 -0.024228
v -0.003041 0.007114 -0.024060
v -0.003039 0.007114 -0.023892
v -0.003017 0.007114 -0.023725
v -0.002977 0.007114 -0.023562
v -0.002919 0.007114 -0.023404
v -0.002844 0.007114 -0.023254
v -0.002752 0.007114 -0.023113
v -0.002645 0.007114 -0.022983
v -0.002524 0.007114 -0.022866
v -0.002391 0.007114 -0.022763
v -0.002247 0.007114 -0.022676
v -0.002095 0.007114 -0.022605
v -0.001935 0.007114 -0.022552
v -0.001770 0.007114 -0.022517
v -0.001603 0.007114 -0.022501
v -0.001435 0.007114 -0.022504
v -0.001268 0.007114 -0.022525
v -0.001104 0.007114 -0.022565
v -0.000947 0.007114 -0.022623
v -0.000796 0.007114 -0.022699
v -0.000655 0.007114 -0.022791
v -0.000525 0.007114 -0.022897
v -0.000408 0.007114 -0.023018
v -0.000306 0.007114 -0.023151
v -0.000218 0.007114 -0.023295
v -0.000148 0.007114 -0.023448
v -0.000095 0.007114 -0.023608
v -0.000060 0.007114 -0.023772
v -0.000044 0.007114 -0.023940
v -0.000046 0.007114 -0.024108
v -0.000068 0.007114 -0.024275
v -0.000108 0.007114 -0.024438
v -0.000166 0.007114 -0.024596
v -0.000241 0.007114 -0.024746
v -0.000333 0.007114 -0.024887
v -0.000440 0.007114 -0.025017
v -0.000561 0.003557 -0.025134
v -0.000694 0.003557 -0.025237
v -0.000838 0.003557 -0.025324
v -0.000990 0.003557 -0.025395
v -0.001150 0.003557 -0.025448
v -0.001315 0.003557 -0.025483
v -0.001482 0.003557 -0.025499
v -0.001650 0.003557 -0.025496
v -0.001817 0.003557 -0.025475
v -0.001981 0.003557 -0.025435
v -0.002138 0.003557 -0.025377
v -0.002289 0.003557 -0.025301
v -0.002430 0.003557 -0.025209
v -0.002560 0.003557 -0.025103
v -0.002677 0.003557 -0.024982
v -0.002779 0.003557 -0.024849
v -0.002867 0.003557 -0.024705
v -0.002937 0.003557 -0.024552
v -0.002990 0.003557 -0.024392
v -0.003025 0.003557 -0.024228
v -0.003041 0.003557 -0.024060
v -0.003039 0.003557 -0.023892
v -0.003017 0.003557 -0.023725
v -0.002977 0.003557 -0.023562
v -0.002919 0.003557 -0.023404
v -0.002844 0.003557 -0.023254
v -0.002752 0.003557 -0.023113
v -0.002645 0.003557 -0.022983
v -0.002524 0.003557 -0.022866
v -0.002391 0.003557 -0.022763
v -0.002247 0.003557 -0.022676
v -0.002095 0.003557 -0.022605
v -0.001935 0.003557 -0.022552
v -0.001770 0.003557 -0.022517
v -0.001603 0.003557 -0.022501
v -0.001435 0.003557 -0.022504
v -0.001268 0.003557 -0.022525
v -0.001104 0.003557 -0.022565
v -0.000947 0.003557 -0.022623
v -0.000796 0.003557 -0.022699
v -0.000655 0.003557 -0.022791
v -0.000525 0.003557 -0.022897
v -0.000408 0.003557 -0.023018
v -0.000306 0.003557 -0.023151
v -0.000218 0.003557 -0.023295
v -0.000148 0.003557 -0.023448
v -0.000095 0.003557 -0.023608
v -0.000060 0.003557 -0.023772
v -0.000044 0.003557 -0.023940
v -0.000046 0.003557 -0.024108
v -0.000068 0.003557 -0.024275
v -0.000108 0.003557 -0.024438
v -0.000166 0.003557 -0.024596
v -0.000241 0.003557 -0.024746
v -0.000333 0.003557 -0.024887
v -0.000440 0.003557 -0.025017
v -0.000561 -0.000000 -0.025134
v -0.000694 -0.000000 -0.025237
v -0.000838 -0.000000 -0.025324
v -0.000990 -0.000000 -0.025395
v -0.001150 -0.000000 -0.025448
v -0.001315 -0.000000 -0.025483
v -0.001482 -0.000000 -0.025499
v -0.001650 -0.000000 -0.025496
v -0.001817 -0.000000 -0.025475
v -0.001981 -0.000000 -0.025435
v -0.002138 -0.000000 -0.025377
v -0.002289 -0.000000 -0.025301
v -0.002430 -0.000000 -0.025209
v -0.002560 -0.000000 -0.025103
v -0.002677 -0.000000 -0.024982
v -0.002779 -0.000000 -0.024849
v -0.002867 -0.000000 -0.024705
v -0.002937 -0.000000 -0.024552
v -0.002990 -0.000000 -0.024392
v -0.003025 -0.000000 -0.024228
v -0.003041 -0.000000 -0.024060
v -0.003039 -0.000000 -0.023892
v -0.003017 -0.000000 -0.023725
v -0.002977 -0.000000 -0.023562
v -0.002919 -0.000000 -0.023404
v -0.002844 -0.000000 -0.023254
v -0.002752 -0.000000 -0.023113
v -0.002645 -0.000000 -0.022983
v -0.002524 -0.000000 -0.022866
v -0.002391 -0.000000 -0.022763
v -0.002247 -0.000000 -0.022676
v -0.002095 -0.000000 -0.022605
v -0.001935 -0.000000 -0.022552
v -0.001770 -0.000000 -0.022517
v -0.001603 -0.000000 -0.022501
v -0.001435 -0.000000 -0.022504
v -0.001268 -0.000000 -0.022525
v -0.001104 -0.000000 -0.022565
v -0.000947 -0.000000 -0.022623
v -0.000796 -0.000000 -0.022699
v -0.000655 -0.000000 -0.022791
v -0.000525 -0.000000 -0.022897
v -0.000408 -0.000000 -0.023018
v -0.000306 -0.000000 -0.023151
v -0.000218 -0.000000 -0.023295
v -0.000148 -0.000000 -0.023448
v -0.000095 -0.000000 -0.023608
v -0.000060 -0.000000 -0.023772
v -0.000044 -0.000000 -0.023940
v -0.000046 -0.000000 -0.024108
v -0.000068 -0.000000 -0.024275
v -0.000108 -0.000000 -0.024438
v -0.000166 -0.000000 -0.024596
v -0.000241 -0.000000 -0.024746
v -0.000333 -0.000000 -0.024887
v -0.000440 -0.000000 -0.025017
v -0.000561 -0.003557 -0.025134
v -0.000694 -0.003557 -0.025237
v -0.000838 -0.003557 -0.025324
v -0.000990 -0.003557 -0.025395
v -0.001150 -0.003557 -0.025448
v -0.001315 -0.003557 -0.025483
v -0.001482 -0.003557 -0.025499
v -0.001650 -0.003557 -0.025496
v -0.001817 -0.003557 -0.025475
v -0.001981 -0.003557 -0.025435
v -0.002138 -0.003557 -0.025377
v -0.002289 -0.003557 -0.025301
v -0.002430 -0.003557 -0.025209
v -0.002560 -0.003557 -0.025103
v -0.002677 -0.003557 -0.024982
v -0.002779 -0.003557 -0.024849
v -0.002867 -0.003557 -0.024705
v -0.002937 -0.003557 -0.024552
v -0.002990 -0.003557 -0.024392
v -0.003025 -0.003557 -0.024228
v -0.003041 -0.003557 -0.024060
v -0.003039 -0.003557 -0.023892
v -0.003017 -0.003557 -0.023725
v -0.002977 -0.003557 -0.023562
v -0.002919 -0.003557 -0.023404
v -0.002844 -0.003557 -0.023254
v -0.002752 -0.003557 -0.023113
v -0.002645 -0.003557 -0.022983
v -0.002524 -0.003557 -0.022866
v -0.002391 -0.003557 -0.022763
v -0.002247 -0.003557 -0.022676
v -0.002095 -0.003557 -0.022605
v -0.001935 -0.003557 -0.022552
v -0.001770 -0.003557 -0.022517
v -0.001603 -0.003557 -0.022501
v -0.001435 -0.003557 -0.022504
v -0.001268 -0.003557 -0.022525
v -0.001104 -0.003557 -0.022565
v -0.000947 -0.003557 -0.022623
v -0.000796 -0.003557 -0.022699
v -0.000655 -0.003557 -0.022791
v -0.000525 -0.003557 -0.022897
v -0.000408 -0.003557 -0.023018
v -0.000306 -0.003557 -0.023151
v -0.000218 -0.003557 -0.023295
v -0.000148 -0.003557 -0.023448
v -0.000095 -0.003557 -0.023608
v -0.000060 -0.003557 -0.023772
v -0.000044 -0.003557 -0.023940
v -0.000046 -0.003557 -0.024108
v -0.000068 -0.003557 -0.024275
v -0.000108 -0.003557 -0.024438
v -0.000166 -0.003557 -0.024596
v -0.000241 -0.003557 -0.024746
v -0.000333 -0.003557 -0.024887
v -0.000440 -0.003557 -0.025017
v -0.000561 -0.007114 -0.025134
v -0.000694 -0.007114 -0.025237
v -0.000838 -0.007114 -0.025324
v -0.000990 -0.007114 -0.025395
v -0.001150 -0.007114 -0.025448
v -0.001315 -0.007114 -0.025483
v -0.001482 -0.007114 -0.025499
v -0.001650 -0.007114 -0.025496
v -0.001817 -0.007114 -0.025475
v -0.001981 -0.007114 -0.025435
v -0.002138 -0.007114 -0.025377
v -0.002289 -0.007114 -0.025301
v -0.002430 -0.007114 -0.025209
v -0.002560 -0.007114 -0.025103
v -0.002677 -0.007114 -0.024982
v -0.002779 -0.007114 -0.024849
v -0.002867 -0.007114 -0.024705
v -0.002937 -0.007114 -0.024552
v -0.002990 -0.007114 -0.024392
v -0.003025 -0.007114 -0.024228
v -0.003041 -0.007114 -0.024060
v -0.003039 -0.007114 -0.023892
v -0.003017 -0.007114 -0.023725
v -0.002977 -0.007114 -0.023562
v -0.002919 -0.007114 -0.023404
v -0.002844 -0.007114 -0.023254
v -0.002752 -0.007114 -0.023113
v -0.002645 -0.007114 -0.022983
v -0.002524 -0.007114 -0.022866
v -0.002391 -0.007114 -0.022763
v -0.002247 -0.007114 -0.022676
v -0.002095 -0.007114 -0.022605
v -0.001935 -0.007114 -0.022552
v -0.001770 -0.007114 -0.022517
v -0.001603 -0.007114 -0.022501
v -0.001435 -0.007114 -0.022504
v -0.001268 -0.007114 -0.022525
v -0.001104 -0.007114 -0.022565
v -0.000947 -0.007114 -0.022623
v -0.000796 -0.007114 -0.022699
v -0.000655 -0.007114 -0.022791
v -0.000525 -0.007114 -0.022897
v -0.000408 -0.007114 -0.023018
v -0.000306 -0.007114 -0.023151
v -0.000218 -0.007114 -0.023295
v -0.000148 -0.007114 -0.023448
v -0.000095 -0.007114 -0.023608
v -0.000060 -0.007114 -0.023772
v -0.000044 -0.007114 -0.023940
v -0.000046 -0.007114 -0.024108
v -0.000068 -0.007114 -0.024275
v -0.000108 -0.007114 -0.024438
v -0.000166 -0.007114 -0.024596
v -0.000241 -0.007114 -0.024746
v -0.000333 -0.007114 -0.024887
v -0.000440 -0.007114 -0.025017
v -0.000561 -0.010671 -0.025134
v -0.000694 -0.010671 -0.025237
v -0.000838 -0.010671 -0.025324
v -0.000990 -0.010671 -0.025395
v -0.001150 -0.010671 -0.025448
v -0.001315 -0.010671 -0.025483
v -0.001482 -0.010671 -0.025499
v -0.001650 -0.010671 -0.025496
v -0.001817 -0.010671 -0.025475
v -0.001981 -0.010671 -0.025435
v -0.002138 -0.010671 -0.025377
v -0.002289 -0.010671 -0.025301
v -0.002430 -0.010671 -0.025209
v -0.002560 -0.010671 -0.025103
v -0.002677 -0.010671 -0.024982
v -0.002779 -0.010671 -0.024849
v -0.002867 -0.010671 -0.024705
v -0.002937 -0.010671 -0.024552
v -0.002990 -0.010671 -0.024392
v -0.003025 -0.010671 -0.024228
v -0.003041 -0.010671 -0.024060
v -0.003039 -0.010671 -0.023892
v -0.003017 -0.010671 -0.023725
v -0.002977 -0.010671 -0.023562
v -0.002919 -0.010671 -0.023404
v -0.002844 -0.010671 -0.023254
v -0.002752 -0.010671 -0.023113
v -0.002645 -0.010671 -0.022983
v -0.002524 -0.010671 -0.022866
v -0.002391 -0.010671 -0.022763
v -0.002247 -0.010671 -0.022676
v -0.002095 -0.010671 -0.022605
v -0.001935 -0.010671 -0.022552
v -0.001770 -0.010671 -0.022517
v -0.001603 -0.010671 -0.022501
v -0.001435 -0.010671 -0.022504
v -0.001268 -0.010671 -0.022525
v -0.001104 -0.010671 -0.022565
v -0.000947 -0.010671 -0.022623
v -0.000796 -0.010671 -0.022699
v -0.000655 -0.010671 -0.022791
v -0.000525 -0.010671 -0.022897
v -0.000408 -0.010671 -0.023018
v -0.000306 -0.010671 -0.023151
v -0.000218 -0.010671 -0.023295
v -0.000148 -0.010671 -0.023448
v -0.000095 -0.010671 -0.023608
v -0.000060 -0.010671 -0.023772
v -0.000044 -0.010671 -0.023940
v -0.000046 -0.010671 -0.024108
v -0.000068 -0.010671 -0.024275
v -0.000108 -0.010671 -0.024438
v -0.000166 -0.010671 -0.024596
v -0.000241 -0.010671 -0.024746
v -0.000333 -0.010671 -0.024887
v -0.000440 -0.010671 -0.025017
v -0.000561 -0.014229 -0.025134
v -0.000694 -0.014229 -0.025237
v -0.000838 -0.014229 -0.025324
v -0.000990 -0.014229 -0.025395
v -0.001150 -0.014229 -0.025448
v -0.001315 -0.014229 -0.025483
v -0.001482 -0.014229 -0.025499
v -0.001650 -0.014229 -0.025496
v -0.001817 -0.014229 -0.025475
v -0.001981 -0.014229 -0.025435
v -0.002138 -0.014229 -0.025377
v -0.002289 -0.014229 -0.025301
v -0.002430 -0.014229 -0.025209
v -0.002560 -0.014229 -0.025103
v -0.002677 -0.014229 -0.024982
v -0.002779 -0.014229 -0.024849
v -0.002867 -0.014229 -0.024705
v -0.002937 -0.014229 -0.024552
v -0.002990 -0.014229 -0.024392
v -0.003025 -0.014229 -0.024228
v -0.003041 -0.014229 -0.024060
v -0.003039 -0.014229 -0.023892
v -0.003017 -0.014229 -0.023725
v -0.002977 -0.014229 -0.023562
v -0.002919 -0.014229 -0.023404
v -0.002844 -0.014229 -0.023254
v -0.002752 -0.014229 -0.023113
v -0.002645 -0.014229 -0.022983
v -0.002524 -0.014229 -0.022866
v -0.002391 -0.014229 -0.022763
v -0.002247 -0.014229 -0.022676
v -0.002095 -0.014229 -0.022605
v -0.001935 -0.014229 -0.022552
v -0.001770 -0.014229 -0.022517
v -0.001603 -0.014229 -0.022501
v -0.001435 -0.014229 -0.022504
v -0.001268 -0.014229 -0.022525
v -0.001104 -0.014229 -0.022565
v -0.000947 -0.014229 -0.022623
v -0.000796 -0.014229 -0.022699
v -0.000655 -0.014229 -0.022791
v -0.000525 -0.014229 -0.022897
v -0.000408 -0.014229 -0.023018
v -0.000306 -0.014229 -0.023151
v -0.000218 -0.014229 -0.023295
v -0.000148 -0.014229 -0.023448
v -0.000095 -0.014229 -0.023608
v -0.000060 -0.014229 -0.023772
v -0.000044 -0.014229 -0.023940
v -0.000046 -0.014229 -0.024108
v -0.000068 -0.014229 -0.024275
v -0.000108 -0.014229 -0.024438
v -0.000166 -0.014229 -0.024596
v -0.000241 -0.014229 -0.024746
v -0.000333 -0.014229 -0.024887
v -0.000440 -0.014229 -0.025017
v -0.000561 -0.017786 -0.025134
v -0.000694 -0.017786 -0.025237
v -0.000838 -0.017786 -0.025324
v -0.000990 -0.017786 -0.025395
v -0.001150 -0.017786 -0.025448
v -0.001315 -0.017786 -0.025483
v -0.001482 -0.017786 -0.025499
v -0.001650 -0.017786 -0.025496
v -0.001817 -0.017786 -0.025475
v -0.001981 -0.017786 -0.025435
v -0.002138 -0.017786 -0.025377
v -0.002289 -0.017786 -0.025301
v -0.002430 -0.017786 -0.025209
v -0.002560 -0.017786 -0.025103
v -0.002677 -0.017786 -0.024982
v -0.002779 -0.017786 -0.024849
v -0.002867 -0.017786 -0.024705
v -0.002937 -0.017786 -0.024552
v -0.002990 -0.017786 -0.024392
v -0.003025 -0.017786 -0.024228
v -0.003041 -0.017786 -0.024060
v -0.003039 -0.017786 -0.023892
v -0.003017 -0.017786 -0.023725
v -0.002977 -0.017786 -0.023562
v -0.002919 -0.017786 -0.023404
v -0.002844 -0.017786 -0.023254
v -0.002752 -0.017786 -0.023113
v -0.002645 -0.017786 -0.022983
v -0.002524 -0.017786 -0.022866
v -0.002391 -0.017786 -0.022763
v -0.002247 -0.017786 -0.022676
v -0.002095 -0.017786 -0.022605
v -0.001935 -0.017786 -0.022552
v -0.001770 -0.017786 -0.022517
v -0.001603 -0.017786 -0.022501
v -0.001435 -0.017786 -0.022504
v -0.001268 -0.017786 -0.022525
v -0.001104 -0.017786 -0.022565
v -0.000947 -0.017786 -0.022623
v -0.000796 -0.017786 -0.022699
v -0.000655 -0.017786 -0.022791
v -0.000525 -0.017786 -0.022897
v -0.000408 -0.017786 -0.023018
v -0.000306 -0.017786 -0.023151
v -0.000218 -0.017786 -0.023295
v -0.000148 -0.017786 -0.023448
v -0.000095 -0.017786 -0.023608
v -0.000060 -0.017786 -0.023772
v -0.000044 -0.017786 -0.023940
v -0.000046 -0.017786 -0.024108
v -0.000068 -0.017786 -0.024275
v -0.000108 -0.017786 -0.024438
v -0.000166 -0.017786 -0.024596
v -0.000241 -0.017786 -0.024746
v -0.000333 -0.017786 -0.024887
v -0.000440 -0.017786 -0.025017
v -0.000561 -0.021343 -0.025134
v -0.000694 -0.021343 -0.025237
v -0.000838 -0.021343 -0.025324
v -0.000990 -0.021343 -0.025395
v -0.001150 -0.021343 -0.025448
v -0.001315 -0.021343 -0.025483
v -0.001482 -0.021343 -0.025499
v -0.001650 -0.021343 -0.025496
v -0.001817 -0.021343 -0.025475
v -0.001981 -0.021343 -0.025435
v -0.002138 -0.021343 -0.025377
v -0.002289 -0.021343 -0.025301
v -0.002430 -0.021343 -0.025209
v -0.002560 -0.021343 -0.025103
v -0.002677 -0.021343 -0.024982
v -0.002779 -0.021343 -0.024849
v -0.002867 -0.021343 -0.024705
v -0.002937 -0.021343 -0.024552
v -0.002990 -0.021343 -0.024392
v -0.003025 -0.021343 -0.024228
v -0.003041 -0.021343 -0.024060
v -0.003039 -0.021343 -0.023892
v -0.003017 -0.021343 -0.023725
v -0.002977 -0.021343 -0.023562
v -0.002919 -0.021343 -0.023404
v -0.002844 -0.021343 -0.023254
v -0.002752 -0.021343 -0.023113
v -0.002645 -0.021343 -0.022983
v -0.002524 -0.021343 -0.022866
v -0.002391 -0.021343 -0.022763
v -0.002247 -0.021343 -0.022676
v -0.002095 -0.021343 -0.022605
v -0.001935 -0.021343 -0.022552
v -0.001770 -0.021343 -0.022517
v -0.001603 -0.021343 -0.022501
v -0.001435 -0.021343 -0.022504
v -0.001268 -0.021343 -0.022525
v -0.001104 -0.021343 -0.022565
v -0.000947 -0.021343 -0.022623
v -0.000796 -0.021343 -0.022699
v -0.000655 -0.021343 -0.022791
v -0.000525 -0.021343 -0.022897
v -0.000408 -0.021343 -0.023018
v -0.000306 -0.021343 -0.023151
v -0.000218 -0.021343 -0.023295
v -0.000148 -0.021343 -0.023448
v -0.000095 -0.021343 -0.023608
v -0.000060 -0.021343 -0.023772
v -0.000044 -0.021343 -0.023940
v -0.000046 -0.021343 -0.024108
v -0.000068 -0.021343 -0.024275
v -0.000108 -0.021343 -0.024438
v -0.000166 -0.021343 -0.024596
v -0.000241 -0.021343 -0.024746
v -0.000333 -0.021343 -0.024887
v -0.000440 -0.021343 -0.025017
v -0.000561 -0.024900 -0.025134
v -0.000694 -0.024900 -0.025237
v -0.000838 -0.024900 -0.025324
v -0.000990 -0.024900 -0.025395
v -0.001150 -0.024900 -0.025448
v -0.001315 -0.024900 -0.025483
v -0.001482 -0.024900 -0.025499
v -0.001650 -0.024900 -0.025496
v -0.001817 -0.024900 -0.025475
v -0.001981 -0.024900 -0.025435
v -0.002138 -0.024900 -0.025377
v -0.002289 -0.024900 -0.025301
v -0.002430 -0.024900 -0.025209
v -0.002560 -0.024900 -0.025103
v -0.002677 -0.024900 -0.024982
v -0.002779 -0.024900 -0.024849
v -0.002867 -0.024900 -0.024705
v -0.002937 -0.024900 -0.024552
v -0.002990 -0.024900 -0.024392
v -0.003025 -0.024900 -0.024228
v -0.003041 -0.024900 -0.024060
v -0.003039 -0.024900 -0.023892
v -0.003017 -0.024900 -0.023725
v -0.002977 -0.024900 -0.023562
v -0.002919 -0.024900 -0.023404
v -0.002844 -0.024900 -0.023254
v -0.002752 -0.024900 -0.023113
v -0.002645 -0.024900 -0.022983
v -0.002524 -0.024900 -0.022866
v -0.002391 -0.024900 -0.022763
v -0.002247 -0.024900 -0.022676
v -0.002095 -0.024900 -0.022605
v -0.001935 -0.024900 -0.022552
v -0.001770 -0.024900 -0.022517
v -0.001603 -0.024900 -0.022501
v -0.001435 -0.024900 -0.022504
v -0.001268 -0.024900 -0.022525
v -0.001104 -0.024900 -0.022565
v -0.000947 -0.024900 -0.022623
v -0.000796 -0.024900 -0.022699
v -0.000655 -0.024900 -0.022791
v -0.000525 -0.024900 -0.022897
v -0.000408 -0.024900 -0.023018
v -0.000306 -0.024900 -0.023151
v -0.000218 -0.024900 -0.023295
v -0.000148 -0.024900 -0.023448
v -0.000095 -0.024900 -0.023608
v -0.000060 -0.024900 -0.023772
v -0.000044 -0.024900 -0.023940
v -0.000046 -0.024900 -0.024108
v -0.000068 -0.024900 -0.024275
v -0.000108 -0.024900 -0.024438
v -0.000166 -0.024900 -0.024596
v -0.000241 -0.024900 -0.024746
v -0.000333 -0.024900 -0.024887
v -0.000440 -0.024900 -0.025017
v -0.000561 -0.028457 -0.025134
v -0.000694 -0.028457 -0.025237
v -0.000838 -0.028457 -0.025324
v -0.000990 -0.028457 -0.025395
v -0.001150 -0.028457 -0.025448
v -0.001315 -0.028457 -0.025483
v -0.001482 -0.028457 -0.025499
v -0.001650 -0.028457 -0.025496
v -0.001817 -0.028457 -0.025475
v -0.001981 -0.028457 -0.025435
v -0.002138 -0.028457 -0.025377
v -0.002289 -0.028457 -0.025301
v -0.002430 -0.028457 -0.025209
v -0.002560 -0.028457 -0.025103
v -0.002677 -0.028457 -0.024982
v -0.002779 -0.028457 -0.024849
v -0.002867 -0.028457 -0.024705
v -0.002937 -0.028457 -0.024552
v -0.002990 -0.028457 -0.024392
v -0.003025 -0.028457 -0.024228
v -0.003041 -0.028457 -0.024060
v -0.003039 -0.028457 -0.023892
v -0.003017 -0.028457 -0.023725
v -0.002977 -0.028457 -0.023562
v -0.002919 -0.028457 -0.023404
v -0.002844 -0.028457 -0.023254
v -0.002752 -0.028457 -0.023113
v -0.002645 -0.028457 -0.022983
v -0.002524 -0.028457 -0.022866
v -0.002391 -0.028457 -0.022763
v -0.002247 -0.028457 -0.022676
v -0.002095 -0.028457 -0.022605
v -0.001935 -0.028457 -0.022552
v -0.001770 -0.028457 -0.022517
v -0.001603 -0.028457 -0.022501
v -0.001435 -0.028457 -0.022504
v -0.001268 -0.028457 -0.022525
v -0.001104 -0.028457 -0.022565
v -0.000947 -0.028457 -0.022623
v -0.000796 -0.028457 -0.022699
v -0.000655 -0.028457 -0.022791
v -0.000525 -0.028457 -0.022897
v -0.000408 -0.028457 -0.023018
v -0.000306 -0.028457 -0.023151
v -0.000218 -0.028457 -0.023295
v -0.000148 -0.028457 -0.023448
v -0.000095 -0.028457 -0.023608
v -0.000060 -0.028457 -0.023772
v -0.000044 -0.028457 -0.023940
v -0.000046 -0.028457 -0.024108
v -0.000068 -0.028457 -0.024275
v -0.000108 -0.028457 -0.024438
v -0.000166 -0.028457 -0.024596
v -0.000241 -0.028457 -0.024746
v -0.000333 -0.028457 -0.024887
v -0.000440 -0.028457 -0.025017
v -0.000561 -0.032014 -0.025134
v -0.000694 -0.032014 -0.025237
v -0.000838 -0.032014 -0.025324
v -0.000990 -0.032014 -0.025395
v -0.001150 -0.032014 -0.025448
v -0.001315 -0.032014 -0.025483
v -0.001482 -0.032014 -0.025499
v -0.001650 -0.032014 -0.025496
v -0.001817 -0.032014 -0.025475
v -0.001981 -0.032014 -0.025435
v -0.002138 -0.032014 -0.025377
v -0.002289 -0.032014 -0.025301
v -0.002430 -0.032014 -0.025209
v -0.002560 -0.032014 -0.025103
v -0.002677 -0.032014 -0.024982
v -0.002779 -0.032014 -0.024849
v -0.002867 -0.032014 -0.024705
v -0.002937 -0.032014 -0.024552
v -0.002990 -0.032014 -0.024392
v -0.003025 -0.032014 -0.024228
v -0.003041 -0.032014 -0.024060
v -0.003039 -0.032014 -0.023892
v -0.003017 -0.032014 -0.023725
v -0.002977 -0.032014 -0.023562
v -0.002919 -0.032014 -0.023404
v -0.002844 -0.032014 -0.023254
v -0.002752 -0.032014 -0.023113
v -0.002645 -0.032014 -0.022983
v -0.002524 -0.032014 -0.022866
v -0.002391 -0.032014 -0.022763
v -0.002247 -0.032014 -0.022676
v -0.002095 -0.032014 -0.022605
v -0.001935 -0.032014 -0.022552
v -0.001770 -0.032014 -0.022517
v -0.001603 -0.032014 -0.022501
v -0.001435 -0.032014 -0.022504
v -0.001268 -0.032014 -0.022525
v -0.001104 -0.032014 -0.022565
v -0.000947 -0.032014 -0.022623
v -0.000796 -0.032014 -0.022699
v -0.000655 -0.032014 -0.022791
v -0.000525 -0.032014 -0.022897
v -0.000408 -0.032014 -0.023018
v -0.000306 -0.032014 -0.023151
v -0.000218 -0.032014 -0.023295
v -0.000148 -0.032014 -0.023448
v -0.000095 -0.032014 -0.023608
v -0.000060 -0.032014 -0.023772
v -0.000044 -0.032014 -0.023940
v -0.000046 -0.032014 -0.024108
v -0.000068 -0.032014 -0.024275
v -0.000108 -0.032014 -0.024438
v -0.000166 -0.032014 -0.024596
v -0.000241 -0.032014 -0.024746
v -0.000333 -0.032014 -0.024887
v -0.000440 -0.032014 -0.025017
v -0.000561 -0.035571 -0.025134
v -0.000694 -0.035571 -0.025237
v -0.000838 -0.035571 -0.025324
v -0.000990 -0.035571 -0.025395
v -0.001150 -0.035571 -0.025448
v -0.001315 -0.035571 -0.025483
v -0.001482 -0.035571 -0.025499
v -0.001650 -0.035571 -0.025496
v -0.001817 -0.035571 -0.025475
v -0.001981 -0.035571 -0.025435
v -0.002138 -0.035571 -0.025377
v -0.002289 -0.035571 -0.025301
v -0.002430 -0.035571 -0.025209
v -0.002560 -0.035571 -0.025103
v -0.002677 -0.035571 -0.024982
v -0.002779 -0.035571 -0.024849
v -0.002867 -0.035571 -0.024705
v -0.002937 -0.035571 -0.024552
v -0.002990 -0.035571 -0.024392
v -0.003025 -0.035571 -0.024228
v -0.003041 -0.035571 -0.024060
v -0.003039 -0.035571 -0.023892
v -0.003017 -0.035571 -0.023725
v -0.002977 -0.035571 -0.023562
v -0.002919 -0.035571 -0.023404
v -0.002844 -0.035571 -0.023254
v -0.002752 -0.035571 -0.023113
v -0.002645 -0.035571 -0.022983
v -0.002524 -0.035571 -0.022866
v -0.002391 -0.035571 -0.022763
v -0.002247 -0.035571 -0.022676
v -0.002095 -0.035571 -0.022605
v -0.001935 -0.035571 -0.022552
v -0.001770 -0.035571 -0.022517
v -0.001603 -0.035571 -0.022501
v -0.001435 -0.035571 -0.022504
v -0.001268 -0.035571 -0.022525
v -0.001104 -0.035571 -0.022565
v -0.000947 -0.035571 -0.022623
v -0.000796 -0.035571 -0.022699
v -0.000655 -0.035571 -0.022791
v -0.000525 -0.035571 -0.022897
v -0.000408 -0.035571 -0.023018
v -0.000306 -0.035571 -0.023151
v -0.000218 -0.035571 -0.023295
v -0.000148 -0.035571 -0.023448
v -0.000095 -0.035571 -0.023608
v -0.000060 -0.035571 -0.023772
v -0.000044 -0.035571 -0.023940
v -0.000046 -0.035571 -0.024108
v -0.000068 -0.035571 -0.024275
v -0.000108 -0.035571 -0.024438
v -0.000166 -0.035571 -0.024596
v -0.000241 -0.035571 -0.024746
v -0.000333 -0.035571 -0.024887
v -0.000440 -0.035571 -0.025017
v -0.000561 -0.039129 -0.025134
v -0.000694 -0.039129 -0.025237
v -0.000838 -0.039129 -0.025324
v -0.000990 -0.039129 -0.025395
v -0.001150 -0.039129 -0.025448
v -0.001315 -0.039129 -0.025483
v -0.001482 -0.039129 -0.025499
v -0.001650 -0.039129 -0.025496
v -0.001817 -0.039129 -0.025475
v -0.001981 -0.039129 -0.025435
v -0.002138 -0.039129 -0.025377
v -0.002289 -0.039129 -0.025301
v -0.002430 -0.039129 -0.025209
v -0.002560 -0.039129 -0.025103
v -0.002677 -0.039129 -0.024982
v -0.002779 -0.039129 -0.024849
v -0.002867 -0.039129 -0.024705
v -0.002937 -0.039129 -0.024552
v -0.002990 -0.039129 -0.024392
v -0.003025 -0.039129 -0.024228
v -0.003041 -0.039129 -0.024060
v -0.003039 -0.039129 -0.023892
v -0.003017 -0.039129 -0.023725
v -0.002977 -0.039129 -0.023562
v -0.002919 -0.039129 -0.023404
v -0.002844 -0.039129 -0.023254
v -0.002752 -0.039129 -0.023113
v -0.002645 -0.039129 -0.022983
v -0.002524 -0.039129 -0.022866
v -0.002391 -0.039129 -0.022763
v -0.002247 -0.039129 -0.022676
v -0.002095 -0.039129 -0.022605
v -0.001935 -0.039129 -0.022552
v -0.001770 -0.039129 -0.022517
v -0.001603 -0.039129 -0.022501
v -0.001435 -0.039129 -0.022504
v -0.001268 -0.039129 -0.022525
v -0.001104 -0.039129 -0.022565
v -0.000947 -0.039129 -0.022623
v -0.000796 -0.039129 -0.022699
v -0.000655 -0.039129 -0.022791
v -0.000525 -0.039129 -0.022897
v -0.000408 -0.039129 -0.023018
v -0.000306 -0.039129 -0.023151
v -0.000218 -0.039129 -0.023295
v -0.000148 -0.039129 -0.023448
v -0.000095 -0.039129 -0.023608
v -0.000060 -0.039129 -0.023772
v -0.000044 -0.039129 -0.023940
v -0.000046 -0.039129 -0.024108
v -0.000068 -0.039129 -0.024275
v -0.000108 -0.039129 -0.024438
v -0.000166 -0.039129 -0.024596
v -0.000241 -0.039129 -0.024746
v -0.000333 -0.039129 -0.024887
v -0.000440 -0.039129 -0.025017
v -0.000561 -0.042686 -0.025134
v -0.000694 -0.042686 -0.025237
v -0.000838 -0.042686 -0.025324
v -0.000990 -0.042686 -0.025395
v -0.001150 -0.042686 -0.025448
v -0.001315 -0.042686 -0.025483
v -0.001482 -0.042686 -0.025499
v -0.001650 -0.042686 -0.025496
v -0.001817 -0.042686 -0.025475
v -0.001981 -0.042686 -0.025435
v -0.002138 -0.042686 -0.025377
v -0.002289 -0.042686 -0.025301
v -0.002430 -0.042686 -0.025209
v -0.002560 -0.042686 -0.025103
v -0.002677 -0.042686 -0.024982
v -0.002779 -0.042686 -0.024849
v -0.002867 -0.042686 -0.024705
v -0.002937 -0.042686 -0.024552
v -0.002990 -0.042686 -0.024392
v -0.003025 -0.042686 -0.024228
v -0.003041 -0.042686 -0.024060
v -0.003039 -0.042686 -0.023892
v -0.003017 -0.042686 -0.023725
v -0.002977 -0.042686 -0.023562
v -0.002919 -0.042686 -0.023404
v -0.002844 -0.042686 -0.023254
v -0.002752 -0.042686 -0.023113
v -0.002645 -0.042686 -0.022983
v -0.002524 -0.042686 -0.022866
v -0.002391 -0.042686 -0.022763
v -0.002247 -0.042686 -0.022676
v -0.002095 -0.042686 -0.022605
v -0.001935 -0.042686 -0.022552
v -0.001770 -0.042686 -0.022517
v -0.001603 -0.042686 -0.022501
v -0.001435 -0.042686 -0.022504
v -0.001268 -0.042686 -0.022525
v -0.001104 -0.042686 -0.022565
v -0.000947 -0.042686 -0.022623
v -0.000796 -0.042686 -0.022699
v -0.000655 -0.042686 -0.022791
v -0.000525 -0.042686 -0.022897
v -0.000408 -0.042686 -0.023018
v -0.000306 -0.042686 -0.023151
v -0.000218 -0.042686 -0.023295
v -0.000148 -0.042686 -0.023448
v -0.000095 -0.042686 -0.023608
v -0.000060 -0.042686 -0.023772
v -0.000044 -0.042686 -0.023940
v -0.000046 -0.042686 -0.024108
v -0.000068 -0.042686 -0.024275
v -0.000108 -0.042686 -0.024438
v -0.000166 -0.042686 -0.024596
v -0.000241 -0.042686 -0.024746
v -0.000333 -0.042686 -0.024887
v -0.000440 -0.042686 -0.025017
v -0.002271 -0.050000 -0.022923
v -0.002393 -0.050000 -0.023017
v -0.002139 -0.050000 -0.022845
v -0.001998 -0.050000 -0.022782
v -0.001851 -0.050000 -0.022737
v -0.001699 -0.050000 -0.022709
v -0.001545 -0.050000 -0.022700
v -0.001392 -0.050000 -0.022709
v -0.001240 -0.050000 -0.022736
v -0.001092 -0.050000 -0.022780
v -0.000951 -0.050000 -0.022842
v -0.000819 -0.050000 -0.022920
v -0.000696 -0.050000 -0.023013
v -0.000585 -0.050000 -0.023120
v -0.000488 -0.050000 -0.023240
v -0.000405 -0.050000 -0.023370
v -0.000339 -0.050000 -0.023509
v -0.000289 -0.050000 -0.023655
v -0.000257 -0.050000 -0.023805
v -0.000243 -0.050000 -0.023959
v -0.000247 -0.050000 -0.024113
v -0.000270 -0.050000 -0.024265
v -0.000310 -0.050000 -0.024414
v -0.000368 -0.050000 -0.024557
v -0.000442 -0.050000 -0.024692
v -0.000531 -0.050000 -0.024817
v -0.000635 -0.050000 -0.024931
v -0.000751 -0.050000 -0.025032
v -0.000879 -0.050000 -0.025118
v -0.001016 -0.050000 -0.025189
v -0.001160 -0.050000 -0.025242
v -0.001310 -0.050000 -0.025279
v -0.001463 -0.050000 -0.025298
v -0.001617 -0.050000 -0.025298
v -0.001770 -0.050000 -0.025280
v -0.001919 -0.050000 -0.025244
v -0.002064 -0.050000 -0.025191
v -0.002201 -0.050000 -0.025121
v -0.002329 -0.050000 -0.025035
v -0.002446 -0.050000 -0.024935
v -0.002550 -0.050000 -0.024821
v -0.002640 -0.050000 -0.024696
v -0.002715 -0.050000 -0.024562
v -0.002773 -0.050000 -0.024419
v -0.002814 -0.050000 -0.024271
v -0.002837 -0.050000 -0.024118
v -0.002842 -0.050000 -0.023964
v -0.002829 -0.050000 -0.023811
v -0.002797 -0.050000 -0.023660
v -0.002748 -0.050000 -0.023514
v -0.002682 -0.050000 -0.023375
v -0.002600 -0.050000 -0.023244
v -0.002504 -0.050000 -0.023125
usemtl 강철_-_새틴
f 1 2 3
f 3 2 4
f 3 4 5
f 5 6 3
f 3 6 7
f 3 7 8
f 8 9 3
f 3 9 10
f 3 10 11
f 11 12 3
f 3 12 13
f 3 13 14
f 14 15 3
f 3 15 16
f 3 16 17
f 17 18 3
f 3 18 19
f 3 19 20
f 20 21 3
f 3 21 22
f 3 22 23
f 23 24 3
f 3 24 25
f 3 25 26
f 26 27 3
f 3 27 28
f 3 28 29
f 29 28 30
f 1 3 31
f 31 3 32
f 31 32 33
f 33 32 34
f 33 34 35
f 35 34 36
f 35 36 37
f 37 36 38
f 37 38 39
f 39 38 40
f 39 40 41
f 41 40 42
f 41 42 43
f 43 42 44
f 43 44 45
f 45 44 46
f 45 46 47
f 47 46 48
f 47 48 49
f 49 48 50
f 49 50 51
f 51 50 52
f 51 52 53
f 1 54 2
f 2 54 55
f 2 55 56
f 54 1 57
f 57 1 31
f 57 31 58
f 58 31 33
f 58 33 59
f 59 33 35
f 59 35 60
f 60 35 37
f 60 37 61
f 61 37 39
f 61 39 62
f 62 39 41
f 62 41 63
f 63 41 43
f 63 43 64
f 64 43 45
f 64 45 65
f 65 45 47
f 65 47 66
f 66 47 49
f 66 49 67
f 67 49 51
f 67 51 68
f 68 51 53
f 68 53 69
f 69 53 70
f 70 53 52
f 70 52 71
f 71 52 50
f 71 50 72
f 72 50 48
f 72 48 73
f 73 48 46
f 73 46 74
f 74 46 44
f 74 44 75
f 75 44 42
f 75 42 76
f 76 42 40
f 76 40 77
f 77 40 38
f 77 38 78
f 78 38 36
f 78 36 79
f 79 36 34
f 79 34 80
f 80 34 32
f 80 32 81
f 81 32 3
f 81 3 82
f 82 3 29
f 82 29 83
f 83 29 30
f 83 30 84
f 84 30 85
f 85 30 28
f 85 28 86
f 86 28 27
f 86 27 87
f 87 27 26
f 87 26 88
f 88 26 25
f 88 25 89
f 89 25 24
f 89 24 90
f 90 24 23
f 90 23 91
f 91 23 22
f 91 22 92
f 92 22 21
f 92 21 93
f 93 21 20
f 93 20 94
f 94 20 19
f 94 19 95
f 95 19 18
f 95 18 96
f 96 18 17
f 96 17 97
f 97 17 16
f 97 16 98
f 98 16 99
f 99 16 15
f 99 15 100
f 100 15 14
f 100 14 101
f 101 14 13
f 101 13 102
f 102 13 12
f 102 12 103
f 103 12 11
f 103 11 104
f 104 11 10
f 104 10 105
f 105 10 9
f 105 9 106
f 106 9 8
f 106 8 107
f 107 8 7
f 107 7 108
f 108 7 6
f 108 6 109
f 109 6 5
f 109 5 110
f 110 5 4
f 110 4 56
f 56 4 2
f 56 55 111
f 111 55 54
f 111 54 112
f 112 54 57
f 112 57 113
f 113 57 58
f 113 58 114
f 114 58 59
f 114 59 115
f 115 59 60
f 115 60 116
f 116 60 61
f 116 61 117
f 117 61 62
f 117 62 118
f 118 62 63
f 118 63 119
f 119 63 64
f 119 64 120
f 120 64 65
f 120 65 121
f 121 65 66
f 121 66 122
f 122 66 67
f 122 67 123
f 123 67 68
f 123 68 124
f 124 68 69
f 124 69 125
f 125 69 70
f 125 70 126
f 126 70 71
f 126 71 127
f 127 71 72
f 127 72 128
f 128 72 73
f 128 73 129
f 129 73 74
f 129 74 130
f 130 74 75
f 130 75 131
f 131 75 76
f 131 76 132
f 132 76 77
f 132 77 133
f 133 77 78
f 133 78 134
f 134 78 79
f 134 79 135
f 135 79 80
f 135 80 136
f 136 80 81
f 136 81 137
f 137 81 82
f 137 82 138
f 138 82 83
f 138 83 139
f 139 83 84
f 139 84 140
f 140 84 85
f 140 85 141
f 141 85 86
f 141 86 142
f 142 86 87
f 142 87 143
f 143 87 88
f 143 88 144
f 144 88 89
f 144 89 145
f 145 89 90
f 145 90 146
f 146 90 91
f 146 91 147
f 147 91 92
f 147 92 148
f 148 92 93
f 148 93 149
f 149 93 94
f 149 94 150
f 150 94 95
f 150 95 151
f 151 95 96
f 151 96 152
f 152 96 97
f 152 97 153
f 153 97 98
f 153 98 154
f 154 98 99
f 154 99 155
f 155 99 100
f 155 100 156
f 156 100 101
f 156 101 157
f 157 101 102
f 157 102 158
f 158 102 103
f 158 103 159
f 159 103 104
f 159 104 160
f 160 104 105
f 160 105 161
f 161 105 106
f 161 106 162
f 162 106 107
f 162 107 163
f 163 107 108
f 163 108 164
f 164 108 109
f 164 109 165
f 165 109 110
f 165 110 166
f 166 110 56
f 166 56 111
f 167 168 169
f 169 168 170
f 169 170 171
f 171 170 172
f 171 172 173
f 173 172 174
f 173 174 175
f 175 174 176
f 175 176 177
f 177 176 178
f 177 178 179
f 179 178 180
f 179 180 181
f 181 180 182
f 181 182 183
f 183 182 184
f 183 184 185
f 185 184 186
f 185 186 187
f 187 186 188
f 187 188 189
f 189 188 190
f 189 190 191
f 191 190 192
f 191 192 193
f 193 192 194
f 193 194 195
f 195 194 196
f 195 196 197
f 197 196 198
f 197 198 199
f 199 198 200
f 199 200 201
f 201 200 202
f 201 202 203
f 203 202 204
f 203 204 205
f 205 204 206
f 205 206 207
f 207 206 208
f 207 208 209
f 209 208 210
f 209 210 211
f 211 210 212
f 211 212 213
f 213 212 214
f 213 214 215
f 215 214 216
f 215 216 217
f 217 216 218
f 217 218 219
f 219 218 220
f 219 220 221
f 221 220 222
f 221 222 223
f 223 222 224
f 223 224 225
f 225 224 226
f 225 226 227
f 227 226 228
f 227 228 229
f 229 228 230
f 229 230 231
f 231 230 232
f 231 232 233
f 233 232 234
f 233 234 235
f 235 234 236
f 235 236 237
f 237 236 238
f 237 238 239
f 239 238 240
f 239 240 241
f 241 240 242
f 241 242 243
f 243 242 244
f 243 244 245
f 245 244 246
f 245 246 247
f 247 246 248
f 247 248 249
f 249 248 250
f 249 250 251
f 251 250 252
f 251 252 253
f 253 252 254
f 253 254 255
f 255 254 256
f 255 256 257
f 257 256 258
f 257 258 259
f 259 258 260
f 259 260 261
f 261 260 262
f 261 262 263
f 263 262 264
f 263 264 265
f 265 264 266
f 265 266 267
f 267 266 268
f 267 268 269
f 269 268 270
f 269 270 271
f 271 270 272
f 271 272 273
f 273 272 274
f 273 274 275
f 275 274 276
f 275 276 277
f 277 276 278
f 277 278 279
f 279 278 167
f 279 167 169
f 111 280 166
f 166 280 281
f 166 281 165
f 165 281 282
f 165 282 164
f 164 282 283
f 164 283 163
f 163 283 284
f 163 284 162
f 162 284 285
f 162 285 161
f 161 285 286
f 161 286 160
f 160 286 287
f 160 287 159
f 159 287 288
f 159 288 158
f 158 288 289
f 158 289 157
f 157 289 290
f 157 290 156
f 156 290 291
f 156 291 155
f 155 291 292
f 155 292 154
f 154 292 293
f 154 293 153
f 153 293 294
f 153 294 152
f 152 294 295
f 152 295 151
f 151 295 296
f 151 296 150
f 150 296 297
f 150 297 149
f 149 297 298
f 149 298 148
f 148 298 299
f 148 299 147
f 147 299 300
f 147 300 146
f 146 300 301
f 146 301 145
f 145 301 302
f 145 302 144
f 144 302 303
f 144 303 143
f 143 303 304
f 143 304 142
f 142 304 305
f 142 305 141
f 141 305 306
f 141 306 140
f 140 306 307
f 140 307 139
f 139 307 308
f 139 308 138
f 138 308 309
f 138 309 137
f 137 309 310
f 137 310 136
f 136 310 311
f 136 311 135
f 135 311 312
f 135 312 134
f 134 312 313
f 134 313 133
f 133 313 314
f 133 314 132
f 132 314 315
f 132 315 131
f 131 315 316
f 131 316 130
f 130 316 317
f 130 317 129
f 129 317 318
f 129 318 128
f 128 318 319
f 128 319 127
f 127 319 320
f 127 320 126
f 126 320 321
f 126 321 125
f 125 321 322
f 125 322 124
f 124 322 323
f 124 323 123
f 123 323 324
f 123 324 122
f 122 324 325
f 122 325 121
f 121 325 326
f 121 326 120
f 120 326 327
f 120 327 119
f 119 327 328
f 119 328 118
f 118 328 329
f 118 329 117
f 117 329 330
f 117 330 116
f 116 330 331
f 116 331 115
f 115 331 332
f 115 332 114
f 114 332 333
f 114 333 113
f 113 333 334
f 113 334 112
f 112 334 335
f 112 335 111
f 111 335 280
f 280 336 281
f 281 336 337
f 281 337 282
f 282 337 338
f 282 338 283
f 283 338 339
f 283 339 284
f 284 339 340
f 284 340 285
f 285 340 341
f 285 341 286
f 286 341 342
f 286 342 287
f 287 342 343
f 287 343 288
f 288 343 344
f 288 344 289
f 289 344 345
f 289 345 290
f 290 345 346
f 290 346 291
f 291 346 347
f 291 347 292
f 292 347 348
f 292 348 293
f 293 348 349
f 293 349 294
f 294 349 350
f 294 350 295
f 295 350 351
f 295 351 296
f 296 351 352
f 296 352 297
f 297 352 353
f 297 353 298
f 298 353 354
f 298 354 299
f 299 354 355
f 299 355 300
f 300 355 356
f 300 356 301
f 301 356 357
f 301 357 302
f 302 357 358
f 302 358 303
f 303 358 359
f 303 359 304
f 304 359 360
f 304 360 305
f 305 360 361
f 305 361 306
f 306 361 362
f 306 362 307
f 307 362 363
f 307 363 308
f 308 363 364
f 308 364 309
f 309 364 365
f 309 365 310
f 310 365 366
f 310 366 311
f 311 366 367
f 311 367 312
f 312 367 368
f 312 368 313
f 313 368 369
f 313 369 314
f 314 369 370
f 314 370 315
f 315 370 371
f 315 371 316
f 316 371 372
f 316 372 317
f 317 372 373
f 317 373 318
f 318 373 374
f 318 374 319
f 319 374 375
f 319 375 320
f 320 375 376
f 320 376 321
f 321 376 377
f 321 377 322
f 322 377 378
f 322 378 323
f 323 378 379
f 323 379 324
f 324 379 380
f 324 380 325
f 325 380 381
f 325 381 326
f 326 381 382
f 326 382 327
f 327 382 383
f 327 383 328
f 328 383 384
f 328 384 329
f 329 384 385
f 329 385 330
f 330 385 386
f 330 386 331
f 331 386 387
f 331 387 332
f 332 387 388
f 332 388 333
f 333 388 389
f 333 389 334
f 334 389 390
f 334 390 335
f 335 390 391
f 335 391 280
f 280 391 336
f 336 392 337
f 337 392 393
f 337 393 338
f 338 393 394
f 338 394 339
f 339 394 395
f 339 395 340
f 340 395 396
f 340 396 341
f 341 396 397
f 341 397 342
f 342 397 398
f 342 398 343
f 343 398 399
f 343 399 344
f 344 399 400
f 344 400 345
f 345 400 401
f 345 401 346
f 346 401 402
f 346 402 347
f 347 402 403
f 347 403 348
f 348 403 404
f 348 404 349
f 349 404 405
f 349 405 350
f 350 405 406
f 350 406 351
f 351 406 407
f 351 407 352
f 352 407 408
f 352 408 353
f 353 408 409
f 353 409 354
f 354 409 410
f 354 410 355
f 355 410 411
f 355 411 356
f 356 411 412
f 356 412 357
f 357 412 413
f 357 413 358
f 358 413 414
f 358 414 359
f 359 414 415
f 359 415 360
f 360 415 416
f 360 416 361
f 361 416 417
f 361 417 362
f 362 417 418
f 362 418 363
f 363 418 419
f 363 419 364
f 364 419 420
f 364 420 365
f 365 420 421
f 365 421 366
f 366 421 422
f 366 422 367
f 367 422 423
f 367 423 368
f 368 423 424
f 368 424 369
f 369 424 425
f 369 425 370
f 370 425 426
f 370 426 371
f 371 426 427
f 371 427 372
f 372 427 428
f 372 428 373
f 373 428 429
f 373 429 374
f 374 429 430
f 374 430 375
f 375 430 431
f 375 431 376
f 376 431 432
f 376 432 377
f 377 432 433
f 377 433 378
f 378 433 434
f 378 434 379
f 379 434 435
f 379 435 380
f 380 435 436
f 380 436 381
f 381 436 437
f 381 437 382
f 382 437 438
f 382 438 383
f 383 438 439
f 383 439 384
f 384 439 440
f 384 440 385
f 385 440 441
f 385 441 386
f 386 441 442
f 386 442 387
f 387 442 443
f 387 443 388
f 388 443 444
f 388 444 389
f 389 444 445
f 389 445 390
f 390 445 446
f 390 446 391
f 391 446 447
f 391 447 336
f 336 447 392
f 392 448 393
f 393 448 449
f 393 449 394
f 394 449 450
f 394 450 395
f 395 450 451
f 395 451 396
f 396 451 452
f 396 452 397
f 397 452 453
f 397 453 398
f 398 453 454
f 398 454 399
f 399 454 455
f 399 455 400
f 400 455 456
f 400 456 401
f 401 456 457
f 401 457 402
f 402 457 458
f 402 458 403
f 403 458 459
f 403 459 404
f 404 459 460
f 404 460 405
f 405 460 461
f 405 461 406
f 406 461 462
f 406 462 407
f 407 462 463
f 407 463 408
f 408 463 464
f 408 464 409
f 409 464 465
f 409 465 410
f 410 465 466
f 410 466 411
f 411 466 467
f 411 467 412
f 412 467 468
f 412 468 413
f 413 468 469
f 413 469 414
f 414 469 470
f 414 470 415
f 415 470 471
f 415 471 416
f 416 471 472
f 416 472 417
f 417 472 473
f 417 473 418
f 418 473 474
f 418 474 419
f 419 474 475
f 419 475 420
f 420 475 476
f 420 476 421
f 421 476 477
f 421 477 422
f 422 477 478
f 422 478 423
f 423 478 479
f 423 479 424
f 424 479 480
f 424 480 425
f 425 480 481
f 425 481 426
f 426 481 482
f 426 482 427
f 427 482 483
f 427 483 428
f 428 483 484
f 428 484 429
f 429 484 485
f 429 485 430
f 430 485 486
f 430 486 431
f 431 486 487
f 431 487 432
f 432 487 488
f 432 488 433
f 433 488 489
f 433 489 434
f 434 489 490
f 434 490 435
f 435 490 491
f 435 491 436
f 436 491 492
f 436 492 437
f 437 492 493
f 437 493 438
f 438 493 494
f 438 494 439
f 439 494 495
f 439 495 440
f 440 495 496
f 440 496 441
f 441 496 497
f 441 497 442
f 442 497 498
f 442 498 443
f 443 498 499
f 443 499 444
f 444 499 500
f 444 500 445
f 445 500 501
f 445 501 446
f 446 501 502
f 446 502 447
f 447 502 503
f 447 503 392
f 392 503 448
f 448 504 449
f 449 504 505
f 449 505 450
f 450 505 506
f 450 506 451
f 451 506 507
f 451 507 452
f 452 507 508
f 452 508 453
f 453 508 509
f 453 509 454
f 454 509 510
f 454 510 455
f 455 510 511
f 455 511 456
f 456 511 512
f 456 512 457
f 457 512 513
f 457 513 458
f 458 513 514
f 458 514 459
f 459 514 515
f 459 515 460
f 460 515 516
f 460 516 461
f 461 516 517
f 461 517 462
f 462 517 518
f 462 518 463
f 463 518 519
f 463 519 464
f 464 519 520
f 464 520 465
f 465 520 521
f 465 521 466
f 466 521 522
f 466 522 467
f 467 522 523
f 467 523 468
f 468 523 524
f 468 524 469
f 469 524 525
f 469 525 470
f 470 525 526
f 470 526 471
f 471 526 527
f 471 527 472
f 472 527 528
f 472 528 473
f 473 528 529
f 473 529 474
f 474 529 530
f 474 530 475
f 475 530 531
f 475 531 476
f 476 531 532
f 476 532 477
f 477 532 533
f 477 533 478
f 478 533 534
f 478 534 479
f 479 534 535
f 479 535 480
f 480 535 536
f 480 536 481
f 481 536 537
f 481 537 482
f 482 537 538
f 482 538 483
f 483 538 539
f 483 539 484
f 484 539 540
f 484 540 485
f 485 540 541
f 485 541 486
f 486 541 542
f 486 542 487
f 487 542 543
f 487 543 488
f 488 543 544
f 488 544 489
f 489 544 545
f 489 545 490
f 490 545 546
f 490 546 491
f 491 546 547
f 491 547 492
f 492 547 548
f 492 548 493
f 493 548 549
f 493 549 494
f 494 549 550
f 494 550 495
f 495 550 551
f 495 551 496
f 496 551 552
f 496 552 497
f 497 552 553
f 497 553 498
f 498 553 554
f 498 554 499
f 499 554 555
f 499 555 500
f 500 555 556
f 500 556 501
f 501 556 557
f 501 557 502
f 502 557 558
f 502 558 503
f 503 558 559
f 503 559 448
f 448 559 504
f 504 560 505
f 505 560 561
f 505 561 506
f 506 561 562
f 506 562 507
f 507 562 563
f 507 563 508
f 508 563 564
f 508 564 509
f 509 564 565
f 509 565 510
f 510 565 566
f 510 566 511
f 511 566 567
f 511 567 512
f 512 567 568
f 512 568 513
f 513 568 569
f 513 569 514
f 514 569 570
f 514 570 515
f 515 570 571
f 515 571 516
f 516 571 572
f 516 572 517
f 517 572 573
f 517 573 518
f 518 573 574
f 518 574 519
f 519 574 575
f 519 575 520
f 520 575 576
f 520 576 521
f 521 576 577
f 521 577 522
f 522 577 578
f 522 578 523
f 523 578 579
f 523 579 524
f 524 579 580
f 524 580 525
f 525 580 581
f 525 581 526
f 526 581 582
f 526 582 527
f 527 582 583
f 527 583 528
f 528 583 584
f 528 584 529
f 529 584 585
f 529 585 530
f 530 585 586
f 530 586 531
f 531 586 587
f 531 587 532
f 532 587 588
f 532 588 533
f 533 588 589
f 533 589 534
f 534 589 590
f 534 590 535
f 535 590 591
f 535 591 536
f 536 591 592
f 536 592 537
f 537 592 593
f 537 593 538
f 538 593 594
f 538 594 539
f 539 594 595
f 539 595 540
f 540 595 596
f 540 596 541
f 541 596 597
f 541 597 542
f 542 597 598
f 542 598 543
f 543 598 599
f 543 599 544
f 544 599 600
f 544 600 545
f 545 600 601
f 545 601 546
f 546 601 602
f 546 602 547
f 547 602 603
f 547 603 548
f 548 603 604
f 548 604 549
f 549 604 605
f 549 605 550
f 550 605 606
f 550 606 551
f 551 606 607
f 551 607 552
f 552 607 608
f 552 608 553
f 553 608 609
f 553 609 554
f 554 609 610
f 554 610 555
f 555 610 611
f 555 611 556
f 556 611 612
f 556 612 557
f 557 612 613
f 557 613 558
f 558 613 614
f 558 614 559
f 559 614 615
f 559 615 504
f 504 615 560
f 560 616 561
f 561 616 617
f 561 617 562
f 562 617 618
f 562 618 563
f 563 618 619
f 563 619 564
f 564 619 620
f 564 620 565
f 565 620 621
f 565 621 566
f 566 621 622
f 566 622 567
f 567 622 623
f 567 623 568
f 568 623 624
f 568 624 569
f 569 624 625
f 569 625 570
f 570 625 626
f 570 626 571
f 571 626 627
f 571 627 572
f 572 627 628
f 572 628 573
f 573 628 629
f 573 629 574
f 574 629 630
f 574 630 575
f 575 630 631
f 575 631 576
f 576 631 632
f 576 632 577
f 577 632 633
f 577 633 578
f 578 633 634
f 578 634 579
f 579 634 635
f 579 635 580
f 580 635 636
f 580 636 581
f 581 636 637
f 581 637 582
f 582 637 638
f 582 638 583
f 583 638 639
f 583 639 584
f 584 639 640
f 584 640 585
f 585 640 641
f 585 641 586
f 586 641 642
f 586 642 587
f 587 642 643
f 587 643 588
f 588 643 644
f 588 644 589
f 589 644 645
f 589 645 590
f 590 645 646
f 590 646 591
f 591 646 647
f 591 647 592
f 592 647 648
f 592 648 593
f 593 648 649
f 593 649 594
f 594 649 650
f 594 650 595
f 595 650 651
f 595 651 596
f 596 651 652
f 596 652 597
f 597 652 653
f 597 653 598
f 598 653 654
f 598 654 599
f 599 654 655
f 599 655 600
f 600 655 656
f 600 656 601
f 601 656 657
f 601 657 602
f 602 657 658
f 602 658 603
f 603 658 659
f 603 659 604
f 604 659 660
f 604 660 605
f 605 660 661
f 605 661 606
f 606 661 662
f 606 662 607
f 607 662 663
f 607 663 608
f 608 663 664
f 608 664 609
f 609 664 665
f 609 665 610
f 610 665 666
f 610 666 611
f 611 666 667
f 611 667 612
f 612 667 668
f 612 668 613
f 613 668 669
f 613 669 614
f 614 669 670
f 614 670 615
f 615 670 671
f 615 671 560
f 560 671 616
f 616 672 617
f 617 672 673
f 617 673 618
f 618 673 674
f 618 674 619
f 619 674 675
f 619 675 620
f 620 675 676
f 620 676 621
f 621 676 677
f 621 677 622
f 622 677 678
f 622 678 623
f 623 678 679
f 623 679 624
f 624 679 680
f 624 680 625
f 625 680 681
f 625 681 626
f 626 681 682
f 626 682 627
f 627 682 683
f 627 683 628
f 628 683 684
f 628 684 629
f 629 684 685
f 629 685 630
f 630 685 686
f 630 686 631
f 631 686 687
f 631 687 632
f 632 687 688
f 632 688 633
f 633 688 689
f 633 689 634
f 634 689 690
f 634 690 635
f 635 690 691
f 635 691 636
f 636 691 692
f 636 692 637
f 637 692 693
f 637 693 638
f 638 693 694
f 638 694 639
f 639 694 695
f 639 695 640
f 640 695 696
f 640 696 641
f 641 696 697
f 641 697 642
f 642 697 698
f 642 698 643
f 643 698 699
f 643 699 644
f 644 699 700
f 644 700 645
f 645 700 701
f 645 701 646
f 646 701 702
f 646 702 647
f 647 702 703
f 647 703 648
f 648 703 704
f 648 704 649
f 649 704 705
f 649 705 650
f 650 705 706
f 650 706 651
f 651 706 707
f 651 707 652
f 652 707 708
f 652 708 653
f 653 708 709
f 653 709 654
f 654 709 710
f 654 710 655
f 655 710 711
f 655 711 656
f 656 711 712
f 656 712 657
f 657 712 713
f 657 713 658
f 658 713 714
f 658 714 659
f 659 714 715
f 659 715 660
f 660 715 716
f 660 716 661
f 661 716 717
f 661 717 662
f 662 717 718
f 662 718 663
f 663 718 719
f 663 719 664
f 664 719 720
f 664 720 665
f 665 720 721
f 665 721 666
f 666 721 722
f 666 722 667
f 667 722 723
f 667 723 668
f 668 723 724
f 668 724 669
f 669 724 725
f 669 725 670
f 670 725 726
f 670 726 671
f 671 726 727
f 671 727 616
f 616 727 672
f 672 728 673
f 673 728 729
f 673 729 674
f 674 729 730
f 674 730 675
f 675 730 731
f 675 731 676
f 676 731 732
f 676 732 677
f 677 732 733
f 677 733 678
f 678 733 734
f 678 734 679
f 679 734 735
f 679 735 680
f 680 735 736
f 680 736 681
f 681 736 737
f 681 737 682
f 682 737 738
f 682 738 683
f 683 738 739
f 683 739 684
f 684 739 740
f 684 740 685
f 685 740 741
f 685 741 686
f 686 741 742
f 686 742 687
f 687 742 743
f 687 743 688
f 688 743 744
f 688 744 689
f 689 744 745
f 689 745 690
f 690 745 746
f 690 746 691
f 691 746 747
f 691 747 692
f 692 747 748
f 692 748 693
f 693 748 749
f 693 749 694
f 694 749 750
f 694 750 695
f 695 750 751
f 695 751 696
f 696 751 752
f 696 752 697
f 697 752 753
f 697 753 698
f 698 753 754
f 698 754 699
f 699 754 755
f 699 755 700
f 700 755 756
f 700 756 701
f 701 756 757
f 701 757 702
f 702 757 758
f 702 758 703
f 703 758 759
f 703 759 704
f 704 759 760
f 704 760 705
f 705 760 761
f 705 761 706
f 706 761 762
f 706 762 707
f 707 762 763
f 707 763 708
f 708 763 764
f 708 764 709
f 709 764 765
f 709 765 710
f 710 765 766
f 710 766 711
f 711 766 767
f 711 767 712
f 712 767 768
f 712 768 713
f 713 768 769
f 713 769 714
f 714 769 770
f 714 770 715
f 715 770 771
f 715 771 716
f 716 771 772
f 716 772 717
f 717 772 773
f 717 773 718
f 718 773 774
f 718 774 719
f 719 774 775
f 719 775 720
f 720 775 776
f 720 776 721
f 721 776 777
f 721 777 722
f 722 777 778
f 722 778 723
f 723 778 779
f 723 779 724
f 724 779 780
f 724 780 725
f 725 780 781
f 725 781 726
f 726 781 782
f 726 782 727
f 727 782 783
f 727 783 672
f 672 783 728
f 728 784 729
f 729 784 785
f 729 785 730
f 730 785 786
f 730 786 731
f 731 786 787
f 731 787 732
f 732 787 788
f 732 788 733
f 733 788 789
f 733 789 734
f 734 789 790
f 734 790 735
f 735 790 791
f 735 791 736
f 736 791 792
f 736 792 737
f 737 792 793
f 737 793 738
f 738 793 794
f 738 794 739
f 739 794 795
f 739 795 740
f 740 795 796
f 740 796 741
f 741 796 797
f 741 797 742
f 742 797 798
f 742 798 743
f 743 798 799
f 743 799 744
f 744 799 800
f 744 800 745
f 745 800 801
f 745 801 746
f 746 801 802
f 746 802 747
f 747 802 803
f 747 803 748
f 748 803 804
f 748 804 749
f 749 804 805
f 749 805 750
f 750 805 806
f 750 806 751
f 751 806 807
f 751 807 752
f 752 807 808
f 752 808 753
f 753 808 809
f 753 809 754
f 754 809 810
f 754 810 755
f 755 810 811
f 755 811 756
f 756 811 812
f 756 812 757
f 757 812 813
f 757 813 758
f 758 813 814
f 758 814 759
f 759 814 815
f 759 815 760
f 760 815 816
f 760 816 761
f 761 816 817
f 761 817 762
f 762 817 818
f 762 818 763
f 763 818 819
f 763 819 764
f 764 819 820
f 764 820 765
f 765 820 821
f 765 821 766
f 766 821 822
f 766 822 767
f 767 822 823
f 767 823 768
f 768 823 824
f 768 824 769
f 769 824 825
f 769 825 770
f 770 825 826
f 770 826 771
f 771 826 827
f 771 827 772
f 772 827 828
f 772 828 773
f 773 828 829
f 773 829 774
f 774 829 830
f 774 830 775
f 775 830 831
f 775 831 776
f 776 831 832
f 776 832 777
f 777 832 833
f 777 833 778
f 778 833 834
f 778 834 779
f 779 834 835
f 779 835 780
f 780 835 836
f 780 836 781
f 781 836 837
f 781 837 782
f 782 837 838
f 782 838 783
f 783 838 839
f 783 839 728
f 728 839 784
f 784 840 785
f 785 840 841
f 785 841 786
f 786 841 842
f 786 842 787
f 787 842 843
f 787 843 788
f 788 843 844
f 788 844 789
f 789 844 845
f 789 845 790
f 790 845 846
f 790 846 791
f 791 846 847
f 791 847 792
f 792 847 848
f 792 848 793
f 793 848 849
f 793 849 794
f 794 849 850
f 794 850 795
f 795 850 851
f 795 851 796
f 796 851 852
f 796 852 797
f 797 852 853
f 797 853 798
f 798 853 854
f 798 854 799
f 799 854 855
f 799 855 800
f 800 855 856
f 800 856 801
f 801 856 857
f 801 857 802
f 802 857 858
f 802 858 803
f 803 858 859
f 803 859 804
f 804 859 860
f 804 860 805
f 805 860 861
f 805 861 806
f 806 861 862
f 806 862 807
f 807 862 863
f 807 863 808
f 808 863 864
f 808 864 809
f 809 864 865
f 809 865 810
f 810 865 866
f 810 866 811
f 811 866 867
f 811 867 812
f 812 867 868
f 812 868 813
f 813 868 869
f 813 869 814
f 814 869 870
f 814 870 815
f 815 870 871
f 815 871 816
f 816 871 872
f 816 872 817
f 817 872 873
f 817 873 818
f 818 873 874
f 818 874 819
f 819 874 875
f 819 875 820
f 820 875 876
f 820 876 821
f 821 876 877
f 821 877 822
f 822 877 878
f 822 878 823
f 823 878 879
f 823 879 824
f 824 879 880
f 824 880 825
f 825 880 881
f 825 881 826
f 826 881 882
f 826 882 827
f 827 882 883
f 827 883 828
f 828 883 884
f 828 884 829
f 829 884 885
f 829 885 830
f 830 885 886
f 830 886 831
f 831 886 887
f 831 887 832
f 832 887 888
f 832 888 833
f 833 888 889
f 833 889 834
f 834 889 890
f 834 890 835
f 835 890 891
f 835 891 836
f 836 891 892
f 836 892 837
f 837 892 893
f 837 893 838
f 838 893 894
f 838 894 839
f 839 894 895
f 839 895 784
f 784 895 840
f 840 896 841
f 841 896 897
f 841 897 842
f 842 897 898
f 842 898 843
f 843 898 899
f 843 899 844
f 844 899 900
f 844 900 845
f 845 900 901
f 845 901 846
f 846 901 902
f 846 902 847
f 847 902 903
f 847 903 848
f 848 903 904
f 848 904 849
f 849 904 905
f 849 905 850
f 850 905 906
f 850 906 851
f 851 906 907
f 851 907 852
f 852 907 908
f 852 908 853
f 853 908 909
f 853 909 854
f 854 909 910
f 854 910 855
f 855 910 911
f 855 911 856
f 856 911 912
f 856 912 857
f 857 912 913
f 857 913 858
f 858 913 914
f 858 914 859
f 859 914 915
f 859 915 860
f 860 915 916
f 860 916 861
f 861 916 917
f 861 917 862
f 862 917 918
f 862 918 863
f 863 918 919
f 863 919 864
f 864 919 920
f 864 920 865
f 865 920 921
f 865 921 866
f 866 921 922
f 866 922 867
f 867 922 923
f 867 923 868
f 868 923 924
f 868 924 869
f 869 924 925
f 869 925 870
f 870 925 926
f 870 926 871
f 871 926 927
f 871 927 872
f 872 927 928
f 872 928 873
f 873 928 929
f 873 929 874
f 874 929 930
f 874 930 875
f 875 930 931
f 875 931 876
f 876 931 932
f 876 932 877
f 877 932 933
f 877 933 878
f 878 933 934
f 878 934 879
f 879 934 935
f 879 935 880
f 880 935 936
f 880 936 881
f 881 936 937
f 881 937 882
f 882 937 938
f 882 938 883
f 883 938 939
f 883 939 884
f 884 939 940
f 884 940 885
f 885 940 941
f 885 941 886
f 886 941 942
f 886 942 887
f 887 942 943
f 887 943 888
f 888 943 944
f 888 944 889
f 889 944 945
f 889 945 890
f 890 945 946
f 890 946 891
f 891 946 947
f 891 947 892
f 892 947 948
f 892 948 893
f 893 948 949
f 893 949 894
f 894 949 950
f 894 950 895
f 895 950 951
f 895 951 840
f 840 951 896
f 896 952 897
f 897 952 953
f 897 953 898
f 898 953 954
f 898 954 899
f 899 954 955
f 899 955 900
f 900 955 956
f 900 956 901
f 901 956 957
f 901 957 902
f 902 957 958
f 902 958 903
f 903 958 959
f 903 959 904
f 904 959 960
f 904 960 905
f 905 960 961
f 905 961 906
f 906 961 962
f 906 962 907
f 907 962 963
f 907 963 908
f 908 963 964
f 908 964 909
f 909 964 965
f 909 965 910
f 910 965 966
f 910 966 911
f 911 966 967
f 911 967 912
f 912 967 968
f 912 968 913
f 913 968 969
f 913 969 914
f 914 969 970
f 914 970 915
f 915 970 971
f 915 971 916
f 916 971 972
f 916 972 917
f 917 972 973
f 917 973 918
f 918 973 974
f 918 974 919
f 919 974 975
f 919 975 920
f 920 975 976
f 920 976 921
f 921 976 977
f 921 977 922
f 922 977 978
f 922 978 923
f 923 978 979
f 923 979 924
f 924 979 980
f 924 980 925
f 925 980 981
f 925 981 926
f 926 981 982
f 926 982 927
f 927 982 983
f 927 983 928
f 928 983 984
f 928 984 929
f 929 984 985
f 929 985 930
f 930 985 986
f 930 986 931
f 931 986 987
f 931 987 932
f 932 987 988
f 932 988 933
f 933 988 989
f 933 989 934
f 934 989 990
f 934 990 935
f 935 990 991
f 935 991 936
f 936 991 992
f 936 992 937
f 937 992 993
f 937 993 938
f 938 993 994
f 938 994 939
f 939 994 995
f 939 995 940
f 940 995 996
f 940 996 941
f 941 996 997
f 941 997 942
f 942 997 998
f 942 998 943
f 943 998 999
f 943 999 944
f 944 999 1000
f 944 1000 945
f 945 1000 1001
f 945 1001 946
f 946 1001 1002
f 946 1002 947
f 947 1002 1003
f 947 1003 948
f 948 1003 1004
f 948 1004 949
f 949 1004 1005
f 949 1005 950
f 950 1005 1006
f 950 1006 951
f 951 1006 1007
f 951 1007 896
f 896 1007 952
f 952 1008 953
f 953 1008 1009
f 953 1009 954
f 954 1009 1010
f 954 1010 955
f 955 1010 1011
f 955 1011 956
f 956 1011 1012
f 956 1012 957
f 957 1012 1013
f 957 1013 958
f 958 1013 1014
f 958 1014 959
f 959 1014 1015
f 959 1015 960
f 960 1015 1016
f 960 1016 961
f 961 1016 1017
f 961 1017 962
f 962 1017 1018
f 962 1018 963
f 963 1018 1019
f 963 1019 964
f 964 1019 1020
f 964 1020 965
f 965 1020 1021
f 965 1021 966
f 966 1021 1022
f 966 1022 967
f 967 1022 1023
f 967 1023 968
f 968 1023 1024
f 968 1024 969
f 969 1024 1025
f 969 1025 970
f 970 1025 1026
f 970 1026 971
f 971 1026 1027
f 971 1027 972
f 972 1027 1028
f 972 1028 973
f 973 1028 1029
f 973 1029 974
f 974 1029 1030
f 974 1030 975
f 975 1030 1031
f 975 1031 976
f 976 1031 1032
f 976 1032 977
f 977 1032 1033
f 977 1033 978
f 978 1033 1034
f 978 1034 979
f 979 1034 1035
f 979 1035 980
f 980 1035 1036
f 980 1036 981
f 981 1036 1037
f 981 1037 982
f 982 1037 1038
f 982 1038 983
f 983 1038 1039
f 983 1039 984
f 984 1039 1040
f 984 1040 985
f 985 1040 1041
f 985 1041 986
f 986 1041 1042
f 986 1042 987
f 987 1042 1043
f 987 1043 988
f 988 1043 1044
f 988 1044 989
f 989 1044 1045
f 989 1045 990
f 990 1045 1046
f 990 1046 991
f 991 1046 1047
f 991 1047 992
f 992 1047 1048
f 992 1048 993
f 993 1048 1049
f 993 1049 994
f 994 1049 1050
f 994 1050 995
f 995 1050 1051
f 995 1051 996
f 996 1051 1052
f 996 1052 997
f 997 1052 1053
f 997 1053 998
f 998 1053 1054
f 998 1054 999
f 999 1054 1055
f 999 1055 1000
f 1000 1055 1056
f 1000 1056 1001
f 1001 1056 1057
f 1001 1057 1002
f 1002 1057 1058
f 1002 1058 1003
f 1003 1058 1059
f 1003 1059 1004
f 1004 1059 1060
f 1004 1060 1005
f 1005 1060 1061
f 1005 1061 1006
f 1006 1061 1062
f 1006 1062 1007
f 1007 1062 1063
f 1007 1063 952
f 952 1063 1008
f 1008 1064 1009
f 1009 1064 1065
f 1009 1065 1010
f 1010 1065 1066
f 1010 1066 1011
f 1011 1066 1067
f 1011 1067 1012
f 1012 1067 1068
f 1012 1068 1013
f 1013 1068 1069
f 1013 1069 1014
f 1014 1069 1070
f 1014 1070 1015
f 1015 1070 1071
f 1015 1071 1016
f 1016 1071 1072
f 1016 1072 1017
f 1017 1072 1073
f 1017 1073 1018
f 1018 1073 1074
f 1018 1074 1019
f 1019 1074 1075
f 1019 1075 1020
f 1020 1075 1076
f 1020 1076 1021
f 1021 1076 1077
f 1021 1077 1022
f 1022 1077 1078
f 1022 1078 1023
f 1023 1078 1079
f 1023 1079 1024
f 1024 1079 1080
f 1024 1080 1025
f 1025 1080 1081
f 1025 1081 1026
f 1026 1081 1082
f 1026 1082 1027
f 1027 1082 1083
f 1027 1083 1028
f 1028 1083 1084
f 1028 1084 1029
f 1029 1084 1085
f 1029 1085 1030
f 1030 1085 1086
f 1030 1086 1031
f 1031 1086 1087
f 1031 1087 1032
f 1032 1087 1088
f 1032 1088 1033
f 1033 1088 1089
f 1033 1089 1034
f 1034 1089 1090
f 1034 1090 1035
f 1035 1090 1091
f 1035 1091 1036
f 1036 1091 1092
f 1036 1092 1037
f 1037 1092 1093
f 1037 1093 1038
f 1038 1093 1094
f 1038 1094 1039
f 1039 1094 1095
f 1039 1095 1040
f 1040 1095 1096
f 1040 1096 1041
f 1041 1096 1097
f 1041 1097 1042
f 1042 1097 1098
f 1042 1098 1043
f 1043 1098 1099
f 1043 1099 1044
f 1044 1099 1100
f 1044 1100 1045
f 1045 1100 1101
f 1045 1101 1046
f 1046 1101 1102
f 1046 1102 1047
f 1047 1102 1103
f 1047 1103 1048
f 1048 1103 1104
f 1048 1104 1049
f 1049 1104 1105
f 1049 1105 1050
f 1050 1105 1106
f 1050 1106 1051
f 1051 1106 1107
f 1051 1107 1052
f 1052 1107 1108
f 1052 1108 1053
f 1053 1108 1109
f 1053 1109 1054
f 1054 1109 1110
f 1054 1110 1055
f 1055 1110 1111
f 1055 1111 1056
f 1056 1111 1112
f 1056 1112 1057
f 1057 1112 1113
f 1057 1113 1058
f 1058 1113 1114
f 1058 1114 1059
f 1059 1114 1115
f 1059 1115 1060
f 1060 1115 1116
f 1060 1116 1061
f 1061 1116 1117
f 1061 1117 1062
f 1062 1117 1118
f 1062 1118 1063
f 1063 1118 1119
f 1063 1119 1008
f 1008 1119 1064
f 1064 1120 1065
f 1065 1120 1121
f 1065 1121 1066
f 1066 1121 1122
f 1066 1122 1067
f 1067 1122 1123
f 1067 1123 1068
f 1068 1123 1124
f 1068 1124 1069
f 1069 1124 1125
f 1069 1125 1070
f 1070 1125 1126
f 1070 1126 1071
f 1071 1126 1127
f 1071 1127 1072
f 1072 1127 1128
f 1072 1128 1073
f 1073 1128 1129
f 1073 1129 1074
f 1074 1129 1130
f 1074 1130 1075
f 1075 1130 1131
f 1075 1131 1076
f 1076 1131 1132
f 1076 1132 1077
f 1077 1132 1133
f 1077 1133 1078
f 1078 1133 1134
f 1078 1134 1079
f 1079 1134 1135
f 1079 1135 1080
f 1080 1135 1136
f 1080 1136 1081
f 1081 1136 1137
f 1081 1137 1082
f 1082 1137 1138
f 1082 1138 1083
f 1083 1138 1139
f 1083 1139 1084
f 1084 1139 1140
f 1084 1140 1085
f 1085 1140 1141
f 1085 1141 1086
f 1086 1141 1142
f 1086 1142 1087
f 1087 1142 1143
f 1087 1143 1088
f 1088 1143 1144
f 1088 1144 1089
f 1089 1144 1145
f 1089 1145 1090
f 1090 1145 1146
f 1090 1146 1091
f 1091 1146 1147
f 1091 1147 1092
f 1092 1147 1148
f 1092 1148 1093
f 1093 1148 1149
f 1093 1149 1094
f 1094 1149 1150
f 1094 1150 1095
f 1095 1150 1151
f 1095 1151 1096
f 1096 1151 1152
f 1096 1152 1097
f 1097 1152 1153
f 1097 1153 1098
f 1098 1153 1154
f 1098 1154 1099
f 1099 1154 1155
f 1099 1155 1100
f 1100 1155 1156
f 1100 1156 1101
f 1101 1156 1157
f 1101 1157 1102
f 1102 1157 1158
f 1102 1158 1103
f 1103 1158 1159
f 1103 1159 1104
f 1104 1159 1160
f 1104 1160 1105
f 1105 1160 1161
f 1105 1161 1106
f 1106 1161 1162
f 1106 1162 1107
f 1107 1162 1163
f 1107 1163 1108
f 1108 1163 1164
f 1108 1164 1109
f 1109 1164 1165
f 1109 1165 1110
f 1110 1165 1166
f 1110 1166 1111
f 1111 1166 1167
f 1111 1167 1112
f 1112 1167 1168
f 1112 1168 1113
f 1113 1168 1169
f 1113 1169 1114
f 1114 1169 1170
f 1114 1170 1115
f 1115 1170 1171
f 1115 1171 1116
f 1116 1171 1172
f 1116 1172 1117
f 1117 1172 1173
f 1117 1173 1118
f 1118 1173 1174
f 1118 1174 1119
f 1119 1174 1175
f 1119 1175 1064
f 1064 1175 1120
f 1120 1176 1121
f 1121 1176 1177
f 1121 1177 1122
f 1122 1177 1178
f 1122 1178 1123
f 1123 1178 1179
f 1123 1179 1124
f 1124 1179 1180
f 1124 1180 1125
f 1125 1180 1181
f 1125 1181 1126
f 1126 1181 1182
f 1126 1182 1127
f 1127 1182 1183
f 1127 1183 1128
f 1128 1183 1184
f 1128 1184 1129
f 1129 1184 1185
f 1129 1185 1130
f 1130 1185 1186
f 1130 1186 1131
f 1131 1186 1187
f 1131 1187 1132
f 1132 1187 1188
f 1132 1188 1133
f 1133 1188 1189
f 1133 1189 1134
f 1134 1189 1190
f 1134 1190 1135
f 1135 1190 1191
f 1135 1191 1136
f 1136 1191 1192
f 1136 1192 1137
f 1137 1192 1193
f 1137 1193 1138
f 1138 1193 1194
f 1138 1194 1139
f 1139 1194 1195
f 1139 1195 1140
f 1140 1195 1196
f 1140 1196 1141
f 1141 1196 1197
f 1141 1197 1142
f 1142 1197 1198
f 1142 1198 1143
f 1143 1198 1199
f 1143 1199 1144
f 1144 1199 1200
f 1144 1200 1145
f 1145 1200 1201
f 1145 1201 1146
f 1146 1201 1202
f 1146 1202 1147
f 1147 1202 1203
f 1147 1203 1148
f 1148 1203 1204
f 1148 1204 1149
f 1149 1204 1205
f 1149 1205 1150
f 1150 1205 1206
f 1150 1206 1151
f 1151 1206 1207
f 1151 1207 1152
f 1152 1207 1208
f 1152 1208 1153
f 1153 1208 1209
f 1153 1209 1154
f 1154 1209 1210
f 1154 1210 1155
f 1155 1210 1211
f 1155 1211 1156
f 1156 1211 1212
f 1156 1212 1157
f 1157 1212 1213
f 1157 1213 1158
f 1158 1213 1214
f 1158 1214 1159
f 1159 1214 1215
f 1159 1215 1160
f 1160 1215 1216
f 1160 1216 1161
f 1161 1216 1217
f 1161 1217 1162
f 1162 1217 1218
f 1162 1218 1163
f 1163 1218 1219
f 1163 1219 1164
f 1164 1219 1220
f 1164 1220 1165
f 1165 1220 1221
f 1165 1221 1166
f 1166 1221 1222
f 1166 1222 1167
f 1167 1222 1223
f 1167 1223 1168
f 1168 1223 1224
f 1168 1224 1169
f 1169 1224 1225
f 1169 1225 1170
f 1170 1225 1226
f 1170 1226 1171
f 1171 1226 1227
f 1171 1227 1172
f 1172 1227 1228
f 1172 1228 1173
f 1173 1228 1229
f 1173 1229 1174
f 1174 1229 1230
f 1174 1230 1175
f 1175 1230 1231
f 1175 1231 1120
f 1120 1231 1176
f 1176 1232 1177
f 1177 1232 1233
f 1177 1233 1178
f 1178 1233 1234
f 1178 1234 1179
f 1179 1234 1235
f 1179 1235 1180
f 1180 1235 1236
f 1180 1236 1181
f 1181 1236 1237
f 1181 1237 1182
f 1182 1237 1238
f 1182 1238 1183
f 1183 1238 1239
f 1183 1239 1184
f 1184 1239 1240
f 1184 1240 1185
f 1185 1240 1241
f 1185 1241 1186
f 1186 1241 1242
f 1186 1242 1187
f 1187 1242 1243
f 1187 1243 1188
f 1188 1243 1244
f 1188 1244 1189
f 1189 1244 1245
f 1189 1245 1190
f 1190 1245 1246
f 1190 1246 1191
f 1191 1246 1247
f 1191 1247 1192
f 1192 1247 1248
f 1192 1248 1193
f 1193 1248 1249
f 1193 1249 1194
f 1194 1249 1250
f 1194 1250 1195
f 1195 1250 1251
f 1195 1251 1196
f 1196 1251 1252
f 1196 1252 1197
f 1197 1252 1253
f 1197 1253 1198
f 1198 1253 1254
f 1198 1254 1199
f 1199 1254 1255
f 1199 1255 1200
f 1200 1255 1256
f 1200 1256 1201
f 1201 1256 1257
f 1201 1257 1202
f 1202 1257 1258
f 1202 1258 1203
f 1203 1258 1259
f 1203 1259 1204
f 1204 1259 1260
f 1204 1260 1205
f 1205 1260 1261
f 1205 1261 1206
f 1206 1261 1262
f 1206 1262 1207
f 1207 1262 1263
f 1207 1263 1208
f 1208 1263 1264
f 1208 1264 1209
f 1209 1264 1265
f 1209 1265 1210
f 1210 1265 1266
f 1210 1266 1211
f 1211 1266 1267
f 1211 1267 1212
f 1212 1267 1268
f 1212 1268 1213
f 1213 1268 1269
f 1213 1269 1214
f 1214 1269 1270
f 1214 1270 1215
f 1215 1270 1271
f 1215 1271 1216
f 1216 1271 1272
f 1216 1272 1217
f 1217 1272 1273
f 1217 1273 1218
f 1218 1273 1274
f 1218 1274 1219
f 1219 1274 1275
f 1219 1275 1220
f 1220 1275 1276
f 1220 1276 1221
f 1221 1276 1277
f 1221 1277 1222
f 1222 1277 1278
f 1222 1278 1223
f 1223 1278 1279
f 1223 1279 1224
f 1224 1279 1280
f 1224 1280 1225
f 1225 1280 1281
f 1225 1281 1226
f 1226 1281 1282
f 1226 1282 1227
f 1227 1282 1283
f 1227 1283 1228
f 1228 1283 1284
f 1228 1284 1229
f 1229 1284 1285
f 1229 1285 1230
f 1230 1285 1286
f 1230 1286 1231
f 1231 1286 1287
f 1231 1287 1176
f 1176 1287 1232
f 1232 1288 1233
f 1233 1288 1289
f 1233 1289 1234
f 1234 1289 1290
f 1234 1290 1235
f 1235 1290 1291
f 1235 1291 1236
f 1236 1291 1292
f 1236 1292 1237
f 1237 1292 1293
f 1237 1293 1238
f 1238 1293 1294
f 1238 1294 1239
f 1239 1294 1295
f 1239 1295 1240
f 1240 1295 1296
f 1240 1296 1241
f 1241 1296 1297
f 1241 1297 1242
f 1242 1297 1298
f 1242 1298 1243
f 1243 1298 1299
f 1243 1299 1244
f 1244 1299 1300
f 1244 1300 1245
f 1245 1300 1301
f 1245 1301 1246
f 1246 1301 1302
f 1246 1302 1247
f 1247 1302 1303
f 1247 1303 1248
f 1248 1303 1304
f 1248 1304 1249
f 1249 1304 1305
f 1249 1305 1250
f 1250 1305 1306
f 1250 1306 1251
f 1251 1306 1307
f 1251 1307 1252
f 1252 1307 1308
f 1252 1308 1253
f 1253 1308 1309
f 1253 1309 1254
f 1254 1309 1310
f 1254 1310 1255
f 1255 1310 1311
f 1255 1311 1256
f 1256 1311 1312
f 1256 1312 1257
f 1257 1312 1313
f 1257 1313 1258
f 1258 1313 1314
f 1258 1314 1259
f 1259 1314 1315
f 1259 1315 1260
f 1260 1315 1316
f 1260 1316 1261
f 1261 1316 1317
f 1261 1317 1262
f 1262 1317 1318
f 1262 1318 1263
f 1263 1318 1319
f 1263 1319 1264
f 1264 1319 1320
f 1264 1320 1265
f 1265 1320 1321
f 1265 1321 1266
f 1266 1321 1322
f 1266 1322 1267
f 1267 1322 1323
f 1267 1323 1268
f 1268 1323 1324
f 1268 1324 1269
f 1269 1324 1325
f 1269 1325 1270
f 1270 1325 1326
f 1270 1326 1271
f 1271 1326 1327
f 1271 1327 1272
f 1272 1327 1328
f 1272 1328 1273
f 1273 1328 1329
f 1273 1329 1274
f 1274 1329 1330
f 1274 1330 1275
f 1275 1330 1331
f 1275 1331 1276
f 1276 1331 1332
f 1276 1332 1277
f 1277 1332 1333
f 1277 1333 1278
f 1278 1333 1334
f 1278 1334 1279
f 1279 1334 1335
f 1279 1335 1280
f 1280 1335 1336
f 1280 1336 1281
f 1281 1336 1337
f 1281 1337 1282
f 1282 1337 1338
f 1282 1338 1283
f 1283 1338 1339
f 1283 1339 1284
f 1284 1339 1340
f 1284 1340 1285
f 1285 1340 1341
f 1285 1341 1286
f 1286 1341 1342
f 1286 1342 1287
f 1287 1342 1343
f 1287 1343 1232
f 1232 1343 1288
f 1288 1344 1289
f 1289 1344 1345
f 1289 1345 1290
f 1290 1345 1346
f 1290 1346 1291
f 1291 1346 1347
f 1291 1347 1292
f 1292 1347 1348
f 1292 1348 1293
f 1293 1348 1349
f 1293 1349 1294
f 1294 1349 1350
f 1294 1350 1295
f 1295 1350 1351
f 1295 1351 1296
f 1296 1351 1352
f 1296 1352 1297
f 1297 1352 1353
f 1297 1353 1298
f 1298 1353 1354
f 1298 1354 1299
f 1299 1354 1355
f 1299 1355 1300
f 1300 1355 1356
f 1300 1356 1301
f 1301 1356 1357
f 1301 1357 1302
f 1302 1357 1358
f 1302 1358 1303
f 1303 1358 1359
f 1303 1359 1304
f 1304 1359 1360
f 1304 1360 1305
f 1305 1360 1361
f 1305 1361 1306
f 1306 1361 1362
f 1306 1362 1307
f 1307 1362 1363
f 1307 1363 1308
f 1308 1363 1364
f 1308 1364 1309
f 1309 1364 1365
f 1309 1365 1310
f 1310 1365 1366
f 1310 1366 1311
f 1311 1366 1367
f 1311 1367 1312
f 1312 1367 1368
f 1312 1368 1313
f 1313 1368 1369
f 1313 1369 1314
f 1314 1369 1370
f 1314 1370 1315
f 1315 1370 1371
f 1315 1371 1316
f 1316 1371 1372
f 1316 1372 1317
f 1317 1372 1373
f 1317 1373 1318
f 1318 1373 1374
f 1318 1374 1319
f 1319 1374 1375
f 1319 1375 1320
f 1320 1375 1376
f 1320 1376 1321
f 1321 1376 1377
f 1321 1377 1322
f 1322 1377 1378
f 1322 1378 1323
f 1323 1378 1379
f 1323 1379 1324
f 1324 1379 1380
f 1324 1380 1325
f 1325 1380 1381
f 1325 1381 1326
f 1326 1381 1382
f 1326 1382 1327
f 1327 1382 1383
f 1327 1383 1328
f 1328 1383 1384
f 1328 1384 1329
f 1329 1384 1385
f 1329 1385 1330
f 1330 1385 1386
f 1330 1386 1331
f 1331 1386 1387
f 1331 1387 1332
f 1332 1387 1388
f 1332 1388 1333
f 1333 1388 1389
f 1333 1389 1334
f 1334 1389 1390
f 1334 1390 1335
f 1335 1390 1391
f 1335 1391 1336
f 1336 1391 1392
f 1336 1392 1337
f 1337 1392 1393
f 1337 1393 1338
f 1338 1393 1394
f 1338 1394 1339
f 1339 1394 1395
f 1339 1395 1340
f 1340 1395 1396
f 1340 1396 1341
f 1341 1396 1397
f 1341 1397 1342
f 1342 1397 1398
f 1342 1398 1343
f 1343 1398 1399
f 1343 1399 1288
f 1288 1399 1344
f 1344 1400 1345
f 1345 1400 1401
f 1345 1401 1346
f 1346 1401 1402
f 1346 1402 1347
f 1347 1402 1403
f 1347 1403 1348
f 1348 1403 1404
f 1348 1404 1349
f 1349 1404 1405
f 1349 1405 1350
f 1350 1405 1406
f 1350 1406 1351
f 1351 1406 1407
f 1351 1407 1352
f 1352 1407 1408
f 1352 1408 1353
f 1353 1408 1409
f 1353 1409 1354
f 1354 1409 1410
f 1354 1410 1355
f 1355 1410 1411
f 1355 1411 1356
f 1356 1411 1412
f 1356 1412 1357
f 1357 1412 1413
f 1357 1413 1358
f 1358 1413 1414
f 1358 1414 1359
f 1359 1414 1415
f 1359 1415 1360
f 1360 1415 1416
f 1360 1416 1361
f 1361 1416 1417
f 1361 1417 1362
f 1362 1417 1418
f 1362 1418 1363
f 1363 1418 1419
f 1363 1419 1364
f 1364 1419 1420
f 1364 1420 1365
f 1365 1420 1421
f 1365 1421 1366
f 1366 1421 1422
f 1366 1422 1367
f 1367 1422 1423
f 1367 1423 1368
f 1368 1423 1424
f 1368 1424 1369
f 1369 1424 1425
f 1369 1425 1370
f 1370 1425 1426
f 1370 1426 1371
f 1371 1426 1427
f 1371 1427 1372
f 1372 1427 1428
f 1372 1428 1373
f 1373 1428 1429
f 1373 1429 1374
f 1374 1429 1430
f 1374 1430 1375
f 1375 1430 1431
f 1375 1431 1376
f 1376 1431 1432
f 1376 1432 1377
f 1377 1432 1433
f 1377 1433 1378
f 1378 1433 1434
f 1378 1434 1379
f 1379 1434 1435
f 1379 1435 1380
f 1380 1435 1436
f 1380 1436 1381
f 1381 1436 1437
f 1381 1437 1382
f 1382 1437 1438
f 1382 1438 1383
f 1383 1438 1439
f 1383 1439 1384
f 1384 1439 1440
f 1384 1440 1385
f 1385 1440 1441
f 1385 1441 1386
f 1386 1441 1442
f 1386 1442 1387
f 1387 1442 1443
f 1387 1443 1388
f 1388 1443 1444
f 1388 1444 1389
f 1389 1444 1445
f 1389 1445 1390
f 1390 1445 1446
f 1390 1446 1391
f 1391 1446 1447
f 1391 1447 1392
f 1392 1447 1448
f 1392 1448 1393
f 1393 1448 1449
f 1393 1449 1394
f 1394 1449 1450
f 1394 1450 1395
f 1395 1450 1451
f 1395 1451 1396
f 1396 1451 1452
f 1396 1452 1397
f 1397 1452 1453
f 1397 1453 1398
f 1398 1453 1454
f 1398 1454 1399
f 1399 1454 1455
f 1399 1455 1344
f 1344 1455 1400
f 1400 1456 1401
f 1401 1456 1457
f 1401 1457 1402
f 1402 1457 1458
f 1402 1458 1403
f 1403 1458 1459
f 1403 1459 1404
f 1404 1459 1460
f 1404 1460 1405
f 1405 1460 1461
f 1405 1461 1406
f 1406 1461 1462
f 1406 1462 1407
f 1407 1462 1463
f 1407 1463 1408
f 1408 1463 1464
f 1408 1464 1409
f 1409 1464 1465
f 1409 1465 1410
f 1410 1465 1466
f 1410 1466 1411
f 1411 1466 1467
f 1411 1467 1412
f 1412 1467 1468
f 1412 1468 1413
f 1413 1468 1469
f 1413 1469 1414
f 1414 1469 1470
f 1414 1470 1415
f 1415 1470 1471
f 1415 1471 1416
f 1416 1471 1472
f 1416 1472 1417
f 1417 1472 1473
f 1417 1473 1418
f 1418 1473 1474
f 1418 1474 1419
f 1419 1474 1475
f 1419 1475 1420
f 1420 1475 1476
f 1420 1476 1421
f 1421 1476 1477
f 1421 1477 1422
f 1422 1477 1478
f 1422 1478 1423
f 1423 1478 1479
f 1423 1479 1424
f 1424 1479 1480
f 1424 1480 1425
f 1425 1480 1481
f 1425 1481 1426
f 1426 1481 1482
f 1426 1482 1427
f 1427 1482 1483
f 1427 1483 1428
f 1428 1483 1484
f 1428 1484 1429
f 1429 1484 1485
f 1429 1485 1430
f 1430 1485 1486
f 1430 1486 1431
f 1431 1486 1487
f 1431 1487 1432
f 1432 1487 1488
f 1432 1488 1433
f 1433 1488 1489
f 1433 1489 1434
f 1434 1489 1490
f 1434 1490 1435
f 1435 1490 1491
f 1435 1491 1436
f 1436 1491 1492
f 1436 1492 1437
f 1437 1492 1493
f 1437 1493 1438
f 1438 1493 1494
f 1438 1494 1439
f 1439 1494 1495
f 1439 1495 1440
f 1440 1495 1496
f 1440 1496 1441
f 1441 1496 1497
f 1441 1497 1442
f 1442 1497 1498
f 1442 1498 1443
f 1443 1498 1499
f 1443 1499 1444
f 1444 1499 1500
f 1444 1500 1445
f 1445 1500 1501
f 1445 1501 1446
f 1446 1501 1502
f 1446 1502 1447
f 1447 1502 1503
f 1447 1503 1448
f 1448 1503 1504
f 1448 1504 1449
f 1449 1504 1505
f 1449 1505 1450
f 1450 1505 1506
f 1450 1506 1451
f 1451 1506 1507
f 1451 1507 1452
f 1452 1507 1508
f 1452 1508 1453
f 1453 1508 1509
f 1453 1509 1454
f 1454 1509 1510
f 1454 1510 1455
f 1455 1510 1511
f 1455 1511 1400
f 1400 1511 1456
f 1456 1512 1457
f 1457 1512 1513
f 1457 1513 1458
f 1458 1513 1514
f 1458 1514 1459
f 1459 1514 1515
f 1459 1515 1460
f 1460 1515 1516
f 1460 1516 1461
f 1461 1516 1517
f 1461 1517 1462
f 1462 1517 1518
f 1462 1518 1463
f 1463 1518 1519
f 1463 1519 1464
f 1464 1519 1520
f 1464 1520 1465
f 1465 1520 1521
f 1465 1521 1466
f 1466 1521 1522
f 1466 1522 1467
f 1467 1522 1523
f 1467 1523 1468
f 1468 1523 1524
f 1468 1524 1469
f 1469 1524 1525
f 1469 1525 1470
f 1470 1525 1526
f 1470 1526 1471
f 1471 1526 1527
f 1471 1527 1472
f 1472 1527 1528
f 1472 1528 1473
f 1473 1528 1529
f 1473 1529 1474
f 1474 1529 1530
f 1474 1530 1475
f 1475 1530 1531
f 1475 1531 1476
f 1476 1531 1532
f 1476 1532 1477
f 1477 1532 1533
f 1477 1533 1478
f 1478 1533 1534
f 1478 1534 1479
f 1479 1534 1535
f 1479 1535 1480
f 1480 1535 1536
f 1480 1536 1481
f 1481 1536 1537
f 1481 1537 1482
f 1482 1537 1538
f 1482 1538 1483
f 1483 1538 1539
f 1483 1539 1484
f 1484 1539 1540
f 1484 1540 1485
f 1485 1540 1541
f 1485 1541 1486
f 1486 1541 1542
f 1486 1542 1487
f 1487 1542 1543
f 1487 1543 1488
f 1488 1543 1544
f 1488 1544 1489
f 1489 1544 1545
f 1489 1545 1490
f 1490 1545 1546
f 1490 1546 1491
f 1491 1546 1547
f 1491 1547 1492
f 1492 1547 1548
f 1492 1548 1493
f 1493 1548 1549
f 1493 1549 1494
f 1494 1549 1550
f 1494 1550 1495
f 1495 1550 1551
f 1495 1551 1496
f 1496 1551 1552
f 1496 1552 1497
f 1497 1552 1553
f 1497 1553 1498
f 1498 1553 1554
f 1498 1554 1499
f 1499 1554 1555
f 1499 1555 1500
f 1500 1555 1556
f 1500 1556 1501
f 1501 1556 1557
f 1501 1557 1502
f 1502 1557 1558
f 1502 1558 1503
f 1503 1558 1559
f 1503 1559 1504
f 1504 1559 1560
f 1504 1560 1505
f 1505 1560 1561
f 1505 1561 1506
f 1506 1561 1562
f 1506 1562 1507
f 1507 1562 1563
f 1507 1563 1508
f 1508 1563 1564
f 1508 1564 1509
f 1509 1564 1565
f 1509 1565 1510
f 1510 1565 1566
f 1510 1566 1511
f 1511 1566 1567
f 1511 1567 1456
f 1456 1567 1512
f 1512 1568 1513
f 1513 1568 1569
f 1513 1569 1514
f 1514 1569 1570
f 1514 1570 1515
f 1515 1570 1571
f 1515 1571 1516
f 1516 1571 1572
f 1516 1572 1517
f 1517 1572 1573
f 1517 1573 1518
f 1518 1573 1574
f 1518 1574 1519
f 1519 1574 1575
f 1519 1575 1520
f 1520 1575 1576
f 1520 1576 1521
f 1521 1576 1577
f 1521 1577 1522
f 1522 1577 1578
f 1522 1578 1523
f 1523 1578 1579
f 1523 1579 1524
f 1524 1579 1580
f 1524 1580 1525
f 1525 1580 1581
f 1525 1581 1526
f 1526 1581 1582
f 1526 1582 1527
f 1527 1582 1583
f 1527 1583 1528
f 1528 1583 1584
f 1528 1584 1529
f 1529 1584 1585
f 1529 1585 1530
f 1530 1585 1586
f 1530 1586 1531
f 1531 1586 1587
f 1531 1587 1532
f 1532 1587 1588
f 1532 1588 1533
f 1533 1588 1589
f 1533 1589 1534
f 1534 1589 1590
f 1534 1590 1535
f 1535 1590 1591
f 1535 1591 1536
f 1536 1591 1592
f 1536 1592 1537
f 1537 1592 1593
f 1537 1593 1538
f 1538 1593 1594
f 1538 1594 1539
f 1539 1594 1595
f 1539 1595 1540
f 1540 1595 1596
f 1540 1596 1541
f 1541 1596 1597
f 1541 1597 1542
f 1542 1597 1598
f 1542 1598 1543
f 1543 1598 1599
f 1543 1599 1544
f 1544 1599 1600
f 1544 1600 1545
f 1545 1600 1601
f 1545 1601 1546
f 1546 1601 1602
f 1546 1602 1547
f 1547 1602 1603
f 1547 1603 1548
f 1548 1603 1604
f 1548 1604 1549
f 1549 1604 1605
f 1549 1605 1550
f 1550 1605 1606
f 1550 1606 1551
f 1551 1606 1607
f 1551 1607 1552
f 1552 1607 1608
f 1552 1608 1553
f 1553 1608 1609
f 1553 1609 1554
f 1554 1609 1610
f 1554 1610 1555
f 1555 1610 1611
f 1555 1611 1556
f 1556 1611 1612
f 1556 1612 1557
f 1557 1612 1613
f 1557 1613 1558
f 1558 1613 1614
f 1558 1614 1559
f 1559 1614 1615
f 1559 1615 1560
f 1560 1615 1616
f 1560 1616 1561
f 1561 1616 1617
f 1561 1617 1562
f 1562 1617 1618
f 1562 1618 1563
f 1563 1618 1619
f 1563 1619 1564
f 1564 1619 1620
f 1564 1620 1565
f 1565 1620 1621
f 1565 1621 1566
f 1566 1621 1622
f 1566 1622 1567
f 1567 1622 1623
f 1567 1623 1512
f 1512 1623 1568
f 1568 1624 1569
f 1569 1624 1625
f 1569 1625 1570
f 1570 1625 1626
f 1570 1626 1571
f 1571 1626 1627
f 1571 1627 1572
f 1572 1627 1628
f 1572 1628 1573
f 1573 1628 1629
f 1573 1629 1574
f 1574 1629 1630
f 1574 1630 1575
f 1575 1630 1631
f 1575 1631 1576
f 1576 1631 1632
f 1576 1632 1577
f 1577 1632 1633
f 1577 1633 1578
f 1578 1633 1634
f 1578 1634 1579
f 1579 1634 1635
f 1579 1635 1580
f 1580 1635 1636
f 1580 1636 1581
f 1581 1636 1637
f 1581 1637 1582
f 1582 1637 1638
f 1582 1638 1583
f 1583 1638 1639
f 1583 1639 1584
f 1584 1639 1640
f 1584 1640 1585
f 1585 1640 1641
f 1585 1641 1586
f 1586 1641 1642
f 1586 1642 1587
f 1587 1642 1643
f 1587 1643 1588
f 1588 1643 1644
f 1588 1644 1589
f 1589 1644 1645
f 1589 1645 1590
f 1590 1645 1646
f 1590 1646 1591
f 1591 1646 1647
f 1591 1647 1592
f 1592 1647 1648
f 1592 1648 1593
f 1593 1648 1649
f 1593 1649 1594
f 1594 1649 1650
f 1594 1650 1595
f 1595 1650 1651
f 1595 1651 1596
f 1596 1651 1652
f 1596 1652 1597
f 1597 1652 1653
f 1597 1653 1598
f 1598 1653 1654
f 1598 1654 1599
f 1599 1654 1655
f 1599 1655 1600
f 1600 1655 1656
f 1600 1656 1601
f 1601 1656 1657
f 1601 1657 1602
f 1602 1657 1658
f 1602 1658 1603
f 1603 1658 1659
f 1603 1659 1604
f 1604 1659 1660
f 1604 1660 1605
f 1605 1660 1661
f 1605 1661 1606
f 1606 1661 1662
f 1606 1662 1607
f 1607 1662 1663
f 1607 1663 1608
f 1608 1663 1664
f 1608 1664 1609
f 1609 1664 1665
f 1609 1665 1610
f 1610 1665 1666
f 1610 1666 1611
f 1611 1666 1667
f 1611 1667 1612
f 1612 1667 1668
f 1612 1668 1613
f 1613 1668 1669
f 1613 1669 1614
f 1614 1669 1670
f 1614 1670 1615
f 1615 1670 1671
f 1615 1671 1616
f 1616 1671 1672
f 1616 1672 1617
f 1617 1672 1673
f 1617 1673 1618
f 1618 1673 1674
f 1618 1674 1619
f 1619 1674 1675
f 1619 1675 1620
f 1620 1675 1676
f 1620 1676 1621
f 1621 1676 1677
f 1621 1677 1622
f 1622 1677 1678
f 1622 1678 1623
f 1623 1678 1679
f 1623 1679 1568
f 1568 1679 1624
f 1624 225 1625
f 1625 225 227
f 1625 227 1626
f 1626 227 229
f 1626 229 1627
f 1627 229 231
f 1627 231 1628
f 1628 231 233
f 1628 233 1629
f 1629 233 235
f 1629 235 1630
f 1630 235 237
f 1630 237 1631
f 1631 237 239
f 1631 239 1632
f 1632 239 241
f 1632 241 1633
f 1633 241 243
f 1633 243 1634
f 1634 243 245
f 1634 245 1635
f 1635 245 247
f 1635 247 1636
f 1636 247 249
f 1636 249 1637
f 1637 249 251
f 1637 251 1638
f 1638 251 253
f 1638 253 1639
f 1639 253 255
f 1639 255 1640
f 1640 255 257
f 1640 257 1641
f 1641 257 259
f 1641 259 1642
f 1642 259 261
f 1642 261 1643
f 1643 261 263
f 1643 263 1644
f 1644 263 265
f 1644 265 1645
f 1645 265 267
f 1645 267 1646
f 1646 267 269
f 1646 269 1647
f 1647 269 271
f 1647 271 1648
f 1648 271 273
f 1648 273 1649
f 1649 273 275
f 1649 275 1650
f 1650 275 277
f 1650 277 1651
f 1651 277 279
f 1651 279 1652
f 1652 279 169
f 1652 169 1653
f 1653 169 171
f 1653 171 1654
f 1654 171 173
f 1654 173 1655
f 1655 173 175
f 1655 175 1656
f 1656 175 177
f 1656 177 1657
f 1657 177 179
f 1657 179 1658
f 1658 179 181
f 1658 181 1659
f 1659 181 183
f 1659 183 1660
f 1660 183 185
f 1660 185 1661
f 1661 185 187
f 1661 187 1662
f 1662 187 189
f 1662 189 1663
f 1663 189 191
f 1663 191 1664
f 1664 191 193
f 1664 193 1665
f 1665 193 195
f 1665 195 1666
f 1666 195 197
f 1666 197 1667
f 1667 197 199
f 1667 199 1668
f 1668 199 201
f 1668 201 1669
f 1669 201 203
f 1669 203 1670
f 1670 203 205
f 1670 205 1671
f 1671 205 207
f 1671 207 1672
f 1672 207 209
f 1672 209 1673
f 1673 209 211
f 1673 211 1674
f 1674 211 213
f 1674 213 1675
f 1675 213 215
f 1675 215 1676
f 1676 215 217
f 1676 217 1677
f 1677 217 219
f 1677 219 1678
f 1678 219 221
f 1678 221 1679
f 1679 221 223
f 1679 223 1624
f 1624 223 225
f 1680 170 1681
f 1681 170 168
f 1681 168 167
f 170 1680 172
f 172 1680 1682
f 172 1682 174
f 174 1682 1683
f 174 1683 176
f 176 1683 1684
f 176 1684 178
f 178 1684 1685
f 178 1685 180
f 180 1685 1686
f 180 1686 182
f 182 1686 1687
f 182 1687 184
f 184 1687 1688
f 184 1688 186
f 186 1688 1689
f 186 1689 188
f 188 1689 1690
f 188 1690 190
f 190 1690 1691
f 190 1691 192
f 192 1691 1692
f 192 1692 194
f 194 1692 1693
f 194 1693 196
f 196 1693 198
f 198 1693 1694
f 198 1694 200
f 200 1694 1695
f 200 1695 202
f 202 1695 1696
f 202 1696 204
f 204 1696 1697
f 204 1697 206
f 206 1697 1698
f 206 1698 208
f 208 1698 1699
f 208 1699 210
f 210 1699 1700
f 210 1700 212
f 212 1700 1701
f 212 1701 214
f 214 1701 1702
f 214 1702 216
f 216 1702 1703
f 216 1703 218
f 218 1703 1704
f 218 1704 220
f 220 1704 1705
f 220 1705 222
f 222 1705 1706
f 222 1706 224
f 224 1706 1707
f 224 1707 226
f 226 1707 228
f 228 1707 1708
f 228 1708 230
f 230 1708 1709
f 230 1709 232
f 232 1709 1710
f 232 1710 234
f 234 1710 1711
f 234 1711 236
f 236 1711 1712
f 236 1712 238
f 238 1712 1713
f 238 1713 240
f 240 1713 1714
f 240 1714 242
f 242 1714 1715
f 242 1715 244
f 244 1715 1716
f 244 1716 246
f 246 1716 1717
f 246 1717 248
f 248 1717 1718
f 248 1718 250
f 250 1718 1719
f 250 1719 252
f 252 1719 1720
f 252 1720 254
f 254 1720 256
f 256 1720 1721
f 256 1721 258
f 258 1721 1722
f 258 1722 260
f 260 1722 1723
f 260 1723 262
f 262 1723 1724
f 262 1724 264
f 264 1724 1725
f 264 1725 266
f 266 1725 1726
f 266 1726 268
f 268 1726 1727
f 268 1727 270
f 270 1727 1728
f 270 1728 272
f 272 1728 1729
f 272 1729 274
f 274 1729 1730
f 274 1730 276
f 276 1730 1731
f 276 1731 278
f 278 1731 1732
f 278 1732 167
f 167 1732 1681
f 1680 1681 1705
f 1705 1681 1732
f 1705 1732 1731
f 1731 1730 1705
f 1705 1730 1729
f 1705 1729 1728
f 1728 1727 1705
f 1705 1727 1726
f 1705 1726 1725
f 1725 1724 1705
f 1705 1724 1723
f 1705 1723 1722
f 1722 1721 1705
f 1705 1721 1720
f 1705 1720 1719
f 1719 1718 1705
f 1705 1718 1717
f 1705 1717 1716
f 1716 1715 1705
f 1705 1715 1714
f 1705 1714 1713
f 1713 1712 1705
f 1705 1712 1711
f 1705 1711 1710
f 1710 1709 1705
f 1705 1709 1708
f 1705 1708 1706
f 1706 1708 1707
f 1680 1705 1682
f 1682 1705 1704
f 1682 1704 1683
f 1683 1704 1703
f 1683 1703 1684
f 1684 1703 1702
f 1684 1702 1685
f 1685 1702 1701
f 1685 1701 1686
f 1686 1701 1700
f 1686 1700 1687
f 1687 1700 1699
f 1687 1699 1688
f 1688 1699 1698
f 1688 1698 1689
f 1689 1698 1697
f 1689 1697 1690
f 1690 1697 1696
f 1690 1696 1691
f 1691 1696 1695
f 1691 1695 1692
f 1692 1695 1694
f 1692 1694 1693
f 1733 1734 1735
f 1735 1734 1736
f 1735 1736 1737
f 1737 1736 1738
f 1737 1738 1739
f 1739 1738 1740
f 1739 1740 1741
f 1741 1740 1742
f 1741 1742 1743
f 1743 1742 1744
f 1743 1744 1745
f 1745 1744 1746
f 1745 1746 1747
f 1747 1746 1748
f 1747 1748 1749
f 1749 1748 1750
f 1749 1750 1751
f 1751 1750 1752
f 1751 1752 1753
f 1753 1752 1754
f 1753 1754 1755
f 1755 1754 1756
f 1755 1756 1757
f 1757 1756 1758
f 1757 1758 1759
f 1759 1758 1760
f 1759 1760 1761
f 1761 1760 1762
f 1761 1762 1763
f 1763 1762 1764
f 1763 1764 1765
f 1765 1764 1766
f 1765 1766 1767
f 1767 1766 1768
f 1767 1768 1769
f 1769 1768 1770
f 1769 1770 1771
f 1771 1770 1772
f 1771 1772 1773
f 1773 1772 1774
f 1773 1774 1775
f 1775 1774 1776
f 1775 1776 1777
f 1777 1776 1778
f 1777 1778 1779
f 1779 1778 1780
f 1779 1780 1781
f 1781 1780 1782
f 1781 1782 1783
f 1783 1782 1784
f 1783 1784 1785
f 1785 1784 1786
f 1785 1786 1787
f 1787 1786 1788
f 1787 1788 1789
f 1789 1788 1790
f 1789 1790 1791
f 1791 1790 1792
f 1791 1792 1793
f 1793 1792 1794
f 1793 1794 1795
f 1795 1794 1796
f 1795 1796 1797
f 1797 1796 1798
f 1797 1798 1799
f 1799 1798 1800
f 1799 1800 1801
f 1801 1800 1802
f 1801 1802 1803
f 1803 1802 1804
f 1803 1804 1805
f 1805 1804 1806
f 1805 1806 1807
f 1807 1806 1808
f 1807 1808 1809
f 1809 1808 1810
f 1809 1810 1811
f 1811 1810 1812
f 1811 1812 1813
f 1813 1812 1814
f 1813 1814 1815
f 1815 1814 1816
f 1815 1816 1817
f 1817 1816 1818
f 1817 1818 1819
f 1819 1818 1820
f 1819 1820 1821
f 1821 1820 1822
f 1821 1822 1823
f 1823 1822 1824
f 1823 1824 1825
f 1825 1824 1826
f 1825 1826 1827
f 1827 1826 1828
f 1827 1828 1733
f 1733 1828 1734
f 1829 1830 1831
f 1831 1830 1832
f 1831 1832 1833
f 1833 1832 1834
f 1833 1834 1835
f 1835 1834 1836
f 1835 1836 1837
f 1837 1836 1838
f 1837 1838 1839
f 1839 1838 1840
f 1839 1840 1841
f 1841 1840 1842
f 1841 1842 1843
f 1843 1842 1844
f 1843 1844 1845
f 1845 1844 1846
f 1845 1846 1847
f 1847 1846 1848
f 1847 1848 1849
f 1849 1848 1850
f 1849 1850 1851
f 1851 1850 1852
f 1851 1852 1853
f 1853 1852 1854
f 1853 1854 1855
f 1855 1854 1856
f 1855 1856 1857
f 1857 1856 1858
f 1857 1858 1859
f 1859 1858 1860
f 1859 1860 1861
f 1861 1860 1862
f 1861 1862 1863
f 1863 1862 1864
f 1863 1864 1865
f 1865 1864 1866
f 1865 1866 1867
f 1867 1866 1868
f 1867 1868 1869
f 1869 1868 1870
f 1869 1870 1871
f 1871 1870 1872
f 1871 1872 1873
f 1873 1872 1874
f 1873 1874 1875
f 1875 1874 1876
f 1875 1876 1877
f 1877 1876 1878
f 1877 1878 1879
f 1879 1878 1880
f 1879 1880 1881
f 1881 1880 1882
f 1881 1882 1883
f 1883 1882 1884
f 1883 1884 1885
f 1885 1884 1886
f 1885 1886 1887
f 1887 1886 1888
f 1887 1888 1889
f 1889 1888 1890
f 1889 1890 1891
f 1891 1890 1892
f 1891 1892 1893
f 1893 1892 1894
f 1893 1894 1895
f 1895 1894 1896
f 1895 1896 1897
f 1897 1896 1898
f 1897 1898 1899
f 1899 1898 1900
f 1899 1900 1901
f 1901 1900 1902
f 1901 1902 1903
f 1903 1902 1904
f 1903 1904 1905
f 1905 1904 1906
f 1905 1906 1907
f 1907 1906 1908
f 1907 1908 1909
f 1909 1908 1910
f 1909 1910 1911
f 1911 1910 1912
f 1911 1912 1913
f 1913 1912 1914
f 1913 1914 1915
f 1915 1914 1916
f 1915 1916 1917
f 1917 1916 1918
f 1917 1918 1919
f 1919 1918 1920
f 1919 1920 1921
f 1921 1920 1922
f 1921 1922 1923
f 1923 1922 1924
f 1923 1924 1829
f 1829 1924 1830
f 1925 1926 1927
f 1928 1929 1930
f 1931 1771 1932
f 1932 1771 1773
f 1932 1773 1775
f 1933 1934 1931
f 1931 1934 1935
f 1931 1935 1936
f 1937 1891 1933
f 1933 1891 1893
f 1933 1893 1895
f 1927 1869 1937
f 1937 1869 1871
f 1937 1871 1873
f 1938 1939 1927
f 1927 1939 1940
f 1927 1940 1941
f 1942 1943 1938
f 1938 1943 1944
f 1938 1944 1945
f 1946 1947 1943
f 1943 1947 1948
f 1943 1948 1949
f 1950 1951 1946
f 1946 1951 1952
f 1946 1952 1953
f 1929 1954 1951
f 1951 1954 1955
f 1951 1955 1956
f 1932 1793 1929
f 1929 1793 1795
f 1929 1795 1797
f 1936 1957 1931
f 1931 1957 1958
f 1931 1958 1959
f 1959 1960 1931
f 1931 1960 1961
f 1931 1961 1962
f 1962 1963 1931
f 1931 1963 1964
f 1931 1964 1965
f 1965 1966 1931
f 1931 1966 1967
f 1931 1967 1968
f 1967 1966 1969
f 1969 1966 1970
f 1969 1970 1971
f 1971 1970 1972
f 1972 1970 1973
f 1972 1973 1974
f 1974 1973 1975
f 1974 1975 1976
f 1976 1975 1977
f 1977 1975 1978
f 1977 1978 1979
f 1979 1978 1980
f 1979 1980 1981
f 1981 1980 1982
f 1982 1980 1983
f 1982 1983 1984
f 1984 1983 1985
f 1985 1983 1986
f 1985 1986 1987
f 1987 1986 1988
f 1987 1988 1989
f 1989 1988 1990
f 1990 1988 1991
f 1990 1991 1992
f 1992 1991 1993
f 1993 1991 1994
f 1993 1994 1995
f 1995 1994 1996
f 1996 1994 1997
f 1996 1997 1998
f 1998 1997 1999
f 1999 1997 2000
f 1999 2000 2001
f 2001 2000 2002
f 2002 2000 2003
f 2002 2003 2004
f 2004 2003 2005
f 2005 2003 2006
f 2005 2006 2007
f 2007 2006 2008
f 2008 2006 2009
f 2009 2006 2010
f 2009 2010 2011
f 2011 2010 2012
f 2012 2010 2013
f 2012 2013 2014
f 2014 2013 2015
f 2015 2013 2016
f 2015 2016 2017
f 2017 2016 2018
f 2017 2018 2019
f 2019 2018 2020
f 2020 2018 2021
f 2020 2021 2022
f 2022 2021 2023
f 2022 2023 2024
f 2024 2023 2025
f 2024 2025 2026
f 2026 2025 2027
f 2026 2027 2028
f 2028 2027 2029
f 2028 2029 2030
f 2030 2029 2031
f 2030 2031 2032
f 2030 2032 2033
f 2033 2032 2034
f 2033 2034 2035
f 2035 2034 2036
f 2035 2036 2037
f 2034 2038 2036
f 2036 2038 2039
f 2039 2038 2040
f 2039 2040 2041
f 2041 2040 2042
f 2041 2042 2043
f 2043 2042 2044
f 2043 2044 2045
f 2045 2044 2046
f 2045 2046 2047
f 2048 2049 2047
f 2047 2049 2050
f 2047 2050 2045
f 2049 2048 2051
f 2051 2048 2052
f 2051 2052 2053
f 2053 2052 2054
f 2053 2054 2055
f 2055 2054 2056
f 2056 2054 2057
f 2056 2057 2058
f 2058 2057 2059
f 2058 2059 2060
f 2060 2059 2061
f 2061 2059 2062
f 2062 2059 2063
f 2062 2063 2064
f 2064 2063 2065
f 2065 2063 2066
f 2065 2066 2067
f 2067 2066 2068
f 2068 2066 2069
f 2069 2066 2070
f 2069 2070 2071
f 2071 2070 2072
f 2072 2070 2073
f 2072 2073 2074
f 2074 2073 2075
f 2075 2073 2076
f 2075 2076 2077
f 2077 2076 2078
f 2078 2076 2079
f 2078 2079 2080
f 2080 2079 2081
f 2080 2081 2082
f 2082 2081 2083
f 2083 2081 2084
f 2083 2084 2085
f 2085 2084 2086
f 2086 2084 2087
f 2086 2087 2088
f 2088 2087 2089
f 2089 2087 2090
f 2089 2090 2091
f 2091 2090 2092
f 2091 2092 2093
f 2093 2092 2094
f 2094 2092 2095
f 2094 2095 2096
f 2096 2095 2097
f 2096 2097 2098
f 2098 2097 2099
f 2099 2097 2100
f 2099 2100 2101
f 2101 2100 2102
f 2101 2102 2103
f 2103 2102 2104
f 2104 2102 2105
f 2104 2105 2106
f 2106 2105 2107
f 2106 2107 2108
f 2108 2107 2109
f 2108 2109 2110
f 2110 2109 2111
f 2110 2111 2112
f 2112 2111 2113
f 2112 2113 2114
f 2112 2114 2115
f 2115 2114 2116
f 2115 2116 2117
f 2117 2116 2118
f 2117 2118 2119
f 2116 2120 2118
f 2118 2120 2121
f 2121 2120 2122
f 2121 2122 2123
f 2121 2123 2124
f 2124 2123 2125
f 2124 2125 2126
f 2126 2125 2127
f 2126 2127 2128
f 2128 2127 2129
f 2128 2129 2130
f 2130 2129 2131
f 2130 2131 2132
f 2132 2131 2133
f 2132 2133 2134
f 2132 2134 2135
f 2135 2134 2136
f 2135 2136 2137
f 2137 2136 2138
f 2138 2136 2139
f 2138 2139 2140
f 2140 2139 2141
f 2140 2141 2142
f 2140 2142 2143
f 2143 2142 2144
f 2143 2144 2145
f 2145 2144 2146
f 2145 2146 2147
f 2147 2146 2148
f 2147 2148 2149
f 2149 2148 2150
f 2149 2150 2151
f 2151 2150 2152
f 2152 2150 2153
f 2152 2153 2154
f 2154 2153 2155
f 2154 2155 2156
f 2156 2155 2157
f 2157 2155 2158
f 2157 2158 2159
f 2159 2158 2160
f 2159 2160 2161
f 2161 2160 2162
f 2162 2160 2163
f 2162 2163 2164
f 2164 2163 2165
f 2164 2165 2166
f 2166 2165 2167
f 2167 2165 2168
f 2167 2168 2169
f 2169 2168 2170
f 2170 2168 2171
f 2170 2171 2172
f 2172 2171 2173
f 2173 2171 2174
f 2173 2174 2175
f 2175 2174 2176
f 2175 2176 2177
f 2177 2176 2178
f 2178 2176 2179
f 2178 2179 2180
f 2180 2179 2181
f 2181 2179 2182
f 2181 2182 2183
f 2183 2182 2184
f 2184 2182 2185
f 2184 2185 2186
f 2186 2185 2187
f 2187 2185 2188
f 2188 2185 2189
f 2188 2189 2190
f 2190 2189 2191
f 2191 2189 2192
f 2191 2192 2193
f 2193 2192 2194
f 2194 2192 2195
f 2195 2192 2196
f 2195 2196 2197
f 2197 2196 2198
f 2197 2198 2199
f 2199 2198 2200
f 2200 2198 2201
f 2200 2201 2202
f 2202 2201 2203
f 2202 2203 2204
f 2204 2203 2205
f 2204 2205 2206
f 2206 2205 2207
f 2207 2205 2208
f 2207 2208 2209
f 2207 2209 2210
f 2210 2209 2211
f 2210 2211 2212
f 2212 2211 2213
f 2212 2213 2214
f 2214 2213 2215
f 2214 2215 2216
f 2216 2215 2217
f 2216 2217 2218
f 2218 2217 2219
f 2219 2217 2220
f 2219 2220 2221
f 2221 2220 2222
f 2221 2222 2223
f 2221 2223 2224
f 2224 2223 2225
f 2224 2225 2226
f 2226 2225 2227
f 2226 2227 2228
f 2228 2227 2229
f 2228 2229 2230
f 2230 2229 2231
f 2230 2231 2232
f 2232 2231 2233
f 2232 2233 2234
f 2234 2233 2235
f 2235 2233 2236
f 2235 2236 2237
f 2237 2236 2238
f 2237 2238 2239
f 2239 2238 2240
f 2240 2238 2241
f 2240 2241 2242
f 2242 2241 2243
f 2243 2241 2244
f 2243 2244 2245
f 2245 2244 2246
f 2246 2244 2247
f 2247 2244 2248
f 2247 2248 2249
f 2249 2248 2250
f 2250 2248 2251
f 2250 2251 2252
f 2252 2251 2253
f 2253 2251 2254
f 2253 2254 2255
f 2255 2254 2256
f 2256 2254 2257
f 2256 2257 2258
f 2258 2257 2259
f 2259 2257 2260
f 2259 2260 2261
f 2261 2260 2262
f 2262 2260 2263
f 2262 2263 2264
f 2264 2263 2265
f 2265 2263 2266
f 2265 2266 2267
f 2267 2266 2268
f 2267 2268 2269
f 2269 2268 2270
f 2270 2268 2271
f 2270 2271 2272
f 2272 2271 2273
f 2273 2271 2274
f 2273 2274 2275
f 2275 2274 2276
f 2275 2276 2277
f 2277 2276 2278
f 2278 2276 2279
f 2278 2279 2280
f 2280 2279 2281
f 2280 2281 2282
f 2282 2281 2283
f 2283 2281 2284
f 2283 2284 2285
f 2285 2284 1933
f 2285 1933 2286
f 2286 1933 2287
f 2287 1933 2288
f 2288 1933 1921
f 2288 1921 2289
f 2289 1921 1923
f 2289 1923 2290
f 2290 1923 1829
f 2290 1829 2291
f 2291 1829 1831
f 2291 1831 2292
f 2292 1831 1833
f 2292 1833 2293
f 2293 1833 1835
f 2293 1835 2294
f 2294 1835 1837
f 2294 1837 2295
f 2295 1837 1839
f 2295 1839 2296
f 2296 1839 1841
f 2296 1841 2297
f 2297 1841 1843
f 2297 1843 2298
f 2298 1843 1845
f 2298 1845 2299
f 2299 1845 1847
f 2299 1847 2300
f 2300 1847 1849
f 2300 1849 2301
f 2301 1849 1851
f 2301 1851 2302
f 2302 1851 1853
f 2302 1853 2303
f 2303 1853 1855
f 2303 1855 2304
f 2304 1855 1927
f 2304 1927 2305
f 2305 1927 2306
f 2306 1927 2307
f 2307 1927 2308
f 2308 1927 2309
f 2309 1927 2310
f 2310 1927 2311
f 2311 1927 2312
f 2312 1927 2313
f 2313 1927 2314
f 2314 1927 1941
f 2284 2315 1933
f 1933 2315 2316
f 1933 2316 2317
f 2317 2318 1933
f 1933 2318 2319
f 1933 2319 2320
f 2320 2321 1933
f 1933 2321 2322
f 1933 2322 2323
f 2323 2324 1933
f 1933 2324 2325
f 1933 2325 1934
f 2216 2218 2326
f 2326 2218 1940
f 2326 1940 1939
f 1949 2327 1943
f 1943 2327 2328
f 1943 2328 2329
f 2329 2330 1943
f 1943 2330 2331
f 1943 2331 2332
f 2332 2333 1943
f 1943 2333 2334
f 1943 2334 2335
f 2335 2336 1943
f 1943 2336 2337
f 1943 2337 2338
f 2338 2339 1943
f 1943 2339 2340
f 1943 2340 1944
f 1945 2341 1938
f 1938 2341 2342
f 1938 2342 2343
f 2343 2344 1938
f 1938 2344 2345
f 1938 2345 2346
f 2346 2347 1938
f 1938 2347 2348
f 1938 2348 2349
f 2349 2350 1938
f 1938 2350 2351
f 1938 2351 2352
f 2352 2353 1938
f 1938 2353 2354
f 1938 2354 2355
f 2353 2356 2354
f 2354 2356 2357
f 2357 2356 2358
f 2357 2358 2359
f 2359 2358 2360
f 2359 2360 2361
f 2361 2360 2362
f 2361 2362 2363
f 2363 2362 2364
f 2363 2364 2365
f 2365 2364 2366
f 2365 2366 2137
f 2137 2366 2135
f 2126 2128 2367
f 2367 2128 2368
f 2367 2368 2369
f 2369 2368 2370
f 2369 2370 2371
f 2371 2370 2372
f 2371 2372 2373
f 2373 2372 2374
f 2373 2374 2375
f 2375 2374 2376
f 2375 2376 2377
f 2377 2376 2378
f 2377 2378 2379
f 2379 2378 2380
f 2379 2380 2381
f 2381 2380 2382
f 2381 2382 2383
f 2383 2382 2384
f 2383 2384 2385
f 2385 2384 2386
f 2385 2386 2387
f 2387 2386 2388
f 2387 2388 2389
f 2389 2388 2390
f 2389 2390 2391
f 2391 2390 2392
f 2391 2392 2393
f 2393 2392 2394
f 2393 2394 2395
f 2395 2394 2396
f 2395 2396 2397
f 2397 2396 2398
f 2397 2398 2399
f 2399 2398 2400
f 2399 2400 2401
f 2401 2400 2402
f 2401 2402 2403
f 2403 2402 2404
f 2403 2404 2405
f 2405 2404 2406
f 2405 2406 2407
f 2407 2406 2408
f 2407 2408 2409
f 2409 2408 2410
f 2409 2410 2411
f 2411 2410 2412
f 2411 2412 2413
f 2413 2412 2414
f 2413 2414 2415
f 2415 2414 2416
f 2415 2416 2417
f 2417 2416 2418
f 2417 2418 2419
f 2419 2418 2420
f 2419 2420 2421
f 2421 2420 2422
f 2421 2422 2423
f 2423 2422 2424
f 2423 2424 2425
f 2425 2424 2426
f 2425 2426 2427
f 2427 2426 2428
f 2427 2428 2429
f 2429 2428 1947
f 2429 1947 1946
f 1968 2430 1931
f 1931 2430 2431
f 1931 2431 1741
f 1741 2431 2432
f 1741 2432 1739
f 1739 2432 2433
f 1739 2433 1737
f 1737 2433 2434
f 1737 2434 1735
f 1735 2434 2435
f 1735 2435 1733
f 1733 2435 2436
f 1733 2436 1827
f 1827 2436 2437
f 1827 2437 1825
f 1825 2437 2438
f 1825 2438 1823
f 1823 2438 2439
f 1823 2439 1821
f 1821 2439 2440
f 1821 2440 1819
f 1819 2440 2441
f 1819 2441 1817
f 1817 2441 2442
f 1817 2442 1815
f 1815 2442 2443
f 1815 2443 1813
f 1813 2443 2444
f 1813 2444 1811
f 1811 2444 2445
f 1811 2445 1809
f 1809 2445 2446
f 1809 2446 1807
f 1807 2446 2447
f 1807 2447 1929
f 1929 2447 2448
f 1929 2448 2449
f 2449 2450 1929
f 1929 2450 2451
f 1929 2451 2452
f 2452 2453 1929
f 1929 2453 2454
f 1929 2454 2455
f 2455 2456 1929
f 1929 2456 2457
f 1929 2457 2458
f 2458 2459 1929
f 1929 2459 1954
f 1954 2459 2037
f 2037 2459 2035
f 2355 2460 1938
f 1938 2460 2461
f 1938 2461 2462
f 2462 2463 1938
f 1938 2463 2464
f 1938 2464 2465
f 2465 2466 1938
f 1938 2466 2467
f 1938 2467 2468
f 2468 2469 1938
f 1938 2469 2470
f 1938 2470 2471
f 2471 2472 1938
f 1938 2472 2473
f 1938 2473 2474
f 2474 2475 1938
f 1938 2475 1939
f 2117 2119 2476
f 2476 2119 2477
f 2476 2477 2478
f 2478 2477 2479
f 2478 2479 2480
f 2480 2479 2481
f 2480 2481 2482
f 2482 2481 2483
f 2482 2483 2484
f 2484 2483 2485
f 2484 2485 2486
f 2486 2485 2487
f 2486 2487 1951
f 1951 2487 2488
f 1951 2488 2489
f 2489 2490 1951
f 1951 2490 2491
f 1951 2491 2492
f 2492 2493 1951
f 1951 2493 2494
f 1951 2494 2495
f 2495 2496 1951
f 1951 2496 2497
f 1951 2497 2498
f 2498 2499 1951
f 1951 2499 2500
f 1951 2500 1952
f 1953 2501 1946
f 1946 2501 2502
f 1946 2502 2503
f 2503 2504 1946
f 1946 2504 2505
f 1946 2505 2506
f 2506 2507 1946
f 1946 2507 2508
f 1946 2508 2509
f 2509 2510 1946
f 1946 2510 2511
f 1946 2511 2512
f 2512 2513 1946
f 1946 2513 2514
f 1946 2514 2515
f 2515 2429 1946
f 1956 2516 1951
f 1951 2516 2517
f 1951 2517 2518
f 2518 2519 1951
f 1951 2519 2520
f 1951 2520 2521
f 2521 2522 1951
f 1951 2522 2523
f 1951 2523 2524
f 2524 2525 1951
f 1951 2525 2526
f 1951 2526 2527
f 2527 2528 1951
f 1951 2528 2529
f 1951 2529 2530
f 2530 2486 1951
f 1855 1857 1927
f 1927 1857 1859
f 1927 1859 1861
f 1861 1863 1927
f 1927 1863 1865
f 1927 1865 1867
f 1867 1869 1927
f 1873 1875 1937
f 1937 1875 1877
f 1937 1877 1879
f 1879 1881 1937
f 1937 1881 1883
f 1937 1883 1885
f 1885 1887 1937
f 1937 1887 1889
f 1937 1889 1891
f 1895 1897 1933
f 1933 1897 1899
f 1933 1899 1901
f 1901 1903 1933
f 1933 1903 1905
f 1933 1905 1907
f 1907 1909 1933
f 1933 1909 1911
f 1933 1911 1913
f 1913 1915 1933
f 1933 1915 1917
f 1933 1917 1919
f 1919 1921 1933
f 1741 1743 1931
f 1931 1743 1745
f 1931 1745 1747
f 1747 1749 1931
f 1931 1749 1751
f 1931 1751 1753
f 1753 1755 1931
f 1931 1755 1757
f 1931 1757 1759
f 1759 1761 1931
f 1931 1761 1763
f 1931 1763 1765
f 1765 1767 1931
f 1931 1767 1769
f 1931 1769 1771
f 1775 1777 1932
f 1932 1777 1779
f 1932 1779 1781
f 1781 1783 1932
f 1932 1783 1785
f 1932 1785 1787
f 1787 1789 1932
f 1932 1789 1791
f 1932 1791 1793
f 1797 1799 1929
f 1929 1799 1801
f 1929 1801 1803
f 1803 1805 1929
f 1929 1805 1807
f 2531 2117 2532
f 2532 2117 2476
f 2532 2476 2533
f 2533 2476 2478
f 2533 2478 2534
f 2534 2478 2480
f 2534 2480 2535
f 2535 2480 2482
f 2535 2482 2536
f 2536 2482 2484
f 2536 2484 2537
f 2537 2484 2486
f 2537 2486 2538
f 2538 2486 2530
f 2538 2530 2539
f 2539 2530 2529
f 2539 2529 2540
f 2540 2529 2528
f 2540 2528 2541
f 2541 2528 2527
f 2541 2527 2542
f 2542 2527 2526
f 2542 2526 2543
f 2543 2526 2525
f 2543 2525 2544
f 2544 2525 2524
f 2544 2524 2545
f 2545 2524 2523
f 2545 2523 2546
f 2546 2523 2522
f 2546 2522 2547
f 2547 2522 2521
f 2547 2521 2548
f 2548 2521 2520
f 2548 2520 2549
f 2549 2520 2519
f 2549 2519 2550
f 2550 2519 2518
f 2550 2518 2551
f 2551 2518 2517
f 2551 2517 2552
f 2552 2517 2516
f 2552 2516 2553
f 2553 2516 1956
f 2553 1956 2554
f 2554 1956 1955
f 2554 1955 2555
f 2555 1955 1954
f 2555 1954 2556
f 2556 1954 2037
f 2556 2037 2557
f 2557 2037 2036
f 2557 2036 2558
f 2558 2036 2039
f 2558 2039 2559
f 2559 2039 2041
f 2559 2041 2560
f 2560 2041 2043
f 2560 2043 2561
f 2561 2043 2045
f 2561 2045 2562
f 2562 2045 2050
f 2562 2050 2563
f 2563 2050 2049
f 2563 2049 2564
f 2564 2049 2051
f 2564 2051 2565
f 2565 2051 2053
f 2565 2053 2566
f 2566 2053 2055
f 2566 2055 2567
f 2567 2055 2056
f 2567 2056 2568
f 2568 2056 2058
f 2568 2058 2569
f 2569 2058 2060
f 2569 2060 2570
f 2570 2060 2061
f 2570 2061 2571
f 2571 2061 2062
f 2571 2062 2572
f 2572 2062 2064
f 2572 2064 2573
f 2573 2064 2065
f 2573 2065 2574
f 2574 2065 2067
f 2574 2067 2575
f 2575 2067 2068
f 2575 2068 2576
f 2576 2068 2069
f 2576 2069 2577
f 2577 2069 2071
f 2577 2071 2578
f 2578 2071 2072
f 2578 2072 2579
f 2579 2072 2074
f 2579 2074 2580
f 2580 2074 2075
f 2580 2075 2581
f 2581 2075 2077
f 2581 2077 2582
f 2582 2077 2078
f 2582 2078 2583
f 2583 2078 2080
f 2583 2080 2584
f 2584 2080 2082
f 2584 2082 2585
f 2585 2082 2083
f 2585 2083 2586
f 2586 2083 2085
f 2586 2085 2587
f 2587 2085 2086
f 2587 2086 2588
f 2588 2086 2088
f 2588 2088 2589
f 2589 2088 2089
f 2589 2089 2590
f 2590 2089 2091
f 2590 2091 2591
f 2591 2091 2093
f 2591 2093 2592
f 2592 2093 2094
f 2592 2094 2593
f 2593 2094 2096
f 2593 2096 2594
f 2594 2096 2098
f 2594 2098 2595
f 2595 2098 2099
f 2595 2099 2596
f 2596 2099 2101
f 2596 2101 2597
f 2597 2101 2103
f 2597 2103 2598
f 2598 2103 2104
f 2598 2104 2599
f 2599 2104 2106
f 2599 2106 2600
f 2600 2106 2108
f 2600 2108 2601
f 2601 2108 2110
f 2601 2110 2602
f 2602 2110 2112
f 2602 2112 2603
f 2603 2112 2115
f 2603 2115 2531
f 2531 2115 2117
f 2531 2532 2604
f 2604 2532 2533
f 2604 2533 2605
f 2605 2533 2534
f 2605 2534 2606
f 2606 2534 2535
f 2606 2535 2607
f 2607 2535 2536
f 2607 2536 2537
f 2607 2537 2608
f 2608 2537 2538
f 2608 2538 2609
f 2609 2538 2539
f 2609 2539 2610
f 2610 2539 2540
f 2610 2540 2541
f 2610 2541 2611
f 2611 2541 2542
f 2611 2542 2612
f 2612 2542 2543
f 2612 2543 2613
f 2613 2543 2544
f 2613 2544 2545
f 2613 2545 2614
f 2614 2545 2546
f 2614 2546 2615
f 2615 2546 2547
f 2615 2547 2548
f 2615 2548 2616
f 2616 2548 2549
f 2616 2549 2617
f 2617 2549 2550
f 2617 2550 2618
f 2618 2550 2551
f 2618 2551 2552
f 2618 2552 2619
f 2619 2552 2553
f 2619 2553 2620
f 2620 2553 2554
f 2620 2554 2621
f 2621 2554 2555
f 2621 2555 2556
f 2621 2556 2622
f 2622 2556 2557
f 2622 2557 2623
f 2623 2557 2558
f 2623 2558 2624
f 2624 2558 2559
f 2624 2559 2560
f 2624 2560 2625
f 2625 2560 2561
f 2625 2561 2626
f 2626 2561 2562
f 2626 2562 2627
f 2627 2562 2563
f 2627 2563 2564
f 2627 2564 2628
f 2628 2564 2565
f 2628 2565 2629
f 2629 2565 2566
f 2629 2566 2630
f 2630 2566 2567
f 2630 2567 2568
f 2630 2568 2631
f 2631 2568 2569
f 2631 2569 2632
f 2632 2569 2570
f 2632 2570 2571
f 2632 2571 2633
f 2633 2571 2572
f 2633 2572 2634
f 2634 2572 2573
f 2634 2573 2635
f 2635 2573 2574
f 2635 2574 2575
f 2635 2575 2636
f 2636 2575 2576
f 2636 2576 2637
f 2637 2576 2577
f 2637 2577 2638
f 2638 2577 2578
f 2638 2578 2579
f 2638 2579 2639
f 2639 2579 2580
f 2639 2580 2640
f 2640 2580 2581
f 2640 2581 2641
f 2641 2581 2582
f 2641 2582 2583
f 2641 2583 2642
f 2642 2583 2584
f 2642 2584 2643
f 2643 2584 2585
f 2643 2585 2644
f 2644 2585 2586
f 2644 2586 2587
f 2644 2587 2645
f 2645 2587 2588
f 2645 2588 2646
f 2646 2588 2589
f 2646 2589 2647
f 2647 2589 2590
f 2647 2590 2591
f 2647 2591 2648
f 2648 2591 2592
f 2648 2592 2649
f 2649 2592 2593
f 2649 2593 2594
f 2649 2594 2650
f 2650 2594 2595
f 2650 2595 2651
f 2651 2595 2596
f 2651 2596 2652
f 2652 2596 2597
f 2652 2597 2598
f 2652 2598 2653
f 2653 2598 2599
f 2653 2599 2654
f 2654 2599 2600
f 2654 2600 2655
f 2655 2600 2601
f 2655 2601 2602
f 2655 2602 2656
f 2656 2602 2603
f 2656 2603 2657
f 2657 2603 2531
f 2657 2531 2604
f 2658 2427 2659
f 2659 2427 2429
f 2659 2429 2660
f 2660 2429 2515
f 2660 2515 2661
f 2661 2515 2514
f 2661 2514 2662
f 2662 2514 2513
f 2662 2513 2663
f 2663 2513 2512
f 2663 2512 2664
f 2664 2512 2511
f 2664 2511 2665
f 2665 2511 2510
f 2665 2510 2666
f 2666 2510 2509
f 2666 2509 2667
f 2667 2509 2508
f 2667 2508 2668
f 2668 2508 2507
f 2668 2507 2669
f 2669 2507 2506
f 2669 2506 2670
f 2670 2506 2505
f 2670 2505 2671
f 2671 2505 2504
f 2671 2504 2672
f 2672 2504 2503
f 2672 2503 2673
f 2673 2503 2502
f 2673 2502 2674
f 2674 2502 2501
f 2674 2501 2675
f 2675 2501 1953
f 2675 1953 2676
f 2676 1953 1952
f 2676 1952 2677
f 2677 1952 2500
f 2677 2500 2678
f 2678 2500 2499
f 2678 2499 2679
f 2679 2499 2498
f 2679 2498 2680
f 2680 2498 2497
f 2680 2497 2681
f 2681 2497 2496
f 2681 2496 2682
f 2682 2496 2495
f 2682 2495 2683
f 2683 2495 2494
f 2683 2494 2684
f 2684 2494 2493
f 2684 2493 2685
f 2685 2493 2492
f 2685 2492 2686
f 2686 2492 2491
f 2686 2491 2687
f 2687 2491 2490
f 2687 2490 2688
f 2688 2490 2489
f 2688 2489 2689
f 2689 2489 2488
f 2689 2488 2690
f 2690 2488 2487
f 2690 2487 2691
f 2691 2487 2485
f 2691 2485 2692
f 2692 2485 2483
f 2692 2483 2693
f 2693 2483 2481
f 2693 2481 2694
f 2694 2481 2479
f 2694 2479 2695
f 2695 2479 2477
f 2695 2477 2696
f 2696 2477 2119
f 2696 2119 2697
f 2697 2119 2118
f 2697 2118 2698
f 2698 2118 2121
f 2698 2121 2699
f 2699 2121 2124
f 2699 2124 2700
f 2700 2124 2126
f 2700 2126 2701
f 2701 2126 2367
f 2701 2367 2702
f 2702 2367 2369
f 2702 2369 2703
f 2703 2369 2371
f 2703 2371 2704
f 2704 2371 2373
f 2704 2373 2705
f 2705 2373 2375
f 2705 2375 2706
f 2706 2375 2377
f 2706 2377 2707
f 2707 2377 2379
f 2707 2379 2708
f 2708 2379 2381
f 2708 2381 2709
f 2709 2381 2383
f 2709 2383 2710
f 2710 2383 2385
f 2710 2385 2711
f 2711 2385 2387
f 2711 2387 2712
f 2712 2387 2389
f 2712 2389 2713
f 2713 2389 2391
f 2713 2391 2714
f 2714 2391 2393
f 2714 2393 2715
f 2715 2393 2395
f 2715 2395 2716
f 2716 2395 2397
f 2716 2397 2717
f 2717 2397 2399
f 2717 2399 2718
f 2718 2399 2401
f 2718 2401 2719
f 2719 2401 2403
f 2719 2403 2720
f 2720 2403 2405
f 2720 2405 2721
f 2721 2405 2407
f 2721 2407 2722
f 2722 2407 2409
f 2722 2409 2723
f 2723 2409 2411
f 2723 2411 2724
f 2724 2411 2413
f 2724 2413 2725
f 2725 2413 2415
f 2725 2415 2726
f 2726 2415 2417
f 2726 2417 2727
f 2727 2417 2419
f 2727 2419 2728
f 2728 2419 2421
f 2728 2421 2729
f 2729 2421 2423
f 2729 2423 2730
f 2730 2423 2425
f 2730 2425 2658
f 2658 2425 2427
f 2658 2659 2731
f 2731 2659 2660
f 2731 2660 2732
f 2732 2660 2661
f 2732 2661 2733
f 2733 2661 2662
f 2733 2662 2734
f 2734 2662 2663
f 2734 2663 2664
f 2734 2664 2735
f 2735 2664 2665
f 2735 2665 2736
f 2736 2665 2666
f 2736 2666 2737
f 2737 2666 2667
f 2737 2667 2668
f 2737 2668 2738
f 2738 2668 2669
f 2738 2669 2739
f 2739 2669 2670
f 2739 2670 2740
f 2740 2670 2671
f 2740 2671 2672
f 2740 2672 2741
f 2741 2672 2673
f 2741 2673 2742
f 2742 2673 2674
f 2742 2674 2675
f 2742 2675 2743
f 2743 2675 2676
f 2743 2676 2744
f 2744 2676 2677
f 2744 2677 2745
f 2745 2677 2678
f 2745 2678 2679
f 2745 2679 2746
f 2746 2679 2680
f 2746 2680 2747
f 2747 2680 2681
f 2747 2681 2748
f 2748 2681 2682
f 2748 2682 2683
f 2748 2683 2749
f 2749 2683 2684
f 2749 2684 2750
f 2750 2684 2685
f 2750 2685 2751
f 2751 2685 2686
f 2751 2686 2687
f 2751 2687 2752
f 2752 2687 2688
f 2752 2688 2753
f 2753 2688 2689
f 2753 2689 2754
f 2754 2689 2690
f 2754 2690 2691
f 2754 2691 2755
f 2755 2691 2692
f 2755 2692 2756
f 2756 2692 2693
f 2756 2693 2757
f 2757 2693 2694
f 2757 2694 2695
f 2757 2695 2758
f 2758 2695 2696
f 2758 2696 2759
f 2759 2696 2697
f 2759 2697 2698
f 2759 2698 2760
f 2760 2698 2699
f 2760 2699 2761
f 2761 2699 2700
f 2761 2700 2762
f 2762 2700 2701
f 2762 2701 2702
f 2762 2702 2763
f 2763 2702 2703
f 2763 2703 2764
f 2764 2703 2704
f 2764 2704 2765
f 2765 2704 2705
f 2765 2705 2706
f 2765 2706 2766
f 2766 2706 2707
f 2766 2707 2767
f 2767 2707 2708
f 2767 2708 2768
f 2768 2708 2709
f 2768 2709 2710
f 2768 2710 2769
f 2769 2710 2711
f 2769 2711 2770
f 2770 2711 2712
f 2770 2712 2771
f 2771 2712 2713
f 2771 2713 2714
f 2771 2714 2772
f 2772 2714 2715
f 2772 2715 2773
f 2773 2715 2716
f 2773 2716 2774
f 2774 2716 2717
f 2774 2717 2718
f 2774 2718 2775
f 2775 2718 2719
f 2775 2719 2776
f 2776 2719 2720
f 2776 2720 2721
f 2776 2721 2777
f 2777 2721 2722
f 2777 2722 2778
f 2778 2722 2723
f 2778 2723 2779
f 2779 2723 2724
f 2779 2724 2725
f 2779 2725 2780
f 2780 2725 2726
f 2780 2726 2781
f 2781 2726 2727
f 2781 2727 2782
f 2782 2727 2728
f 2782 2728 2729
f 2782 2729 2783
f 2783 2729 2730
f 2783 2730 2784
f 2784 2730 2658
f 2784 2658 2731
f 2785 2363 2786
f 2786 2363 2365
f 2786 2365 2787
f 2787 2365 2137
f 2787 2137 2788
f 2788 2137 2138
f 2788 2138 2789
f 2789 2138 2140
f 2789 2140 2790
f 2790 2140 2143
f 2790 2143 2791
f 2791 2143 2145
f 2791 2145 2792
f 2792 2145 2147
f 2792 2147 2793
f 2793 2147 2149
f 2793 2149 2794
f 2794 2149 2151
f 2794 2151 2795
f 2795 2151 2152
f 2795 2152 2796
f 2796 2152 2154
f 2796 2154 2797
f 2797 2154 2156
f 2797 2156 2798
f 2798 2156 2157
f 2798 2157 2799
f 2799 2157 2159
f 2799 2159 2800
f 2800 2159 2161
f 2800 2161 2801
f 2801 2161 2162
f 2801 2162 2802
f 2802 2162 2164
f 2802 2164 2803
f 2803 2164 2166
f 2803 2166 2804
f 2804 2166 2167
f 2804 2167 2805
f 2805 2167 2169
f 2805 2169 2806
f 2806 2169 2170
f 2806 2170 2807
f 2807 2170 2172
f 2807 2172 2808
f 2808 2172 2173
f 2808 2173 2809
f 2809 2173 2175
f 2809 2175 2810
f 2810 2175 2177
f 2810 2177 2811
f 2811 2177 2178
f 2811 2178 2812
f 2812 2178 2180
f 2812 2180 2813
f 2813 2180 2181
f 2813 2181 2814
f 2814 2181 2183
f 2814 2183 2815
f 2815 2183 2184
f 2815 2184 2816
f 2816 2184 2186
f 2816 2186 2817
f 2817 2186 2187
f 2817 2187 2818
f 2818 2187 2188
f 2818 2188 2819
f 2819 2188 2190
f 2819 2190 2820
f 2820 2190 2191
f 2820 2191 2821
f 2821 2191 2193
f 2821 2193 2822
f 2822 2193 2194
f 2822 2194 2823
f 2823 2194 2195
f 2823 2195 2824
f 2824 2195 2197
f 2824 2197 2825
f 2825 2197 2199
f 2825 2199 2826
f 2826 2199 2200
f 2826 2200 2827
f 2827 2200 2202
f 2827 2202 2828
f 2828 2202 2204
f 2828 2204 2829
f 2829 2204 2206
f 2829 2206 2830
f 2830 2206 2207
f 2830 2207 2831
f 2831 2207 2210
f 2831 2210 2832
f 2832 2210 2212
f 2832 2212 2833
f 2833 2212 2214
f 2833 2214 2834
f 2834 2214 2216
f 2834 2216 2835
f 2835 2216 2326
f 2835 2326 2836
f 2836 2326 1939
f 2836 1939 2837
f 2837 1939 2475
f 2837 2475 2838
f 2838 2475 2474
f 2838 2474 2839
f 2839 2474 2473
f 2839 2473 2840
f 2840 2473 2472
f 2840 2472 2841
f 2841 2472 2471
f 2841 2471 2842
f 2842 2471 2470
f 2842 2470 2843
f 2843 2470 2469
f 2843 2469 2844
f 2844 2469 2468
f 2844 2468 2845
f 2845 2468 2467
f 2845 2467 2846
f 2846 2467 2466
f 2846 2466 2847
f 2847 2466 2465
f 2847 2465 2848
f 2848 2465 2464
f 2848 2464 2849
f 2849 2464 2463
f 2849 2463 2850
f 2850 2463 2462
f 2850 2462 2851
f 2851 2462 2461
f 2851 2461 2852
f 2852 2461 2460
f 2852 2460 2853
f 2853 2460 2355
f 2853 2355 2854
f 2854 2355 2354
f 2854 2354 2855
f 2855 2354 2357
f 2855 2357 2856
f 2856 2357 2359
f 2856 2359 2857
f 2857 2359 2361
f 2857 2361 2785
f 2785 2361 2363
f 2785 2786 2858
f 2858 2786 2787
f 2858 2787 2859
f 2859 2787 2788
f 2859 2788 2860
f 2860 2788 2789
f 2860 2789 2861
f 2861 2789 2790
f 2861 2790 2791
f 2861 2791 2862
f 2862 2791 2792
f 2862 2792 2863
f 2863 2792 2793
f 2863 2793 2864
f 2864 2793 2794
f 2864 2794 2795
f 2864 2795 2865
f 2865 2795 2796
f 2865 2796 2866
f 2866 2796 2797
f 2866 2797 2867
f 2867 2797 2798
f 2867 2798 2799
f 2867 2799 2868
f 2868 2799 2800
f 2868 2800 2869
f 2869 2800 2801
f 2869 2801 2802
f 2869 2802 2870
f 2870 2802 2803
f 2870 2803 2871
f 2871 2803 2804
f 2871 2804 2872
f 2872 2804 2805
f 2872 2805 2806
f 2872 2806 2873
f 2873 2806 2807
f 2873 2807 2874
f 2874 2807 2808
f 2874 2808 2875
f 2875 2808 2809
f 2875 2809 2810
f 2875 2810 2876
f 2876 2810 2811
f 2876 2811 2877
f 2877 2811 2812
f 2877 2812 2878
f 2878 2812 2813
f 2878 2813 2814
f 2878 2814 2879
f 2879 2814 2815
f 2879 2815 2880
f 2880 2815 2816
f 2880 2816 2881
f 2881 2816 2817
f 2881 2817 2818
f 2881 2818 2882
f 2882 2818 2819
f 2882 2819 2883
f 2883 2819 2820
f 2883 2820 2884
f 2884 2820 2821
f 2884 2821 2822
f 2884 2822 2885
f 2885 2822 2823
f 2885 2823 2886
f 2886 2823 2824
f 2886 2824 2825
f 2886 2825 2887
f 2887 2825 2826
f 2887 2826 2888
f 2888 2826 2827
f 2888 2827 2889
f 2889 2827 2828
f 2889 2828 2829
f 2889 2829 2890
f 2890 2829 2830
f 2890 2830 2891
f 2891 2830 2831
f 2891 2831 2892
f 2892 2831 2832
f 2892 2832 2833
f 2892 2833 2893
f 2893 2833 2834
f 2893 2834 2894
f 2894 2834 2835
f 2894 2835 2895
f 2895 2835 2836
f 2895 2836 2837
f 2895 2837 2896
f 2896 2837 2838
f 2896 2838 2897
f 2897 2838 2839
f 2897 2839 2898
f 2898 2839 2840
f 2898 2840 2841
f 2898 2841 2899
f 2899 2841 2842
f 2899 2842 2900
f 2900 2842 2843
f 2900 2843 2901
f 2901 2843 2844
f 2901 2844 2845
f 2901 2845 2902
f 2902 2845 2846
f 2902 2846 2903
f 2903 2846 2847
f 2903 2847 2848
f 2903 2848 2904
f 2904 2848 2849
f 2904 2849 2905
f 2905 2849 2850
f 2905 2850 2906
f 2906 2850 2851
f 2906 2851 2852
f 2906 2852 2907
f 2907 2852 2853
f 2907 2853 2908
f 2908 2853 2854
f 2908 2854 2909
f 2909 2854 2855
f 2909 2855 2856
f 2909 2856 2910
f 2910 2856 2857
f 2910 2857 2911
f 2911 2857 2785
f 2911 2785 2858
f 2912 2011 2913
f 2913 2011 2012
f 2913 2012 2914
f 2914 2012 2014
f 2914 2014 2915
f 2915 2014 2015
f 2915 2015 2916
f 2916 2015 2017
f 2916 2017 2917
f 2917 2017 2019
f 2917 2019 2918
f 2918 2019 2020
f 2918 2020 2919
f 2919 2020 2022
f 2919 2022 2920
f 2920 2022 2024
f 2920 2024 2921
f 2921 2024 2026
f 2921 2026 2922
f 2922 2026 2028
f 2922 2028 2923
f 2923 2028 2030
f 2923 2030 2924
f 2924 2030 2033
f 2924 2033 2925
f 2925 2033 2035
f 2925 2035 2926
f 2926 2035 2459
f 2926 2459 2927
f 2927 2459 2458
f 2927 2458 2928
f 2928 2458 2457
f 2928 2457 2929
f 2929 2457 2456
f 2929 2456 2930
f 2930 2456 2455
f 2930 2455 2931
f 2931 2455 2454
f 2931 2454 2932
f 2932 2454 2453
f 2932 2453 2933
f 2933 2453 2452
f 2933 2452 2934
f 2934 2452 2451
f 2934 2451 2935
f 2935 2451 2450
f 2935 2450 2936
f 2936 2450 2449
f 2936 2449 2937
f 2937 2449 2448
f 2937 2448 2938
f 2938 2448 2447
f 2938 2447 2939
f 2939 2447 2446
f 2939 2446 2940
f 2940 2446 2445
f 2940 2445 2941
f 2941 2445 2444
f 2941 2444 2942
f 2942 2444 2443
f 2942 2443 2943
f 2943 2443 2442
f 2943 2442 2944
f 2944 2442 2441
f 2944 2441 2945
f 2945 2441 2440
f 2945 2440 2946
f 2946 2440 2439
f 2946 2439 2947
f 2947 2439 2438
f 2947 2438 2948
f 2948 2438 2437
f 2948 2437 2949
f 2949 2437 2436
f 2949 2436 2950
f 2950 2436 2435
f 2950 2435 2951
f 2951 2435 2434
f 2951 2434 2952
f 2952 2434 2433
f 2952 2433 2953
f 2953 2433 2432
f 2953 2432 2954
f 2954 2432 2431
f 2954 2431 2955
f 2955 2431 2430
f 2955 2430 2956
f 2956 2430 1968
f 2956 1968 2957
f 2957 1968 1967
f 2957 1967 2958
f 2958 1967 1969
f 2958 1969 2959
f 2959 1969 1971
f 2959 1971 2960
f 2960 1971 1972
f 2960 1972 2961
f 2961 1972 1974
f 2961 1974 2962
f 2962 1974 1976
f 2962 1976 2963
f 2963 1976 1977
f 2963 1977 2964
f 2964 1977 1979
f 2964 1979 2965
f 2965 1979 1981
f 2965 1981 2966
f 2966 1981 1982
f 2966 1982 2967
f 2967 1982 1984
f 2967 1984 2968
f 2968 1984 1985
f 2968 1985 2969
f 2969 1985 1987
f 2969 1987 2970
f 2970 1987 1989
f 2970 1989 2971
f 2971 1989 1990
f 2971 1990 2972
f 2972 1990 1992
f 2972 1992 2973
f 2973 1992 1993
f 2973 1993 2974
f 2974 1993 1995
f 2974 1995 2975
f 2975 1995 1996
f 2975 1996 2976
f 2976 1996 1998
f 2976 1998 2977
f 2977 1998 1999
f 2977 1999 2978
f 2978 1999 2001
f 2978 2001 2979
f 2979 2001 2002
f 2979 2002 2980
f 2980 2002 2004
f 2980 2004 2981
f 2981 2004 2005
f 2981 2005 2982
f 2982 2005 2007
f 2982 2007 2983
f 2983 2007 2008
f 2983 2008 2984
f 2984 2008 2009
f 2984 2009 2912
f 2912 2009 2011
f 2912 2913 2985
f 2985 2913 2914
f 2985 2914 2986
f 2986 2914 2915
f 2986 2915 2987
f 2987 2915 2916
f 2987 2916 2988
f 2988 2916 2917
f 2988 2917 2918
f 2988 2918 2989
f 2989 2918 2919
f 2989 2919 2990
f 2990 2919 2920
f 2990 2920 2991
f 2991 2920 2921
f 2991 2921 2922
f 2991 2922 2992
f 2992 2922 2923
f 2992 2923 2993
f 2993 2923 2924
f 2993 2924 2994
f 2994 2924 2925
f 2994 2925 2926
f 2994 2926 2995
f 2995 2926 2927
f 2995 2927 2996
f 2996 2927 2928
f 2996 2928 2929
f 2996 2929 2997
f 2997 2929 2930
f 2997 2930 2998
f 2998 2930 2931
f 2998 2931 2999
f 2999 2931 2932
f 2999 2932 2933
f 2999 2933 3000
f 3000 2933 2934
f 3000 2934 3001
f 3001 2934 2935
f 3001 2935 3002
f 3002 2935 2936
f 3002 2936 2937
f 3002 2937 3003
f 3003 2937 2938
f 3003 2938 3004
f 3004 2938 2939
f 3004 2939 3005
f 3005 2939 2940
f 3005 2940 2941
f 3005 2941 3006
f 3006 2941 2942
f 3006 2942 3007
f 3007 2942 2943
f 3007 2943 3008
f 3008 2943 2944
f 3008 2944 2945
f 3008 2945 3009
f 3009 2945 2946
f 3009 2946 3010
f 3010 2946 2947
f 3010 2947 3011
f 3011 2947 2948
f 3011 2948 2949
f 3011 2949 3012
f 3012 2949 2950
f 3012 2950 3013
f 3013 2950 2951
f 3013 2951 2952
f 3013 2952 3014
f 3014 2952 2953
f 3014 2953 3015
f 3015 2953 2954
f 3015 2954 3016
f 3016 2954 2955
f 3016 2955 2956
f 3016 2956 3017
f 3017 2956 2957
f 3017 2957 3018
f 3018 2957 2958
f 3018 2958 3019
f 3019 2958 2959
f 3019 2959 2960
f 3019 2960 3020
f 3020 2960 2961
f 3020 2961 3021
f 3021 2961 2962
f 3021 2962 3022
f 3022 2962 2963
f 3022 2963 2964
f 3022 2964 3023
f 3023 2964 2965
f 3023 2965 3024
f 3024 2965 2966
f 3024 2966 3025
f 3025 2966 2967
f 3025 2967 2968
f 3025 2968 3026
f 3026 2968 2969
f 3026 2969 3027
f 3027 2969 2970
f 3027 2970 3028
f 3028 2970 2971
f 3028 2971 2972
f 3028 2972 3029
f 3029 2972 2973
f 3029 2973 3030
f 3030 2973 2974
f 3030 2974 2975
f 3030 2975 3031
f 3031 2975 2976
f 3031 2976 3032
f 3032 2976 2977
f 3032 2977 3033
f 3033 2977 2978
f 3033 2978 2979
f 3033 2979 3034
f 3034 2979 2980
f 3034 2980 3035
f 3035 2980 2981
f 3035 2981 3036
f 3036 2981 2982
f 3036 2982 2983
f 3036 2983 3037
f 3037 2983 2984
f 3037 2984 3038
f 3038 2984 2912
f 3038 2912 2985
f 3039 1948 3040
f 3040 1948 1947
f 3040 1947 3041
f 3041 1947 2428
f 3041 2428 3042
f 3042 2428 2426
f 3042 2426 3043
f 3043 2426 2424
f 3043 2424 3044
f 3044 2424 2422
f 3044 2422 3045
f 3045 2422 2420
f 3045 2420 3046
f 3046 2420 2418
f 3046 2418 3047
f 3047 2418 2416
f 3047 2416 3048
f 3048 2416 2414
f 3048 2414 3049
f 3049 2414 2412
f 3049 2412 3050
f 3050 2412 2410
f 3050 2410 3051
f 3051 2410 2408
f 3051 2408 3052
f 3052 2408 2406
f 3052 2406 3053
f 3053 2406 2404
f 3053 2404 3054
f 3054 2404 2402
f 3054 2402 3055
f 3055 2402 2400
f 3055 2400 3056
f 3056 2400 2398
f 3056 2398 3057
f 3057 2398 2396
f 3057 2396 3058
f 3058 2396 2394
f 3058 2394 3059
f 3059 2394 2392
f 3059 2392 3060
f 3060 2392 2390
f 3060 2390 3061
f 3061 2390 2388
f 3061 2388 3062
f 3062 2388 2386
f 3062 2386 3063
f 3063 2386 2384
f 3063 2384 3064
f 3064 2384 2382
f 3064 2382 3065
f 3065 2382 2380
f 3065 2380 3066
f 3066 2380 2378
f 3066 2378 3067
f 3067 2378 2376
f 3067 2376 3068
f 3068 2376 2374
f 3068 2374 3069
f 3069 2374 2372
f 3069 2372 3070
f 3070 2372 2370
f 3070 2370 3071
f 3071 2370 2368
f 3071 2368 3072
f 3072 2368 2128
f 3072 2128 3073
f 3073 2128 2130
f 3073 2130 3074
f 3074 2130 2132
f 3074 2132 3075
f 3075 2132 2135
f 3075 2135 3076
f 3076 2135 2366
f 3076 2366 3077
f 3077 2366 2364
f 3077 2364 3078
f 3078 2364 2362
f 3078 2362 3079
f 3079 2362 2360
f 3079 2360 3080
f 3080 2360 2358
f 3080 2358 3081
f 3081 2358 2356
f 3081 2356 3082
f 3082 2356 2353
f 3082 2353 3083
f 3083 2353 2352
f 3083 2352 3084
f 3084 2352 2351
f 3084 2351 3085
f 3085 2351 2350
f 3085 2350 3086
f 3086 2350 2349
f 3086 2349 3087
f 3087 2349 2348
f 3087 2348 3088
f 3088 2348 2347
f 3088 2347 3089
f 3089 2347 2346
f 3089 2346 3090
f 3090 2346 2345
f 3090 2345 3091
f 3091 2345 2344
f 3091 2344 3092
f 3092 2344 2343
f 3092 2343 3093
f 3093 2343 2342
f 3093 2342 3094
f 3094 2342 2341
f 3094 2341 3095
f 3095 2341 1945
f 3095 1945 3096
f 3096 1945 1944
f 3096 1944 3097
f 3097 1944 2340
f 3097 2340 3098
f 3098 2340 2339
f 3098 2339 3099
f 3099 2339 2338
f 3099 2338 3100
f 3100 2338 2337
f 3100 2337 3101
f 3101 2337 2336
f 3101 2336 3102
f 3102 2336 2335
f 3102 2335 3103
f 3103 2335 2334
f 3103 2334 3104
f 3104 2334 2333
f 3104 2333 3105
f 3105 2333 2332
f 3105 2332 3106
f 3106 2332 2331
f 3106 2331 3107
f 3107 2331 2330
f 3107 2330 3108
f 3108 2330 2329
f 3108 2329 3109
f 3109 2329 2328
f 3109 2328 3110
f 3110 2328 2327
f 3110 2327 3111
f 3111 2327 1949
f 3111 1949 3039
f 3039 1949 1948
f 3039 3040 3112
f 3112 3040 3041
f 3112 3041 3113
f 3113 3041 3042
f 3113 3042 3114
f 3114 3042 3043
f 3114 3043 3115
f 3115 3043 3044
f 3115 3044 3045
f 3115 3045 3116
f 3116 3045 3046
f 3116 3046 3117
f 3117 3046 3047
f 3117 3047 3118
f 3118 3047 3048
f 3118 3048 3049
f 3118 3049 3119
f 3119 3049 3050
f 3119 3050 3120
f 3120 3050 3051
f 3120 3051 3121
f 3121 3051 3052
f 3121 3052 3053
f 3121 3053 3122
f 3122 3053 3054
f 3122 3054 3123
f 3123 3054 3055
f 3123 3055 3056
f 3123 3056 3124
f 3124 3056 3057
f 3124 3057 3125
f 3125 3057 3058
f 3125 3058 3126
f 3126 3058 3059
f 3126 3059 3060
f 3126 3060 3127
f 3127 3060 3061
f 3127 3061 3128
f 3128 3061 3062
f 3128 3062 3129
f 3129 3062 3063
f 3129 3063 3064
f 3129 3064 3130
f 3130 3064 3065
f 3130 3065 3131
f 3131 3065 3066
f 3131 3066 3132
f 3132 3066 3067
f 3132 3067 3068
f 3132 3068 3133
f 3133 3068 3069
f 3133 3069 3134
f 3134 3069 3070
f 3134 3070 3135
f 3135 3070 3071
f 3135 3071 3072
f 3135 3072 3136
f 3136 3072 3073
f 3136 3073 3137
f 3137 3073 3074
f 3137 3074 3138
f 3138 3074 3075
f 3138 3075 3076
f 3138 3076 3139
f 3139 3076 3077
f 3139 3077 3140
f 3140 3077 3078
f 3140 3078 3079
f 3140 3079 3141
f 3141 3079 3080
f 3141 3080 3142
f 3142 3080 3081
f 3142 3081 3143
f 3143 3081 3082
f 3143 3082 3083
f 3143 3083 3144
f 3144 3083 3084
f 3144 3084 3145
f 3145 3084 3085
f 3145 3085 3146
f 3146 3085 3086
f 3146 3086 3087
f 3146 3087 3147
f 3147 3087 3088
f 3147 3088 3148
f 3148 3088 3089
f 3148 3089 3149
f 3149 3089 3090
f 3149 3090 3091
f 3149 3091 3150
f 3150 3091 3092
f 3150 3092 3151
f 3151 3092 3093
f 3151 3093 3152
f 3152 3093 3094
f 3152 3094 3095
f 3152 3095 3153
f 3153 3095 3096
f 3153 3096 3154
f 3154 3096 3097
f 3154 3097 3155
f 3155 3097 3098
f 3155 3098 3099
f 3155 3099 3156
f 3156 3099 3100
f 3156 3100 3157
f 3157 3100 3101
f 3157 3101 3102
f 3157 3102 3158
f 3158 3102 3103
f 3158 3103 3159
f 3159 3103 3104
f 3159 3104 3160
f 3160 3104 3105
f 3160 3105 3106
f 3160 3106 3161
f 3161 3106 3107
f 3161 3107 3162
f 3162 3107 3108
f 3162 3108 3163
f 3163 3108 3109
f 3163 3109 3110
f 3163 3110 3164
f 3164 3110 3111
f 3164 3111 3165
f 3165 3111 3039
f 3165 3039 3112
f 3166 2239 3167
f 3167 2239 2240
f 3167 2240 3168
f 3168 2240 2242
f 3168 2242 3169
f 3169 2242 2243
f 3169 2243 3170
f 3170 2243 2245
f 3170 2245 3171
f 3171 2245 2246
f 3171 2246 3172
f 3172 2246 2247
f 3172 2247 3173
f 3173 2247 2249
f 3173 2249 3174
f 3174 2249 2250
f 3174 2250 3175
f 3175 2250 2252
f 3175 2252 3176
f 3176 2252 2253
f 3176 2253 3177
f 3177 2253 2255
f 3177 2255 3178
f 3178 2255 2256
f 3178 2256 3179
f 3179 2256 2258
f 3179 2258 3180
f 3180 2258 2259
f 3180 2259 3181
f 3181 2259 2261
f 3181 2261 3182
f 3182 2261 2262
f 3182 2262 3183
f 3183 2262 2264
f 3183 2264 3184
f 3184 2264 2265
f 3184 2265 3185
f 3185 2265 2267
f 3185 2267 3186
f 3186 2267 2269
f 3186 2269 3187
f 3187 2269 2270
f 3187 2270 3188
f 3188 2270 2272
f 3188 2272 3189
f 3189 2272 2273
f 3189 2273 3190
f 3190 2273 2275
f 3190 2275 3191
f 3191 2275 2277
f 3191 2277 3192
f 3192 2277 2278
f 3192 2278 3193
f 3193 2278 2280
f 3193 2280 3194
f 3194 2280 2282
f 3194 2282 3195
f 3195 2282 2283
f 3195 2283 3196
f 3196 2283 2285
f 3196 2285 3197
f 3197 2285 2286
f 3197 2286 3198
f 3198 2286 2287
f 3198 2287 3199
f 3199 2287 2288
f 3199 2288 3200
f 3200 2288 2289
f 3200 2289 3201
f 3201 2289 2290
f 3201 2290 3202
f 3202 2290 2291
f 3202 2291 3203
f 3203 2291 2292
f 3203 2292 3204
f 3204 2292 2293
f 3204 2293 3205
f 3205 2293 2294
f 3205 2294 3206
f 3206 2294 2295
f 3206 2295 3207
f 3207 2295 2296
f 3207 2296 3208
f 3208 2296 2297
f 3208 2297 3209
f 3209 2297 2298
f 3209 2298 3210
f 3210 2298 2299
f 3210 2299 3211
f 3211 2299 2300
f 3211 2300 3212
f 3212 2300 2301
f 3212 2301 3213
f 3213 2301 2302
f 3213 2302 3214
f 3214 2302 2303
f 3214 2303 3215
f 3215 2303 2304
f 3215 2304 3216
f 3216 2304 2305
f 3216 2305 3217
f 3217 2305 2306
f 3217 2306 3218
f 3218 2306 2307
f 3218 2307 3219
f 3219 2307 2308
f 3219 2308 3220
f 3220 2308 2309
f 3220 2309 3221
f 3221 2309 2310
f 3221 2310 3222
f 3222 2310 2311
f 3222 2311 3223
f 3223 2311 2312
f 3223 2312 3224
f 3224 2312 2313
f 3224 2313 3225
f 3225 2313 2314
f 3225 2314 3226
f 3226 2314 1941
f 3226 1941 3227
f 3227 1941 1940
f 3227 1940 3228
f 3228 1940 2218
f 3228 2218 3229
f 3229 2218 2219
f 3229 2219 3230
f 3230 2219 2221
f 3230 2221 3231
f 3231 2221 2224
f 3231 2224 3232
f 3232 2224 2226
f 3232 2226 3233
f 3233 2226 2228
f 3233 2228 3234
f 3234 2228 2230
f 3234 2230 3235
f 3235 2230 2232
f 3235 2232 3236
f 3236 2232 2234
f 3236 2234 3237
f 3237 2234 2235
f 3237 2235 3238
f 3238 2235 2237
f 3238 2237 3166
f 3166 2237 2239
f 3166 3167 3239
f 3239 3167 3168
f 3239 3168 3240
f 3240 3168 3169
f 3240 3169 3241
f 3241 3169 3170
f 3241 3170 3242
f 3242 3170 3171
f 3242 3171 3172
f 3242 3172 3243
f 3243 3172 3173
f 3243 3173 3244
f 3244 3173 3174
f 3244 3174 3245
f 3245 3174 3175
f 3245 3175 3176
f 3245 3176 3246
f 3246 3176 3177
f 3246 3177 3247
f 3247 3177 3178
f 3247 3178 3248
f 3248 3178 3179
f 3248 3179 3180
f 3248 3180 3249
f 3249 3180 3181
f 3249 3181 3250
f 3250 3181 3182
f 3250 3182 3183
f 3250 3183 3251
f 3251 3183 3184
f 3251 3184 3252
f 3252 3184 3185
f 3252 3185 3253
f 3253 3185 3186
f 3253 3186 3187
f 3253 3187 3254
f 3254 3187 3188
f 3254 3188 3255
f 3255 3188 3189
f 3255 3189 3256
f 3256 3189 3190
f 3256 3190 3191
f 3256 3191 3257
f 3257 3191 3192
f 3257 3192 3258
f 3258 3192 3193
f 3258 3193 3259
f 3259 3193 3194
f 3259 3194 3195
f 3259 3195 3260
f 3260 3195 3196
f 3260 3196 3261
f 3261 3196 3197
f 3261 3197 3262
f 3262 3197 3198
f 3262 3198 3199
f 3262 3199 3263
f 3263 3199 3200
f 3263 3200 3264
f 3264 3200 3201
f 3264 3201 3265
f 3265 3201 3202
f 3265 3202 3203
f 3265 3203 3266
f 3266 3203 3204
f 3266 3204 3267
f 3267 3204 3205
f 3267 3205 3206
f 3267 3206 3268
f 3268 3206 3207
f 3268 3207 3269
f 3269 3207 3208
f 3269 3208 3270
f 3270 3208 3209
f 3270 3209 3210
f 3270 3210 3271
f 3271 3210 3211
f 3271 3211 3272
f 3272 3211 3212
f 3272 3212 3273
f 3273 3212 3213
f 3273 3213 3214
f 3273 3214 3274
f 3274 3214 3215
f 3274 3215 3275
f 3275 3215 3216
f 3275 3216 3276
f 3276 3216 3217
f 3276 3217 3218
f 3276 3218 3277
f 3277 3218 3219
f 3277 3219 3278
f 3278 3219 3220
f 3278 3220 3279
f 3279 3220 3221
f 3279 3221 3222
f 3279 3222 3280
f 3280 3222 3223
f 3280 3223 3281
f 3281 3223 3224
f 3281 3224 3282
f 3282 3224 3225
f 3282 3225 3226
f 3282 3226 3283
f 3283 3226 3227
f 3283 3227 3284
f 3284 3227 3228
f 3284 3228 3229
f 3284 3229 3285
f 3285 3229 3230
f 3285 3230 3286
f 3286 3230 3231
f 3286 3231 3287
f 3287 3231 3232
f 3287 3232 3233
f 3287 3233 3288
f 3288 3233 3234
f 3288 3234 3289
f 3289 3234 3235
f 3289 3235 3290
f 3290 3235 3236
f 3290 3236 3237
f 3290 3237 3291
f 3291 3237 3238
f 3291 3238 3292
f 3292 3238 3166
f 3292 3166 3239
f 3293 3294 3295
f 3295 3294 3296
f 3295 3296 3297
f 3297 3296 3298
f 3297 3298 3299
f 3299 3298 3300
f 3299 3300 3301
f 3301 3300 3302
f 3301 3302 3303
f 3303 3302 3304
f 3303 3304 3305
f 3305 3304 3306
f 3305 3306 3307
f 3307 3306 3308
f 3307 3308 3309
f 3309 3308 3310
f 3309 3310 3311
f 3311 3310 3312
f 3311 3312 3313
f 3313 3312 3314
f 3313 3314 3315
f 3315 3314 3316
f 3315 3316 3317
f 3317 3316 3318
f 3317 3318 3319
f 3319 3318 3320
f 3319 3320 3321
f 3321 3320 3322
f 3321 3322 3323
f 3323 3322 3324
f 3323 3324 3325
f 3325 3324 3326
f 3325 3326 3327
f 3327 3326 3328
f 3327 3328 3329
f 3329 3328 3330
f 3329 3330 3331
f 3331 3330 3332
f 3331 3332 3333
f 3333 3332 3334
f 3333 3334 3335
f 3335 3334 3336
f 3335 3336 3337
f 3337 3336 3338
f 3337 3338 3339
f 3339 3338 3340
f 3339 3340 3341
f 3341 3340 3342
f 3341 3342 3343
f 3343 3342 3344
f 3343 3344 3345
f 3345 3344 3346
f 3345 3346 3347
f 3347 3346 3348
f 3347 3348 3349
f 3349 3348 3350
f 3349 3350 3351
f 3351 3350 3352
f 3351 3352 3353
f 3353 3352 3354
f 3353 3354 3355
f 3355 3354 3356
f 3355 3356 3357
f 3357 3356 3358
f 3357 3358 3359
f 3359 3358 3360
f 3359 3360 3361
f 3361 3360 3362
f 3361 3362 3363
f 3363 3362 3364
f 3363 3364 3365
f 3365 3364 3366
f 3365 3366 3367
f 3367 3366 3368
f 3367 3368 3369
f 3369 3368 3370
f 3369 3370 3371
f 3371 3370 3372
f 3371 3372 3373
f 3373 3372 3374
f 3373 3374 3375
f 3375 3374 3376
f 3375 3376 3377
f 3377 3376 3378
f 3377 3378 3379
f 3379 3378 3380
f 3379 3380 3381
f 3381 3380 3382
f 3381 3382 3383
f 3383 3382 3384
f 3383 3384 3385
f 3385 3384 3386
f 3385 3386 3387
f 3387 3386 3388
f 3387 3388 3389
f 3389 3388 3390
f 3389 3390 3391
f 3391 3390 3392
f 3391 3392 3393
f 3393 3392 3394
f 3393 3394 3395
f 3395 3394 3396
f 3395 3396 3397
f 3397 3396 3398
f 3397 3398 3399
f 3399 3398 3400
f 3399 3400 3401
f 3401 3400 3402
f 3401 3402 3403
f 3403 3402 3404
f 3403 3404 3405
f 3405 3404 3293
f 3405 3293 3295
f 3406 3407 3295
f 3295 3407 3408
f 3295 3408 3405
f 3405 3408 3409
f 3405 3409 3403
f 3403 3409 3410
f 3403 3410 3401
f 3401 3410 3411
f 3401 3411 3399
f 3399 3411 3412
f 3399 3412 3397
f 3397 3412 3413
f 3397 3413 3395
f 3395 3413 3414
f 3395 3414 3393
f 3393 3414 3415
f 3393 3415 3391
f 3391 3415 3416
f 3391 3416 3389
f 3389 3416 3417
f 3389 3417 3387
f 3387 3417 3418
f 3387 3418 3385
f 3385 3418 3419
f 3385 3419 3383
f 3383 3419 3420
f 3383 3420 3381
f 3381 3420 3421
f 3381 3421 3379
f 3379 3421 3422
f 3379 3422 3377
f 3377 3422 3423
f 3377 3423 3375
f 3375 3423 3424
f 3375 3424 3373
f 3373 3424 3425
f 3373 3425 3371
f 3371 3425 3426
f 3371 3426 3369
f 3369 3426 3427
f 3369 3427 3367
f 3367 3427 3428
f 3367 3428 3365
f 3365 3428 3429
f 3365 3429 3363
f 3363 3429 3430
f 3363 3430 3361
f 3361 3430 3431
f 3361 3431 3359
f 3359 3431 3432
f 3359 3432 3357
f 3357 3432 3433
f 3357 3433 3355
f 3355 3433 3434
f 3355 3434 3353
f 3353 3434 3435
f 3353 3435 3351
f 3351 3435 3436
f 3351 3436 3349
f 3349 3436 3437
f 3349 3437 3347
f 3347 3437 3438
f 3347 3438 3345
f 3345 3438 3439
f 3345 3439 3343
f 3343 3439 3440
f 3343 3440 3341
f 3341 3440 3441
f 3341 3441 3339
f 3339 3441 3442
f 3339 3442 3337
f 3337 3442 3443
f 3337 3443 3335
f 3335 3443 3444
f 3335 3444 3333
f 3333 3444 3445
f 3333 3445 3331
f 3331 3445 3446
f 3331 3446 3329
f 3329 3446 3447
f 3329 3447 3327
f 3327 3447 3448
f 3327 3448 3325
f 3325 3448 3449
f 3325 3449 3323
f 3323 3449 3450
f 3323 3450 3321
f 3321 3450 3451
f 3321 3451 3319
f 3319 3451 3452
f 3319 3452 3317
f 3317 3452 3453
f 3317 3453 3315
f 3315 3453 3454
f 3315 3454 3313
f 3313 3454 3455
f 3313 3455 3311
f 3311 3455 3456
f 3311 3456 3309
f 3309 3456 3457
f 3309 3457 3307
f 3307 3457 3458
f 3307 3458 3305
f 3305 3458 3459
f 3305 3459 3303
f 3303 3459 3460
f 3303 3460 3301
f 3301 3460 3461
f 3301 3461 3299
f 3299 3461 3462
f 3299 3462 3297
f 3297 3462 3406
f 3297 3406 3295
f 3463 3464 3465
f 3465 3464 3466
f 3465 3466 3467
f 3467 3466 3468
f 3467 3468 3469
f 3469 3468 3470
f 3469 3470 3471
f 3471 3470 3472
f 3471 3472 3473
f 3473 3472 3474
f 3473 3474 3475
f 3475 3474 3476
f 3475 3476 3477
f 3477 3476 3478
f 3477 3478 3479
f 3479 3478 3480
f 3479 3480 3481
f 3481 3480 3482
f 3481 3482 3483
f 3483 3482 3484
f 3483 3484 3485
f 3485 3484 3486
f 3485 3486 3487
f 3487 3486 3488
f 3487 3488 3489
f 3489 3488 3490
f 3489 3490 3491
f 3491 3490 3492
f 3491 3492 3493
f 3493 3492 3494
f 3493 3494 3495
f 3495 3494 3496
f 3495 3496 3497
f 3497 3496 3498
f 3497 3498 3499
f 3499 3498 3500
f 3499 3500 3501
f 3501 3500 3502
f 3501 3502 3503
f 3503 3502 3504
f 3503 3504 3505
f 3505 3504 3506
f 3505 3506 3507
f 3507 3506 3508
f 3507 3508 3509
f 3509 3508 3510
f 3509 3510 3511
f 3511 3510 3512
f 3511 3512 3513
f 3513 3512 3514
f 3513 3514 3515
f 3515 3514 3516
f 3515 3516 3517
f 3517 3516 3518
f 3517 3518 3519
f 3519 3518 3520
f 3519 3520 3521
f 3521 3520 3522
f 3521 3522 3523
f 3523 3522 3524
f 3523 3524 3525
f 3525 3524 3526
f 3525 3526 3527
f 3527 3526 3528
f 3527 3528 3529
f 3529 3528 3530
f 3529 3530 3531
f 3531 3530 3532
f 3531 3532 3533
f 3533 3532 3534
f 3533 3534 3535
f 3535 3534 3536
f 3535 3536 3537
f 3537 3536 3538
f 3537 3538 3539
f 3539 3538 3540
f 3539 3540 3541
f 3541 3540 3542
f 3541 3542 3543
f 3543 3542 3544
f 3543 3544 3545
f 3545 3544 3546
f 3545 3546 3547
f 3547 3546 3548
f 3547 3548 3549
f 3549 3548 3550
f 3549 3550 3551
f 3551 3550 3552
f 3551 3552 3553
f 3553 3552 3554
f 3553 3554 3555
f 3555 3554 3556
f 3555 3556 3557
f 3557 3556 3558
f 3557 3558 3559
f 3559 3558 3560
f 3559 3560 3561
f 3561 3560 3562
f 3561 3562 3563
f 3563 3562 3564
f 3563 3564 3565
f 3565 3564 3566
f 3565 3566 3567
f 3567 3566 3568
f 3567 3568 3569
f 3569 3568 3570
f 3569 3570 3571
f 3571 3570 3572
f 3571 3572 3573
f 3573 3572 3574
f 3573 3574 3575
f 3575 3574 3463
f 3575 3463 3465
f 3576 3577 3465
f 3465 3577 3578
f 3465 3578 3575
f 3575 3578 3579
f 3575 3579 3573
f 3573 3579 3580
f 3573 3580 3571
f 3571 3580 3581
f 3571 3581 3569
f 3569 3581 3582
f 3569 3582 3567
f 3567 3582 3583
f 3567 3583 3565
f 3565 3583 3584
f 3565 3584 3563
f 3563 3584 3585
f 3563 3585 3561
f 3561 3585 3586
f 3561 3586 3559
f 3559 3586 3587
f 3559 3587 3557
f 3557 3587 3588
f 3557 3588 3555
f 3555 3588 3589
f 3555 3589 3553
f 3553 3589 3590
f 3553 3590 3551
f 3551 3590 3591
f 3551 3591 3549
f 3549 3591 3592
f 3549 3592 3547
f 3547 3592 3593
f 3547 3593 3545
f 3545 3593 3594
f 3545 3594 3543
f 3543 3594 3595
f 3543 3595 3541
f 3541 3595 3596
f 3541 3596 3539
f 3539 3596 3597
f 3539 3597 3537
f 3537 3597 3598
f 3537 3598 3535
f 3535 3598 3599
f 3535 3599 3533
f 3533 3599 3600
f 3533 3600 3531
f 3531 3600 3601
f 3531 3601 3529
f 3529 3601 3602
f 3529 3602 3527
f 3527 3602 3603
f 3527 3603 3525
f 3525 3603 3604
f 3525 3604 3523
f 3523 3604 3605
f 3523 3605 3521
f 3521 3605 3606
f 3521 3606 3519
f 3519 3606 3607
f 3519 3607 3517
f 3517 3607 3608
f 3517 3608 3515
f 3515 3608 3609
f 3515 3609 3513
f 3513 3609 3610
f 3513 3610 3511
f 3511 3610 3611
f 3511 3611 3509
f 3509 3611 3612
f 3509 3612 3507
f 3507 3612 3613
f 3507 3613 3505
f 3505 3613 3614
f 3505 3614 3503
f 3503 3614 3615
f 3503 3615 3501
f 3501 3615 3616
f 3501 3616 3499
f 3499 3616 3617
f 3499 3617 3497
f 3497 3617 3618
f 3497 3618 3495
f 3495 3618 3619
f 3495 3619 3493
f 3493 3619 3620
f 3493 3620 3491
f 3491 3620 3621
f 3491 3621 3489
f 3489 3621 3622
f 3489 3622 3487
f 3487 3622 3623
f 3487 3623 3485
f 3485 3623 3624
f 3485 3624 3483
f 3483 3624 3625
f 3483 3625 3481
f 3481 3625 3626
f 3481 3626 3479
f 3479 3626 3627
f 3479 3627 3477
f 3477 3627 3628
f 3477 3628 3475
f 3475 3628 3629
f 3475 3629 3473
f 3473 3629 3630
f 3473 3630 3471
f 3471 3630 3631
f 3471 3631 3469
f 3469 3631 3632
f 3469 3632 3467
f 3467 3632 3576
f 3467 3576 3465
f 3633 3634 3635
f 3635 3634 3636
f 3635 3636 3637
f 3637 3636 3638
f 3637 3638 3639
f 3639 3638 3640
f 3639 3640 3641
f 3641 3640 3642
f 3641 3642 3643
f 3643 3642 3644
f 3643 3644 3645
f 3645 3644 3646
f 3645 3646 3647
f 3647 3646 3648
f 3647 3648 3649
f 3649 3648 3650
f 3649 3650 3651
f 3651 3650 3652
f 3651 3652 3653
f 3653 3652 3654
f 3653 3654 3655
f 3655 3654 3656
f 3655 3656 3657
f 3657 3656 3658
f 3657 3658 3659
f 3659 3658 3660
f 3659 3660 3661
f 3661 3660 3662
f 3661 3662 3663
f 3663 3662 3664
f 3663 3664 3665
f 3665 3664 3666
f 3665 3666 3667
f 3667 3666 3668
f 3667 3668 3669
f 3669 3668 3670
f 3669 3670 3671
f 3671 3670 3672
f 3671 3672 3673
f 3673 3672 3674
f 3673 3674 3675
f 3675 3674 3676
f 3675 3676 3677
f 3677 3676 3678
f 3677 3678 3679
f 3679 3678 3680
f 3679 3680 3681
f 3681 3680 3682
f 3681 3682 3683
f 3683 3682 3684
f 3683 3684 3685
f 3685 3684 3686
f 3685 3686 3687
f 3687 3686 3688
f 3687 3688 3689
f 3689 3688 3690
f 3689 3690 3691
f 3691 3690 3692
f 3691 3692 3693
f 3693 3692 3694
f 3693 3694 3695
f 3695 3694 3696
f 3695 3696 3697
f 3697 3696 3698
f 3697 3698 3699
f 3699 3698 3700
f 3699 3700 3701
f 3701 3700 3702
f 3701 3702 3703
f 3703 3702 3704
f 3703 3704 3705
f 3705 3704 3706
f 3705 3706 3707
f 3707 3706 3708
f 3707 3708 3709
f 3709 3708 3710
f 3709 3710 3711
f 3711 3710 3712
f 3711 3712 3713
f 3713 3712 3714
f 3713 3714 3715
f 3715 3714 3716
f 3715 3716 3717
f 3717 3716 3718
f 3717 3718 3719
f 3719 3718 3720
f 3719 3720 3721
f 3721 3720 3722
f 3721 3722 3723
f 3723 3722 3724
f 3723 3724 3725
f 3725 3724 3726
f 3725 3726 3727
f 3727 3726 3728
f 3727 3728 3729
f 3729 3728 3730
f 3729 3730 3731
f 3731 3730 3732
f 3731 3732 3733
f 3733 3732 3734
f 3733 3734 3735
f 3735 3734 3736
f 3735 3736 3737
f 3737 3736 3738
f 3737 3738 3739
f 3739 3738 3740
f 3739 3740 3741
f 3741 3740 3742
f 3741 3742 3743
f 3743 3742 3744
f 3743 3744 3745
f 3745 3744 3633
f 3745 3633 3635
f 3746 3747 3635
f 3635 3747 3748
f 3635 3748 3745
f 3745 3748 3749
f 3745 3749 3743
f 3743 3749 3750
f 3743 3750 3741
f 3741 3750 3751
f 3741 3751 3739
f 3739 3751 3752
f 3739 3752 3737
f 3737 3752 3753
f 3737 3753 3735
f 3735 3753 3754
f 3735 3754 3733
f 3733 3754 3755
f 3733 3755 3731
f 3731 3755 3756
f 3731 3756 3729
f 3729 3756 3757
f 3729 3757 3727
f 3727 3757 3758
f 3727 3758 3725
f 3725 3758 3759
f 3725 3759 3723
f 3723 3759 3760
f 3723 3760 3721
f 3721 3760 3761
f 3721 3761 3719
f 3719 3761 3762
f 3719 3762 3717
f 3717 3762 3763
f 3717 3763 3715
f 3715 3763 3764
f 3715 3764 3713
f 3713 3764 3765
f 3713 3765 3711
f 3711 3765 3766
f 3711 3766 3709
f 3709 3766 3767
f 3709 3767 3707
f 3707 3767 3768
f 3707 3768 3705
f 3705 3768 3769
f 3705 3769 3703
f 3703 3769 3770
f 3703 3770 3701
f 3701 3770 3771
f 3701 3771 3699
f 3699 3771 3772
f 3699 3772 3697
f 3697 3772 3773
f 3697 3773 3695
f 3695 3773 3774
f 3695 3774 3693
f 3693 3774 3775
f 3693 3775 3691
f 3691 3775 3776
f 3691 3776 3689
f 3689 3776 3777
f 3689 3777 3687
f 3687 3777 3778
f 3687 3778 3685
f 3685 3778 3779
f 3685 3779 3683
f 3683 3779 3780
f 3683 3780 3681
f 3681 3780 3781
f 3681 3781 3679
f 3679 3781 3782
f 3679 3782 3677
f 3677 3782 3783
f 3677 3783 3675
f 3675 3783 3784
f 3675 3784 3673
f 3673 3784 3785
f 3673 3785 3671
f 3671 3785 3786
f 3671 3786 3669
f 3669 3786 3787
f 3669 3787 3667
f 3667 3787 3788
f 3667 3788 3665
f 3665 3788 3789
f 3665 3789 3663
f 3663 3789 3790
f 3663 3790 3661
f 3661 3790 3791
f 3661 3791 3659
f 3659 3791 3792
f 3659 3792 3657
f 3657 3792 3793
f 3657 3793 3655
f 3655 3793 3794
f 3655 3794 3653
f 3653 3794 3795
f 3653 3795 3651
f 3651 3795 3796
f 3651 3796 3649
f 3649 3796 3797
f 3649 3797 3647
f 3647 3797 3798
f 3647 3798 3645
f 3645 3798 3799
f 3645 3799 3643
f 3643 3799 3800
f 3643 3800 3641
f 3641 3800 3801
f 3641 3801 3639
f 3639 3801 3802
f 3639 3802 3637
f 3637 3802 3746
f 3637 3746 3635
f 3803 3804 3805
f 3805 3804 3806
f 3805 3806 3807
f 3807 3806 3808
f 3807 3808 3809
f 3809 3808 3810
f 3809 3810 3811
f 3811 3810 3812
f 3811 3812 3813
f 3813 3812 3814
f 3813 3814 3815
f 3815 3814 3816
f 3815 3816 3817
f 3817 3816 3818
f 3817 3818 3819
f 3819 3818 3820
f 3819 3820 3821
f 3821 3820 3822
f 3821 3822 3823
f 3823 3822 3824
f 3823 3824 3825
f 3825 3824 3826
f 3825 3826 3827
f 3827 3826 3828
f 3827 3828 3829
f 3829 3828 3830
f 3829 3830 3831
f 3831 3830 3832
f 3831 3832 3833
f 3833 3832 3834
f 3833 3834 3835
f 3835 3834 3836
f 3835 3836 3837
f 3837 3836 3838
f 3837 3838 3839
f 3839 3838 3840
f 3839 3840 3841
f 3841 3840 3842
f 3841 3842 3843
f 3843 3842 3844
f 3843 3844 3845
f 3845 3844 3846
f 3845 3846 3847
f 3847 3846 3848
f 3847 3848 3849
f 3849 3848 3850
f 3849 3850 3851
f 3851 3850 3852
f 3851 3852 3853
f 3853 3852 3854
f 3853 3854 3855
f 3855 3854 3856
f 3855 3856 3857
f 3857 3856 3858
f 3857 3858 3859
f 3859 3858 3860
f 3859 3860 3861
f 3861 3860 3862
f 3861 3862 3863
f 3863 3862 3864
f 3863 3864 3865
f 3865 3864 3866
f 3865 3866 3867
f 3867 3866 3868
f 3867 3868 3869
f 3869 3868 3870
f 3869 3870 3871
f 3871 3870 3872
f 3871 3872 3873
f 3873 3872 3874
f 3873 3874 3875
f 3875 3874 3876
f 3875 3876 3877
f 3877 3876 3878
f 3877 3878 3879
f 3879 3878 3880
f 3879 3880 3881
f 3881 3880 3882
f 3881 3882 3883
f 3883 3882 3884
f 3883 3884 3885
f 3885 3884 3886
f 3885 3886 3887
f 3887 3886 3888
f 3887 3888 3889
f 3889 3888 3890
f 3889 3890 3891
f 3891 3890 3892
f 3891 3892 3893
f 3893 3892 3894
f 3893 3894 3895
f 3895 3894 3896
f 3895 3896 3897
f 3897 3896 3898
f 3897 3898 3899
f 3899 3898 3900
f 3899 3900 3901
f 3901 3900 3902
f 3901 3902 3903
f 3903 3902 3904
f 3903 3904 3905
f 3905 3904 3906
f 3905 3906 3907
f 3907 3906 3908
f 3907 3908 3909
f 3909 3908 3910
f 3909 3910 3911
f 3911 3910 3912
f 3911 3912 3913
f 3913 3912 3914
f 3913 3914 3915
f 3915 3914 3803
f 3915 3803 3805
f 3916 3917 3805
f 3805 3917 3918
f 3805 3918 3915
f 3915 3918 3919
f 3915 3919 3913
f 3913 3919 3920
f 3913 3920 3911
f 3911 3920 3921
f 3911 3921 3909
f 3909 3921 3922
f 3909 3922 3907
f 3907 3922 3923
f 3907 3923 3905
f 3905 3923 3924
f 3905 3924 3903
f 3903 3924 3925
f 3903 3925 3901
f 3901 3925 3926
f 3901 3926 3899
f 3899 3926 3927
f 3899 3927 3897
f 3897 3927 3928
f 3897 3928 3895
f 3895 3928 3929
f 3895 3929 3893
f 3893 3929 3930
f 3893 3930 3891
f 3891 3930 3931
f 3891 3931 3889
f 3889 3931 3932
f 3889 3932 3887
f 3887 3932 3933
f 3887 3933 3885
f 3885 3933 3934
f 3885 3934 3883
f 3883 3934 3935
f 3883 3935 3881
f 3881 3935 3936
f 3881 3936 3879
f 3879 3936 3937
f 3879 3937 3877
f 3877 3937 3938
f 3877 3938 3875
f 3875 3938 3939
f 3875 3939 3873
f 3873 3939 3940
f 3873 3940 3871
f 3871 3940 3941
f 3871 3941 3869
f 3869 3941 3942
f 3869 3942 3867
f 3867 3942 3943
f 3867 3943 3865
f 3865 3943 3944
f 3865 3944 3863
f 3863 3944 3945
f 3863 3945 3861
f 3861 3945 3946
f 3861 3946 3859
f 3859 3946 3947
f 3859 3947 3857
f 3857 3947 3948
f 3857 3948 3855
f 3855 3948 3949
f 3855 3949 3853
f 3853 3949 3950
f 3853 3950 3851
f 3851 3950 3951
f 3851 3951 3849
f 3849 3951 3952
f 3849 3952 3847
f 3847 3952 3953
f 3847 3953 3845
f 3845 3953 3954
f 3845 3954 3843
f 3843 3954 3955
f 3843 3955 3841
f 3841 3955 3956
f 3841 3956 3839
f 3839 3956 3957
f 3839 3957 3837
f 3837 3957 3958
f 3837 3958 3835
f 3835 3958 3959
f 3835 3959 3833
f 3833 3959 3960
f 3833 3960 3831
f 3831 3960 3961
f 3831 3961 3829
f 3829 3961 3962
f 3829 3962 3827
f 3827 3962 3963
f 3827 3963 3825
f 3825 3963 3964
f 3825 3964 3823
f 3823 3964 3965
f 3823 3965 3821
f 3821 3965 3966
f 3821 3966 3819
f 3819 3966 3967
f 3819 3967 3817
f 3817 3967 3968
f 3817 3968 3815
f 3815 3968 3969
f 3815 3969 3813
f 3813 3969 3970
f 3813 3970 3811
f 3811 3970 3971
f 3811 3971 3809
f 3809 3971 3972
f 3809 3972 3807
f 3807 3972 3916
f 3807 3916 3805
f 3973 3974 1925
f 1925 3974 1926
f 1928 1930 3975
f 3975 1930 3976
f 1927 3589 1938
f 1938 3589 3934
f 1938 3934 3933
f 1926 3602 1927
f 1927 3602 3601
f 1927 3601 3600
f 3974 3622 1926
f 1926 3622 3621
f 1926 3621 3620
f 1938 3921 3974
f 3974 3921 3920
f 3974 3920 3919
f 3576 3946 3577
f 3577 3946 3945
f 3577 3945 3578
f 3578 3945 3944
f 3578 3944 3579
f 3579 3944 3943
f 3579 3943 3580
f 3580 3943 3942
f 3580 3942 3581
f 3581 3942 3941
f 3581 3941 3582
f 3582 3941 3940
f 3582 3940 3583
f 3583 3940 3939
f 3583 3939 3584
f 3584 3939 3938
f 3584 3938 3585
f 3585 3938 3937
f 3585 3937 3586
f 3586 3937 3936
f 3586 3936 3587
f 3587 3936 3935
f 3587 3935 3588
f 3588 3935 3934
f 3588 3934 3589
f 3946 3576 3947
f 3947 3576 3632
f 3947 3632 3948
f 3948 3632 3631
f 3948 3631 3949
f 3949 3631 3630
f 3949 3630 3950
f 3950 3630 3629
f 3950 3629 3951
f 3951 3629 3628
f 3951 3628 3952
f 3952 3628 3627
f 3952 3627 3953
f 3953 3627 3626
f 3953 3626 3954
f 3954 3626 3625
f 3954 3625 3955
f 3955 3625 3624
f 3955 3624 3956
f 3956 3624 3623
f 3956 3623 3957
f 3957 3623 3622
f 3957 3622 3974
f 3620 3619 1926
f 1926 3619 3618
f 1926 3618 3617
f 3617 3616 1926
f 1926 3616 3615
f 1926 3615 3614
f 3614 3613 1926
f 1926 3613 3612
f 1926 3612 3611
f 3611 3610 1926
f 1926 3610 3609
f 1926 3609 3608
f 3608 3607 1926
f 1926 3607 3606
f 1926 3606 3605
f 3605 3604 1926
f 1926 3604 3603
f 1926 3603 3602
f 3600 3599 1927
f 1927 3599 3598
f 1927 3598 3597
f 3597 3596 1927
f 1927 3596 3595
f 1927 3595 3594
f 3594 3593 1927
f 1927 3593 3592
f 1927 3592 3591
f 3591 3590 1927
f 1927 3590 3589
f 3918 3917 3974
f 3974 3917 3916
f 3974 3916 3972
f 3972 3971 3974
f 3974 3971 3970
f 3974 3970 3969
f 3969 3968 3974
f 3974 3968 3967
f 3974 3967 3966
f 3966 3965 3974
f 3974 3965 3964
f 3974 3964 3963
f 3963 3962 3974
f 3974 3962 3961
f 3974 3961 3960
f 3960 3959 3974
f 3974 3959 3958
f 3974 3958 3957
f 3933 3932 1938
f 1938 3932 3931
f 1938 3931 3930
f 3930 3929 1938
f 1938 3929 3928
f 1938 3928 3927
f 3927 3926 1938
f 1938 3926 3925
f 1938 3925 3924
f 3924 3923 1938
f 1938 3923 3922
f 1938 3922 3921
f 3919 3918 3974
f 1942 1938 3973
f 3973 1938 3974
f 1951 1950 3976
f 3976 1950 3975
f 1951 3384 1929
f 1929 3384 3382
f 1929 3382 3380
f 3976 3740 1951
f 1951 3740 3738
f 1951 3738 3736
f 1930 3318 3976
f 3976 3318 3668
f 3976 3668 3666
f 1929 3358 1930
f 1930 3358 3356
f 1930 3356 3354
f 3293 3692 3294
f 3294 3692 3690
f 3294 3690 3296
f 3296 3690 3688
f 3296 3688 3298
f 3298 3688 3686
f 3298 3686 3300
f 3300 3686 3684
f 3300 3684 3302
f 3302 3684 3682
f 3302 3682 3304
f 3304 3682 3680
f 3304 3680 3306
f 3306 3680 3678
f 3306 3678 3308
f 3308 3678 3676
f 3308 3676 3310
f 3310 3676 3674
f 3310 3674 3312
f 3312 3674 3672
f 3312 3672 3314
f 3314 3672 3670
f 3314 3670 3316
f 3316 3670 3668
f 3316 3668 3318
f 3692 3293 3694
f 3694 3293 3404
f 3694 3404 3696
f 3696 3404 3402
f 3696 3402 3698
f 3698 3402 3400
f 3698 3400 3700
f 3700 3400 3398
f 3700 3398 3702
f 3702 3398 3396
f 3702 3396 3704
f 3704 3396 3394
f 3704 3394 3706
f 3706 3394 3392
f 3706 3392 3708
f 3708 3392 3390
f 3708 3390 3710
f 3710 3390 3388
f 3710 3388 3712
f 3712 3388 3386
f 3712 3386 3714
f 3714 3386 3384
f 3714 3384 1951
f 3380 3378 1929
f 1929 3378 3376
f 1929 3376 3374
f 3374 3372 1929
f 1929 3372 3370
f 1929 3370 3368
f 3368 3366 1929
f 1929 3366 3364
f 1929 3364 3362
f 3362 3360 1929
f 1929 3360 3358
f 3354 3352 1930
f 1930 3352 3350
f 1930 3350 3348
f 3348 3346 1930
f 1930 3346 3344
f 1930 3344 3342
f 3342 3340 1930
f 1930 3340 3338
f 1930 3338 3336
f 3336 3334 1930
f 1930 3334 3332
f 1930 3332 3330
f 3330 3328 1930
f 1930 3328 3326
f 1930 3326 3324
f 3324 3322 1930
f 1930 3322 3320
f 1930 3320 3318
f 3636 3634 3976
f 3976 3634 3633
f 3976 3633 3744
f 3744 3742 3976
f 3976 3742 3740
f 3736 3734 1951
f 1951 3734 3732
f 1951 3732 3730
f 3730 3728 1951
f 1951 3728 3726
f 1951 3726 3724
f 3724 3722 1951
f 1951 3722 3720
f 1951 3720 3718
f 3718 3716 1951
f 1951 3716 3714
f 3666 3664 3976
f 3976 3664 3662
f 3976 3662 3660
f 3660 3658 3976
f 3976 3658 3656
f 3976 3656 3654
f 3654 3652 3976
f 3976 3652 3650
f 3976 3650 3648
f 3648 3646 3976
f 3976 3646 3644
f 3976 3644 3642
f 3642 3640 3976
f 3976 3640 3638
f 3976 3638 3636
f 1925 3530 3528
f 1925 3528 3526
f 3973 3910 1942
f 1942 3910 3908
f 1942 3908 3906
f 1925 3488 3973
f 3973 3488 3838
f 3973 3838 3836
f 3463 3862 3464
f 3464 3862 3860
f 3464 3860 3466
f 3466 3860 3858
f 3466 3858 3468
f 3468 3858 3856
f 3468 3856 3470
f 3470 3856 3854
f 3470 3854 3472
f 3472 3854 3852
f 3472 3852 3474
f 3474 3852 3850
f 3474 3850 3476
f 3476 3850 3848
f 3476 3848 3478
f 3478 3848 3846
f 3478 3846 3480
f 3480 3846 3844
f 3480 3844 3482
f 3482 3844 3842
f 3482 3842 3484
f 3484 3842 3840
f 3484 3840 3486
f 3486 3840 3838
f 3486 3838 3488
f 3862 3463 3864
f 3864 3463 3574
f 3864 3574 3866
f 3866 3574 3572
f 3866 3572 3868
f 3868 3572 3570
f 3868 3570 3870
f 3870 3570 3568
f 3870 3568 3872
f 3872 3568 3566
f 3872 3566 3874
f 3874 3566 3564
f 3874 3564 3876
f 3876 3564 3562
f 3876 3562 3878
f 3878 3562 3560
f 3878 3560 3880
f 3880 3560 3558
f 3880 3558 3882
f 3882 3558 3556
f 3882 3556 3884
f 3884 3556 3554
f 3884 3554 1942
f 3526 3524 1925
f 1925 3524 3522
f 1925 3522 3520
f 3520 3518 1925
f 1925 3518 3516
f 1925 3516 3514
f 3514 3512 1925
f 1925 3512 3510
f 1925 3510 3508
f 3508 3506 1925
f 1925 3506 3504
f 1925 3504 3502
f 3502 3500 1925
f 1925 3500 3498
f 1925 3498 3496
f 3496 3494 1925
f 1925 3494 3492
f 1925 3492 3490
f 3490 3488 1925
f 3806 3804 3973
f 3973 3804 3803
f 3973 3803 3914
f 3914 3912 3973
f 3973 3912 3910
f 3906 3904 1942
f 1942 3904 3902
f 1942 3902 3900
f 3900 3898 1942
f 1942 3898 3896
f 1942 3896 3894
f 3894 3892 1942
f 1942 3892 3890
f 1942 3890 3888
f 3888 3886 1942
f 1942 3886 3884
f 3836 3834 3973
f 3973 3834 3832
f 3973 3832 3830
f 3830 3828 3973
f 3973 3828 3826
f 3973 3826 3824
f 3824 3822 3973
f 3973 3822 3820
f 3973 3820 3818
f 3818 3816 3973
f 3973 3816 3814
f 3973 3814 3812
f 3812 3810 3973
f 3973 3810 3808
f 3973 3808 3806
f 3431 1928 3432
f 3432 1928 3433
f 3433 1928 3434
f 3434 1928 3435
f 3435 1928 3436
f 3436 1928 3437
f 3437 1928 3438
f 3438 1928 3439
f 3439 1928 3440
f 3440 1928 3441
f 3441 1928 3442
f 3442 1928 3443
f 3443 1928 3444
f 3444 1928 3445
f 3445 1928 3446
f 3446 1928 3447
f 3447 1928 3448
f 3448 1928 3449
f 3449 1928 3450
f 3450 1928 3451
f 3451 1928 3452
f 3452 1928 3975
f 3452 3975 3787
f 3787 3975 3788
f 3788 3975 3789
f 3789 3975 3790
f 3790 3975 3791
f 3791 3975 3792
f 3792 3975 3793
f 3793 3975 3794
f 3794 3975 3795
f 3795 3975 3796
f 3796 3975 3797
f 3797 3975 3798
f 3798 3975 3799
f 3799 3975 3800
f 3800 3975 3801
f 3801 3975 3802
f 3802 3975 3746
f 3746 3975 3747
f 3747 3975 3748
f 3748 3975 3749
f 3749 3975 3750
f 3750 3975 3751
f 3751 3975 1950
f 3751 1950 3752
f 3752 1950 3753
f 3753 1950 3754
f 3754 1950 3755
f 3755 1950 3756
f 3756 1950 3757
f 3757 1950 3758
f 3758 1950 3759
f 3759 1950 3760
f 3760 1950 3761
f 3761 1950 3762
f 3762 1950 3763
f 3763 1950 3764
f 3764 1950 3419
f 3764 3419 3418
f 3406 3776 3407
f 3407 3776 3775
f 3407 3775 3408
f 3408 3775 3774
f 3408 3774 3409
f 3409 3774 3773
f 3409 3773 3410
f 3410 3773 3772
f 3410 3772 3411
f 3411 3772 3771
f 3411 3771 3412
f 3412 3771 3770
f 3412 3770 3413
f 3413 3770 3769
f 3413 3769 3414
f 3414 3769 3768
f 3414 3768 3415
f 3415 3768 3767
f 3415 3767 3416
f 3416 3767 3766
f 3416 3766 3417
f 3417 3766 3765
f 3417 3765 3418
f 3418 3765 3764
f 3776 3406 3777
f 3777 3406 3462
f 3777 3462 3778
f 3778 3462 3461
f 3778 3461 3779
f 3779 3461 3460
f 3779 3460 3780
f 3780 3460 3459
f 3780 3459 3781
f 3781 3459 3458
f 3781 3458 3782
f 3782 3458 3457
f 3782 3457 3783
f 3783 3457 3456
f 3783 3456 3784
f 3784 3456 3455
f 3784 3455 3785
f 3785 3455 3454
f 3785 3454 3786
f 3786 3454 3453
f 3786 3453 3787
f 3787 3453 3452
f 3977 3978 3979
f 3979 3978 3980
f 3979 3980 3981
f 3982 3983 3977
f 3977 3983 3984
f 3977 3984 3978
f 3983 3982 3985
f 3985 3982 3986
f 3985 3986 3987
f 3987 3986 3988
f 3988 3986 3989
f 3989 3986 3990
f 3990 3986 3991
f 3991 3986 3992
f 3992 3986 3993
f 3993 3986 3994
f 3994 3986 3995
f 3994 3995 3996
f 3996 3997 3994
f 3994 3997 3998
f 3994 3998 3999
f 3994 3999 4000
f 4000 3999 4001
f 4000 4001 4002
f 4002 4001 4003
f 4002 4003 4004
f 4001 4005 4003
f 4003 4005 4006
f 4006 4005 4007
f 4006 4007 4008
f 4008 4007 4009
f 4008 4009 4010
f 4010 4009 4011
f 4010 4011 4012
f 4012 4011 4013
f 4012 4013 4014
f 4014 4013 4015
f 4015 4013 4016
f 4015 4016 4017
f 4017 4016 4018
f 4017 4018 4019
f 4019 4018 4020
f 4020 4018 4021
f 4020 4021 4022
f 4022 4021 4023
f 4023 4021 4024
f 4023 4024 4025
f 4025 4024 4026
f 4025 4026 4027
f 4027 4026 4028
f 4028 4026 4029
f 4028 4029 4030
f 4030 4029 4031
f 4031 4029 4032
f 4031 4032 4033
f 4033 4032 4034
f 4034 4032 4035
f 4034 4035 4036
f 4036 4037 4034
f 4034 4037 4038
f 4034 4038 4039
f 4034 4039 4040
f 4040 4039 4041
f 4040 4041 4042
f 4042 4041 4043
f 4042 4043 4044
f 4044 4043 4045
f 4044 4045 4046
f 4046 4045 4047
f 4046 4047 4048
f 4048 4047 4049
f 4048 4049 4050
f 4050 4049 4051
f 4050 4051 4052
f 4052 4051 4053
f 4053 4051 4054
f 4053 4054 4055
f 4055 4054 4056
f 4055 4056 4057
f 4057 4056 4058
f 4058 4056 4059
f 4058 4059 4060
f 4060 4059 4061
f 4061 4059 4062
f 4061 4062 4063
f 4063 4062 4064
f 4064 4062 4065
f 4064 4065 4066
f 4066 4067 4064
f 4064 4067 4068
f 4064 4068 4069
f 4069 4070 4064
f 4064 4070 4071
f 4064 4071 4072
f 4072 4073 4064
f 4064 4073 4074
f 4064 4074 4075
f 4076 4077 4075
f 4075 4077 4078
f 4075 4078 4079
f 4076 4080 4077
f 4077 4080 4081
f 4077 4081 4082
f 4082 4083 4077
f 4077 4083 4084
f 4084 4083 4085
f 4084 4085 4086
f 4086 4085 4087
f 4087 4085 4088
f 4087 4088 4089
f 4089 4088 4090
f 4090 4088 4091
f 4090 4091 4092
f 4092 4091 4093
f 4092 4093 4094
f 4094 4093 4095
f 4095 4093 4096
f 4095 4096 4097
f 4097 4096 4098
f 4098 4096 4099
f 4098 4099 4100
f 4100 4099 4101
f 4101 4099 4102
f 4101 4102 4103
f 4103 4102 4104
f 4103 4104 4105
f 4105 4104 4106
f 4105 4106 4107
f 4107 4106 4108
f 4108 4106 4109
f 4108 4109 4110
f 4110 4109 4111
f 4110 4111 4112
f 4112 4111 4113
f 4112 4113 4114
f 4114 4113 4115
f 4115 4113 4116
f 4115 4116 4117
f 4117 4116 4118
f 4117 4118 4119
f 4119 4118 4120
f 4119 4120 4121
f 4121 4120 4122
f 4121 4122 4123
f 4123 4122 4124
f 4123 4124 4125
f 4125 4124 4126
f 4126 4124 4127
f 4126 4127 4128
f 4128 4127 4129
f 4129 4127 4130
f 4129 4130 4131
f 4131 4130 4132
f 4131 4132 4133
f 4133 4132 4134
f 4134 4132 4135
f 4134 4135 4136
f 4136 4135 4137
f 4137 4135 4138
f 4137 4138 4139
f 4139 4138 4140
f 4140 4138 4141
f 4140 4141 4142
f 4142 4141 4143
f 4143 4141 4144
f 4143 4144 4145
f 4145 4144 4146
f 4146 4144 4147
f 4146 4147 4148
f 4148 4147 4149
f 4149 4147 4150
f 4149 4150 4151
f 4151 4150 4152
f 4151 4152 4153
f 4153 4152 4154
f 4153 4154 4155
f 4155 4154 4156
f 4156 4154 4157
f 4156 4157 4158
f 4158 4157 4159
f 4158 4159 4160
f 4160 4159 4161
f 4160 4161 4162
f 4162 4161 4163
f 4162 4163 4164
f 4164 4163 4165
f 4164 4165 4166
f 4166 4165 4167
f 4166 4167 4168
f 4168 4167 4169
f 4169 4167 4170
f 4169 4170 4171
f 4171 4170 4172
f 4171 4172 4173
f 4173 4172 4174
f 4173 4174 4175
f 4175 4174 4176
f 4176 4174 4177
f 4176 4177 4178
f 4178 4177 4179
f 4179 4177 4180
f 4179 4180 4181
f 4181 4180 4182
f 4182 4180 4183
f 4182 4183 4184
f 4184 4183 4185
f 4184 4185 4186
f 4186 4185 4187
f 4187 4185 4188
f 4187 4188 4189
f 4189 4188 4190
f 4190 4188 4191
f 4190 4191 4192
f 4192 4191 4193
f 4193 4191 4194
f 4193 4194 4195
f 4195 4194 4196
f 4195 4196 4197
f 4197 4196 4198
f 4197 4198 4199
f 4199 4198 4200
f 4199 4200 4201
f 4201 4200 4202
f 4202 4200 4203
f 4202 4203 4204
f 4205 4206 4204
f 4204 4206 4207
f 4204 4207 4208
f 4208 4207 4209
f 4208 4209 4210
f 4210 4209 4211
f 4210 4211 4212
f 4212 4211 4213
f 4212 4213 4214
f 4214 4213 4215
f 4214 4215 4216
f 4216 4215 4217
f 4216 4217 4218
f 4218 4217 4219
f 4218 4219 4220
f 4220 4219 4221
f 4220 4221 4222
f 4222 4221 4223
f 4222 4223 4224
f 4224 4223 4225
f 4224 4225 4226
f 4226 4225 4227
f 4226 4227 4228
f 4228 4227 4229
f 4228 4229 4230
f 4230 4229 4231
f 4230 4231 4232
f 4232 4231 4233
f 4233 4231 4234
f 4233 4234 4235
f 4235 4234 4236
f 4235 4236 4237
f 4237 4236 4238
f 4237 4238 4239
f 4239 4238 4240
f 4239 4240 4241
f 4241 4240 4242
f 4241 4242 4243
f 4243 4242 4244
f 4243 4244 4245
f 4245 4244 4246
f 4245 4246 4247
f 4247 4246 4248
f 4247 4248 4249
f 4249 4248 4250
f 4249 4250 4251
f 4251 4250 4252
f 4251 4252 4253
f 4253 4252 4254
f 4253 4254 4255
f 4255 4254 4256
f 4256 4254 4257
f 4256 4257 4258
f 4258 4257 4259
f 4258 4259 4260
f 4260 4259 4261
f 4260 4261 4262
f 4206 4205 4263
f 4263 4205 4264
f 4263 4264 4265
f 4265 4264 4266
f 4265 4266 4267
f 4267 4266 4268
f 4267 4268 4269
f 4269 4268 4270
f 4270 4268 4271
f 4270 4271 4272
f 4272 4271 4273
f 4272 4273 4274
f 4274 4273 4275
f 4275 4273 4276
f 4275 4276 4277
f 4277 4276 4278
f 4278 4276 4279
f 4278 4279 4280
f 4280 4279 4281
f 4281 4279 4282
f 4281 4282 4283
f 4283 4282 4284
f 4283 4284 4285
f 4285 4284 4286
f 4286 4284 4287
f 4286 4287 4288
f 4288 4287 4289
f 4289 4287 4290
f 4289 4290 4291
f 4291 4290 4292
f 4292 4290 4293
f 4292 4293 4294
f 4294 4293 4295
f 4295 4293 4296
f 4295 4296 4297
f 4297 4296 4298
f 4297 4298 4262
f 4262 4298 4260
f 4253 4255 4299
f 4299 4255 4300
f 4299 4300 4301
f 4301 4300 4302
f 4301 4302 4303
f 4303 4302 4304
f 4303 4304 4305
f 4305 4304 4306
f 4305 4306 4307
f 4307 4306 4308
f 4308 4306 4309
f 4308 4309 4310
f 4310 4309 4311
f 4310 4311 4312
f 4312 4311 4313
f 4313 4311 4314
f 4313 4314 4315
f 4315 4314 4316
f 4316 4314 4317
f 4316 4317 4318
f 4318 4317 4319
f 4319 4317 4320
f 4319 4320 4321
f 4321 4320 4322
f 4321 4322 4323
f 4323 4322 4324
f 4324 4322 4325
f 4324 4325 4326
f 4326 4325 4327
f 4327 4325 4328
f 4327 4328 4329
f 4329 4328 4330
f 4329 4330 4331
f 4331 4330 4332
f 4332 4330 4333
f 4332 4333 4334
f 4334 4333 4335
f 4334 4335 4336
f 4336 4335 4337
f 4336 4337 4338
f 4338 4337 4339
f 4338 4339 4340
f 4340 4339 4341
f 4340 4341 4342
f 4342 4341 4343
f 4343 4341 4344
f 4343 4344 4345
f 4345 4344 4346
f 4345 4346 4347
f 4347 4346 4348
f 4347 4348 4349
f 4349 4348 4350
f 4349 4350 4351
f 4351 4350 4352
f 4352 4350 4353
f 4352 4353 4354
f 4354 4353 4355
f 4354 4355 4356
f 4356 4355 4357
f 4357 4355 4358
f 4357 4358 4359
f 4359 4358 4360
f 4360 4358 4361
f 4360 4361 4362
f 4362 4361 3981
f 3981 4361 3979
f 4340 4342 4363
f 4363 4342 4364
f 4363 4364 4365
f 4363 4365 4366
f 4366 4365 4367
f 4366 4367 4368
f 4368 4367 4369
f 4368 4369 4370
f 4370 4369 4371
f 4370 4371 4372
f 4372 4371 4373
f 4372 4373 4374
f 4374 4373 4375
f 4374 4375 4376
f 4376 4375 4377
f 4376 4377 4378
f 4378 4377 4379
f 4378 4379 4380
f 4380 4379 4381
f 4380 4381 4232
f 4232 4381 4382
f 4232 4382 4230
f 4230 4382 4383
f 4383 4382 4384
f 4383 4384 4385
f 4385 4384 4386
f 4385 4386 4387
f 4387 4386 4388
f 4387 4388 4389
f 4389 4388 4390
f 4389 4390 4391
f 4391 4390 4392
f 4391 4392 4393
f 4393 4392 4394
f 4393 4394 4395
f 4395 4394 4396
f 4395 4396 4397
f 4397 4396 4398
f 4397 4398 4399
f 4399 4398 4400
f 4399 4400 4401
f 4401 4400 4402
f 4401 4402 4403
f 4403 4402 4404
f 4403 4404 4405
f 4405 4404 4406
f 4405 4406 4407
f 4407 4406 4408
f 4407 4408 4409
f 4409 4408 4410
f 4409 4410 4411
f 4411 4410 4412
f 4411 4412 4413
f 4413 4412 4414
f 4413 4414 4415
f 4415 4414 4416
f 4415 4416 4417
f 4417 4416 4418
f 4417 4418 4077
f 4077 4418 4034
f 4077 4034 4419
f 4419 4034 4420
f 4420 4034 4421
f 4421 4034 4422
f 4422 4034 4423
f 4423 4034 4424
f 4424 4034 4425
f 4425 4034 4426
f 4426 4034 4427
f 4427 4034 4428
f 4428 4034 4429
f 4429 4034 4040
f 4386 4384 4430
f 4430 4384 4431
f 4430 4431 4432
f 4430 4432 4433
f 4433 4432 4434
f 4433 4434 4435
f 4433 4435 4436
f 4436 4435 4437
f 4436 4437 4438
f 4438 4439 4436
f 4436 4439 4440
f 4436 4440 4441
f 4442 4443 4441
f 4441 4443 4444
f 4441 4444 4445
f 4443 4442 4004
f 4004 4442 4002
f 4419 4446 4077
f 4077 4446 4447
f 4077 4447 4448
f 4448 4449 4077
f 4077 4449 4450
f 4077 4450 4451
f 4451 4452 4077
f 4077 4452 4453
f 4077 4453 4454
f 4454 4455 4077
f 4077 4455 4078
f 4079 4456 4075
f 4075 4456 4457
f 4075 4457 4458
f 4458 4459 4075
f 4075 4459 4460
f 4075 4460 4461
f 4461 4462 4075
f 4075 4462 4463
f 4075 4463 4464
f 4464 4465 4075
f 4075 4465 4466
f 4075 4466 4467
f 4467 4468 4075
f 4075 4468 4064
f 4112 4114 4469
f 4469 4114 4470
f 4469 4470 4471
f 4471 4470 4472
f 4471 4472 4473
f 4473 4472 4474
f 4473 4474 4475
f 4475 4474 4476
f 4475 4476 4477
f 4477 4476 4478
f 4477 4478 4479
f 4479 4478 4480
f 4479 4480 4481
f 4481 4480 4482
f 4481 4482 4483
f 4483 4482 4484
f 4483 4484 4485
f 4485 4484 4486
f 4485 4486 4487
f 4487 4486 4488
f 4487 4488 4383
f 4228 4230 4489
f 4489 4230 4490
f 4489 4490 4491
f 4491 4490 4492
f 4491 4492 4493
f 4493 4492 4494
f 4493 4494 4495
f 4495 4494 4496
f 4495 4496 4497
f 4497 4496 4498
f 4497 4498 4499
f 4499 4498 4500
f 4499 4500 4501
f 4501 4500 4502
f 4501 4502 4503
f 4503 4502 4504
f 4503 4504 4505
f 4505 4504 4506
f 4505 4506 4507
f 4507 4506 4508
f 4507 4508 4160
f 4445 4509 4441
f 4441 4509 4510
f 4441 4510 4511
f 4511 4436 4441
f 4385 4487 4383
f 4162 4507 4160
f 4208 4202 4204
f 4285 4512 4283
f 4283 4512 4513
f 4283 4513 4281
f 4281 4513 4514
f 4281 4514 4280
f 4280 4514 4515
f 4280 4515 4278
f 4278 4515 4516
f 4278 4516 4277
f 4277 4516 4517
f 4277 4517 4275
f 4275 4517 4274
f 4274 4517 4518
f 4274 4518 4272
f 4272 4518 4519
f 4272 4519 4270
f 4270 4519 4520
f 4270 4520 4269
f 4269 4520 4521
f 4269 4521 4267
f 4267 4521 4522
f 4267 4522 4265
f 4265 4522 4523
f 4265 4523 4263
f 4263 4523 4524
f 4263 4524 4206
f 4206 4524 4525
f 4206 4525 4207
f 4207 4525 4526
f 4207 4526 4209
f 4209 4526 4211
f 4211 4526 4527
f 4211 4527 4213
f 4213 4527 4528
f 4213 4528 4215
f 4215 4528 4529
f 4215 4529 4217
f 4217 4529 4530
f 4217 4530 4219
f 4219 4530 4531
f 4219 4531 4221
f 4221 4531 4532
f 4221 4532 4223
f 4223 4532 4533
f 4223 4533 4225
f 4225 4533 4534
f 4225 4534 4227
f 4227 4534 4535
f 4227 4535 4229
f 4229 4535 4536
f 4229 4536 4231
f 4231 4536 4234
f 4234 4536 4537
f 4234 4537 4236
f 4236 4537 4538
f 4236 4538 4238
f 4238 4538 4539
f 4238 4539 4240
f 4240 4539 4540
f 4240 4540 4242
f 4242 4540 4541
f 4242 4541 4244
f 4244 4541 4542
f 4244 4542 4246
f 4246 4542 4543
f 4246 4543 4248
f 4248 4543 4544
f 4248 4544 4250
f 4250 4544 4545
f 4250 4545 4252
f 4252 4545 4254
f 4254 4545 4546
f 4254 4546 4257
f 4257 4546 4547
f 4257 4547 4259
f 4259 4547 4548
f 4259 4548 4261
f 4261 4548 4549
f 4261 4549 4262
f 4262 4549 4550
f 4262 4550 4297
f 4297 4550 4551
f 4297 4551 4295
f 4295 4551 4552
f 4295 4552 4294
f 4294 4552 4553
f 4294 4553 4292
f 4292 4553 4554
f 4292 4554 4291
f 4291 4554 4289
f 4289 4554 4555
f 4289 4555 4288
f 4288 4555 4556
f 4288 4556 4286
f 4286 4556 4557
f 4286 4557 4285
f 4285 4557 4512
f 4546 4558 4547
f 4547 4558 4559
f 4547 4559 4548
f 4548 4559 4560
f 4548 4560 4549
f 4549 4560 4561
f 4549 4561 4550
f 4550 4561 4562
f 4550 4562 4551
f 4551 4562 4563
f 4551 4563 4552
f 4552 4563 4564
f 4552 4564 4553
f 4553 4564 4565
f 4553 4565 4554
f 4554 4565 4566
f 4554 4566 4555
f 4555 4566 4567
f 4555 4567 4556
f 4556 4567 4568
f 4556 4568 4557
f 4557 4568 4569
f 4557 4569 4512
f 4512 4569 4570
f 4512 4570 4513
f 4513 4570 4571
f 4513 4571 4514
f 4514 4571 4572
f 4514 4572 4515
f 4515 4572 4573
f 4515 4573 4516
f 4516 4573 4574
f 4516 4574 4517
f 4517 4574 4575
f 4517 4575 4518
f 4518 4575 4576
f 4518 4576 4519
f 4519 4576 4577
f 4519 4577 4520
f 4520 4577 4578
f 4520 4578 4521
f 4521 4578 4579
f 4521 4579 4522
f 4522 4579 4580
f 4522 4580 4523
f 4523 4580 4581
f 4523 4581 4524
f 4524 4581 4582
f 4524 4582 4525
f 4525 4582 4583
f 4525 4583 4526
f 4526 4583 4584
f 4526 4584 4527
f 4527 4584 4585
f 4527 4585 4528
f 4528 4585 4586
f 4528 4586 4529
f 4529 4586 4587
f 4529 4587 4530
f 4530 4587 4588
f 4530 4588 4531
f 4531 4588 4589
f 4531 4589 4532
f 4532 4589 4590
f 4532 4590 4533
f 4533 4590 4591
f 4533 4591 4534
f 4534 4591 4592
f 4534 4592 4535
f 4535 4592 4593
f 4535 4593 4536
f 4536 4593 4594
f 4536 4594 4537
f 4537 4594 4595
f 4537 4595 4538
f 4538 4595 4596
f 4538 4596 4539
f 4539 4596 4597
f 4539 4597 4540
f 4540 4597 4598
f 4540 4598 4541
f 4541 4598 4599
f 4541 4599 4542
f 4542 4599 4600
f 4542 4600 4543
f 4543 4600 4601
f 4543 4601 4544
f 4544 4601 4602
f 4544 4602 4545
f 4545 4602 4603
f 4545 4603 4546
f 4546 4603 4558
f 4342 4343 4604
f 4604 4343 4345
f 4604 4345 4605
f 4605 4345 4347
f 4605 4347 4606
f 4606 4347 4349
f 4606 4349 4607
f 4607 4349 4351
f 4607 4351 4608
f 4608 4351 4352
f 4608 4352 4609
f 4609 4352 4354
f 4609 4354 4610
f 4610 4354 4356
f 4610 4356 4611
f 4611 4356 4357
f 4611 4357 4612
f 4612 4357 4359
f 4612 4359 4613
f 4613 4359 4360
f 4613 4360 4362
f 4613 4362 4614
f 4614 4362 3981
f 4614 3981 4615
f 4615 3981 3980
f 4615 3980 4616
f 4616 3980 3978
f 4616 3978 4617
f 4617 3978 3984
f 4617 3984 4618
f 4618 3984 3983
f 4618 3983 4619
f 4619 3983 3985
f 4619 3985 4620
f 4620 3985 3987
f 4620 3987 4621
f 4621 3987 3988
f 4621 3988 4622
f 4622 3988 3989
f 4622 3989 3990
f 4622 3990 4623
f 4623 3990 3991
f 4623 3991 4624
f 4624 3991 3992
f 4624 3992 4625
f 4625 3992 3993
f 4625 3993 4626
f 4626 3993 3994
f 4626 3994 4627
f 4627 3994 4000
f 4627 4000 4628
f 4628 4000 4002
f 4628 4002 4629
f 4629 4002 4442
f 4629 4442 4630
f 4630 4442 4441
f 4630 4441 4631
f 4631 4441 4440
f 4631 4440 4632
f 4632 4440 4439
f 4632 4439 4438
f 4632 4438 4633
f 4633 4438 4437
f 4633 4437 4634
f 4634 4437 4435
f 4634 4435 4635
f 4635 4435 4434
f 4635 4434 4636
f 4636 4434 4432
f 4636 4432 4637
f 4637 4432 4431
f 4637 4431 4638
f 4638 4431 4384
f 4638 4384 4639
f 4639 4384 4382
f 4639 4382 4640
f 4640 4382 4381
f 4640 4381 4641
f 4641 4381 4379
f 4641 4379 4377
f 4641 4377 4642
f 4642 4377 4375
f 4642 4375 4643
f 4643 4375 4373
f 4643 4373 4644
f 4644 4373 4371
f 4644 4371 4645
f 4645 4371 4369
f 4645 4369 4646
f 4646 4369 4367
f 4646 4367 4647
f 4647 4367 4365
f 4647 4365 4648
f 4648 4365 4364
f 4648 4364 4649
f 4649 4364 4342
f 4649 4342 4604
f 4628 4650 4627
f 4627 4650 4651
f 4627 4651 4626
f 4626 4651 4652
f 4626 4652 4625
f 4625 4652 4653
f 4625 4653 4624
f 4624 4653 4654
f 4624 4654 4623
f 4623 4654 4655
f 4623 4655 4622
f 4622 4655 4656
f 4622 4656 4621
f 4621 4656 4657
f 4621 4657 4620
f 4620 4657 4658
f 4620 4658 4619
f 4619 4658 4659
f 4619 4659 4618
f 4618 4659 4660
f 4618 4660 4617
f 4617 4660 4661
f 4617 4661 4616
f 4616 4661 4662
f 4616 4662 4615
f 4615 4662 4663
f 4615 4663 4614
f 4614 4663 4664
f 4614 4664 4613
f 4613 4664 4665
f 4613 4665 4612
f 4612 4665 4666
f 4612 4666 4611
f 4611 4666 4667
f 4611 4667 4610
f 4610 4667 4668
f 4610 4668 4609
f 4609 4668 4669
f 4609 4669 4608
f 4608 4669 4670
f 4608 4670 4607
f 4607 4670 4671
f 4607 4671 4606
f 4606 4671 4672
f 4606 4672 4605
f 4605 4672 4673
f 4605 4673 4604
f 4604 4673 4674
f 4604 4674 4649
f 4649 4674 4675
f 4649 4675 4648
f 4648 4675 4676
f 4648 4676 4647
f 4647 4676 4677
f 4647 4677 4646
f 4646 4677 4678
f 4646 4678 4645
f 4645 4678 4679
f 4645 4679 4644
f 4644 4679 4680
f 4644 4680 4643
f 4643 4680 4681
f 4643 4681 4642
f 4642 4681 4682
f 4642 4682 4641
f 4641 4682 4683
f 4641 4683 4640
f 4640 4683 4684
f 4640 4684 4639
f 4639 4684 4685
f 4639 4685 4638
f 4638 4685 4686
f 4638 4686 4637
f 4637 4686 4687
f 4637 4687 4636
f 4636 4687 4688
f 4636 4688 4635
f 4635 4688 4689
f 4635 4689 4634
f 4634 4689 4690
f 4634 4690 4633
f 4633 4690 4691
f 4633 4691 4632
f 4632 4691 4692
f 4632 4692 4631
f 4631 4692 4693
f 4631 4693 4630
f 4630 4693 4694
f 4630 4694 4629
f 4629 4694 4695
f 4629 4695 4628
f 4628 4695 4650
f 4420 4696 4419
f 4419 4696 4697
f 4419 4697 4446
f 4446 4697 4698
f 4446 4698 4447
f 4447 4698 4699
f 4447 4699 4448
f 4448 4699 4700
f 4448 4700 4449
f 4449 4700 4701
f 4449 4701 4450
f 4450 4701 4451
f 4451 4701 4702
f 4451 4702 4452
f 4452 4702 4703
f 4452 4703 4453
f 4453 4703 4704
f 4453 4704 4454
f 4454 4704 4705
f 4454 4705 4455
f 4455 4705 4706
f 4455 4706 4078
f 4078 4706 4707
f 4078 4707 4079
f 4079 4707 4708
f 4079 4708 4456
f 4456 4708 4709
f 4456 4709 4457
f 4457 4709 4710
f 4457 4710 4458
f 4458 4710 4459
f 4459 4710 4711
f 4459 4711 4460
f 4460 4711 4712
f 4460 4712 4461
f 4461 4712 4713
f 4461 4713 4462
f 4462 4713 4714
f 4462 4714 4463
f 4463 4714 4715
f 4463 4715 4464
f 4464 4715 4716
f 4464 4716 4465
f 4465 4716 4717
f 4465 4717 4466
f 4466 4717 4718
f 4466 4718 4467
f 4467 4718 4719
f 4467 4719 4468
f 4468 4719 4720
f 4468 4720 4064
f 4064 4720 4063
f 4063 4720 4721
f 4063 4721 4061
f 4061 4721 4722
f 4061 4722 4060
f 4060 4722 4723
f 4060 4723 4058
f 4058 4723 4724
f 4058 4724 4057
f 4057 4724 4725
f 4057 4725 4055
f 4055 4725 4726
f 4055 4726 4053
f 4053 4726 4727
f 4053 4727 4052
f 4052 4727 4728
f 4052 4728 4050
f 4050 4728 4729
f 4050 4729 4048
f 4048 4729 4046
f 4046 4729 4730
f 4046 4730 4044
f 4044 4730 4731
f 4044 4731 4042
f 4042 4731 4732
f 4042 4732 4040
f 4040 4732 4733
f 4040 4733 4429
f 4429 4733 4734
f 4429 4734 4428
f 4428 4734 4735
f 4428 4735 4427
f 4427 4735 4736
f 4427 4736 4426
f 4426 4736 4737
f 4426 4737 4425
f 4425 4737 4738
f 4425 4738 4424
f 4424 4738 4423
f 4423 4738 4739
f 4423 4739 4422
f 4422 4739 4740
f 4422 4740 4421
f 4421 4740 4741
f 4421 4741 4420
f 4420 4741 4696
f 4707 4742 4708
f 4708 4742 4743
f 4708 4743 4709
f 4709 4743 4744
f 4709 4744 4710
f 4710 4744 4745
f 4710 4745 4711
f 4711 4745 4746
f 4711 4746 4712
f 4712 4746 4747
f 4712 4747 4713
f 4713 4747 4748
f 4713 4748 4714
f 4714 4748 4749
f 4714 4749 4715
f 4715 4749 4750
f 4715 4750 4716
f 4716 4750 4751
f 4716 4751 4717
f 4717 4751 4752
f 4717 4752 4718
f 4718 4752 4753
f 4718 4753 4719
f 4719 4753 4754
f 4719 4754 4720
f 4720 4754 4755
f 4720 4755 4721
f 4721 4755 4756
f 4721 4756 4722
f 4722 4756 4757
f 4722 4757 4723
f 4723 4757 4758
f 4723 4758 4724
f 4724 4758 4759
f 4724 4759 4725
f 4725 4759 4760
f 4725 4760 4726
f 4726 4760 4761
f 4726 4761 4727
f 4727 4761 4762
f 4727 4762 4728
f 4728 4762 4763
f 4728 4763 4729
f 4729 4763 4764
f 4729 4764 4730
f 4730 4764 4765
f 4730 4765 4731
f 4731 4765 4766
f 4731 4766 4732
f 4732 4766 4767
f 4732 4767 4733
f 4733 4767 4768
f 4733 4768 4734
f 4734 4768 4769
f 4734 4769 4735
f 4735 4769 4770
f 4735 4770 4736
f 4736 4770 4771
f 4736 4771 4737
f 4737 4771 4772
f 4737 4772 4738
f 4738 4772 4773
f 4738 4773 4739
f 4739 4773 4774
f 4739 4774 4740
f 4740 4774 4775
f 4740 4775 4741
f 4741 4775 4776
f 4741 4776 4696
f 4696 4776 4777
f 4696 4777 4697
f 4697 4777 4778
f 4697 4778 4698
f 4698 4778 4779
f 4698 4779 4699
f 4699 4779 4780
f 4699 4780 4700
f 4700 4780 4781
f 4700 4781 4701
f 4701 4781 4782
f 4701 4782 4702
f 4702 4782 4783
f 4702 4783 4703
f 4703 4783 4784
f 4703 4784 4704
f 4704 4784 4785
f 4704 4785 4705
f 4705 4785 4786
f 4705 4786 4706
f 4706 4786 4787
f 4706 4787 4707
f 4707 4787 4742
f 4156 4158 4788
f 4788 4158 4160
f 4788 4160 4789
f 4789 4160 4508
f 4789 4508 4790
f 4790 4508 4506
f 4790 4506 4791
f 4791 4506 4504
f 4791 4504 4792
f 4792 4504 4502
f 4792 4502 4793
f 4793 4502 4500
f 4793 4500 4794
f 4794 4500 4498
f 4794 4498 4795
f 4795 4498 4496
f 4795 4496 4796
f 4796 4496 4494
f 4796 4494 4797
f 4797 4494 4492
f 4797 4492 4490
f 4797 4490 4798
f 4798 4490 4230
f 4798 4230 4799
f 4799 4230 4383
f 4799 4383 4800
f 4800 4383 4488
f 4800 4488 4801
f 4801 4488 4486
f 4801 4486 4802
f 4802 4486 4484
f 4802 4484 4803
f 4803 4484 4482
f 4803 4482 4804
f 4804 4482 4480
f 4804 4480 4805
f 4805 4480 4478
f 4805 4478 4806
f 4806 4478 4476
f 4806 4476 4474
f 4806 4474 4807
f 4807 4474 4472
f 4807 4472 4808
f 4808 4472 4470
f 4808 4470 4809
f 4809 4470 4114
f 4809 4114 4810
f 4810 4114 4115
f 4810 4115 4811
f 4811 4115 4117
f 4811 4117 4812
f 4812 4117 4119
f 4812 4119 4813
f 4813 4119 4121
f 4813 4121 4814
f 4814 4121 4123
f 4814 4123 4815
f 4815 4123 4125
f 4815 4125 4816
f 4816 4125 4126
f 4816 4126 4128
f 4816 4128 4817
f 4817 4128 4129
f 4817 4129 4818
f 4818 4129 4131
f 4818 4131 4819
f 4819 4131 4133
f 4819 4133 4820
f 4820 4133 4134
f 4820 4134 4821
f 4821 4134 4136
f 4821 4136 4822
f 4822 4136 4137
f 4822 4137 4823
f 4823 4137 4139
f 4823 4139 4824
f 4824 4139 4140
f 4824 4140 4825
f 4825 4140 4142
f 4825 4142 4143
f 4825 4143 4826
f 4826 4143 4145
f 4826 4145 4827
f 4827 4145 4146
f 4827 4146 4828
f 4828 4146 4148
f 4828 4148 4829
f 4829 4148 4149
f 4829 4149 4830
f 4830 4149 4151
f 4830 4151 4831
f 4831 4151 4153
f 4831 4153 4832
f 4832 4153 4155
f 4832 4155 4833
f 4833 4155 4156
f 4833 4156 4788
f 4789 4834 4788
f 4788 4834 4835
f 4788 4835 4833
f 4833 4835 4836
f 4833 4836 4832
f 4832 4836 4837
f 4832 4837 4831
f 4831 4837 4838
f 4831 4838 4830
f 4830 4838 4839
f 4830 4839 4829
f 4829 4839 4840
f 4829 4840 4828
f 4828 4840 4841
f 4828 4841 4827
f 4827 4841 4842
f 4827 4842 4826
f 4826 4842 4843
f 4826 4843 4825
f 4825 4843 4844
f 4825 4844 4824
f 4824 4844 4845
f 4824 4845 4823
f 4823 4845 4846
f 4823 4846 4822
f 4822 4846 4847
f 4822 4847 4821
f 4821 4847 4848
f 4821 4848 4820
f 4820 4848 4849
f 4820 4849 4819
f 4819 4849 4850
f 4819 4850 4818
f 4818 4850 4851
f 4818 4851 4817
f 4817 4851 4852
f 4817 4852 4816
f 4816 4852 4853
f 4816 4853 4815
f 4815 4853 4854
f 4815 4854 4814
f 4814 4854 4855
f 4814 4855 4813
f 4813 4855 4856
f 4813 4856 4812
f 4812 4856 4857
f 4812 4857 4811
f 4811 4857 4858
f 4811 4858 4810
f 4810 4858 4859
f 4810 4859 4809
f 4809 4859 4860
f 4809 4860 4808
f 4808 4860 4861
f 4808 4861 4807
f 4807 4861 4862
f 4807 4862 4806
f 4806 4862 4863
f 4806 4863 4805
f 4805 4863 4864
f 4805 4864 4804
f 4804 4864 4865
f 4804 4865 4803
f 4803 4865 4866
f 4803 4866 4802
f 4802 4866 4867
f 4802 4867 4801
f 4801 4867 4868
f 4801 4868 4800
f 4800 4868 4869
f 4800 4869 4799
f 4799 4869 4870
f 4799 4870 4798
f 4798 4870 4871
f 4798 4871 4797
f 4797 4871 4872
f 4797 4872 4796
f 4796 4872 4873
f 4796 4873 4795
f 4795 4873 4874
f 4795 4874 4794
f 4794 4874 4875
f 4794 4875 4793
f 4793 4875 4876
f 4793 4876 4792
f 4792 4876 4877
f 4792 4877 4791
f 4791 4877 4878
f 4791 4878 4790
f 4790 4878 4879
f 4790 4879 4789
f 4789 4879 4834
f 4312 4880 4310
f 4310 4880 4881
f 4310 4881 4308
f 4308 4881 4882
f 4308 4882 4307
f 4307 4882 4883
f 4307 4883 4305
f 4305 4883 4884
f 4305 4884 4303
f 4303 4884 4885
f 4303 4885 4301
f 4301 4885 4886
f 4301 4886 4299
f 4299 4886 4887
f 4299 4887 4253
f 4253 4887 4888
f 4253 4888 4251
f 4251 4888 4889
f 4251 4889 4249
f 4249 4889 4890
f 4249 4890 4247
f 4247 4890 4891
f 4247 4891 4245
f 4245 4891 4892
f 4245 4892 4243
f 4243 4892 4241
f 4241 4892 4893
f 4241 4893 4239
f 4239 4893 4894
f 4239 4894 4237
f 4237 4894 4895
f 4237 4895 4235
f 4235 4895 4896
f 4235 4896 4233
f 4233 4896 4897
f 4233 4897 4232
f 4232 4897 4898
f 4232 4898 4380
f 4380 4898 4899
f 4380 4899 4378
f 4378 4899 4900
f 4378 4900 4376
f 4376 4900 4901
f 4376 4901 4374
f 4374 4901 4902
f 4374 4902 4372
f 4372 4902 4903
f 4372 4903 4370
f 4370 4903 4904
f 4370 4904 4368
f 4368 4904 4905
f 4368 4905 4366
f 4366 4905 4906
f 4366 4906 4363
f 4363 4906 4340
f 4340 4906 4907
f 4340 4907 4338
f 4338 4907 4908
f 4338 4908 4336
f 4336 4908 4909
f 4336 4909 4334
f 4334 4909 4910
f 4334 4910 4332
f 4332 4910 4911
f 4332 4911 4331
f 4331 4911 4912
f 4331 4912 4329
f 4329 4912 4913
f 4329 4913 4327
f 4327 4913 4914
f 4327 4914 4326
f 4326 4914 4915
f 4326 4915 4324
f 4324 4915 4916
f 4324 4916 4323
f 4323 4916 4917
f 4323 4917 4321
f 4321 4917 4918
f 4321 4918 4319
f 4319 4918 4919
f 4319 4919 4318
f 4318 4919 4920
f 4318 4920 4316
f 4316 4920 4315
f 4315 4920 4921
f 4315 4921 4313
f 4313 4921 4922
f 4313 4922 4312
f 4312 4922 4880
f 4912 4923 4913
f 4913 4923 4924
f 4913 4924 4914
f 4914 4924 4925
f 4914 4925 4915
f 4915 4925 4926
f 4915 4926 4916
f 4916 4926 4927
f 4916 4927 4917
f 4917 4927 4928
f 4917 4928 4918
f 4918 4928 4929
f 4918 4929 4919
f 4919 4929 4930
f 4919 4930 4920
f 4920 4930 4931
f 4920 4931 4921
f 4921 4931 4932
f 4921 4932 4922
f 4922 4932 4933
f 4922 4933 4880
f 4880 4933 4934
f 4880 4934 4881
f 4881 4934 4935
f 4881 4935 4882
f 4882 4935 4936
f 4882 4936 4883
f 4883 4936 4937
f 4883 4937 4884
f 4884 4937 4938
f 4884 4938 4885
f 4885 4938 4939
f 4885 4939 4886
f 4886 4939 4940
f 4886 4940 4887
f 4887 4940 4941
f 4887 4941 4888
f 4888 4941 4942
f 4888 4942 4889
f 4889 4942 4943
f 4889 4943 4890
f 4890 4943 4944
f 4890 4944 4891
f 4891 4944 4945
f 4891 4945 4892
f 4892 4945 4946
f 4892 4946 4893
f 4893 4946 4947
f 4893 4947 4894
f 4894 4947 4948
f 4894 4948 4895
f 4895 4948 4949
f 4895 4949 4896
f 4896 4949 4950
f 4896 4950 4897
f 4897 4950 4951
f 4897 4951 4898
f 4898 4951 4952
f 4898 4952 4899
f 4899 4952 4953
f 4899 4953 4900
f 4900 4953 4954
f 4900 4954 4901
f 4901 4954 4955
f 4901 4955 4902
f 4902 4955 4956
f 4902 4956 4903
f 4903 4956 4957
f 4903 4957 4904
f 4904 4957 4958
f 4904 4958 4905
f 4905 4958 4959
f 4905 4959 4906
f 4906 4959 4960
f 4906 4960 4907
f 4907 4960 4961
f 4907 4961 4908
f 4908 4961 4962
f 4908 4962 4909
f 4909 4962 4963
f 4909 4963 4910
f 4910 4963 4964
f 4910 4964 4911
f 4911 4964 4965
f 4911 4965 4912
f 4912 4965 4923
f 4445 4966 4509
f 4509 4966 4967
f 4509 4967 4510
f 4510 4967 4968
f 4510 4968 4511
f 4511 4968 4969
f 4511 4969 4436
f 4436 4969 4970
f 4436 4970 4433
f 4433 4970 4971
f 4433 4971 4430
f 4430 4971 4972
f 4430 4972 4386
f 4386 4972 4973
f 4386 4973 4388
f 4388 4973 4974
f 4388 4974 4390
f 4390 4974 4392
f 4392 4974 4975
f 4392 4975 4394
f 4394 4975 4976
f 4394 4976 4396
f 4396 4976 4977
f 4396 4977 4398
f 4398 4977 4978
f 4398 4978 4400
f 4400 4978 4979
f 4400 4979 4402
f 4402 4979 4980
f 4402 4980 4404
f 4404 4980 4981
f 4404 4981 4406
f 4406 4981 4982
f 4406 4982 4408
f 4408 4982 4983
f 4408 4983 4410
f 4410 4983 4984
f 4410 4984 4412
f 4412 4984 4985
f 4412 4985 4414
f 4414 4985 4986
f 4414 4986 4416
f 4416 4986 4987
f 4416 4987 4418
f 4418 4987 4988
f 4418 4988 4034
f 4034 4988 4033
f 4033 4988 4989
f 4033 4989 4031
f 4031 4989 4990
f 4031 4990 4030
f 4030 4990 4991
f 4030 4991 4028
f 4028 4991 4992
f 4028 4992 4027
f 4027 4992 4993
f 4027 4993 4025
f 4025 4993 4994
f 4025 4994 4023
f 4023 4994 4995
f 4023 4995 4022
f 4022 4995 4996
f 4022 4996 4020
f 4020 4996 4997
f 4020 4997 4019
f 4019 4997 4998
f 4019 4998 4017
f 4017 4998 4999
f 4017 4999 4015
f 4015 4999 5000
f 4015 5000 4014
f 4014 5000 5001
f 4014 5001 4012
f 4012 5001 5002
f 4012 5002 4010
f 4010 5002 4008
f 4008 5002 5003
f 4008 5003 4006
f 4006 5003 5004
f 4006 5004 4003
f 4003 5004 5005
f 4003 5005 4004
f 4004 5005 5006
f 4004 5006 4443
f 4443 5006 5007
f 4443 5007 4444
f 4444 5007 5008
f 4444 5008 4445
f 4445 5008 4966
f 4987 5009 4988
f 4988 5009 5010
f 4988 5010 4989
f 4989 5010 5011
f 4989 5011 4990
f 4990 5011 5012
f 4990 5012 4991
f 4991 5012 5013
f 4991 5013 4992
f 4992 5013 5014
f 4992 5014 4993
f 4993 5014 5015
f 4993 5015 4994
f 4994 5015 5016
f 4994 5016 4995
f 4995 5016 5017
f 4995 5017 4996
f 4996 5017 5018
f 4996 5018 4997
f 4997 5018 5019
f 4997 5019 4998
f 4998 5019 5020
f 4998 5020 4999
f 4999 5020 5021
f 4999 5021 5000
f 5000 5021 5022
f 5000 5022 5001
f 5001 5022 5023
f 5001 5023 5002
f 5002 5023 5024
f 5002 5024 5003
f 5003 5024 5025
f 5003 5025 5004
f 5004 5025 5026
f 5004 5026 5005
f 5005 5026 5027
f 5005 5027 5006
f 5006 5027 5028
f 5006 5028 5007
f 5007 5028 5029
f 5007 5029 5008
f 5008 5029 5030
f 5008 5030 4966
f 4966 5030 5031
f 4966 5031 4967
f 4967 5031 5032
f 4967 5032 4968
f 4968 5032 5033
f 4968 5033 4969
f 4969 5033 5034
f 4969 5034 4970
f 4970 5034 5035
f 4970 5035 4971
f 4971 5035 5036
f 4971 5036 4972
f 4972 5036 5037
f 4972 5037 4973
f 4973 5037 5038
f 4973 5038 4974
f 4974 5038 5039
f 4974 5039 4975
f 4975 5039 5040
f 4975 5040 4976
f 4976 5040 5041
f 4976 5041 4977
f 4977 5041 5042
f 4977 5042 4978
f 4978 5042 5043
f 4978 5043 4979
f 4979 5043 5044
f 4979 5044 4980
f 4980 5044 5045
f 4980 5045 4981
f 4981 5045 5046
f 4981 5046 4982
f 4982 5046 5047
f 4982 5047 4983
f 4983 5047 5048
f 4983 5048 4984
f 4984 5048 5049
f 4984 5049 4985
f 4985 5049 5050
f 4985 5050 4986
f 4986 5050 5051
f 4986 5051 4987
f 4987 5051 5009
f 4479 5052 4477
f 4477 5052 5053
f 4477 5053 4475
f 4475 5053 5054
f 4475 5054 4473
f 4473 5054 5055
f 4473 5055 4471
f 4471 5055 5056
f 4471 5056 4469
f 4469 5056 4112
f 4112 5056 5057
f 4112 5057 4110
f 4110 5057 5058
f 4110 5058 4108
f 4108 5058 5059
f 4108 5059 4107
f 4107 5059 5060
f 4107 5060 4105
f 4105 5060 5061
f 4105 5061 4103
f 4103 5061 5062
f 4103 5062 4101
f 4101 5062 5063
f 4101 5063 4100
f 4100 5063 5064
f 4100 5064 4098
f 4098 5064 5065
f 4098 5065 4097
f 4097 5065 5066
f 4097 5066 4095
f 4095 5066 5067
f 4095 5067 4094
f 4094 5067 5068
f 4094 5068 4092
f 4092 5068 5069
f 4092 5069 4090
f 4090 5069 5070
f 4090 5070 4089
f 4089 5070 4087
f 4087 5070 5071
f 4087 5071 4086
f 4086 5071 5072
f 4086 5072 4084
f 4084 5072 5073
f 4084 5073 4077
f 4077 5073 5074
f 4077 5074 4417
f 4417 5074 5075
f 4417 5075 4415
f 4415 5075 5076
f 4415 5076 4413
f 4413 5076 5077
f 4413 5077 4411
f 4411 5077 5078
f 4411 5078 4409
f 4409 5078 5079
f 4409 5079 4407
f 4407 5079 5080
f 4407 5080 4405
f 4405 5080 5081
f 4405 5081 4403
f 4403 5081 5082
f 4403 5082 4401
f 4401 5082 5083
f 4401 5083 4399
f 4399 5083 5084
f 4399 5084 4397
f 4397 5084 5085
f 4397 5085 4395
f 4395 5085 4393
f 4393 5085 5086
f 4393 5086 4391
f 4391 5086 5087
f 4391 5087 4389
f 4389 5087 5088
f 4389 5088 4387
f 4387 5088 5089
f 4387 5089 4385
f 4385 5089 5090
f 4385 5090 4487
f 4487 5090 5091
f 4487 5091 4485
f 4485 5091 5092
f 4485 5092 4483
f 4483 5092 5093
f 4483 5093 4481
f 4481 5093 5094
f 4481 5094 4479
f 4479 5094 5052
f 5062 5095 5063
f 5063 5095 5096
f 5063 5096 5064
f 5064 5096 5097
f 5064 5097 5065
f 5065 5097 5098
f 5065 5098 5066
f 5066 5098 5099
f 5066 5099 5067
f 5067 5099 5100
f 5067 5100 5068
f 5068 5100 5101
f 5068 5101 5069
f 5069 5101 5102
f 5069 5102 5070
f 5070 5102 5103
f 5070 5103 5071
f 5071 5103 5104
f 5071 5104 5072
f 5072 5104 5105
f 5072 5105 5073
f 5073 5105 5106
f 5073 5106 5074
f 5074 5106 5107
f 5074 5107 5075
f 5075 5107 5108
f 5075 5108 5076
f 5076 5108 5109
f 5076 5109 5077
f 5077 5109 5110
f 5077 5110 5078
f 5078 5110 5111
f 5078 5111 5079
f 5079 5111 5112
f 5079 5112 5080
f 5080 5112 5113
f 5080 5113 5081
f 5081 5113 5114
f 5081 5114 5082
f 5082 5114 5115
f 5082 5115 5083
f 5083 5115 5116
f 5083 5116 5084
f 5084 5116 5117
f 5084 5117 5085
f 5085 5117 5118
f 5085 5118 5086
f 5086 5118 5119
f 5086 5119 5087
f 5087 5119 5120
f 5087 5120 5088
f 5088 5120 5121
f 5088 5121 5089
f 5089 5121 5122
f 5089 5122 5090
f 5090 5122 5123
f 5090 5123 5091
f 5091 5123 5124
f 5091 5124 5092
f 5092 5124 5125
f 5092 5125 5093
f 5093 5125 5126
f 5093 5126 5094
f 5094 5126 5127
f 5094 5127 5052
f 5052 5127 5128
f 5052 5128 5053
f 5053 5128 5129
f 5053 5129 5054
f 5054 5129 5130
f 5054 5130 5055
f 5055 5130 5131
f 5055 5131 5056
f 5056 5131 5132
f 5056 5132 5057
f 5057 5132 5133
f 5057 5133 5058
f 5058 5133 5134
f 5058 5134 5059
f 5059 5134 5135
f 5059 5135 5060
f 5060 5135 5136
f 5060 5136 5061
f 5061 5136 5137
f 5061 5137 5062
f 5062 5137 5095
f 4190 4192 5138
f 5138 4192 4193
f 5138 4193 5139
f 5139 4193 4195
f 5139 4195 5140
f 5140 4195 4197
f 5140 4197 5141
f 5141 4197 4199
f 5141 4199 5142
f 5142 4199 4201
f 5142 4201 5143
f 5143 4201 4202
f 5143 4202 5144
f 5144 4202 4208
f 5144 4208 5145
f 5145 4208 4210
f 5145 4210 5146
f 5146 4210 4212
f 5146 4212 5147
f 5147 4212 4214
f 5147 4214 5148
f 5148 4214 4216
f 5148 4216 5149
f 5149 4216 4218
f 5149 4218 5150
f 5150 4218 4220
f 5150 4220 5151
f 5151 4220 4222
f 5151 4222 5152
f 5152 4222 4224
f 5152 4224 4226
f 5152 4226 5153
f 5153 4226 4228
f 5153 4228 5154
f 5154 4228 4489
f 5154 4489 5155
f 5155 4489 4491
f 5155 4491 5156
f 5156 4491 4493
f 5156 4493 5157
f 5157 4493 4495
f 5157 4495 5158
f 5158 4495 4497
f 5158 4497 5159
f 5159 4497 4499
f 5159 4499 5160
f 5160 4499 4501
f 5160 4501 5161
f 5161 4501 4503
f 5161 4503 5162
f 5162 4503 4505
f 5162 4505 5163
f 5163 4505 4507
f 5163 4507 5164
f 5164 4507 4162
f 5164 4162 5165
f 5165 4162 4164
f 5165 4164 5166
f 5166 4164 4166
f 5166 4166 5167
f 5167 4166 4168
f 5167 4168 4169
f 5167 4169 5168
f 5168 4169 4171
f 5168 4171 5169
f 5169 4171 4173
f 5169 4173 5170
f 5170 4173 4175
f 5170 4175 5171
f 5171 4175 4176
f 5171 4176 5172
f 5172 4176 4178
f 5172 4178 5173
f 5173 4178 4179
f 5173 4179 5174
f 5174 4179 4181
f 5174 4181 5175
f 5175 4181 4182
f 5175 4182 5176
f 5176 4182 4184
f 5176 4184 5177
f 5177 4184 4186
f 5177 4186 5178
f 5178 4186 4187
f 5178 4187 5179
f 5179 4187 4189
f 5179 4189 5180
f 5180 4189 4190
f 5180 4190 5138
f 5139 5181 5138
f 5138 5181 5182
f 5138 5182 5180
f 5180 5182 5183
f 5180 5183 5179
f 5179 5183 5184
f 5179 5184 5178
f 5178 5184 5185
f 5178 5185 5177
f 5177 5185 5186
f 5177 5186 5176
f 5176 5186 5187
f 5176 5187 5175
f 5175 5187 5188
f 5175 5188 5174
f 5174 5188 5189
f 5174 5189 5173
f 5173 5189 5190
f 5173 5190 5172
f 5172 5190 5191
f 5172 5191 5171
f 5171 5191 5192
f 5171 5192 5170
f 5170 5192 5193
f 5170 5193 5169
f 5169 5193 5194
f 5169 5194 5168
f 5168 5194 5195
f 5168 5195 5167
f 5167 5195 5196
f 5167 5196 5166
f 5166 5196 5197
f 5166 5197 5165
f 5165 5197 5198
f 5165 5198 5164
f 5164 5198 5199
f 5164 5199 5163
f 5163 5199 5200
f 5163 5200 5162
f 5162 5200 5201
f 5162 5201 5161
f 5161 5201 5202
f 5161 5202 5160
f 5160 5202 5203
f 5160 5203 5159
f 5159 5203 5204
f 5159 5204 5158
f 5158 5204 5205
f 5158 5205 5157
f 5157 5205 5206
f 5157 5206 5156
f 5156 5206 5207
f 5156 5207 5155
f 5155 5207 5208
f 5155 5208 5154
f 5154 5208 5209
f 5154 5209 5153
f 5153 5209 5210
f 5153 5210 5152
f 5152 5210 5211
f 5152 5211 5151
f 5151 5211 5212
f 5151 5212 5150
f 5150 5212 5213
f 5150 5213 5149
f 5149 5213 5214
f 5149 5214 5148
f 5148 5214 5215
f 5148 5215 5147
f 5147 5215 5216
f 5147 5216 5146
f 5146 5216 5217
f 5146 5217 5145
f 5145 5217 5218
f 5145 5218 5144
f 5144 5218 5219
f 5144 5219 5143
f 5143 5219 5220
f 5143 5220 5142
f 5142 5220 5221
f 5142 5221 5141
f 5141 5221 5222
f 5141 5222 5140
f 5140 5222 5223
f 5140 5223 5139
f 5139 5223 5181
f 5183 5224 5184
f 5183 5225 5224
f 5184 5226 5185
f 5184 5224 5226
f 5185 5227 5186
f 5185 5226 5227
f 5186 5228 5187
f 5186 5227 5228
f 5187 5229 5188
f 5187 5230 5229
f 5188 5231 5189
f 5188 5229 5231
f 5189 5232 5190
f 5189 5231 5232
f 5190 5233 5191
f 5190 5234 5233
f 5191 5235 5192
f 5191 5233 5235
f 5192 5236 5193
f 5192 5235 5236
f 5193 5237 5194
f 5193 5236 5237
f 5194 5238 5195
f 5194 5237 5238
f 5195 5239 5196
f 5195 5240 5239
f 5196 5241 5197
f 5196 5239 5241
f 5197 5242 5198
f 5197 5243 5242
f 5198 5244 5199
f 5198 5242 5244
f 5199 5245 5200
f 5199 5246 5245
f 5200 5247 5201
f 5200 5245 5247
f 5201 5248 5202
f 5201 5247 5248
f 5202 5249 5203
f 5202 5250 5249
f 5203 5251 5204
f 5203 5249 5251
f 5204 5252 5205
f 5204 5251 5252
f 5205 5253 5206
f 5205 5252 5253
f 5206 5254 5207
f 5206 5253 5254
f 5207 5255 5208
f 5207 5256 5255
f 5208 5257 5209
f 5208 5255 5257
f 5209 5258 5210
f 5209 5259 5258
f 5210 5260 5211
f 5210 5258 5260
f 5211 5261 5212
f 5211 5260 5261
f 5212 5262 5213
f 5212 5261 5262
f 5213 5263 5214
f 5213 5264 5263
f 5214 5265 5215
f 5214 5263 5265
f 5215 5266 5216
f 5215 5265 5266
f 5216 5267 5217
f 5216 5266 5267
f 5217 5268 5218
f 5217 5267 5268
f 5218 5269 5219
f 5218 5270 5269
f 5219 5271 5220
f 5219 5272 5271
f 5220 5273 5221
f 5220 5271 5273
f 5221 5274 5222
f 5221 5273 5274
f 5222 5275 5223
f 5222 5274 5275
f 5223 5276 5181
f 5223 5275 5276
f 5181 5277 5182
f 5181 5276 5277
f 5182 5225 5183
f 5182 5278 5225
f 5097 5279 5098
f 5097 5280 5279
f 5098 5281 5099
f 5098 5279 5281
f 5099 5282 5100
f 5099 5283 5282
f 5100 5284 5101
f 5100 5282 5284
f 5101 5285 5102
f 5101 5284 5285
f 5102 5286 5103
f 5102 5287 5286
f 5103 5288 5104
f 5103 5286 5288
f 5104 5289 5105
f 5104 5288 5289
f 5105 5290 5106
f 5105 5289 5290
f 5106 5291 5107
f 5106 5292 5291
f 5107 5293 5108
f 5107 5291 5293
f 5108 5294 5109
f 5108 5293 5294
f 5109 5295 5110
f 5109 5294 5295
f 5110 5296 5111
f 5110 5295 5296
f 5111 5297 5112
f 5111 5296 5297
f 5112 5298 5113
f 5112 5297 5298
f 5113 5299 5114
f 5113 5298 5299
f 5114 5300 5115
f 5114 5299 5300
f 5115 5301 5116
f 5115 5300 5301
f 5116 5302 5117
f 5116 5301 5302
f 5117 5303 5118
f 5117 5302 5303
f 5118 5304 5119
f 5118 5303 5304
f 5119 5305 5120
f 5119 5304 5305
f 5120 5306 5121
f 5120 5305 5306
f 5121 5307 5122
f 5121 5306 5307
f 5122 5308 5123
f 5122 5307 5308
f 5123 5309 5124
f 5123 5308 5309
f 5124 5310 5125
f 5124 5309 5310
f 5125 5311 5126
f 5125 5310 5311
f 5126 5312 5127
f 5126 5311 5312
f 5127 5313 5128
f 5127 5312 5313
f 5128 5314 5129
f 5128 5315 5314
f 5129 5316 5130
f 5129 5314 5316
f 5130 5317 5131
f 5130 5316 5317
f 5131 5318 5132
f 5131 5317 5318
f 5132 5319 5133
f 5132 5318 5319
f 5133 5320 5134
f 5133 5319 5320
f 5134 5321 5135
f 5134 5320 5321
f 5135 5322 5136
f 5135 5321 5322
f 5136 5323 5137
f 5136 5322 5323
f 5137 5324 5095
f 5137 5325 5324
f 5095 5326 5096
f 5095 5324 5326
f 5096 5280 5097
f 5096 5326 5280
f 5011 5327 5012
f 5011 5328 5327
f 5012 5329 5013
f 5012 5327 5329
f 5013 5330 5014
f 5013 5329 5330
f 5014 5331 5015
f 5014 5330 5331
f 5015 5332 5016
f 5015 5331 5332
f 5016 5333 5017
f 5016 5334 5333
f 5017 5335 5018
f 5017 5336 5335
f 5018 5337 5019
f 5018 5335 5337
f 5019 5338 5020
f 5019 5337 5338
f 5020 5339 5021
f 5020 5338 5339
f 5021 5340 5022
f 5021 5339 5340
f 5022 5341 5023
f 5022 5342 5341
f 5023 5343 5024
f 5023 5341 5343
f 5024 5344 5025
f 5024 5343 5344
f 5025 5345 5026
f 5025 5346 5345
f 5026 5347 5027
f 5026 5345 5347
f 5027 5348 5028
f 5027 5347 5348
f 5028 5349 5029
f 5028 5348 5349
f 5029 5350 5030
f 5029 5349 5350
f 5030 5351 5031
f 5030 5352 5351
f 5031 5353 5032
f 5031 5351 5353
f 5032 5354 5033
f 5032 5353 5354
f 5033 5355 5034
f 5033 5354 5355
f 5034 5356 5035
f 5034 5355 5356
f 5035 5357 5036
f 5035 5358 5357
f 5036 5359 5037
f 5036 5357 5359
f 5037 5360 5038
f 5037 5361 5360
f 5038 5362 5039
f 5038 5360 5362
f 5039 5363 5040
f 5039 5362 5363
f 5040 5364 5041
f 5040 5363 5364
f 5041 5365 5042
f 5041 5364 5365
f 5042 5366 5043
f 5042 5365 5366
f 5043 5367 5044
f 5043 5366 5367
f 5044 5368 5045
f 5044 5367 5368
f 5045 5369 5046
f 5045 5368 5369
f 5046 5370 5047
f 5046 5369 5370
f 5047 5371 5048
f 5047 5370 5371
f 5048 5372 5049
f 5048 5371 5372
f 5049 5373 5050
f 5049 5372 5373
f 5050 5374 5051
f 5050 5373 5374
f 5051 5375 5009
f 5051 5374 5375
f 5009 5376 5010
f 5009 5375 5376
f 5010 5328 5011
f 5010 5377 5328
f 4925 5378 4926
f 4925 5379 5378
f 4926 5380 4927
f 4926 5381 5380
f 4927 5382 4928
f 4927 5380 5382
f 4928 5383 4929
f 4928 5382 5383
f 4929 5384 4930
f 4929 5383 5384
f 4930 5385 4931
f 4930 5384 5385
f 4931 5386 4932
f 4931 5385 5386
f 4932 5387 4933
f 4932 5386 5387
f 4933 5388 4934
f 4933 5387 5388
f 4934 5389 4935
f 4934 5390 5389
f 4935 5391 4936
f 4935 5389 5391
f 4936 5392 4937
f 4936 5391 5392
f 4937 5393 4938
f 4937 5392 5393
f 4938 5394 4939
f 4938 5393 5394
f 4939 5395 4940
f 4939 5394 5395
f 4940 5396 4941
f 4940 5395 5396
f 4941 5397 4942
f 4941 5396 5397
f 4942 5398 4943
f 4942 5397 5398
f 4943 5399 4944
f 4943 5398 5399
f 4944 5400 4945
f 4944 5399 5400
f 4945 5401 4946
f 4945 5400 5401
f 4946 5402 4947
f 4946 5401 5402
f 4947 5403 4948
f 4947 5402 5403
f 4948 5404 4949
f 4948 5403 5404
f 4949 5405 4950
f 4949 5404 5405
f 4950 5406 4951
f 4950 5405 5406
f 4951 5407 4952
f 4951 5406 5407
f 4952 5408 4953
f 4952 5407 5408
f 4953 5409 4954
f 4953 5408 5409
f 4954 5410 4955
f 4954 5409 5410
f 4955 5411 4956
f 4955 5410 5411
f 4956 5412 4957
f 4956 5411 5412
f 4957 5413 4958
f 4957 5412 5413
f 4958 5414 4959
f 4958 5413 5414
f 4959 5415 4960
f 4959 5414 5415
f 4960 5416 4961
f 4960 5415 5416
f 4961 5417 4962
f 4961 5416 5417
f 4962 5418 4963
f 4962 5417 5418
f 4963 5419 4964
f 4963 5418 5419
f 4964 5420 4965
f 4964 5421 5420
f 4965 5422 4923
f 4965 5420 5422
f 4923 5423 4924
f 4923 5422 5423
f 4924 5379 4925
f 4924 5423 5379
f 4836 5424 4837
f 4836 5425 5424
f 4837 5426 4838
f 4837 5424 5426
f 4838 5427 4839
f 4838 5426 5427
f 4839 5428 4840
f 4839 5427 5428
f 4840 5429 4841
f 4840 5428 5429
f 4841 5430 4842
f 4841 5429 5430
f 4842 5431 4843
f 4842 5430 5431
f 4843 5432 4844
f 4843 5431 5432
f 4844 5433 4845
f 4844 5432 5433
f 4845 5434 4846
f 4845 5433 5434
f 4846 5435 4847
f 4846 5434 5435
f 4847 5436 4848
f 4847 5435 5436
f 4848 5437 4849
f 4848 5436 5437
f 4849 5438 4850
f 4849 5437 5438
f 4850 5439 4851
f 4850 5438 5439
f 4851 5440 4852
f 4851 5439 5440
f 4852 5441 4853
f 4852 5440 5441
f 4853 5442 4854
f 4853 5441 5442
f 4854 5443 4855
f 4854 5442 5443
f 4855 5444 4856
f 4855 5443 5444
f 4856 5445 4857
f 4856 5444 5445
f 4857 5446 4858
f 4857 5445 5446
f 4858 5447 4859
f 4858 5446 5447
f 4859 5448 4860
f 4859 5447 5448
f 4860 5449 4861
f 4860 5448 5449
f 4861 5450 4862
f 4861 5449 5450
f 4862 5451 4863
f 4862 5450 5451
f 4863 5452 4864
f 4863 5451 5452
f 4864 5453 4865
f 4864 5452 5453
f 4865 5454 4866
f 4865 5453 5454
f 4866 5455 4867
f 4866 5454 5455
f 4867 5456 4868
f 4867 5455 5456
f 4868 5457 4869
f 4868 5458 5457
f 4869 5459 4870
f 4869 5457 5459
f 4870 5460 4871
f 4870 5459 5460
f 4871 5461 4872
f 4871 5462 5461
f 4872 5463 4873
f 4872 5461 5463
f 4873 5464 4874
f 4873 5463 5464
f 4874 5465 4875
f 4874 5464 5465
f 4875 5466 4876
f 4875 5465 5466
f 4876 5467 4877
f 4876 5466 5467
f 4877 5468 4878
f 4877 5467 5468
f 4878 5469 4879
f 4878 5468 5469
f 4879 5470 4834
f 4879 5469 5470
f 4834 5471 4835
f 4834 5470 5471
f 4835 5425 4836
f 4835 5471 5425
f 4744 5472 4745
f 4744 5473 5472
f 4745 5474 4746
f 4745 5472 5474
f 4746 5475 4747
f 4746 5474 5475
f 4747 5476 4748
f 4747 5475 5476
f 4748 5477 4749
f 4748 5476 5477
f 4749 5478 4750
f 4749 5477 5478
f 4750 5479 4751
f 4750 5478 5479
f 4751 5480 4752
f 4751 5479 5480
f 4752 5481 4753
f 4752 5480 5481
f 4753 5482 4754
f 4753 5481 5482
f 4754 5483 4755
f 4754 5482 5483
f 4755 5484 4756
f 4755 5483 5484
f 4756 5485 4757
f 4756 5484 5485
f 4757 5486 4758
f 4757 5485 5486
f 4758 5487 4759
f 4758 5488 5487
f 4759 5489 4760
f 4759 5487 5489
f 4760 5490 4761
f 4760 5489 5490
f 4761 5491 4762
f 4761 5490 5491
f 4762 5492 4763
f 4762 5493 5492
f 4763 5494 4764
f 4763 5495 5494
f 4764 5496 4765
f 4764 5494 5496
f 4765 5497 4766
f 4765 5496 5497
f 4766 5498 4767
f 4766 5499 5498
f 4767 5500 4768
f 4767 5498 5500
f 4768 5501 4769
f 4768 5500 5501
f 4769 5502 4770
f 4769 5503 5502
f 4770 5504 4771
f 4770 5502 5504
f 4771 5505 4772
f 4771 5504 5505
f 4772 5506 4773
f 4772 5505 5506
f 4773 5507 4774
f 4773 5506 5507
f 4774 5508 4775
f 4774 5507 5508
f 4775 5509 4776
f 4775 5508 5509
f 4776 5510 4777
f 4776 5509 5510
f 4777 5511 4778
f 4777 5510 5511
f 4778 5512 4779
f 4778 5511 5512
f 4779 5513 4780
f 4779 5512 5513
f 4780 5514 4781
f 4780 5513 5514
f 4781 5515 4782
f 4781 5516 5515
f 4782 5517 4783
f 4782 5515 5517
f 4783 5518 4784
f 4783 5517 5518
f 4784 5519 4785
f 4784 5518 5519
f 4785 5520 4786
f 4785 5521 5520
f 4786 5522 4787
f 4786 5520 5522
f 4787 5523 4742
f 4787 5522 5523
f 4742 5524 4743
f 4742 5523 5524
f 4743 5473 4744
f 4743 5524 5473
f 4652 5525 4653
f 4652 5526 5525
f 4653 5527 4654
f 4653 5525 5527
f 4654 5528 4655
f 4654 5527 5528
f 4655 5529 4656
f 4655 5528 5529
f 4656 5530 4657
f 4656 5529 5530
f 4657 5531 4658
f 4657 5530 5531
f 4658 5532 4659
f 4658 5531 5532
f 4659 5533 4660
f 4659 5532 5533
f 4660 5534 4661
f 4660 5533 5534
f 4661 5535 4662
f 4661 5536 5535
f 4662 5537 4663
f 4662 5535 5537
f 4663 5538 4664
f 4663 5537 5538
f 4664 5539 4665
f 4664 5540 5539
f 4665 5541 4666
f 4665 5539 5541
f 4666 5542 4667
f 4666 5541 5542
f 4667 5543 4668
f 4667 5542 5543
f 4668 5544 4669
f 4668 5543 5544
f 4669 5545 4670
f 4669 5544 5545
f 4670 5546 4671
f 4670 5545 5546
f 4671 5547 4672
f 4671 5546 5547
f 4672 5548 4673
f 4672 5547 5548
f 4673 5549 4674
f 4673 5548 5549
f 4674 5550 4675
f 4674 5549 5550
f 4675 5551 4676
f 4675 5550 5551
f 4676 5552 4677
f 4676 5551 5552
f 4677 5553 4678
f 4677 5552 5553
f 4678 5554 4679
f 4678 5553 5554
f 4679 5555 4680
f 4679 5554 5555
f 4680 5556 4681
f 4680 5555 5556
f 4681 5557 4682
f 4681 5556 5557
f 4682 5558 4683
f 4682 5557 5558
f 4683 5559 4684
f 4683 5558 5559
f 4684 5560 4685
f 4684 5559 5560
f 4685 5561 4686
f 4685 5560 5561
f 4686 5562 4687
f 4686 5561 5562
f 4687 5563 4688
f 4687 5562 5563
f 4688 5564 4689
f 4688 5563 5564
f 4689 5565 4690
f 4689 5564 5565
f 4690 5566 4691
f 4690 5565 5566
f 4691 5567 4692
f 4691 5566 5567
f 4692 5568 4693
f 4692 5567 5568
f 4693 5569 4694
f 4693 5568 5569
f 4694 5570 4695
f 4694 5569 5570
f 4695 5571 4650
f 4695 5570 5571
f 4650 5572 4651
f 4650 5571 5572
f 4651 5526 4652
f 4651 5572 5526
f 4560 5573 4561
f 4560 5574 5573
f 4561 5575 4562
f 4561 5573 5575
f 4562 5576 4563
f 4562 5577 5576
f 4563 5578 4564
f 4563 5576 5578
f 4564 5579 4565
f 4564 5578 5579
f 4565 5580 4566
f 4565 5579 5580
f 4566 5581 4567
f 4566 5580 5581
f 4567 5582 4568
f 4567 5581 5582
f 4568 5583 4569
f 4568 5582 5583
f 4569 5584 4570
f 4569 5583 5584
f 4570 5585 4571
f 4570 5584 5585
f 4571 5586 4572
f 4571 5585 5586
f 4572 5587 4573
f 4572 5586 5587
f 4573 5588 4574
f 4573 5587 5588
f 4574 5589 4575
f 4574 5590 5589
f 4575 5591 4576
f 4575 5589 5591
f 4576 5592 4577
f 4576 5591 5592
f 4577 5593 4578
f 4577 5592 5593
f 4578 5594 4579
f 4578 5595 5594
f 4579 5596 4580
f 4579 5594 5596
f 4580 5597 4581
f 4580 5596 5597
f 4581 5598 4582
f 4581 5597 5598
f 4582 5599 4583
f 4582 5598 5599
f 4583 5600 4584
f 4583 5599 5600
f 4584 5601 4585
f 4584 5600 5601
f 4585 5602 4586
f 4585 5601 5602
f 4586 5603 4587
f 4586 5602 5603
f 4587 5604 4588
f 4587 5603 5604
f 4588 5605 4589
f 4588 5604 5605
f 4589 5606 4590
f 4589 5605 5606
f 4590 5607 4591
f 4590 5606 5607
f 4591 5608 4592
f 4591 5607 5608
f 4592 5609 4593
f 4592 5608 5609
f 4593 5610 4594
f 4593 5609 5610
f 4594 5611 4595
f 4594 5610 5611
f 4595 5612 4596
f 4595 5611 5612
f 4596 5613 4597
f 4596 5612 5613
f 4597 5614 4598
f 4597 5615 5614
f 4598 5616 4599
f 4598 5614 5616
f 4599 5617 4600
f 4599 5616 5617
f 4600 5618 4601
f 4600 5617 5618
f 4601 5619 4602
f 4601 5620 5619
f 4602 5621 4603
f 4602 5622 5621
f 4603 5623 4558
f 4603 5621 5623
f 4558 5624 4559
f 4558 5623 5624
f 4559 5574 4560
f 4559 5625 5574
f 5230 5187 5228
f 5234 5190 5232
f 5240 5195 5238
f 5243 5197 5241
f 5246 5199 5244
f 5250 5202 5248
f 5256 5207 5254
f 5259 5209 5257
f 5264 5213 5262
f 5270 5218 5268
f 5272 5219 5269
f 5278 5182 5277
f 5283 5099 5281
f 5287 5102 5285
f 5292 5106 5290
f 5315 5128 5313
f 5325 5137 5323
f 5334 5016 5332
f 5336 5017 5333
f 5342 5022 5340
f 5346 5025 5344
f 5352 5030 5350
f 5358 5035 5356
f 5361 5037 5359
f 5377 5010 5376
f 5381 4926 5378
f 5390 4934 5388
f 5421 4964 5419
f 5458 4868 5456
f 5462 4871 5460
f 5488 4758 5486
f 5493 4762 5491
f 5495 4763 5492
f 5499 4766 5497
f 5503 4769 5501
f 5516 4781 5514
f 5521 4785 5519
f 5536 4661 5534
f 5540 4664 5538
f 5577 4562 5575
f 5590 4574 5588
f 5595 4578 5593
f 5615 4597 5613
f 5620 4601 5618
f 5622 4602 5619
f 5625 4559 5624
f 5626 3982 3977
f 5627 3982 5626
f 5627 3986 3982
f 5628 3986 5627
f 5628 3995 3986
f 5629 3995 5628
f 5629 3996 3995
f 5630 3996 5629
f 5630 3997 3996
f 5631 3997 5630
f 5631 3998 3997
f 5632 3998 5631
f 5632 3999 3998
f 5633 3999 5632
f 5633 4001 3999
f 5634 4001 5633
f 5634 4005 4001
f 5635 4005 5634
f 5635 4007 4005
f 5636 4007 5635
f 5636 4009 4007
f 5637 4009 5636
f 5637 4011 4009
f 5638 4011 5637
f 5638 4013 4011
f 5639 4013 5638
f 5639 4016 4013
f 5640 4016 5639
f 5640 4018 4016
f 5641 4018 5640
f 5641 4021 4018
f 5642 4021 5641
f 5642 4024 4021
f 5643 4024 5642
f 5643 4026 4024
f 5644 4026 5643
f 5644 4029 4026
f 5645 4029 5644
f 5645 4032 4029
f 5646 4032 5645
f 5646 4035 4032
f 5647 4035 5646
f 5647 4036 4035
f 5648 4036 5647
f 5648 4037 4036
f 5649 4037 5648
f 5649 4038 4037
f 5650 4038 5649
f 5650 4039 4038
f 5651 4039 5650
f 5651 4041 4039
f 5652 4041 5651
f 5652 4043 4041
f 5653 4043 5652
f 5653 4045 4043
f 5654 4045 5653
f 5654 4047 4045
f 5655 4047 5654
f 5655 4049 4047
f 5656 4049 5655
f 5656 4051 4049
f 5657 4051 5656
f 5657 4054 4051
f 5658 4054 5657
f 5658 4056 4054
f 5659 4056 5658
f 5659 4059 4056
f 5660 4059 5659
f 5660 4062 4059
f 5661 4062 5660
f 5661 4065 4062
f 5662 4065 5661
f 5662 4066 4065
f 5663 4066 5662
f 5663 4067 4066
f 5664 4067 5663
f 5664 4068 4067
f 5665 4068 5664
f 5665 4069 4068
f 5666 4069 5665
f 5666 4070 4069
f 5667 4070 5666
f 5667 4071 4070
f 5668 4071 5667
f 5668 4072 4071
f 5669 4072 5668
f 5669 4073 4072
f 5670 4073 5669
f 5670 4074 4073
f 5671 4074 5670
f 5671 4075 4074
f 5672 4075 5671
f 5672 4076 4075
f 5673 4076 5672
f 5673 4080 4076
f 5674 4080 5673
f 5674 4081 4080
f 5675 4081 5674
f 5675 4082 4081
f 5676 4082 5675
f 5676 4083 4082
f 5677 4083 5676
f 5677 4085 4083
f 5678 4085 5677
f 5678 4088 4085
f 5679 4088 5678
f 5679 4091 4088
f 5680 4091 5679
f 5680 4093 4091
f 5681 4093 5680
f 5681 4096 4093
f 5682 4096 5681
f 5682 4099 4096
f 5683 4099 5682
f 5683 4102 4099
f 5684 4102 5683
f 5684 4104 4102
f 5685 4104 5684
f 5685 4106 4104
f 5686 4106 5685
f 5686 4109 4106
f 5687 4109 5686
f 5687 4111 4109
f 5688 4111 5687
f 5688 4113 4111
f 5689 4113 5688
f 5689 4116 4113
f 5690 4116 5689
f 5690 4118 4116
f 5691 4118 5690
f 5691 4120 4118
f 5692 4120 5691
f 5692 4122 4120
f 5693 4122 5692
f 5693 4124 4122
f 5694 4124 5693
f 5694 4127 4124
f 5695 4127 5694
f 5695 4130 4127
f 5696 4130 5695
f 5696 4132 4130
f 5697 4132 5696
f 5697 4135 4132
f 5698 4135 5697
f 5698 4138 4135
f 5699 4138 5698
f 5699 4141 4138
f 5700 4141 5699
f 5700 4144 4141
f 5701 4144 5700
f 5701 4147 4144
f 5702 4147 5701
f 5702 4150 4147
f 5703 4150 5702
f 5703 4152 4150
f 5704 4152 5703
f 5704 4154 4152
f 5705 4154 5704
f 5705 4157 4154
f 5706 4157 5705
f 5706 4159 4157
f 5707 4159 5706
f 5707 4161 4159
f 5708 4161 5707
f 5708 4163 4161
f 5709 4163 5708
f 5709 4165 4163
f 5710 4165 5709
f 5710 4167 4165
f 5711 4167 5710
f 5711 4170 4167
f 5712 4170 5711
f 5712 4172 4170
f 5713 4172 5712
f 5713 4174 4172
f 5714 4174 5713
f 5714 4177 4174
f 5715 4177 5714
f 5715 4180 4177
f 5716 4180 5715
f 5716 4183 4180
f 5717 4183 5716
f 5717 4185 4183
f 5718 4185 5717
f 5718 4188 4185
f 5719 4188 5718
f 5719 4191 4188
f 5720 4191 5719
f 5720 4194 4191
f 5721 4194 5720
f 5721 4196 4194
f 5722 4196 5721
f 5722 4198 4196
f 5723 4198 5722
f 5723 4200 4198
f 5724 4200 5723
f 5724 4203 4200
f 5725 4203 5724
f 5725 4204 4203
f 5726 4204 5725
f 5726 4205 4204
f 5727 4205 5726
f 5727 4264 4205
f 5728 4264 5727
f 5728 4266 4264
f 5729 4266 5728
f 5729 4268 4266
f 5730 4268 5729
f 5730 4271 4268
f 5731 4271 5730
f 5731 4273 4271
f 5732 4273 5731
f 5732 4276 4273
f 5733 4276 5732
f 5733 4279 4276
f 5734 4279 5733
f 5734 4282 4279
f 5735 4282 5734
f 5735 4284 4282
f 5736 4284 5735
f 5736 4287 4284
f 5737 4287 5736
f 5737 4290 4287
f 5738 4290 5737
f 5738 4293 4290
f 5739 4293 5738
f 5739 4296 4293
f 5740 4296 5739
f 5740 4298 4296
f 5741 4298 5740
f 5741 4260 4298
f 5742 4260 5741
f 5742 4258 4260
f 5743 4258 5742
f 5743 4256 4258
f 5744 4256 5743
f 5744 4255 4256
f 5745 4255 5744
f 5745 4300 4255
f 5746 4300 5745
f 5746 4302 4300
f 5747 4302 5746
f 5747 4304 4302
f 5748 4304 5747
f 5748 4306 4304
f 5749 4306 5748
f 5749 4309 4306
f 5750 4309 5749
f 5750 4311 4309
f 5751 4311 5750
f 5751 4314 4311
f 5752 4314 5751
f 5752 4317 4314
f 5753 4317 5752
f 5753 4320 4317
f 5754 4320 5753
f 5754 4322 4320
f 5755 4322 5754
f 5755 4325 4322
f 5756 4325 5755
f 5756 4328 4325
f 5757 4328 5756
f 5757 4330 4328
f 5758 4330 5757
f 5758 4333 4330
f 5759 4333 5758
f 5759 4335 4333
f 5760 4335 5759
f 5760 4337 4335
f 5761 4337 5760
f 5761 4339 4337
f 5762 4339 5761
f 5762 4341 4339
f 5763 4341 5762
f 5763 4344 4341
f 5764 4344 5763
f 5764 4346 4344
f 5765 4346 5764
f 5765 4348 4346
f 5766 4348 5765
f 5766 4350 4348
f 5767 4350 5766
f 5767 4353 4350
f 5768 4353 5767
f 5768 4355 4353
f 5769 4355 5768
f 5769 4358 4355
f 5770 4358 5769
f 5770 4361 4358
f 5771 4361 5770
f 5771 3979 4361
f 5772 3979 5771
f 5772 3977 3979
f 5626 3977 5772
f 3431 5773 1928
f 3430 5773 3431
f 3429 5773 3430
f 3428 5773 3429
f 3427 5773 3428
f 3426 5773 3427
f 3425 5773 3426
f 3424 5773 3425
f 3423 5773 3424
f 3422 5773 3423
f 3421 5773 3422
f 3420 5773 3421
f 3419 5773 3420
f 1950 5773 3419
f 1950 5774 5773
f 1946 5774 1950
f 5775 3532 3530
f 3534 3532 5775
f 5775 3536 3534
f 5775 3538 3536
f 3540 3538 5775
f 5775 3542 3540
f 5775 3544 3542
f 3546 3544 5775
f 5775 3548 3546
f 5775 3550 3548
f 3552 3550 5775
f 5776 1943 1942
f 5775 3554 3552
f 5775 1942 3554
f 5776 1942 5775
f 5775 3530 1925
f 1943 5774 1946
f 5776 5774 1943
f 5777 3037 3038
f 5778 3037 5777
f 5778 3036 3037
f 5779 3036 5778
f 5779 3035 3036
f 5780 3035 5779
f 5780 3034 3035
f 5781 3034 5780
f 5781 3033 3034
f 5782 3033 5781
f 5782 3032 3033
f 5783 3032 5782
f 5783 3031 3032
f 5784 3031 5783
f 5784 3030 3031
f 5785 3030 5784
f 5785 3029 3030
f 5786 3029 5785
f 5786 3028 3029
f 5787 3028 5786
f 5787 3027 3028
f 5788 3027 5787
f 5788 3026 3027
f 5789 3026 5788
f 5789 3025 3026
f 5790 3025 5789
f 5790 3024 3025
f 5791 3024 5790
f 5791 3023 3024
f 5792 3023 5791
f 5792 3022 3023
f 5793 3022 5792
f 5793 3021 3022
f 5794 3021 5793
f 5794 3020 3021
f 5795 3020 5794
f 5795 3019 3020
f 5796 3019 5795
f 5796 3018 3019
f 5797 3018 5796
f 5797 3017 3018
f 5798 3017 5797
f 5798 3016 3017
f 5799 3016 5798
f 5799 3015 3016
f 5800 3015 5799
f 5800 3014 3015
f 5801 3014 5800
f 5801 3013 3014
f 5802 3013 5801
f 5802 3012 3013
f 5803 3012 5802
f 5803 3011 3012
f 5804 3011 5803
f 5804 3010 3011
f 5805 3010 5804
f 5805 3009 3010
f 5806 3009 5805
f 5806 3008 3009
f 5807 3008 5806
f 5807 3007 3008
f 5808 3007 5807
f 5808 3006 3007
f 5809 3006 5808
f 5809 3005 3006
f 5810 3005 5809
f 5810 3004 3005
f 5811 3004 5810
f 5811 3003 3004
f 5812 3003 5811
f 5812 3002 3003
f 5813 3002 5812
f 5813 3001 3002
f 5814 3001 5813
f 5814 3000 3001
f 5815 3000 5814
f 5815 2999 3000
f 5816 2999 5815
f 5816 2998 2999
f 5817 2998 5816
f 5817 2997 2998
f 5818 2997 5817
f 5818 2996 2997
f 5819 2996 5818
f 5819 2995 2996
f 5820 2995 5819
f 5820 2994 2995
f 5821 2994 5820
f 5821 2993 2994
f 5822 2993 5821
f 5822 2992 2993
f 5823 2992 5822
f 5823 2991 2992
f 5824 2991 5823
f 5824 2990 2991
f 5825 2990 5824
f 5825 2989 2990
f 5826 2989 5825
f 5826 2988 2989
f 5827 2988 5826
f 5827 2987 2988
f 5828 2987 5827
f 5828 2986 2987
f 5829 2986 5828
f 5829 2985 2986
f 5830 2985 5829
f 5830 3038 2985
f 5777 3038 5830
f 5831 3164 3165
f 5832 3164 5831
f 5832 3163 3164
f 5833 3163 5832
f 5833 3162 3163
f 5834 3162 5833
f 5834 3161 3162
f 5835 3161 5834
f 5835 3160 3161
f 5836 3160 5835
f 5836 3159 3160
f 5837 3159 5836
f 5837 3158 3159
f 5838 3158 5837
f 5838 3157 3158
f 5839 3157 5838
f 5839 3156 3157
f 5840 3156 5839
f 5840 3155 3156
f 5841 3155 5840
f 5841 3154 3155
f 5842 3154 5841
f 5842 3153 3154
f 5843 3153 5842
f 5843 3152 3153
f 5844 3152 5843
f 5844 3151 3152
f 5845 3151 5844
f 5845 3150 3151
f 5846 3150 5845
f 5846 3149 3150
f 5847 3149 5846
f 5847 3148 3149
f 5848 3148 5847
f 5848 3147 3148
f 5849 3147 5848
f 5849 3146 3147
f 5850 3146 5849
f 5850 3145 3146
f 5851 3145 5850
f 5851 3144 3145
f 5852 3144 5851
f 5852 3143 3144
f 5853 3143 5852
f 5853 3142 3143
f 5854 3142 5853
f 5854 3141 3142
f 5855 3141 5854
f 5855 3140 3141
f 5856 3140 5855
f 5856 3139 3140
f 5857 3139 5856
f 5857 3138 3139
f 5858 3138 5857
f 5858 3137 3138
f 5859 3137 5858
f 5859 3136 3137
f 5860 3136 5859
f 5860 3135 3136
f 5861 3135 5860
f 5861 3134 3135
f 5862 3134 5861
f 5862 3133 3134
f 5863 3133 5862
f 5863 3132 3133
f 5864 3132 5863
f 5864 3131 3132
f 5865 3131 5864
f 5865 3130 3131
f 5866 3130 5865
f 5866 3129 3130
f 5867 3129 5866
f 5867 3128 3129
f 5868 3128 5867
f 5868 3127 3128
f 5869 3127 5868
f 5869 3126 3127
f 5870 3126 5869
f 5870 3125 3126
f 5871 3125 5870
f 5871 3124 3125
f 5872 3124 5871
f 5872 3123 3124
f 5873 3123 5872
f 5873 3122 3123
f 5874 3122 5873
f 5874 3121 3122
f 5875 3121 5874
f 5875 3120 3121
f 5876 3120 5875
f 5876 3119 3120
f 5877 3119 5876
f 5877 3118 3119
f 5878 3118 5877
f 5878 3117 3118
f 5879 3117 5878
f 5879 3116 3117
f 5880 3116 5879
f 5880 3115 3116
f 5881 3115 5880
f 5881 3114 3115
f 5882 3114 5881
f 5882 3113 3114
f 5883 3113 5882
f 5883 3112 3113
f 5884 3112 5883
f 5884 3165 3112
f 5831 3165 5884
f 5885 3291 3292
f 5886 3291 5885
f 5886 3290 3291
f 5887 3290 5886
f 5887 3289 3290
f 5888 3289 5887
f 5888 3288 3289
f 5889 3288 5888
f 5889 3287 3288
f 5890 3287 5889
f 5890 3286 3287
f 5891 3286 5890
f 5891 3285 3286
f 5892 3285 5891
f 5892 3284 3285
f 5893 3284 5892
f 5893 3283 3284
f 5894 3283 5893
f 5894 3282 3283
f 5895 3282 5894
f 5895 3281 3282
f 5896 3281 5895
f 5896 3280 3281
f 5897 3280 5896
f 5897 3279 3280
f 5898 3279 5897
f 5898 3278 3279
f 5899 3278 5898
f 5899 3277 3278
f 5900 3277 5899
f 5900 3276 3277
f 5901 3276 5900
f 5901 3275 3276
f 5902 3275 5901
f 5902 3274 3275
f 5903 3274 5902
f 5903 3273 3274
f 5904 3273 5903
f 5904 3272 3273
f 5905 3272 5904
f 5905 3271 3272
f 5906 3271 5905
f 5906 3270 3271
f 5907 3270 5906
f 5907 3269 3270
f 5908 3269 5907
f 5908 3268 3269
f 5909 3268 5908
f 5909 3267 3268
f 5910 3267 5909
f 5910 3266 3267
f 5911 3266 5910
f 5911 3265 3266
f 5912 3265 5911
f 5912 3264 3265
f 5913 3264 5912
f 5913 3263 3264
f 5914 3263 5913
f 5914 3262 3263
f 5915 3262 5914
f 5915 3261 3262
f 5916 3261 5915
f 5916 3260 3261
f 5917 3260 5916
f 5917 3259 3260
f 5918 3259 5917
f 5918 3258 3259
f 5919 3258 5918
f 5919 3257 3258
f 5920 3257 5919
f 5920 3256 3257
f 5921 3256 5920
f 5921 3255 3256
f 5922 3255 5921
f 5922 3254 3255
f 5923 3254 5922
f 5923 3253 3254
f 5924 3253 5923
f 5924 3252 3253
f 5925 3252 5924
f 5925 3251 3252
f 5926 3251 5925
f 5926 3250 3251
f 5927 3250 5926
f 5927 3249 3250
f 5928 3249 5927
f 5928 3248 3249
f 5929 3248 5928
f 5929 3247 3248
f 5930 3247 5929
f 5930 3246 3247
f 5931 3246 5930
f 5931 3245 3246
f 5932 3245 5931
f 5932 3244 3245
f 5933 3244 5932
f 5933 3243 3244
f 5934 3243 5933
f 5934 3242 3243
f 5935 3242 5934
f 5935 3241 3242
f 5936 3241 5935
f 5936 3240 3241
f 5937 3240 5936
f 5937 3239 3240
f 5938 3239 5937
f 5938 3292 3239
f 5885 3292 5938
f 5939 2656 2657
f 5940 2656 5939
f 5940 2655 2656
f 5941 2655 5940
f 5941 2654 2655
f 5942 2654 5941
f 5942 2653 2654
f 5943 2653 5942
f 5943 2652 2653
f 5944 2652 5943
f 5944 2651 2652
f 5945 2651 5944
f 5945 2650 2651
f 5946 2650 5945
f 5946 2649 2650
f 5947 2649 5946
f 5947 2648 2649
f 5948 2648 5947
f 5948 2647 2648
f 5949 2647 5948
f 5949 2646 2647
f 5950 2646 5949
f 5950 2645 2646
f 5951 2645 5950
f 5951 2644 2645
f 5952 2644 5951
f 5952 2643 2644
f 5953 2643 5952
f 5953 2642 2643
f 5954 2642 5953
f 5954 2641 2642
f 5955 2641 5954
f 5955 2640 2641
f 5956 2640 5955
f 5956 2639 2640
f 5957 2639 5956
f 5957 2638 2639
f 5958 2638 5957
f 5958 2637 2638
f 5959 2637 5958
f 5959 2636 2637
f 5960 2636 5959
f 5960 2635 2636
f 5961 2635 5960
f 5961 2634 2635
f 5962 2634 5961
f 5962 2633 2634
f 5963 2633 5962
f 5963 2632 2633
f 5964 2632 5963
f 5964 2631 2632
f 5965 2631 5964
f 5965 2630 2631
f 5966 2630 5965
f 5966 2629 2630
f 5967 2629 5966
f 5967 2628 2629
f 5968 2628 5967
f 5968 2627 2628
f 5969 2627 5968
f 5969 2626 2627
f 5970 2626 5969
f 5970 2625 2626
f 5971 2625 5970
f 5971 2624 2625
f 5972 2624 5971
f 5972 2623 2624
f 5973 2623 5972
f 5973 2622 2623
f 5974 2622 5973
f 5974 2621 2622
f 5975 2621 5974
f 5975 2620 2621
f 5976 2620 5975
f 5976 2619 2620
f 5977 2619 5976
f 5977 2618 2619
f 5978 2618 5977
f 5978 2617 2618
f 5979 2617 5978
f 5979 2616 2617
f 5980 2616 5979
f 5980 2615 2616
f 5981 2615 5980
f 5981 2614 2615
f 5982 2614 5981
f 5982 2613 2614
f 5983 2613 5982
f 5983 2612 2613
f 5984 2612 5983
f 5984 2611 2612
f 5985 2611 5984
f 5985 2610 2611
f 5986 2610 5985
f 5986 2609 2610
f 5987 2609 5986
f 5987 2608 2609
f 5988 2608 5987
f 5988 2607 2608
f 5989 2607 5988
f 5989 2606 2607
f 5990 2606 5989
f 5990 2605 2606
f 5991 2605 5990
f 5991 2604 2605
f 5992 2604 5991
f 5992 2657 2604
f 5939 2657 5992
f 5993 2783 2784
f 5994 2783 5993
f 5994 2782 2783
f 5995 2782 5994
f 5995 2781 2782
f 5996 2781 5995
f 5996 2780 2781
f 5997 2780 5996
f 5997 2779 2780
f 5998 2779 5997
f 5998 2778 2779
f 5999 2778 5998
f 5999 2777 2778
f 6000 2777 5999
f 6000 2776 2777
f 6001 2776 6000
f 6001 2775 2776
f 6002 2775 6001
f 6002 2774 2775
f 6003 2774 6002
f 6003 2773 2774
f 6004 2773 6003
f 6004 2772 2773
f 6005 2772 6004
f 6005 2771 2772
f 6006 2771 6005
f 6006 2770 2771
f 6007 2770 6006
f 6007 2769 2770
f 6008 2769 6007
f 6008 2768 2769
f 6009 2768 6008
f 6009 2767 2768
f 6010 2767 6009
f 6010 2766 2767
f 6011 2766 6010
f 6011 2765 2766
f 6012 2765 6011
f 6012 2764 2765
f 6013 2764 6012
f 6013 2763 2764
f 6014 2763 6013
f 6014 2762 2763
f 6015 2762 6014
f 6015 2761 2762
f 6016 2761 6015
f 6016 2760 2761
f 6017 2760 6016
f 6017 2759 2760
f 6018 2759 6017
f 6018 2758 2759
f 6019 2758 6018
f 6019 2757 2758
f 6020 2757 6019
f 6020 2756 2757
f 6021 2756 6020
f 6021 2755 2756
f 6022 2755 6021
f 6022 2754 2755
f 6023 2754 6022
f 6023 2753 2754
f 6024 2753 6023
f 6024 2752 2753
f 6025 2752 6024
f 6025 2751 2752
f 6026 2751 6025
f 6026 2750 2751
f 6027 2750 6026
f 6027 2749 2750
f 6028 2749 6027
f 6028 2748 2749
f 6029 2748 6028
f 6029 2747 2748
f 6030 2747 6029
f 6030 2746 2747
f 6031 2746 6030
f 6031 2745 2746
f 6032 2745 6031
f 6032 2744 2745
f 6033 2744 6032
f 6033 2743 2744
f 6034 2743 6033
f 6034 2742 2743
f 6035 2742 6034
f 6035 2741 2742
f 6036 2741 6035
f 6036 2740 2741
f 6037 2740 6036
f 6037 2739 2740
f 6038 2739 6037
f 6038 2738 2739
f 6039 2738 6038
f 6039 2737 2738
f 6040 2737 6039
f 6040 2736 2737
f 6041 2736 6040
f 6041 2735 2736
f 6042 2735 6041
f 6042 2734 2735
f 6043 2734 6042
f 6043 2733 2734
f 6044 2733 6043
f 6044 2732 2733
f 6045 2732 6044
f 6045 2731 2732
f 6046 2731 6045
f 6046 2784 2731
f 5993 2784 6046
f 6047 2910 2911
f 6048 2910 6047
f 6048 2909 2910
f 6049 2909 6048
f 6049 2908 2909
f 6050 2908 6049
f 6050 2907 2908
f 6051 2907 6050
f 6051 2906 2907
f 6052 2906 6051
f 6052 2905 2906
f 6053 2905 6052
f 6053 2904 2905
f 6054 2904 6053
f 6054 2903 2904
f 6055 2903 6054
f 6055 2902 2903
f 6056 2902 6055
f 6056 2901 2902
f 6057 2901 6056
f 6057 2900 2901
f 6058 2900 6057
f 6058 2899 2900
f 6059 2899 6058
f 6059 2898 2899
f 6060 2898 6059
f 6060 2897 2898
f 6061 2897 6060
f 6061 2896 2897
f 6062 2896 6061
f 6062 2895 2896
f 6063 2895 6062
f 6063 2894 2895
f 6064 2894 6063
f 6064 2893 2894
f 6065 2893 6064
f 6065 2892 2893
f 6066 2892 6065
f 6066 2891 2892
f 6067 2891 6066
f 6067 2890 2891
f 6068 2890 6067
f 6068 2889 2890
f 6069 2889 6068
f 6069 2888 2889
f 6070 2888 6069
f 6070 2887 2888
f 6071 2887 6070
f 6071 2886 2887
f 6072 2886 6071
f 6072 2885 2886
f 6073 2885 6072
f 6073 2884 2885
f 6074 2884 6073
f 6074 2883 2884
f 6075 2883 6074
f 6075 2882 2883
f 6076 2882 6075
f 6076 2881 2882
f 6077 2881 6076
f 6077 2880 2881
f 6078 2880 6077
f 6078 2879 2880
f 6079 2879 6078
f 6079 2878 2879
f 6080 2878 6079
f 6080 2877 2878
f 6081 2877 6080
f 6081 2876 2877
f 6082 2876 6081
f 6082 2875 2876
f 6083 2875 6082
f 6083 2874 2875
f 6084 2874 6083
f 6084 2873 2874
f 6085 2873 6084
f 6085 2872 2873
f 6086 2872 6085
f 6086 2871 2872
f 6087 2871 6086
f 6087 2870 2871
f 6088 2870 6087
f 6088 2869 2870
f 6089 2869 6088
f 6089 2868 2869
f 6090 2868 6089
f 6090 2867 2868
f 6091 2867 6090
f 6091 2866 2867
f 6092 2866 6091
f 6092 2865 2866
f 6093 2865 6092
f 6093 2864 2865
f 6094 2864 6093
f 6094 2863 2864
f 6095 2863 6094
f 6095 2862 2863
f 6096 2862 6095
f 6096 2861 2862
f 6097 2861 6096
f 6097 2860 2861
f 6098 2860 6097
f 6098 2859 2860
f 6099 2859 6098
f 6099 2858 2859
f 6100 2858 6099
f 6100 2911 2858
f 6047 2911 6100
f 2325 6101 6102
f 2324 6101 2325
f 2324 6103 6101
f 2323 6103 2324
f 2323 6104 6103
f 2322 6104 2323
f 2322 6105 6104
f 2321 6105 2322
f 2321 6106 6105
f 2320 6106 2321
f 2320 6107 6106
f 2319 6107 2320
f 2319 6108 6107
f 2318 6108 2319
f 2318 6109 6108
f 2317 6109 2318
f 2317 6110 6109
f 2316 6110 2317
f 2316 6111 6110
f 2315 6111 2316
f 2315 6112 6111
f 2284 6112 2315
f 2284 6113 6112
f 2281 6113 2284
f 2281 6114 6113
f 2279 6114 2281
f 2279 6115 6114
f 2276 6115 2279
f 2276 6116 6115
f 2274 6116 2276
f 2274 6117 6116
f 2271 6117 2274
f 2271 6118 6117
f 2268 6118 2271
f 2268 6119 6118
f 2266 6119 2268
f 2266 6120 6119
f 2263 6120 2266
f 2263 6121 6120
f 2260 6121 2263
f 2260 6122 6121
f 2257 6122 2260
f 2257 6123 6122
f 2254 6123 2257
f 2254 6124 6123
f 2251 6124 2254
f 2251 6125 6124
f 2248 6125 2251
f 2248 6126 6125
f 2244 6126 2248
f 2244 6127 6126
f 2241 6127 2244
f 2241 6128 6127
f 2238 6128 2241
f 2238 6129 6128
f 2236 6129 2238
f 2236 6130 6129
f 2233 6130 2236
f 2233 6131 6130
f 2231 6131 2233
f 2231 6132 6131
f 2229 6132 2231
f 2229 6133 6132
f 2227 6133 2229
f 2227 6134 6133
f 2225 6134 2227
f 2225 6135 6134
f 2223 6135 2225
f 2223 6136 6135
f 2222 6136 2223
f 2222 6137 6136
f 2220 6137 2222
f 2220 6138 6137
f 2217 6138 2220
f 2217 6139 6138
f 2215 6139 2217
f 2215 6140 6139
f 2213 6140 2215
f 2213 6141 6140
f 2211 6141 2213
f 2211 6142 6141
f 2209 6142 2211
f 2209 6143 6142
f 2208 6143 2209
f 2208 6144 6143
f 2205 6144 2208
f 2205 6145 6144
f 2203 6145 2205
f 2203 6146 6145
f 2201 6146 2203
f 2201 6147 6146
f 2198 6147 2201
f 2198 6148 6147
f 2196 6148 2198
f 2196 6149 6148
f 2192 6149 2196
f 2192 6150 6149
f 2189 6150 2192
f 2189 6151 6150
f 2185 6151 2189
f 2185 6152 6151
f 2182 6152 2185
f 2182 6153 6152
f 2179 6153 2182
f 2179 6154 6153
f 2176 6154 2179
f 2176 6155 6154
f 2174 6155 2176
f 2174 6156 6155
f 2171 6156 2174
f 2171 6157 6156
f 2168 6157 2171
f 2168 6158 6157
f 2165 6158 2168
f 2165 6159 6158
f 2163 6159 2165
f 2163 6160 6159
f 2160 6160 2163
f 2160 6161 6160
f 2158 6161 2160
f 2158 6162 6161
f 2155 6162 2158
f 2155 6163 6162
f 2153 6163 2155
f 2153 6164 6163
f 2150 6164 2153
f 2150 6165 6164
f 2148 6165 2150
f 2148 6166 6165
f 2146 6166 2148
f 2146 6167 6166
f 2144 6167 2146
f 2144 6168 6167
f 2142 6168 2144
f 2142 6169 6168
f 2141 6169 2142
f 2141 6170 6169
f 2139 6170 2141
f 2139 6171 6170
f 2136 6171 2139
f 2136 6172 6171
f 2134 6172 2136
f 2134 6173 6172
f 2133 6173 2134
f 2133 6174 6173
f 2131 6174 2133
f 2131 6175 6174
f 2129 6175 2131
f 2129 6176 6175
f 2127 6176 2129
f 2127 6177 6176
f 2125 6177 2127
f 2125 6178 6177
f 2123 6178 2125
f 2123 6179 6178
f 2122 6179 2123
f 2122 6180 6179
f 2120 6180 2122
f 2120 6181 6180
f 2116 6181 2120
f 2116 6182 6181
f 2114 6182 2116
f 2114 6183 6182
f 2113 6183 2114
f 2113 6184 6183
f 2111 6184 2113
f 2111 6185 6184
f 2109 6185 2111
f 2109 6186 6185
f 2107 6186 2109
f 2107 6187 6186
f 2105 6187 2107
f 2105 6188 6187
f 2102 6188 2105
f 2102 6189 6188
f 2100 6189 2102
f 2100 6190 6189
f 2097 6190 2100
f 2097 6191 6190
f 2095 6191 2097
f 2095 6192 6191
f 2092 6192 2095
f 2092 6193 6192
f 2090 6193 2092
f 2090 6194 6193
f 2087 6194 2090
f 2087 6195 6194
f 2084 6195 2087
f 2084 6196 6195
f 2081 6196 2084
f 2081 6197 6196
f 2079 6197 2081
f 2079 6198 6197
f 2076 6198 2079
f 2076 6199 6198
f 2073 6199 2076
f 2073 6200 6199
f 2070 6200 2073
f 2070 6201 6200
f 2066 6201 2070
f 2066 6202 6201
f 2063 6202 2066
f 2063 6203 6202
f 2059 6203 2063
f 2059 6204 6203
f 2057 6204 2059
f 2057 6205 6204
f 2054 6205 2057
f 2054 6206 6205
f 2052 6206 2054
f 2052 6207 6206
f 2048 6207 2052
f 2048 6208 6207
f 2047 6208 2048
f 2047 6209 6208
f 2046 6209 2047
f 2046 6210 6209
f 2044 6210 2046
f 2044 6211 6210
f 2042 6211 2044
f 2042 6212 6211
f 2040 6212 2042
f 2040 6213 6212
f 2038 6213 2040
f 2038 6214 6213
f 2034 6214 2038
f 2034 6215 6214
f 2032 6215 2034
f 2032 6216 6215
f 2031 6216 2032
f 2031 6217 6216
f 2029 6217 2031
f 2029 6218 6217
f 2027 6218 2029
f 2027 6219 6218
f 2025 6219 2027
f 2025 6220 6219
f 2023 6220 2025
f 2023 6221 6220
f 2021 6221 2023
f 2021 6222 6221
f 2018 6222 2021
f 2018 6223 6222
f 2016 6223 2018
f 2016 6224 6223
f 2013 6224 2016
f 2013 6225 6224
f 2010 6225 2013
f 2010 6226 6225
f 2006 6226 2010
f 2006 6227 6226
f 2003 6227 2006
f 2003 6228 6227
f 2000 6228 2003
f 2000 6229 6228
f 1997 6229 2000
f 1997 6230 6229
f 1994 6230 1997
f 1994 6231 6230
f 1991 6231 1994
f 1991 6232 6231
f 1988 6232 1991
f 1988 6233 6232
f 1986 6233 1988
f 1986 6234 6233
f 1983 6234 1986
f 1983 6235 6234
f 1980 6235 1983
f 1980 6236 6235
f 1978 6236 1980
f 1978 6237 6236
f 1975 6237 1978
f 1975 6238 6237
f 1973 6238 1975
f 1973 6239 6238
f 1970 6239 1973
f 1970 6240 6239
f 1966 6240 1970
f 1966 6241 6240
f 1965 6241 1966
f 1965 6242 6241
f 1964 6242 1965
f 1964 6243 6242
f 1963 6243 1964
f 1963 6244 6243
f 1962 6244 1963
f 1962 6245 6244
f 1961 6245 1962
f 1961 6246 6245
f 1960 6246 1961
f 1960 6247 6246
f 1959 6247 1960
f 1959 6248 6247
f 1958 6248 1959
f 1958 6249 6248
f 1957 6249 1958
f 1957 6250 6249
f 1936 6250 1957
f 1936 6251 6250
f 1935 6251 1936
f 1935 6252 6251
f 1934 6252 1935
f 1934 6102 6252
f 2325 6102 1934
f 5773 1929 1928
f 6253 1929 5773
f 1932 1929 6253
f 1927 5775 1925
f 1927 6254 5775
f 1937 6254 1927
f 6255 1931 6256
f 1933 1931 6255
f 6256 1932 6253
f 1931 1932 6256
f 6254 1933 6255
f 1937 1933 6254
f 6257 1836 1834
f 6258 1836 6257
f 6258 1838 1836
f 6259 1838 6258
f 6259 1840 1838
f 6260 1840 6259
f 6260 1842 1840
f 6261 1842 6260
f 6261 1844 1842
f 6262 1844 6261
f 6262 1846 1844
f 6263 1846 6262
f 6263 1848 1846
f 6264 1848 6263
f 6264 1850 1848
f 6265 1850 6264
f 6265 1852 1850
f 6266 1852 6265
f 6266 1854 1852
f 6267 1854 6266
f 6267 1856 1854
f 6268 1856 6267
f 6268 1858 1856
f 6269 1858 6268
f 6269 1860 1858
f 6270 1860 6269
f 6270 1862 1860
f 6271 1862 6270
f 6271 1864 1862
f 6272 1864 6271
f 6272 1866 1864
f 6273 1866 6272
f 6273 1868 1866
f 6274 1868 6273
f 6274 1870 1868
f 6275 1870 6274
f 6275 1872 1870
f 6276 1872 6275
f 6276 1874 1872
f 6277 1874 6276
f 6277 1876 1874
f 6278 1876 6277
f 6278 1878 1876
f 6279 1878 6278
f 6279 1880 1878
f 6280 1880 6279
f 6280 1882 1880
f 6281 1882 6280
f 6281 1884 1882
f 6282 1884 6281
f 6282 1886 1884
f 6283 1886 6282
f 6283 1888 1886
f 6284 1888 6283
f 6284 1890 1888
f 6285 1890 6284
f 6285 1892 1890
f 6286 1892 6285
f 6286 1894 1892
f 6287 1894 6286
f 6287 1896 1894
f 6288 1896 6287
f 6288 1898 1896
f 6289 1898 6288
f 6289 1900 1898
f 6290 1900 6289
f 6290 1902 1900
f 6291 1902 6290
f 6291 1904 1902
f 6292 1904 6291
f 6292 1906 1904
f 6293 1906 6292
f 6293 1908 1906
f 6294 1908 6293
f 6294 1910 1908
f 6295 1910 6294
f 6295 1912 1910
f 6296 1912 6295
f 6296 1914 1912
f 6297 1914 6296
f 6297 1916 1914
f 6298 1916 6297
f 6298 1918 1916
f 6299 1918 6298
f 6299 1920 1918
f 6300 1920 6299
f 6300 1922 1920
f 6301 1922 6300
f 6301 1924 1922
f 6302 1924 6301
f 6302 1830 1924
f 6303 1830 6302
f 6303 1832 1830
f 6304 1832 6303
f 6304 1834 1832
f 6257 1834 6304
f 6305 1740 1738
f 6306 1740 6305
f 6306 1742 1740
f 6307 1742 6306
f 6307 1744 1742
f 6308 1744 6307
f 6308 1746 1744
f 6309 1746 6308
f 6309 1748 1746
f 6310 1748 6309
f 6310 1750 1748
f 6311 1750 6310
f 6311 1752 1750
f 6312 1752 6311
f 6312 1754 1752
f 6313 1754 6312
f 6313 1756 1754
f 6314 1756 6313
f 6314 1758 1756
f 6315 1758 6314
f 6315 1760 1758
f 6316 1760 6315
f 6316 1762 1760
f 6317 1762 6316
f 6317 1764 1762
f 6318 1764 6317
f 6318 1766 1764
f 6319 1766 6318
f 6319 1768 1766
f 6320 1768 6319
f 6320 1770 1768
f 6321 1770 6320
f 6321 1772 1770
f 6322 1772 6321
f 6322 1774 1772
f 6323 1774 6322
f 6323 1776 1774
f 6324 1776 6323
f 6324 1778 1776
f 6325 1778 6324
f 6325 1780 1778
f 6326 1780 6325
f 6326 1782 1780
f 6327 1782 6326
f 6327 1784 1782
f 6328 1784 6327
f 6328 1786 1784
f 6329 1786 6328
f 6329 1788 1786
f 6330 1788 6329
f 6330 1790 1788
f 6331 1790 6330
f 6331 1792 1790
f 6332 1792 6331
f 6332 1794 1792
f 6333 1794 6332
f 6333 1796 1794
f 6334 1796 6333
f 6334 1798 1796
f 6335 1798 6334
f 6335 1800 1798
f 6336 1800 6335
f 6336 1802 1800
f 6337 1802 6336
f 6337 1804 1802
f 6338 1804 6337
f 6338 1806 1804
f 6339 1806 6338
f 6339 1808 1806
f 6340 1808 6339
f 6340 1810 1808
f 6341 1810 6340
f 6341 1812 1810
f 6342 1812 6341
f 6342 1814 1812
f 6343 1814 6342
f 6343 1816 1814
f 6344 1816 6343
f 6344 1818 1816
f 6345 1818 6344
f 6345 1820 1818
f 6346 1820 6345
f 6346 1822 1820
f 6347 1822 6346
f 6347 1824 1822
f 6348 1824 6347
f 6348 1826 1824
f 6349 1826 6348
f 6349 1828 1826
f 6350 1828 6349
f 6350 1734 1828
f 6351 1734 6350
f 6351 1736 1734
f 6352 1736 6351
f 6352 1738 1736
f 6305 1738 6352
f 6353 6354 6355
f 6355 6354 6356
f 6355 6356 6357
f 6357 6358 6355
f 6355 6358 6359
f 6355 6359 6360
f 6360 6361 6355
f 6355 6361 6362
f 6355 6362 6363
f 6363 6364 6355
f 6355 6364 6365
f 6355 6365 6366
f 6366 6367 6355
f 6355 6367 6368
f 6355 6368 6369
f 6369 6370 6355
f 6355 6370 6371
f 6355 6371 6372
f 6372 6373 6355
f 6355 6373 6374
f 6355 6374 6375
f 6375 6376 6355
f 6355 6376 6377
f 6355 6377 6378
f 6378 6379 6355
f 6355 6379 6380
f 6355 6380 6381
f 6381 6380 6382
f 6353 6355 6383
f 6383 6355 6384
f 6383 6384 6385
f 6385 6384 6386
f 6385 6386 6387
f 6387 6386 6388
f 6387 6388 6389
f 6389 6388 6390
f 6389 6390 6391
f 6391 6390 6392
f 6391 6392 6393
f 6393 6392 6394
f 6393 6394 6395
f 6395 6394 6396
f 6395 6396 6397
f 6397 6396 6398
f 6397 6398 6399
f 6399 6398 6400
f 6399 6400 6401
f 6401 6400 6402
f 6401 6402 6403
f 6403 6402 6404
f 6403 6404 6405
f 6353 6406 6354
f 6354 6406 6407
f 6354 6407 6408
f 6406 6353 6409
f 6409 6353 6383
f 6409 6383 6410
f 6410 6383 6385
f 6410 6385 6411
f 6411 6385 6387
f 6411 6387 6412
f 6412 6387 6389
f 6412 6389 6413
f 6413 6389 6391
f 6413 6391 6414
f 6414 6391 6393
f 6414 6393 6415
f 6415 6393 6395
f 6415 6395 6416
f 6416 6395 6397
f 6416 6397 6417
f 6417 6397 6399
f 6417 6399 6418
f 6418 6399 6401
f 6418 6401 6419
f 6419 6401 6403
f 6419 6403 6420
f 6420 6403 6405
f 6420 6405 6421
f 6421 6405 6422
f 6422 6405 6404
f 6422 6404 6423
f 6423 6404 6402
f 6423 6402 6424
f 6424 6402 6400
f 6424 6400 6425
f 6425 6400 6398
f 6425 6398 6426
f 6426 6398 6396
f 6426 6396 6427
f 6427 6396 6394
f 6427 6394 6428
f 6428 6394 6392
f 6428 6392 6429
f 6429 6392 6390
f 6429 6390 6430
f 6430 6390 6388
f 6430 6388 6431
f 6431 6388 6386
f 6431 6386 6432
f 6432 6386 6384
f 6432 6384 6433
f 6433 6384 6355
f 6433 6355 6434
f 6434 6355 6381
f 6434 6381 6435
f 6435 6381 6382
f 6435 6382 6436
f 6436 6382 6437
f 6437 6382 6380
f 6437 6380 6438
f 6438 6380 6379
f 6438 6379 6439
f 6439 6379 6378
f 6439 6378 6440
f 6440 6378 6377
f 6440 6377 6441
f 6441 6377 6376
f 6441 6376 6442
f 6442 6376 6375
f 6442 6375 6443
f 6443 6375 6374
f 6443 6374 6444
f 6444 6374 6373
f 6444 6373 6445
f 6445 6373 6372
f 6445 6372 6446
f 6446 6372 6371
f 6446 6371 6447
f 6447 6371 6370
f 6447 6370 6448
f 6448 6370 6369
f 6448 6369 6449
f 6449 6369 6368
f 6449 6368 6450
f 6450 6368 6451
f 6451 6368 6367
f 6451 6367 6452
f 6452 6367 6366
f 6452 6366 6453
f 6453 6366 6365
f 6453 6365 6454
f 6454 6365 6364
f 6454 6364 6455
f 6455 6364 6363
f 6455 6363 6456
f 6456 6363 6362
f 6456 6362 6457
f 6457 6362 6361
f 6457 6361 6458
f 6458 6361 6360
f 6458 6360 6459
f 6459 6360 6359
f 6459 6359 6460
f 6460 6359 6358
f 6460 6358 6461
f 6461 6358 6357
f 6461 6357 6462
f 6462 6357 6356
f 6462 6356 6408
f 6408 6356 6354
f 6408 6407 6463
f 6463 6407 6406
f 6463 6406 6464
f 6464 6406 6409
f 6464 6409 6465
f 6465 6409 6410
f 6465 6410 6466
f 6466 6410 6411
f 6466 6411 6467
f 6467 6411 6412
f 6467 6412 6468
f 6468 6412 6413
f 6468 6413 6469
f 6469 6413 6414
f 6469 6414 6470
f 6470 6414 6415
f 6470 6415 6471
f 6471 6415 6416
f 6471 6416 6472
f 6472 6416 6417
f 6472 6417 6473
f 6473 6417 6418
f 6473 6418 6474
f 6474 6418 6419
f 6474 6419 6475
f 6475 6419 6420
f 6475 6420 6476
f 6476 6420 6421
f 6476 6421 6477
f 6477 6421 6422
f 6477 6422 6478
f 6478 6422 6423
f 6478 6423 6479
f 6479 6423 6424
f 6479 6424 6480
f 6480 6424 6425
f 6480 6425 6481
f 6481 6425 6426
f 6481 6426 6482
f 6482 6426 6427
f 6482 6427 6483
f 6483 6427 6428
f 6483 6428 6484
f 6484 6428 6429
f 6484 6429 6485
f 6485 6429 6430
f 6485 6430 6486
f 6486 6430 6431
f 6486 6431 6487
f 6487 6431 6432
f 6487 6432 6488
f 6488 6432 6433
f 6488 6433 6489
f 6489 6433 6434
f 6489 6434 6490
f 6490 6434 6435
f 6490 6435 6491
f 6491 6435 6436
f 6491 6436 6492
f 6492 6436 6437
f 6492 6437 6493
f 6493 6437 6438
f 6493 6438 6494
f 6494 6438 6439
f 6494 6439 6495
f 6495 6439 6440
f 6495 6440 6496
f 6496 6440 6441
f 6496 6441 6497
f 6497 6441 6442
f 6497 6442 6498
f 6498 6442 6443
f 6498 6443 6499
f 6499 6443 6444
f 6499 6444 6500
f 6500 6444 6445
f 6500 6445 6501
f 6501 6445 6446
f 6501 6446 6502
f 6502 6446 6447
f 6502 6447 6503
f 6503 6447 6448
f 6503 6448 6504
f 6504 6448 6449
f 6504 6449 6505
f 6505 6449 6450
f 6505 6450 6506
f 6506 6450 6451
f 6506 6451 6507
f 6507 6451 6452
f 6507 6452 6508
f 6508 6452 6453
f 6508 6453 6509
f 6509 6453 6454
f 6509 6454 6510
f 6510 6454 6455
f 6510 6455 6511
f 6511 6455 6456
f 6511 6456 6512
f 6512 6456 6457
f 6512 6457 6513
f 6513 6457 6458
f 6513 6458 6514
f 6514 6458 6459
f 6514 6459 6515
f 6515 6459 6460
f 6515 6460 6516
f 6516 6460 6461
f 6516 6461 6517
f 6517 6461 6462
f 6517 6462 6518
f 6518 6462 6408
f 6518 6408 6463
f 6519 6520 6521
f 6521 6520 6522
f 6521 6522 6523
f 6523 6522 6524
f 6523 6524 6525
f 6525 6524 6526
f 6525 6526 6527
f 6527 6526 6528
f 6527 6528 6529
f 6529 6528 6530
f 6529 6530 6531
f 6531 6530 6532
f 6531 6532 6533
f 6533 6532 6534
f 6533 6534 6535
f 6535 6534 6536
f 6535 6536 6537
f 6537 6536 6538
f 6537 6538 6539
f 6539 6538 6540
f 6539 6540 6541
f 6541 6540 6542
f 6541 6542 6543
f 6543 6542 6544
f 6543 6544 6545
f 6545 6544 6546
f 6545 6546 6547
f 6547 6546 6548
f 6547 6548 6549
f 6549 6548 6550
f 6549 6550 6551
f 6551 6550 6552
f 6551 6552 6553
f 6553 6552 6554
f 6553 6554 6555
f 6555 6554 6556
f 6555 6556 6557
f 6557 6556 6558
f 6557 6558 6559
f 6559 6558 6560
f 6559 6560 6561
f 6561 6560 6562
f 6561 6562 6563
f 6563 6562 6564
f 6563 6564 6565
f 6565 6564 6566
f 6565 6566 6567
f 6567 6566 6568
f 6567 6568 6569
f 6569 6568 6570
f 6569 6570 6571
f 6571 6570 6572
f 6571 6572 6573
f 6573 6572 6574
f 6573 6574 6575
f 6575 6574 6576
f 6575 6576 6577
f 6577 6576 6578
f 6577 6578 6579
f 6579 6578 6580
f 6579 6580 6581
f 6581 6580 6582
f 6581 6582 6583
f 6583 6582 6584
f 6583 6584 6585
f 6585 6584 6586
f 6585 6586 6587
f 6587 6586 6588
f 6587 6588 6589
f 6589 6588 6590
f 6589 6590 6591
f 6591 6590 6592
f 6591 6592 6593
f 6593 6592 6594
f 6593 6594 6595
f 6595 6594 6596
f 6595 6596 6597
f 6597 6596 6598
f 6597 6598 6599
f 6599 6598 6600
f 6599 6600 6601
f 6601 6600 6602
f 6601 6602 6603
f 6603 6602 6604
f 6603 6604 6605
f 6605 6604 6606
f 6605 6606 6607
f 6607 6606 6608
f 6607 6608 6609
f 6609 6608 6610
f 6609 6610 6611
f 6611 6610 6612
f 6611 6612 6613
f 6613 6612 6614
f 6613 6614 6615
f 6615 6614 6616
f 6615 6616 6617
f 6617 6616 6618
f 6617 6618 6619
f 6619 6618 6620
f 6619 6620 6621
f 6621 6620 6622
f 6621 6622 6623
f 6623 6622 6624
f 6623 6624 6625
f 6625 6624 6626
f 6625 6626 6627
f 6627 6626 6628
f 6627 6628 6629
f 6629 6628 6630
f 6629 6630 6631
f 6631 6630 6519
f 6631 6519 6521
f 6463 6632 6518
f 6518 6632 6633
f 6518 6633 6517
f 6517 6633 6634
f 6517 6634 6516
f 6516 6634 6635
f 6516 6635 6515
f 6515 6635 6636
f 6515 6636 6514
f 6514 6636 6637
f 6514 6637 6513
f 6513 6637 6638
f 6513 6638 6512
f 6512 6638 6639
f 6512 6639 6511
f 6511 6639 6640
f 6511 6640 6510
f 6510 6640 6641
f 6510 6641 6509
f 6509 6641 6642
f 6509 6642 6508
f 6508 6642 6643
f 6508 6643 6507
f 6507 6643 6644
f 6507 6644 6506
f 6506 6644 6645
f 6506 6645 6505
f 6505 6645 6646
f 6505 6646 6504
f 6504 6646 6647
f 6504 6647 6503
f 6503 6647 6648
f 6503 6648 6502
f 6502 6648 6649
f 6502 6649 6501
f 6501 6649 6650
f 6501 6650 6500
f 6500 6650 6651
f 6500 6651 6499
f 6499 6651 6652
f 6499 6652 6498
f 6498 6652 6653
f 6498 6653 6497
f 6497 6653 6654
f 6497 6654 6496
f 6496 6654 6655
f 6496 6655 6495
f 6495 6655 6656
f 6495 6656 6494
f 6494 6656 6657
f 6494 6657 6493
f 6493 6657 6658
f 6493 6658 6492
f 6492 6658 6659
f 6492 6659 6491
f 6491 6659 6660
f 6491 6660 6490
f 6490 6660 6661
f 6490 6661 6489
f 6489 6661 6662
f 6489 6662 6488
f 6488 6662 6663
f 6488 6663 6487
f 6487 6663 6664
f 6487 6664 6486
f 6486 6664 6665
f 6486 6665 6485
f 6485 6665 6666
f 6485 6666 6484
f 6484 6666 6667
f 6484 6667 6483
f 6483 6667 6668
f 6483 6668 6482
f 6482 6668 6669
f 6482 6669 6481
f 6481 6669 6670
f 6481 6670 6480
f 6480 6670 6671
f 6480 6671 6479
f 6479 6671 6672
f 6479 6672 6478
f 6478 6672 6673
f 6478 6673 6477
f 6477 6673 6674
f 6477 6674 6476
f 6476 6674 6675
f 6476 6675 6475
f 6475 6675 6676
f 6475 6676 6474
f 6474 6676 6677
f 6474 6677 6473
f 6473 6677 6678
f 6473 6678 6472
f 6472 6678 6679
f 6472 6679 6471
f 6471 6679 6680
f 6471 6680 6470
f 6470 6680 6681
f 6470 6681 6469
f 6469 6681 6682
f 6469 6682 6468
f 6468 6682 6683
f 6468 6683 6467
f 6467 6683 6684
f 6467 6684 6466
f 6466 6684 6685
f 6466 6685 6465
f 6465 6685 6686
f 6465 6686 6464
f 6464 6686 6687
f 6464 6687 6463
f 6463 6687 6632
f 6632 6688 6633
f 6633 6688 6689
f 6633 6689 6634
f 6634 6689 6690
f 6634 6690 6635
f 6635 6690 6691
f 6635 6691 6636
f 6636 6691 6692
f 6636 6692 6637
f 6637 6692 6693
f 6637 6693 6638
f 6638 6693 6694
f 6638 6694 6639
f 6639 6694 6695
f 6639 6695 6640
f 6640 6695 6696
f 6640 6696 6641
f 6641 6696 6697
f 6641 6697 6642
f 6642 6697 6698
f 6642 6698 6643
f 6643 6698 6699
f 6643 6699 6644
f 6644 6699 6700
f 6644 6700 6645
f 6645 6700 6701
f 6645 6701 6646
f 6646 6701 6702
f 6646 6702 6647
f 6647 6702 6703
f 6647 6703 6648
f 6648 6703 6704
f 6648 6704 6649
f 6649 6704 6705
f 6649 6705 6650
f 6650 6705 6706
f 6650 6706 6651
f 6651 6706 6707
f 6651 6707 6652
f 6652 6707 6708
f 6652 6708 6653
f 6653 6708 6709
f 6653 6709 6654
f 6654 6709 6710
f 6654 6710 6655
f 6655 6710 6711
f 6655 6711 6656
f 6656 6711 6712
f 6656 6712 6657
f 6657 6712 6713
f 6657 6713 6658
f 6658 6713 6714
f 6658 6714 6659
f 6659 6714 6715
f 6659 6715 6660
f 6660 6715 6716
f 6660 6716 6661
f 6661 6716 6717
f 6661 6717 6662
f 6662 6717 6718
f 6662 6718 6663
f 6663 6718 6719
f 6663 6719 6664
f 6664 6719 6720
f 6664 6720 6665
f 6665 6720 6721
f 6665 6721 6666
f 6666 6721 6722
f 6666 6722 6667
f 6667 6722 6723
f 6667 6723 6668
f 6668 6723 6724
f 6668 6724 6669
f 6669 6724 6725
f 6669 6725 6670
f 6670 6725 6726
f 6670 6726 6671
f 6671 6726 6727
f 6671 6727 6672
f 6672 6727 6728
f 6672 6728 6673
f 6673 6728 6729
f 6673 6729 6674
f 6674 6729 6730
f 6674 6730 6675
f 6675 6730 6731
f 6675 6731 6676
f 6676 6731 6732
f 6676 6732 6677
f 6677 6732 6733
f 6677 6733 6678
f 6678 6733 6734
f 6678 6734 6679
f 6679 6734 6735
f 6679 6735 6680
f 6680 6735 6736
f 6680 6736 6681
f 6681 6736 6737
f 6681 6737 6682
f 6682 6737 6738
f 6682 6738 6683
f 6683 6738 6739
f 6683 6739 6684
f 6684 6739 6740
f 6684 6740 6685
f 6685 6740 6741
f 6685 6741 6686
f 6686 6741 6742
f 6686 6742 6687
f 6687 6742 6743
f 6687 6743 6632
f 6632 6743 6688
f 6688 6744 6689
f 6689 6744 6745
f 6689 6745 6690
f 6690 6745 6746
f 6690 6746 6691
f 6691 6746 6747
f 6691 6747 6692
f 6692 6747 6748
f 6692 6748 6693
f 6693 6748 6749
f 6693 6749 6694
f 6694 6749 6750
f 6694 6750 6695
f 6695 6750 6751
f 6695 6751 6696
f 6696 6751 6752
f 6696 6752 6697
f 6697 6752 6753
f 6697 6753 6698
f 6698 6753 6754
f 6698 6754 6699
f 6699 6754 6755
f 6699 6755 6700
f 6700 6755 6756
f 6700 6756 6701
f 6701 6756 6757
f 6701 6757 6702
f 6702 6757 6758
f 6702 6758 6703
f 6703 6758 6759
f 6703 6759 6704
f 6704 6759 6760
f 6704 6760 6705
f 6705 6760 6761
f 6705 6761 6706
f 6706 6761 6762
f 6706 6762 6707
f 6707 6762 6763
f 6707 6763 6708
f 6708 6763 6764
f 6708 6764 6709
f 6709 6764 6765
f 6709 6765 6710
f 6710 6765 6766
f 6710 6766 6711
f 6711 6766 6767
f 6711 6767 6712
f 6712 6767 6768
f 6712 6768 6713
f 6713 6768 6769
f 6713 6769 6714
f 6714 6769 6770
f 6714 6770 6715
f 6715 6770 6771
f 6715 6771 6716
f 6716 6771 6772
f 6716 6772 6717
f 6717 6772 6773
f 6717 6773 6718
f 6718 6773 6774
f 6718 6774 6719
f 6719 6774 6775
f 6719 6775 6720
f 6720 6775 6776
f 6720 6776 6721
f 6721 6776 6777
f 6721 6777 6722
f 6722 6777 6778
f 6722 6778 6723
f 6723 6778 6779
f 6723 6779 6724
f 6724 6779 6780
f 6724 6780 6725
f 6725 6780 6781
f 6725 6781 6726
f 6726 6781 6782
f 6726 6782 6727
f 6727 6782 6783
f 6727 6783 6728
f 6728 6783 6784
f 6728 6784 6729
f 6729 6784 6785
f 6729 6785 6730
f 6730 6785 6786
f 6730 6786 6731
f 6731 6786 6787
f 6731 6787 6732
f 6732 6787 6788
f 6732 6788 6733
f 6733 6788 6789
f 6733 6789 6734
f 6734 6789 6790
f 6734 6790 6735
f 6735 6790 6791
f 6735 6791 6736
f 6736 6791 6792
f 6736 6792 6737
f 6737 6792 6793
f 6737 6793 6738
f 6738 6793 6794
f 6738 6794 6739
f 6739 6794 6795
f 6739 6795 6740
f 6740 6795 6796
f 6740 6796 6741
f 6741 6796 6797
f 6741 6797 6742
f 6742 6797 6798
f 6742 6798 6743
f 6743 6798 6799
f 6743 6799 6688
f 6688 6799 6744
f 6744 6800 6745
f 6745 6800 6801
f 6745 6801 6746
f 6746 6801 6802
f 6746 6802 6747
f 6747 6802 6803
f 6747 6803 6748
f 6748 6803 6804
f 6748 6804 6749
f 6749 6804 6805
f 6749 6805 6750
f 6750 6805 6806
f 6750 6806 6751
f 6751 6806 6807
f 6751 6807 6752
f 6752 6807 6808
f 6752 6808 6753
f 6753 6808 6809
f 6753 6809 6754
f 6754 6809 6810
f 6754 6810 6755
f 6755 6810 6811
f 6755 6811 6756
f 6756 6811 6812
f 6756 6812 6757
f 6757 6812 6813
f 6757 6813 6758
f 6758 6813 6814
f 6758 6814 6759
f 6759 6814 6815
f 6759 6815 6760
f 6760 6815 6816
f 6760 6816 6761
f 6761 6816 6817
f 6761 6817 6762
f 6762 6817 6818
f 6762 6818 6763
f 6763 6818 6819
f 6763 6819 6764
f 6764 6819 6820
f 6764 6820 6765
f 6765 6820 6821
f 6765 6821 6766
f 6766 6821 6822
f 6766 6822 6767
f 6767 6822 6823
f 6767 6823 6768
f 6768 6823 6824
f 6768 6824 6769
f 6769 6824 6825
f 6769 6825 6770
f 6770 6825 6826
f 6770 6826 6771
f 6771 6826 6827
f 6771 6827 6772
f 6772 6827 6828
f 6772 6828 6773
f 6773 6828 6829
f 6773 6829 6774
f 6774 6829 6830
f 6774 6830 6775
f 6775 6830 6831
f 6775 6831 6776
f 6776 6831 6832
f 6776 6832 6777
f 6777 6832 6833
f 6777 6833 6778
f 6778 6833 6834
f 6778 6834 6779
f 6779 6834 6835
f 6779 6835 6780
f 6780 6835 6836
f 6780 6836 6781
f 6781 6836 6837
f 6781 6837 6782
f 6782 6837 6838
f 6782 6838 6783
f 6783 6838 6839
f 6783 6839 6784
f 6784 6839 6840
f 6784 6840 6785
f 6785 6840 6841
f 6785 6841 6786
f 6786 6841 6842
f 6786 6842 6787
f 6787 6842 6843
f 6787 6843 6788
f 6788 6843 6844
f 6788 6844 6789
f 6789 6844 6845
f 6789 6845 6790
f 6790 6845 6846
f 6790 6846 6791
f 6791 6846 6847
f 6791 6847 6792
f 6792 6847 6848
f 6792 6848 6793
f 6793 6848 6849
f 6793 6849 6794
f 6794 6849 6850
f 6794 6850 6795
f 6795 6850 6851
f 6795 6851 6796
f 6796 6851 6852
f 6796 6852 6797
f 6797 6852 6853
f 6797 6853 6798
f 6798 6853 6854
f 6798 6854 6799
f 6799 6854 6855
f 6799 6855 6744
f 6744 6855 6800
f 6800 6856 6801
f 6801 6856 6857
f 6801 6857 6802
f 6802 6857 6858
f 6802 6858 6803
f 6803 6858 6859
f 6803 6859 6804
f 6804 6859 6860
f 6804 6860 6805
f 6805 6860 6861
f 6805 6861 6806
f 6806 6861 6862
f 6806 6862 6807
f 6807 6862 6863
f 6807 6863 6808
f 6808 6863 6864
f 6808 6864 6809
f 6809 6864 6865
f 6809 6865 6810
f 6810 6865 6866
f 6810 6866 6811
f 6811 6866 6867
f 6811 6867 6812
f 6812 6867 6868
f 6812 6868 6813
f 6813 6868 6869
f 6813 6869 6814
f 6814 6869 6870
f 6814 6870 6815
f 6815 6870 6871
f 6815 6871 6816
f 6816 6871 6872
f 6816 6872 6817
f 6817 6872 6873
f 6817 6873 6818
f 6818 6873 6874
f 6818 6874 6819
f 6819 6874 6875
f 6819 6875 6820
f 6820 6875 6876
f 6820 6876 6821
f 6821 6876 6877
f 6821 6877 6822
f 6822 6877 6878
f 6822 6878 6823
f 6823 6878 6879
f 6823 6879 6824
f 6824 6879 6880
f 6824 6880 6825
f 6825 6880 6881
f 6825 6881 6826
f 6826 6881 6882
f 6826 6882 6827
f 6827 6882 6883
f 6827 6883 6828
f 6828 6883 6884
f 6828 6884 6829
f 6829 6884 6885
f 6829 6885 6830
f 6830 6885 6886
f 6830 6886 6831
f 6831 6886 6887
f 6831 6887 6832
f 6832 6887 6888
f 6832 6888 6833
f 6833 6888 6889
f 6833 6889 6834
f 6834 6889 6890
f 6834 6890 6835
f 6835 6890 6891
f 6835 6891 6836
f 6836 6891 6892
f 6836 6892 6837
f 6837 6892 6893
f 6837 6893 6838
f 6838 6893 6894
f 6838 6894 6839
f 6839 6894 6895
f 6839 6895 6840
f 6840 6895 6896
f 6840 6896 6841
f 6841 6896 6897
f 6841 6897 6842
f 6842 6897 6898
f 6842 6898 6843
f 6843 6898 6899
f 6843 6899 6844
f 6844 6899 6900
f 6844 6900 6845
f 6845 6900 6901
f 6845 6901 6846
f 6846 6901 6902
f 6846 6902 6847
f 6847 6902 6903
f 6847 6903 6848
f 6848 6903 6904
f 6848 6904 6849
f 6849 6904 6905
f 6849 6905 6850
f 6850 6905 6906
f 6850 6906 6851
f 6851 6906 6907
f 6851 6907 6852
f 6852 6907 6908
f 6852 6908 6853
f 6853 6908 6909
f 6853 6909 6854
f 6854 6909 6910
f 6854 6910 6855
f 6855 6910 6911
f 6855 6911 6800
f 6800 6911 6856
f 6856 6912 6857
f 6857 6912 6913
f 6857 6913 6858
f 6858 6913 6914
f 6858 6914 6859
f 6859 6914 6915
f 6859 6915 6860
f 6860 6915 6916
f 6860 6916 6861
f 6861 6916 6917
f 6861 6917 6862
f 6862 6917 6918
f 6862 6918 6863
f 6863 6918 6919
f 6863 6919 6864
f 6864 6919 6920
f 6864 6920 6865
f 6865 6920 6921
f 6865 6921 6866
f 6866 6921 6922
f 6866 6922 6867
f 6867 6922 6923
f 6867 6923 6868
f 6868 6923 6924
f 6868 6924 6869
f 6869 6924 6925
f 6869 6925 6870
f 6870 6925 6926
f 6870 6926 6871
f 6871 6926 6927
f 6871 6927 6872
f 6872 6927 6928
f 6872 6928 6873
f 6873 6928 6929
f 6873 6929 6874
f 6874 6929 6930
f 6874 6930 6875
f 6875 6930 6931
f 6875 6931 6876
f 6876 6931 6932
f 6876 6932 6877
f 6877 6932 6933
f 6877 6933 6878
f 6878 6933 6934
f 6878 6934 6879
f 6879 6934 6935
f 6879 6935 6880
f 6880 6935 6936
f 6880 6936 6881
f 6881 6936 6937
f 6881 6937 6882
f 6882 6937 6938
f 6882 6938 6883
f 6883 6938 6939
f 6883 6939 6884
f 6884 6939 6940
f 6884 6940 6885
f 6885 6940 6941
f 6885 6941 6886
f 6886 6941 6942
f 6886 6942 6887
f 6887 6942 6943
f 6887 6943 6888
f 6888 6943 6944
f 6888 6944 6889
f 6889 6944 6945
f 6889 6945 6890
f 6890 6945 6946
f 6890 6946 6891
f 6891 6946 6947
f 6891 6947 6892
f 6892 6947 6948
f 6892 6948 6893
f 6893 6948 6949
f 6893 6949 6894
f 6894 6949 6950
f 6894 6950 6895
f 6895 6950 6951
f 6895 6951 6896
f 6896 6951 6952
f 6896 6952 6897
f 6897 6952 6953
f 6897 6953 6898
f 6898 6953 6954
f 6898 6954 6899
f 6899 6954 6955
f 6899 6955 6900
f 6900 6955 6956
f 6900 6956 6901
f 6901 6956 6957
f 6901 6957 6902
f 6902 6957 6958
f 6902 6958 6903
f 6903 6958 6959
f 6903 6959 6904
f 6904 6959 6960
f 6904 6960 6905
f 6905 6960 6961
f 6905 6961 6906
f 6906 6961 6962
f 6906 6962 6907
f 6907 6962 6963
f 6907 6963 6908
f 6908 6963 6964
f 6908 6964 6909
f 6909 6964 6965
f 6909 6965 6910
f 6910 6965 6966
f 6910 6966 6911
f 6911 6966 6967
f 6911 6967 6856
f 6856 6967 6912
f 6912 6968 6913
f 6913 6968 6969
f 6913 6969 6914
f 6914 6969 6970
f 6914 6970 6915
f 6915 6970 6971
f 6915 6971 6916
f 6916 6971 6972
f 6916 6972 6917
f 6917 6972 6973
f 6917 6973 6918
f 6918 6973 6974
f 6918 6974 6919
f 6919 6974 6975
f 6919 6975 6920
f 6920 6975 6976
f 6920 6976 6921
f 6921 6976 6977
f 6921 6977 6922
f 6922 6977 6978
f 6922 6978 6923
f 6923 6978 6979
f 6923 6979 6924
f 6924 6979 6980
f 6924 6980 6925
f 6925 6980 6981
f 6925 6981 6926
f 6926 6981 6982
f 6926 6982 6927
f 6927 6982 6983
f 6927 6983 6928
f 6928 6983 6984
f 6928 6984 6929
f 6929 6984 6985
f 6929 6985 6930
f 6930 6985 6986
f 6930 6986 6931
f 6931 6986 6987
f 6931 6987 6932
f 6932 6987 6988
f 6932 6988 6933
f 6933 6988 6989
f 6933 6989 6934
f 6934 6989 6990
f 6934 6990 6935
f 6935 6990 6991
f 6935 6991 6936
f 6936 6991 6992
f 6936 6992 6937
f 6937 6992 6993
f 6937 6993 6938
f 6938 6993 6994
f 6938 6994 6939
f 6939 6994 6995
f 6939 6995 6940
f 6940 6995 6996
f 6940 6996 6941
f 6941 6996 6997
f 6941 6997 6942
f 6942 6997 6998
f 6942 6998 6943
f 6943 6998 6999
f 6943 6999 6944
f 6944 6999 7000
f 6944 7000 6945
f 6945 7000 7001
f 6945 7001 6946
f 6946 7001 7002
f 6946 7002 6947
f 6947 7002 7003
f 6947 7003 6948
f 6948 7003 7004
f 6948 7004 6949
f 6949 7004 7005
f 6949 7005 6950
f 6950 7005 7006
f 6950 7006 6951
f 6951 7006 7007
f 6951 7007 6952
f 6952 7007 7008
f 6952 7008 6953
f 6953 7008 7009
f 6953 7009 6954
f 6954 7009 7010
f 6954 7010 6955
f 6955 7010 7011
f 6955 7011 6956
f 6956 7011 7012
f 6956 7012 6957
f 6957 7012 7013
f 6957 7013 6958
f 6958 7013 7014
f 6958 7014 6959
f 6959 7014 7015
f 6959 7015 6960
f 6960 7015 7016
f 6960 7016 6961
f 6961 7016 7017
f 6961 7017 6962
f 6962 7017 7018
f 6962 7018 6963
f 6963 7018 7019
f 6963 7019 6964
f 6964 7019 7020
f 6964 7020 6965
f 6965 7020 7021
f 6965 7021 6966
f 6966 7021 7022
f 6966 7022 6967
f 6967 7022 7023
f 6967 7023 6912
f 6912 7023 6968
f 6968 7024 6969
f 6969 7024 7025
f 6969 7025 6970
f 6970 7025 7026
f 6970 7026 6971
f 6971 7026 7027
f 6971 7027 6972
f 6972 7027 7028
f 6972 7028 6973
f 6973 7028 7029
f 6973 7029 6974
f 6974 7029 7030
f 6974 7030 6975
f 6975 7030 7031
f 6975 7031 6976
f 6976 7031 7032
f 6976 7032 6977
f 6977 7032 7033
f 6977 7033 6978
f 6978 7033 7034
f 6978 7034 6979
f 6979 7034 7035
f 6979 7035 6980
f 6980 7035 7036
f 6980 7036 6981
f 6981 7036 7037
f 6981 7037 6982
f 6982 7037 7038
f 6982 7038 6983
f 6983 7038 7039
f 6983 7039 6984
f 6984 7039 7040
f 6984 7040 6985
f 6985 7040 7041
f 6985 7041 6986
f 6986 7041 7042
f 6986 7042 6987
f 6987 7042 7043
f 6987 7043 6988
f 6988 7043 7044
f 6988 7044 6989
f 6989 7044 7045
f 6989 7045 6990
f 6990 7045 7046
f 6990 7046 6991
f 6991 7046 7047
f 6991 7047 6992
f 6992 7047 7048
f 6992 7048 6993
f 6993 7048 7049
f 6993 7049 6994
f 6994 7049 7050
f 6994 7050 6995
f 6995 7050 7051
f 6995 7051 6996
f 6996 7051 7052
f 6996 7052 6997
f 6997 7052 7053
f 6997 7053 6998
f 6998 7053 7054
f 6998 7054 6999
f 6999 7054 7055
f 6999 7055 7000
f 7000 7055 7056
f 7000 7056 7001
f 7001 7056 7057
f 7001 7057 7002
f 7002 7057 7058
f 7002 7058 7003
f 7003 7058 7059
f 7003 7059 7004
f 7004 7059 7060
f 7004 7060 7005
f 7005 7060 7061
f 7005 7061 7006
f 7006 7061 7062
f 7006 7062 7007
f 7007 7062 7063
f 7007 7063 7008
f 7008 7063 7064
f 7008 7064 7009
f 7009 7064 7065
f 7009 7065 7010
f 7010 7065 7066
f 7010 7066 7011
f 7011 7066 7067
f 7011 7067 7012
f 7012 7067 7068
f 7012 7068 7013
f 7013 7068 7069
f 7013 7069 7014
f 7014 7069 7070
f 7014 7070 7015
f 7015 7070 7071
f 7015 7071 7016
f 7016 7071 7072
f 7016 7072 7017
f 7017 7072 7073
f 7017 7073 7018
f 7018 7073 7074
f 7018 7074 7019
f 7019 7074 7075
f 7019 7075 7020
f 7020 7075 7076
f 7020 7076 7021
f 7021 7076 7077
f 7021 7077 7022
f 7022 7077 7078
f 7022 7078 7023
f 7023 7078 7079
f 7023 7079 6968
f 6968 7079 7024
f 7024 7080 7025
f 7025 7080 7081
f 7025 7081 7026
f 7026 7081 7082
f 7026 7082 7027
f 7027 7082 7083
f 7027 7083 7028
f 7028 7083 7084
f 7028 7084 7029
f 7029 7084 7085
f 7029 7085 7030
f 7030 7085 7086
f 7030 7086 7031
f 7031 7086 7087
f 7031 7087 7032
f 7032 7087 7088
f 7032 7088 7033
f 7033 7088 7089
f 7033 7089 7034
f 7034 7089 7090
f 7034 7090 7035
f 7035 7090 7091
f 7035 7091 7036
f 7036 7091 7092
f 7036 7092 7037
f 7037 7092 7093
f 7037 7093 7038
f 7038 7093 7094
f 7038 7094 7039
f 7039 7094 7095
f 7039 7095 7040
f 7040 7095 7096
f 7040 7096 7041
f 7041 7096 7097
f 7041 7097 7042
f 7042 7097 7098
f 7042 7098 7043
f 7043 7098 7099
f 7043 7099 7044
f 7044 7099 7100
f 7044 7100 7045
f 7045 7100 7101
f 7045 7101 7046
f 7046 7101 7102
f 7046 7102 7047
f 7047 7102 7103
f 7047 7103 7048
f 7048 7103 7104
f 7048 7104 7049
f 7049 7104 7105
f 7049 7105 7050
f 7050 7105 7106
f 7050 7106 7051
f 7051 7106 7107
f 7051 7107 7052
f 7052 7107 7108
f 7052 7108 7053
f 7053 7108 7109
f 7053 7109 7054
f 7054 7109 7110
f 7054 7110 7055
f 7055 7110 7111
f 7055 7111 7056
f 7056 7111 7112
f 7056 7112 7057
f 7057 7112 7113
f 7057 7113 7058
f 7058 7113 7114
f 7058 7114 7059
f 7059 7114 7115
f 7059 7115 7060
f 7060 7115 7116
f 7060 7116 7061
f 7061 7116 7117
f 7061 7117 7062
f 7062 7117 7118
f 7062 7118 7063
f 7063 7118 7119
f 7063 7119 7064
f 7064 7119 7120
f 7064 7120 7065
f 7065 7120 7121
f 7065 7121 7066
f 7066 7121 7122
f 7066 7122 7067
f 7067 7122 7123
f 7067 7123 7068
f 7068 7123 7124
f 7068 7124 7069
f 7069 7124 7125
f 7069 7125 7070
f 7070 7125 7126
f 7070 7126 7071
f 7071 7126 7127
f 7071 7127 7072
f 7072 7127 7128
f 7072 7128 7073
f 7073 7128 7129
f 7073 7129 7074
f 7074 7129 7130
f 7074 7130 7075
f 7075 7130 7131
f 7075 7131 7076
f 7076 7131 7132
f 7076 7132 7077
f 7077 7132 7133
f 7077 7133 7078
f 7078 7133 7134
f 7078 7134 7079
f 7079 7134 7135
f 7079 7135 7024
f 7024 7135 7080
f 7080 7136 7081
f 7081 7136 7137
f 7081 7137 7082
f 7082 7137 7138
f 7082 7138 7083
f 7083 7138 7139
f 7083 7139 7084
f 7084 7139 7140
f 7084 7140 7085
f 7085 7140 7141
f 7085 7141 7086
f 7086 7141 7142
f 7086 7142 7087
f 7087 7142 7143
f 7087 7143 7088
f 7088 7143 7144
f 7088 7144 7089
f 7089 7144 7145
f 7089 7145 7090
f 7090 7145 7146
f 7090 7146 7091
f 7091 7146 7147
f 7091 7147 7092
f 7092 7147 7148
f 7092 7148 7093
f 7093 7148 7149
f 7093 7149 7094
f 7094 7149 7150
f 7094 7150 7095
f 7095 7150 7151
f 7095 7151 7096
f 7096 7151 7152
f 7096 7152 7097
f 7097 7152 7153
f 7097 7153 7098
f 7098 7153 7154
f 7098 7154 7099
f 7099 7154 7155
f 7099 7155 7100
f 7100 7155 7156
f 7100 7156 7101
f 7101 7156 7157
f 7101 7157 7102
f 7102 7157 7158
f 7102 7158 7103
f 7103 7158 7159
f 7103 7159 7104
f 7104 7159 7160
f 7104 7160 7105
f 7105 7160 7161
f 7105 7161 7106
f 7106 7161 7162
f 7106 7162 7107
f 7107 7162 7163
f 7107 7163 7108
f 7108 7163 7164
f 7108 7164 7109
f 7109 7164 7165
f 7109 7165 7110
f 7110 7165 7166
f 7110 7166 7111
f 7111 7166 7167
f 7111 7167 7112
f 7112 7167 7168
f 7112 7168 7113
f 7113 7168 7169
f 7113 7169 7114
f 7114 7169 7170
f 7114 7170 7115
f 7115 7170 7171
f 7115 7171 7116
f 7116 7171 7172
f 7116 7172 7117
f 7117 7172 7173
f 7117 7173 7118
f 7118 7173 7174
f 7118 7174 7119
f 7119 7174 7175
f 7119 7175 7120
f 7120 7175 7176
f 7120 7176 7121
f 7121 7176 7177
f 7121 7177 7122
f 7122 7177 7178
f 7122 7178 7123
f 7123 7178 7179
f 7123 7179 7124
f 7124 7179 7180
f 7124 7180 7125
f 7125 7180 7181
f 7125 7181 7126
f 7126 7181 7182
f 7126 7182 7127
f 7127 7182 7183
f 7127 7183 7128
f 7128 7183 7184
f 7128 7184 7129
f 7129 7184 7185
f 7129 7185 7130
f 7130 7185 7186
f 7130 7186 7131
f 7131 7186 7187
f 7131 7187 7132
f 7132 7187 7188
f 7132 7188 7133
f 7133 7188 7189
f 7133 7189 7134
f 7134 7189 7190
f 7134 7190 7135
f 7135 7190 7191
f 7135 7191 7080
f 7080 7191 7136
f 7136 7192 7137
f 7137 7192 7193
f 7137 7193 7138
f 7138 7193 7194
f 7138 7194 7139
f 7139 7194 7195
f 7139 7195 7140
f 7140 7195 7196
f 7140 7196 7141
f 7141 7196 7197
f 7141 7197 7142
f 7142 7197 7198
f 7142 7198 7143
f 7143 7198 7199
f 7143 7199 7144
f 7144 7199 7200
f 7144 7200 7145
f 7145 7200 7201
f 7145 7201 7146
f 7146 7201 7202
f 7146 7202 7147
f 7147 7202 7203
f 7147 7203 7148
f 7148 7203 7204
f 7148 7204 7149
f 7149 7204 7205
f 7149 7205 7150
f 7150 7205 7206
f 7150 7206 7151
f 7151 7206 7207
f 7151 7207 7152
f 7152 7207 7208
f 7152 7208 7153
f 7153 7208 7209
f 7153 7209 7154
f 7154 7209 7210
f 7154 7210 7155
f 7155 7210 7211
f 7155 7211 7156
f 7156 7211 7212
f 7156 7212 7157
f 7157 7212 7213
f 7157 7213 7158
f 7158 7213 7214
f 7158 7214 7159
f 7159 7214 7215
f 7159 7215 7160
f 7160 7215 7216
f 7160 7216 7161
f 7161 7216 7217
f 7161 7217 7162
f 7162 7217 7218
f 7162 7218 7163
f 7163 7218 7219
f 7163 7219 7164
f 7164 7219 7220
f 7164 7220 7165
f 7165 7220 7221
f 7165 7221 7166
f 7166 7221 7222
f 7166 7222 7167
f 7167 7222 7223
f 7167 7223 7168
f 7168 7223 7224
f 7168 7224 7169
f 7169 7224 7225
f 7169 7225 7170
f 7170 7225 7226
f 7170 7226 7171
f 7171 7226 7227
f 7171 7227 7172
f 7172 7227 7228
f 7172 7228 7173
f 7173 7228 7229
f 7173 7229 7174
f 7174 7229 7230
f 7174 7230 7175
f 7175 7230 7231
f 7175 7231 7176
f 7176 7231 7232
f 7176 7232 7177
f 7177 7232 7233
f 7177 7233 7178
f 7178 7233 7234
f 7178 7234 7179
f 7179 7234 7235
f 7179 7235 7180
f 7180 7235 7236
f 7180 7236 7181
f 7181 7236 7237
f 7181 7237 7182
f 7182 7237 7238
f 7182 7238 7183
f 7183 7238 7239
f 7183 7239 7184
f 7184 7239 7240
f 7184 7240 7185
f 7185 7240 7241
f 7185 7241 7186
f 7186 7241 7242
f 7186 7242 7187
f 7187 7242 7243
f 7187 7243 7188
f 7188 7243 7244
f 7188 7244 7189
f 7189 7244 7245
f 7189 7245 7190
f 7190 7245 7246
f 7190 7246 7191
f 7191 7246 7247
f 7191 7247 7136
f 7136 7247 7192
f 7192 7248 7193
f 7193 7248 7249
f 7193 7249 7194
f 7194 7249 7250
f 7194 7250 7195
f 7195 7250 7251
f 7195 7251 7196
f 7196 7251 7252
f 7196 7252 7197
f 7197 7252 7253
f 7197 7253 7198
f 7198 7253 7254
f 7198 7254 7199
f 7199 7254 7255
f 7199 7255 7200
f 7200 7255 7256
f 7200 7256 7201
f 7201 7256 7257
f 7201 7257 7202
f 7202 7257 7258
f 7202 7258 7203
f 7203 7258 7259
f 7203 7259 7204
f 7204 7259 7260
f 7204 7260 7205
f 7205 7260 7261
f 7205 7261 7206
f 7206 7261 7262
f 7206 7262 7207
f 7207 7262 7263
f 7207 7263 7208
f 7208 7263 7264
f 7208 7264 7209
f 7209 7264 7265
f 7209 7265 7210
f 7210 7265 7266
f 7210 7266 7211
f 7211 7266 7267
f 7211 7267 7212
f 7212 7267 7268
f 7212 7268 7213
f 7213 7268 7269
f 7213 7269 7214
f 7214 7269 7270
f 7214 7270 7215
f 7215 7270 7271
f 7215 7271 7216
f 7216 7271 7272
f 7216 7272 7217
f 7217 7272 7273
f 7217 7273 7218
f 7218 7273 7274
f 7218 7274 7219
f 7219 7274 7275
f 7219 7275 7220
f 7220 7275 7276
f 7220 7276 7221
f 7221 7276 7277
f 7221 7277 7222
f 7222 7277 7278
f 7222 7278 7223
f 7223 7278 7279
f 7223 7279 7224
f 7224 7279 7280
f 7224 7280 7225
f 7225 7280 7281
f 7225 7281 7226
f 7226 7281 7282
f 7226 7282 7227
f 7227 7282 7283
f 7227 7283 7228
f 7228 7283 7284
f 7228 7284 7229
f 7229 7284 7285
f 7229 7285 7230
f 7230 7285 7286
f 7230 7286 7231
f 7231 7286 7287
f 7231 7287 7232
f 7232 7287 7288
f 7232 7288 7233
f 7233 7288 7289
f 7233 7289 7234
f 7234 7289 7290
f 7234 7290 7235
f 7235 7290 7291
f 7235 7291 7236
f 7236 7291 7292
f 7236 7292 7237
f 7237 7292 7293
f 7237 7293 7238
f 7238 7293 7294
f 7238 7294 7239
f 7239 7294 7295
f 7239 7295 7240
f 7240 7295 7296
f 7240 7296 7241
f 7241 7296 7297
f 7241 7297 7242
f 7242 7297 7298
f 7242 7298 7243
f 7243 7298 7299
f 7243 7299 7244
f 7244 7299 7300
f 7244 7300 7245
f 7245 7300 7301
f 7245 7301 7246
f 7246 7301 7302
f 7246 7302 7247
f 7247 7302 7303
f 7247 7303 7192
f 7192 7303 7248
f 7248 7304 7249
f 7249 7304 7305
f 7249 7305 7250
f 7250 7305 7306
f 7250 7306 7251
f 7251 7306 7307
f 7251 7307 7252
f 7252 7307 7308
f 7252 7308 7253
f 7253 7308 7309
f 7253 7309 7254
f 7254 7309 7310
f 7254 7310 7255
f 7255 7310 7311
f 7255 7311 7256
f 7256 7311 7312
f 7256 7312 7257
f 7257 7312 7313
f 7257 7313 7258
f 7258 7313 7314
f 7258 7314 7259
f 7259 7314 7315
f 7259 7315 7260
f 7260 7315 7316
f 7260 7316 7261
f 7261 7316 7317
f 7261 7317 7262
f 7262 7317 7318
f 7262 7318 7263
f 7263 7318 7319
f 7263 7319 7264
f 7264 7319 7320
f 7264 7320 7265
f 7265 7320 7321
f 7265 7321 7266
f 7266 7321 7322
f 7266 7322 7267
f 7267 7322 7323
f 7267 7323 7268
f 7268 7323 7324
f 7268 7324 7269
f 7269 7324 7325
f 7269 7325 7270
f 7270 7325 7326
f 7270 7326 7271
f 7271 7326 7327
f 7271 7327 7272
f 7272 7327 7328
f 7272 7328 7273
f 7273 7328 7329
f 7273 7329 7274
f 7274 7329 7330
f 7274 7330 7275
f 7275 7330 7331
f 7275 7331 7276
f 7276 7331 7332
f 7276 7332 7277
f 7277 7332 7333
f 7277 7333 7278
f 7278 7333 7334
f 7278 7334 7279
f 7279 7334 7335
f 7279 7335 7280
f 7280 7335 7336
f 7280 7336 7281
f 7281 7336 7337
f 7281 7337 7282
f 7282 7337 7338
f 7282 7338 7283
f 7283 7338 7339
f 7283 7339 7284
f 7284 7339 7340
f 7284 7340 7285
f 7285 7340 7341
f 7285 7341 7286
f 7286 7341 7342
f 7286 7342 7287
f 7287 7342 7343
f 7287 7343 7288
f 7288 7343 7344
f 7288 7344 7289
f 7289 7344 7345
f 7289 7345 7290
f 7290 7345 7346
f 7290 7346 7291
f 7291 7346 7347
f 7291 7347 7292
f 7292 7347 7348
f 7292 7348 7293
f 7293 7348 7349
f 7293 7349 7294
f 7294 7349 7350
f 7294 7350 7295
f 7295 7350 7351
f 7295 7351 7296
f 7296 7351 7352
f 7296 7352 7297
f 7297 7352 7353
f 7297 7353 7298
f 7298 7353 7354
f 7298 7354 7299
f 7299 7354 7355
f 7299 7355 7300
f 7300 7355 7356
f 7300 7356 7301
f 7301 7356 7357
f 7301 7357 7302
f 7302 7357 7358
f 7302 7358 7303
f 7303 7358 7359
f 7303 7359 7248
f 7248 7359 7304
f 7304 7360 7305
f 7305 7360 7361
f 7305 7361 7306
f 7306 7361 7362
f 7306 7362 7307
f 7307 7362 7363
f 7307 7363 7308
f 7308 7363 7364
f 7308 7364 7309
f 7309 7364 7365
f 7309 7365 7310
f 7310 7365 7366
f 7310 7366 7311
f 7311 7366 7367
f 7311 7367 7312
f 7312 7367 7368
f 7312 7368 7313
f 7313 7368 7369
f 7313 7369 7314
f 7314 7369 7370
f 7314 7370 7315
f 7315 7370 7371
f 7315 7371 7316
f 7316 7371 7372
f 7316 7372 7317
f 7317 7372 7373
f 7317 7373 7318
f 7318 7373 7374
f 7318 7374 7319
f 7319 7374 7375
f 7319 7375 7320
f 7320 7375 7376
f 7320 7376 7321
f 7321 7376 7377
f 7321 7377 7322
f 7322 7377 7378
f 7322 7378 7323
f 7323 7378 7379
f 7323 7379 7324
f 7324 7379 7380
f 7324 7380 7325
f 7325 7380 7381
f 7325 7381 7326
f 7326 7381 7382
f 7326 7382 7327
f 7327 7382 7383
f 7327 7383 7328
f 7328 7383 7384
f 7328 7384 7329
f 7329 7384 7385
f 7329 7385 7330
f 7330 7385 7386
f 7330 7386 7331
f 7331 7386 7387
f 7331 7387 7332
f 7332 7387 7388
f 7332 7388 7333
f 7333 7388 7389
f 7333 7389 7334
f 7334 7389 7390
f 7334 7390 7335
f 7335 7390 7391
f 7335 7391 7336
f 7336 7391 7392
f 7336 7392 7337
f 7337 7392 7393
f 7337 7393 7338
f 7338 7393 7394
f 7338 7394 7339
f 7339 7394 7395
f 7339 7395 7340
f 7340 7395 7396
f 7340 7396 7341
f 7341 7396 7397
f 7341 7397 7342
f 7342 7397 7398
f 7342 7398 7343
f 7343 7398 7399
f 7343 7399 7344
f 7344 7399 7400
f 7344 7400 7345
f 7345 7400 7401
f 7345 7401 7346
f 7346 7401 7402
f 7346 7402 7347
f 7347 7402 7403
f 7347 7403 7348
f 7348 7403 7404
f 7348 7404 7349
f 7349 7404 7405
f 7349 7405 7350
f 7350 7405 7406
f 7350 7406 7351
f 7351 7406 7407
f 7351 7407 7352
f 7352 7407 7408
f 7352 7408 7353
f 7353 7408 7409
f 7353 7409 7354
f 7354 7409 7410
f 7354 7410 7355
f 7355 7410 7411
f 7355 7411 7356
f 7356 7411 7412
f 7356 7412 7357
f 7357 7412 7413
f 7357 7413 7358
f 7358 7413 7414
f 7358 7414 7359
f 7359 7414 7415
f 7359 7415 7304
f 7304 7415 7360
f 7360 7416 7361
f 7361 7416 7417
f 7361 7417 7362
f 7362 7417 7418
f 7362 7418 7363
f 7363 7418 7419
f 7363 7419 7364
f 7364 7419 7420
f 7364 7420 7365
f 7365 7420 7421
f 7365 7421 7366
f 7366 7421 7422
f 7366 7422 7367
f 7367 7422 7423
f 7367 7423 7368
f 7368 7423 7424
f 7368 7424 7369
f 7369 7424 7425
f 7369 7425 7370
f 7370 7425 7426
f 7370 7426 7371
f 7371 7426 7427
f 7371 7427 7372
f 7372 7427 7428
f 7372 7428 7373
f 7373 7428 7429
f 7373 7429 7374
f 7374 7429 7430
f 7374 7430 7375
f 7375 7430 7431
f 7375 7431 7376
f 7376 7431 7432
f 7376 7432 7377
f 7377 7432 7433
f 7377 7433 7378
f 7378 7433 7434
f 7378 7434 7379
f 7379 7434 7435
f 7379 7435 7380
f 7380 7435 7436
f 7380 7436 7381
f 7381 7436 7437
f 7381 7437 7382
f 7382 7437 7438
f 7382 7438 7383
f 7383 7438 7439
f 7383 7439 7384
f 7384 7439 7440
f 7384 7440 7385
f 7385 7440 7441
f 7385 7441 7386
f 7386 7441 7442
f 7386 7442 7387
f 7387 7442 7443
f 7387 7443 7388
f 7388 7443 7444
f 7388 7444 7389
f 7389 7444 7445
f 7389 7445 7390
f 7390 7445 7446
f 7390 7446 7391
f 7391 7446 7447
f 7391 7447 7392
f 7392 7447 7448
f 7392 7448 7393
f 7393 7448 7449
f 7393 7449 7394
f 7394 7449 7450
f 7394 7450 7395
f 7395 7450 7451
f 7395 7451 7396
f 7396 7451 7452
f 7396 7452 7397
f 7397 7452 7453
f 7397 7453 7398
f 7398 7453 7454
f 7398 7454 7399
f 7399 7454 7455
f 7399 7455 7400
f 7400 7455 7456
f 7400 7456 7401
f 7401 7456 7457
f 7401 7457 7402
f 7402 7457 7458
f 7402 7458 7403
f 7403 7458 7459
f 7403 7459 7404
f 7404 7459 7460
f 7404 7460 7405
f 7405 7460 7461
f 7405 7461 7406
f 7406 7461 7462
f 7406 7462 7407
f 7407 7462 7463
f 7407 7463 7408
f 7408 7463 7464
f 7408 7464 7409
f 7409 7464 7465
f 7409 7465 7410
f 7410 7465 7466
f 7410 7466 7411
f 7411 7466 7467
f 7411 7467 7412
f 7412 7467 7468
f 7412 7468 7413
f 7413 7468 7469
f 7413 7469 7414
f 7414 7469 7470
f 7414 7470 7415
f 7415 7470 7471
f 7415 7471 7360
f 7360 7471 7416
f 7416 7472 7417
f 7417 7472 7473
f 7417 7473 7418
f 7418 7473 7474
f 7418 7474 7419
f 7419 7474 7475
f 7419 7475 7420
f 7420 7475 7476
f 7420 7476 7421
f 7421 7476 7477
f 7421 7477 7422
f 7422 7477 7478
f 7422 7478 7423
f 7423 7478 7479
f 7423 7479 7424
f 7424 7479 7480
f 7424 7480 7425
f 7425 7480 7481
f 7425 7481 7426
f 7426 7481 7482
f 7426 7482 7427
f 7427 7482 7483
f 7427 7483 7428
f 7428 7483 7484
f 7428 7484 7429
f 7429 7484 7485
f 7429 7485 7430
f 7430 7485 7486
f 7430 7486 7431
f 7431 7486 7487
f 7431 7487 7432
f 7432 7487 7488
f 7432 7488 7433
f 7433 7488 7489
f 7433 7489 7434
f 7434 7489 7490
f 7434 7490 7435
f 7435 7490 7491
f 7435 7491 7436
f 7436 7491 7492
f 7436 7492 7437
f 7437 7492 7493
f 7437 7493 7438
f 7438 7493 7494
f 7438 7494 7439
f 7439 7494 7495
f 7439 7495 7440
f 7440 7495 7496
f 7440 7496 7441
f 7441 7496 7497
f 7441 7497 7442
f 7442 7497 7498
f 7442 7498 7443
f 7443 7498 7499
f 7443 7499 7444
f 7444 7499 7500
f 7444 7500 7445
f 7445 7500 7501
f 7445 7501 7446
f 7446 7501 7502
f 7446 7502 7447
f 7447 7502 7503
f 7447 7503 7448
f 7448 7503 7504
f 7448 7504 7449
f 7449 7504 7505
f 7449 7505 7450
f 7450 7505 7506
f 7450 7506 7451
f 7451 7506 7507
f 7451 7507 7452
f 7452 7507 7508
f 7452 7508 7453
f 7453 7508 7509
f 7453 7509 7454
f 7454 7509 7510
f 7454 7510 7455
f 7455 7510 7511
f 7455 7511 7456
f 7456 7511 7512
f 7456 7512 7457
f 7457 7512 7513
f 7457 7513 7458
f 7458 7513 7514
f 7458 7514 7459
f 7459 7514 7515
f 7459 7515 7460
f 7460 7515 7516
f 7460 7516 7461
f 7461 7516 7517
f 7461 7517 7462
f 7462 7517 7518
f 7462 7518 7463
f 7463 7518 7519
f 7463 7519 7464
f 7464 7519 7520
f 7464 7520 7465
f 7465 7520 7521
f 7465 7521 7466
f 7466 7521 7522
f 7466 7522 7467
f 7467 7522 7523
f 7467 7523 7468
f 7468 7523 7524
f 7468 7524 7469
f 7469 7524 7525
f 7469 7525 7470
f 7470 7525 7526
f 7470 7526 7471
f 7471 7526 7527
f 7471 7527 7416
f 7416 7527 7472
f 7472 7528 7473
f 7473 7528 7529
f 7473 7529 7474
f 7474 7529 7530
f 7474 7530 7475
f 7475 7530 7531
f 7475 7531 7476
f 7476 7531 7532
f 7476 7532 7477
f 7477 7532 7533
f 7477 7533 7478
f 7478 7533 7534
f 7478 7534 7479
f 7479 7534 7535
f 7479 7535 7480
f 7480 7535 7536
f 7480 7536 7481
f 7481 7536 7537
f 7481 7537 7482
f 7482 7537 7538
f 7482 7538 7483
f 7483 7538 7539
f 7483 7539 7484
f 7484 7539 7540
f 7484 7540 7485
f 7485 7540 7541
f 7485 7541 7486
f 7486 7541 7542
f 7486 7542 7487
f 7487 7542 7543
f 7487 7543 7488
f 7488 7543 7544
f 7488 7544 7489
f 7489 7544 7545
f 7489 7545 7490
f 7490 7545 7546
f 7490 7546 7491
f 7491 7546 7547
f 7491 7547 7492
f 7492 7547 7548
f 7492 7548 7493
f 7493 7548 7549
f 7493 7549 7494
f 7494 7549 7550
f 7494 7550 7495
f 7495 7550 7551
f 7495 7551 7496
f 7496 7551 7552
f 7496 7552 7497
f 7497 7552 7553
f 7497 7553 7498
f 7498 7553 7554
f 7498 7554 7499
f 7499 7554 7555
f 7499 7555 7500
f 7500 7555 7556
f 7500 7556 7501
f 7501 7556 7557
f 7501 7557 7502
f 7502 7557 7558
f 7502 7558 7503
f 7503 7558 7559
f 7503 7559 7504
f 7504 7559 7560
f 7504 7560 7505
f 7505 7560 7561
f 7505 7561 7506
f 7506 7561 7562
f 7506 7562 7507
f 7507 7562 7563
f 7507 7563 7508
f 7508 7563 7564
f 7508 7564 7509
f 7509 7564 7565
f 7509 7565 7510
f 7510 7565 7566
f 7510 7566 7511
f 7511 7566 7567
f 7511 7567 7512
f 7512 7567 7568
f 7512 7568 7513
f 7513 7568 7569
f 7513 7569 7514
f 7514 7569 7570
f 7514 7570 7515
f 7515 7570 7571
f 7515 7571 7516
f 7516 7571 7572
f 7516 7572 7517
f 7517 7572 7573
f 7517 7573 7518
f 7518 7573 7574
f 7518 7574 7519
f 7519 7574 7575
f 7519 7575 7520
f 7520 7575 7576
f 7520 7576 7521
f 7521 7576 7577
f 7521 7577 7522
f 7522 7577 7578
f 7522 7578 7523
f 7523 7578 7579
f 7523 7579 7524
f 7524 7579 7580
f 7524 7580 7525
f 7525 7580 7581
f 7525 7581 7526
f 7526 7581 7582
f 7526 7582 7527
f 7527 7582 7583
f 7527 7583 7472
f 7472 7583 7528
f 7528 7584 7529
f 7529 7584 7585
f 7529 7585 7530
f 7530 7585 7586
f 7530 7586 7531
f 7531 7586 7587
f 7531 7587 7532
f 7532 7587 7588
f 7532 7588 7533
f 7533 7588 7589
f 7533 7589 7534
f 7534 7589 7590
f 7534 7590 7535
f 7535 7590 7591
f 7535 7591 7536
f 7536 7591 7592
f 7536 7592 7537
f 7537 7592 7593
f 7537 7593 7538
f 7538 7593 7594
f 7538 7594 7539
f 7539 7594 7595
f 7539 7595 7540
f 7540 7595 7596
f 7540 7596 7541
f 7541 7596 7597
f 7541 7597 7542
f 7542 7597 7598
f 7542 7598 7543
f 7543 7598 7599
f 7543 7599 7544
f 7544 7599 7600
f 7544 7600 7545
f 7545 7600 7601
f 7545 7601 7546
f 7546 7601 7602
f 7546 7602 7547
f 7547 7602 7603
f 7547 7603 7548
f 7548 7603 7604
f 7548 7604 7549
f 7549 7604 7605
f 7549 7605 7550
f 7550 7605 7606
f 7550 7606 7551
f 7551 7606 7607
f 7551 7607 7552
f 7552 7607 7608
f 7552 7608 7553
f 7553 7608 7609
f 7553 7609 7554
f 7554 7609 7610
f 7554 7610 7555
f 7555 7610 7611
f 7555 7611 7556
f 7556 7611 7612
f 7556 7612 7557
f 7557 7612 7613
f 7557 7613 7558
f 7558 7613 7614
f 7558 7614 7559
f 7559 7614 7615
f 7559 7615 7560
f 7560 7615 7616
f 7560 7616 7561
f 7561 7616 7617
f 7561 7617 7562
f 7562 7617 7618
f 7562 7618 7563
f 7563 7618 7619
f 7563 7619 7564
f 7564 7619 7620
f 7564 7620 7565
f 7565 7620 7621
f 7565 7621 7566
f 7566 7621 7622
f 7566 7622 7567
f 7567 7622 7623
f 7567 7623 7568
f 7568 7623 7624
f 7568 7624 7569
f 7569 7624 7625
f 7569 7625 7570
f 7570 7625 7626
f 7570 7626 7571
f 7571 7626 7627
f 7571 7627 7572
f 7572 7627 7628
f 7572 7628 7573
f 7573 7628 7629
f 7573 7629 7574
f 7574 7629 7630
f 7574 7630 7575
f 7575 7630 7631
f 7575 7631 7576
f 7576 7631 7632
f 7576 7632 7577
f 7577 7632 7633
f 7577 7633 7578
f 7578 7633 7634
f 7578 7634 7579
f 7579 7634 7635
f 7579 7635 7580
f 7580 7635 7636
f 7580 7636 7581
f 7581 7636 7637
f 7581 7637 7582
f 7582 7637 7638
f 7582 7638 7583
f 7583 7638 7639
f 7583 7639 7528
f 7528 7639 7584
f 7584 7640 7585
f 7585 7640 7641
f 7585 7641 7586
f 7586 7641 7642
f 7586 7642 7587
f 7587 7642 7643
f 7587 7643 7588
f 7588 7643 7644
f 7588 7644 7589
f 7589 7644 7645
f 7589 7645 7590
f 7590 7645 7646
f 7590 7646 7591
f 7591 7646 7647
f 7591 7647 7592
f 7592 7647 7648
f 7592 7648 7593
f 7593 7648 7649
f 7593 7649 7594
f 7594 7649 7650
f 7594 7650 7595
f 7595 7650 7651
f 7595 7651 7596
f 7596 7651 7652
f 7596 7652 7597
f 7597 7652 7653
f 7597 7653 7598
f 7598 7653 7654
f 7598 7654 7599
f 7599 7654 7655
f 7599 7655 7600
f 7600 7655 7656
f 7600 7656 7601
f 7601 7656 7657
f 7601 7657 7602
f 7602 7657 7658
f 7602 7658 7603
f 7603 7658 7659
f 7603 7659 7604
f 7604 7659 7660
f 7604 7660 7605
f 7605 7660 7661
f 7605 7661 7606
f 7606 7661 7662
f 7606 7662 7607
f 7607 7662 7663
f 7607 7663 7608
f 7608 7663 7664
f 7608 7664 7609
f 7609 7664 7665
f 7609 7665 7610
f 7610 7665 7666
f 7610 7666 7611
f 7611 7666 7667
f 7611 7667 7612
f 7612 7667 7668
f 7612 7668 7613
f 7613 7668 7669
f 7613 7669 7614
f 7614 7669 7670
f 7614 7670 7615
f 7615 7670 7671
f 7615 7671 7616
f 7616 7671 7672
f 7616 7672 7617
f 7617 7672 7673
f 7617 7673 7618
f 7618 7673 7674
f 7618 7674 7619
f 7619 7674 7675
f 7619 7675 7620
f 7620 7675 7676
f 7620 7676 7621
f 7621 7676 7677
f 7621 7677 7622
f 7622 7677 7678
f 7622 7678 7623
f 7623 7678 7679
f 7623 7679 7624
f 7624 7679 7680
f 7624 7680 7625
f 7625 7680 7681
f 7625 7681 7626
f 7626 7681 7682
f 7626 7682 7627
f 7627 7682 7683
f 7627 7683 7628
f 7628 7683 7684
f 7628 7684 7629
f 7629 7684 7685
f 7629 7685 7630
f 7630 7685 7686
f 7630 7686 7631
f 7631 7686 7687
f 7631 7687 7632
f 7632 7687 7688
f 7632 7688 7633
f 7633 7688 7689
f 7633 7689 7634
f 7634 7689 7690
f 7634 7690 7635
f 7635 7690 7691
f 7635 7691 7636
f 7636 7691 7692
f 7636 7692 7637
f 7637 7692 7693
f 7637 7693 7638
f 7638 7693 7694
f 7638 7694 7639
f 7639 7694 7695
f 7639 7695 7584
f 7584 7695 7640
f 7640 7696 7641
f 7641 7696 7697
f 7641 7697 7642
f 7642 7697 7698
f 7642 7698 7643
f 7643 7698 7699
f 7643 7699 7644
f 7644 7699 7700
f 7644 7700 7645
f 7645 7700 7701
f 7645 7701 7646
f 7646 7701 7702
f 7646 7702 7647
f 7647 7702 7703
f 7647 7703 7648
f 7648 7703 7704
f 7648 7704 7649
f 7649 7704 7705
f 7649 7705 7650
f 7650 7705 7706
f 7650 7706 7651
f 7651 7706 7707
f 7651 7707 7652
f 7652 7707 7708
f 7652 7708 7653
f 7653 7708 7709
f 7653 7709 7654
f 7654 7709 7710
f 7654 7710 7655
f 7655 7710 7711
f 7655 7711 7656
f 7656 7711 7712
f 7656 7712 7657
f 7657 7712 7713
f 7657 7713 7658
f 7658 7713 7714
f 7658 7714 7659
f 7659 7714 7715
f 7659 7715 7660
f 7660 7715 7716
f 7660 7716 7661
f 7661 7716 7717
f 7661 7717 7662
f 7662 7717 7718
f 7662 7718 7663
f 7663 7718 7719
f 7663 7719 7664
f 7664 7719 7720
f 7664 7720 7665
f 7665 7720 7721
f 7665 7721 7666
f 7666 7721 7722
f 7666 7722 7667
f 7667 7722 7723
f 7667 7723 7668
f 7668 7723 7724
f 7668 7724 7669
f 7669 7724 7725
f 7669 7725 7670
f 7670 7725 7726
f 7670 7726 7671
f 7671 7726 7727
f 7671 7727 7672
f 7672 7727 7728
f 7672 7728 7673
f 7673 7728 7729
f 7673 7729 7674
f 7674 7729 7730
f 7674 7730 7675
f 7675 7730 7731
f 7675 7731 7676
f 7676 7731 7732
f 7676 7732 7677
f 7677 7732 7733
f 7677 7733 7678
f 7678 7733 7734
f 7678 7734 7679
f 7679 7734 7735
f 7679 7735 7680
f 7680 7735 7736
f 7680 7736 7681
f 7681 7736 7737
f 7681 7737 7682
f 7682 7737 7738
f 7682 7738 7683
f 7683 7738 7739
f 7683 7739 7684
f 7684 7739 7740
f 7684 7740 7685
f 7685 7740 7741
f 7685 7741 7686
f 7686 7741 7742
f 7686 7742 7687
f 7687 7742 7743
f 7687 7743 7688
f 7688 7743 7744
f 7688 7744 7689
f 7689 7744 7745
f 7689 7745 7690
f 7690 7745 7746
f 7690 7746 7691
f 7691 7746 7747
f 7691 7747 7692
f 7692 7747 7748
f 7692 7748 7693
f 7693 7748 7749
f 7693 7749 7694
f 7694 7749 7750
f 7694 7750 7695
f 7695 7750 7751
f 7695 7751 7640
f 7640 7751 7696
f 7696 7752 7697
f 7697 7752 7753
f 7697 7753 7698
f 7698 7753 7754
f 7698 7754 7699
f 7699 7754 7755
f 7699 7755 7700
f 7700 7755 7756
f 7700 7756 7701
f 7701 7756 7757
f 7701 7757 7702
f 7702 7757 7758
f 7702 7758 7703
f 7703 7758 7759
f 7703 7759 7704
f 7704 7759 7760
f 7704 7760 7705
f 7705 7760 7761
f 7705 7761 7706
f 7706 7761 7762
f 7706 7762 7707
f 7707 7762 7763
f 7707 7763 7708
f 7708 7763 7764
f 7708 7764 7709
f 7709 7764 7765
f 7709 7765 7710
f 7710 7765 7766
f 7710 7766 7711
f 7711 7766 7767
f 7711 7767 7712
f 7712 7767 7768
f 7712 7768 7713
f 7713 7768 7769
f 7713 7769 7714
f 7714 7769 7770
f 7714 7770 7715
f 7715 7770 7771
f 7715 7771 7716
f 7716 7771 7772
f 7716 7772 7717
f 7717 7772 7773
f 7717 7773 7718
f 7718 7773 7774
f 7718 7774 7719
f 7719 7774 7775
f 7719 7775 7720
f 7720 7775 7776
f 7720 7776 7721
f 7721 7776 7777
f 7721 7777 7722
f 7722 7777 7778
f 7722 7778 7723
f 7723 7778 7779
f 7723 7779 7724
f 7724 7779 7780
f 7724 7780 7725
f 7725 7780 7781
f 7725 7781 7726
f 7726 7781 7782
f 7726 7782 7727
f 7727 7782 7783
f 7727 7783 7728
f 7728 7783 7784
f 7728 7784 7729
f 7729 7784 7785
f 7729 7785 7730
f 7730 7785 7786
f 7730 7786 7731
f 7731 7786 7787
f 7731 7787 7732
f 7732 7787 7788
f 7732 7788 7733
f 7733 7788 7789
f 7733 7789 7734
f 7734 7789 7790
f 7734 7790 7735
f 7735 7790 7791
f 7735 7791 7736
f 7736 7791 7792
f 7736 7792 7737
f 7737 7792 7793
f 7737 7793 7738
f 7738 7793 7794
f 7738 7794 7739
f 7739 7794 7795
f 7739 7795 7740
f 7740 7795 7796
f 7740 7796 7741
f 7741 7796 7797
f 7741 7797 7742
f 7742 7797 7798
f 7742 7798 7743
f 7743 7798 7799
f 7743 7799 7744
f 7744 7799 7800
f 7744 7800 7745
f 7745 7800 7801
f 7745 7801 7746
f 7746 7801 7802
f 7746 7802 7747
f 7747 7802 7803
f 7747 7803 7748
f 7748 7803 7804
f 7748 7804 7749
f 7749 7804 7805
f 7749 7805 7750
f 7750 7805 7806
f 7750 7806 7751
f 7751 7806 7807
f 7751 7807 7696
f 7696 7807 7752
f 7752 7808 7753
f 7753 7808 7809
f 7753 7809 7754
f 7754 7809 7810
f 7754 7810 7755
f 7755 7810 7811
f 7755 7811 7756
f 7756 7811 7812
f 7756 7812 7757
f 7757 7812 7813
f 7757 7813 7758
f 7758 7813 7814
f 7758 7814 7759
f 7759 7814 7815
f 7759 7815 7760
f 7760 7815 7816
f 7760 7816 7761
f 7761 7816 7817
f 7761 7817 7762
f 7762 7817 7818
f 7762 7818 7763
f 7763 7818 7819
f 7763 7819 7764
f 7764 7819 7820
f 7764 7820 7765
f 7765 7820 7821
f 7765 7821 7766
f 7766 7821 7822
f 7766 7822 7767
f 7767 7822 7823
f 7767 7823 7768
f 7768 7823 7824
f 7768 7824 7769
f 7769 7824 7825
f 7769 7825 7770
f 7770 7825 7826
f 7770 7826 7771
f 7771 7826 7827
f 7771 7827 7772
f 7772 7827 7828
f 7772 7828 7773
f 7773 7828 7829
f 7773 7829 7774
f 7774 7829 7830
f 7774 7830 7775
f 7775 7830 7831
f 7775 7831 7776
f 7776 7831 7832
f 7776 7832 7777
f 7777 7832 7833
f 7777 7833 7778
f 7778 7833 7834
f 7778 7834 7779
f 7779 7834 7835
f 7779 7835 7780
f 7780 7835 7836
f 7780 7836 7781
f 7781 7836 7837
f 7781 7837 7782
f 7782 7837 7838
f 7782 7838 7783
f 7783 7838 7839
f 7783 7839 7784
f 7784 7839 7840
f 7784 7840 7785
f 7785 7840 7841
f 7785 7841 7786
f 7786 7841 7842
f 7786 7842 7787
f 7787 7842 7843
f 7787 7843 7788
f 7788 7843 7844
f 7788 7844 7789
f 7789 7844 7845
f 7789 7845 7790
f 7790 7845 7846
f 7790 7846 7791
f 7791 7846 7847
f 7791 7847 7792
f 7792 7847 7848
f 7792 7848 7793
f 7793 7848 7849
f 7793 7849 7794
f 7794 7849 7850
f 7794 7850 7795
f 7795 7850 7851
f 7795 7851 7796
f 7796 7851 7852
f 7796 7852 7797
f 7797 7852 7853
f 7797 7853 7798
f 7798 7853 7854
f 7798 7854 7799
f 7799 7854 7855
f 7799 7855 7800
f 7800 7855 7856
f 7800 7856 7801
f 7801 7856 7857
f 7801 7857 7802
f 7802 7857 7858
f 7802 7858 7803
f 7803 7858 7859
f 7803 7859 7804
f 7804 7859 7860
f 7804 7860 7805
f 7805 7860 7861
f 7805 7861 7806
f 7806 7861 7862
f 7806 7862 7807
f 7807 7862 7863
f 7807 7863 7752
f 7752 7863 7808
f 7808 7864 7809
f 7809 7864 7865
f 7809 7865 7810
f 7810 7865 7866
f 7810 7866 7811
f 7811 7866 7867
f 7811 7867 7812
f 7812 7867 7868
f 7812 7868 7813
f 7813 7868 7869
f 7813 7869 7814
f 7814 7869 7870
f 7814 7870 7815
f 7815 7870 7871
f 7815 7871 7816
f 7816 7871 7872
f 7816 7872 7817
f 7817 7872 7873
f 7817 7873 7818
f 7818 7873 7874
f 7818 7874 7819
f 7819 7874 7875
f 7819 7875 7820
f 7820 7875 7876
f 7820 7876 7821
f 7821 7876 7877
f 7821 7877 7822
f 7822 7877 7878
f 7822 7878 7823
f 7823 7878 7879
f 7823 7879 7824
f 7824 7879 7880
f 7824 7880 7825
f 7825 7880 7881
f 7825 7881 7826
f 7826 7881 7882
f 7826 7882 7827
f 7827 7882 7883
f 7827 7883 7828
f 7828 7883 7884
f 7828 7884 7829
f 7829 7884 7885
f 7829 7885 7830
f 7830 7885 7886
f 7830 7886 7831
f 7831 7886 7887
f 7831 7887 7832
f 7832 7887 7888
f 7832 7888 7833
f 7833 7888 7889
f 7833 7889 7834
f 7834 7889 7890
f 7834 7890 7835
f 7835 7890 7891
f 7835 7891 7836
f 7836 7891 7892
f 7836 7892 7837
f 7837 7892 7893
f 7837 7893 7838
f 7838 7893 7894
f 7838 7894 7839
f 7839 7894 7895
f 7839 7895 7840
f 7840 7895 7896
f 7840 7896 7841
f 7841 7896 7897
f 7841 7897 7842
f 7842 7897 7898
f 7842 7898 7843
f 7843 7898 7899
f 7843 7899 7844
f 7844 7899 7900
f 7844 7900 7845
f 7845 7900 7901
f 7845 7901 7846
f 7846 7901 7902
f 7846 7902 7847
f 7847 7902 7903
f 7847 7903 7848
f 7848 7903 7904
f 7848 7904 7849
f 7849 7904 7905
f 7849 7905 7850
f 7850 7905 7906
f 7850 7906 7851
f 7851 7906 7907
f 7851 7907 7852
f 7852 7907 7908
f 7852 7908 7853
f 7853 7908 7909
f 7853 7909 7854
f 7854 7909 7910
f 7854 7910 7855
f 7855 7910 7911
f 7855 7911 7856
f 7856 7911 7912
f 7856 7912 7857
f 7857 7912 7913
f 7857 7913 7858
f 7858 7913 7914
f 7858 7914 7859
f 7859 7914 7915
f 7859 7915 7860
f 7860 7915 7916
f 7860 7916 7861
f 7861 7916 7917
f 7861 7917 7862
f 7862 7917 7918
f 7862 7918 7863
f 7863 7918 7919
f 7863 7919 7808
f 7808 7919 7864
f 7864 7920 7865
f 7865 7920 7921
f 7865 7921 7866
f 7866 7921 7922
f 7866 7922 7867
f 7867 7922 7923
f 7867 7923 7868
f 7868 7923 7924
f 7868 7924 7869
f 7869 7924 7925
f 7869 7925 7870
f 7870 7925 7926
f 7870 7926 7871
f 7871 7926 7927
f 7871 7927 7872
f 7872 7927 7928
f 7872 7928 7873
f 7873 7928 7929
f 7873 7929 7874
f 7874 7929 7930
f 7874 7930 7875
f 7875 7930 7931
f 7875 7931 7876
f 7876 7931 7932
f 7876 7932 7877
f 7877 7932 7933
f 7877 7933 7878
f 7878 7933 7934
f 7878 7934 7879
f 7879 7934 7935
f 7879 7935 7880
f 7880 7935 7936
f 7880 7936 7881
f 7881 7936 7937
f 7881 7937 7882
f 7882 7937 7938
f 7882 7938 7883
f 7883 7938 7939
f 7883 7939 7884
f 7884 7939 7940
f 7884 7940 7885
f 7885 7940 7941
f 7885 7941 7886
f 7886 7941 7942
f 7886 7942 7887
f 7887 7942 7943
f 7887 7943 7888
f 7888 7943 7944
f 7888 7944 7889
f 7889 7944 7945
f 7889 7945 7890
f 7890 7945 7946
f 7890 7946 7891
f 7891 7946 7947
f 7891 7947 7892
f 7892 7947 7948
f 7892 7948 7893
f 7893 7948 7949
f 7893 7949 7894
f 7894 7949 7950
f 7894 7950 7895
f 7895 7950 7951
f 7895 7951 7896
f 7896 7951 7952
f 7896 7952 7897
f 7897 7952 7953
f 7897 7953 7898
f 7898 7953 7954
f 7898 7954 7899
f 7899 7954 7955
f 7899 7955 7900
f 7900 7955 7956
f 7900 7956 7901
f 7901 7956 7957
f 7901 7957 7902
f 7902 7957 7958
f 7902 7958 7903
f 7903 7958 7959
f 7903 7959 7904
f 7904 7959 7960
f 7904 7960 7905
f 7905 7960 7961
f 7905 7961 7906
f 7906 7961 7962
f 7906 7962 7907
f 7907 7962 7963
f 7907 7963 7908
f 7908 7963 7964
f 7908 7964 7909
f 7909 7964 7965
f 7909 7965 7910
f 7910 7965 7966
f 7910 7966 7911
f 7911 7966 7967
f 7911 7967 7912
f 7912 7967 7968
f 7912 7968 7913
f 7913 7968 7969
f 7913 7969 7914
f 7914 7969 7970
f 7914 7970 7915
f 7915 7970 7971
f 7915 7971 7916
f 7916 7971 7972
f 7916 7972 7917
f 7917 7972 7973
f 7917 7973 7918
f 7918 7973 7974
f 7918 7974 7919
f 7919 7974 7975
f 7919 7975 7864
f 7864 7975 7920
f 7920 7976 7921
f 7921 7976 7977
f 7921 7977 7922
f 7922 7977 7978
f 7922 7978 7923
f 7923 7978 7979
f 7923 7979 7924
f 7924 7979 7980
f 7924 7980 7925
f 7925 7980 7981
f 7925 7981 7926
f 7926 7981 7982
f 7926 7982 7927
f 7927 7982 7983
f 7927 7983 7928
f 7928 7983 7984
f 7928 7984 7929
f 7929 7984 7985
f 7929 7985 7930
f 7930 7985 7986
f 7930 7986 7931
f 7931 7986 7987
f 7931 7987 7932
f 7932 7987 7988
f 7932 7988 7933
f 7933 7988 7989
f 7933 7989 7934
f 7934 7989 7990
f 7934 7990 7935
f 7935 7990 7991
f 7935 7991 7936
f 7936 7991 7992
f 7936 7992 7937
f 7937 7992 7993
f 7937 7993 7938
f 7938 7993 7994
f 7938 7994 7939
f 7939 7994 7995
f 7939 7995 7940
f 7940 7995 7996
f 7940 7996 7941
f 7941 7996 7997
f 7941 7997 7942
f 7942 7997 7998
f 7942 7998 7943
f 7943 7998 7999
f 7943 7999 7944
f 7944 7999 8000
f 7944 8000 7945
f 7945 8000 8001
f 7945 8001 7946
f 7946 8001 8002
f 7946 8002 7947
f 7947 8002 8003
f 7947 8003 7948
f 7948 8003 8004
f 7948 8004 7949
f 7949 8004 8005
f 7949 8005 7950
f 7950 8005 8006
f 7950 8006 7951
f 7951 8006 8007
f 7951 8007 7952
f 7952 8007 8008
f 7952 8008 7953
f 7953 8008 8009
f 7953 8009 7954
f 7954 8009 8010
f 7954 8010 7955
f 7955 8010 8011
f 7955 8011 7956
f 7956 8011 8012
f 7956 8012 7957
f 7957 8012 8013
f 7957 8013 7958
f 7958 8013 8014
f 7958 8014 7959
f 7959 8014 8015
f 7959 8015 7960
f 7960 8015 8016
f 7960 8016 7961
f 7961 8016 8017
f 7961 8017 7962
f 7962 8017 8018
f 7962 8018 7963
f 7963 8018 8019
f 7963 8019 7964
f 7964 8019 8020
f 7964 8020 7965
f 7965 8020 8021
f 7965 8021 7966
f 7966 8021 8022
f 7966 8022 7967
f 7967 8022 8023
f 7967 8023 7968
f 7968 8023 8024
f 7968 8024 7969
f 7969 8024 8025
f 7969 8025 7970
f 7970 8025 8026
f 7970 8026 7971
f 7971 8026 8027
f 7971 8027 7972
f 7972 8027 8028
f 7972 8028 7973
f 7973 8028 8029
f 7973 8029 7974
f 7974 8029 8030
f 7974 8030 7975
f 7975 8030 8031
f 7975 8031 7920
f 7920 8031 7976
f 7976 6577 7977
f 7977 6577 6579
f 7977 6579 7978
f 7978 6579 6581
f 7978 6581 7979
f 7979 6581 6583
f 7979 6583 7980
f 7980 6583 6585
f 7980 6585 7981
f 7981 6585 6587
f 7981 6587 7982
f 7982 6587 6589
f 7982 6589 7983
f 7983 6589 6591
f 7983 6591 7984
f 7984 6591 6593
f 7984 6593 7985
f 7985 6593 6595
f 7985 6595 7986
f 7986 6595 6597
f 7986 6597 7987
f 7987 6597 6599
f 7987 6599 7988
f 7988 6599 6601
f 7988 6601 7989
f 7989 6601 6603
f 7989 6603 7990
f 7990 6603 6605
f 7990 6605 7991
f 7991 6605 6607
f 7991 6607 7992
f 7992 6607 6609
f 7992 6609 7993
f 7993 6609 6611
f 7993 6611 7994
f 7994 6611 6613
f 7994 6613 7995
f 7995 6613 6615
f 7995 6615 7996
f 7996 6615 6617
f 7996 6617 7997
f 7997 6617 6619
f 7997 6619 7998
f 7998 6619 6621
f 7998 6621 7999
f 7999 6621 6623
f 7999 6623 8000
f 8000 6623 6625
f 8000 6625 8001
f 8001 6625 6627
f 8001 6627 8002
f 8002 6627 6629
f 8002 6629 8003
f 8003 6629 6631
f 8003 6631 8004
f 8004 6631 6521
f 8004 6521 8005
f 8005 6521 6523
f 8005 6523 8006
f 8006 6523 6525
f 8006 6525 8007
f 8007 6525 6527
f 8007 6527 8008
f 8008 6527 6529
f 8008 6529 8009
f 8009 6529 6531
f 8009 6531 8010
f 8010 6531 6533
f 8010 6533 8011
f 8011 6533 6535
f 8011 6535 8012
f 8012 6535 6537
f 8012 6537 8013
f 8013 6537 6539
f 8013 6539 8014
f 8014 6539 6541
f 8014 6541 8015
f 8015 6541 6543
f 8015 6543 8016
f 8016 6543 6545
f 8016 6545 8017
f 8017 6545 6547
f 8017 6547 8018
f 8018 6547 6549
f 8018 6549 8019
f 8019 6549 6551
f 8019 6551 8020
f 8020 6551 6553
f 8020 6553 8021
f 8021 6553 6555
f 8021 6555 8022
f 8022 6555 6557
f 8022 6557 8023
f 8023 6557 6559
f 8023 6559 8024
f 8024 6559 6561
f 8024 6561 8025
f 8025 6561 6563
f 8025 6563 8026
f 8026 6563 6565
f 8026 6565 8027
f 8027 6565 6567
f 8027 6567 8028
f 8028 6567 6569
f 8028 6569 8029
f 8029 6569 6571
f 8029 6571 8030
f 8030 6571 6573
f 8030 6573 8031
f 8031 6573 6575
f 8031 6575 7976
f 7976 6575 6577
f 8032 6522 8033
f 8033 6522 6520
f 8033 6520 6519
f 6522 8032 6524
f 6524 8032 8034
f 6524 8034 6526
f 6526 8034 8035
f 6526 8035 6528
f 6528 8035 8036
f 6528 8036 6530
f 6530 8036 8037
f 6530 8037 6532
f 6532 8037 8038
f 6532 8038 6534
f 6534 8038 8039
f 6534 8039 6536
f 6536 8039 8040
f 6536 8040 6538
f 6538 8040 8041
f 6538 8041 6540
f 6540 8041 8042
f 6540 8042 6542
f 6542 8042 8043
f 6542 8043 6544
f 6544 8043 8044
f 6544 8044 6546
f 6546 8044 8045
f 6546 8045 6548
f 6548 8045 6550
f 6550 8045 8046
f 6550 8046 6552
f 6552 8046 8047
f 6552 8047 6554
f 6554 8047 8048
f 6554 8048 6556
f 6556 8048 8049
f 6556 8049 6558
f 6558 8049 8050
f 6558 8050 6560
f 6560 8050 8051
f 6560 8051 6562
f 6562 8051 8052
f 6562 8052 6564
f 6564 8052 8053
f 6564 8053 6566
f 6566 8053 8054
f 6566 8054 6568
f 6568 8054 8055
f 6568 8055 6570
f 6570 8055 8056
f 6570 8056 6572
f 6572 8056 8057
f 6572 8057 6574
f 6574 8057 8058
f 6574 8058 6576
f 6576 8058 8059
f 6576 8059 6578
f 6578 8059 6580
f 6580 8059 8060
f 6580 8060 6582
f 6582 8060 8061
f 6582 8061 6584
f 6584 8061 8062
f 6584 8062 6586
f 6586 8062 8063
f 6586 8063 6588
f 6588 8063 8064
f 6588 8064 6590
f 6590 8064 8065
f 6590 8065 6592
f 6592 8065 8066
f 6592 8066 6594
f 6594 8066 8067
f 6594 8067 6596
f 6596 8067 8068
f 6596 8068 6598
f 6598 8068 8069
f 6598 8069 6600
f 6600 8069 8070
f 6600 8070 6602
f 6602 8070 8071
f 6602 8071 6604
f 6604 8071 8072
f 6604 8072 6606
f 6606 8072 6608
f 6608 8072 8073
f 6608 8073 6610
f 6610 8073 8074
f 6610 8074 6612
f 6612 8074 8075
f 6612 8075 6614
f 6614 8075 8076
f 6614 8076 6616
f 6616 8076 8077
f 6616 8077 6618
f 6618 8077 8078
f 6618 8078 6620
f 6620 8078 8079
f 6620 8079 6622
f 6622 8079 8080
f 6622 8080 6624
f 6624 8080 8081
f 6624 8081 6626
f 6626 8081 8082
f 6626 8082 6628
f 6628 8082 8083
f 6628 8083 6630
f 6630 8083 8084
f 6630 8084 6519
f 6519 8084 8033
f 8032 8033 8057
f 8057 8033 8084
f 8057 8084 8083
f 8083 8082 8057
f 8057 8082 8081
f 8057 8081 8080
f 8080 8079 8057
f 8057 8079 8078
f 8057 8078 8077
f 8077 8076 8057
f 8057 8076 8075
f 8057 8075 8074
f 8074 8073 8057
f 8057 8073 8072
f 8057 8072 8071
f 8071 8070 8057
f 8057 8070 8069
f 8057 8069 8068
f 8068 8067 8057
f 8057 8067 8066
f 8057 8066 8065
f 8065 8064 8057
f 8057 8064 8063
f 8057 8063 8062
f 8062 8061 8057
f 8057 8061 8060
f 8057 8060 8058
f 8058 8060 8059
f 8032 8057 8034
f 8034 8057 8056
f 8034 8056 8035
f 8035 8056 8055
f 8035 8055 8036
f 8036 8055 8054
f 8036 8054 8037
f 8037 8054 8053
f 8037 8053 8038
f 8038 8053 8052
f 8038 8052 8039
f 8039 8052 8051
f 8039 8051 8040
f 8040 8051 8050
f 8040 8050 8041
f 8041 8050 8049
f 8041 8049 8042
f 8042 8049 8048
f 8042 8048 8043
f 8043 8048 8047
f 8043 8047 8044
f 8044 8047 8046
f 8044 8046 8045
f 6305 6352 6306
f 6352 6351 6306
f 6351 6350 6306
f 6350 6349 6306
f 6349 6348 6306
f 6348 6347 6306
f 6347 6346 6306
f 6346 6345 6306
f 6345 6344 6306
f 6344 6343 6306
f 6343 6342 6306
f 6342 6341 6306
f 6341 6340 6306
f 6340 6339 6306
f 6339 6338 6306
f 6338 6337 6306
f 6337 6336 6306
f 6336 6335 6306
f 6335 6334 6306
f 6334 6333 6306
f 6333 6332 6306
f 6332 6331 6306
f 6331 6330 6306
f 6330 6329 6306
f 6329 6328 6306
f 6328 6327 6306
f 6327 6326 6306
f 6326 6325 6306
f 6325 6324 6306
f 6324 6323 6306
f 6323 6322 6306
f 6322 6321 6306
f 6321 6320 6306
f 6320 6319 6306
f 6319 6318 6306
f 6318 6317 6306
f 6317 6316 6306
f 6316 6315 6306
f 6315 6314 6306
f 6314 6313 6306
f 6313 6312 6306
f 6312 6311 6306
f 6311 6310 6306
f 6310 6309 6306
f 6309 6308 6306
f 6308 6307 6306
f 6257 6304 6258
f 6304 6303 6258
f 6303 6302 6258
f 6302 6301 6258
f 6301 6300 6258
f 6300 6299 6258
f 6299 6298 6258
f 6298 6297 6258
f 6297 6296 6258
f 6296 6295 6258
f 6295 6294 6258
f 6294 6293 6258
f 6293 6292 6258
f 6292 6291 6258
f 6291 6290 6258
f 6290 6289 6258
f 6289 6288 6258
f 6288 6287 6258
f 6287 6286 6258
f 6286 6285 6258
f 6285 6284 6258
f 6284 6283 6258
f 6283 6282 6258
f 6282 6281 6258
f 6281 6280 6258
f 6280 6279 6258
f 6279 6278 6258
f 6278 6277 6258
f 6277 6276 6258
f 6276 6275 6258
f 6275 6274 6258
f 6274 6273 6258
f 6273 6272 6258
f 6272 6271 6258
f 6271 6270 6258
f 6270 6269 6258
f 6269 6268 6258
f 6268 6267 6258
f 6267 6266 6258
f 6266 6265 6258
f 6265 6264 6258
f 6264 6263 6258
f 6263 6262 6258
f 6262 6261 6258
f 6261 6260 6258
f 6260 6259 6258
f 6101 6103 6102
f 6103 6104 6102
f 6104 6105 6102
f 6105 6106 6102
f 6106 6107 6102
f 6107 6108 6102
f 6108 6109 6102
f 6109 6110 6102
f 6110 6111 6102
f 6111 6112 6102
f 6112 6113 6102
f 6113 6114 6102
f 6114 6115 6102
f 6115 6116 6102
f 6116 6117 6102
f 6117 6118 6102
f 6118 6119 6102
f 6119 6120 6102
f 6120 6121 6102
f 6121 6122 6102
f 6122 6123 6102
f 6123 6124 6102
f 6124 6125 6102
f 6125 6126 6102
f 6126 6127 6102
f 6127 6128 6102
f 6128 6129 6102
f 6129 6130 6102
f 6130 6131 6102
f 6131 6132 6102
f 6132 6133 6102
f 6133 6134 6102
f 6134 6135 6102
f 6135 6136 6102
f 6136 6137 6102
f 6137 6138 6102
f 6138 6139 6102
f 6139 6140 6102
f 6154 6155 6156
f 6153 6154 6156
f 6152 6153 6156
f 6151 6152 6156
f 6150 6151 6156
f 6149 6150 6156
f 6148 6149 6156
f 6147 6148 6156
f 6146 6147 6156
f 6145 6146 6156
f 6144 6145 6156
f 6143 6144 6156
f 6142 6143 6156
f 6141 6142 6156
f 6140 6141 6156
f 6140 6156 6102
f 6166 6167 6168
f 6165 6166 6168
f 6164 6165 6168
f 6163 6164 6168
f 6162 6163 6168
f 6161 6162 6168
f 6160 6161 6168
f 6159 6160 6168
f 6158 6159 6168
f 6157 6158 6168
f 6156 6157 6168
f 6156 6168 6102
f 6177 6178 6179
f 6176 6177 6179
f 6175 6176 6179
f 6174 6175 6179
f 6173 6174 6179
f 6172 6173 6179
f 6171 6172 6179
f 6170 6171 6179
f 6169 6170 6179
f 6168 6169 6179
f 6168 6179 6102
f 6188 6189 6190
f 6187 6188 6190
f 6186 6187 6190
f 6185 6186 6190
f 6184 6185 6190
f 6183 6184 6190
f 6182 6183 6190
f 6181 6182 6190
f 6180 6181 6190
f 6179 6180 6190
f 6179 6190 6102
f 6201 6202 6203
f 6200 6201 6203
f 6199 6200 6203
f 6198 6199 6203
f 6197 6198 6203
f 6196 6197 6203
f 6195 6196 6203
f 6194 6195 6203
f 6193 6194 6203
f 6192 6193 6203
f 6191 6192 6203
f 6190 6191 6203
f 6190 6203 6102
f 6224 6225 6226
f 6223 6224 6226
f 6222 6223 6226
f 6221 6222 6226
f 6220 6221 6226
f 6219 6220 6226
f 6218 6219 6226
f 6217 6218 6226
f 6216 6217 6226
f 6215 6216 6226
f 6214 6215 6226
f 6213 6214 6226
f 6212 6213 6226
f 6211 6212 6226
f 6210 6211 6226
f 6209 6210 6226
f 6208 6209 6226
f 6207 6208 6226
f 6206 6207 6226
f 6205 6206 6226
f 6204 6205 6226
f 6203 6204 6226
f 6203 6226 6102
f 6226 6227 6102
f 6227 6228 6102
f 6228 6229 6102
f 6229 6230 6102
f 6230 6231 6102
f 6231 6232 6102
f 6232 6233 6102
f 6233 6234 6102
f 6234 6235 6102
f 6235 6236 6102
f 6236 6237 6102
f 6237 6238 6102
f 6238 6239 6102
f 6239 6240 6102
f 6240 6241 6102
f 6241 6242 6102
f 6242 6243 6102
f 6243 6244 6102
f 6244 6245 6102
f 6245 6246 6102
f 6246 6247 6102
f 6247 6248 6102
f 6248 6249 6102
f 6249 6250 6102
f 6250 6251 6102
f 6251 6252 6102
f 6047 6100 6048
f 6100 6099 6048
f 6099 6098 6048
f 6098 6097 6048
f 6097 6096 6048
f 6096 6095 6048
f 6095 6094 6048
f 6094 6093 6048
f 6093 6092 6048
f 6092 6091 6048
f 6091 6090 6048
f 6090 6089 6048
f 6089 6088 6048
f 6088 6087 6048
f 6087 6086 6048
f 6086 6085 6048
f 6085 6084 6048
f 6084 6083 6048
f 6083 6082 6048
f 6082 6081 6048
f 6081 6080 6048
f 6080 6079 6048
f 6079 6078 6048
f 6078 6077 6048
f 6077 6076 6048
f 6076 6075 6048
f 6075 6074 6048
f 6074 6073 6048
f 6073 6072 6048
f 6072 6071 6048
f 6071 6070 6048
f 6070 6069 6048
f 6069 6068 6048
f 6068 6067 6048
f 6067 6066 6048
f 6066 6065 6048
f 6065 6064 6048
f 6064 6063 6048
f 6063 6062 6048
f 6062 6061 6048
f 6061 6060 6048
f 6060 6059 6048
f 6059 6058 6048
f 6058 6057 6048
f 6057 6056 6048
f 6056 6055 6048
f 6055 6054 6048
f 6054 6053 6048
f 6053 6052 6048
f 6052 6051 6048
f 6051 6050 6048
f 6050 6049 6048
f 5993 6046 5994
f 6046 6045 5994
f 6045 6044 5994
f 6044 6043 5994
f 6043 6042 5994
f 6042 6041 5994
f 6041 6040 5994
f 6040 6039 5994
f 6039 6038 5994
f 6038 6037 5994
f 6037 6036 5994
f 6036 6035 5994
f 6035 6034 5994
f 6034 6033 5994
f 6033 6032 5994
f 6032 6031 5994
f 6031 6030 5994
f 6030 6029 5994
f 6029 6028 5994
f 6028 6027 5994
f 6027 6026 5994
f 6026 6025 5994
f 6025 6024 5994
f 6024 6023 5994
f 6023 6022 5994
f 6022 6021 5994
f 6021 6020 5994
f 6020 6019 5994
f 6019 6018 5994
f 6018 6017 5994
f 6017 6016 5994
f 6016 6015 5994
f 6015 6014 5994
f 6014 6013 5994
f 6013 6012 5994
f 6012 6011 5994
f 6011 6010 5994
f 6010 6009 5994
f 6009 6008 5994
f 6008 6007 5994
f 6007 6006 5994
f 6006 6005 5994
f 6005 6004 5994
f 6004 6003 5994
f 6003 6002 5994
f 6002 6001 5994
f 6001 6000 5994
f 6000 5999 5994
f 5999 5998 5994
f 5998 5997 5994
f 5997 5996 5994
f 5996 5995 5994
f 5939 5992 5940
f 5992 5991 5940
f 5991 5990 5940
f 5990 5989 5940
f 5989 5988 5940
f 5988 5987 5940
f 5987 5986 5940
f 5986 5985 5940
f 5985 5984 5940
f 5984 5983 5940
f 5983 5982 5940
f 5982 5981 5940
f 5981 5980 5940
f 5980 5979 5940
f 5979 5978 5940
f 5978 5977 5940
f 5977 5976 5940
f 5976 5975 5940
f 5975 5974 5940
f 5974 5973 5940
f 5973 5972 5940
f 5972 5971 5940
f 5971 5970 5940
f 5970 5969 5940
f 5969 5968 5940
f 5968 5967 5940
f 5967 5966 5940
f 5966 5965 5940
f 5965 5964 5940
f 5964 5963 5940
f 5963 5962 5940
f 5962 5961 5940
f 5961 5960 5940
f 5960 5959 5940
f 5959 5958 5940
f 5958 5957 5940
f 5957 5956 5940
f 5956 5955 5940
f 5955 5954 5940
f 5954 5953 5940
f 5953 5952 5940
f 5952 5951 5940
f 5951 5950 5940
f 5950 5949 5940
f 5949 5948 5940
f 5948 5947 5940
f 5947 5946 5940
f 5946 5945 5940
f 5945 5944 5940
f 5944 5943 5940
f 5943 5942 5940
f 5942 5941 5940
f 5885 5938 5886
f 5938 5937 5886
f 5937 5936 5886
f 5936 5935 5886
f 5935 5934 5886
f 5934 5933 5886
f 5933 5932 5886
f 5932 5931 5886
f 5931 5930 5886
f 5930 5929 5886
f 5929 5928 5886
f 5928 5927 5886
f 5927 5926 5886
f 5926 5925 5886
f 5925 5924 5886
f 5924 5923 5886
f 5923 5922 5886
f 5922 5921 5886
f 5921 5920 5886
f 5920 5919 5886
f 5919 5918 5886
f 5918 5917 5886
f 5917 5916 5886
f 5916 5915 5886
f 5915 5914 5886
f 5914 5913 5886
f 5913 5912 5886
f 5912 5911 5886
f 5911 5910 5886
f 5910 5909 5886
f 5909 5908 5886
f 5908 5907 5886
f 5907 5906 5886
f 5906 5905 5886
f 5905 5904 5886
f 5904 5903 5886
f 5903 5902 5886
f 5902 5901 5886
f 5901 5900 5886
f 5900 5899 5886
f 5899 5898 5886
f 5898 5897 5886
f 5897 5896 5886
f 5896 5895 5886
f 5895 5894 5886
f 5894 5893 5886
f 5893 5892 5886
f 5892 5891 5886
f 5891 5890 5886
f 5890 5889 5886
f 5889 5888 5886
f 5888 5887 5886
f 5831 5884 5832
f 5884 5883 5832
f 5883 5882 5832
f 5882 5881 5832
f 5881 5880 5832
f 5880 5879 5832
f 5879 5878 5832
f 5878 5877 5832
f 5877 5876 5832
f 5876 5875 5832
f 5875 5874 5832
f 5874 5873 5832
f 5873 5872 5832
f 5872 5871 5832
f 5871 5870 5832
f 5870 5869 5832
f 5869 5868 5832
f 5868 5867 5832
f 5867 5866 5832
f 5866 5865 5832
f 5865 5864 5832
f 5864 5863 5832
f 5863 5862 5832
f 5862 5861 5832
f 5861 5860 5832
f 5860 5859 5832
f 5859 5858 5832
f 5858 5857 5832
f 5857 5856 5832
f 5856 5855 5832
f 5855 5854 5832
f 5854 5853 5832
f 5853 5852 5832
f 5852 5851 5832
f 5851 5850 5832
f 5850 5849 5832
f 5849 5848 5832
f 5848 5847 5832
f 5847 5846 5832
f 5846 5845 5832
f 5845 5844 5832
f 5844 5843 5832
f 5843 5842 5832
f 5842 5841 5832
f 5841 5840 5832
f 5840 5839 5832
f 5839 5838 5832
f 5838 5837 5832
f 5837 5836 5832
f 5836 5835 5832
f 5835 5834 5832
f 5834 5833 5832
f 5777 5830 5778
f 5830 5829 5778
f 5829 5828 5778
f 5828 5827 5778
f 5827 5826 5778
f 5826 5825 5778
f 5825 5824 5778
f 5824 5823 5778
f 5823 5822 5778
f 5822 5821 5778
f 5821 5820 5778
f 5820 5819 5778
f 5819 5818 5778
f 5818 5817 5778
f 5817 5816 5778
f 5816 5815 5778
f 5815 5814 5778
f 5814 5813 5778
f 5813 5812 5778
f 5812 5811 5778
f 5811 5810 5778
f 5810 5809 5778
f 5809 5808 5778
f 5808 5807 5778
f 5807 5806 5778
f 5806 5805 5778
f 5805 5804 5778
f 5804 5803 5778
f 5803 5802 5778
f 5802 5801 5778
f 5801 5800 5778
f 5800 5799 5778
f 5799 5798 5778
f 5798 5797 5778
f 5797 5796 5778
f 5796 5795 5778
f 5795 5794 5778
f 5794 5793 5778
f 5793 5792 5778
f 5792 5791 5778
f 5791 5790 5778
f 5790 5789 5778
f 5789 5788 5778
f 5788 5787 5778
f 5787 5786 5778
f 5786 5785 5778
f 5785 5784 5778
f 5784 5783 5778
f 5783 5782 5778
f 5782 5781 5778
f 5781 5780 5778
f 5780 5779 5778
f 5774 5776 5773
f 5775 6254 6255
f 5776 5775 6255
f 5776 6255 6256
f 5776 6256 5773
f 6256 6253 5773
f 5626 5772 5627
f 5772 5771 5627
f 5771 5770 5627
f 5770 5769 5627
f 5769 5768 5627
f 5768 5767 5627
f 5767 5766 5627
f 5766 5765 5627
f 5765 5764 5627
f 5764 5763 5627
f 5763 5762 5627
f 5762 5761 5627
f 5761 5760 5627
f 5760 5759 5627
f 5759 5758 5627
f 5758 5757 5627
f 5757 5756 5627
f 5756 5755 5627
f 5755 5754 5627
f 5754 5753 5627
f 5753 5752 5627
f 5752 5751 5627
f 5751 5750 5627
f 5750 5749 5627
f 5749 5748 5627
f 5748 5747 5627
f 5747 5746 5627
f 5746 5745 5627
f 5745 5744 5627
f 5744 5743 5627
f 5743 5742 5627
f 5742 5741 5627
f 5741 5740 5627
f 5740 5739 5627
f 5739 5738 5627
f 5738 5737 5627
f 5737 5736 5627
f 5736 5735 5627
f 5735 5734 5627
f 5734 5733 5627
f 5733 5732 5627
f 5732 5731 5627
f 5731 5730 5627
f 5717 5716 5715
f 5718 5717 5715
f 5719 5718 5715
f 5720 5719 5715
f 5721 5720 5715
f 5722 5721 5715
f 5723 5722 5715
f 5724 5723 5715
f 5725 5724 5715
f 5726 5725 5715
f 5727 5726 5715
f 5728 5727 5715
f 5729 5728 5715
f 5730 5729 5715
f 5730 5715 5627
f 5705 5704 5703
f 5706 5705 5703
f 5707 5706 5703
f 5708 5707 5703
f 5709 5708 5703
f 5710 5709 5703
f 5711 5710 5703
f 5712 5711 5703
f 5713 5712 5703
f 5714 5713 5703
f 5715 5714 5703
f 5715 5703 5627
f 5693 5692 5691
f 5694 5693 5691
f 5695 5694 5691
f 5696 5695 5691
f 5697 5696 5691
f 5698 5697 5691
f 5699 5698 5691
f 5700 5699 5691
f 5701 5700 5691
f 5702 5701 5691
f 5703 5702 5691
f 5703 5691 5627
f 5680 5679 5678
f 5681 5680 5678
f 5682 5681 5678
f 5683 5682 5678
f 5684 5683 5678
f 5685 5684 5678
f 5686 5685 5678
f 5687 5686 5678
f 5688 5687 5678
f 5689 5688 5678
f 5690 5689 5678
f 5691 5690 5678
f 5691 5678 5627
f 5655 5654 5653
f 5656 5655 5653
f 5657 5656 5653
f 5658 5657 5653
f 5659 5658 5653
f 5660 5659 5653
f 5661 5660 5653
f 5662 5661 5653
f 5663 5662 5653
f 5664 5663 5653
f 5665 5664 5653
f 5666 5665 5653
f 5667 5666 5653
f 5668 5667 5653
f 5669 5668 5653
f 5670 5669 5653
f 5671 5670 5653
f 5672 5671 5653
f 5673 5672 5653
f 5674 5673 5653
f 5675 5674 5653
f 5676 5675 5653
f 5677 5676 5653
f 5678 5677 5653
f 5678 5653 5627
f 5653 5652 5627
f 5652 5651 5627
f 5651 5650 5627
f 5650 5649 5627
f 5649 5648 5627
f 5648 5647 5627
f 5647 5646 5627
f 5646 5645 5627
f 5645 5644 5627
f 5644 5643 5627
f 5643 5642 5627
f 5642 5641 5627
f 5641 5640 5627
f 5640 5639 5627
f 5639 5638 5627
f 5638 5637 5627
f 5637 5636 5627
f 5636 5635 5627
f 5635 5634 5627
f 5634 5633 5627
f 5633 5632 5627
f 5632 5631 5627
f 5631 5630 5627
f 5630 5629 5627
f 5629 5628 5627
f 5574 5625 5573
f 5625 5624 5573
f 5624 5623 5573
f 5623 5621 5573
f 5621 5622 5573
f 5622 5619 5573
f 5619 5620 5573
f 5620 5618 5573
f 5618 5617 5573
f 5617 5616 5573
f 5616 5614 5573
f 5614 5615 5573
f 5615 5613 5573
f 5613 5612 5573
f 5612 5611 5573
f 5611 5610 5573
f 5610 5609 5573
f 5609 5608 5573
f 5608 5607 5573
f 5607 5606 5573
f 5606 5605 5573
f 5605 5604 5573
f 5604 5603 5573
f 5603 5602 5573
f 5602 5601 5573
f 5601 5600 5573
f 5600 5599 5573
f 5599 5598 5573
f 5598 5597 5573
f 5597 5596 5573
f 5596 5594 5573
f 5594 5595 5573
f 5595 5593 5573
f 5593 5592 5573
f 5592 5591 5573
f 5591 5589 5573
f 5589 5590 5573
f 5590 5588 5573
f 5588 5587 5573
f 5587 5586 5573
f 5586 5585 5573
f 5585 5584 5573
f 5584 5583 5573
f 5583 5582 5573
f 5582 5581 5573
f 5581 5580 5573
f 5580 5579 5573
f 5579 5578 5573
f 5578 5576 5573
f 5576 5577 5573
f 5577 5575 5573
f 5526 5572 5525
f 5572 5571 5525
f 5571 5570 5525
f 5570 5569 5525
f 5569 5568 5525
f 5568 5567 5525
f 5567 5566 5525
f 5566 5565 5525
f 5565 5564 5525
f 5564 5563 5525
f 5563 5562 5525
f 5562 5561 5525
f 5561 5560 5525
f 5560 5559 5525
f 5559 5558 5525
f 5558 5557 5525
f 5557 5556 5525
f 5556 5555 5525
f 5555 5554 5525
f 5554 5553 5525
f 5553 5552 5525
f 5552 5551 5525
f 5551 5550 5525
f 5550 5549 5525
f 5549 5548 5525
f 5548 5547 5525
f 5547 5546 5525
f 5546 5545 5525
f 5545 5544 5525
f 5544 5543 5525
f 5543 5542 5525
f 5542 5541 5525
f 5541 5539 5525
f 5539 5540 5525
f 5540 5538 5525
f 5538 5537 5525
f 5537 5535 5525
f 5535 5536 5525
f 5536 5534 5525
f 5534 5533 5525
f 5533 5532 5525
f 5532 5531 5525
f 5531 5530 5525
f 5530 5529 5525
f 5529 5528 5525
f 5528 5527 5525
f 5473 5524 5472
f 5524 5523 5472
f 5523 5522 5472
f 5522 5520 5472
f 5520 5521 5472
f 5521 5519 5472
f 5519 5518 5472
f 5518 5517 5472
f 5517 5515 5472
f 5515 5516 5472
f 5516 5514 5472
f 5514 5513 5472
f 5513 5512 5472
f 5512 5511 5472
f 5511 5510 5472
f 5510 5509 5472
f 5509 5508 5472
f 5508 5507 5472
f 5507 5506 5472
f 5506 5505 5472
f 5505 5504 5472
f 5504 5502 5472
f 5502 5503 5472
f 5503 5501 5472
f 5501 5500 5472
f 5500 5498 5472
f 5498 5499 5472
f 5499 5497 5472
f 5497 5496 5472
f 5496 5494 5472
f 5494 5495 5472
f 5495 5492 5472
f 5492 5493 5472
f 5493 5491 5472
f 5491 5490 5472
f 5490 5489 5472
f 5489 5487 5472
f 5487 5488 5472
f 5488 5486 5472
f 5486 5485 5472
f 5485 5484 5472
f 5484 5483 5472
f 5483 5482 5472
f 5482 5481 5472
f 5481 5480 5472
f 5480 5479 5472
f 5479 5478 5472
f 5478 5477 5472
f 5477 5476 5472
f 5476 5475 5472
f 5475 5474 5472
f 5425 5471 5424
f 5471 5470 5424
f 5470 5469 5424
f 5469 5468 5424
f 5468 5467 5424
f 5467 5466 5424
f 5466 5465 5424
f 5465 5464 5424
f 5464 5463 5424
f 5463 5461 5424
f 5461 5462 5424
f 5462 5460 5424
f 5460 5459 5424
f 5459 5457 5424
f 5457 5458 5424
f 5458 5456 5424
f 5456 5455 5424
f 5455 5454 5424
f 5454 5453 5424
f 5453 5452 5424
f 5452 5451 5424
f 5451 5450 5424
f 5450 5449 5424
f 5449 5448 5424
f 5448 5447 5424
f 5447 5446 5424
f 5446 5445 5424
f 5445 5444 5424
f 5444 5443 5424
f 5443 5442 5424
f 5442 5441 5424
f 5441 5440 5424
f 5440 5439 5424
f 5439 5438 5424
f 5438 5437 5424
f 5437 5436 5424
f 5436 5435 5424
f 5435 5434 5424
f 5434 5433 5424
f 5433 5432 5424
f 5432 5431 5424
f 5431 5430 5424
f 5430 5429 5424
f 5429 5428 5424
f 5428 5427 5424
f 5427 5426 5424
f 5379 5423 5378
f 5423 5422 5378
f 5422 5420 5378
f 5420 5421 5378
f 5421 5419 5378
f 5419 5418 5378
f 5418 5417 5378
f 5417 5416 5378
f 5416 5415 5378
f 5415 5414 5378
f 5414 5413 5378
f 5413 5412 5378
f 5412 5411 5378
f 5411 5410 5378
f 5410 5409 5378
f 5409 5408 5378
f 5408 5407 5378
f 5407 5406 5378
f 5406 5405 5378
f 5405 5404 5378
f 5404 5403 5378
f 5403 5402 5378
f 5402 5401 5378
f 5401 5400 5378
f 5400 5399 5378
f 5399 5398 5378
f 5398 5397 5378
f 5397 5396 5378
f 5396 5395 5378
f 5395 5394 5378
f 5394 5393 5378
f 5393 5392 5378
f 5392 5391 5378
f 5391 5389 5378
f 5389 5390 5378
f 5390 5388 5378
f 5388 5387 5378
f 5387 5386 5378
f 5386 5385 5378
f 5385 5384 5378
f 5384 5383 5378
f 5383 5382 5378
f 5382 5380 5378
f 5380 5381 5378
f 5328 5377 5327
f 5377 5376 5327
f 5376 5375 5327
f 5375 5374 5327
f 5374 5373 5327
f 5373 5372 5327
f 5372 5371 5327
f 5371 5370 5327
f 5370 5369 5327
f 5369 5368 5327
f 5368 5367 5327
f 5367 5366 5327
f 5366 5365 5327
f 5365 5364 5327
f 5364 5363 5327
f 5363 5362 5327
f 5362 5360 5327
f 5360 5361 5327
f 5361 5359 5327
f 5359 5357 5327
f 5357 5358 5327
f 5358 5356 5327
f 5356 5355 5327
f 5355 5354 5327
f 5354 5353 5327
f 5353 5351 5327
f 5351 5352 5327
f 5352 5350 5327
f 5350 5349 5327
f 5349 5348 5327
f 5348 5347 5327
f 5347 5345 5327
f 5345 5346 5327
f 5346 5344 5327
f 5344 5343 5327
f 5343 5341 5327
f 5341 5342 5327
f 5342 5340 5327
f 5340 5339 5327
f 5339 5338 5327
f 5338 5337 5327
f 5337 5335 5327
f 5335 5336 5327
f 5336 5333 5327
f 5333 5334 5327
f 5334 5332 5327
f 5332 5331 5327
f 5331 5330 5327
f 5330 5329 5327
f 5280 5326 5279
f 5326 5324 5279
f 5324 5325 5279
f 5325 5323 5279
f 5323 5322 5279
f 5322 5321 5279
f 5321 5320 5279
f 5320 5319 5279
f 5319 5318 5279
f 5318 5317 5279
f 5317 5316 5279
f 5316 5314 5279
f 5314 5315 5279
f 5315 5313 5279
f 5313 5312 5279
f 5312 5311 5279
f 5311 5310 5279
f 5310 5309 5279
f 5309 5308 5279
f 5308 5307 5279
f 5307 5306 5279
f 5306 5305 5279
f 5305 5304 5279
f 5304 5303 5279
f 5303 5302 5279
f 5302 5301 5279
f 5301 5300 5279
f 5300 5299 5279
f 5299 5298 5279
f 5298 5297 5279
f 5297 5296 5279
f 5296 5295 5279
f 5295 5294 5279
f 5294 5293 5279
f 5293 5291 5279
f 5291 5292 5279
f 5292 5290 5279
f 5290 5289 5279
f 5289 5288 5279
f 5288 5286 5279
f 5286 5287 5279
f 5287 5285 5279
f 5285 5284 5279
f 5284 5282 5279
f 5282 5283 5279
f 5283 5281 5279
f 5225 5278 5224
f 5278 5277 5224
f 5277 5276 5224
f 5276 5275 5224
f 5275 5274 5224
f 5274 5273 5224
f 5273 5271 5224
f 5271 5272 5224
f 5272 5269 5224
f 5269 5270 5224
f 5270 5268 5224
f 5268 5267 5224
f 5267 5266 5224
f 5266 5265 5224
f 5265 5263 5224
f 5263 5264 5224
f 5264 5262 5224
f 5262 5261 5224
f 5261 5260 5224
f 5260 5258 5224
f 5258 5259 5224
f 5259 5257 5224
f 5257 5255 5224
f 5255 5256 5224
f 5256 5254 5224
f 5254 5253 5224
f 5253 5252 5224
f 5252 5251 5224
f 5251 5249 5224
f 5249 5250 5224
f 5250 5248 5224
f 5248 5247 5224
f 5247 5245 5224
f 5245 5246 5224
f 5246 5244 5224
f 5244 5242 5224
f 5242 5243 5224
f 5243 5241 5224
f 5241 5239 5224
f 5239 5240 5224
f 5240 5238 5224
f 5238 5237 5224
f 5237 5236 5224
f 5236 5235 5224
f 5235 5233 5224
f 5233 5234 5224
f 5234 5232 5224
f 5232 5231 5224
f 5231 5229 5224
f 5229 5230 5224
f 5230 5228 5224
f 5228 5227 5224
f 5227 5226 5224
# 8084 vertices
# 0 texture params
# 0 normals
# 16168 facets

# 1 groups
