{
  "unit": {
    "mass": "kg",
    "length": "m"
  },
  "mass": 0.1,
  "com": [
    0.010954695108,
    0.0,
    0.0
  ],
  "inertia": {
    "ixx": 0.000113860054,
    "iyy": 5.38263296e-05,
    "izz": 6.90329423e-05,
    "ixy": 0.0,
    "ixz": 0.0,
    "iyz": 0.0
  }
}