<?xml version="1.0" encoding="UTF-8"?>
<COLLADA xmlns="http://www.collada.org/2005/11/COLLADASchema" version="1.4.1">
    <asset>
        <contributor>
            <author>VCGLab</author>
            <authoring_tool>VCGLib | MeshLab</authoring_tool>
        </contributor>
        <created>Wed Jun 24 09:23:17 2026 GMT</created>
        <modified>Wed Jun 24 09:23:17 2026 GMT</modified>
        <up_axis>Y_UP</up_axis>
    </asset>
    <library_geometries>
        <geometry id="shape0-lib" name="shape0">
            <mesh>
                <source id="shape0-lib-positions" name="position">
                    <float_array id="shape0-lib-positions-array" count="3201">0.00476038 -0.0184142 -0.212554 0.00953764 -0.0174807 -0.215655 0.00872013 -0.0171662 -0.214382 -2.95909e-05 -0.0187292 -0.209864 -0.00290897 -0.0193719 -0.214281 0.00185499 -0.0191489 -0.217697 -0.00124194 -0.0192969 -0.222447 0.00661395 -0.0179539 -0.220836 0.011074 -0.0151849 -0.223261 0.00351796 -0.01779 -0.225773 0.0137315 -0.0151894 -0.218664 0.0139966 -0.0147843 -0.21781 0.0181719 -0.00726896 -0.221185 0.0182223 -0.00636539 -0.220354 -0.00801458 -0.0169058 -0.203861 0.000297756 -0.0181532 -0.209176 0.00872059 0.0175699 -0.214377 -0.00164507 0.0185795 -0.207956 -0.00467801 0.018815 -0.206613 -0.00884034 0.0172696 -0.203337 -0.0095422 0.0178829 -0.203655 -0.0134216 0.0151841 -0.200569 -0.0173347 0.0081451 -0.197999 -0.0181688 0.00765041 -0.198108 -0.0140767 0.0155894 -0.201179 -0.0170584 0.0111967 -0.198941 -0.019024 0.00397598 -0.198119 -0.02215 0.003977 -0.203166 -0.0199476 0.0113067 -0.203662 -0.017066 0.015588 -0.205568 -0.0195342 0.0129289 -0.204813 -0.0184565 0.0138027 -0.205621 -0.0238368 0.00876245 -0.208791 -0.020646 0.00852101 -0.204631 -0.0206482 0.00852145 -0.20463 -0.021465 0.008843 -0.204156 -0.020646 0.00852 -0.204631 -0.0238884 0.00412264 -0.206346 -0.0229675 0.00835977 -0.209148 -0.0235938 0.00840592 -0.211283 -0.0239115 0.00391954 -0.20882 -0.0230019 0.00390497 -0.206734 -0.0233607 0.00018213 -0.206867 -0.023103 0.000201729 -0.204302 -0.0222878 0.000166628 -0.204785 -0.02215 -0.00357396 -0.203167 -0.019734 -0.0107989 -0.203203 -0.0238892 -0.00371595 -0.206345 -0.0182723 -0.00727181 -0.198274 -0.0214587 -0.00849474 -0.204171 -0.0181469 -0.00262793 -0.197501 -0.019228 0.00019198 -0.19799 -0.019025 -0.00356794 -0.198119 -0.0187908 0.00192707 -0.197615 -0.0166975 -0.009709 -0.198425 -0.0170951 -0.0107957 -0.198994 -0.00933869 -0.0171783 -0.203306 -0.0134235 -0.0147826 -0.200574 -0.0140766 -0.0151889 -0.201183 -0.017064 -0.0151859 -0.205567 -0.00964337 -0.0175184 -0.203875 -0.0129439 -0.0179549 -0.208536 -0.00805094 -0.0191489 -0.211465 -0.016051 -0.0177909 -0.213467 -0.010989 -0.019298 -0.216315 -0.0181164 -0.0150746 -0.20705 -0.0204309 -0.00909488 -0.204943 -0.0210933 -0.0108924 -0.205425 -0.02122 -0.00997974 -0.20565 -0.022677 -0.00952292 -0.216766 -0.0230276 -0.0096733 -0.213092 -0.0226035 -0.00962456 -0.210281 -0.023635 -0.00796235 -0.211253 -0.0229825 -0.00799179 -0.209193 -0.024831 -0.00414092 -0.208759 -0.0244402 -0.00843153 -0.211233 -0.025694 -0.00272495 -0.21151 -0.025612 -0.00387794 -0.214476 -0.025694 0.003129 -0.211509 -0.0242807 0.000202354 -0.206426 -0.0248299 0.00454598 -0.208759 -0.0244392 0.00883634 -0.211231 -0.025612 0.00428301 -0.214475 -0.022673 0.00992899 -0.216765 -0.023968 0.004915 -0.216944 -0.022429 0.0100957 -0.217465 -0.023668 0.00580203 -0.217393 -0.0233382 0.00846428 -0.216459 -0.0214544 0.010432 -0.219573 -0.0243486 0.00870433 -0.216779 -0.024598 0.004139 -0.214379 -0.025271 0.00393003 -0.216634 -0.022917 0.00393003 -0.221788 -0.024613 0.00599003 -0.217715 -0.0219527 0.0113453 -0.220291 -0.0181414 0.0158597 -0.221621 -0.019206 0.013209 -0.223065 -0.0184069 0.016741 -0.218571 -0.013503 0.018749 -0.221429 -0.015851 0.015107 -0.225438 -0.0146619 0.0163653 -0.225335 -0.0171139 0.012433 -0.224517 -0.018696 0.010023 -0.223838 -0.0168718 0.0104041 -0.225577 -0.0178784 0.0125524 -0.225107 -0.0203009 0.00884503 -0.223989 -0.019007 0.011203 -0.22454 -0.019552 0.00862401 -0.223373 -0.019512 0.0041081 -0.225958 -0.0171336 0.0087415 -0.227334 -0.0142724 0.0102052 -0.227885 -0.00963499 0.010053 -0.230737 -0.0165368 0.008495 -0.226535 -0.0145359 0.00864546 -0.228104 -0.013372 0.00310004 -0.230936 -0.0107339 0.00882177 -0.231706 -0.0151731 0.00881846 -0.228855 -0.017537 0.00455302 -0.227732 -0.0166375 0.00499559 -0.227166 -0.019553 0.000240628 -0.226198 -0.0188402 0.000203552 -0.225466 -0.0188722 -0.00348144 -0.225216 -0.0204352 0.000191203 -0.223765 -0.0211837 0.000203002 -0.224402 -0.0188697 0.00389141 -0.225216 -0.0229179 -0.00352395 -0.221789 -0.025272 -0.00352395 -0.216634 -0.020302 -0.00843793 -0.22399 -0.019007 -0.0107969 -0.224544 -0.024613 -0.00558394 -0.217716 -0.0214629 -0.0100099 -0.219568 -0.0219538 -0.0109391 -0.220293 -0.019206 -0.0128049 -0.223068 -0.0182105 -0.0154066 -0.221622 -0.013501 -0.0183449 -0.221432 -0.015851 -0.014702 -0.225441 -0.0184069 -0.0163379 -0.218573 -0.020336 -0.0151829 -0.215247 -0.0190408 -0.0153931 -0.219869 -0.0224331 -0.0096883 -0.217461 -0.023326 -0.0101836 -0.217914 -0.024046 -0.0101763 -0.212491 -0.0220768 -0.013501 -0.214359 -0.0191818 -0.0149658 -0.20871 -0.0204663 -0.0150396 -0.213308 -0.0235208 -0.0101478 -0.210019 -0.0171139 -0.012026 -0.224518 -0.014725 -0.015896 -0.225352 -0.01466 -0.0159579 -0.225341 -0.00872197 -0.0189829 -0.223525 -0.00872298 -0.0189819 -0.223527 -0.00476398 -0.0183429 -0.226927 -0.010163 -0.0179529 -0.225817 -0.0131473 -0.0160259 -0.226636 -0.0113645 -0.0161544 -0.227728 -0.0148429 -0.0141279 -0.226819 -0.0128214 -0.0104018 -0.230048 -0.0143718 -0.0100567 -0.229 -0.0174335 -0.0105256 -0.226337 -0.00898329 -0.0100416 -0.23182 -0.0146213 -0.00981568 -0.227602 -0.00963346 -0.0098192 -0.230697 -0.00902798 -0.0141379 -0.230467 -0.00710117 -0.0102394 -0.23168 -0.00467398 -0.00961691 -0.232653 -0.00411596 -0.00843793 -0.234163 -0.00388595 -0.00821793 -0.233221 -0.00596698 -0.012027 -0.23152 -0.00803465 -0.00808893 -0.231879 -0.010314 -0.00823782 -0.230755 -0.0152113 -0.00841458 -0.228896 -0.013372 -0.00269294 -0.230936 -0.00867798 -0.00414491 -0.233299 -0.018258 -0.00269294 -0.227254 -0.0107156 -0.00841139 -0.231657 -0.0166451 -0.00457576 -0.227163 -0.0171346 -0.00833457 -0.227336 -0.0195099 -0.00370795 -0.225961 -0.01654 -0.00809037 -0.226535 -0.01954 -0.00830067 -0.223437 -0.0178795 -0.0121461 -0.225109 -0.0168823 -0.0100019 -0.225597 -0.0145373 -0.00823853 -0.228105 -0.00607425 0.000221487 -0.233503 -0.00582875 -0.00347469 -0.23341 -0.00855739 -0.00458601 -0.232244 -0.00622746 -0.00370964 -0.234306 -0.00100597 -0.00352394 -0.235564 -0.00100597 0.00393003 -0.235563 0.00464699 -0.00352394 -0.235453 0.00338999 -0.00558293 -0.235328 -0.00517996 -0.0107969 -0.233235 0.00679137 0.000202796 -0.235156 0.00673697 -0.00387895 -0.234828 0.00897319 0.00020248 -0.234175 0.00638596 -0.00373495 -0.233873 0.00382499 -0.00447494 -0.234416 0.00342498 -0.00952196 -0.233169 0.00396585 -0.00805814 -0.233638 0.00411567 -0.00829909 -0.234686 0.00915111 -0.00843109 -0.232371 0.0113015 -0.00467387 -0.231953 0.00945595 0.00312901 -0.233613 0.0126331 0.000220177 -0.229496 0.0148423 0.00021331 -0.228156 0.015436 0.00397599 -0.22681 0.0140488 0.000234774 -0.227622 0.0103922 0.00832981 -0.230174 0.0110855 0.0087511 -0.23088 0.013106 0.00987804 -0.225676 0.013476 0.00852102 -0.226072 0.013477 0.00852001 -0.226072 0.01426 0.008843 -0.226603 0.0121884 0.0135387 -0.224755 0.0137444 0.0107965 -0.226007 0.014365 0.011201 -0.224636 0.011077 0.015589 -0.223254 0.0138822 0.0155661 -0.218443 0.0170113 0.0111972 -0.220438 0.00953917 0.0178825 -0.215653 0.00477651 0.0188153 -0.212579 0.0138804 0.0150619 -0.21767 0.0168931 0.0108809 -0.219529 0.0187568 0.00391074 -0.22069 0.0181718 0.00767243 -0.221184 0.015436 -0.00357395 -0.226811 0.0186856 -0.00339174 -0.22176 0.018638 0.00396898 -0.221794 0.0189889 -0.00154278 -0.221365 0.0171239 -0.0107894 -0.220197 0.0140355 -0.0109061 -0.225037 0.0128324 -0.0125247 -0.225147 0.012084 -0.0122979 -0.224635 0.0102022 -0.0150722 -0.224843 0.0134794 -0.00830244 -0.226057 0.0124089 -0.0100395 -0.226259 0.00990443 -0.0102125 -0.231031 0.00916097 -0.0149659 -0.22653 0.0134742 -0.0101436 -0.22681 0.0121439 -0.00966394 -0.226906 0.00922266 -0.00966645 -0.230289 0.00907097 -0.00947094 -0.230501 0.00556259 -0.0150406 -0.229684 0.00711465 -0.0102306 -0.231457 0.00375799 -0.0151829 -0.230407 -6.19999e-05 -0.016336 -0.230107 0.0053187 -0.0134979 -0.231591 0.00785326 -0.0101768 -0.232554 0.000358122 -0.0100154 -0.233289 0.00265366 -0.0101827 -0.234253 0.0026715 -0.00969202 -0.233252 0.00692409 -0.00966614 -0.231877 -0.00289172 -0.0154037 -0.231251 -0.000967773 -0.0153898 -0.23124 0.00327096 -0.00539595 -0.234338 -0.00376495 -0.012803 -0.232774 -8.40048e-05 -0.0109434 -0.234044 -0.00616814 -0.0121498 -0.232465 -0.00775596 -0.015905 -0.229721 -0.00734194 -0.0146919 -0.230792 -0.00777098 -0.015959 -0.229667 -0.00959953 -0.0160214 -0.228867 0.0103681 -0.00801433 -0.230142 0.00858415 -0.00809089 -0.231603 0.010534 -0.00467612 -0.231173 0.0111034 -0.00830603 -0.23078 0.014259 -0.00843996 -0.226605 0.0133332 -0.00371481 -0.229746 0.0125966 -0.00349925 -0.229115 0.00185595 0.019552 -0.217687 0.00661597 0.018358 -0.220828 0.00901697 0.015472 -0.226414 -0.00123998 0.019702 -0.222438 0.00351999 0.018195 -0.225765 0.00914995 0.015361 -0.226451 0.00808099 0.015106 -0.228051 -6.1e-05 0.016743 -0.230102 -0.00476297 0.01875 -0.22692 0.00455097 0.013437 -0.232128 -0.000953995 0.015801 -0.231229 -0.00292297 0.0158578 -0.231189 0.00375996 0.015588 -0.230403 0.00764533 0.0110698 -0.232418 0.00717467 0.0105206 -0.232843 0.00737911 0.0101385 -0.231586 0.000348845 0.0104385 -0.233283 0.00355944 0.00533259 -0.234399 0.0027886 0.010062 -0.233264 0.00265219 0.0105921 -0.23425 0.00388799 0.00519833 -0.235484 -7.88167e-05 0.0113448 -0.234045 -0.00376495 0.013211 -0.232771 -0.00518199 0.011203 -0.233232 -0.00411495 0.00884503 -0.234161 -0.00483579 0.0102385 -0.232574 -0.00388398 0.00862402 -0.23322 -0.00849466 0.0087415 -0.232762 -0.00622879 0.00411871 -0.234305 -0.00386082 0.000248412 -0.234222 -0.00409976 0.000204341 -0.235137 -0.00641142 0.000204083 -0.234463 -0.0102764 0.00862682 -0.230869 -0.0081086 0.00845778 -0.231876 -0.00703904 0.0104048 -0.231781 -0.00742173 0.0105716 -0.232754 -0.0175914 0.0105716 -0.226364 -0.0128611 0.0105486 -0.230122 -0.00902798 0.014548 -0.230462 -0.0095933 0.0164342 -0.228862 -0.007768 0.016365 -0.229664 -0.00733998 0.0151 -0.230788 -0.00775399 0.016315 -0.229714 -0.00872096 0.019387 -0.223523 -0.00871994 0.019388 -0.223521 -0.0109919 0.019701 -0.216312 -0.00576048 0.020013 -0.218814 -0.00290998 0.019775 -0.214275 -0.00805398 0.019552 -0.211463 -0.012946 0.018357 -0.208535 -0.000187263 0.0191309 -0.209764 -0.016053 0.018194 -0.213465 -0.0190426 0.0154553 -0.208768 -0.0213963 0.010665 -0.205062 -0.0226048 0.0100221 -0.210278 -0.0202987 0.010049 -0.205247 -0.020088 0.015105 -0.210346 -0.0204639 0.0154449 -0.213305 -0.020334 0.015588 -0.215244 -0.0229702 0.0101354 -0.212504 -0.02223 0.013435 -0.215294 -0.019033 0.0158 -0.219866 -0.0233237 0.0105922 -0.217912 -0.0240548 0.0106464 -0.212468 -0.0235194 0.0105527 -0.210018 -0.0101609 0.018359 -0.225813 -0.00616919 0.0125601 -0.232462 -0.0113635 0.0165605 -0.227725 -0.0135815 0.0161143 -0.226809 0.00647724 0.000203113 -0.23421 0.0038769 0.00842868 -0.233711 0.00850906 0.000203859 -0.233357 0.00673697 0.00428402 -0.234827 0.00915174 0.00883641 -0.23237 0.00411663 0.00870442 -0.234684 0.011549 0.00453901 -0.231657 0.00878035 0.00836186 -0.23166 0.0134298 0.000201476 -0.230133 0.00984282 0.0105511 -0.231024 0.00556631 0.0154441 -0.229681 0.0128511 0.0105883 -0.227717 0.0123008 0.0100681 -0.226711 0.00921674 0.0100264 -0.230301 0.0122698 0.0106834 -0.226225 0.0130597 0.0110923 -0.226755 0.0102043 0.0154764 -0.22484 -0.00849575 -0.00833431 -0.232763 -0.00746435 -0.0105285 -0.2326 -0.00576296 -0.0196089 -0.218818 -0.023668 -0.00539696 -0.217394 -0.023968 -0.00451094 -0.216945 -0.0249441 0.00020358 -0.214443 -0.024598 -0.00373292 -0.214379 -0.0243494 -0.0082988 -0.216782 -0.023345 -0.00805243 -0.216459 -0.025053 0.000195656 -0.212241 -0.0259314 0.000203376 -0.214569 -0.0259912 0.000200457 -0.212178 -0.023846 -0.0083072 -0.20878 -0.0227603 -0.0101592 -0.212623 -0.020648 -0.00811696 -0.204633 -0.0189018 -0.0131372 -0.205227 -0.00470749 -0.0184147 -0.206623 -0.00446 -0.017916 -0.206222 -0.01054 0.00554064 0.0176792 -0.000362667 0.00300898 0.0288411 -0.00571599 0.00300898 0.02373 -0.0100629 0.00300898 0.018938 -0.00536151 0.00586053 0.023525 -0.00594375 0.0070052 0.0209245 0.000226819 0.00605311 0.0286922 0.00390998 0.00524499 0.030907 0.00406178 0.00652018 0.0302947 0.00248064 0.00700834 0.0285732 0.00832019 0.00700343 0.0294086 0.0106742 0.00700791 0.008993 0.0142382 0.00656604 0.0200649 0.010756 0.00668897 -0.00138897 -0.0107001 0.00661019 0.0163438 -0.0137486 0.00699217 0.00979633 -0.0163333 0.00701171 0.00198109 -0.0161156 0.00800161 -0.00571126 -0.0140253 0.0080932 -0.00899141 -0.00724896 0.00803795 -0.019008 -0.0130486 0.0106281 -0.0168476 0.00970085 0.00700899 -0.0101031 0.0110432 0.0066864 -0.011609 0.0129165 0.0066603 -0.0265116 0.0132093 0.000433914 -0.0103032 0.0119721 0.00558008 -0.0116355 0.0115606 0.00571598 -0.00241574 0.0124875 0.00301181 -0.00726393 0.01089 0.00300898 -0.00216895 0.00751296 0.00300898 0.00465798 0.01089 -0.00304399 -0.00216895 0.012615 0.00300898 0.002958 0.0136783 0.00301135 0.0136083 0.0119403 0.00570136 0.00594602 -0.00416996 0.00300898 0.014359 0.00193999 0.00300898 0.00978696 0.00193999 -0.00304399 0.00978696 0.00751296 -0.00304399 0.00465798 0.0127222 -0.00304397 0.00545541 -0.00416996 -0.00304399 0.014359 0.015029 -0.00304399 0.019889 0.0142526 -0.00304652 0.0164858 -0.0100772 -0.0030403 0.0189479 -0.00110684 -0.00304402 0.0282938 -0.010293 -0.00531797 0.018051 -0.014351 -0.00535295 0.011949 -0.0093701 -0.00827091 0.0178899 -0.012456 -0.00918798 0.011466 -0.0108492 -0.00949628 0.0123272 -0.00864629 -0.00923085 0.0174512 -0.0117263 -0.00948457 0.005191 -0.0147685 -0.00949235 0.00182363 -0.0154862 -0.00948724 -0.00906084 -0.0133743 -0.00948244 -0.00393197 -0.0129339 -0.00903967 -0.00771207 -0.0122533 -0.00725376 0.001565 -0.0124587 -0.00915657 0.000558056 -0.0113309 -0.00913614 0.00521114 -0.0105057 -0.00699445 0.00746641 -0.00764209 -0.00699724 0.0131599 -0.00230079 -0.00732217 0.0204017 -0.00287344 -0.00934029 0.019717 -0.00728809 -0.00943598 0.0139618 -0.00215564 -0.00932377 0.0211971 -0.00313008 -0.00948362 0.0226431 -0.00506852 -0.0087131 0.0227789 -0.00247984 -0.006992 0.019483 -0.0021283 -0.00700097 0.0215553 -0.00304861 -0.00706549 0.0228672 -0.00531547 -0.00606842 0.0235278 0.000489681 -0.00676583 0.0278897 0.00393857 -0.00698779 0.0294029 0.00832115 -0.0069842 0.0294073 0.0132508 -0.00699438 0.0234617 0.011136 -0.0069814 0.0102979 0.00974459 -0.00699077 0.0022762 0.0106891 -0.00665983 -0.00431752 0.00991552 -0.00699094 -0.0111314 0.0117336 -0.00569378 0.00303555 0.0115441 -0.00570941 -0.00526321 0.0124767 -0.00303527 -0.00724476 0.011484 -0.00666598 -0.015975 0.0121611 -0.00563426 -0.0142435 0.0127952 -0.00563617 -0.019854 0.0151177 9.16171e-06 -0.0280827 0.0138374 -0.00562485 -0.0271326 0.0129038 -0.00664341 -0.0265073 0.014863 -0.00663194 -0.037633 0.0175193 8.27456e-06 -0.0424859 0.017703 0.00572059 -0.0486716 0.0150286 0.0065309 -0.037602 0.015939 0.0069202 -0.0456805 0.0127201 0.00700504 -0.0312398 -0.0117965 0.00700899 -0.0040167 0.00546025 0.0108799 -0.0447217 0.014538 0.010912 -0.058638 0.0172905 0.00705663 -0.0515455 0.0177831 0.00636219 -0.0508389 0.0188094 0.00809327 -0.0593497 0.0128885 0.0153517 -0.0600056 0.00706653 0.0159497 -0.0514548 0.00086121 0.0151558 -0.0417756 -0.0033187 0.0109161 -0.0314081 0.0133525 0.00803799 -0.0504317 -0.00829598 0.012804 -0.02662 -0.00488006 0.0137158 -0.0322169 -0.0106015 0.010847 -0.0202234 -0.0128841 0.0113684 -0.0201647 -0.0101292 0.0128104 -0.0264296 -0.00349242 0.0149466 -0.0368492 -0.00653864 0.014104 -0.0340517 -0.00472687 0.0139515 -0.0416893 -0.0099114 0.0113153 -0.0343631 -0.00568854 0.0116767 -0.0473685 -0.000965883 0.0156564 -0.0426498 -0.00171294 0.014203 -0.051002 0.00303969 0.0159484 -0.0559404 0.00652266 0.0166599 -0.0527869 0.00326063 0.0163668 -0.0477226 0.00720296 0.016702 -0.056165 0.00634962 0.0161616 -0.0663028 0.0108142 0.0162539 -0.0581671 0.0120681 0.0160255 -0.0603324 0.0148346 0.014785 -0.0627924 0.01385 0.01611 -0.067952 0.0185673 0.0116174 -0.0659131 0.0109517 0.0168675 -0.0697303 0.00961251 0.0160633 -0.0778965 0.00690821 0.0117898 -0.0858577 0.00445449 0.00611463 -0.0860158 0.00752884 0.00591018 -0.097452 0.00753317 -0.00589042 -0.0974091 0.00753299 -0.011676 -0.088223 0.0100037 -0.011278 -0.0980517 0.012499 -0.0156293 -0.0897403 0.0158304 -0.0145502 -0.107312 0.0123384 -0.010604 -0.110128 0.0171683 -0.0158206 -0.0988229 0.0195629 -0.0153052 -0.096613 0.0209469 -0.0146719 -0.106852 0.013778 -0.00982358 -0.122173 0.0113925 -0.00527036 -0.120779 0.011652 -0.00493837 -0.132489 0.011372 0.00529163 -0.120808 0.009921 0.00562413 -0.109063 0.00993924 -9.26928e-05 -0.115542 0.00993458 -0.00560359 -0.109032 0.0078848 9.62376e-06 -0.102799 0.0123435 0.0106069 -0.110169 0.0100078 0.0112851 -0.0980754 0.0143603 0.0165767 -0.0840256 0.0171775 0.0158387 -0.0988313 0.017995 0.015749 -0.08733 0.0195658 0.0153335 -0.096624 0.0229956 0.0115164 -0.0905269 0.026205 0.005994 -0.094021 0.0248729 0.0110554 -0.103976 0.0246549 0.00605866 -0.0845963 0.026213 -0.00598194 -0.093976 0.0246541 -0.00604653 -0.0845304 0.0277484 0.00585525 -0.104675 0.027765 -0.00584564 -0.104653 0.0290233 6.78214e-06 -0.105473 0.028957 -0.00567897 -0.114757 0.0248837 -0.0110421 -0.103939 0.025971 -0.0105959 -0.114071 0.0219219 -0.0140001 -0.116221 0.0195485 -0.0143701 -0.117667 0.022649 -0.013144 -0.126553 0.0268269 -0.0100917 -0.124343 0.0229927 -0.0123315 -0.135804 0.017927 -0.012408 -0.131654 0.0204599 -0.0120873 -0.142361 0.0177712 -0.0114491 -0.142361 0.01366 -0.00865693 -0.142579 0.017152 -0.0110219 -0.150534 0.012881 -0.00849797 -0.148591 0.00939467 -0.00466483 -0.149951 0.011694 -0.00852795 -0.154624 0.00675098 -0.00486196 -0.159017 0.0162289 -0.0109069 -0.156813 0.010083 -0.00879092 -0.160635 0.00456498 -0.00515492 -0.164758 0.014922 -0.0110719 -0.163053 0.00807098 -0.00930197 -0.16651 0.00833396 -0.011475 -0.173653 0.00567595 -0.0100479 -0.172234 0.00356398 -0.00807096 -0.171131 0.0132399 -0.0115379 -0.16919 0.011207 -0.012291 -0.175201 0.0211854 -0.0110971 -0.163644 0.0193759 -0.0116609 -0.172383 0.014424 -0.012609 -0.17694 0.0115838 -0.0138471 -0.184639 0.00805468 -0.0134637 -0.182184 0.017732 -0.0123879 -0.178703 0.020845 -0.011631 -0.180344 0.0152544 -0.0136533 -0.186935 0.0187006 -0.0129081 -0.188692 0.0241931 -0.0094055 -0.19262 0.027983 -0.00323094 -0.191348 0.0262903 -0.00534192 -0.196259 -0.00255655 -0.00537701 -0.178057 -0.00515195 -0.00341595 -0.180438 -0.00187 -0.00312192 -0.175257 -0.00218698 9.02853e-06 -0.175097 0.00199798 -0.00557197 -0.170337 0.0007295 9.02766e-06 -0.169731 0.001063 -0.00286395 -0.169872 -0.00158062 -0.00625824 -0.176918 -0.000271281 -0.00850615 -0.177287 0.000681 -0.00884194 -0.17658 0.00505036 -0.0126113 -0.180372 0.00230756 -0.0111125 -0.178771 0.000977223 -0.00984214 -0.178385 0.0252585 -0.00724074 -0.193878 0.0255421 -0.00625 -0.194349 0.02606 -0.00653665 -0.194184 0.0263049 -0.00565005 -0.195327 -0.00128101 -0.00639172 -0.177436 -0.0022749 -0.0056447 -0.177422 0.0217559 -0.0114725 -0.191207 0.00457594 0.00516598 -0.164813 0.001062 0.00288098 -0.16992 0.00359098 0.00808601 -0.171196 0.010081 0.00882797 -0.16068 0.00675199 0.004876 -0.159066 0.00202194 0.00557898 -0.1704 0.00806895 0.00934999 -0.166556 0.00832096 0.01156 -0.173693 0.0149179 0.011106 -0.163097 0.013234 0.011584 -0.169234 0.00567499 0.010108 -0.172281 3.20524e-05 0.00885068 -0.177586 0.00234355 0.0111889 -0.178785 0.00506703 0.0127195 -0.180368 0.0126501 0.0125761 -0.175814 0.0118581 0.0138196 -0.184376 0.0192704 0.0117045 -0.173247 0.0208479 0.011623 -0.180394 0.018764 0.012862 -0.188746 0.0219127 0.0114608 -0.190927 0.0221717 0.0109486 -0.191561 0.0153509 0.0136083 -0.186777 0.0111437 0.0135221 -0.184415 0.00811784 0.0135828 -0.182462 -0.000419911 0.00820807 -0.177668 -0.00132456 0.00626832 -0.177497 -0.00189082 0.00566724 -0.17766 -0.00245118 0.00536023 -0.178267 0.026083 0.00535176 -0.196974 0.0263555 0.00538811 -0.196208 0.0272674 0.00350564 -0.195066 0.0251077 0.00515442 -0.202578 0.0247561 0.00431078 -0.205193 0.0232475 0.00115558 -0.211832 0.0231375 -0.0026342 -0.211703 0.0231339 -0.00499131 -0.210192 0.0257212 -0.00371756 -0.201784 0.025352 9.03342e-06 -0.204961 0.0276043 -6.83789e-06 -0.195664 0.0273917 0.0060462 -0.187994 0.029186 0.00302201 -0.184648 0.0261425 0.00656831 -0.194244 0.029607 9.0301e-06 -0.184853 0.029615 9.0301e-06 -0.184807 0.029051 0.00541001 -0.17731 0.030575 0.00490451 -0.162702 0.026197 0.008336 -0.183164 0.030605 9.029e-06 -0.178059 0.0314139 1.78836e-05 -0.171032 0.02903 -0.00537092 -0.177247 0.029186 -0.00299294 -0.184598 0.0305779 -0.00488411 -0.162596 0.0274156 -0.00595414 -0.187572 0.026142 -0.00826395 -0.18308 0.0265829 0.00884904 -0.164029 0.030933 -0.00497795 -0.149693 0.03224 -1.55983e-05 -0.159414 0.030922 0.00498997 -0.149734 0.0323492 9.63113e-06 -0.143721 0.03087 -0.00509293 -0.142672 0.030855 0.00510202 -0.142711 0.030601 0.00524698 -0.13572 0.027503 0.00922797 -0.141403 0.027481 0.00895397 -0.148269 0.030618 -0.00523992 -0.135682 0.029975 -0.00546315 -0.125421 0.027349 -0.00955494 -0.134527 0.027515 -0.00921596 -0.141363 0.0299543 0.00547028 -0.12544 0.031248 8.22175e-06 -0.12442 0.02894 0.00568597 -0.114796 0.0268144 0.0101013 -0.124401 0.025958 0.010607 -0.114112 0.0219245 0.0140288 -0.116254 0.022651 0.013171 -0.1266 0.017932 0.012409 -0.1317 0.0204617 0.0120996 -0.14244 0.0177741 0.0114569 -0.142388 0.0229945 0.0123538 -0.135883 0.012879 0.00851701 -0.148633 0.017152 0.011038 -0.150578 0.013658 0.00867002 -0.142621 0.0108559 0.00473396 -0.141385 0.0141573 0.00906205 -0.134086 0.0116304 0.00495607 -0.132523 0.0100395 -8.45269e-05 -0.138448 0.0137797 0.009825 -0.122222 0.0106476 -0.000103174 -0.127225 0.010873 -0.00471492 -0.141352 0.0141563 -0.00905336 -0.134058 0.0175743 -0.0131239 -0.123905 0.00937916 0.00467841 -0.150006 0.00810778 1.25156e-05 -0.149795 0.00329197 9.38671e-06 -0.164174 0.011691 0.00855599 -0.154668 0.016227 0.010931 -0.156857 0.0211757 0.0111106 -0.163723 0.019733 0.011508 -0.151744 0.022444 0.011212 -0.152973 0.027238 0.00880002 -0.155154 0.0228499 0.011557 -0.146367 0.0175824 0.0131211 -0.123969 0.016498 0.014089 -0.112849 0.019565 0.0143811 -0.117761 0.020954 0.014699 -0.1069 0.0140098 0.0153203 -0.0964029 0.027335 0.00956599 -0.134566 0.0274909 -0.00893993 -0.148227 0.022851 -0.011536 -0.146321 0.0224459 -0.0111929 -0.152928 0.019731 -0.0114909 -0.151698 0.0270435 -0.00868796 -0.159679 0.0250288 -0.00950366 -0.175298 0.0250396 0.00953754 -0.175383 0.0243634 0.00942934 -0.192642 0.0255419 0.00636443 -0.194285 -0.000831474 0.00699229 -0.177574 0.0263633 0.00566825 -0.195372 0.0235252 -0.00524759 -0.208733 -0.00995799 -0.00524323 -0.187943 -0.0109308 -0.00503397 -0.188726 -0.00329233 -0.00532995 -0.178758 -0.0099235 -0.00399509 -0.187004 -0.00710138 -5.52784e-05 -0.182729 -0.011647 -0.00442853 -0.189435 -0.0121295 -0.00241992 -0.189932 -0.0123965 -1.68281e-05 -0.18931 -0.0117603 0.00421537 -0.189338 -0.0108602 0.0050458 -0.188779 -0.00640202 0.0035099 -0.182337 -0.00987191 0.00526302 -0.187951 -0.0117339 0.00352553 -0.189971 -0.0112873 0.00447559 -0.189626 0.0232205 0.00526421 -0.208745 0.0229977 0.00451028 -0.211083 0.0225354 0.002392 -0.211686 0.00527734 0.00243587 -0.20085 -0.0117732 -0.00351095 -0.189947 0.00744548 -0.000212791 -0.202249 0.0225848 -0.00233311 -0.21172 0.0224349 -0.00350529 -0.211404 0.0224841 -0.00446194 -0.210804 0.0229625 0.00359683 -0.211652 -0.0121668 0.00226596 -0.189931 0.0227473 0.00504332 -0.209863 -0.00186595 0.003138 -0.175308 -0.00157471 0.00625582 -0.177047 -0.00291686 0.00505973 -0.1781 0.0230034 -0.011501 -0.0905035 0.017983 -0.0157259 -0.087282 0.0206847 -0.0117589 -0.0772738 0.0161041 -0.0160143 -0.0778242 0.0143526 -0.0165584 -0.0840262 0.010583 -0.015944 -0.081687 0.00585798 -0.011854 -0.082278 0.0020615 -0.0120304 -0.0700133 0.00445569 -0.00609527 -0.0859877 0.000210763 -0.00621191 -0.0726025 0.00247232 7.17407e-06 -0.0824295 0.000198088 0.00622908 -0.0725739 0.00208511 0.0120498 -0.0700778 -0.00197794 0.011907 -0.058167 -0.00646608 0.00600289 -0.0537372 -0.00204015 8.36285e-06 -0.0687513 -0.0112995 0.00578525 -0.0400081 -0.0113187 -0.00576863 -0.0399639 -0.00649637 -0.00598416 -0.0536574 -0.00569049 -0.0116537 -0.0473715 -0.00992066 -0.0112903 -0.0343466 -0.00593498 -0.013827 -0.037714 -0.00769434 -0.0136135 -0.0299127 -0.00270845 -0.0151205 -0.0381103 -0.000191854 -0.0149837 -0.04012 -0.000114195 -0.0109166 -0.0363295 -0.00500025 -0.0137471 -0.0320676 -0.0103256 -0.0110736 -0.0211085 -0.0129123 -0.0107309 -0.0173392 -0.0126259 -0.00801958 -0.0108975 -0.00813627 -0.00699095 -0.00959856 -0.0125947 -0.0072115 -0.00687306 -0.0125211 -0.00699962 -0.00294214 -0.0122474 -0.00965612 -0.0156622 -0.0145186 -0.00987163 -0.0130925 -0.0126859 -0.0114517 -0.0206264 -0.0150175 -0.00998529 -0.0172258 -0.0125185 -0.0114999 -0.0235113 -0.00623337 -0.0141751 -0.0347084 -0.0154204 -0.00554117 -0.0267794 -0.0168383 8.89266e-06 -0.0254887 -0.0122201 8.06213e-06 -0.0402921 -0.0154066 0.00555786 -0.0268151 -0.0129495 0.0112425 -0.0225136 -0.0151925 0.00979047 -0.0169994 -0.017681 0.00554898 -0.016604 -0.018605 0.00549498 -0.00932199 -0.0188705 9.00269e-06 -0.01642 -0.0163279 0.00893045 -0.0110608 -0.0169618 0.00834979 -0.0114631 -0.017865 0.00723702 -0.00511543 -0.0178421 0.00626258 0.00105779 -0.018577 0.00544896 -0.00198895 -0.0163178 0.00628553 0.0065893 -0.017207 0.00540896 0.00520694 -0.014355 0.00537195 0.0119359 -0.0150859 8.99803e-06 0.01226 -0.0181795 8.99908e-06 0.00555846 -0.0144946 0.00613321 0.0111506 -0.017205 -0.00538997 0.00522596 -0.015079 8.99803e-06 0.012272 -0.018579 -0.00542996 -0.00196397 -0.0155065 -0.00908073 0.00401703 -0.0131013 -0.00839663 0.0117511 -0.0166551 -0.00901353 -0.00225385 -0.018611 -0.00547597 -0.00929296 -0.0167218 -0.00887401 -0.0105932 -0.017691 -0.00553099 -0.016571 -0.019803 9.00147e-06 -0.00908595 -0.0197342 1.10233e-05 -0.0017683 -0.0108054 8.99704e-06 0.0183105 -0.0128893 -0.00737399 -0.00446843 0.0120045 -0.00699092 -0.0281958 0.0156127 -0.00695832 -0.0456008 -0.00765396 -0.00802098 -0.0183967 0.0144106 -0.0108927 -0.058437 0.00476996 -0.0156563 -0.0478303 0.00334114 -0.0162144 -0.0472825 -0.000289635 -0.0157892 -0.0438488 0.001484 -0.015853 -0.050483 0.00348697 -0.016006 -0.056935 -0.00177502 -0.014195 -0.050747 0.00500339 -0.0165197 -0.0511786 0.00702419 -0.016693 -0.0546799 0.0116764 -0.016065 -0.0594219 0.0108192 -0.0168461 -0.0693765 0.00711525 -0.0161628 -0.0688804 -0.00199797 -0.0118839 -0.058118 0.013834 -0.0160909 -0.067904 0.00807613 -0.0164189 -0.054054 0.00988158 -0.0158414 -0.0556329 0.0180869 -0.00799445 -0.057599 0.013236 -0.00802097 -0.0502599 0.0188962 -0.0109546 -0.065573 0.019221 -0.00836641 -0.0609541 0.018587 -0.0117611 -0.0668099 0.0169365 -0.0133745 -0.0651178 0.0141264 -0.0151035 -0.0619796 0.0211835 -0.0060331 -0.0663872 0.02257 -0.00606498 -0.073399 0.0200955 6.79741e-06 -0.0562517 0.0193629 0.00621058 -0.0574875 0.0210026 0.00616513 -0.0655525 0.0257442 6.7133e-06 -0.0850948 0.016121 0.0160358 -0.0778833 0.0206801 0.0117768 -0.0772819 0.0182291 -0.00583666 -0.0515119 0.0156294 -0.00583497 -0.0378618 0.0173322 -0.00670467 -0.050073 0.0160375 -0.00710215 -0.0490199 0.00573435 9.03969e-06 -0.0938105 0.0138771 0.00565118 -0.0273379 0.0128063 0.00564371 -0.0198666 0.0155351 0.00565516 -0.037045 0.0133565 9.71786e-06 -0.0142091 0.0128572 -0.0054851 0.0120141 0.0122593 -0.00638322 0.0112462 0.0145482 -0.00620889 0.0248276 0.0138279 -0.00677781 0.020149 0.0084401 -0.00609144 0.0305201 0.00862762 -0.00309524 0.0310191 0.00367317 -0.00305943 0.0310949 -9.74932e-05 -0.00581453 0.0286222 0.00399657 -0.00612007 0.0305844 0.012572 -0.00304399 0.028684 0.014994 -0.00304399 0.024628 0.0123436 -0.00620082 0.0284459 0.0147294 -0.00577226 0.0202299 0.014819 -0.00526295 0.020012 0.015029 -0.00304399 0.019888 0.0150145 -0.00304496 0.019823 -0.00975594 -0.00944418 0.00950277 0.014819 0.00528194 0.020012 0.0150083 0.00301047 0.0197793 0.015033 0.00300898 0.019887 0.014995 0.00300898 0.024628 0.012572 0.00300898 0.028686 0.015033 0.00300898 0.0198859 0.00849096 0.00300898 0.03103 0.00379196 0.00300898 0.0310889 0.0120763 0.00630249 0.0285688 0.0148085 0.00572961 0.0246349 0.0136001 0.00697115 0.0242449 0.00852465 0.00583881 0.0306982 0.0130156 0.00613959 0.0135731 0.0113016 0.00652458 0.00506975 -0.000839972 0.00151002 -0.182575 -0.0017159 0.00150986 -0.182781 -0.00176295 0.005333 -0.182743 -0.000839972 0.00533699 -0.182575 -0.000180292 0.00533299 -0.183764 0.0258226 0.00632184 -0.194482 -0.00110366 0.00641812 -0.177544 0.0257915 0.00565989 -0.195027 0.0262974 0.00602453 -0.19541 0.021177 0.011844 -0.19768 0.0260987 0.00591962 -0.197255 0.02255 0.010995 -0.192267 0.0245622 0.00914085 -0.193615 0.0245449 0.00901735 -0.193245 0.01557 0.01435 -0.194545 0.00956598 0.015101 -0.191147 0.0027923 0.0167566 -0.197077 0.00547281 0.0174334 -0.203242 -0.00352504 0.0187313 -0.206231 -0.00715184 0.0181814 -0.204407 -0.00337231 0.0154371 -0.192952 -0.00738974 0.0139181 -0.192723 -0.00182995 0.012046 -0.184617 0.00362298 0.014652 -0.187732 0.00886632 0.0138043 -0.183341 0.0116753 0.0138826 -0.184731 0.00611192 0.0132449 -0.181512 0.00348337 0.0122454 -0.180094 0.00149008 0.0106002 -0.178619 -0.00202619 0.0056145 -0.177698 -0.0020782 0.00596263 -0.177543 -0.00649775 0.00524666 -0.190845 -0.00216087 0.00537284 -0.178384 -0.00969874 0.00526756 -0.188057 -0.0076621 0.00337131 -0.192599 -0.0106793 0.00549359 -0.188561 -0.00728925 0.00470711 -0.191823 -0.0111573 0.00744485 -0.190116 -0.0176873 0.00731956 -0.197328 -0.0120043 0.00406998 -0.189623 -0.00843555 0.0107937 -0.189737 -0.0153805 0.0128097 -0.198713 -0.0135012 0.0152316 -0.199829 -0.012459 0.0162731 -0.200843 -0.00680669 0.0184762 -0.204108 -0.0103433 0.0174626 -0.202109 -0.0169675 0.00993847 -0.19825 -0.0166741 0.0105327 -0.198145 -0.0185053 0.0036471 -0.197087 -0.0186071 -0.000411984 -0.196685 -0.0167897 -0.01072 -0.198363 0.00588741 0.017973 -0.212588 0.00651345 -0.0179404 -0.212984 -0.0111944 -0.0165907 -0.201861 -0.0102251 -0.0172892 -0.202 -0.00683876 -0.0181993 -0.203842 -0.00290724 -0.0150975 -0.192247 0.00045314 -0.0164025 -0.195371 0.00202936 -0.0174698 -0.201066 0.00904775 -0.0152319 -0.19172 0.0143673 -0.0149706 -0.197349 0.00729696 -0.017381 -0.205038 0.0159319 -0.0136665 -0.187661 0.0105524 -0.0138481 -0.184032 0.0203882 -0.012276 -0.190353 0.0226254 -0.010812 -0.191929 -0.00073166 -0.00718392 -0.177582 0.0259962 -0.0062281 -0.194645 -0.00127127 -0.00625016 -0.177531 0.00359497 -0.0145279 -0.187702 0.00169903 -0.0108788 -0.178754 -0.00187596 -0.0119709 -0.184575 -0.00775596 -0.010531 -0.188523 -0.000423558 -0.00872111 -0.177882 -0.0055235 -0.00656236 -0.182541 -0.00235139 -0.00534888 -0.178279 -0.00176295 -0.00531394 -0.182743 -0.000839972 -0.00531895 -0.182575 -0.00176295 -0.00149097 -0.182743 -0.00767998 -0.001491 -0.192752 -0.00649846 -0.00522831 -0.190846 -0.00976473 -0.00524818 -0.188029 -0.00563144 -0.00548382 -0.182418 -0.0110202 -0.0075339 -0.189812 -0.011726 -0.0114689 -0.193508 -0.0174649 -0.00872519 -0.197473 -0.0184104 -0.00455577 -0.196993 -0.0125969 0.000763167 -0.189698 -0.0123636 -0.00340051 -0.18975 -0.00756687 -0.00404578 -0.192453 -0.011292 -0.00473063 -0.189358 -0.00773906 0.00151002 -0.192713 0.0185506 -0.00149097 -0.209203 0.0185494 0.00151 -0.209203 0.0229437 -0.00335324 -0.211854 0.0230751 1.79847e-05 -0.212626 0.0190722 -0.00464397 -0.220359 0.0220959 -0.00394792 -0.21387 0.0191988 0.00397565 -0.220455 0.0193217 -0.000974221 -0.220781 0.0184651 -0.00689888 -0.220255 0.0210369 -0.00774092 -0.213254 0.0177691 -0.00923083 -0.219565 0.0160189 -0.0119469 -0.218947 0.0094344 -0.0175349 -0.214552 0.0117996 -0.0165245 -0.216031 0.0139169 -0.015819 -0.209019 0.016869 -0.0139169 -0.210786 0.0143009 -0.0147509 -0.217281 0.0164608 -0.0120239 -0.218669 0.019297 -0.0111269 -0.212229 0.0232269 -0.00717897 -0.206558 0.0199372 -0.012364 -0.201924 0.0262045 -0.00600588 -0.1956 0.0257187 -0.00533751 -0.19654 0.0245791 -0.00570147 -0.203519 0.0229124 -0.0052409 -0.208675 0.0208879 -0.00149097 -0.203879 0.0226928 -0.00531368 -0.198119 0.019489 -0.00518385 -0.207322 0.0229266 -0.00477442 -0.210808 0.0232307 -0.00559735 -0.209038 0.0187085 -0.00404116 -0.208935 0.0226796 -0.00149097 -0.197865 0.0211989 -0.00531384 -0.197188 0.0211571 -0.00149097 -0.197155 -8.53262e-05 -0.00149097 -0.183829 -0.000839972 -0.00149097 -0.182575 -0.000219851 -0.00531382 -0.183709 0.0256717 -0.00537523 -0.19577 -0.00185169 -0.00564747 -0.17769 0.02582 -0.00564989 -0.195048 0.0246784 -0.00875824 -0.193697 0.0252801 -0.00720714 -0.193888 0.010661 -0.016883 -0.207064 0.00720855 -0.0181162 -0.212798 -0.00476622 -0.0183029 -0.205904 0.000595581 -0.0186906 -0.208866 0.0190665 0.00213344 -0.220858 0.0182262 0.00868978 -0.219789 0.021152 0.00782102 -0.213329 0.019495 0.011267 -0.212357 0.0240852 0.00651709 -0.205248 0.0258188 0.00536436 -0.195992 0.0207953 0.0052901 -0.204168 0.0229483 0.00488141 -0.210693 0.018709 0.00406021 -0.208936 0.0230227 0.00333208 -0.211995 0.0194176 0.00515434 -0.207447 0.0208879 0.00151002 -0.203879 0.0226796 0.00151002 -0.197865 0.0211389 0.00151002 -0.197151 0.0226255 0.00533324 -0.19799 0.0212052 0.00533302 -0.197189 -0.000215631 0.00151002 -0.183671 0.0230989 0.00527157 -0.208556 0.016827 0.0117024 -0.219268 0.0150854 0.0140524 -0.218333 0.0142378 0.0150088 -0.217295 0.0120193 0.0164559 -0.21607 0.0170239 0.014018 -0.210886 0.014002 0.015786 -0.209075 0.00839675 0.0177745 -0.213704 0.00321516 0.0185388 -0.210382 0.0124327 0.016077 -0.203339 0.019265 0.012938 -0.204333 -0.0154759 -0.0129551 -0.198648 -0.0133242 -0.0154504 -0.200027 -0.00723279 -0.013715 -0.192309 -0.00966643 -0.00571409 -0.187343 -0.00198352 -0.00616412 -0.177429 0.00569669 -0.0130355 -0.181064 -0.00378464 -0.0185866 -0.20616 -0.005407 0.00664603 -0.182638 -0.000348456 0.00871694 -0.177852 -0.00629482 0.00573588 -0.183306 0.0150963 0.013689 -0.186894 0.0198767 0.0125401 -0.19001</float_array>
                    <technique_common>
                        <accessor count="1067" source="#shape0-lib-positions-array" stride="3">
                            <param name="X" type="float"/>
                            <param name="Y" type="float"/>
                            <param name="Z" type="float"/>
                        </accessor>
                    </technique_common>
                </source>
                <source id="shape0-lib-normals" name="normal">
                    <float_array id="shape0-lib-normals-array" count="6360">0.45719 -0.749574 0.478661 0.486988 -0.54152 0.685273 0.336018 -0.794786 0.505378 0.206237 -0.978226 0.0232351 0.105262 -0.991049 0.0821072 0.107026 -0.991461 0.0745017 0.0579646 -0.998195 0.0156799 0.221131 -0.974588 -0.0357719 0.0615957 -0.99806 -0.00906207 0.185858 -0.978382 -0.0906928 0.449568 -0.876202 -0.173664 0.392605 -0.876456 -0.278722 0.197438 -0.96783 -0.155959 0.399443 -0.873116 -0.27949 0.380783 -0.877897 -0.290345 0.352219 -0.913297 -0.204524 0.575419 -0.793626 0.197612 0.797699 -0.601871 0.037788 0.716076 -0.15361 0.680911 0.954 -0.230026 0.192283 0.986334 -0.137903 0.090152 0.532188 -1.05796e-05 0.846626 0.552778 -0.0256977 0.832932 0.532245 -0.000101861 0.846591 0.530265 -0.0678 0.845117 0.532344 -0.00011391 0.846528 0.532228 -0.000113917 0.846601 0.53018 0.067598 0.845186 0.532156 -0.000104861 0.846646 0.370181 0.565376 0.7371 0.283635 0.676551 0.67958 0.186277 0.611475 0.769025 0.505541 0.0337378 0.862143 0.115602 0.283329 0.95203 -0.299352 0.305992 0.903746 -0.0715349 0.793613 0.604203 -0.320194 0.593556 0.738354 -0.790872 0.363295 0.492482 -0.834198 0.19263 0.516728 -0.842831 0.284175 0.457035 -0.644327 0.645949 0.409382 -0.643301 0.627977 0.43796 -0.430558 0.592807 0.680588 -0.734108 0.582244 -0.349395 -0.475645 0.0838997 -0.875627 -0.831897 0.446194 0.329937 -0.966894 0.247041 0.0639291 -0.71232 0.285665 -0.64109 0.33979 0.917375 -0.207283 -0.835425 0.359109 0.41606 0.279908 0.946652 -0.159691 0.229163 0 0.973388 -0.229163 0 -0.973388 -0.865696 0.240839 0.438825 -0.886977 0.375912 0.268258 -0.946349 0.159577 0.280995 -0.448222 -0.423267 -0.787364 -0.500662 -0.399149 -0.768126 -0.880836 0.274238 0.385905 -0.913992 0.0738153 0.39896 -0.886546 0.0690754 0.457455 -0.463512 -0.477541 -0.746399 -0.447679 -0.482294 -0.752978 -0.87347 0.075808 0.48094 -0.431135 0.48383 -0.761598 -0.873307 -0.0757982 0.481237 -0.765895 -8.62809e-05 0.642965 -0.850137 -7.06605e-05 0.526562 -0.696032 -0.236129 0.678073 -0.844307 -0.284596 0.454037 -0.85024 8.3114e-05 0.526395 -0.852273 -0.216856 0.476029 -0.83446 -0.191153 0.516854 -0.472317 -0.132369 0.871433 -0.536022 0.000122089 -0.844204 -0.535421 -0.0545877 0.842819 -0.510037 -0.0570871 0.858256 -0.782694 0.0633101 0.619178 0.0974598 0.0386821 0.994487 0.529141 -0.00245793 0.848531 0.530825 -0.000795363 0.847481 -0.151583 -0.158393 0.975671 -0.39448 -0.308528 0.865561 -0.0883501 -0.436205 0.8955 -0.0652578 -0.796631 0.600933 -0.322941 -0.590474 0.739628 -0.339238 -0.912011 0.23055 -0.101727 -0.829021 0.549887 -0.350768 -0.876225 0.330443 -0.426813 -0.878076 0.216363 -0.425056 -0.873104 0.238783 -0.128675 -0.974767 0.182406 -0.162013 -0.978425 0.128204 -0.421162 -0.876534 0.233047 -0.226102 -0.967842 0.110271 -0.762 -0.456691 0.459118 -0.709875 0.0737608 0.700455 -0.442055 0.874601 0.199149 -0.884657 -0.00816348 0.466171 -0.81687 0.502845 0.282614 -0.230203 0.972979 0.017857 -0.850043 -0.526711 0.00137127 -0.815852 -0.439564 0.375724 -0.880775 -0.38656 0.273507 -0.919364 -0.3657 0.145028 0.288775 -0.458299 0.840578 -0.959448 -0.201203 0.197425 -0.995067 -0.0986169 0.0108222 -0.975769 -0.211698 0.0553143 -0.963459 -4.56823e-05 0.267856 -0.913671 -6.932e-05 0.406455 -0.958182 -0.0313846 0.284434 0.371706 -0.475391 0.797394 -0.876634 -0.168806 0.450575 0.27731 -0.462797 0.841973 -0.945924 -0.128539 0.297834 0.389636 0.471031 0.7914 0.376943 0.474796 0.795288 -0.9581 0.0317444 0.28467 -0.959371 0.201294 0.197707 0.349935 0.431662 0.831393 0.285443 0.458865 0.841407 -0.975736 0.211815 0.0554333 -0.853381 0.521285 0.00148642 -0.390898 -0.920271 0.017311 -0.95728 0.252293 -0.141289 -0.761545 0.218476 -0.610179 -0.912904 0.40616 -0.0405 -0.714278 0.694866 -0.0834756 -0.900171 0.269132 -0.342433 -0.528801 -0.765489 -0.366601 0.164662 -0.466041 -0.869305 0.0175694 -0.466041 -0.884589 -0.964476 0.195419 -0.177754 0.0152946 -0.477866 -0.8783 -0.994892 0.0882912 -0.048925 -0.973188 0.0890425 -0.212076 -0.165866 0.488943 0.856401 -0.10995 0.496559 0.861011 -0.90746 -0.0688259 -0.414462 -0.907234 0.0723429 -0.414358 -0.177294 0.50111 0.847028 -0.191644 0.491607 0.849468 -0.190786 0.493935 0.84831 -0.862199 0.205567 -0.462986 -0.240993 0.515369 0.822385 -0.291262 0.488192 0.8227 -0.755333 0.520356 -0.398374 -0.499121 0.81992 -0.280373 -0.667364 0.544683 -0.507883 -0.464137 0.773773 -0.431106 0.487209 -0.481101 -0.728814 -0.67128 0.457134 -0.583448 0.581048 -0.496513 -0.644871 -0.702606 0.680811 -0.206981 -0.693542 0.266724 -0.669222 -0.67354 0.277412 -0.685117 0.472991 -0.512427 -0.716727 0.445104 -0.512307 -0.734455 -0.541257 0.102014 -0.834646 -0.725127 0.359783 -0.587152 -0.772044 0.325008 -0.546184 -0.798767 0.217118 -0.561098 -0.86804 0.491969 0.066875 -0.770648 0.130896 -0.623673 -0.713704 0.164181 -0.680934 0.447828 -0.51662 -0.729763 0.17568 0.974982 0.136185 0.199032 0.968407 0.150248 -0.508105 0.203514 -0.836906 -0.661731 -0.166998 -0.730906 -0.68269 0.213584 -0.698797 -0.591392 0.1595 -0.790453 -0.648537 0.31047 -0.694987 0.0938581 0.984636 0.14725 -0.535621 0.134739 -0.83364 -0.597564 0.504224 0.623439 -0.623773 0.503101 0.598162 -0.58158 0.110199 -0.805991 -0.623749 0.504117 0.597329 -0.609152 0.00262309 -0.793049 -0.608113 0.498674 0.617676 0.566111 0.499914 -0.655442 -0.728782 -0.0400804 -0.683572 -0.729061 0.040494 -0.683249 0.558168 -0.496791 -0.664565 -0.773731 0.0809137 -0.628326 0.575229 -0.503164 -0.644932 -0.669767 0.0448984 -0.741213 0.619078 -0.489686 -0.613963 -0.691092 0.147427 -0.707571 0.582397 -0.49127 -0.647663 0.574854 0.503154 -0.645274 -0.833345 0.000180238 -0.552754 -0.773645 -0.0806854 -0.628461 -0.907242 -0.0726239 -0.414292 -0.907475 0.0690217 -0.414398 -0.922811 0.000169205 -0.385254 -0.770591 -0.130846 -0.623754 -0.867813 -0.492269 0.0676161 -0.798825 -0.217034 -0.561047 -0.862326 -0.205472 -0.46279 -0.240425 -0.515294 0.822598 -0.291056 -0.488528 0.822573 -0.756785 -0.513993 -0.403842 -0.844943 -0.35794 -0.397429 -0.584962 -0.764385 -0.271172 -0.499571 -0.81897 -0.282342 -0.465284 -0.773583 -0.430209 -0.667736 -0.540148 -0.512221 -0.373357 -0.927628 0.0105173 -0.731413 -0.652693 -0.197553 -0.709227 -0.687824 -0.154584 -0.470145 -0.88195 0.0335933 -0.528788 -0.848751 0.00246699 -0.339558 -0.934228 -0.109171 -0.864099 -0.369685 -0.341563 0.17729 0.470279 -0.864526 -0.791878 -0.559775 -0.244092 -0.881875 -0.456875 -0.116457 -0.567636 0.733694 -0.373474 -0.734106 -0.671987 -0.0975819 -0.473574 0.878167 -0.0674517 -0.459862 0.885806 -0.0622526 0.0624399 0.711134 0.700278 0.0973627 -0.443051 0.891194 0.00927743 -0.45948 0.88814 -0.906211 -0.42178 -0.0297244 -0.884656 -0.438203 0.159257 -0.518092 -0.840563 0.158221 -0.753825 -0.618968 0.220513 -0.420408 0.310699 -0.852481 -0.748032 -0.592352 0.299279 0.497483 -0.390988 0.774363 0.487265 0.48129 -0.728652 -0.671223 -0.456979 -0.583635 0.577663 0.496189 -0.648153 -0.704476 -0.679599 -0.204595 0.596068 0.516286 -0.61494 -0.636997 -0.244537 -0.731051 -0.338343 -0.873796 -0.349291 -0.404491 -0.269323 0.873986 -0.373513 -0.890062 -0.261299 -0.0125627 -0.979957 -0.198811 0.0296389 -0.88555 -0.463598 -0.135982 -0.932833 -0.333665 -0.533331 -0.84475 -0.044225 -0.181288 -0.770556 -0.611046 -0.365908 -0.781516 -0.505315 -0.229582 -0.859603 -0.456482 -0.478942 -0.497496 -0.723265 -0.517497 -0.467961 0.716386 -0.612289 -0.487089 0.622773 -0.587838 -0.323583 -0.741445 -0.454363 -0.429696 -0.780331 -0.574881 -0.375348 -0.727066 -0.116491 0.975074 -0.18884 -0.145202 0.951177 -0.272357 -0.398967 0.513671 -0.759584 -0.413085 -0.323942 -0.85113 -0.425221 0.111224 -0.89823 -0.297537 -0.270803 -0.915499 -0.146451 0.9508 -0.273006 -0.855664 0.510884 0.0826793 -0.851861 0.511022 0.114844 -0.852289 0.515673 0.087666 -0.307043 -0.204362 -0.929495 -0.340039 -0.295544 -0.892764 -0.0385385 -0.795301 -0.604989 -0.512453 -0.236263 -0.825573 -0.468567 -0.160379 -0.868748 -0.369571 -0.192635 -0.909015 -0.51437 -0.251656 -0.819812 0.0898353 -0.985651 0.142906 0.0919559 -0.984614 0.148589 -0.518516 -0.134377 -0.844443 -0.450656 -0.00409827 -0.892688 -0.473845 -0.109934 -0.87372 -0.452018 0 -0.892009 -0.599336 -0.0908827 -0.795321 -0.601683 0.0218815 -0.798435 -0.60839 0 -0.793638 0.820779 -0.504224 -0.268476 0.80947 -0.503096 -0.302741 -0.621371 -0.503228 0.60055 -0.669826 -0.0445014 -0.741184 -0.617271 -0.499357 0.607962 0.621823 0.489598 -0.611252 -0.690996 -0.147096 -0.707734 0.58208 0.491365 -0.647876 -0.713807 -0.164138 -0.680837 0.210875 -0.967647 0.13853 0.118831 -0.989529 0.0819263 0.442268 0.511338 -0.736839 0.47193 0.514927 -0.715635 -0.65796 -0.076897 -0.749117 -0.667206 -0.328615 -0.668467 -0.705231 -0.268988 -0.655969 -0.401814 0.861554 -0.310274 -0.263148 0.941785 -0.209272 -0.725017 -0.359852 -0.587245 -0.537691 -0.0985101 -0.837367 -0.585429 -0.159505 -0.794878 -0.662841 -0.195442 -0.722803 -0.598361 -0.504515 0.622437 0.809576 -0.502955 -0.302694 0.821271 -0.49742 -0.279443 -0.376001 -0.0482612 -0.925362 -0.337577 -0.14718 -0.92972 -0.821376 0.489723 0.292425 -0.836283 0.491362 0.243299 -0.303861 -0.164118 -0.938474 -0.831193 0.502403 0.238139 -0.230709 -0.0804357 -0.969693 -0.227753 -0.13093 -0.964876 0.444802 -0.49441 -0.7468 -0.13652 0.000120803 -0.990637 0.0522274 0.000121778 -0.998635 0.0195643 -0.0724778 -0.997178 0.0195701 0.0683221 -0.997471 -0.0439135 -0.205763 -0.977616 -0.159082 -0.2171 -0.963099 0.824003 -0.495987 0.273892 -0.760104 0.48553 -0.43186 -0.798456 0.478311 -0.365632 0.38575 -0.0875418 -0.918441 0.230953 -0.0882765 -0.968952 0.257101 -0.195284 -0.946448 -0.805432 0.465923 -0.366328 -0.854584 0.46595 -0.229296 -0.240021 -0.214879 -0.946687 -0.12021 -0.971122 0.206086 0.397237 -0.263715 -0.879009 -0.143426 -0.93975 0.310321 0.49892 -0.191551 -0.845214 0.509382 -0.14339 -0.84851 0.656678 -0.00508716 -0.754154 0.709885 0.0181466 -0.704084 0.544275 -0.471078 0.694154 0.619477 -0.497245 0.60745 0.725924 -0.077146 -0.683435 0.796237 -0.069391 -0.600992 -0.480948 0.480305 -0.733482 0.744292 0.117737 -0.657394 -0.504868 -0.45862 -0.731284 -0.486484 -0.452537 -0.747358 0.782222 0.213891 -0.585132 0.629607 0.385694 -0.674415 0.694699 0.438604 -0.570105 0.735307 0.366806 -0.569892 -0.339858 0.916086 0.212799 -0.556339 0.0893769 -0.826135 -0.584056 0.0920817 -0.806474 0.397475 0.396744 0.82741 -0.397475 -0.396744 -0.82741 -0.26793 0.946757 0.178506 -0.5414 0.0749313 -0.837419 0.846861 0.264379 -0.461444 0.969533 0.230771 0.0821625 0.657401 0.588057 -0.471183 0.775214 0.284604 -0.563954 0.695546 0.629989 -0.345442 0.673806 0.627689 -0.389862 0.645003 0.647405 -0.406003 0.787918 0.364452 -0.496347 0.355982 0.912132 -0.203203 0.623773 0.653952 0.428082 0.45474 0.752577 0.476277 0.620586 0.570416 0.538052 0.534485 0.00208497 0.845175 0.544519 0.0194678 0.838523 0.836733 0.474212 0.273862 0.831847 0.46394 0.304617 0.919395 0.188289 0.345341 0.940351 0.264246 0.214274 0.98519 0.140273 -0.0986154 0.840954 0.00287417 -0.541098 0.842874 7.22199e-05 -0.538111 0.827443 0.191212 -0.527992 0.993053 0.0551339 -0.103953 0.787709 0.0021754 -0.616043 0.855426 -0.0275914 0.517189 0.985907 -0.143378 -0.0862009 0.829106 -0.187827 -0.526597 0.786404 -0.372416 -0.492824 0.775287 -0.284487 -0.563912 0.652643 -0.642882 -0.400948 0.673436 -0.62802 -0.389967 0.802393 -0.590699 -0.085094 0.61742 -0.683802 -0.388855 -0.447822 0.365037 -0.816213 0.71276 -0.442605 -0.544127 0.811491 -0.457927 -0.363022 0.741416 -0.461987 -0.486693 0.411217 -0.318202 0.854194 0.622794 -0.587079 -0.517171 0.287428 0.874811 0.389989 0.342714 0.891391 -0.296595 0.358073 0.878169 -0.317181 0.745279 -0.397079 -0.535619 0.751452 -0.119956 -0.648791 0.523515 -0.405659 -0.749248 -0.576994 0.307729 -0.756559 0.522393 -0.438186 -0.731504 0.756438 -0.43583 0.487703 0.795091 -0.453581 0.402609 0.365597 -0.423476 -0.828859 0.233888 -0.88153 -0.410123 0.138238 -0.6519 -0.745598 0.276858 -0.456513 -0.845545 0.16733 -0.686963 -0.707165 0.122732 -0.559595 -0.819628 -0.85571 0.470501 -0.215382 0.0662465 -0.369591 -0.92683 -0.0926926 0.738319 -0.668052 0.142053 0.88781 -0.437739 0.144138 0.875055 -0.462065 0.521891 -0.389057 -0.759121 0.66371 0.577771 0.475048 0.194795 0.882015 -0.429073 0.230202 -0.677135 -0.698924 0.00771053 -0.357794 -0.933769 0.867704 -0.488442 0.0922783 0.00904548 -0.764085 -0.645052 0.08076 -0.268912 -0.959773 0.849028 -0.491111 0.194835 0.845918 -0.515176 0.137904 0.287391 -0.251148 -0.9243 0.847654 -0.493376 0.195098 -0.035984 -0.513975 -0.85705 -0.214413 -0.359907 -0.908016 -0.157328 -0.325255 -0.932447 -0.234329 -0.456723 -0.858192 -0.0815094 -0.643883 -0.76077 -0.200158 -0.544283 -0.814673 -0.714464 0.584033 0.385288 -0.834239 0.496134 0.240615 -0.868046 0.481221 0.122158 -0.195787 -0.836045 -0.512538 0.0675099 -0.714832 -0.69603 -0.381735 -0.24485 -0.89125 0.81898 -0.49506 -0.290151 -0.333626 -0.291986 -0.896347 -0.442898 -0.498688 -0.745085 -0.102751 -0.801399 -0.589239 -0.0380781 -0.818681 -0.572984 0.0486725 -0.934132 -0.353592 0.231254 -0.848648 -0.475729 0.171257 -0.927544 -0.332163 0.367011 -0.840341 -0.39891 0.51979 -0.628822 -0.578274 0.714491 -0.309669 -0.627381 0.529982 -0.274131 -0.802478 0.674795 -0.300338 -0.674128 0.375115 -0.494069 -0.784337 0.684565 -0.472846 -0.554785 0.770431 -0.241302 -0.590092 -0.245393 -0.956987 0.154786 -0.582823 -0.084887 -0.808153 0.65591 -0.446341 -0.608738 0.798425 -0.216919 -0.561661 0.941184 -0.237826 -0.240025 -0.145499 -0.988504 0.0411032 -0.497503 0.413354 -0.762647 -0.514695 0.423622 -0.745408 0.749905 -0.228927 -0.620672 -0.484634 0.481675 -0.73015 0.812172 -0.0780226 -0.578177 0.620628 -0.436497 0.651376 0.641955 -0.437438 0.629716 -0.580135 -0.0856968 -0.81 0.914901 5.41778e-05 -0.403679 0.484684 0.524632 0.699887 0.206447 0.978187 0.0230342 0.221131 0.974603 -0.0353682 0.449571 0.876244 -0.173441 0.399533 0.873115 -0.279361 0.381072 0.877954 -0.289795 0.392665 0.876531 -0.278403 0.185885 0.978419 -0.0902342 0.197513 0.96784 -0.155803 0.370101 0.840035 -0.396695 0.23147 0.848825 -0.475308 0.104192 0.424672 -0.899332 0.37684 0.842039 -0.385956 0.0489215 0.934272 -0.353189 0.234126 0.881425 -0.410214 0.171429 0.927648 -0.331785 -0.0366821 0.819893 -0.571341 0.137604 0.649983 -0.747387 0.176819 0.681728 -0.709917 0.00876549 0.763818 -0.645372 0.714182 0.341636 0.610924 0.36514 0.422641 -0.829486 0.443065 0.654366 -0.612779 0.258176 0.442851 -0.85862 0.271334 0.452453 -0.849508 0.825398 -0.488604 -0.282815 0.0985152 -0.969277 -0.22538 0.128084 -0.942887 -0.307504 0.356582 0.533084 -0.767249 -0.0655653 0.222711 -0.972677 0.348589 0.456473 -0.818607 0.0444732 0.239948 -0.969767 -0.851687 -0.50156 -0.151878 0.064286 0.370466 -0.926619 0.10109 0.550537 -0.828667 0.848852 0.490863 0.196224 0.846602 0.514408 0.136563 -0.0373294 0.204883 -0.978074 -0.0315853 0.520286 -0.853408 -0.159486 0.21708 -0.963037 -0.15761 0.325287 -0.932388 0.448946 0.495994 -0.743262 -0.214277 0.359706 -0.908128 -0.532085 0.0908726 -0.8418 -0.86531 -0.499187 0.0452914 -0.843722 -0.5304 0.0825148 0.0464664 0.974936 0.217578 -0.303717 0.164332 -0.938483 -0.22775 0.131157 -0.964846 -0.827376 -0.500773 0.254313 -0.830174 -0.502771 0.240899 -0.230731 0.0807506 -0.969661 -0.308058 0.110587 -0.944918 0.813059 0.502095 -0.294679 -0.425768 0.0749261 -0.901725 0.802659 0.50214 -0.32186 -0.390413 0.257572 -0.883874 -0.517344 0.306774 -0.798902 0.112504 0.979571 0.166682 -0.351366 0.297642 -0.887666 -0.30432 0.19351 -0.932708 0.0526011 0.957443 0.283787 -0.415064 0.0765791 -0.906564 -0.848179 0.49142 0.197734 -0.307943 -0.04437 -0.95037 -0.847208 -0.486495 0.213451 -0.34534 -0.183058 -0.920451 -0.0527479 -0.987503 -0.14851 -0.335082 0.73922 -0.584186 -0.0980955 -0.972512 -0.21118 -0.23566 -0.927241 -0.291012 -0.413267 0.32366 -0.851149 0.84026 0.482245 -0.247796 -0.442916 0.499006 -0.744861 -0.509979 0.425148 -0.747778 0.827021 0.486617 -0.281497 -0.301578 0.308888 -0.902019 -0.382694 0.240596 -0.891997 -0.809952 -0.51817 0.274734 -0.725921 -0.577513 0.373519 0.970327 0.239609 0.0324515 0.00885689 0.897752 -0.440413 -0.167197 0.874088 -0.456088 -0.0940003 0.992912 -0.0727336 -0.476522 0.858941 -0.187475 -0.0248564 0.992914 -0.116204 -0.259592 0.848346 -0.461434 -0.012415 0.980041 -0.198407 -0.0347852 0.998054 0.0517466 0.0580751 0.998186 0.0158697 -0.0109176 0.998186 0.059202 0.0616999 0.998057 -0.00869087 -0.127966 0.974573 0.183934 -0.0681835 0.978209 0.196106 0.0285045 0.991006 0.130748 -0.162178 0.978381 0.128328 0.020793 0.991424 0.12902 0.275837 0.834645 0.476741 0.34219 0.785727 0.515305 0.108765 0.990786 0.0807067 0.103175 0.991497 0.0793027 -0.226047 0.967833 0.110458 -0.351191 0.876194 0.330075 -0.425648 0.876066 0.226564 -0.424768 0.873232 0.238825 -0.814252 0.437613 0.381429 -0.721082 0.549048 0.422596 0.383597 0.439779 0.812064 -0.445069 -0.870426 0.210411 -0.451017 -0.867123 0.211382 -0.749036 0.586788 0.307611 -0.714773 0.612445 0.337655 -0.520132 0.839283 0.158326 -0.781297 0.601051 0.168261 -0.517697 0.840043 0.16223 -0.881607 0.441388 0.167171 -0.905629 0.423046 -0.0294618 -0.469777 0.882144 0.0336307 -0.528874 0.848697 0.002312 0.200255 0.36088 0.910859 -0.742419 0.650043 0.162042 -0.882947 0.453047 -0.123095 -0.733117 0.650259 -0.199256 -0.716675 0.681374 -0.148682 -0.790499 0.550785 -0.267856 0.173211 -0.467908 -0.866637 -0.86399 0.371163 -0.340233 -0.464015 -0.884209 -0.0535301 -0.4269 -0.903443 -0.0393346 -0.838145 0.355497 -0.413684 -0.585852 0.76354 -0.271632 -0.422148 -0.309085 -0.852207 -0.33963 0.934191 -0.109262 -0.33683 0.913261 0.229127 -0.373537 0.927553 0.0107347 -0.173348 0.980046 -0.0972687 -0.2414 0.932966 -0.267021 0.189243 0.845857 -0.498712 -0.471803 0.770727 -0.428231 -0.296687 0.781646 -0.54864 -0.103594 0.802103 -0.588131 -0.196197 0.548412 -0.812866 -0.0812566 0.644406 -0.760354 -0.852848 -0.497536 0.158453 -0.234233 0.457301 -0.857911 -0.339576 0.846664 -0.409693 -0.417337 0.424325 -0.803603 -0.593739 0.481263 0.644873 -0.579137 0.360331 -0.731274 -0.358839 0.840326 -0.406308 -0.74417 0.300021 -0.596823 -0.144505 -0.986445 -0.0777441 0.867878 0.487957 0.0931954 0.823707 0.496715 0.273461 0.849165 0.490254 0.196394 0.0287724 -0.0489189 -0.998388 0.381142 0.175538 -0.907699 0.354623 0.167889 -0.919813 -0.760777 -0.485589 -0.430606 -0.815891 -0.473788 -0.331432 0.440386 0.0987694 -0.892359 0.472 0.211584 -0.855832 -0.815294 -0.472484 -0.334747 0.397146 0.263808 -0.879022 -0.135147 0.961525 0.239176 0.592919 0.201437 -0.77966 0.62706 0.454698 0.632492 0.642427 0.465806 0.608533 0.671277 0.0308853 -0.740563 0.55504 0.479493 0.679719 0.786011 0.167425 -0.59511 0.673927 0.12533 -0.728089 -0.187557 0.85897 0.476438 -0.00895943 0.355709 -0.934554 0.136783 -0.864427 -0.483793 0.532274 0.441307 -0.722449 -0.592485 -0.314342 -0.741721 0.363173 -0.874829 -0.320592 0.337801 -0.898693 -0.279715 0.725347 -0.300009 -0.61957 0.747883 0.43411 -0.502215 0.646418 -0.452313 0.614457 0.798992 -0.58626 0.133833 0.410831 0.315337 0.855441 0.637605 0.616872 -0.461441 0.708318 0.460025 -0.535409 0.536354 0.393795 0.746492 0.648215 0.646257 -0.402702 0.339019 0.308515 -0.888755 0.752583 0.460418 -0.470781 0.611657 0.608469 -0.505611 0.595071 0.587821 -0.548049 0.489966 0.601367 -0.631103 0.366481 -0.404146 -0.838068 0.844133 -0.488331 0.221296 0.840532 -0.500563 0.207225 -0.529536 -0.0928586 -0.843189 0.0461206 -0.975199 0.216471 0.048637 -0.968691 0.243459 -0.635124 -0.494129 0.593679 0.123412 0.931691 -0.341644 0.856354 -0.481394 -0.186863 -0.505845 -0.429693 -0.747987 -0.662644 -0.291857 -0.689726 -0.173476 -0.980014 -0.0973626 -0.303621 -0.847782 -0.434833 -0.0940068 -0.992896 -0.0729384 -0.0249091 -0.992893 -0.116371 -0.772101 -0.324963 -0.546131 -0.192068 -0.491987 0.849151 -0.900039 -0.268433 -0.343328 -0.191194 -0.494364 0.847967 -0.957182 -0.251673 -0.143048 -0.9647 -0.194101 -0.177984 -0.165721 -0.488825 0.856497 -0.973221 -0.0890186 -0.211937 -0.177696 -0.501554 0.846681 -0.760059 -0.217666 -0.612317 0.503843 -0.862724 0.0429935 -0.912976 -0.405651 -0.0438379 0.243993 -0.969587 -0.0192019 -0.964305 -0.263873 -0.0220785 0.164491 0.466326 -0.869185 0.0179123 0.466361 -0.884413 0.0154096 0.479261 -0.877537 -0.994863 -0.0882748 -0.0495589 -0.0568884 0.486154 -0.87202 -0.995077 0.0985104 0.0108142 -0.0618753 -0.485117 -0.872257 -0.109755 -0.496453 0.861097 -0.704228 0.2049 -0.679763 0.236876 0.971349 -0.0192407 -0.964257 0.264051 -0.0220426 0.455037 0.889879 0.0325037 -0.344244 0.468825 -0.813449 0.262869 -0.94887 -0.174772 -0.865801 -0.240733 0.438675 -0.51051 0.399072 -0.761657 -0.846135 -0.322568 0.424271 0.323164 -0.926896 -0.190864 -0.53958 0.143678 -0.829585 -0.935595 -0.351874 -0.029101 -0.660405 -0.199117 -0.724029 -0.644522 -0.646109 0.40882 -0.822568 -0.510164 0.251228 -0.614176 -0.629945 0.47535 -0.034652 -0.998064 0.0516552 0.0265443 -0.99155 0.126984 0.0253605 -0.990828 0.132727 -0.0109543 -0.998196 0.0590378 -0.0686647 -0.978248 0.195744 0.307196 -0.796611 0.520616 0.358557 -0.686498 0.63258 0.102109 -0.877028 0.469464 0.295668 -0.683379 0.667513 0.422993 -0.405642 0.810266 0.419043 -0.273068 0.865931 0.508617 -0.0360615 0.860238 0.515433 -0.155973 0.842616 -0.643495 -0.6277 0.438071 -0.64634 -0.646262 0.405697 -0.788831 -0.364565 0.494812 -0.189461 0.104749 0.976285 -0.578459 0.132257 0.804918 -0.820272 0.433028 0.373684 -0.852375 0.216814 0.475866 -0.62901 0.239053 0.73973 0.611191 -0.582188 0.536193 -0.740982 0.181806 0.646445 -0.68409 0.136538 0.716504 -0.733471 0.139 0.665357 -0.63225 0.565957 0.529105 -0.487218 0.75381 0.440896 -0.436195 0.78351 0.442545 -0.391705 0.435711 0.810385 -0.0151233 0.434233 0.900674 0.0537123 0.745297 0.664565 -0.311823 0.799652 0.51315 -0.344143 0.859161 0.378692 -0.0434458 0.949977 0.309285 0.000796416 1 0.000310955 0.0071318 0.999974 0.00104143 0.227402 0.947069 0.226602 0.276692 0.959617 -0.0507693 0.611552 0.773598 -0.165984 0.422 0.905524 -0.0440672 0.519518 0.854172 -0.0221448 -4.59512e-05 1 0.000162842 1.58155e-05 1 5.61573e-05 0.463286 0.885895 -0.0235626 -0.000255722 1 -0.000129321 -0.00283492 0.999996 0.000817299 -0.241264 0.955791 0.168094 0.00271599 0.999995 0.0016018 0.173141 0.97621 0.130524 0.170859 0.975847 0.136127 0.523782 0.776601 0.350063 0.372836 0.868524 0.326588 0.193358 0.973076 0.125443 0.240569 0.97061 0.00651593 0.765884 0.642503 0.0247127 0.78162 0.623374 0.0218077 0.764192 0.639705 0.0823882 0.813035 0.573353 0.101195 0.267248 0.963099 0.0319066 0.975444 0.19605 0.100367 0.971592 0.236408 0.0109445 0.964723 0.260329 0.039221 0.970356 0.240197 0.0267299 0.972745 -0.000997811 0.231876 0.954197 -0.000751419 0.299178 -1.339e-08 -1 -1.77147e-07 0.896333 -8.52744e-08 0.443381 0.954452 -5.73835e-08 0.298363 0.00085323 -1 -0.00028726 0.936319 0.338459 -0.0935582 0.956838 0.287431 -0.0429455 0.93934 0.342789 -0.0116256 7.18616e-05 -1 0.000215536 0.967833 0.203359 -0.148136 0.000140913 -1 0.00018816 0.000149385 -1 0.000162135 0.599124 -1.23191e-07 0.800656 0.677188 -1.13213e-07 0.73581 0.677188 -1.13213e-07 0.73581 0.896333 -6.82195e-08 0.443381 -2.89044e-06 1 -1.25926e-06 -3.93091e-05 1 0.000236646 0.000129237 1 0.000140606 0.944833 -0.300147 -0.13116 0.000119076 1 0.000159283 0.0045129 0.999867 -0.0156676 0.000196709 1 -0.000513169 -7.04153e-07 1 2.61308e-06 0.613471 -1.21508e-07 0.789718 0.599124 -1.23191e-07 0.800656 0.000534892 1 -0.000115121 -0.718739 -0.0868963 0.689828 -0.684835 -0.165368 0.709686 -0.739766 -0.184718 0.647012 -0.827663 -0.10647 0.551033 -0.869962 -0.107144 0.481337 -0.778067 -0.353225 0.519465 -0.731652 -0.262964 0.628916 -0.817079 -0.282762 0.502421 -0.634942 -0.6613 0.399412 -0.634731 -0.661543 0.399346 -0.694275 -0.665202 0.274751 -0.270693 -0.948332 0.165506 -0.228932 -0.970167 0.0797869 0.00506127 -0.999985 -0.00226312 -0.254997 -0.962285 0.0947882 0.032936 -0.999441 -0.00568819 0.00351866 -0.999993 -0.000869448 0.938665 -0.300222 -0.169633 0.509012 -0.859763 -0.0414045 0.00406464 -0.999991 -0.00073719 -0.28273 -0.959027 0.0181928 0.993233 -0.052354 -0.103666 0.99502 0.0824438 -0.0560151 0.971653 0.0197834 -0.235582 0.95711 -0.0737372 -0.280184 0.938801 0.00100073 -0.344459 0.87451 -0.0321851 -0.483938 0.104373 -0.993753 -0.0395228 0.0764626 -0.996184 -0.0420897 -0.155808 -0.980739 0.117792 -0.332397 -0.89081 0.309789 -0.0424141 -0.275882 0.960255 0.817024 -0.0972606 0.568342 0.830717 -0.0790596 0.551053 0.895066 -0.107111 -0.432879 0.464175 -0.800896 -0.378297 0.000589487 -1 0.000347617 -0.00483926 -0.999982 -0.0035092 0.00159025 -0.999999 0.000450367 -0.317745 -0.906527 0.277933 -0.128473 -0.980455 0.149004 -0.479961 -0.701685 0.52657 -0.300875 -0.761524 0.574069 7.1263e-05 -0.80598 0.591943 0.287134 -0.761929 0.580533 0.0140594 -0.780685 0.624766 -0.00272676 -0.999996 -0.000548278 0.231997 -0.953177 0.193987 0.000818857 -1 -2.59979e-05 0.00273197 -0.999996 0.000694734 0.160024 -0.986755 -0.0266043 0.359071 -0.933299 0.00458976 0.808364 -0.587478 -0.0376467 0.735591 -0.677248 -0.015515 0.942812 -0.33267 -0.0208945 0.939756 -0.341349 -0.0184003 0.765484 -0.641721 0.0472192 0.790622 -0.609897 0.0542354 0.760436 -0.643671 0.0861635 0.765125 -0.634662 0.108571 0.787315 -0.607573 0.104833 0.970515 -0.197164 0.138661 0.73331 -0.666251 0.135521 0.770325 -0.623196 0.135007 0.967378 -0.191955 0.165326 0.969246 -0.185586 0.161618 0.968501 -0.167253 0.18448 0.806699 0.568715 0.160624 0.876783 0.451317 0.166028 0.535542 0.838476 0.100758 0.43854 0.893939 0.0924992 0.816099 0.560793 0.139621 0.771823 0.620289 0.139753 0.342048 0.938118 0.0541959 -5.52918e-05 1 -0.000194995 0.368059 0.928325 0.0524016 0.191 0.973589 0.125073 0.529953 0.77357 0.347475 0.285619 0.941172 0.180603 0.263001 0.961222 0.0829664 0.707367 0.683828 0.178915 0.672316 0.705388 0.224543 0.556329 0.755912 0.345101 0.552946 0.742416 0.378244 0.765717 0.442272 0.466983 0.754763 0.432379 0.493336 0.77892 0.430003 0.456488 0.766355 0.411911 0.492981 0.737917 0.442716 0.509392 0.741253 0.46137 0.487526 0.690606 0.527927 0.494324 0.529872 0.773707 0.347295 0.45392 0.793048 0.406241 0.709206 0.529849 0.465067 0.502373 0.759414 0.413415 0.00115618 0.975976 0.217875 -0.518563 0.854464 -0.0313653 0.0278699 0.971392 0.235842 -0.207683 0.975845 0.0677827 0.025884 0.975924 0.216569 0.296674 0.897164 0.327232 -0.619815 0.767769 -0.162362 -0.643359 0.742052 -0.188277 -0.435329 0.892092 -0.121081 -0.264011 0.964515 0.00303398 -0.434602 0.893051 -0.116534 -0.445302 0.888003 -0.114698 -0.216537 0.97529 -0.0438349 -0.159882 0.986068 -0.0459069 0.432479 0.856965 0.280307 0.392234 0.868558 0.302919 -0.179934 0.982973 -0.0372494 -0.179308 0.983503 -0.0238726 -0.178654 0.983202 -0.0373693 0.145715 0.98845 0.0416447 0.0960228 0.994159 -0.0492641 0.191794 0.979284 0.0649539 0.557652 0.794903 0.239067 0.56123 0.794986 0.230257 0.674623 0.735704 0.0601866 0.496827 0.858698 0.1257 0.216905 0.974252 0.0615199 0.649463 0.746838 0.142934 0.226919 0.972891 0.0446203 -0.197657 0.978185 -0.0639184 -0.61492 0.762671 -0.200516 -0.598641 0.781645 -0.175104 -0.64124 0.745373 -0.182291 -0.223864 0.970255 -0.0921463 -0.190189 0.979575 -0.06528 -0.887279 0.390465 -0.245506 -0.654364 0.730289 -0.196179 -0.891457 0.383078 -0.241983 -0.956829 0.130793 -0.25956 -0.961489 0.150446 -0.23001 -0.961134 -0.152797 -0.229945 -0.956388 -0.132966 -0.260082 -0.887073 -0.390605 -0.246026 -0.892962 -0.380876 -0.239898 -0.646499 -0.738252 -0.192413 -0.676009 -0.716499 -0.172165 -0.213122 -0.972957 -0.0890708 -0.244944 -0.963767 -0.105624 -0.674399 -0.718418 -0.170475 0.235204 -0.971534 -0.0282987 0.188262 -0.980757 -0.0517102 -0.246614 -0.963376 -0.105302 -0.695201 -0.707163 -0.128904 -0.259081 -0.959604 -0.109713 -0.684211 -0.716954 -0.133536 -0.894073 -0.427238 -0.134537 -0.975042 -0.214056 -0.0589315 -0.984156 -0.175272 -0.0267868 -0.889389 -0.455984 -0.0326445 -0.977583 0.201982 -0.0594588 -0.902968 0.411663 -0.123213 -0.891909 0.431815 -0.13429 -0.982354 0.13886 -0.125297 -0.980946 -0.147936 -0.125938 -0.904655 -0.407754 -0.12384 -0.970925 -0.182363 -0.155075 -0.970597 -0.128255 -0.203699 -0.900059 -0.389417 -0.19557 -0.899898 -0.389712 -0.195723 -0.971068 0.125527 -0.203152 -0.898343 0.393362 -0.195566 -0.971612 0.176027 -0.158064 -0.899065 0.392049 -0.194884 -0.663872 0.728484 -0.169073 -0.22903 0.969073 -0.0918801 0.215373 0.976501 -0.00768936 0.213657 0.976879 -0.00756441 0.673603 0.734641 0.0810067 0.892432 0.427638 0.143841 0.887796 0.447241 0.1086 0.683395 0.726638 0.0704887 0.973858 0.162177 0.159055 0.974035 -0.160521 0.159654 0.974768 0.158823 0.156852 0.975155 -0.156368 0.156913 0.971437 0.192887 0.138223 0.972005 -0.189528 0.138871 0.875501 0.467888 0.120743 0.974634 -0.19389 0.111783 0.856738 -0.507352 0.0927039 0.876444 -0.475922 0.0730972 0.856666 -0.513803 0.0461546 0.632571 -0.773764 0.033813 0.638627 -0.769362 0.0154411 0.193698 -0.978738 -0.0674732 0.598093 -0.801059 -0.0242925 0.605447 -0.79448 -0.0472831 0.143919 -0.985861 -0.0858248 0.118249 -0.989549 -0.0825167 -0.297274 -0.949671 -0.0987613 -0.230167 -0.969564 -0.0834824 -0.562955 -0.824904 0.0511367 -0.230837 -0.972421 -0.0333362 -0.510842 -0.859652 -0.00622883 -0.751385 -0.654991 0.0800464 -0.757449 -0.634911 0.152179 -0.473108 -0.8756 0.0974324 -0.69918 -0.680679 0.218688 -0.698576 -0.68182 0.217056 -0.445305 -0.894032 0.0490911 -0.402722 -0.903367 0.147456 -0.667977 -0.685633 0.289333 -0.6677 -0.686312 0.288363 -0.381031 -0.918684 0.104095 -0.336576 -0.921161 0.195393 -0.344402 -0.901636 0.261611 -0.259604 -0.926529 0.272305 -0.547813 -0.769007 0.329439 -0.604996 -0.683805 0.407909 -0.321386 -0.933509 0.158969 -0.0260673 -0.990781 0.132942 -0.177172 -0.967371 0.181116 0.0121862 -0.99801 0.061873 0.00306299 -0.997188 0.0748781 0.0556595 -0.987861 0.145025 0.125639 -0.985715 0.112167 0.00255182 -0.987459 0.157854 -0.00638506 -0.985694 0.168421 0.111411 -0.99014 0.0849156 0.123559 -0.98573 0.114325 0.268851 -0.960864 0.0667766 0.257867 -0.96518 0.0439485 0.2509 -0.96444 0.0830993 0.803423 -0.584547 -0.113214 0.905213 -0.397388 -0.15057 0.90112 -0.414174 -0.128232 -0.00431291 -0.999969 -0.00660637 -0.00413096 -0.999971 -0.00644359 -0.793805 -0.314272 0.520679 -0.788133 -0.323053 0.523912 -0.815113 -0.328079 0.477446 -0.873022 -0.112632 0.474497 -0.836558 -0.112098 0.536287 -0.812193 -0.359339 0.459584 -0.868855 -0.124375 0.47919 -0.736767 -0.3683 0.567036 -0.524477 -0.755181 0.393226 -0.517316 -0.76578 0.382054 -0.700593 -0.554486 0.449127 -0.627174 -0.467468 0.622998 -0.543233 -0.751129 0.375104 -0.313303 -0.899268 0.305218 -0.316462 -0.896829 0.30911 -0.621192 -0.456845 -0.636721 -0.55001 -0.233702 -0.801793 -0.566275 -0.30217 -0.766828 -0.526339 -0.0706801 -0.847332 -0.529047 -0.0883444 -0.843981 -0.521952 -0.102462 -0.846798 -0.516487 -0.242753 -0.821165 0.181386 -0.559088 -0.809024 -0.215241 -0.748569 -0.627149 0.0419906 -0.438977 -0.897517 -0.191372 -0.932866 -0.305186 -0.433777 -0.57678 -0.692216 -0.436888 -0.567817 -0.697648 -0.525898 -0.112413 -0.843087 -0.809492 -0.415852 -0.414475 -0.827833 -0.421482 -0.370197 -0.596117 -0.790399 -0.141113 -0.192757 -0.931896 -0.30727 -0.0247168 -0.998849 -0.041096 -0.13293 -0.447993 -0.8841 -0.15061 -0.768643 -0.621695 -0.66123 -0.73624 0.143961 -0.138296 -0.964627 0.224429 -0.14674 -0.961036 0.234261 0.435306 -0.744183 -0.506655 -0.847 -0.261173 0.46301 -0.900988 -0.124977 0.415452 -0.837113 -0.359783 0.412065 -0.874931 0.267869 0.403412 -0.843205 0.131917 0.521156 -0.83444 0.369616 0.408772 -0.727568 0.574435 0.375059 -0.611666 0.679458 0.405218 -0.670981 0.683035 0.288525 -0.671539 0.681651 0.290495 -0.896704 0.267041 0.353003 -0.335559 0.921246 0.196738 -0.256488 0.925817 0.277629 -0.350984 0.897909 0.26565 -0.32048 0.933534 0.160644 -0.56061 0.757421 0.334707 -0.530963 0.754382 0.385987 -0.540916 0.739863 0.400015 -0.322669 0.893022 0.313683 -0.321229 0.894162 0.311909 -0.117926 0.966774 0.226805 0.0104083 0.989699 0.142785 0.129347 0.98641 0.101318 0.256205 0.96339 0.0789906 0.285217 0.957049 0.0520356 -0.119692 0.747758 -0.653094 -0.529122 0.078546 -0.844903 -0.473852 0.283939 -0.833573 -0.305372 0.801191 -0.514627 -0.308542 0.80728 -0.50309 -0.590542 0.261158 -0.763581 -0.595694 0.27214 -0.755704 -0.750316 0.570106 -0.334671 -0.475018 0.22639 0.850356 -0.745138 0.342427 -0.572288 -0.638753 0.692498 -0.335323 -0.174696 0.75387 -0.633373 -0.526727 0.848101 0.0572912 -0.187868 0.935376 -0.29963 -0.194129 0.930618 -0.310264 -0.429079 0.589453 -0.684424 -0.0670665 0.997473 -0.0234523 0.923851 0.330489 -0.193071 0.940497 0.265456 -0.21213 0.879839 0.404852 -0.248954 0.95041 0.137224 -0.279087 0.953493 0.117139 -0.277723 0.953799 0.131308 -0.270233 0.954597 -0.161795 -0.250134 0.952337 -0.137724 -0.272188 0.963432 0.13205 -0.233156 0.966578 -0.104026 -0.234321 0.965633 0.121397 -0.229818 0.91444 0.37551 -0.150967 0.914044 0.376356 -0.151264 0.97386 0.147809 -0.17248 0.975607 0.124337 -0.180916 0.922228 0.369402 -0.114187 0.921088 0.366478 -0.131495 0.932697 0.32224 -0.161983 0.974233 -0.149141 -0.169197 0.975337 -0.127042 -0.180497 0.98975 0.140158 -0.0274029 0.704726 0.707783 -0.049029 0.945944 0.312197 -0.0878824 0.716886 0.69719 -0.00102761 0.795165 0.600008 -0.0877647 0.905328 0.408486 -0.116278 0.951046 0.288873 -0.109834 0.946419 0.291566 -0.138853 0.949457 -0.294394 -0.108917 0.899734 -0.420483 -0.116932 0.954055 -0.290425 -0.0737063 0.944899 -0.314928 -0.0893652 0.705382 -0.706988 -0.0510326 0.788881 -0.608067 -0.0890027 0.716378 -0.697659 -0.00867022 0.957026 -0.28171 -0.0688598 0.957881 0.279168 -0.0673042 0.951521 -0.30627 -0.0284155 0.722752 -0.690659 -0.0249149 0.95231 0.303894 -0.0274835 0.963529 0.267508 -0.00714021 0.963903 -0.26618 -0.00628478 0.959783 0.280703 0.00467779 0.96067 -0.277663 0.00407309 0.778419 0.627559 0.0152661 0.960684 0.276107 0.0291748 0.771509 0.635609 -0.0278375 0.754567 0.656215 -0.00327156 0.969424 0.239073 0.0553262 0.970356 -0.23526 0.0553447 0.961627 -0.272829 0.0289324 0.970175 -0.235926 0.0556654 0.801306 -0.597096 0.0372255 0.777863 -0.628258 0.0148332 0.795659 -0.605649 -0.0107108 0.969178 0.239969 0.055756 0.965614 0.244972 0.087054 0.966606 -0.240904 0.0873952 0.972743 0.201797 0.114236 0.973519 -0.197981 0.114297 0.857148 0.512999 0.0461358 0.832805 0.549345 0.0682304 0.974033 0.197119 0.111375 0.857211 0.5066 0.0924455 0.635992 0.770947 0.0339755 0.641958 0.766578 0.0157622 0.876908 0.475106 0.072851 0.601436 0.798561 -0.0239779 0.189586 0.979513 -0.0679025 -0.289443 0.951878 -0.100757 -0.302814 0.947932 -0.0986318 0.140185 0.986376 -0.0860889 -0.233313 0.968864 -0.0828643 0.115267 0.989871 -0.0828814 -0.561902 0.825581 0.0517942 -0.509905 0.860215 -0.0052661 -0.233061 0.971935 -0.0320086 -0.787724 0.601925 0.131061 -0.750741 0.655663 0.0805864 -0.81141 0.584113 0.0206409 -0.560433 0.828183 -0.00525269 -0.839782 0.539613 0.0598606 -0.641278 0.765061 -0.0586817 -0.973666 0.213581 0.0797307 -0.886891 0.460815 -0.032761 -0.860141 0.506522 -0.0599479 -0.968459 0.243497 0.0528837 -0.986129 0.163861 -0.0264434 -0.965037 -0.256931 0.0518668 -0.842267 -0.535652 0.0605294 -0.971142 -0.224795 0.0796945 -0.642223 -0.764236 -0.0590988 -0.561616 -0.827378 -0.00578408 -0.813376 -0.581383 0.0203232 -0.862709 -0.502129 -0.0599964 -0.672304 -0.737038 -0.0691607 -0.625014 -0.774185 -0.0999746 -0.282944 -0.953804 -0.101002 -0.950077 -0.2668 0.161777 -0.789498 -0.599338 0.132234 -0.949363 -0.270801 0.159303 -0.950352 0.266239 0.161083 -0.95121 0.261243 0.164168 -0.898545 -0.319385 0.301014 -0.897524 0.322694 0.300532 -0.924713 0.264353 0.273904 -0.924516 -0.263561 0.275328 -0.7569 0.635343 0.153106 -0.700443 0.679623 0.217929 -0.471994 0.876073 0.0985748 -0.444151 0.894545 0.0501885 -0.401555 0.903729 0.14842 -0.700598 0.679326 0.218352 -0.175192 0.984493 0.00903363 -0.0423953 0.999091 -0.00441622 0.00201903 0.999617 0.0276109 0.0437815 0.988952 -0.14162 -0.380058 0.918926 0.105501 0.427148 0.902261 -0.0589013 0.0827683 0.994934 -0.0570554 0.436223 0.899138 -0.0355021 0.465145 0.882081 -0.0746598 0.107735 0.991605 -0.0714978 0.0991949 0.992103 -0.0767602 0.507009 0.858907 -0.0722593 0.478212 0.877484 -0.0365503 0.74694 0.663614 -0.0412023 0.384635 0.922775 -0.0232917 0.735634 0.676949 -0.0241443 0.710151 0.702375 -0.0485343 -0.199308 0.978826 -0.0466349 0.00683734 0.997101 0.0757815 0.0189218 0.998111 0.0584548 0.384852 0.922773 -0.0194474 0.0747985 0.987011 0.142179 0.373968 0.924643 0.0719941 0.354382 0.935062 0.00853155 -0.671287 0.737995 -0.0688229 -0.682708 0.719182 -0.129177 -0.26629 0.957673 -0.109326 0.179693 0.982361 -0.0517413 0.184415 0.981455 -0.0523187 -0.262638 0.958947 -0.10697 -0.241149 0.964382 -0.108691 0.232178 0.972251 -0.0286636 -0.692032 0.704487 -0.157448 0.662726 0.747606 0.0433665 0.673979 0.738555 0.0170094 -0.684307 0.717852 -0.128108 -0.624162 0.774922 -0.0995922 0.546189 0.837195 -0.0279672 0.828974 0.559136 0.013005 0.801852 0.596345 0.0374888 0.796246 0.604884 -0.0103362 0.54384 0.83903 -0.0163377 0.6088 0.791919 -0.0471926 0.832262 -0.550157 0.0683122 0.770923 -0.6363 -0.0282861 0.476312 -0.878498 -0.0369949 0.504425 -0.860458 -0.0718826 0.543167 -0.839144 -0.0284203 0.0834877 -0.99489 -0.0567718 0.46351 -0.882975 -0.0742566 0.109575 -0.991376 -0.0718793 0.102193 -0.991826 -0.0763997 0.043805 -0.98877 -0.142881 -0.175527 -0.984444 0.00777747 -0.199214 -0.97883 -0.0469709 0.412274 -0.909298 -0.0566299 -0.0435739 -0.999043 -0.00381141 0.435891 -0.899246 -0.0368173 -0.00148909 -0.999641 0.0267412 0.754167 -0.656671 -0.00398664 0.746105 -0.664388 -0.043771 0.828195 -0.56029 0.012932 0.540853 -0.840953 -0.0165911 0.710114 -0.70194 -0.0549357 0.357725 -0.933823 0.0026269 0.392977 -0.919284 -0.0220522 0.710876 0.701233 -0.0541064 0.386041 -0.919989 0.0677703 0.629819 -0.776018 -0.0335355 0.424697 -0.90486 0.0293383 0.43915 -0.898173 0.0208097 0.633793 -0.772616 -0.0370237 0.789376 -0.607488 -0.088564 0.974117 -0.150918 -0.168288 0.978246 -0.149784 -0.143523 0.907176 -0.393941 -0.147789 0.797886 0.59671 -0.0855283 0.624959 0.780045 -0.0309239 0.422096 0.906143 0.0272036 0.622013 0.782495 -0.0283118 0.414912 0.90932 0.0313677 -0.530448 0.114786 -0.83991 -0.530129 0.109914 -0.840763 -0.512012 0.262448 -0.817903 -0.166461 0.400887 -0.900878 -0.0940885 0.45658 -0.884693 0.294752 0.798585 -0.52477 -0.436565 0.57082 -0.695395 -0.208948 0.744195 -0.63444 0.813428 0.570193 -0.114958 0.966668 -0.157084 -0.20218 0.90456 -0.374721 -0.20336 0.931736 -0.311026 -0.187431 0.908175 -0.393015 -0.144072 -0.092327 -0.984597 -0.148472 -0.0921353 -0.984658 -0.148188 -0.277814 -0.852618 -0.442563 -0.425581 -0.85347 0.300782 -0.804574 -0.0642609 0.590365 -0.780908 -0.215038 0.586466 -0.90789 -0.29232 -0.300474 -0.928789 -0.00737947 -0.370534 -0.954993 -0.169158 0.243667 -0.773783 -0.120514 0.621881 -0.793448 -0.151524 0.589475 -0.773118 0.120279 0.622753 -0.972209 0.147348 0.181928 -0.715116 0.381369 0.585805 -0.790698 0.170784 0.587903 -0.430436 0.844349 0.319059 -0.475392 0.804434 0.356214 -0.575354 0.782846 -0.236894 -0.634943 0.509172 -0.581026 -0.00418281 0.999968 -0.00683302 -0.00408526 0.999971 -0.00644429 0.370894 0.923588 -0.0970697 0.824551 0.510821 -0.243263 0.337708 0.885969 -0.317825 -0.465409 0.480631 -0.743228 -0.518656 0.207833 -0.829338 -0.524757 0.158398 -0.836385 -0.463843 0.48651 -0.740377 -0.525295 0.154288 -0.836815 -0.530615 0.0131648 -0.847511 -0.53223 -0.00418973 -0.846589 -0.524522 -0.15977 -0.836272 -0.466471 -0.478704 -0.743806 -0.463677 -0.487481 -0.739842 -0.279218 -0.851073 -0.444648 -0.531552 -0.012154 -0.846939 -0.524584 -0.158785 -0.836421 -0.5317 0.011928 -0.846849 -0.530319 0.000490212 -0.847798 -0.191935 0.004981 -0.981395 0.0124343 -0.0344162 -0.99933 -0.104403 -0.246826 -0.96342 0.359582 -0.482158 -0.798889 0.296866 -0.515617 -0.803747 -0.0948535 0.0623264 -0.993538 -0.886867 0.293625 -0.356724 -0.274618 0.856084 -0.437841 -0.270975 0.860407 -0.431593 -0.0926086 0.984682 -0.147734 -0.0964301 0.983446 -0.15341 -0.833192 0.103767 0.54316 -0.755118 0.371691 0.540039 -0.869695 0.121491 0.478404 -0.809063 0.369215 0.457272 -0.812088 0.340232 0.474083 -0.784467 0.332039 0.523795 -0.834971 0.121855 0.536632 -0.834537 -0.117089 0.538366 -0.709431 0.534729 0.4591 -0.695015 0.572912 0.434427 -0.786794 0.0872094 0.611024 -0.775194 -0.226181 0.589845 -0.774379 -0.237761 0.58635 0.954161 -0.115472 -0.27612 0.953681 -0.0378583 -0.298427 -0.0249408 0.998948 -0.0384948 -0.771751 0.481856 -0.414987 -0.53763 0.108079 -0.836225 -0.319827 0.557538 -0.766069 0.0771581 0.987656 0.136314 -0.15036 0.975528 0.160428 -0.116814 0.967337 0.224973 -0.870927 0.131981 0.473358 -0.897534 -0.26142 0.355094 -0.69329 -0.573223 0.436766 -0.72617 -0.57487 0.377097 0.184232 -0.981548 -0.0512112 0.671079 -0.741199 0.0166844 0.659946 -0.750092 0.0428112 0.680971 -0.728918 0.070404 0.887563 -0.447623 0.108924 0.87508 -0.468552 0.12122 0.892166 -0.428033 0.144314 0.890175 -0.431043 0.147613 0.671533 -0.736589 0.0804957 0.678857 -0.726752 0.104811 0.669287 -0.734732 0.110558 0.238618 -0.97095 0.0177981 0.216824 -0.976183 -0.00729812 0.21726 -0.976086 -0.00732967 0.200796 -0.979198 0.0292025 -0.20132 -0.97718 -0.0677458 -0.213716 -0.972846 -0.0888602 -0.630139 -0.754484 -0.183518 -0.189818 -0.979452 -0.068133 -0.626997 -0.753122 -0.199203 -0.6459 -0.741254 -0.182633 -0.594241 -0.780247 -0.195172 -0.877157 -0.392144 -0.277163 -0.885729 -0.383848 -0.261046 -0.871827 -0.401901 -0.27999 -0.944584 -0.131663 -0.300709 -0.944897 0.130318 -0.300311 -0.871742 0.40245 -0.279464 -0.939261 0.147531 -0.309877 -0.939197 -0.148036 -0.30983 -0.854299 0.42649 -0.297119 -0.93473 0.134097 -0.329085 -0.866572 0.405612 -0.290744 -0.543018 0.805297 -0.237967 -0.565977 0.803756 -0.183429 -0.853937 0.435957 -0.284136 -0.653366 0.727622 -0.208995 -0.643486 0.741957 -0.188217 -0.931379 0.146767 -0.333156 -0.931234 0.164385 -0.325239 -0.8477 0.443267 -0.29141 -0.840291 0.475931 -0.259616 -0.931285 -0.163804 -0.325385 -0.847493 -0.44362 -0.291473 -0.839927 -0.476644 -0.259487 -0.634131 -0.750768 -0.185 -0.618285 -0.771366 -0.150728 -0.214406 -0.975518 0.0489336 -0.463672 -0.873688 -0.147229 -0.25392 -0.967209 0.00568212 -0.433715 -0.893912 -0.113194 -0.0114176 -0.993756 0.110992 0.287655 -0.910104 0.298271 0.717643 -0.482091 0.50257 0.712625 -0.518349 0.472736 0.30371 -0.897697 0.319219 0.178856 -0.942576 0.282066 0.18772 -0.937554 0.292837 0.545421 -0.713884 0.439187 0.530347 -0.773144 0.347822 0.274648 -0.902484 0.3318 0.421695 -0.830097 0.364847 0.528189 -0.773487 0.350335 0.187273 -0.974406 0.124345 0.000133604 -1 -0.000186599 1.11243e-06 -1 1.29052e-05 0.00211288 -0.999998 8.82204e-05 0.165766 -0.967114 0.192904 0.0811063 -0.995341 0.0521299 0.651758 -0.757886 0.0286378 0.853684 -0.514651 -0.0797428 4.93843e-05 -1 -0.000515194 0.389145 -0.918127 -0.0748918 0.896707 -0.435252 0.0804486 0.995784 -0.0258881 0.0879966 0.126982 -0.988031 0.0875775 0.46316 -0.818151 0.340752 0.264932 -0.951836 0.154334 0.0532917 -0.974632 0.217378 -0.184606 -0.981576 0.0492778 -0.446317 -0.891435 0.0783911 -0.551012 -0.834302 -0.0180332 -0.830718 -0.517328 -0.205619 -0.028166 -0.97681 0.212246 -0.410843 -0.911665 -0.00861161 -0.428582 -0.903163 -0.0247877 -0.617823 -0.769235 -0.163011 -0.829251 -0.518386 -0.20885 -0.843858 -0.472438 -0.254374 -0.942789 -0.163616 -0.29048 -0.940396 -0.172024 -0.293366 -0.940311 0.172499 -0.293359 -0.942599 0.164493 -0.290603 -0.829787 0.517236 -0.209572 -0.84412 0.471822 -0.254649 -0.619918 0.767822 -0.161713 -0.639367 0.752218 -0.159306 -0.833207 0.514142 -0.20353 -0.588999 0.807686 -0.0268973 -0.854442 0.483599 -0.189896 -0.957174 0.196052 -0.213029 -0.971268 0.204505 -0.121724 -0.956433 0.198243 -0.214325 -0.894929 0.432349 -0.110348 -0.859067 0.490317 -0.146947 -0.668363 0.743564 -0.0201016 -0.879189 0.474627 -0.0418988 -0.685446 0.727505 0.0299995 -0.506198 0.851579 0.136296 -0.366859 0.923926 0.108518 -0.344071 0.922707 0.173858 -0.870098 0.486344 0.0799903 -0.506044 0.85173 0.135921 -0.840575 0.490625 0.22961 -0.959868 0.211722 0.183924 -0.966112 0.180075 0.184937 -0.910359 0.147446 0.386659 -0.895866 0.228671 0.380963 -0.961072 0.186363 0.203985 -0.891843 0.187416 0.411693 -0.876113 0.319698 0.360857 -0.776228 0.37808 0.504506 -0.722818 0.494485 0.482719 -0.474681 0.837759 0.269887 -0.519361 0.8216 0.235025 -0.892023 -0.186374 0.411776 -0.960008 -0.210469 0.184629 -0.961151 -0.186049 0.203899 -0.825919 -0.298759 0.478123 -0.910215 -0.146908 0.387203 -0.86289 -0.476809 0.167551 -0.852991 -0.37389 0.36416 -0.876979 -0.454587 0.15575 -0.825851 -0.478018 0.299113 -0.880807 -0.473426 0.00681931 -0.874192 -0.485579 -0.00112609 -0.885907 -0.450977 -0.108577 -0.858062 -0.494773 -0.137583 -0.971527 -0.203542 -0.12127 -0.853934 -0.484671 -0.189448 -0.957425 -0.195121 -0.212756 -0.95652 -0.19781 -0.21434 -0.47084 -0.881813 0.0267619 -0.432943 -0.901347 -0.0116143 -0.970677 -0.206287 -0.123414 -0.978139 -0.207879 0.0055772 -0.977077 -0.212684 0.00923967 -0.976854 0.213713 0.00911976 -0.970602 0.206646 -0.123404 -0.978045 0.208332 0.00503527 -0.807653 0.144854 0.571589 -0.85609 0.146631 0.495589 -0.807742 -0.144106 0.571652 -0.829982 0.102404 0.54831 -0.423772 0.894507 0.142385 -0.925443 0.378842 0.00590475 -0.549213 0.835529 0.0159965 -0.131502 0.96888 0.209713 -0.190726 0.96587 0.175269 0.989909 -0.131127 0.053728 -1.16588e-07 -1 -1.56827e-06 0.25568 -0.966595 0.0179451 0.315794 -0.94804 0.0386566 0.297246 -0.954043 0.0380263 0.269834 -0.961384 0.054138 -0.00213703 -0.999995 -0.00231584 0.189968 -0.973873 0.12443 0.530927 -0.77267 0.34799 0.756572 -0.425408 0.496616 0.716675 -0.482761 0.503308 0.456799 -0.811359 0.364735 0.452685 -0.823721 0.341409 0.17198 -0.973667 0.149653 -0.0718681 -0.996288 0.0473864 -0.194054 -0.980071 -0.0424637 -0.443571 -0.889458 -0.110042 -0.442833 -0.889017 -0.116391 -0.192991 -0.980515 -0.0366597 -0.162678 -0.985648 -0.0451032 0.167746 -0.975097 0.145078 0.193522 -0.979249 0.0601763 -0.167211 -0.985194 -0.0378549 -0.186193 -0.981784 -0.0378493 -0.600168 -0.781154 -0.172038 -0.866782 -0.405113 -0.290814 -0.565115 -0.804472 -0.182947 -0.652618 -0.728396 -0.208639 -0.551226 -0.800756 -0.234393 -0.854213 -0.426543 -0.29729 -0.853815 -0.436265 -0.284029 -0.934629 -0.134346 -0.329272 0.215873 -0.974704 0.057895 0.470684 -0.87377 0.122402 0.601686 -0.79215 0.102333 0.628648 -0.699878 0.339076 0.512426 -0.808135 0.29041 0.208912 -0.974989 0.0758395 0.573383 -0.71904 0.3927 0.759373 -0.407609 0.507156 0.76457 -0.425324 0.484285 0.530319 -0.773204 0.347731 0.555849 -0.784523 0.274872 0.576009 -0.729724 0.368398 0.779936 -0.595293 0.193202 0.753083 -0.53889 0.377443 0.908722 -0.415127 0.0435252 0.891139 -0.417121 0.178555 0.677794 -0.734223 -0.0388958 0.648404 -0.747822 0.142602 0.665899 -0.73403 0.133333 0.905232 -0.39465 0.157497 0.89153 -0.416444 0.178181 0.970035 -0.148264 0.192485 0.969652 0.152556 0.191052 0.969095 -0.151773 0.194475 0.831658 0.523326 0.185677 0.870831 0.450538 0.196644 0.882972 0.434747 0.177071 0.892144 0.410898 0.187728 0.895145 0.411206 0.172117 0.968518 0.153418 0.196049 0.971499 -0.141387 0.190261 0.971104 0.144177 0.190183 0.969727 0.159289 0.185087 0.970641 -0.157876 0.181469 0.666951 0.732913 0.13422 0.897641 0.406672 0.169879 0.890424 0.430672 0.147195 0.670598 0.733505 0.110765 0.680669 0.725065 0.104737 0.237147 0.971315 0.0175598 0.969424 0.165256 0.181407 0.969864 -0.162523 0.181524 0.802948 -0.576078 0.152999 0.318046 -0.945586 0.0686573 0.353652 -0.931675 0.0831368 0.243971 -0.956858 0.1578 0.280579 -0.956887 0.0751173 0.428821 -0.88227 0.194199 0.815781 -0.550865 0.176207 0.538132 -0.798305 0.270411 0.922009 -0.338685 0.187592 0.733803 -0.662703 0.149527 0.89639 -0.410545 0.167148 0.754548 -0.478592 0.449008 0.530384 -0.773163 0.347725 0.190509 -0.973708 0.1249 0.222732 -0.973911 0.0434457 0.454356 -0.887302 0.0790948 -0.641717 -0.744591 -0.183802 -0.931407 -0.146559 -0.333169 -0.598624 0.781651 -0.175129 -0.87961 0.387977 -0.275244 -0.950635 0.148543 -0.272447 -0.950405 -0.150044 -0.27243 0.202114 0.978954 0.0282746 0.632699 0.672631 0.383743 -0.0441573 0.993765 0.102375 0.427944 0.836212 0.342947 0.302898 0.902559 0.306006 0.336363 0.880273 0.334634 0.471453 0.820476 0.323345 0.525299 0.777019 0.346845 0.530101 0.773441 0.347536 0.189762 0.973916 0.12441 -0.00845458 0.999934 -0.00775923 0.970837 0.195093 0.139335 0.763347 0.636548 0.110039 0.967576 0.190943 0.165342 0.969378 0.184896 0.161617 0.969323 0.16555 0.181675 0.968186 0.217969 0.122901 0.967934 -0.219096 0.122886 0.97223 -0.20659 0.109951 0.976502 -0.207186 0.0593061 0.955993 -0.286485 0.0632805 0.982298 -0.185694 0.0246653 -0.003111 0.999995 0.000745649 0.864688 -0.492903 -0.0967527 0.96044 -0.253956 -0.114289 0.534847 -0.838443 -0.104649 0.551364 -0.823491 -0.133646 0.49483 -0.868491 0.0294303 0.18873 -0.981531 -0.0312873 0.33736 -0.9182 0.207597 0.4583 -0.173836 0.871632 0.013893 -0.165097 0.98618 -0.435753 -0.192699 0.879197 0.0153055 -0.16294 0.986517 -0.351326 -0.697623 0.624414 -0.000167408 0.999983 0.00578678 -0.504097 -0.0817291 0.859771 0.0077582 0.999356 0.0350364 -4.20845e-08 1 1.47082e-07 0.855218 -0.0882694 0.510696 -2.32012e-06 1 -4.89325e-07 0.84955 -0.100517 0.517843 0.507795 -0.101253 0.855507 0.990115 -0.13784 0.0259309 0.986808 -0.157319 0.0382135 0.964457 -0.124407 -0.23312 0.93925 -0.260797 -0.223148 0.995564 -0.0938027 0.00734846 0.995552 -0.0942088 0 0.971025 -0.103912 -0.215206 0.969608 -0.104307 -0.221313 -0.0666261 0.997778 0 0.887882 -0.405939 -0.216516 0.745518 -0.665626 -0.0338319 0.741405 -0.651822 -0.159521 -0.738527 -0.24665 0.627488 0.0344575 -0.999094 -0.0249602 0.983549 0.0699533 -0.166545 0.988458 0.011656 -0.151047 0.238623 -0.0975863 0.966197 -0.593374 -0.658789 0.462498 0.0249235 -0.999538 -0.0174229 0.79346 -0.0187512 -0.608334 0.800555 -0.0791144 -0.594015 0.0215632 -0.999717 -0.0100954 0.64159 -0.711522 -0.286528 0.888901 -0.0996219 -0.447135 0.657494 -0.737108 -0.156118 0.217262 -0.972088 -0.0885514 -0.356125 -0.932805 0.0552296 -0.846711 0.100264 0.52252 -0.652014 0.00277849 0.758202 0.613571 -0.000157515 0.789639 0.890649 0.410889 -0.194717 0.950313 0.198618 -0.239701 0.972407 0.102515 -0.209561 0.000125828 -1 -0.000170486 0.00426599 -0.999881 -0.0148192 -6.27812e-08 -1 4.96132e-08 -2.19716e-07 -1 -2.20219e-07 4.20959e-08 -1 -1.46992e-07 0.995607 0.0932886 0.0079862 -0.0603554 -0.998177 0 0.995598 0.0937269 0 0.969383 0.103601 -0.222626 -2.29455e-07 -1 -1.03217e-06 0.857176 0.0574431 0.511811 0.822511 0.143372 0.550381 -2.54793e-09 -1 -2.03096e-07 0.495296 0.105222 0.862328 0.502764 0.0947653 0.859214 0.622875 0.709656 0.329264 0.709703 0.703356 0.0401638 0.909886 0.413121 -0.0379397 0.99765 0.0683799 -0.00435691 0.0299882 0.116058 0.99279 0.0125038 0.0804511 0.99668 -0.471569 0.133956 0.871595 -0.497308 0.0964149 0.8622 -0.672602 0.165531 0.721253 0.85175 0.50233 -0.148948 0.752803 0.657416 -0.033034 0.816068 0.575401 -0.0542918 4.83854e-07 -1 -9.40952e-08 -1.9055e-08 -1 -1.77065e-07 0.275689 0.734723 0.619821 -0.22924 -0.0125753 0.973289 0.00015656 -1 8.87956e-05 0.868897 0.00399744 0.494976 -0.179073 0 0.983836 0.874413 0 0.485183 0.00377652 -0.999978 0.00546368 0.00633593 -0.999924 0.0105491 0.429931 -0.58605 0.686807 0.527228 -0.135068 0.83892 0.892173 0.250391 0.375942 0.722517 -0.459546 0.516515 -0.254768 0.372322 -0.892451 0.767937 0.629467 -0.11851 0.765365 0.636654 -0.0942766 0.504995 0.863092 0.00728295 0.740426 0.62643 0.243631 0.713146 0.456203 0.53226 0.899639 0.399825 0.175468 0.400908 0.915993 -0.0151628 0.293841 0.950577 0.100305 0.191421 0.97377 0.123004 0.176621 0.979629 0.0955586 0.420847 0.906702 0.0279255 0.191495 0.973766 0.122917 0.105536 0.982458 0.153746 0.0927124 0.984572 0.148402 0.102398 0.98742 0.120488 -0.358298 0.70293 -0.61442 -0.443214 0.53399 -0.720011 0.0419835 0.982234 0.182904 -0.341767 0.808416 0.479227 -0.300496 0.857814 0.416962 -0.260375 0.881784 0.39327 -0.107366 0.950385 0.291959 -0.302658 0.861978 0.406684 -0.112249 0.949437 0.293204 -0.198595 0.894454 0.40064 -0.19874 0.935785 0.291221 -0.276384 0.918059 0.284216 -0.0405648 0.970936 0.235879 0.0206881 0.98597 0.165637 0.0499798 0.975288 0.215208 0.0147904 0.975739 0.218437 0.055966 0.984113 0.168491 0.319105 0.65822 0.68185 0.491137 0.0894428 0.866478 0.318148 0.389442 0.864359 0.530581 -0.0740833 0.84439 0.527012 -0.110241 0.842677 0.389496 -0.00481648 0.921015 0.176797 -0.376795 0.909268 0.419625 -0.610189 0.672 -0.0718629 0.155337 0.985244 -0.512039 -0.773766 0.372963 -0.746173 -0.359849 0.56012 -0.68497 -0.490064 0.539123 0.00175581 -0.999953 0.00951448 0.00224557 -0.999954 0.00934403 0.0026201 -0.999953 0.00937821 -0.863191 -0.01568 0.504634 -0.851373 0.0392661 0.523089 0.255442 -0.919041 0.30019 -0.225102 -0.974335 0.000978823 0.414593 -0.540849 0.731844 -0.705718 -0.198153 0.680218 0.360413 -0.749479 0.555323 -0.739366 0.299394 0.603076 -0.764181 0.276939 0.582523 -0.715388 0.273528 0.642964 -0.690441 0.374974 0.618615 -0.643626 0.453377 0.6166 -0.624768 0.50377 0.596557 -0.497643 0.680467 0.537882 -0.51 0.653466 0.559359 -0.810678 0.465273 -0.355418 -0.42898 0.839629 -0.333166 -0.342627 0.835723 -0.429154 -0.601867 0.270754 -0.751298 -0.574397 0.0751771 -0.815117 -0.875145 0.459081 -0.152862 -0.787416 0.353818 -0.504765 -0.861072 0.362235 0.356848 -0.963342 0.203072 -0.175312 -0.753801 0.0835176 0.651774 -0.743496 0.207344 0.635784 -0.600951 -0.000820686 -0.799285 -0.6807 -0.016282 -0.732382 -0.531626 -0.000636279 -0.846979 -0.531467 7.9304e-05 -0.847079 -0.531379 3.88202e-05 -0.847134 -0.53147 7.76456e-05 -0.847077 -0.361672 -0.747772 -0.556804 -0.529526 -0.619292 -0.579724 -0.0991486 -0.952363 0.288399 -0.101065 -0.951994 0.288951 0.0213226 -0.981579 0.189865 0.0646926 -0.98765 0.142698 0.0208296 -0.981298 0.191367 0.0495714 -0.979105 0.197221 0.187842 -0.973241 0.132353 0.123788 -0.982067 0.142197 0.417528 -0.908616 -0.00936345 0.160533 -0.981304 0.10617 0.336505 -0.938922 0.072045 0.552128 -0.204298 0.808342 0.557999 0.0395894 0.828897 0.53027 0.0771031 0.844315 0.529531 0.0791498 0.84459 0.514116 0.252371 0.819752 0.513585 0.257104 0.818614 0.428071 0.592065 0.682799 0.255956 -0.135221 0.957184 0.531553 0.0822895 0.843018 -0.263922 -0.919797 0.290375 -0.284793 -0.895176 0.342859 -0.195661 -0.898683 0.392539 -0.659495 -0.609999 0.43928 -0.544393 -0.591039 0.595239 -0.532677 -0.710142 0.460384 -0.284928 -0.873675 0.394346 -0.511884 -0.691026 0.51035 -0.687593 -0.510873 0.51597 0.00382911 0.999958 0.00833016 0.00390631 0.999958 0.00834033 -0.681583 0.511281 0.523484 0.0017042 0.999958 0.00903136 -0.86337 0 0.504572 -0.860751 -0.0126337 0.508869 -0.636197 0.59306 0.49349 -0.227226 0.790426 0.568855 0.773044 0.51304 -0.373087 -0.756352 -0.254944 0.602442 -0.654417 -0.451948 0.606202 -0.643013 -0.459847 0.612434 -0.724619 -0.245259 0.64403 -0.724499 -0.238754 0.646604 -0.932733 -0.175238 -0.31512 -0.75831 -0.0840854 0.646449 -0.75295 -0.0503842 0.656146 -0.762504 0.122249 0.635329 0.460041 0.57076 0.680144 0.499679 0.122435 0.857514 0.534095 -0.0737306 0.842203 -0.855045 0.00355231 0.518542 0.52743 -0.000519665 0.849598 0.531339 1.54472e-05 0.847159 0.531374 -0.00041044 0.847137 0.529509 1.44422e-05 0.848304 0.991533 -0.00899626 0.12954 0.906216 -0.0944414 -0.412132 0.927315 -0.117456 -0.355373 0.910013 0.091341 -0.404392 0.904916 0.0503183 -0.422606 0.908004 -0.108245 -0.404736 -0.271434 -0.0461589 -0.96135 0.319261 -0.129558 -0.938769 0.88634 -0.256522 -0.385485 0.881585 -0.304687 -0.360519 0.859698 -0.362896 -0.35948 0.182746 -0.328599 -0.926621 0.41809 -0.44909 -0.789632 -0.531444 5.03579e-05 -0.847094 -0.41759 -0.0328656 -0.908041 -0.449232 -0.161733 -0.878654 0.548873 -0.831871 -0.0820314 0.501808 -0.860499 -0.08792 -0.122243 -0.450594 -0.88432 0.334766 -0.624444 -0.705692 0.824918 -0.48141 -0.296234 0.808805 -0.50622 -0.299291 0.835101 -0.499133 -0.23124 0.785335 -0.607 -0.121658 0.683948 -0.700534 -0.203634 0.714788 -0.687719 -0.126965 0.772499 -0.618546 -0.143688 0.527005 -0.849195 -0.0336569 0.454866 -0.889314 0.0470891 0.894578 0.414266 -0.167673 0.65533 0.741166 -0.145656 0.958135 0.0222725 -0.285448 0.942978 -0.0505061 -0.329 0.00423545 0.999967 0.00698197 0.0195475 0.999782 0.00729929 0.910216 0.0395135 -0.412244 0.802596 0.58162 0.132505 0.904887 -0.359523 -0.227866 0.880177 -0.400816 -0.254234 0.897061 -0.321196 -0.303505 0.917768 -0.242527 -0.314457 0.520283 0.011815 0.853912 0.549934 0.120912 0.826409 0.915565 0.0144523 -0.40191 0.418789 0.535036 0.733725 0.336648 0.837572 0.430281 0.100446 0.97184 0.213161 0.895952 -0.302903 -0.324837 0.891409 -0.407365 -0.198606 0.658548 0.738047 -0.146975 0.4225 -0.00319258 0.906357 0.528044 -0.0544963 0.847466 0.00423719 0.999967 0.00697864 2.13014e-09 1 1.55091e-07 -2.10266e-06 1 -1.39073e-06 0.533893 0.0193614 0.84533 0.856705 -0.013997 0.515617 -4.62077e-08 1 2.53868e-07 -1.46306e-06 1 -1.93513e-06 0.00426606 0.999968 0.00677729 0.0326873 0.99817 0.0508646 0.0053521 0.999947 0.00884887 0.00431755 0.999967 0.00688138 0.193319 0.931435 0.308313 0.53143 -0.00149005 0.847101 0.532607 0.00776636 0.846327 0.196401 0.929234 0.312972 0.777135 0.624488 0.0779489 0.742314 0.664167 0.0886149 0.840446 0.457863 0.289849 0.540253 -0.841375 -0.0146576 0.758049 -0.643868 -0.103907 -0.324745 -0.409378 -0.852614 0.751783 -0.21477 0.623455 0.850083 -0.274334 0.449555 0.897044 -0.431569 0.0951853 0.42485 0.600738 0.677212 0.877403 0 0.479754 -0.179073 0 0.983836 -0.179073 0 0.983836 1.18615e-09 1 1.66191e-07 -6.06156e-08 1 1.68665e-07 0.716967 -0.6685 -0.197651 0.381057 -0.924288 -0.0220584 0.317507 -0.94817 0.0127544 0.294342 -0.953975 0.0574017 0.339901 -0.938844 0.0551262 0.198787 -0.975884 0.0901939 0.21055 -0.971277 0.110857 -0.136009 -0.921672 -0.363348 0.140232 -0.985853 0.0918055 0.116609 -0.984283 0.132628 -0.440351 -0.524896 -0.728406 -0.109666 -0.893558 -0.435347 -0.501706 -0.0858356 -0.860769 -0.531475 7.75163e-05 -0.847074 0.844189 0.0560922 -0.533103 0.89165 0.23834 -0.384909 0.891836 0.262111 -0.368682 0.849501 0.473894 -0.231888 0.820956 0.48138 -0.30709 0.909934 0.291552 -0.294989 0.910199 0.303948 -0.281343 0.963194 -0.0987449 -0.250012 0.706389 -0.692218 -0.147812 0.00426481 -0.99997 0.0064624 0.0392935 -0.998919 0.0248472 0.64579 -0.757853 0.0928185 0.40573 -0.576425 0.709308 0.911681 -0.0331878 -0.409555 0.560586 -0.120834 0.819233 0.915458 -0.0152252 -0.402124 0.958372 0.00165216 -0.285518 -2.01169e-08 -1 -1.62579e-07 8.00735e-06 -1 -4.61995e-07 0.922022 -0.0070032 -0.387074 0.420573 0.0018613 0.907257 0.490691 0.0353782 0.870615 0.00470252 -0.999956 0.0080604 0.531694 -0.000675783 0.846936 0.00480753 -0.999959 0.00765581 0.533723 0.015615 0.845515 7.80587e-07 -1 1.09077e-06 0.183845 -0.9384 0.292586 0.678471 -0.696819 0.232638 0.831968 -0.551759 -0.0582273 0.958797 0.0042952 -0.28406 0.00659988 -0.999966 0.00502759 0.0834252 -0.981339 0.173245 0.344342 -0.827181 0.444072 0.84495 0.443988 -0.298219 0.730995 0.638029 -0.242002 0.659118 0.738484 -0.142142 0.679569 0.709715 -0.185718 0.509232 0.85601 -0.0890463 0.480694 0.87532 -0.0524165 -0.422906 0.273692 -0.863854 0.197377 0.976798 0.0831136 -0.0715443 0.941865 -0.328287 0.307638 0.950825 0.0359274 0.191724 0.977252 0.0906706 0.338639 0.940898 -0.00587342 -0.298335 0.563155 -0.770618 -0.415202 0.0537209 -0.908142 -0.528772 0.00320592 -0.848758 -0.0286099 0.157326 -0.987132 0.264206 0.188137 -0.945939 0.493406 0.869426 -0.0254496 0.424889 0.902499 0.0704583 0.768011 0.629624 -0.117185 0.780082 0.607152 -0.151122 0.788262 0.606536 -0.103717 0.703791 0.699244 -0.125445 0.4207 0.906762 0.0281978 0.209097 0.79835 -0.564726 -3.97778e-07 -1 2.24712e-07 6.95323e-05 -1 -5.79599e-05 0.548583 -0.117103 0.827855 0.160313 0.968067 0.192734 0.234285 0.850813 0.470349 -0.821984 0.0301378 0.568712 -0.692103 -0.476096 0.542519 -0.709146 -0.293976 -0.640851 -0.59152 -0.780684 -0.201585 -0.267415 -0.877612 0.397852 -0.282164 -0.864007 0.416983 -0.487232 -0.687049 0.539044 -0.464912 -0.700318 0.541675 -0.642715 -0.470183 0.604852 -0.773281 -0.390762 -0.499341 -0.488777 -0.699808 0.520927 -0.753424 -0.259473 0.604174 -0.666892 -0.48177 0.568465 -0.761595 -0.148196 0.630881 -0.757897 0.274798 0.591674 -0.528796 0.486437 0.695524 -0.807944 -0.14599 0.570888 0.177977 0.4073 0.895785 0.145812 0.030305 0.988848 -0.0424181 -0.199281 0.979024 -0.111285 -0.953894 0.278751 0.0381677 -0.974189 0.222486 0.00304035 -0.984281 0.176582 -0.0244046 -0.973671 0.22665 0.529514 0.0791055 0.844605 0.134261 -0.979521 0.150042 -0.463878 -0.739712 -0.487486 -0.321849 -0.923121 -0.210383 -0.533099 -0.0039033 -0.846044 -0.922577 -0.0150996 -0.385518 -0.529036 0.672078 0.518104 -0.562803 0.586335 0.582635 -0.669766 0.480307 0.56632 -0.745236 0.283852 0.603367 -0.664756 0.602312 0.44195 -0.763993 0.344692 0.545437 -0.695474 0.495025 0.520833 -0.53136 0.708216 0.464851 -0.380195 -0.853415 0.356558 0.184679 -0.937795 0.293997 0.529561 -0.0773846 0.844735 0.143292 0.979874 0.138975 0.533355 -0.0676041 0.843185 -0.38041 0.828791 0.410359</float_array>
                    <technique_common>
                        <accessor count="2120" source="#shape0-lib-normals-array" stride="3">
                            <param name="X" type="float"/>
                            <param name="Y" type="float"/>
                            <param name="Z" type="float"/>
                        </accessor>
                    </technique_common>
                </source>
                <source id="shape0-lib-map" name="map">
                    <float_array id="shape0-lib-map-array" count="12720">0 0 0 0 0 0 0 0 0 0 0 0 0 0 0 0 0 0 0 0 0 0 0 0 0 0 0 0 0 0 0 0 0 0 0 0 0 0 0 0 0 0 0 0 0 0 0 0 0 0 0 0 0 0 0 0 0 0 0 0 0 0 0 0 0 0 0 0 0 0 0 0 0 0 0 0 0 0 0 0 0 0 0 0 0 0 0 0 0 0 0 0 0 0 0 0 0 0 0 0 0 0 0 0 0 0 0 0 0 0 0 0 0 0 0 0 0 0 0 0 0 0 0 0 0 0 0 0 0 0 0 0 0 0 0 0 0 0 0 0 0 0 0 0 0 0 0 0 0 0 0 0 0 0 0 0 0 0 0 0 0 0 0 0 0 0 0 0 0 0 0 0 0 0 0 0 0 0 0 0 0 0 0 0 0 0 0 0 0 0 0 0 0 0 0 0 0 0 0 0 0 0 0 0 0 0 0 0 0 0 0 0 0 0 0 0 0 0 0 0 0 0 0 0 0 0 0 0 0 0 0 0 0 0 0 0 0 0 0 0 0 0 0 0 0 0 0 0 0 0 0 0 0 0 0 0 0 0 0 0 0 0 0 0 0 0 0 0 0 0 0 0 0 0 0 0 0 0 0 0 0 0 0 0 0 0 0 0 0 0 0 0 0 0 0 0 0 0 0 0 0 0 0 0 0 0 0 0 0 0 0 0 0 0 0 0 0 0 0 0 0 0 0 0 0 0 0 0 0 0 0 0 0 0 0 0 0 0 0 0 0 0 0 0 0 0 0 0 0 0 0 0 0 0 0 0 0 0 0 0 0 0 0 0 0 0 0 0 0 0 0 0 0 0 0 0 0 0 0 0 0 0 0 0 0 0 0 0 0 0 0 0 0 0 0 0 0 0 0 0 0 0 0 0 0 0 0 0 0 0 0 0 0 0 0 0 0 0 0 0 0 0 0 0 0 0 0 0 0 0 0 0 0 0 0 0 0 0 0 0 0 0 0 0 0 0 0 0 0 0 0 0 0 0 0 0 0 0 0 0 0 0 0 0 0 0 0 0 0 0 0 0 0 0 0 0 0 0 0 0 0 0 0 0 0 0 0 0 0 0 0 0 0 0 0 0 0 0 0 0 0 0 0 0 0 0 0 0 0 0 0 0 0 0 0 0 0 0 0 0 0 0 0 0 0 0 0 0 0 0 0 0 0 0 0 0 0 0 0 0 0 0 0 0 0 0 0 0 0 0 0 0 0 0 0 0 0 0 0 0 0 0 0 0 0 0 0 0 0 0 0 0 0 0 0 0 0 0 0 0 0 0 0 0 0 0 0 0 0 0 0 0 0 0 0 0 0 0 0 0 0 0 0 0 0 0 0 0 0 0 0 0 0 0 0 0 0 0 0 0 0 0 0 0 0 0 0 0 0 0 0 0 0 0 0 0 0 0 0 0 0 0 0 0 0 0 0 0 0 0 0 0 0 0 0 0 0 0 0 0 0 0 0 0 0 0 0 0 0 0 0 0 0 0 0 0 0 0 0 0 0 0 0 0 0 0 0 0 0 0 0 0 0 0 0 0 0 0 0 0 0 0 0 0 0 0 0 0 0 0 0 0 0 0 0 0 0 0 0 0 0 0 0 0 0 0 0 0 0 0 0 0 0 0 0 0 0 0 0 0 0 0 0 0 0 0 0 0 0 0 0 0 0 0 0 0 0 0 0 0 0 0 0 0 0 0 0 0 0 0 0 0 0 0 0 0 0 0 0 0 0 0 0 0 0 0 0 0 0 0 0 0 0 0 0 0 0 0 0 0 0 0 0 0 0 0 0 0 0 0 0 0 0 0 0 0 0 0 0 0 0 0 0 0 0 0 0 0 0 0 0 0 0 0 0 0 0 0 0 0 0 0 0 0 0 0 0 0 0 0 0 0 0 0 0 0 0 0 0 0 0 0 0 0 0 0 0 0 0 0 0 0 0 0 0 0 0 0 0 0 0 0 0 0 0 0 0 0 0 0 0 0 0 0 0 0 0 0 0 0 0 0 0 0 0 0 0 0 0 0 0 0 0 0 0 0 0 0 0 0 0 0 0 0 0 0 0 0 0 0 0 0 0 0 0 0 0 0 0 0 0 0 0 0 0 0 0 0 0 0 0 0 0 0 0 0 0 0 0 0 0 0 0 0 0 0 0 0 0 0 0 0 0 0 0 0 0 0 0 0 0 0 0 0 0 0 0 0 0 0 0 0 0 0 0 0 0 0 0 0 0 0 0 0 0 0 0 0 0 0 0 0 0 0 0 0 0 0 0 0 0 0 0 0 0 0 0 0 0 0 0 0 0 0 0 0 0 0 0 0 0 0 0 0 0 0 0 0 0 0 0 0 0 0 0 0 0 0 0 0 0 0 0 0 0 0 0 0 0 0 0 0 0 0 0 0 0 0 0 0 0 0 0 0 0 0 0 0 0 0 0 0 0 0 0 0 0 0 0 0 0 0 0 0 0 0 0 0 0 0 0 0 0 0 0 0 0 0 0 0 0 0 0 0 0 0 0 0 0 0 0 0 0 0 0 0 0 0 0 0 0 0 0 0 0 0 0 0 0 0 0 0 0 0 0 0 0 0 0 0 0 0 0 0 0 0 0 0 0 0 0 0 0 0 0 0 0 0 0 0 0 0 0 0 0 0 0 0 0 0 0 0 0 0 0 0 0 0 0 0 0 0 0 0 0 0 0 0 0 0 0 0 0 0 0 0 0 0 0 0 0 0 0 0 0 0 0 0 0 0 0 0 0 0 0 0 0 0 0 0 0 0 0 0 0 0 0 0 0 0 0 0 0 0 0 0 0 0 0 0 0 0 0 0 0 0 0 0 0 0 0 0 0 0 0 0 0 0 0 0 0 0 0 0 0 0 0 0 0 0 0 0 0 0 0 0 0 0 0 0 0 0 0 0 0 0 0 0 0 0 0 0 0 0 0 0 0 0 0 0 0 0 0 0 0 0 0 0 0 0 0 0 0 0 0 0 0 0 0 0 0 0 0 0 0 0 0 0 0 0 0 0 0 0 0 0 0 0 0 0 0 0 0 0 0 0 0 0 0 0 0 0 0 0 0 0 0 0 0 0 0 0 0 0 0 0 0 0 0 0 0 0 0 0 0 0 0 0 0 0 0 0 0 0 0 0 0 0 0 0 0 0 0 0 0 0 0 0 0 0 0 0 0 0 0 0 0 0 0 0 0 0 0 0 0 0 0 0 0 0 0 0 0 0 0 0 0 0 0 0 0 0 0 0 0 0 0 0 0 0 0 0 0 0 0 0 0 0 0 0 0 0 0 0 0 0 0 0 0 0 0 0 0 0 0 0 0 0 0 0 0 0 0 0 0 0 0 0 0 0 0 0 0 0 0 0 0 0 0 0 0 0 0 0 0 0 0 0 0 0 0 0 0 0 0 0 0 0 0 0 0 0 0 0 0 0 0 0 0 0 0 0 0 0 0 0 0 0 0 0 0 0 0 0 0 0 0 0 0 0 0 0 0 0 0 0 0 0 0 0 0 0 0 0 0 0 0 0 0 0 0 0 0 0 0 0 0 0 0 0 0 0 0 0 0 0 0 0 0 0 0 0 0 0 0 0 0 0 0 0 0 0 0 0 0 0 0 0 0 0 0 0 0 0 0 0 0 0 0 0 0 0 0 0 0 0 0 0 0 0 0 0 0 0 0 0 0 0 0 0 0 0 0 0 0 0 0 0 0 0 0 0 0 0 0 0 0 0 0 0 0 0 0 0 0 0 0 0 0 0 0 0 0 0 0 0 0 0 0 0 0 0 0 0 0 0 0 0 0 0 0 0 0 0 0 0 0 0 0 0 0 0 0 0 0 0 0 0 0 0 0 0 0 0 0 0 0 0 0 0 0 0 0 0 0 0 0 0 0 0 0 0 0 0 0 0 0 0 0 0 0 0 0 0 0 0 0 0 0 0 0 0 0 0 0 0 0 0 0 0 0 0 0 0 0 0 0 0 0 0 0 0 0 0 0 0 0 0 0 0 0 0 0 0 0 0 0 0 0 0 0 0 0 0 0 0 0 0 0 0 0 0 0 0 0 0 0 0 0 0 0 0 0 0 0 0 0 0 0 0 0 0 0 0 0 0 0 0 0 0 0 0 0 0 0 0 0 0 0 0 0 0 0 0 0 0 0 0 0 0 0 0 0 0 0 0 0 0 0 0 0 0 0 0 0 0 0 0 0 0 0 0 0 0 0 0 0 0 0 0 0 0 0 0 0 0 0 0 0 0 0 0 0 0 0 0 0 0 0 0 0 0 0 0 0 0 0 0 0 0 0 0 0 0 0 0 0 0 0 0 0 0 0 0 0 0 0 0 0 0 0 0 0 0 0 0 0 0 0 0 0 0 0 0 0 0 0 0 0 0 0 0 0 0 0 0 0 0 0 0 0 0 0 0 0 0 0 0 0 0 0 0 0 0 0 0 0 0 0 0 0 0 0 0 0 0 0 0 0 0 0 0 0 0 0 0 0 0 0 0 0 0 0 0 0 0 0 0 0 0 0 0 0 0 0 0 0 0 0 0 0 0 0 0 0 0 0 0 0 0 0 0 0 0 0 0 0 0 0 0 0 0 0 0 0 0 0 0 0 0 0 0 0 0 0 0 0 0 0 0 0 0 0 0 0 0 0 0 0 0 0 0 0 0 0 0 0 0 0 0 0 0 0 0 0 0 0 0 0 0 0 0 0 0 0 0 0 0 0 0 0 0 0 0 0 0 0 0 0 0 0 0 0 0 0 0 0 0 0 0 0 0 0 0 0 0 0 0 0 0 0 0 0 0 0 0 0 0 0 0 0 0 0 0 0 0 0 0 0 0 0 0 0 0 0 0 0 0 0 0 0 0 0 0 0 0 0 0 0 0 0 0 0 0 0 0 0 0 0 0 0 0 0 0 0 0 0 0 0 0 0 0 0 0 0 0 0 0 0 0 0 0 0 0 0 0 0 0 0 0 0 0 0 0 0 0 0 0 0 0 0 0 0 0 0 0 0 0 0 0 0 0 0 0 0 0 0 0 0 0 0 0 0 0 0 0 0 0 0 0 0 0 0 0 0 0 0 0 0 0 0 0 0 0 0 0 0 0 0 0 0 0 0 0 0 0 0 0 0 0 0 0 0 0 0 0 0 0 0 0 0 0 0 0 0 0 0 0 0 0 0 0 0 0 0 0 0 0 0 0 0 0 0 0 0 0 0 0 0 0 0 0 0 0 0 0 0 0 0 0 0 0 0 0 0 0 0 0 0 0 0 0 0 0 0 0 0 0 0 0 0 0 0 0 0 0 0 0 0 0 0 0 0 0 0 0 0 0 0 0 0 0 0 0 0 0 0 0 0 0 0 0 0 0 0 0 0 0 0 0 0 0 0 0 0 0 0 0 0 0 0 0 0 0 0 0 0 0 0 0 0 0 0 0 0 0 0 0 0 0 0 0 0 0 0 0 0 0 0 0 0 0 0 0 0 0 0 0 0 0 0 0 0 0 0 0 0 0 0 0 0 0 0 0 0 0 0 0 0 0 0 0 0 0 0 0 0 0 0 0 0 0 0 0 0 0 0 0 0 0 0 0 0 0 0 0 0 0 0 0 0 0 0 0 0 0 0 0 0 0 0 0 0 0 0 0 0 0 0 0 0 0 0 0 0 0 0 0 0 0 0 0 0 0 0 0 0 0 0 0 0 0 0 0 0 0 0 0 0 0 0 0 0 0 0 0 0 0 0 0 0 0 0 0 0 0 0 0 0 0 0 0 0 0 0 0 0 0 0 0 0 0 0 0 0 0 0 0 0 0 0 0 0 0 0 0 0 0 0 0 0 0 0 0 0 0 0 0 0 0 0 0 0 0 0 0 0 0 0 0 0 0 0 0 0 0 0 0 0 0 0 0 0 0 0 0 0 0 0 0 0 0 0 0 0 0 0 0 0 0 0 0 0 0 0 0 0 0 0 0 0 0 0 0 0 0 0 0 0 0 0 0 0 0 0 0 0 0 0 0 0 0 0 0 0 0 0 0 0 0 0 0 0 0 0 0 0 0 0 0 0 0 0 0 0 0 0 0 0 0 0 0 0 0 0 0 0 0 0 0 0 0 0 0 0 0 0 0 0 0 0 0 0 0 0 0 0 0 0 0 0 0 0 0 0 0 0 0 0 0 0 0 0 0 0 0 0 0 0 0 0 0 0 0 0 0 0 0 0 0 0 0 0 0 0 0 0 0 0 0 0 0 0 0 0 0 0 0 0 0 0 0 0 0 0 0 0 0 0 0 0 0 0 0 0 0 0 0 0 0 0 0 0 0 0 0 0 0 0 0 0 0 0 0 0 0 0 0 0 0 0 0 0 0 0 0 0 0 0 0 0 0 0 0 0 0 0 0 0 0 0 0 0 0 0 0 0 0 0 0 0 0 0 0 0 0 0 0 0 0 0 0 0 0 0 0 0 0 0 0 0 0 0 0 0 0 0 0 0 0 0 0 0 0 0 0 0 0 0 0 0 0 0 0 0 0 0 0 0 0 0 0 0 0 0 0 0 0 0 0 0 0 0 0 0 0 0 0 0 0 0 0 0 0 0 0 0 0 0 0 0 0 0 0 0 0 0 0 0 0 0 0 0 0 0 0 0 0 0 0 0 0 0 0 0 0 0 0 0 0 0 0 0 0 0 0 0 0 0 0 0 0 0 0 0 0 0 0 0 0 0 0 0 0 0 0 0 0 0 0 0 0 0 0 0 0 0 0 0 0 0 0 0 0 0 0 0 0 0 0 0 0 0 0 0 0 0 0 0 0 0 0 0 0 0 0 0 0 0 0 0 0 0 0 0 0 0 0 0 0 0 0 0 0 0 0 0 0 0 0 0 0 0 0 0 0 0 0 0 0 0 0 0 0 0 0 0 0 0 0 0 0 0 0 0 0 0 0 0 0 0 0 0 0 0 0 0 0 0 0 0 0 0 0 0 0 0 0 0 0 0 0 0 0 0 0 0 0 0 0 0 0 0 0 0 0 0 0 0 0 0 0 0 0 0 0 0 0 0 0 0 0 0 0 0 0 0 0 0 0 0 0 0 0 0 0 0 0 0 0 0 0 0 0 0 0 0 0 0 0 0 0 0 0 0 0 0 0 0 0 0 0 0 0 0 0 0 0 0 0 0 0 0 0 0 0 0 0 0 0 0 0 0 0 0 0 0 0 0 0 0 0 0 0 0 0 0 0 0 0 0 0 0 0 0 0 0 0 0 0 0 0 0 0 0 0 0 0 0 0 0 0 0 0 0 0 0 0 0 0 0 0 0 0 0 0 0 0 0 0 0 0 0 0 0 0 0 0 0 0 0 0 0 0 0 0 0 0 0 0 0 0 0 0 0 0 0 0 0 0 0 0 0 0 0 0 0 0 0 0 0 0 0 0 0 0 0 0 0 0 0 0 0 0 0 0 0 0 0 0 0 0 0 0 0 0 0 0 0 0 0 0 0 0 0 0 0 0 0 0 0 0 0 0 0 0 0 0 0 0 0 0 0 0 0 0 0 0 0 0 0 0 0 0 0 0 0 0 0 0 0 0 0 0 0 0 0 0 0 0 0 0 0 0 0 0 0 0 0 0 0 0 0 0 0 0 0 0 0 0 0 0 0 0 0 0 0 0 0 0 0 0 0 0 0 0 0 0 0 0 0 0 0 0 0 0 0 0 0 0 0 0 0 0 0 0 0 0 0 0 0 0 0 0 0 0 0 0 0 0 0 0 0 0 0 0 0 0 0 0 0 0 0 0 0 0 0 0 0 0 0 0 0 0 0 0 0 0 0 0 0 0 0 0 0 0 0 0 0 0 0 0 0 0 0 0 0 0 0 0 0 0 0 0 0 0 0 0 0 0 0 0 0 0 0 0 0 0 0 0 0 0 0 0 0 0 0 0 0 0 0 0 0 0 0 0 0 0 0 0 0 0 0 0 0 0 0 0 0 0 0 0 0 0 0 0 0 0 0 0 0 0 0 0 0 0 0 0 0 0 0 0 0 0 0 0 0 0 0 0 0 0 0 0 0 0 0 0 0 0 0 0 0 0 0 0 0 0 0 0 0 0 0 0 0 0 0 0 0 0 0 0 0 0 0 0 0 0 0 0 0 0 0 0 0 0 0 0 0 0 0 0 0 0 0 0 0 0 0 0 0 0 0 0 0 0 0 0 0 0 0 0 0 0 0 0 0 0 0 0 0 0 0 0 0 0 0 0 0 0 0 0 0 0 0 0 0 0 0 0 0 0 0 0 0 0 0 0 0 0 0 0 0 0 0 0 0 0 0 0 0 0 0 0 0 0 0 0 0 0 0 0 0 0 0 0 0 0 0 0 0 0 0 0 0 0 0 0 0 0 0 0 0 0 0 0 0 0 0 0 0 0 0 0 0 0 0 0 0 0 0 0 0 0 0 0 0 0 0 0 0 0 0 0 0 0 0 0 0 0 0 0 0 0 0 0 0 0 0 0 0 0 0 0 0 0 0 0 0 0 0 0 0 0 0 0 0 0 0 0 0 0 0 0 0 0 0 0 0 0 0 0 0 0 0 0 0 0 0 0 0 0 0 0 0 0 0 0 0 0 0 0 0 0 0 0 0 0 0 0 0 0 0 0 0 0 0 0 0 0 0 0 0 0 0 0 0 0 0 0 0 0 0 0 0 0 0 0 0 0 0 0 0 0 0 0 0 0 0 0 0 0 0 0 0 0 0 0 0 0 0 0 0 0 0 0 0 0 0 0 0 0 0 0 0 0 0 0 0 0 0 0 0 0 0 0 0 0 0 0 0 0 0 0 0 0 0 0 0 0 0 0 0 0 0 0 0 0 0 0 0 0 0 0 0 0 0 0 0 0 0 0 0 0 0 0 0 0 0 0 0 0 0 0 0 0 0 0 0 0 0 0 0 0 0 0 0 0 0 0 0 0 0 0 0 0 0 0 0 0 0 0 0 0 0 0 0 0 0 0 0 0 0 0 0 0 0 0 0 0 0 0 0 0 0 0 0 0 0 0 0 0 0 0 0 0 0 0 0 0 0 0 0 0 0 0 0 0 0 0 0 0 0 0 0 0 0 0 0 0 0 0 0 0 0 0 0 0 0 0 0 0 0 0 0 0 0 0 0 0 0 0 0 0 0 0 0 0 0 0 0 0 0 0 0 0 0 0 0 0 0 0 0 0 0 0 0 0 0 0 0 0 0 0 0 0 0 0 0 0 0 0 0 0 0 0 0 0 0 0 0 0 0 0 0 0 0 0 0 0 0 0 0 0 0 0 0 0 0 0 0 0 0 0 0 0 0 0 0 0 0 0 0 0 0 0 0 0 0 0 0 0 0 0 0 0 0 0 0 0 0 0 0 0 0 0 0 0 0 0 0 0 0 0 0 0 0 0 0 0 0 0 0 0 0 0 0 0 0 0 0 0 0 0 0 0 0 0 0 0 0 0 0 0 0 0 0 0 0 0 0 0 0 0 0 0 0 0 0 0 0 0 0 0 0 0 0 0 0 0 0 0 0 0 0 0 0 0 0 0 0 0 0 0 0 0 0 0 0 0 0 0 0 0 0 0 0 0 0 0 0 0 0 0 0 0 0 0 0 0 0 0 0 0 0 0 0 0 0 0 0 0 0 0 0 0 0 0 0 0 0 0 0 0 0 0 0 0 0 0 0 0 0 0 0 0 0 0 0 0 0 0 0 0 0 0 0 0 0 0 0 0 0 0 0 0 0 0 0 0 0 0 0 0 0 0 0 0 0 0 0 0 0 0 0 0 0 0 0 0 0 0 0 0 0 0 0 0 0 0 0 0 0 0 0 0 0 0 0 0 0 0 0 0 0 0 0 0 0 0 0 0 0 0 0 0 0 0 0 0 0 0 0 0 0 0 0 0 0 0 0 0 0 0 0 0 0 0 0 0 0 0 0 0 0 0 0 0 0 0 0 0 0 0 0 0 0 0 0 0 0 0 0 0 0 0 0 0 0 0 0 0 0 0 0 0 0 0 0 0 0 0 0 0 0 0 0 0 0 0 0 0 0 0 0 0 0 0 0 0 0 0 0 0 0 0 0 0 0 0 0 0 0 0 0 0 0 0 0 0 0 0 0 0 0 0 0 0 0 0 0 0 0 0 0 0 0 0 0 0 0 0 0 0 0 0 0 0 0 0 0 0 0 0 0 0 0 0 0 0 0 0 0 0 0 0 0 0 0 0 0 0 0 0 0 0 0 0 0 0 0 0 0 0 0 0 0 0 0 0 0 0 0 0 0 0 0 0 0 0 0 0 0 0 0 0 0 0 0 0 0 0 0 0 0 0 0 0 0 0 0 0 0 0 0 0 0 0 0 0 0 0 0 0 0 0 0 0 0 0 0 0 0 0 0 0 0 0 0 0 0 0 0 0 0 0 0 0 0 0 0 0 0 0 0 0 0 0 0 0 0 0 0 0 0 0 0 0 0 0 0 0 0 0 0 0 0 0 0 0 0 0 0 0 0 0 0 0 0 0 0 0 0 0 0 0 0 0 0 0 0 0 0 0 0 0 0 0 0 0 0 0 0 0 0 0 0 0 0 0 0 0 0 0 0 0 0 0 0 0 0 0 0 0 0 0 0 0 0 0 0 0 0 0 0 0 0 0 0 0 0 0 0 0 0 0 0 0 0 0 0 0 0 0 0 0 0 0 0 0 0 0 0 0 0 0 0 0 0 0 0 0 0 0 0 0 0 0 0 0 0 0 0 0 0 0 0 0 0 0 0 0 0 0 0 0 0 0 0 0 0 0 0 0 0 0 0 0 0 0 0 0 0 0 0 0 0 0 0 0 0 0 0 0 0 0 0 0 0 0 0 0 0 0 0 0 0 0 0 0 0 0 0 0 0 0 0 0 0 0 0 0 0 0 0 0 0 0 0 0 0 0 0 0 0 0 0 0 0 0 0 0 0 0 0 0 0 0 0 0 0 0 0 0 0 0 0 0 0 0 0 0 0 0 0 0 0 0 0 0 0 0 0 0 0 0 0 0 0 0 0 0 0 0 0 0 0 0 0 0 0 0 0 0 0 0 0 0 0 0 0 0 0 0 0 0 0 0 0 0 0 0 0 0 0 0 0 0 0 0 0 0 0 0 0 0 0 0 0 0 0 0 0 0 0 0 0 0 0 0 0 0 0 0 0 0 0 0 0 0 0 0 0 0 0 0 0 0 0 0 0 0 0 0 0 0 0 0 0 0 0 0 0 0 0 0 0 0 0 0 0 0 0 0 0 0 0 0 0 0 0 0 0 0 0 0 0 0 0 0 0 0 0 0 0 0 0 0 0 0 0 0 0 0 0 0 0 0 0 0 0 0 0 0 0 0 0 0 0 0 0 0 0 0 0 0 0 0 0 0 0 0 0 0 0 0 0 0 0 0 0 0 0 0 0 0 0 0 0 0 0 0 0 0 0 0 0 0 0 0 0 0 0 0 0 0 0 0 0 0 0 0 0 0 0 0 0 0 0 0 0 0 0 0 0 0 0 0 0 0 0 0 0 0 0 0 0 0 0 0 0 0 0 0 0 0 0 0 0 0 0 0 0 0 0 0 0 0 0 0 0 0 0 0 0 0 0 0 0 0 0 0 0 0 0 0 0 0 0 0 0 0 0 0 0 0 0 0 0 0 0 0 0 0 0 0 0 0 0 0 0 0 0 0 0 0 0 0 0 0 0 0 0 0 0 0 0 0 0 0 0 0 0 0 0 0 0 0 0 0 0 0 0 0 0 0 0 0 0 0 0 0 0 0 0 0 0 0 0 0 0 0 0 0 0 0 0 0 0 0 0 0 0 0 0 0 0 0 0 0 0 0 0 0 0 0 0 0 0 0 0 0 0 0 0 0 0 0 0 0 0 0 0 0 0 0 0 0 0 0 0 0 0 0 0 0 0 0 0 0 0 0 0 0 0 0 0 0 0 0 0 0 0 0 0 0 0 0 0 0 0 0 0 0 0 0 0 0 0 0 0 0 0 0 0 0 0 0 0 0 0 0 0 0 0 0 0 0 0 0 0 0 0 0 0 0 0 0 0 0 0 0 0 0 0 0 0 0 0 0 0 0 0 0 0 0 0 0 0 0 0 0 0 0 0 0 0 0 0 0 0 0 0 0 0 0 0 0 0 0 0 0 0 0 0 0 0 0 0 0 0 0 0 0 0 0 0 0 0 0 0 0 0 0 0 0 0 0 0 0 0 0 0 0 0 0 0 0 0 0 0 0 0 0 0 0 0 0 0 0 0 0 0 0 0 0 0 0 0 0 0 0 0 0 0 0 0 0 0 0 0 0 0 0 0 0 0 0 0 0 0 0 0 0 0 0 0 0 0 0 0 0 0 0 0 0 0 0 0 0 0 0 0 0 0 0 0 0 0 0 0 0 0 0 0 0 0 0 0 0 0 0 0 0 0 0 0 0 0 0 0 0 0 0 0 0 0 0 0 0 0 0 0 0 0 0 0 0 0 0 0 0 0 0 0 0 0 0 0 0 0 0 0 0 0 0 0 0 0 0 0 0 0 0 0 0 0 0 0 0 0 0 0 0 0 0 0 0 0 0 0 0 0 0 0 0 0 0 0 0 0 0 0 0 0 0 0 0 0 0 0 0 0 0 0 0 0 0 0 0 0 0 0 0 0 0 0 0 0 0 0 0 0 0 0 0 0 0 0 0 0 0 0 0 0 0 0 0 0 0 0 0 0 0 0 0 0 0 0 0 0 0 0 0 0 0 0 0 0 0 0 0 0 0 0 0 0 0 0 0 0 0 0 0 0 0 0 0 0 0 0 0 0 0 0 0 0 0 0 0 0 0 0 0 0 0 0 0 0 0 0 0 0 0 0 0 0 0 0 0 0 0 0 0 0 0 0 0 0 0 0 0 0 0 0 0 0 0 0 0 0 0 0 0 0 0 0 0 0 0 0 0 0 0 0 0 0 0 0 0 0 0 0 0 0 0 0 0 0 0 0 0 0 0 0 0 0 0 0 0 0 0 0 0 0 0 0 0 0 0 0 0 0 0 0 0 0 0 0 0 0 0 0 0 0 0 0 0 0 0 0 0 0 0 0 0 0 0 0 0 0 0 0 0 0 0 0 0 0 0 0 0 0 0 0 0 0 0 0 0 0 0 0 0 0 0 0 0 0 0 0 0 0 0 0 0 0 0 0 0 0 0 0 0 0 0 0 0 0 0 0 0 0 0 0 0 0 0 0 0 0 0 0 0 0 0 0 0 0 0 0 0 0 0 0 0 0 0 0 0 0 0 0 0 0 0 0 0 0 0 0 0 0 0 0 0 0 0 0 0 0 0 0 0 0 0 0 0 0 0 0 0 0 0 0 0 0 0 0 0 0 0 0 0 0 0 0 0 0 0 0 0 0 0 0 0 0 0 0 0 0 0 0 0 0 0 0 0 0 0 0 0 0 0 0 0 0 0 0 0 0 0 0 0 0 0 0 0 0 0 0 0 0 0 0 0 0 0 0 0 0 0 0 0 0 0 0 0 0 0 0 0 0 0 0 0 0 0 0 0 0 0 0 0 0 0 0 0 0 0 0 0 0 0 0 0 0 0 0 0 0 0 0 0 0 0 0 0 0 0 0 0 0 0 0 0 0 0 0 0 0 0 0 0 0 0 0 0 0 0 0 0 0 0 0 0 0 0 0 0 0 0 0 0 0 0 0 0 0 0 0 0 0 0 0 0 0 0 0 0 0 0 0 0 0 0 0 0 0 0 0 0 0 0 0 0 0 0 0 0 0 0 0 0 0 0 0 0 0 0 0 0 0 0 0 0 0 0 0 0 0 0 0 0 0 0 0 0 0 0 0 0 0 0 0 0 0 0 0 0 0 0 0 0 0 0 0 0 0 0 0 0 0 0 0 0 0 0 0 0 0 0 0 0 0 0 0 0 0 0 0 0 0 0 0 0 0 0 0 0 0 0 0 0 0 0 0 0 0 0 0 0 0 0 0 0 0 0 0 0 0 0 0 0 0 0 0 0 0 0 0 0 0 0 0 0 0 0 0 0 0 0 0 0 0 0 0 0 0 0 0 0 0 0 0 0 0 0 0 0 0 0 0 0 0 0 0 0 0 0 0 0 0 0 0 0 0 0 0 0 0 0 0 0 0 0 0 0 0 0 0 0 0 0 0 0 0 0 0 0 0 0 0 0 0 0 0 0 0 0 0 0 0 0 0 0 0 0 0 0 0 0 0 0 0 0 0 0 0 0 0 0 0 0 0 0 0 0 0 0 0 0 0 0 0 0 0 0 0 0 0 0 0 0 0 0 0 0 0 0 0 0 0 0 0 0 0 0 0 0 0 0 0 0 0 0 0 0 0 0 0 0 0 0 0 0 0 0 0 0 0 0 0 0 0 0 0 0 0 0 0 0 0 0 0 0 0 0 0 0 0 0 0 0 0 0 0 0 0 0 0 0 0 0 0 0 0 0 0 0 0 0 0 0 0 0 0 0 0 0 0 0 0 0 0 0 0 0 0 0 0 0 0 0 0 0 0 0 0 0 0 0 0 0 0 0 0 0 0 0 0 0 0 0 0 0 0 0 0 0 0 0 0 0 0 0 0 0 0 0 0 0 0 0 0 0 0 0 0 0 0 0 0 0 0 0 0 0 0 0 0 0 0 0 0 0 0 0 0 0 0 0 0 0 0 0 0 0 0 0 0 0 0 0 0 0 0 0 0 0 0 0 0 0 0 0 0 0 0 0 0 0 0 0 0 0 0 0 0 0 0 0 0 0 0 0 0 0 0 0 0 0 0 0 0 0 0 0 0 0 0 0 0 0 0 0 0 0 0 0 0 0 0 0 0 0 0 0 0 0 0 0 0 0 0 0 0 0 0 0 0 0 0 0 0 0 0 0 0 0 0 0 0 0 0 0 0 0 0 0 0 0 0 0 0 0 0 0 0 0 0 0 0 0 0 0 0 0 0 0 0 0 0 0 0 0 0 0 0 0 0 0 0 0 0 0 0 0 0 0 0 0 0 0 0 0 0 0 0 0 0 0 0 0 0 0 0 0 0 0 0 0 0 0 0 0 0 0 0 0 0 0 0 0 0 0 0 0 0 0 0 0 0 0 0 0 0 0 0 0 0 0 0 0 0 0 0 0 0 0 0 0 0 0 0 0 0 0 0 0 0 0 0 0 0 0 0 0 0 0 0 0 0 0 0 0 0 0 0 0 0 0 0 0 0 0 0 0 0 0 0 0 0 0 0 0 0 0 0 0 0 0 0 0 0 0 0 0 0 0 0 0 0 0 0 0 0 0 0 0 0 0 0 0 0 0 0 0 0 0 0 0 0 0 0 0 0 0 0 0 0 0 0 0 0 0 0 0 0 0 0 0 0 0 0 0 0 0 0 0 0 0 0 0 0 0 0 0 0 0 0 0 0 0 0 0 0 0 0 0 0 0 0 0 0 0 0 0 0 0 0 0 0 0 0 0 0 0 0 0 0 0 0 0 0 0 0 0 0 0 0 0 0 0 0 0 0 0 0 0 0 0 0 0 0 0 0 0 0 0 0 0 0 0 0 0 0 0 0 0 0 0 0 0 0 0 0 0 0 0 0 0 0 0 0 0 0 0 0 0 0 0 0 0 0 0 0 0 0 0 0 0 0 0 0 0 0 0 0 0 0 0 0 0 0 0 0 0 0 0 0 0 0 0 0 0 0 0 0 0 0 0 0 0 0 0 0 0 0 0 0 0 0 0 0 0 0 0 0 0 0 0 0 0 0 0 0 0 0 0 0 0 0 0 0 0 0 0 0 0 0 0 0 0 0 0 0 0 0 0 0 0 0 0 0 0 0 0 0 0 0 0 0 0 0 0 0 0 0 0 0 0 0 0 0 0 0 0 0 0 0 0 0 0 0 0 0 0 0 0 0 0 0 0 0 0 0 0 0 0 0 0 0 0 0 0 0 0 0 0 0 0 0 0 0 0 0 0 0 0 0 0 0 0 0 0 0 0 0 0 0 0 0 0 0 0 0 0 0 0 0 0 0 0 0 0 0 0 0 0 0 0 0 0 0 0 0 0 0 0 0 0 0 0 0 0 0 0 0 0 0 0 0 0 0 0 0 0 0 0 0 0 0 0 0 0 0 0 0 0 0 0 0 0 0 0 0 0 0 0 0 0 0 0 0 0 0 0 0 0 0 0 0 0 0 0 0 0 0 0 0 0 0 0 0 0 0 0 0 0 0 0 0 0 0 0 0 0 0 0 0 0 0 0 0 0 0 0 0 0 0 0 0 0 0 0 0 0 0 0 0 0 0 0 0 0 0 0 0 0 0 0 0 0 0 0 0 0 0 0 0 0 0 0 0 0 0 0 0 0 0 0 0 0 0 0 0 0 0 0 0 0 0 0 0 0 0 0 0 0 0 0 0 0 0 0 0 0 0 0 0 0 0 0 0 0 0 0 0 0 0 0 0 0 0 0 0 0 0 0 0 0 0 0 0 0 0 0 0 0 0 0 0 0 0 0 0 0 0 0 0 0 0 0 0 0 0 0 0 0 0 0 0 0 0 0 0 0 0 0 0 0 0 0 0 0 0 0 0 0 0 0 0 0 0 0 0 0 0 0 0 0 0 0 0 0 0 0 0 0 0 0 0 0 0 0 0 0 0 0 0 0 0 0 0 0 0 0 0 0 0 0 0 0 0 0 0 0 0 0 0 0 0 0 0 0 0 0 0 0 0 0 0 0 0 0 0 0 0 0 0 0 0 0 0 0 0 0 0 0 0 0 0 0 0 0 0 0 0 0 0 0 0 0 0 0 0 0 0 0 0 0 0 0 0 0 0 0 0 0 0 0 0 0 0 0 0 0 0 0 0 0 0 0 0 0 0 0 0 0 0 0 0 0 0 0 0 0 0 0 0 0 0 0 0 0 0 0 0 0 0 0 0 0 0 0 0 0 0 0 0 0 0 0 0 0 0 0 0 0 0 0 0 0 0 0 0 0 0 0 0 0 0 0 0 0 0 0 0 0 0 0 0 0 0 0 0 0 0 0 0 0 0 0 0 0 0 0 0 0 0 0 0 0 0 0 0 0 0 0 0 0 0 0 0 0 0 0 0 0 0 0 0 0 0 0 0 0 0 0 0 0 0 0 0 0 0 0 0 0 0 0 0 0 0 0 0 0 0 0 0 0 0 0 0 0 0 0 0 0 0 0 0 0 0 0 0 0 0 0 0 0 0 0 0 0 0 0 0 0 0 0 0 0 0 0 0 0 0 0 0 0 0 0 0 0 0 0 0 0 0 0 0 0 0 0 0 0 0 0 0 0 0 0 0 0 0 0 0 0 0 0 0 0 0 0 0 0 0 0 0 0 0 0 0 0 0 0 0 0 0 0 0 0 0 0 0 0 0 0 0 0 0 0 0 0 0 0 0 0 0 0 0 0 0 0 0 0 0 0 0 0 0 0 0 0 0 0 0 0 0 0 0 0 0 0 0 0 0 0 0 0 0 0 0 0 0 0 0 0 0 0 0 0 0 0 0 0 0 0 0 0 0 0 0 0 0 0 0 0 0 0 0 0 0 0 0 0 0 0 0 0 0 0 0 0 0 0 0 0 0 0 0 0 0 0 0 0 0 0 0 0 0 0 0 0 0 0 0 0 0 0 0 0 0 0 0 0 0 0 0 0 0 0 0 0 0 0 0 0 0 0 0 0 0 0 0 0 0 0 0 0 0 0 0 0 0 0 0 0 0 0 0 0 0 0 0 0 0 0 0 0 0 0 0 0 0 0 0 0 0 0 0 0 0 0 0 0 0 0 0 0 0 0 0 0 0 0 0 0 0 0 0 0 0 0 0 0 0 0 0 0 0 0 0 0 0 0 0 0 0 0 0 0 0 0 0 0 0 0 0 0 0 0 0 0 0 0 0 0 0 0 0 0 0 0 0 0 0 0 0 0 0 0 0 0 0 0 0 0 0 0 0 0 0 0 0 0 0 0 0 0 0 0 0 0 0 0 0 0 0 0 0 0 0 0 0 0 0 0 0 0 0 0 0 0 0 0 0 0 0 0 0 0 0 0 0 0 0 0 0 0 0 0 0 0 0 0 0 0 0 0 0 0 0 0 0 0 0 0 0 0 0 0 0 0 0 0 0 0 0 0 0 0 0 0 0 0 0 0 0 0 0 0 0 0 0 0 0 0 0 0 0 0 0 0 0 0 0 0 0 0 0 0 0 0 0 0 0 0 0 0 0 0 0 0 0 0 0 0 0 0 0 0 0 0 0 0 0 0 0 0 0 0 0 0 0 0 0 0 0 0 0 0 0 0 0 0 0 0 0 0 0 0 0 0 0 0 0 0 0 0 0 0 0 0 0 0 0 0 0 0 0 0 0 0 0 0 0 0 0 0 0 0 0 0 0 0 0 0 0 0 0 0 0 0 0 0 0 0 0 0 0 0 0 0 0 0 0 0 0 0 0 0 0 0 0 0 0 0 0 0 0 0 0 0 0 0 0 0 0 0 0 0 0 0 0 0 0 0 0 0 0 0 0 0 0 0 0 0 0 0 0 0 0 0 0 0 0 0 0 0 0 0 0 0 0 0 0 0 0 0 0 0 0 0 0 0 0 0 0 0 0 0 0 0 0 0 0 0 0 0 0 0 0 0 0 0 0 0 0 0 0 0 0 0 0 0 0 0 0 0 0 0 0 0 0 0 0 0 0 0 0 0 0 0 0 0 0 0 0 0 0 0 0 0 0 0 0 0 0 0 0 0 0 0 0 0 0 0 0 0 0 0 0 0 0 0 0 0 0 0 0 0 0 0 0 0 0 0 0 0 0 0 0 0 0 0 0 0 0 0 0 0 0 0 0 0 0 0 0 0 0 0 0 0 0 0 0 0 0 0 0 0 0 0 0 0 0 0 0 0 0 0 0 0 0 0 0 0 0 0 0 0 0 0 0 0 0 0 0 0 0 0 0 0 0 0 0 0 0 0 0 0 0 0 0 0 0 0 0 0 0 0 0 0 0 0 0 0 0 0 0 0 0 0 0 0 0 0 0 0 0 0 0 0 0 0 0 0 0 0 0 0 0 0 0 0 0 0 0 0 0 0 0 0 0 0 0 0 0 0 0 0 0 0 0 0 0 0 0 0 0 0 0 0 0 0 0 0 0 0 0 0 0 0 0 0 0 0 0 0 0 0 0 0 0 0 0 0 0 0 0 0 0 0 0 0 0 0 0 0 0 0 0 0 0 0 0 0 0 0 0 0 0 0 0 0 0 0 0 0 0 0 0 0 0 0 0 0 0 0 0 0 0 0 0 0 0 0 0 0 0 0 0 0 0 0 0 0 0 0 0 0 0 0 0 0 0 0 0 0 0 0 0 0 0 0 0 0 0 0 0 0 0 0 0 0 0 0 0 0 0 0 0 0 0 0 0 0 0 0 0 0 0 0 0 0 0 0 0 0 0 0 0 0 0 0 0 0 0 0 0 0 0 0 0 0 0 0 0 0 0 0 0 0 0 0 0 0 0 0 0 0 0 0 0 0 0 0 0 0 0 0 0 0 0 0 0 0 0 0 0 0 0 0 0 0 0 0 0 0 0 0 0 0 0 0 0 0 0 0 0 0 0 0 0 0 0 0 0 0 0 0 0 0 0 0 0 0 0 0 0 0 0 0 0 0 0 0 0 0 0 0 0 0 0 0 0 0 0 0 0 0 0 0 0 0 0 0 0 0 0 0 0 0 0 0 0 0 0 0 0 0 0 0 0 0 0 0 0 0 0 0 0 0 0 0 0 0 0 0 0 0 0 0 0 0 0 0 0 0 0 0 0 0 0 0 0 0 0 0 0 0 0 0 0 0 0 0 0 0 0 0 0 0 0 0 0 0 0 0 0 0 0 0 0 0 0 0 0 0 0 0 0 0 0 0 0 0 0 0 0 0 0 0 0 0 0 0 0 0 0 0 0 0 0 0 0 0 0 0 0 0 0 0 0 0 0 0 0 0 0 0 0 0 0 0 0 0 0 0 0 0 0 0 0 0 0 0 0 0 0 0 0 0 0 0 0 0 0 0 0 0 0 0 0 0 0 0 0 0 0 0 0 0 0 0 0 0 0 0 0 0 0 0 0 0 0 0 0 0 0 0 0 0 0 0 0 0 0 0 0 0 0 0 0 0 0 0 0 0 0 0 0 0 0 0 0 0 0 0 0 0 0 0 0 0 0 0 0 0 0 0 0 0 0 0 0 0 0 0 0 0 0 0 0 0 0 0 0 0 0 0 0 0 0 0 0 0 0 0 0 0 0 0 0 0 0 0 0 0 0 0 0 0 0 0 0 0 0 0 0 0 0 0 0 0 0 0 0 0 0 0 0 0 0 0 0 0 0 0 0 0 0 0 0 0 0 0 0 0 0 0 0 0 0 0 0 0 0 0 0 0 0 0 0 0 0 0 0 0 0 0 0 0 0 0 0 0 0 0 0 0 0 0 0 0 0 0 0 0 0 0 0 0 0 0 0 0 0 0 0 0 0 0 0 0 0 0 0 0 0 0 0 0 0 0 0 0 0 0 0 0 0 0 0 0 0 0 0 0 0 0 0 0 0 0 0 0 0 0 0 0 0 0 0 0 0 0 0 0 0 0 0 0 0 0 0 0 0 0 0 0 0 0 0 0 0 0 0 0 0 0 0 0 0 0 0 0 0 0 0 0 0 0 0 0 0 0 0 0 0 0 0 0 0 0 0 0 0 0 0 0 0 0 0 0 0 0 0 0 0 0 0 0 0 0 0 0 0 0 0 0 0 0 0 0 0 0 0 0 0 0 0 0 0 0 0 0 0 0 0 0 0 0 0 0 0 0 0 0 0 0 0 0 0 0 0 0 0 0 0 0 0 0 0 0 0 0 0 0 0 0 0 0 0 0 0 0 0 0 0 0 0 0 0 0 0 0 0 0 0 0 0 0 0 0 0 0 0 0 0 0 0 0 0 0 0 0 0 0 0 0 0 0 0 0 0 0 0 0 0 0 0 0 0 0 0 0 0 0 0 0 0 0 0 0 0 0 0 0 0 0 0 0 0 0 0 0 0 0 0 0 0 0 0 0 0 0 0 0 0 0 0 0 0 0 0 0 0 0 0 0 0 0 0 0 0 0 0 0 0 0 0 0 0 0 0 0 0 0 0 0 0 0 0 0 0 0 0 0 0 0 0 0 0 0 0 0 0 0 0 0 0 0 0 0 0 0 0 0 0 0 0 0 0 0 0 0 0 0 0 0 0 0 0 0 0 0 0 0 0 0 0 0 0 0 0 0 0 0 0 0 0 0 0 0 0 0 0 0 0 0 0 0 0 0 0 0 0 0 0 0 0 0 0 0 0 0 0 0 0 0 0 0 0 0 0 0 0 0 0 0 0 0 0 0 0 0 0 0 0 0 0 0 0 0 0 0 0 0 0 0 0 0 0 0 0 0 0 0 0 0 0 0 0 0 0 0 0 0 0 0 0 0 0 0 0 0 0 0 0 0 0 0 0 0 0 0 0 0 0 0 0 0 0 0 0 0 0 0 0 0 0 0 0 0 0 0 0 0 0 0 0 0 0 0 0 0 0 0 0 0 0 0 0 0 0 0 0 0 0 0 0 0 0 0 0 0 0 0 0 0 0 0 0 0 0 0 0 0 0 0 0 0 0 0 0 0 0 0 0 0 0 0 0 0 0 0 0 0 0 0 0 0 0 0 0 0 0 0 0 0 0 0 0 0 0 0 0 0 0 0 0 0 0 0 0 0 0 0 0 0 0 0 0 0 0 0 0 0 0 0 0 0 0 0 0 0 0 0 0 0 0 0 0 0 0 0 0 0 0 0 0 0 0 0 0 0 0 0 0 0 0 0 0 0 0 0 0 0 0 0 0 0 0 0 0 0 0 0 0 0 0 0 0 0 0 0 0 0 0 0 0 0 0 0 0 0 0 0 0 0 0 0 0 0 0 0 0 0 0 0 0 0 0 0 0 0 0 0 0 0 0 0 0 0 0 0 0 0 0 0 0 0 0 0 0 0 0 0 0 0 0 0 0 0 0 0 0 0 0 0 0 0 0 0 0 0 0 0 0 0 0 0 0 0 0 0 0 0 0 0 0 0 0 0 0 0 0 0 0 0 0 0 0 0 0 0 0 0 0 0 0 0 0 0 0 0 0 0 0 0 0 0 0 0 0 0 0 0 0 0 0 0 0 0 0 0 0 0 0 0 0 0 0 0 0 0 0 0 0 0 0 0 0 0 0 0 0 0 0 0 0 0 0 0 0 0 0 0 0 0 0 0 0 0 0 0 0 0 0 0 0 0 0 0 0 0 0 0 0 0 0 0 0 0 0 0 0 0 0 0 0 0 0 0 0 0 0 0 0 0 0 0 0 0 0 0 0 0 0 0 0 0 0 0 0 0 0 0 0 0 0 0 0 0 0 0 0 0 0 0 0 0 0 0 0 0 0 0 0 0 0 0 0 0 0 0 0 0 0 0 0 0 0 0 0 0 0 0 0 0 0 0 0 0 0 0 0 0 0 0 0 0 0 0 0 0 0 0 0 0 0 0 0 0 0 0 0 0 0 0 0 0 0 0 0 0 0 0 0 0 0 0 0 0 0 0 0 0 0 0 0 0 0 0 0 0 0 0 0 0 0 0 0 0 0 0 0 0 0 0 0 0 0 0 0 0 0 0 0 0 0 0 0 0 0 0 0 0 0 0 0 0 0 0 0 0 0 0 0 0 0 0 0 0 0 0 0 0 0 0 0 0 0 0 0 0 0 0 0 0 0 0 0 0 0 0 0 0 0 0 0 0 0 0 0 0 0 0 0 0 0 0 0 0 0 0 0 0 0 0 0 0 0 0 0 0 0 0 0 0 0 0 0 0 0 0 0 0 0 0 0 0 0 0 0 0 0 0 0 0 0 0 0 0 0 0 0 0 0 0 0 0 0 0 0 0 0 0 0 0 0 0 0 0 0 0 0 0 0 0 0 0 0 0 0 0 0 0 0 0 0 0 0 0 0 0 0 0 0 0 0 0 0 0 0 0 0 0 0 0 0 0 0 0 0 0 0 0 0 0 0 0 0 0 0 0 0 0 0 0 0 0 0 0 0 0 0 0 0 0 0 0 0 0 0 0 0 0 0 0 0 0 0 0 0 0 0 0 0 0 0 0 0 0 0 0 0 0 0 0 0 0 0 0 0 0 0 0 0 0 0 0 0 0 0 0 0 0 0 0 0 0 0 0 0 0 0 0 0 0 0 0 0 0 0 0 0 0 0 0 0 0 0 0 0 0 0 0 0 0 0 0 0 0 0 0 0 0 0 0 0 0 0 0 0 0 0 0 0 0 0 0 0 0 0 0 0 0 0 0 0 0 0 0 0 0 0 0 0 0 0 0 0 0 0 0 0 0 0 0 0 0 0 0 0 0 0 0 0 0 0 0 0 0 0 0 0 0 0 0 0 0 0 0 0 0 0 0 0 0 0 0 0 0 0 0 0 0 0 0 0 0 0 0 0 0 0 0 0 0 0 0 0 0 0 0 0 0 0 0 0 0 0 0 0 0 0 0 0 0 0 0 0 0 0 0 0 0 0 0 0 0 0 0 0 0 0 0 0 0 0 0 0 0 0 0 0 0 0 0 0 0 0 0 0 0 0 0 0 0 0 0 0 0 0 0 0 0 0 0 0 0 0 0 0 0 0 0 0 0 0 0 0 0 0 0 0 0 0 0 0 0 0 0 0 0 0 0 0 0 0 0 0 0 0 0 0 0 0 0 0 0 0 0 0 0 0 0 0 0 0 0 0 0 0 0 0 0 0 0 0 0 0 0 0 0 0 0 0 0 0 0 0 0 0 0 0 0 0 0 0 0 0 0 0 0 0 0 0 0 0 0 0 0 0 0 0 0 0 0 0 0 0 0 0 0 0 0 0 0 0 0 0 0 0 0 0 0 0 0 0 0 0 0 0 0 0 0 0 0 0 0 0 0 0 0 0 0 0 0 0 0 0 0 0 0 0 0 0 0 0 0 0 0 0 0 0 0 0 0 0 0 0 0 0 0 0 0 0 0 0 0 0 0 0 0 0 0 0 0 0 0 0 0 0 0 0 0 0 0 0 0 0 0 0 0 0 0 0 0 0 0 0 0 0 0 0 0 0 0 0 0 0 0 0 0 0 0 0 0 0 0 0 0 0 0 0 0 0 0 0 0 0 0 0 0 0 0 0 0 0 0 0 0 0 0 0 0 0 0 0 0 0 0 0 0 0 0 0 0 0 0 0 0 0 0 0 0 0 0 0 0 0 0 0 0 0 0 0 0 0 0 0 0 0 0 0 0 0 0 0 0 0 0 0 0 0 0 0 0 0 0 0 0 0 0 0 0 0 0 0 0 0 0 0 0 0 0 0 0 0 0 0 0 0 0 0 0 0 0 0 0 0 0 0 0 0 0 0 0 0 0 0 0 0 0 0 0 0 0 0 0 0 0 0 0 0 0 0 0 0 0 0 0 0 0 0 0 0 0 0 0 0 0 0 0 0 0 0 0 0 0 0 0 0 0 0 0 0 0 0 0 0 0 0 0 0 0 0 0 0 0 0 0 0 0 0 0 0 0 0 0 0 0 0 0 0 0 0 0 0 0 0 0 0 0 0 0 0 0 0 0 0 0 0 0 0 0 0 0 0 0 0 0 0 0 0 0 0 0 0 0 0 0 0 0 0 0 0 0 0 0 0 0 0 0 0 0 0 0 0 0 0 0 0 0 0 0 0 0 0 0 0 0 0 0 0 0 0 0 0 0 0 0 0 0 0 0 0 0 0 0 0 0 0 0 0 0 0 0 0 0 0 0 0 0 0 0 0 0 0 0 0 0 0 0 0 0 0 0 0 0 0 0 0 0 0 0 0 0 0 0 0 0 0 0 0 0 0 0 0 0 0 0 0 0 0 0 0 0 0 0 0 0 0 0 0 0 0 0 0 0 0 0 0 0 0 0 0 0 0 0 0 0 0 0 0 0 0 0 0 0 0 0 0 0 0 0 0 0 0 0 0 0 0 0 0 0 0 0 0 0 0 0 0 0 0 0 0 0 0 0 0 0 0 0 0 0 0 0 0 0 0 0 0 0 0 0 0 0 0 0 0 0 0 0 0 0 0 0 0 0 0 0 0 0 0 0 0 0 0 0 0 0 0 0 0 0 0 0 0 0 0 0 0 0 0 0 0 0 0 0 0 0 0 0 0 0 0 0 0 0 0 0 0 0 0 0 0 0 0 0 0 0 0 0 0 0 0 0 0 0 0 0 0 0 0 0 0 0 0 0 0 0 0 0 0 0 0 0 0 0 0 0 0 0 0 0 0 0 0 0 0 0 0 0 0 0 0 0 0 0 0 0 0 0 0 0 0 0 0 0 0 0 0 0 0 0 0 0 0 0 0 0 0 0 0 0 0 0 0 0 0 0 0 0 0 0 0 0 0 0 0 0 0 0 0 0 0 0 0 0 0 0 0 0 0 0 0 0 0 0 0 0 0 0 0 0 0 0 0 0 0 0 0 0 0 0 0 0 0 0 0 0 0 0 0 0 0 0 0 0 0 0 0 0 0 0 0 0 0 0 0 0 0 0 0 0 0 0 0 0 0 0 0 0 0 0 0 0 0 0 0 0 0 0 0 0 0 0 0 0 0 0 0 0 0 0 0 0 0 0 0 0 0 0 0 0 0 0 0 0 0 0 0 0 0 0 0 0 0 0 0 0 0 0 0 0 0 0 0 0 0 0 0 0 0 0 0 0 0 0 0 0 0 0 0 0 0 0 0 0 0 0 0 0 0 0 0 0 0 0 0 0 0 0 0 0 0 0 0 0 0 0 0 0 0 0 0 0 0 0 0 0 0 0 0 0 0 0 0 0 0 0 0 0 0 0 0 0 0 0 0 0 0 0 0 0 0 0 0 0 0 0 0 0 0 0 0 0 0 0 0 0 0 0 0 0 0 0 0 0 0 0 0 0 0 0 0 0 0 0 0 0 0 0 0 0 0 0 0 0 0 0 0 0 0 0 0 0 0 0 0 0 0 0 0 0 0 0 0 0 0 0 0 0 0 0 0 0 0 0 0 0 0 0 0 0 0 0 0 0 0 0 0 0 0 0 0 0 0 0 0 0 0 0 0 0 0 0 0 0 0 0 0 0 0 0 0 0 0 0 0 0 0 0 0 0 0 0 0 0 0 0 0 0 0 0 0 0 0 0 0 0 0 0 0 0 0 0 0 0 0 0 0 0 0 0 0 0 0 0 0 0 0 0 0 0 0 0 0 0 0 0 0 0 0 0 0 0 0 0 0 0 0 0 0 0 0 0 0 0 0 0 0 0 0 0 0 0 0 0 0 0 0 0 0 0 0 0 0 0 0 0 0 0 0 0 0 0 0 0 0 0 0 0 0 0 0 0 0 0 0 0 0 0 0 0 0 0 0 0 0 0 0 0 0 0 0 0 0 0 0 0 0 0 0 0 0 0 0 0 0 0 0 0 0 0 0 0 0 0 0 0 0 0 0 0 0 0 0 0 0 0 0 0 0 0 0 0 0 0 0 0 0 0 0 0 0 0 0 0 0 0 0 0 0 0 0 0 0 0 0 0 0 0 0 0 0 0 0 0 0 0 0 0 0 0 0 0 0 0 0 0 0 0 0 0 0 0 0 0 0 0 0 0 0 0 0 0 0 0 0 0 0 0 0 0 0 0 0 0 0 0 0 0 0 0 0 0 0 0 0 0 0 0 0 0 0 0 0 0 0 0 0 0 0 0 0 0 0 0 0 0 0 0 0 0 0 0 0 0 0 0 0 0 0 0 0 0 0 0 0 0 0 0 0 0 0 0 0 0 0 0 0 0 0 0 0 0 0 0 0 0 0 0 0 0 0 0 0 0 0 0 0 0 0 0 0 0 0 0 0 0 0 0 0 0 0 0 0 0 0 0 0 0 0 0 0 0 0 0 0 0 0 0 0 0 0 0 0 0 0 0 0 0 0 0 0 0 0 0 0 0 0 0 0 0 0 0 0 0 0 0 0 0 0 0 0 0 0 0 0 0 0 0 0 0 0 0 0 0 0 0 0 0 0 0 0 0 0 0 0 0 0 0 0 0 0 0 0 0 0 0 0 0 0 0 0 0 0 0 0 0 0 0 0 0 0 0 0 0 0 0 0 0 0 0 0 0 0 0 0 0 0 0 0 0 0 0 0 0 0 0 0 0 0 0 0 0 0 0 0 0 0 0 0 0 0 0 0 0 0 0 0 0 0 0 0 0 0 0 0 0 0 0 0 0 0 0 0 0 0 0 0 0 0 0 0 0 0 0 0 0 0 0 0 0 0 0 0 0 0 0 0 0 0 0 0 0 0 0 0 0 0 0 0 0 0 0 0 0 0 0 0 0 0 0 0 0 0 0 0 0 0 0 0 0 0 0 0 0 0 0 0 0 0 0 0 0 0 0 0 0 0 0 0 0 0 0 0 0 0 0 0 0 0 0 0 0 0 0 0 0 0 0 0 0 0 0 0 0 0 0 0 0 0 0 0 0 0 0 0 0 0 0 0 0 0 0 0 0 0 0 0 0 0 0 0 0 0 0 0 0 0 0 0 0 0 0 0 0 0 0 0 0 0 0 0 0 0 0 0 0 0 0 0 0 0 0 0 0 0 0 0 0 0 0 0 0 0 0 0 0 0 0 0 0 0 0 0 0 0 0 0 0 0 0 0 0 0 0 0 0 0 0 0 0 0 0 0 0 0 0 0 0 0 0 0 0 0 0 0 0 0 0 0 0 0 0 0 0 0 0 0 0 0 0 0 0 0 0 0 0 0 0 0 0 0 0 0 0 0 0 0 0 0 0 0 0 0 0 0 0 0 0 0 0 0 0 0 0 0 0 0 0 0 0 0 0 0 0 0 0 0 0 0 0 0 0 0 0 0 0 0 0 0 0 0 0 0 0 0 0 0 0 0 0 0 0 0 0 0 0 0 0 0 0 0 0 0 0 0 0 0 0 0 0 0 0 0 0 0 0 0 0 0 0 0 0 0 0 0 0 0 0 0 0 0 0 0 0 0 0 0 0 0 0 0 0 0 0 0 0 0 0 0 0 0 0 0 0 0 0 0 0 0 0 0 0 0 0 0 0 0 0 0 0 0 0 0 0 0 0 0 0 0 0 0 0 0 0 0 0 0 0 0 0 0 0 0 0 0 0 0 0 0 0 0 0 0 0 0 0 0 0 0 0 0 0 0 0 0 0 0 0 0 0 0 0 0 0 0 0 0 0 0 0 0 0 0 0 0 0 0 0 0 0 0 0 0 0 0 0 0 0 0 0 0 0 0 0 0 0 0 0 0 0 0 0 0 0 0 0 0 0 0 0 0 0 0 0 0 0 0 0 0 0 0 0 0 0 0 0 0 0 0 0 0 0 0 0 0 0 0 0 0 0 0 0 0 0 0 0 0 0 0 0 0 0 0 0 0 0 0 0 0 0 0 0 0 0 0 0 0 0 0 0 0 0 0 0 0 0 0 0 0 0 0 0 0 0 0 0 0 0 0 0 0 0 0 0 0 0 0 0 0 0 0 0 0 0 0 0 0 0</float_array>
                    <technique_common>
                        <accessor count="6360" source="#shape0-lib-map-array" stride="2">
                            <param name="U" type="float"/>
                            <param name="V" type="float"/>
                        </accessor>
                    </technique_common>
                </source>
                <vertices id="shape0-lib-vertices">
                    <input semantic="POSITION" source="#shape0-lib-positions"/>
                </vertices>
                <triangles count="2120">
                    <input offset="0" semantic="VERTEX" source="#shape0-lib-vertices"/>
                    <input offset="1" semantic="NORMAL" source="#shape0-lib-normals"/>
                    <input offset="2" semantic="TEXCOORD" source="#shape0-lib-map"/>
                    <p>2 0 0 0 0 1 1 0 2 15 1 3 0 1 4 2 1 5 3 2 6 0 2 7 15 2 8 5 3 9 1 3 10 0 3 11 0 4 12 4 4 13 5 4 14 4 5 15 0 5 16 3 5 17 357 6 18 5 6 19 4 6 20 7 7 21 1 7 22 5 7 23 357 8 24 6 8 25 5 8 26 7 9 27 5 9 28 6 9 29 1 10 30 7 10 31 8 10 32 7 11 33 233 11 34 8 11 35 7 12 36 6 12 37 9 12 38 9 13 39 237 13 40 7 13 41 7 14 42 237 14 43 233 14 44 1 15 45 8 15 46 10 15 47 1 16 48 10 16 49 11 16 50 11 17 51 10 17 52 229 17 53 11 18 54 229 18 55 13 18 56 13 19 57 229 19 58 12 19 59 13 20 60 12 20 61 228 20 62 223 21 63 2 21 64 13 21 65 13 22 66 2 22 67 11 22 68 14 23 69 2 23 70 19 23 71 2 24 72 14 24 73 15 24 74 16 25 75 2 25 76 223 25 77 19 26 78 2 26 79 16 26 80 19 27 81 16 27 82 17 27 83 14 28 84 19 28 85 22 28 86 17 29 87 18 29 88 19 29 89 19 30 90 18 30 91 20 30 92 19 31 93 20 31 94 21 31 95 22 32 96 19 32 97 21 32 98 21 33 99 25 33 100 22 33 101 23 34 102 22 34 103 25 34 104 20 35 105 24 35 106 21 35 107 21 36 108 24 36 109 25 36 110 28 37 111 23 37 112 25 37 113 23 38 114 27 38 115 26 38 116 28 39 117 27 39 118 23 39 119 24 40 120 28 40 121 25 40 122 24 41 123 29 41 124 28 41 125 29 42 126 30 42 127 28 42 128 29 43 129 31 43 130 30 43 131 34 44 132 35 44 133 30 44 134 35 45 135 28 45 136 30 45 137 34 46 138 30 46 139 324 46 140 324 47 141 30 47 142 31 47 143 32 48 144 34 48 145 38 48 146 324 49 147 38 49 148 34 49 149 35 50 150 34 50 151 32 50 152 33 51 153 34 51 154 36 51 155 34 52 156 33 52 157 36 52 158 37 53 159 35 53 160 32 53 161 38 54 162 323 54 163 39 54 164 38 55 165 39 55 166 41 55 167 37 56 168 38 56 169 41 56 170 38 57 171 37 57 172 32 57 173 41 58 174 39 58 175 40 58 176 42 59 177 41 59 178 40 59 179 42 60 180 44 60 181 41 60 182 43 61 183 41 61 184 44 61 185 37 62 186 41 62 187 43 62 188 43 63 189 27 63 190 37 63 191 44 64 192 47 64 193 43 64 194 45 65 195 43 65 196 47 65 197 27 66 198 43 66 199 45 66 200 45 67 201 26 67 202 27 67 203 45 68 204 49 68 205 46 68 206 45 69 207 46 69 208 48 69 209 52 70 210 26 70 211 45 70 212 49 71 213 45 71 214 47 71 215 45 72 216 48 72 217 52 72 218 52 73 219 48 73 220 50 73 221 26 74 222 52 74 223 51 74 224 53 75 225 52 75 226 50 75 227 53 76 228 51 76 229 52 76 230 26 77 231 51 77 232 53 77 233 22 78 234 53 78 235 50 78 236 14 79 237 50 79 238 54 79 239 14 80 240 22 80 241 50 80 242 54 81 243 50 81 244 48 81 245 48 82 246 55 82 247 54 82 248 57 83 249 54 83 250 55 83 251 57 84 252 58 84 253 56 84 254 57 85 255 55 85 256 58 85 257 59 86 258 60 86 259 58 86 260 56 87 261 58 87 262 60 87 263 61 88 264 60 88 265 59 88 266 143 89 267 61 89 268 65 89 269 143 90 270 63 90 271 61 90 272 62 91 273 60 91 274 61 91 275 64 92 276 62 92 277 61 92 278 65 93 279 61 93 280 59 93 281 64 94 282 61 94 283 63 94 284 65 95 285 66 95 286 143 95 287 67 96 288 66 96 289 68 96 290 68 97 291 71 97 292 145 97 293 67 98 294 68 98 295 145 98 296 68 99 297 66 99 298 71 99 299 69 100 300 70 100 301 71 100 302 72 101 303 69 101 304 71 101 305 73 102 306 71 102 307 66 102 308 71 103 309 73 103 310 72 103 311 71 104 312 70 104 313 368 104 314 72 105 315 74 105 316 75 105 317 76 106 318 75 106 319 74 106 320 77 107 321 76 107 322 366 107 323 77 108 324 75 108 325 76 108 326 79 109 327 78 109 328 76 109 329 366 110 330 76 110 331 78 110 332 76 111 333 74 111 334 79 111 335 42 112 336 79 112 337 74 112 338 42 113 339 73 113 340 44 113 341 42 114 342 74 114 343 72 114 344 72 115 345 73 115 346 42 115 347 40 116 348 79 116 349 42 116 350 79 117 351 40 117 352 80 117 353 80 118 354 78 118 355 79 118 356 81 119 357 78 119 358 80 119 359 39 120 360 80 120 361 40 120 362 80 121 363 39 121 364 81 121 365 81 122 366 82 122 367 78 122 368 83 123 369 39 123 370 323 123 371 323 124 372 328 124 373 83 124 374 83 125 375 86 125 376 84 125 377 87 126 378 83 126 379 84 126 380 39 127 381 83 127 382 87 127 383 83 128 384 328 128 385 85 128 386 86 129 387 83 129 388 88 129 389 85 130 390 88 130 391 83 130 392 90 131 393 89 131 394 87 131 395 90 132 396 82 132 397 89 132 398 87 133 399 84 133 400 90 133 401 364 134 402 82 134 403 90 134 404 90 135 405 360 135 406 364 135 407 90 136 408 84 136 409 360 136 410 91 137 411 360 137 412 84 137 413 360 138 414 91 138 415 365 138 416 92 139 417 365 139 418 91 139 419 93 140 420 92 140 421 91 140 422 91 141 423 84 141 424 93 141 425 88 142 426 93 142 427 86 142 428 93 143 429 84 143 430 86 143 431 94 144 432 92 144 433 93 144 434 93 145 435 88 145 436 94 145 437 88 146 438 95 146 439 94 146 440 94 147 441 95 147 442 96 147 443 98 148 444 95 148 445 97 148 446 95 149 447 99 149 448 96 149 449 99 150 450 95 150 451 98 150 452 99 151 453 101 151 454 104 151 455 104 152 456 96 152 457 99 152 458 101 153 459 99 153 460 100 153 461 99 154 462 98 154 463 100 154 464 103 155 465 102 155 466 101 155 467 103 156 468 101 156 469 100 156 470 104 157 471 101 157 472 102 157 473 104 158 474 102 158 475 105 158 476 105 159 477 106 159 478 104 159 479 96 160 480 104 160 481 106 160 482 94 161 483 96 161 484 106 161 485 106 162 486 92 162 487 94 162 488 92 163 489 106 163 490 105 163 491 92 164 492 105 164 493 108 164 494 108 165 495 105 165 496 109 165 497 105 166 498 102 166 499 107 166 500 107 167 501 109 167 502 105 167 503 109 168 504 107 168 505 112 168 506 113 169 507 110 169 508 111 169 509 102 170 510 103 170 511 110 170 512 110 171 513 113 171 514 118 171 515 112 172 516 110 172 517 118 172 518 110 173 519 112 173 520 102 173 521 113 174 522 115 174 523 116 174 524 114 175 525 116 175 526 115 175 527 116 176 528 118 176 529 113 176 530 117 177 531 118 177 532 116 177 533 116 178 534 114 178 535 117 178 536 119 179 537 118 179 538 117 179 539 117 180 540 114 180 541 119 180 542 118 181 543 119 181 544 120 181 545 121 182 546 123 182 547 122 182 548 122 183 549 120 183 550 121 183 551 120 184 552 122 184 553 124 184 554 123 185 555 124 185 556 122 185 557 123 186 558 92 186 559 108 186 560 108 187 561 124 187 562 123 187 563 120 188 564 124 188 565 118 188 566 124 189 567 109 189 568 112 189 569 112 190 570 118 190 571 124 190 572 124 191 573 108 191 574 109 191 575 121 192 576 177 192 577 123 192 578 92 193 579 123 193 580 125 193 581 125 194 582 123 194 583 177 194 584 125 195 585 129 195 586 126 195 587 365 196 588 125 196 589 126 196 590 365 197 591 92 197 592 125 197 593 127 198 594 125 198 595 177 198 596 125 199 597 127 199 598 128 199 599 125 200 600 128 200 601 131 200 602 125 201 603 131 201 604 129 201 605 131 202 606 130 202 607 129 202 608 133 203 609 130 203 610 131 203 611 133 204 612 131 204 613 132 204 614 138 205 615 130 205 616 133 205 617 133 206 618 136 206 619 138 206 620 133 207 621 134 207 622 136 207 623 133 208 624 135 208 625 134 208 626 135 209 627 133 209 628 132 209 629 134 210 630 64 210 631 136 210 632 136 211 633 137 211 634 142 211 635 138 212 636 136 212 637 142 212 638 136 213 639 144 213 640 137 213 641 63 214 642 144 214 643 136 214 644 136 215 645 64 215 646 63 215 647 130 216 648 138 216 649 139 216 650 140 217 651 139 217 652 138 217 653 138 218 654 142 218 655 140 218 656 140 219 657 142 219 658 141 219 659 130 220 660 139 220 661 69 220 662 70 221 663 69 221 664 139 221 665 139 222 666 141 222 667 70 222 668 141 223 669 139 223 670 140 223 671 141 224 672 368 224 673 70 224 674 142 225 675 368 225 676 141 225 677 137 226 678 368 226 679 142 226 680 144 227 681 368 227 682 137 227 683 71 228 684 368 228 685 144 228 686 144 229 687 63 229 688 143 229 689 143 230 690 145 230 691 144 230 692 71 231 693 144 231 694 145 231 695 143 232 696 67 232 697 145 232 698 143 233 699 66 233 700 67 233 701 146 234 702 135 234 703 180 234 704 132 235 705 180 235 706 135 235 707 135 236 708 146 236 709 148 236 710 134 237 711 135 237 712 147 237 713 135 238 714 148 238 715 147 238 716 146 239 717 153 239 718 148 239 719 150 240 720 148 240 721 153 240 722 149 241 723 147 241 724 148 241 725 149 242 726 148 242 727 150 242 728 6 243 729 150 243 730 151 243 731 6 244 732 149 244 733 150 244 734 152 245 735 151 245 736 150 245 737 150 246 738 153 246 739 152 246 740 154 247 741 151 247 742 152 247 743 152 248 744 153 248 745 154 248 746 261 249 747 151 249 748 154 249 749 155 250 750 154 250 751 153 250 752 155 251 753 181 251 754 158 251 755 155 252 756 153 252 757 181 252 758 158 253 759 156 253 760 155 253 761 154 254 762 155 254 763 156 254 764 156 255 765 158 255 766 157 255 767 161 256 768 157 256 769 160 256 770 157 257 771 161 257 772 159 257 773 159 258 774 156 258 775 157 258 776 156 259 777 356 259 778 162 259 779 356 260 780 156 260 781 159 260 782 163 261 783 164 261 784 167 261 785 164 262 786 159 262 787 161 262 788 257 263 789 164 263 790 165 263 791 257 264 792 167 264 793 164 264 794 165 265 795 164 265 796 166 265 797 164 266 798 168 266 799 166 266 800 161 267 801 168 267 802 164 267 803 159 268 804 164 268 805 163 268 806 160 269 807 182 269 808 161 269 809 168 270 810 161 270 811 185 270 812 161 271 813 169 271 814 185 271 815 161 272 816 182 272 817 169 272 818 169 273 819 182 273 820 170 273 821 169 274 822 170 274 823 174 274 824 171 275 825 174 275 826 170 275 827 172 276 828 171 276 829 300 276 830 174 277 831 171 277 832 172 277 833 114 278 834 300 278 835 171 278 836 171 279 837 170 279 838 173 279 839 119 280 840 171 280 841 173 280 842 119 281 843 114 281 844 171 281 845 174 282 846 185 282 847 169 282 848 172 283 849 185 283 850 174 283 851 175 284 852 173 284 853 170 284 854 121 285 855 120 285 856 175 285 857 173 286 858 175 286 859 120 286 860 176 287 861 121 287 862 178 287 863 175 288 864 178 288 865 121 288 866 177 289 867 121 289 868 176 289 869 127 290 870 177 290 871 176 290 872 179 291 873 176 291 874 178 291 875 176 292 876 179 292 877 127 292 878 179 293 879 180 293 880 127 293 881 146 294 882 180 294 883 179 294 884 181 295 885 179 295 886 160 295 887 178 296 888 160 296 889 179 296 890 179 297 891 181 297 892 146 297 893 158 298 894 181 298 895 157 298 896 160 299 897 157 299 898 181 299 899 132 300 900 128 300 901 180 300 902 128 301 903 127 301 904 180 301 905 160 302 906 178 302 907 175 302 908 182 303 909 160 303 910 175 303 911 175 304 912 170 304 913 182 304 914 300 305 915 185 305 916 172 305 917 185 306 918 300 306 919 183 306 920 183 307 921 184 307 922 185 307 923 168 308 924 185 308 925 184 308 926 184 309 927 355 309 928 168 309 929 184 310 930 186 310 931 355 310 932 186 311 933 165 311 934 355 311 935 186 312 936 184 312 937 299 312 938 299 313 939 187 313 940 186 313 941 187 314 942 165 314 943 186 314 944 187 315 945 191 315 946 165 315 947 299 316 948 188 316 949 187 316 950 188 317 951 192 317 952 187 317 953 190 318 954 187 318 955 189 318 956 187 319 957 192 319 958 189 319 959 256 320 960 187 320 961 190 320 962 191 321 963 187 321 964 256 321 965 338 322 966 189 322 967 192 322 968 340 323 969 194 323 970 193 323 971 340 324 972 193 324 973 195 324 974 195 325 975 338 325 976 340 325 977 195 326 978 196 326 979 338 326 980 198 327 981 196 327 982 195 327 983 195 328 984 193 328 985 199 328 986 195 329 987 199 329 988 198 329 989 198 330 990 197 330 991 196 330 992 200 331 993 198 331 994 199 331 995 193 332 996 200 332 997 199 332 998 198 333 999 200 333 1000 263 333 1001 200 334 1002 193 334 1003 201 334 1004 201 335 1005 193 335 1006 194 335 1007 202 336 1008 346 336 1009 201 336 1010 201 337 1011 194 337 1012 202 337 1013 264 338 1014 346 338 1015 203 338 1016 346 339 1017 264 339 1018 201 339 1019 203 340 1020 268 340 1021 264 340 1022 203 341 1023 206 341 1024 268 341 1025 204 342 1026 268 342 1027 206 342 1028 208 343 1029 205 343 1030 204 343 1031 204 344 1032 206 344 1033 207 344 1034 204 345 1035 207 345 1036 208 345 1037 212 346 1038 205 346 1039 208 346 1040 351 347 1041 207 347 1042 345 347 1043 207 348 1044 351 348 1045 209 348 1046 207 349 1047 209 349 1048 210 349 1049 210 350 1050 208 350 1051 207 350 1052 214 351 1053 210 351 1054 209 351 1055 212 352 1056 210 352 1057 214 352 1058 212 353 1059 210 353 1060 211 353 1061 210 354 1062 212 354 1063 211 354 1064 210 355 1065 212 355 1066 208 355 1067 214 356 1068 209 356 1069 213 356 1070 205 357 1071 214 357 1072 215 357 1073 205 358 1074 212 358 1075 214 358 1076 213 359 1077 215 359 1078 214 359 1079 205 360 1080 215 360 1081 224 360 1082 213 361 1083 216 361 1084 215 361 1085 216 362 1086 217 362 1087 215 362 1088 215 363 1089 217 363 1090 218 363 1091 224 364 1092 215 364 1093 218 364 1094 216 365 1095 219 365 1096 217 365 1097 221 366 1098 217 366 1099 219 366 1100 16 367 1101 219 367 1102 220 367 1103 221 368 1104 219 368 1105 16 368 1106 16 369 1107 223 369 1108 222 369 1109 16 370 1110 222 370 1111 221 370 1112 217 371 1113 222 371 1114 218 371 1115 222 372 1116 217 372 1117 221 372 1118 224 373 1119 222 373 1120 223 373 1121 224 374 1122 218 374 1123 222 374 1124 227 375 1125 224 375 1126 223 375 1127 227 376 1128 226 376 1129 225 376 1130 227 377 1131 225 377 1132 205 377 1133 205 378 1134 224 378 1135 227 378 1136 228 379 1137 227 379 1138 223 379 1139 228 380 1140 226 380 1141 227 380 1142 13 381 1143 228 381 1144 223 381 1145 12 382 1146 226 382 1147 228 382 1148 12 383 1149 225 383 1150 226 383 1151 230 384 1152 12 384 1153 229 384 1154 230 385 1155 225 385 1156 12 385 1157 10 386 1158 230 386 1159 229 386 1160 10 387 1161 8 387 1162 230 387 1163 8 388 1164 231 388 1165 230 388 1166 8 389 1167 233 389 1168 231 389 1169 232 390 1170 231 390 1171 233 390 1172 233 391 1173 234 391 1174 232 391 1175 235 392 1176 234 392 1177 233 392 1178 235 393 1179 233 393 1180 237 393 1181 235 394 1182 237 394 1183 238 394 1184 236 395 1185 238 395 1186 237 395 1187 239 396 1188 235 396 1189 238 396 1190 238 397 1191 240 397 1192 239 397 1193 240 398 1194 238 398 1195 236 398 1196 234 399 1197 235 399 1198 239 399 1199 241 400 1200 239 400 1201 240 400 1202 243 401 1203 241 401 1204 240 401 1205 242 402 1206 240 402 1207 236 402 1208 243 403 1209 240 403 1210 242 403 1211 243 404 1212 246 404 1213 247 404 1214 243 405 1215 244 405 1216 246 405 1217 243 406 1218 242 406 1219 244 406 1220 242 407 1221 245 407 1222 244 407 1223 244 408 1224 245 408 1225 246 408 1226 246 409 1227 249 409 1228 247 409 1229 245 410 1230 253 410 1231 246 410 1232 246 411 1233 253 411 1234 249 411 1235 250 412 1236 249 412 1237 253 412 1238 253 413 1239 248 413 1240 250 413 1241 250 414 1242 248 414 1243 197 414 1244 249 415 1245 250 415 1246 247 415 1247 247 416 1248 250 416 1249 251 416 1250 251 417 1251 241 417 1252 243 417 1253 247 418 1254 251 418 1255 243 418 1256 241 419 1257 251 419 1258 197 419 1259 197 420 1260 251 420 1261 250 420 1262 248 421 1263 253 421 1264 252 421 1265 248 422 1266 252 422 1267 256 422 1268 245 423 1269 252 423 1270 253 423 1271 254 424 1272 197 424 1273 248 424 1274 248 425 1275 190 425 1276 254 425 1277 190 426 1278 248 426 1279 256 426 1280 197 427 1281 254 427 1282 196 427 1283 190 428 1284 196 428 1285 254 428 1286 256 429 1287 252 429 1288 255 429 1289 255 430 1290 257 430 1291 191 430 1292 256 431 1293 255 431 1294 191 431 1295 257 432 1296 255 432 1297 259 432 1298 255 433 1299 258 433 1300 259 433 1301 252 434 1302 258 434 1303 255 434 1304 260 435 1305 259 435 1306 258 435 1307 167 436 1308 259 436 1309 260 436 1310 259 437 1311 167 437 1312 257 437 1313 260 438 1314 151 438 1315 261 438 1316 151 439 1317 260 439 1318 258 439 1319 261 440 1320 167 440 1321 260 440 1322 163 441 1323 261 441 1324 162 441 1325 163 442 1326 167 442 1327 261 442 1328 154 443 1329 162 443 1330 261 443 1331 258 444 1332 252 444 1333 151 444 1334 151 445 1335 252 445 1336 245 445 1337 9 446 1338 6 446 1339 245 446 1340 245 447 1341 242 447 1342 9 447 1343 245 448 1344 6 448 1345 151 448 1346 9 449 1347 242 449 1348 237 449 1349 236 450 1350 237 450 1351 242 450 1352 234 451 1353 239 451 1354 241 451 1355 262 452 1356 241 452 1357 264 452 1358 241 453 1359 263 453 1360 264 453 1361 197 454 1362 263 454 1363 241 454 1364 241 455 1365 262 455 1366 234 455 1367 267 456 1368 266 456 1369 265 456 1370 266 457 1371 262 457 1372 265 457 1373 231 458 1374 234 458 1375 266 458 1376 266 459 1377 230 459 1378 231 459 1379 225 460 1380 266 460 1381 267 460 1382 225 461 1383 230 461 1384 266 461 1385 262 462 1386 266 462 1387 234 462 1388 262 463 1389 267 463 1390 265 463 1391 267 464 1392 262 464 1393 268 464 1394 262 465 1395 264 465 1396 268 465 1397 267 466 1398 268 466 1399 204 466 1400 204 467 1401 225 467 1402 267 467 1403 200 468 1404 264 468 1405 263 468 1406 201 469 1407 264 469 1408 200 469 1409 232 470 1410 234 470 1411 231 470 1412 204 471 1413 205 471 1414 225 471 1415 220 472 1416 17 472 1417 16 472 1418 269 473 1419 220 473 1420 219 473 1421 269 474 1422 219 474 1423 270 474 1424 270 475 1425 219 475 1426 216 475 1427 271 476 1428 273 476 1429 270 476 1430 271 477 1431 270 477 1432 354 477 1433 354 478 1434 270 478 1435 216 478 1436 272 479 1437 269 479 1438 270 479 1439 272 480 1440 270 480 1441 273 480 1442 348 481 1443 273 481 1444 275 481 1445 273 482 1446 348 482 1447 276 482 1448 273 483 1449 271 483 1450 274 483 1451 273 484 1452 274 484 1453 275 484 1454 276 485 1455 272 485 1456 273 485 1457 276 486 1458 348 486 1459 281 486 1460 277 487 1461 272 487 1462 276 487 1463 280 488 1464 277 488 1465 276 488 1466 276 489 1467 281 489 1468 278 489 1469 279 490 1470 276 490 1471 278 490 1472 276 491 1473 279 491 1474 280 491 1475 281 492 1476 284 492 1477 282 492 1478 348 493 1479 284 493 1480 281 493 1481 278 494 1482 281 494 1483 282 494 1484 282 495 1485 283 495 1486 278 495 1487 288 496 1488 278 496 1489 283 496 1490 282 497 1491 284 497 1492 283 497 1493 287 498 1494 284 498 1495 351 498 1496 287 499 1497 283 499 1498 284 499 1499 345 500 1500 287 500 1501 351 500 1502 287 501 1503 339 501 1504 286 501 1505 287 502 1506 345 502 1507 339 502 1508 287 503 1509 286 503 1510 285 503 1511 288 504 1512 287 504 1513 279 504 1514 285 505 1515 279 505 1516 287 505 1517 279 506 1518 278 506 1519 288 506 1520 289 507 1521 285 507 1522 286 507 1523 290 508 1524 285 508 1525 289 508 1526 188 509 1527 290 509 1528 289 509 1529 280 510 1530 290 510 1531 291 510 1532 188 511 1533 292 511 1534 290 511 1535 291 512 1536 290 512 1537 292 512 1538 188 513 1539 293 513 1540 292 513 1541 291 514 1542 292 514 1543 335 514 1544 292 515 1545 293 515 1546 335 515 1547 294 516 1548 335 516 1549 293 516 1550 294 517 1551 293 517 1552 295 517 1553 296 518 1554 295 518 1555 293 518 1556 293 519 1557 297 519 1558 296 519 1559 293 520 1560 188 520 1561 297 520 1562 297 521 1563 298 521 1564 302 521 1565 298 522 1566 297 522 1567 299 522 1568 188 523 1569 299 523 1570 297 523 1571 183 524 1572 302 524 1573 298 524 1574 183 525 1575 300 525 1576 115 525 1577 114 526 1578 115 526 1579 300 526 1580 183 527 1581 115 527 1582 301 527 1583 111 528 1584 302 528 1585 301 528 1586 113 529 1587 111 529 1588 301 529 1589 113 530 1590 301 530 1591 115 530 1592 302 531 1593 111 531 1594 294 531 1595 302 532 1596 294 532 1597 295 532 1598 295 533 1599 296 533 1600 302 533 1601 301 534 1602 302 534 1603 183 534 1604 299 535 1605 184 535 1606 298 535 1607 183 536 1608 298 536 1609 184 536 1610 297 537 1611 302 537 1612 296 537 1613 303 538 1614 294 538 1615 111 538 1616 110 539 1617 304 539 1618 303 539 1619 303 540 1620 111 540 1621 110 540 1622 110 541 1623 306 541 1624 304 541 1625 306 542 1626 110 542 1627 305 542 1628 304 543 1629 306 543 1630 307 543 1631 307 544 1632 303 544 1633 304 544 1634 307 545 1635 336 545 1636 308 545 1637 306 546 1638 336 546 1639 307 546 1640 307 547 1641 308 547 1642 303 547 1643 294 548 1644 303 548 1645 308 548 1646 294 549 1647 308 549 1648 309 549 1649 310 550 1650 294 550 1651 309 550 1652 310 551 1653 309 551 1654 311 551 1655 313 552 1656 311 552 1657 309 552 1658 313 553 1659 309 553 1660 312 553 1661 312 554 1662 309 554 1663 308 554 1664 313 555 1665 314 555 1666 315 555 1667 314 556 1668 313 556 1669 312 556 1670 315 557 1671 272 557 1672 313 557 1673 311 558 1674 313 558 1675 277 558 1676 313 559 1677 272 559 1678 277 559 1679 315 560 1680 314 560 1681 317 560 1682 316 561 1683 269 561 1684 315 561 1685 315 562 1686 317 562 1687 316 562 1688 315 563 1689 269 563 1690 272 563 1691 318 564 1692 20 564 1693 317 564 1694 317 565 1695 20 565 1696 18 565 1697 18 566 1698 316 566 1699 317 566 1700 318 567 1701 317 567 1702 314 567 1703 316 568 1704 18 568 1705 319 568 1706 319 569 1707 18 569 1708 17 569 1709 17 570 1710 220 570 1711 319 570 1712 220 571 1713 269 571 1714 319 571 1715 269 572 1716 316 572 1717 319 572 1718 318 573 1719 314 573 1720 320 573 1721 20 574 1722 318 574 1723 29 574 1724 318 575 1725 321 575 1726 29 575 1727 320 576 1728 321 576 1729 318 576 1730 324 577 1731 31 577 1732 321 577 1733 29 578 1734 321 578 1735 31 578 1736 324 579 1737 321 579 1738 322 579 1739 323 580 1740 322 580 1741 333 580 1742 322 581 1743 323 581 1744 324 581 1745 325 582 1746 333 582 1747 322 582 1748 322 583 1749 321 583 1750 325 583 1751 321 584 1752 320 584 1753 325 584 1754 333 585 1755 325 585 1756 326 585 1757 320 586 1758 326 586 1759 325 586 1760 328 587 1761 323 587 1762 326 587 1763 328 588 1764 326 588 1765 327 588 1766 326 589 1767 97 589 1768 327 589 1769 97 590 1770 326 590 1771 320 590 1772 328 591 1773 327 591 1774 332 591 1775 327 592 1776 329 592 1777 332 592 1778 329 593 1779 331 593 1780 332 593 1781 327 594 1782 97 594 1783 329 594 1784 97 595 1785 330 595 1786 329 595 1787 329 596 1788 330 596 1789 331 596 1790 85 597 1791 331 597 1792 330 597 1793 330 598 1794 88 598 1795 85 598 1796 331 599 1797 85 599 1798 332 599 1799 332 600 1800 85 600 1801 328 600 1802 88 601 1803 330 601 1804 95 601 1805 97 602 1806 95 602 1807 330 602 1808 326 603 1809 323 603 1810 333 603 1811 320 604 1812 314 604 1813 97 604 1814 20 605 1815 29 605 1816 24 605 1817 97 606 1818 314 606 1819 98 606 1820 314 607 1821 312 607 1822 98 607 1823 334 608 1824 98 608 1825 312 608 1826 312 609 1827 308 609 1828 334 609 1829 336 610 1830 98 610 1831 334 610 1832 334 611 1833 308 611 1834 336 611 1835 280 612 1836 311 612 1837 277 612 1838 311 613 1839 280 613 1840 291 613 1841 311 614 1842 291 614 1843 310 614 1844 294 615 1845 310 615 1846 335 615 1847 291 616 1848 335 616 1849 310 616 1850 337 617 1851 98 617 1852 336 617 1853 306 618 1854 337 618 1855 336 618 1856 103 619 1857 337 619 1858 305 619 1859 306 620 1860 305 620 1861 337 620 1862 100 621 1863 98 621 1864 337 621 1865 103 622 1866 100 622 1867 337 622 1868 305 623 1869 110 623 1870 103 623 1871 280 624 1872 285 624 1873 290 624 1874 289 625 1875 338 625 1876 192 625 1877 338 626 1878 289 626 1879 286 626 1880 192 627 1881 188 627 1882 289 627 1883 338 628 1884 339 628 1885 340 628 1886 286 629 1887 339 629 1888 338 629 1889 194 630 1890 340 630 1891 341 630 1892 341 631 1893 340 631 1894 339 631 1895 341 632 1896 202 632 1897 194 632 1898 341 633 1899 342 633 1900 202 633 1901 341 634 1902 339 634 1903 343 634 1904 342 635 1905 341 635 1906 343 635 1907 339 636 1908 342 636 1909 343 636 1910 202 637 1911 342 637 1912 344 637 1913 345 638 1914 344 638 1915 342 638 1916 203 639 1917 344 639 1918 345 639 1919 202 640 1920 344 640 1921 346 640 1922 203 641 1923 346 641 1924 344 641 1925 203 642 1926 207 642 1927 206 642 1928 345 643 1929 207 643 1930 203 643 1931 342 644 1932 339 644 1933 345 644 1934 279 645 1935 285 645 1936 280 645 1937 283 646 1938 287 646 1939 288 646 1940 351 647 1941 284 647 1942 348 647 1943 351 648 1944 348 648 1945 347 648 1946 349 649 1947 351 649 1948 347 649 1949 351 650 1950 349 650 1951 350 650 1952 350 651 1953 209 651 1954 351 651 1955 352 652 1956 209 652 1957 350 652 1958 353 653 1959 352 653 1960 350 653 1961 353 654 1962 350 654 1963 349 654 1964 274 655 1965 352 655 1966 353 655 1967 353 656 1968 349 656 1969 274 656 1970 354 657 1971 352 657 1972 271 657 1973 271 658 1974 352 658 1975 274 658 1976 354 659 1977 216 659 1978 213 659 1979 209 660 1980 354 660 1981 213 660 1982 209 661 1983 352 661 1984 354 661 1985 274 662 1986 349 662 1987 275 662 1988 275 663 1989 349 663 1990 347 663 1991 275 664 1992 347 664 1993 348 664 1994 263 665 1995 197 665 1996 198 665 1997 189 666 1998 338 666 1999 196 666 2000 189 667 2001 196 667 2002 190 667 2003 165 668 2004 191 668 2005 257 668 2006 166 669 2007 355 669 2008 165 669 2009 355 670 2010 166 670 2011 168 670 2012 173 671 2013 120 671 2014 119 671 2015 159 672 2016 163 672 2017 356 672 2018 163 673 2019 162 673 2020 356 673 2021 154 674 2022 156 674 2023 162 674 2024 146 675 2025 181 675 2026 153 675 2027 149 676 2028 64 676 2029 134 676 2030 147 677 2031 149 677 2032 134 677 2033 357 678 2034 64 678 2035 149 678 2036 149 679 2037 6 679 2038 357 679 2039 132 680 2040 131 680 2041 128 680 2042 129 681 2043 130 681 2044 358 681 2045 69 682 2046 358 682 2047 130 682 2048 359 683 2049 129 683 2050 358 683 2051 69 684 2052 359 684 2053 358 684 2054 359 685 2055 363 685 2056 361 685 2057 360 686 2058 126 686 2059 359 686 2060 359 687 2061 361 687 2062 360 687 2063 359 688 2064 126 688 2065 129 688 2066 69 689 2067 363 689 2068 359 689 2069 75 690 2070 363 690 2071 72 690 2072 69 691 2073 72 691 2074 363 691 2075 363 692 2076 75 692 2077 362 692 2078 75 693 2079 77 693 2080 362 693 2081 362 694 2082 361 694 2083 363 694 2084 77 695 2085 361 695 2086 362 695 2087 77 696 2088 364 696 2089 361 696 2090 360 697 2091 361 697 2092 364 697 2093 366 698 2094 364 698 2095 77 698 2096 78 699 2097 82 699 2098 366 699 2099 364 700 2100 366 700 2101 82 700 2102 126 701 2103 360 701 2104 365 701 2105 102 702 2106 112 702 2107 107 702 2108 81 703 2109 87 703 2110 89 703 2111 82 704 2112 81 704 2113 89 704 2114 87 705 2115 81 705 2116 39 705 2117 47 706 2118 44 706 2119 73 706 2120 73 707 2121 49 707 2122 367 707 2123 49 708 2124 47 708 2125 367 708 2126 47 709 2127 73 709 2128 367 709 2129 73 710 2130 66 710 2131 369 710 2132 49 711 2133 73 711 2134 369 711 2135 66 712 2136 49 712 2137 369 712 2138 66 713 2139 65 713 2140 370 713 2141 370 714 2142 49 714 2143 66 714 2144 65 715 2145 59 715 2146 370 715 2147 370 716 2148 46 716 2149 49 716 2150 370 717 2151 59 717 2152 46 717 2153 357 718 2154 62 718 2155 64 718 2156 62 719 2157 4 719 2158 3 719 2159 371 720 2160 62 720 2161 3 720 2162 4 721 2163 62 721 2164 357 721 2165 62 722 2166 371 722 2167 60 722 2168 15 723 2169 371 723 2170 3 723 2171 371 724 2172 15 724 2173 372 724 2174 56 725 2175 60 725 2176 371 725 2177 56 726 2178 371 726 2179 372 726 2180 372 727 2181 14 727 2182 56 727 2183 56 728 2184 14 728 2185 57 728 2186 14 729 2187 54 729 2188 57 729 2189 372 730 2190 15 730 2191 14 730 2192 59 731 2193 58 731 2194 46 731 2195 46 732 2196 58 732 2197 55 732 2198 48 733 2199 46 733 2200 55 733 2201 23 734 2202 53 734 2203 22 734 2204 23 735 2205 26 735 2206 53 735 2207 323 736 2208 38 736 2209 324 736 2210 27 737 2211 35 737 2212 37 737 2213 27 738 2214 28 738 2215 35 738 2216 2 739 2217 1 739 2218 11 739 2219 373 740 2220 376 740 2221 377 740 2222 374 741 2223 377 741 2224 375 741 2225 377 742 2226 376 742 2227 375 742 2228 373 743 2229 377 743 2230 387 743 2231 387 744 2232 377 744 2233 378 744 2234 377 745 2235 379 745 2236 378 745 2237 379 746 2238 380 746 2239 381 746 2240 380 747 2241 886 747 2242 381 747 2243 381 748 2244 886 748 2245 383 748 2246 379 749 2247 381 749 2248 382 749 2249 382 750 2250 378 750 2251 379 750 2252 382 751 2253 381 751 2254 383 751 2255 384 752 2256 382 752 2257 383 752 2258 384 753 2259 383 753 2260 885 753 2261 383 754 2262 883 754 2263 885 754 2264 385 755 2265 384 755 2266 885 755 2267 385 756 2268 887 756 2269 384 756 2270 887 757 2271 888 757 2272 384 757 2273 386 758 2274 384 758 2275 888 758 2276 378 759 2277 384 759 2278 466 759 2279 466 760 2280 384 760 2281 394 760 2282 384 761 2283 386 761 2284 394 761 2285 384 762 2286 378 762 2287 382 762 2288 378 763 2289 466 763 2290 388 763 2291 378 764 2292 388 764 2293 387 764 2294 388 765 2295 466 765 2296 389 765 2297 466 766 2298 390 766 2299 389 766 2300 390 767 2301 466 767 2302 391 767 2303 392 768 2304 479 768 2305 391 768 2306 391 769 2307 479 769 2308 393 769 2309 391 770 2310 466 770 2311 392 770 2312 394 771 2313 386 771 2314 395 771 2315 395 772 2316 399 772 2317 398 772 2318 399 773 2319 395 773 2320 386 773 2321 395 774 2322 398 774 2323 855 774 2324 855 775 2325 396 775 2326 395 775 2327 394 776 2328 395 776 2329 396 776 2330 857 777 2331 855 777 2332 398 777 2333 397 778 2334 857 778 2335 398 778 2336 400 779 2337 398 779 2338 399 779 2339 398 780 2340 400 780 2341 397 780 2342 400 781 2343 453 781 2344 397 781 2345 401 782 2346 453 782 2347 400 782 2348 404 783 2349 402 783 2350 401 783 2351 403 784 2352 401 784 2353 402 784 2354 453 785 2355 401 785 2356 403 785 2357 404 786 2358 401 786 2359 400 786 2360 404 787 2361 406 787 2362 405 787 2363 404 788 2364 399 788 2365 406 788 2366 400 789 2367 399 789 2368 404 789 2369 405 790 2370 402 790 2371 404 790 2372 405 791 2373 406 791 2374 887 791 2375 405 792 2376 407 792 2377 408 792 2378 405 793 2379 408 793 2380 402 793 2381 409 794 2382 408 794 2383 407 794 2384 410 795 2385 408 795 2386 409 795 2387 410 796 2388 402 796 2389 408 796 2390 403 797 2391 402 797 2392 410 797 2393 410 798 2394 411 798 2395 403 798 2396 410 799 2397 414 799 2398 411 799 2399 409 800 2400 414 800 2401 410 800 2402 414 801 2403 858 801 2404 411 801 2405 412 802 2406 414 802 2407 409 802 2408 873 803 2409 412 803 2410 413 803 2411 412 804 2412 873 804 2413 414 804 2414 413 805 2415 412 805 2416 416 805 2417 412 806 2418 407 806 2419 415 806 2420 409 807 2421 407 807 2422 412 807 2423 416 808 2424 412 808 2425 415 808 2426 415 809 2427 442 809 2428 416 809 2429 416 810 2430 442 810 2431 865 810 2432 415 811 2433 417 811 2434 442 811 2435 813 812 2436 418 812 2437 417 812 2438 417 813 2439 415 813 2440 813 813 2441 418 814 2442 806 814 2443 417 814 2444 442 815 2445 417 815 2446 419 815 2447 417 816 2448 806 816 2449 419 816 2450 419 817 2451 420 817 2452 422 817 2453 806 818 2454 420 818 2455 419 818 2456 806 819 2457 805 819 2458 420 819 2459 421 820 2460 422 820 2461 420 820 2462 421 821 2463 420 821 2464 805 821 2465 424 822 2466 423 822 2467 421 822 2468 421 823 2469 805 823 2470 424 823 2471 421 824 2472 423 824 2473 874 824 2474 424 825 2475 426 825 2476 423 825 2477 426 826 2478 429 826 2479 423 826 2480 427 827 2481 429 827 2482 426 827 2483 426 828 2484 424 828 2485 425 828 2486 424 829 2487 807 829 2488 425 829 2489 428 830 2490 429 830 2491 814 830 2492 814 831 2493 429 831 2494 427 831 2495 428 832 2496 430 832 2497 429 832 2498 431 833 2499 430 833 2500 428 833 2501 430 834 2502 431 834 2503 874 834 2504 874 835 2505 432 835 2506 435 835 2507 437 836 2508 434 836 2509 436 836 2510 437 837 2511 435 837 2512 434 837 2513 437 838 2514 422 838 2515 421 838 2516 438 839 2517 422 839 2518 437 839 2519 442 840 2520 438 840 2521 437 840 2522 436 841 2523 440 841 2524 441 841 2525 436 842 2526 441 842 2527 437 842 2528 433 843 2529 436 843 2530 434 843 2531 433 844 2532 432 844 2533 439 844 2534 448 845 2535 439 845 2536 432 845 2537 448 846 2538 440 846 2539 439 846 2540 448 847 2541 444 847 2542 440 847 2543 443 848 2544 442 848 2545 441 848 2546 443 849 2547 441 849 2548 444 849 2549 865 850 2550 442 850 2551 443 850 2552 866 851 2553 443 851 2554 444 851 2555 445 852 2556 866 852 2557 444 852 2558 869 853 2559 862 853 2560 445 853 2561 862 854 2562 866 854 2563 445 854 2564 445 855 2565 447 855 2566 446 855 2567 446 856 2568 869 856 2569 445 856 2570 444 857 2571 447 857 2572 445 857 2573 444 858 2574 448 858 2575 447 858 2576 448 859 2577 449 859 2578 447 859 2579 450 860 2580 449 860 2581 448 860 2582 451 861 2583 447 861 2584 449 861 2585 451 862 2586 449 862 2587 452 862 2588 411 863 2589 451 863 2590 452 863 2591 411 864 2592 452 864 2593 453 864 2594 449 865 2595 455 865 2596 452 865 2597 455 866 2598 449 866 2599 454 866 2600 454 867 2601 456 867 2602 455 867 2603 456 868 2604 459 868 2605 458 868 2606 456 869 2607 454 869 2608 459 869 2609 457 870 2610 456 870 2611 458 870 2612 458 871 2613 460 871 2614 850 871 2615 458 872 2616 459 872 2617 460 872 2618 457 873 2619 458 873 2620 850 873 2621 457 874 2622 850 874 2623 461 874 2624 461 875 2625 850 875 2626 849 875 2627 470 876 2628 463 876 2629 856 876 2630 470 877 2631 856 877 2632 462 877 2633 463 878 2634 470 878 2635 464 878 2636 464 879 2637 465 879 2638 463 879 2639 463 880 2640 854 880 2641 856 880 2642 854 881 2643 463 881 2644 396 881 2645 465 882 2646 396 882 2647 463 882 2648 466 883 2649 394 883 2650 465 883 2651 394 884 2652 396 884 2653 465 884 2654 464 885 2655 476 885 2656 466 885 2657 468 886 2658 467 886 2659 476 886 2660 471 887 2661 476 887 2662 469 887 2663 476 888 2664 464 888 2665 469 888 2666 470 889 2667 469 889 2668 464 889 2669 470 890 2670 471 890 2671 469 890 2672 471 891 2673 468 891 2674 476 891 2675 498 892 2676 468 892 2677 471 892 2678 468 893 2679 498 893 2680 496 893 2681 472 894 2682 467 894 2683 468 894 2684 468 895 2685 496 895 2686 472 895 2687 467 896 2688 472 896 2689 473 896 2690 467 897 2691 473 897 2692 474 897 2693 467 898 2694 474 898 2695 475 898 2696 478 899 2697 475 899 2698 474 899 2699 467 900 2700 475 900 2701 476 900 2702 477 901 2703 479 901 2704 478 901 2705 479 902 2706 475 902 2707 478 902 2708 479 903 2709 477 903 2710 393 903 2711 477 904 2712 480 904 2713 393 904 2714 786 905 2715 480 905 2716 481 905 2717 480 906 2718 477 906 2719 481 906 2720 482 907 2721 483 907 2722 481 907 2723 482 908 2724 481 908 2725 477 908 2726 482 909 2727 477 909 2728 478 909 2729 485 910 2730 483 910 2731 484 910 2732 485 911 2733 484 911 2734 486 911 2735 487 912 2736 484 912 2737 483 912 2738 483 913 2739 482 913 2740 487 913 2741 484 914 2742 487 914 2743 488 914 2744 488 915 2745 487 915 2746 489 915 2747 489 916 2748 487 916 2749 491 916 2750 489 917 2751 491 917 2752 490 917 2753 473 918 2754 494 918 2755 490 918 2756 490 919 2757 491 919 2758 473 919 2759 489 920 2760 492 920 2761 493 920 2762 489 921 2763 490 921 2764 492 921 2765 493 922 2766 492 922 2767 499 922 2768 494 923 2769 492 923 2770 490 923 2771 495 924 2772 492 924 2773 494 924 2774 495 925 2775 499 925 2776 492 925 2777 495 926 2778 494 926 2779 472 926 2780 472 927 2781 496 927 2782 495 927 2783 498 928 2784 497 928 2785 496 928 2786 496 929 2787 497 929 2788 495 929 2789 499 930 2790 495 930 2791 497 930 2792 497 931 2793 498 931 2794 847 931 2795 499 932 2796 497 932 2797 847 932 2798 493 933 2799 499 933 2800 500 933 2801 755 934 2802 500 934 2803 501 934 2804 755 935 2805 493 935 2806 500 935 2807 501 936 2808 500 936 2809 700 936 2810 500 937 2811 523 937 2812 700 937 2813 500 938 2814 499 938 2815 523 938 2816 502 939 2817 501 939 2818 503 939 2819 501 940 2820 700 940 2821 522 940 2822 503 941 2823 501 941 2824 522 941 2825 503 942 2826 853 942 2827 502 942 2828 503 943 2829 520 943 2830 853 943 2831 504 944 2832 853 944 2833 520 944 2834 751 945 2835 853 945 2836 504 945 2837 505 946 2838 751 946 2839 504 946 2840 505 947 2841 504 947 2842 506 947 2843 507 948 2844 505 948 2845 506 948 2846 507 949 2847 506 949 2848 508 949 2849 747 950 2850 507 950 2851 510 950 2852 510 951 2853 507 951 2854 508 951 2855 508 952 2856 506 952 2857 509 952 2858 511 953 2859 510 953 2860 512 953 2861 512 954 2862 510 954 2863 540 954 2864 510 955 2865 508 955 2866 540 955 2867 508 956 2868 509 956 2869 513 956 2870 540 957 2871 508 957 2872 685 957 2873 508 958 2874 513 958 2875 685 958 2876 509 959 2877 514 959 2878 513 959 2879 682 960 2880 514 960 2881 518 960 2882 514 961 2883 682 961 2884 515 961 2885 513 962 2886 514 962 2887 515 962 2888 518 963 2889 516 963 2890 682 963 2891 517 964 2892 521 964 2893 516 964 2894 516 965 2895 521 965 2896 681 965 2897 518 966 2898 517 966 2899 516 966 2900 519 967 2901 518 967 2902 514 967 2903 509 968 2904 519 968 2905 514 968 2906 518 969 2907 519 969 2908 520 969 2909 504 970 2910 520 970 2911 519 970 2912 506 971 2913 504 971 2914 519 971 2915 506 972 2916 519 972 2917 509 972 2918 520 973 2919 503 973 2920 517 973 2921 517 974 2922 522 974 2923 521 974 2924 520 975 2925 517 975 2926 518 975 2927 503 976 2928 522 976 2929 517 976 2930 522 977 2931 700 977 2932 521 977 2933 700 978 2934 523 978 2935 524 978 2936 523 979 2937 525 979 2938 524 979 2939 524 980 2940 525 980 2941 526 980 2942 525 981 2943 527 981 2944 526 981 2945 527 982 2946 530 982 2947 528 982 2948 527 983 2949 528 983 2950 529 983 2951 526 984 2952 527 984 2953 529 984 2954 846 985 2955 528 985 2956 530 985 2957 846 986 2958 532 986 2959 531 986 2960 535 987 2961 528 987 2962 846 987 2963 846 988 2964 531 988 2965 535 988 2966 535 989 2967 533 989 2968 528 989 2969 535 990 2970 531 990 2971 534 990 2972 529 991 2973 528 991 2974 533 991 2975 535 992 2976 534 992 2977 536 992 2978 534 993 2979 538 993 2980 536 993 2981 534 994 2982 537 994 2983 538 994 2984 536 995 2985 538 995 2986 542 995 2987 537 996 2988 539 996 2989 538 996 2990 538 997 2991 539 997 2992 542 997 2993 539 998 2994 540 998 2995 541 998 2996 542 999 2997 539 999 2998 541 999 2999 542 1000 3000 541 1000 3001 543 1000 3002 541 1001 3003 540 1001 3004 545 1001 3005 541 1002 3006 545 1002 3007 543 1002 3008 540 1003 3009 544 1003 3010 545 1003 3011 545 1004 3012 544 1004 3013 546 1004 3014 546 1005 3015 547 1005 3016 549 1005 3017 545 1006 3018 546 1006 3019 548 1006 3020 546 1007 3021 549 1007 3022 548 1007 3023 547 1008 3024 550 1008 3025 549 1008 3026 549 1009 3027 550 1009 3028 551 1009 3029 548 1010 3030 549 1010 3031 551 1010 3032 551 1011 3033 550 1011 3034 552 1011 3035 551 1012 3036 552 1012 3037 554 1012 3038 548 1013 3039 551 1013 3040 553 1013 3041 553 1014 3042 551 1014 3043 554 1014 3044 554 1015 3045 552 1015 3046 555 1015 3047 554 1016 3048 555 1016 3049 557 1016 3050 553 1017 3051 554 1017 3052 556 1017 3053 556 1018 3054 554 1018 3055 557 1018 3056 558 1019 3057 557 1019 3058 559 1019 3059 561 1020 3060 557 1020 3061 558 1020 3062 557 1021 3063 560 1021 3064 559 1021 3065 557 1022 3066 555 1022 3067 560 1022 3068 556 1023 3069 557 1023 3070 561 1023 3071 565 1024 3072 561 1024 3073 562 1024 3074 561 1025 3075 558 1025 3076 562 1025 3077 563 1026 3078 561 1026 3079 564 1026 3080 563 1027 3081 556 1027 3082 561 1027 3083 564 1028 3084 561 1028 3085 565 1028 3086 568 1029 3087 565 1029 3088 566 1029 3089 565 1030 3090 567 1030 3091 566 1030 3092 565 1031 3093 562 1031 3094 567 1031 3095 564 1032 3096 565 1032 3097 568 1032 3098 568 1033 3099 566 1033 3100 570 1033 3101 569 1034 3102 568 1034 3103 570 1034 3104 569 1035 3105 564 1035 3106 568 1035 3107 569 1036 3108 570 1036 3109 571 1036 3110 647 1037 3111 572 1037 3112 590 1037 3113 590 1038 3114 573 1038 3115 647 1038 3116 573 1039 3117 590 1039 3118 591 1039 3119 716 1040 3120 713 1040 3121 574 1040 3122 716 1041 3123 714 1041 3124 713 1041 3125 716 1042 3126 577 1042 3127 576 1042 3128 593 1043 3129 577 1043 3130 716 1043 3131 579 1044 3132 577 1044 3133 582 1044 3134 577 1045 3135 580 1045 3136 578 1045 3137 578 1046 3138 576 1046 3139 577 1046 3140 579 1047 3141 581 1047 3142 577 1047 3143 580 1048 3144 577 1048 3145 581 1048 3146 577 1049 3147 593 1049 3148 582 1049 3149 559 1050 3150 584 1050 3151 586 1050 3152 559 1051 3153 560 1051 3154 584 1051 3155 560 1052 3156 582 1052 3157 584 1052 3158 583 1053 3159 584 1053 3160 582 1053 3161 586 1054 3162 584 1054 3163 583 1054 3164 558 1055 3165 586 1055 3166 585 1055 3167 558 1056 3168 559 1056 3169 586 1056 3170 587 1057 3171 585 1057 3172 586 1057 3173 587 1058 3174 567 1058 3175 585 1058 3176 566 1059 3177 567 1059 3178 587 1059 3179 566 1060 3180 587 1060 3181 570 1060 3182 570 1061 3183 587 1061 3184 588 1061 3185 570 1062 3186 588 1062 3187 594 1062 3188 589 1063 3189 588 1063 3190 592 1063 3191 588 1064 3192 590 1064 3193 572 1064 3194 589 1065 3195 591 1065 3196 590 1065 3197 588 1066 3198 589 1066 3199 590 1066 3200 574 1067 3201 591 1067 3202 593 1067 3203 591 1068 3204 589 1068 3205 593 1068 3206 593 1069 3207 589 1069 3208 592 1069 3209 587 1070 3210 592 1070 3211 588 1070 3212 592 1071 3213 587 1071 3214 583 1071 3215 592 1072 3216 583 1072 3217 582 1072 3218 582 1073 3219 593 1073 3220 592 1073 3221 575 1074 3222 574 1074 3223 593 1074 3224 575 1075 3225 716 1075 3226 574 1075 3227 588 1076 3228 572 1076 3229 594 1076 3230 571 1077 3231 570 1077 3232 594 1077 3233 587 1078 3234 586 1078 3235 583 1078 3236 562 1079 3237 585 1079 3238 567 1079 3239 562 1080 3240 558 1080 3241 585 1080 3242 716 1081 3243 575 1081 3244 593 1081 3245 555 1082 3246 688 1082 3247 581 1082 3248 581 1083 3249 688 1083 3250 580 1083 3251 555 1084 3252 581 1084 3253 579 1084 3254 595 1085 3255 580 1085 3256 688 1085 3257 580 1086 3258 595 1086 3259 596 1086 3260 596 1087 3261 595 1087 3262 600 1087 3263 595 1088 3264 597 1088 3265 600 1088 3266 595 1089 3267 601 1089 3268 597 1089 3269 599 1090 3270 598 1090 3271 595 1090 3272 595 1091 3273 598 1091 3274 601 1091 3275 595 1092 3276 688 1092 3277 599 1092 3278 598 1093 3279 603 1093 3280 601 1093 3281 601 1094 3282 604 1094 3283 602 1094 3284 601 1095 3285 602 1095 3286 605 1095 3287 601 1096 3288 603 1096 3289 604 1096 3290 597 1097 3291 601 1097 3292 605 1097 3293 597 1098 3294 605 1098 3295 606 1098 3296 606 1099 3297 605 1099 3298 607 1099 3299 605 1100 3300 602 1100 3301 607 1100 3302 607 1101 3303 602 1101 3304 608 1101 3305 608 1102 3306 609 1102 3307 618 1102 3308 618 1103 3309 609 1103 3310 610 1103 3311 610 1104 3312 611 1104 3313 616 1104 3314 616 1105 3315 612 1105 3316 613 1105 3317 611 1106 3318 612 1106 3319 616 1106 3320 615 1107 3321 613 1107 3322 614 1107 3323 619 1108 3324 617 1108 3325 615 1108 3326 617 1109 3327 616 1109 3328 615 1109 3329 616 1110 3330 617 1110 3331 610 1110 3332 617 1111 3333 618 1111 3334 610 1111 3335 619 1112 3336 607 1112 3337 608 1112 3338 619 1113 3339 608 1113 3340 618 1113 3341 606 1114 3342 607 1114 3343 619 1114 3344 606 1115 3345 619 1115 3346 711 1115 3347 711 1116 3348 741 1116 3349 606 1116 3350 621 1117 3351 741 1117 3352 620 1117 3353 621 1118 3354 742 1118 3355 741 1118 3356 621 1119 3357 622 1119 3358 742 1119 3359 712 1120 3360 622 1120 3361 621 1120 3362 712 1121 3363 624 1121 3364 622 1121 3365 620 1122 3366 712 1122 3367 621 1122 3368 624 1123 3369 626 1123 3370 623 1123 3371 625 1124 3372 626 1124 3373 624 1124 3374 626 1125 3375 625 1125 3376 627 1125 3377 729 1126 3378 626 1126 3379 627 1126 3380 737 1127 3381 729 1127 3382 627 1127 3383 632 1128 3384 737 1128 3385 627 1128 3386 628 1129 3387 737 1129 3388 632 1129 3389 629 1130 3390 632 1130 3391 630 1130 3392 630 1131 3393 632 1131 3394 631 1131 3395 632 1132 3396 625 1132 3397 633 1132 3398 633 1133 3399 631 1133 3400 632 1133 3401 632 1134 3402 627 1134 3403 625 1134 3404 634 1135 3405 635 1135 3406 625 1135 3407 625 1136 3408 636 1136 3409 634 1136 3410 637 1137 3411 625 1137 3412 635 1137 3413 633 1138 3414 625 1138 3415 637 1138 3416 636 1139 3417 625 1139 3418 712 1139 3419 712 1140 3420 625 1140 3421 624 1140 3422 637 1141 3423 639 1141 3424 638 1141 3425 638 1142 3426 573 1142 3427 637 1142 3428 637 1143 3429 573 1143 3430 633 1143 3431 639 1144 3432 637 1144 3433 635 1144 3434 708 1145 3435 640 1145 3436 639 1145 3437 643 1146 3438 639 1146 3439 640 1146 3440 708 1147 3441 639 1147 3442 641 1147 3443 641 1148 3444 639 1148 3445 634 1148 3446 639 1149 3447 635 1149 3448 634 1149 3449 642 1150 3450 639 1150 3451 643 1150 3452 638 1151 3453 639 1151 3454 642 1151 3455 643 1152 3456 644 1152 3457 642 1152 3458 645 1153 3459 644 1153 3460 647 1153 3461 642 1154 3462 644 1154 3463 645 1154 3464 644 1155 3465 643 1155 3466 646 1155 3467 646 1156 3468 707 1156 3469 644 1156 3470 644 1157 3471 648 1157 3472 647 1157 3473 644 1158 3474 707 1158 3475 648 1158 3476 651 1159 3477 646 1159 3478 643 1159 3479 643 1160 3480 640 1160 3481 651 1160 3482 651 1161 3483 650 1161 3484 646 1161 3485 650 1162 3486 706 1162 3487 646 1162 3488 651 1163 3489 640 1163 3490 652 1163 3491 651 1164 3492 652 1164 3493 653 1164 3494 653 1165 3495 650 1165 3496 651 1165 3497 653 1166 3498 652 1166 3499 655 1166 3500 653 1167 3501 654 1167 3502 650 1167 3503 657 1168 3504 656 1168 3505 655 1168 3506 653 1169 3507 655 1169 3508 656 1169 3509 657 1170 3510 655 1170 3511 658 1170 3512 658 1171 3513 655 1171 3514 652 1171 3515 653 1172 3516 656 1172 3517 664 1172 3518 664 1173 3519 659 1173 3520 653 1173 3521 653 1174 3522 659 1174 3523 654 1174 3524 664 1175 3525 660 1175 3526 659 1175 3527 660 1176 3528 661 1176 3529 659 1176 3530 659 1177 3531 662 1177 3532 654 1177 3533 659 1178 3534 661 1178 3535 662 1178 3536 664 1179 3537 656 1179 3538 663 1179 3539 664 1180 3540 663 1180 3541 665 1180 3542 664 1181 3543 536 1181 3544 660 1181 3545 664 1182 3546 665 1182 3547 535 1182 3548 535 1183 3549 536 1183 3550 664 1183 3551 667 1184 3552 665 1184 3553 666 1184 3554 666 1185 3555 665 1185 3556 663 1185 3557 535 1186 3558 665 1186 3559 533 1186 3560 667 1187 3561 533 1187 3562 665 1187 3563 668 1188 3564 529 1188 3565 667 1188 3566 668 1189 3567 667 1189 3568 666 1189 3569 529 1190 3570 533 1190 3571 667 1190 3572 668 1191 3573 666 1191 3574 669 1191 3575 698 1192 3576 668 1192 3577 669 1192 3578 696 1193 3579 698 1193 3580 670 1193 3581 670 1194 3582 698 1194 3583 671 1194 3584 698 1195 3585 669 1195 3586 671 1195 3587 670 1196 3588 671 1196 3589 672 1196 3590 671 1197 3591 669 1197 3592 673 1197 3593 676 1198 3594 672 1198 3595 674 1198 3596 674 1199 3597 672 1199 3598 675 1199 3599 672 1200 3600 671 1200 3601 675 1200 3602 677 1201 3603 676 1201 3604 686 1201 3605 686 1202 3606 676 1202 3607 674 1202 3608 677 1203 3609 678 1203 3610 676 1203 3611 678 1204 3612 672 1204 3613 676 1204 3614 679 1205 3615 678 1205 3616 677 1205 3617 678 1206 3618 670 1206 3619 672 1206 3620 680 1207 3621 679 1207 3622 677 1207 3623 516 1208 3624 681 1208 3625 679 1208 3626 679 1209 3627 681 1209 3628 678 1209 3629 682 1210 3630 679 1210 3631 680 1210 3632 682 1211 3633 516 1211 3634 679 1211 3635 680 1212 3636 515 1212 3637 682 1212 3638 684 1213 3639 515 1213 3640 683 1213 3641 515 1214 3642 680 1214 3643 683 1214 3644 544 1215 3645 684 1215 3646 546 1215 3647 546 1216 3648 684 1216 3649 547 1216 3650 684 1217 3651 683 1217 3652 547 1217 3653 513 1218 3654 515 1218 3655 684 1218 3656 685 1219 3657 513 1219 3658 684 1219 3659 685 1220 3660 684 1220 3661 544 1220 3662 540 1221 3663 685 1221 3664 544 1221 3665 683 1222 3666 687 1222 3667 550 1222 3668 547 1223 3669 683 1223 3670 550 1223 3671 683 1224 3672 680 1224 3673 687 1224 3674 686 1225 3675 687 1225 3676 677 1225 3677 677 1226 3678 687 1226 3679 680 1226 3680 688 1227 3681 552 1227 3682 687 1227 3683 687 1228 3684 599 1228 3685 688 1228 3686 599 1229 3687 687 1229 3688 686 1229 3689 550 1230 3690 687 1230 3691 552 1230 3692 686 1231 3693 674 1231 3694 689 1231 3695 686 1232 3696 689 1232 3697 599 1232 3698 674 1233 3699 675 1233 3700 689 1233 3701 689 1234 3702 675 1234 3703 690 1234 3704 689 1235 3705 690 1235 3706 598 1235 3707 599 1236 3708 689 1236 3709 598 1236 3710 692 1237 3711 690 1237 3712 675 1237 3713 690 1238 3714 693 1238 3715 691 1238 3716 690 1239 3717 691 1239 3718 603 1239 3719 693 1240 3720 690 1240 3721 692 1240 3722 598 1241 3723 690 1241 3724 603 1241 3725 693 1242 3726 694 1242 3727 691 1242 3728 692 1243 3729 695 1243 3730 693 1243 3731 693 1244 3732 658 1244 3733 694 1244 3734 695 1245 3735 658 1245 3736 693 1245 3737 671 1246 3738 695 1246 3739 692 1246 3740 671 1247 3741 673 1247 3742 695 1247 3743 673 1248 3744 657 1248 3745 695 1248 3746 695 1249 3747 657 1249 3748 658 1249 3749 658 1250 3750 652 1250 3751 694 1250 3752 691 1251 3753 694 1251 3754 649 1251 3755 694 1252 3756 652 1252 3757 640 1252 3758 694 1253 3759 640 1253 3760 649 1253 3761 675 1254 3762 671 1254 3763 692 1254 3764 603 1255 3765 691 1255 3766 604 1255 3767 604 1256 3768 691 1256 3769 611 1256 3770 691 1257 3771 649 1257 3772 611 1257 3773 604 1258 3774 611 1258 3775 609 1258 3776 611 1259 3777 708 1259 3778 612 1259 3779 611 1260 3780 649 1260 3781 708 1260 3782 681 1261 3783 696 1261 3784 678 1261 3785 681 1262 3786 697 1262 3787 696 1262 3788 697 1263 3789 698 1263 3790 696 1263 3791 698 1264 3792 699 1264 3793 668 1264 3794 524 1265 3795 699 1265 3796 698 1265 3797 697 1266 3798 524 1266 3799 698 1266 3800 700 1267 3801 524 1267 3802 697 1267 3803 524 1268 3804 526 1268 3805 699 1268 3806 521 1269 3807 700 1269 3808 697 1269 3809 526 1270 3810 529 1270 3811 699 1270 3812 699 1271 3813 529 1271 3814 668 1271 3815 521 1272 3816 697 1272 3817 681 1272 3818 678 1273 3819 696 1273 3820 670 1273 3821 673 1274 3822 701 1274 3823 657 1274 3824 666 1275 3825 663 1275 3826 701 1275 3827 701 1276 3828 663 1276 3829 656 1276 3830 701 1277 3831 656 1277 3832 657 1277 3833 673 1278 3834 666 1278 3835 701 1278 3836 669 1279 3837 666 1279 3838 673 1279 3839 536 1280 3840 542 1280 3841 660 1280 3842 654 1281 3843 662 1281 3844 702 1281 3845 662 1282 3846 703 1282 3847 702 1282 3848 662 1283 3849 543 1283 3850 703 1283 3851 661 1284 3852 543 1284 3853 662 1284 3854 703 1285 3855 705 1285 3856 704 1285 3857 702 1286 3858 703 1286 3859 704 1286 3860 703 1287 3861 545 1287 3862 705 1287 3863 543 1288 3864 545 1288 3865 703 1288 3866 553 1289 3867 704 1289 3868 705 1289 3869 553 1290 3870 705 1290 3871 548 1290 3872 545 1291 3873 548 1291 3874 705 1291 3875 706 1292 3876 704 1292 3877 563 1292 3878 704 1293 3879 553 1293 3880 563 1293 3881 702 1294 3882 704 1294 3883 706 1294 3884 563 1295 3885 553 1295 3886 556 1295 3887 654 1296 3888 702 1296 3889 650 1296 3890 650 1297 3891 702 1297 3892 706 1297 3893 660 1298 3894 542 1298 3895 661 1298 3896 542 1299 3897 543 1299 3898 661 1299 3899 646 1300 3900 706 1300 3901 707 1300 3902 706 1301 3903 564 1301 3904 707 1301 3905 706 1302 3906 563 1302 3907 564 1302 3908 649 1303 3909 640 1303 3910 708 1303 3911 707 1304 3912 564 1304 3913 569 1304 3914 648 1305 3915 707 1305 3916 594 1305 3917 707 1306 3918 569 1306 3919 571 1306 3920 707 1307 3921 571 1307 3922 594 1307 3923 648 1308 3924 594 1308 3925 572 1308 3926 647 1309 3927 648 1309 3928 572 1309 3929 573 1310 3930 638 1310 3931 645 1310 3932 642 1311 3933 645 1311 3934 638 1311 3935 645 1312 3936 647 1312 3937 573 1312 3938 641 1313 3939 634 1313 3940 709 1313 3941 614 1314 3942 641 1314 3943 709 1314 3944 613 1315 3945 708 1315 3946 614 1315 3947 708 1316 3948 641 1316 3949 614 1316 3950 612 1317 3951 708 1317 3952 613 1317 3953 615 1318 3954 711 1318 3955 619 1318 3956 615 1319 3957 710 1319 3958 711 1319 3959 710 1320 3960 620 1320 3961 711 1320 3962 615 1321 3963 709 1321 3964 636 1321 3965 636 1322 3966 710 1322 3967 615 1322 3968 615 1323 3969 614 1323 3970 709 1323 3971 710 1324 3972 712 1324 3973 620 1324 3974 710 1325 3975 636 1325 3976 712 1325 3977 709 1326 3978 634 1326 3979 636 1326 3980 631 1327 3981 633 1327 3982 573 1327 3983 713 1328 3984 631 1328 3985 574 1328 3986 573 1329 3987 574 1329 3988 631 1329 3989 573 1330 3990 591 1330 3991 574 1330 3992 630 1331 3993 714 1331 3994 715 1331 3995 630 1332 3996 713 1332 3997 714 1332 3998 736 1333 3999 630 1333 4000 715 1333 4001 714 1334 4002 716 1334 4003 715 1334 4004 718 1335 4005 717 1335 4006 576 1335 4007 715 1336 4008 576 1336 4009 717 1336 4010 720 1337 4011 732 1337 4012 719 1337 4013 720 1338 4014 721 1338 4015 738 1338 4016 720 1339 4017 719 1339 4018 721 1339 4019 717 1340 4020 718 1340 4021 721 1340 4022 719 1341 4023 717 1341 4024 721 1341 4025 722 1342 4026 721 1342 4027 718 1342 4028 722 1343 4029 738 1343 4030 721 1343 4031 722 1344 4032 724 1344 4033 723 1344 4034 723 1345 4035 724 1345 4036 742 1345 4037 742 1346 4038 622 1346 4039 723 1346 4040 725 1347 4041 723 1347 4042 622 1347 4043 722 1348 4044 723 1348 4045 727 1348 4046 726 1349 4047 722 1349 4048 727 1349 4049 725 1350 4050 622 1350 4051 623 1350 4052 725 1351 4053 623 1351 4054 728 1351 4055 728 1352 4056 623 1352 4057 626 1352 4058 626 1353 4059 729 1353 4060 728 1353 4061 728 1354 4062 729 1354 4063 739 1354 4064 737 1355 4065 726 1355 4066 729 1355 4067 737 1356 4068 730 1356 4069 726 1356 4070 726 1357 4071 730 1357 4072 731 1357 4073 729 1358 4074 726 1358 4075 727 1358 4076 726 1359 4077 731 1359 4078 738 1359 4079 733 1360 4080 738 1360 4081 731 1360 4082 733 1361 4083 720 1361 4084 738 1361 4085 720 1362 4086 735 1362 4087 732 1362 4088 735 1363 4089 719 1363 4090 732 1363 4091 735 1364 4092 736 1364 4093 719 1364 4094 736 1365 4095 715 1365 4096 719 1365 4097 733 1366 4098 734 1366 4099 720 1366 4100 734 1367 4101 735 1367 4102 720 1367 4103 733 1368 4104 731 1368 4105 730 1368 4106 734 1369 4107 733 1369 4108 730 1369 4109 628 1370 4110 734 1370 4111 730 1370 4112 628 1371 4113 629 1371 4114 734 1371 4115 735 1372 4116 734 1372 4117 629 1372 4118 735 1373 4119 630 1373 4120 736 1373 4121 735 1374 4122 629 1374 4123 630 1374 4124 628 1375 4125 730 1375 4126 737 1375 4127 722 1376 4128 726 1376 4129 738 1376 4130 739 1377 4131 727 1377 4132 723 1377 4133 739 1378 4134 729 1378 4135 727 1378 4136 725 1379 4137 739 1379 4138 723 1379 4139 728 1380 4140 739 1380 4141 725 1380 4142 724 1381 4143 718 1381 4144 740 1381 4145 742 1382 4146 740 1382 4147 741 1382 4148 740 1383 4149 578 1383 4150 596 1383 4151 596 1384 4152 600 1384 4153 740 1384 4154 740 1385 4155 600 1385 4156 741 1385 4157 740 1386 4158 742 1386 4159 724 1386 4160 578 1387 4161 740 1387 4162 718 1387 4163 718 1388 4164 576 1388 4165 578 1388 4166 741 1389 4167 597 1389 4168 606 1389 4169 600 1390 4170 597 1390 4171 741 1390 4172 722 1391 4173 718 1391 4174 724 1391 4175 717 1392 4176 719 1392 4177 715 1392 4178 716 1393 4179 576 1393 4180 715 1393 4181 630 1394 4182 631 1394 4183 713 1394 4184 632 1395 4185 629 1395 4186 628 1395 4187 622 1396 4188 624 1396 4189 623 1396 4190 711 1397 4191 620 1397 4192 741 1397 4193 617 1398 4194 619 1398 4195 618 1398 4196 616 1399 4197 613 1399 4198 615 1399 4199 609 1400 4200 611 1400 4201 610 1400 4202 602 1401 4203 604 1401 4204 609 1401 4205 602 1402 4206 609 1402 4207 608 1402 4208 596 1403 4209 578 1403 4210 580 1403 4211 552 1404 4212 688 1404 4213 555 1404 4214 560 1405 4215 579 1405 4216 582 1405 4217 560 1406 4218 555 1406 4219 579 1406 4220 512 1407 4221 540 1407 4222 539 1407 4223 537 1408 4224 512 1408 4225 539 1408 4226 537 1409 4227 511 1409 4228 512 1409 4229 743 1410 4230 511 1410 4231 537 1410 4232 531 1411 4233 743 1411 4234 537 1411 4235 531 1412 4236 537 1412 4237 534 1412 4238 532 1413 4239 743 1413 4240 531 1413 4241 532 1414 4242 745 1414 4243 743 1414 4244 743 1415 4245 744 1415 4246 511 1415 4247 745 1416 4248 744 1416 4249 743 1416 4250 745 1417 4251 746 1417 4252 744 1417 4253 746 1418 4254 747 1418 4255 744 1418 4256 744 1419 4257 510 1419 4258 511 1419 4259 744 1420 4260 747 1420 4261 510 1420 4262 746 1421 4263 828 1421 4264 747 1421 4265 828 1422 4266 748 1422 4267 747 1422 4268 747 1423 4269 748 1423 4270 507 1423 4271 829 1424 4272 749 1424 4273 748 1424 4274 828 1425 4275 829 1425 4276 748 1425 4277 748 1426 4278 749 1426 4279 505 1426 4280 748 1427 4281 505 1427 4282 507 1427 4283 829 1428 4284 750 1428 4285 749 1428 4286 750 1429 4287 751 1429 4288 749 1429 4289 749 1430 4290 751 1430 4291 505 1430 4292 750 1431 4293 752 1431 4294 751 1431 4295 752 1432 4296 753 1432 4297 751 1432 4298 502 1433 4299 753 1433 4300 754 1433 4301 754 1434 4302 755 1434 4303 502 1434 4304 758 1435 4305 754 1435 4306 753 1435 4307 753 1436 4308 752 1436 4309 758 1436 4310 757 1437 4311 756 1437 4312 754 1437 4313 754 1438 4314 758 1438 4315 757 1438 4316 754 1439 4317 756 1439 4318 755 1439 4319 756 1440 4320 488 1440 4321 489 1440 4322 756 1441 4323 489 1441 4324 755 1441 4325 757 1442 4326 486 1442 4327 756 1442 4328 488 1443 4329 756 1443 4330 486 1443 4331 486 1444 4332 484 1444 4333 488 1444 4334 757 1445 4335 758 1445 4336 784 1445 4337 757 1446 4338 784 1446 4339 759 1446 4340 759 1447 4341 486 1447 4342 757 1447 4343 759 1448 4344 485 1448 4345 486 1448 4346 760 1449 4347 784 1449 4348 761 1449 4349 762 1450 4350 760 1450 4351 761 1450 4352 763 1451 4353 760 1451 4354 762 1451 4355 764 1452 4356 763 1452 4357 762 1452 4358 781 1453 4359 763 1453 4360 764 1453 4361 765 1454 4362 781 1454 4363 766 1454 4364 764 1455 4365 821 1455 4366 781 1455 4367 821 1456 4368 766 1456 4369 781 1456 4370 824 1457 4371 821 1457 4372 764 1457 4373 821 1458 4374 820 1458 4375 766 1458 4376 820 1459 4377 767 1459 4378 766 1459 4379 767 1460 4380 768 1460 4381 769 1460 4382 769 1461 4383 768 1461 4384 770 1461 4385 767 1462 4386 769 1462 4387 766 1462 4388 766 1463 4389 769 1463 4390 765 1463 4391 769 1464 4392 771 1464 4393 765 1464 4394 770 1465 4395 771 1465 4396 769 1465 4397 817 1466 4398 770 1466 4399 768 1466 4400 772 1467 4401 776 1467 4402 770 1467 4403 770 1468 4404 776 1468 4405 771 1468 4406 772 1469 4407 770 1469 4408 817 1469 4409 817 1470 4410 773 1470 4411 772 1470 4412 448 1471 4413 431 1471 4414 773 1471 4415 448 1472 4416 773 1472 4417 450 1472 4418 773 1473 4419 431 1473 4420 775 1473 4421 773 1474 4422 774 1474 4423 772 1474 4424 774 1475 4425 773 1475 4426 775 1475 4427 774 1476 4428 775 1476 4429 814 1476 4430 428 1477 4431 814 1477 4432 775 1477 4433 448 1478 4434 432 1478 4435 431 1478 4436 431 1479 4437 428 1479 4438 775 1479 4439 772 1480 4440 774 1480 4441 814 1480 4442 427 1481 4443 776 1481 4444 772 1481 4445 776 1482 4446 427 1482 4447 425 1482 4448 771 1483 4449 776 1483 4450 777 1483 4451 425 1484 4452 777 1484 4453 776 1484 4454 771 1485 4455 777 1485 4456 778 1485 4457 425 1486 4458 779 1486 4459 777 1486 4460 778 1487 4461 777 1487 4462 779 1487 4463 780 1488 4464 778 1488 4465 779 1488 4466 779 1489 4467 782 1489 4468 780 1489 4469 765 1490 4470 771 1490 4471 778 1490 4472 780 1491 4473 765 1491 4474 778 1491 4475 781 1492 4476 765 1492 4477 780 1492 4478 780 1493 4479 763 1493 4480 781 1493 4481 780 1494 4482 782 1494 4483 763 1494 4484 763 1495 4485 782 1495 4486 760 1495 4487 782 1496 4488 784 1496 4489 760 1496 4490 782 1497 4491 783 1497 4492 784 1497 4493 785 1498 4494 784 1498 4495 783 1498 4496 759 1499 4497 784 1499 4498 785 1499 4499 785 1500 4500 786 1500 4501 485 1500 4502 785 1501 4503 485 1501 4504 759 1501 4505 485 1502 4506 481 1502 4507 483 1502 4508 485 1503 4509 786 1503 4510 481 1503 4511 785 1504 4512 787 1504 4513 786 1504 4514 787 1505 4515 480 1505 4516 786 1505 4517 788 1506 4518 787 1506 4519 785 1506 4520 785 1507 4521 783 1507 4522 788 1507 4523 788 1508 4524 790 1508 4525 789 1508 4526 788 1509 4527 783 1509 4528 790 1509 4529 792 1510 4530 788 1510 4531 789 1510 4532 788 1511 4533 792 1511 4534 787 1511 4535 791 1512 4536 787 1512 4537 792 1512 4538 792 1513 4539 789 1513 4540 793 1513 4541 792 1514 4542 793 1514 4543 791 1514 4544 793 1515 4545 794 1515 4546 389 1515 4547 793 1516 4548 389 1516 4549 390 1516 4550 791 1517 4551 793 1517 4552 390 1517 4553 793 1518 4554 795 1518 4555 794 1518 4556 389 1519 4557 794 1519 4558 796 1519 4559 797 1520 4560 796 1520 4561 794 1520 4562 795 1521 4563 812 1521 4564 797 1521 4565 794 1522 4566 795 1522 4567 797 1522 4568 797 1523 4569 799 1523 4570 798 1523 4571 801 1524 4572 797 1524 4573 798 1524 4574 797 1525 4575 812 1525 4576 800 1525 4577 797 1526 4578 800 1526 4579 799 1526 4580 797 1527 4581 801 1527 4582 796 1527 4583 798 1528 4584 373 1528 4585 801 1528 4586 373 1529 4587 387 1529 4588 801 1529 4589 388 1530 4590 801 1530 4591 387 1530 4592 388 1531 4593 796 1531 4594 801 1531 4595 802 1532 4596 799 1532 4597 800 1532 4598 802 1533 4599 812 1533 4600 804 1533 4601 802 1534 4602 800 1534 4603 812 1534 4604 799 1535 4605 802 1535 4606 803 1535 4607 803 1536 4608 802 1536 4609 418 1536 4610 804 1537 4611 807 1537 4612 802 1537 4613 802 1538 4614 806 1538 4615 418 1538 4616 802 1539 4617 807 1539 4618 805 1539 4619 806 1540 4620 802 1540 4621 805 1540 4622 808 1541 4623 807 1541 4624 804 1541 4625 808 1542 4626 809 1542 4627 807 1542 4628 809 1543 4629 808 1543 4630 810 1543 4631 809 1544 4632 810 1544 4633 779 1544 4634 808 1545 4635 790 1545 4636 810 1545 4637 782 1546 4638 779 1546 4639 810 1546 4640 810 1547 4641 783 1547 4642 782 1547 4643 810 1548 4644 790 1548 4645 783 1548 4646 809 1549 4647 779 1549 4648 425 1549 4649 425 1550 4650 807 1550 4651 809 1550 4652 808 1551 4653 811 1551 4654 790 1551 4655 804 1552 4656 812 1552 4657 808 1552 4658 811 1553 4659 808 1553 4660 812 1553 4661 812 1554 4662 789 1554 4663 811 1554 4664 789 1555 4665 790 1555 4666 811 1555 4667 789 1556 4668 812 1556 4669 795 1556 4670 798 1557 4671 803 1557 4672 813 1557 4673 803 1558 4674 798 1558 4675 799 1558 4676 418 1559 4677 813 1559 4678 803 1559 4679 798 1560 4680 813 1560 4681 373 1560 4682 389 1561 4683 796 1561 4684 388 1561 4685 793 1562 4686 789 1562 4687 795 1562 4688 480 1563 4689 787 1563 4690 791 1563 4691 393 1564 4692 480 1564 4693 791 1564 4694 791 1565 4695 390 1565 4696 393 1565 4697 427 1566 4698 772 1566 4699 814 1566 4700 450 1567 4701 773 1567 4702 815 1567 4703 450 1568 4704 454 1568 4705 449 1568 4706 815 1569 4707 454 1569 4708 450 1569 4709 815 1570 4710 459 1570 4711 454 1570 4712 815 1571 4713 816 1571 4714 459 1571 4715 815 1572 4716 773 1572 4717 816 1572 4718 817 1573 4719 816 1573 4720 773 1573 4721 768 1574 4722 818 1574 4723 817 1574 4724 768 1575 4725 819 1575 4726 818 1575 4727 819 1576 4728 768 1576 4729 767 1576 4730 819 1577 4731 767 1577 4732 820 1577 4733 832 1578 4734 819 1578 4735 820 1578 4736 825 1579 4737 832 1579 4738 820 1579 4739 825 1580 4740 820 1580 4741 821 1580 4742 821 1581 4743 822 1581 4744 825 1581 4745 821 1582 4746 824 1582 4747 822 1582 4748 824 1583 4749 823 1583 4750 822 1583 4751 823 1584 4752 825 1584 4753 822 1584 4754 825 1585 4755 823 1585 4756 826 1585 4757 826 1586 4758 832 1586 4759 825 1586 4760 827 1587 4761 826 1587 4762 828 1587 4763 826 1588 4764 823 1588 4765 829 1588 4766 826 1589 4767 829 1589 4768 828 1589 4769 823 1590 4770 750 1590 4771 829 1590 4772 830 1591 4773 752 1591 4774 750 1591 4775 823 1592 4776 830 1592 4777 750 1592 4778 830 1593 4779 824 1593 4780 762 1593 4781 823 1594 4782 824 1594 4783 830 1594 4784 830 1595 4785 761 1595 4786 752 1595 4787 762 1596 4788 761 1596 4789 830 1596 4790 761 1597 4791 758 1597 4792 752 1597 4793 827 1598 4794 828 1598 4795 831 1598 4796 831 1599 4797 840 1599 4798 827 1599 4799 831 1600 4800 839 1600 4801 840 1600 4802 840 1601 4803 833 1601 4804 827 1601 4805 827 1602 4806 833 1602 4807 832 1602 4808 827 1603 4809 832 1603 4810 826 1603 4811 833 1604 4812 819 1604 4813 832 1604 4814 818 1605 4815 819 1605 4816 833 1605 4817 818 1606 4818 833 1606 4819 836 1606 4820 835 1607 4821 818 1607 4822 834 1607 4823 818 1608 4824 837 1608 4825 834 1608 4826 818 1609 4827 836 1609 4828 837 1609 4829 836 1610 4830 839 1610 4831 838 1610 4832 836 1611 4833 840 1611 4834 839 1611 4835 841 1612 4836 836 1612 4837 838 1612 4838 841 1613 4839 838 1613 4840 745 1613 4841 838 1614 4842 839 1614 4843 831 1614 4844 838 1615 4845 831 1615 4846 746 1615 4847 838 1616 4848 746 1616 4849 745 1616 4850 841 1617 4851 837 1617 4852 836 1617 4853 841 1618 4854 745 1618 4855 842 1618 4856 842 1619 4857 843 1619 4858 841 1619 4859 843 1620 4860 844 1620 4861 462 1620 4862 843 1621 4863 849 1621 4864 841 1621 4865 844 1622 4866 470 1622 4867 462 1622 4868 844 1623 4869 471 1623 4870 470 1623 4871 845 1624 4872 471 1624 4873 844 1624 4874 845 1625 4875 498 1625 4876 471 1625 4877 498 1626 4878 845 1626 4879 848 1626 4880 843 1627 4881 845 1627 4882 844 1627 4883 843 1628 4884 842 1628 4885 846 1628 4886 846 1629 4887 845 1629 4888 843 1629 4889 846 1630 4890 530 1630 4891 845 1630 4892 846 1631 4893 842 1631 4894 532 1631 4895 847 1632 4896 498 1632 4897 848 1632 4898 848 1633 4899 845 1633 4900 530 1633 4901 848 1634 4902 530 1634 4903 527 1634 4904 847 1635 4905 848 1635 4906 525 1635 4907 525 1636 4908 848 1636 4909 527 1636 4910 523 1637 4911 847 1637 4912 525 1637 4913 843 1638 4914 462 1638 4915 461 1638 4916 461 1639 4917 849 1639 4918 843 1639 4919 849 1640 4920 850 1640 4921 851 1640 4922 851 1641 4923 460 1641 4924 816 1641 4925 852 1642 4926 851 1642 4927 816 1642 4928 834 1643 4929 852 1643 4930 835 1643 4931 816 1644 4932 835 1644 4933 852 1644 4934 834 1645 4935 851 1645 4936 852 1645 4937 851 1646 4938 834 1646 4939 849 1646 4940 834 1647 4941 837 1647 4942 849 1647 4943 841 1648 4944 849 1648 4945 837 1648 4946 850 1649 4947 460 1649 4948 851 1649 4949 842 1650 4950 745 1650 4951 532 1650 4952 836 1651 4953 833 1651 4954 840 1651 4955 817 1652 4956 818 1652 4957 835 1652 4958 835 1653 4959 816 1653 4960 817 1653 4961 831 1654 4962 828 1654 4963 746 1654 4964 459 1655 4965 816 1655 4966 460 1655 4967 764 1656 4968 762 1656 4969 824 1656 4970 761 1657 4971 784 1657 4972 758 1657 4973 755 1658 4974 489 1658 4975 493 1658 4976 502 1659 4977 755 1659 4978 501 1659 4979 753 1660 4980 502 1660 4981 853 1660 4982 853 1661 4983 751 1661 4984 753 1661 4985 499 1662 4986 847 1662 4987 523 1662 4988 472 1663 4989 494 1663 4990 473 1663 4991 487 1664 4992 482 1664 4993 491 1664 4994 491 1665 4995 474 1665 4996 473 1665 4997 491 1666 4998 482 1666 4999 474 1666 5000 482 1667 5001 478 1667 5002 474 1667 5003 390 1668 5004 391 1668 5005 393 1668 5006 475 1669 5007 479 1669 5008 392 1669 5009 475 1670 5010 392 1670 5011 476 1670 5012 392 1671 5013 466 1671 5014 476 1671 5015 466 1672 5016 465 1672 5017 464 1672 5018 457 1673 5019 854 1673 5020 855 1673 5021 854 1674 5022 396 1674 5023 855 1674 5024 457 1675 5025 856 1675 5026 854 1675 5027 461 1676 5028 856 1676 5029 457 1676 5030 856 1677 5031 461 1677 5032 462 1677 5033 457 1678 5034 855 1678 5035 857 1678 5036 857 1679 5037 456 1679 5038 457 1679 5039 857 1680 5040 455 1680 5041 456 1680 5042 397 1681 5043 455 1681 5044 857 1681 5045 455 1682 5046 453 1682 5047 452 1682 5048 453 1683 5049 455 1683 5050 397 1683 5051 403 1684 5052 411 1684 5053 453 1684 5054 859 1685 5055 451 1685 5056 858 1685 5057 411 1686 5058 858 1686 5059 451 1686 5060 447 1687 5061 451 1687 5062 859 1687 5063 861 1688 5064 447 1688 5065 859 1688 5066 861 1689 5067 860 1689 5068 446 1689 5069 446 1690 5070 447 1690 5071 861 1690 5072 446 1691 5073 860 1691 5074 869 1691 5075 862 1692 5076 869 1692 5077 863 1692 5078 863 1693 5079 864 1693 5080 862 1693 5081 865 1694 5082 866 1694 5083 864 1694 5084 862 1695 5085 864 1695 5086 866 1695 5087 443 1696 5088 866 1696 5089 865 1696 5090 867 1697 5091 416 1697 5092 864 1697 5093 865 1698 5094 864 1698 5095 416 1698 5096 867 1699 5097 864 1699 5098 863 1699 5099 413 1700 5100 867 1700 5101 868 1700 5102 860 1701 5103 868 1701 5104 867 1701 5105 413 1702 5106 416 1702 5107 867 1702 5108 860 1703 5109 867 1703 5110 869 1703 5111 869 1704 5112 867 1704 5113 863 1704 5114 870 1705 5115 868 1705 5116 860 1705 5117 871 1706 5118 868 1706 5119 870 1706 5120 414 1707 5121 871 1707 5122 858 1707 5123 870 1708 5124 858 1708 5125 871 1708 5126 868 1709 5127 871 1709 5128 413 1709 5129 871 1710 5130 872 1710 5131 413 1710 5132 871 1711 5133 873 1711 5134 872 1711 5135 873 1712 5136 871 1712 5137 414 1712 5138 873 1713 5139 413 1713 5140 872 1713 5141 870 1714 5142 859 1714 5143 858 1714 5144 870 1715 5145 860 1715 5146 861 1715 5147 861 1716 5148 859 1716 5149 870 1716 5150 442 1717 5151 419 1717 5152 438 1717 5153 440 1718 5154 444 1718 5155 441 1718 5156 439 1719 5157 440 1719 5158 433 1719 5159 440 1720 5160 436 1720 5161 433 1720 5162 437 1721 5163 441 1721 5164 442 1721 5165 422 1722 5166 438 1722 5167 419 1722 5168 421 1723 5169 435 1723 5170 437 1723 5171 435 1724 5172 433 1724 5173 434 1724 5174 435 1725 5175 432 1725 5176 433 1725 5177 421 1726 5178 874 1726 5179 435 1726 5180 430 1727 5181 874 1727 5182 423 1727 5183 874 1728 5184 431 1728 5185 432 1728 5186 429 1729 5187 430 1729 5188 423 1729 5189 426 1730 5190 425 1730 5191 427 1730 5192 424 1731 5193 805 1731 5194 807 1731 5195 373 1732 5196 813 1732 5197 376 1732 5198 376 1733 5199 813 1733 5200 415 1733 5201 415 1734 5202 407 1734 5203 376 1734 5204 887 1735 5205 385 1735 5206 875 1735 5207 875 1736 5208 405 1736 5209 887 1736 5210 875 1737 5211 876 1737 5212 405 1737 5213 876 1738 5214 407 1738 5215 405 1738 5216 407 1739 5217 876 1739 5218 877 1739 5219 407 1740 5220 877 1740 5221 374 1740 5222 374 1741 5223 877 1741 5224 879 1741 5225 879 1742 5226 877 1742 5227 878 1742 5228 875 1743 5229 878 1743 5230 877 1743 5231 877 1744 5232 876 1744 5233 880 1744 5234 880 1745 5235 875 1745 5236 877 1745 5237 876 1746 5238 875 1746 5239 880 1746 5240 374 1747 5241 879 1747 5242 882 1747 5243 878 1748 5244 884 1748 5245 879 1748 5246 883 1749 5247 879 1749 5248 884 1749 5249 882 1750 5250 879 1750 5251 881 1750 5252 879 1751 5253 883 1751 5254 881 1751 5255 881 1752 5256 883 1752 5257 886 1752 5258 883 1753 5259 884 1753 5260 885 1753 5261 884 1754 5262 385 1754 5263 885 1754 5264 385 1755 5265 884 1755 5266 875 1755 5267 878 1756 5268 875 1756 5269 884 1756 5270 881 1757 5271 886 1757 5272 380 1757 5273 881 1758 5274 380 1758 5275 882 1758 5276 882 1759 5277 379 1759 5278 374 1759 5279 379 1760 5280 882 1760 5281 380 1760 5282 377 1761 5283 374 1761 5284 379 1761 5285 406 1762 5286 888 1762 5287 887 1762 5288 386 1763 5289 406 1763 5290 399 1763 5291 406 1764 5292 386 1764 5293 888 1764 5294 407 1765 5295 374 1765 5296 375 1765 5297 407 1766 5298 375 1766 5299 376 1766 5300 886 1767 5301 883 1767 5302 383 1767 5303 889 1768 5304 891 1768 5305 890 1768 5306 890 1769 5307 1043 1769 5308 889 1769 5309 1043 1770 5310 893 1770 5311 889 1770 5312 891 1771 5313 889 1771 5314 892 1771 5315 889 1772 5316 893 1772 5317 892 1772 5318 893 1773 5319 1032 1773 5320 892 1773 5321 892 1774 5322 1032 1774 5323 921 1774 5324 894 1775 5325 895 1775 5326 896 1775 5327 902 1776 5328 895 1776 5329 894 1776 5330 894 1777 5331 897 1777 5332 902 1777 5333 896 1778 5334 897 1778 5335 894 1778 5336 897 1779 5337 900 1779 5338 901 1779 5339 898 1780 5340 897 1780 5341 899 1780 5342 900 1781 5343 897 1781 5344 898 1781 5345 898 1782 5346 1066 1782 5347 900 1782 5348 900 1783 5349 902 1783 5350 901 1783 5351 900 1784 5352 1066 1784 5353 902 1784 5354 901 1785 5355 902 1785 5356 897 1785 5357 903 1786 5358 1066 1786 5359 898 1786 5360 903 1787 5361 1065 1787 5362 1066 1787 5363 904 1788 5364 903 1788 5365 906 1788 5366 904 1789 5367 1065 1789 5368 903 1789 5369 903 1790 5370 898 1790 5371 1053 1790 5372 906 1791 5373 903 1791 5374 1053 1791 5375 905 1792 5376 904 1792 5377 906 1792 5378 906 1793 5379 907 1793 5380 905 1793 5381 1052 1794 5382 907 1794 5383 906 1794 5384 940 1795 5385 907 1795 5386 1052 1795 5387 908 1796 5388 907 1796 5389 940 1796 5390 933 1797 5391 905 1797 5392 907 1797 5393 931 1798 5394 909 1798 5395 932 1798 5396 909 1799 5397 931 1799 5398 910 1799 5399 932 1800 5400 909 1800 5401 934 1800 5402 909 1801 5403 933 1801 5404 934 1801 5405 911 1802 5406 909 1802 5407 910 1802 5408 909 1803 5409 912 1803 5410 933 1803 5411 911 1804 5412 912 1804 5413 909 1804 5414 912 1805 5415 916 1805 5416 915 1805 5417 911 1806 5418 916 1806 5419 912 1806 5420 912 1807 5421 915 1807 5422 913 1807 5423 912 1808 5424 913 1808 5425 904 1808 5426 912 1809 5427 904 1809 5428 905 1809 5429 912 1810 5430 905 1810 5431 933 1810 5432 904 1811 5433 913 1811 5434 914 1811 5435 914 1812 5436 913 1812 5437 915 1812 5438 914 1813 5439 915 1813 5440 917 1813 5441 915 1814 5442 916 1814 5443 917 1814 5444 902 1815 5445 914 1815 5446 917 1815 5447 902 1816 5448 917 1816 5449 895 1816 5450 895 1817 5451 917 1817 5452 1063 1817 5453 918 1818 5454 895 1818 5455 919 1818 5456 918 1819 5457 896 1819 5458 895 1819 5459 895 1820 5460 1063 1820 5461 919 1820 5462 918 1821 5463 1064 1821 5464 921 1821 5465 919 1822 5466 1064 1822 5467 918 1822 5468 921 1823 5469 1064 1823 5470 922 1823 5471 920 1824 5472 921 1824 5473 922 1824 5474 891 1825 5475 921 1825 5476 920 1825 5477 892 1826 5478 921 1826 5479 891 1826 5480 920 1827 5481 890 1827 5482 891 1827 5483 923 1828 5484 890 1828 5485 920 1828 5486 920 1829 5487 922 1829 5488 925 1829 5489 925 1830 5490 922 1830 5491 924 1830 5492 928 1831 5493 923 1831 5494 925 1831 5495 923 1832 5496 920 1832 5497 925 1832 5498 924 1833 5499 928 1833 5500 925 1833 5501 926 1834 5502 924 1834 5503 1064 1834 5504 924 1835 5505 926 1835 5506 928 1835 5507 926 1836 5508 927 1836 5509 928 1836 5510 926 1837 5511 936 1837 5512 927 1837 5513 936 1838 5514 926 1838 5515 929 1838 5516 936 1839 5517 929 1839 5518 930 1839 5519 930 1840 5520 929 1840 5521 910 1840 5522 930 1841 5523 910 1841 5524 931 1841 5525 932 1842 5526 930 1842 5527 931 1842 5528 934 1843 5529 933 1843 5530 908 1843 5531 908 1844 5532 933 1844 5533 907 1844 5534 908 1845 5535 932 1845 5536 934 1845 5537 908 1846 5538 935 1846 5539 932 1846 5540 935 1847 5541 936 1847 5542 930 1847 5543 935 1848 5544 930 1848 5545 932 1848 5546 935 1849 5547 927 1849 5548 936 1849 5549 937 1850 5550 927 1850 5551 935 1850 5552 937 1851 5553 938 1851 5554 928 1851 5555 928 1852 5556 927 1852 5557 937 1852 5558 935 1853 5559 939 1853 5560 937 1853 5561 939 1854 5562 975 1854 5563 937 1854 5564 939 1855 5565 941 1855 5566 1025 1855 5567 908 1856 5568 941 1856 5569 939 1856 5570 908 1857 5571 939 1857 5572 935 1857 5573 941 1858 5574 908 1858 5575 940 1858 5576 1025 1859 5577 1026 1859 5578 1061 1859 5579 1025 1860 5580 943 1860 5581 942 1860 5582 945 1861 5583 943 1861 5584 944 1861 5585 946 1862 5586 945 1862 5587 944 1862 5588 946 1863 5589 944 1863 5590 947 1863 5591 1026 1864 5592 947 1864 5593 1061 1864 5594 944 1865 5595 1061 1865 5596 947 1865 5597 948 1866 5598 946 1866 5599 947 1866 5600 949 1867 5601 948 1867 5602 950 1867 5603 950 1868 5604 948 1868 5605 947 1868 5606 953 1869 5607 949 1869 5608 1001 1869 5609 951 1870 5610 948 1870 5611 949 1870 5612 951 1871 5613 949 1871 5614 953 1871 5615 952 1872 5616 951 1872 5617 953 1872 5618 1022 1873 5619 953 1873 5620 954 1873 5621 1022 1874 5622 952 1874 5623 953 1874 5624 952 1875 5625 1022 1875 5626 955 1875 5627 957 1876 5628 955 1876 5629 1022 1876 5630 956 1877 5631 957 1877 5632 1022 1877 5633 1019 1878 5634 957 1878 5635 956 1878 5636 959 1879 5637 955 1879 5638 962 1879 5639 1060 1880 5640 955 1880 5641 959 1880 5642 1060 1881 5643 960 1881 5644 958 1881 5645 959 1882 5646 960 1882 5647 1060 1882 5648 958 1883 5649 960 1883 5650 945 1883 5651 962 1884 5652 963 1884 5653 960 1884 5654 960 1885 5655 963 1885 5656 961 1885 5657 962 1886 5658 960 1886 5659 959 1886 5660 945 1887 5661 960 1887 5662 1057 1887 5663 960 1888 5664 961 1888 5665 1057 1888 5666 962 1889 5667 1059 1889 5668 963 1889 5669 964 1890 5670 965 1890 5671 969 1890 5672 964 1891 5673 966 1891 5674 965 1891 5675 970 1892 5676 971 1892 5677 964 1892 5678 964 1893 5679 969 1893 5680 970 1893 5681 967 1894 5682 969 1894 5683 965 1894 5684 968 1895 5685 969 1895 5686 967 1895 5687 970 1896 5688 1058 1896 5689 971 1896 5690 979 1897 5691 1058 1897 5692 970 1897 5693 1058 1898 5694 979 1898 5695 977 1898 5696 972 1899 5697 1058 1899 5698 977 1899 5699 961 1900 5700 972 1900 5701 973 1900 5702 974 1901 5703 973 1901 5704 972 1901 5705 977 1902 5706 975 1902 5707 972 1902 5708 972 1903 5709 975 1903 5710 974 1903 5711 939 1904 5712 974 1904 5713 975 1904 5714 977 1905 5715 938 1905 5716 975 1905 5717 977 1906 5718 976 1906 5719 938 1906 5720 928 1907 5721 938 1907 5722 976 1907 5723 977 1908 5724 979 1908 5725 978 1908 5726 968 1909 5727 977 1909 5728 978 1909 5729 976 1910 5730 980 1910 5731 923 1910 5732 890 1911 5733 923 1911 5734 980 1911 5735 968 1912 5736 980 1912 5737 976 1912 5738 981 1913 5739 982 1913 5740 968 1913 5741 982 1914 5742 980 1914 5743 968 1914 5744 981 1915 5745 1036 1915 5746 982 1915 5747 1036 1916 5748 983 1916 5749 984 1916 5750 985 1917 5751 984 1917 5752 986 1917 5753 983 1918 5754 986 1918 5755 984 1918 5756 987 1919 5757 1036 1919 5758 984 1919 5759 987 1920 5760 984 1920 5761 988 1920 5762 984 1921 5763 985 1921 5764 988 1921 5765 988 1922 5766 989 1922 5767 1027 1922 5768 985 1923 5769 989 1923 5770 988 1923 5771 986 1924 5772 989 1924 5773 985 1924 5774 990 1925 5775 989 1925 5776 986 1925 5777 989 1926 5778 990 1926 5779 991 1926 5780 992 1927 5781 989 1927 5782 991 1927 5783 992 1928 5784 991 1928 5785 998 1928 5786 941 1929 5787 1027 1929 5788 992 1929 5789 992 1930 5790 1027 1930 5791 989 1930 5792 941 1931 5793 992 1931 5794 993 1931 5795 997 1932 5796 995 1932 5797 994 1932 5798 997 1933 5799 996 1933 5800 995 1933 5801 992 1934 5802 997 1934 5803 994 1934 5804 992 1935 5805 998 1935 5806 997 1935 5807 991 1936 5808 999 1936 5809 998 1936 5810 991 1937 5811 990 1937 5812 999 1937 5813 1000 1938 5814 999 1938 5815 990 1938 5816 1000 1939 5817 1001 1939 5818 999 1939 5819 998 1940 5820 999 1940 5821 996 1940 5822 999 1941 5823 1001 1941 5824 996 1941 5825 1002 1942 5826 1001 1942 5827 1000 1942 5828 1001 1943 5829 995 1943 5830 996 1943 5831 1001 1944 5832 949 1944 5833 995 1944 5834 1003 1945 5835 1002 1945 5836 1004 1945 5837 1003 1946 5838 1004 1946 5839 1005 1946 5840 1007 1947 5841 1006 1947 5842 1012 1947 5843 1008 1948 5844 1006 1948 5845 1007 1948 5846 1007 1949 5847 1003 1949 5848 1005 1949 5849 1007 1950 5850 1005 1950 5851 1008 1950 5852 1011 1951 5853 1006 1951 5854 1008 1951 5855 1005 1952 5856 1010 1952 5857 1009 1952 5858 1004 1953 5859 1000 1953 5860 1010 1953 5861 1010 1954 5862 1000 1954 5863 990 1954 5864 1010 1955 5865 990 1955 5866 1009 1955 5867 1009 1956 5868 986 1956 5869 983 1956 5870 1036 1957 5871 981 1957 5872 983 1957 5873 983 1958 5874 981 1958 5875 1011 1958 5876 1006 1959 5877 1011 1959 5878 981 1959 5879 1009 1960 5880 983 1960 5881 1011 1960 5882 1009 1961 5883 1011 1961 5884 1008 1961 5885 1008 1962 5886 1005 1962 5887 1009 1962 5888 1009 1963 5889 990 1963 5890 986 1963 5891 1002 1964 5892 1000 1964 5893 1004 1964 5894 1010 1965 5895 1005 1965 5896 1004 1965 5897 1014 1966 5898 1013 1966 5899 1012 1966 5900 1012 1967 5901 1013 1967 5902 1007 1967 5903 1007 1968 5904 1013 1968 5905 1003 1968 5906 981 1969 5907 1015 1969 5908 1014 1969 5909 1015 1970 5910 981 1970 5911 968 1970 5912 968 1971 5913 976 1971 5914 977 1971 5915 1017 1972 5916 1015 1972 5917 1016 1972 5918 1015 1973 5919 967 1973 5920 1016 1973 5921 1015 1974 5922 968 1974 5923 967 1974 5924 1003 1975 5925 1013 1975 5926 1017 1975 5927 1003 1976 5928 964 1976 5929 1018 1976 5930 1003 1977 5931 966 1977 5932 964 1977 5933 1003 1978 5934 1017 1978 5935 966 1978 5936 1018 1979 5937 964 1979 5938 1019 1979 5939 1015 1980 5940 1013 1980 5941 1014 1980 5942 1015 1981 5943 1017 1981 5944 1013 1981 5945 1020 1982 5946 1018 1982 5947 1019 1982 5948 1020 1983 5949 1003 1983 5950 1018 1983 5951 1020 1984 5952 1002 1984 5953 1003 1984 5954 1020 1985 5955 956 1985 5956 1002 1985 5957 953 1986 5958 1001 1986 5959 954 1986 5960 1002 1987 5961 954 1987 5962 1001 1987 5963 954 1988 5964 1002 1988 5965 1021 1988 5966 1022 1989 5967 954 1989 5968 1021 1989 5969 1022 1990 5970 1021 1990 5971 956 1990 5972 1021 1991 5973 1002 1991 5974 956 1991 5975 1020 1992 5976 1019 1992 5977 956 1992 5978 1017 1993 5979 1016 1993 5980 966 1993 5981 965 1994 5982 1016 1994 5983 967 1994 5984 966 1995 5985 1016 1995 5986 965 1995 5987 1006 1996 5988 1014 1996 5989 1012 1996 5990 981 1997 5991 1014 1997 5992 1006 1997 5993 998 1998 5994 996 1998 5995 997 1998 5996 994 1999 5997 995 1999 5998 993 1999 5999 1024 2000 6000 995 2000 6001 1023 2000 6002 993 2001 6003 995 2001 6004 1024 2001 6005 995 2002 6006 949 2002 6007 1023 2002 6008 950 2003 6009 1024 2003 6010 1023 2003 6011 949 2004 6012 950 2004 6013 1023 2004 6014 1024 2005 6015 1026 2005 6016 941 2005 6017 950 2006 6018 1026 2006 6019 1024 2006 6020 947 2007 6021 1026 2007 6022 950 2007 6023 941 2008 6024 1026 2008 6025 1025 2008 6026 1024 2009 6027 941 2009 6028 993 2009 6029 992 2010 6030 994 2010 6031 993 2010 6032 941 2011 6033 940 2011 6034 1027 2011 6035 1027 2012 6036 987 2012 6037 988 2012 6038 1028 2013 6039 1036 2013 6040 987 2013 6041 1028 2014 6042 1029 2014 6043 1036 2014 6044 1030 2015 6045 1031 2015 6046 1029 2015 6047 1029 2016 6048 1028 2016 6049 1030 2016 6050 1029 2017 6051 1034 2017 6052 1036 2017 6053 1029 2018 6054 1031 2018 6055 1034 2018 6056 1031 2019 6057 899 2019 6058 1044 2019 6059 1044 2020 6060 899 2020 6061 1032 2020 6062 1032 2021 6063 1033 2021 6064 1044 2021 6065 1037 2022 6066 1044 2022 6067 1033 2022 6068 1044 2023 6069 1034 2023 6070 1031 2023 6071 1036 2024 6072 1034 2024 6073 1035 2024 6074 1038 2025 6075 1035 2025 6076 1037 2025 6077 982 2026 6078 1036 2026 6079 1035 2026 6080 1035 2027 6081 1038 2027 6082 982 2027 6083 1038 2028 6084 1033 2028 6085 1039 2028 6086 1040 2029 6087 1038 2029 6088 1039 2029 6089 1040 2030 6090 982 2030 6091 1038 2030 6092 1038 2031 6093 1037 2031 6094 1033 2031 6095 1042 2032 6096 1040 2032 6097 1039 2032 6098 1042 2033 6099 1039 2033 6100 1041 2033 6101 1042 2034 6102 1041 2034 6103 1032 2034 6104 1040 2035 6105 1042 2035 6106 893 2035 6107 1042 2036 6108 1032 2036 6109 893 2036 6110 1040 2037 6111 893 2037 6112 1043 2037 6113 1043 2038 6114 982 2038 6115 1040 2038 6116 896 2039 6117 921 2039 6118 1032 2039 6119 1032 2040 6120 897 2040 6121 896 2040 6122 1032 2041 6123 899 2041 6124 897 2041 6125 1039 2042 6126 1033 2042 6127 1041 2042 6128 1032 2043 6129 1041 2043 6130 1033 2043 6131 1044 2044 6132 1037 2044 6133 1034 2044 6134 1035 2045 6135 1034 2045 6136 1037 2045 6137 1030 2046 6138 1028 2046 6139 1045 2046 6140 1046 2047 6141 1030 2047 6142 1045 2047 6143 1047 2048 6144 1030 2048 6145 1046 2048 6146 1030 2049 6147 1047 2049 6148 1049 2049 6149 1048 2050 6150 1049 2050 6151 1047 2050 6152 1048 2051 6153 1050 2051 6154 1049 2051 6155 1046 2052 6156 940 2052 6157 1048 2052 6158 1051 2053 6159 1052 2053 6160 1053 2053 6161 940 2054 6162 1052 2054 6163 1051 2054 6164 1051 2055 6165 1053 2055 6166 1050 2055 6167 1053 2056 6168 1052 2056 6169 906 2056 6170 1051 2057 6171 1050 2057 6172 1048 2057 6173 940 2058 6174 1051 2058 6175 1048 2058 6176 1027 2059 6177 1046 2059 6178 1045 2059 6179 1027 2060 6180 940 2060 6181 1046 2060 6182 1045 2061 6183 1028 2061 6184 1027 2061 6185 1027 2062 6186 1028 2062 6187 987 2062 6188 1050 2063 6189 1054 2063 6190 1049 2063 6191 1053 2064 6192 1054 2064 6193 1050 2064 6194 898 2065 6195 899 2065 6196 1054 2065 6197 1054 2066 6198 899 2066 6199 1031 2066 6200 1054 2067 6201 1031 2067 6202 1030 2067 6203 1054 2068 6204 1030 2068 6205 1049 2068 6206 1053 2069 6207 898 2069 6208 1054 2069 6209 1046 2070 6210 1048 2070 6211 1047 2070 6212 982 2071 6213 1043 2071 6214 980 2071 6215 980 2072 6216 1043 2072 6217 890 2072 6218 976 2073 6219 923 2073 6220 928 2073 6221 970 2074 6222 969 2074 6223 979 2074 6224 978 2075 6225 979 2075 6226 969 2075 6227 968 2076 6228 978 2076 6229 969 2076 6230 939 2077 6231 1055 2077 6232 974 2077 6233 939 2078 6234 942 2078 6235 1056 2078 6236 942 2079 6237 943 2079 6238 1056 2079 6239 945 2080 6240 1056 2080 6241 943 2080 6242 1057 2081 6243 1056 2081 6244 945 2081 6245 1056 2082 6246 1057 2082 6247 973 2082 6248 1056 2083 6249 973 2083 6250 1055 2083 6251 973 2084 6252 974 2084 6253 1055 2084 6254 1056 2085 6255 1055 2085 6256 939 2085 6257 1057 2086 6258 961 2086 6259 973 2086 6260 1058 2087 6261 972 2087 6262 963 2087 6263 961 2088 6264 963 2088 6265 972 2088 6266 963 2089 6267 971 2089 6268 1058 2089 6269 971 2090 6270 1059 2090 6271 964 2090 6272 964 2091 6273 1059 2091 6274 1019 2091 6275 971 2092 6276 963 2092 6277 1059 2092 6278 957 2093 6279 1019 2093 6280 1059 2093 6281 955 2094 6282 957 2094 6283 1059 2094 6284 955 2095 6285 1059 2095 6286 962 2095 6287 958 2096 6288 945 2096 6289 946 2096 6290 948 2097 6291 958 2097 6292 946 2097 6293 952 2098 6294 958 2098 6295 948 2098 6296 1060 2099 6297 958 2099 6298 952 2099 6299 952 2100 6300 955 2100 6301 1060 2100 6302 952 2101 6303 948 2101 6304 951 2101 6305 944 2102 6306 943 2102 6307 1061 2102 6308 1025 2103 6309 1061 2103 6310 943 2103 6311 939 2104 6312 1025 2104 6313 942 2104 6314 975 2105 6315 938 2105 6316 937 2105 6317 929 2106 6318 911 2106 6319 910 2106 6320 1062 2107 6321 911 2107 6322 929 2107 6323 1062 2108 6324 929 2108 6325 926 2108 6326 1064 2109 6327 1062 2109 6328 926 2109 6329 1062 2110 6330 1063 2110 6331 911 2110 6332 919 2111 6333 1062 2111 6334 1064 2111 6335 1063 2112 6336 1062 2112 6337 919 2112 6338 911 2113 6339 1063 2113 6340 917 2113 6341 1064 2114 6342 924 2114 6343 922 2114 6344 918 2115 6345 921 2115 6346 896 2115 6347 902 2116 6348 1065 2116 6349 914 2116 6350 904 2117 6351 914 2117 6352 1065 2117 6353 1065 2118 6354 902 2118 6355 1066 2118 6356 911 2119 6357 917 2119 6358 916 2119 6359</p>
                </triangles>
            </mesh>
        </geometry>
    </library_geometries>
    <library_visual_scenes>
        <visual_scene id="VisualSceneNode" name="VisualScene">
            <node id="node" name="node">
                <instance_geometry url="#shape0-lib"/>
            </node>
        </visual_scene>
    </library_visual_scenes>
    <scene>
        <instance_visual_scene url="#VisualSceneNode"/>
    </scene>
</COLLADA>
