{
  "model_type": "func_finder_refined_v1",
  "c1_family": "quad_offset",
  "c2_family": "quad_offset",
  "c1_params": [
    0.08997979762023305,
    0.9788012085161089
  ],
  "c2_params": [
    0.4375817781568741,
    0.7003990238734826
  ],
  "a1": [
    -1.6483508150702584,
    4.107014610437387,
    1.9210531906160384,
    -0.3339372969517519,
    -2.1732764515360645
  ],
  "a2": [
    7.468844053185195,
    1.8347111732803754,
    -2.2002621905880098,
    2.3928174460215983,
    -5.332998130133598
  ],
  "b1_coeffs": [
    [
      0.006572126402914999,
      -0.0015879386985031081,
      0.00046970771459419147
    ],
    [
      0.17406335334028172,
      0.009228414954689566,
      -0.0004551535834296922
    ],
    [
      0.0038354503867921463,
      -0.0006832657694726377,
      -0.0002628101780531796
    ],
    [
      0.07921791783256579,
      -0.014251860117743594,
      -0.002338134845875262
    ],
    [
      -0.09799584675218063,
      -0.004697031177555231,
      0.0005744855522852865
    ]
  ],
  "b2_coeffs": [
    [
      0.23630289729083745,
      -0.0006125959367749641,
      -0.005914978781255913
    ],
    [
      0.012559160802111287,
      -0.07646039571247233,
      -0.005020946028045655
    ],
    [
      -0.01789142409175752,
      0.07208268239455246,
      -0.0002980825329045738
    ],
    [
      0.03926946262259441,
      -0.0775085472701178,
      -0.002808060755261228
    ],
    [
      -0.17578915555794175,
      0.03720822836243237,
      0.007095211966447598
    ]
  ]
}
