# WaveFront *.obj file (generated by Autodesk ATF)


g 본체3

v 0.032500 -0.009500 0.025050
v 0.033431 -0.009454 0.025050
v 0.034353 -0.009317 0.025050
v 0.035258 -0.009091 0.025050
v 0.036135 -0.008777 0.025050
v 0.036978 -0.008378 0.025050
v 0.037778 -0.007899 0.025050
v 0.038527 -0.007343 0.025050
v 0.039218 -0.006718 0.025050
v 0.039843 -0.006027 0.025050
v 0.040399 -0.005278 0.025050
v 0.040878 -0.004478 0.025050
v 0.041276 -0.003635 0.025050
v 0.041589 -0.002757 0.025050
v 0.041816 -0.001853 0.025050
v 0.041953 -0.000931 0.025050
v 0.042000 0.000000 0.025050
v 0.041954 0.000931 0.025050
v 0.041817 0.001853 0.025050
v 0.041590 0.002758 0.025050
v 0.041277 0.003635 0.025050
v 0.040878 0.004478 0.025050
v 0.040398 0.005277 0.025050
v 0.039842 0.006025 0.025050
v 0.039216 0.006716 0.025050
v 0.038526 0.007343 0.025050
v 0.037778 0.007899 0.025050
v 0.036978 0.008378 0.025050
v 0.036135 0.008775 0.025050
v 0.035257 0.009089 0.025050
v 0.034353 0.009315 0.025050
v 0.033431 0.009453 0.025050
v 0.032500 0.009500 0.025050
v 0.030710 0.009500 0.025050
v 0.028873 0.009500 0.025050
v 0.026993 0.009500 0.025050
v 0.025072 0.009500 0.025050
v 0.023114 0.009500 0.025050
v 0.021122 0.009500 0.025050
v 0.017047 0.009500 0.025050
v 0.012872 0.009500 0.025050
v 0.008623 0.009500 0.025050
v 0.000000 0.009500 0.025050
v -0.008623 0.009500 0.025050
v -0.012872 0.009500 0.025050
v -0.017047 0.009500 0.025050
v -0.021122 0.009500 0.025050
v -0.023114 0.009500 0.025050
v -0.025072 0.009500 0.025050
v -0.026993 0.009500 0.025050
v -0.028873 0.009500 0.025050
v -0.030710 0.009500 0.025050
v -0.032500 0.009500 0.025050
v -0.033431 0.009454 0.025050
v -0.034353 0.009317 0.025050
v -0.035258 0.009091 0.025050
v -0.036135 0.008777 0.025050
v -0.036978 0.008378 0.025050
v -0.037778 0.007899 0.025050
v -0.038527 0.007343 0.025050
v -0.039218 0.006718 0.025050
v -0.039843 0.006027 0.025050
v -0.040399 0.005278 0.025050
v -0.040878 0.004478 0.025050
v -0.041276 0.003635 0.025050
v -0.041589 0.002757 0.025050
v -0.041816 0.001853 0.025050
v -0.041953 0.000931 0.025050
v -0.042000 -0.000000 0.025050
v -0.041954 -0.000931 0.025050
v -0.041817 -0.001853 0.025050
v -0.041590 -0.002758 0.025050
v -0.041277 -0.003635 0.025050
v -0.040878 -0.004478 0.025050
v -0.040398 -0.005277 0.025050
v -0.039842 -0.006025 0.025050
v -0.039216 -0.006716 0.025050
v -0.038526 -0.007343 0.025050
v -0.037778 -0.007899 0.025050
v -0.036978 -0.008378 0.025050
v -0.036135 -0.008775 0.025050
v -0.035257 -0.009089 0.025050
v -0.034353 -0.009315 0.025050
v -0.033431 -0.009453 0.025050
v -0.032500 -0.009500 0.025050
v -0.030710 -0.009500 0.025050
v -0.028873 -0.009500 0.025050
v -0.026993 -0.009500 0.025050
v -0.025072 -0.009500 0.025050
v -0.023114 -0.009500 0.025050
v -0.021122 -0.009500 0.025050
v -0.017047 -0.009500 0.025050
v -0.012872 -0.009500 0.025050
v -0.008623 -0.009500 0.025050
v 0.000000 -0.009500 0.025050
v 0.008623 -0.009500 0.025050
v 0.012872 -0.009500 0.025050
v 0.017047 -0.009500 0.025050
v 0.021122 -0.009500 0.025050
v 0.023114 -0.009500 0.025050
v 0.025072 -0.009500 0.025050
v 0.026993 -0.009500 0.025050
v 0.028873 -0.009500 0.025050
v 0.030710 -0.009500 0.025050
v 0.032500 -0.012500 0.007935
v 0.033725 -0.012439 0.007935
v 0.034938 -0.012259 0.007935
v 0.036128 -0.011961 0.007935
v 0.037284 -0.011548 0.007935
v 0.038392 -0.011024 0.007935
v 0.039444 -0.010393 0.007935
v 0.040430 -0.009662 0.007935
v 0.041339 -0.008839 0.007935
v 0.042161 -0.007929 0.007935
v 0.042890 -0.006943 0.007935
v 0.043520 -0.005890 0.007935
v 0.044046 -0.004782 0.007935
v 0.044461 -0.003628 0.007935
v 0.044760 -0.002439 0.007935
v 0.044939 -0.001225 0.007935
v 0.044999 -0.000000 0.007935
v 0.044939 0.001225 0.007935
v 0.044760 0.002439 0.007935
v 0.044461 0.003628 0.007935
v 0.044046 0.004782 0.007935
v 0.043520 0.005890 0.007935
v 0.042888 0.006941 0.007935
v 0.042158 0.007927 0.007935
v 0.041337 0.008837 0.007935
v 0.040430 0.009662 0.007935
v 0.039946 0.010040 0.007935
v 0.039444 0.010393 0.007935
v 0.038391 0.011021 0.007935
v 0.037282 0.011544 0.007935
v 0.036127 0.011956 0.007935
v 0.034937 0.012256 0.007935
v 0.033725 0.012438 0.007935
v 0.032500 0.012500 0.007935
v -0.000000 0.012500 0.007935
v -0.032500 0.012500 0.007935
v -0.033725 0.012439 0.007935
v -0.034938 0.012259 0.007935
v -0.036128 0.011961 0.007935
v -0.037284 0.011548 0.007935
v -0.038392 0.011024 0.007935
v -0.039444 0.010393 0.007935
v -0.040430 0.009662 0.007935
v -0.041339 0.008839 0.007935
v -0.042161 0.007929 0.007935
v -0.042890 0.006943 0.007935
v -0.043520 0.005890 0.007935
v -0.044046 0.004782 0.007935
v -0.044461 0.003628 0.007935
v -0.044760 0.002439 0.007935
v -0.044939 0.001225 0.007935
v -0.044999 0.000000 0.007935
v -0.044939 -0.001225 0.007935
v -0.044760 -0.002439 0.007935
v -0.044461 -0.003628 0.007935
v -0.044046 -0.004782 0.007935
v -0.043520 -0.005890 0.007935
v -0.042888 -0.006941 0.007935
v -0.042158 -0.007927 0.007935
v -0.041337 -0.008837 0.007935
v -0.040430 -0.009662 0.007935
v -0.039946 -0.010040 0.007935
v -0.039444 -0.010393 0.007935
v -0.038391 -0.011021 0.007935
v -0.037282 -0.011544 0.007935
v -0.036127 -0.011956 0.007935
v -0.034937 -0.012256 0.007935
v -0.033725 -0.012438 0.007935
v -0.032500 -0.012500 0.007935
v -0.000000 -0.012500 0.007935
v 0.033242 -0.012290 0.009005
v 0.033222 -0.011727 0.012214
v 0.033170 -0.010228 0.020771
v 0.030484 -0.012312 0.009005
v 0.030529 -0.011750 0.012214
v 0.030650 -0.010250 0.020771
v 0.030476 -0.012406 0.008470
v 0.028451 -0.012406 0.008470
v 0.026425 -0.012406 0.008470
v 0.024397 -0.012406 0.008470
v 0.022368 -0.012406 0.008470
v 0.020338 -0.012406 0.008470
v 0.016275 -0.012406 0.008470
v 0.012209 -0.012406 0.008470
v 0.008141 -0.012406 0.008470
v -0.000000 -0.012406 0.008470
v -0.008141 -0.012406 0.008470
v -0.012209 -0.012406 0.008470
v -0.016275 -0.012406 0.008470
v -0.020338 -0.012406 0.008470
v -0.022368 -0.012406 0.008470
v -0.024397 -0.012406 0.008470
v -0.026425 -0.012406 0.008470
v -0.028451 -0.012406 0.008470
v -0.030476 -0.012406 0.008470
v -0.032500 -0.012406 0.008470
v -0.033582 -0.012358 0.008470
v -0.034681 -0.012209 0.008470
v -0.035786 -0.011959 0.008470
v -0.036884 -0.011603 0.008470
v -0.037963 -0.011138 0.008470
v -0.039009 -0.010561 0.008470
v -0.039516 -0.010230 0.008470
v -0.040009 -0.009872 0.008470
v -0.040947 -0.009078 0.008470
v -0.041390 -0.008644 0.008470
v -0.041813 -0.008187 0.008470
v -0.042215 -0.007707 0.008470
v -0.042594 -0.007206 0.008470
v -0.042949 -0.006684 0.008470
v -0.043278 -0.006142 0.008470
v -0.043579 -0.005582 0.008470
v -0.043852 -0.005005 0.008470
v -0.044094 -0.004413 0.008470
v -0.044306 -0.003807 0.008470
v -0.044487 -0.003190 0.008470
v -0.044637 -0.002564 0.008470
v -0.044754 -0.001930 0.008470
v -0.044839 -0.001290 0.008470
v -0.044889 -0.000646 0.008470
v -0.044906 -0.000000 0.008470
v -0.044888 0.000646 0.008470
v -0.044837 0.001289 0.008470
v -0.044752 0.001929 0.008470
v -0.044634 0.002563 0.008470
v -0.044484 0.003189 0.008470
v -0.044303 0.003806 0.008470
v -0.044092 0.004412 0.008470
v -0.043850 0.005004 0.008470
v -0.043579 0.005582 0.008470
v -0.043278 0.006143 0.008470
v -0.042950 0.006686 0.008470
v -0.042596 0.007209 0.008470
v -0.042218 0.007712 0.008470
v -0.041816 0.008192 0.008470
v -0.041393 0.008650 0.008470
v -0.040950 0.009084 0.008470
v -0.040488 0.009492 0.008470
v -0.040010 0.009875 0.008470
v -0.039009 0.010560 0.008470
v -0.037963 0.011138 0.008470
v -0.036883 0.011606 0.008470
v -0.035785 0.011963 0.008470
v -0.034680 0.012212 0.008470
v -0.033581 0.012358 0.008470
v -0.032500 0.012406 0.008470
v -0.029801 0.012406 0.008470
v -0.027100 0.012406 0.008470
v -0.024397 0.012406 0.008470
v -0.021691 0.012406 0.008470
v -0.018984 0.012406 0.008470
v -0.016275 0.012406 0.008470
v -0.013565 0.012406 0.008470
v -0.010853 0.012406 0.008470
v -0.000000 0.012406 0.008470
v 0.010853 0.012406 0.008470
v 0.013565 0.012406 0.008470
v 0.016275 0.012406 0.008470
v 0.018984 0.012406 0.008470
v 0.021691 0.012406 0.008470
v 0.024397 0.012406 0.008470
v 0.027100 0.012406 0.008470
v 0.029801 0.012406 0.008470
v 0.032500 0.012406 0.008470
v 0.033358 0.012376 0.008470
v 0.034229 0.012282 0.008470
v 0.035107 0.012125 0.008470
v 0.035986 0.011902 0.008470
v 0.036858 0.011613 0.008470
v 0.037718 0.011254 0.008470
v 0.038560 0.010825 0.008470
v 0.039376 0.010325 0.008470
v 0.040160 0.009755 0.008470
v 0.040903 0.009119 0.008470
v 0.041602 0.008422 0.008470
v 0.042248 0.007666 0.008470
v 0.042836 0.006856 0.008470
v 0.043360 0.005996 0.008470
v 0.043814 0.005090 0.008470
v 0.044192 0.004145 0.008470
v 0.044493 0.003169 0.008470
v 0.044714 0.002168 0.008470
v 0.044852 0.001151 0.008470
v 0.044906 0.000126 0.008470
v 0.044872 -0.000901 0.008470
v 0.044753 -0.001920 0.008470
v 0.044552 -0.002925 0.008470
v 0.044270 -0.003908 0.008470
v 0.043911 -0.004862 0.008470
v 0.043477 -0.005779 0.008470
v 0.042971 -0.006653 0.008470
v 0.042399 -0.007477 0.008470
v 0.041767 -0.008247 0.008470
v 0.041081 -0.008960 0.008470
v 0.040347 -0.009609 0.008470
v 0.039572 -0.010193 0.008470
v 0.038604 -0.010800 0.008470
v 0.037599 -0.011310 0.008470
v 0.036569 -0.011720 0.008470
v 0.035526 -0.012031 0.008470
v 0.034762 -0.012197 0.008470
v 0.034001 -0.012314 0.008470
v 0.033245 -0.012384 0.008470
v 0.033157 -0.009853 0.022911
v 0.033813 -0.009787 0.022911
v 0.034465 -0.009676 0.022911
v 0.035109 -0.009523 0.022911
v 0.035975 -0.009243 0.022911
v 0.036813 -0.008882 0.022911
v 0.037616 -0.008445 0.022911
v 0.038377 -0.007934 0.022911
v 0.038979 -0.007451 0.022911
v 0.039541 -0.006923 0.022911
v 0.040061 -0.006350 0.022911
v 0.040535 -0.005738 0.022911
v 0.040961 -0.005090 0.022911
v 0.041335 -0.004410 0.022911
v 0.041653 -0.003702 0.022911
v 0.041915 -0.002971 0.022911
v 0.042120 -0.002220 0.022911
v 0.042265 -0.001456 0.022911
v 0.042351 -0.000683 0.022911
v 0.042374 0.000095 0.022911
v 0.042336 0.000872 0.022911
v 0.042237 0.001644 0.022911
v 0.042077 0.002405 0.022911
v 0.041858 0.003152 0.022911
v 0.041581 0.003878 0.022911
v 0.041248 0.004579 0.022911
v 0.040861 0.005251 0.022911
v 0.040422 0.005889 0.022911
v 0.039936 0.006492 0.022911
v 0.039406 0.007054 0.022911
v 0.038834 0.007573 0.022911
v 0.038225 0.008044 0.022911
v 0.037582 0.008466 0.022911
v 0.036908 0.008835 0.022911
v 0.036210 0.009149 0.022911
v 0.035491 0.009408 0.022911
v 0.034756 0.009611 0.022911
v 0.034009 0.009757 0.022911
v 0.033256 0.009845 0.022911
v 0.032500 0.009875 0.022911
v 0.030064 0.009875 0.022911
v 0.027557 0.009875 0.022911
v 0.024985 0.009875 0.022911
v 0.022355 0.009875 0.022911
v 0.019674 0.009875 0.022911
v 0.016947 0.009875 0.022911
v 0.014182 0.009875 0.022911
v 0.011384 0.009875 0.022911
v 0.000000 0.010250 0.020771
v -0.011384 0.009875 0.022911
v -0.011305 0.010250 0.020771
v -0.014182 0.009875 0.022911
v -0.016947 0.009875 0.022911
v -0.019674 0.009875 0.022911
v -0.022355 0.009875 0.022911
v -0.024985 0.009875 0.022911
v -0.027557 0.009875 0.022911
v -0.030064 0.009875 0.022911
v -0.032500 0.009875 0.022911
v -0.033450 0.009829 0.022911
v -0.034395 0.009690 0.022911
v -0.035326 0.009461 0.022911
v -0.036232 0.009142 0.022911
v -0.037105 0.008734 0.022911
v -0.037937 0.008242 0.022911
v -0.038718 0.007670 0.022911
v -0.039087 0.007356 0.022911
v -0.039441 0.007023 0.022911
v -0.039778 0.006673 0.022911
v -0.040098 0.006306 0.022911
v -0.040400 0.005924 0.022911
v -0.040682 0.005527 0.022911
v -0.040945 0.005116 0.022911
v -0.041188 0.004693 0.022911
v -0.041409 0.004258 0.022911
v -0.041608 0.003812 0.022911
v -0.041785 0.003356 0.022911
v -0.041939 0.002893 0.022911
v -0.042071 0.002422 0.022911
v -0.042179 0.001945 0.022911
v -0.042264 0.001463 0.022911
v -0.042325 0.000977 0.022911
v -0.042362 0.000489 0.022911
v -0.042375 -0.000000 0.022911
v -0.042363 -0.000489 0.022911
v -0.042326 -0.000977 0.022911
v -0.042265 -0.001463 0.022911
v -0.042181 -0.001945 0.022911
v -0.042073 -0.002422 0.022911
v -0.041941 -0.002893 0.022911
v -0.041786 -0.003357 0.022911
v -0.041609 -0.003812 0.022911
v -0.041409 -0.004258 0.022911
v -0.041188 -0.004693 0.022911
v -0.040945 -0.005116 0.022911
v -0.040681 -0.005526 0.022911
v -0.040398 -0.005922 0.022911
v -0.040096 -0.006304 0.022911
v -0.039776 -0.006670 0.022911
v -0.039439 -0.007021 0.022911
v -0.038717 -0.007669 0.022911
v -0.038334 -0.007966 0.022911
v -0.037937 -0.008242 0.022911
v -0.037105 -0.008734 0.022911
v -0.036232 -0.009140 0.022911
v -0.035325 -0.009459 0.022911
v -0.034395 -0.009689 0.022911
v -0.033450 -0.009828 0.022911
v -0.032500 -0.009875 0.022911
v -0.030680 -0.009875 0.022911
v -0.028819 -0.009875 0.022911
v -0.026920 -0.009875 0.022911
v -0.024985 -0.009875 0.022911
v -0.023018 -0.009875 0.022911
v -0.021021 -0.009875 0.022911
v -0.016947 -0.009875 0.022911
v -0.012787 -0.009875 0.022911
v -0.008561 -0.009875 0.022911
v 0.000000 -0.009875 0.022911
v 0.008561 -0.009875 0.022911
v 0.012787 -0.009875 0.022911
v 0.016947 -0.009875 0.022911
v 0.021021 -0.009875 0.022911
v 0.023018 -0.009875 0.022911
v 0.024985 -0.009875 0.022911
v 0.026920 -0.009875 0.022911
v 0.028819 -0.009875 0.022911
v 0.030680 -0.009875 0.022911
v 0.000000 0.009875 0.022911
v 0.028465 -0.012312 0.009005
v 0.026443 -0.012312 0.009005
v 0.024419 -0.012312 0.009005
v 0.022392 -0.012312 0.009005
v 0.020363 -0.012312 0.009005
v 0.016300 -0.012312 0.009005
v 0.012230 -0.012312 0.009005
v 0.008156 -0.012312 0.009005
v -0.000000 -0.012312 0.009005
v -0.008156 -0.012312 0.009005
v -0.012230 -0.012312 0.009005
v -0.016300 -0.012312 0.009005
v -0.020363 -0.012312 0.009005
v -0.022392 -0.012313 0.009005
v -0.024419 -0.012313 0.009005
v -0.026443 -0.012313 0.009005
v -0.028465 -0.012313 0.009005
v -0.030484 -0.012313 0.009005
v -0.032500 -0.012313 0.009005
v -0.033577 -0.012264 0.009005
v -0.034671 -0.012116 0.009005
v -0.035769 -0.011866 0.009005
v -0.036860 -0.011511 0.009005
v -0.037931 -0.011049 0.009005
v -0.038970 -0.010475 0.009005
v -0.039472 -0.010146 0.009005
v -0.039961 -0.009791 0.009005
v -0.040892 -0.009002 0.009005
v -0.041331 -0.008571 0.009005
v -0.041750 -0.008117 0.009005
v -0.042148 -0.007641 0.009005
v -0.042523 -0.007143 0.009005
v -0.042875 -0.006626 0.009005
v -0.043200 -0.006089 0.009005
v -0.043499 -0.005533 0.009005
v -0.043769 -0.004961 0.009005
v -0.044009 -0.004374 0.009005
v -0.044219 -0.003773 0.009005
v -0.044398 -0.003162 0.009005
v -0.044546 -0.002541 0.009005
v -0.044662 -0.001913 0.009005
v -0.044745 -0.001278 0.009005
v -0.044796 -0.000640 0.009005
v -0.044812 -0.000000 0.009005
v -0.044795 0.000640 0.009005
v -0.044744 0.001278 0.009005
v -0.044659 0.001912 0.009005
v -0.044543 0.002540 0.009005
v -0.044395 0.003161 0.009005
v -0.044216 0.003772 0.009005
v -0.044006 0.004373 0.009005
v -0.043767 0.004960 0.009005
v -0.043498 0.005533 0.009005
v -0.043201 0.006090 0.009005
v -0.042876 0.006628 0.009005
v -0.042525 0.007147 0.009005
v -0.042150 0.007645 0.009005
v -0.041752 0.008122 0.009005
v -0.041333 0.008577 0.009005
v -0.040894 0.009007 0.009005
v -0.040436 0.009413 0.009005
v -0.039962 0.009793 0.009005
v -0.038970 0.010474 0.009005
v -0.037931 0.011049 0.009005
v -0.036859 0.011515 0.009005
v -0.035768 0.011870 0.009005
v -0.034670 0.012119 0.009005
v -0.033576 0.012265 0.009005
v -0.032500 0.012313 0.009005
v -0.029811 0.012313 0.009005
v -0.027117 0.012313 0.009005
v -0.024419 0.012313 0.009005
v -0.021716 0.012313 0.009005
v -0.019009 0.012313 0.009005
v -0.016300 0.012313 0.009005
v -0.013587 0.012313 0.009005
v -0.010873 0.012313 0.009005
v -0.000000 0.012313 0.009005
v 0.010873 0.012313 0.009005
v 0.013587 0.012313 0.009005
v 0.016300 0.012313 0.009005
v 0.019009 0.012313 0.009005
v 0.021716 0.012313 0.009005
v 0.024419 0.012313 0.009005
v 0.027117 0.012313 0.009005
v 0.029811 0.012313 0.009005
v 0.032500 0.012313 0.009005
v 0.033354 0.012282 0.009005
v 0.034221 0.012189 0.009005
v 0.035094 0.012032 0.009005
v 0.035967 0.011810 0.009005
v 0.036834 0.011521 0.009005
v 0.037688 0.011164 0.009005
v 0.038524 0.010738 0.009005
v 0.039334 0.010240 0.009005
v 0.040111 0.009674 0.009005
v 0.040848 0.009043 0.009005
v 0.041540 0.008350 0.009005
v 0.042180 0.007600 0.009005
v 0.042763 0.006797 0.009005
v 0.043282 0.005944 0.009005
v 0.043731 0.005045 0.009005
v 0.044106 0.004108 0.009005
v 0.044404 0.003140 0.009005
v 0.044622 0.002149 0.009005
v 0.044759 0.001141 0.009005
v 0.044812 0.000124 0.009005
v 0.044778 -0.000893 0.009005
v 0.044661 -0.001903 0.009005
v 0.044462 -0.002899 0.009005
v 0.044183 -0.003873 0.009005
v 0.043828 -0.004819 0.009005
v 0.043398 -0.005728 0.009005
v 0.042897 -0.006595 0.009005
v 0.042330 -0.007413 0.009005
v 0.041704 -0.008177 0.009005
v 0.041024 -0.008884 0.009005
v 0.040296 -0.009529 0.009005
v 0.039527 -0.010109 0.009005
v 0.038567 -0.010713 0.009005
v 0.037570 -0.011220 0.009005
v 0.036547 -0.011628 0.009005
v 0.035510 -0.011938 0.009005
v 0.034751 -0.012104 0.009005
v 0.033994 -0.012221 0.009005
v 0.033235 -0.012102 0.010074
v 0.030491 -0.012219 0.009540
v 0.028478 -0.012219 0.009540
v 0.026461 -0.012219 0.009540
v 0.024440 -0.012219 0.009540
v 0.022416 -0.012219 0.009540
v 0.020388 -0.012219 0.009540
v 0.016325 -0.012219 0.009540
v 0.012252 -0.012219 0.009540
v 0.008172 -0.012219 0.009540
v -0.000000 -0.012219 0.009540
v -0.008172 -0.012219 0.009540
v -0.012252 -0.012219 0.009540
v -0.016325 -0.012219 0.009540
v -0.020388 -0.012219 0.009540
v -0.022416 -0.012219 0.009540
v -0.024440 -0.012219 0.009540
v -0.026461 -0.012219 0.009540
v -0.028478 -0.012219 0.009540
v -0.030491 -0.012219 0.009540
v -0.032500 -0.012219 0.009540
v -0.033572 -0.012170 0.009540
v -0.034660 -0.012023 0.009540
v -0.035752 -0.011774 0.009540
v -0.036836 -0.011420 0.009540
v -0.037899 -0.010960 0.009540
v -0.038930 -0.010389 0.009540
v -0.039428 -0.010063 0.009540
v -0.039913 -0.009709 0.009540
v -0.040836 -0.008926 0.009540
v -0.041271 -0.008498 0.009540
v -0.041686 -0.008047 0.009540
v -0.042081 -0.007575 0.009540
v -0.042453 -0.007081 0.009540
v -0.042801 -0.006568 0.009540
v -0.043123 -0.006035 0.009540
v -0.043418 -0.005484 0.009540
v -0.043685 -0.004917 0.009540
v -0.043923 -0.004335 0.009540
v -0.044131 -0.003740 0.009540
v -0.044309 -0.003133 0.009540
v -0.044455 -0.002518 0.009540
v -0.044570 -0.001895 0.009540
v -0.044652 -0.001267 0.009540
v -0.044702 -0.000634 0.009540
v -0.044719 -0.000000 0.009540
v -0.044701 0.000634 0.009540
v -0.044651 0.001266 0.009540
v -0.044567 0.001894 0.009540
v -0.044452 0.002517 0.009540
v -0.044306 0.003132 0.009540
v -0.044128 0.003738 0.009540
v -0.043921 0.004334 0.009540
v -0.043684 0.004916 0.009540
v -0.043418 0.005484 0.009540
v -0.043123 0.006036 0.009540
v -0.042802 0.006570 0.009540
v -0.042454 0.007084 0.009540
v -0.042083 0.007579 0.009540
v -0.041689 0.008052 0.009540
v -0.041273 0.008503 0.009540
v -0.040838 0.008931 0.009540
v -0.040384 0.009334 0.009540
v -0.039914 0.009711 0.009540
v -0.038930 0.010389 0.009540
v -0.037899 0.010960 0.009540
v -0.036835 0.011424 0.009540
v -0.035751 0.011777 0.009540
v -0.034659 0.012025 0.009540
v -0.033572 0.012171 0.009540
v -0.032500 0.012219 0.009540
v -0.029821 0.012219 0.009540
v -0.027134 0.012219 0.009540
v -0.024440 0.012219 0.009540
v -0.021740 0.012219 0.009540
v -0.019035 0.012219 0.009540
v -0.016325 0.012219 0.009540
v -0.013610 0.012219 0.009540
v -0.010892 0.012219 0.009540
v -0.000000 0.012219 0.009540
v 0.010892 0.012219 0.009540
v 0.013610 0.012219 0.009540
v 0.016325 0.012219 0.009540
v 0.019035 0.012219 0.009540
v 0.021740 0.012219 0.009540
v 0.024440 0.012219 0.009540
v 0.027134 0.012219 0.009540
v 0.029821 0.012219 0.009540
v 0.032500 0.012219 0.009540
v 0.033351 0.012188 0.009540
v 0.034213 0.012095 0.009540
v 0.035081 0.011939 0.009540
v 0.035949 0.011718 0.009540
v 0.036810 0.011430 0.009540
v 0.037658 0.011075 0.009540
v 0.038487 0.010650 0.009540
v 0.039291 0.010156 0.009540
v 0.040061 0.009593 0.009540
v 0.040792 0.008966 0.009540
v 0.041478 0.008279 0.009540
v 0.042113 0.007534 0.009540
v 0.042690 0.006737 0.009540
v 0.043204 0.005891 0.009540
v 0.043648 0.005000 0.009540
v 0.044019 0.004072 0.009540
v 0.044314 0.003112 0.009540
v 0.044531 0.002129 0.009540
v 0.044666 0.001131 0.009540
v 0.044718 0.000123 0.009540
v 0.044685 -0.000885 0.009540
v 0.044569 -0.001886 0.009540
v 0.044371 -0.002873 0.009540
v 0.044096 -0.003839 0.009540
v 0.043744 -0.004776 0.009540
v 0.043319 -0.005678 0.009540
v 0.042823 -0.006537 0.009540
v 0.042261 -0.007348 0.009540
v 0.041641 -0.008107 0.009540
v 0.040967 -0.008809 0.009540
v 0.040245 -0.009449 0.009540
v 0.039483 -0.010025 0.009540
v 0.038531 -0.010625 0.009540
v 0.037541 -0.011130 0.009540
v 0.036525 -0.011536 0.009540
v 0.035495 -0.011845 0.009540
v 0.034740 -0.012010 0.009540
v 0.033987 -0.012127 0.009540
v 0.033239 -0.012196 0.009540
v 0.030499 -0.012125 0.010074
v 0.028492 -0.012125 0.010074
v 0.026480 -0.012125 0.010074
v 0.024462 -0.012125 0.010074
v 0.022440 -0.012125 0.010074
v 0.020414 -0.012125 0.010074
v 0.016350 -0.012125 0.010074
v 0.012273 -0.012125 0.010074
v 0.008187 -0.012125 0.010074
v -0.000000 -0.012125 0.010074
v -0.008187 -0.012125 0.010074
v -0.012273 -0.012125 0.010074
v -0.016350 -0.012125 0.010074
v -0.020414 -0.012125 0.010074
v -0.022440 -0.012125 0.010074
v -0.024462 -0.012125 0.010074
v -0.026480 -0.012125 0.010074
v -0.028492 -0.012125 0.010074
v -0.030499 -0.012125 0.010074
v -0.032500 -0.012125 0.010074
v -0.033567 -0.012077 0.010074
v -0.034650 -0.011929 0.010074
v -0.035735 -0.011681 0.010074
v -0.036812 -0.011329 0.010074
v -0.037868 -0.010871 0.010074
v -0.038890 -0.010303 0.010074
v -0.039384 -0.009979 0.010074
v -0.039865 -0.009628 0.010074
v -0.040780 -0.008850 0.010074
v -0.041211 -0.008425 0.010074
v -0.041623 -0.007978 0.010074
v -0.042013 -0.007509 0.010074
v -0.042382 -0.007019 0.010074
v -0.042726 -0.006509 0.010074
v -0.043046 -0.005981 0.010074
v -0.043338 -0.005435 0.010074
v -0.043602 -0.004873 0.010074
v -0.043838 -0.004295 0.010074
v -0.044044 -0.003706 0.010074
v -0.044219 -0.003105 0.010074
v -0.044364 -0.002495 0.010074
v -0.044478 -0.001878 0.010074
v -0.044559 -0.001255 0.010074
v -0.044609 -0.000629 0.010074
v -0.044625 -0.000000 0.010074
v -0.044608 0.000628 0.010074
v -0.044558 0.001255 0.010074
v -0.044475 0.001877 0.010074
v -0.044361 0.002494 0.010074
v -0.044216 0.003104 0.010074
v -0.044041 0.003705 0.010074
v -0.043835 0.004294 0.010074
v -0.043601 0.004872 0.010074
v -0.043337 0.005435 0.010074
v -0.043046 0.005982 0.010074
v -0.042727 0.006512 0.010074
v -0.042384 0.007022 0.010074
v -0.042016 0.007513 0.010074
v -0.041625 0.007983 0.010074
v -0.041213 0.008430 0.010074
v -0.040782 0.008855 0.010074
v -0.040332 0.009255 0.010074
v -0.039866 0.009630 0.010074
v -0.038890 0.010303 0.010074
v -0.037867 0.010871 0.010074
v -0.036811 0.011332 0.010074
v -0.035734 0.011685 0.010074
v -0.034649 0.011932 0.010074
v -0.033567 0.012077 0.010074
v -0.032500 0.012125 0.010074
v -0.029831 0.012125 0.010074
v -0.027151 0.012125 0.010074
v -0.024462 0.012125 0.010074
v -0.021765 0.012125 0.010074
v -0.019061 0.012125 0.010074
v -0.016350 0.012125 0.010074
v -0.013633 0.012125 0.010074
v -0.010912 0.012125 0.010074
v -0.000000 0.012125 0.010074
v 0.010912 0.012125 0.010074
v 0.013633 0.012125 0.010074
v 0.016350 0.012125 0.010074
v 0.019061 0.012125 0.010074
v 0.021765 0.012125 0.010074
v 0.024462 0.012125 0.010074
v 0.027151 0.012125 0.010074
v 0.029831 0.012125 0.010074
v 0.032500 0.012125 0.010074
v 0.033347 0.012094 0.010074
v 0.034205 0.012002 0.010074
v 0.035068 0.011846 0.010074
v 0.035931 0.011625 0.010074
v 0.036786 0.011339 0.010074
v 0.037628 0.010985 0.010074
v 0.038451 0.010563 0.010074
v 0.039248 0.010072 0.010074
v 0.040012 0.009512 0.010074
v 0.040737 0.008890 0.010074
v 0.041417 0.008207 0.010074
v 0.042045 0.007469 0.010074
v 0.042617 0.006678 0.010074
v 0.043125 0.005839 0.010074
v 0.043566 0.004956 0.010074
v 0.043933 0.004035 0.010074
v 0.044225 0.003084 0.010074
v 0.044439 0.002110 0.010074
v 0.044573 0.001120 0.010074
v 0.044624 0.000122 0.010074
v 0.044592 -0.000877 0.010074
v 0.044477 -0.001869 0.010074
v 0.044281 -0.002847 0.010074
v 0.044009 -0.003804 0.010074
v 0.043660 -0.004733 0.010074
v 0.043239 -0.005627 0.010074
v 0.042748 -0.006479 0.010074
v 0.042192 -0.007284 0.010074
v 0.041578 -0.008037 0.010074
v 0.040910 -0.008733 0.010074
v 0.040195 -0.009369 0.010074
v 0.039439 -0.009942 0.010074
v 0.038494 -0.010538 0.010074
v 0.037512 -0.011040 0.010074
v 0.036503 -0.011444 0.010074
v 0.035480 -0.011752 0.010074
v 0.034729 -0.011917 0.010074
v 0.033980 -0.012033 0.010074
v 0.033196 -0.010978 0.016493
v 0.030514 -0.011937 0.011144
v 0.028519 -0.011937 0.011144
v 0.026516 -0.011937 0.011144
v 0.024506 -0.011937 0.011144
v 0.022488 -0.011937 0.011144
v 0.020464 -0.011937 0.011144
v 0.016399 -0.011937 0.011144
v 0.012316 -0.011937 0.011144
v 0.008218 -0.011937 0.011144
v -0.000000 -0.011937 0.011144
v -0.008218 -0.011937 0.011144
v -0.012316 -0.011937 0.011144
v -0.016399 -0.011937 0.011144
v -0.020464 -0.011938 0.011144
v -0.022488 -0.011938 0.011144
v -0.024506 -0.011938 0.011144
v -0.026516 -0.011938 0.011144
v -0.028519 -0.011938 0.011144
v -0.030514 -0.011938 0.011144
v -0.032500 -0.011938 0.011144
v -0.033557 -0.011889 0.011144
v -0.034628 -0.011743 0.011144
v -0.035701 -0.011496 0.011144
v -0.036764 -0.011147 0.011144
v -0.037804 -0.010693 0.011144
v -0.038811 -0.010132 0.011144
v -0.039297 -0.009811 0.011144
v -0.039769 -0.009464 0.011144
v -0.040668 -0.008697 0.011144
v -0.041091 -0.008279 0.011144
v -0.041495 -0.007838 0.011144
v -0.041879 -0.007376 0.011144
v -0.042240 -0.006894 0.011144
v -0.042578 -0.006393 0.011144
v -0.042891 -0.005874 0.011144
v -0.043177 -0.005337 0.011144
v -0.043436 -0.004784 0.011144
v -0.043667 -0.004217 0.011144
v -0.043868 -0.003638 0.011144
v -0.044040 -0.003048 0.011144
v -0.044182 -0.002449 0.011144
v -0.044293 -0.001843 0.011144
v -0.044373 -0.001232 0.011144
v -0.044421 -0.000617 0.011144
v -0.044437 -0.000000 0.011144
v -0.044420 0.000617 0.011144
v -0.044372 0.001231 0.011144
v -0.044291 0.001843 0.011144
v -0.044179 0.002448 0.011144
v -0.044037 0.003047 0.011144
v -0.043866 0.003637 0.011144
v -0.043665 0.004216 0.011144
v -0.043435 0.004784 0.011144
v -0.043177 0.005337 0.011144
v -0.042891 0.005875 0.011144
v -0.042579 0.006395 0.011144
v -0.042242 0.006898 0.011144
v -0.041881 0.007380 0.011144
v -0.041498 0.007843 0.011144
v -0.041094 0.008284 0.011144
v -0.040670 0.008702 0.011144
v -0.040229 0.009096 0.011144
v -0.039770 0.009466 0.011144
v -0.038811 0.010131 0.011144
v -0.037804 0.010693 0.011144
v -0.036762 0.011150 0.011144
v -0.035700 0.011500 0.011144
v -0.034627 0.011745 0.011144
v -0.033557 0.011890 0.011144
v -0.032500 0.011938 0.011144
v -0.029850 0.011938 0.011144
v -0.027185 0.011938 0.011144
v -0.024506 0.011938 0.011144
v -0.021814 0.011938 0.011144
v -0.019112 0.011938 0.011144
v -0.016399 0.011938 0.011144
v -0.013679 0.011938 0.011144
v -0.010951 0.011938 0.011144
v -0.000000 0.011938 0.011144
v 0.010951 0.011938 0.011144
v 0.013679 0.011938 0.011144
v 0.016399 0.011938 0.011144
v 0.019112 0.011938 0.011144
v 0.021814 0.011938 0.011144
v 0.024506 0.011938 0.011144
v 0.027185 0.011938 0.011144
v 0.029850 0.011938 0.011144
v 0.032500 0.011938 0.011144
v 0.033339 0.011907 0.011144
v 0.034189 0.011815 0.011144
v 0.035042 0.011660 0.011144
v 0.035894 0.011440 0.011144
v 0.036738 0.011156 0.011144
v 0.037568 0.010806 0.011144
v 0.038379 0.010388 0.011144
v 0.039163 0.009903 0.011144
v 0.039914 0.009351 0.011144
v 0.040626 0.008737 0.011144
v 0.041293 0.008064 0.011144
v 0.041910 0.007337 0.011144
v 0.042470 0.006559 0.011144
v 0.042969 0.005734 0.011144
v 0.043400 0.004866 0.011144
v 0.043760 0.003961 0.011144
v 0.044046 0.003027 0.011144
v 0.044255 0.002071 0.011144
v 0.044386 0.001100 0.011144
v 0.044437 0.000120 0.011144
v 0.044405 -0.000860 0.011144
v 0.044292 -0.001834 0.011144
v 0.044101 -0.002794 0.011144
v 0.043834 -0.003734 0.011144
v 0.043493 -0.004647 0.011144
v 0.043081 -0.005526 0.011144
v 0.042599 -0.006363 0.011144
v 0.042054 -0.007155 0.011144
v 0.041451 -0.007896 0.011144
v 0.040796 -0.008582 0.011144
v 0.040093 -0.009210 0.011144
v 0.039350 -0.009774 0.011144
v 0.038421 -0.010364 0.011144
v 0.037453 -0.010860 0.011144
v 0.036459 -0.011261 0.011144
v 0.035449 -0.011566 0.011144
v 0.034707 -0.011730 0.011144
v 0.033966 -0.011846 0.011144
v 0.033229 -0.011915 0.011144
v 0.028546 -0.011750 0.012214
v 0.026553 -0.011750 0.012214
v 0.024549 -0.011750 0.012214
v 0.022536 -0.011750 0.012214
v 0.020515 -0.011750 0.012214
v 0.016449 -0.011750 0.012214
v 0.012359 -0.011750 0.012214
v 0.008249 -0.011750 0.012214
v -0.000000 -0.011750 0.012214
v -0.008249 -0.011750 0.012214
v -0.012359 -0.011750 0.012214
v -0.016449 -0.011750 0.012214
v -0.020515 -0.011750 0.012214
v -0.022536 -0.011750 0.012214
v -0.024549 -0.011750 0.012214
v -0.026553 -0.011750 0.012214
v -0.028546 -0.011750 0.012214
v -0.030529 -0.011750 0.012214
v -0.032500 -0.011750 0.012214
v -0.033548 -0.011702 0.012214
v -0.034607 -0.011556 0.012214
v -0.035667 -0.011311 0.012214
v -0.036715 -0.010964 0.012214
v -0.037741 -0.010514 0.012214
v -0.038731 -0.009960 0.012214
v -0.039209 -0.009643 0.012214
v -0.039674 -0.009301 0.012214
v -0.040556 -0.008545 0.012214
v -0.040972 -0.008133 0.012214
v -0.041368 -0.007699 0.012214
v -0.041744 -0.007244 0.012214
v -0.042098 -0.006770 0.012214
v -0.042429 -0.006277 0.012214
v -0.042736 -0.005767 0.012214
v -0.043017 -0.005239 0.012214
v -0.043270 -0.004696 0.012214
v -0.043496 -0.004139 0.012214
v -0.043693 -0.003570 0.012214
v -0.043861 -0.002991 0.012214
v -0.044000 -0.002403 0.012214
v -0.044109 -0.001809 0.012214
v -0.044187 -0.001209 0.012214
v -0.044234 -0.000605 0.012214
v -0.044250 -0.000000 0.012214
v -0.044233 0.000605 0.012214
v -0.044185 0.001208 0.012214
v -0.044107 0.001808 0.012214
v -0.043998 0.002403 0.012214
v -0.043859 0.002990 0.012214
v -0.043691 0.003569 0.012214
v -0.043494 0.004138 0.012214
v -0.043269 0.004695 0.012214
v -0.043016 0.005239 0.012214
v -0.042736 0.005767 0.012214
v -0.042430 0.006279 0.012214
v -0.042100 0.006773 0.012214
v -0.041746 0.007248 0.012214
v -0.041371 0.007703 0.012214
v -0.040974 0.008137 0.012214
v -0.040559 0.008549 0.012214
v -0.040125 0.008938 0.012214
v -0.039675 0.009303 0.012214
v -0.038731 0.009959 0.012214
v -0.037740 0.010515 0.012214
v -0.036714 0.010967 0.012214
v -0.035666 0.011314 0.012214
v -0.034606 0.011558 0.012214
v -0.033547 0.011703 0.012214
v -0.032500 0.011750 0.012214
v -0.029869 0.011750 0.012214
v -0.027219 0.011750 0.012214
v -0.024549 0.011750 0.012214
v -0.021863 0.011750 0.012214
v -0.019163 0.011750 0.012214
v -0.016449 0.011750 0.012214
v -0.013725 0.011750 0.012214
v -0.010991 0.011750 0.012214
v -0.000000 0.011750 0.012214
v 0.010991 0.011750 0.012214
v 0.013725 0.011750 0.012214
v 0.016449 0.011750 0.012214
v 0.019163 0.011750 0.012214
v 0.021863 0.011750 0.012214
v 0.024549 0.011750 0.012214
v 0.027219 0.011750 0.012214
v 0.029869 0.011750 0.012214
v 0.032500 0.011750 0.012214
v 0.033332 0.011720 0.012214
v 0.034172 0.011628 0.012214
v 0.035016 0.011473 0.012214
v 0.035857 0.011256 0.012214
v 0.036690 0.010974 0.012214
v 0.037508 0.010627 0.012214
v 0.038306 0.010214 0.012214
v 0.039078 0.009734 0.012214
v 0.039816 0.009189 0.012214
v 0.040515 0.008584 0.012214
v 0.041170 0.007921 0.012214
v 0.041775 0.007205 0.012214
v 0.042324 0.006440 0.012214
v 0.042813 0.005629 0.012214
v 0.043235 0.004776 0.012214
v 0.043587 0.003888 0.012214
v 0.043867 0.002971 0.012214
v 0.044072 0.002032 0.012214
v 0.044200 0.001079 0.012214
v 0.044249 0.000118 0.012214
v 0.044218 -0.000844 0.012214
v 0.044108 -0.001800 0.012214
v 0.043921 -0.002742 0.012214
v 0.043660 -0.003665 0.012214
v 0.043326 -0.004561 0.012214
v 0.042922 -0.005424 0.012214
v 0.042450 -0.006248 0.012214
v 0.041916 -0.007026 0.012214
v 0.041325 -0.007756 0.012214
v 0.040682 -0.008432 0.012214
v 0.039992 -0.009050 0.012214
v 0.039262 -0.009607 0.012214
v 0.038348 -0.010189 0.012214
v 0.037395 -0.010680 0.012214
v 0.036415 -0.011077 0.012214
v 0.035418 -0.011381 0.012214
v 0.034685 -0.011544 0.012214
v 0.033952 -0.011659 0.012214
v 0.030559 -0.011375 0.014353
v 0.028601 -0.011375 0.014353
v 0.026626 -0.011375 0.014353
v 0.024636 -0.011375 0.014353
v 0.022633 -0.011375 0.014353
v 0.020616 -0.011375 0.014353
v 0.016549 -0.011375 0.014353
v 0.012444 -0.011375 0.014353
v 0.008312 -0.011375 0.014353
v -0.000000 -0.011375 0.014353
v -0.008312 -0.011375 0.014353
v -0.012444 -0.011375 0.014353
v -0.016549 -0.011375 0.014353
v -0.020616 -0.011375 0.014353
v -0.022633 -0.011375 0.014353
v -0.024636 -0.011375 0.014353
v -0.026626 -0.011375 0.014353
v -0.028601 -0.011375 0.014353
v -0.030559 -0.011375 0.014353
v -0.032500 -0.011375 0.014353
v -0.033528 -0.011327 0.014353
v -0.034565 -0.011183 0.014353
v -0.035599 -0.010940 0.014353
v -0.036618 -0.010599 0.014353
v -0.037613 -0.010158 0.014353
v -0.038572 -0.009616 0.014353
v -0.039034 -0.009308 0.014353
v -0.039482 -0.008975 0.014353
v -0.040333 -0.008240 0.014353
v -0.040733 -0.007840 0.014353
v -0.041114 -0.007420 0.014353
v -0.041475 -0.006980 0.014353
v -0.041815 -0.006521 0.014353
v -0.042132 -0.006045 0.014353
v -0.042426 -0.005552 0.014353
v -0.042695 -0.005043 0.014353
v -0.042938 -0.004519 0.014353
v -0.043154 -0.003983 0.014353
v -0.043343 -0.003435 0.014353
v -0.043504 -0.002877 0.014353
v -0.043636 -0.002312 0.014353
v -0.043740 -0.001740 0.014353
v -0.043815 -0.001163 0.014353
v -0.043860 -0.000582 0.014353
v -0.043875 -0.000000 0.014353
v -0.043859 0.000582 0.014353
v -0.043813 0.001162 0.014353
v -0.043738 0.001739 0.014353
v -0.043634 0.002311 0.014353
v -0.043501 0.002876 0.014353
v -0.043340 0.003434 0.014353
v -0.043152 0.003982 0.014353
v -0.042937 0.004519 0.014353
v -0.042695 0.005043 0.014353
v -0.042427 0.005552 0.014353
v -0.042133 0.006047 0.014353
v -0.041816 0.006524 0.014353
v -0.041477 0.006983 0.014353
v -0.041116 0.007424 0.014353
v -0.040735 0.007844 0.014353
v -0.040335 0.008244 0.014353
v -0.039917 0.008622 0.014353
v -0.039483 0.008976 0.014353
v -0.038572 0.009616 0.014353
v -0.037613 0.010159 0.014353
v -0.036618 0.010602 0.014353
v -0.035598 0.010944 0.014353
v -0.034564 0.011185 0.014353
v -0.033528 0.011328 0.014353
v -0.032500 0.011375 0.014353
v -0.029908 0.011375 0.014353
v -0.027286 0.011375 0.014353
v -0.024636 0.011375 0.014353
v -0.021962 0.011375 0.014353
v -0.019265 0.011375 0.014353
v -0.016549 0.011375 0.014353
v -0.013816 0.011375 0.014353
v -0.011069 0.011375 0.014353
v -0.000000 0.011375 0.014353
v 0.011069 0.011375 0.014353
v 0.013816 0.011375 0.014353
v 0.016549 0.011375 0.014353
v 0.019265 0.011375 0.014353
v 0.021962 0.011375 0.014353
v 0.024636 0.011375 0.014353
v 0.027286 0.011375 0.014353
v 0.029908 0.011375 0.014353
v 0.032500 0.011375 0.014353
v 0.033317 0.011345 0.014353
v 0.034140 0.011254 0.014353
v 0.034964 0.011101 0.014353
v 0.035784 0.010886 0.014353
v 0.036594 0.010609 0.014353
v 0.037388 0.010268 0.014353
v 0.038161 0.009864 0.014353
v 0.038907 0.009396 0.014353
v 0.039620 0.008866 0.014353
v 0.040293 0.008278 0.014353
v 0.040923 0.007635 0.014353
v 0.041504 0.006942 0.014353
v 0.042031 0.006202 0.014353
v 0.042500 0.005419 0.014353
v 0.042904 0.004596 0.014353
v 0.043241 0.003740 0.014353
v 0.043509 0.002858 0.014353
v 0.043705 0.001955 0.014353
v 0.043827 0.001038 0.014353
v 0.043874 0.000113 0.014353
v 0.043845 -0.000812 0.014353
v 0.043739 -0.001731 0.014353
v 0.043561 -0.002638 0.014353
v 0.043311 -0.003526 0.014353
v 0.042991 -0.004389 0.014353
v 0.042604 -0.005221 0.014353
v 0.042152 -0.006016 0.014353
v 0.041640 -0.006769 0.014353
v 0.041072 -0.007475 0.014353
v 0.040454 -0.008130 0.014353
v 0.039789 -0.008730 0.014353
v 0.039085 -0.009272 0.014353
v 0.038201 -0.009840 0.014353
v 0.037279 -0.010321 0.014353
v 0.036327 -0.010711 0.014353
v 0.035356 -0.011009 0.014353
v 0.034641 -0.011170 0.014353
v 0.033924 -0.011284 0.014353
v 0.033209 -0.011352 0.014353
v 0.030589 -0.011000 0.016493
v 0.028655 -0.011000 0.016493
v 0.026700 -0.011000 0.016493
v 0.024724 -0.011000 0.016493
v 0.022729 -0.011000 0.016493
v 0.020717 -0.011000 0.016493
v 0.016648 -0.011000 0.016493
v 0.012530 -0.011000 0.016493
v 0.008374 -0.011000 0.016493
v -0.000000 -0.011000 0.016493
v -0.008374 -0.011000 0.016493
v -0.012530 -0.011000 0.016493
v -0.016648 -0.011000 0.016493
v -0.020717 -0.011000 0.016493
v -0.022729 -0.011000 0.016493
v -0.024724 -0.011000 0.016493
v -0.026700 -0.011000 0.016493
v -0.028655 -0.011000 0.016493
v -0.030589 -0.011000 0.016493
v -0.032500 -0.011000 0.016493
v -0.033509 -0.010952 0.016493
v -0.034522 -0.010809 0.016493
v -0.035530 -0.010570 0.016493
v -0.036522 -0.010234 0.016493
v -0.037486 -0.009802 0.016493
v -0.038413 -0.009273 0.016493
v -0.038859 -0.008972 0.016493
v -0.039291 -0.008648 0.016493
v -0.040109 -0.007935 0.016493
v -0.040494 -0.007548 0.016493
v -0.040859 -0.007141 0.016493
v -0.041206 -0.006715 0.016493
v -0.041531 -0.006272 0.016493
v -0.041835 -0.005813 0.016493
v -0.042117 -0.005337 0.016493
v -0.042374 -0.004847 0.016493
v -0.042606 -0.004342 0.016493
v -0.042812 -0.003826 0.016493
v -0.042992 -0.003299 0.016493
v -0.043146 -0.002763 0.016493
v -0.043272 -0.002220 0.016493
v -0.043372 -0.001670 0.016493
v -0.043443 -0.001116 0.016493
v -0.043486 -0.000559 0.016493
v -0.043500 -0.000000 0.016493
v -0.043485 0.000559 0.016493
v -0.043441 0.001116 0.016493
v -0.043370 0.001670 0.016493
v -0.043270 0.002219 0.016493
v -0.043144 0.002763 0.016493
v -0.042990 0.003299 0.016493
v -0.042810 0.003825 0.016493
v -0.042604 0.004342 0.016493
v -0.042373 0.004846 0.016493
v -0.042117 0.005338 0.016493
v -0.041836 0.005814 0.016493
v -0.041533 0.006275 0.016493
v -0.041208 0.006718 0.016493
v -0.040862 0.007144 0.016493
v -0.040496 0.007551 0.016493
v -0.040112 0.007939 0.016493
v -0.039710 0.008305 0.016493
v -0.039292 0.008650 0.016493
v -0.038413 0.009272 0.016493
v -0.037486 0.009803 0.016493
v -0.036521 0.010237 0.016493
v -0.035530 0.010573 0.016493
v -0.034522 0.010811 0.016493
v -0.033509 0.010953 0.016493
v -0.032500 0.011000 0.016493
v -0.029947 0.011000 0.016493
v -0.027354 0.011000 0.016493
v -0.024724 0.011000 0.016493
v -0.022060 0.011000 0.016493
v -0.019367 0.011000 0.016493
v -0.016648 0.011000 0.016493
v -0.013907 0.011000 0.016493
v -0.011148 0.011000 0.016493
v -0.000000 0.011000 0.016493
v 0.011148 0.011000 0.016493
v 0.013907 0.011000 0.016493
v 0.016648 0.011000 0.016493
v 0.019367 0.011000 0.016493
v 0.022060 0.011000 0.016493
v 0.024724 0.011000 0.016493
v 0.027354 0.011000 0.016493
v 0.029947 0.011000 0.016493
v 0.032500 0.011000 0.016493
v 0.033301 0.010970 0.016493
v 0.034107 0.010879 0.016493
v 0.034912 0.010728 0.016493
v 0.035711 0.010517 0.016493
v 0.036498 0.010244 0.016493
v 0.037268 0.009910 0.016493
v 0.038016 0.009515 0.016493
v 0.038737 0.009058 0.016493
v 0.039423 0.008543 0.016493
v 0.040071 0.007972 0.016493
v 0.040676 0.007349 0.016493
v 0.041234 0.006679 0.016493
v 0.041739 0.005964 0.016493
v 0.042187 0.005209 0.016493
v 0.042573 0.004417 0.016493
v 0.042895 0.003593 0.016493
v 0.043151 0.002745 0.016493
v 0.043338 0.001877 0.016493
v 0.043454 0.000996 0.016493
v 0.043499 0.000109 0.016493
v 0.043471 -0.000780 0.016493
v 0.043371 -0.001662 0.016493
v 0.043201 -0.002533 0.016493
v 0.042962 -0.003387 0.016493
v 0.042657 -0.004218 0.016493
v 0.042287 -0.005019 0.016493
v 0.041855 -0.005785 0.016493
v 0.041364 -0.006511 0.016493
v 0.040819 -0.007193 0.016493
v 0.040225 -0.007828 0.016493
v 0.039587 -0.008410 0.016493
v 0.038908 -0.008938 0.016493
v 0.038055 -0.009491 0.016493
v 0.037162 -0.009961 0.016493
v 0.036239 -0.010344 0.016493
v 0.035294 -0.010638 0.016493
v 0.034597 -0.010797 0.016493
v 0.033897 -0.010910 0.016493
v 0.028764 -0.010250 0.020771
v 0.026846 -0.010250 0.020771
v 0.024898 -0.010250 0.020771
v 0.022921 -0.010250 0.020771
v 0.020919 -0.010250 0.020771
v 0.016848 -0.010250 0.020771
v 0.012701 -0.010250 0.020771
v 0.008498 -0.010250 0.020771
v 0.000000 -0.010250 0.020771
v -0.008498 -0.010250 0.020771
v -0.012701 -0.010250 0.020771
v -0.016848 -0.010250 0.020771
v -0.020919 -0.010250 0.020771
v -0.022921 -0.010250 0.020771
v -0.024898 -0.010250 0.020771
v -0.026846 -0.010250 0.020771
v -0.028764 -0.010250 0.020771
v -0.030650 -0.010250 0.020771
v -0.032500 -0.010250 0.020771
v -0.033470 -0.010203 0.020771
v -0.034438 -0.010062 0.020771
v -0.035394 -0.009829 0.020771
v -0.036328 -0.009505 0.020771
v -0.037232 -0.009090 0.020771
v -0.038096 -0.008586 0.020771
v -0.038509 -0.008301 0.020771
v -0.038908 -0.007996 0.020771
v -0.039663 -0.007326 0.020771
v -0.040015 -0.006963 0.020771
v -0.040350 -0.006583 0.020771
v -0.040667 -0.006186 0.020771
v -0.040964 -0.005775 0.020771
v -0.041241 -0.005348 0.020771
v -0.041497 -0.004907 0.020771
v -0.041731 -0.004454 0.020771
v -0.041941 -0.003989 0.020771
v -0.042128 -0.003513 0.020771
v -0.042291 -0.003028 0.020771
v -0.042430 -0.002536 0.020771
v -0.042545 -0.002037 0.020771
v -0.042634 -0.001532 0.020771
v -0.042698 -0.001024 0.020771
v -0.042737 -0.000513 0.020771
v -0.042750 -0.000000 0.020771
v -0.042736 0.000512 0.020771
v -0.042697 0.001023 0.020771
v -0.042633 0.001532 0.020771
v -0.042543 0.002036 0.020771
v -0.042429 0.002535 0.020771
v -0.042290 0.003028 0.020771
v -0.042127 0.003513 0.020771
v -0.041940 0.003989 0.020771
v -0.041730 0.004454 0.020771
v -0.041498 0.004908 0.020771
v -0.041242 0.005349 0.020771
v -0.040966 0.005776 0.020771
v -0.040669 0.006189 0.020771
v -0.040352 0.006585 0.020771
v -0.040017 0.006966 0.020771
v -0.039665 0.007328 0.020771
v -0.039295 0.007672 0.020771
v -0.038909 0.007997 0.020771
v -0.038096 0.008586 0.020771
v -0.037232 0.009090 0.020771
v -0.036328 0.009507 0.020771
v -0.035394 0.009832 0.020771
v -0.034438 0.010064 0.020771
v -0.033470 0.010203 0.020771
v -0.032500 0.010250 0.020771
v -0.030025 0.010250 0.020771
v -0.027489 0.010250 0.020771
v -0.024898 0.010250 0.020771
v -0.022257 0.010250 0.020771
v -0.019572 0.010250 0.020771
v -0.016848 0.010250 0.020771
v -0.014090 0.010250 0.020771
v 0.011305 0.010250 0.020771
v 0.014090 0.010250 0.020771
v 0.016848 0.010250 0.020771
v 0.019572 0.010250 0.020771
v 0.022257 0.010250 0.020771
v 0.024898 0.010250 0.020771
v 0.027489 0.010250 0.020771
v 0.030025 0.010250 0.020771
v 0.032500 0.010250 0.020771
v 0.033271 0.010220 0.020771
v 0.034042 0.010131 0.020771
v 0.034808 0.009983 0.020771
v 0.035564 0.009777 0.020771
v 0.036306 0.009514 0.020771
v 0.037028 0.009193 0.020771
v 0.037727 0.008816 0.020771
v 0.038396 0.008382 0.020771
v 0.039030 0.007896 0.020771
v 0.039627 0.007360 0.020771
v 0.040183 0.006778 0.020771
v 0.040693 0.006153 0.020771
v 0.041153 0.005489 0.020771
v 0.041561 0.004789 0.020771
v 0.041912 0.004057 0.020771
v 0.042204 0.003299 0.020771
v 0.042435 0.002519 0.020771
v 0.042604 0.001722 0.020771
v 0.042709 0.000914 0.020771
v 0.042749 0.000100 0.020771
v 0.042724 -0.000715 0.020771
v 0.042634 -0.001525 0.020771
v 0.042480 -0.002325 0.020771
v 0.042264 -0.003109 0.020771
v 0.041988 -0.003874 0.020771
v 0.041652 -0.004613 0.020771
v 0.041259 -0.005322 0.020771
v 0.040812 -0.005996 0.020771
v 0.040314 -0.006631 0.020771
v 0.039769 -0.007224 0.020771
v 0.039181 -0.007771 0.020771
v 0.038554 -0.008269 0.020771
v 0.037762 -0.008794 0.020771
v 0.036929 -0.009242 0.020771
v 0.036063 -0.009610 0.020771
v 0.035171 -0.009894 0.020771
v 0.034509 -0.010050 0.020771
v 0.033841 -0.010161 0.020771
v 0.032500 -0.012500 0.000000
v 0.000000 -0.012500 0.000000
v -0.032500 -0.012500 0.000000
v -0.033725 -0.012438 0.000000
v -0.034937 -0.012256 0.000000
v -0.036127 -0.011956 0.000000
v -0.037282 -0.011544 0.000000
v -0.038391 -0.011021 0.000000
v -0.039444 -0.010393 0.000000
v -0.039946 -0.010040 0.000000
v -0.040430 -0.009662 0.000000
v -0.041337 -0.008837 0.000000
v -0.042158 -0.007927 0.000000
v -0.042888 -0.006941 0.000000
v -0.043520 -0.005890 0.000000
v -0.044046 -0.004782 0.000000
v -0.044461 -0.003628 0.000000
v -0.044760 -0.002439 0.000000
v -0.044939 -0.001225 0.000000
v -0.044999 0.000000 0.000000
v -0.044939 0.001225 0.000000
v -0.044760 0.002439 0.000000
v -0.044461 0.003628 0.000000
v -0.044046 0.004782 0.000000
v -0.043520 0.005890 0.000000
v -0.042890 0.006943 0.000000
v -0.042161 0.007929 0.000000
v -0.041339 0.008839 0.000000
v -0.040430 0.009662 0.000000
v -0.039444 0.010393 0.000000
v -0.038392 0.011024 0.000000
v -0.037284 0.011548 0.000000
v -0.036128 0.011961 0.000000
v -0.034938 0.012259 0.000000
v -0.033725 0.012439 0.000000
v -0.032500 0.012500 0.000000
v 0.000000 0.012500 0.000000
v 0.032500 0.012500 0.000000
v 0.033725 0.012438 0.000000
v 0.034937 0.012256 0.000000
v 0.036127 0.011956 0.000000
v 0.037282 0.011544 0.000000
v 0.038391 0.011021 0.000000
v 0.039444 0.010393 0.000000
v 0.039946 0.010040 0.000000
v 0.040430 0.009662 0.000000
v 0.041337 0.008837 0.000000
v 0.042158 0.007927 0.000000
v 0.042888 0.006941 0.000000
v 0.043520 0.005890 0.000000
v 0.044046 0.004782 0.000000
v 0.044461 0.003628 0.000000
v 0.044760 0.002439 0.000000
v 0.044939 0.001225 0.000000
v 0.044999 -0.000000 0.000000
v 0.044939 -0.001225 0.000000
v 0.044760 -0.002439 0.000000
v 0.044461 -0.003628 0.000000
v 0.044046 -0.004782 0.000000
v 0.043520 -0.005890 0.000000
v 0.042890 -0.006943 0.000000
v 0.042161 -0.007929 0.000000
v 0.041339 -0.008839 0.000000
v 0.040430 -0.009662 0.000000
v 0.039444 -0.010393 0.000000
v 0.038392 -0.011024 0.000000
v 0.037284 -0.011548 0.000000
v 0.036128 -0.011961 0.000000
v 0.034938 -0.012259 0.000000
v 0.033725 -0.012439 0.000000
v 0.033348 -0.012471 0.000992
v 0.033348 -0.012471 0.003968
v 0.016250 -0.012500 0.001488
v 0.016250 -0.012500 0.003968
v 0.016250 -0.012500 0.000496
v 0.000000 -0.012500 0.000496
v -0.016250 -0.012500 0.000496
v -0.032500 -0.012500 0.000496
v -0.033725 -0.012438 0.000496
v -0.034937 -0.012256 0.000496
v -0.036127 -0.011956 0.000496
v -0.037282 -0.011544 0.000496
v -0.038391 -0.011021 0.000496
v -0.039444 -0.010393 0.000496
v -0.039946 -0.010040 0.000496
v -0.040430 -0.009662 0.000496
v -0.041337 -0.008837 0.000496
v -0.042158 -0.007927 0.000496
v -0.042888 -0.006941 0.000496
v -0.043520 -0.005890 0.000496
v -0.044046 -0.004782 0.000496
v -0.044461 -0.003628 0.000496
v -0.044760 -0.002439 0.000496
v -0.044939 -0.001225 0.000496
v -0.044999 0.000000 0.000496
v -0.044939 0.001225 0.000496
v -0.044760 0.002439 0.000496
v -0.044461 0.003628 0.000496
v -0.044046 0.004782 0.000496
v -0.043520 0.005890 0.000496
v -0.042890 0.006943 0.000496
v -0.042161 0.007929 0.000496
v -0.041339 0.008839 0.000496
v -0.040430 0.009662 0.000496
v -0.039444 0.010393 0.000496
v -0.038392 0.011024 0.000496
v -0.037284 0.011548 0.000496
v -0.036128 0.011961 0.000496
v -0.034938 0.012259 0.000496
v -0.033725 0.012439 0.000496
v -0.032500 0.012500 0.000496
v -0.021667 0.012500 0.000496
v -0.010833 0.012500 0.000496
v 0.003611 0.012500 0.000496
v 0.003611 0.012500 0.000992
v 0.018056 0.012500 0.000496
v 0.032500 0.012500 0.000496
v 0.033619 0.012449 0.000496
v 0.034729 0.012296 0.000496
v 0.035821 0.012045 0.000496
v 0.036887 0.011699 0.000496
v 0.037918 0.011260 0.000496
v 0.038906 0.010732 0.000496
v 0.039842 0.010116 0.000496
v 0.040718 0.009417 0.000496
v 0.041527 0.008642 0.000496
v 0.042263 0.007797 0.000496
v 0.042922 0.006891 0.000496
v 0.043498 0.005930 0.000496
v 0.043987 0.004922 0.000496
v 0.044384 0.003874 0.000496
v 0.044684 0.002794 0.000496
v 0.044884 0.001692 0.000496
v 0.044985 0.000576 0.000496
v 0.044987 -0.000545 0.000496
v 0.044889 -0.001662 0.000496
v 0.044690 -0.002764 0.000496
v 0.044392 -0.003845 0.000496
v 0.043998 -0.004894 0.000496
v 0.043513 -0.005904 0.000496
v 0.042940 -0.006867 0.000496
v 0.042285 -0.007775 0.000496
v 0.041550 -0.008622 0.000496
v 0.040742 -0.009398 0.000496
v 0.039867 -0.010098 0.000496
v 0.038933 -0.010717 0.000496
v 0.037947 -0.011251 0.000496
v 0.036917 -0.011693 0.000496
v 0.035852 -0.012041 0.000496
v 0.035028 -0.012241 0.000496
v 0.034192 -0.012384 0.000496
v 0.033348 -0.012471 0.000496
v 0.033348 -0.012471 0.005951
v 0.034192 -0.012384 0.005951
v 0.035028 -0.012241 0.005951
v 0.035852 -0.012041 0.005951
v 0.036917 -0.011693 0.005951
v 0.037947 -0.011251 0.005951
v 0.038933 -0.010717 0.005951
v 0.039867 -0.010098 0.005951
v 0.040742 -0.009398 0.005951
v 0.041550 -0.008622 0.005951
v 0.042285 -0.007775 0.005951
v 0.042940 -0.006867 0.005951
v 0.043513 -0.005904 0.005951
v 0.043998 -0.004894 0.005951
v 0.044392 -0.003845 0.005951
v 0.044690 -0.002764 0.005951
v 0.044889 -0.001662 0.005951
v 0.044987 -0.000545 0.005951
v 0.044985 0.000576 0.005951
v 0.044884 0.001692 0.005951
v 0.044684 0.002794 0.005951
v 0.044384 0.003874 0.005951
v 0.043987 0.004922 0.005951
v 0.043498 0.005930 0.005951
v 0.042922 0.006891 0.005951
v 0.042263 0.007797 0.005951
v 0.041527 0.008642 0.005951
v 0.040718 0.009417 0.005951
v 0.039842 0.010116 0.005951
v 0.038906 0.010732 0.005951
v 0.037918 0.011260 0.005951
v 0.036887 0.011699 0.005951
v 0.035821 0.012045 0.005951
v 0.034729 0.012296 0.005951
v 0.033619 0.012449 0.005951
v 0.032500 0.012500 0.005951
v 0.018056 0.012500 0.005951
v 0.003611 0.012500 0.005951
v -0.010833 0.012500 0.005951
v -0.021667 0.012500 0.005951
v -0.032500 0.012500 0.005951
v -0.033725 0.012439 0.005951
v -0.034938 0.012259 0.005951
v -0.036128 0.011961 0.005951
v -0.037284 0.011548 0.005951
v -0.038392 0.011024 0.005951
v -0.039444 0.010393 0.005951
v -0.040430 0.009662 0.005951
v -0.041339 0.008839 0.005951
v -0.042161 0.007929 0.005951
v -0.042890 0.006943 0.005951
v -0.043520 0.005890 0.005951
v -0.044046 0.004782 0.005951
v -0.044461 0.003628 0.005951
v -0.044760 0.002439 0.005951
v -0.044939 0.001225 0.005951
v -0.044999 0.000000 0.005951
v -0.044939 -0.001225 0.005951
v -0.044760 -0.002439 0.005951
v -0.044461 -0.003628 0.005951
v -0.044046 -0.004782 0.005951
v -0.043520 -0.005890 0.005951
v -0.042888 -0.006941 0.005951
v -0.042158 -0.007927 0.005951
v -0.041337 -0.008837 0.005951
v -0.040430 -0.009662 0.005951
v -0.039946 -0.010040 0.005951
v -0.039444 -0.010393 0.005951
v -0.038391 -0.011021 0.005951
v -0.037282 -0.011544 0.005951
v -0.036127 -0.011956 0.005951
v -0.034937 -0.012256 0.005951
v -0.033725 -0.012438 0.005951
v -0.032500 -0.012500 0.005951
v -0.016250 -0.012500 0.005951
v -0.000000 -0.012500 0.005951
v 0.016250 -0.012500 0.005951
v 0.016250 -0.012500 0.000992
v 0.000000 -0.012500 0.000992
v -0.016250 -0.012500 0.000992
v -0.032500 -0.012500 0.000992
v -0.033725 -0.012438 0.000992
v -0.034937 -0.012256 0.000992
v -0.036127 -0.011956 0.000992
v -0.037282 -0.011544 0.000992
v -0.038391 -0.011021 0.000992
v -0.039444 -0.010393 0.000992
v -0.039946 -0.010040 0.000992
v -0.040430 -0.009662 0.000992
v -0.041337 -0.008837 0.000992
v -0.042158 -0.007927 0.000992
v -0.042888 -0.006941 0.000992
v -0.043520 -0.005890 0.000992
v -0.044046 -0.004782 0.000992
v -0.044461 -0.003628 0.000992
v -0.044760 -0.002439 0.000992
v -0.044939 -0.001225 0.000992
v -0.044999 0.000000 0.000992
v -0.044939 0.001225 0.000992
v -0.044760 0.002439 0.000992
v -0.044461 0.003628 0.000992
v -0.044046 0.004782 0.000992
v -0.043520 0.005890 0.000992
v -0.042890 0.006943 0.000992
v -0.042161 0.007929 0.000992
v -0.041339 0.008839 0.000992
v -0.040430 0.009662 0.000992
v -0.039444 0.010393 0.000992
v -0.038392 0.011024 0.000992
v -0.037284 0.011548 0.000992
v -0.036128 0.011961 0.000992
v -0.034938 0.012259 0.000992
v -0.033725 0.012439 0.000992
v -0.032500 0.012500 0.000992
v -0.021667 0.012500 0.000992
v -0.010833 0.012500 0.000992
v 0.003611 0.012500 0.001488
v 0.018056 0.012500 0.000992
v 0.032500 0.012500 0.000992
v 0.033619 0.012449 0.000992
v 0.034729 0.012296 0.000992
v 0.035821 0.012045 0.000992
v 0.036887 0.011699 0.000992
v 0.037918 0.011260 0.000992
v 0.038906 0.010732 0.000992
v 0.039842 0.010116 0.000992
v 0.040718 0.009417 0.000992
v 0.041527 0.008642 0.000992
v 0.042263 0.007797 0.000992
v 0.042922 0.006891 0.000992
v 0.043498 0.005930 0.000992
v 0.043987 0.004922 0.000992
v 0.044384 0.003874 0.000992
v 0.044684 0.002794 0.000992
v 0.044884 0.001692 0.000992
v 0.044985 0.000576 0.000992
v 0.044987 -0.000545 0.000992
v 0.044889 -0.001662 0.000992
v 0.044690 -0.002764 0.000992
v 0.044392 -0.003845 0.000992
v 0.043998 -0.004894 0.000992
v 0.043513 -0.005904 0.000992
v 0.042940 -0.006867 0.000992
v 0.042285 -0.007775 0.000992
v 0.041550 -0.008622 0.000992
v 0.040742 -0.009398 0.000992
v 0.039867 -0.010098 0.000992
v 0.038933 -0.010717 0.000992
v 0.037947 -0.011251 0.000992
v 0.036917 -0.011693 0.000992
v 0.035852 -0.012041 0.000992
v 0.035028 -0.012241 0.000992
v 0.034192 -0.012384 0.000992
v 0.033348 -0.012471 0.001984
v 0.000000 -0.012500 0.001488
v -0.016250 -0.012500 0.001488
v -0.032500 -0.012500 0.001488
v -0.033725 -0.012438 0.001488
v -0.034937 -0.012256 0.001488
v -0.036127 -0.011956 0.001488
v -0.037282 -0.011544 0.001488
v -0.038391 -0.011021 0.001488
v -0.039444 -0.010393 0.001488
v -0.039946 -0.010040 0.001488
v -0.040430 -0.009662 0.001488
v -0.041337 -0.008837 0.001488
v -0.042158 -0.007927 0.001488
v -0.042888 -0.006941 0.001488
v -0.043520 -0.005890 0.001488
v -0.044046 -0.004782 0.001488
v -0.044461 -0.003628 0.001488
v -0.044760 -0.002439 0.001488
v -0.044939 -0.001225 0.001488
v -0.044999 0.000000 0.001488
v -0.044939 0.001225 0.001488
v -0.044760 0.002439 0.001488
v -0.044461 0.003628 0.001488
v -0.044046 0.004782 0.001488
v -0.043520 0.005890 0.001488
v -0.042890 0.006943 0.001488
v -0.042161 0.007929 0.001488
v -0.041339 0.008839 0.001488
v -0.040430 0.009662 0.001488
v -0.039444 0.010393 0.001488
v -0.038392 0.011024 0.001488
v -0.037284 0.011548 0.001488
v -0.036128 0.011961 0.001488
v -0.034938 0.012259 0.001488
v -0.033725 0.012439 0.001488
v -0.032500 0.012500 0.001488
v -0.021667 0.012500 0.001488
v -0.010833 0.012500 0.001488
v 0.003611 0.012500 0.001984
v 0.018056 0.012500 0.001488
v 0.032500 0.012500 0.001488
v 0.033619 0.012449 0.001488
v 0.034729 0.012296 0.001488
v 0.035821 0.012045 0.001488
v 0.036887 0.011699 0.001488
v 0.037918 0.011260 0.001488
v 0.038906 0.010732 0.001488
v 0.039842 0.010116 0.001488
v 0.040718 0.009417 0.001488
v 0.041527 0.008642 0.001488
v 0.042263 0.007797 0.001488
v 0.042922 0.006891 0.001488
v 0.043498 0.005930 0.001488
v 0.043987 0.004922 0.001488
v 0.044384 0.003874 0.001488
v 0.044684 0.002794 0.001488
v 0.044884 0.001692 0.001488
v 0.044985 0.000576 0.001488
v 0.044987 -0.000545 0.001488
v 0.044889 -0.001662 0.001488
v 0.044690 -0.002764 0.001488
v 0.044392 -0.003845 0.001488
v 0.043998 -0.004894 0.001488
v 0.043513 -0.005904 0.001488
v 0.042940 -0.006867 0.001488
v 0.042285 -0.007775 0.001488
v 0.041550 -0.008622 0.001488
v 0.040742 -0.009398 0.001488
v 0.039867 -0.010098 0.001488
v 0.038933 -0.010717 0.001488
v 0.037947 -0.011251 0.001488
v 0.036917 -0.011693 0.001488
v 0.035852 -0.012041 0.001488
v 0.035028 -0.012241 0.001488
v 0.034192 -0.012384 0.001488
v 0.033348 -0.012471 0.001488
v 0.016250 -0.012500 0.001984
v 0.000000 -0.012500 0.001984
v -0.016250 -0.012500 0.001984
v -0.032500 -0.012500 0.001984
v -0.033725 -0.012438 0.001984
v -0.034937 -0.012256 0.001984
v -0.036127 -0.011956 0.001984
v -0.037282 -0.011544 0.001984
v -0.038391 -0.011021 0.001984
v -0.039444 -0.010393 0.001984
v -0.039946 -0.010040 0.001984
v -0.040430 -0.009662 0.001984
v -0.041337 -0.008837 0.001984
v -0.042158 -0.007927 0.001984
v -0.042888 -0.006941 0.001984
v -0.043520 -0.005890 0.001984
v -0.044046 -0.004782 0.001984
v -0.044461 -0.003628 0.001984
v -0.044760 -0.002439 0.001984
v -0.044939 -0.001225 0.001984
v -0.044999 0.000000 0.001984
v -0.044939 0.001225 0.001984
v -0.044760 0.002439 0.001984
v -0.044461 0.003628 0.001984
v -0.044046 0.004782 0.001984
v -0.043520 0.005890 0.001984
v -0.042890 0.006943 0.001984
v -0.042161 0.007929 0.001984
v -0.041339 0.008839 0.001984
v -0.040430 0.009662 0.001984
v -0.039444 0.010393 0.001984
v -0.038392 0.011024 0.001984
v -0.037284 0.011548 0.001984
v -0.036128 0.011961 0.001984
v -0.034938 0.012259 0.001984
v -0.033725 0.012439 0.001984
v -0.032500 0.012500 0.001984
v -0.021667 0.012500 0.001984
v -0.010833 0.012500 0.001984
v 0.018056 0.012500 0.001984
v 0.032500 0.012500 0.001984
v 0.033619 0.012449 0.001984
v 0.034729 0.012296 0.001984
v 0.035821 0.012045 0.001984
v 0.036887 0.011699 0.001984
v 0.037918 0.011260 0.001984
v 0.038906 0.010732 0.001984
v 0.039842 0.010116 0.001984
v 0.040718 0.009417 0.001984
v 0.041527 0.008642 0.001984
v 0.042263 0.007797 0.001984
v 0.042922 0.006891 0.001984
v 0.043498 0.005930 0.001984
v 0.043987 0.004922 0.001984
v 0.044384 0.003874 0.001984
v 0.044684 0.002794 0.001984
v 0.044884 0.001692 0.001984
v 0.044985 0.000576 0.001984
v 0.044987 -0.000545 0.001984
v 0.044889 -0.001662 0.001984
v 0.044690 -0.002764 0.001984
v 0.044392 -0.003845 0.001984
v 0.043998 -0.004894 0.001984
v 0.043513 -0.005904 0.001984
v 0.042940 -0.006867 0.001984
v 0.042285 -0.007775 0.001984
v 0.041550 -0.008622 0.001984
v 0.040742 -0.009398 0.001984
v 0.039867 -0.010098 0.001984
v 0.038933 -0.010717 0.001984
v 0.037947 -0.011251 0.001984
v 0.036917 -0.011693 0.001984
v 0.035852 -0.012041 0.001984
v 0.035028 -0.012241 0.001984
v 0.034192 -0.012384 0.001984
v 0.016250 -0.012500 0.002976
v 0.000000 -0.012500 0.002976
v -0.016250 -0.012500 0.002976
v -0.032500 -0.012500 0.002976
v -0.033725 -0.012438 0.002976
v -0.034937 -0.012256 0.002976
v -0.036127 -0.011956 0.002976
v -0.037282 -0.011544 0.002976
v -0.038391 -0.011021 0.002976
v -0.039444 -0.010393 0.002976
v -0.039946 -0.010040 0.002976
v -0.040430 -0.009662 0.002976
v -0.041337 -0.008837 0.002976
v -0.042158 -0.007927 0.002976
v -0.042888 -0.006941 0.002976
v -0.043520 -0.005890 0.002976
v -0.044046 -0.004782 0.002976
v -0.044461 -0.003628 0.002976
v -0.044760 -0.002439 0.002976
v -0.044939 -0.001225 0.002976
v -0.044999 0.000000 0.002976
v -0.044939 0.001225 0.002976
v -0.044760 0.002439 0.002976
v -0.044461 0.003628 0.002976
v -0.044046 0.004782 0.002976
v -0.043520 0.005890 0.002976
v -0.042890 0.006943 0.002976
v -0.042161 0.007929 0.002976
v -0.041339 0.008839 0.002976
v -0.040430 0.009662 0.002976
v -0.039444 0.010393 0.002976
v -0.038392 0.011024 0.002976
v -0.037284 0.011548 0.002976
v -0.036128 0.011961 0.002976
v -0.034938 0.012259 0.002976
v -0.033725 0.012439 0.002976
v -0.032500 0.012500 0.002976
v -0.021667 0.012500 0.002976
v -0.010833 0.012500 0.002976
v 0.003611 0.012500 0.002976
v 0.018056 0.012500 0.002976
v 0.032500 0.012500 0.002976
v 0.033619 0.012449 0.002976
v 0.034729 0.012296 0.002976
v 0.035821 0.012045 0.002976
v 0.036887 0.011699 0.002976
v 0.037918 0.011260 0.002976
v 0.038906 0.010732 0.002976
v 0.039842 0.010116 0.002976
v 0.040718 0.009417 0.002976
v 0.041527 0.008642 0.002976
v 0.042263 0.007797 0.002976
v 0.042922 0.006891 0.002976
v 0.043498 0.005930 0.002976
v 0.043987 0.004922 0.002976
v 0.044384 0.003874 0.002976
v 0.044684 0.002794 0.002976
v 0.044884 0.001692 0.002976
v 0.044985 0.000576 0.002976
v 0.044987 -0.000545 0.002976
v 0.044889 -0.001662 0.002976
v 0.044690 -0.002764 0.002976
v 0.044392 -0.003845 0.002976
v 0.043998 -0.004894 0.002976
v 0.043513 -0.005904 0.002976
v 0.042940 -0.006867 0.002976
v 0.042285 -0.007775 0.002976
v 0.041550 -0.008622 0.002976
v 0.040742 -0.009398 0.002976
v 0.039867 -0.010098 0.002976
v 0.038933 -0.010717 0.002976
v 0.037947 -0.011251 0.002976
v 0.036917 -0.011693 0.002976
v 0.035852 -0.012041 0.002976
v 0.035028 -0.012241 0.002976
v 0.034192 -0.012384 0.002976
v 0.033348 -0.012471 0.002976
v 0.000000 -0.012500 0.003968
v -0.016250 -0.012500 0.003968
v -0.032500 -0.012500 0.003968
v -0.033725 -0.012438 0.003968
v -0.034937 -0.012256 0.003968
v -0.036127 -0.011956 0.003968
v -0.037282 -0.011544 0.003968
v -0.038391 -0.011021 0.003968
v -0.039444 -0.010393 0.003968
v -0.039946 -0.010040 0.003968
v -0.040430 -0.009662 0.003968
v -0.041337 -0.008837 0.003968
v -0.042158 -0.007927 0.003968
v -0.042888 -0.006941 0.003968
v -0.043520 -0.005890 0.003968
v -0.044046 -0.004782 0.003968
v -0.044461 -0.003628 0.003968
v -0.044760 -0.002439 0.003968
v -0.044939 -0.001225 0.003968
v -0.044999 0.000000 0.003968
v -0.044939 0.001225 0.003968
v -0.044760 0.002439 0.003968
v -0.044461 0.003628 0.003968
v -0.044046 0.004782 0.003968
v -0.043520 0.005890 0.003968
v -0.042890 0.006943 0.003968
v -0.042161 0.007929 0.003968
v -0.041339 0.008839 0.003968
v -0.040430 0.009662 0.003968
v -0.039444 0.010393 0.003968
v -0.038392 0.011024 0.003968
v -0.037284 0.011548 0.003968
v -0.036128 0.011961 0.003968
v -0.034938 0.012259 0.003968
v -0.033725 0.012439 0.003968
v -0.032500 0.012500 0.003968
v -0.021667 0.012500 0.003968
v -0.010833 0.012500 0.003968
v 0.003611 0.012500 0.003968
v 0.018056 0.012500 0.003968
v 0.032500 0.012500 0.003968
v 0.033619 0.012449 0.003968
v 0.034729 0.012296 0.003968
v 0.035821 0.012045 0.003968
v 0.036887 0.011699 0.003968
v 0.037918 0.011260 0.003968
v 0.038906 0.010732 0.003968
v 0.039842 0.010116 0.003968
v 0.040718 0.009417 0.003968
v 0.041527 0.008642 0.003968
v 0.042263 0.007797 0.003968
v 0.042922 0.006891 0.003968
v 0.043498 0.005930 0.003968
v 0.043987 0.004922 0.003968
v 0.044384 0.003874 0.003968
v 0.044684 0.002794 0.003968
v 0.044884 0.001692 0.003968
v 0.044985 0.000576 0.003968
v 0.044987 -0.000545 0.003968
v 0.044889 -0.001662 0.003968
v 0.044690 -0.002764 0.003968
v 0.044392 -0.003845 0.003968
v 0.043998 -0.004894 0.003968
v 0.043513 -0.005904 0.003968
v 0.042940 -0.006867 0.003968
v 0.042285 -0.007775 0.003968
v 0.041550 -0.008622 0.003968
v 0.040742 -0.009398 0.003968
v 0.039867 -0.010098 0.003968
v 0.038933 -0.010717 0.003968
v 0.037947 -0.011251 0.003968
v 0.036917 -0.011693 0.003968
v 0.035852 -0.012041 0.003968
v 0.035028 -0.012241 0.003968
v 0.034192 -0.012384 0.003968
vt 2.954545 -0.863636 0.000000
vt 3.047655 -0.859026 0.000000
vt 2.775542 -0.863636 0.000000
vt 2.591869 -0.863636 0.000000
vt 2.403839 -0.863636 0.000000
vt 2.211763 -0.863636 0.000000
vt 2.015953 -0.863636 0.000000
vt 1.816718 -0.863636 0.000000
vt 1.409223 -0.863636 0.000000
vt 0.991768 -0.863636 0.000000
vt 0.566844 -0.863636 0.000000
vt -0.295455 -0.863636 0.000000
vt -1.157753 -0.863636 0.000000
vt -1.582678 -0.863636 0.000000
vt -2.000132 -0.863636 0.000000
vt 3.626295 -0.585387 0.000000
vt 3.688889 -0.516297 0.000000
vt 3.139868 -0.845316 0.000000
vt 3.230306 -0.822687 0.000000
vt 3.318094 -0.791321 0.000000
vt 3.402361 -0.751445 0.000000
vt 3.482316 -0.703500 0.000000
vt 3.557209 -0.647982 0.000000
vt 3.744430 -0.441419 0.000000
vt 3.792370 -0.361463 0.000000
vt 3.832152 -0.277164 0.000000
vt 3.863468 -0.189364 0.000000
vt 3.886109 -0.098930 0.000000
vt -4.477145 -0.098960 0.000000
vt -4.490861 -0.006749 0.000000
vt 3.899868 -0.006731 0.000000
vt -4.495446 0.086362 0.000000
vt 3.904537 0.086365 0.000000
vt -0.295455 1.036364 0.000000
vt 3.899952 0.179476 0.000000
vt 0.566844 1.036364 0.000000
vt 3.886236 0.271687 0.000000
vt 3.863593 0.362123 0.000000
vt 0.991768 1.036364 0.000000
vt 3.832226 0.449912 0.000000
vt 3.792335 0.534162 0.000000
vt 1.409223 1.036364 0.000000
vt 3.744300 0.614039 0.000000
vt 1.816718 1.036364 0.000000
vt 3.688698 0.688859 0.000000
vt 2.015953 1.036364 0.000000
vt 3.626113 0.757951 0.000000
vt 2.211763 1.036364 0.000000
vt 3.557130 0.820641 0.000000
vt 2.403839 1.036364 0.000000
vt 3.482333 0.876255 0.000000
vt 2.591869 1.036364 0.000000
vt 3.402355 0.924138 0.000000
vt 2.775542 1.036364 0.000000
vt 3.318040 0.963875 0.000000
vt 3.230245 0.995215 0.000000
vt 3.139827 1.017910 0.000000
vt 2.954545 1.036364 0.000000
vt 3.047641 1.031709 0.000000
vt -4.490778 0.179458 0.000000
vt -1.157753 1.036364 0.000000
vt -4.477019 0.271657 0.000000
vt -4.454377 0.362091 0.000000
vt -1.582678 1.036364 0.000000
vt -4.423061 0.449891 0.000000
vt -4.383279 0.534190 0.000000
vt -2.000132 1.036364 0.000000
vt -4.335339 0.614146 0.000000
vt -2.407627 1.036364 0.000000
vt -4.279798 0.689025 0.000000
vt -2.606862 1.036364 0.000000
vt -4.217205 0.758114 0.000000
vt -2.802673 1.036364 0.000000
vt -4.148118 0.820709 0.000000
vt -2.994748 1.036364 0.000000
vt -4.073225 0.876227 0.000000
vt -3.182778 1.036364 0.000000
vt -3.993271 0.924172 0.000000
vt -3.366451 1.036364 0.000000
vt -3.909004 0.964048 0.000000
vt -3.821215 0.995415 0.000000
vt -3.730777 1.018043 0.000000
vt -3.545455 1.036364 0.000000
vt -3.638564 1.031753 0.000000
vt -4.454503 -0.189396 0.000000
vt -2.407627 -0.863636 0.000000
vt -4.423135 -0.277184 0.000000
vt -4.383244 -0.361435 0.000000
vt -4.335209 -0.441311 0.000000
vt -4.279607 -0.516132 0.000000
vt -2.606862 -0.863636 0.000000
vt -4.217022 -0.585224 0.000000
vt -2.802673 -0.863636 0.000000
vt -4.148039 -0.647914 0.000000
vt -2.994748 -0.863636 0.000000
vt -4.073242 -0.703528 0.000000
vt -3.182778 -0.863636 0.000000
vt -3.993264 -0.751411 0.000000
vt -3.366451 -0.863636 0.000000
vt -3.908949 -0.791148 0.000000
vt -3.821154 -0.822488 0.000000
vt -3.730736 -0.845182 0.000000
vt -3.545455 -0.863636 0.000000
vt -3.638551 -0.858981 0.000000
vt 0.113031 0.000008 0.000000
vt 0.069343 0.054300 0.000000
vt 0.000000 0.000000 0.000000
vt 0.069343 0.108600 0.000000
vt 0.069343 0.162899 0.000000
vt 0.138686 0.108600 0.000000
vt 0.138686 0.162899 0.000000
vt 0.208028 0.108600 0.000000
vt 0.208028 0.162899 0.000000
vt 0.277371 0.108600 0.000000
vt 0.277371 0.162899 0.000000
vt 0.372396 0.108600 0.000000
vt 0.372396 0.162899 0.000000
vt 0.467421 0.108600 0.000000
vt 0.467421 0.162899 0.000000
vt 0.562445 0.108600 0.000000
vt 0.562445 0.162899 0.000000
vt 0.657470 0.108600 0.000000
vt 0.657470 0.162899 0.000000
vt 0.737218 0.108600 0.000000
vt 0.737218 0.162899 0.000000
vt 0.816966 0.108600 0.000000
vt 0.816966 0.162899 0.000000
vt 0.896714 0.108600 0.000000
vt 0.896714 0.162899 0.000000
vt 0.976462 0.108600 0.000000
vt 0.976462 0.162899 0.000000
vt 1.056211 0.108600 0.000000
vt 1.056211 0.162899 0.000000
vt 1.135959 0.108600 0.000000
vt 1.135959 0.162899 0.000000
vt 1.215707 0.108600 0.000000
vt 1.215707 0.162899 0.000000
vt 1.295455 0.108600 0.000000
vt 1.295455 0.162899 0.000000
vt 1.375203 0.108600 0.000000
vt 1.375203 0.162899 0.000000
vt 1.454951 0.108600 0.000000
vt 1.454951 0.162899 0.000000
vt 1.534699 0.108600 0.000000
vt 1.534699 0.162899 0.000000
vt 1.614447 0.108600 0.000000
vt 1.614447 0.162899 0.000000
vt 1.694195 0.108600 0.000000
vt 1.694195 0.162899 0.000000
vt 1.773943 0.108600 0.000000
vt 1.773943 0.162899 0.000000
vt 1.853691 0.108600 0.000000
vt 1.853691 0.162899 0.000000
vt 1.933439 0.108600 0.000000
vt 1.933439 0.162899 0.000000
vt 2.013187 0.108600 0.000000
vt 2.013187 0.162899 0.000000
vt 2.092935 0.108600 0.000000
vt 2.092935 0.162899 0.000000
vt 2.172683 0.108600 0.000000
vt 2.172683 0.162899 0.000000
vt 2.252431 0.108600 0.000000
vt 2.252431 0.162899 0.000000
vt 2.332179 0.108600 0.000000
vt 2.332179 0.162899 0.000000
vt 2.411927 0.108600 0.000000
vt 2.411927 0.162899 0.000000
vt 2.491675 0.108600 0.000000
vt 2.491675 0.162899 0.000000
vt 2.571423 0.108600 0.000000
vt 2.571423 0.162899 0.000000
vt 2.651172 0.108600 0.000000
vt 2.651172 0.162899 0.000000
vt 2.730920 0.108600 0.000000
vt 2.730920 0.162899 0.000000
vt 2.810668 0.108600 0.000000
vt 2.810668 0.162899 0.000000
vt 2.890416 0.108600 0.000000
vt 2.890416 0.162899 0.000000
vt 2.970164 0.108600 0.000000
vt 2.970164 0.162899 0.000000
vt 3.049912 0.108600 0.000000
vt 3.049912 0.162899 0.000000
vt 3.129660 0.108600 0.000000
vt 3.129660 0.162899 0.000000
vt 3.209408 0.108600 0.000000
vt 3.209408 0.162899 0.000000
vt 3.462569 0.108600 0.000000
vt 3.462569 0.162899 0.000000
vt 3.715730 0.108600 0.000000
vt 3.715730 0.162899 0.000000
vt 3.968891 0.108600 0.000000
vt 3.968891 0.162899 0.000000
vt 4.222052 0.108600 0.000000
vt 4.222052 0.162899 0.000000
vt 4.475213 0.108600 0.000000
vt 4.475213 0.162899 0.000000
vt 4.728373 0.108600 0.000000
vt 4.728373 0.162899 0.000000
vt 4.981534 0.108600 0.000000
vt 4.981534 0.162899 0.000000
vt 5.234695 0.108600 0.000000
vt 5.234695 0.162899 0.000000
vt 6.247339 0.108600 0.000000
vt 6.247339 0.162899 0.000000
vt 7.259983 0.108600 0.000000
vt 7.259983 0.162899 0.000000
vt 7.513144 0.108600 0.000000
vt 7.513144 0.162899 0.000000
vt 7.766305 0.108600 0.000000
vt 7.766305 0.162899 0.000000
vt 8.019466 0.108600 0.000000
vt 8.019466 0.162899 0.000000
vt 8.272627 0.108600 0.000000
vt 8.272627 0.162899 0.000000
vt 8.525787 0.108600 0.000000
vt 8.525787 0.162899 0.000000
vt 8.778948 0.108600 0.000000
vt 8.778948 0.162899 0.000000
vt 9.032109 0.108600 0.000000
vt 9.032109 0.162899 0.000000
vt 9.285270 0.108600 0.000000
vt 9.285270 0.162899 0.000000
vt 9.385564 0.108600 0.000000
vt 9.385564 0.162899 0.000000
vt 9.485858 0.108600 0.000000
vt 9.485858 0.162899 0.000000
vt 9.586152 0.108600 0.000000
vt 9.586152 0.162899 0.000000
vt 9.686446 0.108600 0.000000
vt 9.686446 0.162899 0.000000
vt 9.786740 0.108600 0.000000
vt 9.786740 0.162899 0.000000
vt 9.887034 0.108600 0.000000
vt 9.887034 0.162899 0.000000
vt 9.987328 0.108600 0.000000
vt 9.987328 0.162899 0.000000
vt 10.037475 0.108600 0.000000
vt 10.037475 0.162899 0.000000
vt 10.087622 0.108600 0.000000
vt 10.087622 0.162899 0.000000
vt 10.137769 0.108600 0.000000
vt 10.137769 0.162899 0.000000
vt 10.187916 0.108600 0.000000
vt 10.187916 0.162899 0.000000
vt 10.238063 0.108600 0.000000
vt 10.238063 0.162899 0.000000
vt 10.288210 0.108600 0.000000
vt 10.288210 0.162899 0.000000
vt 10.338357 0.108600 0.000000
vt 10.338357 0.162899 0.000000
vt 10.388504 0.108600 0.000000
vt 10.388504 0.162899 0.000000
vt 10.438651 0.108600 0.000000
vt 10.438651 0.162899 0.000000
vt 10.488798 0.108600 0.000000
vt 10.488798 0.162899 0.000000
vt 10.538945 0.108600 0.000000
vt 10.538945 0.162899 0.000000
vt 10.589092 0.108600 0.000000
vt 10.589092 0.162899 0.000000
vt 10.639239 0.108600 0.000000
vt 10.639239 0.162899 0.000000
vt 10.689386 0.108600 0.000000
vt 10.689386 0.162899 0.000000
vt 10.739533 0.108600 0.000000
vt 10.739533 0.162899 0.000000
vt 10.789680 0.108600 0.000000
vt 10.789680 0.162899 0.000000
vt 10.839827 0.108600 0.000000
vt 10.839827 0.162899 0.000000
vt 10.889974 0.108600 0.000000
vt 10.889974 0.162899 0.000000
vt 10.940121 0.108600 0.000000
vt 10.940121 0.162899 0.000000
vt 10.990268 0.108600 0.000000
vt 10.990268 0.162899 0.000000
vt 11.040415 0.108600 0.000000
vt 11.040415 0.162899 0.000000
vt 11.090562 0.108600 0.000000
vt 11.090562 0.162899 0.000000
vt 11.140709 0.108600 0.000000
vt 11.140709 0.162899 0.000000
vt 11.190856 0.108600 0.000000
vt 11.190856 0.162899 0.000000
vt 11.241003 0.108600 0.000000
vt 11.241003 0.162899 0.000000
vt 11.291150 0.108600 0.000000
vt 11.291150 0.162899 0.000000
vt 11.341297 0.108600 0.000000
vt 11.341297 0.162899 0.000000
vt 11.391444 0.108600 0.000000
vt 11.391444 0.162899 0.000000
vt 11.441591 0.108600 0.000000
vt 11.441591 0.162899 0.000000
vt 11.491738 0.108600 0.000000
vt 11.491738 0.162899 0.000000
vt 11.541885 0.108600 0.000000
vt 11.541885 0.162899 0.000000
vt 11.592032 0.108600 0.000000
vt 11.592032 0.162899 0.000000
vt 11.642179 0.108600 0.000000
vt 11.642179 0.162899 0.000000
vt 11.692326 0.108600 0.000000
vt 11.692326 0.162899 0.000000
vt 11.792620 0.108600 0.000000
vt 11.792620 0.162899 0.000000
vt 11.842767 0.108600 0.000000
vt 11.842767 0.162899 0.000000
vt 11.892914 0.108600 0.000000
vt 11.892914 0.162899 0.000000
vt 11.993208 0.108600 0.000000
vt 11.993208 0.162899 0.000000
vt 12.093502 0.108600 0.000000
vt 12.093502 0.162899 0.000000
vt 12.193796 0.108600 0.000000
vt 12.193796 0.162899 0.000000
vt 12.294090 0.108600 0.000000
vt 12.294090 0.162899 0.000000
vt 12.394384 0.108600 0.000000
vt 12.394384 0.162899 0.000000
vt 12.494678 0.108600 0.000000
vt 12.494678 0.162899 0.000000
vt 12.684549 0.108600 0.000000
vt 12.684549 0.162899 0.000000
vt 12.874419 0.108600 0.000000
vt 12.874419 0.162899 0.000000
vt 13.064290 0.108600 0.000000
vt 13.064290 0.162899 0.000000
vt 13.254161 0.108600 0.000000
vt 13.254161 0.162899 0.000000
vt 13.444031 0.108600 0.000000
vt 13.444031 0.162899 0.000000
vt 13.633902 0.108600 0.000000
vt 13.633902 0.162899 0.000000
vt 14.013644 0.108600 0.000000
vt 14.013644 0.162899 0.000000
vt 14.393385 0.108600 0.000000
vt 14.393385 0.162899 0.000000
vt 14.773126 0.108600 0.000000
vt 14.773126 0.162899 0.000000
vt 15.532609 0.108600 0.000000
vt 15.532609 0.162899 0.000000
vt 16.292092 0.108600 0.000000
vt 16.292092 0.162899 0.000000
vt 16.671833 0.108600 0.000000
vt 16.671833 0.162899 0.000000
vt 17.051575 0.108600 0.000000
vt 17.051575 0.162899 0.000000
vt 17.431316 0.108600 0.000000
vt 17.431316 0.162899 0.000000
vt 17.621187 0.108600 0.000000
vt 17.621187 0.162899 0.000000
vt 17.811058 0.108600 0.000000
vt 17.811058 0.162899 0.000000
vt 18.000928 0.108600 0.000000
vt 18.000928 0.162899 0.000000
vt 18.190799 0.108600 0.000000
vt 18.190799 0.162899 0.000000
vt 18.380670 0.108600 0.000000
vt 18.380670 0.162899 0.000000
vt 18.570540 0.000000 0.000000
vt 18.380670 0.217199 0.000000
vt 18.380670 0.325799 0.000000
vt 18.190799 0.325799 0.000000
vt 18.190799 0.434398 0.000000
vt 18.000928 0.434398 0.000000
vt 18.000928 0.651598 0.000000
vt 17.811058 0.651598 0.000000
vt 17.811058 0.868797 0.000000
vt 17.621187 0.868797 0.000000
vt 17.621187 1.303195 0.000000
vt 17.431316 1.303195 0.000000
vt 17.431316 1.520395 0.000000
vt 17.051575 1.520395 0.000000
vt 17.051575 1.737594 0.000000
vt 16.671833 1.737594 0.000000
vt 0.138686 0.054300 0.000000
vt 0.223046 0.000015 0.000000
vt 0.208028 0.054300 0.000000
vt 0.277371 0.054300 0.000000
vt 0.330469 0.000010 0.000000
vt 0.372396 0.054300 0.000000
vt 0.435650 0.000000 0.000000
vt 0.467421 0.054300 0.000000
vt 0.538899 0.000005 0.000000
vt 0.562445 0.054300 0.000000
vt 0.640479 0.000009 0.000000
vt 0.657470 0.054300 0.000000
vt 0.740615 0.000004 0.000000
vt 0.737218 0.054300 0.000000
vt 0.816966 0.054300 0.000000
vt 0.839502 0.000002 0.000000
vt 0.896714 0.054300 0.000000
vt 0.937309 0.000031 0.000000
vt 0.976462 0.054300 0.000000
vt 1.034236 0.000066 0.000000
vt 1.056211 0.054300 0.000000
vt 1.130437 0.000077 0.000000
vt 1.135959 0.054300 0.000000
vt 1.215707 0.054300 0.000000
vt 1.226023 0.000058 0.000000
vt 1.295455 0.054300 0.000000
vt 1.321103 0.000021 0.000000
vt 1.375203 0.054300 0.000000
vt 1.415821 0.000000 0.000000
vt 1.454951 0.054300 0.000000
vt 1.510315 0.000011 0.000000
vt 1.534699 0.054300 0.000000
vt 1.604702 0.000023 0.000000
vt 1.614447 0.054300 0.000000
vt 1.699092 0.000019 0.000000
vt 1.694195 0.054300 0.000000
vt 1.773943 0.054300 0.000000
vt 1.793590 0.000005 0.000000
vt 1.853691 0.054300 0.000000
vt 1.888314 0.000006 0.000000
vt 1.933439 0.054300 0.000000
vt 1.983375 0.000047 0.000000
vt 2.013187 0.054300 0.000000
vt 2.078943 0.000092 0.000000
vt 2.092935 0.054300 0.000000
vt 2.175153 0.000110 0.000000
vt 2.172683 0.054300 0.000000
vt 2.252431 0.054300 0.000000
vt 2.272113 0.000091 0.000000
vt 2.332179 0.054300 0.000000
vt 2.369939 0.000045 0.000000
vt 2.411927 0.054300 0.000000
vt 2.468800 0.000005 0.000000
vt 2.491675 0.054300 0.000000
vt 2.518694 0.000001 0.000000
vt 2.571423 0.054300 0.000000
vt 2.568917 0.000011 0.000000
vt 2.651172 0.054300 0.000000
vt 2.670473 0.000054 0.000000
vt 2.730920 0.054300 0.000000
vt 2.773735 0.000091 0.000000
vt 2.810668 0.054300 0.000000
vt 2.878955 0.000098 0.000000
vt 2.890416 0.054300 0.000000
vt 2.970164 0.054300 0.000000
vt 2.986399 0.000071 0.000000
vt 3.049912 0.054300 0.000000
vt 3.096399 0.000026 0.000000
vt 3.129660 0.054300 0.000000
vt 3.209408 0.000000 0.000000
vt 3.209408 0.054300 0.000000
vt 3.462569 0.054300 0.000000
vt 6.247339 0.000000 0.000000
vt 4.728373 0.054300 0.000000
vt 4.475213 0.054300 0.000000
vt 4.222052 0.054300 0.000000
vt 9.285270 0.000000 0.000000
vt 7.766305 0.054300 0.000000
vt 7.513144 0.054300 0.000000
vt 7.259983 0.054300 0.000000
vt 9.398301 0.000008 0.000000
vt 9.385564 0.054300 0.000000
vt 9.285270 0.054300 0.000000
vt 9.032109 0.054300 0.000000
vt 9.485858 0.054300 0.000000
vt 9.508316 0.000015 0.000000
vt 9.586152 0.054300 0.000000
vt 9.615740 0.000010 0.000000
vt 9.686446 0.054300 0.000000
vt 9.720920 0.000000 0.000000
vt 9.786740 0.054300 0.000000
vt 9.824169 0.000005 0.000000
vt 9.887034 0.054300 0.000000
vt 9.925749 0.000009 0.000000
vt 9.987328 0.054300 0.000000
vt 10.025885 0.000004 0.000000
vt 10.037475 0.054300 0.000000
vt 10.087622 0.054300 0.000000
vt 10.124772 0.000002 0.000000
vt 10.137769 0.054300 0.000000
vt 10.187916 0.054300 0.000000
vt 10.222579 0.000031 0.000000
vt 10.238063 0.054300 0.000000
vt 10.288210 0.054300 0.000000
vt 10.319506 0.000066 0.000000
vt 10.338357 0.054300 0.000000
vt 10.388504 0.054300 0.000000
vt 10.415707 0.000077 0.000000
vt 10.438651 0.054300 0.000000
vt 10.511293 0.000058 0.000000
vt 10.488798 0.054300 0.000000
vt 10.538945 0.054300 0.000000
vt 10.606374 0.000021 0.000000
vt 10.589092 0.054300 0.000000
vt 10.639239 0.054300 0.000000
vt 10.701091 0.000000 0.000000
vt 10.689386 0.054300 0.000000
vt 10.739533 0.054300 0.000000
vt 10.795586 0.000011 0.000000
vt 10.789680 0.054300 0.000000
vt 10.839827 0.054300 0.000000
vt 10.889972 0.000023 0.000000
vt 10.889974 0.054300 0.000000
vt 10.940121 0.054300 0.000000
vt 10.984363 0.000019 0.000000
vt 10.990268 0.054300 0.000000
vt 11.040415 0.054300 0.000000
vt 11.078860 0.000005 0.000000
vt 11.090562 0.054300 0.000000
vt 11.140709 0.054300 0.000000
vt 11.173584 0.000006 0.000000
vt 11.190856 0.054300 0.000000
vt 11.241003 0.054300 0.000000
vt 11.268645 0.000047 0.000000
vt 11.291150 0.054300 0.000000
vt 11.341297 0.054300 0.000000
vt 11.364213 0.000092 0.000000
vt 11.391444 0.054300 0.000000
vt 11.460423 0.000110 0.000000
vt 11.441591 0.054300 0.000000
vt 11.491738 0.054300 0.000000
vt 11.557383 0.000091 0.000000
vt 11.541885 0.054300 0.000000
vt 11.592032 0.054300 0.000000
vt 11.655209 0.000045 0.000000
vt 11.642179 0.054300 0.000000
vt 11.692326 0.054300 0.000000
vt 11.754070 0.000005 0.000000
vt 11.792620 0.054300 0.000000
vt 11.803964 0.000001 0.000000
vt 11.842767 0.054300 0.000000
vt 11.854187 0.000011 0.000000
vt 11.892914 0.054300 0.000000
vt 11.955744 0.000054 0.000000
vt 11.993208 0.054300 0.000000
vt 12.059006 0.000091 0.000000
vt 12.093502 0.054300 0.000000
vt 12.164225 0.000098 0.000000
vt 12.193796 0.054300 0.000000
vt 12.271669 0.000071 0.000000
vt 12.294090 0.054300 0.000000
vt 12.381669 0.000026 0.000000
vt 12.394384 0.054300 0.000000
vt 12.494678 0.000000 0.000000
vt 12.494678 0.054300 0.000000
vt 12.684549 0.054300 0.000000
vt 15.532609 0.000000 0.000000
vt 14.013644 0.054300 0.000000
vt 13.633902 0.054300 0.000000
vt 13.444031 0.054300 0.000000
vt 17.051575 0.054300 0.000000
vt 16.671833 0.054300 0.000000
vt 16.292092 0.054300 0.000000
vt 18.570540 1.737594 0.000000
vt 18.380670 0.868797 0.000000
vt 18.380670 0.651598 0.000000
vt 18.380670 0.434398 0.000000
vt 18.190799 0.651598 0.000000
vt 18.380670 1.737594 0.000000
vt 18.380670 1.520395 0.000000
vt 18.380670 1.303195 0.000000
vt 18.190799 1.303195 0.000000
vt 18.190799 0.868797 0.000000
vt 18.000928 1.303195 0.000000
vt 18.000928 0.868797 0.000000
vt 17.811058 1.303195 0.000000
vt 18.190799 1.737594 0.000000
vt 18.190799 1.520395 0.000000
vt 18.000928 1.737594 0.000000
vt 18.000928 1.520395 0.000000
vt 17.811058 1.737594 0.000000
vt 17.811058 1.520395 0.000000
vt 17.621187 1.737594 0.000000
vt 17.621187 1.520395 0.000000
vt 17.431316 1.737594 0.000000
vt 16.671833 1.520395 0.000000
vt 16.292092 1.737594 0.000000
vt 16.292092 1.520395 0.000000
vt 15.532609 1.737594 0.000000
vt 15.532609 1.520395 0.000000
vt 14.773126 1.737594 0.000000
vt 14.773126 1.520395 0.000000
vt 14.393385 1.737594 0.000000
vt 14.393385 1.520395 0.000000
vt 14.013644 1.737594 0.000000
vt 14.013644 1.520395 0.000000
vt 13.633902 1.737594 0.000000
vt 13.633902 1.520395 0.000000
vt 13.444031 1.737594 0.000000
vt 13.444031 1.520395 0.000000
vt 13.254161 1.737594 0.000000
vt 13.254161 1.520395 0.000000
vt 13.064290 1.737594 0.000000
vt 13.064290 1.520395 0.000000
vt 12.874419 1.737594 0.000000
vt 12.874419 1.520395 0.000000
vt 12.684549 1.737594 0.000000
vt 12.684549 1.520395 0.000000
vt 12.494678 1.520395 0.000000
vt 12.684549 1.303195 0.000000
vt 12.494678 1.303195 0.000000
vt 12.684549 0.868797 0.000000
vt 12.494678 0.868797 0.000000
vt 12.684549 0.651598 0.000000
vt 12.494678 0.651598 0.000000
vt 12.684549 0.434398 0.000000
vt 12.494678 0.434398 0.000000
vt 12.684549 0.325799 0.000000
vt 12.494678 0.325799 0.000000
vt 12.684549 0.217199 0.000000
vt 12.494678 0.217199 0.000000
vt 12.494678 1.737594 0.000000
vt 12.394397 1.737594 0.000000
vt 12.394384 1.520395 0.000000
vt 12.294105 1.737594 0.000000
vt 12.294090 1.520395 0.000000
vt 12.193794 1.737594 0.000000
vt 12.193796 1.520395 0.000000
vt 12.093502 1.520395 0.000000
vt 12.193796 1.303195 0.000000
vt 12.093502 1.303195 0.000000
vt 12.193796 0.868797 0.000000
vt 12.093502 0.868797 0.000000
vt 12.193796 0.651598 0.000000
vt 12.093502 0.651598 0.000000
vt 12.193796 0.434398 0.000000
vt 12.093502 0.434398 0.000000
vt 12.193796 0.325799 0.000000
vt 12.093502 0.325799 0.000000
vt 12.193796 0.217199 0.000000
vt 12.093502 0.217199 0.000000
vt 12.093485 1.737594 0.000000
vt 11.993208 1.520395 0.000000
vt 11.993208 1.303195 0.000000
vt 11.993208 0.868797 0.000000
vt 11.993208 0.651598 0.000000
vt 11.993208 0.434398 0.000000
vt 11.993208 0.325799 0.000000
vt 11.993208 0.217199 0.000000
vt 11.993199 1.737594 0.000000
vt 11.892914 1.520395 0.000000
vt 11.892914 1.303195 0.000000
vt 11.892914 0.868797 0.000000
vt 11.892914 0.651598 0.000000
vt 11.892914 0.434398 0.000000
vt 11.892914 0.325799 0.000000
vt 11.892914 0.217199 0.000000
vt 11.892916 1.737594 0.000000
vt 11.842767 1.520395 0.000000
vt 11.842767 1.303195 0.000000
vt 11.842767 0.868797 0.000000
vt 11.842767 0.651598 0.000000
vt 11.842767 0.434398 0.000000
vt 11.842767 0.325799 0.000000
vt 11.842767 0.217199 0.000000
vt 11.792638 1.737594 0.000000
vt 11.792620 1.520395 0.000000
vt 11.792620 1.303195 0.000000
vt 11.792620 0.868797 0.000000
vt 11.792620 0.651598 0.000000
vt 11.792620 0.434398 0.000000
vt 11.792620 0.325799 0.000000
vt 11.792620 0.217199 0.000000
vt 11.692341 1.737594 0.000000
vt 11.692326 1.520395 0.000000
vt 11.692326 1.303195 0.000000
vt 11.692326 0.868797 0.000000
vt 11.692326 0.651598 0.000000
vt 11.692326 0.434398 0.000000
vt 11.692326 0.325799 0.000000
vt 11.692326 0.217199 0.000000
vt 11.642179 1.520395 0.000000
vt 11.592026 1.737594 0.000000
vt 11.592032 1.520395 0.000000
vt 11.541885 1.520395 0.000000
vt 11.592032 1.303195 0.000000
vt 11.541885 1.303195 0.000000
vt 11.592032 0.868797 0.000000
vt 11.541885 0.868797 0.000000
vt 11.592032 0.651598 0.000000
vt 11.541885 0.651598 0.000000
vt 11.592032 0.434398 0.000000
vt 11.541885 0.434398 0.000000
vt 11.592032 0.325799 0.000000
vt 11.541885 0.325799 0.000000
vt 11.592032 0.217199 0.000000
vt 11.541885 0.217199 0.000000
vt 11.491718 1.737594 0.000000
vt 11.491738 1.520395 0.000000
vt 11.491738 1.303195 0.000000
vt 11.491738 0.868797 0.000000
vt 11.491738 0.651598 0.000000
vt 11.491738 0.434398 0.000000
vt 11.491738 0.325799 0.000000
vt 11.491738 0.217199 0.000000
vt 11.441591 1.520395 0.000000
vt 11.391435 1.737594 0.000000
vt 11.391444 1.520395 0.000000
vt 11.341297 1.520395 0.000000
vt 11.391444 1.303195 0.000000
vt 11.341297 1.303195 0.000000
vt 11.391444 0.868797 0.000000
vt 11.341297 0.868797 0.000000
vt 11.391444 0.651598 0.000000
vt 11.341297 0.651598 0.000000
vt 11.391444 0.434398 0.000000
vt 11.341297 0.434398 0.000000
vt 11.391444 0.325799 0.000000
vt 11.341297 0.325799 0.000000
vt 11.391444 0.217199 0.000000
vt 11.341297 0.217199 0.000000
vt 11.291151 1.737594 0.000000
vt 11.291150 1.520395 0.000000
vt 11.291150 1.303195 0.000000
vt 11.291150 0.868797 0.000000
vt 11.291150 0.651598 0.000000
vt 11.291150 0.434398 0.000000
vt 11.291150 0.325799 0.000000
vt 11.291150 0.217199 0.000000
vt 11.241003 1.520395 0.000000
vt 11.190859 1.737594 0.000000
vt 11.190856 1.520395 0.000000
vt 11.140709 1.520395 0.000000
vt 11.190856 1.303195 0.000000
vt 11.140709 1.303195 0.000000
vt 11.190856 0.868797 0.000000
vt 11.140709 0.868797 0.000000
vt 11.190856 0.651598 0.000000
vt 11.140709 0.651598 0.000000
vt 11.190856 0.434398 0.000000
vt 11.140709 0.434398 0.000000
vt 11.190856 0.325799 0.000000
vt 11.140709 0.325799 0.000000
vt 11.190856 0.217199 0.000000
vt 11.140709 0.217199 0.000000
vt 11.090561 1.737594 0.000000
vt 11.090562 1.520395 0.000000
vt 11.090562 1.303195 0.000000
vt 11.090562 0.868797 0.000000
vt 11.090562 0.651598 0.000000
vt 11.090562 0.434398 0.000000
vt 11.090562 0.325799 0.000000
vt 11.090562 0.217199 0.000000
vt 11.040415 1.520395 0.000000
vt 10.990266 1.737594 0.000000
vt 10.990268 1.520395 0.000000
vt 10.940121 1.520395 0.000000
vt 10.990268 1.303195 0.000000
vt 10.940121 1.303195 0.000000
vt 10.990268 0.868797 0.000000
vt 10.940121 0.868797 0.000000
vt 10.990268 0.651598 0.000000
vt 10.940121 0.651598 0.000000
vt 10.990268 0.434398 0.000000
vt 10.940121 0.434398 0.000000
vt 10.990268 0.325799 0.000000
vt 10.940121 0.325799 0.000000
vt 10.990268 0.217199 0.000000
vt 10.940121 0.217199 0.000000
vt 10.889976 1.737594 0.000000
vt 10.889974 1.520395 0.000000
vt 10.889974 1.303195 0.000000
vt 10.889974 0.868797 0.000000
vt 10.889974 0.651598 0.000000
vt 10.889974 0.434398 0.000000
vt 10.889974 0.325799 0.000000
vt 10.889974 0.217199 0.000000
vt 10.839827 1.520395 0.000000
vt 10.789692 1.737594 0.000000
vt 10.789680 1.520395 0.000000
vt 10.739533 1.520395 0.000000
vt 10.789680 1.303195 0.000000
vt 10.739533 1.303195 0.000000
vt 10.789680 0.868797 0.000000
vt 10.739533 0.868797 0.000000
vt 10.789680 0.651598 0.000000
vt 10.739533 0.651598 0.000000
vt 10.789680 0.434398 0.000000
vt 10.739533 0.434398 0.000000
vt 10.789680 0.325799 0.000000
vt 10.739533 0.325799 0.000000
vt 10.789680 0.217199 0.000000
vt 10.739533 0.217199 0.000000
vt 10.689392 1.737594 0.000000
vt 10.689386 1.520395 0.000000
vt 10.689386 1.303195 0.000000
vt 10.689386 0.868797 0.000000
vt 10.689386 0.651598 0.000000
vt 10.689386 0.434398 0.000000
vt 10.689386 0.325799 0.000000
vt 10.689386 0.217199 0.000000
vt 10.639239 1.520395 0.000000
vt 10.589083 1.737594 0.000000
vt 10.589092 1.520395 0.000000
vt 10.538945 1.520395 0.000000
vt 10.589092 1.303195 0.000000
vt 10.538945 1.303195 0.000000
vt 10.589092 0.868797 0.000000
vt 10.538945 0.868797 0.000000
vt 10.589092 0.651598 0.000000
vt 10.538945 0.651598 0.000000
vt 10.589092 0.434398 0.000000
vt 10.538945 0.434398 0.000000
vt 10.589092 0.325799 0.000000
vt 10.538945 0.325799 0.000000
vt 10.589092 0.217199 0.000000
vt 10.538945 0.217199 0.000000
vt 10.488787 1.737594 0.000000
vt 10.488798 1.520395 0.000000
vt 10.488798 1.303195 0.000000
vt 10.488798 0.868797 0.000000
vt 10.488798 0.651598 0.000000
vt 10.488798 0.434398 0.000000
vt 10.488798 0.325799 0.000000
vt 10.488798 0.217199 0.000000
vt 10.438651 1.520395 0.000000
vt 10.388504 1.737594 0.000000
vt 10.388504 1.520395 0.000000
vt 10.338357 1.520395 0.000000
vt 10.388504 1.303195 0.000000
vt 10.338357 1.303195 0.000000
vt 10.388504 0.868797 0.000000
vt 10.338357 0.868797 0.000000
vt 10.388504 0.651598 0.000000
vt 10.338357 0.651598 0.000000
vt 10.388504 0.434398 0.000000
vt 10.338357 0.434398 0.000000
vt 10.388504 0.325799 0.000000
vt 10.338357 0.325799 0.000000
vt 10.388504 0.217199 0.000000
vt 10.338357 0.217199 0.000000
vt 10.288211 1.737594 0.000000
vt 10.288210 1.520395 0.000000
vt 10.288210 1.303195 0.000000
vt 10.288210 0.868797 0.000000
vt 10.288210 0.651598 0.000000
vt 10.288210 0.434398 0.000000
vt 10.288210 0.325799 0.000000
vt 10.288210 0.217199 0.000000
vt 10.238063 1.520395 0.000000
vt 10.187916 1.737594 0.000000
vt 10.187916 1.520395 0.000000
vt 10.137769 1.520395 0.000000
vt 10.187916 1.303195 0.000000
vt 10.137769 1.303195 0.000000
vt 10.187916 0.868797 0.000000
vt 10.137769 0.868797 0.000000
vt 10.187916 0.651598 0.000000
vt 10.137769 0.651598 0.000000
vt 10.187916 0.434398 0.000000
vt 10.137769 0.434398 0.000000
vt 10.187916 0.325799 0.000000
vt 10.137769 0.325799 0.000000
vt 10.187916 0.217199 0.000000
vt 10.137769 0.217199 0.000000
vt 10.087622 1.737594 0.000000
vt 10.087622 1.520395 0.000000
vt 10.087622 1.303195 0.000000
vt 10.087622 0.868797 0.000000
vt 10.087622 0.651598 0.000000
vt 10.087622 0.434398 0.000000
vt 10.087622 0.325799 0.000000
vt 10.087622 0.217199 0.000000
vt 10.037475 1.520395 0.000000
vt 9.987330 1.737594 0.000000
vt 9.987328 1.520395 0.000000
vt 9.887034 1.737594 0.000000
vt 9.887034 1.520395 0.000000
vt 9.786739 1.737594 0.000000
vt 9.786740 1.520395 0.000000
vt 9.686446 1.737594 0.000000
vt 9.686446 1.520395 0.000000
vt 9.586156 1.737594 0.000000
vt 9.586152 1.520395 0.000000
vt 9.485858 1.737594 0.000000
vt 9.485858 1.520395 0.000000
vt 9.385561 1.737594 0.000000
vt 9.385564 1.520395 0.000000
vt 9.285270 1.737594 0.000000
vt 9.285270 1.520395 0.000000
vt 9.095400 1.737594 0.000000
vt 9.032109 1.520395 0.000000
vt 8.905529 1.737594 0.000000
vt 8.778948 1.520395 0.000000
vt 8.715658 1.737594 0.000000
vt 8.525787 1.520395 0.000000
vt 8.525787 1.737594 0.000000
vt 8.335917 1.737594 0.000000
vt 8.272627 1.520395 0.000000
vt 8.146046 1.737594 0.000000
vt 8.019466 1.520395 0.000000
vt 7.766305 1.737594 0.000000
vt 7.766305 1.520395 0.000000
vt 7.513144 1.520395 0.000000
vt 7.766305 1.303195 0.000000
vt 7.513144 1.303195 0.000000
vt 7.766305 0.868797 0.000000
vt 7.513144 0.868797 0.000000
vt 7.766305 0.651598 0.000000
vt 7.513144 0.651598 0.000000
vt 7.766305 0.434398 0.000000
vt 7.513144 0.434398 0.000000
vt 7.766305 0.325799 0.000000
vt 7.513144 0.325799 0.000000
vt 7.766305 0.217199 0.000000
vt 7.513144 0.217199 0.000000
vt 7.386563 1.737594 0.000000
vt 7.259983 1.520395 0.000000
vt 7.259983 1.303195 0.000000
vt 7.259983 0.868797 0.000000
vt 7.259983 0.651598 0.000000
vt 7.259983 0.434398 0.000000
vt 7.259983 0.325799 0.000000
vt 7.259983 0.217199 0.000000
vt 7.006822 1.737594 0.000000
vt 6.247339 1.737594 0.000000
vt 6.247339 1.520395 0.000000
vt 6.247339 1.303195 0.000000
vt 5.487856 1.737594 0.000000
vt 5.108115 1.737594 0.000000
vt 5.234695 1.520395 0.000000
vt 5.234695 1.303195 0.000000
vt 6.247339 0.868797 0.000000
vt 4.981534 1.520395 0.000000
vt 4.728373 1.737594 0.000000
vt 4.728373 1.520395 0.000000
vt 4.475213 1.520395 0.000000
vt 4.728373 1.303195 0.000000
vt 4.475213 1.303195 0.000000
vt 4.728373 0.868797 0.000000
vt 4.475213 0.868797 0.000000
vt 4.728373 0.651598 0.000000
vt 4.475213 0.651598 0.000000
vt 4.728373 0.434398 0.000000
vt 4.475213 0.434398 0.000000
vt 4.728373 0.325799 0.000000
vt 4.475213 0.325799 0.000000
vt 4.728373 0.217199 0.000000
vt 4.475213 0.217199 0.000000
vt 4.348632 1.737594 0.000000
vt 4.222052 1.520395 0.000000
vt 4.222052 1.303195 0.000000
vt 4.222052 0.868797 0.000000
vt 4.222052 0.651598 0.000000
vt 4.222052 0.434398 0.000000
vt 4.222052 0.325799 0.000000
vt 4.222052 0.217199 0.000000
vt 4.158761 1.737594 0.000000
vt 3.968891 1.520395 0.000000
vt 3.968891 1.303195 0.000000
vt 3.968891 0.868797 0.000000
vt 3.968891 0.651598 0.000000
vt 3.968891 0.434398 0.000000
vt 3.968891 0.325799 0.000000
vt 3.968891 0.217199 0.000000
vt 3.968891 1.737594 0.000000
vt 3.779020 1.737594 0.000000
vt 3.715730 1.520395 0.000000
vt 3.589149 1.737594 0.000000
vt 3.462569 1.520395 0.000000
vt 3.399279 1.737594 0.000000
vt 3.209408 1.520395 0.000000
vt 3.209408 1.737594 0.000000
vt 3.129660 1.520395 0.000000
vt 3.109127 1.737594 0.000000
vt 3.049912 1.520395 0.000000
vt 3.008835 1.737594 0.000000
vt 2.970164 1.520395 0.000000
vt 2.908523 1.737594 0.000000
vt 2.890416 1.520395 0.000000
vt 2.808215 1.737594 0.000000
vt 2.810668 1.520395 0.000000
vt 2.730920 1.520395 0.000000
vt 2.810668 1.303195 0.000000
vt 2.730920 1.303195 0.000000
vt 2.810668 0.868797 0.000000
vt 2.730920 0.868797 0.000000
vt 2.810668 0.651598 0.000000
vt 2.730920 0.651598 0.000000
vt 2.810668 0.434398 0.000000
vt 2.730920 0.434398 0.000000
vt 2.810668 0.325799 0.000000
vt 2.730920 0.325799 0.000000
vt 2.810668 0.217199 0.000000
vt 2.730920 0.217199 0.000000
vt 2.707928 1.737594 0.000000
vt 2.651172 1.520395 0.000000
vt 2.651172 1.303195 0.000000
vt 2.651172 0.868797 0.000000
vt 2.651172 0.651598 0.000000
vt 2.651172 0.434398 0.000000
vt 2.651172 0.325799 0.000000
vt 2.651172 0.217199 0.000000
vt 2.607645 1.737594 0.000000
vt 2.571423 1.520395 0.000000
vt 2.571423 1.303195 0.000000
vt 2.571423 0.868797 0.000000
vt 2.571423 0.651598 0.000000
vt 2.571423 0.434398 0.000000
vt 2.571423 0.325799 0.000000
vt 2.571423 0.217199 0.000000
vt 2.507368 1.737594 0.000000
vt 2.491675 1.520395 0.000000
vt 2.491675 1.303195 0.000000
vt 2.491675 0.868797 0.000000
vt 2.491675 0.651598 0.000000
vt 2.491675 0.434398 0.000000
vt 2.491675 0.325799 0.000000
vt 2.491675 0.217199 0.000000
vt 2.407071 1.737594 0.000000
vt 2.411927 1.520395 0.000000
vt 2.411927 1.303195 0.000000
vt 2.411927 0.868797 0.000000
vt 2.411927 0.651598 0.000000
vt 2.411927 0.434398 0.000000
vt 2.411927 0.325799 0.000000
vt 2.411927 0.217199 0.000000
vt 2.332179 1.520395 0.000000
vt 2.306755 1.737594 0.000000
vt 2.252431 1.520395 0.000000
vt 2.206448 1.737594 0.000000
vt 2.172683 1.520395 0.000000
vt 2.106165 1.737594 0.000000
vt 2.092935 1.520395 0.000000
vt 2.005881 1.737594 0.000000
vt 2.013187 1.520395 0.000000
vt 1.933439 1.520395 0.000000
vt 2.013187 1.303195 0.000000
vt 1.933439 1.303195 0.000000
vt 2.013187 0.868797 0.000000
vt 1.933439 0.868797 0.000000
vt 2.013187 0.651598 0.000000
vt 1.933439 0.651598 0.000000
vt 2.013187 0.434398 0.000000
vt 1.933439 0.434398 0.000000
vt 2.013187 0.325799 0.000000
vt 1.933439 0.325799 0.000000
vt 2.013187 0.217199 0.000000
vt 1.933439 0.217199 0.000000
vt 1.905589 1.737594 0.000000
vt 1.853691 1.520395 0.000000
vt 1.853691 1.303195 0.000000
vt 1.853691 0.868797 0.000000
vt 1.853691 0.651598 0.000000
vt 1.853691 0.434398 0.000000
vt 1.853691 0.325799 0.000000
vt 1.853691 0.217199 0.000000
vt 1.805290 1.737594 0.000000
vt 1.773943 1.520395 0.000000
vt 1.773943 1.303195 0.000000
vt 1.773943 0.868797 0.000000
vt 1.773943 0.651598 0.000000
vt 1.773943 0.434398 0.000000
vt 1.773943 0.325799 0.000000
vt 1.773943 0.217199 0.000000
vt 1.704996 1.737594 0.000000
vt 1.694195 1.520395 0.000000
vt 1.694195 1.303195 0.000000
vt 1.694195 0.868797 0.000000
vt 1.694195 0.651598 0.000000
vt 1.694195 0.434398 0.000000
vt 1.694195 0.325799 0.000000
vt 1.694195 0.217199 0.000000
vt 1.604706 1.737594 0.000000
vt 1.614447 1.520395 0.000000
vt 1.614447 1.303195 0.000000
vt 1.614447 0.868797 0.000000
vt 1.614447 0.651598 0.000000
vt 1.614447 0.434398 0.000000
vt 1.614447 0.325799 0.000000
vt 1.614447 0.217199 0.000000
vt 1.534699 1.520395 0.000000
vt 1.504422 1.737594 0.000000
vt 1.454951 1.520395 0.000000
vt 1.404122 1.737594 0.000000
vt 1.375203 1.520395 0.000000
vt 1.303813 1.737594 0.000000
vt 1.295455 1.520395 0.000000
vt 1.203517 1.737594 0.000000
vt 1.215707 1.520395 0.000000
vt 1.135959 1.520395 0.000000
vt 1.215707 1.303195 0.000000
vt 1.135959 1.303195 0.000000
vt 1.215707 0.868797 0.000000
vt 1.135959 0.868797 0.000000
vt 1.215707 0.651598 0.000000
vt 1.135959 0.651598 0.000000
vt 1.215707 0.434398 0.000000
vt 1.135959 0.434398 0.000000
vt 1.215707 0.325799 0.000000
vt 1.135959 0.325799 0.000000
vt 1.215707 0.217199 0.000000
vt 1.135959 0.217199 0.000000
vt 1.103234 1.737594 0.000000
vt 1.056211 1.520395 0.000000
vt 1.056211 1.303195 0.000000
vt 1.056211 0.868797 0.000000
vt 1.056211 0.651598 0.000000
vt 1.056211 0.434398 0.000000
vt 1.056211 0.325799 0.000000
vt 1.056211 0.217199 0.000000
vt 1.002941 1.737594 0.000000
vt 0.976462 1.520395 0.000000
vt 0.976462 1.303195 0.000000
vt 0.976462 0.868797 0.000000
vt 0.976462 0.651598 0.000000
vt 0.976462 0.434398 0.000000
vt 0.976462 0.325799 0.000000
vt 0.976462 0.217199 0.000000
vt 0.902645 1.737594 0.000000
vt 0.896714 1.520395 0.000000
vt 0.896714 1.303195 0.000000
vt 0.896714 0.868797 0.000000
vt 0.896714 0.651598 0.000000
vt 0.896714 0.434398 0.000000
vt 0.896714 0.325799 0.000000
vt 0.896714 0.217199 0.000000
vt 0.802352 1.737594 0.000000
vt 0.816966 1.520395 0.000000
vt 0.816966 1.303195 0.000000
vt 0.816966 0.868797 0.000000
vt 0.816966 0.651598 0.000000
vt 0.816966 0.434398 0.000000
vt 0.816966 0.325799 0.000000
vt 0.816966 0.217199 0.000000
vt 0.737218 1.520395 0.000000
vt 0.702059 1.737594 0.000000
vt 0.657470 1.520395 0.000000
vt 0.601764 1.737594 0.000000
vt 0.562445 1.520395 0.000000
vt 0.501468 1.737594 0.000000
vt 0.467421 1.520395 0.000000
vt 0.401176 1.737594 0.000000
vt 0.372396 1.520395 0.000000
vt 0.300885 1.737594 0.000000
vt 0.277371 1.520395 0.000000
vt 0.200588 1.737594 0.000000
vt 0.208028 1.520395 0.000000
vt 0.138686 1.520395 0.000000
vt 0.208028 1.303195 0.000000
vt 0.138686 1.303195 0.000000
vt 0.208028 0.868797 0.000000
vt 0.138686 0.868797 0.000000
vt 0.208028 0.651598 0.000000
vt 0.138686 0.651598 0.000000
vt 0.208028 0.434398 0.000000
vt 0.138686 0.434398 0.000000
vt 0.208028 0.325799 0.000000
vt 0.138686 0.325799 0.000000
vt 0.208028 0.217199 0.000000
vt 0.138686 0.217199 0.000000
vt 0.100291 1.737594 0.000000
vt 0.069343 1.520395 0.000000
vt 0.069343 1.303195 0.000000
vt 0.069343 0.868797 0.000000
vt 0.069343 0.651598 0.000000
vt 0.069343 0.434398 0.000000
vt 0.069343 0.325799 0.000000
vt 0.069343 0.217199 0.000000
vt 0.000000 1.737594 0.000000
vt 18.380670 0.054300 0.000000
vt 18.190799 0.054300 0.000000
vt 18.000928 0.054300 0.000000
vt 17.811058 0.054300 0.000000
vt 17.621187 0.054300 0.000000
vt 17.431316 0.054300 0.000000
vt 15.532609 0.054300 0.000000
vt 14.773126 0.054300 0.000000
vt 14.393385 0.054300 0.000000
vt 13.254161 0.054300 0.000000
vt 13.064290 0.054300 0.000000
vt 12.874419 0.054300 0.000000
vt 8.778948 0.054300 0.000000
vt 8.525787 0.054300 0.000000
vt 8.272627 0.054300 0.000000
vt 8.019466 0.054300 0.000000
vt 6.247339 0.054300 0.000000
vt 5.234695 0.054300 0.000000
vt 4.981534 0.054300 0.000000
vt 3.968891 0.054300 0.000000
vt 3.715730 0.054300 0.000000
vt 0.277371 1.303195 0.000000
vt 0.277371 0.868797 0.000000
vt 0.277371 0.651598 0.000000
vt 0.277371 0.434398 0.000000
vt 0.277371 0.325799 0.000000
vt 0.277371 0.217199 0.000000
vt 0.372396 1.303195 0.000000
vt 0.372396 0.868797 0.000000
vt 0.372396 0.651598 0.000000
vt 0.372396 0.434398 0.000000
vt 0.372396 0.325799 0.000000
vt 0.372396 0.217199 0.000000
vt 0.467421 1.303195 0.000000
vt 0.467421 0.868797 0.000000
vt 0.467421 0.651598 0.000000
vt 0.467421 0.434398 0.000000
vt 0.467421 0.325799 0.000000
vt 0.467421 0.217199 0.000000
vt 0.562445 1.303195 0.000000
vt 0.562445 0.868797 0.000000
vt 0.562445 0.651598 0.000000
vt 0.562445 0.434398 0.000000
vt 0.562445 0.325799 0.000000
vt 0.562445 0.217199 0.000000
vt 0.657470 1.303195 0.000000
vt 0.657470 0.868797 0.000000
vt 0.657470 0.651598 0.000000
vt 0.657470 0.434398 0.000000
vt 0.657470 0.325799 0.000000
vt 0.657470 0.217199 0.000000
vt 0.737218 1.303195 0.000000
vt 0.737218 0.868797 0.000000
vt 0.737218 0.651598 0.000000
vt 0.737218 0.434398 0.000000
vt 0.737218 0.325799 0.000000
vt 0.737218 0.217199 0.000000
vt 1.295455 1.303195 0.000000
vt 1.295455 0.868797 0.000000
vt 1.295455 0.651598 0.000000
vt 1.295455 0.434398 0.000000
vt 1.295455 0.325799 0.000000
vt 1.295455 0.217199 0.000000
vt 1.375203 1.303195 0.000000
vt 1.375203 0.868797 0.000000
vt 1.375203 0.651598 0.000000
vt 1.375203 0.434398 0.000000
vt 1.375203 0.325799 0.000000
vt 1.375203 0.217199 0.000000
vt 1.454951 1.303195 0.000000
vt 1.454951 0.868797 0.000000
vt 1.454951 0.651598 0.000000
vt 1.454951 0.434398 0.000000
vt 1.454951 0.325799 0.000000
vt 1.454951 0.217199 0.000000
vt 1.534699 1.303195 0.000000
vt 1.534699 0.868797 0.000000
vt 1.534699 0.651598 0.000000
vt 1.534699 0.434398 0.000000
vt 1.534699 0.325799 0.000000
vt 1.534699 0.217199 0.000000
vt 2.092935 1.303195 0.000000
vt 2.092935 0.868797 0.000000
vt 2.092935 0.651598 0.000000
vt 2.092935 0.434398 0.000000
vt 2.092935 0.325799 0.000000
vt 2.092935 0.217199 0.000000
vt 2.172683 1.303195 0.000000
vt 2.172683 0.868797 0.000000
vt 2.172683 0.651598 0.000000
vt 2.172683 0.434398 0.000000
vt 2.172683 0.325799 0.000000
vt 2.172683 0.217199 0.000000
vt 2.252431 1.303195 0.000000
vt 2.252431 0.868797 0.000000
vt 2.252431 0.651598 0.000000
vt 2.252431 0.434398 0.000000
vt 2.252431 0.325799 0.000000
vt 2.252431 0.217199 0.000000
vt 2.332179 1.303195 0.000000
vt 2.332179 0.868797 0.000000
vt 2.332179 0.651598 0.000000
vt 2.332179 0.434398 0.000000
vt 2.332179 0.325799 0.000000
vt 2.332179 0.217199 0.000000
vt 2.890416 1.303195 0.000000
vt 2.890416 0.868797 0.000000
vt 2.890416 0.651598 0.000000
vt 2.890416 0.434398 0.000000
vt 2.890416 0.325799 0.000000
vt 2.890416 0.217199 0.000000
vt 2.970164 1.303195 0.000000
vt 2.970164 0.868797 0.000000
vt 2.970164 0.651598 0.000000
vt 2.970164 0.434398 0.000000
vt 2.970164 0.325799 0.000000
vt 2.970164 0.217199 0.000000
vt 3.049912 1.303195 0.000000
vt 3.049912 0.868797 0.000000
vt 3.049912 0.651598 0.000000
vt 3.049912 0.434398 0.000000
vt 3.049912 0.325799 0.000000
vt 3.049912 0.217199 0.000000
vt 3.129660 1.303195 0.000000
vt 3.129660 0.868797 0.000000
vt 3.129660 0.651598 0.000000
vt 3.129660 0.434398 0.000000
vt 3.129660 0.325799 0.000000
vt 3.129660 0.217199 0.000000
vt 3.209408 1.303195 0.000000
vt 3.209408 0.868797 0.000000
vt 3.209408 0.651598 0.000000
vt 3.209408 0.434398 0.000000
vt 3.209408 0.325799 0.000000
vt 3.209408 0.217199 0.000000
vt 3.462569 1.303195 0.000000
vt 3.462569 0.868797 0.000000
vt 3.462569 0.651598 0.000000
vt 3.462569 0.434398 0.000000
vt 3.462569 0.325799 0.000000
vt 3.462569 0.217199 0.000000
vt 3.715730 1.303195 0.000000
vt 3.715730 0.868797 0.000000
vt 3.715730 0.651598 0.000000
vt 3.715730 0.434398 0.000000
vt 3.715730 0.325799 0.000000
vt 3.715730 0.217199 0.000000
vt 4.981534 1.303195 0.000000
vt 4.981534 0.868797 0.000000
vt 4.981534 0.651598 0.000000
vt 4.981534 0.434398 0.000000
vt 4.981534 0.325799 0.000000
vt 4.981534 0.217199 0.000000
vt 8.019466 1.303195 0.000000
vt 8.019466 0.868797 0.000000
vt 8.019466 0.651598 0.000000
vt 8.019466 0.434398 0.000000
vt 8.019466 0.325799 0.000000
vt 8.019466 0.217199 0.000000
vt 8.272627 1.303195 0.000000
vt 8.272627 0.868797 0.000000
vt 8.272627 0.651598 0.000000
vt 8.272627 0.434398 0.000000
vt 8.272627 0.325799 0.000000
vt 8.272627 0.217199 0.000000
vt 8.525787 1.303195 0.000000
vt 8.525787 0.868797 0.000000
vt 8.525787 0.651598 0.000000
vt 8.525787 0.434398 0.000000
vt 8.525787 0.325799 0.000000
vt 8.525787 0.217199 0.000000
vt 8.778948 1.303195 0.000000
vt 8.778948 0.868797 0.000000
vt 8.778948 0.651598 0.000000
vt 8.778948 0.434398 0.000000
vt 8.778948 0.325799 0.000000
vt 8.778948 0.217199 0.000000
vt 9.032109 1.303195 0.000000
vt 9.032109 0.868797 0.000000
vt 9.032109 0.651598 0.000000
vt 9.032109 0.434398 0.000000
vt 9.032109 0.325799 0.000000
vt 9.032109 0.217199 0.000000
vt 9.285270 1.303195 0.000000
vt 9.285270 0.868797 0.000000
vt 9.285270 0.651598 0.000000
vt 9.285270 0.434398 0.000000
vt 9.285270 0.325799 0.000000
vt 9.285270 0.217199 0.000000
vt 9.385564 1.303195 0.000000
vt 9.385564 0.868797 0.000000
vt 9.385564 0.651598 0.000000
vt 9.385564 0.434398 0.000000
vt 9.385564 0.325799 0.000000
vt 9.385564 0.217199 0.000000
vt 9.485858 1.303195 0.000000
vt 9.485858 0.868797 0.000000
vt 9.485858 0.651598 0.000000
vt 9.485858 0.434398 0.000000
vt 9.485858 0.325799 0.000000
vt 9.485858 0.217199 0.000000
vt 9.586152 1.303195 0.000000
vt 9.586152 0.868797 0.000000
vt 9.586152 0.651598 0.000000
vt 9.586152 0.434398 0.000000
vt 9.586152 0.325799 0.000000
vt 9.586152 0.217199 0.000000
vt 9.686446 1.303195 0.000000
vt 9.686446 0.868797 0.000000
vt 9.686446 0.651598 0.000000
vt 9.686446 0.434398 0.000000
vt 9.686446 0.325799 0.000000
vt 9.686446 0.217199 0.000000
vt 9.786740 1.303195 0.000000
vt 9.786740 0.868797 0.000000
vt 9.786740 0.651598 0.000000
vt 9.786740 0.434398 0.000000
vt 9.786740 0.325799 0.000000
vt 9.786740 0.217199 0.000000
vt 9.887034 1.303195 0.000000
vt 9.887034 0.868797 0.000000
vt 9.887034 0.651598 0.000000
vt 9.887034 0.434398 0.000000
vt 9.887034 0.325799 0.000000
vt 9.887034 0.217199 0.000000
vt 9.987328 1.303195 0.000000
vt 9.987328 0.868797 0.000000
vt 9.987328 0.651598 0.000000
vt 9.987328 0.434398 0.000000
vt 9.987328 0.325799 0.000000
vt 9.987328 0.217199 0.000000
vt 10.037475 1.303195 0.000000
vt 10.037475 0.868797 0.000000
vt 10.037475 0.651598 0.000000
vt 10.037475 0.434398 0.000000
vt 10.037475 0.325799 0.000000
vt 10.037475 0.217199 0.000000
vt 10.238063 1.303195 0.000000
vt 10.238063 0.868797 0.000000
vt 10.238063 0.651598 0.000000
vt 10.238063 0.434398 0.000000
vt 10.238063 0.325799 0.000000
vt 10.238063 0.217199 0.000000
vt 10.438651 1.303195 0.000000
vt 10.438651 0.868797 0.000000
vt 10.438651 0.651598 0.000000
vt 10.438651 0.434398 0.000000
vt 10.438651 0.325799 0.000000
vt 10.438651 0.217199 0.000000
vt 10.639239 1.303195 0.000000
vt 10.639239 0.868797 0.000000
vt 10.639239 0.651598 0.000000
vt 10.639239 0.434398 0.000000
vt 10.639239 0.325799 0.000000
vt 10.639239 0.217199 0.000000
vt 10.839827 1.303195 0.000000
vt 10.839827 0.868797 0.000000
vt 10.839827 0.651598 0.000000
vt 10.839827 0.434398 0.000000
vt 10.839827 0.325799 0.000000
vt 10.839827 0.217199 0.000000
vt 11.040415 1.303195 0.000000
vt 11.040415 0.868797 0.000000
vt 11.040415 0.651598 0.000000
vt 11.040415 0.434398 0.000000
vt 11.040415 0.325799 0.000000
vt 11.040415 0.217199 0.000000
vt 11.241003 1.303195 0.000000
vt 11.241003 0.868797 0.000000
vt 11.241003 0.651598 0.000000
vt 11.241003 0.434398 0.000000
vt 11.241003 0.325799 0.000000
vt 11.241003 0.217199 0.000000
vt 11.441591 1.303195 0.000000
vt 11.441591 0.868797 0.000000
vt 11.441591 0.651598 0.000000
vt 11.441591 0.434398 0.000000
vt 11.441591 0.325799 0.000000
vt 11.441591 0.217199 0.000000
vt 11.642179 1.303195 0.000000
vt 11.642179 0.868797 0.000000
vt 11.642179 0.651598 0.000000
vt 11.642179 0.434398 0.000000
vt 11.642179 0.325799 0.000000
vt 11.642179 0.217199 0.000000
vt 12.294090 1.303195 0.000000
vt 12.294090 0.868797 0.000000
vt 12.294090 0.651598 0.000000
vt 12.294090 0.434398 0.000000
vt 12.294090 0.325799 0.000000
vt 12.294090 0.217199 0.000000
vt 12.394384 1.303195 0.000000
vt 12.394384 0.868797 0.000000
vt 12.394384 0.651598 0.000000
vt 12.394384 0.434398 0.000000
vt 12.394384 0.325799 0.000000
vt 12.394384 0.217199 0.000000
vt 12.874419 1.303195 0.000000
vt 12.874419 0.868797 0.000000
vt 12.874419 0.651598 0.000000
vt 12.874419 0.434398 0.000000
vt 12.874419 0.325799 0.000000
vt 12.874419 0.217199 0.000000
vt 13.064290 1.303195 0.000000
vt 13.064290 0.868797 0.000000
vt 13.064290 0.651598 0.000000
vt 13.064290 0.434398 0.000000
vt 13.064290 0.325799 0.000000
vt 13.064290 0.217199 0.000000
vt 13.254161 1.303195 0.000000
vt 13.254161 0.868797 0.000000
vt 13.254161 0.651598 0.000000
vt 13.254161 0.434398 0.000000
vt 13.254161 0.325799 0.000000
vt 13.254161 0.217199 0.000000
vt 13.444031 1.303195 0.000000
vt 13.444031 0.868797 0.000000
vt 13.444031 0.651598 0.000000
vt 13.444031 0.434398 0.000000
vt 13.444031 0.325799 0.000000
vt 13.444031 0.217199 0.000000
vt 13.633902 1.303195 0.000000
vt 13.633902 0.868797 0.000000
vt 13.633902 0.651598 0.000000
vt 13.633902 0.434398 0.000000
vt 13.633902 0.325799 0.000000
vt 13.633902 0.217199 0.000000
vt 14.013644 1.303195 0.000000
vt 14.013644 0.868797 0.000000
vt 14.013644 0.651598 0.000000
vt 14.013644 0.434398 0.000000
vt 14.013644 0.325799 0.000000
vt 14.013644 0.217199 0.000000
vt 14.393385 1.303195 0.000000
vt 14.393385 0.868797 0.000000
vt 14.393385 0.651598 0.000000
vt 14.393385 0.434398 0.000000
vt 14.393385 0.325799 0.000000
vt 14.393385 0.217199 0.000000
vt 14.773126 1.303195 0.000000
vt 14.773126 0.868797 0.000000
vt 14.773126 0.651598 0.000000
vt 14.773126 0.434398 0.000000
vt 14.773126 0.325799 0.000000
vt 14.773126 0.217199 0.000000
vt 15.532609 1.303195 0.000000
vt 15.532609 0.868797 0.000000
vt 15.532609 0.651598 0.000000
vt 15.532609 0.434398 0.000000
vt 15.532609 0.325799 0.000000
vt 15.532609 0.217199 0.000000
vt 16.292092 1.303195 0.000000
vt 16.292092 0.868797 0.000000
vt 16.292092 0.651598 0.000000
vt 16.292092 0.434398 0.000000
vt 16.292092 0.325799 0.000000
vt 16.292092 0.217199 0.000000
vt 16.671833 1.303195 0.000000
vt 16.671833 0.868797 0.000000
vt 16.671833 0.651598 0.000000
vt 16.671833 0.434398 0.000000
vt 16.671833 0.325799 0.000000
vt 16.671833 0.217199 0.000000
vt 17.051575 1.303195 0.000000
vt 17.051575 0.868797 0.000000
vt 17.051575 0.651598 0.000000
vt 17.051575 0.434398 0.000000
vt 17.051575 0.325799 0.000000
vt 17.051575 0.217199 0.000000
vt 18.190799 0.217199 0.000000
vt 18.000928 0.217199 0.000000
vt 18.000928 0.325799 0.000000
vt 17.811058 0.217199 0.000000
vt 17.811058 0.325799 0.000000
vt 17.811058 0.434398 0.000000
vt 17.621187 0.217199 0.000000
vt 17.621187 0.325799 0.000000
vt 17.621187 0.434398 0.000000
vt 17.621187 0.651598 0.000000
vt 17.431316 0.217199 0.000000
vt 17.431316 0.325799 0.000000
vt 17.431316 0.434398 0.000000
vt 17.431316 0.651598 0.000000
vt 17.431316 0.868797 0.000000
vt 6.247339 0.217199 0.000000
vt 6.247339 0.325799 0.000000
vt 6.247339 0.434398 0.000000
vt 6.247339 0.651598 0.000000
vt 5.234695 0.217199 0.000000
vt 5.234695 0.325799 0.000000
vt 5.234695 0.434398 0.000000
vt 5.234695 0.651598 0.000000
vt 5.234695 0.868797 0.000000
vt 0.295455 -1.136364 0.000000
vt -3.838421 -0.770242 0.000000
vt -2.954545 -1.136364 0.000000
vt -3.747524 -0.852608 0.000000
vt -3.648980 -0.925658 0.000000
vt 3.545455 -1.136364 0.000000
vt 4.429123 -0.770091 0.000000
vt 4.511284 -0.679054 0.000000
vt 4.584261 -0.580473 0.000000
vt 3.667934 -1.130199 0.000000
vt 3.789196 -1.111953 0.000000
vt 3.908132 -1.082000 0.000000
vt 4.023633 -1.040714 0.000000
vt 4.134589 -0.988469 0.000000
vt 4.239893 -0.925638 0.000000
vt 4.290078 -0.890370 0.000000
vt 4.338424 -0.852610 0.000000
vt 4.647405 -0.475322 0.000000
vt 4.700068 -0.364574 0.000000
vt 4.741601 -0.249203 0.000000
vt 4.771409 -0.130225 0.000000
vt 4.789324 -0.008880 0.000000
vt 4.795321 0.113639 0.000000
vt 0.295455 1.363636 0.000000
vt 4.789370 0.236158 0.000000
vt 4.771436 0.357499 0.000000
vt 4.741519 0.476437 0.000000
vt 4.700007 0.591835 0.000000
vt 4.647466 0.702668 0.000000
vt 4.584462 0.807910 0.000000
vt 4.511561 0.906534 0.000000
vt 4.429330 0.997515 0.000000
vt 3.545455 1.363636 0.000000
vt 4.338433 1.079881 0.000000
vt 4.239889 1.152931 0.000000
vt 4.134686 1.216016 0.000000
vt 4.023809 1.268484 0.000000
vt 3.908298 1.309756 0.000000
vt 3.789300 1.339531 0.000000
vt 3.667967 1.357570 0.000000
vt -2.954545 1.363636 0.000000
vt -3.838213 0.997364 0.000000
vt -3.920375 0.906327 0.000000
vt -3.993352 0.807746 0.000000
vt -3.077025 1.357471 0.000000
vt -3.198287 1.339225 0.000000
vt -3.317223 1.309272 0.000000
vt -3.432724 1.267986 0.000000
vt -3.543680 1.215741 0.000000
vt -3.648983 1.152911 0.000000
vt -3.699168 1.117643 0.000000
vt -3.747515 1.079883 0.000000
vt -4.056496 0.702594 0.000000
vt -4.109159 0.591846 0.000000
vt -4.150692 0.476475 0.000000
vt -4.180500 0.357498 0.000000
vt -4.198415 0.236153 0.000000
vt -4.204412 0.113633 0.000000
vt -4.198460 -0.008885 0.000000
vt -4.180527 -0.130227 0.000000
vt -4.150610 -0.249164 0.000000
vt -4.109098 -0.364563 0.000000
vt -4.056557 -0.475396 0.000000
vt -3.993553 -0.580637 0.000000
vt -3.920652 -0.679261 0.000000
vt -3.543777 -0.988743 0.000000
vt -3.432899 -1.041211 0.000000
vt -3.317389 -1.082483 0.000000
vt -3.198390 -1.112258 0.000000
vt -3.077058 -1.130298 0.000000
vt 0.122714 0.000000 0.000000
vt 0.084847 0.049594 0.000000
vt 0.000000 0.000000 0.000000
vt 0.084847 0.099187 0.000000
vt 0.084847 0.148781 0.000000
vt 0.169694 0.099187 0.000000
vt 0.169694 0.148781 0.000000
vt 0.254541 0.099187 0.000000
vt 0.254541 0.148781 0.000000
vt 0.339388 0.099187 0.000000
vt 0.339388 0.148781 0.000000
vt 0.451500 0.099187 0.000000
vt 0.451500 0.148781 0.000000
vt 0.563613 0.099187 0.000000
vt 0.563613 0.148781 0.000000
vt 0.675725 0.099187 0.000000
vt 0.675725 0.148781 0.000000
vt 0.787838 0.099187 0.000000
vt 0.787838 0.148781 0.000000
vt 0.899951 0.099187 0.000000
vt 0.899951 0.148781 0.000000
vt 1.012063 0.099187 0.000000
vt 1.012063 0.148781 0.000000
vt 1.124176 0.099187 0.000000
vt 1.124176 0.148781 0.000000
vt 1.236288 0.099187 0.000000
vt 1.236288 0.148781 0.000000
vt 1.348401 0.099187 0.000000
vt 1.348401 0.148781 0.000000
vt 1.460514 0.099187 0.000000
vt 1.460514 0.148781 0.000000
vt 1.572626 0.099187 0.000000
vt 1.572626 0.148781 0.000000
vt 1.684739 0.099187 0.000000
vt 1.684739 0.148781 0.000000
vt 1.796851 0.099187 0.000000
vt 1.796851 0.148781 0.000000
vt 1.908964 0.099187 0.000000
vt 1.908964 0.148781 0.000000
vt 2.021077 0.099187 0.000000
vt 2.021077 0.148781 0.000000
vt 2.133189 0.099187 0.000000
vt 2.133189 0.148781 0.000000
vt 2.245302 0.099187 0.000000
vt 2.245302 0.148781 0.000000
vt 2.357414 0.099187 0.000000
vt 2.357414 0.148781 0.000000
vt 2.469527 0.099187 0.000000
vt 2.469527 0.148781 0.000000
vt 2.581639 0.099187 0.000000
vt 2.581639 0.148781 0.000000
vt 2.693752 0.099187 0.000000
vt 2.693752 0.148781 0.000000
vt 2.805865 0.099187 0.000000
vt 2.805865 0.148781 0.000000
vt 2.917977 0.099187 0.000000
vt 2.917977 0.148781 0.000000
vt 3.030090 0.099187 0.000000
vt 3.030090 0.148781 0.000000
vt 3.142202 0.099187 0.000000
vt 3.142202 0.148781 0.000000
vt 3.254315 0.099187 0.000000
vt 3.254315 0.148781 0.000000
vt 3.366428 0.099187 0.000000
vt 3.366428 0.148781 0.000000
vt 3.478540 0.099187 0.000000
vt 3.478540 0.148781 0.000000
vt 3.590653 0.099187 0.000000
vt 3.590653 0.148781 0.000000
vt 3.702765 0.099187 0.000000
vt 3.702765 0.148781 0.000000
vt 3.814878 0.099187 0.000000
vt 3.814878 0.148781 0.000000
vt 3.926991 0.099187 0.000000
vt 3.926991 0.148781 0.000000
vt 5.371435 0.099187 0.000000
vt 5.371435 0.148781 0.000000
vt 6.815879 0.099187 0.000000
vt 6.815879 0.148781 0.000000
vt 7.176990 0.000000 0.000000
vt 6.815879 0.198375 0.000000
vt 8.260323 0.198375 0.000000
vt 6.815879 0.297562 0.000000
vt 8.260323 0.297562 0.000000
vt 6.815879 0.396750 0.000000
vt 8.260323 0.396750 0.000000
vt 6.815879 0.595125 0.000000
vt 8.260323 0.595125 0.000000
vt 7.176990 0.793500 0.000000
vt 9.343657 0.595125 0.000000
vt 10.426990 0.793500 0.000000
vt 10.426990 0.595125 0.000000
vt 10.549704 0.793500 0.000000
vt 10.549708 0.595125 0.000000
vt 10.672426 0.793500 0.000000
vt 10.672427 0.595125 0.000000
vt 10.795145 0.595125 0.000000
vt 10.795145 0.396750 0.000000
vt 10.917864 0.396750 0.000000
vt 10.917864 0.297562 0.000000
vt 11.040582 0.297562 0.000000
vt 11.040582 0.198375 0.000000
vt 11.163300 0.198375 0.000000
vt 11.163300 0.148781 0.000000
vt 11.286019 0.148781 0.000000
vt 11.286019 0.099187 0.000000
vt 11.408737 0.099187 0.000000
vt 11.408737 0.049594 0.000000
vt 11.531456 0.049594 0.000000
vt 11.531429 0.000000 0.000000
vt 11.654148 0.000000 0.000000
vt 0.169694 0.049594 0.000000
vt 0.245436 0.000000 0.000000
vt 0.254541 0.049594 0.000000
vt 0.339388 0.049594 0.000000
vt 0.368160 0.000000 0.000000
vt 0.451500 0.049594 0.000000
vt 0.490874 0.000000 0.000000
vt 0.563613 0.049594 0.000000
vt 0.613590 0.000000 0.000000
vt 0.675725 0.049594 0.000000
vt 0.736311 0.000000 0.000000
vt 0.787838 0.049594 0.000000
vt 0.859031 0.000000 0.000000
vt 0.899951 0.049594 0.000000
vt 0.981745 0.000000 0.000000
vt 1.012063 0.049594 0.000000
vt 1.104439 0.000000 0.000000
vt 1.124176 0.049594 0.000000
vt 1.227159 0.000000 0.000000
vt 1.236288 0.049594 0.000000
vt 1.349908 0.000000 0.000000
vt 1.348401 0.049594 0.000000
vt 1.460514 0.049594 0.000000
vt 1.472651 0.000000 0.000000
vt 1.572626 0.049594 0.000000
vt 1.595361 0.000000 0.000000
vt 1.684739 0.049594 0.000000
vt 1.718058 0.000000 0.000000
vt 1.796851 0.049594 0.000000
vt 1.840770 0.000000 0.000000
vt 1.908964 0.049594 0.000000
vt 1.963492 0.000000 0.000000
vt 2.021077 0.049594 0.000000
vt 2.086220 0.000000 0.000000
vt 2.133189 0.049594 0.000000
vt 2.208936 0.000000 0.000000
vt 2.245302 0.049594 0.000000
vt 2.331643 0.000000 0.000000
vt 2.357414 0.049594 0.000000
vt 2.454326 0.000000 0.000000
vt 2.469527 0.049594 0.000000
vt 2.577046 0.000000 0.000000
vt 2.581639 0.049594 0.000000
vt 2.693752 0.049594 0.000000
vt 2.699807 0.000000 0.000000
vt 2.805865 0.049594 0.000000
vt 2.822567 0.000000 0.000000
vt 2.917977 0.049594 0.000000
vt 2.945285 0.000000 0.000000
vt 3.030090 0.049594 0.000000
vt 3.067968 0.000000 0.000000
vt 3.142202 0.049594 0.000000
vt 3.129320 0.000000 0.000000
vt 3.190666 0.000000 0.000000
vt 3.254315 0.049594 0.000000
vt 3.313356 0.000000 0.000000
vt 3.366428 0.049594 0.000000
vt 3.436088 0.000000 0.000000
vt 3.478540 0.049594 0.000000
vt 3.558849 0.000000 0.000000
vt 3.590653 0.049594 0.000000
vt 3.681596 0.000000 0.000000
vt 3.702765 0.049594 0.000000
vt 3.804300 0.000000 0.000000
vt 3.814878 0.049594 0.000000
vt 3.926991 0.000000 0.000000
vt 3.926991 0.049594 0.000000
vt 5.371435 0.049594 0.000000
vt 6.815879 0.049594 0.000000
vt 10.426990 0.000000 0.000000
vt 8.260323 0.049594 0.000000
vt 8.260323 0.099187 0.000000
vt 8.260323 0.148781 0.000000
vt 9.343657 0.099187 0.000000
vt 9.343657 0.148781 0.000000
vt 10.426990 0.099187 0.000000
vt 10.426990 0.148781 0.000000
vt 10.549708 0.099187 0.000000
vt 10.549708 0.148781 0.000000
vt 10.672427 0.099187 0.000000
vt 10.672427 0.148781 0.000000
vt 10.795145 0.099187 0.000000
vt 10.795145 0.148781 0.000000
vt 10.917864 0.099187 0.000000
vt 10.917864 0.148781 0.000000
vt 11.040582 0.099187 0.000000
vt 11.040582 0.148781 0.000000
vt 11.163300 0.099187 0.000000
vt 10.549704 0.000000 0.000000
vt 10.426990 0.049594 0.000000
vt 9.343657 0.049594 0.000000
vt 10.549708 0.049594 0.000000
vt 10.672426 0.000000 0.000000
vt 10.672427 0.049594 0.000000
vt 10.795145 0.049594 0.000000
vt 10.795149 0.000000 0.000000
vt 10.917864 0.049594 0.000000
vt 10.917864 0.000000 0.000000
vt 11.040580 0.000000 0.000000
vt 11.040582 0.049594 0.000000
vt 11.163301 0.000000 0.000000
vt 11.163300 0.049594 0.000000
vt 11.286019 0.049594 0.000000
vt 11.286021 0.000000 0.000000
vt 11.408735 0.000000 0.000000
vt 11.654174 0.049594 0.000000
vt 11.776897 0.000000 0.000000
vt 11.776893 0.049594 0.000000
vt 11.899611 0.049594 0.000000
vt 11.776893 0.099187 0.000000
vt 11.899611 0.099187 0.000000
vt 11.776893 0.148781 0.000000
vt 11.899611 0.148781 0.000000
vt 11.776893 0.198375 0.000000
vt 11.899611 0.198375 0.000000
vt 11.776893 0.297562 0.000000
vt 11.899611 0.297562 0.000000
vt 11.776893 0.396750 0.000000
vt 11.899611 0.396750 0.000000
vt 11.776893 0.595125 0.000000
vt 11.899611 0.595125 0.000000
vt 11.776897 0.793500 0.000000
vt 11.899641 0.793500 0.000000
vt 12.022330 0.595125 0.000000
vt 12.022350 0.793500 0.000000
vt 12.145048 0.595125 0.000000
vt 12.145048 0.793500 0.000000
vt 12.267760 0.793500 0.000000
vt 12.267767 0.595125 0.000000
vt 12.390482 0.793500 0.000000
vt 12.390485 0.595125 0.000000
vt 12.513203 0.595125 0.000000
vt 12.513203 0.396750 0.000000
vt 12.635922 0.396750 0.000000
vt 12.635922 0.297562 0.000000
vt 12.758640 0.297562 0.000000
vt 12.758640 0.198375 0.000000
vt 12.881359 0.198375 0.000000
vt 12.881359 0.148781 0.000000
vt 13.004077 0.148781 0.000000
vt 13.004077 0.099187 0.000000
vt 13.126796 0.099187 0.000000
vt 13.126796 0.049594 0.000000
vt 13.249514 0.049594 0.000000
vt 13.126797 0.000000 0.000000
vt 13.249556 0.000000 0.000000
vt 11.899641 0.000000 0.000000
vt 12.022330 0.049594 0.000000
vt 12.022330 0.099187 0.000000
vt 12.022330 0.148781 0.000000
vt 12.022330 0.198375 0.000000
vt 12.022330 0.297562 0.000000
vt 12.022330 0.396750 0.000000
vt 12.022350 0.000000 0.000000
vt 12.145048 0.049594 0.000000
vt 12.145048 0.099187 0.000000
vt 12.145048 0.148781 0.000000
vt 12.145048 0.198375 0.000000
vt 12.145048 0.297562 0.000000
vt 12.145048 0.396750 0.000000
vt 12.145048 0.000000 0.000000
vt 12.267760 0.000000 0.000000
vt 12.267767 0.049594 0.000000
vt 12.390482 0.000000 0.000000
vt 12.390485 0.049594 0.000000
vt 12.513203 0.049594 0.000000
vt 12.390485 0.099187 0.000000
vt 12.513203 0.099187 0.000000
vt 12.390485 0.148781 0.000000
vt 12.513203 0.148781 0.000000
vt 12.390485 0.198375 0.000000
vt 12.513203 0.198375 0.000000
vt 12.390485 0.297562 0.000000
vt 12.513203 0.297562 0.000000
vt 12.390485 0.396750 0.000000
vt 12.513210 0.000000 0.000000
vt 12.635922 0.049594 0.000000
vt 12.635922 0.099187 0.000000
vt 12.635922 0.148781 0.000000
vt 12.635922 0.198375 0.000000
vt 12.635925 0.000000 0.000000
vt 12.758633 0.000000 0.000000
vt 12.758640 0.049594 0.000000
vt 12.881316 0.000000 0.000000
vt 12.881359 0.049594 0.000000
vt 13.004036 0.000000 0.000000
vt 13.004077 0.049594 0.000000
vt 13.372233 0.049594 0.000000
vt 13.372275 0.000000 0.000000
vt 13.494951 0.049594 0.000000
vt 13.494958 0.000000 0.000000
vt 13.556310 0.049594 0.000000
vt 13.556309 0.000000 0.000000
vt 13.617655 0.000000 0.000000
vt 13.617669 0.049594 0.000000
vt 13.740346 0.000000 0.000000
vt 13.740388 0.049594 0.000000
vt 13.863078 0.000000 0.000000
vt 13.863106 0.049594 0.000000
vt 13.985839 0.000000 0.000000
vt 13.985825 0.049594 0.000000
vt 14.108543 0.049594 0.000000
vt 13.985825 0.099187 0.000000
vt 14.108543 0.099187 0.000000
vt 13.985825 0.148781 0.000000
vt 14.108543 0.148781 0.000000
vt 13.985825 0.198375 0.000000
vt 14.108543 0.198375 0.000000
vt 13.985825 0.297562 0.000000
vt 14.108543 0.297562 0.000000
vt 13.985825 0.396750 0.000000
vt 14.108543 0.396750 0.000000
vt 13.985825 0.595125 0.000000
vt 14.108543 0.595125 0.000000
vt 13.985839 0.793500 0.000000
vt 14.108586 0.793500 0.000000
vt 14.231262 0.595125 0.000000
vt 14.231289 0.793500 0.000000
vt 14.353980 0.595125 0.000000
vt 14.353980 0.793500 0.000000
vt 15.978980 0.595125 0.000000
vt 17.603980 0.793500 0.000000
vt 17.603980 0.595125 0.000000
vt 19.228980 0.595125 0.000000
vt 19.228980 0.396750 0.000000
vt 20.853979 0.793500 0.000000
vt 20.853979 0.000000 0.000000
vt 19.228980 0.297562 0.000000
vt 19.228980 0.198375 0.000000
vt 17.603980 0.297562 0.000000
vt 17.603980 0.198375 0.000000
vt 15.978980 0.297562 0.000000
vt 15.978980 0.198375 0.000000
vt 14.353980 0.297562 0.000000
vt 14.353980 0.198375 0.000000
vt 14.231262 0.297562 0.000000
vt 14.231262 0.198375 0.000000
vt 14.108586 0.000000 0.000000
vt 14.231262 0.049594 0.000000
vt 14.231262 0.099187 0.000000
vt 14.231262 0.148781 0.000000
vt 14.231289 0.000000 0.000000
vt 14.353980 0.049594 0.000000
vt 14.353980 0.099187 0.000000
vt 14.353980 0.148781 0.000000
vt 14.353980 0.000000 0.000000
vt 15.978980 0.049594 0.000000
vt 15.978980 0.099187 0.000000
vt 15.978980 0.148781 0.000000
vt 17.603980 0.000000 0.000000
vt 17.603980 0.049594 0.000000
vt 17.603980 0.099187 0.000000
vt 17.603980 0.148781 0.000000
vt 19.228980 0.049594 0.000000
vt 19.228980 0.099187 0.000000
vt 19.228980 0.148781 0.000000
vt 13.863106 0.595125 0.000000
vt 13.863078 0.793500 0.000000
vt 13.740388 0.595125 0.000000
vt 13.740346 0.793500 0.000000
vt 13.617669 0.595125 0.000000
vt 13.617655 0.793500 0.000000
vt 13.556310 0.595125 0.000000
vt 13.556309 0.793500 0.000000
vt 13.494958 0.793500 0.000000
vt 13.494951 0.595125 0.000000
vt 13.372275 0.793500 0.000000
vt 13.372233 0.595125 0.000000
vt 13.249556 0.793500 0.000000
vt 13.249514 0.595125 0.000000
vt 13.126797 0.793500 0.000000
vt 13.126796 0.595125 0.000000
vt 13.004077 0.595125 0.000000
vt 13.126796 0.396750 0.000000
vt 13.004077 0.396750 0.000000
vt 13.126796 0.297562 0.000000
vt 13.004077 0.297562 0.000000
vt 13.126796 0.198375 0.000000
vt 13.004077 0.198375 0.000000
vt 13.126796 0.148781 0.000000
vt 13.004036 0.793500 0.000000
vt 12.881359 0.595125 0.000000
vt 12.881359 0.396750 0.000000
vt 12.881359 0.297562 0.000000
vt 12.881316 0.793500 0.000000
vt 12.758640 0.595125 0.000000
vt 12.758640 0.396750 0.000000
vt 12.758633 0.793500 0.000000
vt 12.635922 0.595125 0.000000
vt 12.635925 0.793500 0.000000
vt 12.513210 0.793500 0.000000
vt 11.654174 0.595125 0.000000
vt 11.654148 0.793500 0.000000
vt 11.531456 0.595125 0.000000
vt 11.531429 0.793500 0.000000
vt 11.408737 0.595125 0.000000
vt 11.408735 0.793500 0.000000
vt 11.286019 0.595125 0.000000
vt 11.286021 0.793500 0.000000
vt 11.163301 0.793500 0.000000
vt 11.040580 0.793500 0.000000
vt 11.040582 0.595125 0.000000
vt 11.163300 0.595125 0.000000
vt 11.286019 0.396750 0.000000
vt 11.408737 0.396750 0.000000
vt 11.408737 0.297562 0.000000
vt 11.531456 0.297562 0.000000
vt 11.531456 0.198375 0.000000
vt 11.654174 0.198375 0.000000
vt 11.654174 0.148781 0.000000
vt 10.917864 0.595125 0.000000
vt 10.917864 0.793500 0.000000
vt 10.795149 0.793500 0.000000
vt 5.371435 0.595125 0.000000
vt 3.926991 0.793500 0.000000
vt 3.926991 0.595125 0.000000
vt 3.814878 0.595125 0.000000
vt 3.926991 0.396750 0.000000
vt 3.814878 0.396750 0.000000
vt 3.926991 0.297562 0.000000
vt 3.814878 0.297562 0.000000
vt 3.926991 0.198375 0.000000
vt 3.814878 0.198375 0.000000
vt 3.804300 0.793500 0.000000
vt 3.702765 0.595125 0.000000
vt 3.702765 0.396750 0.000000
vt 3.702765 0.297562 0.000000
vt 3.702765 0.198375 0.000000
vt 3.681596 0.793500 0.000000
vt 3.590653 0.595125 0.000000
vt 3.590653 0.396750 0.000000
vt 3.590653 0.297562 0.000000
vt 3.590653 0.198375 0.000000
vt 3.558849 0.793500 0.000000
vt 3.478540 0.595125 0.000000
vt 3.478540 0.396750 0.000000
vt 3.478540 0.297562 0.000000
vt 3.478540 0.198375 0.000000
vt 3.436088 0.793500 0.000000
vt 3.366428 0.595125 0.000000
vt 3.366428 0.396750 0.000000
vt 3.366428 0.297562 0.000000
vt 3.366428 0.198375 0.000000
vt 3.313356 0.793500 0.000000
vt 3.254315 0.595125 0.000000
vt 3.254315 0.396750 0.000000
vt 3.254315 0.297562 0.000000
vt 3.254315 0.198375 0.000000
vt 3.190666 0.793500 0.000000
vt 3.142202 0.595125 0.000000
vt 3.142202 0.396750 0.000000
vt 3.142202 0.297562 0.000000
vt 3.142202 0.198375 0.000000
vt 3.129320 0.793500 0.000000
vt 3.067968 0.793500 0.000000
vt 3.030090 0.595125 0.000000
vt 2.945285 0.793500 0.000000
vt 2.917977 0.595125 0.000000
vt 2.822567 0.793500 0.000000
vt 2.805865 0.595125 0.000000
vt 2.699807 0.793500 0.000000
vt 2.693752 0.595125 0.000000
vt 2.577046 0.793500 0.000000
vt 2.581639 0.595125 0.000000
vt 2.469527 0.595125 0.000000
vt 2.581639 0.396750 0.000000
vt 2.469527 0.396750 0.000000
vt 2.581639 0.297562 0.000000
vt 2.469527 0.297562 0.000000
vt 2.581639 0.198375 0.000000
vt 2.469527 0.198375 0.000000
vt 2.454326 0.793500 0.000000
vt 2.357414 0.595125 0.000000
vt 2.357414 0.396750 0.000000
vt 2.357414 0.297562 0.000000
vt 2.357414 0.198375 0.000000
vt 2.331643 0.793500 0.000000
vt 2.245302 0.595125 0.000000
vt 2.245302 0.396750 0.000000
vt 2.245302 0.297562 0.000000
vt 2.245302 0.198375 0.000000
vt 2.208936 0.793500 0.000000
vt 2.133189 0.595125 0.000000
vt 2.133189 0.396750 0.000000
vt 2.133189 0.297562 0.000000
vt 2.133189 0.198375 0.000000
vt 2.086220 0.793500 0.000000
vt 2.021077 0.595125 0.000000
vt 2.021077 0.396750 0.000000
vt 2.021077 0.297562 0.000000
vt 2.021077 0.198375 0.000000
vt 1.963492 0.793500 0.000000
vt 1.908964 0.595125 0.000000
vt 1.908964 0.396750 0.000000
vt 1.908964 0.297562 0.000000
vt 1.908964 0.198375 0.000000
vt 1.840770 0.793500 0.000000
vt 1.796851 0.595125 0.000000
vt 1.796851 0.396750 0.000000
vt 1.796851 0.297562 0.000000
vt 1.796851 0.198375 0.000000
vt 1.718058 0.793500 0.000000
vt 1.684739 0.595125 0.000000
vt 1.684739 0.396750 0.000000
vt 1.684739 0.297562 0.000000
vt 1.684739 0.198375 0.000000
vt 1.595361 0.793500 0.000000
vt 1.572626 0.595125 0.000000
vt 1.572626 0.396750 0.000000
vt 1.572626 0.297562 0.000000
vt 1.572626 0.198375 0.000000
vt 1.472651 0.793500 0.000000
vt 1.460514 0.595125 0.000000
vt 1.460514 0.396750 0.000000
vt 1.460514 0.297562 0.000000
vt 1.460514 0.198375 0.000000
vt 1.349908 0.793500 0.000000
vt 1.348401 0.595125 0.000000
vt 1.348401 0.396750 0.000000
vt 1.348401 0.297562 0.000000
vt 1.348401 0.198375 0.000000
vt 1.236288 0.595125 0.000000
vt 1.227159 0.793500 0.000000
vt 1.124176 0.595125 0.000000
vt 1.104439 0.793500 0.000000
vt 1.012063 0.595125 0.000000
vt 0.981745 0.793500 0.000000
vt 0.899951 0.595125 0.000000
vt 0.859031 0.793500 0.000000
vt 0.787838 0.595125 0.000000
vt 0.736311 0.793500 0.000000
vt 0.675725 0.595125 0.000000
vt 0.613590 0.793500 0.000000
vt 0.563613 0.595125 0.000000
vt 0.490874 0.793500 0.000000
vt 0.451500 0.595125 0.000000
vt 0.368160 0.793500 0.000000
vt 0.339388 0.595125 0.000000
vt 0.245436 0.793500 0.000000
vt 0.254541 0.595125 0.000000
vt 0.169694 0.595125 0.000000
vt 0.254541 0.396750 0.000000
vt 0.169694 0.396750 0.000000
vt 0.254541 0.297562 0.000000
vt 0.169694 0.297562 0.000000
vt 0.254541 0.198375 0.000000
vt 0.169694 0.198375 0.000000
vt 0.122714 0.793500 0.000000
vt 0.084847 0.595125 0.000000
vt 0.084847 0.396750 0.000000
vt 0.084847 0.297562 0.000000
vt 0.084847 0.198375 0.000000
vt 0.000000 0.793500 0.000000
vt 13.863106 0.099187 0.000000
vt 13.863106 0.148781 0.000000
vt 13.863106 0.198375 0.000000
vt 13.863106 0.297562 0.000000
vt 13.863106 0.396750 0.000000
vt 13.740388 0.099187 0.000000
vt 13.740388 0.148781 0.000000
vt 13.740388 0.198375 0.000000
vt 13.740388 0.297562 0.000000
vt 13.740388 0.396750 0.000000
vt 13.617669 0.099187 0.000000
vt 13.617669 0.148781 0.000000
vt 13.617669 0.198375 0.000000
vt 13.617669 0.297562 0.000000
vt 13.617669 0.396750 0.000000
vt 13.556310 0.099187 0.000000
vt 13.556310 0.148781 0.000000
vt 13.556310 0.198375 0.000000
vt 13.556310 0.297562 0.000000
vt 13.556310 0.396750 0.000000
vt 13.494951 0.099187 0.000000
vt 13.494951 0.148781 0.000000
vt 13.494951 0.198375 0.000000
vt 13.494951 0.297562 0.000000
vt 13.494951 0.396750 0.000000
vt 13.372233 0.099187 0.000000
vt 13.372233 0.148781 0.000000
vt 13.372233 0.198375 0.000000
vt 13.372233 0.297562 0.000000
vt 13.372233 0.396750 0.000000
vt 13.249514 0.099187 0.000000
vt 13.249514 0.148781 0.000000
vt 13.249514 0.198375 0.000000
vt 13.249514 0.297562 0.000000
vt 13.249514 0.396750 0.000000
vt 12.881359 0.099187 0.000000
vt 12.758640 0.099187 0.000000
vt 12.267767 0.099187 0.000000
vt 12.267767 0.148781 0.000000
vt 12.267767 0.198375 0.000000
vt 12.267767 0.297562 0.000000
vt 12.267767 0.396750 0.000000
vt 11.654174 0.099187 0.000000
vt 11.531456 0.099187 0.000000
vt 11.531456 0.148781 0.000000
vt 0.339388 0.396750 0.000000
vt 0.339388 0.297562 0.000000
vt 0.339388 0.198375 0.000000
vt 0.451500 0.396750 0.000000
vt 0.451500 0.297562 0.000000
vt 0.451500 0.198375 0.000000
vt 0.563613 0.396750 0.000000
vt 0.563613 0.297562 0.000000
vt 0.563613 0.198375 0.000000
vt 0.675725 0.396750 0.000000
vt 0.675725 0.297562 0.000000
vt 0.675725 0.198375 0.000000
vt 0.787838 0.396750 0.000000
vt 0.787838 0.297562 0.000000
vt 0.787838 0.198375 0.000000
vt 0.899951 0.396750 0.000000
vt 0.899951 0.297562 0.000000
vt 0.899951 0.198375 0.000000
vt 1.012063 0.396750 0.000000
vt 1.012063 0.297562 0.000000
vt 1.012063 0.198375 0.000000
vt 1.124176 0.396750 0.000000
vt 1.124176 0.297562 0.000000
vt 1.124176 0.198375 0.000000
vt 1.236288 0.396750 0.000000
vt 1.236288 0.297562 0.000000
vt 1.236288 0.198375 0.000000
vt 2.693752 0.396750 0.000000
vt 2.693752 0.297562 0.000000
vt 2.693752 0.198375 0.000000
vt 2.805865 0.396750 0.000000
vt 2.805865 0.297562 0.000000
vt 2.805865 0.198375 0.000000
vt 2.917977 0.396750 0.000000
vt 2.917977 0.297562 0.000000
vt 2.917977 0.198375 0.000000
vt 3.030090 0.396750 0.000000
vt 3.030090 0.297562 0.000000
vt 3.030090 0.198375 0.000000
vt 5.371435 0.396750 0.000000
vt 5.371435 0.297562 0.000000
vt 5.371435 0.198375 0.000000
vt 9.343657 0.396750 0.000000
vt 9.343657 0.297562 0.000000
vt 9.343657 0.198375 0.000000
vt 10.426990 0.396750 0.000000
vt 10.426990 0.297562 0.000000
vt 10.426990 0.198375 0.000000
vt 10.549708 0.396750 0.000000
vt 10.549708 0.297562 0.000000
vt 10.549708 0.198375 0.000000
vt 10.672427 0.396750 0.000000
vt 10.672427 0.297562 0.000000
vt 10.672427 0.198375 0.000000
vt 11.040582 0.396750 0.000000
vt 11.163300 0.396750 0.000000
vt 11.531456 0.396750 0.000000
vt 11.654174 0.396750 0.000000
vt 14.231262 0.396750 0.000000
vt 14.353980 0.396750 0.000000
vt 15.978980 0.396750 0.000000
vt 17.603980 0.396750 0.000000
vt 12.758640 0.148781 0.000000
vt 11.408737 0.148781 0.000000
vt 11.286019 0.198375 0.000000
vt 11.163300 0.297562 0.000000
vt 11.408737 0.198375 0.000000
vt 10.917864 0.198375 0.000000
vt 10.795145 0.198375 0.000000
vt 11.654174 0.297562 0.000000
vt 11.286019 0.297562 0.000000
vt 10.795145 0.297562 0.000000
vn -0.000000 -0.000000 100.000000
vn -0.000000 -0.000000 100.000000
vn -0.000000 -0.000000 100.000000
vn -0.000000 -0.000000 100.000000
vn -0.000000 -0.000000 100.000000
vn -0.000000 -0.000000 100.000000
vn -0.000000 -0.000000 100.000000
vn -0.000000 -0.000000 100.000000
vn -0.000000 -0.000000 100.000000
vn -0.000000 -0.000000 100.000000
vn -0.000000 -0.000000 100.000000
vn -0.000000 -0.000000 100.000000
vn -0.000000 -0.000000 100.000000
vn -0.000000 -0.000000 100.000000
vn -0.000000 -0.000000 100.000000
vn -0.000000 -0.000000 100.000000
vn -0.000000 -0.000000 100.000000
vn -0.000000 -0.000000 100.000000
vn -0.000000 -0.000000 100.000000
vn -0.000000 -0.000000 100.000000
vn -0.000000 -0.000000 100.000000
vn -0.000000 -0.000000 100.000000
vn -0.000000 -0.000000 100.000000
vn -0.000000 -0.000000 100.000000
vn -0.000000 -0.000000 100.000000
vn -0.000000 -0.000000 100.000000
vn -0.000000 -0.000000 100.000000
vn -0.000000 -0.000000 100.000000
vn -0.000000 -0.000000 100.000000
vn -0.000000 -0.000000 100.000000
vn -0.000000 -0.000000 100.000000
vn -0.000000 -0.000000 100.000000
vn -0.000000 -0.000000 100.000000
vn -0.000000 -0.000000 100.000000
vn -0.000000 -0.000000 100.000000
vn -0.000000 -0.000000 100.000000
vn -0.000000 -0.000000 100.000000
vn -0.000000 -0.000000 100.000000
vn -0.000000 -0.000000 100.000000
vn -0.000000 -0.000000 100.000000
vn -0.000000 -0.000000 100.000000
vn -0.000000 -0.000000 100.000000
vn -0.000000 -0.000000 100.000000
vn -0.000000 -0.000000 100.000000
vn -0.000000 -0.000000 100.000000
vn -0.000000 -0.000000 100.000000
vn -0.000000 -0.000000 100.000000
vn -0.000000 -0.000000 100.000000
vn -0.000000 -0.000000 100.000000
vn -0.000000 -0.000000 100.000000
vn -0.000000 -0.000000 100.000000
vn -0.000000 -0.000000 100.000000
vn -0.000000 -0.000000 100.000000
vn -0.000000 -0.000000 100.000000
vn -0.000000 -0.000000 100.000000
vn -0.000000 -0.000000 100.000000
vn -0.000000 -0.000000 100.000000
vn -0.000000 -0.000000 100.000000
vn -0.000000 -0.000000 100.000000
vn -0.000000 -0.000000 100.000000
vn -0.000000 -0.000000 100.000000
vn -0.000000 -0.000000 100.000000
vn -0.000000 -0.000000 100.000000
vn -0.000000 -0.000000 100.000000
vn -0.000000 -0.000000 100.000000
vn -0.000000 -0.000000 100.000000
vn -0.000000 -0.000000 100.000000
vn -0.000000 -0.000000 100.000000
vn -0.000000 -0.000000 100.000000
vn -0.000000 -0.000000 100.000000
vn -0.000000 -0.000000 100.000000
vn -0.000000 -0.000000 100.000000
vn -0.000000 -0.000000 100.000000
vn -0.000000 -0.000000 100.000000
vn -0.000000 -0.000000 100.000000
vn -0.000000 -0.000000 100.000000
vn -0.000000 -0.000000 100.000000
vn -0.000000 -0.000000 100.000000
vn -0.000000 -0.000000 100.000000
vn -0.000000 -0.000000 100.000000
vn -0.000000 -0.000000 100.000000
vn -0.000000 -0.000000 100.000000
vn -0.000000 -0.000000 100.000000
vn -0.000000 -0.000000 100.000000
vn -0.000000 -0.000000 100.000000
vn -0.000000 -0.000000 100.000000
vn -0.000000 -0.000000 100.000000
vn -0.000000 -0.000000 100.000000
vn -0.000000 -0.000000 100.000000
vn -0.000000 -0.000000 100.000000
vn -0.000000 -0.000000 100.000000
vn -0.000000 -0.000000 100.000000
vn -0.000000 -0.000000 100.000000
vn -0.000000 -0.000000 100.000000
vn -0.000000 -0.000000 100.000000
vn -0.000000 -0.000000 100.000000
vn -0.000000 -0.000000 100.000000
vn -0.000000 -0.000000 100.000000
vn -0.000000 -0.000000 100.000000
vn -0.000000 -0.000000 100.000000
vn -0.000000 -0.000000 100.000000
vn -0.000000 -0.000000 100.000000
vn -0.000000 -0.000000 100.000000
vn -0.000000 -0.000000 100.000000
vn 9.722104 -98.016899 17.267546
vn 5.986988 -98.316056 17.265836
vn 0.000000 -98.498279 17.265258
vn 6.007671 -98.314811 17.265744
vn 6.028546 -98.313549 17.265650
vn 12.005560 -97.763331 17.268400
vn 12.044368 -97.758614 17.268077
vn 18.013323 -96.835649 17.273599
vn 18.066778 -96.825801 17.272979
vn 24.042268 -95.516276 17.280346
vn 24.106962 -95.500138 17.279410
vn 32.339926 -93.033462 17.288842
vn 32.414645 -93.007705 17.287499
vn 40.607793 -89.732770 17.292688
vn 40.686705 -89.697338 17.291028
vn 48.560900 -85.689568 17.295574
vn 48.640308 -85.644893 17.293718
vn 56.185971 -80.894268 17.298964
vn 56.262318 -80.841598 17.297040
vn 62.335364 -76.256244 17.299929
vn 62.406323 -76.198613 17.298041
vn 68.210381 -71.050457 17.296719
vn 68.273786 -70.989964 17.294946
vn 73.643042 -65.403804 17.292914
vn 73.698363 -65.341883 17.291315
vn 78.623922 -59.323972 17.290035
vn 78.670713 -59.262311 17.288650
vn 83.154505 -52.787252 17.286828
vn 83.192255 -52.728112 17.285685
vn 87.244084 -45.715604 17.278696
vn 87.272093 -45.662445 17.277813
vn 90.716304 -38.371953 17.266887
vn 90.735907 -38.325864 17.266251
vn 93.533708 -30.880627 17.257820
vn 93.546633 -30.841686 17.257400
vn 95.722605 -23.226776 17.253976
vn 95.730216 -23.195567 17.253735
vn 97.290501 -15.388514 17.255492
vn 97.294053 -15.366160 17.255386
vn 98.225025 -7.343191 17.260418
vn 98.225915 -7.331327 17.260395
vn 98.493988 0.925987 17.264900
vn 98.493995 0.925312 17.264900
vn 98.067079 9.206944 17.264997
vn 98.068340 9.193578 17.264959
vn 96.974983 17.256950 17.264134
vn 96.979274 17.232953 17.263999
vn 95.243163 25.112552 17.265561
vn 95.251960 25.079358 17.265279
vn 92.877251 32.795561 17.270423
vn 92.891973 32.754087 17.269949
vn 89.863147 40.324892 17.277669
vn 89.885416 40.275530 17.276968
vn 86.176558 47.695673 17.283622
vn 86.208146 47.638900 17.282670
vn 81.984856 54.587366 17.283024
vn 82.025870 54.526097 17.281823
vn 77.362875 60.962334 17.279450
vn 77.412648 60.899525 17.278016
vn 72.338863 66.847575 17.276879
vn 72.396366 66.785718 17.275245
vn 66.920408 72.271208 17.278060
vn 66.984520 72.212219 17.276273
vn 61.095878 77.256460 17.283897
vn 61.165677 77.201631 17.282018
vn 54.836526 81.816355 17.292757
vn 54.911614 81.766381 17.290852
vn 48.147683 85.921770 17.298845
vn 48.227545 85.877342 17.296998
vn 41.364766 89.385788 17.295576
vn 41.444966 89.348955 17.293902
vn 34.537657 92.240479 17.287111
vn 34.614628 92.211890 17.285686
vn 27.692557 94.523179 17.276887
vn 27.762212 94.502948 17.275778
vn 20.835503 96.268823 17.268341
vn 20.893525 96.256382 17.267586
vn 13.954687 97.504999 17.263887
vn 13.996851 97.499027 17.263485
vn 7.022920 98.247839 17.263858
vn 7.045451 98.246247 17.263738
vn 0.000000 98.498278 17.265260
vn 0.000000 98.498278 17.265260
vn -0.000006 98.498278 17.265260
vn -0.000006 98.498278 17.265260
vn -0.000005 98.498278 17.265260
vn -0.000005 98.498278 17.265260
vn -0.000005 98.498278 17.265259
vn -0.000005 98.498278 17.265259
vn -0.000004 98.498278 17.265259
vn -0.000004 98.498278 17.265259
vn -0.000004 98.498278 17.265258
vn -0.000004 98.498278 17.265258
vn -0.000004 98.498278 17.265258
vn -0.000003 98.498278 17.265258
vn -0.000003 98.498279 17.265258
vn -0.000003 98.498279 17.265258
vn -0.000003 98.498279 17.265257
vn -0.000003 98.498279 17.265257
vn -0.000002 98.498279 17.265256
vn -0.000002 98.498279 17.265256
vn -0.000001 98.498279 17.265256
vn -0.000001 98.498279 17.265256
vn -0.000001 98.498279 17.265256
vn -0.000001 98.498279 17.265256
vn -0.000000 98.498279 17.265256
vn -0.000000 98.498279 17.265256
vn -0.000000 98.498279 17.265256
vn -0.000000 98.498279 17.265256
vn -0.000000 98.498279 17.265256
vn -0.000000 98.498279 17.265256
vn -0.000000 98.498279 17.265256
vn -0.000000 98.498279 17.265256
vn -0.000000 98.498279 17.265256
vn -0.000000 98.498279 17.265256
vn -0.000000 98.498279 17.265256
vn -0.000000 98.498279 17.265256
vn 0.000000 98.498279 17.265256
vn 0.000000 98.498279 17.265256
vn -8.684693 98.114427 17.266596
vn -8.713961 98.111864 17.266413
vn -17.367813 96.953621 17.272937
vn -17.419859 96.944388 17.272351
vn -26.091827 94.976447 17.282682
vn -26.159564 94.958002 17.281640
vn -34.857950 92.119270 17.290559
vn -34.934566 92.090515 17.289106
vn -43.496998 88.368219 17.293610
vn -43.576464 88.329402 17.291865
vn -51.754679 83.798962 17.297025
vn -51.833271 83.750765 17.295126
vn -59.653078 78.372337 17.299918
vn -59.726716 78.316655 17.298004
vn -63.464222 75.319416 17.299655
vn -63.533900 75.261081 17.297783
vn -67.164515 72.039747 17.297478
vn -67.229378 71.979651 17.295679
vn -70.687647 68.586752 17.294913
vn -70.747489 68.525452 17.293211
vn -74.028930 64.966768 17.292671
vn -74.083635 64.904802 17.291086
vn -77.192258 61.175015 17.290830
vn -77.241638 61.113066 17.289377
vn -80.178573 57.205619 17.289120
vn -80.222414 57.144517 17.287813
vn -82.985690 53.052194 17.286990
vn -83.023802 52.992907 17.285838
vn -85.620304 48.687302 17.283235
vn -85.652400 48.631167 17.282244
vn -88.060498 44.123520 17.276099
vn -88.086495 44.071922 17.275273
vn -90.229301 39.502764 17.268609
vn -90.250063 39.455602 17.267937
vn -92.137311 34.824396 17.262018
vn -92.153548 34.781671 17.261489
vn -93.792593 30.085548 17.257151
vn -93.804901 30.047382 17.256752
vn -95.200408 25.281742 17.254443
vn -95.209311 25.248387 17.254158
vn -96.363034 20.407505 17.253966
vn -96.369026 20.379349 17.253779
vn -97.279654 15.456974 17.255461
vn -97.283235 15.434537 17.255353
vn -97.946305 10.424526 17.258351
vn -97.948022 10.408456 17.258303
vn -98.355904 5.305434 17.261766
vn -98.356388 5.296488 17.261753
vn -98.498355 0.096564 17.264549
vn -98.498356 0.095587 17.264549
vn -98.363113 -5.157965 17.265380
vn -98.363506 -5.150514 17.265368
vn -97.957329 -10.309553 17.264841
vn -97.958906 -10.294646 17.264792
vn -97.290661 -15.377713 17.264216
vn -97.294098 -15.356074 17.264109
vn -96.369755 -20.366979 17.264312
vn -96.375650 -20.339223 17.264125
vn -95.198121 -25.282717 17.265630
vn -95.207033 -25.249334 17.265344
vn -93.776115 -30.130457 17.268350
vn -93.788599 -30.091804 17.267948
vn -92.100992 -34.915249 17.272311
vn -92.117645 -34.871552 17.271777
vn -90.167035 -39.641036 17.276979
vn -90.188535 -39.592394 17.276300
vn -87.957936 -44.325468 17.281621
vn -87.985095 -44.271860 17.280785
vn -85.512323 -48.876464 17.283918
vn -85.545499 -48.818727 17.282924
vn -82.881281 -53.216282 17.283533
vn -82.920400 -53.155682 17.282382
vn -80.077198 -57.349698 17.281620
vn -80.122032 -57.287439 17.280317
vn -77.109153 -61.282998 17.279258
vn -77.159359 -61.220181 17.277812
vn -73.982909 -65.023235 17.277389
vn -74.038071 -64.960837 17.275814
vn -70.700995 -68.577569 17.276757
vn -70.760663 -68.516425 17.275069
vn -67.262838 -71.952669 17.277850
vn -67.326575 -71.893460 17.276071
vn -59.901110 -78.186115 17.285500
vn -59.971958 -78.132203 17.283610
vn -55.962676 -81.050569 17.291156
vn -56.036836 -80.999721 17.289252
vn -51.838829 -83.747026 17.296574
vn -51.916411 -83.699344 17.294680
vn -43.325687 -88.451639 17.297181
vn -43.406125 -88.412532 17.295449
vn -34.746525 -92.161947 17.287408
vn -34.823653 -92.133101 17.285975
vn -26.136577 -94.965597 17.274683
vn -26.203971 -94.947211 17.273652
vn -17.504492 -96.930349 17.265581
vn -17.555336 -96.921256 17.265002
vn -8.815691 -98.103283 17.263530
vn -8.843601 -98.100803 17.263349
vn 0.000000 -98.498279 17.265252
vn 0.000000 -98.498279 17.265252
vn 0.000002 -98.498279 17.265253
vn 0.000002 -98.498279 17.265253
vn 0.000002 -98.498279 17.265253
vn 0.000002 -98.498279 17.265253
vn 0.000002 -98.498279 17.265253
vn 0.000002 -98.498279 17.265253
vn 0.000002 -98.498279 17.265253
vn 0.000002 -98.498279 17.265253
vn 0.000002 -98.498279 17.265253
vn 0.000002 -98.498279 17.265253
vn 0.000001 -98.498279 17.265253
vn 0.000001 -98.498279 17.265253
vn 0.000001 -98.498279 17.265253
vn 0.000001 -98.498279 17.265253
vn 0.000001 -98.498279 17.265253
vn 0.000001 -98.498279 17.265253
vn 0.000001 -98.498279 17.265253
vn 0.000001 -98.498279 17.265253
vn 0.000001 -98.498279 17.265253
vn 0.000001 -98.498279 17.265253
vn 0.000000 -98.498279 17.265253
vn 0.000000 -98.498279 17.265253
vn 0.000000 -98.498279 17.265253
vn 0.000000 -98.498279 17.265253
vn 0.000000 -98.498279 17.265253
vn 0.000000 -98.498279 17.265253
vn 0.000000 -98.498279 17.265253
vn 0.000000 -98.498279 17.265253
vn 0.000000 -98.498279 17.265253
vn 0.000000 -98.498279 17.265253
vn 0.000000 -98.498279 17.265253
vn 0.000000 -98.498279 17.265253
vn 0.000000 -98.498279 17.265253
vn 0.000000 -98.498279 17.265253
vn 0.000000 -98.498279 17.265253
vn 0.000000 -98.498279 17.265253
vn 0.000000 -98.498279 17.265253
vn 0.000000 -98.498279 17.265253
vn 0.000000 -98.498279 17.265253
vn 0.000000 -98.498279 17.265253
vn 0.000000 -98.498279 17.265253
vn 0.000000 -98.498279 17.265253
vn 0.000000 -98.498279 17.265253
vn 0.000000 -98.498279 17.265253
vn 0.000000 -98.498279 17.265253
vn 0.000000 -98.498279 17.265253
vn 0.000000 -98.498279 17.265253
vn 0.000000 -98.498279 17.265253
vn 0.000000 -98.498279 17.265253
vn 0.000000 -98.498279 17.265253
vn 0.000000 -98.498279 17.265253
vn 0.000000 -98.498279 17.265253
vn 0.000000 -98.498279 17.265253
vn 11.967143 -97.767985 17.268717
vn 19.206518 -96.605582 17.276318
vn 17.960447 -96.845362 17.274206
vn 23.978322 -95.532183 17.281264
vn 28.535150 -94.270245 17.287746
vn 32.266134 -93.058836 17.290158
vn 37.716652 -90.985394 17.294864
vn 40.529923 -89.767656 17.294313
vn 46.465720 -86.842998 17.298282
vn 48.482592 -85.733533 17.297389
vn 54.694960 -81.909080 17.302138
vn 56.110722 -80.946079 17.300844
vn 62.453723 -76.158523 17.303522
vn 62.265456 -76.312919 17.301773
vn 68.147938 -71.109931 17.298450
vn 69.672657 -69.616585 17.298897
vn 73.588577 -65.464666 17.294476
vn 76.134665 -62.485372 17.294250
vn 78.577866 -59.384568 17.291387
vn 81.873119 -54.752540 17.290220
vn 83.117357 -52.845359 17.287942
vn 86.922492 -46.323204 17.281235
vn 87.216529 -45.767827 17.279557
vn 90.697023 -38.417225 17.267507
vn 91.080534 -37.499321 17.266650
vn 93.520996 -30.918874 17.258230
vn 94.283911 -28.508805 17.256653
vn 95.715120 -23.257427 17.254212
vn 96.588587 -19.311344 17.254476
vn 97.287008 -15.410467 17.255596
vn 98.005062 -9.855997 17.258828
vn 98.224149 -7.354843 17.260442
vn 98.498353 -0.098700 17.264549
vn 98.493982 0.926650 17.264901
vn 98.016100 9.734661 17.265010
vn 98.065839 9.220070 17.265035
vn 96.970763 17.280518 17.264266
vn 96.596879 19.260830 17.264515
vn 95.234512 25.145153 17.265836
vn 94.272428 28.539923 17.267952
vn 92.862771 32.836297 17.270885
vn 91.029946 37.617652 17.276028
vn 89.841241 40.373380 17.278354
vn 86.805944 46.539906 17.284828
vn 86.145478 47.751450 17.284550
vn 81.767394 54.911866 17.285262
vn 81.944491 54.647570 17.284195
vn 77.313880 61.024063 17.280850
vn 76.058630 62.581435 17.281457
vn 72.282246 66.908379 17.278475
vn 69.704032 69.589824 17.280172
vn 66.857267 72.329207 17.279806
vn 62.676081 75.979764 17.285379
vn 61.027109 77.310383 17.285733
vn 58.885754 78.952582 17.290395
vn 54.762513 81.865520 17.294619
vn 54.893626 81.777337 17.296156
vn 48.068923 85.965493 17.300652
vn 46.355114 86.901309 17.302194
vn 41.285625 89.422053 17.297214
vn 37.547956 91.055216 17.294468
vn 34.461655 92.268640 17.288505
vn 28.537649 94.270804 17.280572
vn 27.623734 94.543117 17.277974
vn 20.778131 96.281089 17.269080
vn 19.328896 96.582592 17.268375
vn 13.912960 97.510892 17.264282
vn 9.861183 98.003653 17.263868
vn 7.000600 98.249411 17.263975
vn -0.000000 98.498278 17.265260
vn 0.000000 98.498278 17.265260
vn -0.000006 98.498278 17.265260
vn -0.000002 98.498279 17.265256
vn -0.000004 98.498278 17.265258
vn -0.000004 98.498278 17.265258
vn -0.000004 98.498278 17.265259
vn 0.000000 98.498279 17.265256
vn -0.000000 98.498279 17.265256
vn -0.000001 98.498279 17.265256
vn -0.000001 98.498279 17.265256
vn -9.722105 98.016900 17.267543
vn -8.655706 98.116957 17.266777
vn 0.000000 98.498279 17.265256
vn -0.000000 98.498279 17.265256
vn -17.316328 96.962728 17.273512
vn -19.206519 96.605583 17.276314
vn -26.024886 94.994626 17.283703
vn -28.535151 94.270245 17.287742
vn -34.782303 92.147592 17.291981
vn -37.716653 90.985394 17.294861
vn -43.418601 88.406431 17.295317
vn -46.465721 86.842998 17.298280
vn -51.677193 83.846385 17.298882
vn -54.694961 81.909080 17.302136
vn -59.580516 78.427102 17.301788
vn -62.453724 76.158522 17.303521
vn -63.395580 75.376781 17.301484
vn -67.100632 72.098833 17.299235
vn -69.672659 69.616584 17.298896
vn -70.628722 68.647011 17.296575
vn -73.975073 65.027675 17.294219
vn -76.134666 62.485371 17.294249
vn -77.143652 61.235897 17.292247
vn -80.135425 57.265661 17.290395
vn -81.873120 54.752539 17.290219
vn -82.948186 53.110447 17.288115
vn -85.588724 48.742452 17.284202
vn -86.922493 46.323203 17.281235
vn -88.034923 44.174210 17.276905
vn -91.080535 37.499320 17.266650
vn -90.208879 39.549092 17.269264
vn -92.121342 34.866362 17.262534
vn -94.283912 28.508804 17.256653
vn -93.780489 30.123034 17.257541
vn -95.191652 25.314501 17.254721
vn -96.588587 19.311343 17.254476
vn -96.357141 20.435157 17.254149
vn -97.276132 15.479008 17.255565
vn -98.005062 9.855997 17.258829
vn -97.944615 10.440308 17.258398
vn -98.355427 5.314221 17.261777
vn -98.498353 0.098700 17.264549
vn -98.498355 0.097523 17.264549
vn -98.362727 -5.165283 17.265392
vn -98.016100 -9.734661 17.265010
vn -97.955779 -10.324193 17.264888
vn -97.287282 -15.398964 17.264321
vn -96.596879 -19.260830 17.264514
vn -96.363957 -20.394238 17.264494
vn -95.189357 -25.315504 17.265908
vn -94.272428 -28.539923 17.267952
vn -93.763836 -30.168421 17.268742
vn -92.084612 -34.958169 17.272832
vn -91.029947 -37.617651 17.276027
vn -90.145886 -39.688818 17.277642
vn -87.931216 -44.378132 17.282437
vn -86.805945 -46.539905 17.284826
vn -85.479679 -48.933191 17.284887
vn -81.767395 -54.911865 17.285260
vn -82.842785 -53.275827 17.284655
vn -80.033072 -57.410880 17.282890
vn -76.058631 -62.581434 17.281455
vn -77.059731 -61.344734 17.280669
vn -73.928601 -65.084566 17.278927
vn -69.704033 -69.589823 17.280169
vn -70.642240 -68.637676 17.278405
vn -67.200065 -72.010881 17.279588
vn -62.676083 -75.979763 17.285375
vn -59.831302 -78.239139 17.287346
vn -58.885756 -78.952582 17.290391
vn -55.889585 -81.100590 17.293019
vn -54.893627 -81.777337 17.296151
vn -51.762340 -83.793942 17.298425
vn -46.355116 -86.901309 17.302189
vn -43.246323 -88.490138 17.298876
vn -37.547957 -91.055217 17.294462
vn -34.670369 -92.190360 17.288811
vn -28.537650 -94.270804 17.280566
vn -26.069977 -94.983718 17.275693
vn -19.328897 -96.582593 17.268369
vn -17.454198 -96.939316 17.266150
vn -9.861183 -98.003654 17.263860
vn -8.788051 -98.105732 17.263707
vn 0.000000 -98.498279 17.265252
vn 0.000000 -98.498279 17.265252
vn 0.000002 -98.498279 17.265253
vn 0.000001 -98.498279 17.265253
vn 0.000001 -98.498279 17.265253
vn 0.000001 -98.498279 17.265253
vn 0.000002 -98.498279 17.265253
vn 0.000000 -98.498279 17.265253
vn 0.000000 -98.498279 17.265253
vn 0.000000 -98.498279 17.265253
vn 0.000000 -98.498279 17.265258
vn 0.000000 -98.498279 17.265253
vn 0.000000 -98.498279 17.265253
vn 0.000000 -98.498279 17.265253
vn 0.000000 -98.498279 17.265253
vn 0.000000 -98.498279 17.265253
vn 0.000000 -98.498279 17.265253
vn 0.000000 -98.498279 17.265253
vn 0.000000 -98.498279 17.265253
vn 0.000000 -98.498279 17.265253
vn 0.000000 -98.498279 17.265253
vn 0.000000 -98.498279 17.265253
vn 0.000000 -98.498279 17.265253
vn 0.000000 -98.498279 17.265253
vn 0.000000 -98.498279 17.265253
vn 0.000000 -98.498279 17.265253
vn 0.000000 -98.498279 17.265253
vn 0.000000 -98.498279 17.265253
vn 0.000000 -98.498279 17.265253
vn 0.000000 -98.498279 17.265253
vn 0.000000 -98.498279 17.265253
vn 0.000000 -98.498279 17.265253
vn 0.000000 -98.498279 17.265253
vn 0.000000 -98.498279 17.265253
vn 0.000000 -98.498279 17.265253
vn 0.000001 -98.498279 17.265253
vn 0.000001 -98.498279 17.265253
vn 0.000001 -98.498279 17.265253
vn 0.000001 -98.498279 17.265253
vn 0.000001 -98.498279 17.265253
vn 0.000001 -98.498279 17.265253
vn 0.000002 -98.498279 17.265253
vn 0.000002 -98.498279 17.265253
vn 0.000002 -98.498279 17.265253
vn 0.000002 -98.498279 17.265253
vn 0.000002 -98.498279 17.265253
vn 0.000002 -98.498279 17.265253
vn 0.000002 -98.498279 17.265253
vn 0.000002 -98.498279 17.265253
vn 0.000002 -98.498279 17.265253
vn 0.000002 -98.498279 17.265253
vn 0.000003 -98.498279 17.265253
vn 0.000003 -98.498279 17.265253
vn 0.000003 -98.498279 17.265253
vn 0.000003 -98.498279 17.265253
vn 0.000000 -98.498279 17.265252
vn 0.000003 -98.498279 17.265253
vn 0.000000 -98.498279 17.265252
vn 0.000002 -98.498279 17.265253
vn 0.000000 -98.498279 17.265252
vn 0.000002 -98.498279 17.265253
vn 0.000000 -98.498279 17.265252
vn 0.000002 -98.498279 17.265253
vn -0.000000 -98.498279 17.265252
vn 0.000002 -98.498279 17.265253
vn 0.000000 -98.498279 17.265252
vn 0.000002 -98.498279 17.265253
vn -0.000000 -98.498279 17.265252
vn 0.000000 -98.498279 17.265252
vn -9.789634 -98.012139 17.256411
vn -9.642102 -98.026553 17.257603
vn -19.315688 -96.589940 17.242030
vn -19.035702 -96.644787 17.246075
vn -28.580144 -94.266868 17.231745
vn -28.195034 -94.381394 17.239271
vn -37.131575 -91.236603 17.237414
vn -27.831026 -94.488122 17.246125
vn -36.705394 -91.407044 17.247216
vn -27.159251 -94.681217 17.258104
vn -35.923873 -91.713808 17.264203
vn -26.848683 -94.768797 17.263350
vn -35.564754 -91.852276 17.271584
vn -26.553352 -94.851093 17.268167
vn -35.224533 -91.982018 17.278331
vn -26.411057 -94.890402 17.270429
vn -35.061054 -92.043863 17.281488
vn -26.272172 -94.928554 17.272599
vn -34.901770 -92.103812 17.284511
vn -37.585792 -91.052474 17.226583
vn -45.842070 -87.186153 17.235992
vn -45.388016 -87.420996 17.248115
vn -44.560372 -87.841651 17.268978
vn -44.182219 -88.030692 17.277985
vn -43.825218 -88.207358 17.286188
vn -43.654108 -88.291416 17.290017
vn -43.487660 -88.372802 17.293679
vn -46.327299 -86.931962 17.222523
vn -54.293757 -82.190921 17.229057
vn -53.846511 -82.481804 17.242543
vn -53.036142 -83.000398 17.265621
vn -52.667964 -83.232454 17.275535
vn -52.321574 -83.448772 17.284540
vn -52.155959 -83.551514 17.288736
vn -51.995111 -83.650878 17.292743
vn -54.772878 -81.875575 17.214006
vn -58.320987 -79.385327 17.223018
vn -57.889541 -79.697542 17.236670
vn -57.109847 -80.253090 17.259980
vn -56.756477 -80.501244 17.269976
vn -56.424514 -80.732328 17.279047
vn -56.265968 -80.842003 17.283271
vn -56.112089 -80.948024 17.287303
vn -62.609427 -76.053536 17.202306
vn -62.163913 -76.414672 17.217605
vn -61.748424 -76.747741 17.231262
vn -60.999289 -77.339306 17.254518
vn -60.660499 -77.603106 17.264466
vn -60.342648 -77.848518 17.273481
vn -60.190982 -77.964912 17.277676
vn -60.043870 -78.077380 17.281678
vn -69.720332 -69.593757 17.198380
vn -69.312978 -69.995843 17.213163
vn -68.934301 -70.365595 17.226295
vn -68.254082 -71.020200 17.248520
vn -67.947533 -71.311256 17.257972
vn -67.660537 -71.581557 17.266510
vn -67.523803 -71.709601 17.270473
vn -67.391300 -71.833231 17.274249
vn -72.625773 -66.551787 17.215017
vn -76.124942 -62.521577 17.205979
vn -75.766845 -62.951385 17.219415
vn -78.736563 -59.193131 17.225766
vn -75.435843 -63.344424 17.231295
vn -78.434020 -59.590252 17.236774
vn -74.842963 -64.038460 17.251276
vn -77.892779 -60.290728 17.255235
vn -74.576489 -64.346323 17.259724
vn -77.649792 -60.601137 17.263021
vn -74.327415 -64.631840 17.267329
vn -77.422829 -60.888850 17.270019
vn -74.208884 -64.766961 17.270850
vn -77.314873 -61.024955 17.273254
vn -74.094107 -64.897345 17.274200
vn -77.210368 -61.156255 17.276331
vn -81.828319 -54.840993 17.221840
vn -81.533611 -55.274653 17.233194
vn -81.262364 -55.669565 17.243196
vn -80.777671 -56.365439 17.259928
vn -80.560307 -56.673527 17.266969
vn -80.357407 -56.958938 17.273288
vn -80.260942 -57.093903 17.276208
vn -80.167588 -57.224074 17.278982
vn -84.154788 -51.193095 17.240609
vn -86.814705 -46.540930 17.238004
vn -86.594837 -46.945532 17.246776
vn -88.846336 -42.529435 17.250384
vn -86.392474 -47.314092 17.254482
vn -88.679908 -42.872771 17.256866
vn -86.031732 -47.962281 17.267332
vn -88.383629 -43.475989 17.267673
vn -85.870310 -48.248760 17.272725
vn -88.251219 -43.742350 17.272207
vn -85.719828 -48.513885 17.277557
vn -88.127875 -43.988727 17.276271
vn -85.648351 -48.639170 17.279787
vn -88.069319 -44.105109 17.278147
vn -85.579221 -48.759950 17.281905
vn -88.012704 -44.217282 17.279928
vn -91.015594 -37.666302 17.245618
vn -90.871872 -38.009010 17.251612
vn -90.739583 -38.321383 17.256874
vn -90.504365 -38.869748 17.265647
vn -90.399361 -39.111709 17.269330
vn -90.301611 -39.335420 17.272631
vn -90.255227 -39.441064 17.274155
vn -90.210394 -39.542868 17.275603
vn -92.647830 -33.447499 17.252374
vn -94.270460 -28.557434 17.249735
vn -94.186538 -28.830878 17.253303
vn -95.491316 -24.159414 17.254894
vn -94.109327 -29.080065 17.256432
vn -95.436122 -24.374948 17.257132
vn -93.972247 -29.516990 17.261639
vn -95.338173 -24.752695 17.260850
vn -93.911137 -29.709574 17.263821
vn -95.294525 -24.919127 17.262406
vn -93.854296 -29.887523 17.265777
vn -95.253935 -25.072876 17.263799
vn -93.827340 -29.971521 17.266679
vn -95.234689 -25.145439 17.264441
vn -93.801294 -30.052444 17.267536
vn -95.216095 -25.215338 17.265050
vn -96.603598 -19.235126 17.255571
vn -96.563798 -19.432446 17.257258
vn -96.527257 -19.611855 17.258733
vn -96.462423 -19.926179 17.261179
vn -96.433539 -20.064623 17.262200
vn -96.406681 -20.192494 17.263113
vn -96.393947 -20.252835 17.263534
vn -96.381646 -20.310957 17.263933
vn -97.403798 -14.648798 17.260151
vn -98.019879 -9.700906 17.262553
vn -98.009221 -9.807215 17.262998
vn -98.376043 -4.906807 17.264918
vn -97.999448 -9.903720 17.263386
vn -98.373607 -4.955069 17.265015
vn -97.982109 -10.072717 17.264027
vn -98.369286 -5.039570 17.265176
vn -97.974385 -10.147121 17.264293
vn -98.367362 -5.076768 17.265242
vn -97.967203 -10.215826 17.264530
vn -98.365573 -5.111114 17.265302
vn -97.963798 -10.248243 17.264639
vn -98.364724 -5.127319 17.265329
vn -97.960509 -10.279463 17.264743
vn -98.363905 -5.142925 17.265355
vn -98.498386 0.056499 17.264554
vn -98.498381 0.063632 17.264554
vn -98.498377 0.069960 17.264553
vn -98.498369 0.081039 17.264551
vn -98.498365 0.085917 17.264551
vn -98.498361 0.090420 17.264550
vn -98.498359 0.092545 17.264550
vn -98.498357 0.094591 17.264549
vn -98.371789 5.003945 17.261279
vn -98.014411 9.767577 17.256006
vn -98.002749 9.883093 17.256467
vn -97.397450 14.701273 17.251354
vn -97.992135 9.987094 17.256869
vn -97.375281 14.846396 17.252220
vn -97.973284 10.169235 17.257526
vn -97.335932 15.100596 17.253649
vn -97.964879 10.249433 17.257798
vn -97.318394 15.212538 17.254242
vn -97.957060 10.323491 17.258038
vn -97.302084 15.315920 17.254770
vn -97.953352 10.358434 17.258149
vn -97.294350 15.364702 17.255013
vn -97.949769 10.392089 17.258253
vn -97.286877 15.411687 17.255243
vn -96.600697 19.258986 17.245199
vn -96.560189 19.459560 17.246895
vn -96.523073 19.641534 17.248376
vn -96.457207 19.960362 17.250830
vn -96.427857 20.100795 17.251854
vn -96.400564 20.230505 17.252768
vn -96.387622 20.291715 17.253189
vn -96.375120 20.350675 17.253588
vn -95.493323 24.159439 17.243745
vn -94.279890 28.532955 17.238702
vn -94.197288 28.802366 17.242233
vn -92.670675 33.389336 17.242341
vn -94.121139 29.048404 17.245331
vn -92.570396 33.664267 17.246415
vn -93.985963 29.479813 17.250491
vn -92.392294 34.146603 17.253215
vn -93.925709 29.669968 17.252655
vn -92.312869 34.359310 17.256072
vn -93.869668 29.845674 17.254595
vn -92.238975 34.555912 17.258636
vn -93.843093 29.928614 17.255491
vn -92.203926 34.648733 17.259821
vn -93.817416 30.008517 17.256342
vn -92.170057 34.738167 17.260947
vn -91.048964 37.589148 17.237810
vn -90.910360 37.920473 17.243672
vn -90.782466 38.223315 17.248826
vn -90.555143 38.754960 17.257439
vn -90.453694 38.989549 17.261063
vn -90.359271 39.206448 17.264316
vn -90.314471 39.308877 17.265819
vn -90.271172 39.407583 17.267249
vn -88.911701 42.394629 17.245430
vn -86.881669 46.415905 17.237728
vn -86.668795 46.808996 17.246388
vn -84.227789 51.071692 17.244184
vn -86.472598 47.167670 17.254006
vn -83.995821 51.449346 17.253025
vn -86.123071 47.798288 17.266737
vn -83.582045 52.113956 17.267812
vn -85.966760 48.076928 17.272092
vn -83.396784 52.407863 17.274035
vn -85.821092 48.334759 17.276897
vn -83.224019 52.679952 17.279621
vn -85.751919 48.456584 17.279118
vn -83.141937 52.808558 17.282203
vn -85.685026 48.574021 17.281228
vn -83.062537 52.932558 17.284657
vn -81.891952 54.743544 17.229412
vn -81.604128 55.168141 17.240722
vn -81.338411 55.556067 17.250692
vn -80.863850 56.239441 17.267399
vn -80.651132 56.541920 17.274440
vn -80.452625 56.822092 17.280767
vn -80.358268 56.954567 17.283692
vn -80.266965 57.082327 17.286474
vn -78.794036 59.113257 17.237250
vn -76.153815 62.482273 17.220973
vn -75.798788 62.908804 17.234445
vn -72.617990 66.555709 17.232676
vn -75.470287 63.299280 17.246362
vn -72.260588 66.940307 17.245370
vn -74.882014 63.988708 17.266420
vn -71.619553 67.620246 17.266786
vn -74.617664 64.294493 17.274908
vn -71.331071 67.922181 17.275868
vn -74.370604 64.578066 17.282553
vn -71.061220 68.202378 17.284058
vn -74.253042 64.712261 17.286093
vn -70.932732 68.335040 17.287854
vn -74.139208 64.841748 17.289462
vn -70.808269 68.463086 17.291469
vn -69.664911 69.644652 17.216932
vn -69.249823 70.053710 17.231938
vn -68.864816 70.428958 17.245261
vn -68.173034 71.093324 17.267791
vn -67.861196 71.388730 17.277365
vn -67.569205 71.663076 17.286008
vn -67.430076 71.793037 17.290017
vn -67.295244 71.918519 17.293837
vn -65.695755 73.397109 17.231719
vn -62.465298 76.169063 17.215120
vn -62.002076 76.543078 17.230778
vn -54.725763 81.907072 17.214018
vn -54.240666 82.225944 17.229173
vn -46.466002 86.858687 17.218571
vn -45.986188 87.110995 17.232093
vn -37.679944 91.013090 17.229024
vn -37.229326 91.196276 17.239967
vn -28.547063 94.275508 17.239311
vn -28.160160 94.390410 17.246910
vn -19.221399 96.607496 17.249045
vn -18.933895 96.663520 17.253159
vn -9.706172 98.019931 17.259295
vn -9.550700 98.034986 17.260525
vn 0.000000 98.498279 17.265256
vn 0.000000 98.498279 17.265256
vn -0.000000 98.498279 17.265256
vn -0.000000 98.498279 17.265256
vn -0.000000 98.498279 17.265256
vn -0.000000 98.498279 17.265256
vn -0.000000 98.498279 17.265256
vn -0.000000 98.498279 17.265256
vn -0.000000 98.498279 17.265256
vn -0.000000 98.498279 17.265256
vn -0.000000 98.498279 17.265256
vn -0.000000 98.498279 17.265256
vn -0.000000 98.498279 17.265256
vn -0.000000 98.498279 17.265256
vn -0.000000 98.498279 17.265256
vn -0.000000 98.498279 17.265256
vn -0.000000 98.498279 17.265256
vn -0.000000 98.498279 17.265256
vn -0.000000 98.498279 17.265256
vn -0.000000 98.498279 17.265256
vn -0.000000 98.498279 17.265256
vn -0.000000 98.498279 17.265256
vn -0.000000 98.498279 17.265256
vn -0.000000 98.498279 17.265256
vn -0.000000 98.498279 17.265256
vn -0.000000 98.498279 17.265256
vn -0.000000 98.498279 17.265256
vn -0.000001 98.498279 17.265256
vn -0.000000 98.498279 17.265256
vn -0.000000 98.498279 17.265256
vn -0.000000 98.498279 17.265256
vn -0.000001 98.498279 17.265256
vn -0.000001 98.498279 17.265256
vn -0.000001 98.498279 17.265256
vn -0.000001 98.498279 17.265256
vn -0.000001 98.498279 17.265256
vn -0.000000 98.498279 17.265256
vn -0.000001 98.498279 17.265256
vn -0.000001 98.498279 17.265256
vn -0.000001 98.498279 17.265256
vn -0.000001 98.498279 17.265257
vn -0.000001 98.498279 17.265257
vn -0.000001 98.498279 17.265257
vn -0.000002 98.498279 17.265257
vn -0.000001 98.498279 17.265256
vn -0.000002 98.498279 17.265258
vn -0.000002 98.498279 17.265258
vn -0.000002 98.498279 17.265258
vn -0.000002 98.498278 17.265258
vn -0.000002 98.498279 17.265258
vn -0.000002 98.498278 17.265258
vn -0.000003 98.498279 17.265258
vn -0.000003 98.498278 17.265258
vn -0.000003 98.498278 17.265258
vn -0.000003 98.498278 17.265258
vn -0.000003 98.498278 17.265258
vn -0.000004 98.498278 17.265258
vn -0.000003 98.498278 17.265258
vn -0.000004 98.498278 17.265258
vn -0.000003 98.498278 17.265258
vn -0.000004 98.498278 17.265258
vn -0.000002 98.498278 17.265258
vn -0.000002 98.498278 17.265259
vn -0.000003 98.498278 17.265259
vn -0.000003 98.498278 17.265259
vn -0.000004 98.498278 17.265259
vn -0.000004 98.498278 17.265259
vn -0.000004 98.498278 17.265259
vn -0.000004 98.498278 17.265259
vn -0.000002 98.498278 17.265259
vn -0.000003 98.498278 17.265259
vn -0.000003 98.498278 17.265259
vn -0.000004 98.498278 17.265259
vn -0.000004 98.498278 17.265259
vn -0.000004 98.498278 17.265259
vn -0.000005 98.498278 17.265259
vn -0.000005 98.498278 17.265259
vn -0.000002 98.498278 17.265259
vn -0.000002 98.498278 17.265259
vn -0.000003 98.498278 17.265260
vn -0.000003 98.498278 17.265260
vn -0.000003 98.498278 17.265260
vn -0.000003 98.498278 17.265260
vn -0.000000 98.498278 17.265260
vn 0.000000 98.498278 17.265260
vn 7.687457 98.198760 17.259969
vn 9.789634 98.012138 17.256418
vn 15.216220 97.318483 17.250493
vn 19.315688 96.589939 17.242036
vn 22.592895 95.876217 17.242742
vn 28.580143 94.266867 17.231751
vn 29.825032 93.879156 17.238665
vn 37.585792 91.052473 17.226588
vn 36.917164 91.323567 17.237436
vn 43.867092 88.196248 17.236594
vn 36.492076 91.492423 17.247172
vn 43.416573 88.416621 17.248253
vn 35.712445 91.796372 17.264050
vn 42.594248 88.811791 17.268350
vn 35.354143 91.933584 17.271384
vn 42.218038 88.989557 17.277037
vn 35.014667 92.062157 17.278089
vn 41.862588 89.155785 17.284956
vn 34.851536 92.123448 17.281226
vn 41.692125 89.234910 17.288654
vn 34.692585 92.182861 17.284231
vn 41.526244 89.311540 17.292191
vn 46.327298 86.931962 17.222528
vn 50.662378 84.476869 17.233165
vn 50.206128 84.746160 17.246248
vn 49.377314 85.227188 17.268680
vn 48.999844 85.442814 17.278333
vn 48.644189 85.644023 17.287109
vn 48.473966 85.739659 17.291200
vn 48.308529 85.832192 17.295109
vn 54.772878 81.875574 17.214011
vn 57.221229 80.181297 17.224705
vn 56.785437 80.487603 17.238327
vn 55.997343 81.032924 17.261601
vn 55.639933 81.276627 17.271587
vn 55.304042 81.503632 17.280651
vn 55.143574 81.611392 17.284873
vn 54.987803 81.715576 17.288904
vn 62.609427 76.053535 17.202309
vn 63.327951 75.453104 17.216262
vn 62.917678 75.792459 17.229886
vn 62.178432 76.394859 17.253063
vn 61.844319 76.663356 17.262969
vn 61.530971 76.913065 17.271941
vn 61.381495 77.031474 17.276114
vn 61.236530 77.145873 17.280096
vn 69.720332 69.593757 17.198383
vn 68.981953 70.322103 17.213133
vn 68.601265 70.690316 17.226308
vn 67.917325 71.342290 17.248612
vn 67.609054 71.632212 17.258101
vn 67.320420 71.901482 17.266673
vn 67.182895 72.029044 17.270652
vn 67.049622 72.152212 17.274444
vn 74.196168 64.795887 17.216899
vn 76.124941 62.521576 17.205981
vn 78.976546 58.872385 17.226360
vn 81.828319 54.840992 17.221842
vn 83.319142 52.542962 17.238266
vn 86.814705 46.540930 17.238006
vn 87.207902 45.796148 17.248033
vn 91.015594 37.666302 17.245619
vn 90.593013 38.669017 17.251468
vn 93.360951 31.401850 17.252728
vn 90.456057 38.985907 17.256903
vn 93.270001 31.668968 17.256404
vn 90.212506 39.542258 17.265965
vn 93.108475 32.137471 17.262525
vn 90.103768 39.787764 17.269768
vn 93.036447 32.344028 17.265092
vn 90.002533 40.014764 17.273178
vn 92.969437 32.534917 17.267393
vn 89.954493 40.121966 17.274752
vn 92.937655 32.625033 17.268455
vn 89.908057 40.225272 17.276248
vn 92.906944 32.711855 17.269464
vn 94.270460 28.557434 17.249736
vn 95.532601 23.995592 17.254965
vn 95.478113 24.209913 17.257173
vn 95.381419 24.585530 17.260844
vn 95.338330 24.751021 17.262379
vn 95.298261 24.903900 17.263754
vn 95.279262 24.976052 17.264388
vn 95.260907 25.045555 17.264989
vn 96.603598 19.235126 17.255571
vn 97.116247 16.448715 17.259034
vn 97.089643 16.603919 17.260103
vn 97.042442 16.875788 17.261873
vn 97.021414 16.995513 17.262611
vn 97.001863 17.106085 17.263270
vn 96.992593 17.158260 17.263573
vn 96.983639 17.208514 17.263861
vn 98.019879 9.700906 17.262553
vn 98.108582 8.756525 17.263526
vn 98.100766 8.843060 17.263836
vn 98.086898 8.994594 17.264348
vn 98.080720 9.061307 17.264560
vn 98.074976 9.122909 17.264750
vn 98.072253 9.151974 17.264837
vn 98.069622 9.179966 17.264919
vn 98.498386 -0.056499 17.264554
vn 98.494202 0.903236 17.264890
vn 98.494161 0.907608 17.264892
vn 98.494090 0.915263 17.264895
vn 98.494058 0.918632 17.264897
vn 98.494029 0.921743 17.264898
vn 98.494015 0.923211 17.264899
vn 98.494001 0.924625 17.264900
vn 98.254259 -6.943407 17.259482
vn 98.014411 -9.767577 17.256005
vn 97.407330 -14.635594 17.251421
vn 96.600697 -19.258986 17.245199
vn 95.973023 -22.176397 17.244890
vn 94.279890 -28.532955 17.238702
vn 93.958656 -29.571598 17.242144
vn 91.048964 -37.589148 17.237810
vn 91.359582 -36.825214 17.243272
vn 88.160477 -43.935274 17.245930
vn 91.238744 -37.121325 17.248155
vn 87.988772 -44.275505 17.252699
vn 91.024006 -37.641069 17.256312
vn 87.683140 -44.873386 17.264017
vn 90.928192 -37.870372 17.259743
vn 87.546565 -45.137438 17.268779
vn 90.839024 -38.082366 17.262823
vn 87.419348 -45.381705 17.273054
vn 90.796721 -38.182472 17.264246
vn 87.358956 -45.497100 17.275031
vn 90.755838 -38.278936 17.265600
vn 87.300567 -45.608326 17.276909
vn 86.881669 -46.415905 17.237728
vn 84.384983 -50.811476 17.244380
vn 84.155158 -51.188263 17.253148
vn 83.745236 -51.851309 17.267812
vn 83.561713 -52.144507 17.273982
vn 83.390576 -52.415932 17.279521
vn 83.309270 -52.544221 17.282081
vn 83.230622 -52.667913 17.284514
vn 81.891952 -54.743544 17.229412
vn 80.143514 -57.269883 17.238841
vn 79.860566 -57.660639 17.249371
vn 79.354892 -58.349384 17.267033
vn 79.128087 -58.654394 17.274485
vn 78.916357 -58.936995 17.281184
vn 78.815687 -59.070645 17.284283
vn 78.718259 -59.199555 17.287230
vn 76.153815 -62.482273 17.220973
vn 75.432253 -63.347915 17.234179
vn 75.100251 -63.737909 17.246195
vn 74.505606 -64.426588 17.266426
vn 74.238348 -64.732082 17.274990
vn 73.988547 -65.015407 17.282703
vn 73.869671 -65.149492 17.286276
vn 73.754561 -65.278877 17.289676
vn 69.664911 -69.644651 17.216933
vn 70.250913 -69.049730 17.232065
vn 69.873848 -69.428004 17.245220
vn 69.196707 -70.097438 17.267451
vn 68.891623 -70.394980 17.276893
vn 68.606044 -70.671247 17.285414
vn 68.470000 -70.802097 17.289366
vn 68.338176 -70.928424 17.293131
vn 64.605206 -74.358876 17.231510
vn 62.465298 -76.169063 17.215121
vn 58.612528 -79.168848 17.229771
vn 54.725763 -81.907072 17.214020
vn 51.063616 -84.235666 17.229616
vn 46.466002 -86.858686 17.218574
vn 43.070337 -88.588497 17.234391
vn 37.679944 -91.013090 17.229027
vn 34.643721 -92.209096 17.242249
vn 28.547066 -94.275506 17.239314
vn 26.011152 -95.004819 17.248317
vn 19.221411 -96.607493 17.249048
vn 19.623654 -96.525945 17.252660
vn 13.161628 -97.616316 17.257650
vn 19.342204 -96.582021 17.256659
vn 12.961490 -97.642733 17.259680
vn 18.819091 -96.684053 17.263710
vn 12.587368 -97.691029 17.263285
vn 18.575606 -96.730573 17.266822
vn 12.412272 -97.713147 17.264887
vn 18.343090 -96.774422 17.269694
vn 12.244490 -97.734052 17.266371
vn 18.230718 -96.795413 17.271046
vn 12.163200 -97.744078 17.267073
vn 18.120822 -96.815814 17.272347
vn 12.083574 -97.753834 17.267749
vn 9.706199 -98.019928 17.259298
vn 6.621764 -98.275901 17.262661
vn 6.516587 -98.282831 17.263236
vn 6.318715 -98.295570 17.264264
vn 6.225535 -98.301434 17.264725
vn 6.135902 -98.306994 17.265154
vn 6.092353 -98.309667 17.265358
vn 6.049616 -98.312272 17.265554
vn 0.000000 -98.498279 17.265253
vn 0.000000 -98.498279 17.265253
vn 0.000000 -98.498279 17.265253
vn 0.000000 -98.498279 17.265253
vn 0.000000 -98.498279 17.265253
vn 0.000000 -98.498279 17.265253
vn 0.000001 -98.498279 17.265253
vn 0.000001 -98.498279 17.265253
vn 0.000001 -98.498279 17.265253
vn 0.000002 -98.498279 17.265253
vn 0.000002 -98.498279 17.265253
vn 0.000002 -98.498279 17.265253
vn -0.000000 98.498279 17.265256
vn -0.000000 98.498279 17.265256
vn -0.000000 98.498279 17.265256
vn -0.000000 98.498279 17.265256
vn -0.000002 98.498279 17.265256
vn -0.000003 98.498279 17.265257
vn -0.000003 98.498279 17.265258
vn -0.000005 98.498278 17.265259
vn -0.000005 98.498278 17.265260
vn 25.664042 -95.098051 17.254496
vn 25.022265 -95.266967 17.265319
vn 24.725040 -95.343679 17.270067
vn 24.442089 -95.415818 17.274433
vn 24.305651 -95.450293 17.276485
vn 24.172414 -95.483765 17.278455
vn 34.233073 -92.360640 17.251344
vn 33.478899 -92.633735 17.267150
vn 33.131847 -92.757147 17.274037
vn 32.802766 -92.872861 17.280342
vn 32.644538 -92.928046 17.283296
vn 32.490307 -92.981556 17.286128
vn 42.626914 -88.800482 17.245887
vn 41.817619 -89.180611 17.265730
vn 41.447402 -89.351612 17.274322
vn 41.097633 -89.511516 17.282161
vn 40.929899 -89.587631 17.285825
vn 40.766679 -89.661346 17.289331
vn 50.609186 -84.506791 17.242755
vn 49.784080 -84.990914 17.265282
vn 49.408470 -85.207854 17.274976
vn 49.054665 -85.410249 17.283788
vn 48.885360 -85.506434 17.287896
vn 48.720838 -85.599491 17.291821
vn 58.168806 -79.492423 17.243685
vn 57.366683 -80.068102 17.267390
vn 57.003048 -80.325211 17.277531
vn 56.661387 -80.564611 17.286720
vn 56.498190 -80.678226 17.290994
vn 56.339787 -80.788050 17.295071
vn 64.187892 -74.716210 17.245359
vn 63.436064 -75.350200 17.268848
vn 63.096313 -75.632641 17.278856
vn 62.777708 -75.895242 17.287904
vn 62.625734 -76.019738 17.292105
vn 62.478354 -76.140002 17.296109
vn 93.878705 -29.822560 17.245397
vn 93.736769 -30.262640 17.250819
vn 93.673499 -30.456632 17.253093
vn 93.614649 -30.635891 17.255133
vn 93.586741 -30.720510 17.256075
vn 93.559776 -30.802033 17.256970
vn 95.925880 -22.377979 17.246788
vn 95.842219 -22.731227 17.249937
vn 95.804940 -22.886846 17.251253
vn 95.770273 -23.030597 17.252430
vn 95.753836 -23.098437 17.252973
vn 95.737956 -23.163785 17.253488
vn 97.385343 -14.780183 17.252280
vn 97.346317 -15.033448 17.253697
vn 97.328923 -15.144979 17.254285
vn 97.312747 -15.247980 17.254808
vn 97.305076 -15.296582 17.255049
vn 97.297665 -15.343394 17.255277
vn 98.248766 -7.020209 17.259684
vn 98.239006 -7.154703 17.260012
vn 98.234651 -7.213918 17.260146
vn 98.230600 -7.268598 17.260265
vn 98.228678 -7.294396 17.260319
vn 98.226821 -7.319244 17.260370
vn 87.015002 46.158856 17.255418
vn 86.671246 46.796587 17.267732
vn 86.517474 47.078378 17.272898
vn 86.374150 47.339129 17.277528
vn 86.306083 47.462336 17.279664
vn 86.240255 47.581105 17.281693
vn 83.070337 52.932427 17.247529
vn 82.626093 53.618257 17.263004
vn 82.427011 53.921720 17.269507
vn 82.241258 54.202750 17.275340
vn 82.152972 54.335612 17.278033
vn 82.067550 54.463735 17.280592
vn 78.676511 59.269575 17.237289
vn 78.139809 59.970110 17.255614
vn 77.898882 60.280521 17.263341
vn 77.673855 60.568223 17.270284
vn 77.566824 60.704318 17.273494
vn 77.463217 60.835605 17.276546
vn 73.851914 65.184744 17.229162
vn 73.234887 65.871808 17.249819
vn 72.957388 66.176744 17.258566
vn 72.697912 66.459638 17.266445
vn 72.574398 66.593547 17.270096
vn 72.454775 66.722780 17.273570
vn 29.447192 93.996998 17.246082
vn 28.750725 94.209988 17.259023
vn 28.429110 94.306503 17.264682
vn 28.123491 94.397144 17.269873
vn 27.976314 94.440421 17.272309
vn 27.832712 94.482415 17.274645
vn 22.284328 95.947524 17.247649
vn 21.712405 96.077012 17.256280
vn 21.446907 96.135944 17.260081
vn 21.193789 96.191434 17.263584
vn 21.071606 96.217977 17.265232
vn 20.952209 96.243763 17.266817
vn 14.997009 97.352056 17.253024
vn 14.588149 97.413367 17.257516
vn 14.397206 97.441417 17.259511
vn 14.214482 97.467912 17.261361
vn 14.126039 97.480615 17.262234
vn 14.039460 97.492973 17.263076
vn 7.573385 98.207497 17.260691
vn 7.359064 98.223561 17.261987
vn 7.258269 98.230959 17.262568
vn 7.161387 98.237974 17.263111
vn 7.114344 98.241347 17.263368
vn 7.068196 98.244634 17.263617
vn 0.000000 98.498278 17.265260
vn 0.000000 98.498278 17.265260
vn 0.000000 98.498278 17.265260
vn -0.000000 98.498278 17.265260
vn -0.000000 98.498278 17.265260
vn 0.000000 98.498278 17.265260
vn -0.000004 98.498278 17.265260
vn -0.000005 98.498278 17.265260
vn -0.000005 98.498278 17.265260
vn -0.000005 98.498278 17.265260
vn -0.000005 98.498278 17.265260
vn -0.000006 98.498278 17.265260
vn -0.000003 98.498278 17.265260
vn -0.000004 98.498278 17.265260
vn -0.000004 98.498278 17.265260
vn -0.000005 98.498278 17.265260
vn -0.000005 98.498278 17.265260
vn -0.000005 98.498278 17.265260
vn -0.000002 98.498279 17.265258
vn -0.000002 98.498279 17.265258
vn -0.000003 98.498279 17.265258
vn -0.000003 98.498279 17.265258
vn -0.000003 98.498279 17.265258
vn -0.000003 98.498279 17.265258
vn -0.000000 98.498279 17.265256
vn -0.000000 98.498279 17.265256
vn -0.000000 98.498279 17.265256
vn -0.000000 98.498279 17.265256
vn -0.000000 98.498279 17.265256
vn -0.000000 98.498279 17.265256
vn -0.000000 98.498279 17.265256
vn -0.000000 98.498279 17.265256
vn -0.000000 98.498279 17.265256
vn -0.000000 98.498279 17.265256
vn -0.000000 98.498279 17.265256
vn -0.000000 98.498279 17.265256
vn -0.000000 98.498279 17.265256
vn -0.000000 98.498279 17.265256
vn -0.000000 98.498279 17.265256
vn -0.000000 98.498279 17.265256
vn -0.000000 98.498279 17.265256
vn -0.000000 98.498279 17.265256
vn -0.000000 98.498279 17.265256
vn -0.000000 98.498279 17.265256
vn -0.000000 98.498279 17.265256
vn -0.000000 98.498279 17.265256
vn -0.000000 98.498279 17.265256
vn -0.000000 98.498279 17.265256
vn -0.000000 98.498279 17.265256
vn -0.000000 98.498279 17.265256
vn -0.000000 98.498279 17.265256
vn -0.000000 98.498279 17.265256
vn -0.000000 98.498279 17.265256
vn -0.000000 98.498279 17.265256
vn 0.000000 98.498279 17.265256
vn 0.000000 98.498279 17.265256
vn 0.000000 98.498279 17.265256
vn 0.000000 98.498279 17.265256
vn 0.000000 98.498279 17.265256
vn 0.000000 98.498279 17.265256
vn -9.401640 98.049192 17.261664
vn -9.122036 98.075243 17.263694
vn -8.990742 98.087207 17.264601
vn -8.864670 98.098533 17.265443
vn -8.803496 98.103971 17.265841
vn -8.743515 98.109268 17.266226
vn -18.660446 96.716007 17.256933
vn -18.151904 96.811553 17.263589
vn -17.915068 96.855136 17.266530
vn -17.688822 96.896227 17.269244
vn -17.579452 96.915901 17.270523
vn -17.472475 96.935025 17.271753
vn -27.794498 94.497466 17.253832
vn -27.119565 94.691165 17.265932
vn -26.807492 94.779022 17.271231
vn -26.510703 94.861578 17.276098
vn -26.367696 94.901012 17.278383
vn -26.228111 94.939285 17.280576
vn -36.805264 91.366374 17.249875
vn -36.027998 91.672418 17.267057
vn -35.670992 91.810517 17.274527
vn -35.332865 91.939889 17.281360
vn -35.170424 92.001551 17.284558
vn -35.012172 92.061316 17.287622
vn -45.536542 87.344482 17.244268
vn -44.717500 87.762503 17.265232
vn -44.343520 87.950277 17.274289
vn -43.990597 88.125712 17.282542
vn -43.821490 88.209169 17.286396
vn -43.657019 88.289964 17.290082
vn -53.787900 82.519995 17.242744
vn -52.967369 83.044234 17.265950
vn -52.594508 83.278813 17.275910
vn -52.243675 83.497478 17.284952
vn -52.075924 83.601334 17.289163
vn -51.912993 83.701774 17.293183
vn -61.571224 76.886953 17.244735
vn -60.793855 77.497793 17.268451
vn -60.442074 77.770216 17.278573
vn -60.111912 78.023665 17.287732
vn -59.954331 78.143876 17.291988
vn -59.801455 78.260033 17.296046
vn -65.285077 73.759420 17.245485
vn -64.545665 74.401916 17.268816
vn -64.211721 74.688016 17.278750
vn -63.898672 74.953947 17.287727
vn -63.749387 75.079998 17.291895
vn -63.604637 75.201749 17.295867
vn -78.496074 59.505161 17.248254
vn -77.963240 60.196289 17.266731
vn -77.724115 60.502499 17.274534
vn -77.500806 60.786289 17.281552
vn -77.394605 60.920528 17.284800
vn -77.291809 61.050021 17.287889
vn -88.752110 42.725164 17.251766
vn -88.468155 43.305850 17.262358
vn -88.341314 43.562246 17.266815
vn -88.223192 43.799398 17.270817
vn -88.167126 43.911421 17.272667
vn -88.112925 44.019390 17.274426
vn -95.438183 24.374774 17.245975
vn -95.340328 24.752180 17.249680
vn -95.296721 24.918466 17.251231
vn -95.256170 25.072081 17.252618
vn -95.236942 25.144581 17.253258
vn -95.218365 25.214420 17.253866
vn -98.368807 5.061867 17.261384
vn -98.363505 5.163296 17.261556
vn -98.361138 5.207951 17.261625
vn -98.358936 5.249185 17.261687
vn -98.357891 5.268639 17.261715
vn -98.356881 5.287376 17.261741
vn -97.382490 -14.788790 17.261004
vn -97.344688 -15.033988 17.262416
vn -97.327847 -15.141960 17.263004
vn -97.312188 -15.241672 17.263528
vn -97.304765 -15.288721 17.263770
vn -97.297593 -15.334037 17.263999
vn -92.545057 -33.728699 17.256512
vn -92.362480 -34.222027 17.263408
vn -92.281040 -34.439578 17.266301
vn -92.205262 -34.640655 17.268895
vn -92.169316 -34.735588 17.270092
vn -92.134579 -34.827058 17.271229
vn -83.917175 -51.578701 17.249499
vn -83.493076 -52.257523 17.264344
vn -83.303090 -52.557800 17.270579
vn -83.125860 -52.835835 17.276170
vn -83.041637 -52.967266 17.278751
vn -82.960155 -53.094000 17.281202
vn -72.269396 -66.935371 17.227611
vn -71.630206 -67.613538 17.248857
vn -71.342557 -67.914694 17.257866
vn -71.073486 -68.194173 17.265990
vn -70.945369 -68.326496 17.269755
vn -70.821267 -68.454217 17.273341
vn -18.768148 -96.696439 17.249790
vn -18.270788 -96.790478 17.256350
vn -18.039257 -96.833380 17.259251
vn -17.818135 -96.873834 17.261931
vn -17.711262 -96.893206 17.263195
vn -17.606739 -96.912037 17.264411
vn -9.499768 -98.040254 17.258709
vn -9.232881 -98.065400 17.260687
vn -9.107604 -98.076958 17.261572
vn -8.987336 -98.087907 17.262397
vn -8.928988 -98.093167 17.262788
vn -8.871784 -98.098290 17.263165
vn 0.000002 -98.498279 17.265253
vn 0.000002 -98.498279 17.265253
vn 0.000002 -98.498279 17.265253
vn 0.000002 -98.498279 17.265253
vn 0.000002 -98.498279 17.265253
vn 0.000002 -98.498279 17.265253
vn 0.000002 -98.498279 17.265253
vn 0.000002 -98.498279 17.265253
vn 0.000002 -98.498279 17.265253
vn 0.000002 -98.498279 17.265253
vn 0.000002 -98.498279 17.265253
vn 0.000002 -98.498279 17.265253
vn 0.000002 -98.498279 17.265253
vn 0.000002 -98.498279 17.265253
vn 0.000002 -98.498279 17.265253
vn 0.000002 -98.498279 17.265253
vn 0.000002 -98.498279 17.265253
vn 0.000002 -98.498279 17.265253
vn 0.000002 -98.498279 17.265253
vn 0.000002 -98.498279 17.265253
vn 0.000002 -98.498279 17.265253
vn 0.000002 -98.498279 17.265253
vn 0.000002 -98.498279 17.265253
vn 0.000002 -98.498279 17.265253
vn 0.000002 -98.498279 17.265253
vn 0.000002 -98.498279 17.265253
vn 0.000002 -98.498279 17.265253
vn 0.000002 -98.498279 17.265253
vn 0.000001 -98.498279 17.265253
vn 0.000001 -98.498279 17.265253
vn 0.000001 -98.498279 17.265253
vn 0.000001 -98.498279 17.265253
vn 0.000001 -98.498279 17.265253
vn 0.000001 -98.498279 17.265253
vn 0.000001 -98.498279 17.265253
vn 0.000001 -98.498279 17.265253
vn 0.000001 -98.498279 17.265253
vn 0.000001 -98.498279 17.265253
vn 0.000001 -98.498279 17.265253
vn 0.000001 -98.498279 17.265253
vn 0.000001 -98.498279 17.265253
vn 0.000001 -98.498279 17.265253
vn 0.000001 -98.498279 17.265253
vn 0.000001 -98.498279 17.265253
vn 0.000001 -98.498279 17.265253
vn 0.000001 -98.498279 17.265253
vn 0.000001 -98.498279 17.265253
vn 0.000001 -98.498279 17.265253
vn 0.000001 -98.498279 17.265253
vn 0.000001 -98.498279 17.265253
vn 0.000001 -98.498279 17.265253
vn 0.000001 -98.498279 17.265253
vn 0.000001 -98.498279 17.265253
vn 0.000001 -98.498279 17.265253
vn 0.000000 -98.498279 17.265253
vn 0.000000 -98.498279 17.265253
vn 0.000000 -98.498279 17.265253
vn 0.000000 -98.498279 17.265253
vn 0.000000 -98.498279 17.265253
vn 0.000000 -98.498279 17.265253
vn 0.000000 -98.498279 17.265253
vn 0.000000 -98.498279 17.265253
vn 0.000000 -98.498279 17.265253
vn 0.000000 -98.498279 17.265253
vn 0.000000 -98.498279 17.265253
vn 0.000000 -98.498279 17.265253
vn 0.000000 -98.498279 17.265253
vn 0.000000 -98.498279 17.265253
vn 0.000000 -98.498279 17.265253
vn 0.000000 -98.498279 17.265253
vn 0.000000 -98.498279 17.265253
vn 0.000000 -98.498279 17.265253
vn 0.000000 -98.498279 17.265253
vn 0.000000 -98.498279 17.265253
vn 0.000000 -98.498279 17.265253
vn 0.000000 -98.498279 17.265253
vn 0.000000 -98.498279 17.265253
vn 0.000000 -98.498279 17.265253
vn 0.000000 -98.498279 17.265253
vn 0.000000 -98.498279 17.265253
vn 0.000000 -98.498279 17.265253
vn 0.000000 -98.498279 17.265253
vn 0.000000 -98.498279 17.265253
vn 0.000000 -98.498279 17.265253
vn 0.000000 -98.498279 17.265253
vn 0.000000 -98.498279 17.265253
vn 0.000000 -98.498279 17.265253
vn -0.000002 98.498279 17.265256
vn -0.000001 98.498279 17.265256
vn -0.000001 98.498279 17.265256
vn -0.000001 98.498279 17.265256
vn -0.000003 98.498279 17.265257
vn -0.000003 98.498279 17.265257
vn -0.000002 98.498279 17.265257
vn -0.000002 98.498279 17.265257
vn -0.000002 98.498279 17.265257
vn 0.000000 0.000000 -100.000000
vn 0.000000 0.000000 -100.000000
vn 0.000000 0.000000 -100.000000
vn 0.000000 0.000000 -100.000000
vn 0.000000 0.000000 -100.000000
vn 0.000000 0.000000 -100.000000
vn 0.000000 0.000000 -100.000000
vn 0.000000 0.000000 -100.000000
vn 0.000000 0.000000 -100.000000
vn 0.000000 0.000000 -100.000000
vn 0.000000 0.000000 -100.000000
vn 0.000000 0.000000 -100.000000
vn 0.000000 0.000000 -100.000000
vn 0.000000 0.000000 -100.000000
vn 0.000000 0.000000 -100.000000
vn 0.000000 0.000000 -100.000000
vn 0.000000 0.000000 -100.000000
vn 0.000000 0.000000 -100.000000
vn 0.000000 0.000000 -100.000000
vn 0.000000 0.000000 -100.000000
vn 0.000000 0.000000 -100.000000
vn 0.000000 0.000000 -100.000000
vn 0.000000 0.000000 -100.000000
vn 0.000000 0.000000 -100.000000
vn 0.000000 0.000000 -100.000000
vn 0.000000 0.000000 -100.000000
vn 0.000000 0.000000 -100.000000
vn 0.000000 0.000000 -100.000000
vn 0.000000 0.000000 -100.000000
vn 0.000000 0.000000 -100.000000
vn 0.000000 0.000000 -100.000000
vn 0.000000 0.000000 -100.000000
vn 0.000000 0.000000 -100.000000
vn 0.000000 0.000000 -100.000000
vn 0.000000 0.000000 -100.000000
vn 0.000000 0.000000 -100.000000
vn 0.000000 0.000000 -100.000000
vn 0.000000 0.000000 -100.000000
vn 0.000000 0.000000 -100.000000
vn 0.000000 0.000000 -100.000000
vn 0.000000 0.000000 -100.000000
vn 0.000000 0.000000 -100.000000
vn 0.000000 0.000000 -100.000000
vn 0.000000 0.000000 -100.000000
vn 0.000000 0.000000 -100.000000
vn 0.000000 0.000000 -100.000000
vn 0.000000 0.000000 -100.000000
vn 0.000000 0.000000 -100.000000
vn 0.000000 0.000000 -100.000000
vn 0.000000 0.000000 -100.000000
vn 0.000000 0.000000 -100.000000
vn 0.000000 0.000000 -100.000000
vn 0.000000 0.000000 -100.000000
vn 0.000000 0.000000 -100.000000
vn 0.000000 0.000000 -100.000000
vn 0.000000 0.000000 -100.000000
vn 0.000000 0.000000 -100.000000
vn 0.000000 0.000000 -100.000000
vn 0.000000 0.000000 -100.000000
vn 0.000000 0.000000 -100.000000
vn 0.000000 0.000000 -100.000000
vn 0.000000 0.000000 -100.000000
vn 0.000000 0.000000 -100.000000
vn 0.000000 0.000000 -100.000000
vn 0.000000 0.000000 -100.000000
vn 0.000000 0.000000 -100.000000
vn 0.000000 0.000000 -100.000000
vn 0.000000 0.000000 -100.000000
vn 0.000000 0.000000 -100.000000
vn 0.000000 0.000000 -100.000000
vn 9.854077 -99.513301 -0.000011
vn 6.834047 -99.766206 -0.000011
vn 0.000000 -100.000000 -0.000012
vn 6.834047 -99.766206 -0.000011
vn 6.834047 -99.766206 -0.000011
vn 13.574937 -99.074321 -0.000010
vn 13.574937 -99.074321 -0.000010
vn 20.222825 -97.933842 -0.000009
vn 20.222825 -97.933842 -0.000009
vn 26.778709 -96.347811 -0.000008
vn 26.778709 -96.347811 -0.000008
vn 35.299322 -93.562588 -0.000007
vn 35.299322 -93.562588 -0.000007
vn 43.603655 -89.992896 -0.000006
vn 43.603655 -89.992896 -0.000006
vn 51.481808 -85.729945 -0.000005
vn 51.481808 -85.729945 -0.000005
vn 58.918330 -80.799941 -0.000004
vn 58.918330 -80.799941 -0.000004
vn 65.913519 -75.202447 -0.000003
vn 65.913519 -75.202447 -0.000003
vn 72.481784 -68.894056 -0.000002
vn 72.481784 -68.894056 -0.000002
vn 78.402211 -62.073290 -0.000001
vn 78.402211 -62.073290 -0.000001
vn 83.610327 -54.857207 -0.000001
vn 83.610327 -54.857207 -0.000001
vn 88.126596 -47.262068 -0.000000
vn 88.126596 -47.262068 -0.000000
vn 91.958654 -39.288752 -0.000000
vn 91.958653 -39.288752 -0.000000
vn 95.096539 -30.929730 0.000000
vn 95.096539 -30.929730 0.000000
vn 97.509871 -22.177129 0.000000
vn 97.509871 -22.177129 0.000000
vn 99.121644 -13.224961 0.000000
vn 99.121644 -13.224961 0.000000
vn 99.907217 -4.306749 0.000000
vn 99.907217 -4.306749 0.000000
vn 99.894652 4.588964 -0.000000
vn 99.894652 4.588964 -0.000000
vn 99.089533 13.463447 -0.000001
vn 99.089533 13.463447 -0.000001
vn 97.478262 22.315656 -0.000001
vn 97.478262 22.315656 -0.000001
vn 95.024986 31.148870 -0.000002
vn 95.024986 31.148870 -0.000002
vn 91.825672 39.598561 -0.000002
vn 91.825672 39.598561 -0.000002
vn 87.945671 47.597888 -0.000003
vn 87.945671 47.597888 -0.000003
vn 83.412034 55.158250 -0.000004
vn 83.412034 55.158250 -0.000004
vn 78.231703 62.288045 -0.000005
vn 78.231703 62.288045 -0.000005
vn 72.395172 68.985064 -0.000006
vn 72.395172 68.985064 -0.000006
vn 65.881973 75.230085 -0.000007
vn 65.881973 75.230085 -0.000007
vn 58.683419 80.970713 -0.000009
vn 58.683419 80.970713 -0.000009
vn 51.074185 85.973412 -0.000010
vn 51.074185 85.973412 -0.000010
vn 43.191740 90.191317 -0.000011
vn 43.191740 90.191317 -0.000011
vn 35.057143 93.653600 -0.000013
vn 35.057143 93.653600 -0.000013
vn 26.674964 96.376586 -0.000014
vn 26.674964 96.376586 -0.000014
vn 18.040604 98.359222 -0.000015
vn 18.040604 98.359222 -0.000015
vn 9.148325 99.580662 -0.000017
vn 9.148325 99.580662 -0.000017
vn 0.000000 100.000000 -0.000018
vn 0.000000 100.000000 -0.000018
vn -0.000001 100.000000 -0.000010
vn -0.000001 100.000000 -0.000010
vn -0.000000 100.000000 -0.000005
vn -0.000001 100.000000 -0.000005
vn -0.000000 100.000000 -0.000004
vn -0.000001 100.000000 -0.000005
vn -0.000000 100.000000 -0.000003
vn -0.000001 100.000000 -0.000005
vn -0.000000 100.000000 -0.000003
vn -0.000001 100.000000 -0.000005
vn -0.000000 100.000000 -0.000003
vn -0.000002 100.000000 -0.000005
vn -0.000001 100.000000 -0.000003
vn -0.000002 100.000000 -0.000004
vn -0.000000 100.000000 -0.000002
vn 0.000000 100.000000 -0.000002
vn 0.000000 100.000000 -0.000002
vn -9.854077 99.513301 0.000002
vn -9.854392 99.513270 0.000002
vn -19.513902 98.077559 0.000004
vn -19.513940 98.077552 0.000004
vn -28.980644 95.708528 0.000004
vn -28.980644 95.708528 0.000004
vn -38.251936 92.394748 0.000004
vn -38.251936 92.394748 0.000004
vn -47.170657 88.175558 0.000003
vn -47.170657 88.175558 0.000003
vn -55.555051 83.148279 0.000003
vn -55.555051 83.148279 0.000003
vn -63.411890 77.323555 0.000002
vn -63.411890 77.323555 0.000002
vn -70.755108 70.666221 0.000002
vn -70.755108 70.666221 0.000002
vn -77.413705 63.301803 0.000001
vn -77.412354 63.303455 0.000001
vn -83.212300 55.459112 0.000001
vn 13.574937 -99.074321 -0.000010
vn 19.513902 -98.077559 -0.000009
vn 20.222825 -97.933842 -0.000009
vn 26.778709 -96.347811 -0.000008
vn 28.980963 -95.708431 -0.000008
vn 35.299322 -93.562588 -0.000007
vn 38.251955 -92.394740 -0.000007
vn 43.603655 -89.992896 -0.000006
vn 47.170517 -88.175633 -0.000005
vn 51.481808 -85.729945 -0.000005
vn 55.555063 -83.148271 -0.000004
vn 58.918330 -80.799941 -0.000004
vn 63.412005 -77.323461 -0.000003
vn 65.913519 -75.202447 -0.000003
vn 70.754980 -70.666349 -0.000002
vn 72.481784 -68.894056 -0.000002
vn 77.412354 -63.303455 -0.000002
vn 78.402211 -62.073290 -0.000001
vn 83.212300 -55.459112 -0.000001
vn 83.610328 -54.857207 -0.000001
vn 88.182634 -47.157428 -0.000000
vn 88.126596 -47.262068 -0.000000
vn 91.958654 -39.288752 -0.000000
vn 92.332244 -38.402561 -0.000000
vn 95.096539 -30.929730 0.000000
vn 95.645850 -29.186836 0.000000
vn 97.509871 -22.177129 0.000000
vn 98.079530 -19.503993 0.000000
vn 99.121644 -13.224961 0.000000
vn 99.525632 -9.728751 0.000000
vn 99.907217 -4.306749 0.000000
vn 99.999997 0.022654 0.000000
vn 99.894652 4.588964 -0.000000
vn 99.523747 9.748019 -0.000000
vn 99.089533 13.463447 -0.000001
vn 98.090822 19.447125 -0.000001
vn 97.478262 22.315656 -0.000001
vn 95.659506 29.142048 -0.000002
vn 95.024986 31.148869 -0.000002
vn 92.300193 38.479531 -0.000002
vn 91.825672 39.598561 -0.000002
vn 88.117586 47.278865 -0.000003
vn 87.945671 47.597888 -0.000003
vn 83.412034 55.158250 -0.000004
vn 83.148802 55.554269 -0.000004
vn 78.231703 62.288045 -0.000005
vn 77.404208 63.313415 -0.000005
vn 72.395172 68.985064 -0.000006
vn 70.871988 70.549000 -0.000006
vn 65.881973 75.230085 -0.000007
vn 63.524215 77.231303 -0.000008
vn 58.683419 80.970713 -0.000009
vn 59.538557 80.344012 -0.000009
vn 55.429902 83.231761 -0.000009
vn 51.074185 85.973412 -0.000010
vn 46.955340 88.290408 -0.000011
vn 43.191740 90.191317 -0.000011
vn 38.166444 92.430095 -0.000012
vn 35.057143 93.653600 -0.000013
vn 29.078118 95.678958 -0.000014
vn 26.674964 96.376586 -0.000014
vn 19.690601 98.042237 -0.000015
vn 18.040605 98.359222 -0.000015
vn 9.998426 99.498902 -0.000017
vn 9.148325 99.580662 -0.000017
vn 0.000000 100.000000 -0.000018
vn 0.000000 100.000000 -0.000018
vn -0.000001 100.000000 -0.000010
vn -0.000000 100.000000 -0.000005
vn 0.000000 100.000000 -0.000002
vn -0.000000 100.000000 -0.000003
vn -0.000000 100.000000 -0.000003
vn -0.000000 100.000000 -0.000003
vn -0.000000 100.000000 -0.000002
vn -0.000000 100.000000 -0.000002
vn 0.000000 100.000000 -0.000002
vn 0.000000 100.000000 -0.000002
vn -9.854378 99.513272 0.000002
vn -9.854379 99.513272 0.000002
vn -19.513933 98.077553 0.000004
vn -19.513934 98.077553 0.000004
vn -28.980643 95.708528 0.000004
vn -28.980643 95.708528 0.000004
vn -38.251936 92.394748 0.000004
vn -38.251936 92.394748 0.000004
vn -47.170657 88.175558 0.000003
vn -47.170657 88.175558 0.000003
vn -55.555051 83.148279 0.000003
vn -9.854055 99.513304 0.000002
vn 0.000000 100.000000 -0.000002
vn -0.000000 100.000000 -0.000002
vn -9.854376 99.513272 0.000002
vn -19.513892 98.077561 0.000004
vn -19.513933 98.077553 0.000004
vn -28.980642 95.708528 0.000004
vn -28.980960 95.708432 0.000004
vn -38.251936 92.394748 0.000004
vn -38.251955 92.394740 0.000004
vn -47.170517 88.175633 0.000003
vn -47.170657 88.175558 0.000003
vn -55.555063 83.148271 0.000003
vn -55.555051 83.148279 0.000003
vn -63.411890 77.323555 0.000002
vn -63.412005 77.323461 0.000002
vn -70.754980 70.666349 0.000002
vn -83.213430 55.457417 0.000001
vn -88.182634 47.157428 0.000001
vn -88.182457 47.157759 0.000001
vn -92.331335 38.404747 0.000000
vn -88.182457 47.157759 0.000001
vn -92.331335 38.404747 0.000000
vn -88.182457 47.157759 0.000001
vn -92.331335 38.404747 0.000000
vn -88.182457 47.157759 0.000001
vn -92.331335 38.404747 0.000000
vn -88.182457 47.157759 0.000001
vn -92.331335 38.404747 0.000000
vn -88.182457 47.157759 0.000001
vn -92.331335 38.404747 0.000000
vn -88.182457 47.157759 0.000001
vn -92.331335 38.404747 0.000000
vn -88.182634 47.157428 0.000001
vn -92.332244 38.402561 0.000000
vn -95.645364 29.188428 0.000000
vn -95.645850 29.186836 0.000000
vn -98.079531 19.503992 0.000000
vn -98.079530 19.503993 0.000000
vn -99.525632 9.728751 0.000000
vn -99.525683 9.728225 0.000000
vn -99.999997 -0.022654 -0.000000
vn -99.999997 -0.022884 -0.000000
vn -99.523796 -9.747518 0.000000
vn -99.523796 -9.747518 0.000000
vn -98.090879 -19.446838 0.000000
vn -98.090879 -19.446838 0.000000
vn -95.659322 -29.142652 0.000000
vn -95.659322 -29.142652 0.000000
vn -92.298871 -38.482702 0.000000
vn -92.298871 -38.482702 0.000000
vn -88.116048 -47.281731 0.000001
vn -88.116048 -47.281731 0.000001
vn -83.148843 -55.554207 0.000001
vn -83.148843 -55.554207 0.000001
vn -77.406316 -63.310838 0.000001
vn -83.148802 -55.554269 0.000001
vn -77.404208 -63.313415 0.000001
vn -92.332244 38.402561 0.000000
vn -95.645364 29.188428 0.000000
vn -95.645364 29.188428 0.000000
vn -95.645364 29.188428 0.000000
vn -95.645364 29.188428 0.000000
vn -95.645364 29.188428 0.000000
vn -95.645364 29.188428 0.000000
vn -95.645850 29.186836 0.000000
vn -98.079531 19.503992 0.000000
vn -98.079531 19.503992 0.000000
vn -98.079531 19.503992 0.000000
vn -98.079531 19.503992 0.000000
vn -98.079531 19.503992 0.000000
vn -98.079531 19.503992 0.000000
vn -98.079530 19.503993 0.000000
vn -99.525632 9.728751 0.000000
vn -99.525683 9.728225 0.000000
vn -99.999997 -0.022654 -0.000000
vn -99.999997 -0.022884 -0.000000
vn -99.523796 -9.747518 0.000000
vn -99.999997 -0.022884 -0.000000
vn -99.523796 -9.747518 0.000000
vn -99.999997 -0.022884 -0.000000
vn -99.523796 -9.747518 0.000000
vn -99.999997 -0.022884 -0.000000
vn -99.523796 -9.747518 0.000000
vn -99.999997 -0.022884 -0.000000
vn -99.523796 -9.747518 0.000000
vn -99.999997 -0.022884 -0.000000
vn -99.523747 -9.748019 0.000000
vn -98.090879 -19.446838 0.000000
vn -98.090879 -19.446838 0.000000
vn -98.090879 -19.446838 0.000000
vn -98.090879 -19.446838 0.000000
vn -98.090822 -19.447125 0.000000
vn -95.659506 -29.142048 0.000000
vn -95.659322 -29.142652 0.000000
vn -92.300193 -38.479531 0.000000
vn -92.298871 -38.482702 0.000000
vn -88.117586 -47.278865 0.000001
vn -88.116048 -47.281731 0.000001
vn -70.874362 -70.546615 0.000002
vn -70.871988 -70.549000 0.000002
vn -63.524628 -77.230963 0.000002
vn -63.524215 -77.231303 0.000002
vn -59.538505 -80.344050 0.000002
vn -59.538557 -80.344012 0.000002
vn -55.429902 -83.231761 0.000003
vn -55.428946 -83.232397 0.000003
vn -46.955340 -88.290408 0.000003
vn -46.952393 -88.291975 0.000003
vn -38.166444 -92.430095 0.000004
vn -38.164363 -92.430955 0.000004
vn -29.078118 -95.678958 0.000004
vn -29.079166 -95.678640 0.000004
vn -19.693886 -98.041577 0.000005
vn -29.079166 -95.678640 0.000004
vn -19.693886 -98.041577 0.000005
vn -29.079166 -95.678640 0.000004
vn -19.693886 -98.041577 0.000005
vn -29.079166 -95.678640 0.000004
vn -19.693886 -98.041577 0.000005
vn -29.079166 -95.678640 0.000004
vn -19.693886 -98.041577 0.000005
vn -29.079166 -95.678640 0.000004
vn -19.693886 -98.041577 0.000005
vn -29.079166 -95.678640 0.000004
vn -19.693886 -98.041577 0.000005
vn -29.078118 -95.678958 0.000004
vn -19.690601 -98.042237 0.000005
vn -10.000627 -99.498681 0.000005
vn -9.998426 -99.498902 0.000005
vn 0.000000 -100.000000 0.000006
vn 0.000000 -100.000000 0.000006
vn 0.000001 -100.000000 0.000006
vn 0.000001 -100.000000 0.000006
vn 0.000001 -100.000000 0.000006
vn 0.000000 -100.000000 0.000006
vn 0.000000 -100.000000 0.000006
vn 0.000000 -100.000000 -0.000012
vn 0.000000 -100.000000 0.000006
vn 0.000000 -100.000000 0.000006
vn 0.000001 -100.000000 0.000006
vn 0.000001 -100.000000 0.000006
vn 0.000001 -100.000000 0.000006
vn 0.000001 -100.000000 0.000006
vn 0.000000 -100.000000 0.000006
vn -0.000000 -100.000000 0.000006
vn -10.000627 -99.498681 0.000005
vn -10.000627 -99.498681 0.000005
vn -19.690601 -98.042237 0.000005
vn -10.000627 -99.498681 0.000005
vn -10.000627 -99.498681 0.000005
vn -10.000627 -99.498681 0.000005
vn -9.998426 -99.498902 0.000005
vn 0.000000 -100.000000 0.000006
vn 0.000000 -100.000000 0.000006
vn 0.000000 -100.000000 0.000006
vn 0.000000 -100.000000 0.000006
vn 0.000001 -100.000000 0.000006
vn 0.000001 -100.000000 0.000006
vn 0.000001 -100.000000 0.000006
vn 0.000001 -100.000000 0.000006
vn 0.000001 -100.000000 0.000006
vn 0.000001 -100.000000 0.000006
vn 0.000001 -100.000000 0.000006
vn 0.000000 -100.000000 0.000006
vn 0.000000 -100.000000 0.000006
vn 0.000000 -100.000000 0.000006
vn -38.164363 -92.430955 0.000004
vn -38.166444 -92.430095 0.000004
vn -46.952393 -88.291975 0.000003
vn -46.955340 -88.290408 0.000003
vn -55.428946 -83.232397 0.000003
vn -55.429902 -83.231761 0.000003
vn -59.538505 -80.344050 0.000002
vn -59.538557 -80.344012 0.000002
vn -63.524215 -77.231303 0.000002
vn -63.524628 -77.230963 0.000002
vn -70.871988 -70.549000 0.000002
vn -70.874362 -70.546615 0.000002
vn -77.404208 -63.313415 0.000001
vn -77.406316 -63.310838 0.000001
vn -83.148802 -55.554269 0.000001
vn -83.148843 -55.554207 0.000001
vn -88.116048 -47.281731 0.000001
vn -83.148843 -55.554207 0.000001
vn -88.116048 -47.281731 0.000001
vn -83.148843 -55.554207 0.000001
vn -88.116048 -47.281731 0.000001
vn -83.148843 -55.554207 0.000001
vn -88.116048 -47.281731 0.000001
vn -83.148843 -55.554207 0.000001
vn -88.117586 -47.278865 0.000001
vn -92.298871 -38.482702 0.000000
vn -92.298871 -38.482702 0.000000
vn -92.298871 -38.482702 0.000000
vn -92.300193 -38.479531 0.000000
vn -95.659322 -29.142652 0.000000
vn -95.659322 -29.142652 0.000000
vn -95.659506 -29.142048 0.000000
vn -98.090879 -19.446838 0.000000
vn -98.090822 -19.447125 0.000000
vn -99.523747 -9.748019 0.000000
vn -83.213430 55.457417 0.000001
vn -83.212300 55.459112 0.000001
vn -77.413705 63.301803 0.000001
vn -77.412354 63.303455 0.000001
vn -70.755108 70.666221 0.000002
vn -70.754980 70.666349 0.000002
vn -63.411890 77.323555 0.000002
vn -63.412005 77.323461 0.000002
vn -55.555063 83.148271 0.000003
vn -47.170517 88.175633 0.000003
vn -47.170657 88.175558 0.000003
vn -55.555051 83.148279 0.000003
vn -63.411890 77.323555 0.000002
vn -70.755108 70.666221 0.000002
vn -70.755108 70.666221 0.000002
vn -77.413705 63.301803 0.000001
vn -77.413705 63.301803 0.000001
vn -83.213430 55.457417 0.000001
vn -83.213430 55.457417 0.000001
vn -38.251936 92.394748 0.000004
vn -38.251955 92.394740 0.000004
vn -28.980963 95.708431 0.000004
vn -0.000003 100.000000 -0.000010
vn 0.000000 100.000000 -0.000018
vn 0.000000 100.000000 -0.000018
vn 9.148325 99.580662 -0.000017
vn 0.000000 100.000000 -0.000018
vn 9.148325 99.580662 -0.000017
vn 0.000000 100.000000 -0.000018
vn 9.148325 99.580662 -0.000017
vn 0.000000 100.000000 -0.000018
vn 9.148325 99.580662 -0.000017
vn 9.998426 99.498902 -0.000017
vn 18.040604 98.359222 -0.000015
vn 18.040604 98.359222 -0.000015
vn 18.040604 98.359222 -0.000015
vn 18.040604 98.359222 -0.000015
vn 19.690600 98.042237 -0.000015
vn 26.674963 96.376586 -0.000014
vn 26.674963 96.376586 -0.000014
vn 26.674963 96.376586 -0.000014
vn 26.674963 96.376586 -0.000014
vn 29.078117 95.678959 -0.000014
vn 35.057142 93.653600 -0.000013
vn 35.057142 93.653600 -0.000013
vn 35.057142 93.653600 -0.000013
vn 35.057142 93.653600 -0.000013
vn 38.166443 92.430096 -0.000012
vn 43.191739 90.191317 -0.000011
vn 43.191739 90.191317 -0.000011
vn 43.191739 90.191317 -0.000011
vn 43.191739 90.191317 -0.000011
vn 46.955338 88.290408 -0.000011
vn 51.074184 85.973413 -0.000010
vn 51.074184 85.973413 -0.000010
vn 51.074184 85.973413 -0.000010
vn 51.074185 85.973413 -0.000010
vn 55.429901 83.231761 -0.000009
vn 58.683418 80.970713 -0.000009
vn 58.683419 80.970713 -0.000009
vn 58.683419 80.970713 -0.000009
vn 58.683419 80.970713 -0.000009
vn 59.538556 80.344013 -0.000009
vn 63.524214 77.231304 -0.000008
vn 65.881972 75.230085 -0.000007
vn 70.871987 70.549001 -0.000006
vn 72.395172 68.985064 -0.000006
vn 77.404208 63.313416 -0.000005
vn 78.231703 62.288046 -0.000005
vn 83.148801 55.554270 -0.000004
vn 83.412034 55.158250 -0.000004
vn 88.117585 47.278866 -0.000003
vn 87.945671 47.597889 -0.000003
vn 91.825672 39.598561 -0.000002
vn 87.945671 47.597888 -0.000003
vn 91.825672 39.598561 -0.000002
vn 87.945671 47.597888 -0.000003
vn 91.825672 39.598561 -0.000002
vn 87.945671 47.597888 -0.000003
vn 91.825672 39.598561 -0.000002
vn 92.300193 38.479532 -0.000002
vn 95.024986 31.148870 -0.000002
vn 95.024986 31.148870 -0.000002
vn 95.024986 31.148870 -0.000002
vn 95.024986 31.148870 -0.000002
vn 95.659506 29.142049 -0.000002
vn 97.478262 22.315657 -0.000001
vn 97.478262 22.315657 -0.000001
vn 97.478262 22.315656 -0.000001
vn 97.478262 22.315656 -0.000001
vn 98.090822 19.447126 -0.000001
vn 99.089533 13.463447 -0.000001
vn 99.089533 13.463447 -0.000001
vn 99.089533 13.463447 -0.000001
vn 99.089533 13.463447 -0.000001
vn 99.523747 9.748019 -0.000000
vn 99.894652 4.588964 -0.000000
vn 99.894652 4.588964 -0.000000
vn 99.894652 4.588964 -0.000000
vn 99.894652 4.588964 -0.000000
vn 99.999997 0.022654 0.000000
vn 99.907217 -4.306749 0.000000
vn 99.907217 -4.306749 0.000000
vn 99.907217 -4.306749 0.000000
vn 99.907217 -4.306749 0.000000
vn 99.525632 -9.728751 0.000000
vn 99.121644 -13.224961 0.000000
vn 99.121644 -13.224961 0.000000
vn 99.121644 -13.224961 0.000000
vn 99.121644 -13.224961 0.000000
vn 98.079530 -19.503993 0.000000
vn 97.509871 -22.177129 0.000000
vn 97.509871 -22.177129 0.000000
vn 97.509871 -22.177129 0.000000
vn 97.509871 -22.177129 0.000000
vn 95.645850 -29.186837 0.000000
vn 95.096539 -30.929731 0.000000
vn 95.096539 -30.929730 0.000000
vn 95.096539 -30.929730 0.000000
vn 95.096539 -30.929730 0.000000
vn 92.332244 -38.402562 -0.000000
vn 91.958653 -39.288753 -0.000000
vn 91.958653 -39.288752 -0.000000
vn 91.958653 -39.288752 -0.000000
vn 91.958653 -39.288752 -0.000000
vn 88.182634 -47.157429 -0.000000
vn 88.126596 -47.262069 -0.000000
vn 88.126596 -47.262069 -0.000000
vn 88.126596 -47.262069 -0.000000
vn 88.126596 -47.262068 -0.000000
vn 83.610327 -54.857207 -0.000001
vn 83.212299 -55.459113 -0.000001
vn 78.402210 -62.073291 -0.000001
vn 77.412353 -63.303456 -0.000002
vn 72.481784 -68.894057 -0.000002
vn 70.754978 -70.666350 -0.000002
vn 65.913518 -75.202448 -0.000003
vn 63.412004 -77.323462 -0.000003
vn 58.918329 -80.799941 -0.000004
vn 55.555062 -83.148272 -0.000004
vn 51.481807 -85.729945 -0.000005
vn 47.170516 -88.175634 -0.000005
vn 43.603654 -89.992896 -0.000006
vn 38.251954 -92.394740 -0.000007
vn 35.299321 -93.562588 -0.000007
vn 28.980962 -95.708432 -0.000008
vn 26.778708 -96.347812 -0.000008
vn 19.513901 -98.077559 -0.000009
vn 20.222824 -97.933842 -0.000009
vn 13.574936 -99.074321 -0.000010
vn 20.222824 -97.933842 -0.000009
vn 13.574936 -99.074321 -0.000010
vn 20.222824 -97.933842 -0.000009
vn 13.574937 -99.074321 -0.000010
vn 20.222825 -97.933842 -0.000009
vn 13.574937 -99.074321 -0.000010
vn 9.854077 -99.513301 -0.000011
vn 6.834047 -99.766206 -0.000011
vn 6.834047 -99.766206 -0.000011
vn 6.834047 -99.766206 -0.000011
vn 6.834047 -99.766206 -0.000011
vn -38.164363 -92.430955 0.000004
vn -38.164363 -92.430955 0.000004
vn -38.164363 -92.430955 0.000004
vn -38.164363 -92.430955 0.000004
vn -38.164363 -92.430955 0.000004
vn -46.952393 -88.291975 0.000003
vn -46.952393 -88.291975 0.000003
vn -46.952393 -88.291975 0.000003
vn -46.952393 -88.291975 0.000003
vn -46.952393 -88.291975 0.000003
vn -55.428946 -83.232397 0.000003
vn -55.428946 -83.232397 0.000003
vn -55.428946 -83.232397 0.000003
vn -55.428946 -83.232397 0.000003
vn -55.428946 -83.232397 0.000003
vn -59.538505 -80.344050 0.000002
vn -59.538505 -80.344050 0.000002
vn -59.538505 -80.344050 0.000002
vn -59.538505 -80.344050 0.000002
vn -59.538505 -80.344050 0.000002
vn -63.524628 -77.230963 0.000002
vn -63.524628 -77.230963 0.000002
vn -63.524628 -77.230963 0.000002
vn -63.524628 -77.230963 0.000002
vn -63.524628 -77.230963 0.000002
vn -70.874362 -70.546615 0.000002
vn -70.874362 -70.546615 0.000002
vn -70.874362 -70.546615 0.000002
vn -70.874362 -70.546615 0.000002
vn -70.874362 -70.546615 0.000002
vn -77.406316 -63.310838 0.000001
vn -77.406316 -63.310838 0.000001
vn -77.406316 -63.310838 0.000001
vn -77.406316 -63.310838 0.000001
vn -77.406316 -63.310838 0.000001
vn -92.298871 -38.482702 0.000000
vn -95.659322 -29.142652 0.000000
vn -99.525683 9.728225 0.000000
vn -99.525683 9.728225 0.000000
vn -99.525683 9.728225 0.000000
vn -99.525683 9.728225 0.000000
vn -99.525683 9.728225 0.000000
vn -83.213430 55.457417 0.000001
vn -77.413705 63.301803 0.000001
vn -77.413705 63.301803 0.000001
vn 26.778708 -96.347812 -0.000008
vn 26.778708 -96.347811 -0.000008
vn 26.778708 -96.347811 -0.000008
vn 35.299321 -93.562588 -0.000007
vn 35.299321 -93.562588 -0.000007
vn 35.299321 -93.562588 -0.000007
vn 43.603654 -89.992896 -0.000006
vn 43.603655 -89.992896 -0.000006
vn 43.603655 -89.992896 -0.000006
vn 51.481808 -85.729945 -0.000005
vn 51.481808 -85.729945 -0.000005
vn 51.481808 -85.729945 -0.000005
vn 58.918329 -80.799941 -0.000004
vn 58.918329 -80.799941 -0.000004
vn 58.918329 -80.799941 -0.000004
vn 65.913518 -75.202447 -0.000003
vn 65.913519 -75.202447 -0.000003
vn 65.913519 -75.202447 -0.000003
vn 72.481784 -68.894056 -0.000002
vn 72.481784 -68.894056 -0.000002
vn 72.481784 -68.894056 -0.000002
vn 78.402210 -62.073291 -0.000001
vn 78.402210 -62.073291 -0.000001
vn 78.402211 -62.073290 -0.000001
vn 83.610327 -54.857207 -0.000001
vn 83.610327 -54.857207 -0.000001
vn 83.610327 -54.857207 -0.000001
vn 83.412034 55.158250 -0.000004
vn 83.412034 55.158250 -0.000004
vn 83.412034 55.158250 -0.000004
vn 78.231703 62.288046 -0.000005
vn 78.231703 62.288046 -0.000005
vn 78.231703 62.288046 -0.000005
vn 72.395172 68.985064 -0.000006
vn 72.395172 68.985064 -0.000006
vn 72.395172 68.985064 -0.000006
vn 65.881972 75.230085 -0.000007
vn 65.881973 75.230085 -0.000007
vn 65.881973 75.230085 -0.000007
vn -0.000002 100.000000 -0.000010
vn -0.000002 100.000000 -0.000010
vn -0.000001 100.000000 -0.000010
vn -0.000000 100.000000 -0.000002
vn -0.000000 100.000000 -0.000002
vn -0.000000 100.000000 -0.000002
vn 0.000000 100.000000 -0.000002
vn 0.000000 100.000000 -0.000002
vn 0.000000 100.000000 -0.000002
vn -9.854386 99.513271 0.000002
vn -9.854384 99.513271 0.000002
vn -9.854381 99.513271 0.000002
vn -19.513937 98.077552 0.000004
vn -19.513936 98.077553 0.000004
vn -19.513934 98.077553 0.000004
vn -47.170657 88.175558 0.000003
vn -55.555051 83.148279 0.000003
vn -77.413705 63.301803 0.000001
vn -83.213430 55.457417 0.000001
vn -10.000627 -99.498681 0.000005
vn 0.000000 -100.000000 0.000006
vn 0.000001 -100.000000 0.000006
vn 0.000001 -100.000000 0.000006
vn -95.659322 -29.142652 0.000000
vn -70.755108 70.666221 0.000002
vn -63.411890 77.323555 0.000002
vn -55.555051 83.148279 0.000003
vn -70.755108 70.666221 0.000002
vn -38.251936 92.394748 0.000004
vn -28.980643 95.708528 0.000004
vn -83.213430 55.457417 0.000001
vn -63.411890 77.323555 0.000002
vn -28.980643 95.708528 0.000004
f 1/1/1 2/2/2 104/3/3
f 104/3/3 2/2/2 103/4/4
f 103/4/4 2/2/2 102/5/5
f 102/5/5 2/2/2 101/6/6
f 101/6/6 2/2/2 100/7/7
f 100/7/7 2/2/2 99/8/8
f 99/8/8 2/2/2 98/9/9
f 98/9/9 2/2/2 97/10/10
f 97/10/10 2/2/2 96/11/11
f 96/11/11 2/2/2 95/12/12
f 95/12/12 2/2/2 94/13/13
f 94/13/13 2/2/2 93/14/14
f 93/14/14 2/2/2 92/15/15
f 92/15/15 2/2/2 9/16/16
f 92/15/15 9/16/16 10/17/17
f 3/18/18 4/19/19 2/2/2
f 2/2/2 4/19/19 5/20/20
f 2/2/2 5/20/20 6/21/21
f 6/21/21 7/22/22 2/2/2
f 2/2/2 7/22/22 8/23/23
f 2/2/2 8/23/23 9/16/16
f 10/17/17 11/24/24 92/15/15
f 92/15/15 11/24/24 12/25/25
f 92/15/15 12/25/25 13/26/26
f 13/26/26 14/27/27 92/15/15
f 92/15/15 14/27/27 15/28/28
f 92/15/15 15/28/28 71/29/29
f 71/29/29 15/28/28 70/30/30
f 70/30/30 15/28/28 16/31/31
f 70/30/30 16/31/31 69/32/32
f 69/32/32 16/31/31 17/33/33
f 69/32/32 17/33/33 43/34/34
f 43/34/34 17/33/33 18/35/35
f 43/34/34 18/35/35 42/36/36
f 42/36/36 18/35/35 19/37/37
f 42/36/36 19/37/37 20/38/38
f 42/36/36 20/38/38 41/39/39
f 41/39/39 20/38/38 21/40/40
f 41/39/39 21/40/40 22/41/41
f 41/39/39 22/41/41 40/42/42
f 40/42/42 22/41/41 23/43/43
f 40/42/42 23/43/43 39/44/44
f 39/44/44 23/43/43 24/45/45
f 39/44/44 24/45/45 38/46/46
f 38/46/46 24/45/45 25/47/47
f 38/46/46 25/47/47 37/48/48
f 37/48/48 25/47/47 26/49/49
f 37/48/48 26/49/49 36/50/50
f 36/50/50 26/49/49 27/51/51
f 36/50/50 27/51/51 35/52/52
f 35/52/52 27/51/51 28/53/53
f 35/52/52 28/53/53 34/54/54
f 34/54/54 28/53/53 29/55/55
f 34/54/54 29/55/55 30/56/56
f 30/56/56 31/57/57 34/54/54
f 34/54/54 31/57/57 33/58/58
f 33/58/58 31/57/57 32/59/59
f 69/32/32 43/34/34 68/60/60
f 68/60/60 43/34/34 44/61/61
f 68/60/60 44/61/61 67/62/62
f 67/62/62 44/61/61 66/63/63
f 66/63/63 44/61/61 45/64/64
f 66/63/63 45/64/64 65/65/65
f 65/65/65 45/64/64 64/66/66
f 64/66/66 45/64/64 46/67/67
f 64/66/66 46/67/67 63/68/68
f 63/68/68 46/67/67 47/69/69
f 63/68/68 47/69/69 62/70/70
f 62/70/70 47/69/69 48/71/71
f 62/70/70 48/71/71 61/72/72
f 61/72/72 48/71/71 49/73/73
f 61/72/72 49/73/73 60/74/74
f 60/74/74 49/73/73 50/75/75
f 60/74/74 50/75/75 59/76/76
f 59/76/76 50/75/75 51/77/77
f 59/76/76 51/77/77 58/78/78
f 58/78/78 51/77/77 52/79/79
f 58/78/78 52/79/79 57/80/80
f 57/80/80 52/79/79 56/81/81
f 56/81/81 52/79/79 55/82/82
f 55/82/82 52/79/79 53/83/83
f 55/82/82 53/83/83 54/84/84
f 71/29/29 72/85/85 92/15/15
f 92/15/15 72/85/85 91/86/86
f 91/86/86 72/85/85 73/87/87
f 91/86/86 73/87/87 74/88/88
f 74/88/88 75/89/89 91/86/86
f 91/86/86 75/89/89 76/90/90
f 91/86/86 76/90/90 90/91/91
f 90/91/91 76/90/90 77/92/92
f 90/91/91 77/92/92 89/93/93
f 89/93/93 77/92/92 78/94/94
f 89/93/93 78/94/94 88/95/95
f 88/95/95 78/94/94 79/96/96
f 88/95/95 79/96/96 87/97/97
f 87/97/97 79/96/96 80/98/98
f 87/97/97 80/98/98 86/99/99
f 86/99/99 80/98/98 81/100/100
f 86/99/99 81/100/100 82/101/101
f 82/101/101 83/102/102 86/99/99
f 86/99/99 83/102/102 85/103/103
f 85/103/103 83/102/102 84/104/104
f 106/105/105 307/106/106 105/107/107
f 105/107/107 307/106/106 175/108/108
f 105/107/107 175/108/108 689/109/109
f 689/109/109 175/108/108 561/110/110
f 689/109/109 561/110/110 688/111/111
f 688/111/111 561/110/110 560/112/112
f 688/111/111 560/112/112 687/113/113
f 687/113/113 560/112/112 559/114/114
f 687/113/113 559/114/114 686/115/115
f 686/115/115 559/114/114 558/116/116
f 686/115/115 558/116/116 685/117/117
f 685/117/117 558/116/116 557/118/118
f 685/117/117 557/118/118 684/119/119
f 684/119/119 557/118/118 556/120/120
f 684/119/119 556/120/120 683/121/121
f 683/121/121 556/120/120 555/122/122
f 683/121/121 555/122/122 682/123/123
f 682/123/123 555/122/122 554/124/124
f 682/123/123 554/124/124 681/125/125
f 681/125/125 554/124/124 553/126/126
f 681/125/125 553/126/126 680/127/127
f 680/127/127 553/126/126 552/128/128
f 680/127/127 552/128/128 679/129/129
f 679/129/129 552/128/128 551/130/130
f 679/129/129 551/130/130 678/131/131
f 678/131/131 551/130/130 550/132/132
f 678/131/131 550/132/132 677/133/133
f 677/133/133 550/132/132 549/134/134
f 677/133/133 549/134/134 676/135/135
f 676/135/135 549/134/134 548/136/136
f 676/135/135 548/136/136 675/137/137
f 675/137/137 548/136/136 547/138/138
f 675/137/137 547/138/138 674/139/139
f 674/139/139 547/138/138 546/140/140
f 674/139/139 546/140/140 673/141/141
f 673/141/141 546/140/140 545/142/142
f 673/141/141 545/142/142 672/143/143
f 672/143/143 545/142/142 544/144/144
f 672/143/143 544/144/144 671/145/145
f 671/145/145 544/144/144 543/146/146
f 671/145/145 543/146/146 670/147/147
f 670/147/147 543/146/146 542/148/148
f 670/147/147 542/148/148 669/149/149
f 669/149/149 542/148/148 541/150/150
f 669/149/149 541/150/150 668/151/151
f 668/151/151 541/150/150 540/152/152
f 668/151/151 540/152/152 667/153/153
f 667/153/153 540/152/152 539/154/154
f 667/153/153 539/154/154 666/155/155
f 666/155/155 539/154/154 538/156/156
f 666/155/155 538/156/156 665/157/157
f 665/157/157 538/156/156 537/158/158
f 665/157/157 537/158/158 664/159/159
f 664/159/159 537/158/158 536/160/160
f 664/159/159 536/160/160 663/161/161
f 663/161/161 536/160/160 535/162/162
f 663/161/161 535/162/162 662/163/163
f 662/163/163 535/162/162 534/164/164
f 662/163/163 534/164/164 661/165/165
f 661/165/165 534/164/164 533/166/166
f 661/165/165 533/166/166 660/167/167
f 660/167/167 533/166/166 532/168/168
f 660/167/167 532/168/168 659/169/169
f 659/169/169 532/168/168 531/170/170
f 659/169/169 531/170/170 658/171/171
f 658/171/171 531/170/170 530/172/172
f 658/171/171 530/172/172 657/173/173
f 657/173/173 530/172/172 529/174/174
f 657/173/173 529/174/174 656/175/175
f 656/175/175 529/174/174 528/176/176
f 656/175/175 528/176/176 655/177/177
f 655/177/177 528/176/176 527/178/178
f 655/177/177 527/178/178 654/179/179
f 654/179/179 527/178/178 526/180/180
f 654/179/179 526/180/180 653/181/181
f 653/181/181 526/180/180 525/182/182
f 653/181/181 525/182/182 652/183/183
f 652/183/183 525/182/182 524/184/184
f 652/183/183 524/184/184 651/185/185
f 651/185/185 524/184/184 523/186/186
f 651/185/185 523/186/186 650/187/187
f 650/187/187 523/186/186 522/188/188
f 650/187/187 522/188/188 649/189/189
f 649/189/189 522/188/188 521/190/190
f 649/189/189 521/190/190 648/191/191
f 648/191/191 521/190/190 520/192/192
f 648/191/191 520/192/192 647/193/193
f 647/193/193 520/192/192 519/194/194
f 647/193/193 519/194/194 646/195/195
f 646/195/195 519/194/194 518/196/196
f 646/195/195 518/196/196 645/197/197
f 645/197/197 518/196/196 517/198/198
f 645/197/197 517/198/198 644/199/199
f 644/199/199 517/198/198 516/200/200
f 644/199/199 516/200/200 643/201/201
f 643/201/201 516/200/200 515/202/202
f 643/201/201 515/202/202 642/203/203
f 642/203/203 515/202/202 514/204/204
f 642/203/203 514/204/204 641/205/205
f 641/205/205 514/204/204 513/206/206
f 641/205/205 513/206/206 640/207/207
f 640/207/207 513/206/206 512/208/208
f 640/207/207 512/208/208 639/209/209
f 639/209/209 512/208/208 511/210/210
f 639/209/209 511/210/210 638/211/211
f 638/211/211 511/210/210 510/212/212
f 638/211/211 510/212/212 637/213/213
f 637/213/213 510/212/212 509/214/214
f 637/213/213 509/214/214 636/215/215
f 636/215/215 509/214/214 508/216/216
f 636/215/215 508/216/216 635/217/217
f 635/217/217 508/216/216 507/218/218
f 635/217/217 507/218/218 634/219/219
f 634/219/219 507/218/218 506/220/220
f 634/219/219 506/220/220 633/221/221
f 633/221/221 506/220/220 505/222/222
f 633/221/221 505/222/222 632/223/223
f 632/223/223 505/222/222 504/224/224
f 632/223/223 504/224/224 631/225/225
f 631/225/225 504/224/224 503/226/226
f 631/225/225 503/226/226 630/227/227
f 630/227/227 503/226/226 502/228/228
f 630/227/227 502/228/228 629/229/229
f 629/229/229 502/228/228 501/230/230
f 629/229/229 501/230/230 628/231/231
f 628/231/231 501/230/230 500/232/232
f 628/231/231 500/232/232 627/233/233
f 627/233/233 500/232/232 499/234/234
f 627/233/233 499/234/234 626/235/235
f 626/235/235 499/234/234 498/236/236
f 626/235/235 498/236/236 625/237/237
f 625/237/237 498/236/236 497/238/238
f 625/237/237 497/238/238 624/239/239
f 624/239/239 497/238/238 496/240/240
f 624/239/239 496/240/240 623/241/241
f 623/241/241 496/240/240 495/242/242
f 623/241/241 495/242/242 622/243/243
f 622/243/243 495/242/242 494/244/244
f 622/243/243 494/244/244 621/245/245
f 621/245/245 494/244/244 493/246/246
f 621/245/245 493/246/246 620/247/247
f 620/247/247 493/246/246 492/248/248
f 620/247/247 492/248/248 619/249/249
f 619/249/249 492/248/248 491/250/250
f 619/249/249 491/250/250 618/251/251
f 618/251/251 491/250/250 490/252/252
f 618/251/251 490/252/252 617/253/253
f 617/253/253 490/252/252 489/254/254
f 617/253/253 489/254/254 616/255/255
f 616/255/255 489/254/254 488/256/256
f 616/255/255 488/256/256 615/257/257
f 615/257/257 488/256/256 487/258/258
f 615/257/257 487/258/258 614/259/259
f 614/259/259 487/258/258 486/260/260
f 614/259/259 486/260/260 613/261/261
f 613/261/261 486/260/260 485/262/262
f 613/261/261 485/262/262 612/263/263
f 612/263/263 485/262/262 484/264/264
f 612/263/263 484/264/264 611/265/265
f 611/265/265 484/264/264 483/266/266
f 611/265/265 483/266/266 610/267/267
f 610/267/267 483/266/266 482/268/268
f 610/267/267 482/268/268 609/269/269
f 609/269/269 482/268/268 481/270/270
f 609/269/269 481/270/270 608/271/271
f 608/271/271 481/270/270 480/272/272
f 608/271/271 480/272/272 607/273/273
f 607/273/273 480/272/272 479/274/274
f 607/273/273 479/274/274 606/275/275
f 606/275/275 479/274/274 478/276/276
f 606/275/275 478/276/276 605/277/277
f 605/277/277 478/276/276 477/278/278
f 605/277/277 477/278/278 604/279/279
f 604/279/279 477/278/278 476/280/280
f 604/279/279 476/280/280 603/281/281
f 603/281/281 476/280/280 475/282/282
f 603/281/281 475/282/282 602/283/283
f 602/283/283 475/282/282 474/284/284
f 602/283/283 474/284/284 601/285/285
f 601/285/285 474/284/284 473/286/286
f 601/285/285 473/286/286 600/287/287
f 600/287/287 473/286/286 472/288/288
f 600/287/287 472/288/288 599/289/289
f 599/289/289 472/288/288 471/290/290
f 599/289/289 471/290/290 598/291/291
f 598/291/291 471/290/290 470/292/292
f 598/291/291 470/292/292 597/293/293
f 597/293/293 470/292/292 469/294/294
f 597/293/293 469/294/294 596/295/295
f 596/295/295 469/294/294 468/296/296
f 596/295/295 468/296/296 595/297/297
f 595/297/297 468/296/296 467/298/298
f 595/297/297 467/298/298 594/299/299
f 594/299/299 467/298/298 466/300/300
f 594/299/299 466/300/300 593/301/301
f 593/301/301 466/300/300 465/302/302
f 593/301/301 465/302/302 592/303/303
f 592/303/303 465/302/302 464/304/304
f 592/303/303 464/304/304 591/305/305
f 591/305/305 464/304/304 463/306/306
f 591/305/305 463/306/306 590/307/307
f 590/307/307 463/306/306 462/308/308
f 590/307/307 462/308/308 589/309/309
f 589/309/309 462/308/308 461/310/310
f 589/309/309 461/310/310 588/311/311
f 588/311/311 461/310/310 460/312/312
f 588/311/311 460/312/312 587/313/313
f 587/313/313 460/312/312 459/314/314
f 587/313/313 459/314/314 586/315/315
f 586/315/315 459/314/314 458/316/316
f 586/315/315 458/316/316 585/317/317
f 585/317/317 458/316/316 457/318/318
f 585/317/317 457/318/318 584/319/319
f 584/319/319 457/318/318 456/320/320
f 584/319/319 456/320/320 583/321/321
f 583/321/321 456/320/320 455/322/322
f 583/321/321 455/322/322 582/323/323
f 582/323/323 455/322/322 454/324/324
f 582/323/323 454/324/324 581/325/325
f 581/325/325 454/324/324 453/326/326
f 581/325/325 453/326/326 580/327/327
f 580/327/327 453/326/326 452/328/328
f 580/327/327 452/328/328 579/329/329
f 579/329/329 452/328/328 451/330/330
f 579/329/329 451/330/330 578/331/331
f 578/331/331 451/330/330 450/332/332
f 578/331/331 450/332/332 577/333/333
f 577/333/333 450/332/332 449/334/334
f 577/333/333 449/334/334 576/335/335
f 576/335/335 449/334/334 448/336/336
f 576/335/335 448/336/336 575/337/337
f 575/337/337 448/336/336 447/338/338
f 575/337/337 447/338/338 574/339/339
f 574/339/339 447/338/338 446/340/340
f 574/339/339 446/340/340 573/341/341
f 573/341/341 446/340/340 445/342/342
f 573/341/341 445/342/342 572/343/343
f 572/343/343 445/342/342 444/344/344
f 572/343/343 444/344/344 571/345/345
f 571/345/345 444/344/344 443/346/346
f 571/345/345 443/346/346 570/347/347
f 570/347/347 443/346/346 442/348/348
f 570/347/347 442/348/348 569/349/349
f 569/349/349 442/348/348 441/350/350
f 569/349/349 441/350/350 568/351/351
f 568/351/351 441/350/350 440/352/352
f 568/351/351 440/352/352 567/353/353
f 567/353/353 440/352/352 439/354/354
f 567/353/353 439/354/354 566/355/355
f 566/355/355 439/354/354 438/356/356
f 566/355/355 438/356/356 565/357/357
f 565/357/357 438/356/356 437/358/358
f 565/357/357 437/358/358 564/359/359
f 564/359/359 437/358/358 178/360/360
f 564/359/359 178/360/360 563/361/361
f 563/361/361 178/360/360 105/362/107
f 563/361/361 105/362/107 690/363/362
f 690/363/362 105/362/107 817/364/363
f 690/363/362 817/364/363 818/365/364
f 818/365/364 817/364/363 944/366/365
f 818/365/364 944/366/365 945/367/366
f 945/367/366 944/366/365 1071/368/367
f 945/367/366 1071/368/367 1072/369/368
f 1072/369/368 1071/368/367 1199/370/369
f 1072/369/368 1199/370/369 1200/371/370
f 1200/371/370 1199/370/369 1325/372/371
f 1200/371/370 1325/372/371 1326/373/372
f 1326/373/372 1325/372/371 430/374/373
f 1326/373/372 430/374/373 429/375/374
f 429/375/374 430/374/373 98/376/375
f 429/375/374 98/376/375 97/377/376
f 307/106/106 106/105/105 306/378/377
f 306/378/377 106/105/105 107/379/378
f 306/378/377 107/379/378 305/380/379
f 305/380/379 107/379/378 304/381/380
f 305/380/379 304/381/380 560/112/112
f 560/112/112 304/381/380 559/114/114
f 107/379/378 108/382/381 304/381/380
f 304/381/380 108/382/381 303/383/382
f 304/381/380 303/383/382 559/114/114
f 559/114/114 303/383/382 558/116/116
f 108/382/381 109/384/383 303/383/382
f 303/383/382 109/384/383 302/385/384
f 303/383/382 302/385/384 558/116/116
f 558/116/116 302/385/384 557/118/118
f 109/384/383 110/386/385 302/385/384
f 302/385/384 110/386/385 301/387/386
f 302/385/384 301/387/386 557/118/118
f 557/118/118 301/387/386 556/120/120
f 110/386/385 111/388/387 301/387/386
f 301/387/386 111/388/387 300/389/388
f 301/387/386 300/389/388 556/120/120
f 556/120/120 300/389/388 555/122/122
f 111/388/387 112/390/389 300/389/388
f 300/389/388 112/390/389 299/391/390
f 300/389/388 299/391/390 555/122/122
f 555/122/122 299/391/390 554/124/124
f 299/391/390 112/390/389 298/392/391
f 298/392/391 112/390/389 113/393/392
f 298/392/391 113/393/392 297/394/393
f 297/394/393 113/393/392 114/395/394
f 297/394/393 114/395/394 296/396/395
f 296/396/395 114/395/394 115/397/396
f 296/396/395 115/397/396 295/398/397
f 295/398/397 115/397/396 116/399/398
f 295/398/397 116/399/398 294/400/399
f 294/400/399 116/399/398 293/401/400
f 294/400/399 293/401/400 549/134/134
f 549/134/134 293/401/400 548/136/136
f 116/399/398 117/402/401 293/401/400
f 293/401/400 117/402/401 292/403/402
f 293/401/400 292/403/402 548/136/136
f 548/136/136 292/403/402 547/138/138
f 117/402/401 118/404/403 292/403/402
f 292/403/402 118/404/403 291/405/404
f 292/403/402 291/405/404 547/138/138
f 547/138/138 291/405/404 546/140/140
f 118/404/403 119/406/405 291/405/404
f 291/405/404 119/406/405 290/407/406
f 291/405/404 290/407/406 546/140/140
f 546/140/140 290/407/406 545/142/142
f 119/406/405 120/408/407 290/407/406
f 290/407/406 120/408/407 289/409/408
f 290/407/406 289/409/408 545/142/142
f 545/142/142 289/409/408 544/144/144
f 120/408/407 121/410/409 289/409/408
f 289/409/408 121/410/409 288/411/410
f 289/409/408 288/411/410 544/144/144
f 544/144/144 288/411/410 543/146/146
f 121/410/409 122/412/411 288/411/410
f 288/411/410 122/412/411 287/413/412
f 288/411/410 287/413/412 543/146/146
f 543/146/146 287/413/412 542/148/148
f 287/413/412 122/412/411 286/414/413
f 286/414/413 122/412/411 123/415/414
f 286/414/413 123/415/414 285/416/415
f 285/416/415 123/415/414 124/417/416
f 285/416/415 124/417/416 284/418/417
f 284/418/417 124/417/416 125/419/418
f 284/418/417 125/419/418 283/420/419
f 283/420/419 125/419/418 126/421/420
f 283/420/419 126/421/420 282/422/421
f 282/422/421 126/421/420 127/423/422
f 282/422/421 127/423/422 281/424/423
f 281/424/423 127/423/422 280/425/424
f 281/424/423 280/425/424 536/160/160
f 536/160/160 280/425/424 535/162/162
f 127/423/422 128/426/425 280/425/424
f 280/425/424 128/426/425 279/427/426
f 280/425/424 279/427/426 535/162/162
f 535/162/162 279/427/426 534/164/164
f 128/426/425 129/428/427 279/427/426
f 279/427/426 129/428/427 278/429/428
f 279/427/426 278/429/428 534/164/164
f 534/164/164 278/429/428 533/166/166
f 129/428/427 130/430/429 278/429/428
f 278/429/428 130/430/429 277/431/430
f 278/429/428 277/431/430 533/166/166
f 533/166/166 277/431/430 532/168/168
f 130/430/429 131/432/431 277/431/430
f 277/431/430 131/432/431 276/433/432
f 277/431/430 276/433/432 532/168/168
f 532/168/168 276/433/432 531/170/170
f 131/432/431 132/434/433 276/433/432
f 276/433/432 132/434/433 275/435/434
f 276/433/432 275/435/434 531/170/170
f 531/170/170 275/435/434 530/172/172
f 132/434/433 133/436/435 275/435/434
f 275/435/434 133/436/435 274/437/436
f 275/435/434 274/437/436 530/172/172
f 530/172/172 274/437/436 529/174/174
f 133/436/435 134/438/437 274/437/436
f 274/437/436 134/438/437 273/439/438
f 274/437/436 273/439/438 529/174/174
f 529/174/174 273/439/438 528/176/176
f 134/438/437 135/440/439 273/439/438
f 273/439/438 135/440/439 272/441/440
f 273/439/438 272/441/440 528/176/176
f 528/176/176 272/441/440 527/178/178
f 272/441/440 135/440/439 271/442/441
f 271/442/441 135/440/439 136/443/442
f 271/442/441 136/443/442 270/444/443
f 270/444/443 136/443/442 137/445/444
f 270/444/443 137/445/444 269/446/445
f 269/446/445 137/445/444 138/447/446
f 269/446/445 138/447/446 268/448/447
f 268/448/447 138/447/446 267/449/448
f 268/448/447 267/449/448 523/186/186
f 523/186/186 267/449/448 522/188/188
f 139/450/449 262/451/450 138/447/446
f 138/447/446 262/451/450 263/452/451
f 138/447/446 263/452/451 264/453/452
f 264/453/452 263/452/451 519/194/194
f 264/453/452 519/194/194 520/192/192
f 140/454/453 256/455/454 139/450/449
f 139/450/449 256/455/454 257/456/455
f 139/450/449 257/456/455 258/457/456
f 258/457/456 257/456/455 513/206/206
f 258/457/456 513/206/206 514/204/204
f 141/458/457 249/459/458 140/454/453
f 140/454/453 249/459/458 250/460/459
f 140/454/453 250/460/459 251/461/460
f 251/461/460 250/460/459 506/220/220
f 251/461/460 506/220/220 507/218/218
f 249/459/458 141/458/457 248/462/461
f 248/462/461 141/458/457 142/463/462
f 248/462/461 142/463/462 247/464/463
f 247/464/463 142/463/462 143/465/464
f 247/464/463 143/465/464 246/466/465
f 246/466/465 143/465/464 144/467/466
f 246/466/465 144/467/466 245/468/467
f 245/468/467 144/467/466 145/469/468
f 245/468/467 145/469/468 244/470/469
f 244/470/469 145/469/468 146/471/470
f 244/470/469 146/471/470 243/472/471
f 243/472/471 146/471/470 147/473/472
f 243/472/471 147/473/472 242/474/473
f 242/474/473 147/473/472 241/475/474
f 242/474/473 241/475/474 497/238/238
f 497/238/238 241/475/474 496/240/240
f 147/473/472 148/476/475 241/475/474
f 241/475/474 148/476/475 240/477/476
f 241/475/474 240/477/476 496/240/240
f 496/240/240 240/477/476 495/242/242
f 240/477/476 148/476/475 239/478/477
f 239/478/477 148/476/475 149/479/478
f 239/478/477 149/479/478 238/480/479
f 238/480/479 149/479/478 237/481/480
f 238/480/479 237/481/480 493/246/246
f 493/246/246 237/481/480 492/248/248
f 149/479/478 150/482/481 237/481/480
f 237/481/480 150/482/481 236/483/482
f 237/481/480 236/483/482 492/248/248
f 492/248/248 236/483/482 491/250/250
f 236/483/482 150/482/481 235/484/483
f 235/484/483 150/482/481 151/485/484
f 235/484/483 151/485/484 234/486/485
f 234/486/485 151/485/484 152/487/486
f 234/486/485 152/487/486 233/488/487
f 233/488/487 152/487/486 232/489/488
f 233/488/487 232/489/488 488/256/256
f 488/256/256 232/489/488 487/258/258
f 152/487/486 153/490/489 232/489/488
f 232/489/488 153/490/489 231/491/490
f 232/489/488 231/491/490 487/258/258
f 487/258/258 231/491/490 486/260/260
f 231/491/490 153/490/489 230/492/491
f 230/492/491 153/490/489 154/493/492
f 230/492/491 154/493/492 229/494/493
f 229/494/493 154/493/492 228/495/494
f 229/494/493 228/495/494 484/264/264
f 484/264/264 228/495/494 483/266/266
f 154/493/492 155/496/495 228/495/494
f 228/495/494 155/496/495 227/497/496
f 228/495/494 227/497/496 483/266/266
f 483/266/266 227/497/496 482/268/268
f 227/497/496 155/496/495 226/498/497
f 226/498/497 155/496/495 156/499/498
f 226/498/497 156/499/498 225/500/499
f 225/500/499 156/499/498 224/501/500
f 225/500/499 224/501/500 480/272/272
f 480/272/272 224/501/500 479/274/274
f 156/499/498 157/502/501 224/501/500
f 224/501/500 157/502/501 223/503/502
f 224/501/500 223/503/502 479/274/274
f 479/274/274 223/503/502 478/276/276
f 223/503/502 157/502/501 222/504/503
f 222/504/503 157/502/501 158/505/504
f 222/504/503 158/505/504 221/506/505
f 221/506/505 158/505/504 220/507/506
f 221/506/505 220/507/506 476/280/280
f 476/280/280 220/507/506 475/282/282
f 158/505/504 159/508/507 220/507/506
f 220/507/506 159/508/507 219/509/508
f 220/507/506 219/509/508 475/282/282
f 475/282/282 219/509/508 474/284/284
f 219/509/508 159/508/507 218/510/509
f 218/510/509 159/508/507 160/511/510
f 218/510/509 160/511/510 217/512/511
f 217/512/511 160/511/510 216/513/512
f 217/512/511 216/513/512 472/288/288
f 472/288/288 216/513/512 471/290/290
f 160/511/510 161/514/513 216/513/512
f 216/513/512 161/514/513 215/515/514
f 216/513/512 215/515/514 471/290/290
f 471/290/290 215/515/514 470/292/292
f 161/514/513 162/516/515 215/515/514
f 215/515/514 162/516/515 214/517/516
f 215/515/514 214/517/516 470/292/292
f 470/292/292 214/517/516 469/294/294
f 214/517/516 162/516/515 213/518/517
f 213/518/517 162/516/515 163/519/518
f 213/518/517 163/519/518 212/520/519
f 212/520/519 163/519/518 211/521/520
f 212/520/519 211/521/520 467/298/298
f 467/298/298 211/521/520 466/300/300
f 163/519/518 164/522/521 211/521/520
f 211/521/520 164/522/521 210/523/522
f 211/521/520 210/523/522 466/300/300
f 466/300/300 210/523/522 465/302/302
f 210/523/522 164/522/521 209/524/523
f 209/524/523 164/522/521 165/525/524
f 209/524/523 165/525/524 208/526/525
f 208/526/525 165/525/524 166/527/526
f 208/526/525 166/527/526 207/528/527
f 207/528/527 166/527/526 167/529/528
f 207/528/527 167/529/528 206/530/529
f 206/530/529 167/529/528 168/531/530
f 206/530/529 168/531/530 205/532/531
f 205/532/531 168/531/530 169/533/532
f 205/532/531 169/533/532 204/534/533
f 204/534/533 169/533/532 170/535/534
f 204/534/533 170/535/534 203/536/535
f 203/536/535 170/535/534 171/537/536
f 203/536/535 171/537/536 202/538/537
f 202/538/537 171/537/536 172/539/538
f 202/538/537 172/539/538 201/540/539
f 201/540/539 172/539/538 173/541/540
f 201/540/539 173/541/540 200/542/541
f 200/542/541 173/541/540 199/543/542
f 200/542/541 199/543/542 455/322/322
f 455/322/322 199/543/542 454/324/324
f 174/544/543 193/545/544 173/541/540
f 173/541/540 193/545/544 194/546/545
f 173/541/540 194/546/545 195/547/546
f 195/547/546 194/546/545 450/332/332
f 195/547/546 450/332/332 451/330/330
f 105/362/107 187/548/547 174/544/543
f 174/544/543 187/548/547 188/549/548
f 174/544/543 188/549/548 189/550/549
f 189/550/549 188/549/548 444/344/344
f 189/550/549 444/344/344 445/342/342
f 1/551/550 1196/552/551 105/362/107
f 105/362/107 1196/552/551 1069/553/552
f 105/362/107 1069/553/552 179/554/553
f 179/554/553 1069/553/552 1070/555/554
f 179/554/553 1070/555/554 944/366/365
f 944/366/365 1070/555/554 1071/368/367
f 104/556/555 435/557/556 1/551/550
f 1/551/550 435/557/556 180/558/557
f 1/551/550 180/558/557 1196/552/551
f 1196/552/551 180/558/557 1322/559/558
f 1196/552/551 1322/559/558 1197/560/559
f 1197/560/559 1322/559/558 1323/561/560
f 1197/560/559 1323/561/560 1198/562/561
f 1198/562/561 1323/561/560 1324/563/562
f 1198/562/561 1324/563/562 1199/370/369
f 1199/370/369 1324/563/562 1325/372/371
f 104/556/555 103/564/563 435/557/556
f 435/557/556 103/564/563 434/565/564
f 435/557/556 434/565/564 180/558/557
f 180/558/557 434/565/564 1322/559/558
f 103/564/563 102/566/565 434/565/564
f 434/565/564 102/566/565 433/567/566
f 434/565/564 433/567/566 1322/559/558
f 1322/559/558 433/567/566 1323/561/560
f 102/566/565 101/568/567 433/567/566
f 433/567/566 101/568/567 432/569/568
f 433/567/566 432/569/568 1323/561/560
f 1323/561/560 432/569/568 1324/563/562
f 101/568/567 100/570/569 432/569/568
f 432/569/568 100/570/569 431/571/570
f 432/569/568 431/571/570 1324/563/562
f 1324/563/562 431/571/570 1325/372/371
f 100/570/569 99/572/571 431/571/570
f 431/571/570 99/572/571 430/374/373
f 431/571/570 430/374/373 1325/372/371
f 99/572/571 98/376/375 430/374/373
f 429/375/374 97/377/376 428/573/572
f 428/573/572 97/377/376 96/574/573
f 428/573/572 96/574/573 427/575/574
f 427/575/574 96/574/573 95/576/575
f 427/575/574 95/576/575 426/577/576
f 426/577/576 95/576/575 94/578/577
f 426/577/576 94/578/577 425/579/578
f 425/579/578 94/578/577 93/580/579
f 425/579/578 93/580/579 424/581/580
f 424/581/580 93/580/579 92/582/581
f 424/581/580 92/582/581 423/583/582
f 423/583/582 92/582/581 91/584/583
f 423/583/582 91/584/583 422/585/584
f 422/585/584 91/584/583 90/586/585
f 422/585/584 90/586/585 421/587/586
f 421/587/586 90/586/585 89/588/587
f 421/587/586 89/588/587 420/589/588
f 420/589/588 89/588/587 88/590/589
f 420/589/588 88/590/589 419/591/590
f 419/591/590 88/590/589 87/592/591
f 419/591/590 87/592/591 418/593/592
f 418/593/592 87/592/591 86/594/593
f 418/593/592 86/594/593 417/595/594
f 417/595/594 86/594/593 416/596/595
f 417/595/594 416/596/595 1339/597/596
f 1339/597/596 416/596/595 1340/598/597
f 1339/597/596 1340/598/597 1214/599/598
f 1214/599/598 1340/598/597 1215/600/599
f 1214/599/598 1215/600/599 1087/601/600
f 1087/601/600 1215/600/599 1088/602/601
f 1087/601/600 1088/602/601 961/603/602
f 961/603/602 1088/602/601 962/604/603
f 961/603/602 962/604/603 835/605/604
f 835/605/604 962/604/603 836/606/605
f 835/605/604 836/606/605 708/607/606
f 708/607/606 836/606/605 709/608/607
f 708/607/606 709/608/607 581/325/325
f 581/325/325 709/608/607 582/323/323
f 86/594/593 85/609/608 416/596/595
f 416/596/595 85/609/608 84/610/609
f 416/596/595 84/610/609 415/611/610
f 415/611/610 84/610/609 83/612/611
f 415/611/610 83/612/611 414/613/612
f 414/613/612 83/612/611 82/614/613
f 414/613/612 82/614/613 413/615/614
f 413/615/614 82/614/613 412/616/615
f 413/615/614 412/616/615 1343/617/616
f 1343/617/616 412/616/615 1344/618/617
f 1343/617/616 1344/618/617 1218/619/618
f 1218/619/618 1344/618/617 1219/620/619
f 1218/619/618 1219/620/619 1091/621/620
f 1091/621/620 1219/620/619 1092/622/621
f 1091/621/620 1092/622/621 965/623/622
f 965/623/622 1092/622/621 966/624/623
f 965/623/622 966/624/623 839/625/624
f 839/625/624 966/624/623 840/626/625
f 839/625/624 840/626/625 712/627/626
f 712/627/626 840/626/625 713/628/627
f 712/627/626 713/628/627 585/317/317
f 585/317/317 713/628/627 586/315/315
f 82/614/613 81/629/628 412/616/615
f 412/616/615 81/629/628 411/630/629
f 412/616/615 411/630/629 1344/618/617
f 1344/618/617 411/630/629 1345/631/630
f 1344/618/617 1345/631/630 1219/620/619
f 1219/620/619 1345/631/630 1220/632/631
f 1219/620/619 1220/632/631 1092/622/621
f 1092/622/621 1220/632/631 1093/633/632
f 1092/622/621 1093/633/632 966/624/623
f 966/624/623 1093/633/632 967/634/633
f 966/624/623 967/634/633 840/626/625
f 840/626/625 967/634/633 841/635/634
f 840/626/625 841/635/634 713/628/627
f 713/628/627 841/635/634 714/636/635
f 713/628/627 714/636/635 586/315/315
f 586/315/315 714/636/635 587/313/313
f 81/629/628 80/637/636 411/630/629
f 411/630/629 80/637/636 410/638/637
f 411/630/629 410/638/637 1345/631/630
f 1345/631/630 410/638/637 1346/639/638
f 1345/631/630 1346/639/638 1220/632/631
f 1220/632/631 1346/639/638 1221/640/639
f 1220/632/631 1221/640/639 1093/633/632
f 1093/633/632 1221/640/639 1094/641/640
f 1093/633/632 1094/641/640 967/634/633
f 967/634/633 1094/641/640 968/642/641
f 967/634/633 968/642/641 841/635/634
f 841/635/634 968/642/641 842/643/642
f 841/635/634 842/643/642 714/636/635
f 714/636/635 842/643/642 715/644/643
f 714/636/635 715/644/643 587/313/313
f 587/313/313 715/644/643 588/311/311
f 80/637/636 79/645/644 410/638/637
f 410/638/637 79/645/644 409/646/645
f 410/638/637 409/646/645 1346/639/638
f 1346/639/638 409/646/645 1347/647/646
f 1346/639/638 1347/647/646 1221/640/639
f 1221/640/639 1347/647/646 1222/648/647
f 1221/640/639 1222/648/647 1094/641/640
f 1094/641/640 1222/648/647 1095/649/648
f 1094/641/640 1095/649/648 968/642/641
f 968/642/641 1095/649/648 969/650/649
f 968/642/641 969/650/649 842/643/642
f 842/643/642 969/650/649 843/651/650
f 842/643/642 843/651/650 715/644/643
f 715/644/643 843/651/650 716/652/651
f 715/644/643 716/652/651 588/311/311
f 588/311/311 716/652/651 589/309/309
f 79/645/644 78/653/652 409/646/645
f 409/646/645 78/653/652 408/654/653
f 409/646/645 408/654/653 1347/647/646
f 1347/647/646 408/654/653 1348/655/654
f 1347/647/646 1348/655/654 1222/648/647
f 1222/648/647 1348/655/654 1223/656/655
f 1222/648/647 1223/656/655 1095/649/648
f 1095/649/648 1223/656/655 1096/657/656
f 1095/649/648 1096/657/656 969/650/649
f 969/650/649 1096/657/656 970/658/657
f 969/650/649 970/658/657 843/651/650
f 843/651/650 970/658/657 844/659/658
f 843/651/650 844/659/658 716/652/651
f 716/652/651 844/659/658 717/660/659
f 716/652/651 717/660/659 589/309/309
f 589/309/309 717/660/659 590/307/307
f 78/653/652 77/661/660 408/654/653
f 408/654/653 77/661/660 407/662/661
f 408/654/653 407/662/661 1348/655/654
f 1348/655/654 407/662/661 1349/663/662
f 1348/655/654 1349/663/662 1223/656/655
f 1223/656/655 1349/663/662 1224/664/663
f 1223/656/655 1224/664/663 1096/657/656
f 1096/657/656 1224/664/663 1097/665/664
f 1096/657/656 1097/665/664 970/658/657
f 970/658/657 1097/665/664 971/666/665
f 970/658/657 971/666/665 844/659/658
f 844/659/658 971/666/665 845/667/666
f 844/659/658 845/667/666 717/660/659
f 717/660/659 845/667/666 718/668/667
f 717/660/659 718/668/667 590/307/307
f 590/307/307 718/668/667 591/305/305
f 407/662/661 77/661/660 406/669/668
f 406/669/668 77/661/660 76/670/669
f 406/669/668 76/670/669 405/671/670
f 405/671/670 76/670/669 404/672/671
f 405/671/670 404/672/671 1351/673/672
f 1351/673/672 404/672/671 1352/674/673
f 1351/673/672 1352/674/673 1226/675/674
f 1226/675/674 1352/674/673 1227/676/675
f 1226/675/674 1227/676/675 1099/677/676
f 1099/677/676 1227/676/675 1100/678/677
f 1099/677/676 1100/678/677 973/679/678
f 973/679/678 1100/678/677 974/680/679
f 973/679/678 974/680/679 847/681/680
f 847/681/680 974/680/679 848/682/681
f 847/681/680 848/682/681 720/683/682
f 720/683/682 848/682/681 721/684/683
f 720/683/682 721/684/683 593/301/301
f 593/301/301 721/684/683 594/299/299
f 76/670/669 75/685/684 404/672/671
f 404/672/671 75/685/684 403/686/685
f 404/672/671 403/686/685 1352/674/673
f 1352/674/673 403/686/685 1353/687/686
f 1352/674/673 1353/687/686 1227/676/675
f 1227/676/675 1353/687/686 1228/688/687
f 1227/676/675 1228/688/687 1100/678/677
f 1100/678/677 1228/688/687 1101/689/688
f 1100/678/677 1101/689/688 974/680/679
f 974/680/679 1101/689/688 975/690/689
f 974/680/679 975/690/689 848/682/681
f 848/682/681 975/690/689 849/691/690
f 848/682/681 849/691/690 721/684/683
f 721/684/683 849/691/690 722/692/691
f 721/684/683 722/692/691 594/299/299
f 594/299/299 722/692/691 595/297/297
f 403/686/685 75/685/684 402/693/692
f 402/693/692 75/685/684 74/694/693
f 402/693/692 74/694/693 401/695/694
f 401/695/694 74/694/693 400/696/695
f 401/695/694 400/696/695 1355/697/696
f 1355/697/696 400/696/695 1356/698/697
f 1355/697/696 1356/698/697 1230/699/698
f 1230/699/698 1356/698/697 1231/700/699
f 1230/699/698 1231/700/699 1103/701/700
f 1103/701/700 1231/700/699 1104/702/701
f 1103/701/700 1104/702/701 977/703/702
f 977/703/702 1104/702/701 978/704/703
f 977/703/702 978/704/703 851/705/704
f 851/705/704 978/704/703 852/706/705
f 851/705/704 852/706/705 724/707/706
f 724/707/706 852/706/705 725/708/707
f 724/707/706 725/708/707 597/293/293
f 597/293/293 725/708/707 598/291/291
f 74/694/693 73/709/708 400/696/695
f 400/696/695 73/709/708 399/710/709
f 400/696/695 399/710/709 1356/698/697
f 1356/698/697 399/710/709 1357/711/710
f 1356/698/697 1357/711/710 1231/700/699
f 1231/700/699 1357/711/710 1232/712/711
f 1231/700/699 1232/712/711 1104/702/701
f 1104/702/701 1232/712/711 1105/713/712
f 1104/702/701 1105/713/712 978/704/703
f 978/704/703 1105/713/712 979/714/713
f 978/704/703 979/714/713 852/706/705
f 852/706/705 979/714/713 853/715/714
f 852/706/705 853/715/714 725/708/707
f 725/708/707 853/715/714 726/716/715
f 725/708/707 726/716/715 598/291/291
f 598/291/291 726/716/715 599/289/289
f 399/710/709 73/709/708 398/717/716
f 398/717/716 73/709/708 72/718/717
f 398/717/716 72/718/717 397/719/718
f 397/719/718 72/718/717 396/720/719
f 397/719/718 396/720/719 1359/721/720
f 1359/721/720 396/720/719 1360/722/721
f 1359/721/720 1360/722/721 1234/723/722
f 1234/723/722 1360/722/721 1235/724/723
f 1234/723/722 1235/724/723 1107/725/724
f 1107/725/724 1235/724/723 1108/726/725
f 1107/725/724 1108/726/725 981/727/726
f 981/727/726 1108/726/725 982/728/727
f 981/727/726 982/728/727 855/729/728
f 855/729/728 982/728/727 856/730/729
f 855/729/728 856/730/729 728/731/730
f 728/731/730 856/730/729 729/732/731
f 728/731/730 729/732/731 601/285/285
f 601/285/285 729/732/731 602/283/283
f 72/718/717 71/733/732 396/720/719
f 396/720/719 71/733/732 395/734/733
f 396/720/719 395/734/733 1360/722/721
f 1360/722/721 395/734/733 1361/735/734
f 1360/722/721 1361/735/734 1235/724/723
f 1235/724/723 1361/735/734 1236/736/735
f 1235/724/723 1236/736/735 1108/726/725
f 1108/726/725 1236/736/735 1109/737/736
f 1108/726/725 1109/737/736 982/728/727
f 982/728/727 1109/737/736 983/738/737
f 982/728/727 983/738/737 856/730/729
f 856/730/729 983/738/737 857/739/738
f 856/730/729 857/739/738 729/732/731
f 729/732/731 857/739/738 730/740/739
f 729/732/731 730/740/739 602/283/283
f 602/283/283 730/740/739 603/281/281
f 395/734/733 71/733/732 394/741/740
f 394/741/740 71/733/732 70/742/741
f 394/741/740 70/742/741 393/743/742
f 393/743/742 70/742/741 392/744/743
f 393/743/742 392/744/743 1363/745/744
f 1363/745/744 392/744/743 1364/746/745
f 1363/745/744 1364/746/745 1238/747/746
f 1238/747/746 1364/746/745 1239/748/747
f 1238/747/746 1239/748/747 1111/749/748
f 1111/749/748 1239/748/747 1112/750/749
f 1111/749/748 1112/750/749 985/751/750
f 985/751/750 1112/750/749 986/752/751
f 985/751/750 986/752/751 859/753/752
f 859/753/752 986/752/751 860/754/753
f 859/753/752 860/754/753 732/755/754
f 732/755/754 860/754/753 733/756/755
f 732/755/754 733/756/755 605/277/277
f 605/277/277 733/756/755 606/275/275
f 70/742/741 69/757/756 392/744/743
f 392/744/743 69/757/756 391/758/757
f 392/744/743 391/758/757 1364/746/745
f 1364/746/745 391/758/757 1365/759/758
f 1364/746/745 1365/759/758 1239/748/747
f 1239/748/747 1365/759/758 1240/760/759
f 1239/748/747 1240/760/759 1112/750/749
f 1112/750/749 1240/760/759 1113/761/760
f 1112/750/749 1113/761/760 986/752/751
f 986/752/751 1113/761/760 987/762/761
f 986/752/751 987/762/761 860/754/753
f 860/754/753 987/762/761 861/763/762
f 860/754/753 861/763/762 733/756/755
f 733/756/755 861/763/762 734/764/763
f 733/756/755 734/764/763 606/275/275
f 606/275/275 734/764/763 607/273/273
f 391/758/757 69/757/756 390/765/764
f 390/765/764 69/757/756 68/766/765
f 390/765/764 68/766/765 389/767/766
f 389/767/766 68/766/765 388/768/767
f 389/767/766 388/768/767 1367/769/768
f 1367/769/768 388/768/767 1368/770/769
f 1367/769/768 1368/770/769 1242/771/770
f 1242/771/770 1368/770/769 1243/772/771
f 1242/771/770 1243/772/771 1115/773/772
f 1115/773/772 1243/772/771 1116/774/773
f 1115/773/772 1116/774/773 989/775/774
f 989/775/774 1116/774/773 990/776/775
f 989/775/774 990/776/775 863/777/776
f 863/777/776 990/776/775 864/778/777
f 863/777/776 864/778/777 736/779/778
f 736/779/778 864/778/777 737/780/779
f 736/779/778 737/780/779 609/269/269
f 609/269/269 737/780/779 610/267/267
f 68/766/765 67/781/780 388/768/767
f 388/768/767 67/781/780 387/782/781
f 388/768/767 387/782/781 1368/770/769
f 1368/770/769 387/782/781 1369/783/782
f 1368/770/769 1369/783/782 1243/772/771
f 1243/772/771 1369/783/782 1244/784/783
f 1243/772/771 1244/784/783 1116/774/773
f 1116/774/773 1244/784/783 1117/785/784
f 1116/774/773 1117/785/784 990/776/775
f 990/776/775 1117/785/784 991/786/785
f 990/776/775 991/786/785 864/778/777
f 864/778/777 991/786/785 865/787/786
f 864/778/777 865/787/786 737/780/779
f 737/780/779 865/787/786 738/788/787
f 737/780/779 738/788/787 610/267/267
f 610/267/267 738/788/787 611/265/265
f 387/782/781 67/781/780 386/789/788
f 386/789/788 67/781/780 66/790/789
f 386/789/788 66/790/789 385/791/790
f 385/791/790 66/790/789 384/792/791
f 385/791/790 384/792/791 1371/793/792
f 1371/793/792 384/792/791 1372/794/793
f 1371/793/792 1372/794/793 1246/795/794
f 1246/795/794 1372/794/793 1247/796/795
f 1246/795/794 1247/796/795 1119/797/796
f 1119/797/796 1247/796/795 1120/798/797
f 1119/797/796 1120/798/797 993/799/798
f 993/799/798 1120/798/797 994/800/799
f 993/799/798 994/800/799 867/801/800
f 867/801/800 994/800/799 868/802/801
f 867/801/800 868/802/801 740/803/802
f 740/803/802 868/802/801 741/804/803
f 740/803/802 741/804/803 613/261/261
f 613/261/261 741/804/803 614/259/259
f 66/790/789 65/805/804 384/792/791
f 384/792/791 65/805/804 383/806/805
f 384/792/791 383/806/805 1372/794/793
f 1372/794/793 383/806/805 1373/807/806
f 1372/794/793 1373/807/806 1247/796/795
f 1247/796/795 1373/807/806 1248/808/807
f 1247/796/795 1248/808/807 1120/798/797
f 1120/798/797 1248/808/807 1121/809/808
f 1120/798/797 1121/809/808 994/800/799
f 994/800/799 1121/809/808 995/810/809
f 994/800/799 995/810/809 868/802/801
f 868/802/801 995/810/809 869/811/810
f 868/802/801 869/811/810 741/804/803
f 741/804/803 869/811/810 742/812/811
f 741/804/803 742/812/811 614/259/259
f 614/259/259 742/812/811 615/257/257
f 383/806/805 65/805/804 382/813/812
f 382/813/812 65/805/804 64/814/813
f 382/813/812 64/814/813 381/815/814
f 381/815/814 64/814/813 380/816/815
f 381/815/814 380/816/815 1375/817/816
f 1375/817/816 380/816/815 1376/818/817
f 1375/817/816 1376/818/817 1250/819/818
f 1250/819/818 1376/818/817 1251/820/819
f 1250/819/818 1251/820/819 1123/821/820
f 1123/821/820 1251/820/819 1124/822/821
f 1123/821/820 1124/822/821 997/823/822
f 997/823/822 1124/822/821 998/824/823
f 997/823/822 998/824/823 871/825/824
f 871/825/824 998/824/823 872/826/825
f 871/825/824 872/826/825 744/827/826
f 744/827/826 872/826/825 745/828/827
f 744/827/826 745/828/827 617/253/253
f 617/253/253 745/828/827 618/251/251
f 64/814/813 63/829/828 380/816/815
f 380/816/815 63/829/828 379/830/829
f 380/816/815 379/830/829 1376/818/817
f 1376/818/817 379/830/829 1377/831/830
f 1376/818/817 1377/831/830 1251/820/819
f 1251/820/819 1377/831/830 1252/832/831
f 1251/820/819 1252/832/831 1124/822/821
f 1124/822/821 1252/832/831 1125/833/832
f 1124/822/821 1125/833/832 998/824/823
f 998/824/823 1125/833/832 999/834/833
f 998/824/823 999/834/833 872/826/825
f 872/826/825 999/834/833 873/835/834
f 872/826/825 873/835/834 745/828/827
f 745/828/827 873/835/834 746/836/835
f 745/828/827 746/836/835 618/251/251
f 618/251/251 746/836/835 619/249/249
f 379/830/829 63/829/828 378/837/836
f 378/837/836 63/829/828 62/838/837
f 378/837/836 62/838/837 377/839/838
f 377/839/838 62/838/837 376/840/839
f 377/839/838 376/840/839 1379/841/840
f 1379/841/840 376/840/839 1380/842/841
f 1379/841/840 1380/842/841 1254/843/842
f 1254/843/842 1380/842/841 1255/844/843
f 1254/843/842 1255/844/843 1127/845/844
f 1127/845/844 1255/844/843 1128/846/845
f 1127/845/844 1128/846/845 1001/847/846
f 1001/847/846 1128/846/845 1002/848/847
f 1001/847/846 1002/848/847 875/849/848
f 875/849/848 1002/848/847 876/850/849
f 875/849/848 876/850/849 748/851/850
f 748/851/850 876/850/849 749/852/851
f 748/851/850 749/852/851 621/245/245
f 621/245/245 749/852/851 622/243/243
f 62/838/837 61/853/852 376/840/839
f 376/840/839 61/853/852 375/854/853
f 376/840/839 375/854/853 1380/842/841
f 1380/842/841 375/854/853 1381/855/854
f 1380/842/841 1381/855/854 1255/844/843
f 1255/844/843 1381/855/854 1256/856/855
f 1255/844/843 1256/856/855 1128/846/845
f 1128/846/845 1256/856/855 1129/857/856
f 1128/846/845 1129/857/856 1002/848/847
f 1002/848/847 1129/857/856 1003/858/857
f 1002/848/847 1003/858/857 876/850/849
f 876/850/849 1003/858/857 877/859/858
f 876/850/849 877/859/858 749/852/851
f 749/852/851 877/859/858 750/860/859
f 749/852/851 750/860/859 622/243/243
f 622/243/243 750/860/859 623/241/241
f 375/854/853 61/853/852 374/861/860
f 374/861/860 61/853/852 60/862/861
f 374/861/860 60/862/861 373/863/862
f 373/863/862 60/862/861 59/864/863
f 373/863/862 59/864/863 372/865/864
f 372/865/864 59/864/863 58/866/865
f 372/865/864 58/866/865 371/867/866
f 371/867/866 58/866/865 57/868/867
f 371/867/866 57/868/867 370/869/868
f 370/869/868 57/868/867 56/870/869
f 370/869/868 56/870/869 369/871/870
f 369/871/870 56/870/869 55/872/871
f 369/871/870 55/872/871 368/873/872
f 368/873/872 55/872/871 54/874/873
f 368/873/872 54/874/873 367/875/874
f 367/875/874 54/874/873 53/876/875
f 367/875/874 53/876/875 366/877/876
f 366/877/876 53/876/875 52/878/877
f 366/877/876 52/878/877 365/879/878
f 365/879/878 52/878/877 51/880/879
f 365/879/878 51/880/879 364/881/880
f 364/881/880 51/880/879 50/882/881
f 364/881/880 50/882/881 363/883/882
f 363/883/882 50/882/881 49/884/883
f 363/883/882 49/884/883 48/885/884
f 363/883/882 48/885/884 362/886/885
f 362/886/885 48/885/884 47/887/886
f 362/886/885 47/887/886 361/888/887
f 361/888/887 47/887/886 46/889/888
f 361/888/887 46/889/888 360/890/889
f 360/890/889 46/889/888 359/891/890
f 360/890/889 359/891/890 1396/892/891
f 1396/892/891 359/891/890 1397/893/892
f 1396/892/891 1397/893/892 1271/894/893
f 1271/894/893 1397/893/892 1272/895/894
f 1271/894/893 1272/895/894 1144/896/895
f 1144/896/895 1272/895/894 1145/897/896
f 1144/896/895 1145/897/896 1018/898/897
f 1018/898/897 1145/897/896 1019/899/898
f 1018/898/897 1019/899/898 892/900/899
f 892/900/899 1019/899/898 893/901/900
f 892/900/899 893/901/900 765/902/901
f 765/902/901 893/901/900 766/903/902
f 765/902/901 766/903/902 638/211/211
f 638/211/211 766/903/902 639/209/209
f 46/889/888 45/904/903 359/891/890
f 359/891/890 45/904/903 357/905/904
f 359/891/890 357/905/904 1397/893/892
f 1397/893/892 357/905/904 358/906/905
f 1397/893/892 358/906/905 1272/895/894
f 1272/895/894 358/906/905 1273/907/906
f 1272/895/894 1273/907/906 1145/897/896
f 1145/897/896 1273/907/906 1146/908/907
f 1145/897/896 1146/908/907 1019/899/898
f 1019/899/898 1146/908/907 1020/909/908
f 1019/899/898 1020/909/908 893/901/900
f 893/901/900 1020/909/908 894/910/909
f 893/901/900 894/910/909 766/903/902
f 766/903/902 894/910/909 767/911/910
f 766/903/902 767/911/910 639/209/209
f 639/209/209 767/911/910 640/207/207
f 45/904/903 44/912/911 357/905/904
f 357/905/904 44/912/911 358/906/905
f 43/913/912 436/914/913 44/912/911
f 44/912/911 436/914/913 356/915/914
f 44/912/911 356/915/914 358/906/905
f 358/906/905 356/915/914 1273/907/906
f 43/913/912 42/916/915 436/914/913
f 436/914/913 42/916/915 356/915/914
f 41/917/916 355/918/917 42/916/915
f 42/916/915 355/918/917 1398/919/918
f 42/916/915 1398/919/918 356/915/914
f 356/915/914 1398/919/918 1274/920/919
f 356/915/914 1274/920/919 1273/907/906
f 1273/907/906 1274/920/919 1146/908/907
f 355/918/917 41/917/916 354/921/920
f 354/921/920 41/917/916 40/922/921
f 354/921/920 40/922/921 353/923/922
f 353/923/922 40/922/921 352/924/923
f 353/923/922 352/924/923 1400/925/924
f 1400/925/924 352/924/923 1401/926/925
f 1400/925/924 1401/926/925 1277/927/926
f 1277/927/926 1401/926/925 1278/928/927
f 1277/927/926 1278/928/927 1150/929/928
f 1150/929/928 1278/928/927 1151/930/929
f 1150/929/928 1151/930/929 1024/931/930
f 1024/931/930 1151/930/929 1025/932/931
f 1024/931/930 1025/932/931 898/933/932
f 898/933/932 1025/932/931 899/934/933
f 898/933/932 899/934/933 771/935/934
f 771/935/934 899/934/933 772/936/935
f 771/935/934 772/936/935 644/199/199
f 644/199/199 772/936/935 645/197/197
f 40/922/921 39/937/936 352/924/923
f 352/924/923 39/937/936 351/938/937
f 352/924/923 351/938/937 1401/926/925
f 1401/926/925 351/938/937 1402/939/938
f 1401/926/925 1402/939/938 1278/928/927
f 1278/928/927 1402/939/938 1279/940/939
f 1278/928/927 1279/940/939 1151/930/929
f 1151/930/929 1279/940/939 1152/941/940
f 1151/930/929 1152/941/940 1025/932/931
f 1025/932/931 1152/941/940 1026/942/941
f 1025/932/931 1026/942/941 899/934/933
f 899/934/933 1026/942/941 900/943/942
f 899/934/933 900/943/942 772/936/935
f 772/936/935 900/943/942 773/944/943
f 772/936/935 773/944/943 645/197/197
f 645/197/197 773/944/943 646/195/195
f 39/937/936 38/945/944 351/938/937
f 351/938/937 38/945/944 350/946/945
f 351/938/937 350/946/945 1402/939/938
f 1402/939/938 350/946/945 1403/947/946
f 1402/939/938 1403/947/946 1279/940/939
f 1279/940/939 1403/947/946 1280/948/947
f 1279/940/939 1280/948/947 1152/941/940
f 1152/941/940 1280/948/947 1153/949/948
f 1152/941/940 1153/949/948 1026/942/941
f 1026/942/941 1153/949/948 1027/950/949
f 1026/942/941 1027/950/949 900/943/942
f 900/943/942 1027/950/949 901/951/950
f 900/943/942 901/951/950 773/944/943
f 773/944/943 901/951/950 774/952/951
f 773/944/943 774/952/951 646/195/195
f 646/195/195 774/952/951 647/193/193
f 38/945/944 37/953/952 350/946/945
f 350/946/945 37/953/952 36/954/953
f 350/946/945 36/954/953 349/955/954
f 349/955/954 36/954/953 35/956/955
f 349/955/954 35/956/955 348/957/956
f 348/957/956 35/956/955 34/958/957
f 348/957/956 34/958/957 347/959/958
f 347/959/958 34/958/957 33/960/959
f 347/959/958 33/960/959 346/961/960
f 346/961/960 33/960/959 32/962/961
f 346/961/960 32/962/961 345/963/962
f 345/963/962 32/962/961 31/964/963
f 345/963/962 31/964/963 344/965/964
f 344/965/964 31/964/963 30/966/965
f 344/965/964 30/966/965 343/967/966
f 343/967/966 30/966/965 29/968/967
f 343/967/966 29/968/967 342/969/968
f 342/969/968 29/968/967 341/970/969
f 342/969/968 341/970/969 1411/971/970
f 1411/971/970 341/970/969 1412/972/971
f 1411/971/970 1412/972/971 1288/973/972
f 1288/973/972 1412/972/971 1289/974/973
f 1288/973/972 1289/974/973 1161/975/974
f 1161/975/974 1289/974/973 1162/976/975
f 1161/975/974 1162/976/975 1035/977/976
f 1035/977/976 1162/976/975 1036/978/977
f 1035/977/976 1036/978/977 909/979/978
f 909/979/978 1036/978/977 910/980/979
f 909/979/978 910/980/979 782/981/980
f 782/981/980 910/980/979 783/982/981
f 782/981/980 783/982/981 655/177/177
f 655/177/177 783/982/981 656/175/175
f 29/968/967 28/983/982 341/970/969
f 341/970/969 28/983/982 340/984/983
f 341/970/969 340/984/983 1412/972/971
f 1412/972/971 340/984/983 1413/985/984
f 1412/972/971 1413/985/984 1289/974/973
f 1289/974/973 1413/985/984 1290/986/985
f 1289/974/973 1290/986/985 1162/976/975
f 1162/976/975 1290/986/985 1163/987/986
f 1162/976/975 1163/987/986 1036/978/977
f 1036/978/977 1163/987/986 1037/988/987
f 1036/978/977 1037/988/987 910/980/979
f 910/980/979 1037/988/987 911/989/988
f 910/980/979 911/989/988 783/982/981
f 783/982/981 911/989/988 784/990/989
f 783/982/981 784/990/989 656/175/175
f 656/175/175 784/990/989 657/173/173
f 28/983/982 27/991/990 340/984/983
f 340/984/983 27/991/990 339/992/991
f 340/984/983 339/992/991 1413/985/984
f 1413/985/984 339/992/991 1414/993/992
f 1413/985/984 1414/993/992 1290/986/985
f 1290/986/985 1414/993/992 1291/994/993
f 1290/986/985 1291/994/993 1163/987/986
f 1163/987/986 1291/994/993 1164/995/994
f 1163/987/986 1164/995/994 1037/988/987
f 1037/988/987 1164/995/994 1038/996/995
f 1037/988/987 1038/996/995 911/989/988
f 911/989/988 1038/996/995 912/997/996
f 911/989/988 912/997/996 784/990/989
f 784/990/989 912/997/996 785/998/997
f 784/990/989 785/998/997 657/173/173
f 657/173/173 785/998/997 658/171/171
f 27/991/990 26/999/998 339/992/991
f 339/992/991 26/999/998 338/1000/999
f 339/992/991 338/1000/999 1414/993/992
f 1414/993/992 338/1000/999 1415/1001/1000
f 1414/993/992 1415/1001/1000 1291/994/993
f 1291/994/993 1415/1001/1000 1292/1002/1001
f 1291/994/993 1292/1002/1001 1164/995/994
f 1164/995/994 1292/1002/1001 1165/1003/1002
f 1164/995/994 1165/1003/1002 1038/996/995
f 1038/996/995 1165/1003/1002 1039/1004/1003
f 1038/996/995 1039/1004/1003 912/997/996
f 912/997/996 1039/1004/1003 913/1005/1004
f 912/997/996 913/1005/1004 785/998/997
f 785/998/997 913/1005/1004 786/1006/1005
f 785/998/997 786/1006/1005 658/171/171
f 658/171/171 786/1006/1005 659/169/169
f 26/999/998 25/1007/1006 338/1000/999
f 338/1000/999 25/1007/1006 337/1008/1007
f 338/1000/999 337/1008/1007 1415/1001/1000
f 1415/1001/1000 337/1008/1007 1416/1009/1008
f 1415/1001/1000 1416/1009/1008 1292/1002/1001
f 1292/1002/1001 1416/1009/1008 1293/1010/1009
f 1292/1002/1001 1293/1010/1009 1165/1003/1002
f 1165/1003/1002 1293/1010/1009 1166/1011/1010
f 1165/1003/1002 1166/1011/1010 1039/1004/1003
f 1039/1004/1003 1166/1011/1010 1040/1012/1011
f 1039/1004/1003 1040/1012/1011 913/1005/1004
f 913/1005/1004 1040/1012/1011 914/1013/1012
f 913/1005/1004 914/1013/1012 786/1006/1005
f 786/1006/1005 914/1013/1012 787/1014/1013
f 786/1006/1005 787/1014/1013 659/169/169
f 659/169/169 787/1014/1013 660/167/167
f 337/1008/1007 25/1007/1006 336/1015/1014
f 336/1015/1014 25/1007/1006 24/1016/1015
f 336/1015/1014 24/1016/1015 335/1017/1016
f 335/1017/1016 24/1016/1015 23/1018/1017
f 335/1017/1016 23/1018/1017 334/1019/1018
f 334/1019/1018 23/1018/1017 22/1020/1019
f 334/1019/1018 22/1020/1019 333/1021/1020
f 333/1021/1020 22/1020/1019 21/1022/1021
f 333/1021/1020 21/1022/1021 332/1023/1022
f 332/1023/1022 21/1022/1021 331/1024/1023
f 332/1023/1022 331/1024/1023 1421/1025/1024
f 1421/1025/1024 331/1024/1023 1422/1026/1025
f 1421/1025/1024 1422/1026/1025 1298/1027/1026
f 1298/1027/1026 1422/1026/1025 1299/1028/1027
f 1298/1027/1026 1299/1028/1027 1171/1029/1028
f 1171/1029/1028 1299/1028/1027 1172/1030/1029
f 1171/1029/1028 1172/1030/1029 1045/1031/1030
f 1045/1031/1030 1172/1030/1029 1046/1032/1031
f 1045/1031/1030 1046/1032/1031 919/1033/1032
f 919/1033/1032 1046/1032/1031 920/1034/1033
f 919/1033/1032 920/1034/1033 792/1035/1034
f 792/1035/1034 920/1034/1033 793/1036/1035
f 792/1035/1034 793/1036/1035 665/157/157
f 665/157/157 793/1036/1035 666/155/155
f 21/1022/1021 20/1037/1036 331/1024/1023
f 331/1024/1023 20/1037/1036 330/1038/1037
f 331/1024/1023 330/1038/1037 1422/1026/1025
f 1422/1026/1025 330/1038/1037 1423/1039/1038
f 1422/1026/1025 1423/1039/1038 1299/1028/1027
f 1299/1028/1027 1423/1039/1038 1300/1040/1039
f 1299/1028/1027 1300/1040/1039 1172/1030/1029
f 1172/1030/1029 1300/1040/1039 1173/1041/1040
f 1172/1030/1029 1173/1041/1040 1046/1032/1031
f 1046/1032/1031 1173/1041/1040 1047/1042/1041
f 1046/1032/1031 1047/1042/1041 920/1034/1033
f 920/1034/1033 1047/1042/1041 921/1043/1042
f 920/1034/1033 921/1043/1042 793/1036/1035
f 793/1036/1035 921/1043/1042 794/1044/1043
f 793/1036/1035 794/1044/1043 666/155/155
f 666/155/155 794/1044/1043 667/153/153
f 20/1037/1036 19/1045/1044 330/1038/1037
f 330/1038/1037 19/1045/1044 329/1046/1045
f 330/1038/1037 329/1046/1045 1423/1039/1038
f 1423/1039/1038 329/1046/1045 1424/1047/1046
f 1423/1039/1038 1424/1047/1046 1300/1040/1039
f 1300/1040/1039 1424/1047/1046 1301/1048/1047
f 1300/1040/1039 1301/1048/1047 1173/1041/1040
f 1173/1041/1040 1301/1048/1047 1174/1049/1048
f 1173/1041/1040 1174/1049/1048 1047/1042/1041
f 1047/1042/1041 1174/1049/1048 1048/1050/1049
f 1047/1042/1041 1048/1050/1049 921/1043/1042
f 921/1043/1042 1048/1050/1049 922/1051/1050
f 921/1043/1042 922/1051/1050 794/1044/1043
f 794/1044/1043 922/1051/1050 795/1052/1051
f 794/1044/1043 795/1052/1051 667/153/153
f 667/153/153 795/1052/1051 668/151/151
f 19/1045/1044 18/1053/1052 329/1046/1045
f 329/1046/1045 18/1053/1052 328/1054/1053
f 329/1046/1045 328/1054/1053 1424/1047/1046
f 1424/1047/1046 328/1054/1053 1425/1055/1054
f 1424/1047/1046 1425/1055/1054 1301/1048/1047
f 1301/1048/1047 1425/1055/1054 1302/1056/1055
f 1301/1048/1047 1302/1056/1055 1174/1049/1048
f 1174/1049/1048 1302/1056/1055 1175/1057/1056
f 1174/1049/1048 1175/1057/1056 1048/1050/1049
f 1048/1050/1049 1175/1057/1056 1049/1058/1057
f 1048/1050/1049 1049/1058/1057 922/1051/1050
f 922/1051/1050 1049/1058/1057 923/1059/1058
f 922/1051/1050 923/1059/1058 795/1052/1051
f 795/1052/1051 923/1059/1058 796/1060/1059
f 795/1052/1051 796/1060/1059 668/151/151
f 668/151/151 796/1060/1059 669/149/149
f 18/1053/1052 17/1061/1060 328/1054/1053
f 328/1054/1053 17/1061/1060 327/1062/1061
f 328/1054/1053 327/1062/1061 1425/1055/1054
f 1425/1055/1054 327/1062/1061 1426/1063/1062
f 1425/1055/1054 1426/1063/1062 1302/1056/1055
f 1302/1056/1055 1426/1063/1062 1303/1064/1063
f 1302/1056/1055 1303/1064/1063 1175/1057/1056
f 1175/1057/1056 1303/1064/1063 1176/1065/1064
f 1175/1057/1056 1176/1065/1064 1049/1058/1057
f 1049/1058/1057 1176/1065/1064 1050/1066/1065
f 1049/1058/1057 1050/1066/1065 923/1059/1058
f 923/1059/1058 1050/1066/1065 924/1067/1066
f 923/1059/1058 924/1067/1066 796/1060/1059
f 796/1060/1059 924/1067/1066 797/1068/1067
f 796/1060/1059 797/1068/1067 669/149/149
f 669/149/149 797/1068/1067 670/147/147
f 327/1062/1061 17/1061/1060 326/1069/1068
f 326/1069/1068 17/1061/1060 16/1070/1069
f 326/1069/1068 16/1070/1069 325/1071/1070
f 325/1071/1070 16/1070/1069 15/1072/1071
f 325/1071/1070 15/1072/1071 324/1073/1072
f 324/1073/1072 15/1072/1071 14/1074/1073
f 324/1073/1072 14/1074/1073 323/1075/1074
f 323/1075/1074 14/1074/1073 13/1076/1075
f 323/1075/1074 13/1076/1075 322/1077/1076
f 322/1077/1076 13/1076/1075 321/1078/1077
f 322/1077/1076 321/1078/1077 1431/1079/1078
f 1431/1079/1078 321/1078/1077 1432/1080/1079
f 1431/1079/1078 1432/1080/1079 1308/1081/1080
f 1308/1081/1080 1432/1080/1079 1309/1082/1081
f 1308/1081/1080 1309/1082/1081 1181/1083/1082
f 1181/1083/1082 1309/1082/1081 1182/1084/1083
f 1181/1083/1082 1182/1084/1083 1055/1085/1084
f 1055/1085/1084 1182/1084/1083 1056/1086/1085
f 1055/1085/1084 1056/1086/1085 929/1087/1086
f 929/1087/1086 1056/1086/1085 930/1088/1087
f 929/1087/1086 930/1088/1087 802/1089/1088
f 802/1089/1088 930/1088/1087 803/1090/1089
f 802/1089/1088 803/1090/1089 675/137/137
f 675/137/137 803/1090/1089 676/135/135
f 13/1076/1075 12/1091/1090 321/1078/1077
f 321/1078/1077 12/1091/1090 320/1092/1091
f 321/1078/1077 320/1092/1091 1432/1080/1079
f 1432/1080/1079 320/1092/1091 1433/1093/1092
f 1432/1080/1079 1433/1093/1092 1309/1082/1081
f 1309/1082/1081 1433/1093/1092 1310/1094/1093
f 1309/1082/1081 1310/1094/1093 1182/1084/1083
f 1182/1084/1083 1310/1094/1093 1183/1095/1094
f 1182/1084/1083 1183/1095/1094 1056/1086/1085
f 1056/1086/1085 1183/1095/1094 1057/1096/1095
f 1056/1086/1085 1057/1096/1095 930/1088/1087
f 930/1088/1087 1057/1096/1095 931/1097/1096
f 930/1088/1087 931/1097/1096 803/1090/1089
f 803/1090/1089 931/1097/1096 804/1098/1097
f 803/1090/1089 804/1098/1097 676/135/135
f 676/135/135 804/1098/1097 677/133/133
f 12/1091/1090 11/1099/1098 320/1092/1091
f 320/1092/1091 11/1099/1098 319/1100/1099
f 320/1092/1091 319/1100/1099 1433/1093/1092
f 1433/1093/1092 319/1100/1099 1434/1101/1100
f 1433/1093/1092 1434/1101/1100 1310/1094/1093
f 1310/1094/1093 1434/1101/1100 1311/1102/1101
f 1310/1094/1093 1311/1102/1101 1183/1095/1094
f 1183/1095/1094 1311/1102/1101 1184/1103/1102
f 1183/1095/1094 1184/1103/1102 1057/1096/1095
f 1057/1096/1095 1184/1103/1102 1058/1104/1103
f 1057/1096/1095 1058/1104/1103 931/1097/1096
f 931/1097/1096 1058/1104/1103 932/1105/1104
f 931/1097/1096 932/1105/1104 804/1098/1097
f 804/1098/1097 932/1105/1104 805/1106/1105
f 804/1098/1097 805/1106/1105 677/133/133
f 677/133/133 805/1106/1105 678/131/131
f 11/1099/1098 10/1107/1106 319/1100/1099
f 319/1100/1099 10/1107/1106 318/1108/1107
f 319/1100/1099 318/1108/1107 1434/1101/1100
f 1434/1101/1100 318/1108/1107 1435/1109/1108
f 1434/1101/1100 1435/1109/1108 1311/1102/1101
f 1311/1102/1101 1435/1109/1108 1312/1110/1109
f 1311/1102/1101 1312/1110/1109 1184/1103/1102
f 1184/1103/1102 1312/1110/1109 1185/1111/1110
f 1184/1103/1102 1185/1111/1110 1058/1104/1103
f 1058/1104/1103 1185/1111/1110 1059/1112/1111
f 1058/1104/1103 1059/1112/1111 932/1105/1104
f 932/1105/1104 1059/1112/1111 933/1113/1112
f 932/1105/1104 933/1113/1112 805/1106/1105
f 805/1106/1105 933/1113/1112 806/1114/1113
f 805/1106/1105 806/1114/1113 678/131/131
f 678/131/131 806/1114/1113 679/129/129
f 10/1107/1106 9/1115/1114 318/1108/1107
f 318/1108/1107 9/1115/1114 317/1116/1115
f 318/1108/1107 317/1116/1115 1435/1109/1108
f 1435/1109/1108 317/1116/1115 1436/1117/1116
f 1435/1109/1108 1436/1117/1116 1312/1110/1109
f 1312/1110/1109 1436/1117/1116 1313/1118/1117
f 1312/1110/1109 1313/1118/1117 1185/1111/1110
f 1185/1111/1110 1313/1118/1117 1186/1119/1118
f 1185/1111/1110 1186/1119/1118 1059/1112/1111
f 1059/1112/1111 1186/1119/1118 1060/1120/1119
f 1059/1112/1111 1060/1120/1119 933/1113/1112
f 933/1113/1112 1060/1120/1119 934/1121/1120
f 933/1113/1112 934/1121/1120 806/1114/1113
f 806/1114/1113 934/1121/1120 807/1122/1121
f 806/1114/1113 807/1122/1121 679/129/129
f 679/129/129 807/1122/1121 680/127/127
f 317/1116/1115 9/1115/1114 316/1123/1122
f 316/1123/1122 9/1115/1114 8/1124/1123
f 316/1123/1122 8/1124/1123 315/1125/1124
f 315/1125/1124 8/1124/1123 7/1126/1125
f 315/1125/1124 7/1126/1125 314/1127/1126
f 314/1127/1126 7/1126/1125 6/1128/1127
f 314/1127/1126 6/1128/1127 313/1129/1128
f 313/1129/1128 6/1128/1127 5/1130/1129
f 313/1129/1128 5/1130/1129 312/1131/1130
f 312/1131/1130 5/1130/1129 4/1132/1131
f 312/1131/1130 4/1132/1131 311/1133/1132
f 311/1133/1132 4/1132/1131 3/1134/1133
f 311/1133/1132 3/1134/1133 310/1135/1134
f 310/1135/1134 3/1134/1133 309/1136/1135
f 310/1135/1134 309/1136/1135 1443/1137/1136
f 1443/1137/1136 309/1136/1135 1444/1138/1137
f 1443/1137/1136 1444/1138/1137 1320/1139/1138
f 1320/1139/1138 1444/1138/1137 1321/1140/1139
f 1320/1139/1138 1321/1140/1139 1193/1141/1140
f 1193/1141/1140 1321/1140/1139 1194/1142/1141
f 1193/1141/1140 1194/1142/1141 1067/1143/1142
f 1067/1143/1142 1194/1142/1141 1068/1144/1143
f 1067/1143/1142 1068/1144/1143 941/1145/1144
f 941/1145/1144 1068/1144/1143 942/1146/1145
f 941/1145/1144 942/1146/1145 814/1147/1146
f 814/1147/1146 942/1146/1145 815/1148/1147
f 814/1147/1146 815/1148/1147 687/113/113
f 687/113/113 815/1148/1147 688/111/111
f 3/1134/1133 2/1149/1148 309/1136/1135
f 309/1136/1135 2/1149/1148 308/1150/1149
f 309/1136/1135 308/1150/1149 1444/1138/1137
f 1444/1138/1137 308/1150/1149 177/1151/1150
f 1444/1138/1137 177/1151/1150 1321/1140/1139
f 1321/1140/1139 177/1151/1150 816/1152/1151
f 1321/1140/1139 816/1152/1151 1194/1142/1141
f 1194/1142/1141 816/1152/1151 1195/1153/1152
f 1194/1142/1141 1195/1153/1152 1068/1144/1143
f 1068/1144/1143 1195/1153/1152 176/1154/1153
f 1068/1144/1143 176/1154/1153 942/1146/1145
f 942/1146/1145 176/1154/1153 943/1155/1154
f 942/1146/1145 943/1155/1154 815/1148/1147
f 815/1148/1147 943/1155/1154 562/1156/1155
f 815/1148/1147 562/1156/1155 688/111/111
f 688/111/111 562/1156/1155 689/109/109
f 2/1149/1148 1/1157/550 308/1150/1149
f 308/1150/1149 1/1157/550 177/1151/1150
f 177/1151/1150 1/1157/550 816/1152/1151
f 816/1152/1151 1/1157/550 105/107/107
f 816/1152/1151 105/107/107 1195/1153/1152
f 1195/1153/1152 105/107/107 176/1154/1153
f 176/1154/1153 105/107/107 943/1155/1154
f 943/1155/1154 105/107/107 562/1156/1155
f 817/364/363 105/362/107 179/554/553
f 181/1158/1156 182/1159/1157 105/362/107
f 105/362/107 182/1159/1157 183/1160/1158
f 105/362/107 183/1160/1158 184/1161/1159
f 184/1161/1159 183/1160/1158 439/354/354
f 184/1161/1159 439/354/354 440/352/352
f 178/360/360 437/358/358 181/1158/1156
f 181/1158/1156 437/358/358 182/1159/1157
f 437/358/358 438/356/356 182/1159/1157
f 182/1159/1157 438/356/356 183/1160/1158
f 184/1161/1159 185/1162/1160 105/362/107
f 105/362/107 185/1162/1160 186/1163/1161
f 105/362/107 186/1163/1161 187/548/547
f 187/548/547 186/1163/1161 442/348/348
f 187/548/547 442/348/348 443/346/346
f 438/356/356 439/354/354 183/1160/1158
f 184/1161/1159 440/352/352 185/1162/1160
f 185/1162/1160 440/352/352 441/350/350
f 185/1162/1160 441/350/350 186/1163/1161
f 186/1163/1161 441/350/350 442/348/348
f 444/344/344 188/549/548 443/346/346
f 443/346/346 188/549/548 187/548/547
f 189/550/549 190/1164/1162 174/544/543
f 174/544/543 190/1164/1162 191/1165/1163
f 174/544/543 191/1165/1163 192/1166/1164
f 192/1166/1164 191/1165/1163 447/338/338
f 192/1166/1164 447/338/338 448/336/336
f 189/550/549 445/342/342 190/1164/1162
f 190/1164/1162 445/342/342 446/340/340
f 190/1164/1162 446/340/340 191/1165/1163
f 191/1165/1163 446/340/340 447/338/338
f 193/545/544 174/544/543 192/1166/1164
f 192/1166/1164 448/336/336 193/545/544
f 193/545/544 448/336/336 449/334/334
f 193/545/544 449/334/334 194/546/545
f 194/546/545 449/334/334 450/332/332
f 195/547/546 196/1167/1165 173/541/540
f 173/541/540 196/1167/1165 197/1168/1166
f 173/541/540 197/1168/1166 198/1169/1167
f 198/1169/1167 197/1168/1166 453/326/326
f 198/1169/1167 453/326/326 454/324/324
f 195/547/546 451/330/330 196/1167/1165
f 196/1167/1165 451/330/330 452/328/328
f 196/1167/1165 452/328/328 197/1168/1166
f 197/1168/1166 452/328/328 453/326/326
f 199/543/542 173/541/540 198/1169/1167
f 454/324/324 199/543/542 198/1169/1167
f 455/322/322 456/320/320 200/542/541
f 200/542/541 456/320/320 201/540/539
f 456/320/320 457/318/318 201/540/539
f 201/540/539 457/318/318 202/538/537
f 457/318/318 458/316/316 202/538/537
f 202/538/537 458/316/316 203/536/535
f 458/316/316 459/314/314 203/536/535
f 203/536/535 459/314/314 204/534/533
f 459/314/314 460/312/312 204/534/533
f 204/534/533 460/312/312 205/532/531
f 460/312/312 461/310/310 205/532/531
f 205/532/531 461/310/310 206/530/529
f 461/310/310 462/308/308 206/530/529
f 206/530/529 462/308/308 207/528/527
f 462/308/308 463/306/306 207/528/527
f 207/528/527 463/306/306 208/526/525
f 465/302/302 210/523/522 209/524/523
f 463/306/306 464/304/304 208/526/525
f 208/526/525 464/304/304 209/524/523
f 464/304/304 465/302/302 209/524/523
f 469/294/294 214/517/516 213/518/517
f 467/298/298 468/296/296 212/520/519
f 212/520/519 468/296/296 213/518/517
f 468/296/296 469/294/294 213/518/517
f 474/284/284 219/509/508 218/510/509
f 472/288/288 473/286/286 217/512/511
f 217/512/511 473/286/286 218/510/509
f 473/286/286 474/284/284 218/510/509
f 478/276/276 223/503/502 222/504/503
f 476/280/280 477/278/278 221/506/505
f 221/506/505 477/278/278 222/504/503
f 477/278/278 478/276/276 222/504/503
f 482/268/268 227/497/496 226/498/497
f 480/272/272 481/270/270 225/500/499
f 225/500/499 481/270/270 226/498/497
f 481/270/270 482/268/268 226/498/497
f 486/260/260 231/491/490 230/492/491
f 484/264/264 485/262/262 229/494/493
f 229/494/493 485/262/262 230/492/491
f 485/262/262 486/260/260 230/492/491
f 488/256/256 489/254/254 233/488/487
f 233/488/487 489/254/254 234/486/485
f 491/250/250 236/483/482 235/484/483
f 489/254/254 490/252/252 234/486/485
f 234/486/485 490/252/252 235/484/483
f 490/252/252 491/250/250 235/484/483
f 495/242/242 240/477/476 239/478/477
f 493/246/246 494/244/244 238/480/479
f 238/480/479 494/244/244 239/478/477
f 494/244/244 495/242/242 239/478/477
f 497/238/238 498/236/236 242/474/473
f 242/474/473 498/236/236 243/472/471
f 498/236/236 499/234/234 243/472/471
f 243/472/471 499/234/234 244/470/469
f 499/234/234 500/232/232 244/470/469
f 244/470/469 500/232/232 245/468/467
f 500/232/232 501/230/230 245/468/467
f 245/468/467 501/230/230 246/466/465
f 501/230/230 502/228/228 246/466/465
f 246/466/465 502/228/228 247/464/463
f 502/228/228 503/226/226 247/464/463
f 247/464/463 503/226/226 248/462/461
f 503/226/226 504/224/224 248/462/461
f 248/462/461 504/224/224 249/459/458
f 504/224/224 505/222/222 249/459/458
f 249/459/458 505/222/222 250/460/459
f 251/461/460 252/1170/1168 140/454/453
f 140/454/453 252/1170/1168 253/1171/1169
f 140/454/453 253/1171/1169 254/1172/1170
f 254/1172/1170 253/1171/1169 509/214/214
f 254/1172/1170 509/214/214 510/212/212
f 505/222/222 506/220/220 250/460/459
f 251/461/460 507/218/218 252/1170/1168
f 252/1170/1168 507/218/218 508/216/216
f 252/1170/1168 508/216/216 253/1171/1169
f 253/1171/1169 508/216/216 509/214/214
f 256/455/454 140/454/453 255/1173/1171
f 255/1173/1171 140/454/453 254/1172/1170
f 255/1173/1171 254/1172/1170 510/212/212
f 510/212/212 511/210/210 255/1173/1171
f 255/1173/1171 511/210/210 256/455/454
f 511/210/210 512/208/208 256/455/454
f 256/455/454 512/208/208 257/456/455
f 258/457/456 259/1174/1172 139/450/449
f 139/450/449 259/1174/1172 260/1175/1173
f 139/450/449 260/1175/1173 261/1176/1174
f 261/1176/1174 260/1175/1173 516/200/200
f 261/1176/1174 516/200/200 517/198/198
f 512/208/208 513/206/206 257/456/455
f 258/457/456 514/204/204 259/1174/1172
f 259/1174/1172 514/204/204 515/202/202
f 259/1174/1172 515/202/202 260/1175/1173
f 260/1175/1173 515/202/202 516/200/200
f 262/451/450 139/450/449 261/1176/1174
f 261/1176/1174 517/198/198 262/451/450
f 262/451/450 517/198/198 518/196/196
f 262/451/450 518/196/196 263/452/451
f 263/452/451 518/196/196 519/194/194
f 264/453/452 265/1177/1175 138/447/446
f 138/447/446 265/1177/1175 266/1178/1176
f 138/447/446 266/1178/1176 267/449/448
f 267/449/448 266/1178/1176 522/188/188
f 264/453/452 520/192/192 265/1177/1175
f 265/1177/1175 520/192/192 521/190/190
f 265/1177/1175 521/190/190 266/1178/1176
f 266/1178/1176 521/190/190 522/188/188
f 523/186/186 524/184/184 268/448/447
f 268/448/447 524/184/184 269/446/445
f 524/184/184 525/182/182 269/446/445
f 269/446/445 525/182/182 270/444/443
f 527/178/178 272/441/440 271/442/441
f 525/182/182 526/180/180 270/444/443
f 270/444/443 526/180/180 271/442/441
f 526/180/180 527/178/178 271/442/441
f 536/160/160 537/158/158 281/424/423
f 281/424/423 537/158/158 282/422/421
f 537/158/158 538/156/156 282/422/421
f 282/422/421 538/156/156 283/420/419
f 538/156/156 539/154/154 283/420/419
f 283/420/419 539/154/154 284/418/417
f 539/154/154 540/152/152 284/418/417
f 284/418/417 540/152/152 285/416/415
f 542/148/148 287/413/412 286/414/413
f 540/152/152 541/150/150 285/416/415
f 285/416/415 541/150/150 286/414/413
f 541/150/150 542/148/148 286/414/413
f 549/134/134 550/132/132 294/400/399
f 294/400/399 550/132/132 295/398/397
f 550/132/132 551/130/130 295/398/397
f 295/398/397 551/130/130 296/396/395
f 551/130/130 552/128/128 296/396/395
f 296/396/395 552/128/128 297/394/393
f 554/124/124 299/391/390 298/392/391
f 552/128/128 553/126/126 297/394/393
f 297/394/393 553/126/126 298/392/391
f 553/126/126 554/124/124 298/392/391
f 175/108/108 307/106/106 306/378/377
f 560/112/112 561/110/110 305/380/379
f 305/380/379 561/110/110 306/378/377
f 562/1156/1155 105/107/107 689/109/109
f 561/110/110 175/108/108 306/378/377
f 178/360/360 181/1158/1156 105/362/107
f 311/1133/1132 310/1135/1134 1442/1179/1177
f 1442/1179/1177 310/1135/1134 1443/1137/1136
f 1442/1179/1177 1443/1137/1136 1319/1180/1178
f 1319/1180/1178 1443/1137/1136 1320/1139/1138
f 1319/1180/1178 1320/1139/1138 1192/1181/1179
f 1192/1181/1179 1320/1139/1138 1193/1141/1140
f 1192/1181/1179 1193/1141/1140 1066/1182/1180
f 1066/1182/1180 1193/1141/1140 1067/1143/1142
f 1066/1182/1180 1067/1143/1142 940/1183/1181
f 940/1183/1181 1067/1143/1142 941/1145/1144
f 940/1183/1181 941/1145/1144 813/1184/1182
f 813/1184/1182 941/1145/1144 814/1147/1146
f 813/1184/1182 814/1147/1146 686/115/115
f 686/115/115 814/1147/1146 687/113/113
f 312/1131/1130 311/1133/1132 1441/1185/1183
f 1441/1185/1183 311/1133/1132 1442/1179/1177
f 1441/1185/1183 1442/1179/1177 1318/1186/1184
f 1318/1186/1184 1442/1179/1177 1319/1180/1178
f 1318/1186/1184 1319/1180/1178 1191/1187/1185
f 1191/1187/1185 1319/1180/1178 1192/1181/1179
f 1191/1187/1185 1192/1181/1179 1065/1188/1186
f 1065/1188/1186 1192/1181/1179 1066/1182/1180
f 1065/1188/1186 1066/1182/1180 939/1189/1187
f 939/1189/1187 1066/1182/1180 940/1183/1181
f 939/1189/1187 940/1183/1181 812/1190/1188
f 812/1190/1188 940/1183/1181 813/1184/1182
f 812/1190/1188 813/1184/1182 685/117/117
f 685/117/117 813/1184/1182 686/115/115
f 313/1129/1128 312/1131/1130 1440/1191/1189
f 1440/1191/1189 312/1131/1130 1441/1185/1183
f 1440/1191/1189 1441/1185/1183 1317/1192/1190
f 1317/1192/1190 1441/1185/1183 1318/1186/1184
f 1317/1192/1190 1318/1186/1184 1190/1193/1191
f 1190/1193/1191 1318/1186/1184 1191/1187/1185
f 1190/1193/1191 1191/1187/1185 1064/1194/1192
f 1064/1194/1192 1191/1187/1185 1065/1188/1186
f 1064/1194/1192 1065/1188/1186 938/1195/1193
f 938/1195/1193 1065/1188/1186 939/1189/1187
f 938/1195/1193 939/1189/1187 811/1196/1194
f 811/1196/1194 939/1189/1187 812/1190/1188
f 811/1196/1194 812/1190/1188 684/119/119
f 684/119/119 812/1190/1188 685/117/117
f 314/1127/1126 313/1129/1128 1439/1197/1195
f 1439/1197/1195 313/1129/1128 1440/1191/1189
f 1439/1197/1195 1440/1191/1189 1316/1198/1196
f 1316/1198/1196 1440/1191/1189 1317/1192/1190
f 1316/1198/1196 1317/1192/1190 1189/1199/1197
f 1189/1199/1197 1317/1192/1190 1190/1193/1191
f 1189/1199/1197 1190/1193/1191 1063/1200/1198
f 1063/1200/1198 1190/1193/1191 1064/1194/1192
f 1063/1200/1198 1064/1194/1192 937/1201/1199
f 937/1201/1199 1064/1194/1192 938/1195/1193
f 937/1201/1199 938/1195/1193 810/1202/1200
f 810/1202/1200 938/1195/1193 811/1196/1194
f 810/1202/1200 811/1196/1194 683/121/121
f 683/121/121 811/1196/1194 684/119/119
f 315/1125/1124 314/1127/1126 1438/1203/1201
f 1438/1203/1201 314/1127/1126 1439/1197/1195
f 1438/1203/1201 1439/1197/1195 1315/1204/1202
f 1315/1204/1202 1439/1197/1195 1316/1198/1196
f 1315/1204/1202 1316/1198/1196 1188/1205/1203
f 1188/1205/1203 1316/1198/1196 1189/1199/1197
f 1188/1205/1203 1189/1199/1197 1062/1206/1204
f 1062/1206/1204 1189/1199/1197 1063/1200/1198
f 1062/1206/1204 1063/1200/1198 936/1207/1205
f 936/1207/1205 1063/1200/1198 937/1201/1199
f 936/1207/1205 937/1201/1199 809/1208/1206
f 809/1208/1206 937/1201/1199 810/1202/1200
f 809/1208/1206 810/1202/1200 682/123/123
f 682/123/123 810/1202/1200 683/121/121
f 1436/1117/1116 317/1116/1115 316/1123/1122
f 316/1123/1122 315/1125/1124 1437/1209/1207
f 1437/1209/1207 315/1125/1124 1438/1203/1201
f 1437/1209/1207 1438/1203/1201 1314/1210/1208
f 1314/1210/1208 1438/1203/1201 1315/1204/1202
f 1314/1210/1208 1315/1204/1202 1187/1211/1209
f 1187/1211/1209 1315/1204/1202 1188/1205/1203
f 1187/1211/1209 1188/1205/1203 1061/1212/1210
f 1061/1212/1210 1188/1205/1203 1062/1206/1204
f 1061/1212/1210 1062/1206/1204 935/1213/1211
f 935/1213/1211 1062/1206/1204 936/1207/1205
f 935/1213/1211 936/1207/1205 808/1214/1212
f 808/1214/1212 936/1207/1205 809/1208/1206
f 808/1214/1212 809/1208/1206 681/125/125
f 681/125/125 809/1208/1206 682/123/123
f 323/1075/1074 322/1077/1076 1430/1215/1213
f 1430/1215/1213 322/1077/1076 1431/1079/1078
f 1430/1215/1213 1431/1079/1078 1307/1216/1214
f 1307/1216/1214 1431/1079/1078 1308/1081/1080
f 1307/1216/1214 1308/1081/1080 1180/1217/1215
f 1180/1217/1215 1308/1081/1080 1181/1083/1082
f 1180/1217/1215 1181/1083/1082 1054/1218/1216
f 1054/1218/1216 1181/1083/1082 1055/1085/1084
f 1054/1218/1216 1055/1085/1084 928/1219/1217
f 928/1219/1217 1055/1085/1084 929/1087/1086
f 928/1219/1217 929/1087/1086 801/1220/1218
f 801/1220/1218 929/1087/1086 802/1089/1088
f 801/1220/1218 802/1089/1088 674/139/139
f 674/139/139 802/1089/1088 675/137/137
f 324/1073/1072 323/1075/1074 1429/1221/1219
f 1429/1221/1219 323/1075/1074 1430/1215/1213
f 1429/1221/1219 1430/1215/1213 1306/1222/1220
f 1306/1222/1220 1430/1215/1213 1307/1216/1214
f 1306/1222/1220 1307/1216/1214 1179/1223/1221
f 1179/1223/1221 1307/1216/1214 1180/1217/1215
f 1179/1223/1221 1180/1217/1215 1053/1224/1222
f 1053/1224/1222 1180/1217/1215 1054/1218/1216
f 1053/1224/1222 1054/1218/1216 927/1225/1223
f 927/1225/1223 1054/1218/1216 928/1219/1217
f 927/1225/1223 928/1219/1217 800/1226/1224
f 800/1226/1224 928/1219/1217 801/1220/1218
f 800/1226/1224 801/1220/1218 673/141/141
f 673/141/141 801/1220/1218 674/139/139
f 325/1071/1070 324/1073/1072 1428/1227/1225
f 1428/1227/1225 324/1073/1072 1429/1221/1219
f 1428/1227/1225 1429/1221/1219 1305/1228/1226
f 1305/1228/1226 1429/1221/1219 1306/1222/1220
f 1305/1228/1226 1306/1222/1220 1178/1229/1227
f 1178/1229/1227 1306/1222/1220 1179/1223/1221
f 1178/1229/1227 1179/1223/1221 1052/1230/1228
f 1052/1230/1228 1179/1223/1221 1053/1224/1222
f 1052/1230/1228 1053/1224/1222 926/1231/1229
f 926/1231/1229 1053/1224/1222 927/1225/1223
f 926/1231/1229 927/1225/1223 799/1232/1230
f 799/1232/1230 927/1225/1223 800/1226/1224
f 799/1232/1230 800/1226/1224 672/143/143
f 672/143/143 800/1226/1224 673/141/141
f 1426/1063/1062 327/1062/1061 326/1069/1068
f 326/1069/1068 325/1071/1070 1427/1233/1231
f 1427/1233/1231 325/1071/1070 1428/1227/1225
f 1427/1233/1231 1428/1227/1225 1304/1234/1232
f 1304/1234/1232 1428/1227/1225 1305/1228/1226
f 1304/1234/1232 1305/1228/1226 1177/1235/1233
f 1177/1235/1233 1305/1228/1226 1178/1229/1227
f 1177/1235/1233 1178/1229/1227 1051/1236/1234
f 1051/1236/1234 1178/1229/1227 1052/1230/1228
f 1051/1236/1234 1052/1230/1228 925/1237/1235
f 925/1237/1235 1052/1230/1228 926/1231/1229
f 925/1237/1235 926/1231/1229 798/1238/1236
f 798/1238/1236 926/1231/1229 799/1232/1230
f 798/1238/1236 799/1232/1230 671/145/145
f 671/145/145 799/1232/1230 672/143/143
f 333/1021/1020 332/1023/1022 1420/1239/1237
f 1420/1239/1237 332/1023/1022 1421/1025/1024
f 1420/1239/1237 1421/1025/1024 1297/1240/1238
f 1297/1240/1238 1421/1025/1024 1298/1027/1026
f 1297/1240/1238 1298/1027/1026 1170/1241/1239
f 1170/1241/1239 1298/1027/1026 1171/1029/1028
f 1170/1241/1239 1171/1029/1028 1044/1242/1240
f 1044/1242/1240 1171/1029/1028 1045/1031/1030
f 1044/1242/1240 1045/1031/1030 918/1243/1241
f 918/1243/1241 1045/1031/1030 919/1033/1032
f 918/1243/1241 919/1033/1032 791/1244/1242
f 791/1244/1242 919/1033/1032 792/1035/1034
f 791/1244/1242 792/1035/1034 664/159/159
f 664/159/159 792/1035/1034 665/157/157
f 334/1019/1018 333/1021/1020 1419/1245/1243
f 1419/1245/1243 333/1021/1020 1420/1239/1237
f 1419/1245/1243 1420/1239/1237 1296/1246/1244
f 1296/1246/1244 1420/1239/1237 1297/1240/1238
f 1296/1246/1244 1297/1240/1238 1169/1247/1245
f 1169/1247/1245 1297/1240/1238 1170/1241/1239
f 1169/1247/1245 1170/1241/1239 1043/1248/1246
f 1043/1248/1246 1170/1241/1239 1044/1242/1240
f 1043/1248/1246 1044/1242/1240 917/1249/1247
f 917/1249/1247 1044/1242/1240 918/1243/1241
f 917/1249/1247 918/1243/1241 790/1250/1248
f 790/1250/1248 918/1243/1241 791/1244/1242
f 790/1250/1248 791/1244/1242 663/161/161
f 663/161/161 791/1244/1242 664/159/159
f 335/1017/1016 334/1019/1018 1418/1251/1249
f 1418/1251/1249 334/1019/1018 1419/1245/1243
f 1418/1251/1249 1419/1245/1243 1295/1252/1250
f 1295/1252/1250 1419/1245/1243 1296/1246/1244
f 1295/1252/1250 1296/1246/1244 1168/1253/1251
f 1168/1253/1251 1296/1246/1244 1169/1247/1245
f 1168/1253/1251 1169/1247/1245 1042/1254/1252
f 1042/1254/1252 1169/1247/1245 1043/1248/1246
f 1042/1254/1252 1043/1248/1246 916/1255/1253
f 916/1255/1253 1043/1248/1246 917/1249/1247
f 916/1255/1253 917/1249/1247 789/1256/1254
f 789/1256/1254 917/1249/1247 790/1250/1248
f 789/1256/1254 790/1250/1248 662/163/163
f 662/163/163 790/1250/1248 663/161/161
f 1416/1009/1008 337/1008/1007 336/1015/1014
f 336/1015/1014 335/1017/1016 1417/1257/1255
f 1417/1257/1255 335/1017/1016 1418/1251/1249
f 1417/1257/1255 1418/1251/1249 1294/1258/1256
f 1294/1258/1256 1418/1251/1249 1295/1252/1250
f 1294/1258/1256 1295/1252/1250 1167/1259/1257
f 1167/1259/1257 1295/1252/1250 1168/1253/1251
f 1167/1259/1257 1168/1253/1251 1041/1260/1258
f 1041/1260/1258 1168/1253/1251 1042/1254/1252
f 1041/1260/1258 1042/1254/1252 915/1261/1259
f 915/1261/1259 1042/1254/1252 916/1255/1253
f 915/1261/1259 916/1255/1253 788/1262/1260
f 788/1262/1260 916/1255/1253 789/1256/1254
f 788/1262/1260 789/1256/1254 661/165/165
f 661/165/165 789/1256/1254 662/163/163
f 343/967/966 342/969/968 1410/1263/1261
f 1410/1263/1261 342/969/968 1411/971/970
f 1410/1263/1261 1411/971/970 1287/1264/1262
f 1287/1264/1262 1411/971/970 1288/973/972
f 1287/1264/1262 1288/973/972 1160/1265/1263
f 1160/1265/1263 1288/973/972 1161/975/974
f 1160/1265/1263 1161/975/974 1034/1266/1264
f 1034/1266/1264 1161/975/974 1035/977/976
f 1034/1266/1264 1035/977/976 908/1267/1265
f 908/1267/1265 1035/977/976 909/979/978
f 908/1267/1265 909/979/978 781/1268/1266
f 781/1268/1266 909/979/978 782/981/980
f 781/1268/1266 782/981/980 654/179/179
f 654/179/179 782/981/980 655/177/177
f 344/965/964 343/967/966 1409/1269/1267
f 1409/1269/1267 343/967/966 1410/1263/1261
f 1409/1269/1267 1410/1263/1261 1286/1270/1268
f 1286/1270/1268 1410/1263/1261 1287/1264/1262
f 1286/1270/1268 1287/1264/1262 1159/1271/1269
f 1159/1271/1269 1287/1264/1262 1160/1265/1263
f 1159/1271/1269 1160/1265/1263 1033/1272/1270
f 1033/1272/1270 1160/1265/1263 1034/1266/1264
f 1033/1272/1270 1034/1266/1264 907/1273/1271
f 907/1273/1271 1034/1266/1264 908/1267/1265
f 907/1273/1271 908/1267/1265 780/1274/1272
f 780/1274/1272 908/1267/1265 781/1268/1266
f 780/1274/1272 781/1268/1266 653/181/181
f 653/181/181 781/1268/1266 654/179/179
f 345/963/962 344/965/964 1408/1275/1273
f 1408/1275/1273 344/965/964 1409/1269/1267
f 1408/1275/1273 1409/1269/1267 1285/1276/1274
f 1285/1276/1274 1409/1269/1267 1286/1270/1268
f 1285/1276/1274 1286/1270/1268 1158/1277/1275
f 1158/1277/1275 1286/1270/1268 1159/1271/1269
f 1158/1277/1275 1159/1271/1269 1032/1278/1276
f 1032/1278/1276 1159/1271/1269 1033/1272/1270
f 1032/1278/1276 1033/1272/1270 906/1279/1277
f 906/1279/1277 1033/1272/1270 907/1273/1271
f 906/1279/1277 907/1273/1271 779/1280/1278
f 779/1280/1278 907/1273/1271 780/1274/1272
f 779/1280/1278 780/1274/1272 652/183/183
f 652/183/183 780/1274/1272 653/181/181
f 346/961/960 345/963/962 1407/1281/1279
f 1407/1281/1279 345/963/962 1408/1275/1273
f 1407/1281/1279 1408/1275/1273 1284/1282/1280
f 1284/1282/1280 1408/1275/1273 1285/1276/1274
f 1284/1282/1280 1285/1276/1274 1157/1283/1281
f 1157/1283/1281 1285/1276/1274 1158/1277/1275
f 1157/1283/1281 1158/1277/1275 1031/1284/1282
f 1031/1284/1282 1158/1277/1275 1032/1278/1276
f 1031/1284/1282 1032/1278/1276 905/1285/1283
f 905/1285/1283 1032/1278/1276 906/1279/1277
f 905/1285/1283 906/1279/1277 778/1286/1284
f 778/1286/1284 906/1279/1277 779/1280/1278
f 778/1286/1284 779/1280/1278 651/185/185
f 651/185/185 779/1280/1278 652/183/183
f 347/959/958 346/961/960 1406/1287/1285
f 1406/1287/1285 346/961/960 1407/1281/1279
f 1406/1287/1285 1407/1281/1279 1283/1288/1286
f 1283/1288/1286 1407/1281/1279 1284/1282/1280
f 1283/1288/1286 1284/1282/1280 1156/1289/1287
f 1156/1289/1287 1284/1282/1280 1157/1283/1281
f 1156/1289/1287 1157/1283/1281 1030/1290/1288
f 1030/1290/1288 1157/1283/1281 1031/1284/1282
f 1030/1290/1288 1031/1284/1282 904/1291/1289
f 904/1291/1289 1031/1284/1282 905/1285/1283
f 904/1291/1289 905/1285/1283 777/1292/1290
f 777/1292/1290 905/1285/1283 778/1286/1284
f 777/1292/1290 778/1286/1284 650/187/187
f 650/187/187 778/1286/1284 651/185/185
f 348/957/956 347/959/958 1405/1293/1291
f 1405/1293/1291 347/959/958 1406/1287/1285
f 1405/1293/1291 1406/1287/1285 1282/1294/1292
f 1282/1294/1292 1406/1287/1285 1283/1288/1286
f 1282/1294/1292 1283/1288/1286 1155/1295/1293
f 1155/1295/1293 1283/1288/1286 1156/1289/1287
f 1155/1295/1293 1156/1289/1287 1029/1296/1294
f 1029/1296/1294 1156/1289/1287 1030/1290/1288
f 1029/1296/1294 1030/1290/1288 903/1297/1295
f 903/1297/1295 1030/1290/1288 904/1291/1289
f 903/1297/1295 904/1291/1289 776/1298/1296
f 776/1298/1296 904/1291/1289 777/1292/1290
f 776/1298/1296 777/1292/1290 649/189/189
f 649/189/189 777/1292/1290 650/187/187
f 1403/947/946 350/946/945 349/955/954
f 349/955/954 348/957/956 1404/1299/1297
f 1404/1299/1297 348/957/956 1405/1293/1291
f 1404/1299/1297 1405/1293/1291 1281/1300/1298
f 1281/1300/1298 1405/1293/1291 1282/1294/1292
f 1281/1300/1298 1282/1294/1292 1154/1301/1299
f 1154/1301/1299 1282/1294/1292 1155/1295/1293
f 1154/1301/1299 1155/1295/1293 1028/1302/1300
f 1028/1302/1300 1155/1295/1293 1029/1296/1294
f 1028/1302/1300 1029/1296/1294 902/1303/1301
f 902/1303/1301 1029/1296/1294 903/1297/1295
f 902/1303/1301 903/1297/1295 775/1304/1302
f 775/1304/1302 903/1297/1295 776/1298/1296
f 775/1304/1302 776/1298/1296 648/191/191
f 648/191/191 776/1298/1296 649/189/189
f 1398/919/918 355/918/917 354/921/920
f 354/921/920 353/923/922 1399/1305/1303
f 1399/1305/1303 353/923/922 1400/925/924
f 1399/1305/1303 1400/925/924 1276/1306/1304
f 1276/1306/1304 1400/925/924 1277/927/926
f 1276/1306/1304 1277/927/926 1149/1307/1305
f 1149/1307/1305 1277/927/926 1150/929/928
f 1149/1307/1305 1150/929/928 1023/1308/1306
f 1023/1308/1306 1150/929/928 1024/931/930
f 1023/1308/1306 1024/931/930 897/1309/1307
f 897/1309/1307 1024/931/930 898/933/932
f 897/1309/1307 898/933/932 770/1310/1308
f 770/1310/1308 898/933/932 771/935/934
f 770/1310/1308 771/935/934 643/201/201
f 643/201/201 771/935/934 644/199/199
f 361/888/887 360/890/889 1395/1311/1309
f 1395/1311/1309 360/890/889 1396/892/891
f 1395/1311/1309 1396/892/891 1270/1312/1310
f 1270/1312/1310 1396/892/891 1271/894/893
f 1270/1312/1310 1271/894/893 1143/1313/1311
f 1143/1313/1311 1271/894/893 1144/896/895
f 1143/1313/1311 1144/896/895 1017/1314/1312
f 1017/1314/1312 1144/896/895 1018/898/897
f 1017/1314/1312 1018/898/897 891/1315/1313
f 891/1315/1313 1018/898/897 892/900/899
f 891/1315/1313 892/900/899 764/1316/1314
f 764/1316/1314 892/900/899 765/902/901
f 764/1316/1314 765/902/901 637/213/213
f 637/213/213 765/902/901 638/211/211
f 362/886/885 361/888/887 1394/1317/1315
f 1394/1317/1315 361/888/887 1395/1311/1309
f 1394/1317/1315 1395/1311/1309 1269/1318/1316
f 1269/1318/1316 1395/1311/1309 1270/1312/1310
f 1269/1318/1316 1270/1312/1310 1142/1319/1317
f 1142/1319/1317 1270/1312/1310 1143/1313/1311
f 1142/1319/1317 1143/1313/1311 1016/1320/1318
f 1016/1320/1318 1143/1313/1311 1017/1314/1312
f 1016/1320/1318 1017/1314/1312 890/1321/1319
f 890/1321/1319 1017/1314/1312 891/1315/1313
f 890/1321/1319 891/1315/1313 763/1322/1320
f 763/1322/1320 891/1315/1313 764/1316/1314
f 763/1322/1320 764/1316/1314 636/215/215
f 636/215/215 764/1316/1314 637/213/213
f 363/883/882 362/886/885 1393/1323/1321
f 1393/1323/1321 362/886/885 1394/1317/1315
f 1393/1323/1321 1394/1317/1315 1268/1324/1322
f 1268/1324/1322 1394/1317/1315 1269/1318/1316
f 1268/1324/1322 1269/1318/1316 1141/1325/1323
f 1141/1325/1323 1269/1318/1316 1142/1319/1317
f 1141/1325/1323 1142/1319/1317 1015/1326/1324
f 1015/1326/1324 1142/1319/1317 1016/1320/1318
f 1015/1326/1324 1016/1320/1318 889/1327/1325
f 889/1327/1325 1016/1320/1318 890/1321/1319
f 889/1327/1325 890/1321/1319 762/1328/1326
f 762/1328/1326 890/1321/1319 763/1322/1320
f 762/1328/1326 763/1322/1320 635/217/217
f 635/217/217 763/1322/1320 636/215/215
f 364/881/880 363/883/882 1392/1329/1327
f 1392/1329/1327 363/883/882 1393/1323/1321
f 1392/1329/1327 1393/1323/1321 1267/1330/1328
f 1267/1330/1328 1393/1323/1321 1268/1324/1322
f 1267/1330/1328 1268/1324/1322 1140/1331/1329
f 1140/1331/1329 1268/1324/1322 1141/1325/1323
f 1140/1331/1329 1141/1325/1323 1014/1332/1330
f 1014/1332/1330 1141/1325/1323 1015/1326/1324
f 1014/1332/1330 1015/1326/1324 888/1333/1331
f 888/1333/1331 1015/1326/1324 889/1327/1325
f 888/1333/1331 889/1327/1325 761/1334/1332
f 761/1334/1332 889/1327/1325 762/1328/1326
f 761/1334/1332 762/1328/1326 634/219/219
f 634/219/219 762/1328/1326 635/217/217
f 365/879/878 364/881/880 1391/1335/1333
f 1391/1335/1333 364/881/880 1392/1329/1327
f 1391/1335/1333 1392/1329/1327 1266/1336/1334
f 1266/1336/1334 1392/1329/1327 1267/1330/1328
f 1266/1336/1334 1267/1330/1328 1139/1337/1335
f 1139/1337/1335 1267/1330/1328 1140/1331/1329
f 1139/1337/1335 1140/1331/1329 1013/1338/1336
f 1013/1338/1336 1140/1331/1329 1014/1332/1330
f 1013/1338/1336 1014/1332/1330 887/1339/1337
f 887/1339/1337 1014/1332/1330 888/1333/1331
f 887/1339/1337 888/1333/1331 760/1340/1338
f 760/1340/1338 888/1333/1331 761/1334/1332
f 760/1340/1338 761/1334/1332 633/221/221
f 633/221/221 761/1334/1332 634/219/219
f 366/877/876 365/879/878 1390/1341/1339
f 1390/1341/1339 365/879/878 1391/1335/1333
f 1390/1341/1339 1391/1335/1333 1265/1342/1340
f 1265/1342/1340 1391/1335/1333 1266/1336/1334
f 1265/1342/1340 1266/1336/1334 1138/1343/1341
f 1138/1343/1341 1266/1336/1334 1139/1337/1335
f 1138/1343/1341 1139/1337/1335 1012/1344/1342
f 1012/1344/1342 1139/1337/1335 1013/1338/1336
f 1012/1344/1342 1013/1338/1336 886/1345/1343
f 886/1345/1343 1013/1338/1336 887/1339/1337
f 886/1345/1343 887/1339/1337 759/1346/1344
f 759/1346/1344 887/1339/1337 760/1340/1338
f 759/1346/1344 760/1340/1338 632/223/223
f 632/223/223 760/1340/1338 633/221/221
f 367/875/874 366/877/876 1389/1347/1345
f 1389/1347/1345 366/877/876 1390/1341/1339
f 1389/1347/1345 1390/1341/1339 1264/1348/1346
f 1264/1348/1346 1390/1341/1339 1265/1342/1340
f 1264/1348/1346 1265/1342/1340 1137/1349/1347
f 1137/1349/1347 1265/1342/1340 1138/1343/1341
f 1137/1349/1347 1138/1343/1341 1011/1350/1348
f 1011/1350/1348 1138/1343/1341 1012/1344/1342
f 1011/1350/1348 1012/1344/1342 885/1351/1349
f 885/1351/1349 1012/1344/1342 886/1345/1343
f 885/1351/1349 886/1345/1343 758/1352/1350
f 758/1352/1350 886/1345/1343 759/1346/1344
f 758/1352/1350 759/1346/1344 631/225/225
f 631/225/225 759/1346/1344 632/223/223
f 368/873/872 367/875/874 1388/1353/1351
f 1388/1353/1351 367/875/874 1389/1347/1345
f 1388/1353/1351 1389/1347/1345 1263/1354/1352
f 1263/1354/1352 1389/1347/1345 1264/1348/1346
f 1263/1354/1352 1264/1348/1346 1136/1355/1353
f 1136/1355/1353 1264/1348/1346 1137/1349/1347
f 1136/1355/1353 1137/1349/1347 1010/1356/1354
f 1010/1356/1354 1137/1349/1347 1011/1350/1348
f 1010/1356/1354 1011/1350/1348 884/1357/1355
f 884/1357/1355 1011/1350/1348 885/1351/1349
f 884/1357/1355 885/1351/1349 757/1358/1356
f 757/1358/1356 885/1351/1349 758/1352/1350
f 757/1358/1356 758/1352/1350 630/227/227
f 630/227/227 758/1352/1350 631/225/225
f 369/871/870 368/873/872 1387/1359/1357
f 1387/1359/1357 368/873/872 1388/1353/1351
f 1387/1359/1357 1388/1353/1351 1262/1360/1358
f 1262/1360/1358 1388/1353/1351 1263/1354/1352
f 1262/1360/1358 1263/1354/1352 1135/1361/1359
f 1135/1361/1359 1263/1354/1352 1136/1355/1353
f 1135/1361/1359 1136/1355/1353 1009/1362/1360
f 1009/1362/1360 1136/1355/1353 1010/1356/1354
f 1009/1362/1360 1010/1356/1354 883/1363/1361
f 883/1363/1361 1010/1356/1354 884/1357/1355
f 883/1363/1361 884/1357/1355 756/1364/1362
f 756/1364/1362 884/1357/1355 757/1358/1356
f 756/1364/1362 757/1358/1356 629/229/229
f 629/229/229 757/1358/1356 630/227/227
f 370/869/868 369/871/870 1386/1365/1363
f 1386/1365/1363 369/871/870 1387/1359/1357
f 1386/1365/1363 1387/1359/1357 1261/1366/1364
f 1261/1366/1364 1387/1359/1357 1262/1360/1358
f 1261/1366/1364 1262/1360/1358 1134/1367/1365
f 1134/1367/1365 1262/1360/1358 1135/1361/1359
f 1134/1367/1365 1135/1361/1359 1008/1368/1366
f 1008/1368/1366 1135/1361/1359 1009/1362/1360
f 1008/1368/1366 1009/1362/1360 882/1369/1367
f 882/1369/1367 1009/1362/1360 883/1363/1361
f 882/1369/1367 883/1363/1361 755/1370/1368
f 755/1370/1368 883/1363/1361 756/1364/1362
f 755/1370/1368 756/1364/1362 628/231/231
f 628/231/231 756/1364/1362 629/229/229
f 371/867/866 370/869/868 1385/1371/1369
f 1385/1371/1369 370/869/868 1386/1365/1363
f 1385/1371/1369 1386/1365/1363 1260/1372/1370
f 1260/1372/1370 1386/1365/1363 1261/1366/1364
f 1260/1372/1370 1261/1366/1364 1133/1373/1371
f 1133/1373/1371 1261/1366/1364 1134/1367/1365
f 1133/1373/1371 1134/1367/1365 1007/1374/1372
f 1007/1374/1372 1134/1367/1365 1008/1368/1366
f 1007/1374/1372 1008/1368/1366 881/1375/1373
f 881/1375/1373 1008/1368/1366 882/1369/1367
f 881/1375/1373 882/1369/1367 754/1376/1374
f 754/1376/1374 882/1369/1367 755/1370/1368
f 754/1376/1374 755/1370/1368 627/233/233
f 627/233/233 755/1370/1368 628/231/231
f 372/865/864 371/867/866 1384/1377/1375
f 1384/1377/1375 371/867/866 1385/1371/1369
f 1384/1377/1375 1385/1371/1369 1259/1378/1376
f 1259/1378/1376 1385/1371/1369 1260/1372/1370
f 1259/1378/1376 1260/1372/1370 1132/1379/1377
f 1132/1379/1377 1260/1372/1370 1133/1373/1371
f 1132/1379/1377 1133/1373/1371 1006/1380/1378
f 1006/1380/1378 1133/1373/1371 1007/1374/1372
f 1006/1380/1378 1007/1374/1372 880/1381/1379
f 880/1381/1379 1007/1374/1372 881/1375/1373
f 880/1381/1379 881/1375/1373 753/1382/1380
f 753/1382/1380 881/1375/1373 754/1376/1374
f 753/1382/1380 754/1376/1374 626/235/235
f 626/235/235 754/1376/1374 627/233/233
f 373/863/862 372/865/864 1383/1383/1381
f 1383/1383/1381 372/865/864 1384/1377/1375
f 1383/1383/1381 1384/1377/1375 1258/1384/1382
f 1258/1384/1382 1384/1377/1375 1259/1378/1376
f 1258/1384/1382 1259/1378/1376 1131/1385/1383
f 1131/1385/1383 1259/1378/1376 1132/1379/1377
f 1131/1385/1383 1132/1379/1377 1005/1386/1384
f 1005/1386/1384 1132/1379/1377 1006/1380/1378
f 1005/1386/1384 1006/1380/1378 879/1387/1385
f 879/1387/1385 1006/1380/1378 880/1381/1379
f 879/1387/1385 880/1381/1379 752/1388/1386
f 752/1388/1386 880/1381/1379 753/1382/1380
f 752/1388/1386 753/1382/1380 625/237/237
f 625/237/237 753/1382/1380 626/235/235
f 1381/855/854 375/854/853 374/861/860
f 374/861/860 373/863/862 1382/1389/1387
f 1382/1389/1387 373/863/862 1383/1383/1381
f 1382/1389/1387 1383/1383/1381 1257/1390/1388
f 1257/1390/1388 1383/1383/1381 1258/1384/1382
f 1257/1390/1388 1258/1384/1382 1130/1391/1389
f 1130/1391/1389 1258/1384/1382 1131/1385/1383
f 1130/1391/1389 1131/1385/1383 1004/1392/1390
f 1004/1392/1390 1131/1385/1383 1005/1386/1384
f 1004/1392/1390 1005/1386/1384 878/1393/1391
f 878/1393/1391 1005/1386/1384 879/1387/1385
f 878/1393/1391 879/1387/1385 751/1394/1392
f 751/1394/1392 879/1387/1385 752/1388/1386
f 751/1394/1392 752/1388/1386 624/239/239
f 624/239/239 752/1388/1386 625/237/237
f 1377/831/830 379/830/829 378/837/836
f 378/837/836 377/839/838 1378/1395/1393
f 1378/1395/1393 377/839/838 1379/841/840
f 1378/1395/1393 1379/841/840 1253/1396/1394
f 1253/1396/1394 1379/841/840 1254/843/842
f 1253/1396/1394 1254/843/842 1126/1397/1395
f 1126/1397/1395 1254/843/842 1127/845/844
f 1126/1397/1395 1127/845/844 1000/1398/1396
f 1000/1398/1396 1127/845/844 1001/847/846
f 1000/1398/1396 1001/847/846 874/1399/1397
f 874/1399/1397 1001/847/846 875/849/848
f 874/1399/1397 875/849/848 747/1400/1398
f 747/1400/1398 875/849/848 748/851/850
f 747/1400/1398 748/851/850 620/247/247
f 620/247/247 748/851/850 621/245/245
f 1373/807/806 383/806/805 382/813/812
f 382/813/812 381/815/814 1374/1401/1399
f 1374/1401/1399 381/815/814 1375/817/816
f 1374/1401/1399 1375/817/816 1249/1402/1400
f 1249/1402/1400 1375/817/816 1250/819/818
f 1249/1402/1400 1250/819/818 1122/1403/1401
f 1122/1403/1401 1250/819/818 1123/821/820
f 1122/1403/1401 1123/821/820 996/1404/1402
f 996/1404/1402 1123/821/820 997/823/822
f 996/1404/1402 997/823/822 870/1405/1403
f 870/1405/1403 997/823/822 871/825/824
f 870/1405/1403 871/825/824 743/1406/1404
f 743/1406/1404 871/825/824 744/827/826
f 743/1406/1404 744/827/826 616/255/255
f 616/255/255 744/827/826 617/253/253
f 1369/783/782 387/782/781 386/789/788
f 386/789/788 385/791/790 1370/1407/1405
f 1370/1407/1405 385/791/790 1371/793/792
f 1370/1407/1405 1371/793/792 1245/1408/1406
f 1245/1408/1406 1371/793/792 1246/795/794
f 1245/1408/1406 1246/795/794 1118/1409/1407
f 1118/1409/1407 1246/795/794 1119/797/796
f 1118/1409/1407 1119/797/796 992/1410/1408
f 992/1410/1408 1119/797/796 993/799/798
f 992/1410/1408 993/799/798 866/1411/1409
f 866/1411/1409 993/799/798 867/801/800
f 866/1411/1409 867/801/800 739/1412/1410
f 739/1412/1410 867/801/800 740/803/802
f 739/1412/1410 740/803/802 612/263/263
f 612/263/263 740/803/802 613/261/261
f 1365/759/758 391/758/757 390/765/764
f 390/765/764 389/767/766 1366/1413/1411
f 1366/1413/1411 389/767/766 1367/769/768
f 1366/1413/1411 1367/769/768 1241/1414/1412
f 1241/1414/1412 1367/769/768 1242/771/770
f 1241/1414/1412 1242/771/770 1114/1415/1413
f 1114/1415/1413 1242/771/770 1115/773/772
f 1114/1415/1413 1115/773/772 988/1416/1414
f 988/1416/1414 1115/773/772 989/775/774
f 988/1416/1414 989/775/774 862/1417/1415
f 862/1417/1415 989/775/774 863/777/776
f 862/1417/1415 863/777/776 735/1418/1416
f 735/1418/1416 863/777/776 736/779/778
f 735/1418/1416 736/779/778 608/271/271
f 608/271/271 736/779/778 609/269/269
f 1361/735/734 395/734/733 394/741/740
f 394/741/740 393/743/742 1362/1419/1417
f 1362/1419/1417 393/743/742 1363/745/744
f 1362/1419/1417 1363/745/744 1237/1420/1418
f 1237/1420/1418 1363/745/744 1238/747/746
f 1237/1420/1418 1238/747/746 1110/1421/1419
f 1110/1421/1419 1238/747/746 1111/749/748
f 1110/1421/1419 1111/749/748 984/1422/1420
f 984/1422/1420 1111/749/748 985/751/750
f 984/1422/1420 985/751/750 858/1423/1421
f 858/1423/1421 985/751/750 859/753/752
f 858/1423/1421 859/753/752 731/1424/1422
f 731/1424/1422 859/753/752 732/755/754
f 731/1424/1422 732/755/754 604/279/279
f 604/279/279 732/755/754 605/277/277
f 1357/711/710 399/710/709 398/717/716
f 398/717/716 397/719/718 1358/1425/1423
f 1358/1425/1423 397/719/718 1359/721/720
f 1358/1425/1423 1359/721/720 1233/1426/1424
f 1233/1426/1424 1359/721/720 1234/723/722
f 1233/1426/1424 1234/723/722 1106/1427/1425
f 1106/1427/1425 1234/723/722 1107/725/724
f 1106/1427/1425 1107/725/724 980/1428/1426
f 980/1428/1426 1107/725/724 981/727/726
f 980/1428/1426 981/727/726 854/1429/1427
f 854/1429/1427 981/727/726 855/729/728
f 854/1429/1427 855/729/728 727/1430/1428
f 727/1430/1428 855/729/728 728/731/730
f 727/1430/1428 728/731/730 600/287/287
f 600/287/287 728/731/730 601/285/285
f 1353/687/686 403/686/685 402/693/692
f 402/693/692 401/695/694 1354/1431/1429
f 1354/1431/1429 401/695/694 1355/697/696
f 1354/1431/1429 1355/697/696 1229/1432/1430
f 1229/1432/1430 1355/697/696 1230/699/698
f 1229/1432/1430 1230/699/698 1102/1433/1431
f 1102/1433/1431 1230/699/698 1103/701/700
f 1102/1433/1431 1103/701/700 976/1434/1432
f 976/1434/1432 1103/701/700 977/703/702
f 976/1434/1432 977/703/702 850/1435/1433
f 850/1435/1433 977/703/702 851/705/704
f 850/1435/1433 851/705/704 723/1436/1434
f 723/1436/1434 851/705/704 724/707/706
f 723/1436/1434 724/707/706 596/295/295
f 596/295/295 724/707/706 597/293/293
f 1349/663/662 407/662/661 406/669/668
f 406/669/668 405/671/670 1350/1437/1435
f 1350/1437/1435 405/671/670 1351/673/672
f 1350/1437/1435 1351/673/672 1225/1438/1436
f 1225/1438/1436 1351/673/672 1226/675/674
f 1225/1438/1436 1226/675/674 1098/1439/1437
f 1098/1439/1437 1226/675/674 1099/677/676
f 1098/1439/1437 1099/677/676 972/1440/1438
f 972/1440/1438 1099/677/676 973/679/678
f 972/1440/1438 973/679/678 846/1441/1439
f 846/1441/1439 973/679/678 847/681/680
f 846/1441/1439 847/681/680 719/1442/1440
f 719/1442/1440 847/681/680 720/683/682
f 719/1442/1440 720/683/682 592/303/303
f 592/303/303 720/683/682 593/301/301
f 414/613/612 413/615/614 1342/1443/1441
f 1342/1443/1441 413/615/614 1343/617/616
f 1342/1443/1441 1343/617/616 1217/1444/1442
f 1217/1444/1442 1343/617/616 1218/619/618
f 1217/1444/1442 1218/619/618 1090/1445/1443
f 1090/1445/1443 1218/619/618 1091/621/620
f 1090/1445/1443 1091/621/620 964/1446/1444
f 964/1446/1444 1091/621/620 965/623/622
f 964/1446/1444 965/623/622 838/1447/1445
f 838/1447/1445 965/623/622 839/625/624
f 838/1447/1445 839/625/624 711/1448/1446
f 711/1448/1446 839/625/624 712/627/626
f 711/1448/1446 712/627/626 584/319/319
f 584/319/319 712/627/626 585/317/317
f 1340/598/597 416/596/595 415/611/610
f 415/611/610 414/613/612 1341/1449/1447
f 1341/1449/1447 414/613/612 1342/1443/1441
f 1341/1449/1447 1342/1443/1441 1216/1450/1448
f 1216/1450/1448 1342/1443/1441 1217/1444/1442
f 1216/1450/1448 1217/1444/1442 1089/1451/1449
f 1089/1451/1449 1217/1444/1442 1090/1445/1443
f 1089/1451/1449 1090/1445/1443 963/1452/1450
f 963/1452/1450 1090/1445/1443 964/1446/1444
f 963/1452/1450 964/1446/1444 837/1453/1451
f 837/1453/1451 964/1446/1444 838/1447/1445
f 837/1453/1451 838/1447/1445 710/1454/1452
f 710/1454/1452 838/1447/1445 711/1448/1446
f 710/1454/1452 711/1448/1446 583/321/321
f 583/321/321 711/1448/1446 584/319/319
f 418/593/592 417/595/594 1338/1455/1453
f 1338/1455/1453 417/595/594 1339/597/596
f 1338/1455/1453 1339/597/596 1213/1456/1454
f 1213/1456/1454 1339/597/596 1214/599/598
f 1213/1456/1454 1214/599/598 1086/1457/1455
f 1086/1457/1455 1214/599/598 1087/601/600
f 1086/1457/1455 1087/601/600 960/1458/1456
f 960/1458/1456 1087/601/600 961/603/602
f 960/1458/1456 961/603/602 834/1459/1457
f 834/1459/1457 961/603/602 835/605/604
f 834/1459/1457 835/605/604 707/1460/1458
f 707/1460/1458 835/605/604 708/607/606
f 707/1460/1458 708/607/606 580/327/327
f 580/327/327 708/607/606 581/325/325
f 419/591/590 418/593/592 1337/1461/1459
f 1337/1461/1459 418/593/592 1338/1455/1453
f 1337/1461/1459 1338/1455/1453 1212/1462/1460
f 1212/1462/1460 1338/1455/1453 1213/1456/1454
f 1212/1462/1460 1213/1456/1454 1085/1463/1461
f 1085/1463/1461 1213/1456/1454 1086/1457/1455
f 1085/1463/1461 1086/1457/1455 959/1464/1462
f 959/1464/1462 1086/1457/1455 960/1458/1456
f 959/1464/1462 960/1458/1456 833/1465/1463
f 833/1465/1463 960/1458/1456 834/1459/1457
f 833/1465/1463 834/1459/1457 706/1466/1464
f 706/1466/1464 834/1459/1457 707/1460/1458
f 706/1466/1464 707/1460/1458 579/329/329
f 579/329/329 707/1460/1458 580/327/327
f 420/589/588 419/591/590 1336/1467/1465
f 1336/1467/1465 419/591/590 1337/1461/1459
f 1336/1467/1465 1337/1461/1459 1211/1468/1466
f 1211/1468/1466 1337/1461/1459 1212/1462/1460
f 1211/1468/1466 1212/1462/1460 1084/1469/1467
f 1084/1469/1467 1212/1462/1460 1085/1463/1461
f 1084/1469/1467 1085/1463/1461 958/1470/1468
f 958/1470/1468 1085/1463/1461 959/1464/1462
f 958/1470/1468 959/1464/1462 832/1471/1469
f 832/1471/1469 959/1464/1462 833/1465/1463
f 832/1471/1469 833/1465/1463 705/1472/1470
f 705/1472/1470 833/1465/1463 706/1466/1464
f 705/1472/1470 706/1466/1464 578/331/331
f 578/331/331 706/1466/1464 579/329/329
f 421/587/586 420/589/588 1335/1473/1471
f 1335/1473/1471 420/589/588 1336/1467/1465
f 1335/1473/1471 1336/1467/1465 1210/1474/1472
f 1210/1474/1472 1336/1467/1465 1211/1468/1466
f 1210/1474/1472 1211/1468/1466 1083/1475/1473
f 1083/1475/1473 1211/1468/1466 1084/1469/1467
f 1083/1475/1473 1084/1469/1467 957/1476/1474
f 957/1476/1474 1084/1469/1467 958/1470/1468
f 957/1476/1474 958/1470/1468 831/1477/1475
f 831/1477/1475 958/1470/1468 832/1471/1469
f 831/1477/1475 832/1471/1469 704/1478/1476
f 704/1478/1476 832/1471/1469 705/1472/1470
f 704/1478/1476 705/1472/1470 577/333/333
f 577/333/333 705/1472/1470 578/331/331
f 422/585/584 421/587/586 1334/1479/1477
f 1334/1479/1477 421/587/586 1335/1473/1471
f 1334/1479/1477 1335/1473/1471 1209/1480/1478
f 1209/1480/1478 1335/1473/1471 1210/1474/1472
f 1209/1480/1478 1210/1474/1472 1082/1481/1479
f 1082/1481/1479 1210/1474/1472 1083/1475/1473
f 1082/1481/1479 1083/1475/1473 956/1482/1480
f 956/1482/1480 1083/1475/1473 957/1476/1474
f 956/1482/1480 957/1476/1474 830/1483/1481
f 830/1483/1481 957/1476/1474 831/1477/1475
f 830/1483/1481 831/1477/1475 703/1484/1482
f 703/1484/1482 831/1477/1475 704/1478/1476
f 703/1484/1482 704/1478/1476 576/335/335
f 576/335/335 704/1478/1476 577/333/333
f 423/583/582 422/585/584 1333/1485/1483
f 1333/1485/1483 422/585/584 1334/1479/1477
f 1333/1485/1483 1334/1479/1477 1208/1486/1484
f 1208/1486/1484 1334/1479/1477 1209/1480/1478
f 1208/1486/1484 1209/1480/1478 1081/1487/1485
f 1081/1487/1485 1209/1480/1478 1082/1481/1479
f 1081/1487/1485 1082/1481/1479 955/1488/1486
f 955/1488/1486 1082/1481/1479 956/1482/1480
f 955/1488/1486 956/1482/1480 829/1489/1487
f 829/1489/1487 956/1482/1480 830/1483/1481
f 829/1489/1487 830/1483/1481 702/1490/1488
f 702/1490/1488 830/1483/1481 703/1484/1482
f 702/1490/1488 703/1484/1482 575/337/337
f 575/337/337 703/1484/1482 576/335/335
f 424/581/580 423/583/582 1332/1491/1489
f 1332/1491/1489 423/583/582 1333/1485/1483
f 1332/1491/1489 1333/1485/1483 1207/1492/1490
f 1207/1492/1490 1333/1485/1483 1208/1486/1484
f 1207/1492/1490 1208/1486/1484 1080/1493/1491
f 1080/1493/1491 1208/1486/1484 1081/1487/1485
f 1080/1493/1491 1081/1487/1485 954/1494/1492
f 954/1494/1492 1081/1487/1485 955/1488/1486
f 954/1494/1492 955/1488/1486 828/1495/1493
f 828/1495/1493 955/1488/1486 829/1489/1487
f 828/1495/1493 829/1489/1487 701/1496/1494
f 701/1496/1494 829/1489/1487 702/1490/1488
f 701/1496/1494 702/1490/1488 574/339/339
f 574/339/339 702/1490/1488 575/337/337
f 425/579/578 424/581/580 1331/1497/1495
f 1331/1497/1495 424/581/580 1332/1491/1489
f 1331/1497/1495 1332/1491/1489 1206/1498/1496
f 1206/1498/1496 1332/1491/1489 1207/1492/1490
f 1206/1498/1496 1207/1492/1490 1079/1499/1497
f 1079/1499/1497 1207/1492/1490 1080/1493/1491
f 1079/1499/1497 1080/1493/1491 953/1500/1498
f 953/1500/1498 1080/1493/1491 954/1494/1492
f 953/1500/1498 954/1494/1492 827/1501/1499
f 827/1501/1499 954/1494/1492 828/1495/1493
f 827/1501/1499 828/1495/1493 700/1502/1500
f 700/1502/1500 828/1495/1493 701/1496/1494
f 700/1502/1500 701/1496/1494 573/341/341
f 573/341/341 701/1496/1494 574/339/339
f 426/577/576 425/579/578 1330/1503/1501
f 1330/1503/1501 425/579/578 1331/1497/1495
f 1330/1503/1501 1331/1497/1495 1205/1504/1502
f 1205/1504/1502 1331/1497/1495 1206/1498/1496
f 1205/1504/1502 1206/1498/1496 1078/1505/1503
f 1078/1505/1503 1206/1498/1496 1079/1499/1497
f 1078/1505/1503 1079/1499/1497 952/1506/1504
f 952/1506/1504 1079/1499/1497 953/1500/1498
f 952/1506/1504 953/1500/1498 826/1507/1505
f 826/1507/1505 953/1500/1498 827/1501/1499
f 826/1507/1505 827/1501/1499 699/1508/1506
f 699/1508/1506 827/1501/1499 700/1502/1500
f 699/1508/1506 700/1502/1500 572/343/343
f 572/343/343 700/1502/1500 573/341/341
f 427/575/574 426/577/576 1329/1509/1507
f 1329/1509/1507 426/577/576 1330/1503/1501
f 1329/1509/1507 1330/1503/1501 1204/1510/1508
f 1204/1510/1508 1330/1503/1501 1205/1504/1502
f 1204/1510/1508 1205/1504/1502 1077/1511/1509
f 1077/1511/1509 1205/1504/1502 1078/1505/1503
f 1077/1511/1509 1078/1505/1503 951/1512/1510
f 951/1512/1510 1078/1505/1503 952/1506/1504
f 951/1512/1510 952/1506/1504 825/1513/1511
f 825/1513/1511 952/1506/1504 826/1507/1505
f 825/1513/1511 826/1507/1505 698/1514/1512
f 698/1514/1512 826/1507/1505 699/1508/1506
f 698/1514/1512 699/1508/1506 571/345/345
f 571/345/345 699/1508/1506 572/343/343
f 428/573/572 427/575/574 1328/1515/1513
f 1328/1515/1513 427/575/574 1329/1509/1507
f 1328/1515/1513 1329/1509/1507 1203/1516/1514
f 1203/1516/1514 1329/1509/1507 1204/1510/1508
f 1203/1516/1514 1204/1510/1508 1076/1517/1515
f 1076/1517/1515 1204/1510/1508 1077/1511/1509
f 1076/1517/1515 1077/1511/1509 950/1518/1516
f 950/1518/1516 1077/1511/1509 951/1512/1510
f 950/1518/1516 951/1512/1510 824/1519/1517
f 824/1519/1517 951/1512/1510 825/1513/1511
f 824/1519/1517 825/1513/1511 697/1520/1518
f 697/1520/1518 825/1513/1511 698/1514/1512
f 697/1520/1518 698/1514/1512 570/347/347
f 570/347/347 698/1514/1512 571/345/345
f 429/375/374 428/573/572 1327/1521/1519
f 1327/1521/1519 428/573/572 1328/1515/1513
f 1327/1521/1519 1328/1515/1513 1202/1522/1520
f 1202/1522/1520 1328/1515/1513 1203/1516/1514
f 1202/1522/1520 1203/1516/1514 1075/1523/1521
f 1075/1523/1521 1203/1516/1514 1076/1517/1515
f 1075/1523/1521 1076/1517/1515 949/1524/1522
f 949/1524/1522 1076/1517/1515 950/1518/1516
f 949/1524/1522 950/1518/1516 823/1525/1523
f 823/1525/1523 950/1518/1516 824/1519/1517
f 823/1525/1523 824/1519/1517 696/1526/1524
f 696/1526/1524 824/1519/1517 697/1520/1518
f 696/1526/1524 697/1520/1518 569/349/349
f 569/349/349 697/1520/1518 570/347/347
f 564/359/359 563/361/361 691/1527/1525
f 691/1527/1525 563/361/361 690/363/362
f 691/1527/1525 690/363/362 818/365/364
f 565/357/357 564/359/359 692/1528/1526
f 692/1528/1526 564/359/359 691/1527/1525
f 692/1528/1526 691/1527/1525 819/1529/1527
f 819/1529/1527 691/1527/1525 818/365/364
f 819/1529/1527 818/365/364 945/367/366
f 566/355/355 565/357/357 693/1530/1528
f 693/1530/1528 565/357/357 692/1528/1526
f 693/1530/1528 692/1528/1526 820/1531/1529
f 820/1531/1529 692/1528/1526 819/1529/1527
f 820/1531/1529 819/1529/1527 946/1532/1530
f 946/1532/1530 819/1529/1527 945/367/366
f 946/1532/1530 945/367/366 1072/369/368
f 567/353/353 566/355/355 694/1533/1531
f 694/1533/1531 566/355/355 693/1530/1528
f 694/1533/1531 693/1530/1528 821/1534/1532
f 821/1534/1532 693/1530/1528 820/1531/1529
f 821/1534/1532 820/1531/1529 947/1535/1533
f 947/1535/1533 820/1531/1529 946/1532/1530
f 947/1535/1533 946/1532/1530 1073/1536/1534
f 1073/1536/1534 946/1532/1530 1072/369/368
f 1073/1536/1534 1072/369/368 1200/371/370
f 696/1526/1524 569/349/349 568/351/351
f 568/351/351 567/353/353 695/1537/1535
f 695/1537/1535 567/353/353 694/1533/1531
f 695/1537/1535 694/1533/1531 822/1538/1536
f 822/1538/1536 694/1533/1531 821/1534/1532
f 822/1538/1536 821/1534/1532 948/1539/1537
f 948/1539/1537 821/1534/1532 947/1535/1533
f 948/1539/1537 947/1535/1533 1074/1540/1538
f 1074/1540/1538 947/1535/1533 1073/1536/1534
f 1074/1540/1538 1073/1536/1534 1201/1541/1539
f 1201/1541/1539 1073/1536/1534 1200/371/370
f 1201/1541/1539 1200/371/370 1326/373/372
f 710/1454/1452 583/321/321 582/323/323
f 710/1454/1452 582/323/323 709/608/607
f 719/1442/1440 592/303/303 591/305/305
f 719/1442/1440 591/305/305 718/668/667
f 723/1436/1434 596/295/295 595/297/297
f 723/1436/1434 595/297/297 722/692/691
f 727/1430/1428 600/287/287 599/289/289
f 727/1430/1428 599/289/289 726/716/715
f 731/1424/1422 604/279/279 603/281/281
f 731/1424/1422 603/281/281 730/740/739
f 735/1418/1416 608/271/271 607/273/273
f 735/1418/1416 607/273/273 734/764/763
f 739/1412/1410 612/263/263 611/265/265
f 739/1412/1410 611/265/265 738/788/787
f 743/1406/1404 616/255/255 615/257/257
f 743/1406/1404 615/257/257 742/812/811
f 747/1400/1398 620/247/247 619/249/249
f 747/1400/1398 619/249/249 746/836/835
f 751/1394/1392 624/239/239 623/241/241
f 751/1394/1392 623/241/241 750/860/859
f 641/205/205 640/207/207 768/1542/1540
f 768/1542/1540 640/207/207 767/911/910
f 768/1542/1540 767/911/910 895/1543/1541
f 895/1543/1541 767/911/910 894/910/909
f 895/1543/1541 894/910/909 1021/1544/1542
f 1021/1544/1542 894/910/909 1020/909/908
f 1021/1544/1542 1020/909/908 1147/1545/1543
f 1147/1545/1543 1020/909/908 1146/908/907
f 1147/1545/1543 1146/908/907 1274/920/919
f 770/1310/1308 643/201/201 642/203/203
f 642/203/203 641/205/205 769/1546/1544
f 769/1546/1544 641/205/205 768/1542/1540
f 769/1546/1544 768/1542/1540 896/1547/1545
f 896/1547/1545 768/1542/1540 895/1543/1541
f 896/1547/1545 895/1543/1541 1022/1548/1546
f 1022/1548/1546 895/1543/1541 1021/1544/1542
f 1022/1548/1546 1021/1544/1542 1148/1549/1547
f 1148/1549/1547 1021/1544/1542 1147/1545/1543
f 1148/1549/1547 1147/1545/1543 1275/1550/1548
f 1275/1550/1548 1147/1545/1543 1274/920/919
f 1275/1550/1548 1274/920/919 1398/919/918
f 775/1304/1302 648/191/191 647/193/193
f 775/1304/1302 647/193/193 774/952/951
f 788/1262/1260 661/165/165 660/167/167
f 788/1262/1260 660/167/167 787/1014/1013
f 798/1238/1236 671/145/145 670/147/147
f 798/1238/1236 670/147/147 797/1068/1067
f 808/1214/1212 681/125/125 680/127/127
f 808/1214/1212 680/127/127 807/1122/1121
f 823/1525/1523 696/1526/1524 695/1537/1535
f 695/1537/1535 696/1526/1524 568/351/351
f 823/1525/1523 695/1537/1535 822/1538/1536
f 837/1453/1451 710/1454/1452 709/608/607
f 837/1453/1451 709/608/607 836/606/605
f 846/1441/1439 719/1442/1440 718/668/667
f 846/1441/1439 718/668/667 845/667/666
f 850/1435/1433 723/1436/1434 722/692/691
f 850/1435/1433 722/692/691 849/691/690
f 854/1429/1427 727/1430/1428 726/716/715
f 854/1429/1427 726/716/715 853/715/714
f 858/1423/1421 731/1424/1422 730/740/739
f 858/1423/1421 730/740/739 857/739/738
f 862/1417/1415 735/1418/1416 734/764/763
f 862/1417/1415 734/764/763 861/763/762
f 866/1411/1409 739/1412/1410 738/788/787
f 866/1411/1409 738/788/787 865/787/786
f 870/1405/1403 743/1406/1404 742/812/811
f 870/1405/1403 742/812/811 869/811/810
f 874/1399/1397 747/1400/1398 746/836/835
f 874/1399/1397 746/836/835 873/835/834
f 878/1393/1391 751/1394/1392 750/860/859
f 878/1393/1391 750/860/859 877/859/858
f 897/1309/1307 770/1310/1308 769/1546/1544
f 769/1546/1544 770/1310/1308 642/203/203
f 897/1309/1307 769/1546/1544 896/1547/1545
f 902/1303/1301 775/1304/1302 774/952/951
f 902/1303/1301 774/952/951 901/951/950
f 915/1261/1259 788/1262/1260 787/1014/1013
f 915/1261/1259 787/1014/1013 914/1013/1012
f 925/1237/1235 798/1238/1236 797/1068/1067
f 925/1237/1235 797/1068/1067 924/1067/1066
f 935/1213/1211 808/1214/1212 807/1122/1121
f 935/1213/1211 807/1122/1121 934/1121/1120
f 179/554/553 944/366/365 817/364/363
f 949/1524/1522 823/1525/1523 822/1538/1536
f 949/1524/1522 822/1538/1536 948/1539/1537
f 963/1452/1450 837/1453/1451 836/606/605
f 963/1452/1450 836/606/605 962/604/603
f 972/1440/1438 846/1441/1439 845/667/666
f 972/1440/1438 845/667/666 971/666/665
f 976/1434/1432 850/1435/1433 849/691/690
f 976/1434/1432 849/691/690 975/690/689
f 980/1428/1426 854/1429/1427 853/715/714
f 980/1428/1426 853/715/714 979/714/713
f 984/1422/1420 858/1423/1421 857/739/738
f 984/1422/1420 857/739/738 983/738/737
f 988/1416/1414 862/1417/1415 861/763/762
f 988/1416/1414 861/763/762 987/762/761
f 992/1410/1408 866/1411/1409 865/787/786
f 992/1410/1408 865/787/786 991/786/785
f 996/1404/1402 870/1405/1403 869/811/810
f 996/1404/1402 869/811/810 995/810/809
f 1000/1398/1396 874/1399/1397 873/835/834
f 1000/1398/1396 873/835/834 999/834/833
f 1004/1392/1390 878/1393/1391 877/859/858
f 1004/1392/1390 877/859/858 1003/858/857
f 1023/1308/1306 897/1309/1307 896/1547/1545
f 1023/1308/1306 896/1547/1545 1022/1548/1546
f 1028/1302/1300 902/1303/1301 901/951/950
f 1028/1302/1300 901/951/950 1027/950/949
f 1041/1260/1258 915/1261/1259 914/1013/1012
f 1041/1260/1258 914/1013/1012 1040/1012/1011
f 1051/1236/1234 925/1237/1235 924/1067/1066
f 1051/1236/1234 924/1067/1066 1050/1066/1065
f 1061/1212/1210 935/1213/1211 934/1121/1120
f 1061/1212/1210 934/1121/1120 1060/1120/1119
f 1075/1523/1521 949/1524/1522 948/1539/1537
f 1075/1523/1521 948/1539/1537 1074/1540/1538
f 1089/1451/1449 963/1452/1450 962/604/603
f 1089/1451/1449 962/604/603 1088/602/601
f 1098/1439/1437 972/1440/1438 971/666/665
f 1098/1439/1437 971/666/665 1097/665/664
f 1102/1433/1431 976/1434/1432 975/690/689
f 1102/1433/1431 975/690/689 1101/689/688
f 1106/1427/1425 980/1428/1426 979/714/713
f 1106/1427/1425 979/714/713 1105/713/712
f 1110/1421/1419 984/1422/1420 983/738/737
f 1110/1421/1419 983/738/737 1109/737/736
f 1114/1415/1413 988/1416/1414 987/762/761
f 1114/1415/1413 987/762/761 1113/761/760
f 1118/1409/1407 992/1410/1408 991/786/785
f 1118/1409/1407 991/786/785 1117/785/784
f 1122/1403/1401 996/1404/1402 995/810/809
f 1122/1403/1401 995/810/809 1121/809/808
f 1126/1397/1395 1000/1398/1396 999/834/833
f 1126/1397/1395 999/834/833 1125/833/832
f 1130/1391/1389 1004/1392/1390 1003/858/857
f 1130/1391/1389 1003/858/857 1129/857/856
f 1149/1307/1305 1023/1308/1306 1022/1548/1546
f 1149/1307/1305 1022/1548/1546 1148/1549/1547
f 1154/1301/1299 1028/1302/1300 1027/950/949
f 1154/1301/1299 1027/950/949 1153/949/948
f 1167/1259/1257 1041/1260/1258 1040/1012/1011
f 1167/1259/1257 1040/1012/1011 1166/1011/1010
f 1177/1235/1233 1051/1236/1234 1050/1066/1065
f 1177/1235/1233 1050/1066/1065 1176/1065/1064
f 1187/1211/1209 1061/1212/1210 1060/1120/1119
f 1187/1211/1209 1060/1120/1119 1186/1119/1118
f 1196/552/551 1197/560/559 1069/553/552
f 1069/553/552 1197/560/559 1070/555/554
f 1197/560/559 1198/562/561 1070/555/554
f 1070/555/554 1198/562/561 1071/368/367
f 1198/562/561 1199/370/369 1071/368/367
f 1202/1522/1520 1075/1523/1521 1074/1540/1538
f 1202/1522/1520 1074/1540/1538 1201/1541/1539
f 1216/1450/1448 1089/1451/1449 1088/602/601
f 1216/1450/1448 1088/602/601 1215/600/599
f 1225/1438/1436 1098/1439/1437 1097/665/664
f 1225/1438/1436 1097/665/664 1224/664/663
f 1229/1432/1430 1102/1433/1431 1101/689/688
f 1229/1432/1430 1101/689/688 1228/688/687
f 1233/1426/1424 1106/1427/1425 1105/713/712
f 1233/1426/1424 1105/713/712 1232/712/711
f 1237/1420/1418 1110/1421/1419 1109/737/736
f 1237/1420/1418 1109/737/736 1236/736/735
f 1241/1414/1412 1114/1415/1413 1113/761/760
f 1241/1414/1412 1113/761/760 1240/760/759
f 1245/1408/1406 1118/1409/1407 1117/785/784
f 1245/1408/1406 1117/785/784 1244/784/783
f 1249/1402/1400 1122/1403/1401 1121/809/808
f 1249/1402/1400 1121/809/808 1248/808/807
f 1253/1396/1394 1126/1397/1395 1125/833/832
f 1253/1396/1394 1125/833/832 1252/832/831
f 1257/1390/1388 1130/1391/1389 1129/857/856
f 1257/1390/1388 1129/857/856 1256/856/855
f 1276/1306/1304 1149/1307/1305 1148/1549/1547
f 1276/1306/1304 1148/1549/1547 1275/1550/1548
f 1281/1300/1298 1154/1301/1299 1153/949/948
f 1281/1300/1298 1153/949/948 1280/948/947
f 1294/1258/1256 1167/1259/1257 1166/1011/1010
f 1294/1258/1256 1166/1011/1010 1293/1010/1009
f 1304/1234/1232 1177/1235/1233 1176/1065/1064
f 1304/1234/1232 1176/1065/1064 1303/1064/1063
f 1314/1210/1208 1187/1211/1209 1186/1119/1118
f 1314/1210/1208 1186/1119/1118 1313/1118/1117
f 1327/1521/1519 1202/1522/1520 1201/1541/1539
f 1327/1521/1519 1201/1541/1539 1326/373/372
f 1341/1449/1447 1216/1450/1448 1215/600/599
f 1341/1449/1447 1215/600/599 1340/598/597
f 1350/1437/1435 1225/1438/1436 1224/664/663
f 1350/1437/1435 1224/664/663 1349/663/662
f 1354/1431/1429 1229/1432/1430 1228/688/687
f 1354/1431/1429 1228/688/687 1353/687/686
f 1358/1425/1423 1233/1426/1424 1232/712/711
f 1358/1425/1423 1232/712/711 1357/711/710
f 1362/1419/1417 1237/1420/1418 1236/736/735
f 1362/1419/1417 1236/736/735 1361/735/734
f 1366/1413/1411 1241/1414/1412 1240/760/759
f 1366/1413/1411 1240/760/759 1365/759/758
f 1370/1407/1405 1245/1408/1406 1244/784/783
f 1370/1407/1405 1244/784/783 1369/783/782
f 1374/1401/1399 1249/1402/1400 1248/808/807
f 1374/1401/1399 1248/808/807 1373/807/806
f 1378/1395/1393 1253/1396/1394 1252/832/831
f 1378/1395/1393 1252/832/831 1377/831/830
f 1382/1389/1387 1257/1390/1388 1256/856/855
f 1382/1389/1387 1256/856/855 1381/855/854
f 1399/1305/1303 1276/1306/1304 1275/1550/1548
f 1399/1305/1303 1275/1550/1548 1398/919/918
f 1404/1299/1297 1281/1300/1298 1280/948/947
f 1404/1299/1297 1280/948/947 1403/947/946
f 1417/1257/1255 1294/1258/1256 1293/1010/1009
f 1417/1257/1255 1293/1010/1009 1416/1009/1008
f 1427/1233/1231 1304/1234/1232 1303/1064/1063
f 1427/1233/1231 1303/1064/1063 1426/1063/1062
f 1437/1209/1207 1314/1210/1208 1313/1118/1117
f 1437/1209/1207 1313/1118/1117 1436/1117/1116
f 429/375/374 1327/1521/1519 1326/373/372
f 415/611/610 1341/1449/1447 1340/598/597
f 406/669/668 1350/1437/1435 1349/663/662
f 402/693/692 1354/1431/1429 1353/687/686
f 398/717/716 1358/1425/1423 1357/711/710
f 394/741/740 1362/1419/1417 1361/735/734
f 390/765/764 1366/1413/1411 1365/759/758
f 386/789/788 1370/1407/1405 1369/783/782
f 382/813/812 1374/1401/1399 1373/807/806
f 378/837/836 1378/1395/1393 1377/831/830
f 374/861/860 1382/1389/1387 1381/855/854
f 354/921/920 1399/1305/1303 1398/919/918
f 349/955/954 1404/1299/1297 1403/947/946
f 336/1015/1014 1417/1257/1255 1416/1009/1008
f 326/1069/1068 1427/1233/1231 1426/1063/1062
f 316/1123/1122 1437/1209/1207 1436/1117/1116
f 1446/1551/1549 1507/1552/1550 1445/1553/1551
f 1445/1553/1551 1507/1552/1550 1508/1554/1552
f 1445/1553/1551 1508/1554/1552 1509/1555/1553
f 1447/1556/1554 1456/1557/1555 1446/1551/1549
f 1446/1551/1549 1456/1557/1555 1457/1558/1556
f 1446/1551/1549 1457/1558/1556 1458/1559/1557
f 1448/1560/1558 1449/1561/1559 1447/1556/1554
f 1447/1556/1554 1449/1561/1559 1450/1562/1560
f 1447/1556/1554 1450/1562/1560 1451/1563/1561
f 1451/1563/1561 1452/1564/1562 1447/1556/1554
f 1447/1556/1554 1452/1564/1562 1453/1565/1563
f 1447/1556/1554 1453/1565/1563 1454/1566/1564
f 1454/1566/1564 1455/1567/1565 1447/1556/1554
f 1447/1556/1554 1455/1567/1565 1456/1557/1555
f 1458/1559/1557 1459/1568/1566 1446/1551/1549
f 1446/1551/1549 1459/1568/1566 1460/1569/1567
f 1446/1551/1549 1460/1569/1567 1461/1570/1568
f 1461/1570/1568 1462/1571/1569 1446/1551/1549
f 1446/1551/1549 1462/1571/1569 1463/1572/1570
f 1446/1551/1549 1463/1572/1570 1464/1573/1571
f 1446/1551/1549 1464/1573/1571 1481/1574/1572
f 1481/1574/1572 1464/1573/1571 1465/1575/1573
f 1481/1574/1572 1465/1575/1573 1466/1576/1574
f 1466/1576/1574 1467/1577/1575 1481/1574/1572
f 1481/1574/1572 1467/1577/1575 1468/1578/1576
f 1481/1574/1572 1468/1578/1576 1469/1579/1577
f 1469/1579/1577 1470/1580/1578 1481/1574/1572
f 1481/1574/1572 1470/1580/1578 1471/1581/1579
f 1481/1574/1572 1471/1581/1579 1472/1582/1580
f 1481/1574/1572 1472/1582/1580 1480/1583/1581
f 1480/1583/1581 1472/1582/1580 1473/1584/1582
f 1480/1583/1581 1473/1584/1582 1474/1585/1583
f 1474/1585/1583 1475/1586/1584 1480/1583/1581
f 1480/1583/1581 1475/1586/1584 1476/1587/1585
f 1480/1583/1581 1476/1587/1585 1477/1588/1586
f 1477/1588/1586 1478/1589/1587 1480/1583/1581
f 1480/1583/1581 1478/1589/1587 1479/1590/1588
f 1482/1591/1589 1491/1592/1590 1481/1574/1572
f 1481/1574/1572 1491/1592/1590 1492/1593/1591
f 1481/1574/1572 1492/1593/1591 1493/1594/1592
f 1483/1595/1593 1484/1596/1594 1482/1591/1589
f 1482/1591/1589 1484/1596/1594 1485/1597/1595
f 1482/1591/1589 1485/1597/1595 1486/1598/1596
f 1486/1598/1596 1487/1599/1597 1482/1591/1589
f 1482/1591/1589 1487/1599/1597 1488/1600/1598
f 1482/1591/1589 1488/1600/1598 1489/1601/1599
f 1489/1601/1599 1490/1602/1600 1482/1591/1589
f 1482/1591/1589 1490/1602/1600 1491/1592/1590
f 1493/1594/1592 1494/1603/1601 1481/1574/1572
f 1481/1574/1572 1494/1603/1601 1495/1604/1602
f 1481/1574/1572 1495/1604/1602 1496/1605/1603
f 1496/1605/1603 1497/1606/1604 1481/1574/1572
f 1481/1574/1572 1497/1606/1604 1498/1607/1605
f 1481/1574/1572 1498/1607/1605 1499/1608/1606
f 1481/1574/1572 1499/1608/1606 1446/1551/1549
f 1446/1551/1549 1499/1608/1606 1500/1609/1607
f 1446/1551/1549 1500/1609/1607 1501/1610/1608
f 1501/1610/1608 1502/1611/1609 1446/1551/1549
f 1446/1551/1549 1502/1611/1609 1503/1612/1610
f 1446/1551/1549 1503/1612/1610 1504/1613/1611
f 1504/1613/1611 1505/1614/1612 1446/1551/1549
f 1446/1551/1549 1505/1614/1612 1506/1615/1613
f 1446/1551/1549 1506/1615/1613 1507/1552/1550
f 1509/1555/1553 1510/1616/1614 1445/1553/1551
f 1445/1553/1551 1510/1616/1614 1511/1617/1615
f 1445/1553/1551 1511/1617/1615 1512/1618/1616
f 1512/1618/1616 1513/1619/1617 1445/1553/1551
f 1445/1553/1551 1513/1619/1617 1514/1620/1618
f 1514/1621/1619 1596/1622/1620 1445/1623/1621
f 1445/1623/1621 1596/1622/1620 1515/1624/1622
f 1445/1623/1621 1515/1624/1622 1826/1625/1623
f 1826/1625/1623 1515/1624/1622 1749/1626/1624
f 1826/1625/1623 1749/1626/1624 1825/1627/1625
f 1825/1627/1625 1749/1626/1624 1748/1628/1626
f 1825/1627/1625 1748/1628/1626 1824/1629/1627
f 1824/1629/1627 1748/1628/1626 1747/1630/1628
f 1824/1629/1627 1747/1630/1628 1823/1631/1629
f 1823/1631/1629 1747/1630/1628 1746/1632/1630
f 1823/1631/1629 1746/1632/1630 1822/1633/1631
f 1822/1633/1631 1746/1632/1630 1745/1634/1632
f 1822/1633/1631 1745/1634/1632 1821/1635/1633
f 1821/1635/1633 1745/1634/1632 1744/1636/1634
f 1821/1635/1633 1744/1636/1634 1820/1637/1635
f 1820/1637/1635 1744/1636/1634 1743/1638/1636
f 1820/1637/1635 1743/1638/1636 1819/1639/1637
f 1819/1639/1637 1743/1638/1636 1742/1640/1638
f 1819/1639/1637 1742/1640/1638 1818/1641/1639
f 1818/1641/1639 1742/1640/1638 1741/1642/1640
f 1818/1641/1639 1741/1642/1640 1817/1643/1641
f 1817/1643/1641 1741/1642/1640 1740/1644/1642
f 1817/1643/1641 1740/1644/1642 1816/1645/1643
f 1816/1645/1643 1740/1644/1642 1739/1646/1644
f 1816/1645/1643 1739/1646/1644 1815/1647/1645
f 1815/1647/1645 1739/1646/1644 1738/1648/1646
f 1815/1647/1645 1738/1648/1646 1814/1649/1647
f 1814/1649/1647 1738/1648/1646 1737/1650/1648
f 1814/1649/1647 1737/1650/1648 1813/1651/1649
f 1813/1651/1649 1737/1650/1648 1736/1652/1650
f 1813/1651/1649 1736/1652/1650 1812/1653/1651
f 1812/1653/1651 1736/1652/1650 1735/1654/1652
f 1812/1653/1651 1735/1654/1652 1811/1655/1653
f 1811/1655/1653 1735/1654/1652 1734/1656/1654
f 1811/1655/1653 1734/1656/1654 1810/1657/1655
f 1810/1657/1655 1734/1656/1654 1733/1658/1656
f 1810/1657/1655 1733/1658/1656 1809/1659/1657
f 1809/1659/1657 1733/1658/1656 1732/1660/1658
f 1809/1659/1657 1732/1660/1658 1808/1661/1659
f 1808/1661/1659 1732/1660/1658 1731/1662/1660
f 1808/1661/1659 1731/1662/1660 1807/1663/1661
f 1807/1663/1661 1731/1662/1660 1730/1664/1662
f 1807/1663/1661 1730/1664/1662 1806/1665/1663
f 1806/1665/1663 1730/1664/1662 1729/1666/1664
f 1806/1665/1663 1729/1666/1664 1805/1667/1665
f 1805/1667/1665 1729/1666/1664 1728/1668/1666
f 1805/1667/1665 1728/1668/1666 1804/1669/1667
f 1804/1669/1667 1728/1668/1666 1727/1670/1668
f 1804/1669/1667 1727/1670/1668 1803/1671/1669
f 1803/1671/1669 1727/1670/1668 1726/1672/1670
f 1803/1671/1669 1726/1672/1670 1802/1673/1671
f 1802/1673/1671 1726/1672/1670 1725/1674/1672
f 1802/1673/1671 1725/1674/1672 1801/1675/1673
f 1801/1675/1673 1725/1674/1672 1724/1676/1674
f 1801/1675/1673 1724/1676/1674 1800/1677/1675
f 1800/1677/1675 1724/1676/1674 1723/1678/1676
f 1800/1677/1675 1723/1678/1676 1799/1679/1677
f 1799/1679/1677 1723/1678/1676 1722/1680/1678
f 1799/1679/1677 1722/1680/1678 1798/1681/1679
f 1798/1681/1679 1722/1680/1678 1721/1682/1680
f 1798/1681/1679 1721/1682/1680 1797/1683/1681
f 1797/1683/1681 1721/1682/1680 1720/1684/1682
f 1797/1683/1681 1720/1684/1682 1796/1685/1683
f 1796/1685/1683 1720/1684/1682 1719/1686/1684
f 1796/1685/1683 1719/1686/1684 1795/1687/1685
f 1795/1687/1685 1719/1686/1684 1718/1688/1686
f 1795/1687/1685 1718/1688/1686 1794/1689/1687
f 1794/1689/1687 1718/1688/1686 1717/1690/1688
f 1794/1689/1687 1717/1690/1688 1793/1691/1689
f 1793/1691/1689 1717/1690/1688 1716/1692/1690
f 1793/1691/1689 1716/1692/1690 1792/1693/1691
f 1792/1693/1691 1716/1692/1690 1715/1694/1692
f 1792/1693/1691 1715/1694/1692 1791/1695/1693
f 1791/1695/1693 1715/1694/1692 1714/1696/1694
f 1791/1695/1693 1714/1696/1694 1790/1697/1695
f 1790/1697/1695 1714/1696/1694 1559/1698/1696
f 1790/1697/1695 1559/1698/1696 1713/1699/1697
f 1713/1699/1697 1559/1698/1696 1481/1700/1698
f 1713/1699/1697 1481/1700/1698 1789/1701/1699
f 1789/1701/1699 1481/1700/1698 1865/1702/1700
f 1789/1701/1699 1865/1702/1700 1941/1703/1701
f 1941/1703/1701 1865/1702/1700 1940/1704/1702
f 1941/1703/1701 1940/1704/1702 2017/1705/1703
f 2017/1705/1703 1940/1704/1702 2016/1706/1704
f 2017/1705/1703 2016/1706/1704 1634/1707/1705
f 1634/1707/1705 2016/1706/1704 1635/1708/1706
f 1634/1707/1705 1635/1708/1706 139/1709/1707
f 139/1709/1707 1635/1708/1706 1636/1710/1708
f 139/1709/1707 1636/1710/1708 140/1711/1709
f 140/1711/1709 1636/1710/1708 1637/1712/1710
f 140/1711/1709 1637/1712/1710 141/1713/1711
f 141/1713/1711 1637/1712/1710 1638/1714/1712
f 141/1713/1711 1638/1714/1712 142/1715/1713
f 142/1715/1713 1638/1714/1712 1639/1716/1714
f 142/1715/1713 1639/1716/1714 1640/1717/1715
f 1640/1717/1715 1639/1716/1714 2011/1718/1716
f 1640/1717/1715 2011/1718/1716 2010/1719/1717
f 2010/1719/1717 2011/1718/1716 1934/1720/1718
f 2010/1719/1717 1934/1720/1718 1933/1721/1719
f 1933/1721/1719 1934/1720/1718 1858/1722/1720
f 1933/1721/1719 1858/1722/1720 1857/1723/1721
f 1857/1723/1721 1858/1722/1720 1780/1724/1722
f 1857/1723/1721 1780/1724/1722 1779/1725/1723
f 1779/1725/1723 1780/1724/1722 1703/1726/1724
f 1779/1725/1723 1703/1726/1724 1702/1727/1725
f 1702/1727/1725 1703/1726/1724 1547/1728/1726
f 1702/1727/1725 1547/1728/1726 1546/1729/1727
f 1546/1729/1727 1547/1728/1726 1471/1730/1728
f 1546/1729/1727 1471/1730/1728 1470/1731/1729
f 1596/1622/1620 1514/1621/1619 1595/1732/1730
f 1595/1732/1730 1514/1621/1619 1513/1733/1731
f 1595/1732/1730 1513/1733/1731 1594/1734/1732
f 1594/1734/1732 1513/1733/1731 1593/1735/1733
f 1594/1734/1732 1593/1735/1733 1748/1628/1626
f 1748/1628/1626 1593/1735/1733 1747/1630/1628
f 1513/1733/1731 1512/1736/1734 1593/1735/1733
f 1593/1735/1733 1512/1736/1734 1592/1737/1735
f 1593/1735/1733 1592/1737/1735 1747/1630/1628
f 1747/1630/1628 1592/1737/1735 1746/1632/1630
f 1512/1736/1734 1511/1738/1736 1592/1737/1735
f 1592/1737/1735 1511/1738/1736 1591/1739/1737
f 1592/1737/1735 1591/1739/1737 1746/1632/1630
f 1746/1632/1630 1591/1739/1737 1745/1634/1632
f 1511/1738/1736 1510/1740/1738 1591/1739/1737
f 1591/1739/1737 1510/1740/1738 1590/1741/1739
f 1591/1739/1737 1590/1741/1739 1745/1634/1632
f 1745/1634/1632 1590/1741/1739 1744/1636/1634
f 1510/1740/1738 1509/1742/1740 1590/1741/1739
f 1590/1741/1739 1509/1742/1740 1589/1743/1741
f 1590/1741/1739 1589/1743/1741 1744/1636/1634
f 1744/1636/1634 1589/1743/1741 1743/1638/1636
f 1509/1742/1740 1508/1744/1742 1589/1743/1741
f 1589/1743/1741 1508/1744/1742 1588/1745/1743
f 1589/1743/1741 1588/1745/1743 1743/1638/1636
f 1743/1638/1636 1588/1745/1743 1742/1640/1638
f 1508/1744/1742 1507/1746/1744 1588/1745/1743
f 1588/1745/1743 1507/1746/1744 1587/1747/1745
f 1588/1745/1743 1587/1747/1745 1742/1640/1638
f 1742/1640/1638 1587/1747/1745 1741/1642/1640
f 1507/1746/1744 1506/1748/1746 1587/1747/1745
f 1587/1747/1745 1506/1748/1746 1586/1749/1747
f 1587/1747/1745 1586/1749/1747 1741/1642/1640
f 1741/1642/1640 1586/1749/1747 1740/1644/1642
f 1506/1748/1746 1505/1750/1748 1586/1749/1747
f 1586/1749/1747 1505/1750/1748 1585/1751/1749
f 1586/1749/1747 1585/1751/1749 1740/1644/1642
f 1740/1644/1642 1585/1751/1749 1739/1646/1644
f 1505/1750/1748 1504/1752/1750 1585/1751/1749
f 1585/1751/1749 1504/1752/1750 1584/1753/1751
f 1585/1751/1749 1584/1753/1751 1739/1646/1644
f 1739/1646/1644 1584/1753/1751 1738/1648/1646
f 1584/1753/1751 1504/1752/1750 1583/1754/1752
f 1583/1754/1752 1504/1752/1750 1503/1755/1753
f 1583/1754/1752 1503/1755/1753 1582/1756/1754
f 1582/1756/1754 1503/1755/1753 1502/1757/1755
f 1582/1756/1754 1502/1757/1755 1581/1758/1756
f 1581/1758/1756 1502/1757/1755 1501/1759/1757
f 1581/1758/1756 1501/1759/1757 1580/1760/1758
f 1580/1760/1758 1501/1759/1757 1500/1761/1759
f 1580/1760/1758 1500/1761/1759 1579/1762/1760
f 1579/1762/1760 1500/1761/1759 1499/1763/1761
f 1579/1762/1760 1499/1763/1761 1578/1764/1762
f 1578/1764/1762 1499/1763/1761 1498/1765/1763
f 1578/1764/1762 1498/1765/1763 1577/1766/1764
f 1577/1766/1764 1498/1765/1763 1497/1767/1765
f 1577/1766/1764 1497/1767/1765 1576/1768/1766
f 1576/1768/1766 1497/1767/1765 1496/1769/1767
f 1576/1768/1766 1496/1769/1767 1575/1770/1768
f 1575/1770/1768 1496/1769/1767 1495/1771/1769
f 1575/1770/1768 1495/1771/1769 1574/1772/1770
f 1574/1772/1770 1495/1771/1769 1494/1773/1771
f 1574/1772/1770 1494/1773/1771 1573/1774/1772
f 1573/1774/1772 1494/1773/1771 1572/1775/1773
f 1573/1774/1772 1572/1775/1773 1727/1670/1668
f 1727/1670/1668 1572/1775/1773 1726/1672/1670
f 1494/1773/1771 1493/1776/1774 1572/1775/1773
f 1572/1775/1773 1493/1776/1774 1571/1777/1775
f 1572/1775/1773 1571/1777/1775 1726/1672/1670
f 1726/1672/1670 1571/1777/1775 1725/1674/1672
f 1493/1776/1774 1492/1778/1776 1571/1777/1775
f 1571/1777/1775 1492/1778/1776 1570/1779/1777
f 1571/1777/1775 1570/1779/1777 1725/1674/1672
f 1725/1674/1672 1570/1779/1777 1724/1676/1674
f 1492/1778/1776 1491/1780/1778 1570/1779/1777
f 1570/1779/1777 1491/1780/1778 1569/1781/1779
f 1570/1779/1777 1569/1781/1779 1724/1676/1674
f 1724/1676/1674 1569/1781/1779 1723/1678/1676
f 1491/1780/1778 1490/1782/1780 1569/1781/1779
f 1569/1781/1779 1490/1782/1780 1568/1783/1781
f 1569/1781/1779 1568/1783/1781 1723/1678/1676
f 1723/1678/1676 1568/1783/1781 1722/1680/1678
f 1490/1782/1780 1489/1784/1782 1568/1783/1781
f 1568/1783/1781 1489/1784/1782 1488/1785/1783
f 1568/1783/1781 1488/1785/1783 1567/1786/1784
f 1567/1786/1784 1488/1785/1783 1487/1787/1785
f 1567/1786/1784 1487/1787/1785 1566/1788/1786
f 1566/1788/1786 1487/1787/1785 1486/1789/1787
f 1566/1788/1786 1486/1789/1787 1565/1790/1788
f 1565/1790/1788 1486/1789/1787 1485/1791/1789
f 1565/1790/1788 1485/1791/1789 1564/1792/1790
f 1564/1792/1790 1485/1791/1789 1484/1793/1791
f 1564/1792/1790 1484/1793/1791 1563/1794/1792
f 1563/1794/1792 1484/1793/1791 1483/1795/1793
f 1563/1794/1792 1483/1795/1793 1562/1796/1794
f 1562/1796/1794 1483/1795/1793 1482/1797/1795
f 1562/1796/1794 1482/1797/1795 1561/1798/1796
f 1561/1798/1796 1482/1797/1795 1560/1799/1797
f 1561/1798/1796 1560/1799/1797 1715/1694/1692
f 1715/1694/1692 1560/1799/1797 1714/1696/1694
f 1482/1797/1795 1481/1700/1698 1560/1799/1797
f 1560/1799/1797 1481/1700/1698 1558/1800/1798
f 1560/1799/1797 1558/1800/1798 1714/1696/1694
f 1714/1696/1694 1558/1800/1798 1559/1698/1696
f 1480/1801/1799 1557/1802/1800 1481/1700/1698
f 1481/1700/1698 1557/1802/1800 1712/1803/1801
f 1481/1700/1698 1712/1803/1801 1788/1804/1802
f 1788/1804/1802 1712/1803/1801 1711/1805/1803
f 1788/1804/1802 1711/1805/1803 1787/1806/1804
f 1787/1806/1804 1711/1805/1803 1710/1807/1805
f 1787/1806/1804 1710/1807/1805 1786/1808/1806
f 1786/1808/1806 1710/1807/1805 1709/1809/1807
f 1786/1808/1806 1709/1809/1807 1785/1810/1808
f 1785/1810/1808 1709/1809/1807 1708/1811/1809
f 1785/1810/1808 1708/1811/1809 1784/1812/1810
f 1784/1812/1810 1708/1811/1809 1707/1813/1811
f 1784/1812/1810 1707/1813/1811 1783/1814/1812
f 1783/1814/1812 1707/1813/1811 1706/1815/1813
f 1783/1814/1812 1706/1815/1813 1782/1816/1814
f 1782/1816/1814 1706/1815/1813 1705/1817/1815
f 1782/1816/1814 1705/1817/1815 1781/1818/1816
f 1781/1818/1816 1705/1817/1815 1704/1819/1817
f 1781/1818/1816 1704/1819/1817 1780/1724/1722
f 1780/1724/1722 1704/1819/1817 1703/1726/1724
f 1479/1820/1818 1555/1821/1819 1480/1801/1799
f 1480/1801/1799 1555/1821/1819 1556/1822/1820
f 1480/1801/1799 1556/1822/1820 1557/1802/1800
f 1557/1802/1800 1556/1822/1820 1712/1803/1801
f 1555/1821/1819 1479/1820/1818 1554/1823/1821
f 1554/1823/1821 1479/1820/1818 1478/1824/1822
f 1554/1823/1821 1478/1824/1822 1553/1825/1823
f 1553/1825/1823 1478/1824/1822 1552/1826/1824
f 1553/1825/1823 1552/1826/1824 1708/1811/1809
f 1708/1811/1809 1552/1826/1824 1707/1813/1811
f 1478/1824/1822 1477/1827/1825 1552/1826/1824
f 1552/1826/1824 1477/1827/1825 1551/1828/1826
f 1552/1826/1824 1551/1828/1826 1707/1813/1811
f 1707/1813/1811 1551/1828/1826 1706/1815/1813
f 1477/1827/1825 1476/1829/1827 1551/1828/1826
f 1551/1828/1826 1476/1829/1827 1475/1830/1828
f 1551/1828/1826 1475/1830/1828 1550/1831/1829
f 1550/1831/1829 1475/1830/1828 1474/1832/1830
f 1550/1831/1829 1474/1832/1830 1549/1833/1831
f 1549/1833/1831 1474/1832/1830 1548/1834/1832
f 1549/1833/1831 1548/1834/1832 1704/1819/1817
f 1704/1819/1817 1548/1834/1832 1703/1726/1724
f 1474/1832/1830 1473/1835/1833 1548/1834/1832
f 1548/1834/1832 1473/1835/1833 1472/1836/1834
f 1548/1834/1832 1472/1836/1834 1547/1728/1726
f 1547/1728/1726 1472/1836/1834 1471/1730/1728
f 1546/1729/1727 1470/1731/1729 1545/1837/1835
f 1545/1837/1835 1470/1731/1729 1469/1838/1836
f 1545/1837/1835 1469/1838/1836 1544/1839/1837
f 1544/1839/1837 1469/1838/1836 1543/1840/1838
f 1544/1839/1837 1543/1840/1838 1699/1841/1839
f 1699/1841/1839 1543/1840/1838 1698/1842/1840
f 1699/1841/1839 1698/1842/1840 1775/1843/1841
f 1775/1843/1841 1698/1842/1840 1774/1844/1842
f 1775/1843/1841 1774/1844/1842 1852/1845/1843
f 1852/1845/1843 1774/1844/1842 1851/1846/1844
f 1852/1845/1843 1851/1846/1844 1927/1847/1845
f 1927/1847/1845 1851/1846/1844 1926/1848/1846
f 1927/1847/1845 1926/1848/1846 2003/1849/1847
f 2003/1849/1847 1926/1848/1846 2002/1850/1848
f 2003/1849/1847 2002/1850/1848 1648/1851/1849
f 1648/1851/1849 2002/1850/1848 1649/1852/1850
f 1648/1851/1849 1649/1852/1850 151/1853/1851
f 151/1853/1851 1649/1852/1850 152/1854/1852
f 152/1854/1852 1649/1852/1850 1650/1855/1853
f 152/1854/1852 1650/1855/1853 153/1856/1854
f 153/1856/1854 1650/1855/1853 1651/1857/1855
f 153/1856/1854 1651/1857/1855 154/1858/1856
f 154/1858/1856 1651/1857/1855 155/1859/1857
f 155/1859/1857 1651/1857/1855 1652/1860/1858
f 155/1859/1857 1652/1860/1858 156/1861/1859
f 156/1861/1859 1652/1860/1858 1653/1862/1860
f 156/1861/1859 1653/1862/1860 1654/1863/1861
f 1654/1863/1861 1653/1862/1860 1997/1864/1862
f 1654/1863/1861 1997/1864/1862 1996/1865/1863
f 1996/1865/1863 1997/1864/1862 1920/1866/1864
f 1996/1865/1863 1920/1866/1864 1919/1867/1865
f 1919/1867/1865 1920/1866/1864 1844/1868/1866
f 1919/1867/1865 1844/1868/1866 1843/1869/1867
f 1843/1869/1867 1844/1868/1866 1766/1870/1868
f 1843/1869/1867 1766/1870/1868 1765/1871/1869
f 1765/1871/1869 1766/1870/1868 1689/1872/1870
f 1765/1871/1869 1689/1872/1870 1688/1873/1871
f 1688/1873/1871 1689/1872/1870 1533/1874/1872
f 1688/1873/1871 1533/1874/1872 1532/1875/1873
f 1532/1875/1873 1533/1874/1872 1458/1876/1874
f 1532/1875/1873 1458/1876/1874 1457/1877/1875
f 1469/1838/1836 1468/1878/1876 1543/1840/1838
f 1543/1840/1838 1468/1878/1876 1542/1879/1877
f 1543/1840/1838 1542/1879/1877 1698/1842/1840
f 1698/1842/1840 1542/1879/1877 1697/1880/1878
f 1698/1842/1840 1697/1880/1878 1774/1844/1842
f 1774/1844/1842 1697/1880/1878 1773/1881/1879
f 1774/1844/1842 1773/1881/1879 1851/1846/1844
f 1851/1846/1844 1773/1881/1879 1850/1882/1880
f 1851/1846/1844 1850/1882/1880 1926/1848/1846
f 1926/1848/1846 1850/1882/1880 1925/1883/1881
f 1926/1848/1846 1925/1883/1881 2002/1850/1848
f 2002/1850/1848 1925/1883/1881 2001/1884/1882
f 2002/1850/1848 2001/1884/1882 1649/1852/1850
f 1649/1852/1850 2001/1884/1882 1650/1855/1853
f 1468/1878/1876 1467/1885/1883 1542/1879/1877
f 1542/1879/1877 1467/1885/1883 1541/1886/1884
f 1542/1879/1877 1541/1886/1884 1697/1880/1878
f 1697/1880/1878 1541/1886/1884 1696/1887/1885
f 1697/1880/1878 1696/1887/1885 1773/1881/1879
f 1773/1881/1879 1696/1887/1885 1772/1888/1886
f 1773/1881/1879 1772/1888/1886 1850/1882/1880
f 1850/1882/1880 1772/1888/1886 1849/1889/1887
f 1850/1882/1880 1849/1889/1887 1925/1883/1881
f 1925/1883/1881 1849/1889/1887 1924/1890/1888
f 1925/1883/1881 1924/1890/1888 2001/1884/1882
f 2001/1884/1882 1924/1890/1888 2000/1891/1889
f 2001/1884/1882 2000/1891/1889 1650/1855/1853
f 1650/1855/1853 2000/1891/1889 1651/1857/1855
f 1467/1885/1883 1466/1892/1890 1541/1886/1884
f 1541/1886/1884 1466/1892/1890 1465/1893/1891
f 1541/1886/1884 1465/1893/1891 1540/1894/1892
f 1540/1894/1892 1465/1893/1891 1464/1895/1893
f 1540/1894/1892 1464/1895/1893 1539/1896/1894
f 1539/1896/1894 1464/1895/1893 1538/1897/1895
f 1539/1896/1894 1538/1897/1895 1694/1898/1896
f 1694/1898/1896 1538/1897/1895 1693/1899/1897
f 1694/1898/1896 1693/1899/1897 1770/1900/1898
f 1770/1900/1898 1693/1899/1897 1769/1901/1899
f 1770/1900/1898 1769/1901/1899 1847/1902/1900
f 1847/1902/1900 1769/1901/1899 1846/1903/1901
f 1847/1902/1900 1846/1903/1901 1922/1904/1902
f 1922/1904/1902 1846/1903/1901 1921/1905/1903
f 1922/1904/1902 1921/1905/1903 1998/1906/1904
f 1998/1906/1904 1921/1905/1903 1997/1864/1862
f 1998/1906/1904 1997/1864/1862 1653/1862/1860
f 1464/1895/1893 1463/1907/1905 1538/1897/1895
f 1538/1897/1895 1463/1907/1905 1537/1908/1906
f 1538/1897/1895 1537/1908/1906 1693/1899/1897
f 1693/1899/1897 1537/1908/1906 1692/1909/1907
f 1693/1899/1897 1692/1909/1907 1769/1901/1899
f 1769/1901/1899 1692/1909/1907 1768/1910/1908
f 1769/1901/1899 1768/1910/1908 1846/1903/1901
f 1846/1903/1901 1768/1910/1908 1845/1911/1909
f 1846/1903/1901 1845/1911/1909 1921/1905/1903
f 1921/1905/1903 1845/1911/1909 1920/1866/1864
f 1921/1905/1903 1920/1866/1864 1997/1864/1862
f 1463/1907/1905 1462/1912/1910 1537/1908/1906
f 1537/1908/1906 1462/1912/1910 1461/1913/1911
f 1537/1908/1906 1461/1913/1911 1536/1914/1912
f 1536/1914/1912 1461/1913/1911 1460/1915/1913
f 1536/1914/1912 1460/1915/1913 1535/1916/1914
f 1535/1916/1914 1460/1915/1913 1459/1917/1915
f 1535/1916/1914 1459/1917/1915 1534/1918/1916
f 1534/1918/1916 1459/1917/1915 1458/1876/1874
f 1534/1918/1916 1458/1876/1874 1533/1874/1872
f 1532/1875/1873 1457/1877/1875 1531/1919/1917
f 1531/1919/1917 1457/1877/1875 1456/1920/1918
f 1531/1919/1917 1456/1920/1918 1530/1921/1919
f 1530/1921/1919 1456/1920/1918 1455/1922/1920
f 1530/1921/1919 1455/1922/1920 1529/1923/1921
f 1529/1923/1921 1455/1922/1920 1454/1924/1922
f 1529/1923/1921 1454/1924/1922 1453/1925/1923
f 1529/1923/1921 1453/1925/1923 1528/1926/1924
f 1528/1926/1924 1453/1925/1923 1452/1927/1925
f 1528/1926/1924 1452/1927/1925 1527/1928/1926
f 1527/1928/1926 1452/1927/1925 1451/1929/1927
f 1527/1928/1926 1451/1929/1927 1526/1930/1928
f 1526/1930/1928 1451/1929/1927 1450/1931/1929
f 1526/1930/1928 1450/1931/1929 1525/1932/1930
f 1525/1932/1930 1450/1931/1929 1524/1933/1931
f 1525/1932/1930 1524/1933/1931 1680/1934/1932
f 1680/1934/1932 1524/1933/1931 1679/1935/1933
f 1680/1934/1932 1679/1935/1933 1756/1936/1934
f 1756/1936/1934 1679/1935/1933 1755/1937/1935
f 1756/1936/1934 1755/1937/1935 1833/1938/1936
f 1833/1938/1936 1755/1937/1935 1832/1939/1937
f 1833/1938/1936 1832/1939/1937 1908/1940/1938
f 1908/1940/1938 1832/1939/1937 1907/1941/1939
f 1908/1940/1938 1907/1941/1939 1984/1942/1940
f 1984/1942/1940 1907/1941/1939 1983/1943/1941
f 1984/1942/1940 1983/1943/1941 1667/1944/1942
f 1667/1944/1942 1983/1943/1941 1668/1945/1943
f 1667/1944/1942 1668/1945/1943 170/1946/1944
f 170/1946/1944 1668/1945/1943 171/1947/1945
f 171/1947/1945 1668/1945/1943 1669/1948/1946
f 171/1947/1945 1669/1948/1946 172/1949/1947
f 172/1949/1947 1669/1948/1946 1670/1950/1948
f 172/1949/1947 1670/1950/1948 173/1951/1949
f 173/1951/1949 1670/1950/1948 1671/1952/1950
f 173/1951/1949 1671/1952/1950 174/1953/1951
f 174/1953/1951 1671/1952/1950 1672/1954/1952
f 174/1953/1951 1672/1954/1952 1673/1955/1953
f 1673/1955/1953 1672/1954/1952 1518/1956/1954
f 1673/1955/1953 1518/1956/1954 105/1957/1955
f 105/1957/1955 1518/1956/1954 1445/1958/1621
f 1445/1958/1621 1518/1956/1954 1902/1959/1956
f 1445/1958/1621 1902/1959/1956 1827/1960/1957
f 1827/1960/1957 1902/1959/1956 1903/1961/1958
f 1827/1960/1957 1903/1961/1958 1828/1962/1959
f 1828/1962/1959 1903/1961/1958 1904/1963/1960
f 1828/1962/1959 1904/1963/1960 1829/1964/1961
f 1829/1964/1961 1904/1963/1960 1905/1965/1962
f 1829/1964/1961 1905/1965/1962 1830/1966/1963
f 1830/1966/1963 1905/1965/1962 1906/1967/1964
f 1830/1966/1963 1906/1967/1964 1831/1968/1965
f 1831/1968/1965 1906/1967/1964 1907/1941/1939
f 1831/1968/1965 1907/1941/1939 1832/1939/1937
f 1450/1931/1929 1449/1969/1966 1524/1933/1931
f 1524/1933/1931 1449/1969/1966 1523/1970/1967
f 1524/1933/1931 1523/1970/1967 1679/1935/1933
f 1679/1935/1933 1523/1970/1967 1678/1971/1968
f 1679/1935/1933 1678/1971/1968 1755/1937/1935
f 1755/1937/1935 1678/1971/1968 1754/1972/1969
f 1755/1937/1935 1754/1972/1969 1832/1939/1937
f 1832/1939/1937 1754/1972/1969 1831/1968/1965
f 1449/1969/1966 1448/1973/1970 1523/1970/1967
f 1523/1970/1967 1448/1973/1970 1522/1974/1971
f 1523/1970/1967 1522/1974/1971 1678/1971/1968
f 1678/1971/1968 1522/1974/1971 1677/1975/1972
f 1678/1971/1968 1677/1975/1972 1754/1972/1969
f 1754/1972/1969 1677/1975/1972 1753/1976/1973
f 1754/1972/1969 1753/1976/1973 1831/1968/1965
f 1831/1968/1965 1753/1976/1973 1830/1966/1963
f 1448/1973/1970 1447/1977/1974 1522/1974/1971
f 1522/1974/1971 1447/1977/1974 1521/1978/1975
f 1522/1974/1971 1521/1978/1975 1677/1975/1972
f 1677/1975/1972 1521/1978/1975 1676/1979/1976
f 1677/1975/1972 1676/1979/1976 1753/1976/1973
f 1753/1976/1973 1676/1979/1976 1752/1980/1977
f 1753/1976/1973 1752/1980/1977 1830/1966/1963
f 1830/1966/1963 1752/1980/1977 1829/1964/1961
f 1447/1977/1974 1446/1981/1978 1521/1978/1975
f 1521/1978/1975 1446/1981/1978 1520/1982/1979
f 1521/1978/1975 1520/1982/1979 1676/1979/1976
f 1676/1979/1976 1520/1982/1979 1675/1983/1980
f 1676/1979/1976 1675/1983/1980 1752/1980/1977
f 1752/1980/1977 1675/1983/1980 1751/1984/1981
f 1752/1980/1977 1751/1984/1981 1829/1964/1961
f 1829/1964/1961 1751/1984/1981 1828/1962/1959
f 1520/1982/1979 1446/1981/1978 1519/1985/1982
f 1519/1985/1982 1446/1981/1978 1445/1958/1621
f 1519/1985/1982 1445/1958/1621 1674/1986/1983
f 1674/1986/1983 1445/1958/1621 1517/1987/1984
f 1674/1986/1983 1517/1987/1984 1751/1984/1981
f 1751/1984/1981 1517/1987/1984 1828/1962/1959
f 105/1957/1955 174/1953/1951 1673/1955/1953
f 1667/1944/1942 170/1946/1944 1666/1988/1985
f 1666/1988/1985 170/1946/1944 169/1989/1986
f 1666/1988/1985 169/1989/1986 1665/1990/1987
f 1665/1990/1987 169/1989/1986 168/1991/1988
f 1665/1990/1987 168/1991/1988 1664/1992/1989
f 1664/1992/1989 168/1991/1988 167/1993/1990
f 1664/1992/1989 167/1993/1990 1663/1994/1991
f 1663/1994/1991 167/1993/1990 166/1995/1992
f 1663/1994/1991 166/1995/1992 165/1996/1993
f 1663/1994/1991 165/1996/1993 1662/1997/1994
f 1662/1997/1994 165/1996/1993 164/1998/1995
f 1662/1997/1994 164/1998/1995 1661/1999/1996
f 1661/1999/1996 164/1998/1995 163/2000/1997
f 1661/1999/1996 163/2000/1997 1660/2001/1998
f 1660/2001/1998 163/2000/1997 162/2002/1999
f 1660/2001/1998 162/2002/1999 1659/2003/2000
f 1659/2003/2000 162/2002/1999 1658/2004/2001
f 1659/2003/2000 1658/2004/2001 1992/2005/2002
f 1992/2005/2002 1658/2004/2001 1993/2006/2003
f 1992/2005/2002 1993/2006/2003 1916/2007/2004
f 1916/2007/2004 1993/2006/2003 1917/2008/2005
f 1916/2007/2004 1917/2008/2005 1841/2009/2006
f 1841/2009/2006 1917/2008/2005 1842/2010/2007
f 1841/2009/2006 1842/2010/2007 1764/2011/2008
f 1764/2011/2008 1842/2010/2007 1765/1871/1869
f 1764/2011/2008 1765/1871/1869 1688/1873/1871
f 162/2002/1999 161/2012/2009 1658/2004/2001
f 1658/2004/2001 161/2012/2009 1657/2013/2010
f 1658/2004/2001 1657/2013/2010 1993/2006/2003
f 1993/2006/2003 1657/2013/2010 1994/2014/2011
f 1993/2006/2003 1994/2014/2011 1917/2008/2005
f 1917/2008/2005 1994/2014/2011 1918/2015/2012
f 1917/2008/2005 1918/2015/2012 1842/2010/2007
f 1842/2010/2007 1918/2015/2012 1843/1869/1867
f 1842/2010/2007 1843/1869/1867 1765/1871/1869
f 161/2012/2009 160/2016/2013 1657/2013/2010
f 1657/2013/2010 160/2016/2013 1656/2017/2014
f 1657/2013/2010 1656/2017/2014 1994/2014/2011
f 1994/2014/2011 1656/2017/2014 1995/2018/2015
f 1994/2014/2011 1995/2018/2015 1918/2015/2012
f 1918/2015/2012 1995/2018/2015 1919/1867/1865
f 1918/2015/2012 1919/1867/1865 1843/1869/1867
f 160/2016/2013 159/2019/2016 1656/2017/2014
f 1656/2017/2014 159/2019/2016 1655/2020/2017
f 1656/2017/2014 1655/2020/2017 1995/2018/2015
f 1995/2018/2015 1655/2020/2017 1996/1865/1863
f 1995/2018/2015 1996/1865/1863 1919/1867/1865
f 159/2019/2016 158/2021/2018 1655/2020/2017
f 1655/2020/2017 158/2021/2018 157/2022/2019
f 1655/2020/2017 157/2022/2019 1654/1863/1861
f 1654/1863/1861 157/2022/2019 156/1861/1859
f 1648/1851/1849 151/1853/1851 1647/2023/2020
f 1647/2023/2020 151/1853/1851 150/2024/2021
f 1647/2023/2020 150/2024/2021 1646/2025/2022
f 1646/2025/2022 150/2024/2021 149/2026/2023
f 1646/2025/2022 149/2026/2023 1645/2027/2024
f 1645/2027/2024 149/2026/2023 148/2028/2025
f 1645/2027/2024 148/2028/2025 1644/2029/2026
f 1644/2029/2026 148/2028/2025 147/2030/2027
f 1644/2029/2026 147/2030/2027 146/2031/2028
f 145/2032/2029 1642/2033/2030 146/2031/2028
f 146/2031/2028 1642/2033/2030 1643/2034/2031
f 146/2031/2028 1643/2034/2031 1644/2029/2026
f 1644/2029/2026 1643/2034/2031 2007/2035/2032
f 1644/2029/2026 2007/2035/2032 2006/2036/2033
f 2006/2036/2033 2007/2035/2032 1930/2037/2034
f 2006/2036/2033 1930/2037/2034 1929/2038/2035
f 1929/2038/2035 1930/2037/2034 1854/2039/2036
f 1929/2038/2035 1854/2039/2036 1853/2040/2037
f 1853/2040/2037 1854/2039/2036 1776/2041/2038
f 1853/2040/2037 1776/2041/2038 1775/1843/1841
f 1775/1843/1841 1776/2041/2038 1699/1841/1839
f 1642/2033/2030 145/2032/2029 1641/2042/2039
f 1641/2042/2039 145/2032/2029 144/2043/2040
f 1641/2042/2039 144/2043/2040 143/2044/2041
f 1641/2042/2039 143/2044/2041 1640/1717/1715
f 1640/1717/1715 143/2044/2041 142/1715/1713
f 1634/1707/1705 139/1709/1707 1633/2045/2042
f 1633/2045/2042 139/1709/1707 138/2046/2043
f 1633/2045/2042 138/2046/2043 1632/2047/2044
f 1632/2047/2044 138/2046/2043 1631/2048/2045
f 1632/2047/2044 1631/2048/2045 2019/2049/2046
f 2019/2049/2046 1631/2048/2045 2020/2050/2047
f 2019/2049/2046 2020/2050/2047 1943/2051/2048
f 1943/2051/2048 2020/2050/2047 1944/2052/2049
f 1943/2051/2048 1944/2052/2049 1867/2053/2050
f 1867/2053/2050 1944/2052/2049 1868/2054/2051
f 1867/2053/2050 1868/2054/2051 1791/1695/1693
f 1791/1695/1693 1868/2054/2051 1792/1693/1691
f 138/2046/2043 137/2055/2052 1631/2048/2045
f 1631/2048/2045 137/2055/2052 1630/2056/2053
f 1631/2048/2045 1630/2056/2053 2020/2050/2047
f 2020/2050/2047 1630/2056/2053 2021/2057/2054
f 2020/2050/2047 2021/2057/2054 1944/2052/2049
f 1944/2052/2049 2021/2057/2054 1945/2058/2055
f 1944/2052/2049 1945/2058/2055 1868/2054/2051
f 1868/2054/2051 1945/2058/2055 1869/2059/2056
f 1868/2054/2051 1869/2059/2056 1792/1693/1691
f 1792/1693/1691 1869/2059/2056 1793/1691/1689
f 137/2055/2052 136/2060/2057 1630/2056/2053
f 1630/2056/2053 136/2060/2057 1629/2061/2058
f 1630/2056/2053 1629/2061/2058 2021/2057/2054
f 2021/2057/2054 1629/2061/2058 2022/2062/2059
f 2021/2057/2054 2022/2062/2059 1945/2058/2055
f 1945/2058/2055 2022/2062/2059 1946/2063/2060
f 1945/2058/2055 1946/2063/2060 1869/2059/2056
f 1869/2059/2056 1946/2063/2060 1870/2064/2061
f 1869/2059/2056 1870/2064/2061 1793/1691/1689
f 1793/1691/1689 1870/2064/2061 1794/1689/1687
f 136/2060/2057 135/2065/2062 1629/2061/2058
f 1629/2061/2058 135/2065/2062 1628/2066/2063
f 1629/2061/2058 1628/2066/2063 2022/2062/2059
f 2022/2062/2059 1628/2066/2063 2023/2067/2064
f 2022/2062/2059 2023/2067/2064 1946/2063/2060
f 1946/2063/2060 2023/2067/2064 1947/2068/2065
f 1946/2063/2060 1947/2068/2065 1870/2064/2061
f 1870/2064/2061 1947/2068/2065 1871/2069/2066
f 1870/2064/2061 1871/2069/2066 1794/1689/1687
f 1794/1689/1687 1871/2069/2066 1795/1687/1685
f 135/2065/2062 134/2070/2067 1628/2066/2063
f 1628/2066/2063 134/2070/2067 1627/2071/2068
f 1628/2066/2063 1627/2071/2068 2023/2067/2064
f 2023/2067/2064 1627/2071/2068 2024/2072/2069
f 2023/2067/2064 2024/2072/2069 1947/2068/2065
f 1947/2068/2065 2024/2072/2069 1948/2073/2070
f 1947/2068/2065 1948/2073/2070 1871/2069/2066
f 1871/2069/2066 1948/2073/2070 1872/2074/2071
f 1871/2069/2066 1872/2074/2071 1795/1687/1685
f 1795/1687/1685 1872/2074/2071 1796/1685/1683
f 134/2070/2067 133/2075/2072 1627/2071/2068
f 1627/2071/2068 133/2075/2072 1626/2076/2073
f 1627/2071/2068 1626/2076/2073 2024/2072/2069
f 2024/2072/2069 1626/2076/2073 2025/2077/2074
f 2024/2072/2069 2025/2077/2074 1948/2073/2070
f 1948/2073/2070 2025/2077/2074 1949/2078/2075
f 1948/2073/2070 1949/2078/2075 1872/2074/2071
f 1872/2074/2071 1949/2078/2075 1873/2079/2076
f 1872/2074/2071 1873/2079/2076 1796/1685/1683
f 1796/1685/1683 1873/2079/2076 1797/1683/1681
f 133/2075/2072 132/2080/2077 1626/2076/2073
f 1626/2076/2073 132/2080/2077 1625/2081/2078
f 1626/2076/2073 1625/2081/2078 2025/2077/2074
f 2025/2077/2074 1625/2081/2078 2026/2082/2079
f 2025/2077/2074 2026/2082/2079 1949/2078/2075
f 1949/2078/2075 2026/2082/2079 1950/2083/2080
f 1949/2078/2075 1950/2083/2080 1873/2079/2076
f 1873/2079/2076 1950/2083/2080 1874/2084/2081
f 1873/2079/2076 1874/2084/2081 1797/1683/1681
f 1797/1683/1681 1874/2084/2081 1798/1681/1679
f 132/2080/2077 131/2085/2082 1625/2081/2078
f 1625/2081/2078 131/2085/2082 130/2086/2083
f 1625/2081/2078 130/2086/2083 1624/2087/2084
f 1624/2087/2084 130/2086/2083 129/2088/2085
f 1624/2087/2084 129/2088/2085 1623/2089/2086
f 1623/2089/2086 129/2088/2085 128/2090/2087
f 1623/2089/2086 128/2090/2087 1622/2091/2088
f 1622/2091/2088 128/2090/2087 127/2092/2089
f 1622/2091/2088 127/2092/2089 1621/2093/2090
f 1621/2093/2090 127/2092/2089 126/2094/2091
f 1621/2093/2090 126/2094/2091 1620/2095/2092
f 1620/2095/2092 126/2094/2091 1619/2096/2093
f 1620/2095/2092 1619/2096/2093 2031/2097/2094
f 2031/2097/2094 1619/2096/2093 2032/2098/2095
f 2031/2097/2094 2032/2098/2095 1955/2099/2096
f 1955/2099/2096 2032/2098/2095 1956/2100/2097
f 1955/2099/2096 1956/2100/2097 1879/2101/2098
f 1879/2101/2098 1956/2100/2097 1880/2102/2099
f 1879/2101/2098 1880/2102/2099 1803/1671/1669
f 1803/1671/1669 1880/2102/2099 1804/1669/1667
f 126/2094/2091 125/2103/2100 1619/2096/2093
f 1619/2096/2093 125/2103/2100 1618/2104/2101
f 1619/2096/2093 1618/2104/2101 2032/2098/2095
f 2032/2098/2095 1618/2104/2101 2033/2105/2102
f 2032/2098/2095 2033/2105/2102 1956/2100/2097
f 1956/2100/2097 2033/2105/2102 1957/2106/2103
f 1956/2100/2097 1957/2106/2103 1880/2102/2099
f 1880/2102/2099 1957/2106/2103 1881/2107/2104
f 1880/2102/2099 1881/2107/2104 1804/1669/1667
f 1804/1669/1667 1881/2107/2104 1805/1667/1665
f 125/2103/2100 124/2108/2105 1618/2104/2101
f 1618/2104/2101 124/2108/2105 1617/2109/2106
f 1618/2104/2101 1617/2109/2106 2033/2105/2102
f 2033/2105/2102 1617/2109/2106 2034/2110/2107
f 2033/2105/2102 2034/2110/2107 1957/2106/2103
f 1957/2106/2103 2034/2110/2107 1958/2111/2108
f 1957/2106/2103 1958/2111/2108 1881/2107/2104
f 1881/2107/2104 1958/2111/2108 1882/2112/2109
f 1881/2107/2104 1882/2112/2109 1805/1667/1665
f 1805/1667/1665 1882/2112/2109 1806/1665/1663
f 124/2108/2105 123/2113/2110 1617/2109/2106
f 1617/2109/2106 123/2113/2110 1616/2114/2111
f 1617/2109/2106 1616/2114/2111 2034/2110/2107
f 2034/2110/2107 1616/2114/2111 2035/2115/2112
f 2034/2110/2107 2035/2115/2112 1958/2111/2108
f 1958/2111/2108 2035/2115/2112 1959/2116/2113
f 1958/2111/2108 1959/2116/2113 1882/2112/2109
f 1882/2112/2109 1959/2116/2113 1883/2117/2114
f 1882/2112/2109 1883/2117/2114 1806/1665/1663
f 1806/1665/1663 1883/2117/2114 1807/1663/1661
f 123/2113/2110 122/2118/2115 1616/2114/2111
f 1616/2114/2111 122/2118/2115 1615/2119/2116
f 1616/2114/2111 1615/2119/2116 2035/2115/2112
f 2035/2115/2112 1615/2119/2116 2036/2120/2117
f 2035/2115/2112 2036/2120/2117 1959/2116/2113
f 1959/2116/2113 2036/2120/2117 1960/2121/2118
f 1959/2116/2113 1960/2121/2118 1883/2117/2114
f 1883/2117/2114 1960/2121/2118 1884/2122/2119
f 1883/2117/2114 1884/2122/2119 1807/1663/1661
f 1807/1663/1661 1884/2122/2119 1808/1661/1659
f 122/2118/2115 121/2123/2120 1615/2119/2116
f 1615/2119/2116 121/2123/2120 1614/2124/2121
f 1615/2119/2116 1614/2124/2121 2036/2120/2117
f 2036/2120/2117 1614/2124/2121 2037/2125/2122
f 2036/2120/2117 2037/2125/2122 1960/2121/2118
f 1960/2121/2118 2037/2125/2122 1961/2126/2123
f 1960/2121/2118 1961/2126/2123 1884/2122/2119
f 1884/2122/2119 1961/2126/2123 1885/2127/2124
f 1884/2122/2119 1885/2127/2124 1808/1661/1659
f 1808/1661/1659 1885/2127/2124 1809/1659/1657
f 121/2123/2120 120/2128/2125 1614/2124/2121
f 1614/2124/2121 120/2128/2125 1613/2129/2126
f 1614/2124/2121 1613/2129/2126 2037/2125/2122
f 2037/2125/2122 1613/2129/2126 2038/2130/2127
f 2037/2125/2122 2038/2130/2127 1961/2126/2123
f 1961/2126/2123 2038/2130/2127 1962/2131/2128
f 1961/2126/2123 1962/2131/2128 1885/2127/2124
f 1885/2127/2124 1962/2131/2128 1886/2132/2129
f 1885/2127/2124 1886/2132/2129 1809/1659/1657
f 1809/1659/1657 1886/2132/2129 1810/1657/1655
f 120/2128/2125 119/2133/2130 1613/2129/2126
f 1613/2129/2126 119/2133/2130 1612/2134/2131
f 1613/2129/2126 1612/2134/2131 2038/2130/2127
f 2038/2130/2127 1612/2134/2131 2039/2135/2132
f 2038/2130/2127 2039/2135/2132 1962/2131/2128
f 1962/2131/2128 2039/2135/2132 1963/2136/2133
f 1962/2131/2128 1963/2136/2133 1886/2132/2129
f 1886/2132/2129 1963/2136/2133 1887/2137/2134
f 1886/2132/2129 1887/2137/2134 1810/1657/1655
f 1810/1657/1655 1887/2137/2134 1811/1655/1653
f 119/2133/2130 118/2138/2135 1612/2134/2131
f 1612/2134/2131 118/2138/2135 1611/2139/2136
f 1612/2134/2131 1611/2139/2136 2039/2135/2132
f 2039/2135/2132 1611/2139/2136 2040/2140/2137
f 2039/2135/2132 2040/2140/2137 1963/2136/2133
f 1963/2136/2133 2040/2140/2137 1964/2141/2138
f 1963/2136/2133 1964/2141/2138 1887/2137/2134
f 1887/2137/2134 1964/2141/2138 1888/2142/2139
f 1887/2137/2134 1888/2142/2139 1811/1655/1653
f 1811/1655/1653 1888/2142/2139 1812/1653/1651
f 118/2138/2135 117/2143/2140 1611/2139/2136
f 1611/2139/2136 117/2143/2140 1610/2144/2141
f 1611/2139/2136 1610/2144/2141 2040/2140/2137
f 2040/2140/2137 1610/2144/2141 2041/2145/2142
f 2040/2140/2137 2041/2145/2142 1964/2141/2138
f 1964/2141/2138 2041/2145/2142 1965/2146/2143
f 1964/2141/2138 1965/2146/2143 1888/2142/2139
f 1888/2142/2139 1965/2146/2143 1889/2147/2144
f 1888/2142/2139 1889/2147/2144 1812/1653/1651
f 1812/1653/1651 1889/2147/2144 1813/1651/1649
f 117/2143/2140 116/2148/2145 1610/2144/2141
f 1610/2144/2141 116/2148/2145 1609/2149/2146
f 1610/2144/2141 1609/2149/2146 2041/2145/2142
f 2041/2145/2142 1609/2149/2146 2042/2150/2147
f 2041/2145/2142 2042/2150/2147 1965/2146/2143
f 1965/2146/2143 2042/2150/2147 1966/2151/2148
f 1965/2146/2143 1966/2151/2148 1889/2147/2144
f 1889/2147/2144 1966/2151/2148 1890/2152/2149
f 1889/2147/2144 1890/2152/2149 1813/1651/1649
f 1813/1651/1649 1890/2152/2149 1814/1649/1647
f 1609/2149/2146 116/2148/2145 1608/2153/2150
f 1608/2153/2150 116/2148/2145 115/2154/2151
f 1608/2153/2150 115/2154/2151 1607/2155/2152
f 1607/2155/2152 115/2154/2151 114/2156/2153
f 1607/2155/2152 114/2156/2153 1606/2157/2154
f 1606/2157/2154 114/2156/2153 113/2158/2155
f 1606/2157/2154 113/2158/2155 1605/2159/2156
f 1605/2159/2156 113/2158/2155 112/2160/2157
f 1605/2159/2156 112/2160/2157 1604/2161/2158
f 1604/2161/2158 112/2160/2157 111/2162/2159
f 1604/2161/2158 111/2162/2159 1603/2163/2160
f 1603/2163/2160 111/2162/2159 110/2164/2161
f 1603/2163/2160 110/2164/2161 1602/2165/2162
f 1602/2165/2162 110/2164/2161 109/2166/2163
f 1602/2165/2162 109/2166/2163 1601/2167/2164
f 1601/2167/2164 109/2166/2163 108/2168/2165
f 1601/2167/2164 108/2168/2165 1600/2169/2166
f 1600/2169/2166 108/2168/2165 107/2170/2167
f 1600/2169/2166 107/2170/2167 1599/2171/2168
f 1599/2171/2168 107/2170/2167 1598/2172/2169
f 1599/2171/2168 1598/2172/2169 2052/2173/2170
f 2052/2173/2170 1598/2172/2169 2053/2174/2171
f 2052/2173/2170 2053/2174/2171 1976/2175/2172
f 1976/2175/2172 2053/2174/2171 1977/2176/2173
f 1976/2175/2172 1977/2176/2173 1900/2177/2174
f 1900/2177/2174 1977/2176/2173 1901/2178/2175
f 1900/2177/2174 1901/2178/2175 1824/1629/1627
f 1824/1629/1627 1901/2178/2175 1825/1627/1625
f 107/2170/2167 106/2179/2176 1598/2172/2169
f 1598/2172/2169 106/2179/2176 1597/2180/2177
f 1598/2172/2169 1597/2180/2177 2053/2174/2171
f 2053/2174/2171 1597/2180/2177 1516/2181/2178
f 2053/2174/2171 1516/2181/2178 1977/2176/2173
f 1977/2176/2173 1516/2181/2178 1978/2182/2179
f 1977/2176/2173 1978/2182/2179 1901/2178/2175
f 1901/2178/2175 1978/2182/2179 1750/2183/2180
f 1901/2178/2175 1750/2183/2180 1825/1627/1625
f 1825/1627/1625 1750/2183/2180 1826/1625/1623
f 106/2179/2176 105/2184/1955 1597/2180/2177
f 1597/2180/2177 105/2184/1955 1516/2181/2178
f 105/2184/1955 1445/1623/1621 1516/2181/2178
f 1516/2181/2178 1445/1623/1621 1978/2182/2179
f 1826/1625/1623 1750/2183/2180 1445/1623/1621
f 1445/1623/1621 1750/2183/2180 1978/2182/2179
f 1828/1962/1959 1517/1987/1984 1827/1960/1957
f 1827/1960/1957 1517/1987/1984 1445/1958/1621
f 1675/1983/1980 1520/1982/1979 1519/1985/1982
f 1526/1930/1928 1525/1932/1930 1681/2185/2181
f 1681/2185/2181 1525/1932/1930 1680/1934/1932
f 1681/2185/2181 1680/1934/1932 1757/2186/2182
f 1757/2186/2182 1680/1934/1932 1756/1936/1934
f 1757/2186/2182 1756/1936/1934 1834/2187/2183
f 1834/2187/2183 1756/1936/1934 1833/1938/1936
f 1834/2187/2183 1833/1938/1936 1909/2188/2184
f 1909/2188/2184 1833/1938/1936 1908/1940/1938
f 1909/2188/2184 1908/1940/1938 1985/2189/2185
f 1985/2189/2185 1908/1940/1938 1984/1942/1940
f 1985/2189/2185 1984/1942/1940 1666/1988/1985
f 1666/1988/1985 1984/1942/1940 1667/1944/1942
f 1527/1928/1926 1526/1930/1928 1682/2190/2186
f 1682/2190/2186 1526/1930/1928 1681/2185/2181
f 1682/2190/2186 1681/2185/2181 1758/2191/2187
f 1758/2191/2187 1681/2185/2181 1757/2186/2182
f 1758/2191/2187 1757/2186/2182 1835/2192/2188
f 1835/2192/2188 1757/2186/2182 1834/2187/2183
f 1835/2192/2188 1834/2187/2183 1910/2193/2189
f 1910/2193/2189 1834/2187/2183 1909/2188/2184
f 1910/2193/2189 1909/2188/2184 1986/2194/2190
f 1986/2194/2190 1909/2188/2184 1985/2189/2185
f 1986/2194/2190 1985/2189/2185 1665/1990/1987
f 1665/1990/1987 1985/2189/2185 1666/1988/1985
f 1528/1926/1924 1527/1928/1926 1683/2195/2191
f 1683/2195/2191 1527/1928/1926 1682/2190/2186
f 1683/2195/2191 1682/2190/2186 1759/2196/2192
f 1759/2196/2192 1682/2190/2186 1758/2191/2187
f 1759/2196/2192 1758/2191/2187 1836/2197/2193
f 1836/2197/2193 1758/2191/2187 1835/2192/2188
f 1836/2197/2193 1835/2192/2188 1911/2198/2194
f 1911/2198/2194 1835/2192/2188 1910/2193/2189
f 1911/2198/2194 1910/2193/2189 1987/2199/2195
f 1987/2199/2195 1910/2193/2189 1986/2194/2190
f 1987/2199/2195 1986/2194/2190 1664/1992/1989
f 1664/1992/1989 1986/2194/2190 1665/1990/1987
f 1529/1923/1921 1528/1926/1924 1684/2200/2196
f 1684/2200/2196 1528/1926/1924 1683/2195/2191
f 1684/2200/2196 1683/2195/2191 1760/2201/2197
f 1760/2201/2197 1683/2195/2191 1759/2196/2192
f 1760/2201/2197 1759/2196/2192 1837/2202/2198
f 1837/2202/2198 1759/2196/2192 1836/2197/2193
f 1837/2202/2198 1836/2197/2193 1912/2203/2199
f 1912/2203/2199 1836/2197/2193 1911/2198/2194
f 1912/2203/2199 1911/2198/2194 1988/2204/2200
f 1988/2204/2200 1911/2198/2194 1987/2199/2195
f 1988/2204/2200 1987/2199/2195 1663/1994/1991
f 1663/1994/1991 1987/2199/2195 1664/1992/1989
f 1530/1921/1919 1529/1923/1921 1685/2205/2201
f 1685/2205/2201 1529/1923/1921 1684/2200/2196
f 1685/2205/2201 1684/2200/2196 1761/2206/2202
f 1761/2206/2202 1684/2200/2196 1760/2201/2197
f 1761/2206/2202 1760/2201/2197 1838/2207/2203
f 1838/2207/2203 1760/2201/2197 1837/2202/2198
f 1838/2207/2203 1837/2202/2198 1913/2208/2204
f 1913/2208/2204 1837/2202/2198 1912/2203/2199
f 1913/2208/2204 1912/2203/2199 1989/2209/2205
f 1989/2209/2205 1912/2203/2199 1988/2204/2200
f 1989/2209/2205 1988/2204/2200 1662/1997/1994
f 1662/1997/1994 1988/2204/2200 1663/1994/1991
f 1531/1919/1917 1530/1921/1919 1686/2210/2206
f 1686/2210/2206 1530/1921/1919 1685/2205/2201
f 1686/2210/2206 1685/2205/2201 1762/2211/2207
f 1762/2211/2207 1685/2205/2201 1761/2206/2202
f 1762/2211/2207 1761/2206/2202 1839/2212/2208
f 1839/2212/2208 1761/2206/2202 1838/2207/2203
f 1839/2212/2208 1838/2207/2203 1914/2213/2209
f 1914/2213/2209 1838/2207/2203 1913/2208/2204
f 1914/2213/2209 1913/2208/2204 1990/2214/2210
f 1990/2214/2210 1913/2208/2204 1989/2209/2205
f 1990/2214/2210 1989/2209/2205 1661/1999/1996
f 1661/1999/1996 1989/2209/2205 1662/1997/1994
f 1532/1875/1873 1531/1919/1917 1687/2215/2211
f 1687/2215/2211 1531/1919/1917 1686/2210/2206
f 1687/2215/2211 1686/2210/2206 1763/2216/2212
f 1763/2216/2212 1686/2210/2206 1762/2211/2207
f 1763/2216/2212 1762/2211/2207 1840/2217/2213
f 1840/2217/2213 1762/2211/2207 1839/2212/2208
f 1840/2217/2213 1839/2212/2208 1915/2218/2214
f 1915/2218/2214 1839/2212/2208 1914/2213/2209
f 1915/2218/2214 1914/2213/2209 1991/2219/2215
f 1991/2219/2215 1914/2213/2209 1990/2214/2210
f 1991/2219/2215 1990/2214/2210 1660/2001/1998
f 1660/2001/1998 1990/2214/2210 1661/1999/1996
f 1533/1874/1872 1689/1872/1870 1534/1918/1916
f 1534/1918/1916 1689/1872/1870 1690/2220/2216
f 1534/1918/1916 1690/2220/2216 1535/1916/1914
f 1535/1916/1914 1690/2220/2216 1691/2221/2217
f 1535/1916/1914 1691/2221/2217 1536/1914/1912
f 1536/1914/1912 1691/2221/2217 1692/1909/1907
f 1536/1914/1912 1692/1909/1907 1537/1908/1906
f 1696/1887/1885 1541/1886/1884 1540/1894/1892
f 1540/1894/1892 1539/1896/1894 1695/2222/2218
f 1695/2222/2218 1539/1896/1894 1694/1898/1896
f 1695/2222/2218 1694/1898/1896 1771/2223/2219
f 1771/2223/2219 1694/1898/1896 1770/1900/1898
f 1771/2223/2219 1770/1900/1898 1848/2224/2220
f 1848/2224/2220 1770/1900/1898 1847/1902/1900
f 1848/2224/2220 1847/1902/1900 1923/2225/2221
f 1923/2225/2221 1847/1902/1900 1922/1904/1902
f 1923/2225/2221 1922/1904/1902 1999/2226/2222
f 1999/2226/2222 1922/1904/1902 1998/1906/1904
f 1999/2226/2222 1998/1906/1904 1652/1860/1858
f 1652/1860/1858 1998/1906/1904 1653/1862/1860
f 1545/1837/1835 1544/1839/1837 1700/2227/2223
f 1700/2227/2223 1544/1839/1837 1699/1841/1839
f 1700/2227/2223 1699/1841/1839 1776/2041/2038
f 1546/1729/1727 1545/1837/1835 1701/2228/2224
f 1701/2228/2224 1545/1837/1835 1700/2227/2223
f 1701/2228/2224 1700/2227/2223 1777/2229/2225
f 1777/2229/2225 1700/2227/2223 1776/2041/2038
f 1777/2229/2225 1776/2041/2038 1854/2039/2036
f 1703/1726/1724 1548/1834/1832 1547/1728/1726
f 1706/1815/1813 1551/1828/1826 1550/1831/1829
f 1704/1819/1817 1705/1817/1815 1549/1833/1831
f 1549/1833/1831 1705/1817/1815 1550/1831/1829
f 1705/1817/1815 1706/1815/1813 1550/1831/1829
f 1708/1811/1809 1709/1809/1807 1553/1825/1823
f 1553/1825/1823 1709/1809/1807 1554/1823/1821
f 1709/1809/1807 1710/1807/1805 1554/1823/1821
f 1554/1823/1821 1710/1807/1805 1555/1821/1819
f 1710/1807/1805 1711/1805/1803 1555/1821/1819
f 1555/1821/1819 1711/1805/1803 1556/1822/1820
f 1481/1700/1698 1559/1698/1696 1558/1800/1798
f 1711/1805/1803 1712/1803/1801 1556/1822/1820
f 1715/1694/1692 1716/1692/1690 1561/1798/1796
f 1561/1798/1796 1716/1692/1690 1562/1796/1794
f 1716/1692/1690 1717/1690/1688 1562/1796/1794
f 1562/1796/1794 1717/1690/1688 1563/1794/1792
f 1717/1690/1688 1718/1688/1686 1563/1794/1792
f 1563/1794/1792 1718/1688/1686 1564/1792/1790
f 1718/1688/1686 1719/1686/1684 1564/1792/1790
f 1564/1792/1790 1719/1686/1684 1565/1790/1788
f 1719/1686/1684 1720/1684/1682 1565/1790/1788
f 1565/1790/1788 1720/1684/1682 1566/1788/1786
f 1722/1680/1678 1568/1783/1781 1567/1786/1784
f 1720/1684/1682 1721/1682/1680 1566/1788/1786
f 1566/1788/1786 1721/1682/1680 1567/1786/1784
f 1721/1682/1680 1722/1680/1678 1567/1786/1784
f 1727/1670/1668 1728/1668/1666 1573/1774/1772
f 1573/1774/1772 1728/1668/1666 1574/1772/1770
f 1728/1668/1666 1729/1666/1664 1574/1772/1770
f 1574/1772/1770 1729/1666/1664 1575/1770/1768
f 1729/1666/1664 1730/1664/1662 1575/1770/1768
f 1575/1770/1768 1730/1664/1662 1576/1768/1766
f 1730/1664/1662 1731/1662/1660 1576/1768/1766
f 1576/1768/1766 1731/1662/1660 1577/1766/1764
f 1731/1662/1660 1732/1660/1658 1577/1766/1764
f 1577/1766/1764 1732/1660/1658 1578/1764/1762
f 1732/1660/1658 1733/1658/1656 1578/1764/1762
f 1578/1764/1762 1733/1658/1656 1579/1762/1760
f 1733/1658/1656 1734/1656/1654 1579/1762/1760
f 1579/1762/1760 1734/1656/1654 1580/1760/1758
f 1734/1656/1654 1735/1654/1652 1580/1760/1758
f 1580/1760/1758 1735/1654/1652 1581/1758/1756
f 1735/1654/1652 1736/1652/1650 1581/1758/1756
f 1581/1758/1756 1736/1652/1650 1582/1756/1754
f 1738/1648/1646 1584/1753/1751 1583/1754/1752
f 1736/1652/1650 1737/1650/1648 1582/1756/1754
f 1582/1756/1754 1737/1650/1648 1583/1754/1752
f 1737/1650/1648 1738/1648/1646 1583/1754/1752
f 1515/1624/1622 1596/1622/1620 1595/1732/1730
f 1748/1628/1626 1749/1626/1624 1594/1734/1732
f 1594/1734/1732 1749/1626/1624 1595/1732/1730
f 1749/1626/1624 1515/1624/1622 1595/1732/1730
f 1600/2169/2166 1599/2171/2168 2051/2230/2226
f 2051/2230/2226 1599/2171/2168 2052/2173/2170
f 2051/2230/2226 2052/2173/2170 1975/2231/2227
f 1975/2231/2227 2052/2173/2170 1976/2175/2172
f 1975/2231/2227 1976/2175/2172 1899/2232/2228
f 1899/2232/2228 1976/2175/2172 1900/2177/2174
f 1899/2232/2228 1900/2177/2174 1823/1631/1629
f 1823/1631/1629 1900/2177/2174 1824/1629/1627
f 1601/2167/2164 1600/2169/2166 2050/2233/2229
f 2050/2233/2229 1600/2169/2166 2051/2230/2226
f 2050/2233/2229 2051/2230/2226 1974/2234/2230
f 1974/2234/2230 2051/2230/2226 1975/2231/2227
f 1974/2234/2230 1975/2231/2227 1898/2235/2231
f 1898/2235/2231 1975/2231/2227 1899/2232/2228
f 1898/2235/2231 1899/2232/2228 1822/1633/1631
f 1822/1633/1631 1899/2232/2228 1823/1631/1629
f 1602/2165/2162 1601/2167/2164 2049/2236/2232
f 2049/2236/2232 1601/2167/2164 2050/2233/2229
f 2049/2236/2232 2050/2233/2229 1973/2237/2233
f 1973/2237/2233 2050/2233/2229 1974/2234/2230
f 1973/2237/2233 1974/2234/2230 1897/2238/2234
f 1897/2238/2234 1974/2234/2230 1898/2235/2231
f 1897/2238/2234 1898/2235/2231 1821/1635/1633
f 1821/1635/1633 1898/2235/2231 1822/1633/1631
f 1603/2163/2160 1602/2165/2162 2048/2239/2235
f 2048/2239/2235 1602/2165/2162 2049/2236/2232
f 2048/2239/2235 2049/2236/2232 1972/2240/2236
f 1972/2240/2236 2049/2236/2232 1973/2237/2233
f 1972/2240/2236 1973/2237/2233 1896/2241/2237
f 1896/2241/2237 1973/2237/2233 1897/2238/2234
f 1896/2241/2237 1897/2238/2234 1820/1637/1635
f 1820/1637/1635 1897/2238/2234 1821/1635/1633
f 1604/2161/2158 1603/2163/2160 2047/2242/2238
f 2047/2242/2238 1603/2163/2160 2048/2239/2235
f 2047/2242/2238 2048/2239/2235 1971/2243/2239
f 1971/2243/2239 2048/2239/2235 1972/2240/2236
f 1971/2243/2239 1972/2240/2236 1895/2244/2240
f 1895/2244/2240 1972/2240/2236 1896/2241/2237
f 1895/2244/2240 1896/2241/2237 1819/1639/1637
f 1819/1639/1637 1896/2241/2237 1820/1637/1635
f 1605/2159/2156 1604/2161/2158 2046/2245/2241
f 2046/2245/2241 1604/2161/2158 2047/2242/2238
f 2046/2245/2241 2047/2242/2238 1970/2246/2242
f 1970/2246/2242 2047/2242/2238 1971/2243/2239
f 1970/2246/2242 1971/2243/2239 1894/2247/2243
f 1894/2247/2243 1971/2243/2239 1895/2244/2240
f 1894/2247/2243 1895/2244/2240 1818/1641/1639
f 1818/1641/1639 1895/2244/2240 1819/1639/1637
f 1606/2157/2154 1605/2159/2156 2045/2248/2244
f 2045/2248/2244 1605/2159/2156 2046/2245/2241
f 2045/2248/2244 2046/2245/2241 1969/2249/2245
f 1969/2249/2245 2046/2245/2241 1970/2246/2242
f 1969/2249/2245 1970/2246/2242 1893/2250/2246
f 1893/2250/2246 1970/2246/2242 1894/2247/2243
f 1893/2250/2246 1894/2247/2243 1817/1643/1641
f 1817/1643/1641 1894/2247/2243 1818/1641/1639
f 1607/2155/2152 1606/2157/2154 2044/2251/2247
f 2044/2251/2247 1606/2157/2154 2045/2248/2244
f 2044/2251/2247 2045/2248/2244 1968/2252/2248
f 1968/2252/2248 2045/2248/2244 1969/2249/2245
f 1968/2252/2248 1969/2249/2245 1892/2253/2249
f 1892/2253/2249 1969/2249/2245 1893/2250/2246
f 1892/2253/2249 1893/2250/2246 1816/1645/1643
f 1816/1645/1643 1893/2250/2246 1817/1643/1641
f 2042/2150/2147 1609/2149/2146 1608/2153/2150
f 1608/2153/2150 1607/2155/2152 2043/2254/2250
f 2043/2254/2250 1607/2155/2152 2044/2251/2247
f 2043/2254/2250 2044/2251/2247 1967/2255/2251
f 1967/2255/2251 2044/2251/2247 1968/2252/2248
f 1967/2255/2251 1968/2252/2248 1891/2256/2252
f 1891/2256/2252 1968/2252/2248 1892/2253/2249
f 1891/2256/2252 1892/2253/2249 1815/1647/1645
f 1815/1647/1645 1892/2253/2249 1816/1645/1643
f 1621/2093/2090 1620/2095/2092 2030/2257/2253
f 2030/2257/2253 1620/2095/2092 2031/2097/2094
f 2030/2257/2253 2031/2097/2094 1954/2258/2254
f 1954/2258/2254 2031/2097/2094 1955/2099/2096
f 1954/2258/2254 1955/2099/2096 1878/2259/2255
f 1878/2259/2255 1955/2099/2096 1879/2101/2098
f 1878/2259/2255 1879/2101/2098 1802/1673/1671
f 1802/1673/1671 1879/2101/2098 1803/1671/1669
f 1622/2091/2088 1621/2093/2090 2029/2260/2256
f 2029/2260/2256 1621/2093/2090 2030/2257/2253
f 2029/2260/2256 2030/2257/2253 1953/2261/2257
f 1953/2261/2257 2030/2257/2253 1954/2258/2254
f 1953/2261/2257 1954/2258/2254 1877/2262/2258
f 1877/2262/2258 1954/2258/2254 1878/2259/2255
f 1877/2262/2258 1878/2259/2255 1801/1675/1673
f 1801/1675/1673 1878/2259/2255 1802/1673/1671
f 1623/2089/2086 1622/2091/2088 2028/2263/2259
f 2028/2263/2259 1622/2091/2088 2029/2260/2256
f 2028/2263/2259 2029/2260/2256 1952/2264/2260
f 1952/2264/2260 2029/2260/2256 1953/2261/2257
f 1952/2264/2260 1953/2261/2257 1876/2265/2261
f 1876/2265/2261 1953/2261/2257 1877/2262/2258
f 1876/2265/2261 1877/2262/2258 1800/1677/1675
f 1800/1677/1675 1877/2262/2258 1801/1675/1673
f 2026/2082/2079 1625/2081/2078 1624/2087/2084
f 1624/2087/2084 1623/2089/2086 2027/2266/2262
f 2027/2266/2262 1623/2089/2086 2028/2263/2259
f 2027/2266/2262 2028/2263/2259 1951/2267/2263
f 1951/2267/2263 2028/2263/2259 1952/2264/2260
f 1951/2267/2263 1952/2264/2260 1875/2268/2264
f 1875/2268/2264 1952/2264/2260 1876/2265/2261
f 1875/2268/2264 1876/2265/2261 1799/1679/1677
f 1799/1679/1677 1876/2265/2261 1800/1677/1675
f 2017/1705/1703 1634/1707/1705 1633/2045/2042
f 1633/2045/2042 1632/2047/2044 2018/2269/2265
f 2018/2269/2265 1632/2047/2044 2019/2049/2046
f 2018/2269/2265 2019/2049/2046 1942/2270/2266
f 1942/2270/2266 2019/2049/2046 1943/2051/2048
f 1942/2270/2266 1943/2051/2048 1866/2271/2267
f 1866/2271/2267 1943/2051/2048 1867/2053/2050
f 1866/2271/2267 1867/2053/2050 1790/1697/1695
f 1790/1697/1695 1867/2053/2050 1791/1695/1693
f 1636/1710/1708 1635/1708/1706 2015/2272/2268
f 2015/2272/2268 1635/1708/1706 2016/1706/1704
f 2015/2272/2268 2016/1706/1704 1939/2273/2269
f 1939/2273/2269 2016/1706/1704 1940/1704/1702
f 1939/2273/2269 1940/1704/1702 1864/2274/2270
f 1864/2274/2270 1940/1704/1702 1865/1702/1700
f 1864/2274/2270 1865/1702/1700 1787/1806/1804
f 1787/1806/1804 1865/1702/1700 1788/1804/1802
f 1637/1712/1710 1636/1710/1708 2014/2275/2271
f 2014/2275/2271 1636/1710/1708 2015/2272/2268
f 2014/2275/2271 2015/2272/2268 1938/2276/2272
f 1938/2276/2272 2015/2272/2268 1939/2273/2269
f 1938/2276/2272 1939/2273/2269 1863/2277/2273
f 1863/2277/2273 1939/2273/2269 1864/2274/2270
f 1863/2277/2273 1864/2274/2270 1786/1808/1806
f 1786/1808/1806 1864/2274/2270 1787/1806/1804
f 1638/1714/1712 1637/1712/1710 2013/2278/2274
f 2013/2278/2274 1637/1712/1710 2014/2275/2271
f 2013/2278/2274 2014/2275/2271 1937/2279/2275
f 1937/2279/2275 2014/2275/2271 1938/2276/2272
f 1937/2279/2275 1938/2276/2272 1862/2280/2276
f 1862/2280/2276 1938/2276/2272 1863/2277/2273
f 1862/2280/2276 1863/2277/2273 1785/1810/1808
f 1785/1810/1808 1863/2277/2273 1786/1808/1806
f 1639/1716/1714 1638/1714/1712 2012/2281/2277
f 2012/2281/2277 1638/1714/1712 2013/2278/2274
f 2012/2281/2277 2013/2278/2274 1936/2282/2278
f 1936/2282/2278 2013/2278/2274 1937/2279/2275
f 1936/2282/2278 1937/2279/2275 1861/2283/2279
f 1861/2283/2279 1937/2279/2275 1862/2280/2276
f 1861/2283/2279 1862/2280/2276 1784/1812/1810
f 1784/1812/1810 1862/2280/2276 1785/1810/1808
f 1640/1717/1715 2010/1719/1717 1641/2042/2039
f 1641/2042/2039 2010/1719/1717 2009/2284/2280
f 1641/2042/2039 2009/2284/2280 1642/2033/2030
f 1642/2033/2030 2009/2284/2280 2008/2285/2281
f 1642/2033/2030 2008/2285/2281 1643/2034/2031
f 1643/2034/2031 2008/2285/2281 2007/2035/2032
f 1644/2029/2026 2006/2036/2033 1645/2027/2024
f 1645/2027/2024 2006/2036/2033 2005/2286/2282
f 1645/2027/2024 2005/2286/2282 1646/2025/2022
f 1646/2025/2022 2005/2286/2282 2004/2287/2283
f 1646/2025/2022 2004/2287/2283 1647/2023/2020
f 1647/2023/2020 2004/2287/2283 2003/1849/1847
f 1647/2023/2020 2003/1849/1847 1648/1851/1849
f 1999/2226/2222 1652/1860/1858 1651/1857/1855
f 1999/2226/2222 1651/1857/1855 2000/1891/1889
f 1996/1865/1863 1655/2020/2017 1654/1863/1861
f 1991/2219/2215 1660/2001/1998 1659/2003/2000
f 1991/2219/2215 1659/2003/2000 1992/2005/2002
f 1669/1948/1946 1668/1945/1943 1982/2288/2284
f 1982/2288/2284 1668/1945/1943 1983/1943/1941
f 1982/2288/2284 1983/1943/1941 1906/1967/1964
f 1906/1967/1964 1983/1943/1941 1907/1941/1939
f 1670/1950/1948 1669/1948/1946 1981/2289/2285
f 1981/2289/2285 1669/1948/1946 1982/2288/2284
f 1981/2289/2285 1982/2288/2284 1905/1965/1962
f 1905/1965/1962 1982/2288/2284 1906/1967/1964
f 1671/1952/1950 1670/1950/1948 1980/2290/2286
f 1980/2290/2286 1670/1950/1948 1981/2289/2285
f 1980/2290/2286 1981/2289/2285 1904/1963/1960
f 1904/1963/1960 1981/2289/2285 1905/1965/1962
f 1672/1954/1952 1671/1952/1950 1979/2291/2287
f 1979/2291/2287 1671/1952/1950 1980/2290/2286
f 1979/2291/2287 1980/2290/2286 1903/1961/1958
f 1903/1961/1958 1980/2290/2286 1904/1963/1960
f 1751/1984/1981 1675/1983/1980 1674/1986/1983
f 1674/1986/1983 1675/1983/1980 1519/1985/1982
f 1764/2011/2008 1688/1873/1871 1687/2215/2211
f 1687/2215/2211 1688/1873/1871 1532/1875/1873
f 1764/2011/2008 1687/2215/2211 1763/2216/2212
f 1689/1872/1870 1766/1870/1868 1690/2220/2216
f 1690/2220/2216 1766/1870/1868 1767/2292/2288
f 1690/2220/2216 1767/2292/2288 1691/2221/2217
f 1691/2221/2217 1767/2292/2288 1768/1910/1908
f 1691/2221/2217 1768/1910/1908 1692/1909/1907
f 1772/1888/1886 1696/1887/1885 1695/2222/2218
f 1695/2222/2218 1696/1887/1885 1540/1894/1892
f 1772/1888/1886 1695/2222/2218 1771/2223/2219
f 1546/1729/1727 1701/2228/2224 1702/1727/1725
f 1702/1727/1725 1701/2228/2224 1778/2293/2289
f 1702/1727/1725 1778/2293/2289 1779/1725/1723
f 1779/1725/1723 1778/2293/2289 1856/2294/2290
f 1779/1725/1723 1856/2294/2290 1857/1723/1721
f 1857/1723/1721 1856/2294/2290 1932/2295/2291
f 1857/1723/1721 1932/2295/2291 1933/1721/1719
f 1933/1721/1719 1932/2295/2291 2009/2284/2280
f 1933/1721/1719 2009/2284/2280 2010/1719/1717
f 1778/2293/2289 1701/2228/2224 1777/2229/2225
f 1841/2009/2006 1764/2011/2008 1763/2216/2212
f 1841/2009/2006 1763/2216/2212 1840/2217/2213
f 1845/1911/1909 1768/1910/1908 1767/2292/2288
f 1845/1911/1909 1767/2292/2288 1844/1868/1866
f 1844/1868/1866 1767/2292/2288 1766/1870/1868
f 1849/1889/1887 1772/1888/1886 1771/2223/2219
f 1849/1889/1887 1771/2223/2219 1848/2224/2220
f 1853/2040/2037 1775/1843/1841 1852/1845/1843
f 1778/2293/2289 1777/2229/2225 1855/2296/2292
f 1855/2296/2292 1777/2229/2225 1854/2039/2036
f 1855/2296/2292 1854/2039/2036 1930/2037/2034
f 1780/1724/1722 1858/1722/1720 1781/1818/1816
f 1781/1818/1816 1858/1722/1720 1859/2297/2293
f 1781/1818/1816 1859/2297/2293 1782/1816/1814
f 1782/1816/1814 1859/2297/2293 1860/2298/2294
f 1782/1816/1814 1860/2298/2294 1783/1814/1812
f 1783/1814/1812 1860/2298/2294 1861/2283/2279
f 1783/1814/1812 1861/2283/2279 1784/1812/1810
f 1481/1700/1698 1788/1804/1802 1865/1702/1700
f 1866/2271/2267 1790/1697/1695 1713/1699/1697
f 1875/2268/2264 1799/1679/1677 1798/1681/1679
f 1875/2268/2264 1798/1681/1679 1874/2084/2081
f 1891/2256/2252 1815/1647/1645 1814/1649/1647
f 1891/2256/2252 1814/1649/1647 1890/2152/2149
f 1916/2007/2004 1841/2009/2006 1840/2217/2213
f 1916/2007/2004 1840/2217/2213 1915/2218/2214
f 1920/1866/1864 1845/1911/1909 1844/1868/1866
f 1924/1890/1888 1849/1889/1887 1848/2224/2220
f 1924/1890/1888 1848/2224/2220 1923/2225/2221
f 1853/2040/2037 1852/1845/1843 1928/2299/2295
f 1928/2299/2295 1852/1845/1843 1927/1847/1845
f 1928/2299/2295 1927/1847/1845 2004/2287/2283
f 2004/2287/2283 1927/1847/1845 2003/1849/1847
f 1778/2293/2289 1855/2296/2292 1856/2294/2290
f 1856/2294/2290 1855/2296/2292 1931/2300/2296
f 1856/2294/2290 1931/2300/2296 1932/2295/2291
f 1932/2295/2291 1931/2300/2296 2008/2285/2281
f 1932/2295/2291 2008/2285/2281 2009/2284/2280
f 1931/2300/2296 1855/2296/2292 1930/2037/2034
f 1858/1722/1720 1934/1720/1718 1859/2297/2293
f 1859/2297/2293 1934/1720/1718 1935/2301/2297
f 1859/2297/2293 1935/2301/2297 1860/2298/2294
f 1860/2298/2294 1935/2301/2297 1936/2282/2278
f 1860/2298/2294 1936/2282/2278 1861/2283/2279
f 1942/2270/2266 1866/2271/2267 1789/1701/1699
f 1789/1701/1699 1866/2271/2267 1713/1699/1697
f 1942/2270/2266 1789/1701/1699 1941/1703/1701
f 1951/2267/2263 1875/2268/2264 1874/2084/2081
f 1951/2267/2263 1874/2084/2081 1950/2083/2080
f 1967/2255/2251 1891/2256/2252 1890/2152/2149
f 1967/2255/2251 1890/2152/2149 1966/2151/2148
f 1979/2291/2287 1903/1961/1958 1902/1959/1956
f 1992/2005/2002 1916/2007/2004 1915/2218/2214
f 1992/2005/2002 1915/2218/2214 1991/2219/2215
f 2000/1891/1889 1924/1890/1888 1923/2225/2221
f 2000/1891/1889 1923/2225/2221 1999/2226/2222
f 1853/2040/2037 1928/2299/2295 1929/2038/2035
f 1929/2038/2035 1928/2299/2295 2005/2286/2282
f 1929/2038/2035 2005/2286/2282 2006/2036/2033
f 2005/2286/2282 1928/2299/2295 2004/2287/2283
f 2008/2285/2281 1931/2300/2296 2007/2035/2032
f 2007/2035/2032 1931/2300/2296 1930/2037/2034
f 2012/2281/2277 1936/2282/2278 1935/2301/2297
f 2012/2281/2277 1935/2301/2297 2011/1718/1716
f 2011/1718/1716 1935/2301/2297 1934/1720/1718
f 2018/2269/2265 1942/2270/2266 1941/1703/1701
f 2018/2269/2265 1941/1703/1701 2017/1705/1703
f 2027/2266/2262 1951/2267/2263 1950/2083/2080
f 2027/2266/2262 1950/2083/2080 2026/2082/2079
f 2043/2254/2250 1967/2255/2251 1966/2151/2148
f 2043/2254/2250 1966/2151/2148 2042/2150/2147
f 1672/1954/1952 1979/2291/2287 1518/1956/1954
f 1518/1956/1954 1979/2291/2287 1902/1959/1956
f 1639/1716/1714 2012/2281/2277 2011/1718/1716
f 1633/2045/2042 2018/2269/2265 2017/1705/1703
f 1624/2087/2084 2027/2266/2262 2026/2082/2079
f 1608/2153/2150 2043/2254/2250 2042/2150/2147
# 2053 vertices
# 2301 texture params
# 2297 normals
# 4102 facets

# 1 groups
