{
  "unit": {
    "mass": "kg",
    "length": "m"
  },
  "mass": 0.3,
  "com": [
    0.0104583,
    -0.0994971,
    0.0350663
  ],
  "inertia": {
    "ixx": 0.0001144,
    "ixy": 0.0000017,
    "ixz": -0.0,
    "iyy": 0.0000652,
    "iyz": 0.0,
    "izz": 0.0001696
  }
}
